ATP,Location,Tournament,Date,Series,Court,Surface,Round,Best of,Winner,Loser,WRank,LRank,WPts,LPts,W1,L1,W2,L2,W3,L3,W4,L4,W5,L5,Wsets,Lsets,Comment,B365W,B365L,PSW,PSL,MaxW,MaxL,AvgW,AvgL,BFEW,BFEL,winner_canonical,loser_canonical,winner_id,loser_id
1,Brisbane,Brisbane International,12/29/2024,ATP250,Outdoor,Hard,1st Round,3,Vukic A.,Goffin D.,68,52.0,778,1037.0,6.0,2.0,6.0,3.0,,,,,,,2.0,0.0,Completed,2,1.8,2.08,1.83,2.14,1.83,2.03,1.78,,,vukic a.,goffin d.,atp_84,atp_179
1,Brisbane,Brisbane International,12/30/2024,ATP250,Outdoor,Hard,1st Round,3,Michelsen A.,O Connell C.,41,64.0,1245,795.0,6.0,4.0,4.0,6.0,7.0,6.0,,,,,2.0,1.0,Completed,1.44,2.75,1.48,2.85,1.48,2.9,1.43,2.74,,,michelsen a.,oconnell c.,atp_35,atp_128
1,Brisbane,Brisbane International,12/30/2024,ATP250,Outdoor,Hard,1st Round,3,Bonzi B.,Tabilo A.,75,23.0,730,1943.0,6.0,7.0,7.0,6.0,6.0,4.0,,,,,2.0,1.0,Completed,1.67,2.2,1.73,2.22,1.73,2.25,1.67,2.18,,,bonzi b.,tabilo a.,atp_103,atp_39
1,Brisbane,Brisbane International,12/30/2024,ATP250,Outdoor,Hard,1st Round,3,Nishioka Y.,Rinderknech A.,69,59.0,776,927.0,6.0,3.0,6.0,4.0,,,,,,,2.0,0.0,Completed,1.53,2.5,1.64,2.39,1.65,2.5,1.59,2.36,,,nishioka y.,rinderknech a.,atp_173,atp_27
1,Brisbane,Brisbane International,12/30/2024,ATP250,Outdoor,Hard,1st Round,3,Thompson J.,Berrettini M.,26,34.0,1745,1380.0,3.0,6.0,6.0,3.0,6.0,4.0,,,,,2.0,1.0,Completed,2.63,1.5,2.47,1.6,2.63,1.6,2.48,1.54,,,thompson j.,berrettini m.,atp_131,atp_91
1,Brisbane,Brisbane International,12/30/2024,ATP250,Outdoor,Hard,1st Round,3,Jarry N.,Navone M.,35,47.0,1370,1148.0,7.0,5.0,7.0,6.0,,,,,,,2.0,0.0,Completed,1.36,3.2,1.4,3.16,1.4,3.3,1.36,3.13,,,jarry n.,navone m.,atp_154,atp_60
1,Brisbane,Brisbane International,12/30/2024,ATP250,Outdoor,Hard,1st Round,3,Dimitrov G.,Hanfmann Y.,10,96.0,3350,627.0,7.0,6.0,6.0,3.0,,,,,,,2.0,0.0,Completed,1.14,5.5,1.15,6.43,1.17,6.43,1.14,5.58,,,dimitrov g.,hanfmann y.,atp_93,atp_61
1,Brisbane,Brisbane International,12/30/2024,ATP250,Outdoor,Hard,1st Round,3,Lehecka J.,Rune H.,28,13.0,1660,3025.0,7.0,5.0,6.0,3.0,,,,,,,2.0,0.0,Completed,2.5,1.53,2.55,1.57,2.55,1.57,2.44,1.54,,,lehecka j.,rune h.,atp_14,atp_29
1,Brisbane,Brisbane International,12/31/2024,ATP250,Outdoor,Hard,1st Round,3,Opelka R.,Gomez F.,293,137.0,176,442.0,7.0,5.0,6.0,4.0,,,,,,,2.0,0.0,Completed,1.5,2.63,1.54,2.62,1.54,2.75,1.5,2.57,,,opelka r.,gomez f.,atp_64,
1,Brisbane,Brisbane International,12/31/2024,ATP250,Outdoor,Hard,1st Round,3,Arnaldi M.,Popyrin A.,37,24.0,1345,1865.0,6.0,3.0,6.0,2.0,,,,,,,2.0,0.0,Completed,2.5,1.53,2.46,1.61,2.51,1.61,2.41,1.56,,,arnaldi m.,popyrin a.,atp_107,atp_45
1,Brisbane,Brisbane International,12/31/2024,ATP250,Outdoor,Hard,1st Round,3,Tiafoe F.,Walton A.,18,93.0,2585,636.0,7.0,6.0,6.0,3.0,,,,,,,2.0,0.0,Completed,1.22,4.33,1.29,3.93,1.29,4.33,1.24,3.93,,,tiafoe f.,walton a.,atp_18,atp_105
1,Brisbane,Brisbane International,12/31/2024,ATP250,Outdoor,Hard,1st Round,3,Mensik J.,Kukushkin M.,48,113.0,1136,542.0,7.0,6.0,6.0,4.0,,,,,,,2.0,0.0,Completed,1.29,3.75,1.31,3.77,1.33,3.77,1.29,3.54,,,mensik j.,kukushkin m.,atp_26,atp_279
1,Brisbane,Brisbane International,12/31/2024,ATP250,Outdoor,Hard,1st Round,3,Lajovic D.,Cazaux A.,81,63.0,710,807.0,6.0,4.0,6.0,4.0,,,,,,,2.0,0.0,Completed,,,,,1.27,3.7,1.27,3.7,,,lajovic d.,cazaux a.,atp_132,atp_68
1,Brisbane,Brisbane International,12/31/2024,ATP250,Outdoor,Hard,1st Round,3,Mpetshi G.,Kyrgios N.,31,,1561,,7.0,6.0,6.0,7.0,7.0,6.0,,,,,2.0,1.0,Completed,1.91,1.91,1.96,1.93,2.0,1.97,1.89,1.89,,,mpetshi perricard g.,kyrgios n.,atp_57,
1,Brisbane,Brisbane International,12/31/2024,ATP250,Outdoor,Hard,1st Round,3,Monfils G.,Basavareddy N.,55,138.0,1005,440.0,6.0,4.0,4.0,6.0,6.0,1.0,,,,,2.0,1.0,Completed,1.62,2.3,1.72,2.23,1.74,2.3,1.67,2.16,,,monfils g.,basavareddy n.,atp_203,atp_193
1,Brisbane,Brisbane International,12/31/2024,ATP250,Outdoor,Hard,1st Round,3,Djokovic N.,Hijikata R.,7,73.0,3910,746.0,6.0,3.0,6.0,3.0,,,,,,,2.0,0.0,Completed,1.04,13.0,1.05,13.89,1.06,13.89,1.04,10.93,,,djokovic n.,hijikata r.,atp_4,atp_102
1,Brisbane,Brisbane International,1/1/2025,ATP250,Outdoor,Hard,2nd Round,3,Lehecka J.,Nishioka Y.,28,69.0,1660,776.0,6.0,2.0,6.0,7.0,6.0,4.0,,,,,2.0,1.0,Completed,1.36,3.2,1.44,3.01,1.44,3.2,1.4,2.92,,,lehecka j.,nishioka y.,atp_14,atp_173
1,Brisbane,Brisbane International,1/1/2025,ATP250,Outdoor,Hard,2nd Round,3,Jarry N.,Bonzi B.,35,75.0,1370,730.0,6.0,2.0,6.0,3.0,,,,,,,2.0,0.0,Completed,2.63,1.5,2.61,1.56,2.63,1.57,2.52,1.52,,,jarry n.,bonzi b.,atp_154,atp_103
1,Brisbane,Brisbane International,1/1/2025,ATP250,Outdoor,Hard,2nd Round,3,Dimitrov G.,Vukic A.,10,68.0,3350,778.0,6.0,2.0,7.0,6.0,,,,,,,2.0,0.0,Completed,1.2,4.5,1.21,5.06,1.22,5.06,1.2,4.42,,,dimitrov g.,vukic a.,atp_93,atp_84
1,Brisbane,Brisbane International,1/1/2025,ATP250,Outdoor,Hard,2nd Round,3,Thompson J.,Michelsen A.,26,41.0,1745,1245.0,7.0,5.0,6.0,3.0,,,,,,,2.0,0.0,Completed,1.67,2.2,1.8,2.13,1.8,2.33,1.68,2.16,,,thompson j.,michelsen a.,atp_131,atp_35
1,Brisbane,Brisbane International,1/2/2025,ATP250,Outdoor,Hard,2nd Round,3,Mensik J.,Lajovic D.,48,81.0,1136,710.0,6.0,3.0,6.0,2.0,,,,,,,2.0,0.0,Completed,1.25,4.0,1.28,4.15,1.28,4.15,1.25,3.87,,,mensik j.,lajovic d.,atp_26,atp_132
1,Brisbane,Brisbane International,1/2/2025,ATP250,Outdoor,Hard,2nd Round,3,Opelka R.,Arnaldi M.,293,37.0,176,1345.0,7.0,6.0,7.0,6.0,,,,,,,2.0,0.0,Completed,2.5,1.53,2.55,1.58,2.67,1.62,2.46,1.54,,,opelka r.,arnaldi m.,atp_64,atp_107
1,Brisbane,Brisbane International,1/2/2025,ATP250,Outdoor,Hard,2nd Round,3,Mpetshi G.,Tiafoe F.,31,18.0,1561,2585.0,6.0,4.0,7.0,6.0,,,,,,,2.0,0.0,Completed,2,1.8,2.2,1.76,2.2,1.8,2.11,1.72,,,mpetshi perricard g.,tiafoe f.,atp_57,atp_18
1,Brisbane,Brisbane International,1/2/2025,ATP250,Outdoor,Hard,2nd Round,3,Djokovic N.,Monfils G.,7,55.0,3910,1005.0,6.0,3.0,6.0,3.0,,,,,,,2.0,0.0,Completed,1.06,10.0,1.09,9.51,1.09,10.0,1.07,8.22,,,djokovic n.,monfils g.,atp_4,atp_203
1,Brisbane,Brisbane International,1/3/2025,ATP250,Outdoor,Hard,Quarterfinals,3,Lehecka J.,Jarry N.,28,35.0,1660,1370.0,6.0,4.0,6.0,4.0,,,,,,,2.0,0.0,Completed,1.36,3.2,1.44,3.03,1.44,3.2,1.39,3.0,,,lehecka j.,jarry n.,atp_14,atp_154
1,Brisbane,Brisbane International,1/3/2025,ATP250,Outdoor,Hard,Quarterfinals,3,Dimitrov G.,Thompson J.,10,26.0,3350,1745.0,6.0,1.0,2.0,1.0,,,,,,,1.0,0.0,Retired,1.3,3.5,1.36,3.49,1.36,3.53,1.33,3.3,,,dimitrov g.,thompson j.,atp_93,atp_131
1,Brisbane,Brisbane International,1/3/2025,ATP250,Outdoor,Hard,Quarterfinals,3,Mpetshi G.,Mensik J.,31,48.0,1561,1136.0,7.0,5.0,7.0,6.0,,,,,,,2.0,0.0,Completed,1.73,2.1,1.88,2.03,1.88,2.18,1.78,2.02,,,mpetshi perricard g.,mensik j.,atp_57,atp_26
1,Brisbane,Brisbane International,1/3/2025,ATP250,Outdoor,Hard,Quarterfinals,3,Opelka R.,Djokovic N.,293,7.0,176,3910.0,7.0,6.0,6.0,3.0,,,,,,,2.0,0.0,Completed,11,1.05,12.64,1.06,12.64,1.06,9.96,1.05,,,opelka r.,djokovic n.,atp_64,atp_4
1,Brisbane,Brisbane International,1/4/2025,ATP250,Outdoor,Hard,Semifinals,3,Lehecka J.,Dimitrov G.,28,10.0,1660,3350.0,6.0,4.0,4.0,4.0,,,,,,,1.0,0.0,Retired,2.63,1.5,2.62,1.56,2.63,1.57,2.52,1.52,,,lehecka j.,dimitrov g.,atp_14,atp_93
1,Brisbane,Brisbane International,1/4/2025,ATP250,Outdoor,Hard,Semifinals,3,Opelka R.,Mpetshi G.,293,31.0,176,1561.0,6.0,3.0,7.0,6.0,,,,,,,2.0,0.0,Completed,2.2,1.67,2.3,1.69,2.4,1.7,2.21,1.65,,,opelka r.,mpetshi perricard g.,atp_64,atp_57
1,Brisbane,Brisbane International,1/5/2025,ATP250,Outdoor,Hard,The Final,3,Lehecka J.,Opelka R.,28,293.0,1660,176.0,4.0,1.0,,,,,,,,,0.0,0.0,Retired,1.67,2.2,1.72,2.25,1.8,2.25,1.69,2.16,,,lehecka j.,opelka r.,atp_14,atp_64
2,Hong Kong,Hong Kong Tennis Open,12/30/2024,ATP250,Outdoor,Hard,1st Round,3,Kecmanovic M.,Darderi L.,54,44.0,1021,1198.0,6.0,3.0,6.0,3.0,,,,,,,2.0,0.0,Completed,1.3,3.5,1.37,3.36,1.37,3.53,1.32,3.27,,,kecmanovic m.,darderi l.,atp_58,atp_19
2,Hong Kong,Hong Kong Tennis Open,12/30/2024,ATP250,Outdoor,Hard,1st Round,3,Marozsan F.,Safiullin R.,58,60.0,935,923.0,6.0,1.0,7.0,6.0,,,,,,,2.0,0.0,Completed,2.63,1.5,2.44,1.61,2.63,1.61,2.54,1.53,,,marozsan f.,safiullin r.,atp_47,atp_229
2,Hong Kong,Hong Kong Tennis Open,12/30/2024,ATP250,Outdoor,Hard,1st Round,3,Sonego L.,Nakashima B.,53,38.0,1026,1335.0,7.0,6.0,6.0,3.0,,,,,,,2.0,0.0,Completed,2.38,1.57,2.6,1.55,2.6,1.59,2.43,1.54,,,sonego l.,nakashima b.,atp_63,atp_33
2,Hong Kong,Hong Kong Tennis Open,12/30/2024,ATP250,Outdoor,Hard,1st Round,3,Norrie C.,Tien L.,49,122.0,1119,493.0,6.0,3.0,7.0,5.0,,,,,,,2.0,0.0,Completed,1.67,2.2,1.68,2.31,1.74,2.32,1.63,2.22,,,norrie c.,tien l.,atp_24,atp_22
2,Hong Kong,Hong Kong Tennis Open,12/31/2024,ATP250,Outdoor,Hard,1st Round,3,Bergs Z.,Moro Canas A.,71,169.0,768,345.0,6.0,4.0,6.0,4.0,,,,,,,2.0,0.0,Completed,1.44,2.75,1.48,2.82,1.51,2.82,1.46,2.66,,,bergs z.,moro canas a.,atp_46,atp_234
2,Hong Kong,Hong Kong Tennis Open,12/31/2024,ATP250,Outdoor,Hard,1st Round,3,Muller A.,Huesler M.A.,67,159.0,778,376.0,2.0,6.0,6.0,4.0,6.0,3.0,,,,,2.0,1.0,Completed,2.2,1.67,2.43,1.62,2.43,1.68,2.25,1.62,,,muller a.,huesler m.,atp_94,
2,Hong Kong,Hong Kong Tennis Open,12/31/2024,ATP250,Outdoor,Hard,1st Round,3,Borges N.,Bu Y.,36,65.0,1355,784.0,3.0,6.0,6.0,3.0,7.0,6.0,,,,,2.0,1.0,Completed,2,1.8,2.2,1.74,2.2,1.82,2.07,1.73,,,borges n.,bu y.,atp_48,
2,Hong Kong,Hong Kong Tennis Open,12/31/2024,ATP250,Outdoor,Hard,1st Round,3,Munar J.,Davidovich Fokina A.,62,61.0,832,845.0,4.0,6.0,6.0,3.0,6.0,3.0,,,,,2.0,1.0,Completed,3.2,1.36,3.47,1.35,3.47,1.4,3.12,1.35,,,munar j.,davidovich fokina a.,atp_37,atp_17
2,Hong Kong,Hong Kong Tennis Open,12/31/2024,ATP250,Outdoor,Hard,1st Round,3,Martinez P.,Passaro F.,43,108.0,1205,570.0,6.0,4.0,6.0,4.0,,,,,,,2.0,0.0,Completed,1.8,2.0,1.92,1.97,1.95,2.02,1.83,1.95,,,martinez p.,passaro f.,atp_113,atp_146
2,Hong Kong,Hong Kong Tennis Open,12/31/2024,ATP250,Outdoor,Hard,1st Round,3,Nishikori K.,Shapovalov D.,106,56.0,578,981.0,6.0,2.0,6.0,3.0,,,,,,,2.0,0.0,Completed,2.5,1.53,2.37,1.65,2.51,1.65,2.39,1.56,,,nishikori k.,shapovalov d.,atp_417,atp_38
2,Hong Kong,Hong Kong Tennis Open,12/31/2024,ATP250,Outdoor,Hard,1st Round,3,Diallo G.,Carballes Baena R.,87,57.0,643,981.0,4.0,6.0,7.0,6.0,7.0,5.0,,,,,2.0,1.0,Completed,1.4,3.0,1.43,3.02,1.45,3.02,1.41,2.86,,,diallo g.,carballes baena r.,atp_36,atp_159
2,Hong Kong,Hong Kong Tennis Open,12/31/2024,ATP250,Outdoor,Hard,1st Round,3,Shang J.,Wong C.,50,170.0,1115,340.0,7.0,6.0,6.0,4.0,,,,,,,2.0,0.0,Completed,1.3,3.5,1.33,3.62,1.33,3.62,1.3,3.43,,,shang j.,wong c.,atp_262,atp_124
2,Hong Kong,Hong Kong Tennis Open,1/1/2025,ATP250,Outdoor,Hard,2nd Round,3,Muller A.,Kecmanovic M.,67,54.0,778,1021.0,5.0,7.0,7.0,6.0,7.0,6.0,,,,,2.0,1.0,Completed,3,1.4,2.84,1.49,3.0,1.49,2.83,1.42,,,muller a.,kecmanovic m.,atp_94,atp_58
2,Hong Kong,Hong Kong Tennis Open,1/1/2025,ATP250,Outdoor,Hard,2nd Round,3,Norrie C.,Sonego L.,49,53.0,1119,1026.0,6.0,2.0,4.0,6.0,6.0,1.0,,,,,2.0,1.0,Completed,1.57,2.38,1.72,2.26,1.72,2.42,1.6,2.32,,,norrie c.,sonego l.,atp_24,atp_63
2,Hong Kong,Hong Kong Tennis Open,1/1/2025,ATP250,Outdoor,Hard,2nd Round,3,Fils A.,Bergs Z.,20,71.0,2355,768.0,7.0,6.0,6.0,4.0,,,,,,,2.0,0.0,Completed,1.44,2.75,1.5,2.8,1.5,2.85,1.45,2.71,,,fils a.,bergs z.,atp_28,atp_46
2,Hong Kong,Hong Kong Tennis Open,1/1/2025,ATP250,Outdoor,Hard,2nd Round,3,Nishikori K.,Khachanov K.,106,19.0,578,2410.0,4.0,6.0,6.0,3.0,7.0,5.0,,,,,2.0,1.0,Completed,2.2,1.67,2.21,1.75,2.21,1.76,2.16,1.67,,,nishikori k.,khachanov k.,atp_417,atp_15
2,Hong Kong,Hong Kong Tennis Open,1/2/2025,ATP250,Outdoor,Hard,2nd Round,3,Munar J.,Borges N.,62,36.0,832,1355.0,6.0,3.0,7.0,5.0,,,,,,,2.0,0.0,Completed,2.5,1.53,2.59,1.56,2.62,1.61,2.44,1.54,,,munar j.,borges n.,atp_37,atp_48
2,Hong Kong,Hong Kong Tennis Open,1/2/2025,ATP250,Outdoor,Hard,2nd Round,3,Musetti L.,Diallo G.,17,87.0,2600,643.0,6.0,4.0,6.0,3.0,,,,,,,2.0,0.0,Completed,1.62,2.3,1.78,2.16,1.78,2.35,1.64,2.23,,,musetti l.,diallo g.,atp_5,atp_36
2,Hong Kong,Hong Kong Tennis Open,1/2/2025,ATP250,Outdoor,Hard,2nd Round,3,Shang J.,Martinez P.,50,43.0,1115,1205.0,6.0,3.0,6.0,1.0,,,,,,,2.0,0.0,Completed,1.3,3.5,1.33,3.7,1.36,3.7,1.31,3.4,,,shang j.,martinez p.,atp_262,atp_113
2,Hong Kong,Hong Kong Tennis Open,1/2/2025,ATP250,Outdoor,Hard,2nd Round,3,Marozsan F.,Rublev A.,58,8.0,935,3760.0,7.0,5.0,3.0,6.0,6.0,3.0,,,,,2.0,1.0,Completed,4,1.25,3.97,1.29,4.1,1.29,3.81,1.26,,,marozsan f.,rublev a.,atp_47,atp_16
2,Hong Kong,Hong Kong Tennis Open,1/3/2025,ATP250,Outdoor,Hard,Quarterfinals,3,Muller A.,Fils A.,67,20.0,778,2355.0,3.0,6.0,6.0,3.0,6.0,1.0,,,,,2.0,1.0,Completed,4,1.25,3.61,1.34,4.01,1.34,3.61,1.28,,,muller a.,fils a.,atp_94,atp_28
2,Hong Kong,Hong Kong Tennis Open,1/3/2025,ATP250,Outdoor,Hard,Quarterfinals,3,Munar J.,Musetti L.,62,17.0,832,2600.0,2.0,6.0,7.0,6.0,7.0,5.0,,,,,2.0,1.0,Completed,3.5,1.3,3.49,1.35,3.5,1.36,3.3,1.32,,,munar j.,musetti l.,atp_37,atp_5
2,Hong Kong,Hong Kong Tennis Open,1/3/2025,ATP250,Outdoor,Hard,Quarterfinals,3,Shang J.,Marozsan F.,50,58.0,1115,935.0,1.0,6.0,6.0,3.0,6.0,4.0,,,,,2.0,1.0,Completed,1.62,2.3,1.58,2.55,1.62,2.55,1.57,2.35,,,shang j.,marozsan f.,atp_262,atp_47
2,Hong Kong,Hong Kong Tennis Open,1/3/2025,ATP250,Outdoor,Hard,Quarterfinals,3,Nishikori K.,Norrie C.,106,49.0,578,1119.0,6.0,3.0,3.0,6.0,6.0,2.0,,,,,2.0,1.0,Completed,1.73,2.1,1.73,2.24,1.73,2.25,1.7,2.13,,,nishikori k.,norrie c.,atp_417,atp_24
2,Hong Kong,Hong Kong Tennis Open,1/4/2025,ATP250,Outdoor,Hard,Semifinals,3,Muller A.,Munar J.,67,62.0,778,832.0,7.0,6.0,6.0,4.0,,,,,,,2.0,0.0,Completed,2,1.8,2.08,1.84,2.1,1.84,1.99,1.79,,,muller a.,munar j.,atp_94,atp_37
2,Hong Kong,Hong Kong Tennis Open,1/4/2025,ATP250,Outdoor,Hard,Semifinals,3,Nishikori K.,Shang J.,106,50.0,578,1115.0,4.0,3.0,,,,,,,,,0.0,0.0,Retired,1.8,2.0,1.88,2.03,1.88,2.1,1.8,1.98,,,nishikori k.,shang j.,atp_417,atp_262
2,Hong Kong,Hong Kong Tennis Open,1/5/2025,ATP250,Outdoor,Hard,The Final,3,Muller A.,Nishikori K.,67,106.0,778,578.0,2.0,6.0,6.0,1.0,6.0,3.0,,,,,2.0,1.0,Completed,3.5,1.3,3.64,1.33,3.64,1.36,3.36,1.32,,,muller a.,nishikori k.,atp_94,atp_417
3,Adelaide,Adelaide International,1/6/2025,ATP250,Outdoor,Hard,1st Round,3,Shapovalov D.,Zhang Zh.,58,47.0,981,1140.0,6.0,3.0,6.0,4.0,,,,,,,2.0,0.0,Completed,1.62,2.3,1.66,2.35,1.67,2.35,1.61,2.29,,,shapovalov d.,zhang z.,atp_38,atp_263
3,Adelaide,Adelaide International,1/6/2025,ATP250,Outdoor,Hard,1st Round,3,Davidovich Fokina A.,Bautista Agut R.,68,51.0,775,1067.0,7.0,5.0,6.0,2.0,,,,,,,2.0,0.0,Completed,1.73,2.1,1.81,2.09,1.81,2.13,1.74,2.07,,,davidovich fokina a.,bautista agut r.,atp_17,atp_80
3,Adelaide,Adelaide International,1/6/2025,ATP250,Outdoor,Hard,1st Round,3,O Connell C.,Rinderknech A.,64,60.0,795,927.0,7.0,5.0,7.0,6.0,,,,,,,2.0,0.0,Completed,1.62,2.3,1.63,2.42,1.63,2.42,1.61,2.29,,,oconnell c.,rinderknech a.,atp_128,atp_27
3,Adelaide,Adelaide International,1/6/2025,ATP250,Outdoor,Hard,1st Round,3,Kokkinakis T.,Nishioka Y.,77,63.0,716,807.0,6.0,3.0,3.0,6.0,6.0,3.0,,,,,2.0,1.0,Completed,1.57,2.38,1.68,2.3,1.7,2.4,1.62,2.27,,,kokkinakis t.,nishioka y.,atp_701,atp_173
3,Adelaide,Adelaide International,1/7/2025,ATP250,Outdoor,Hard,1st Round,3,Tu L.,Duckworth J.,179,94.0,323,624.0,6.0,1.0,7.0,5.0,,,,,,,2.0,0.0,Completed,2.2,1.67,2.25,1.71,2.28,1.71,2.18,1.67,,,tu l.,duckworth j.,atp_424,atp_95
3,Adelaide,Adelaide International,1/7/2025,ATP250,Outdoor,Hard,1st Round,3,Guinard M.,Safiullin R.,261,62.0,209,823.0,7.0,6.0,2.0,6.0,6.0,1.0,,,,,2.0,1.0,Completed,5,1.17,5.02,1.21,5.1,1.21,4.77,1.18,,,guinard m.,safiullin r.,,atp_229
3,Adelaide,Adelaide International,1/7/2025,ATP250,Outdoor,Hard,1st Round,3,Giron M.,Vukic A.,45,67.0,1150,778.0,6.0,2.0,3.0,6.0,6.0,3.0,,,,,2.0,1.0,Completed,2,1.8,1.99,1.9,2.02,1.9,1.96,1.83,,,giron m.,vukic a.,atp_66,atp_84
3,Adelaide,Adelaide International,1/7/2025,ATP250,Outdoor,Hard,1st Round,3,Kecmanovic M.,Bublik A.,55,33.0,1021,1420.0,6.0,4.0,6.0,2.0,,,,,,,2.0,0.0,Completed,1.62,2.3,1.67,2.33,1.73,2.41,1.62,2.28,,,kecmanovic m.,bublik a.,atp_58,atp_11
3,Adelaide,Adelaide International,1/7/2025,ATP250,Outdoor,Hard,1st Round,3,Cazaux A.,Walton A.,80,91.0,707,636.0,7.0,5.0,6.0,1.0,,,,,,,2.0,0.0,Completed,1.57,2.38,1.68,2.3,1.68,2.4,1.6,2.31,,,cazaux a.,walton a.,atp_68,atp_105
3,Adelaide,Adelaide International,1/7/2025,ATP250,Outdoor,Hard,1st Round,3,Nakashima B.,Hanfmann Y.,37,98.0,1335,615.0,6.0,1.0,2.0,6.0,6.0,3.0,,,,,2.0,1.0,Completed,1.3,3.5,1.32,3.65,1.33,3.74,1.31,3.43,,,nakashima b.,hanfmann y.,atp_33,atp_61
3,Adelaide,Adelaide International,1/7/2025,ATP250,Outdoor,Hard,1st Round,3,Hijikata R.,Goffin D.,79,53.0,712,1029.0,6.0,1.0,6.0,2.0,,,,,,,2.0,0.0,Completed,2.3,1.62,2.25,1.71,2.44,1.71,2.25,1.63,,,hijikata r.,goffin d.,atp_102,atp_179
3,Adelaide,Adelaide International,1/7/2025,ATP250,Outdoor,Hard,1st Round,3,Etcheverry T.,Schoolkate T.,39,173.0,1315,336.0,7.0,6.0,6.0,3.0,,,,,,,2.0,0.0,Completed,1.3,3.5,1.38,3.26,1.38,3.5,1.32,3.35,,,etcheverry t.,schoolkate t.,,atp_119
3,Adelaide,Adelaide International,1/8/2025,ATP250,Outdoor,Hard,2nd Round,3,Auger-Aliassime F.,Cazaux A.,29,80.0,1680,707.0,1.0,6.0,6.0,4.0,7.0,5.0,,,,,2.0,1.0,Completed,1.44,2.75,1.52,2.72,1.54,2.78,1.48,2.61,,,augeraliassime f.,cazaux a.,,atp_68
3,Adelaide,Adelaide International,1/8/2025,ATP250,Outdoor,Hard,2nd Round,3,Giron M.,Shapovalov D.,45,58.0,1150,981.0,7.0,5.0,6.0,2.0,,,,,,,2.0,0.0,Completed,2.75,1.44,2.77,1.51,2.78,1.54,2.65,1.47,,,giron m.,shapovalov d.,atp_66,atp_38
3,Adelaide,Adelaide International,1/8/2025,ATP250,Outdoor,Hard,2nd Round,3,Kecmanovic M.,O Connell C.,55,64.0,1021,795.0,7.0,6.0,6.0,2.0,,,,,,,2.0,0.0,Completed,1.91,1.91,1.89,2.02,1.91,2.02,1.84,1.94,,,kecmanovic m.,oconnell c.,atp_58,atp_128
3,Adelaide,Adelaide International,1/8/2025,ATP250,Outdoor,Hard,2nd Round,3,Hijikata R.,Nakashima B.,79,37.0,712,1335.0,6.0,2.0,3.0,6.0,7.0,6.0,,,,,2.0,1.0,Completed,3,1.4,3.18,1.41,3.2,1.41,2.99,1.38,,,hijikata r.,nakashima b.,atp_102,atp_33
3,Adelaide,Adelaide International,1/8/2025,ATP250,Outdoor,Hard,2nd Round,3,Bonzi B.,Tu L.,70,179.0,762,323.0,6.0,3.0,6.0,3.0,,,,,,,2.0,0.0,Completed,1.44,2.75,1.5,2.8,1.5,2.8,1.46,2.68,,,bonzi b.,tu l.,atp_103,atp_424
3,Adelaide,Adelaide International,1/8/2025,ATP250,Outdoor,Hard,2nd Round,3,Korda S.,Davidovich Fokina A.,22,68.0,1985,775.0,6.0,3.0,6.0,3.0,,,,,,,2.0,0.0,Completed,2.2,1.67,2.26,1.71,2.26,1.71,2.17,1.67,,,korda s.,davidovich fokina a.,atp_42,atp_17
3,Adelaide,Adelaide International,1/8/2025,ATP250,Outdoor,Hard,2nd Round,3,Paul T.,Guinard M.,12,261.0,3145,209.0,6.0,4.0,3.0,6.0,6.0,3.0,,,,,2.0,1.0,Completed,1.07,9.0,1.08,10.77,1.09,10.77,1.07,8.42,,,paul t.,guinard m.,atp_21,
3,Adelaide,Adelaide International,1/8/2025,ATP250,Outdoor,Hard,2nd Round,3,Kokkinakis T.,Etcheverry T.,77,39.0,716,1315.0,7.0,5.0,4.0,6.0,7.0,6.0,,,,,2.0,1.0,Completed,1.57,2.38,1.61,2.48,1.62,2.48,1.57,2.37,,,kokkinakis t.,etcheverry t.,atp_701,
3,Adelaide,Adelaide International,1/9/2025,ATP250,Outdoor,Hard,Quarterfinals,3,Paul T.,Hijikata R.,12,79.0,3145,712.0,6.0,3.0,6.0,4.0,,,,,,,2.0,0.0,Completed,1.3,3.5,1.28,4.07,1.3,4.07,1.27,3.65,,,paul t.,hijikata r.,atp_21,atp_102
3,Adelaide,Adelaide International,1/9/2025,ATP250,Outdoor,Hard,Quarterfinals,3,Auger-Aliassime F.,Giron M.,29,45.0,1680,1150.0,7.0,6.0,6.0,3.0,,,,,,,2.0,0.0,Completed,1.62,2.3,1.66,2.37,1.66,2.37,1.61,2.27,,,augeraliassime f.,giron m.,,atp_66
3,Adelaide,Adelaide International,1/9/2025,ATP250,Outdoor,Hard,Quarterfinals,3,Kecmanovic M.,Bonzi B.,55,70.0,1021,762.0,6.0,2.0,6.0,3.0,,,,,,,2.0,0.0,Completed,1.62,2.3,1.63,2.44,1.67,2.44,1.63,2.26,,,kecmanovic m.,bonzi b.,atp_58,atp_103
3,Adelaide,Adelaide International,1/9/2025,ATP250,Outdoor,Hard,Quarterfinals,3,Korda S.,Kokkinakis T.,22,77.0,1985,716.0,,,,,,,,,,,,,Walkover,1.67,2.2,1.67,2.35,1.69,2.35,1.65,2.22,,,korda s.,kokkinakis t.,atp_42,atp_701
3,Adelaide,Adelaide International,1/10/2025,ATP250,Outdoor,Hard,Semifinals,3,Auger-Aliassime F.,Paul T.,29,12.0,1680,3145.0,7.0,6.0,3.0,6.0,6.0,4.0,,,,,2.0,1.0,Completed,2.2,1.67,2.27,1.71,2.3,1.71,2.2,1.66,,,augeraliassime f.,paul t.,,atp_21
3,Adelaide,Adelaide International,1/10/2025,ATP250,Outdoor,Hard,Semifinals,3,Korda S.,Kecmanovic M.,22,55.0,1985,1021.0,6.0,3.0,7.0,6.0,,,,,,,2.0,0.0,Completed,1.8,2.0,1.8,2.13,1.83,2.13,1.8,1.99,,,korda s.,kecmanovic m.,atp_42,atp_58
3,Adelaide,Adelaide International,1/11/2025,ATP250,Outdoor,Hard,The Final,3,Auger-Aliassime F.,Korda S.,29,22.0,1680,1985.0,6.0,3.0,3.0,6.0,6.0,1.0,,,,,2.0,1.0,Completed,2.1,1.73,2.19,1.76,2.19,1.76,2.1,1.72,,,augeraliassime f.,korda s.,,atp_42
4,Auckland,ASB Classic,1/5/2025,ATP250,Outdoor,Hard,1st Round,3,Borges N.,Darderi L.,36,44.0,1370,1198.0,5.0,7.0,6.0,3.0,7.0,5.0,,,,,2.0,1.0,Completed,1.36,3.2,1.4,3.15,1.47,3.2,1.39,2.96,,,borges n.,darderi l.,atp_48,atp_19
4,Auckland,ASB Classic,1/6/2025,ATP250,Outdoor,Hard,1st Round,3,Carballes Baena R.,Altmaier D.,59,93.0,981,625.0,6.0,3.0,3.0,6.0,7.0,5.0,,,,,2.0,1.0,Completed,1.3,3.5,,,1.31,3.6,1.29,3.44,,,carballes baena r.,altmaier d.,atp_159,atp_52
4,Auckland,ASB Classic,1/6/2025,ATP250,Outdoor,Hard,1st Round,3,Bergs Z.,Becroft I.,66,980.0,783,15.0,6.0,3.0,7.0,5.0,,,,,,,2.0,0.0,Completed,1.03,17.0,1.03,23.4,1.03,23.4,1.02,15.63,,,bergs z.,becroft i.,atp_46,
4,Auckland,ASB Classic,1/6/2025,ATP250,Outdoor,Hard,1st Round,3,Michelsen A.,Nagal S.,41,96.0,1245,622.0,6.0,7.0,6.0,4.0,6.0,2.0,,,,,2.0,1.0,Completed,1.17,5.0,1.24,4.53,1.24,5.17,1.18,4.7,,,michelsen a.,nagal s.,atp_35,atp_281
4,Auckland,ASB Classic,1/6/2025,ATP250,Outdoor,Hard,1st Round,3,Navone M.,Mannarino A.,46,73.0,1148,744.0,7.0,6.0,6.0,7.0,6.0,1.0,,,,,2.0,1.0,Completed,2.63,1.5,2.5,1.59,2.72,1.59,2.53,1.51,,,navone m.,mannarino a.,atp_60,atp_43
4,Auckland,ASB Classic,1/6/2025,ATP250,Outdoor,Hard,1st Round,3,Nardi L.,Cobolli F.,90,32.0,637,1512.0,6.0,2.0,1.0,1.0,,,,,,,1.0,0.0,Retired,2.75,1.44,2.71,1.52,2.81,1.53,2.65,1.47,,,nardi l.,cobolli f.,atp_140,atp_13
4,Auckland,ASB Classic,1/6/2025,ATP250,Outdoor,Hard,1st Round,3,Sonego L.,Diallo G.,54,87.0,1026,646.0,7.0,6.0,2.0,6.0,7.0,6.0,,,,,2.0,1.0,Completed,2,1.8,1.98,1.91,2.01,1.91,1.93,1.85,,,sonego l.,diallo g.,atp_63,atp_36
4,Auckland,ASB Classic,1/6/2025,ATP250,Outdoor,Hard,1st Round,3,Diaz Acosta F.,Norrie C.,78,48.0,714,1124.0,6.0,2.0,6.0,3.0,,,,,,,2.0,0.0,Completed,4.5,1.2,4.29,1.26,5.36,1.26,4.4,1.2,,,diaz acosta f.,norrie c.,atp_222,atp_24
4,Auckland,ASB Classic,1/7/2025,ATP250,Outdoor,Hard,1st Round,3,Monfils G.,Martinez P.,52,43.0,1030,1220.0,1.0,6.0,7.0,6.0,6.0,3.0,,,,,2.0,1.0,Completed,1.25,4.0,1.28,3.99,1.29,4.01,1.27,3.72,,,monfils g.,martinez p.,atp_203,atp_113
4,Auckland,ASB Classic,1/7/2025,ATP250,Outdoor,Hard,1st Round,3,Struff J.L.,Bu Y.,42,65.0,1225,784.0,6.0,3.0,6.0,4.0,,,,,,,2.0,0.0,Completed,1.8,2.0,1.71,2.25,1.8,2.25,1.71,2.11,,,struff j.,bu y.,,
4,Auckland,ASB Classic,1/7/2025,ATP250,Outdoor,Hard,1st Round,3,Basavareddy N.,Comesana F.,133,85.0,453,661.0,6.0,2.0,6.0,2.0,,,,,,,2.0,0.0,Completed,1.22,4.33,1.28,4.03,1.28,4.36,1.22,4.12,,,basavareddy n.,comesana f.,atp_193,atp_87
4,Auckland,ASB Classic,1/7/2025,ATP250,Outdoor,Hard,1st Round,3,Mensik J.,Carreno Busta P.,49,184.0,1122,317.0,6.0,0.0,4.0,6.0,7.0,5.0,,,,,2.0,1.0,Completed,1.25,4.0,,,1.33,4.01,1.25,3.73,,,mensik j.,carreno busta p.,atp_26,atp_88
4,Auckland,ASB Classic,1/7/2025,ATP250,Outdoor,Hard,2nd Round,3,Basavareddy N.,Tabilo A.,133,23.0,453,1943.0,6.0,4.0,5.0,7.0,6.0,4.0,,,,,2.0,1.0,Completed,1.8,2.0,1.82,2.11,1.91,2.11,1.81,1.97,,,basavareddy n.,tabilo a.,atp_193,atp_39
4,Auckland,ASB Classic,1/7/2025,ATP250,Outdoor,Hard,2nd Round,3,Bergs Z.,Nardi L.,66,90.0,783,637.0,6.0,1.0,6.0,4.0,,,,,,,2.0,0.0,Completed,1.62,2.3,1.65,2.4,1.72,2.42,1.63,2.24,,,bergs z.,nardi l.,atp_46,atp_140
4,Auckland,ASB Classic,1/8/2025,ATP250,Outdoor,Hard,2nd Round,3,Michelsen A.,Sonego L.,41,54.0,1245,1026.0,7.0,6.0,6.0,2.0,,,,,,,2.0,0.0,Completed,1.57,2.38,1.59,2.53,1.6,2.54,1.56,2.4,,,michelsen a.,sonego l.,atp_35,atp_63
4,Auckland,ASB Classic,1/8/2025,ATP250,Outdoor,Hard,2nd Round,3,Diaz Acosta F.,Baez S.,78,28.0,714,1690.0,6.0,4.0,7.0,6.0,,,,,,,2.0,0.0,Completed,1.8,2.0,1.84,2.08,1.84,2.08,1.78,2.01,,,diaz acosta f.,baez s.,atp_222,atp_50
4,Auckland,ASB Classic,1/8/2025,ATP250,Outdoor,Hard,2nd Round,3,Carballes Baena R.,Cerundolo F.,59,31.0,981,1620.0,6.0,2.0,7.0,5.0,,,,,,,2.0,0.0,Completed,2.63,1.5,2.68,1.54,2.68,1.54,2.57,1.5,,,carballes baena r.,cerundolo f.,atp_159,atp_20
4,Auckland,ASB Classic,1/8/2025,ATP250,Outdoor,Hard,2nd Round,3,Monfils G.,Struff J.L.,52,42.0,1030,1225.0,6.0,1.0,7.0,6.0,,,,,,,2.0,0.0,Completed,2.2,1.67,2.21,1.75,2.21,1.75,2.11,1.71,,,monfils g.,struff j.,atp_203,
4,Auckland,ASB Classic,1/8/2025,ATP250,Outdoor,Hard,2nd Round,3,Borges N.,Navone M.,36,46.0,1370,1148.0,4.0,6.0,7.0,5.0,6.0,4.0,,,,,2.0,1.0,Completed,1.4,3.0,1.47,2.89,1.41,2.95,1.41,2.95,,,borges n.,navone m.,atp_48,atp_60
4,Auckland,ASB Classic,1/8/2025,ATP250,Outdoor,Hard,2nd Round,3,Mensik J.,Shelton B.,49,21.0,1122,2330.0,7.0,6.0,4.0,6.0,7.0,5.0,,,,,2.0,1.0,Completed,2.1,1.73,2.22,1.75,2.22,1.75,2.14,1.7,,,mensik j.,shelton b.,atp_26,atp_9
4,Auckland,ASB Classic,1/8/2025,ATP250,Outdoor,Hard,Quarterfinals,3,Basavareddy N.,Michelsen A.,133,41.0,453,1245.0,2.0,6.0,6.0,2.0,6.0,4.0,,,,,2.0,1.0,Completed,2.5,1.53,2.63,1.55,2.63,1.7,2.41,1.55,,,basavareddy n.,michelsen a.,atp_193,atp_35
4,Auckland,ASB Classic,1/9/2025,ATP250,Outdoor,Hard,Quarterfinals,3,Monfils G.,Diaz Acosta F.,52,78.0,1030,714.0,6.0,3.0,6.0,1.0,,,,,,,2.0,0.0,Completed,1.3,3.5,1.35,3.54,1.35,3.63,1.31,3.4,,,monfils g.,diaz acosta f.,atp_203,atp_222
4,Auckland,ASB Classic,1/9/2025,ATP250,Outdoor,Hard,Quarterfinals,3,Bergs Z.,Carballes Baena R.,66,59.0,783,981.0,1.0,6.0,6.0,2.0,6.0,3.0,,,,,2.0,1.0,Completed,1.62,2.3,1.66,2.37,1.66,2.5,1.6,2.31,,,bergs z.,carballes baena r.,atp_46,atp_159
4,Auckland,ASB Classic,1/9/2025,ATP250,Outdoor,Hard,Quarterfinals,3,Borges N.,Mensik J.,36,49.0,1370,1122.0,6.0,7.0,6.0,2.0,7.0,6.0,,,,,2.0,1.0,Completed,2.75,1.44,2.93,1.47,2.93,1.47,2.78,1.42,,,borges n.,mensik j.,atp_48,atp_26
4,Auckland,ASB Classic,1/10/2025,ATP250,Outdoor,Hard,Semifinals,3,Monfils G.,Basavareddy N.,52,133.0,1030,453.0,7.0,6.0,6.0,4.0,,,,,,,2.0,0.0,Completed,1.67,2.2,1.71,2.27,1.76,2.27,1.68,2.15,,,monfils g.,basavareddy n.,atp_203,atp_193
4,Auckland,ASB Classic,1/10/2025,ATP250,Outdoor,Hard,Semifinals,3,Bergs Z.,Borges N.,66,36.0,783,1370.0,6.0,2.0,3.0,6.0,7.0,5.0,,,,,2.0,1.0,Completed,1.91,1.91,1.92,1.99,2.03,1.99,1.9,1.89,,,bergs z.,borges n.,atp_46,atp_48
4,Auckland,ASB Classic,1/11/2025,ATP250,Outdoor,Hard,The Final,3,Monfils G.,Bergs Z.,52,66.0,1030,783.0,6.0,3.0,6.0,4.0,,,,,,,2.0,0.0,Completed,1.53,2.5,1.62,2.45,1.62,2.5,1.57,2.37,,,monfils g.,bergs z.,atp_203,atp_46
5,Melbourne,Australian Open,1/12/2025,Grand Slam,Outdoor,Hard,1st Round,5,Gaston H.,Jasika O.,81,179.0,703,323.0,6.0,2.0,3.0,6.0,6.0,2.0,6.0,2.0,,,3.0,1.0,Completed,1.36,3.2,1.38,3.31,1.38,3.31,1.36,3.11,,,gaston h.,jasika o.,atp_116,atp_455
5,Melbourne,Australian Open,1/12/2025,Grand Slam,Outdoor,Hard,1st Round,5,Fils A.,Virtanen O.,21,93.0,2280,627.0,3.0,6.0,7.0,6.0,6.0,4.0,6.0,4.0,,,3.0,1.0,Completed,1.13,6.0,1.13,7.31,1.14,7.31,1.12,6.15,,,fils a.,virtanen o.,atp_28,atp_123
5,Melbourne,Australian Open,1/12/2025,Grand Slam,Outdoor,Hard,1st Round,5,Nishikori K.,Monteiro T.,76,105.0,743,566.0,4.0,6.0,6.0,7.0,7.0,5.0,6.0,2.0,6.0,3.0,3.0,2.0,Completed,1.2,4.5,1.22,4.82,1.25,4.82,1.21,4.41,,,nishikori k.,monteiro t.,atp_417,atp_275
5,Melbourne,Australian Open,1/12/2025,Grand Slam,Outdoor,Hard,1st Round,5,Ruud C.,Munar J.,6,62.0,4210,922.0,6.0,3.0,1.0,6.0,7.0,5.0,2.0,6.0,6.0,1.0,3.0,2.0,Completed,1.17,5.0,1.18,5.66,1.18,5.66,1.17,5.12,,,ruud c.,munar j.,atp_12,atp_37
5,Melbourne,Australian Open,1/12/2025,Grand Slam,Outdoor,Hard,1st Round,5,Habib H.,Bu Y.,219,67.0,264,784.0,7.0,6.0,6.0,4.0,7.0,6.0,,,,,3.0,0.0,Completed,3.2,1.36,3.39,1.37,3.39,1.38,3.16,1.36,,,habib h.,bu y.,atp_343,
5,Melbourne,Australian Open,1/12/2025,Grand Slam,Outdoor,Hard,1st Round,5,Lehecka J.,Tu L.,29,168.0,1660,342.0,6.0,1.0,3.0,6.0,6.0,3.0,7.0,6.0,,,3.0,1.0,Completed,1.07,9.0,1.11,8.2,1.12,9.0,1.09,7.54,,,lehecka j.,tu l.,atp_14,atp_424
5,Melbourne,Australian Open,1/12/2025,Grand Slam,Outdoor,Hard,1st Round,5,Machac T.,Nagal S.,25,91.0,1805,635.0,6.0,3.0,6.0,1.0,7.0,5.0,,,,,3.0,0.0,Completed,1.04,13.0,1.06,12.67,1.07,13.0,1.05,10.52,,,machac t.,nagal s.,atp_55,atp_281
5,Melbourne,Australian Open,1/12/2025,Grand Slam,Outdoor,Hard,1st Round,5,Martinez P.,Darderi L.,44,45.0,1220,1198.0,6.0,3.0,4.0,1.0,,,,,,,1.0,0.0,Retired,1.62,2.3,1.63,2.45,1.63,2.45,1.61,2.32,,,martinez p.,darderi l.,atp_113,atp_19
5,Melbourne,Australian Open,1/12/2025,Grand Slam,Outdoor,Hard,1st Round,5,Humbert U.,Gigante M.,14,145.0,2765,403.0,7.0,6.0,7.0,5.0,6.0,4.0,,,,,3.0,0.0,Completed,1.08,8.0,1.11,8.5,1.11,8.5,1.09,7.38,,,humbert u.,gigante m.,atp_34,atp_192
5,Melbourne,Australian Open,1/12/2025,Grand Slam,Outdoor,Hard,1st Round,5,Opelka R.,Onclin G.,170,239.0,341,242.0,3.0,6.0,7.0,6.0,6.0,3.0,6.0,2.0,,,3.0,1.0,Completed,1.29,3.75,1.33,3.68,1.33,3.75,1.29,3.59,,,opelka r.,onclin g.,atp_64,atp_247
5,Melbourne,Australian Open,1/12/2025,Grand Slam,Outdoor,Hard,1st Round,5,Halys Q.,Walton A.,74,90.0,756,636.0,4.0,6.0,4.0,6.0,6.0,4.0,7.0,6.0,7.0,5.0,3.0,2.0,Completed,2,1.8,2.01,1.9,2.01,1.91,1.94,1.87,,,halys q.,walton a.,atp_90,atp_105
5,Melbourne,Australian Open,1/12/2025,Grand Slam,Outdoor,Hard,1st Round,5,Zverev A.,Pouille L.,2,103.0,7635,575.0,6.0,4.0,6.0,4.0,6.0,4.0,,,,,3.0,0.0,Completed,1.02,19.0,1.03,20.73,1.04,20.73,1.02,14.24,,,zverev a.,pouille l.,atp_3,
5,Melbourne,Australian Open,1/13/2025,Grand Slam,Outdoor,Hard,1st Round,5,Tiafoe F.,Rinderknech A.,16,61.0,2560,927.0,7.0,6.0,6.0,3.0,4.0,6.0,6.0,7.0,6.0,3.0,3.0,2.0,Completed,1.25,4.0,1.27,4.18,1.3,4.18,1.27,3.8,,,tiafoe f.,rinderknech a.,atp_18,atp_27
5,Melbourne,Australian Open,1/13/2025,Grand Slam,Outdoor,Hard,1st Round,5,Carballes Baena R.,Tabilo A.,57,26.0,981,1705.0,1.0,6.0,6.0,2.0,6.0,3.0,7.0,6.0,,,3.0,1.0,Completed,2.63,1.5,2.79,1.5,2.79,1.53,2.61,1.5,,,carballes baena r.,tabilo a.,atp_159,atp_39
5,Melbourne,Australian Open,1/13/2025,Grand Slam,Outdoor,Hard,1st Round,5,Mensik J.,Basilashvili N.,48,206.0,1162,273.0,6.0,1.0,6.0,7.0,6.0,3.0,6.0,3.0,,,3.0,1.0,Completed,1.17,5.0,1.16,6.32,1.18,6.32,1.16,5.16,,,mensik j.,basilashvili n.,atp_26,atp_129
5,Melbourne,Australian Open,1/13/2025,Grand Slam,Outdoor,Hard,1st Round,5,Michelsen A.,Tsitsipas S.,42,12.0,1270,3195.0,7.0,5.0,6.0,3.0,2.0,6.0,6.0,4.0,,,3.0,1.0,Completed,2.5,1.53,2.44,1.63,2.53,1.63,2.41,1.57,,,michelsen a.,tsitsipas s.,atp_35,atp_49
5,Melbourne,Australian Open,1/13/2025,Grand Slam,Outdoor,Hard,1st Round,5,Borges N.,Muller A.,33,58.0,1445,965.0,6.0,7.0,6.0,3.0,6.0,2.0,7.0,5.0,,,3.0,1.0,Completed,1.67,2.2,1.7,2.3,1.7,2.3,1.67,2.21,,,borges n.,muller a.,atp_48,atp_94
5,Melbourne,Australian Open,1/13/2025,Grand Slam,Outdoor,Hard,1st Round,5,Marozsan F.,Seyboth Wild T.,59,79.0,960,732.0,6.0,3.0,6.0,7.0,7.0,5.0,5.0,7.0,7.0,5.0,3.0,2.0,Completed,1.4,3.0,1.43,3.1,1.44,3.1,1.41,2.91,,,marozsan f.,seyboth wild t.,atp_47,atp_245
5,Melbourne,Australian Open,1/13/2025,Grand Slam,Outdoor,Hard,1st Round,5,Duckworth J.,Stricker D.,89,304.0,637,173.0,6.0,2.0,6.0,4.0,6.0,2.0,,,,,3.0,0.0,Completed,1.73,2.1,1.83,2.08,1.83,2.12,1.73,2.09,,,duckworth j.,stricker d.,atp_95,atp_334
5,Melbourne,Australian Open,1/13/2025,Grand Slam,Outdoor,Hard,1st Round,5,Mccabe J.,Landaluce M.,258,142.0,216,414.0,6.0,4.0,6.0,3.0,6.0,4.0,,,,,3.0,0.0,Completed,3.5,1.3,3.92,1.3,3.92,1.32,3.56,1.3,,,mccabe j.,landaluce m.,atp_239,atp_106
5,Melbourne,Australian Open,1/13/2025,Grand Slam,Outdoor,Hard,1st Round,5,Sinner J.,Jarry N.,1,36.0,11830,1340.0,7.0,6.0,7.0,6.0,6.0,1.0,,,,,3.0,0.0,Completed,1.01,26.0,1.02,29.95,1.02,29.95,1.02,17.25,,,sinner j.,jarry n.,atp_2,atp_154
5,Melbourne,Australian Open,1/13/2025,Grand Slam,Outdoor,Hard,1st Round,5,Thompson J.,Koepfer D.,27,124.0,1695,485.0,7.0,6.0,6.0,4.0,4.0,6.0,6.0,3.0,,,3.0,1.0,Completed,1.36,3.2,1.39,3.26,1.42,3.26,1.37,3.09,,,thompson j.,koepfer d.,atp_131,
5,Melbourne,Australian Open,1/13/2025,Grand Slam,Outdoor,Hard,1st Round,5,Schoolkate T.,Daniel T.,173,113.0,336,519.0,6.0,7.0,7.0,6.0,6.0,1.0,6.0,4.0,,,3.0,1.0,Completed,2,1.8,1.97,1.93,2.02,1.93,1.96,1.84,,,schoolkate t.,daniel t.,atp_119,atp_340
5,Melbourne,Australian Open,1/13/2025,Grand Slam,Outdoor,Hard,1st Round,5,Vukic A.,Dzumhur D.,68,82.0,778,679.0,6.0,7.0,6.0,0.0,3.0,6.0,6.0,3.0,6.0,4.0,3.0,2.0,Completed,1.29,3.75,1.34,3.56,1.34,3.75,1.3,3.51,,,vukic a.,dzumhur d.,atp_84,atp_74
5,Melbourne,Australian Open,1/13/2025,Grand Slam,Outdoor,Hard,1st Round,5,Draper J.,Navone M.,18,47.0,2530,1173.0,4.0,6.0,6.0,3.0,3.0,6.0,6.0,3.0,6.0,2.0,3.0,2.0,Completed,1.05,11.0,1.08,11.12,1.11,11.12,1.06,9.71,,,draper j.,navone m.,atp_25,atp_60
5,Melbourne,Australian Open,1/13/2025,Grand Slam,Outdoor,Hard,1st Round,5,Kokkinakis T.,Safiullin R.,71,63.0,766,823.0,3.0,6.0,6.0,3.0,6.0,3.0,7.0,6.0,,,3.0,1.0,Completed,1.57,2.38,1.65,2.4,1.67,2.4,1.6,2.33,,,kokkinakis t.,safiullin r.,atp_701,atp_229
5,Melbourne,Australian Open,1/13/2025,Grand Slam,Outdoor,Hard,1st Round,5,Cazaux A.,Baez S.,78,28.0,732,1690.0,6.0,3.0,5.0,7.0,3.0,6.0,6.0,0.0,6.0,3.0,3.0,2.0,Completed,1.4,3.0,1.42,3.13,1.42,3.13,1.4,2.96,,,cazaux a.,baez s.,atp_68,atp_50
5,Melbourne,Australian Open,1/13/2025,Grand Slam,Outdoor,Hard,1st Round,5,Nishioka Y.,Dougaz A.,65,231.0,807,254.0,3.0,6.0,6.0,4.0,7.0,6.0,6.0,3.0,,,3.0,1.0,Completed,1.14,5.5,1.18,5.67,1.18,5.67,1.16,5.18,,,nishioka y.,dougaz a.,atp_173,atp_480
5,Melbourne,Australian Open,1/13/2025,Grand Slam,Outdoor,Hard,1st Round,5,Korda S.,Klein L.,22,144.0,2065,405.0,6.0,3.0,0.0,6.0,6.0,3.0,7.0,6.0,,,3.0,1.0,Completed,1.33,3.4,1.36,3.47,1.36,3.47,1.34,3.24,,,korda s.,klein l.,atp_42,atp_155
5,Melbourne,Australian Open,1/13/2025,Grand Slam,Outdoor,Hard,1st Round,5,Faria J.,Kotov P.,125,97.0,481,612.0,6.0,1.0,6.0,1.0,7.0,5.0,,,,,3.0,0.0,Completed,2.38,1.57,2.4,1.65,2.4,1.65,2.33,1.6,,,faria j.,kotov p.,atp_143,atp_298
5,Melbourne,Australian Open,1/13/2025,Grand Slam,Outdoor,Hard,1st Round,5,Auger-Aliassime F.,Struff J.L.,23,43.0,1905,1240.0,6.0,3.0,6.0,0.0,4.0,6.0,6.0,1.0,,,3.0,1.0,Completed,1.44,2.75,1.49,2.85,1.5,2.94,1.45,2.75,,,augeraliassime f.,struff j.,,
5,Melbourne,Australian Open,1/13/2025,Grand Slam,Outdoor,Hard,1st Round,5,Davidovich Fokina A.,Shang J.,66,50.0,790,1115.0,7.0,6.0,5.0,2.0,,,,,,,1.0,0.0,Retired,2,1.8,2.09,1.83,2.1,1.83,2.03,1.79,,,davidovich fokina a.,shang j.,atp_17,atp_262
5,Melbourne,Australian Open,1/13/2025,Grand Slam,Outdoor,Hard,1st Round,5,Alcaraz C.,Shevchenko A.,3,77.0,7010,743.0,6.0,1.0,7.0,5.0,6.0,1.0,,,,,3.0,0.0,Completed,1.01,29.0,1.02,35.12,1.02,35.12,1.01,20.74,,,alcaraz c.,shevchenko a.,atp_1,atp_76
5,Melbourne,Australian Open,1/13/2025,Grand Slam,Outdoor,Hard,1st Round,5,Djokovic N.,Basavareddy N.,7,107.0,3900,566.0,4.0,6.0,6.0,3.0,6.0,4.0,6.0,2.0,,,3.0,1.0,Completed,1.04,13.0,1.05,14.3,1.07,14.3,1.04,11.02,,,djokovic n.,basavareddy n.,atp_4,atp_193
5,Melbourne,Australian Open,1/13/2025,Grand Slam,Outdoor,Hard,1st Round,5,Fearnley J.,Kyrgios N.,92,,632,,7.0,6.0,6.0,3.0,7.0,6.0,,,,,3.0,0.0,Completed,2,1.8,2.09,1.83,2.14,1.86,2.01,1.79,,,fearnley j.,kyrgios n.,atp_97,
5,Melbourne,Australian Open,1/13/2025,Grand Slam,Outdoor,Hard,1st Round,5,Bonzi B.,Goffin D.,64,54.0,819,1029.0,6.0,1.0,6.0,2.0,7.0,6.0,,,,,3.0,0.0,Completed,1.5,2.63,1.65,2.4,1.65,2.63,1.53,2.49,,,bonzi b.,goffin d.,atp_103,atp_179
5,Melbourne,Australian Open,1/13/2025,Grand Slam,Outdoor,Hard,1st Round,5,Passaro F.,Dimitrov G.,104,10.0,571,3200.0,7.0,5.0,2.0,1.0,,,,,,,1.0,0.0,Retired,11,1.05,11.77,1.07,11.86,1.07,10.21,1.05,,,passaro f.,dimitrov g.,atp_146,atp_93
5,Melbourne,Australian Open,1/13/2025,Grand Slam,Outdoor,Hard,1st Round,5,Paul T.,O Connell C.,11,70.0,3195,770.0,6.0,2.0,3.0,6.0,6.0,1.0,6.0,7.0,7.0,5.0,3.0,2.0,Completed,1.17,5.0,1.18,5.64,1.18,5.64,1.17,5.04,,,paul t.,oconnell c.,atp_21,atp_128
5,Melbourne,Australian Open,1/14/2025,Grand Slam,Outdoor,Hard,1st Round,5,Berrettini M.,Norrie C.,34,52.0,1380,1082.0,6.0,7.0,6.0,4.0,6.0,1.0,6.0,3.0,,,3.0,1.0,Completed,1.36,3.2,1.42,3.11,1.45,3.2,1.39,2.97,,,berrettini m.,norrie c.,atp_91,atp_24
5,Melbourne,Australian Open,1/14/2025,Grand Slam,Outdoor,Hard,1st Round,5,Kecmanovic M.,Lajovic D.,51,80.0,1096,717.0,7.0,5.0,3.0,6.0,6.0,3.0,3.0,6.0,6.0,3.0,3.0,2.0,Completed,1.17,5.0,1.25,4.48,1.25,5.05,1.21,4.45,,,kecmanovic m.,lajovic d.,atp_58,atp_132
5,Melbourne,Australian Open,1/14/2025,Grand Slam,Outdoor,Hard,1st Round,5,Khachanov K.,Mannarino A.,19,75.0,2410,751.0,7.0,6.0,6.0,3.0,6.0,3.0,,,,,3.0,0.0,Completed,1.1,7.0,1.14,6.81,1.14,7.03,1.11,6.44,,,khachanov k.,mannarino a.,atp_15,atp_43
5,Melbourne,Australian Open,1/14/2025,Grand Slam,Outdoor,Hard,1st Round,5,Diallo G.,Nardi L.,86,83.0,646,675.0,6.0,7.0,7.0,6.0,5.0,7.0,6.0,1.0,6.0,2.0,3.0,2.0,Completed,1.44,2.75,1.47,2.92,1.5,2.92,1.45,2.75,,,diallo g.,nardi l.,atp_36,atp_140
5,Melbourne,Australian Open,1/14/2025,Grand Slam,Outdoor,Hard,1st Round,5,Rune H.,Zhang Zh.,13,49.0,2910,1140.0,4.0,6.0,6.0,3.0,6.0,4.0,3.0,6.0,6.0,4.0,3.0,2.0,Completed,1.3,3.5,1.33,3.68,1.36,3.68,1.31,3.46,,,rune h.,zhang z.,atp_29,atp_263
5,Melbourne,Australian Open,1/14/2025,Grand Slam,Outdoor,Hard,1st Round,5,Fritz T.,Brooksby J.,4,,5350,,6.0,2.0,6.0,0.0,6.0,3.0,,,,,3.0,0.0,Completed,1.03,17.0,1.05,14.34,1.05,17.0,1.03,12.99,,,fritz t.,brooksby j.,atp_8,atp_41
5,Melbourne,Australian Open,1/14/2025,Grand Slam,Outdoor,Hard,1st Round,5,Garin C.,Coric B.,150,87.0,382,639.0,7.0,5.0,6.0,1.0,6.0,2.0,,,,,3.0,0.0,Completed,2.1,1.73,2.01,1.89,2.1,1.9,2.0,1.81,,,garin c.,coric b.,atp_100,atp_221
5,Melbourne,Australian Open,1/14/2025,Grand Slam,Outdoor,Hard,1st Round,5,Tien L.,Ugo Carabelli C.,121,94.0,493,624.0,4.0,6.0,7.0,6.0,6.0,3.0,5.0,7.0,6.0,4.0,3.0,2.0,Completed,1.14,5.5,1.19,5.49,1.19,6.12,1.15,5.36,,,tien l.,ugo carabelli c.,atp_22,atp_67
5,Melbourne,Australian Open,1/14/2025,Grand Slam,Outdoor,Hard,1st Round,5,Cerundolo F.,Bublik A.,31,37.0,1620,1330.0,7.0,6.0,6.0,3.0,6.0,2.0,,,,,3.0,0.0,Completed,1.57,2.38,1.63,2.44,1.63,2.45,1.59,2.37,,,cerundolo f.,bublik a.,atp_20,atp_11
5,Melbourne,Australian Open,1/14/2025,Grand Slam,Outdoor,Hard,1st Round,5,Monfils G.,Mpetshi G.,41,30.0,1280,1651.0,7.0,6.0,6.0,3.0,6.0,7.0,6.0,7.0,6.0,4.0,3.0,2.0,Completed,2.3,1.62,2.13,1.81,2.3,1.81,2.1,1.74,,,monfils g.,mpetshi perricard g.,atp_203,atp_57
5,Melbourne,Australian Open,1/14/2025,Grand Slam,Outdoor,Hard,1st Round,5,Hurkacz H.,Griekspoor T.,17,40.0,2555,1280.0,7.0,5.0,6.0,4.0,6.0,4.0,,,,,3.0,0.0,Completed,1.36,3.2,1.4,3.2,1.42,3.25,1.37,3.13,,,hurkacz h.,griekspoor t.,atp_72,atp_30
5,Melbourne,Australian Open,1/14/2025,Grand Slam,Outdoor,Hard,1st Round,5,Diaz Acosta F.,Bergs Z.,73,60.0,758,948.0,6.0,7.0,6.0,4.0,1.0,6.0,6.0,3.0,6.0,4.0,3.0,2.0,Completed,2.75,1.44,2.86,1.48,2.86,1.5,2.73,1.46,,,diaz acosta f.,bergs z.,atp_222,atp_46
5,Melbourne,Australian Open,1/14/2025,Grand Slam,Outdoor,Hard,1st Round,5,Medvedev D.,Samrej K.,5,418.0,5030,109.0,6.0,2.0,4.0,6.0,3.0,6.0,6.0,1.0,6.0,2.0,3.0,2.0,Completed,1,51.0,1.01,42.16,1.01,51.0,1.01,23.91,,,medvedev d.,samrej k.,atp_10,atp_418
5,Melbourne,Australian Open,1/14/2025,Grand Slam,Outdoor,Hard,1st Round,5,Altmaier D.,Comesana F.,101,85.0,582,662.0,6.0,2.0,3.0,6.0,7.0,6.0,4.0,6.0,6.0,4.0,3.0,2.0,Completed,1.8,2.0,1.93,2.0,1.93,2.01,1.83,1.98,,,altmaier d.,comesana f.,atp_52,atp_87
5,Melbourne,Australian Open,1/14/2025,Grand Slam,Outdoor,Hard,1st Round,5,Musetti L.,Arnaldi M.,15,39.0,2600,1305.0,7.0,6.0,4.0,6.0,7.0,6.0,6.0,3.0,,,3.0,1.0,Completed,1.57,2.38,1.6,2.5,1.6,2.5,1.57,2.39,,,musetti l.,arnaldi m.,atp_5,atp_107
5,Melbourne,Australian Open,1/14/2025,Grand Slam,Outdoor,Hard,1st Round,5,Shelton B.,Nakashima B.,20,35.0,2280,1355.0,7.0,6.0,7.0,5.0,7.0,5.0,,,,,3.0,0.0,Completed,1.44,2.75,1.51,2.75,1.53,2.75,1.48,2.67,,,shelton b.,nakashima b.,atp_9,atp_33
5,Melbourne,Australian Open,1/14/2025,Grand Slam,Outdoor,Hard,1st Round,5,Sonego L.,Wawrinka S.,55,156.0,1026,371.0,6.0,4.0,5.0,7.0,7.0,5.0,7.0,5.0,,,3.0,1.0,Completed,1.4,3.0,1.48,2.88,1.49,3.0,1.42,2.87,,,sonego l.,wawrinka s.,atp_63,atp_98
5,Melbourne,Australian Open,1/14/2025,Grand Slam,Outdoor,Hard,1st Round,5,Boyer T.,Coria F.,136,96.0,448,617.0,6.0,3.0,6.0,7.0,4.0,6.0,7.0,5.0,6.0,1.0,3.0,2.0,Completed,1.14,5.5,1.17,5.93,1.17,6.22,1.15,5.56,,,boyer t.,coria f.,atp_241,atp_655
5,Melbourne,Australian Open,1/14/2025,Grand Slam,Outdoor,Hard,1st Round,5,Krueger M.,Hijikata R.,146,72.0,396,759.0,6.0,4.0,6.0,4.0,6.0,3.0,,,,,3.0,0.0,Completed,3,1.4,2.99,1.45,3.1,1.54,2.94,1.41,,,krueger m.,hijikata r.,atp_251,atp_102
5,Melbourne,Australian Open,1/14/2025,Grand Slam,Outdoor,Hard,1st Round,5,Etcheverry T.,Cobolli F.,38,32.0,1315,1512.0,6.0,7.0,6.0,3.0,7.0,5.0,6.0,1.0,,,3.0,1.0,Completed,1.57,2.38,1.62,2.46,1.63,2.52,1.57,2.41,,,etcheverry t.,cobolli f.,,atp_13
5,Melbourne,Australian Open,1/14/2025,Grand Slam,Outdoor,Hard,1st Round,5,Giron M.,Hanfmann Y.,46,95.0,1175,618.0,2.0,6.0,7.0,5.0,6.0,1.0,7.0,5.0,,,3.0,1.0,Completed,1.25,4.0,1.28,4.13,1.28,4.13,1.25,3.98,,,giron m.,hanfmann y.,atp_66,atp_61
5,Melbourne,Australian Open,1/14/2025,Grand Slam,Outdoor,Hard,1st Round,5,Shapovalov D.,Bautista Agut R.,56,53.0,1006,1067.0,3.0,6.0,6.0,4.0,6.0,4.0,7.0,6.0,,,3.0,1.0,Completed,1.36,3.2,1.37,3.41,1.38,3.41,1.35,3.17,,,shapovalov d.,bautista agut r.,atp_38,atp_80
5,Melbourne,Australian Open,1/14/2025,Grand Slam,Outdoor,Hard,1st Round,5,Moutet C.,Popyrin A.,69,24.0,772,1840.0,4.0,6.0,6.0,3.0,6.0,4.0,6.0,4.0,,,3.0,1.0,Completed,4.33,1.22,4.67,1.24,4.67,1.28,4.21,1.23,,,moutet c.,popyrin a.,atp_32,atp_45
5,Melbourne,Australian Open,1/14/2025,Grand Slam,Outdoor,Hard,1st Round,5,De Minaur A.,Van De Zandschulp B.,8,84.0,3535,672.0,6.0,1.0,7.0,5.0,6.0,4.0,,,,,3.0,0.0,Completed,1.06,10.0,1.08,10.59,1.08,10.59,1.07,8.89,,,de minaur a.,van de zandschulp b.,atp_6,atp_62
5,Melbourne,Australian Open,1/14/2025,Grand Slam,Outdoor,Hard,1st Round,5,Carreno Busta P.,Majchrzak K.,182,122.0,317,491.0,6.0,4.0,6.0,4.0,6.0,3.0,,,,,3.0,0.0,Completed,1.62,2.3,1.77,2.18,1.77,2.34,1.68,2.19,,,carreno busta p.,majchrzak k.,atp_88,atp_53
5,Melbourne,Australian Open,1/14/2025,Grand Slam,Outdoor,Hard,1st Round,5,Fonseca J.,Rublev A.,112,9.0,520,3520.0,7.0,6.0,6.0,3.0,7.0,6.0,,,,,3.0,0.0,Completed,2.3,1.62,2.48,1.61,2.48,1.66,2.3,1.62,,,fonseca j.,rublev a.,atp_40,atp_16
5,Melbourne,Australian Open,1/15/2025,Grand Slam,Outdoor,Hard,2nd Round,5,Machac T.,Opelka R.,25,170.0,1805,341.0,3.0,6.0,7.0,6.0,6.0,7.0,7.0,6.0,6.0,4.0,3.0,2.0,Completed,1.33,3.4,1.35,3.5,1.38,3.5,1.35,3.23,,,machac t.,opelka r.,atp_55,atp_64
5,Melbourne,Australian Open,1/15/2025,Grand Slam,Outdoor,Hard,2nd Round,5,Lehecka J.,Gaston H.,29,81.0,1660,703.0,6.0,3.0,3.0,1.0,,,,,,,1.0,0.0,Retired,1.05,11.0,1.09,9.71,1.09,11.4,1.06,9.38,,,lehecka j.,gaston h.,atp_14,atp_116
5,Melbourne,Australian Open,1/15/2025,Grand Slam,Outdoor,Hard,2nd Round,5,Alcaraz C.,Nishioka Y.,3,65.0,7010,807.0,6.0,0.0,6.0,1.0,6.0,4.0,,,,,3.0,0.0,Completed,1.02,19.0,1.02,29.55,1.02,29.55,1.02,15.68,,,alcaraz c.,nishioka y.,atp_1,atp_173
5,Melbourne,Australian Open,1/15/2025,Grand Slam,Outdoor,Hard,2nd Round,5,Bonzi B.,Passaro F.,64,104.0,819,571.0,6.0,2.0,6.0,4.0,3.0,6.0,6.0,4.0,,,3.0,1.0,Completed,1.25,4.0,1.28,4.1,1.32,4.1,1.29,3.69,,,bonzi b.,passaro f.,atp_103,atp_146
5,Melbourne,Australian Open,1/15/2025,Grand Slam,Outdoor,Hard,2nd Round,5,Borges N.,Thompson J.,33,27.0,1445,1695.0,6.0,3.0,6.0,2.0,6.0,4.0,,,,,3.0,0.0,Completed,1.91,1.91,1.95,1.95,1.95,2.04,1.88,1.93,,,borges n.,thompson j.,atp_48,atp_131
5,Melbourne,Australian Open,1/15/2025,Grand Slam,Outdoor,Hard,2nd Round,5,Carballes Baena R.,Duckworth J.,57,89.0,981,637.0,6.0,4.0,6.0,2.0,7.0,5.0,,,,,3.0,0.0,Completed,1.57,2.38,1.63,2.45,1.63,2.45,1.61,2.32,,,carballes baena r.,duckworth j.,atp_159,atp_95
5,Melbourne,Australian Open,1/15/2025,Grand Slam,Outdoor,Hard,2nd Round,5,Djokovic N.,Faria J.,7,125.0,3900,481.0,6.0,1.0,6.0,7.0,6.0,3.0,6.0,2.0,,,3.0,1.0,Completed,1.01,23.0,1.02,29.32,1.03,29.32,1.02,16.15,,,djokovic n.,faria j.,atp_4,atp_143
5,Melbourne,Australian Open,1/15/2025,Grand Slam,Outdoor,Hard,2nd Round,5,Fils A.,Halys Q.,21,74.0,2280,756.0,6.0,2.0,4.0,6.0,7.0,6.0,7.0,5.0,,,3.0,1.0,Completed,1.22,4.33,1.25,4.51,1.25,4.51,1.23,4.15,,,fils a.,halys q.,atp_28,atp_90
5,Melbourne,Australian Open,1/15/2025,Grand Slam,Outdoor,Hard,2nd Round,5,Vukic A.,Korda S.,68,22.0,778,2065.0,6.0,4.0,3.0,6.0,2.0,6.0,6.0,3.0,7.0,5.0,3.0,2.0,Completed,4.33,1.22,4.15,1.28,4.33,1.28,4.03,1.24,,,vukic a.,korda s.,atp_84,atp_42
5,Melbourne,Australian Open,1/15/2025,Grand Slam,Outdoor,Hard,2nd Round,5,Fearnley J.,Cazaux A.,92,78.0,632,732.0,3.0,6.0,7.0,5.0,6.0,2.0,6.0,3.0,,,3.0,1.0,Completed,1.62,2.3,1.65,2.4,1.68,2.4,1.64,2.26,,,fearnley j.,cazaux a.,atp_97,atp_68
5,Melbourne,Australian Open,1/15/2025,Grand Slam,Outdoor,Hard,2nd Round,5,Mensik J.,Ruud C.,48,6.0,1162,4210.0,6.0,2.0,3.0,6.0,6.0,1.0,6.0,4.0,,,3.0,1.0,Completed,2.1,1.73,2.17,1.78,2.23,1.78,2.1,1.74,,,mensik j.,ruud c.,atp_26,atp_12
5,Melbourne,Australian Open,1/15/2025,Grand Slam,Outdoor,Hard,2nd Round,5,Draper J.,Kokkinakis T.,18,71.0,2530,766.0,6.0,7.0,6.0,3.0,3.0,6.0,7.0,5.0,6.0,3.0,3.0,2.0,Completed,1.44,2.75,1.47,2.92,1.56,2.92,1.44,2.77,,,draper j.,kokkinakis t.,atp_25,atp_701
5,Melbourne,Australian Open,1/15/2025,Grand Slam,Outdoor,Hard,2nd Round,5,Davidovich Fokina A.,Auger-Aliassime F.,66,23.0,790,1905.0,6.0,7.0,6.0,7.0,6.0,4.0,6.0,1.0,6.0,3.0,3.0,2.0,Completed,3.75,1.29,3.84,1.31,3.84,1.33,3.57,1.3,,,davidovich fokina a.,augeraliassime f.,atp_17,
5,Melbourne,Australian Open,1/15/2025,Grand Slam,Outdoor,Hard,2nd Round,5,Humbert U.,Habib H.,14,219.0,2765,264.0,6.0,3.0,6.0,4.0,6.0,4.0,,,,,3.0,0.0,Completed,1.08,8.0,1.13,7.35,1.13,8.0,1.1,6.99,,,humbert u.,habib h.,atp_34,atp_343
5,Melbourne,Australian Open,1/15/2025,Grand Slam,Outdoor,Hard,2nd Round,5,Zverev A.,Martinez P.,2,44.0,7635,1220.0,6.0,1.0,6.0,4.0,6.0,1.0,,,,,3.0,0.0,Completed,1.02,21.0,1.02,28.08,1.02,28.08,1.01,16.29,,,zverev a.,martinez p.,atp_3,atp_113
5,Melbourne,Australian Open,1/15/2025,Grand Slam,Outdoor,Hard,2nd Round,5,Paul T.,Nishikori K.,11,76.0,3195,743.0,6.0,7.0,6.0,0.0,6.0,3.0,6.0,1.0,,,3.0,1.0,Completed,1.4,3.0,1.45,2.97,1.47,3.0,1.41,2.88,,,paul t.,nishikori k.,atp_21,atp_417
5,Melbourne,Australian Open,1/16/2025,Grand Slam,Outdoor,Hard,2nd Round,5,Kecmanovic M.,Hurkacz H.,51,17.0,1096,2555.0,6.0,4.0,6.0,4.0,6.0,2.0,,,,,3.0,0.0,Completed,3.75,1.29,3.52,1.35,3.75,1.35,3.47,1.31,,,kecmanovic m.,hurkacz h.,atp_58,atp_72
5,Melbourne,Australian Open,1/16/2025,Grand Slam,Outdoor,Hard,2nd Round,5,Khachanov K.,Diallo G.,19,86.0,2410,646.0,7.0,6.0,4.0,6.0,6.0,3.0,6.0,3.0,,,3.0,1.0,Completed,1.33,3.4,1.31,3.85,1.33,3.85,1.32,3.41,,,khachanov k.,diallo g.,atp_15,atp_36
5,Melbourne,Australian Open,1/16/2025,Grand Slam,Outdoor,Hard,2nd Round,5,Monfils G.,Altmaier D.,41,101.0,1280,582.0,7.0,5.0,6.0,3.0,7.0,6.0,,,,,3.0,0.0,Completed,1.2,4.5,1.24,4.46,1.26,4.54,1.22,4.38,,,monfils g.,altmaier d.,atp_203,atp_52
5,Melbourne,Australian Open,1/16/2025,Grand Slam,Outdoor,Hard,2nd Round,5,Musetti L.,Shapovalov D.,15,56.0,2600,1006.0,7.0,6.0,7.0,6.0,6.0,2.0,,,,,3.0,0.0,Completed,2.1,1.73,2.08,1.84,2.1,1.87,2.01,1.81,,,musetti l.,shapovalov d.,atp_5,atp_38
5,Melbourne,Australian Open,1/16/2025,Grand Slam,Outdoor,Hard,2nd Round,5,Cerundolo F.,Diaz Acosta F.,31,73.0,1620,758.0,6.0,2.0,1.0,0.0,,,,,,,1.0,0.0,Retired,1.4,3.0,1.36,3.48,1.42,3.48,1.39,3.0,,,cerundolo f.,diaz acosta f.,atp_20,atp_222
5,Melbourne,Australian Open,1/16/2025,Grand Slam,Outdoor,Hard,2nd Round,5,Shelton B.,Carreno Busta P.,20,182.0,2280,317.0,6.0,3.0,6.0,3.0,6.0,7.0,6.0,4.0,,,3.0,1.0,Completed,1.3,3.5,1.32,3.77,1.35,3.77,1.31,3.45,,,shelton b.,carreno busta p.,atp_9,atp_88
5,Melbourne,Australian Open,1/16/2025,Grand Slam,Outdoor,Hard,2nd Round,5,De Minaur A.,Boyer T.,8,136.0,3535,448.0,6.0,2.0,6.0,4.0,6.0,3.0,,,,,3.0,0.0,Completed,1.03,15.0,1.04,17.5,1.05,17.5,1.03,12.57,,,de minaur a.,boyer t.,atp_6,atp_241
5,Melbourne,Australian Open,1/16/2025,Grand Slam,Outdoor,Hard,2nd Round,5,Moutet C.,Krueger M.,69,146.0,772,396.0,4.0,6.0,6.0,4.0,7.0,6.0,6.0,4.0,,,3.0,1.0,Completed,1.5,2.63,1.56,2.61,1.56,2.75,1.5,2.6,,,moutet c.,krueger m.,atp_32,atp_251
5,Melbourne,Australian Open,1/16/2025,Grand Slam,Outdoor,Hard,2nd Round,5,Fritz T.,Garin C.,4,150.0,5350,382.0,6.0,2.0,6.0,1.0,6.0,0.0,,,,,3.0,0.0,Completed,1.04,13.0,1.04,18.2,1.04,18.2,1.03,13.02,,,fritz t.,garin c.,atp_8,atp_100
5,Melbourne,Australian Open,1/16/2025,Grand Slam,Outdoor,Hard,2nd Round,5,Giron M.,Etcheverry T.,46,38.0,1175,1315.0,7.0,5.0,3.0,6.0,7.0,5.0,3.0,6.0,6.0,4.0,3.0,2.0,Completed,1.91,1.91,2.0,1.91,2.0,1.94,1.92,1.89,,,giron m.,etcheverry t.,atp_66,
5,Melbourne,Australian Open,1/16/2025,Grand Slam,Outdoor,Hard,2nd Round,5,Michelsen A.,Mccabe J.,42,258.0,1270,216.0,7.0,5.0,6.0,3.0,7.0,6.0,,,,,3.0,0.0,Completed,1.11,6.5,1.14,7.05,1.15,7.05,1.12,6.27,,,michelsen a.,mccabe j.,atp_35,atp_239
5,Melbourne,Australian Open,1/16/2025,Grand Slam,Outdoor,Hard,2nd Round,5,Marozsan F.,Tiafoe F.,59,16.0,960,2560.0,6.0,7.0,6.0,4.0,3.0,6.0,6.0,4.0,6.0,1.0,3.0,2.0,Completed,2.75,1.44,2.56,1.58,2.75,1.58,2.6,1.5,,,marozsan f.,tiafoe f.,atp_47,atp_18
5,Melbourne,Australian Open,1/16/2025,Grand Slam,Outdoor,Hard,2nd Round,5,Sonego L.,Fonseca J.,55,112.0,1026,520.0,6.0,7.0,6.0,3.0,6.0,1.0,3.0,6.0,6.0,3.0,3.0,2.0,Completed,5,1.17,4.82,1.22,5.2,1.23,4.72,1.2,,,sonego l.,fonseca j.,atp_63,atp_40
5,Melbourne,Australian Open,1/16/2025,Grand Slam,Outdoor,Hard,2nd Round,5,Rune H.,Berrettini M.,13,34.0,2910,1380.0,7.0,6.0,2.0,6.0,6.0,3.0,7.0,6.0,,,3.0,1.0,Completed,2.2,1.67,2.25,1.72,2.25,1.77,2.13,1.71,,,rune h.,berrettini m.,atp_29,atp_91
5,Melbourne,Australian Open,1/16/2025,Grand Slam,Outdoor,Hard,2nd Round,5,Sinner J.,Schoolkate T.,1,173.0,11830,336.0,4.0,6.0,6.0,4.0,6.0,1.0,6.0,3.0,,,3.0,1.0,Completed,1.01,34.0,1.01,51.48,1.02,51.48,1.01,20.26,,,sinner j.,schoolkate t.,atp_2,atp_119
5,Melbourne,Australian Open,1/16/2025,Grand Slam,Outdoor,Hard,2nd Round,5,Tien L.,Medvedev D.,121,5.0,493,5030.0,6.0,3.0,7.0,6.0,6.0,7.0,1.0,6.0,7.0,6.0,3.0,2.0,Completed,5,1.17,6.77,1.14,6.77,1.19,5.36,1.16,,,tien l.,medvedev d.,atp_22,atp_10
5,Melbourne,Australian Open,1/17/2025,Grand Slam,Outdoor,Hard,3rd Round,5,Paul T.,Carballes Baena R.,11,57.0,3195,981.0,7.0,6.0,6.0,2.0,6.0,0.0,,,,,3.0,0.0,Completed,1.13,6.0,1.16,6.23,1.17,6.23,1.14,5.67,,,paul t.,carballes baena r.,atp_21,atp_159
5,Melbourne,Australian Open,1/17/2025,Grand Slam,Outdoor,Hard,3rd Round,5,Alcaraz C.,Borges N.,3,33.0,7010,1445.0,6.0,2.0,6.0,4.0,6.0,7.0,6.0,2.0,,,3.0,1.0,Completed,1.03,17.0,1.03,23.4,1.04,23.4,1.03,13.97,,,alcaraz c.,borges n.,atp_1,atp_48
5,Melbourne,Australian Open,1/17/2025,Grand Slam,Outdoor,Hard,3rd Round,5,Zverev A.,Fearnley J.,2,92.0,7635,632.0,6.0,3.0,6.0,4.0,6.0,4.0,,,,,3.0,0.0,Completed,1.07,9.0,1.08,10.86,1.08,10.86,1.07,8.72,,,zverev a.,fearnley j.,atp_3,atp_97
5,Melbourne,Australian Open,1/17/2025,Grand Slam,Outdoor,Hard,3rd Round,5,Davidovich Fokina A.,Mensik J.,66,48.0,790,1162.0,3.0,6.0,4.0,6.0,7.0,6.0,6.0,4.0,6.0,2.0,3.0,2.0,Completed,2.63,1.5,2.65,1.55,2.72,1.55,2.6,1.5,,,davidovich fokina a.,mensik j.,atp_17,atp_26
5,Melbourne,Australian Open,1/17/2025,Grand Slam,Outdoor,Hard,3rd Round,5,Humbert U.,Fils A.,14,21.0,2765,2280.0,4.0,6.0,7.0,5.0,6.0,4.0,1.0,0.0,,,2.0,1.0,Retired,1.57,2.38,1.65,2.39,1.66,2.48,1.58,2.38,,,humbert u.,fils a.,atp_34,atp_28
5,Melbourne,Australian Open,1/17/2025,Grand Slam,Outdoor,Hard,3rd Round,5,Djokovic N.,Machac T.,7,25.0,3900,1805.0,6.0,1.0,6.0,4.0,6.0,4.0,,,,,3.0,0.0,Completed,1.22,4.33,1.22,4.85,1.28,4.85,1.24,4.03,,,djokovic n.,machac t.,atp_4,atp_55
5,Melbourne,Australian Open,1/17/2025,Grand Slam,Outdoor,Hard,3rd Round,5,Lehecka J.,Bonzi B.,29,64.0,1660,819.0,6.0,2.0,6.0,3.0,6.0,3.0,,,,,3.0,0.0,Completed,1.29,3.75,1.29,4.01,1.3,4.01,1.29,3.65,,,lehecka j.,bonzi b.,atp_14,atp_103
5,Melbourne,Australian Open,1/17/2025,Grand Slam,Outdoor,Hard,3rd Round,5,Draper J.,Vukic A.,18,68.0,2530,778.0,6.0,4.0,2.0,6.0,5.0,7.0,7.0,6.0,7.0,6.0,3.0,2.0,Completed,1.22,4.33,1.2,5.29,1.24,5.29,1.22,4.36,,,draper j.,vukic a.,atp_25,atp_84
5,Melbourne,Australian Open,1/18/2025,Grand Slam,Outdoor,Hard,3rd Round,5,Michelsen A.,Khachanov K.,42,19.0,1270,2410.0,6.0,3.0,7.0,6.0,6.0,2.0,,,,,3.0,0.0,Completed,2.5,1.53,2.5,1.6,2.5,1.66,2.37,1.58,,,michelsen a.,khachanov k.,atp_35,atp_15
5,Melbourne,Australian Open,1/18/2025,Grand Slam,Outdoor,Hard,3rd Round,5,Monfils G.,Fritz T.,41,4.0,1280,5350.0,3.0,6.0,7.0,5.0,7.0,6.0,6.0,4.0,,,3.0,1.0,Completed,7,1.1,7.4,1.13,7.4,1.15,6.44,1.12,,,monfils g.,fritz t.,atp_203,atp_8
5,Melbourne,Australian Open,1/18/2025,Grand Slam,Outdoor,Hard,3rd Round,5,De Minaur A.,Cerundolo F.,8,31.0,3535,1620.0,5.0,7.0,7.0,6.0,6.0,3.0,6.0,3.0,,,3.0,1.0,Completed,1.08,8.0,1.11,8.45,1.13,8.45,1.1,7.3,,,de minaur a.,cerundolo f.,atp_6,atp_20
5,Melbourne,Australian Open,1/18/2025,Grand Slam,Outdoor,Hard,3rd Round,5,Sonego L.,Marozsan F.,55,59.0,1026,960.0,6.0,7.0,7.0,6.0,6.0,1.0,6.0,2.0,,,3.0,1.0,Completed,1.8,2.0,1.85,2.07,1.85,2.1,1.79,2.02,,,sonego l.,marozsan f.,atp_63,atp_47
5,Melbourne,Australian Open,1/18/2025,Grand Slam,Outdoor,Hard,3rd Round,5,Tien L.,Moutet C.,121,69.0,493,772.0,7.0,6.0,6.0,3.0,6.0,3.0,,,,,3.0,0.0,Completed,1.91,1.91,1.93,1.98,1.93,2.01,1.87,1.93,,,tien l.,moutet c.,atp_22,atp_32
5,Melbourne,Australian Open,1/18/2025,Grand Slam,Outdoor,Hard,3rd Round,5,Shelton B.,Musetti L.,20,15.0,2280,2600.0,6.0,3.0,3.0,6.0,6.0,4.0,7.0,6.0,,,3.0,1.0,Completed,1.62,2.3,1.63,2.43,1.69,2.43,1.63,2.27,,,shelton b.,musetti l.,atp_9,atp_5
5,Melbourne,Australian Open,1/18/2025,Grand Slam,Outdoor,Hard,3rd Round,5,Sinner J.,Giron M.,1,46.0,11830,1175.0,6.0,3.0,6.0,4.0,6.0,2.0,,,,,3.0,0.0,Completed,1.01,23.0,1.02,32.69,1.03,32.69,1.02,16.82,,,sinner j.,giron m.,atp_2,atp_66
5,Melbourne,Australian Open,1/18/2025,Grand Slam,Outdoor,Hard,3rd Round,5,Rune H.,Kecmanovic M.,13,51.0,2910,1096.0,6.0,7.0,6.0,3.0,4.0,6.0,6.0,4.0,6.0,4.0,3.0,2.0,Completed,1.44,2.75,1.5,2.78,1.5,2.85,1.46,2.73,,,rune h.,kecmanovic m.,atp_29,atp_58
5,Melbourne,Australian Open,1/19/2025,Grand Slam,Outdoor,Hard,4th Round,5,Paul T.,Davidovich Fokina A.,11,66.0,3195,790.0,6.0,1.0,6.0,1.0,6.0,1.0,,,,,3.0,0.0,Completed,1.25,4.0,1.25,4.5,1.28,4.5,1.24,3.99,,,paul t.,davidovich fokina a.,atp_21,atp_17
5,Melbourne,Australian Open,1/19/2025,Grand Slam,Outdoor,Hard,4th Round,5,Alcaraz C.,Draper J.,3,18.0,7010,2530.0,7.0,5.0,6.0,1.0,,,,,,,2.0,0.0,Retired,1.08,8.0,1.09,10.06,1.12,10.06,1.08,8.12,,,alcaraz c.,draper j.,atp_1,atp_25
5,Melbourne,Australian Open,1/19/2025,Grand Slam,Outdoor,Hard,4th Round,5,Zverev A.,Humbert U.,2,14.0,7635,2765.0,6.0,1.0,2.0,6.0,6.0,3.0,6.0,2.0,,,3.0,1.0,Completed,1.17,5.0,1.17,5.89,1.21,5.89,1.17,4.97,,,zverev a.,humbert u.,atp_3,atp_34
5,Melbourne,Australian Open,1/19/2025,Grand Slam,Outdoor,Hard,4th Round,5,Djokovic N.,Lehecka J.,7,29.0,3900,1660.0,6.0,3.0,6.0,4.0,7.0,6.0,,,,,3.0,0.0,Completed,1.25,4.0,1.23,4.68,1.28,4.68,1.25,3.96,,,djokovic n.,lehecka j.,atp_4,atp_14
5,Melbourne,Australian Open,1/20/2025,Grand Slam,Outdoor,Hard,4th Round,5,Sinner J.,Rune H.,1,13.0,11830,2910.0,6.0,3.0,3.0,6.0,6.0,3.0,6.0,2.0,,,3.0,1.0,Completed,1.08,8.0,1.07,11.23,1.09,11.23,1.08,8.31,,,sinner j.,rune h.,atp_2,atp_29
5,Melbourne,Australian Open,1/20/2025,Grand Slam,Outdoor,Hard,4th Round,5,Sonego L.,Tien L.,55,121.0,1026,493.0,6.0,3.0,6.0,2.0,3.0,6.0,6.0,1.0,,,3.0,1.0,Completed,1.67,2.2,1.74,2.22,1.86,2.22,1.74,2.1,,,sonego l.,tien l.,atp_63,atp_22
5,Melbourne,Australian Open,1/20/2025,Grand Slam,Outdoor,Hard,4th Round,5,Shelton B.,Monfils G.,20,41.0,2280,1280.0,7.0,6.0,6.0,7.0,7.0,6.0,1.0,0.0,,,2.0,1.0,Retired,1.62,2.3,1.6,2.5,1.63,2.5,1.61,2.33,,,shelton b.,monfils g.,atp_9,atp_203
5,Melbourne,Australian Open,1/20/2025,Grand Slam,Outdoor,Hard,4th Round,5,De Minaur A.,Michelsen A.,8,42.0,3535,1270.0,6.0,0.0,7.0,6.0,6.0,3.0,,,,,3.0,0.0,Completed,1.25,4.0,1.28,4.12,1.29,4.12,1.26,3.83,,,de minaur a.,michelsen a.,atp_6,atp_35
5,Melbourne,Australian Open,1/21/2025,Grand Slam,Outdoor,Hard,Quarterfinals,5,Zverev A.,Paul T.,2,11.0,7635,3195.0,7.0,6.0,7.0,6.0,2.0,6.0,6.0,1.0,,,3.0,1.0,Completed,1.33,3.4,1.36,3.4,1.37,3.48,1.35,3.26,,,zverev a.,paul t.,atp_3,atp_21
5,Melbourne,Australian Open,1/21/2025,Grand Slam,Outdoor,Hard,Quarterfinals,5,Djokovic N.,Alcaraz C.,7,3.0,3900,7010.0,4.0,6.0,6.0,4.0,6.0,3.0,6.0,4.0,,,3.0,1.0,Completed,2.5,1.53,2.62,1.56,2.7,1.56,2.57,1.52,,,djokovic n.,alcaraz c.,atp_4,atp_1
5,Melbourne,Australian Open,1/22/2025,Grand Slam,Outdoor,Hard,Quarterfinals,5,Shelton B.,Sonego L.,20,55.0,2280,1026.0,6.0,4.0,7.0,5.0,4.0,6.0,7.0,6.0,,,3.0,1.0,Completed,1.36,3.2,1.4,3.22,1.4,3.3,1.37,3.15,,,shelton b.,sonego l.,atp_9,atp_63
5,Melbourne,Australian Open,1/22/2025,Grand Slam,Outdoor,Hard,Quarterfinals,5,Sinner J.,De Minaur A.,1,8.0,11830,3535.0,6.0,3.0,6.0,2.0,6.0,1.0,,,,,3.0,0.0,Completed,1.17,5.0,1.19,5.34,1.19,5.5,1.17,5.1,,,sinner j.,de minaur a.,atp_2,atp_6
5,Melbourne,Australian Open,1/24/2025,Grand Slam,Outdoor,Hard,Semifinals,5,Zverev A.,Djokovic N.,2,7.0,7635,3900.0,7.0,6.0,,,,,,,,,1.0,0.0,Retired,2.3,1.62,2.45,1.63,2.45,1.7,2.31,1.63,,,zverev a.,djokovic n.,atp_3,atp_4
5,Melbourne,Australian Open,1/24/2025,Grand Slam,Outdoor,Hard,Semifinals,5,Sinner J.,Shelton B.,1,20.0,11830,2280.0,7.0,6.0,6.0,2.0,6.0,2.0,,,,,3.0,0.0,Completed,1.05,11.0,1.09,10.06,1.09,11.0,1.06,9.51,,,sinner j.,shelton b.,atp_2,atp_9
5,Melbourne,Australian Open,1/26/2025,Grand Slam,Outdoor,Hard,The Final,5,Sinner J.,Zverev A.,1,2.0,11830,7635.0,6.0,3.0,7.0,6.0,6.0,3.0,,,,,3.0,0.0,Completed,1.33,3.4,1.34,3.6,1.39,3.4,1.35,3.31,,,sinner j.,zverev a.,atp_2,atp_3
6,Montpellier,Open Sud de France,1/27/2025,ATP250,Indoor,Hard,1st Round,3,Bu Y.,Altmaier D.,71,91.0,787,622.0,7.0,6.0,6.0,3.0,,,,,,,2.0,0.0,Completed,1.57,2.38,1.73,2.22,1.73,2.4,1.62,2.28,,,bu y.,altmaier d.,,atp_52
6,Montpellier,Open Sud de France,1/27/2025,ATP250,Indoor,Hard,1st Round,3,Cazaux A.,Wawrinka S.,101,154.0,582,361.0,6.0,4.0,6.0,3.0,,,,,,,2.0,0.0,Completed,1.53,2.5,1.56,2.56,1.62,2.6,1.54,2.44,,,cazaux a.,wawrinka s.,atp_68,atp_98
6,Montpellier,Open Sud de France,1/27/2025,ATP250,Indoor,Hard,1st Round,3,Koepfer D.,Barrere G.,118,144.0,515,406.0,6.0,4.0,7.0,6.0,,,,,,,2.0,0.0,Completed,2.1,1.73,2.04,1.85,2.1,1.96,1.97,1.81,,,koepfer d.,barrere g.,,
6,Montpellier,Open Sud de France,1/28/2025,ATP250,Indoor,Hard,1st Round,3,Eubanks C.,Kachmazov A.,111,199.0,548,299.0,7.0,5.0,6.0,4.0,,,,,,,2.0,0.0,Completed,1.8,2.0,1.85,2.05,1.85,2.12,1.77,2.02,,,eubanks c.,kachmazov a.,atp_420,atp_524
6,Montpellier,Open Sud de France,1/28/2025,ATP250,Indoor,Hard,1st Round,3,Lestienne C.,Coric B.,177,103.0,323,575.0,6.0,3.0,7.0,5.0,,,,,,,2.0,0.0,Completed,2,1.8,1.94,1.94,2.0,1.94,1.94,1.84,,,lestienne c.,coric b.,,atp_221
6,Montpellier,Open Sud de France,1/28/2025,ATP250,Indoor,Hard,1st Round,3,Griekspoor T.,Van De Zandschulp B.,46,84.0,1190,672.0,7.0,5.0,6.0,3.0,,,,,,,2.0,0.0,Completed,1.57,2.38,1.66,2.35,1.66,2.53,1.58,2.35,,,griekspoor t.,van de zandschulp b.,atp_30,atp_62
6,Montpellier,Open Sud de France,1/28/2025,ATP250,Indoor,Hard,1st Round,3,Bellucci M.,Pouille L.,98,104.0,605,575.0,6.0,4.0,6.0,4.0,,,,,,,2.0,0.0,Completed,2.1,1.73,2.04,1.85,2.25,1.85,2.08,1.73,,,bellucci m.,pouille l.,atp_73,
6,Montpellier,Open Sud de France,1/28/2025,ATP250,Indoor,Hard,1st Round,3,Gasquet R.,Mannarino A.,132,108.0,460,561.0,6.0,3.0,6.0,2.0,,,,,,,2.0,0.0,Completed,2.1,1.73,2.09,1.82,2.12,1.82,2.08,1.74,,,gasquet r.,mannarino a.,atp_384,atp_43
6,Montpellier,Open Sud de France,1/28/2025,ATP250,Indoor,Hard,1st Round,3,Rinderknech A.,Mayot H.,61,130.0,924,472.0,7.0,6.0,2.0,6.0,6.0,1.0,,,,,2.0,1.0,Completed,1.44,2.75,1.45,2.93,1.48,2.93,1.44,2.74,,,rinderknech a.,mayot h.,atp_27,atp_180
6,Montpellier,Open Sud de France,1/29/2025,ATP250,Indoor,Hard,1st Round,3,Basilashvili N.,Kukushkin M.,178,112.0,323,541.0,6.0,3.0,3.0,6.0,5.0,0.0,,,,,1.0,1.0,Retired,1.57,2.38,1.7,2.27,1.7,2.4,1.6,2.31,,,basilashvili n.,kukushkin m.,atp_129,atp_279
6,Montpellier,Open Sud de France,1/29/2025,ATP250,Indoor,Hard,1st Round,3,De Jong J.,Halys Q.,131,74.0,466,756.0,7.0,6.0,2.0,0.0,,,,,,,1.0,0.0,Retired,2.63,1.5,2.59,1.56,2.65,1.56,2.57,1.49,,,de jong j.,halys q.,atp_99,atp_90
6,Montpellier,Open Sud de France,1/29/2025,ATP250,Indoor,Hard,1st Round,3,Kovacevic A.,Goffin D.,102,56.0,577,994.0,6.0,2.0,3.0,6.0,6.0,4.0,,,,,2.0,1.0,Completed,1.62,2.3,1.65,2.37,1.65,2.38,1.6,2.29,,,kovacevic a.,goffin d.,atp_85,atp_179
6,Montpellier,Open Sud de France,1/29/2025,ATP250,Indoor,Hard,2nd Round,3,Rublev A.,Eubanks C.,10,111.0,3130,548.0,6.0,4.0,6.0,3.0,,,,,,,2.0,0.0,Completed,1.25,4.0,1.26,4.29,1.26,4.29,1.23,4.01,,,rublev a.,eubanks c.,atp_16,atp_420
6,Montpellier,Open Sud de France,1/29/2025,ATP250,Indoor,Hard,2nd Round,3,Bu Y.,Lestienne C.,71,177.0,787,323.0,6.0,2.0,6.0,1.0,,,,,,,2.0,0.0,Completed,1.62,2.3,1.61,2.49,1.67,2.49,1.61,2.28,,,bu y.,lestienne c.,,
6,Montpellier,Open Sud de France,1/29/2025,ATP250,Indoor,Hard,2nd Round,3,Auger-Aliassime F.,Cazaux A.,23,101.0,1855,582.0,6.0,4.0,7.0,6.0,,,,,,,2.0,0.0,Completed,1.44,2.75,1.43,3.08,1.46,3.08,1.43,2.79,,,augeraliassime f.,cazaux a.,,atp_68
6,Montpellier,Open Sud de France,1/29/2025,ATP250,Indoor,Hard,2nd Round,3,Bublik A.,Koepfer D.,39,118.0,1330,515.0,6.0,4.0,6.0,2.0,,,,,,,2.0,0.0,Completed,1.67,2.2,1.77,2.18,1.77,2.25,1.69,2.14,,,bublik a.,koepfer d.,atp_11,
6,Montpellier,Open Sud de France,1/30/2025,ATP250,Indoor,Hard,2nd Round,3,De Jong J.,Cobolli F.,131,34.0,466,1392.0,6.0,3.0,7.0,6.0,,,,,,,2.0,0.0,Completed,2.63,1.5,2.59,1.57,2.63,1.57,2.53,1.51,,,de jong j.,cobolli f.,atp_99,atp_13
6,Montpellier,Open Sud de France,1/30/2025,ATP250,Indoor,Hard,2nd Round,3,Kovacevic A.,Bellucci M.,102,98.0,577,605.0,7.0,5.0,7.0,6.0,,,,,,,2.0,0.0,Completed,1.8,2.0,1.76,2.19,1.82,2.19,1.77,2.03,,,kovacevic a.,bellucci m.,atp_85,atp_73
6,Montpellier,Open Sud de France,1/30/2025,ATP250,Indoor,Hard,2nd Round,3,Griekspoor T.,Gasquet R.,46,132.0,1190,460.0,6.0,3.0,3.0,6.0,7.0,5.0,,,,,2.0,1.0,Completed,1.36,3.2,1.44,3.04,1.44,3.2,1.38,3.0,,,griekspoor t.,gasquet r.,atp_30,atp_384
6,Montpellier,Open Sud de France,1/30/2025,ATP250,Indoor,Hard,2nd Round,3,Basilashvili N.,Rinderknech A.,178,61.0,323,924.0,6.0,0.0,7.0,6.0,,,,,,,2.0,0.0,Completed,2.3,1.62,2.3,1.69,2.38,1.69,2.27,1.63,,,basilashvili n.,rinderknech a.,atp_129,atp_27
6,Montpellier,Open Sud de France,1/31/2025,ATP250,Indoor,Hard,Quarterfinals,3,Auger-Aliassime F.,Bu Y.,23,71.0,1855,787.0,6.0,3.0,6.0,4.0,,,,,,,2.0,0.0,Completed,1.25,4.0,1.26,4.3,1.29,4.3,1.25,3.82,,,augeraliassime f.,bu y.,,
6,Montpellier,Open Sud de France,1/31/2025,ATP250,Indoor,Hard,Quarterfinals,3,De Jong J.,Griekspoor T.,131,46.0,466,1190.0,7.0,6.0,6.0,4.0,,,,,,,2.0,0.0,Completed,2.75,1.44,3.0,1.45,3.0,1.46,2.82,1.42,,,de jong j.,griekspoor t.,atp_99,atp_30
6,Montpellier,Open Sud de France,1/31/2025,ATP250,Indoor,Hard,Quarterfinals,3,Rublev A.,Basilashvili N.,10,178.0,3130,323.0,5.0,2.0,,,,,,,,,0.0,0.0,Retired,1.2,4.5,1.24,4.53,1.25,4.6,1.21,4.29,,,rublev a.,basilashvili n.,atp_16,atp_129
6,Montpellier,Open Sud de France,1/31/2025,ATP250,Indoor,Hard,Quarterfinals,3,Kovacevic A.,Bublik A.,102,39.0,577,1330.0,6.0,3.0,6.0,2.0,,,,,,,2.0,0.0,Completed,2.2,1.67,2.27,1.71,2.27,1.73,2.19,1.67,,,kovacevic a.,bublik a.,atp_85,atp_11
6,Montpellier,Open Sud de France,2/1/2025,ATP250,Indoor,Hard,Semifinals,3,Auger-Aliassime F.,De Jong J.,23,131.0,1855,466.0,6.0,4.0,7.0,6.0,,,,,,,2.0,0.0,Completed,1.17,5.0,1.21,5.13,1.21,5.16,1.18,4.81,,,augeraliassime f.,de jong j.,,atp_99
6,Montpellier,Open Sud de France,2/1/2025,ATP250,Indoor,Hard,Semifinals,3,Kovacevic A.,Rublev A.,102,10.0,577,3130.0,7.0,5.0,6.0,4.0,,,,,,,2.0,0.0,Completed,4,1.25,3.94,1.3,4.0,1.3,3.85,1.26,,,kovacevic a.,rublev a.,atp_85,atp_16
6,Montpellier,Open Sud de France,2/2/2025,ATP250,Indoor,Hard,The Final,3,Auger-Aliassime F.,Kovacevic A.,23,102.0,1855,577.0,6.0,2.0,6.0,7.0,7.0,6.0,,,,,2.0,1.0,Completed,1.25,4.0,1.29,3.98,1.29,4.0,1.26,3.83,,,augeraliassime f.,kovacevic a.,,atp_85
7,Dallas,Dallas Open,2/3/2025,ATP500,Indoor,Hard,1st Round,3,Davidovich Fokina A.,Holt B.,59,179.0,940,324.0,6.0,1.0,7.0,5.0,,,,,,,2.0,0.0,Completed,1.4,3.0,1.43,3.03,1.45,3.07,1.4,2.9,,,davidovich fokina a.,holt b.,atp_17,atp_254
7,Dallas,Dallas Open,2/3/2025,ATP500,Indoor,Hard,1st Round,3,Arnaldi M.,Eubanks C.,39,104.0,1265,567.0,6.0,3.0,6.0,4.0,,,,,,,2.0,0.0,Completed,1.8,2.0,1.79,2.12,1.85,2.12,1.79,2.0,,,arnaldi m.,eubanks c.,atp_107,atp_420
7,Dallas,Dallas Open,2/3/2025,ATP500,Indoor,Hard,1st Round,3,Hijikata R.,Mannarino A.,73,107.0,759,561.0,7.0,5.0,6.0,3.0,,,,,,,2.0,0.0,Completed,1.73,2.1,1.76,2.17,1.8,2.36,1.71,2.13,,,hijikata r.,mannarino a.,atp_102,atp_43
7,Dallas,Dallas Open,2/4/2025,ATP500,Indoor,Hard,1st Round,3,Tiafoe F.,Daniel T.,18,117.0,2560,519.0,6.0,1.0,3.0,6.0,6.0,4.0,,,,,2.0,1.0,Completed,1.17,5.0,1.19,5.28,1.26,5.28,1.19,4.73,,,tiafoe f.,daniel t.,atp_18,atp_340
7,Dallas,Dallas Open,2/4/2025,ATP500,Indoor,Hard,1st Round,3,Quinn E.,Svajda T.,199,669.0,307,43.0,6.0,4.0,6.0,2.0,,,,,,,2.0,0.0,Completed,1.2,4.5,1.24,4.53,1.25,4.53,1.21,4.25,,,quinn e.,svajda t.,atp_56,atp_388
7,Dallas,Dallas Open,2/4/2025,ATP500,Indoor,Hard,1st Round,3,Paul T.,Brooksby J.,9,1093.0,3495,10.0,6.0,7.0,6.0,3.0,6.0,4.0,,,,,2.0,1.0,Completed,1.05,11.0,1.09,9.59,1.09,11.3,1.06,9.08,,,paul t.,brooksby j.,atp_21,atp_41
7,Dallas,Dallas Open,2/4/2025,ATP500,Indoor,Hard,1st Round,3,Norrie C.,Michelsen A.,63,36.0,892,1370.0,2.0,6.0,7.0,6.0,6.0,1.0,,,,,2.0,1.0,Completed,2.75,1.44,2.66,1.56,2.75,1.56,2.57,1.5,,,norrie c.,michelsen a.,atp_24,atp_35
7,Dallas,Dallas Open,2/5/2025,ATP500,Indoor,Hard,1st Round,3,Shelton B.,Vukic A.,13,66.0,2980,868.0,6.0,3.0,6.0,3.0,,,,,,,2.0,0.0,Completed,1.2,4.5,1.23,4.68,1.23,4.68,1.22,4.22,,,shelton b.,vukic a.,atp_9,atp_84
7,Dallas,Dallas Open,2/5/2025,ATP500,Indoor,Hard,1st Round,3,Ruud C.,Duckworth J.,5,86.0,4160,665.0,7.0,5.0,4.0,6.0,6.0,2.0,,,,,2.0,1.0,Completed,,,,,1.1,6.75,1.1,6.75,,,ruud c.,duckworth j.,atp_12,atp_95
7,Dallas,Dallas Open,2/5/2025,ATP500,Indoor,Hard,1st Round,3,Munar J.,Bu Y.,64,68.0,882,830.0,7.0,5.0,6.0,2.0,,,,,,,2.0,0.0,Completed,2.5,1.53,2.37,1.65,2.6,1.65,2.4,1.56,,,munar j.,bu y.,atp_37,
7,Dallas,Dallas Open,2/5/2025,ATP500,Indoor,Hard,1st Round,3,Nishioka Y.,Nakashima B.,67,42.0,847,1250.0,6.0,4.0,7.0,6.0,,,,,,,2.0,0.0,Completed,2.63,1.5,2.59,1.56,2.63,1.58,2.46,1.54,,,nishioka y.,nakashima b.,atp_173,atp_33
7,Dallas,Dallas Open,2/5/2025,ATP500,Indoor,Hard,1st Round,3,Mmoh M.,Carballes Baena R.,422,51.0,106,1071.0,6.0,1.0,3.0,6.0,6.0,4.0,,,,,2.0,1.0,Completed,2.3,1.62,2.33,1.67,2.49,1.67,2.26,1.62,,,mmoh m.,carballes baena r.,atp_256,atp_159
7,Dallas,Dallas Open,2/5/2025,ATP500,Indoor,Hard,1st Round,3,Machac T.,Nishikori K.,25,71.0,1805,793.0,6.0,2.0,6.0,2.0,,,,,,,2.0,0.0,Completed,1.5,2.63,1.52,2.68,1.53,2.68,1.5,2.56,,,machac t.,nishikori k.,atp_55,atp_417
7,Dallas,Dallas Open,2/5/2025,ATP500,Indoor,Hard,1st Round,3,Opelka R.,Shevchenko A.,145,82.0,391,693.0,7.0,6.0,6.0,4.0,,,,,,,2.0,0.0,Completed,1.4,3.0,1.4,3.16,1.41,3.16,1.38,3.0,,,opelka r.,shevchenko a.,atp_64,atp_76
7,Dallas,Dallas Open,2/6/2025,ATP500,Indoor,Hard,1st Round,3,Fritz T.,Rinderknech A.,4,60.0,5050,936.0,6.0,4.0,6.0,2.0,,,,,,,2.0,0.0,Completed,1.08,8.0,1.12,7.57,1.12,8.0,1.1,7.01,,,fritz t.,rinderknech a.,atp_8,atp_27
7,Dallas,Dallas Open,2/6/2025,ATP500,Indoor,Hard,1st Round,3,Shapovalov D.,Kecmanovic M.,54,55.0,1021,996.0,6.0,3.0,6.0,7.0,6.0,3.0,,,,,2.0,1.0,Completed,1.57,2.38,1.68,2.32,1.68,2.39,1.62,2.26,,,shapovalov d.,kecmanovic m.,atp_38,atp_58
7,Dallas,Dallas Open,2/6/2025,ATP500,Indoor,Hard,2nd Round,3,Nishioka Y.,Tiafoe F.,67,18.0,847,2560.0,3.0,6.0,6.0,4.0,6.0,3.0,,,,,2.0,1.0,Completed,2.5,1.53,2.61,1.56,2.61,1.57,2.48,1.53,,,nishioka y.,tiafoe f.,atp_173,atp_18
7,Dallas,Dallas Open,2/6/2025,ATP500,Indoor,Hard,2nd Round,3,Arnaldi M.,Davidovich Fokina A.,39,59.0,1265,940.0,6.0,1.0,6.0,3.0,,,,,,,2.0,0.0,Completed,2.2,1.67,2.28,1.71,2.28,1.71,2.18,1.66,,,arnaldi m.,davidovich fokina a.,atp_107,atp_17
7,Dallas,Dallas Open,2/6/2025,ATP500,Indoor,Hard,2nd Round,3,Munar J.,Shelton B.,64,13.0,882,2980.0,6.0,2.0,7.0,6.0,,,,,,,2.0,0.0,Completed,7,1.1,7.74,1.12,7.74,1.13,6.68,1.1,,,munar j.,shelton b.,atp_37,atp_9
7,Dallas,Dallas Open,2/6/2025,ATP500,Indoor,Hard,2nd Round,3,Machac T.,Hijikata R.,25,73.0,1805,759.0,6.0,4.0,7.0,6.0,,,,,,,2.0,0.0,Completed,1.14,5.5,1.15,6.37,1.16,6.37,1.14,5.45,,,machac t.,hijikata r.,atp_55,atp_102
7,Dallas,Dallas Open,2/6/2025,ATP500,Indoor,Hard,2nd Round,3,Ruud C.,Mmoh M.,5,422.0,4160,106.0,6.0,1.0,6.0,4.0,,,,,,,2.0,0.0,Completed,1.2,4.5,1.21,5.19,1.22,5.19,1.2,4.48,,,ruud c.,mmoh m.,atp_12,atp_256
7,Dallas,Dallas Open,2/6/2025,ATP500,Indoor,Hard,2nd Round,3,Opelka R.,Norrie C.,145,63.0,391,892.0,4.0,6.0,7.0,6.0,6.0,4.0,,,,,2.0,1.0,Completed,1.73,2.1,1.75,2.22,1.75,2.22,1.72,2.09,,,opelka r.,norrie c.,atp_64,atp_24
7,Dallas,Dallas Open,2/7/2025,ATP500,Indoor,Hard,2nd Round,3,Paul T.,Quinn E.,9,199.0,3495,307.0,6.0,4.0,5.0,7.0,6.0,4.0,,,,,2.0,1.0,Completed,1.14,5.5,1.18,5.75,1.18,5.75,1.16,5.21,,,paul t.,quinn e.,atp_21,atp_56
7,Dallas,Dallas Open,2/7/2025,ATP500,Indoor,Hard,2nd Round,3,Shapovalov D.,Fritz T.,54,4.0,1021,5050.0,2.0,6.0,6.0,3.0,7.0,6.0,,,,,2.0,1.0,Completed,3.75,1.29,3.89,1.3,3.89,1.31,3.52,1.29,,,shapovalov d.,fritz t.,atp_38,atp_8
7,Dallas,Dallas Open,2/7/2025,ATP500,Indoor,Hard,Quarterfinals,3,Munar J.,Arnaldi M.,64,39.0,882,1265.0,6.0,4.0,3.0,6.0,6.0,3.0,,,,,2.0,1.0,Completed,2.3,1.62,2.53,1.59,2.62,1.65,2.34,1.59,,,munar j.,arnaldi m.,atp_37,atp_107
7,Dallas,Dallas Open,2/7/2025,ATP500,Indoor,Hard,Quarterfinals,3,Ruud C.,Nishioka Y.,5,67.0,4160,847.0,7.0,5.0,3.0,2.0,,,,,,,1.0,0.0,Retired,1.4,3.0,1.4,3.24,1.4,3.24,1.37,3.03,,,ruud c.,nishioka y.,atp_12,atp_173
7,Dallas,Dallas Open,2/8/2025,ATP500,Indoor,Hard,Quarterfinals,3,Paul T.,Opelka R.,9,145.0,3495,391.0,7.0,6.0,6.0,2.0,,,,,,,2.0,0.0,Completed,1.53,2.5,1.58,2.55,1.58,2.75,1.52,2.5,,,paul t.,opelka r.,atp_21,atp_64
7,Dallas,Dallas Open,2/8/2025,ATP500,Indoor,Hard,Quarterfinals,3,Shapovalov D.,Machac T.,54,25.0,1021,1805.0,7.0,6.0,6.0,0.0,,,,,,,2.0,0.0,Completed,2.2,1.67,2.17,1.78,2.2,1.78,2.11,1.71,,,shapovalov d.,machac t.,atp_38,atp_55
7,Dallas,Dallas Open,2/8/2025,ATP500,Indoor,Hard,Semifinals,3,Ruud C.,Munar J.,5,64.0,4160,882.0,6.0,2.0,2.0,6.0,7.0,6.0,,,,,2.0,1.0,Completed,1.33,3.4,1.38,3.31,1.38,3.4,1.34,3.2,,,ruud c.,munar j.,atp_12,atp_37
7,Dallas,Dallas Open,2/8/2025,ATP500,Indoor,Hard,Semifinals,3,Shapovalov D.,Paul T.,54,9.0,1021,3495.0,7.0,5.0,6.0,3.0,,,,,,,2.0,0.0,Completed,2.63,1.5,2.6,1.54,2.63,1.54,2.55,1.51,,,shapovalov d.,paul t.,atp_38,atp_21
7,Dallas,Dallas Open,2/9/2025,ATP500,Indoor,Hard,The Final,3,Shapovalov D.,Ruud C.,54,5.0,1021,4160.0,7.0,6.0,6.0,3.0,,,,,,,2.0,0.0,Completed,1.62,2.3,1.7,2.28,1.71,2.3,1.66,2.22,,,shapovalov d.,ruud c.,atp_38,atp_12
8,Rotterdam,ABN AMRO World Tennis Tournament,2/3/2025,ATP500,Indoor,Hard,1st Round,3,Hurkacz H.,Cobolli F.,21,35.0,2205,1372.0,6.0,3.0,6.0,2.0,,,,,,,2.0,0.0,Completed,1.29,3.75,1.32,3.66,1.33,3.75,1.3,3.49,,,hurkacz h.,cobolli f.,atp_72,atp_13
8,Rotterdam,ABN AMRO World Tennis Tournament,2/3/2025,ATP500,Indoor,Hard,1st Round,3,Tsitsipas S.,Mayot H.,12,138.0,3005,428.0,6.0,1.0,7.0,5.0,,,,,,,2.0,0.0,Completed,1.3,3.5,1.32,3.67,1.36,3.67,1.3,3.48,,,tsitsipas s.,mayot h.,atp_49,atp_180
8,Rotterdam,ABN AMRO World Tennis Tournament,2/3/2025,ATP500,Indoor,Hard,1st Round,3,Medvedev D.,Wawrinka S.,7,155.0,3780,361.0,6.0,7.0,6.0,4.0,6.0,1.0,,,,,2.0,1.0,Completed,1.14,5.5,1.17,5.94,1.18,5.94,1.16,5.26,,,medvedev d.,wawrinka s.,atp_10,atp_98
8,Rotterdam,ABN AMRO World Tennis Tournament,2/3/2025,ATP500,Indoor,Hard,1st Round,3,Bellucci M.,Rottgering M.,92,839.0,624,24.0,6.0,3.0,6.0,2.0,,,,,,,2.0,0.0,Completed,1.05,11.0,1.07,11.24,1.08,11.24,1.06,9.27,,,bellucci m.,rottgering m.,atp_73,atp_476
8,Rotterdam,ABN AMRO World Tennis Tournament,2/4/2025,ATP500,Indoor,Hard,1st Round,3,Lehecka J.,Popyrin A.,24,26.0,1810,1800.0,7.0,5.0,6.0,2.0,,,,,,,2.0,0.0,Completed,1.4,3.0,1.41,3.11,1.45,3.15,1.4,2.95,,,lehecka j.,popyrin a.,atp_14,atp_45
8,Rotterdam,ABN AMRO World Tennis Tournament,2/4/2025,ATP500,Indoor,Hard,1st Round,3,De Minaur A.,Goffin D.,8,56.0,3735,994.0,6.0,2.0,6.0,4.0,,,,,,,2.0,0.0,Completed,1.06,10.0,1.09,9.57,1.09,10.51,1.06,8.78,,,de minaur a.,goffin d.,atp_6,atp_179
8,Rotterdam,ABN AMRO World Tennis Tournament,2/4/2025,ATP500,Indoor,Hard,1st Round,3,Mensik J.,Bublik A.,47,49.0,1182,1130.0,6.0,4.0,6.0,4.0,,,,,,,2.0,0.0,Completed,1.4,3.0,1.42,3.06,1.46,3.06,1.42,2.83,,,mensik j.,bublik a.,atp_26,atp_11
8,Rotterdam,ABN AMRO World Tennis Tournament,2/4/2025,ATP500,Indoor,Hard,1st Round,3,Rublev A.,Zhang Zh.,10,50.0,3220,1100.0,6.0,3.0,6.0,4.0,,,,,,,2.0,0.0,Completed,1.22,4.33,1.25,4.37,1.28,4.49,1.23,4.15,,,rublev a.,zhang z.,atp_16,atp_263
8,Rotterdam,ABN AMRO World Tennis Tournament,2/4/2025,ATP500,Indoor,Hard,1st Round,3,Martinez P.,Bautista Agut R.,44,52.0,1205,1067.0,6.0,3.0,6.0,2.0,,,,,,,2.0,0.0,Completed,2.2,1.67,2.39,1.64,2.39,1.69,2.25,1.64,,,martinez p.,bautista agut r.,atp_113,atp_80
8,Rotterdam,ABN AMRO World Tennis Tournament,2/4/2025,ATP500,Indoor,Hard,1st Round,3,Alcaraz C.,Van De Zandschulp B.,3,84.0,7010,672.0,7.0,6.0,3.0,6.0,6.0,1.0,,,,,2.0,1.0,Completed,1.07,9.0,1.07,10.79,1.09,10.79,1.06,8.77,,,alcaraz c.,van de zandschulp b.,atp_1,atp_62
8,Rotterdam,ABN AMRO World Tennis Tournament,2/4/2025,ATP500,Indoor,Hard,1st Round,3,Rune H.,Sonego L.,14,34.0,2970,1376.0,7.0,6.0,6.0,4.0,,,,,,,2.0,0.0,Completed,1.36,3.2,1.35,3.46,1.4,3.46,1.36,3.09,,,rune h.,sonego l.,atp_29,atp_63
8,Rotterdam,ABN AMRO World Tennis Tournament,2/5/2025,ATP500,Indoor,Hard,1st Round,3,Fils A.,Lestienne C.,19,169.0,2330,336.0,6.0,7.0,6.0,2.0,6.0,1.0,,,,,2.0,1.0,Completed,1.2,4.5,1.22,4.81,1.23,4.81,1.2,4.43,,,fils a.,lestienne c.,atp_28,
8,Rotterdam,ABN AMRO World Tennis Tournament,2/5/2025,ATP500,Indoor,Hard,1st Round,3,Altmaier D.,Kovacevic A.,93,75.0,622,748.0,1.0,6.0,6.0,4.0,6.0,3.0,,,,,2.0,1.0,Completed,,,,,6.25,1.13,5.78,1.13,,,altmaier d.,kovacevic a.,atp_52,atp_85
8,Rotterdam,ABN AMRO World Tennis Tournament,2/5/2025,ATP500,Indoor,Hard,1st Round,3,Marozsan F.,Struff J.L.,57,45.0,960,1200.0,6.0,3.0,4.0,6.0,7.0,6.0,,,,,2.0,1.0,Completed,2.2,1.67,2.34,1.66,2.34,1.68,2.24,1.64,,,marozsan f.,struff j.,atp_47,
8,Rotterdam,ABN AMRO World Tennis Tournament,2/5/2025,ATP500,Indoor,Hard,1st Round,3,Vavassori A.,Auger-Aliassime F.,317,23.0,163,2005.0,6.0,7.0,6.0,4.0,,,,,,,1.0,1.0,Retired,8,1.08,7.82,1.11,8.01,1.11,7.14,1.09,,,vavassori a.,augeraliassime f.,atp_607,
8,Rotterdam,ABN AMRO World Tennis Tournament,2/5/2025,ATP500,Indoor,Hard,1st Round,3,Griekspoor T.,Berrettini M.,43,33.0,1230,1430.0,6.0,3.0,6.0,7.0,7.0,6.0,,,,,2.0,1.0,Completed,2.38,1.57,2.54,1.57,2.54,1.61,2.37,1.57,,,griekspoor t.,berrettini m.,atp_30,atp_91
8,Rotterdam,ABN AMRO World Tennis Tournament,2/5/2025,ATP500,Indoor,Hard,2nd Round,3,Bellucci M.,Medvedev D.,92,7.0,624,3780.0,6.0,3.0,6.0,7.0,6.0,3.0,,,,,2.0,1.0,Completed,3.5,1.3,3.66,1.31,4.66,1.36,3.47,1.3,,,bellucci m.,medvedev d.,atp_73,atp_10
8,Rotterdam,ABN AMRO World Tennis Tournament,2/5/2025,ATP500,Indoor,Hard,2nd Round,3,Hurkacz H.,Lehecka J.,21,24.0,2205,1810.0,7.0,5.0,2.0,0.0,,,,,,,1.0,0.0,Retired,2.1,1.73,2.16,1.78,2.16,1.8,2.07,1.73,,,hurkacz h.,lehecka j.,atp_72,atp_14
8,Rotterdam,ABN AMRO World Tennis Tournament,2/6/2025,ATP500,Indoor,Hard,2nd Round,3,De Minaur A.,Mensik J.,8,47.0,3735,1182.0,6.0,4.0,6.0,4.0,,,,,,,2.0,0.0,Completed,1.4,3.0,1.4,3.3,1.41,3.3,1.38,2.99,,,de minaur a.,mensik j.,atp_6,atp_26
8,Rotterdam,ABN AMRO World Tennis Tournament,2/6/2025,ATP500,Indoor,Hard,2nd Round,3,Altmaier D.,Fils A.,93,19.0,622,2330.0,6.0,4.0,3.0,6.0,7.0,5.0,,,,,2.0,1.0,Completed,4,1.25,4.46,1.25,4.46,1.27,3.98,1.24,,,altmaier d.,fils a.,atp_52,atp_28
8,Rotterdam,ABN AMRO World Tennis Tournament,2/6/2025,ATP500,Indoor,Hard,2nd Round,3,Rublev A.,Marozsan F.,10,57.0,3220,960.0,7.0,6.0,7.0,6.0,,,,,,,2.0,0.0,Completed,1.25,4.0,1.28,4.14,1.32,4.14,1.26,3.81,,,rublev a.,marozsan f.,atp_16,atp_47
8,Rotterdam,ABN AMRO World Tennis Tournament,2/6/2025,ATP500,Indoor,Hard,2nd Round,3,Tsitsipas S.,Griekspoor T.,12,43.0,3005,1230.0,6.0,7.0,7.0,6.0,7.0,5.0,,,,,2.0,1.0,Completed,1.73,2.1,1.78,2.16,1.78,2.17,1.73,2.07,,,tsitsipas s.,griekspoor t.,atp_49,atp_30
8,Rotterdam,ABN AMRO World Tennis Tournament,2/6/2025,ATP500,Indoor,Hard,2nd Round,3,Alcaraz C.,Vavassori A.,3,317.0,7010,163.0,6.0,2.0,6.0,1.0,,,,,,,2.0,0.0,Completed,1.07,9.0,1.08,7.11,1.09,15.2,1.07,8.13,,,alcaraz c.,vavassori a.,atp_1,atp_607
8,Rotterdam,ABN AMRO World Tennis Tournament,2/6/2025,ATP500,Indoor,Hard,2nd Round,3,Martinez P.,Rune H.,44,14.0,1205,2970.0,6.0,4.0,6.0,1.0,,,,,,,2.0,0.0,Completed,4.5,1.2,3.85,1.23,6.43,1.25,4.56,1.19,,,martinez p.,rune h.,atp_113,atp_29
8,Rotterdam,ABN AMRO World Tennis Tournament,2/7/2025,ATP500,Indoor,Hard,Quarterfinals,3,De Minaur A.,Altmaier D.,8,93.0,3735,622.0,6.0,1.0,6.0,4.0,,,,,,,2.0,0.0,Completed,1.06,10.0,1.08,10.47,1.09,10.82,1.06,9.05,,,de minaur a.,altmaier d.,atp_6,atp_52
8,Rotterdam,ABN AMRO World Tennis Tournament,2/7/2025,ATP500,Indoor,Hard,Quarterfinals,3,Bellucci M.,Tsitsipas S.,92,12.0,624,3005.0,6.0,4.0,6.0,2.0,,,,,,,2.0,0.0,Completed,2.75,1.44,2.62,1.45,3.01,1.5,2.72,1.44,,,bellucci m.,tsitsipas s.,atp_73,atp_49
8,Rotterdam,ABN AMRO World Tennis Tournament,2/7/2025,ATP500,Indoor,Hard,Quarterfinals,3,Alcaraz C.,Martinez P.,3,44.0,7010,1205.0,6.0,2.0,6.0,1.0,,,,,,,2.0,0.0,Completed,1.05,11.0,1.08,7.35,1.08,12.9,1.05,9.83,,,alcaraz c.,martinez p.,atp_1,atp_113
8,Rotterdam,ABN AMRO World Tennis Tournament,2/7/2025,ATP500,Indoor,Hard,Quarterfinals,3,Hurkacz H.,Rublev A.,21,10.0,2205,3220.0,6.0,7.0,6.0,3.0,6.0,4.0,,,,,2.0,1.0,Completed,2.1,1.73,2.1,1.83,2.13,1.83,2.07,1.74,,,hurkacz h.,rublev a.,atp_72,atp_16
8,Rotterdam,ABN AMRO World Tennis Tournament,2/8/2025,ATP500,Indoor,Hard,Semifinals,3,De Minaur A.,Bellucci M.,8,92.0,3735,624.0,6.0,1.0,6.0,2.0,,,,,,,2.0,0.0,Completed,1.17,4.5,1.2,5.25,1.21,5.25,1.18,4.7,,,de minaur a.,bellucci m.,atp_6,atp_73
8,Rotterdam,ABN AMRO World Tennis Tournament,2/8/2025,ATP500,Indoor,Hard,Semifinals,3,Alcaraz C.,Hurkacz H.,3,21.0,7010,2205.0,6.0,4.0,6.0,7.0,6.0,3.0,,,,,2.0,1.0,Completed,1.25,4.0,1.26,4.36,1.26,4.4,1.23,4.09,,,alcaraz c.,hurkacz h.,atp_1,atp_72
8,Rotterdam,ABN AMRO World Tennis Tournament,2/9/2025,ATP500,Indoor,Hard,The Final,3,Alcaraz C.,De Minaur A.,3,8.0,7010,3735.0,6.0,4.0,3.0,6.0,6.0,2.0,,,,,2.0,1.0,Completed,1.36,3.2,1.4,3.24,1.4,3.55,1.35,3.16,,,alcaraz c.,de minaur a.,atp_1,atp_6
9,Buenos Aires,Argentina Open,2/10/2025,ATP250,Outdoor,Clay,1st Round,3,Lajovic D.,Carballes Baena R.,81,50.0,717,1071.0,7.0,6.0,7.0,5.0,,,,,,,2.0,0.0,Completed,2.5,1.53,2.48,1.6,2.59,1.6,2.44,1.55,,,lajovic d.,carballes baena r.,atp_132,atp_159
9,Buenos Aires,Argentina Open,2/10/2025,ATP250,Outdoor,Clay,1st Round,3,Djere L.,Muller A.,112,58.0,525,953.0,6.0,3.0,6.0,3.0,,,,,,,2.0,0.0,Completed,1.57,2.38,1.6,2.47,1.6,2.47,1.56,2.39,,,djere l.,muller a.,atp_204,atp_94
9,Buenos Aires,Argentina Open,2/10/2025,ATP250,Outdoor,Clay,1st Round,3,Seyboth Wild T.,Diaz Acosta F.,77,75.0,732,748.0,3.0,6.0,6.0,2.0,6.0,3.0,,,,,2.0,1.0,Completed,2.2,1.67,2.19,1.75,2.22,1.75,2.13,1.7,,,seyboth wild t.,diaz acosta f.,atp_245,atp_222
9,Buenos Aires,Argentina Open,2/11/2025,ATP250,Outdoor,Clay,1st Round,3,Navone M.,Comesana F.,47,84.0,1158,674.0,6.0,4.0,6.0,4.0,,,,,,,2.0,0.0,Completed,1.4,3.0,1.44,2.98,1.45,3.0,1.41,2.88,,,navone m.,comesana f.,atp_60,atp_87
9,Buenos Aires,Argentina Open,2/11/2025,ATP250,Outdoor,Clay,1st Round,3,Baez S.,Ugo Carabelli C.,31,87.0,1535,672.0,6.0,4.0,6.0,4.0,,,,,,,2.0,0.0,Completed,1.4,3.0,1.46,2.91,1.46,3.23,1.39,2.95,,,baez s.,ugo carabelli c.,atp_50,atp_67
9,Buenos Aires,Argentina Open,2/11/2025,ATP250,Outdoor,Clay,1st Round,3,Cerundolo J.M.,Burruchaga R.,139,141.0,432,428.0,7.0,6.0,5.0,7.0,7.0,5.0,,,,,2.0,1.0,Completed,2,1.8,2.14,1.78,2.14,1.83,2.03,1.76,,,cerundolo j.,burruchaga r.,,
9,Buenos Aires,Argentina Open,2/11/2025,ATP250,Outdoor,Clay,1st Round,3,Cerundolo F.,Darderi L.,28,59.0,1670,945.0,6.0,4.0,6.0,4.0,,,,,,,2.0,0.0,Completed,1.36,3.2,1.37,3.36,1.37,3.36,1.34,3.18,,,cerundolo f.,darderi l.,atp_20,atp_19
9,Buenos Aires,Argentina Open,2/12/2025,ATP250,Outdoor,Clay,1st Round,3,Fonseca J.,Etcheverry T.,99,44.0,600,1240.0,6.0,3.0,6.0,3.0,,,,,,,2.0,0.0,Completed,1.8,2.0,1.81,2.1,1.82,2.1,1.78,2.01,,,fonseca j.,etcheverry t.,atp_40,
9,Buenos Aires,Argentina Open,2/12/2025,ATP250,Outdoor,Clay,1st Round,3,Coria F.,Gaston H.,115,91.0,501,649.0,6.0,3.0,6.0,2.0,,,,,,,2.0,0.0,Completed,1.67,2.2,1.68,2.3,1.68,2.3,1.65,2.2,,,coria f.,gaston h.,atp_655,atp_116
9,Buenos Aires,Argentina Open,2/12/2025,ATP250,Outdoor,Clay,1st Round,3,Martinez P.,Dzumhur D.,41,90.0,1295,654.0,0.0,6.0,6.0,2.0,7.0,6.0,,,,,2.0,1.0,Completed,1.36,3.2,1.41,3.12,1.42,3.21,1.38,3.01,,,martinez p.,dzumhur d.,atp_113,atp_74
9,Buenos Aires,Argentina Open,2/12/2025,ATP250,Outdoor,Clay,1st Round,3,Schwartzman D.,Jarry N.,386,40.0,124,1340.0,7.0,6.0,4.0,6.0,6.0,3.0,,,,,2.0,1.0,Completed,4.33,1.22,4.23,1.26,4.33,1.29,4.01,1.23,,,schwartzman d.,jarry n.,,atp_154
9,Buenos Aires,Argentina Open,2/12/2025,ATP250,Outdoor,Clay,1st Round,3,Moutet C.,Nagal S.,66,129.0,872,473.0,7.0,5.0,6.0,2.0,,,,,,,2.0,0.0,Completed,1.44,2.75,1.44,2.98,1.47,3.01,1.42,2.8,,,moutet c.,nagal s.,atp_32,atp_281
9,Buenos Aires,Argentina Open,2/12/2025,ATP250,Outdoor,Clay,2nd Round,3,Djere L.,Tabilo A.,112,27.0,525,1705.0,2.0,6.0,6.0,1.0,7.0,6.0,,,,,2.0,1.0,Completed,1.53,2.5,1.56,2.6,1.57,2.6,1.53,2.46,,,djere l.,tabilo a.,atp_204,atp_39
9,Buenos Aires,Argentina Open,2/12/2025,ATP250,Outdoor,Clay,2nd Round,3,Zverev A.,Lajovic D.,2,81.0,8135,717.0,6.0,4.0,6.0,4.0,,,,,,,2.0,0.0,Completed,1.11,6.5,1.11,8.14,1.12,8.27,1.09,7.14,,,zverev a.,lajovic d.,atp_3,atp_132
9,Buenos Aires,Argentina Open,2/12/2025,ATP250,Outdoor,Clay,2nd Round,3,Seyboth Wild T.,Baez S.,77,31.0,732,1535.0,6.0,3.0,6.0,4.0,,,,,,,2.0,0.0,Completed,2.63,1.5,2.74,1.52,2.75,1.52,2.63,1.47,,,seyboth wild t.,baez s.,atp_245,atp_50
9,Buenos Aires,Argentina Open,2/12/2025,ATP250,Outdoor,Clay,2nd Round,3,Cerundolo F.,Cerundolo J.M.,28,139.0,1670,432.0,6.0,2.0,6.0,3.0,,,,,,,2.0,0.0,Completed,1.17,5.0,1.23,4.73,1.23,5.0,1.2,4.43,,,cerundolo f.,cerundolo j.,atp_20,
9,Buenos Aires,Argentina Open,2/13/2025,ATP250,Outdoor,Clay,2nd Round,3,Fonseca J.,Coria F.,99,115.0,600,501.0,2.0,6.0,6.0,4.0,6.0,2.0,,,,,2.0,1.0,Completed,1.13,6.0,1.18,5.78,1.18,6.05,1.15,5.37,,,fonseca j.,coria f.,atp_40,atp_655
9,Buenos Aires,Argentina Open,2/13/2025,ATP250,Outdoor,Clay,2nd Round,3,Martinez P.,Schwartzman D.,41,386.0,1295,124.0,6.0,2.0,6.0,2.0,,,,,,,2.0,0.0,Completed,1.36,3.2,1.41,3.17,1.41,3.22,1.37,3.01,,,martinez p.,schwartzman d.,atp_113,
9,Buenos Aires,Argentina Open,2/13/2025,ATP250,Outdoor,Clay,2nd Round,3,Navone M.,Rune H.,47,12.0,1158,3010.0,6.0,1.0,7.0,6.0,,,,,,,2.0,0.0,Completed,2.38,1.57,2.26,1.6,2.65,1.61,2.4,1.54,,,navone m.,rune h.,atp_60,atp_29
9,Buenos Aires,Argentina Open,2/13/2025,ATP250,Outdoor,Clay,2nd Round,3,Musetti L.,Moutet C.,16,66.0,2650,872.0,6.0,2.0,6.0,3.0,,,,,,,2.0,0.0,Completed,1.3,3.5,1.35,3.49,1.36,3.5,1.32,3.28,,,musetti l.,moutet c.,atp_5,atp_32
9,Buenos Aires,Argentina Open,2/14/2025,ATP250,Outdoor,Clay,Quarterfinals,3,Djere L.,Seyboth Wild T.,112,77.0,525,732.0,7.0,6.0,6.0,3.0,,,,,,,2.0,0.0,Completed,1.73,2.1,1.76,2.18,1.76,2.22,1.72,2.1,,,djere l.,seyboth wild t.,atp_204,atp_245
9,Buenos Aires,Argentina Open,2/14/2025,ATP250,Outdoor,Clay,Quarterfinals,3,Fonseca J.,Navone M.,99,47.0,600,1158.0,3.0,6.0,6.0,4.0,7.0,5.0,,,,,2.0,1.0,Completed,1.57,2.38,1.65,2.41,1.65,2.47,1.58,2.36,,,fonseca j.,navone m.,atp_40,atp_60
9,Buenos Aires,Argentina Open,2/14/2025,ATP250,Outdoor,Clay,Quarterfinals,3,Cerundolo F.,Zverev A.,28,2.0,1670,8135.0,3.0,6.0,6.0,3.0,6.0,2.0,,,,,2.0,1.0,Completed,3.5,1.3,3.17,1.41,3.5,1.41,3.11,1.35,,,cerundolo f.,zverev a.,atp_20,atp_3
9,Buenos Aires,Argentina Open,2/15/2025,ATP250,Outdoor,Clay,Quarterfinals,3,Martinez P.,Musetti L.,41,16.0,1295,2650.0,,,,,,,,,,,,,Walkover,3.4,1.33,3.72,1.32,3.72,1.35,3.43,1.3,,,martinez p.,musetti l.,atp_113,atp_5
9,Buenos Aires,Argentina Open,2/15/2025,ATP250,Outdoor,Clay,Semifinals,3,Fonseca J.,Djere L.,99,112.0,600,525.0,7.0,6.0,5.0,7.0,6.0,1.0,,,,,2.0,1.0,Completed,1.62,2.3,1.71,2.27,1.72,2.46,1.64,2.24,,,fonseca j.,djere l.,atp_40,atp_204
9,Buenos Aires,Argentina Open,2/15/2025,ATP250,Outdoor,Clay,Semifinals,3,Cerundolo F.,Martinez P.,28,41.0,1670,1295.0,6.0,2.0,6.0,4.0,,,,,,,2.0,0.0,Completed,1.3,3.5,1.32,3.76,1.34,3.76,1.3,3.46,,,cerundolo f.,martinez p.,atp_20,atp_113
9,Buenos Aires,Argentina Open,2/16/2025,ATP250,Outdoor,Clay,The Final,3,Fonseca J.,Cerundolo F.,99,28.0,600,1670.0,6.0,4.0,7.0,6.0,,,,,,,2.0,0.0,Completed,2.3,1.62,2.31,1.69,2.32,1.75,2.25,1.63,,,fonseca j.,cerundolo f.,atp_40,atp_20
10,Delray Beach,Delray Beach Open,2/10/2025,ATP250,Outdoor,Hard,1st Round,3,Kecmanovic M.,Gojo B.,56,414.0,996,111.0,6.0,4.0,6.0,4.0,,,,,,,2.0,0.0,Completed,1.36,3.2,1.39,3.23,1.4,3.3,1.35,3.13,,,kecmanovic m.,gojo b.,atp_58,atp_139
10,Delray Beach,Delray Beach Open,2/10/2025,ATP250,Outdoor,Hard,1st Round,3,Norrie C.,Svajda Z.,61,169.0,934,339.0,7.0,5.0,6.0,4.0,,,,,,,2.0,0.0,Completed,1.44,2.75,1.47,2.67,1.52,3.35,1.41,2.83,,,norrie c.,svajda z.,atp_24,atp_82
10,Delray Beach,Delray Beach Open,2/10/2025,ATP250,Outdoor,Hard,1st Round,3,Quinn E.,Boyer T.,150,113.0,382,524.0,6.0,2.0,6.0,7.0,7.0,6.0,,,,,2.0,1.0,Completed,2,1.8,2.0,1.88,2.06,1.88,1.97,1.81,,,quinn e.,boyer t.,atp_56,atp_241
10,Delray Beach,Delray Beach Open,2/10/2025,ATP250,Outdoor,Hard,1st Round,3,Mmoh M.,Shevchenko A.,328,88.0,156,668.0,7.0,5.0,7.0,6.0,,,,,,,2.0,0.0,Completed,1.91,1.91,1.92,1.97,1.92,2.08,1.85,1.93,,,mmoh m.,shevchenko a.,atp_256,atp_76
10,Delray Beach,Delray Beach Open,2/11/2025,ATP250,Outdoor,Hard,1st Round,3,Nakashima B.,Trotter J.K.,43,182.0,1250,321.0,7.0,6.0,6.0,1.0,,,,,,,2.0,0.0,Completed,1.33,3.4,1.37,3.35,1.37,3.57,1.33,3.28,,,nakashima b.,trotter j.,atp_33,atp_349
10,Delray Beach,Delray Beach Open,2/11/2025,ATP250,Outdoor,Hard,1st Round,3,Nishioka Y.,Vukic A.,63,67.0,922,868.0,6.0,3.0,6.0,4.0,,,,,,,2.0,0.0,Completed,1.67,2.2,1.77,2.15,1.79,2.2,1.73,2.07,,,nishioka y.,vukic a.,atp_173,atp_84
10,Delray Beach,Delray Beach Open,2/11/2025,ATP250,Outdoor,Hard,1st Round,3,Davidovich Fokina A.,Daniel T.,60,119.0,940,494.0,6.0,2.0,7.0,6.0,,,,,,,2.0,0.0,Completed,1.3,3.5,1.34,3.48,1.34,3.53,1.3,3.41,,,davidovich fokina a.,daniel t.,atp_17,atp_340
10,Delray Beach,Delray Beach Open,2/11/2025,ATP250,Outdoor,Hard,1st Round,3,Bu Y.,Hijikata R.,69,72.0,830,784.0,6.0,2.0,6.0,0.0,,,,,,,2.0,0.0,Completed,1.67,2.2,1.71,2.25,1.71,2.26,1.66,2.19,,,bu y.,hijikata r.,,atp_102
10,Delray Beach,Delray Beach Open,2/11/2025,ATP250,Outdoor,Hard,1st Round,3,Rinderknech A.,Popko D.,65,208.0,899,289.0,6.0,2.0,6.0,4.0,,,,,,,2.0,0.0,Completed,1.13,6.0,,,1.15,7.0,1.12,6.01,,,rinderknech a.,popko d.,atp_27,atp_432
10,Delray Beach,Delray Beach Open,2/11/2025,ATP250,Outdoor,Hard,1st Round,3,McDonald M.,Nishikori K.,123,71.0,488,793.0,7.0,6.0,4.0,6.0,7.0,5.0,,,,,2.0,1.0,Completed,2.63,1.5,2.67,1.53,2.67,1.58,2.51,1.51,,,mcdonald m.,nishikori k.,atp_125,atp_417
10,Delray Beach,Delray Beach Open,2/12/2025,ATP250,Outdoor,Hard,1st Round,3,Opelka R.,Eubanks C.,121,104.0,491,567.0,6.0,3.0,7.0,6.0,,,,,,,2.0,0.0,Completed,1.44,2.75,1.51,2.74,1.51,2.75,1.46,2.63,,,opelka r.,eubanks c.,atp_64,atp_420
10,Delray Beach,Delray Beach Open,2/12/2025,ATP250,Outdoor,Hard,1st Round,3,Tien L.,Walton A.,82,89.0,707,655.0,6.0,4.0,6.0,3.0,,,,,,,2.0,0.0,Completed,1.4,3.0,1.47,2.85,1.47,3.0,1.41,2.85,,,tien l.,walton a.,atp_22,atp_105
10,Delray Beach,Delray Beach Open,2/12/2025,ATP250,Outdoor,Hard,2nd Round,3,Kecmanovic M.,Nishioka Y.,56,63.0,996,922.0,,,,,,,,,,,,,Walkover,1.57,2.38,1.63,2.44,1.63,2.44,1.58,2.34,,,kecmanovic m.,nishioka y.,atp_58,atp_173
10,Delray Beach,Delray Beach Open,2/12/2025,ATP250,Outdoor,Hard,2nd Round,3,Norrie C.,Rinderknech A.,61,65.0,934,899.0,7.0,6.0,6.0,2.0,,,,,,,2.0,0.0,Completed,1.4,3.0,1.46,2.95,1.48,3.0,1.42,2.8,,,norrie c.,rinderknech a.,atp_24,atp_27
10,Delray Beach,Delray Beach Open,2/12/2025,ATP250,Outdoor,Hard,2nd Round,3,Giron M.,Quinn E.,49,150.0,1125,382.0,6.0,3.0,6.0,4.0,,,,,,,2.0,0.0,Completed,1.36,3.2,1.43,3.06,1.45,3.2,1.4,2.93,,,giron m.,quinn e.,atp_66,atp_56
10,Delray Beach,Delray Beach Open,2/13/2025,ATP250,Outdoor,Hard,2nd Round,3,Michelsen A.,Mmoh M.,37,328.0,1370,156.0,6.0,7.0,3.0,0.0,,,,,,,0.0,1.0,Retired,1.22,4.33,1.27,4.18,1.27,4.45,1.23,4.06,,,michelsen a.,mmoh m.,atp_35,atp_256
10,Delray Beach,Delray Beach Open,2/13/2025,ATP250,Outdoor,Hard,2nd Round,3,Nakashima B.,Opelka R.,43,121.0,1250,491.0,3.0,6.0,7.0,5.0,6.0,2.0,,,,,2.0,1.0,Completed,2,1.8,2.07,1.85,2.07,1.86,1.98,1.8,,,nakashima b.,opelka r.,atp_33,atp_64
10,Delray Beach,Delray Beach Open,2/13/2025,ATP250,Outdoor,Hard,2nd Round,3,Davidovich Fokina A.,McDonald M.,60,123.0,940,488.0,6.0,2.0,5.0,7.0,6.0,0.0,,,,,2.0,1.0,Completed,1.5,2.63,1.6,2.5,1.62,2.63,1.54,2.43,,,davidovich fokina a.,mcdonald m.,atp_17,atp_125
10,Delray Beach,Delray Beach Open,2/13/2025,ATP250,Outdoor,Hard,2nd Round,3,Arnaldi M.,Tien L.,38,82.0,1355,707.0,7.0,6.0,4.0,6.0,7.0,6.0,,,,,2.0,1.0,Completed,1.73,2.1,1.75,2.22,1.75,2.22,1.71,2.11,,,arnaldi m.,tien l.,atp_107,atp_22
10,Delray Beach,Delray Beach Open,2/14/2025,ATP250,Outdoor,Hard,2nd Round,3,Fritz T.,Bu Y.,4,69.0,5100,830.0,7.0,6.0,6.0,2.0,,,,,,,2.0,0.0,Completed,1.08,8.0,1.12,7.87,1.12,8.0,1.1,6.86,,,fritz t.,bu y.,atp_8,
10,Delray Beach,Delray Beach Open,2/14/2025,ATP250,Outdoor,Hard,Quarterfinals,3,Kecmanovic M.,Giron M.,56,49.0,996,1125.0,2.0,6.0,6.0,4.0,6.0,2.0,,,,,2.0,1.0,Completed,2,1.8,2.11,1.82,2.11,1.82,2.03,1.77,,,kecmanovic m.,giron m.,atp_58,atp_66
10,Delray Beach,Delray Beach Open,2/14/2025,ATP250,Outdoor,Hard,Quarterfinals,3,Michelsen A.,Norrie C.,37,61.0,1370,934.0,7.0,6.0,7.0,5.0,,,,,,,2.0,0.0,Completed,1.67,2.2,1.67,2.35,1.73,2.35,1.65,2.19,,,michelsen a.,norrie c.,atp_35,atp_24
10,Delray Beach,Delray Beach Open,2/14/2025,ATP250,Outdoor,Hard,Quarterfinals,3,Arnaldi M.,Nakashima B.,38,43.0,1355,1250.0,7.0,6.0,6.0,4.0,,,,,,,2.0,0.0,Completed,2.3,1.62,2.29,1.7,2.3,1.7,2.24,1.64,,,arnaldi m.,nakashima b.,atp_107,atp_33
10,Delray Beach,Delray Beach Open,2/15/2025,ATP250,Outdoor,Hard,Quarterfinals,3,Davidovich Fokina A.,Fritz T.,60,4.0,940,5100.0,7.0,6.0,7.0,6.0,,,,,,,2.0,0.0,Completed,4.5,1.2,5.53,1.19,5.53,1.21,4.81,1.18,,,davidovich fokina a.,fritz t.,atp_17,atp_8
10,Delray Beach,Delray Beach Open,2/15/2025,ATP250,Outdoor,Hard,Semifinals,3,Kecmanovic M.,Michelsen A.,56,37.0,996,1370.0,7.0,6.0,6.0,3.0,,,,,,,2.0,0.0,Completed,2.3,1.62,2.24,1.73,2.32,1.73,2.21,1.65,,,kecmanovic m.,michelsen a.,atp_58,atp_35
10,Delray Beach,Delray Beach Open,2/16/2025,ATP250,Outdoor,Hard,Semifinals,3,Davidovich Fokina A.,Arnaldi M.,60,38.0,940,1355.0,6.0,4.0,6.0,4.0,,,,,,,2.0,0.0,Completed,2.2,1.67,2.32,1.68,2.32,1.73,2.19,1.66,,,davidovich fokina a.,arnaldi m.,atp_17,atp_107
10,Delray Beach,Delray Beach Open,2/16/2025,ATP250,Outdoor,Hard,The Final,3,Kecmanovic M.,Davidovich Fokina A.,56,60.0,996,940.0,3.0,6.0,6.0,1.0,7.0,5.0,,,,,2.0,1.0,Completed,1.8,2.0,1.84,2.08,1.84,2.12,1.76,2.04,,,kecmanovic m.,davidovich fokina a.,atp_58,atp_17
11,Marseille,Open 13,2/10/2025,ATP250,Indoor,Hard,1st Round,3,Medjedovic H.,Collignon R.,96,122.0,617,491.0,6.0,3.0,6.0,4.0,,,,,,,2.0,0.0,Completed,1.33,3.4,1.35,3.46,1.36,3.46,1.33,3.25,,,medjedovic h.,collignon r.,atp_81,atp_65
11,Marseille,Open 13,2/10/2025,ATP250,Indoor,Hard,1st Round,3,Virtanen O.,Korda S.,98,23.0,614,2000.0,6.0,7.0,7.0,6.0,6.0,4.0,,,,,2.0,1.0,Completed,3.2,1.36,3.29,1.38,3.3,1.38,3.14,1.34,,,virtanen o.,korda s.,atp_123,atp_42
11,Marseille,Open 13,2/10/2025,ATP250,Indoor,Hard,1st Round,3,Sonego L.,Van De Zandschulp B.,35,85.0,1376,672.0,6.0,1.0,3.0,6.0,6.0,3.0,,,,,2.0,1.0,Completed,1.8,2.0,1.85,2.05,1.85,2.05,1.81,1.98,,,sonego l.,van de zandschulp b.,atp_63,atp_62
11,Marseille,Open 13,2/11/2025,ATP250,Indoor,Hard,1st Round,3,Altmaier D.,Nardi L.,80,83.0,728,681.0,6.0,2.0,6.0,2.0,,,,,,,2.0,0.0,Completed,2,1.8,2.07,1.83,2.11,1.84,1.99,1.79,,,altmaier d.,nardi l.,atp_52,atp_140
11,Marseille,Open 13,2/11/2025,ATP250,Indoor,Hard,1st Round,3,Bublik A.,Gasquet R.,48,128.0,1130,478.0,6.0,4.0,6.0,4.0,,,,,,,2.0,0.0,Completed,1.62,2.3,1.75,2.18,1.76,2.36,1.65,2.21,,,bublik a.,gasquet r.,atp_11,atp_384
11,Marseille,Open 13,2/11/2025,ATP250,Indoor,Hard,1st Round,3,Van Assche L.,Bonzi B.,164,64.0,346,911.0,3.0,6.0,6.0,3.0,7.0,6.0,,,,,2.0,1.0,Completed,2.63,1.5,2.82,1.48,2.82,1.5,2.66,1.47,,,van assche l.,bonzi b.,atp_109,atp_103
11,Marseille,Open 13,2/11/2025,ATP250,Indoor,Hard,1st Round,3,Struff J.L.,Guinard M.,46,280.0,1200,191.0,7.0,5.0,7.0,6.0,,,,,,,2.0,0.0,Completed,1.2,4.5,1.23,4.64,1.23,4.64,1.21,4.37,,,struff j.,guinard m.,,
11,Marseille,Open 13,2/11/2025,ATP250,Indoor,Hard,1st Round,3,Borges N.,Wawrinka S.,39,158.0,1345,361.0,6.0,7.0,7.0,6.0,6.0,3.0,,,,,2.0,1.0,Completed,1.57,2.38,1.59,2.5,1.62,2.5,1.57,2.34,,,borges n.,wawrinka s.,atp_48,atp_98
11,Marseille,Open 13,2/11/2025,ATP250,Indoor,Hard,1st Round,3,Bergs Z.,Chidekh C.,62,189.0,932,317.0,6.0,4.0,6.0,4.0,,,,,,,2.0,0.0,Completed,1.36,3.2,1.4,3.18,1.42,3.2,1.38,2.95,,,bergs z.,chidekh c.,atp_46,atp_181
11,Marseille,Open 13,2/11/2025,ATP250,Indoor,Hard,1st Round,3,Zhang Zh.,Halys Q.,52,74.0,1050,756.0,6.0,3.0,6.0,7.0,7.0,6.0,,,,,2.0,1.0,Completed,1.73,2.1,1.76,2.17,1.82,2.17,1.74,2.05,,,zhang z.,halys q.,atp_263,atp_90
11,Marseille,Open 13,2/12/2025,ATP250,Indoor,Hard,1st Round,3,Grenier H.,Gea A.,202,306.0,306,171.0,7.0,5.0,6.0,4.0,,,,,,,2.0,0.0,Completed,2.1,1.73,2.17,1.76,2.17,1.77,2.08,1.72,,,grenier h.,gea a.,atp_213,atp_137
11,Marseille,Open 13,2/12/2025,ATP250,Indoor,Hard,1st Round,3,Herbert P.,Mayot H.,192,136.0,315,447.0,2.0,6.0,7.0,5.0,6.0,3.0,,,,,2.0,1.0,Completed,1.91,1.91,1.94,1.94,1.94,1.96,1.88,1.89,,,herbert p.,mayot h.,,atp_180
11,Marseille,Open 13,2/12/2025,ATP250,Indoor,Hard,2nd Round,3,Sonego L.,Van Assche L.,35,164.0,1376,346.0,,,,,,,,,,,,,Walkover,1.44,2.75,1.5,2.79,1.53,2.83,1.46,2.68,,,sonego l.,van assche l.,atp_63,atp_109
11,Marseille,Open 13,2/12/2025,ATP250,Indoor,Hard,2nd Round,3,Altmaier D.,Virtanen O.,80,98.0,728,614.0,6.0,4.0,6.0,3.0,,,,,,,2.0,0.0,Completed,2.1,1.73,2.2,1.76,2.2,1.82,2.11,1.71,,,altmaier d.,virtanen o.,atp_52,atp_123
11,Marseille,Open 13,2/12/2025,ATP250,Indoor,Hard,2nd Round,3,Medjedovic H.,Khachanov K.,96,21.0,617,2210.0,6.0,2.0,6.0,3.0,,,,,,,2.0,0.0,Completed,2.3,1.62,2.32,1.68,2.34,1.68,2.25,1.61,,,medjedovic h.,khachanov k.,atp_81,atp_15
11,Marseille,Open 13,2/12/2025,ATP250,Indoor,Hard,2nd Round,3,Humbert U.,Bublik A.,17,48.0,2625,1130.0,7.0,6.0,6.0,4.0,,,,,,,2.0,0.0,Completed,1.29,3.75,1.32,3.75,1.32,3.75,1.28,3.54,,,humbert u.,bublik a.,atp_34,atp_11
11,Marseille,Open 13,2/13/2025,ATP250,Indoor,Hard,2nd Round,3,Bergs Z.,Borges N.,62,39.0,932,1345.0,6.0,2.0,6.0,7.0,6.0,2.0,,,,,2.0,1.0,Completed,1.73,2.1,1.77,2.18,1.77,2.18,1.7,2.11,,,bergs z.,borges n.,atp_46,atp_48
11,Marseille,Open 13,2/13/2025,ATP250,Indoor,Hard,2nd Round,3,Zhang Zh.,Hurkacz H.,52,20.0,1050,2305.0,6.0,4.0,6.0,7.0,6.0,3.0,,,,,2.0,1.0,Completed,4,1.25,4.24,1.27,4.24,1.28,3.89,1.24,,,zhang z.,hurkacz h.,atp_263,atp_72
11,Marseille,Open 13,2/13/2025,ATP250,Indoor,Hard,2nd Round,3,Medvedev D.,Herbert P.,8,192.0,3830,315.0,6.0,2.0,6.0,4.0,,,,,,,2.0,0.0,Completed,1.14,5.5,1.16,6.2,1.17,6.31,1.14,5.57,,,medvedev d.,herbert p.,atp_10,
11,Marseille,Open 13,2/13/2025,ATP250,Indoor,Hard,2nd Round,3,Struff J.L.,Grenier H.,46,202.0,1200,306.0,6.0,4.0,5.0,7.0,6.0,4.0,,,,,2.0,1.0,Completed,1.36,3.2,1.39,3.29,1.39,3.29,1.35,3.13,,,struff j.,grenier h.,,atp_213
11,Marseille,Open 13,2/14/2025,ATP250,Indoor,Hard,Quarterfinals,3,Bergs Z.,Zhang Zh.,62,52.0,932,1050.0,7.0,5.0,,,,,,,,,1.0,0.0,Retired,1.67,2.2,1.67,2.36,1.74,2.36,1.67,2.17,,,bergs z.,zhang z.,atp_46,atp_263
11,Marseille,Open 13,2/14/2025,ATP250,Indoor,Hard,Quarterfinals,3,Humbert U.,Sonego L.,17,35.0,2625,1376.0,6.0,4.0,6.0,4.0,,,,,,,2.0,0.0,Completed,1.36,3.2,1.4,3.2,1.43,3.2,1.37,3.02,,,humbert u.,sonego l.,atp_34,atp_63
11,Marseille,Open 13,2/14/2025,ATP250,Indoor,Hard,Quarterfinals,3,Medvedev D.,Struff J.L.,8,46.0,3830,1200.0,6.0,3.0,6.0,2.0,,,,,,,2.0,0.0,Completed,1.19,4.33,1.25,4.45,1.25,4.45,1.22,4.15,,,medvedev d.,struff j.,atp_10,
11,Marseille,Open 13,2/14/2025,ATP250,Indoor,Hard,Quarterfinals,3,Medjedovic H.,Altmaier D.,96,80.0,617,728.0,7.0,5.0,6.0,7.0,6.0,4.0,,,,,2.0,1.0,Completed,1.44,2.75,1.45,3.0,1.49,3.0,1.43,2.78,,,medjedovic h.,altmaier d.,atp_81,atp_52
11,Marseille,Open 13,2/15/2025,ATP250,Indoor,Hard,Semifinals,3,Humbert U.,Bergs Z.,17,62.0,2625,932.0,6.0,4.0,6.0,4.0,,,,,,,2.0,0.0,Completed,1.36,3.2,1.4,3.24,1.4,3.3,1.36,3.08,,,humbert u.,bergs z.,atp_34,atp_46
11,Marseille,Open 13,2/15/2025,ATP250,Indoor,Hard,Semifinals,3,Medjedovic H.,Medvedev D.,96,8.0,617,3830.0,6.0,3.0,6.0,2.0,,,,,,,2.0,0.0,Completed,3.75,1.29,3.86,1.31,3.91,1.32,3.55,1.28,,,medjedovic h.,medvedev d.,atp_81,atp_10
11,Marseille,Open 13,2/16/2025,ATP250,Indoor,Hard,The Final,3,Humbert U.,Medjedovic H.,17,96.0,2625,617.0,7.0,6.0,6.0,4.0,,,,,,,2.0,0.0,Completed,1.4,3.0,1.41,3.18,1.45,3.18,1.39,2.95,,,humbert u.,medjedovic h.,atp_34,atp_81
12,Doha,Qatar Exxon Mobil Open,2/17/2025,ATP500,Outdoor,Hard,1st Round,3,O Connell C.,Habib H.,82,166.0,730,341.0,7.0,6.0,7.0,6.0,,,,,,,2.0,0.0,Completed,1.3,3.5,1.35,3.44,1.36,3.53,1.31,3.36,,,oconnell c.,habib h.,atp_128,atp_343
12,Doha,Qatar Exxon Mobil Open,2/17/2025,ATP500,Outdoor,Hard,1st Round,3,Lehecka J.,Dimitrov G.,25,15.0,1835,2745.0,6.0,4.0,6.0,4.0,,,,,,,2.0,0.0,Completed,1.73,2.1,1.71,2.24,1.77,2.29,1.71,2.12,,,lehecka j.,dimitrov g.,atp_14,atp_93
12,Doha,Qatar Exxon Mobil Open,2/17/2025,ATP500,Outdoor,Hard,1st Round,3,Marozsan F.,Dougaz A.,57,216.0,1010,265.0,7.0,5.0,6.0,3.0,,,,,,,2.0,0.0,Completed,1.17,5.0,1.18,5.62,1.18,6.0,1.15,5.26,,,marozsan f.,dougaz a.,atp_47,atp_480
12,Doha,Qatar Exxon Mobil Open,2/17/2025,ATP500,Outdoor,Hard,1st Round,3,Alcaraz C.,Cilic M.,3,192.0,7410,313.0,6.0,4.0,6.0,4.0,,,,,,,2.0,0.0,Completed,1.03,17.0,1.04,16.61,1.05,17.37,1.03,12.75,,,alcaraz c.,cilic m.,atp_1,atp_54
12,Doha,Qatar Exxon Mobil Open,2/17/2025,ATP500,Outdoor,Hard,1st Round,3,Draper J.,Popyrin A.,16,27.0,2680,1800.0,6.0,2.0,7.0,6.0,,,,,,,2.0,0.0,Completed,1.4,3.0,1.44,2.97,1.44,3.0,1.41,2.85,,,draper j.,popyrin a.,atp_25,atp_45
12,Doha,Qatar Exxon Mobil Open,2/18/2025,ATP500,Outdoor,Hard,1st Round,3,De Minaur A.,Safiullin R.,8,71.0,3735,823.0,6.0,1.0,7.0,5.0,,,,,,,2.0,0.0,Completed,1.08,8.0,1.12,7.39,1.12,8.01,1.09,6.92,,,de minaur a.,safiullin r.,atp_6,atp_229
12,Doha,Qatar Exxon Mobil Open,2/18/2025,ATP500,Outdoor,Hard,1st Round,3,Van De Zandschulp B.,Shelbayh A.,87,267.0,672,201.0,7.0,5.0,6.0,3.0,,,,,,,2.0,0.0,Completed,1.2,4.5,1.21,4.9,1.21,4.93,1.19,4.51,,,van de zandschulp b.,shelbayh a.,atp_62,atp_300
12,Doha,Qatar Exxon Mobil Open,2/18/2025,ATP500,Outdoor,Hard,1st Round,3,Nardi L.,Zhang Zh.,85,49.0,674,1100.0,6.0,4.0,6.0,3.0,,,,,,,2.0,0.0,Completed,2.3,1.62,2.34,1.66,2.34,1.73,2.21,1.65,,,nardi l.,zhang z.,atp_140,atp_263
12,Doha,Qatar Exxon Mobil Open,2/18/2025,ATP500,Outdoor,Hard,1st Round,3,Borges N.,Virtanen O.,39,92.0,1345,639.0,7.0,6.0,6.0,3.0,,,,,,,2.0,0.0,Completed,1.4,3.0,1.46,2.9,1.46,3.1,1.41,2.87,,,borges n.,virtanen o.,atp_48,atp_123
12,Doha,Qatar Exxon Mobil Open,2/18/2025,ATP500,Outdoor,Hard,1st Round,3,Bergs Z.,Bautista Agut R.,58,54.0,1007,1052.0,6.0,4.0,7.0,6.0,,,,,,,2.0,0.0,Completed,1.73,2.1,1.74,2.2,1.74,2.26,1.69,2.13,,,bergs z.,bautista agut r.,atp_46,atp_80
12,Doha,Qatar Exxon Mobil Open,2/18/2025,ATP500,Outdoor,Hard,1st Round,3,Griekspoor T.,Struff J.L.,51,44.0,1080,1200.0,7.0,6.0,7.0,6.0,,,,,,,2.0,0.0,Completed,1.57,2.38,1.65,2.36,1.65,2.45,1.57,2.35,,,griekspoor t.,struff j.,atp_30,
12,Doha,Qatar Exxon Mobil Open,2/18/2025,ATP500,Outdoor,Hard,1st Round,3,Rublev A.,Bublik A.,10,48.0,3220,1105.0,6.0,3.0,6.0,4.0,,,,,,,2.0,0.0,Completed,1.29,3.75,1.26,4.29,1.3,4.3,1.25,3.85,,,rublev a.,bublik a.,atp_16,atp_11
12,Doha,Qatar Exxon Mobil Open,2/18/2025,ATP500,Outdoor,Hard,1st Round,3,Medvedev D.,Khachanov K.,6,21.0,3930,2210.0,4.0,6.0,7.0,5.0,6.0,3.0,,,,,2.0,1.0,Completed,1.57,2.38,1.57,2.55,1.58,2.55,1.55,2.41,,,medvedev d.,khachanov k.,atp_10,atp_15
12,Doha,Qatar Exxon Mobil Open,2/18/2025,ATP500,Outdoor,Hard,1st Round,3,Auger-Aliassime F.,Halys Q.,23,79.0,1965,734.0,4.0,6.0,6.0,4.0,7.0,6.0,,,,,2.0,1.0,Completed,1.25,4.0,1.27,4.13,1.27,4.2,1.24,3.88,,,augeraliassime f.,halys q.,,atp_90
12,Doha,Qatar Exxon Mobil Open,2/18/2025,ATP500,Outdoor,Hard,1st Round,3,Berrettini M.,Djokovic N.,35,7.0,1430,3900.0,7.0,6.0,6.0,2.0,,,,,,,2.0,0.0,Completed,3.75,1.29,3.84,1.3,4.01,1.3,3.74,1.27,,,berrettini m.,djokovic n.,atp_91,atp_4
12,Doha,Qatar Exxon Mobil Open,2/18/2025,ATP500,Outdoor,Hard,1st Round,3,Medjedovic H.,Tsitsipas S.,73,11.0,782,3095.0,7.0,6.0,5.0,7.0,7.0,6.0,,,,,2.0,1.0,Completed,2.75,1.44,2.72,1.51,2.75,1.52,2.62,1.47,,,medjedovic h.,tsitsipas s.,atp_81,atp_49
12,Doha,Qatar Exxon Mobil Open,2/19/2025,ATP500,Outdoor,Hard,2nd Round,3,De Minaur A.,Van De Zandschulp B.,8,87.0,3735,672.0,6.0,4.0,6.0,4.0,,,,,,,2.0,0.0,Completed,1.14,5.5,1.17,6.04,1.18,6.04,1.15,5.33,,,de minaur a.,van de zandschulp b.,atp_6,atp_62
12,Doha,Qatar Exxon Mobil Open,2/19/2025,ATP500,Outdoor,Hard,2nd Round,3,Rublev A.,Borges N.,10,39.0,3220,1345.0,6.0,3.0,6.0,4.0,,,,,,,2.0,0.0,Completed,1.3,3.5,1.31,3.8,1.33,3.85,1.29,3.52,,,rublev a.,borges n.,atp_16,atp_48
12,Doha,Qatar Exxon Mobil Open,2/19/2025,ATP500,Outdoor,Hard,2nd Round,3,Draper J.,O Connell C.,16,82.0,2680,730.0,6.0,2.0,6.0,1.0,,,,,,,2.0,0.0,Completed,1.2,4.5,1.24,4.61,1.24,4.61,1.21,4.33,,,draper j.,oconnell c.,atp_25,atp_128
12,Doha,Qatar Exxon Mobil Open,2/19/2025,ATP500,Outdoor,Hard,2nd Round,3,Medvedev D.,Bergs Z.,6,58.0,3930,1007.0,6.0,2.0,6.0,1.0,,,,,,,2.0,0.0,Completed,1.36,3.2,1.37,3.44,1.37,3.44,1.34,3.22,,,medvedev d.,bergs z.,atp_10,atp_46
12,Doha,Qatar Exxon Mobil Open,2/19/2025,ATP500,Outdoor,Hard,2nd Round,3,Lehecka J.,Marozsan F.,25,57.0,1835,1010.0,6.0,4.0,6.0,2.0,,,,,,,2.0,0.0,Completed,1.3,3.5,1.37,3.39,1.37,3.6,1.32,3.33,,,lehecka j.,marozsan f.,atp_14,atp_47
12,Doha,Qatar Exxon Mobil Open,2/19/2025,ATP500,Outdoor,Hard,2nd Round,3,Auger-Aliassime F.,Medjedovic H.,23,73.0,1965,782.0,,,,,,,,,,,,,Walkover,1.2,4.5,1.25,4.45,1.25,4.5,1.22,4.22,,,augeraliassime f.,medjedovic h.,,atp_81
12,Doha,Qatar Exxon Mobil Open,2/19/2025,ATP500,Outdoor,Hard,2nd Round,3,Alcaraz C.,Nardi L.,3,85.0,7410,674.0,6.0,1.0,4.0,6.0,6.0,3.0,,,,,2.0,1.0,Completed,1.03,15.0,1.03,20.74,1.04,20.74,1.02,14.0,,,alcaraz c.,nardi l.,atp_1,atp_140
12,Doha,Qatar Exxon Mobil Open,2/19/2025,ATP500,Outdoor,Hard,2nd Round,3,Berrettini M.,Griekspoor T.,35,51.0,1430,1080.0,7.0,6.0,6.0,7.0,6.0,4.0,,,,,2.0,1.0,Completed,1.4,3.0,1.47,2.9,1.47,3.17,1.38,2.97,,,berrettini m.,griekspoor t.,atp_91,atp_30
12,Doha,Qatar Exxon Mobil Open,2/20/2025,ATP500,Outdoor,Hard,Quarterfinals,3,Rublev A.,De Minaur A.,10,8.0,3220,3735.0,6.0,1.0,3.0,6.0,7.0,6.0,,,,,2.0,1.0,Completed,2.2,1.67,2.38,1.65,2.38,1.71,2.21,1.65,,,rublev a.,de minaur a.,atp_16,atp_6
12,Doha,Qatar Exxon Mobil Open,2/20/2025,ATP500,Outdoor,Hard,Quarterfinals,3,Auger-Aliassime F.,Medvedev D.,23,6.0,1965,3930.0,6.0,3.0,,,,,,,,,1.0,0.0,Retired,2.75,1.44,2.77,1.51,2.8,1.51,2.69,1.46,,,augeraliassime f.,medvedev d.,,atp_10
12,Doha,Qatar Exxon Mobil Open,2/20/2025,ATP500,Outdoor,Hard,Quarterfinals,3,Lehecka J.,Alcaraz C.,25,3.0,1835,7410.0,6.0,3.0,3.0,6.0,6.0,4.0,,,,,2.0,1.0,Completed,4,1.25,4.05,1.27,4.5,1.28,4.08,1.23,,,lehecka j.,alcaraz c.,atp_14,atp_1
12,Doha,Qatar Exxon Mobil Open,2/20/2025,ATP500,Outdoor,Hard,Quarterfinals,3,Draper J.,Berrettini M.,16,35.0,2680,1430.0,4.0,6.0,6.0,4.0,6.0,3.0,,,,,2.0,1.0,Completed,1.67,2.2,1.69,2.3,1.71,2.3,1.66,2.21,,,draper j.,berrettini m.,atp_25,atp_91
12,Doha,Qatar Exxon Mobil Open,2/21/2025,ATP500,Outdoor,Hard,Semifinals,3,Rublev A.,Auger-Aliassime F.,10,23.0,3220,1965.0,7.0,5.0,4.0,6.0,7.0,6.0,,,,,2.0,1.0,Completed,1.67,2.2,1.69,2.31,1.74,2.31,1.67,2.18,,,rublev a.,augeraliassime f.,atp_16,
12,Doha,Qatar Exxon Mobil Open,2/21/2025,ATP500,Outdoor,Hard,Semifinals,3,Draper J.,Lehecka J.,16,25.0,2680,1835.0,3.0,6.0,7.0,6.0,6.0,3.0,,,,,2.0,1.0,Completed,1.67,2.2,1.78,2.17,1.79,2.2,1.71,2.12,,,draper j.,lehecka j.,atp_25,atp_14
12,Doha,Qatar Exxon Mobil Open,2/22/2025,ATP500,Outdoor,Hard,The Final,3,Rublev A.,Draper J.,10,16.0,3220,2680.0,7.0,5.0,5.0,7.0,6.0,1.0,,,,,2.0,1.0,Completed,2,1.8,2.15,1.79,2.15,1.82,2.04,1.76,,,rublev a.,draper j.,atp_16,atp_25
13,Rio de Janeiro,Rio Open,2/17/2025,ATP500,Outdoor,Clay,1st Round,3,Shevchenko A.,Meligeni Alves F.,103,149.0,568,382.0,6.0,4.0,6.0,2.0,,,,,,,2.0,0.0,Completed,2.2,1.67,2.12,1.79,2.22,1.79,2.09,1.72,,,shevchenko a.,meligeni alves f.,atp_76,atp_324
13,Rio de Janeiro,Rio Open,2/17/2025,ATP500,Outdoor,Clay,1st Round,3,Jarry N.,Cerundolo J.M.,47,127.0,1175,464.0,4.0,6.0,6.0,3.0,6.0,4.0,,,,,2.0,1.0,Completed,1.4,3.0,1.51,2.72,1.51,3.0,1.42,2.8,,,jarry n.,cerundolo j.,atp_154,
13,Rio de Janeiro,Rio Open,2/17/2025,ATP500,Outdoor,Clay,1st Round,3,Comesana F.,Heide G.,86,162.0,673,359.0,7.0,6.0,6.0,7.0,6.0,3.0,,,,,2.0,1.0,Completed,1.62,2.3,1.75,2.19,1.75,2.3,1.67,2.17,,,comesana f.,heide g.,atp_87,atp_285
13,Rio de Janeiro,Rio Open,2/17/2025,ATP500,Outdoor,Clay,1st Round,3,Monteiro T.,Diaz Acosta F.,99,119.0,590,498.0,3.0,6.0,6.0,3.0,7.0,6.0,,,,,2.0,1.0,Completed,1.8,2.0,2.06,1.84,2.06,2.12,1.88,1.91,,,monteiro t.,diaz acosta f.,atp_275,atp_222
13,Rio de Janeiro,Rio Open,2/18/2025,ATP500,Outdoor,Clay,1st Round,3,Munar J.,Seyboth Wild T.,55,75.0,1032,757.0,6.0,4.0,3.0,6.0,6.0,0.0,,,,,2.0,1.0,Completed,1.73,2.1,1.74,2.21,1.74,2.21,1.7,2.13,,,munar j.,seyboth wild t.,atp_37,atp_245
13,Rio de Janeiro,Rio Open,2/18/2025,ATP500,Outdoor,Clay,1st Round,3,Tseng C.H.,Tabilo A.,125,28.0,480,1690.0,6.0,2.0,7.0,5.0,,,,,,,2.0,0.0,Completed,4,1.25,3.7,1.32,4.01,1.33,3.57,1.29,,,tseng c.,tabilo a.,,atp_39
13,Rio de Janeiro,Rio Open,2/18/2025,ATP500,Outdoor,Clay,1st Round,3,Baez S.,Burruchaga R.,31,137.0,1510,435.0,6.0,3.0,7.0,5.0,,,,,,,2.0,0.0,Completed,,,,,1.37,3.55,1.34,3.39,,,baez s.,burruchaga r.,atp_50,
13,Rio de Janeiro,Rio Open,2/18/2025,ATP500,Outdoor,Clay,1st Round,3,Darderi L.,Dellien H.,61,108.0,945,553.0,7.0,6.0,2.0,2.0,,,,,,,1.0,0.0,Retired,1.91,1.91,1.98,1.91,2.04,1.95,1.9,1.88,,,darderi l.,dellien h.,atp_19,atp_160
13,Rio de Janeiro,Rio Open,2/18/2025,ATP500,Outdoor,Clay,1st Round,3,Dzumhur D.,Lajovic D.,97,83.0,619,692.0,6.0,3.0,6.0,4.0,,,,,,,2.0,0.0,Completed,2.75,1.44,2.91,1.46,2.95,1.5,2.77,1.44,,,dzumhur d.,lajovic d.,atp_74,atp_132
13,Rio de Janeiro,Rio Open,2/18/2025,ATP500,Outdoor,Clay,1st Round,3,Etcheverry T.,Moutet C.,43,66.0,1215,897.0,6.0,3.0,7.0,6.0,,,,,,,2.0,0.0,Completed,1.36,3.2,1.42,3.09,1.42,3.3,1.37,3.03,,,etcheverry t.,moutet c.,,atp_32
13,Rio de Janeiro,Rio Open,2/18/2025,ATP500,Outdoor,Clay,1st Round,3,Navone M.,Carballes Baena R.,46,53.0,1195,1071.0,6.0,4.0,6.0,3.0,,,,,,,2.0,0.0,Completed,1.53,2.5,1.61,2.44,1.63,2.5,1.55,2.41,,,navone m.,carballes baena r.,atp_60,atp_159
13,Rio de Janeiro,Rio Open,2/18/2025,ATP500,Outdoor,Clay,1st Round,3,Faria J.,Barrios M.,107,139.0,561,432.0,6.0,2.0,7.0,5.0,,,,,,,2.0,0.0,Completed,2.3,1.62,2.38,1.63,2.41,1.64,2.3,1.59,,,faria j.,barrios m.,atp_143,
13,Rio de Janeiro,Rio Open,2/18/2025,ATP500,Outdoor,Clay,1st Round,3,Cerundolo F.,Gaston H.,26,93.0,1825,636.0,7.0,6.0,6.0,0.0,,,,,,,2.0,0.0,Completed,1.14,5.5,1.17,5.79,1.18,5.9,1.15,5.24,,,cerundolo f.,gaston h.,atp_20,atp_116
13,Rio de Janeiro,Rio Open,2/18/2025,ATP500,Outdoor,Clay,1st Round,3,Zverev A.,Bu Y.,2,69.0,8135,847.0,7.0,6.0,6.0,4.0,,,,,,,2.0,0.0,Completed,1.04,13.0,1.04,16.21,1.05,16.31,1.03,11.64,,,zverev a.,bu y.,atp_3,
13,Rio de Janeiro,Rio Open,2/18/2025,ATP500,Outdoor,Clay,1st Round,3,Ugo Carabelli C.,Martinez P.,91,37.0,644,1385.0,4.0,6.0,6.0,3.0,6.0,3.0,,,,,2.0,1.0,Completed,2.75,1.44,2.45,1.61,2.75,1.65,2.35,1.58,,,ugo carabelli c.,martinez p.,atp_67,atp_113
13,Rio de Janeiro,Rio Open,2/19/2025,ATP500,Outdoor,Clay,1st Round,3,Muller A.,Fonseca J.,60,68.0,953,850.0,6.0,1.0,7.0,6.0,,,,,,,2.0,0.0,Completed,5,1.17,5.05,1.2,5.05,1.23,4.61,1.19,,,muller a.,fonseca j.,atp_94,atp_40
13,Rio de Janeiro,Rio Open,2/19/2025,ATP500,Outdoor,Clay,2nd Round,3,Comesana F.,Jarry N.,86,47.0,673,1175.0,7.0,6.0,6.0,7.0,7.0,6.0,,,,,2.0,1.0,Completed,2.5,1.53,2.49,1.61,2.61,1.61,2.43,1.54,,,comesana f.,jarry n.,atp_87,atp_154
13,Rio de Janeiro,Rio Open,2/19/2025,ATP500,Outdoor,Clay,2nd Round,3,Baez S.,Navone M.,31,46.0,1510,1195.0,6.0,4.0,1.0,6.0,6.0,3.0,,,,,2.0,1.0,Completed,2.1,1.73,2.16,1.79,2.16,1.8,2.07,1.74,,,baez s.,navone m.,atp_50,atp_60
13,Rio de Janeiro,Rio Open,2/19/2025,ATP500,Outdoor,Clay,2nd Round,3,Zverev A.,Shevchenko A.,2,103.0,8135,568.0,7.0,6.0,7.0,6.0,,,,,,,2.0,0.0,Completed,1.08,8.0,1.08,10.98,1.09,10.98,1.07,8.15,,,zverev a.,shevchenko a.,atp_3,atp_76
13,Rio de Janeiro,Rio Open,2/20/2025,ATP500,Outdoor,Clay,2nd Round,3,Tseng C.H.,Monteiro T.,125,99.0,480,590.0,6.0,7.0,6.0,3.0,7.0,6.0,,,,,2.0,1.0,Completed,2.75,1.44,2.79,1.5,2.95,1.5,2.71,1.45,,,tseng c.,monteiro t.,,atp_275
13,Rio de Janeiro,Rio Open,2/20/2025,ATP500,Outdoor,Clay,2nd Round,3,Faria J.,Munar J.,107,55.0,561,1032.0,6.0,4.0,2.0,6.0,6.0,3.0,,,,,2.0,1.0,Completed,3.4,1.33,3.32,1.34,3.4,1.38,3.08,1.35,,,faria j.,munar j.,atp_143,atp_37
13,Rio de Janeiro,Rio Open,2/20/2025,ATP500,Outdoor,Clay,2nd Round,3,Ugo Carabelli C.,Dzumhur D.,91,97.0,644,619.0,6.0,4.0,6.0,4.0,,,,,,,2.0,0.0,Completed,1.62,2.3,1.64,2.41,1.64,2.45,1.61,2.31,,,ugo carabelli c.,dzumhur d.,atp_67,atp_74
13,Rio de Janeiro,Rio Open,2/20/2025,ATP500,Outdoor,Clay,2nd Round,3,Cerundolo F.,Darderi L.,26,61.0,1825,945.0,6.0,7.0,6.0,3.0,6.0,2.0,,,,,2.0,1.0,Completed,1.29,3.75,1.29,3.8,1.32,3.8,1.29,3.5,,,cerundolo f.,darderi l.,atp_20,atp_19
13,Rio de Janeiro,Rio Open,2/21/2025,ATP500,Outdoor,Clay,2nd Round,3,Muller A.,Etcheverry T.,60,43.0,953,1215.0,7.0,5.0,7.0,6.0,,,,,,,2.0,0.0,Completed,2.75,1.44,2.62,1.56,2.78,1.56,2.62,1.48,,,muller a.,etcheverry t.,atp_94,
13,Rio de Janeiro,Rio Open,2/21/2025,ATP500,Outdoor,Clay,Quarterfinals,3,Baez S.,Tseng C.H.,31,125.0,1510,480.0,6.0,4.0,6.0,1.0,,,,,,,2.0,0.0,Completed,1.36,3.2,1.41,2.78,1.41,3.65,1.33,3.25,,,baez s.,tseng c.,atp_50,
13,Rio de Janeiro,Rio Open,2/21/2025,ATP500,Outdoor,Clay,Quarterfinals,3,Ugo Carabelli C.,Faria J.,91,107.0,644,561.0,7.0,6.0,6.0,4.0,,,,,,,2.0,0.0,Completed,1.67,2.2,1.64,2.42,1.68,2.42,1.61,2.29,,,ugo carabelli c.,faria j.,atp_67,atp_143
13,Rio de Janeiro,Rio Open,2/21/2025,ATP500,Outdoor,Clay,Quarterfinals,3,Comesana F.,Zverev A.,86,2.0,673,8135.0,4.0,6.0,6.0,3.0,6.0,4.0,,,,,2.0,1.0,Completed,6,1.13,6.86,1.14,7.16,1.15,5.91,1.13,,,comesana f.,zverev a.,atp_87,atp_3
13,Rio de Janeiro,Rio Open,2/22/2025,ATP500,Outdoor,Clay,Quarterfinals,3,Muller A.,Cerundolo F.,60,26.0,953,1825.0,7.0,5.0,6.0,1.0,,,,,,,2.0,0.0,Completed,2.63,1.5,2.73,1.52,3.1,1.52,2.67,1.47,,,muller a.,cerundolo f.,atp_94,atp_20
13,Rio de Janeiro,Rio Open,2/22/2025,ATP500,Outdoor,Clay,Semifinals,3,Baez S.,Ugo Carabelli C.,31,91.0,1510,644.0,3.0,6.0,6.0,1.0,6.0,1.0,,,,,2.0,1.0,Completed,1.36,3.2,1.41,3.18,1.42,3.22,1.37,3.08,,,baez s.,ugo carabelli c.,atp_50,atp_67
13,Rio de Janeiro,Rio Open,2/22/2025,ATP500,Outdoor,Clay,Semifinals,3,Muller A.,Comesana F.,60,86.0,953,673.0,7.0,5.0,6.0,7.0,6.0,3.0,,,,,2.0,1.0,Completed,1.53,2.5,1.63,2.45,1.63,2.63,1.53,2.48,,,muller a.,comesana f.,atp_94,atp_87
13,Rio de Janeiro,Rio Open,2/23/2025,ATP500,Outdoor,Clay,The Final,3,Baez S.,Muller A.,31,60.0,1510,953.0,6.0,2.0,6.0,3.0,,,,,,,2.0,0.0,Completed,1.73,2.1,1.77,2.13,1.82,2.23,1.72,2.11,,,baez s.,muller a.,atp_50,atp_94
14,Acapulco,Abierto Mexicano,2/25/2025,ATP500,Outdoor,Hard,1st Round,3,Ruud C.,Rinderknech A.,5,61.0,4325,911.0,6.0,4.0,6.0,3.0,,,,,,,2.0,0.0,Completed,1.2,4.5,1.22,4.75,1.22,4.75,1.2,4.4,,,ruud c.,rinderknech a.,atp_12,atp_27
14,Acapulco,Abierto Mexicano,2/25/2025,ATP500,Outdoor,Hard,1st Round,3,Machac T.,Mensik J.,25,54.0,1855,1042.0,6.0,4.0,2.0,6.0,6.0,3.0,,,,,2.0,1.0,Completed,1.67,2.2,1.72,2.23,1.73,2.24,1.68,2.16,,,machac t.,mensik j.,atp_55,atp_26
14,Acapulco,Abierto Mexicano,2/25/2025,ATP500,Outdoor,Hard,1st Round,3,Altmaier D.,Kecmanovic M.,76,44.0,768,1236.0,4.0,6.0,6.0,4.0,6.0,3.0,,,,,2.0,1.0,Completed,2.75,1.44,2.55,1.48,3.5,1.5,2.84,1.41,,,altmaier d.,kecmanovic m.,atp_52,atp_58
14,Acapulco,Abierto Mexicano,2/25/2025,ATP500,Outdoor,Hard,1st Round,3,Shelton B.,Cobolli F.,14,39.0,2930,1345.0,7.0,6.0,7.0,6.0,,,,,,,2.0,0.0,Completed,1.29,3.75,1.31,3.74,1.31,3.85,1.28,3.61,,,shelton b.,cobolli f.,atp_9,atp_13
14,Acapulco,Abierto Mexicano,2/25/2025,ATP500,Outdoor,Hard,1st Round,3,Giron M.,Walton A.,52,97.0,1060,616.0,7.0,6.0,6.0,2.0,,,,,,,2.0,0.0,Completed,1.44,2.75,1.5,2.75,1.53,2.78,1.48,2.64,,,giron m.,walton a.,atp_66,atp_105
14,Acapulco,Abierto Mexicano,2/25/2025,ATP500,Outdoor,Hard,1st Round,3,Goffin D.,Hijikata R.,63,82.0,906,735.0,6.0,2.0,6.0,3.0,,,,,,,2.0,0.0,Completed,1.67,2.2,1.72,2.23,1.73,2.25,1.67,2.18,,,goffin d.,hijikata r.,atp_179,atp_102
14,Acapulco,Abierto Mexicano,2/25/2025,ATP500,Outdoor,Hard,1st Round,3,Tien L.,Norrie C.,83,74.0,732,784.0,7.0,6.0,6.0,3.0,,,,,,,2.0,0.0,Completed,2,1.8,2.1,1.81,2.1,1.87,2.01,1.79,,,tien l.,norrie c.,atp_22,atp_24
14,Acapulco,Abierto Mexicano,2/25/2025,ATP500,Outdoor,Hard,1st Round,3,Paul T.,Diallo G.,10,89.0,3280,665.0,6.0,2.0,6.0,2.0,,,,,,,2.0,0.0,Completed,1.3,3.5,1.35,3.45,1.36,3.5,1.33,3.3,,,paul t.,diallo g.,atp_21,atp_36
14,Acapulco,Abierto Mexicano,2/26/2025,ATP500,Outdoor,Hard,1st Round,3,Pacheco Mendez R.,Vukic A.,356,66.0,142,868.0,7.0,5.0,4.0,6.0,7.0,6.0,,,,,2.0,1.0,Completed,4.33,1.22,4.28,1.26,4.34,1.26,4.07,1.23,,,pacheco mendez r.,vukic a.,atp_280,atp_84
14,Acapulco,Abierto Mexicano,2/26/2025,ATP500,Outdoor,Hard,1st Round,3,Davidovich Fokina A.,Bellucci M.,48,70.0,1095,833.0,1.0,6.0,7.0,6.0,6.0,2.0,,,,,2.0,1.0,Completed,1.53,2.5,1.61,2.45,1.61,2.51,1.54,2.43,,,davidovich fokina a.,bellucci m.,atp_17,atp_73
14,Acapulco,Abierto Mexicano,2/26/2025,ATP500,Outdoor,Hard,1st Round,3,Rune H.,Carballes Baena R.,13,50.0,2970,1071.0,7.0,6.0,6.0,3.0,,,,,,,2.0,0.0,Completed,1.33,3.4,1.38,3.3,1.38,3.53,1.33,3.3,,,rune h.,carballes baena r.,atp_29,atp_159
14,Acapulco,Abierto Mexicano,2/26/2025,ATP500,Outdoor,Hard,1st Round,3,Zverev A.,Arnaldi M.,2,33.0,8135,1430.0,6.0,7.0,6.0,3.0,6.0,4.0,,,,,2.0,1.0,Completed,1.29,3.75,1.32,3.7,1.32,3.75,1.29,3.56,,,zverev a.,arnaldi m.,atp_3,atp_107
14,Acapulco,Abierto Mexicano,2/26/2025,ATP500,Outdoor,Hard,1st Round,3,Nakashima B.,Bonzi B.,42,62.0,1265,910.0,7.0,6.0,7.0,5.0,,,,,,,2.0,0.0,Completed,1.44,2.75,1.48,2.84,1.48,2.84,1.45,2.72,,,nakashima b.,bonzi b.,atp_33,atp_103
14,Acapulco,Abierto Mexicano,2/26/2025,ATP500,Outdoor,Hard,1st Round,3,Shapovalov D.,Basavareddy N.,32,106.0,1496,562.0,7.0,5.0,6.0,2.0,,,,,,,2.0,0.0,Completed,1.73,2.1,1.74,2.21,1.74,2.25,1.69,2.16,,,shapovalov d.,basavareddy n.,atp_38,atp_193
14,Acapulco,Abierto Mexicano,2/26/2025,ATP500,Outdoor,Hard,1st Round,3,Michelsen A.,Bu Y.,34,68.0,1420,847.0,2.0,6.0,7.0,6.0,7.0,6.0,,,,,2.0,1.0,Completed,1.4,3.0,1.45,2.95,1.45,3.07,1.4,2.92,,,michelsen a.,bu y.,atp_35,
14,Acapulco,Abierto Mexicano,2/26/2025,ATP500,Outdoor,Hard,1st Round,3,Tiafoe F.,Muller A.,18,41.0,2485,1270.0,6.0,4.0,6.0,2.0,,,,,,,2.0,0.0,Completed,1.3,3.5,1.34,3.56,1.35,3.56,1.3,3.46,,,tiafoe f.,muller a.,atp_18,atp_94
14,Acapulco,Abierto Mexicano,2/27/2025,ATP500,Outdoor,Hard,2nd Round,3,Giron M.,Paul T.,52,10.0,1060,3280.0,,,,,,,,,,,,,Walkover,3.2,1.36,3.31,1.38,3.31,1.38,3.15,1.35,,,giron m.,paul t.,atp_66,atp_21
14,Acapulco,Abierto Mexicano,2/27/2025,ATP500,Outdoor,Hard,2nd Round,3,Machac T.,Altmaier D.,25,76.0,1855,768.0,7.0,6.0,6.0,1.0,,,,,,,2.0,0.0,Completed,1.29,3.75,1.3,3.95,1.3,4.0,1.27,3.7,,,machac t.,altmaier d.,atp_55,atp_52
14,Acapulco,Abierto Mexicano,2/27/2025,ATP500,Outdoor,Hard,2nd Round,3,Goffin D.,Shelton B.,63,14.0,906,2930.0,7.0,6.0,6.0,3.0,,,,,,,2.0,0.0,Completed,3.5,1.3,3.52,1.35,3.6,1.35,3.39,1.31,,,goffin d.,shelton b.,atp_179,atp_9
14,Acapulco,Abierto Mexicano,2/27/2025,ATP500,Outdoor,Hard,2nd Round,3,Shapovalov D.,Michelsen A.,32,34.0,1496,1420.0,6.0,4.0,6.0,3.0,,,,,,,2.0,0.0,Completed,1.53,2.5,1.62,2.46,1.67,2.6,1.55,2.44,,,shapovalov d.,michelsen a.,atp_38,atp_35
14,Acapulco,Abierto Mexicano,2/27/2025,ATP500,Outdoor,Hard,2nd Round,3,Nakashima B.,Rune H.,42,13.0,1265,2970.0,3.0,0.0,,,,,,,,,0.0,0.0,Retired,2.2,1.67,2.25,1.72,2.3,1.72,2.2,1.66,,,nakashima b.,rune h.,atp_33,atp_29
14,Acapulco,Abierto Mexicano,2/27/2025,ATP500,Outdoor,Hard,2nd Round,3,Tien L.,Zverev A.,83,2.0,732,8135.0,6.0,3.0,6.0,4.0,,,,,,,2.0,0.0,Completed,4.33,1.22,4.06,1.29,4.5,1.29,4.02,1.24,,,tien l.,zverev a.,atp_22,atp_3
14,Acapulco,Abierto Mexicano,2/27/2025,ATP500,Outdoor,Hard,2nd Round,3,Pacheco Mendez R.,Ruud C.,356,5.0,142,4325.0,,,,,,,,,,,,,Walkover,13,1.04,14.67,1.05,14.67,1.05,11.45,1.04,,,pacheco mendez r.,ruud c.,atp_280,atp_12
14,Acapulco,Abierto Mexicano,2/27/2025,ATP500,Outdoor,Hard,2nd Round,3,Davidovich Fokina A.,Tiafoe F.,48,18.0,1095,2485.0,6.0,3.0,6.0,7.0,6.0,3.0,,,,,2.0,1.0,Completed,1.91,1.91,1.86,2.05,2.0,2.05,1.89,1.89,,,davidovich fokina a.,tiafoe f.,atp_17,atp_18
14,Acapulco,Abierto Mexicano,2/28/2025,ATP500,Outdoor,Hard,Quarterfinals,3,Machac T.,Tien L.,25,83.0,1855,732.0,6.0,3.0,7.0,5.0,,,,,,,2.0,0.0,Completed,1.53,2.5,1.56,2.59,1.59,2.59,1.54,2.47,,,machac t.,tien l.,atp_55,atp_22
14,Acapulco,Abierto Mexicano,2/28/2025,ATP500,Outdoor,Hard,Quarterfinals,3,Nakashima B.,Goffin D.,42,63.0,1265,906.0,7.0,6.0,6.0,2.0,,,,,,,2.0,0.0,Completed,1.53,2.5,1.61,2.48,1.61,2.51,1.55,2.43,,,nakashima b.,goffin d.,atp_33,atp_179
14,Acapulco,Abierto Mexicano,2/28/2025,ATP500,Outdoor,Hard,Quarterfinals,3,Shapovalov D.,Giron M.,32,52.0,1496,1060.0,4.0,6.0,6.0,3.0,6.0,2.0,,,,,2.0,1.0,Completed,1.44,2.75,1.53,2.71,1.53,2.78,1.47,2.65,,,shapovalov d.,giron m.,atp_38,atp_66
14,Acapulco,Abierto Mexicano,2/28/2025,ATP500,Outdoor,Hard,Quarterfinals,3,Davidovich Fokina A.,Pacheco Mendez R.,48,356.0,1095,142.0,6.0,2.0,6.0,2.0,,,,,,,2.0,0.0,Completed,1.08,8.0,1.12,7.54,1.13,8.26,1.09,7.23,,,davidovich fokina a.,pacheco mendez r.,atp_17,atp_280
14,Acapulco,Abierto Mexicano,3/1/2025,ATP500,Outdoor,Hard,Semifinals,3,Machac T.,Nakashima B.,25,42.0,1855,1265.0,6.0,4.0,1.0,6.0,6.0,4.0,,,,,2.0,1.0,Completed,1.53,2.5,1.55,2.63,1.58,2.63,1.54,2.47,,,machac t.,nakashima b.,atp_55,atp_33
14,Acapulco,Abierto Mexicano,3/1/2025,ATP500,Outdoor,Hard,Semifinals,3,Davidovich Fokina A.,Shapovalov D.,48,32.0,1095,1496.0,7.0,6.0,7.0,6.0,,,,,,,2.0,0.0,Completed,2.5,1.53,2.45,1.62,2.5,1.63,2.42,1.56,,,davidovich fokina a.,shapovalov d.,atp_17,atp_38
14,Acapulco,Abierto Mexicano,3/2/2025,ATP500,Outdoor,Hard,The Final,3,Machac T.,Davidovich Fokina A.,25,48.0,1855,1095.0,7.0,6.0,6.0,2.0,,,,,,,2.0,0.0,Completed,1.67,2.2,1.75,2.21,1.8,2.3,1.68,2.18,,,machac t.,davidovich fokina a.,atp_55,atp_17
15,Dubai ,Dubai Tennis Championships,2/24/2025,ATP500,Outdoor,Hard,1st Round,3,Bautista Agut R.,Marozsan F.,53,55.0,1052,1035.0,3.0,6.0,6.0,3.0,7.0,6.0,,,,,2.0,1.0,Completed,2.63,1.5,2.41,1.63,2.63,1.63,2.53,1.51,,,bautista agut r.,marozsan f.,atp_80,atp_47
15,Dubai ,Dubai Tennis Championships,2/24/2025,ATP500,Outdoor,Hard,1st Round,3,Popyrin A.,Habib H.,27,168.0,1700,339.0,6.0,2.0,6.0,4.0,,,,,,,2.0,0.0,Completed,1.4,3.0,1.43,2.78,1.43,3.1,1.4,2.87,,,popyrin a.,habib h.,atp_45,atp_343
15,Dubai ,Dubai Tennis Championships,2/24/2025,ATP500,Outdoor,Hard,1st Round,3,Khachanov K.,Evans D.,24,178.0,1960,321.0,6.0,1.0,6.0,3.0,,,,,,,2.0,0.0,Completed,1.2,4.5,1.22,4.84,1.24,5.0,1.2,4.43,,,khachanov k.,evans d.,atp_15,atp_197
15,Dubai ,Dubai Tennis Championships,2/24/2025,ATP500,Outdoor,Hard,1st Round,3,Bergs Z.,Dougaz A.,56,212.0,1035,265.0,6.0,3.0,6.0,3.0,,,,,,,2.0,0.0,Completed,1.13,6.0,1.17,5.76,1.17,7.41,1.14,5.65,,,bergs z.,dougaz a.,atp_46,atp_480
15,Dubai ,Dubai Tennis Championships,2/24/2025,ATP500,Outdoor,Hard,1st Round,3,Tsitsipas S.,Sonego L.,11,35.0,3005,1401.0,7.0,6.0,6.0,3.0,,,,,,,2.0,0.0,Completed,1.53,2.5,1.55,2.61,1.64,2.66,1.54,2.45,,,tsitsipas s.,sonego l.,atp_49,atp_63
15,Dubai ,Dubai Tennis Championships,2/24/2025,ATP500,Outdoor,Hard,1st Round,3,Mpetshi G.,Zhang Zh.,29,49.0,1580,1075.0,6.0,3.0,7.0,6.0,,,,,,,2.0,0.0,Completed,1.73,2.1,1.8,2.11,1.8,2.15,1.74,2.07,,,mpetshi perricard g.,zhang z.,atp_57,atp_263
15,Dubai ,Dubai Tennis Championships,2/25/2025,ATP500,Outdoor,Hard,1st Round,3,Borges N.,Fils A.,38,19.0,1345,2355.0,6.0,2.0,6.0,1.0,,,,,,,2.0,0.0,Completed,2.3,1.62,2.32,1.68,2.46,1.68,2.3,1.6,,,borges n.,fils a.,atp_48,atp_28
15,Dubai ,Dubai Tennis Championships,2/25/2025,ATP500,Outdoor,Hard,1st Round,3,Nardi L.,Fucsovics M.,79,88.0,749,666.0,1.0,6.0,6.0,2.0,6.0,3.0,,,,,2.0,1.0,Completed,2.63,1.5,2.65,1.47,2.65,1.57,2.52,1.5,,,nardi l.,fucsovics m.,atp_140,atp_51
15,Dubai ,Dubai Tennis Championships,2/25/2025,ATP500,Outdoor,Hard,1st Round,3,Cilic M.,De Minaur A.,187,8.0,313,3785.0,6.0,2.0,3.0,6.0,6.0,3.0,,,,,2.0,1.0,Completed,7,1.1,7.1,1.13,7.75,1.13,6.69,1.1,,,cilic m.,de minaur a.,atp_54,atp_6
15,Dubai ,Dubai Tennis Championships,2/25/2025,ATP500,Outdoor,Hard,1st Round,3,Auger-Aliassime F.,Bublik A.,21,51.0,2155,1065.0,7.0,6.0,6.0,7.0,6.0,3.0,,,,,2.0,1.0,Completed,1.29,3.75,1.29,3.94,1.34,3.98,1.28,3.59,,,augeraliassime f.,bublik a.,,atp_11
15,Dubai ,Dubai Tennis Championships,2/25/2025,ATP500,Outdoor,Hard,1st Round,3,Griekspoor T.,Safiullin R.,47,72.0,1120,823.0,5.0,7.0,7.0,6.0,7.0,6.0,,,,,2.0,1.0,Completed,1.73,2.1,1.79,2.12,1.79,2.3,1.71,2.11,,,griekspoor t.,safiullin r.,atp_30,atp_229
15,Dubai ,Dubai Tennis Championships,2/25/2025,ATP500,Outdoor,Hard,1st Round,3,Halys Q.,Rublev A.,77,9.0,751,3670.0,3.0,6.0,6.0,4.0,7.0,6.0,,,,,2.0,1.0,Completed,3.75,1.29,3.87,1.3,3.87,1.3,3.62,1.27,,,halys q.,rublev a.,atp_90,atp_16
15,Dubai ,Dubai Tennis Championships,2/25/2025,ATP500,Outdoor,Hard,1st Round,3,Humbert U.,Lehecka J.,15,22.0,2825,2035.0,6.0,3.0,6.0,0.0,,,,,,,2.0,0.0,Completed,1.8,2.0,1.81,2.09,1.9,2.12,1.83,1.95,,,humbert u.,lehecka j.,atp_34,atp_14
15,Dubai ,Dubai Tennis Championships,2/25/2025,ATP500,Outdoor,Hard,1st Round,3,Medvedev D.,Struff J.L.,6,46.0,4030,1200.0,6.0,4.0,7.0,6.0,,,,,,,2.0,0.0,Completed,1.17,5.0,1.2,5.04,1.2,5.2,1.17,4.83,,,medvedev d.,struff j.,atp_10,
15,Dubai ,Dubai Tennis Championships,2/25/2025,ATP500,Outdoor,Hard,1st Round,3,O Connell C.,Dimitrov G.,75,16.0,780,2745.0,6.0,0.0,,,,,,,,,1.0,0.0,Retired,3.2,1.36,2.74,1.42,3.57,1.45,2.94,1.39,,,oconnell c.,dimitrov g.,atp_128,atp_93
15,Dubai ,Dubai Tennis Championships,2/25/2025,ATP500,Outdoor,Hard,1st Round,3,Berrettini M.,Monfils G.,30,40.0,1530,1280.0,7.0,5.0,6.0,4.0,,,,,,,2.0,0.0,Completed,1.5,2.63,1.53,2.66,1.53,2.71,1.49,2.57,,,berrettini m.,monfils g.,atp_91,atp_203
15,Dubai ,Dubai Tennis Championships,2/26/2025,ATP500,Outdoor,Hard,2nd Round,3,Auger-Aliassime F.,Borges N.,21,38.0,2155,1345.0,4.0,6.0,6.0,3.0,7.0,5.0,,,,,2.0,1.0,Completed,1.5,2.63,1.51,2.76,1.53,2.79,1.48,2.62,,,augeraliassime f.,borges n.,,atp_48
15,Dubai ,Dubai Tennis Championships,2/26/2025,ATP500,Outdoor,Hard,2nd Round,3,Cilic M.,Popyrin A.,187,27.0,313,1700.0,5.0,7.0,6.0,3.0,6.0,4.0,,,,,2.0,1.0,Completed,2.2,1.67,2.25,1.72,2.25,1.74,2.16,1.68,,,cilic m.,popyrin a.,atp_54,atp_45
15,Dubai ,Dubai Tennis Championships,2/26/2025,ATP500,Outdoor,Hard,2nd Round,3,Nardi L.,Bergs Z.,79,56.0,749,1035.0,6.0,4.0,7.0,6.0,,,,,,,2.0,0.0,Completed,2.63,1.5,2.64,1.55,2.7,1.55,2.59,1.49,,,nardi l.,bergs z.,atp_140,atp_46
15,Dubai ,Dubai Tennis Championships,2/26/2025,ATP500,Outdoor,Hard,2nd Round,3,Griekspoor T.,Humbert U.,47,15.0,1120,2825.0,4.0,6.0,6.0,3.0,6.0,2.0,,,,,2.0,1.0,Completed,3.75,1.29,3.88,1.3,3.96,1.3,3.58,1.28,,,griekspoor t.,humbert u.,atp_30,atp_34
15,Dubai ,Dubai Tennis Championships,2/26/2025,ATP500,Outdoor,Hard,2nd Round,3,Halys Q.,Bautista Agut R.,77,53.0,751,1052.0,7.0,6.0,6.0,4.0,,,,,,,2.0,0.0,Completed,1.8,2.0,1.88,2.04,1.88,2.04,1.8,1.98,,,halys q.,bautista agut r.,atp_90,atp_80
15,Dubai ,Dubai Tennis Championships,2/26/2025,ATP500,Outdoor,Hard,2nd Round,3,Medvedev D.,Mpetshi G.,6,29.0,4030,1580.0,6.0,4.0,6.0,4.0,,,,,,,2.0,0.0,Completed,1.4,3.0,1.43,3.06,1.44,3.06,1.4,2.89,,,medvedev d.,mpetshi perricard g.,atp_10,atp_57
15,Dubai ,Dubai Tennis Championships,2/26/2025,ATP500,Outdoor,Hard,2nd Round,3,Berrettini M.,O Connell C.,30,75.0,1530,780.0,7.0,6.0,6.0,2.0,,,,,,,2.0,0.0,Completed,1.29,3.75,1.3,3.91,1.3,3.91,1.28,3.69,,,berrettini m.,oconnell c.,atp_91,atp_128
15,Dubai ,Dubai Tennis Championships,2/26/2025,ATP500,Outdoor,Hard,2nd Round,3,Tsitsipas S.,Khachanov K.,11,24.0,3005,1960.0,7.0,6.0,2.0,6.0,6.0,4.0,,,,,2.0,1.0,Completed,1.73,2.1,1.85,2.06,1.85,2.12,1.76,2.04,,,tsitsipas s.,khachanov k.,atp_49,atp_15
15,Dubai ,Dubai Tennis Championships,2/27/2025,ATP500,Outdoor,Hard,Quarterfinals,3,Auger-Aliassime F.,Cilic M.,21,187.0,2155,313.0,6.0,4.0,3.0,6.0,6.0,2.0,,,,,2.0,1.0,Completed,1.4,3.0,1.45,2.97,1.45,3.05,1.41,2.89,,,augeraliassime f.,cilic m.,,atp_54
15,Dubai ,Dubai Tennis Championships,2/27/2025,ATP500,Outdoor,Hard,Quarterfinals,3,Halys Q.,Nardi L.,77,79.0,751,749.0,2.0,6.0,6.0,3.0,7.0,6.0,,,,,2.0,1.0,Completed,1.8,2.0,1.87,2.05,1.87,2.12,1.79,2.0,,,halys q.,nardi l.,atp_90,atp_140
15,Dubai ,Dubai Tennis Championships,2/27/2025,ATP500,Outdoor,Hard,Quarterfinals,3,Griekspoor T.,Medvedev D.,47,6.0,1120,4030.0,2.0,6.0,7.0,6.0,7.0,5.0,,,,,2.0,1.0,Completed,3.75,1.29,3.9,1.3,3.92,1.3,3.7,1.27,,,griekspoor t.,medvedev d.,atp_30,atp_10
15,Dubai ,Dubai Tennis Championships,2/27/2025,ATP500,Outdoor,Hard,Quarterfinals,3,Tsitsipas S.,Berrettini M.,11,30.0,3005,1530.0,7.0,6.0,1.0,6.0,6.0,4.0,,,,,2.0,1.0,Completed,2.38,1.57,2.52,1.59,2.52,1.66,2.37,1.58,,,tsitsipas s.,berrettini m.,atp_49,atp_91
15,Dubai ,Dubai Tennis Championships,2/28/2025,ATP500,Outdoor,Hard,Semifinals,3,Auger-Aliassime F.,Halys Q.,21,77.0,2155,751.0,5.0,7.0,6.0,4.0,6.0,3.0,,,,,2.0,1.0,Completed,1.29,3.75,1.28,4.09,1.3,4.09,1.27,3.76,,,augeraliassime f.,halys q.,,atp_90
15,Dubai ,Dubai Tennis Championships,2/28/2025,ATP500,Outdoor,Hard,Semifinals,3,Tsitsipas S.,Griekspoor T.,11,47.0,3005,1120.0,6.0,4.0,6.0,4.0,,,,,,,2.0,0.0,Completed,1.57,2.38,1.67,2.35,1.67,2.54,1.59,2.35,,,tsitsipas s.,griekspoor t.,atp_49,atp_30
15,Dubai ,Dubai Tennis Championships,3/1/2025,ATP500,Outdoor,Hard,The Final,3,Tsitsipas S.,Auger-Aliassime F.,11,21.0,3005,2155.0,6.0,3.0,6.0,3.0,,,,,,,2.0,0.0,Completed,1.73,2.1,1.72,2.25,1.86,2.27,1.7,2.14,,,tsitsipas s.,augeraliassime f.,atp_49,
16,Santiago,Chile Open,2/24/2025,ATP250,Indoor,Clay,1st Round,3,Hanfmann Y.,Diaz Acosta F.,109,130.0,534,448.0,7.0,5.0,6.0,3.0,,,,,,,2.0,0.0,Completed,2.38,1.57,2.33,1.67,2.4,1.74,2.29,1.61,,,hanfmann y.,diaz acosta f.,atp_61,atp_222
16,Santiago,Chile Open,2/24/2025,ATP250,Indoor,Clay,1st Round,3,Djere L.,Buse I.,103,227.0,571,245.0,6.0,3.0,6.0,4.0,,,,,,,2.0,0.0,Completed,1.2,4.5,1.19,5.22,1.22,5.3,1.19,4.59,,,djere l.,buse i.,atp_204,atp_59
16,Santiago,Chile Open,2/24/2025,ATP250,Indoor,Clay,1st Round,3,Heide G.,Seyboth Wild T.,160,86.0,359,682.0,7.0,5.0,6.0,2.0,,,,,,,2.0,0.0,Completed,2.5,1.53,2.39,1.64,2.5,1.64,2.42,1.55,,,heide g.,seyboth wild t.,atp_285,atp_245
16,Santiago,Chile Open,2/24/2025,ATP250,Indoor,Clay,1st Round,3,Garin C.,Ficovich J.P.,147,175.0,402,330.0,2.0,6.0,6.0,4.0,6.0,4.0,,,,,2.0,1.0,Completed,1.5,2.63,1.56,2.59,1.56,2.63,1.51,2.52,,,garin c.,ficovich j.,atp_100,
16,Santiago,Chile Open,2/25/2025,ATP250,Indoor,Clay,1st Round,3,Etcheverry T.,Gaston H.,43,92.0,1240,636.0,6.0,2.0,6.0,3.0,,,,,,,2.0,0.0,Completed,1.22,4.33,1.26,4.22,1.26,4.55,1.23,4.08,,,etcheverry t.,gaston h.,,atp_116
16,Santiago,Chile Open,2/25/2025,ATP250,Indoor,Clay,1st Round,3,Dzumhur D.,Moutet C.,90,65.0,662,872.0,6.0,2.0,3.0,6.0,6.0,2.0,,,,,2.0,1.0,Completed,2.75,1.44,2.69,1.52,2.78,1.52,2.7,1.46,,,dzumhur d.,moutet c.,atp_74,atp_32
16,Santiago,Chile Open,2/25/2025,ATP250,Indoor,Clay,1st Round,3,Monteiro T.,Cerundolo J.M.,108,123.0,540,476.0,6.0,3.0,3.0,6.0,7.0,6.0,,,,,2.0,1.0,Completed,1.8,2.0,1.9,1.99,1.91,2.0,1.84,1.95,,,monteiro t.,cerundolo j.,atp_275,
16,Santiago,Chile Open,2/25/2025,ATP250,Indoor,Clay,1st Round,3,Ugo Carabelli C.,Jarry N.,69,45.0,847,1225.0,5.0,7.0,6.0,3.0,7.0,6.0,,,,,2.0,1.0,Completed,2.75,1.44,2.92,1.46,2.92,1.46,2.73,1.44,,,ugo carabelli c.,jarry n.,atp_67,atp_154
16,Santiago,Chile Open,2/25/2025,ATP250,Indoor,Clay,1st Round,3,Faria J.,Darderi L.,87,59.0,674,985.0,6.0,3.0,6.0,4.0,,,,,,,2.0,0.0,Completed,2.38,1.57,2.55,1.57,2.55,1.58,2.43,1.54,,,faria j.,darderi l.,atp_143,atp_19
16,Santiago,Chile Open,2/25/2025,ATP250,Indoor,Clay,1st Round,3,Navone M.,Shevchenko A.,64,95.0,890,618.0,6.0,2.0,6.0,2.0,,,,,,,2.0,0.0,Completed,1.3,3.5,1.36,3.42,1.36,3.5,1.32,3.3,,,navone m.,shevchenko a.,atp_60,atp_76
16,Santiago,Chile Open,2/26/2025,ATP250,Indoor,Clay,1st Round,3,Coria F.,Barrios M.,136,145.0,433,407.0,6.0,1.0,6.0,0.0,,,,,,,2.0,0.0,Completed,2.2,1.67,2.18,1.75,2.2,1.75,2.14,1.67,,,coria f.,barrios m.,atp_655,
16,Santiago,Chile Open,2/26/2025,ATP250,Indoor,Clay,1st Round,3,Comesana F.,Meligeni Alves F.,67,194.0,848,307.0,7.0,6.0,7.0,6.0,,,,,,,2.0,0.0,Completed,1.73,2.1,1.77,2.16,1.8,2.16,1.73,2.07,,,comesana f.,meligeni alves f.,atp_87,atp_324
16,Santiago,Chile Open,2/26/2025,ATP250,Indoor,Clay,2nd Round,3,Djere L.,Martinez P.,103,36.0,571,1385.0,6.0,1.0,6.0,4.0,,,,,,,2.0,0.0,Completed,1.44,2.75,1.54,2.66,1.54,2.78,1.47,2.66,,,djere l.,martinez p.,atp_204,atp_113
16,Santiago,Chile Open,2/26/2025,ATP250,Indoor,Clay,2nd Round,3,Faria J.,Heide G.,87,160.0,674,359.0,6.0,7.0,7.0,6.0,6.0,4.0,,,,,2.0,1.0,Completed,2,1.8,2.0,1.9,2.04,1.9,1.96,1.83,,,faria j.,heide g.,atp_143,atp_285
16,Santiago,Chile Open,2/26/2025,ATP250,Indoor,Clay,2nd Round,3,Cerundolo F.,Hanfmann Y.,26,109.0,1725,534.0,6.0,2.0,4.0,6.0,7.0,6.0,,,,,2.0,1.0,Completed,1.33,3.4,1.38,3.36,1.38,3.4,1.34,3.18,,,cerundolo f.,hanfmann y.,atp_20,atp_61
16,Santiago,Chile Open,2/26/2025,ATP250,Indoor,Clay,2nd Round,3,Etcheverry T.,Garin C.,43,147.0,1240,402.0,6.0,2.0,6.0,4.0,,,,,,,2.0,0.0,Completed,1.44,2.75,1.43,3.09,1.5,3.13,1.42,2.83,,,etcheverry t.,garin c.,,atp_100
16,Santiago,Chile Open,2/27/2025,ATP250,Indoor,Clay,2nd Round,3,Dzumhur D.,Navone M.,90,64.0,662,890.0,6.0,4.0,3.0,6.0,6.0,3.0,,,,,2.0,1.0,Completed,4.5,1.2,5.03,1.21,5.03,1.23,4.45,1.2,,,dzumhur d.,navone m.,atp_74,atp_60
16,Santiago,Chile Open,2/27/2025,ATP250,Indoor,Clay,2nd Round,3,Baez S.,Comesana F.,31,67.0,1510,848.0,6.0,3.0,5.0,7.0,7.0,6.0,,,,,2.0,1.0,Completed,1.4,3.0,1.43,3.05,1.43,3.15,1.37,2.99,,,baez s.,comesana f.,atp_50,atp_87
16,Santiago,Chile Open,2/27/2025,ATP250,Indoor,Clay,2nd Round,3,Ugo Carabelli C.,Monteiro T.,69,108.0,847,540.0,4.0,6.0,7.0,6.0,6.0,3.0,,,,,2.0,1.0,Completed,1.91,1.91,1.97,1.93,2.0,1.94,1.91,1.88,,,ugo carabelli c.,monteiro t.,atp_67,atp_275
16,Santiago,Chile Open,2/27/2025,ATP250,Indoor,Clay,2nd Round,3,Coria F.,Tabilo A.,136,28.0,433,1690.0,7.0,6.0,4.0,6.0,6.0,3.0,,,,,2.0,1.0,Completed,2.38,1.57,2.37,1.66,2.4,1.66,2.31,1.59,,,coria f.,tabilo a.,atp_655,atp_39
16,Santiago,Chile Open,2/28/2025,ATP250,Indoor,Clay,Quarterfinals,3,Djere L.,Faria J.,103,87.0,571,674.0,7.0,6.0,4.0,6.0,6.0,4.0,,,,,2.0,1.0,Completed,1.3,3.5,1.32,3.74,1.35,3.79,1.29,3.5,,,djere l.,faria j.,atp_204,atp_143
16,Santiago,Chile Open,2/28/2025,ATP250,Indoor,Clay,Quarterfinals,3,Cerundolo F.,Etcheverry T.,26,43.0,1725,1240.0,4.0,6.0,6.0,3.0,7.0,5.0,,,,,2.0,1.0,Completed,1.91,1.91,1.9,2.01,1.93,2.01,1.87,1.92,,,cerundolo f.,etcheverry t.,atp_20,
16,Santiago,Chile Open,2/28/2025,ATP250,Indoor,Clay,Quarterfinals,3,Ugo Carabelli C.,Coria F.,69,136.0,847,433.0,6.0,4.0,6.0,3.0,,,,,,,2.0,0.0,Completed,1.67,2.2,1.81,2.12,1.81,2.33,1.71,2.12,,,ugo carabelli c.,coria f.,atp_67,atp_655
16,Santiago,Chile Open,3/1/2025,ATP250,Indoor,Clay,Quarterfinals,3,Baez S.,Dzumhur D.,31,90.0,1510,662.0,6.0,4.0,6.0,4.0,,,,,,,2.0,0.0,Completed,1.25,4.0,1.29,4.04,1.29,4.04,1.26,3.82,,,baez s.,dzumhur d.,atp_50,atp_74
16,Santiago,Chile Open,3/1/2025,ATP250,Indoor,Clay,Semifinals,3,Djere L.,Cerundolo F.,103,26.0,571,1725.0,6.0,1.0,4.0,6.0,6.0,3.0,,,,,2.0,1.0,Completed,2.3,1.62,2.36,1.67,2.43,1.67,2.25,1.62,,,djere l.,cerundolo f.,atp_204,atp_20
16,Santiago,Chile Open,3/1/2025,ATP250,Indoor,Clay,Semifinals,3,Baez S.,Ugo Carabelli C.,31,69.0,1510,847.0,6.0,1.0,3.0,6.0,6.0,2.0,,,,,2.0,1.0,Completed,1.4,3.0,1.37,3.41,1.44,3.41,1.4,2.93,,,baez s.,ugo carabelli c.,atp_50,atp_67
16,Santiago,Chile Open,3/2/2025,ATP250,Indoor,Clay,The Final,3,Djere L.,Baez S.,103,31.0,571,1510.0,6.0,4.0,3.0,6.0,7.0,5.0,,,,,2.0,1.0,Completed,2.2,1.67,2.24,1.74,2.34,1.74,2.16,1.69,,,djere l.,baez s.,atp_204,atp_50
17,Indian Wells,BNP Paribas Open,3/5/2025,Masters 1000,Outdoor,Hard,1st Round,3,Nishikori K.,Munar J.,76,58.0,793,992.0,6.0,2.0,5.0,7.0,7.0,6.0,,,,,2.0,1.0,Completed,1.8,2.0,1.79,2.13,1.83,2.13,1.79,2.01,,,nishikori k.,munar j.,atp_417,atp_37
17,Indian Wells,BNP Paribas Open,3/5/2025,Masters 1000,Outdoor,Hard,1st Round,3,Boyer T.,Vukic A.,117,64.0,501,868.0,4.0,6.0,6.0,2.0,7.0,6.0,,,,,2.0,1.0,Completed,2,1.8,2.07,1.83,2.09,1.83,2.02,1.8,,,boyer t.,vukic a.,atp_241,atp_84
17,Indian Wells,BNP Paribas Open,3/5/2025,Masters 1000,Outdoor,Hard,1st Round,3,Seyboth Wild T.,Muller A.,91,44.0,657,1270.0,4.0,6.0,7.0,5.0,7.0,6.0,,,,,2.0,1.0,Completed,2.2,1.67,2.41,1.63,2.41,1.68,2.29,1.62,,,seyboth wild t.,muller a.,atp_245,atp_94
17,Indian Wells,BNP Paribas Open,3/5/2025,Masters 1000,Outdoor,Hard,1st Round,3,O Connell C.,Carballes Baena R.,75,52.0,805,1071.0,6.0,3.0,0.0,6.0,6.0,1.0,,,,,2.0,1.0,Completed,1.67,2.2,1.82,2.08,1.82,2.2,1.76,2.06,,,oconnell c.,carballes baena r.,atp_128,atp_159
17,Indian Wells,BNP Paribas Open,3/5/2025,Masters 1000,Outdoor,Hard,1st Round,3,Griekspoor T.,Kecmanovic M.,43,49.0,1270,1146.0,6.0,7.0,6.0,4.0,6.0,3.0,,,,,2.0,1.0,Completed,2.1,1.73,2.07,1.83,2.12,1.83,2.05,1.77,,,griekspoor t.,kecmanovic m.,atp_30,atp_58
17,Indian Wells,BNP Paribas Open,3/5/2025,Masters 1000,Outdoor,Hard,1st Round,3,Bu Y.,Basavareddy N.,71,101.0,833,587.0,7.0,5.0,6.0,4.0,,,,,,,2.0,0.0,Completed,2.75,1.44,2.73,1.51,2.75,1.54,2.6,1.5,,,bu y.,basavareddy n.,,atp_193
17,Indian Wells,BNP Paribas Open,3/5/2025,Masters 1000,Outdoor,Hard,1st Round,3,Marozsan F.,Martinez P.,54,41.0,1035,1295.0,6.0,3.0,6.0,2.0,,,,,,,2.0,0.0,Completed,1.41,2.75,1.53,2.65,1.53,2.75,1.48,2.64,,,marozsan f.,martinez p.,atp_47,atp_113
17,Indian Wells,BNP Paribas Open,3/5/2025,Masters 1000,Outdoor,Hard,1st Round,3,Smith C.,Cobolli F.,261,40.0,209,1295.0,3.0,6.0,6.0,2.0,6.0,2.0,,,,,2.0,1.0,Completed,2.2,1.63,2.21,1.74,2.25,1.74,2.18,1.7,,,smith c.,cobolli f.,atp_164,atp_13
17,Indian Wells,BNP Paribas Open,3/5/2025,Masters 1000,Outdoor,Hard,1st Round,3,Dzumhur D.,Bautista Agut R.,84,50.0,712,1089.0,6.0,4.0,1.0,6.0,7.0,6.0,,,,,2.0,1.0,Completed,2.37,1.54,2.23,1.72,2.4,1.72,2.27,1.64,,,dzumhur d.,bautista agut r.,atp_74,atp_80
17,Indian Wells,BNP Paribas Open,3/5/2025,Masters 1000,Outdoor,Hard,1st Round,3,Safiullin R.,Opelka R.,69,114.0,848,516.0,7.0,5.0,6.0,4.0,,,,,,,2.0,0.0,Completed,2,1.8,2.03,1.86,2.04,1.87,1.98,1.83,,,safiullin r.,opelka r.,atp_229,atp_64
17,Indian Wells,BNP Paribas Open,3/6/2025,Masters 1000,Outdoor,Hard,1st Round,3,Giron M.,Basilashvili N.,48,152.0,1150,383.0,7.0,5.0,7.0,6.0,,,,,,,2.0,0.0,Completed,1.4,3.0,1.4,3.17,1.41,3.22,1.4,2.96,,,giron m.,basilashvili n.,atp_66,atp_129
17,Indian Wells,BNP Paribas Open,3/6/2025,Masters 1000,Outdoor,Hard,1st Round,3,Bergs Z.,Quinn E.,53,137.0,1060,432.0,7.0,6.0,6.0,3.0,,,,,,,2.0,0.0,Completed,1.57,2.38,1.62,2.43,1.67,2.43,1.62,2.31,,,bergs z.,quinn e.,atp_46,atp_56
17,Indian Wells,BNP Paribas Open,3/6/2025,Masters 1000,Outdoor,Hard,1st Round,3,Moutet C.,Thompson J.,79,38.0,759,1375.0,6.0,4.0,4.0,6.0,6.0,3.0,,,,,2.0,1.0,Completed,1.91,1.91,1.88,2.01,1.91,2.03,1.87,1.93,,,moutet c.,thompson j.,atp_32,atp_131
17,Indian Wells,BNP Paribas Open,3/6/2025,Masters 1000,Outdoor,Hard,1st Round,3,Norrie C.,Nardi L.,77,67.0,784,862.0,6.0,0.0,6.0,3.0,,,,,,,2.0,0.0,Completed,1.53,2.5,1.58,2.52,1.58,2.52,1.55,2.46,,,norrie c.,nardi l.,atp_24,atp_140
17,Indian Wells,BNP Paribas Open,3/6/2025,Masters 1000,Outdoor,Hard,1st Round,3,Watanuki Y.,Bublik A.,349,82.0,144,745.0,6.0,3.0,3.0,6.0,6.0,3.0,,,,,2.0,1.0,Completed,2.3,1.62,2.27,1.7,2.3,1.77,2.18,1.68,,,watanuki y.,bublik a.,atp_233,atp_11
17,Indian Wells,BNP Paribas Open,3/6/2025,Masters 1000,Outdoor,Hard,1st Round,3,Hijikata R.,Shevchenko A.,83,98.0,732,618.0,6.0,1.0,6.0,3.0,,,,,,,2.0,0.0,Completed,2.2,1.67,2.26,1.7,2.26,1.7,2.2,1.67,,,hijikata r.,shevchenko a.,atp_102,atp_76
17,Indian Wells,BNP Paribas Open,3/6/2025,Masters 1000,Outdoor,Hard,1st Round,3,Fonseca J.,Fearnley J.,80,81.0,750,747.0,6.0,2.0,1.0,6.0,6.0,3.0,,,,,2.0,1.0,Completed,1.29,3.75,1.32,3.68,1.33,3.75,1.3,3.54,,,fonseca j.,fearnley j.,atp_40,atp_97
17,Indian Wells,BNP Paribas Open,3/6/2025,Masters 1000,Outdoor,Hard,1st Round,3,Brooksby J.,Bonzi B.,937,62.0,17,910.0,1.0,6.0,7.0,5.0,7.0,5.0,,,,,2.0,1.0,Completed,1.91,1.91,1.87,2.02,2.01,2.02,1.88,1.91,,,brooksby j.,bonzi b.,atp_41,atp_103
17,Indian Wells,BNP Paribas Open,3/6/2025,Masters 1000,Outdoor,Hard,1st Round,3,Mensik J.,Etcheverry T.,57,45.0,992,1265.0,6.0,4.0,7.0,6.0,,,,,,,2.0,0.0,Completed,1.5,2.63,1.57,2.55,1.57,2.63,1.53,2.52,,,mensik j.,etcheverry t.,atp_26,
17,Indian Wells,BNP Paribas Open,3/6/2025,Masters 1000,Outdoor,Hard,1st Round,3,McDonald M.,Davidovich Fokina A.,109,39.0,555,1325.0,2.0,6.0,6.0,3.0,6.0,2.0,,,,,2.0,1.0,Completed,2.75,1.44,2.79,1.49,2.83,1.51,2.74,1.45,,,mcdonald m.,davidovich fokina a.,atp_125,atp_17
17,Indian Wells,BNP Paribas Open,3/6/2025,Masters 1000,Outdoor,Hard,1st Round,3,Diallo G.,Zhang Zh.,88,51.0,690,1075.0,2.0,6.0,6.0,2.0,7.0,6.0,,,,,2.0,1.0,Completed,1.91,1.91,,,1.91,2.11,1.83,1.99,,,diallo g.,zhang z.,atp_36,atp_263
17,Indian Wells,BNP Paribas Open,3/6/2025,Masters 1000,Outdoor,Hard,1st Round,3,Gigante M.,Baez S.,217,34.0,256,1425.0,3.0,6.0,6.0,1.0,6.0,4.0,,,,,2.0,1.0,Completed,2,1.8,2.15,1.78,2.15,1.9,2.05,1.77,,,gigante m.,baez s.,atp_192,atp_50
17,Indian Wells,BNP Paribas Open,3/6/2025,Masters 1000,Outdoor,Hard,1st Round,3,Arnaldi M.,Kovacevic A.,35,94.0,1390,630.0,6.0,3.0,5.0,7.0,6.0,4.0,,,,,2.0,1.0,Completed,1.4,3.0,1.39,3.22,1.4,3.22,1.39,3.02,,,arnaldi m.,kovacevic a.,atp_107,atp_85
17,Indian Wells,BNP Paribas Open,3/6/2025,Masters 1000,Outdoor,Hard,1st Round,3,Monfils G.,Struff J.L.,42,46.0,1280,1200.0,6.0,4.0,6.0,4.0,,,,,,,2.0,0.0,Completed,1.62,2.3,1.57,2.54,1.63,2.55,1.55,2.45,,,monfils g.,struff j.,atp_203,
17,Indian Wells,BNP Paribas Open,3/7/2025,Masters 1000,Outdoor,Hard,1st Round,3,Gaston H.,Darderi L.,93,60.0,636,945.0,6.0,3.0,6.0,3.0,,,,,,,2.0,0.0,Completed,1.53,2.5,1.56,2.57,1.56,2.6,1.52,2.54,,,gaston h.,darderi l.,atp_116,atp_19
17,Indian Wells,BNP Paribas Open,3/7/2025,Masters 1000,Outdoor,Hard,1st Round,3,Borges N.,Rinderknech A.,36,73.0,1385,824.0,6.0,1.0,5.0,7.0,6.0,2.0,,,,,2.0,1.0,Completed,1.4,3.0,1.37,3.33,1.4,3.33,1.36,3.16,,,borges n.,rinderknech a.,atp_48,atp_27
17,Indian Wells,BNP Paribas Open,3/7/2025,Masters 1000,Outdoor,Hard,1st Round,3,Goffin D.,Sonego L.,56,37.0,1006,1376.0,6.0,4.0,7.0,5.0,,,,,,,2.0,0.0,Completed,2.1,1.73,2.1,1.81,2.12,1.81,2.09,1.74,,,goffin d.,sonego l.,atp_179,atp_63
17,Indian Wells,BNP Paribas Open,3/7/2025,Masters 1000,Outdoor,Hard,1st Round,3,Walton A.,Zeppieri G.,96,394.0,629,125.0,7.0,5.0,6.0,1.0,,,,,,,2.0,0.0,Completed,1.62,2.3,1.72,2.23,1.74,2.3,1.66,2.23,,,walton a.,zeppieri g.,atp_105,atp_162
17,Indian Wells,BNP Paribas Open,3/7/2025,Masters 1000,Outdoor,Hard,1st Round,3,Van De Zandschulp B.,Kyrgios N.,85,1099.0,710,10.0,7.0,6.0,3.0,0.0,,,,,,,1.0,0.0,Retired,1.4,3.0,1.38,3.27,1.42,3.27,1.4,2.98,,,van de zandschulp b.,kyrgios n.,atp_62,
17,Indian Wells,BNP Paribas Open,3/7/2025,Masters 1000,Outdoor,Hard,1st Round,3,Lajovic D.,Tu L.,108,177.0,555,326.0,6.0,2.0,6.0,0.0,,,,,,,2.0,0.0,Completed,1.8,2.0,1.9,1.98,1.9,2.04,1.83,1.97,,,lajovic d.,tu l.,atp_132,atp_424
17,Indian Wells,BNP Paribas Open,3/7/2025,Masters 1000,Outdoor,Hard,1st Round,3,Halys Q.,Carreno Busta P.,59,112.0,976,524.0,6.0,3.0,6.0,4.0,,,,,,,2.0,0.0,Completed,2.3,1.62,2.5,1.59,2.6,1.69,2.4,1.6,,,halys q.,carreno busta p.,atp_90,atp_88
17,Indian Wells,BNP Paribas Open,3/7/2025,Masters 1000,Outdoor,Hard,1st Round,3,Navone M.,Tien L.,63,68.0,905,857.0,7.0,5.0,6.0,4.0,,,,,,,2.0,0.0,Completed,3.5,1.3,3.4,1.36,3.5,1.36,3.3,1.33,,,navone m.,tien l.,atp_60,atp_22
17,Indian Wells,BNP Paribas Open,3/7/2025,Masters 1000,Outdoor,Hard,2nd Round,3,Humbert U.,Nishikori K.,19,76.0,2375,793.0,6.0,4.0,6.0,3.0,,,,,,,2.0,0.0,Completed,1.3,3.5,1.39,3.25,1.39,3.53,1.33,3.31,,,humbert u.,nishikori k.,atp_34,atp_417
17,Indian Wells,BNP Paribas Open,3/7/2025,Masters 1000,Outdoor,Hard,2nd Round,3,Griekspoor T.,Zverev A.,43,2.0,1270,8135.0,4.0,6.0,7.0,6.0,7.0,6.0,,,,,2.0,1.0,Completed,4,1.25,3.76,1.31,4.01,1.31,3.87,1.26,,,griekspoor t.,zverev a.,atp_30,atp_3
17,Indian Wells,BNP Paribas Open,3/7/2025,Masters 1000,Outdoor,Hard,2nd Round,3,Paul T.,Boyer T.,11,117.0,3330,501.0,6.0,3.0,6.0,1.0,,,,,,,2.0,0.0,Completed,1.08,8.0,1.11,8.07,1.11,8.07,1.1,7.3,,,paul t.,boyer t.,atp_21,atp_241
17,Indian Wells,BNP Paribas Open,3/7/2025,Masters 1000,Outdoor,Hard,2nd Round,3,Mpetshi G.,Marozsan F.,30,54.0,1616,1035.0,6.0,4.0,,,,,,,,,1.0,0.0,Retired,2.1,1.73,2.14,1.78,2.2,1.78,2.11,1.72,,,mpetshi perricard g.,marozsan f.,atp_57,atp_47
17,Indian Wells,BNP Paribas Open,3/7/2025,Masters 1000,Outdoor,Hard,2nd Round,3,Popyrin A.,Bergs Z.,27,53.0,1750,1060.0,7.0,6.0,7.0,5.0,,,,,,,2.0,0.0,Completed,1.91,1.91,1.92,1.97,1.92,1.98,1.86,1.93,,,popyrin a.,bergs z.,atp_45,atp_46
17,Indian Wells,BNP Paribas Open,3/7/2025,Masters 1000,Outdoor,Hard,2nd Round,3,Norrie C.,Lehecka J.,77,24.0,784,1935.0,3.0,6.0,6.0,4.0,7.0,5.0,,,,,2.0,1.0,Completed,2.5,1.53,2.4,1.63,2.51,1.63,2.41,1.57,,,norrie c.,lehecka j.,atp_24,atp_14
17,Indian Wells,BNP Paribas Open,3/7/2025,Masters 1000,Outdoor,Hard,2nd Round,3,Giron M.,Ruud C.,48,5.0,1150,4045.0,7.0,6.0,3.0,6.0,6.0,2.0,,,,,2.0,1.0,Completed,2.38,1.57,2.45,1.61,2.5,1.61,2.42,1.55,,,giron m.,ruud c.,atp_66,atp_12
17,Indian Wells,BNP Paribas Open,3/7/2025,Masters 1000,Outdoor,Hard,2nd Round,3,Berrettini M.,O Connell C.,29,75.0,1620,805.0,6.0,2.0,7.0,6.0,,,,,,,2.0,0.0,Completed,1.2,4.5,1.23,4.68,1.25,4.68,1.21,4.34,,,berrettini m.,oconnell c.,atp_91,atp_128
17,Indian Wells,BNP Paribas Open,3/7/2025,Masters 1000,Outdoor,Hard,2nd Round,3,Musetti L.,Safiullin R.,16,69.0,2650,848.0,7.0,5.0,5.0,7.0,6.0,2.0,,,,,2.0,1.0,Completed,1.91,1.91,1.87,2.03,1.93,2.03,1.87,1.92,,,musetti l.,safiullin r.,atp_5,atp_229
17,Indian Wells,BNP Paribas Open,3/7/2025,Masters 1000,Outdoor,Hard,2nd Round,3,Michelsen A.,Smith C.,32,261.0,1445,209.0,6.0,3.0,6.0,4.0,,,,,,,2.0,0.0,Completed,1.4,3.0,1.43,3.01,1.44,3.01,1.41,2.88,,,michelsen a.,smith c.,atp_35,atp_164
17,Indian Wells,BNP Paribas Open,3/8/2025,Masters 1000,Outdoor,Hard,2nd Round,3,Rune H.,Moutet C.,13,79.0,2820,759.0,6.0,2.0,6.0,4.0,,,,,,,2.0,0.0,Completed,1.36,3.2,1.4,3.11,1.4,3.2,1.37,3.05,,,rune h.,moutet c.,atp_29,atp_32
17,Indian Wells,BNP Paribas Open,3/8/2025,Masters 1000,Outdoor,Hard,2nd Round,3,Tsitsipas S.,Seyboth Wild T.,9,91.0,3405,657.0,6.0,2.0,6.0,4.0,,,,,,,2.0,0.0,Completed,1.25,4.0,1.26,4.2,1.27,4.2,1.25,3.9,,,tsitsipas s.,seyboth wild t.,atp_49,atp_245
17,Indian Wells,BNP Paribas Open,3/8/2025,Masters 1000,Outdoor,Hard,2nd Round,3,Fils A.,Diallo G.,21,88.0,2330,690.0,6.0,2.0,6.0,2.0,,,,,,,2.0,0.0,Completed,1.62,2.3,1.67,2.31,1.7,2.42,1.66,2.23,,,fils a.,diallo g.,atp_28,atp_36
17,Indian Wells,BNP Paribas Open,3/8/2025,Masters 1000,Outdoor,Hard,2nd Round,3,Medvedev D.,Bu Y.,6,71.0,3930,833.0,6.0,2.0,6.0,2.0,,,,,,,2.0,0.0,Completed,1.22,4.33,1.24,4.44,1.25,4.44,1.23,4.2,,,medvedev d.,bu y.,atp_10,
17,Indian Wells,BNP Paribas Open,3/8/2025,Masters 1000,Outdoor,Hard,2nd Round,3,Watanuki Y.,Machac T.,349,20.0,144,2330.0,4.0,6.0,4.0,2.0,,,,,,,0.0,1.0,Retired,4,1.25,4.26,1.26,4.26,1.26,3.96,1.25,,,watanuki y.,machac t.,atp_233,atp_55
17,Indian Wells,BNP Paribas Open,3/8/2025,Masters 1000,Outdoor,Hard,2nd Round,3,Tiafoe F.,Dzumhur D.,17,84.0,2485,712.0,7.0,6.0,7.0,6.0,,,,,,,2.0,0.0,Completed,1.29,3.75,1.27,4.14,1.3,4.14,1.28,3.7,,,tiafoe f.,dzumhur d.,atp_18,atp_74
17,Indian Wells,BNP Paribas Open,3/8/2025,Masters 1000,Outdoor,Hard,2nd Round,3,Fritz T.,Gigante M.,4,217.0,4900,256.0,6.0,3.0,7.0,5.0,,,,,,,2.0,0.0,Completed,1.08,8.0,1.09,9.06,1.1,9.98,1.08,7.92,,,fritz t.,gigante m.,atp_8,atp_192
17,Indian Wells,BNP Paribas Open,3/8/2025,Masters 1000,Outdoor,Hard,2nd Round,3,Brooksby J.,Auger-Aliassime F.,937,18.0,17,2455.0,6.0,4.0,6.0,2.0,,,,,,,2.0,0.0,Completed,3.75,1.29,3.82,1.3,3.82,1.32,3.58,1.3,,,brooksby j.,augeraliassime f.,atp_41,
17,Indian Wells,BNP Paribas Open,3/8/2025,Masters 1000,Outdoor,Hard,2nd Round,3,Tabilo A.,Lajovic D.,31,108.0,1535,555.0,6.0,3.0,7.0,5.0,,,,,,,2.0,0.0,Completed,2,1.8,2.09,1.82,2.09,1.84,2.0,1.81,,,tabilo a.,lajovic d.,atp_39,atp_132
17,Indian Wells,BNP Paribas Open,3/8/2025,Masters 1000,Outdoor,Hard,2nd Round,3,Draper J.,Fonseca J.,14,80.0,2810,750.0,6.0,4.0,6.0,0.0,,,,,,,2.0,0.0,Completed,1.53,2.5,1.6,2.48,1.62,2.65,1.54,2.48,,,draper j.,fonseca j.,atp_25,atp_40
17,Indian Wells,BNP Paribas Open,3/8/2025,Masters 1000,Outdoor,Hard,2nd Round,3,Arnaldi M.,Rublev A.,35,8.0,1390,3480.0,6.0,4.0,7.0,5.0,,,,,,,2.0,0.0,Completed,3,1.4,2.89,1.47,3.01,1.48,2.84,1.42,,,arnaldi m.,rublev a.,atp_107,atp_16
17,Indian Wells,BNP Paribas Open,3/8/2025,Masters 1000,Outdoor,Hard,2nd Round,3,Shapovalov D.,Walton A.,28,96.0,1696,629.0,6.0,3.0,6.0,2.0,,,,,,,2.0,0.0,Completed,1.25,4.0,1.3,3.81,1.3,4.0,1.28,3.68,,,shapovalov d.,walton a.,atp_38,atp_105
17,Indian Wells,BNP Paribas Open,3/8/2025,Masters 1000,Outdoor,Hard,2nd Round,3,Cerundolo F.,McDonald M.,26,109.0,1775,555.0,4.0,6.0,7.0,6.0,6.0,1.0,,,,,2.0,1.0,Completed,1.8,2.0,1.78,2.14,1.8,2.14,1.75,2.07,,,cerundolo f.,mcdonald m.,atp_20,atp_125
17,Indian Wells,BNP Paribas Open,3/8/2025,Masters 1000,Outdoor,Hard,2nd Round,3,Alcaraz C.,Halys Q.,3,59.0,7510,976.0,6.0,4.0,6.0,2.0,,,,,,,2.0,0.0,Completed,1.08,8.0,1.07,11.28,1.09,11.69,1.06,9.16,,,alcaraz c.,halys q.,atp_1,atp_90
17,Indian Wells,BNP Paribas Open,3/8/2025,Masters 1000,Outdoor,Hard,2nd Round,3,Van De Zandschulp B.,Djokovic N.,85,7.0,710,3900.0,6.0,2.0,3.0,6.0,6.0,1.0,,,,,2.0,1.0,Completed,7,1.1,8.0,1.11,8.0,1.11,6.91,1.1,,,van de zandschulp b.,djokovic n.,atp_62,atp_4
17,Indian Wells,BNP Paribas Open,3/8/2025,Masters 1000,Outdoor,Hard,2nd Round,3,Hurkacz H.,Gaston H.,22,93.0,2165,636.0,7.0,5.0,6.0,3.0,,,,,,,2.0,0.0,Completed,1.22,4.33,1.26,4.28,1.26,4.33,1.23,4.1,,,hurkacz h.,gaston h.,atp_72,atp_116
17,Indian Wells,BNP Paribas Open,3/8/2025,Masters 1000,Outdoor,Hard,2nd Round,3,Nakashima B.,Hijikata R.,33,83.0,1430,732.0,7.0,5.0,6.0,1.0,,,,,,,2.0,0.0,Completed,1.22,4.33,1.26,4.2,1.26,4.33,1.24,4.08,,,nakashima b.,hijikata r.,atp_33,atp_102
17,Indian Wells,BNP Paribas Open,3/9/2025,Masters 1000,Outdoor,Hard,2nd Round,3,Khachanov K.,Mensik J.,23,57.0,1960,992.0,3.0,6.0,6.0,0.0,6.0,3.0,,,,,2.0,1.0,Completed,1.69,2.1,1.78,2.15,1.78,2.15,1.72,2.11,,,khachanov k.,mensik j.,atp_15,atp_26
17,Indian Wells,BNP Paribas Open,3/9/2025,Masters 1000,Outdoor,Hard,2nd Round,3,Dimitrov G.,Borges N.,15,36.0,2745,1385.0,6.0,3.0,6.0,4.0,,,,,,,2.0,0.0,Completed,2.2,1.67,2.26,1.7,2.26,1.73,2.14,1.69,,,dimitrov g.,borges n.,atp_93,atp_48
17,Indian Wells,BNP Paribas Open,3/9/2025,Masters 1000,Outdoor,Hard,2nd Round,3,Shelton B.,Navone M.,12,63.0,2880,905.0,6.0,3.0,6.0,2.0,,,,,,,2.0,0.0,Completed,1.3,3.5,1.29,3.92,1.3,3.92,1.29,3.64,,,shelton b.,navone m.,atp_9,atp_60
17,Indian Wells,BNP Paribas Open,3/9/2025,Masters 1000,Outdoor,Hard,2nd Round,3,De Minaur A.,Goffin D.,10,56.0,3335,1006.0,6.0,2.0,6.0,2.0,,,,,,,2.0,0.0,Completed,1.14,5.5,1.17,5.69,1.18,5.69,1.16,5.25,,,de minaur a.,goffin d.,atp_6,atp_179
17,Indian Wells,BNP Paribas Open,3/9/2025,Masters 1000,Outdoor,Hard,2nd Round,3,Monfils G.,Korda S.,42,25.0,1280,1900.0,7.0,6.0,7.0,6.0,,,,,,,2.0,0.0,Completed,1.67,2.2,1.76,2.18,1.77,2.22,1.7,2.14,,,monfils g.,korda s.,atp_203,atp_42
17,Indian Wells,BNP Paribas Open,3/9/2025,Masters 1000,Outdoor,Hard,3rd Round,3,Paul T.,Norrie C.,11,77.0,3330,784.0,6.0,3.0,7.0,5.0,,,,,,,2.0,0.0,Completed,1.3,3.5,1.31,3.8,1.31,3.81,1.29,3.57,,,paul t.,norrie c.,atp_21,atp_24
17,Indian Wells,BNP Paribas Open,3/9/2025,Masters 1000,Outdoor,Hard,3rd Round,3,Griekspoor T.,Mpetshi G.,43,30.0,1270,1616.0,7.0,6.0,6.0,3.0,,,,,,,2.0,0.0,Completed,1.62,2.3,1.72,2.25,1.72,2.32,1.65,2.24,,,griekspoor t.,mpetshi perricard g.,atp_30,atp_57
17,Indian Wells,BNP Paribas Open,3/9/2025,Masters 1000,Outdoor,Hard,3rd Round,3,Giron M.,Popyrin A.,48,27.0,1150,1750.0,5.0,7.0,6.0,3.0,6.0,3.0,,,,,2.0,1.0,Completed,1.73,2.1,1.76,2.18,1.76,2.18,1.73,2.09,,,giron m.,popyrin a.,atp_66,atp_45
17,Indian Wells,BNP Paribas Open,3/9/2025,Masters 1000,Outdoor,Hard,3rd Round,3,Tsitsipas S.,Berrettini M.,9,29.0,3405,1620.0,6.0,3.0,6.0,3.0,,,,,,,2.0,0.0,Completed,1.91,1.91,2.03,1.88,2.03,1.91,1.94,1.85,,,tsitsipas s.,berrettini m.,atp_49,atp_91
17,Indian Wells,BNP Paribas Open,3/9/2025,Masters 1000,Outdoor,Hard,3rd Round,3,Medvedev D.,Michelsen A.,6,32.0,3930,1445.0,2.0,0.0,,,,,,,,,0.0,0.0,Retired,1.33,3.4,1.34,3.58,1.39,3.58,1.34,3.26,,,medvedev d.,michelsen a.,atp_10,atp_35
17,Indian Wells,BNP Paribas Open,3/9/2025,Masters 1000,Outdoor,Hard,3rd Round,3,Rune H.,Humbert U.,13,19.0,2820,2375.0,5.0,7.0,6.0,4.0,7.0,5.0,,,,,2.0,1.0,Completed,2,1.8,2.03,1.88,2.11,1.88,2.0,1.81,,,rune h.,humbert u.,atp_29,atp_34
17,Indian Wells,BNP Paribas Open,3/10/2025,Masters 1000,Outdoor,Hard,3rd Round,3,Fils A.,Musetti L.,21,16.0,2330,2650.0,3.0,6.0,7.0,6.0,6.0,3.0,,,,,2.0,1.0,Completed,1.73,2.1,1.8,2.13,1.97,2.17,1.75,2.07,,,fils a.,musetti l.,atp_28,atp_5
17,Indian Wells,BNP Paribas Open,3/10/2025,Masters 1000,Outdoor,Hard,3rd Round,3,Watanuki Y.,Tiafoe F.,349,17.0,144,2485.0,6.0,4.0,7.0,6.0,,,,,,,2.0,0.0,Completed,3.2,1.36,3.09,1.43,3.2,1.44,2.99,1.39,,,watanuki y.,tiafoe f.,atp_233,atp_18
17,Indian Wells,BNP Paribas Open,3/10/2025,Masters 1000,Outdoor,Hard,3rd Round,3,Cerundolo F.,Van De Zandschulp B.,26,85.0,1775,710.0,6.0,3.0,6.0,4.0,,,,,,,2.0,0.0,Completed,1.63,2.2,1.67,2.32,1.76,2.32,1.68,2.17,,,cerundolo f.,van de zandschulp b.,atp_20,atp_62
17,Indian Wells,BNP Paribas Open,3/10/2025,Masters 1000,Outdoor,Hard,3rd Round,3,Draper J.,Brooksby J.,14,937.0,2810,17.0,7.0,5.0,6.0,4.0,,,,,,,2.0,0.0,Completed,1.17,4.5,1.23,4.65,1.23,4.7,1.2,4.52,,,draper j.,brooksby j.,atp_25,atp_41
17,Indian Wells,BNP Paribas Open,3/10/2025,Masters 1000,Outdoor,Hard,3rd Round,3,De Minaur A.,Hurkacz H.,10,22.0,3335,2165.0,6.0,4.0,6.0,0.0,,,,,,,2.0,0.0,Completed,1.44,2.75,1.53,2.7,1.53,2.76,1.48,2.65,,,de minaur a.,hurkacz h.,atp_6,atp_72
17,Indian Wells,BNP Paribas Open,3/10/2025,Masters 1000,Outdoor,Hard,3rd Round,3,Fritz T.,Tabilo A.,4,31.0,4900,1535.0,4.0,6.0,6.0,3.0,6.0,1.0,,,,,2.0,1.0,Completed,1.13,6.0,1.15,6.55,1.15,6.55,1.14,5.78,,,fritz t.,tabilo a.,atp_8,atp_39
17,Indian Wells,BNP Paribas Open,3/10/2025,Masters 1000,Outdoor,Hard,3rd Round,3,Nakashima B.,Arnaldi M.,33,35.0,1430,1390.0,6.0,2.0,6.0,4.0,,,,,,,2.0,0.0,Completed,2,1.8,1.99,1.92,2.02,1.92,1.96,1.84,,,nakashima b.,arnaldi m.,atp_33,atp_107
17,Indian Wells,BNP Paribas Open,3/10/2025,Masters 1000,Outdoor,Hard,3rd Round,3,Shelton B.,Khachanov K.,12,23.0,2880,1960.0,6.0,3.0,7.0,5.0,,,,,,,2.0,0.0,Completed,1.67,2.2,1.71,2.25,1.73,2.25,1.7,2.15,,,shelton b.,khachanov k.,atp_9,atp_15
17,Indian Wells,BNP Paribas Open,3/11/2025,Masters 1000,Outdoor,Hard,3rd Round,3,Alcaraz C.,Shapovalov D.,3,28.0,7510,1696.0,6.0,2.0,6.0,4.0,,,,,,,2.0,0.0,Completed,1.14,5.5,1.18,5.66,1.18,5.66,1.16,5.13,,,alcaraz c.,shapovalov d.,atp_1,atp_38
17,Indian Wells,BNP Paribas Open,3/11/2025,Masters 1000,Outdoor,Hard,3rd Round,3,Dimitrov G.,Monfils G.,15,42.0,2745,1280.0,7.0,6.0,4.0,6.0,7.0,6.0,,,,,2.0,1.0,Completed,1.91,1.91,2.0,1.9,2.01,1.91,1.92,1.87,,,dimitrov g.,monfils g.,atp_93,atp_203
17,Indian Wells,BNP Paribas Open,3/11/2025,Masters 1000,Outdoor,Hard,4th Round,3,Griekspoor T.,Watanuki Y.,43,349.0,1270,144.0,7.0,6.0,6.0,1.0,,,,,,,2.0,0.0,Completed,1.4,3.0,1.45,2.99,1.46,3.0,1.42,2.86,,,griekspoor t.,watanuki y.,atp_30,atp_233
17,Indian Wells,BNP Paribas Open,3/11/2025,Masters 1000,Outdoor,Hard,4th Round,3,Rune H.,Tsitsipas S.,13,9.0,2820,3405.0,6.0,4.0,6.0,4.0,,,,,,,2.0,0.0,Completed,2.3,1.62,2.42,1.64,2.42,1.66,2.29,1.61,,,rune h.,tsitsipas s.,atp_29,atp_49
17,Indian Wells,BNP Paribas Open,3/11/2025,Masters 1000,Outdoor,Hard,4th Round,3,Fils A.,Giron M.,21,48.0,2330,1150.0,6.0,2.0,2.0,6.0,6.0,3.0,,,,,2.0,1.0,Completed,1.57,2.38,1.62,2.46,1.65,2.46,1.59,2.35,,,fils a.,giron m.,atp_28,atp_66
17,Indian Wells,BNP Paribas Open,3/12/2025,Masters 1000,Outdoor,Hard,4th Round,3,Medvedev D.,Paul T.,6,11.0,3930,3330.0,6.0,4.0,6.0,0.0,,,,,,,2.0,0.0,Completed,1.73,2.1,1.85,2.06,1.88,2.12,1.8,2.01,,,medvedev d.,paul t.,atp_10,atp_21
17,Indian Wells,BNP Paribas Open,3/12/2025,Masters 1000,Outdoor,Hard,4th Round,3,Shelton B.,Nakashima B.,12,33.0,2880,1430.0,7.0,6.0,6.0,1.0,,,,,,,2.0,0.0,Completed,1.53,2.5,1.58,2.56,1.6,2.65,1.54,2.46,,,shelton b.,nakashima b.,atp_9,atp_33
17,Indian Wells,BNP Paribas Open,3/12/2025,Masters 1000,Outdoor,Hard,4th Round,3,Cerundolo F.,De Minaur A.,26,10.0,1775,3335.0,7.0,5.0,6.0,3.0,,,,,,,2.0,0.0,Completed,3.75,1.29,4.02,1.29,4.02,1.3,3.74,1.27,,,cerundolo f.,de minaur a.,atp_20,atp_6
17,Indian Wells,BNP Paribas Open,3/12/2025,Masters 1000,Outdoor,Hard,4th Round,3,Draper J.,Fritz T.,14,4.0,2810,4900.0,7.0,5.0,6.0,4.0,,,,,,,2.0,0.0,Completed,1.69,2.1,1.84,2.08,1.86,2.1,1.78,2.01,,,draper j.,fritz t.,atp_25,atp_8
17,Indian Wells,BNP Paribas Open,3/13/2025,Masters 1000,Outdoor,Hard,4th Round,3,Alcaraz C.,Dimitrov G.,3,15.0,7510,2745.0,6.0,1.0,6.0,1.0,,,,,,,2.0,0.0,Completed,1.1,7.0,1.12,7.92,1.12,7.92,1.11,6.82,,,alcaraz c.,dimitrov g.,atp_1,atp_93
17,Indian Wells,BNP Paribas Open,3/13/2025,Masters 1000,Outdoor,Hard,Quarterfinals,3,Rune H.,Griekspoor T.,13,43.0,2820,1270.0,5.0,7.0,6.0,0.0,6.0,3.0,,,,,2.0,1.0,Completed,1.57,2.38,1.63,2.44,1.63,2.45,1.59,2.36,,,rune h.,griekspoor t.,atp_29,atp_30
17,Indian Wells,BNP Paribas Open,3/13/2025,Masters 1000,Outdoor,Hard,Quarterfinals,3,Medvedev D.,Fils A.,6,21.0,3930,2330.0,6.0,4.0,2.0,6.0,7.0,6.0,,,,,2.0,1.0,Completed,1.36,3.2,1.38,3.35,1.39,3.36,1.35,3.23,,,medvedev d.,fils a.,atp_10,atp_28
17,Indian Wells,BNP Paribas Open,3/14/2025,Masters 1000,Outdoor,Hard,Quarterfinals,3,Draper J.,Shelton B.,14,12.0,2810,2880.0,6.0,4.0,7.0,5.0,,,,,,,2.0,0.0,Completed,1.44,2.75,1.53,2.7,1.55,2.8,1.48,2.65,,,draper j.,shelton b.,atp_25,atp_9
17,Indian Wells,BNP Paribas Open,3/14/2025,Masters 1000,Outdoor,Hard,Quarterfinals,3,Alcaraz C.,Cerundolo F.,3,26.0,7510,1775.0,6.0,3.0,7.0,6.0,,,,,,,2.0,0.0,Completed,1.06,10.0,1.08,10.68,1.1,10.68,1.07,9.06,,,alcaraz c.,cerundolo f.,atp_1,atp_20
17,Indian Wells,BNP Paribas Open,3/15/2025,Masters 1000,Outdoor,Hard,Semifinals,3,Rune H.,Medvedev D.,13,6.0,2820,3930.0,7.0,5.0,6.0,4.0,,,,,,,2.0,0.0,Completed,2.5,1.53,2.63,1.56,2.63,1.6,2.49,1.53,,,rune h.,medvedev d.,atp_29,atp_10
17,Indian Wells,BNP Paribas Open,3/15/2025,Masters 1000,Outdoor,Hard,Semifinals,3,Draper J.,Alcaraz C.,14,3.0,2810,7510.0,6.0,1.0,0.0,6.0,6.0,4.0,,,,,2.0,1.0,Completed,3.5,1.3,3.68,1.33,3.68,1.33,3.44,1.31,,,draper j.,alcaraz c.,atp_25,atp_1
17,Indian Wells,BNP Paribas Open,3/16/2025,Masters 1000,Outdoor,Hard,The Final,3,Draper J.,Rune H.,14,13.0,2810,2820.0,6.0,2.0,6.0,2.0,,,,,,,2.0,0.0,Completed,1.57,2.38,1.56,2.61,1.59,2.61,1.55,2.44,,,draper j.,rune h.,atp_25,atp_29
18,Miami,Miami Open,3/19/2025,Masters 1000,Outdoor,Hard,1st Round,3,Goffin D.,Vukic A.,55,77.0,1003,814.0,2.0,6.0,6.0,4.0,6.0,2.0,,,,,2.0,1.0,Completed,1.62,2.3,1.64,2.39,1.7,2.39,1.61,2.29,,,goffin d.,vukic a.,atp_179,atp_84
18,Miami,Miami Open,3/19/2025,Masters 1000,Outdoor,Hard,1st Round,3,Bublik A.,Baez S.,80,36.0,785,1385.0,6.0,3.0,6.0,4.0,,,,,,,2.0,0.0,Completed,1.44,2.75,1.53,2.6,1.53,2.75,1.49,2.6,,,bublik a.,baez s.,atp_11,atp_50
18,Miami,Miami Open,3/19/2025,Masters 1000,Outdoor,Hard,1st Round,3,Hijikata R.,Medjedovic H.,86,73.0,752,829.0,7.0,5.0,3.0,6.0,7.0,5.0,,,,,2.0,1.0,Completed,3,1.4,3.11,1.41,3.18,1.46,2.95,1.39,,,hijikata r.,medjedovic h.,atp_102,atp_81
18,Miami,Miami Open,3/19/2025,Masters 1000,Outdoor,Hard,1st Round,3,Schoolkate T.,Quinn E.,129,135.0,450,432.0,6.0,0.0,6.0,2.0,,,,,,,2.0,0.0,Completed,2.38,1.57,2.45,1.61,2.55,1.66,2.38,1.57,,,schoolkate t.,quinn e.,atp_119,atp_56
18,Miami,Miami Open,3/19/2025,Masters 1000,Outdoor,Hard,1st Round,3,Monfils G.,Marozsan F.,46,59.0,1230,965.0,6.0,3.0,3.0,6.0,6.0,4.0,,,,,2.0,1.0,Completed,1.4,3.0,1.46,2.92,1.46,3.0,1.42,2.81,,,monfils g.,marozsan f.,atp_203,atp_47
18,Miami,Miami Open,3/19/2025,Masters 1000,Outdoor,Hard,1st Round,3,Cina F.,Comesana F.,441,67.0,105,866.0,7.0,6.0,7.0,6.0,,,,,,,2.0,0.0,Completed,3,1.4,3.15,1.4,3.2,1.46,2.98,1.38,,,cina f.,comesana f.,atp_208,atp_87
18,Miami,Miami Open,3/19/2025,Masters 1000,Outdoor,Hard,1st Round,3,Tseng C.H.,Bellucci M.,115,72.0,529,838.0,7.0,6.0,6.0,2.0,,,,,,,2.0,0.0,Completed,2.75,1.44,2.88,1.47,2.95,1.47,2.76,1.43,,,tseng c.,bellucci m.,,atp_73
18,Miami,Miami Open,3/19/2025,Masters 1000,Outdoor,Hard,1st Round,3,Ugo Carabelli C.,Holt B.,65,116.0,870,528.0,2.0,6.0,7.0,6.0,6.0,4.0,,,,,2.0,1.0,Completed,2.38,1.57,2.34,1.66,2.55,1.66,2.35,1.58,,,ugo carabelli c.,holt b.,atp_67,atp_254
18,Miami,Miami Open,3/19/2025,Masters 1000,Outdoor,Hard,1st Round,3,Kyrgios N.,McDonald M.,892,101.0,20,575.0,3.0,6.0,6.0,3.0,6.0,4.0,,,,,2.0,1.0,Completed,3,1.4,2.98,1.44,3.0,1.44,2.84,1.41,,,kyrgios n.,mcdonald m.,,atp_125
18,Miami,Miami Open,3/19/2025,Masters 1000,Outdoor,Hard,1st Round,3,Moutet C.,Blockx A.,76,163.0,814,354.0,7.0,6.0,6.0,4.0,,,,,,,2.0,0.0,Completed,1.62,2.3,1.68,2.31,1.69,2.31,1.64,2.22,,,moutet c.,blockx a.,atp_32,atp_92
18,Miami,Miami Open,3/19/2025,Masters 1000,Outdoor,Hard,1st Round,3,Carballes Baena R.,O Connell C.,53,78.0,1051,805.0,6.0,3.0,3.0,6.0,7.0,6.0,,,,,2.0,1.0,Completed,2.5,1.53,2.56,1.54,2.6,1.54,2.51,1.51,,,carballes baena r.,oconnell c.,atp_159,atp_128
18,Miami,Miami Open,3/19/2025,Masters 1000,Outdoor,Hard,1st Round,3,Kecmanovic M.,Kovacevic A.,48,79.0,1161,800.0,6.0,4.0,6.0,4.0,,,,,,,2.0,0.0,Completed,1.57,2.38,1.6,2.49,1.6,2.5,1.56,2.38,,,kecmanovic m.,kovacevic a.,atp_58,atp_85
18,Miami,Miami Open,3/19/2025,Masters 1000,Outdoor,Hard,1st Round,3,Muller A.,Sakamoto R.,41,330.0,1287,157.0,6.0,4.0,6.0,4.0,,,,,,,2.0,0.0,Completed,1.44,2.75,1.48,2.75,1.49,2.8,1.45,2.69,,,muller a.,sakamoto r.,atp_94,atp_166
18,Miami,Miami Open,3/19/2025,Masters 1000,Outdoor,Hard,1st Round,3,Munar J.,Rinderknech A.,56,74.0,992,821.0,6.0,3.0,7.0,6.0,,,,,,,2.0,0.0,Completed,1.57,2.38,1.66,2.35,1.66,2.41,1.59,2.32,,,munar j.,rinderknech a.,atp_37,atp_27
18,Miami,Miami Open,3/20/2025,Masters 1000,Outdoor,Hard,1st Round,3,Spizzirri E.,Harris B.,134,107.0,434,558.0,7.0,6.0,3.0,6.0,6.0,2.0,,,,,2.0,1.0,Completed,1.62,2.3,1.65,2.36,1.69,2.36,1.63,2.25,,,spizzirri e.,harris b.,atp_79,atp_148
18,Miami,Miami Open,3/20/2025,Masters 1000,Outdoor,Hard,1st Round,3,Halys Q.,Seyboth Wild T.,57,96.0,981,617.0,6.0,3.0,6.0,4.0,,,,,,,2.0,0.0,Completed,1.57,2.38,1.64,2.39,1.67,2.45,1.6,2.31,,,halys q.,seyboth wild t.,atp_90,atp_245
18,Miami,Miami Open,3/20/2025,Masters 1000,Outdoor,Hard,1st Round,3,Bergs Z.,Borges N.,51,42.0,1065,1280.0,7.0,6.0,7.0,5.0,,,,,,,2.0,0.0,Completed,2,1.8,2.11,1.8,2.12,1.83,2.03,1.77,,,bergs z.,borges n.,atp_46,atp_48
18,Miami,Miami Open,3/20/2025,Masters 1000,Outdoor,Hard,1st Round,3,Fearnley J.,Bonzi B.,83,63.0,770,920.0,7.0,6.0,2.0,6.0,6.0,4.0,,,,,2.0,1.0,Completed,1.44,2.75,1.48,2.84,1.5,2.95,1.44,2.71,,,fearnley j.,bonzi b.,atp_97,atp_103
18,Miami,Miami Open,3/20/2025,Masters 1000,Outdoor,Hard,1st Round,3,Tirante T.A.,Cobolli F.,117,43.0,512,1280.0,6.0,1.0,3.0,6.0,6.0,3.0,,,,,2.0,1.0,Completed,2.3,1.62,2.35,1.66,2.45,1.66,2.29,1.6,,,tirante t.,cobolli f.,,atp_13
18,Miami,Miami Open,3/20/2025,Masters 1000,Outdoor,Hard,1st Round,3,Opelka R.,Eubanks C.,114,104.0,529,563.0,6.0,3.0,7.0,6.0,,,,,,,2.0,0.0,Completed,1.53,2.5,1.6,2.47,1.6,2.6,1.55,2.43,,,opelka r.,eubanks c.,atp_64,atp_420
18,Miami,Miami Open,3/20/2025,Masters 1000,Outdoor,Hard,1st Round,3,Gaston H.,Nishioka Y.,88,68.0,711,859.0,6.0,4.0,3.0,1.0,,,,,,,1.0,0.0,Retired,2.3,1.62,2.33,1.65,2.33,1.66,2.3,1.61,,,gaston h.,nishioka y.,atp_116,atp_173
18,Miami,Miami Open,3/20/2025,Masters 1000,Outdoor,Hard,1st Round,3,Wong C.,Altmaier D.,182,82.0,312,783.0,6.0,4.0,6.0,3.0,,,,,,,2.0,0.0,Completed,3.2,1.36,3.38,1.36,3.38,1.37,3.19,1.34,,,wong c.,altmaier d.,atp_124,atp_52
18,Miami,Miami Open,3/20/2025,Masters 1000,Outdoor,Hard,1st Round,3,Darderi L.,Martinez P.,61,40.0,945,1295.0,6.0,4.0,6.0,1.0,,,,,,,2.0,0.0,Completed,2.38,1.57,2.59,1.56,2.59,1.61,2.41,1.55,,,darderi l.,martinez p.,atp_19,atp_113
18,Miami,Miami Open,3/20/2025,Masters 1000,Outdoor,Hard,1st Round,3,Bu Y.,Norrie C.,69,81.0,855,784.0,6.0,4.0,6.0,2.0,,,,,,,2.0,0.0,Completed,2.2,1.67,2.28,1.69,2.28,1.73,2.19,1.66,,,bu y.,norrie c.,,atp_24
18,Miami,Miami Open,3/20/2025,Masters 1000,Outdoor,Hard,1st Round,3,Thompson J.,Giron M.,37,45.0,1375,1240.0,3.0,6.0,6.0,4.0,7.0,5.0,,,,,2.0,1.0,Completed,2.5,1.53,2.61,1.55,2.65,1.57,2.46,1.53,,,thompson j.,giron m.,atp_131,atp_66
18,Miami,Miami Open,3/20/2025,Masters 1000,Outdoor,Hard,1st Round,3,Davidovich Fokina A.,Struff J.L.,39,49.0,1325,1160.0,7.0,6.0,6.0,3.0,,,,,,,2.0,0.0,Completed,1.5,2.5,1.64,2.39,1.64,2.55,1.55,2.4,,,davidovich fokina a.,struff j.,atp_17,
18,Miami,Miami Open,3/20/2025,Masters 1000,Outdoor,Hard,1st Round,3,Diallo G.,Etcheverry T.,87,44.0,730,1275.0,6.0,3.0,6.0,0.0,,,,,,,2.0,0.0,Completed,2,1.77,2.02,1.85,2.02,2.01,1.94,1.84,,,diallo g.,etcheverry t.,atp_36,
18,Miami,Miami Open,3/20/2025,Masters 1000,Outdoor,Hard,1st Round,3,Sonego L.,Navone M.,38,62.0,1356,925.0,7.0,5.0,7.0,5.0,,,,,,,2.0,0.0,Completed,1.44,2.75,1.53,2.68,1.53,2.77,1.46,2.66,,,sonego l.,navone m.,atp_63,atp_60
18,Miami,Miami Open,3/20/2025,Masters 1000,Outdoor,Hard,1st Round,3,Safiullin R.,Brooksby J.,71,544.0,851,67.0,6.0,3.0,3.0,6.0,6.0,3.0,,,,,2.0,1.0,Completed,1.91,1.91,1.86,2.03,2.01,2.08,1.83,1.95,,,safiullin r.,brooksby j.,atp_229,atp_41
18,Miami,Miami Open,3/20/2025,Masters 1000,Outdoor,Hard,1st Round,3,Arnaldi M.,Wu Y.,35,421.0,1410,113.0,7.0,6.0,4.0,6.0,6.0,3.0,,,,,2.0,1.0,Completed,1.25,4.0,1.25,4.32,1.26,4.5,1.23,4.06,,,arnaldi m.,wu y.,atp_107,atp_118
18,Miami,Miami Open,3/20/2025,Masters 1000,Outdoor,Hard,1st Round,3,Fonseca J.,Tien L.,60,66.0,955,867.0,6.0,7.0,6.0,3.0,6.0,4.0,,,,,2.0,1.0,Completed,1.33,3.4,1.36,3.42,1.36,3.5,1.32,3.28,,,fonseca j.,tien l.,atp_40,atp_22
18,Miami,Miami Open,3/20/2025,Masters 1000,Outdoor,Hard,1st Round,3,Mensik J.,Bautista Agut R.,54,50.0,1042,1089.0,6.0,4.0,3.0,6.0,6.0,1.0,,,,,2.0,1.0,Completed,1.4,3.0,1.44,2.97,1.44,3.2,1.39,2.95,,,mensik j.,bautista agut r.,atp_26,atp_80
18,Miami,Miami Open,3/21/2025,Masters 1000,Outdoor,Hard,2nd Round,3,Auger-Aliassime F.,Schoolkate T.,19,129.0,2415,450.0,6.0,4.0,6.0,4.0,,,,,,,2.0,0.0,Completed,1.25,4.0,1.25,4.31,1.29,4.45,1.25,3.94,,,augeraliassime f.,schoolkate t.,,atp_119
18,Miami,Miami Open,3/21/2025,Masters 1000,Outdoor,Hard,2nd Round,3,Dimitrov G.,Cina F.,15,441.0,2745,105.0,6.0,1.0,6.0,4.0,,,,,,,2.0,0.0,Completed,1.08,8.0,1.13,6.83,1.13,8.4,1.09,7.11,,,dimitrov g.,cina f.,atp_93,atp_208
18,Miami,Miami Open,3/21/2025,Masters 1000,Outdoor,Hard,2nd Round,3,Ruud C.,Kecmanovic M.,6,48.0,3855,1161.0,3.0,6.0,6.0,4.0,6.0,4.0,,,,,2.0,1.0,Completed,1.67,2.2,1.74,2.2,1.74,2.24,1.68,2.17,,,ruud c.,kecmanovic m.,atp_12,atp_58
18,Miami,Miami Open,3/21/2025,Masters 1000,Outdoor,Hard,2nd Round,3,Musetti L.,Halys Q.,16,57.0,2650,981.0,3.0,6.0,7.0,6.0,7.0,5.0,,,,,2.0,1.0,Completed,1.57,2.38,1.59,2.5,1.6,2.5,1.55,2.42,,,musetti l.,halys q.,atp_5,atp_90
18,Miami,Miami Open,3/21/2025,Masters 1000,Outdoor,Hard,2nd Round,3,Khachanov K.,Kyrgios N.,23,892.0,2000,20.0,7.0,6.0,6.0,0.0,,,,,,,2.0,0.0,Completed,1.36,3.2,1.4,3.19,1.4,3.3,1.35,3.16,,,khachanov k.,kyrgios n.,atp_15,
18,Miami,Miami Open,3/21/2025,Masters 1000,Outdoor,Hard,2nd Round,3,Ugo Carabelli C.,Michelsen A.,65,33.0,870,1465.0,6.0,7.0,7.0,5.0,6.0,3.0,,,,,2.0,1.0,Completed,4.33,1.22,4.86,1.22,4.86,1.25,4.18,1.22,,,ugo carabelli c.,michelsen a.,atp_67,atp_35
18,Miami,Miami Open,3/21/2025,Masters 1000,Outdoor,Hard,2nd Round,3,Munar J.,Medvedev D.,56,8.0,992,3680.0,6.0,2.0,6.0,3.0,,,,,,,2.0,0.0,Completed,5,1.17,5.42,1.18,5.5,1.2,5.03,1.16,,,munar j.,medvedev d.,atp_37,atp_10
18,Miami,Miami Open,3/21/2025,Masters 1000,Outdoor,Hard,2nd Round,3,Tsitsipas S.,Tseng C.H.,10,115.0,3405,529.0,4.0,6.0,7.0,5.0,6.0,3.0,,,,,2.0,1.0,Completed,1.1,7.0,1.11,7.92,1.12,7.92,1.1,6.82,,,tsitsipas s.,tseng c.,atp_49,
18,Miami,Miami Open,3/21/2025,Masters 1000,Outdoor,Hard,2nd Round,3,Monfils G.,Lehecka J.,46,27.0,1230,1745.0,6.0,1.0,3.0,6.0,7.0,6.0,,,,,2.0,1.0,Completed,2.2,1.67,2.2,1.74,2.23,1.75,2.16,1.68,,,monfils g.,lehecka j.,atp_203,atp_14
18,Miami,Miami Open,3/21/2025,Masters 1000,Outdoor,Hard,2nd Round,3,Djokovic N.,Hijikata R.,5,86.0,3860,752.0,6.0,0.0,7.0,6.0,,,,,,,2.0,0.0,Completed,1.08,8.0,1.11,7.95,1.11,8.0,1.09,7.14,,,djokovic n.,hijikata r.,atp_4,atp_102
18,Miami,Miami Open,3/21/2025,Masters 1000,Outdoor,Hard,2nd Round,3,Tabilo A.,Moutet C.,31,76.0,1555,814.0,5.0,7.0,6.0,3.0,7.0,5.0,,,,,2.0,1.0,Completed,2.2,1.67,2.23,1.72,2.34,1.72,2.2,1.66,,,tabilo a.,moutet c.,atp_39,atp_32
18,Miami,Miami Open,3/21/2025,Masters 1000,Outdoor,Hard,2nd Round,3,Nakashima B.,Carballes Baena R.,32,53.0,1500,1051.0,6.0,4.0,4.0,6.0,6.0,3.0,,,,,2.0,1.0,Completed,1.3,3.5,1.32,3.65,1.35,3.66,1.32,3.35,,,nakashima b.,carballes baena r.,atp_33,atp_159
18,Miami,Miami Open,3/21/2025,Masters 1000,Outdoor,Hard,2nd Round,3,Korda S.,Spizzirri E.,25,134.0,1860,434.0,6.0,4.0,6.0,2.0,,,,,,,2.0,0.0,Completed,1.33,3.4,1.36,3.4,1.36,3.58,1.33,3.27,,,korda s.,spizzirri e.,atp_42,atp_79
18,Miami,Miami Open,3/21/2025,Masters 1000,Outdoor,Hard,2nd Round,3,Paul T.,Bublik A.,13,80.0,3030,785.0,5.0,7.0,7.0,5.0,6.0,4.0,,,,,2.0,1.0,Completed,1.29,3.75,1.25,4.31,1.29,4.31,1.25,3.88,,,paul t.,bublik a.,atp_21,atp_11
18,Miami,Miami Open,3/22/2025,Masters 1000,Outdoor,Hard,2nd Round,3,Cerundolo F.,Muller A.,24,41.0,1925,1287.0,6.0,1.0,6.0,2.0,,,,,,,2.0,0.0,Completed,1.53,2.5,1.56,2.53,1.56,2.55,1.53,2.49,,,cerundolo f.,muller a.,atp_20,atp_94
18,Miami,Miami Open,3/22/2025,Masters 1000,Outdoor,Hard,2nd Round,3,Goffin D.,Alcaraz C.,55,3.0,1003,6910.0,5.0,7.0,6.0,4.0,6.0,3.0,,,,,2.0,1.0,Completed,15,1.03,17.73,1.04,17.73,1.04,12.53,1.03,,,goffin d.,alcaraz c.,atp_179,atp_1
18,Miami,Miami Open,3/22/2025,Masters 1000,Outdoor,Hard,2nd Round,3,Walton A.,Darderi L.,89,61.0,666,945.0,6.0,4.0,6.0,4.0,,,,,,,2.0,0.0,Completed,1.53,2.5,1.57,2.48,1.62,2.5,1.56,2.43,,,walton a.,darderi l.,atp_105,atp_19
18,Miami,Miami Open,3/22/2025,Masters 1000,Outdoor,Hard,2nd Round,3,Wong C.,Shelton B.,182,14.0,312,2980.0,7.0,6.0,2.0,6.0,7.0,6.0,,,,,2.0,1.0,Completed,7,1.1,7.89,1.11,7.89,1.12,6.92,1.1,,,wong c.,shelton b.,atp_124,atp_9
18,Miami,Miami Open,3/22/2025,Masters 1000,Outdoor,Hard,2nd Round,3,Zverev A.,Fearnley J.,2,83.0,7945,770.0,6.0,2.0,6.0,4.0,,,,,,,2.0,0.0,Completed,1.17,5.0,1.18,5.62,1.18,5.67,1.16,5.12,,,zverev a.,fearnley j.,atp_3,atp_97
18,Miami,Miami Open,3/22/2025,Masters 1000,Outdoor,Hard,2nd Round,3,Fritz T.,Sonego L.,4,38.0,4900,1356.0,7.0,6.0,6.0,3.0,,,,,,,2.0,0.0,Completed,1.14,5.5,1.16,5.96,1.17,6.09,1.15,5.37,,,fritz t.,sonego l.,atp_8,atp_63
18,Miami,Miami Open,3/22/2025,Masters 1000,Outdoor,Hard,2nd Round,3,Machac T.,Arnaldi M.,21,35.0,2310,1410.0,6.0,2.0,1.0,6.0,6.0,3.0,,,,,2.0,1.0,Completed,1.44,2.75,1.52,2.68,1.52,2.75,1.47,2.65,,,machac t.,arnaldi m.,atp_55,atp_107
18,Miami,Miami Open,3/22/2025,Masters 1000,Outdoor,Hard,2nd Round,3,Thompson J.,Mpetshi G.,37,29.0,1375,1656.0,7.0,6.0,7.0,6.0,,,,,,,2.0,0.0,Completed,1.91,1.91,1.93,1.96,1.93,2.0,1.86,1.93,,,thompson j.,mpetshi perricard g.,atp_131,atp_57
18,Miami,Miami Open,3/22/2025,Masters 1000,Outdoor,Hard,2nd Round,3,Shapovalov D.,Tirante T.A.,28,117.0,1716,512.0,6.0,3.0,6.0,7.0,7.0,6.0,,,,,2.0,1.0,Completed,1.2,4.5,1.22,4.71,1.23,4.71,1.21,4.39,,,shapovalov d.,tirante t.,atp_38,
18,Miami,Miami Open,3/22/2025,Masters 1000,Outdoor,Hard,2nd Round,3,Mensik J.,Draper J.,54,7.0,1042,3800.0,7.0,6.0,7.0,6.0,,,,,,,2.0,0.0,Completed,4,1.25,3.81,1.3,4.0,1.3,3.66,1.28,,,mensik j.,draper j.,atp_26,atp_25
18,Miami,Miami Open,3/22/2025,Masters 1000,Outdoor,Hard,2nd Round,3,Safiullin R.,Popyrin A.,71,26.0,851,1800.0,6.0,7.0,6.0,3.0,7.0,5.0,,,,,2.0,1.0,Completed,2.1,1.73,2.06,1.84,2.12,1.84,2.03,1.77,,,safiullin r.,popyrin a.,atp_229,atp_45
18,Miami,Miami Open,3/22/2025,Masters 1000,Outdoor,Hard,2nd Round,3,Opelka R.,Rune H.,114,12.0,529,3270.0,4.0,6.0,6.0,3.0,7.0,6.0,,,,,2.0,1.0,Completed,3,1.4,2.91,1.46,3.14,1.46,2.86,1.42,,,opelka r.,rune h.,atp_64,atp_29
18,Miami,Miami Open,3/22/2025,Masters 1000,Outdoor,Hard,2nd Round,3,Fonseca J.,Humbert U.,60,20.0,955,2375.0,6.0,4.0,6.0,3.0,,,,,,,2.0,0.0,Completed,2.2,1.67,2.27,1.69,2.34,1.69,2.21,1.66,,,fonseca j.,humbert u.,atp_40,atp_34
18,Miami,Miami Open,3/22/2025,Masters 1000,Outdoor,Hard,2nd Round,3,Bergs Z.,Rublev A.,51,9.0,1065,3440.0,7.0,5.0,6.0,4.0,,,,,,,2.0,0.0,Completed,3.5,1.3,3.64,1.33,3.75,1.34,3.44,1.31,,,bergs z.,rublev a.,atp_46,atp_16
18,Miami,Miami Open,3/22/2025,Masters 1000,Outdoor,Hard,2nd Round,3,Berrettini M.,Gaston H.,30,88.0,1580,711.0,4.0,6.0,6.0,3.0,6.0,3.0,,,,,2.0,1.0,Completed,1.13,6.0,1.15,6.42,1.15,6.42,1.13,5.82,,,berrettini m.,gaston h.,atp_91,atp_116
18,Miami,Miami Open,3/22/2025,Masters 1000,Outdoor,Hard,2nd Round,3,Tiafoe F.,Davidovich Fokina A.,17,39.0,2485,1325.0,7.0,5.0,7.0,6.0,,,,,,,2.0,0.0,Completed,2.1,1.73,2.16,1.77,2.16,1.77,2.1,1.73,,,tiafoe f.,davidovich fokina a.,atp_18,atp_17
18,Miami,Miami Open,3/23/2025,Masters 1000,Outdoor,Hard,2nd Round,3,De Minaur A.,Bu Y.,11,69.0,3335,855.0,6.0,4.0,6.0,4.0,,,,,,,2.0,0.0,Completed,1.17,5.0,1.18,5.43,1.2,5.5,1.17,5.09,,,de minaur a.,bu y.,atp_6,
18,Miami,Miami Open,3/23/2025,Masters 1000,Outdoor,Hard,2nd Round,3,Fils A.,Diallo G.,18,87.0,2480,730.0,6.0,4.0,2.0,3.0,,,,,,,1.0,0.0,Retired,1.5,2.63,1.54,2.56,1.54,2.75,1.5,2.53,,,fils a.,diallo g.,atp_28,atp_36
18,Miami,Miami Open,3/23/2025,Masters 1000,Outdoor,Hard,3rd Round,3,Dimitrov G.,Khachanov K.,15,23.0,2745,2000.0,6.0,7.0,6.0,4.0,7.0,5.0,,,,,2.0,1.0,Completed,1.73,2.1,1.81,2.13,1.81,2.15,1.73,2.08,,,dimitrov g.,khachanov k.,atp_93,atp_15
18,Miami,Miami Open,3/23/2025,Masters 1000,Outdoor,Hard,3rd Round,3,Musetti L.,Auger-Aliassime F.,16,19.0,2650,2415.0,4.0,6.0,6.0,2.0,6.0,3.0,,,,,2.0,1.0,Completed,2.5,1.53,2.52,1.59,2.55,1.61,2.44,1.55,,,musetti l.,augeraliassime f.,atp_5,
18,Miami,Miami Open,3/23/2025,Masters 1000,Outdoor,Hard,3rd Round,3,Korda S.,Tsitsipas S.,25,10.0,1860,3405.0,7.0,6.0,6.0,3.0,,,,,,,2.0,0.0,Completed,2.3,1.62,2.31,1.69,2.35,1.69,2.25,1.63,,,korda s.,tsitsipas s.,atp_42,atp_49
18,Miami,Miami Open,3/23/2025,Masters 1000,Outdoor,Hard,3rd Round,3,Nakashima B.,Goffin D.,32,55.0,1500,1003.0,6.0,3.0,6.0,7.0,6.0,3.0,,,,,2.0,1.0,Completed,1.44,2.75,1.48,2.88,1.48,2.88,1.44,2.71,,,nakashima b.,goffin d.,atp_33,atp_179
18,Miami,Miami Open,3/23/2025,Masters 1000,Outdoor,Hard,3rd Round,3,Djokovic N.,Ugo Carabelli C.,5,65.0,3860,870.0,6.0,1.0,7.0,6.0,,,,,,,2.0,0.0,Completed,1.05,11.0,1.08,10.13,1.08,12.0,1.05,9.79,,,djokovic n.,ugo carabelli c.,atp_4,atp_67
18,Miami,Miami Open,3/23/2025,Masters 1000,Outdoor,Hard,3rd Round,3,Monfils G.,Munar J.,46,56.0,1230,992.0,7.0,5.0,5.0,7.0,7.0,6.0,,,,,2.0,1.0,Completed,1.5,2.63,1.51,2.75,1.55,2.75,1.5,2.56,,,monfils g.,munar j.,atp_203,atp_37
18,Miami,Miami Open,3/24/2025,Masters 1000,Outdoor,Hard,3rd Round,3,Ruud C.,Tabilo A.,6,31.0,3855,1555.0,6.0,4.0,7.0,6.0,,,,,,,2.0,0.0,Completed,1.33,3.4,1.38,3.36,1.38,3.4,1.34,3.22,,,ruud c.,tabilo a.,atp_12,atp_39
18,Miami,Miami Open,3/24/2025,Masters 1000,Outdoor,Hard,3rd Round,3,Cerundolo F.,Paul T.,24,13.0,1925,3030.0,6.0,2.0,7.0,6.0,,,,,,,2.0,0.0,Completed,2.63,1.5,2.71,1.53,2.72,1.57,2.58,1.5,,,cerundolo f.,paul t.,atp_20,atp_21
18,Miami,Miami Open,3/24/2025,Masters 1000,Outdoor,Hard,3rd Round,3,Machac T.,Opelka R.,21,114.0,2310,529.0,7.0,6.0,6.0,3.0,,,,,,,2.0,0.0,Completed,1.5,2.63,1.53,2.69,1.58,2.69,1.51,2.54,,,machac t.,opelka r.,atp_55,atp_64
18,Miami,Miami Open,3/24/2025,Masters 1000,Outdoor,Hard,3rd Round,3,Walton A.,Wong C.,89,182.0,666,312.0,7.0,6.0,4.0,6.0,6.0,4.0,,,,,2.0,1.0,Completed,1.53,2.5,1.55,2.63,1.59,2.65,1.54,2.48,,,walton a.,wong c.,atp_105,atp_124
18,Miami,Miami Open,3/24/2025,Masters 1000,Outdoor,Hard,3rd Round,3,Zverev A.,Thompson J.,2,37.0,7945,1375.0,7.0,5.0,6.0,4.0,,,,,,,2.0,0.0,Completed,1.14,5.5,1.19,5.46,1.19,5.5,1.17,5.01,,,zverev a.,thompson j.,atp_3,atp_131
18,Miami,Miami Open,3/24/2025,Masters 1000,Outdoor,Hard,3rd Round,3,Fritz T.,Shapovalov D.,4,28.0,4900,1716.0,7.0,5.0,6.0,3.0,,,,,,,2.0,0.0,Completed,1.4,3.0,1.44,3.01,1.44,3.05,1.41,2.87,,,fritz t.,shapovalov d.,atp_8,atp_38
18,Miami,Miami Open,3/24/2025,Masters 1000,Outdoor,Hard,3rd Round,3,Mensik J.,Safiullin R.,54,71.0,1042,851.0,6.0,4.0,6.0,4.0,,,,,,,2.0,0.0,Completed,1.5,2.63,1.54,2.66,1.54,2.72,1.49,2.59,,,mensik j.,safiullin r.,atp_26,atp_229
18,Miami,Miami Open,3/24/2025,Masters 1000,Outdoor,Hard,3rd Round,3,Fils A.,Tiafoe F.,18,17.0,2480,2485.0,7.0,6.0,5.0,7.0,6.0,2.0,,,,,2.0,1.0,Completed,1.8,2.0,1.85,2.06,1.94,2.08,1.82,1.97,,,fils a.,tiafoe f.,atp_28,atp_18
18,Miami,Miami Open,3/24/2025,Masters 1000,Outdoor,Hard,3rd Round,3,Berrettini M.,Bergs Z.,30,51.0,1580,1065.0,6.0,4.0,6.0,4.0,,,,,,,2.0,0.0,Completed,1.4,3.0,1.41,3.16,1.43,3.23,1.39,2.95,,,berrettini m.,bergs z.,atp_91,atp_46
18,Miami,Miami Open,3/24/2025,Masters 1000,Outdoor,Hard,3rd Round,3,De Minaur A.,Fonseca J.,11,60.0,3335,955.0,5.0,7.0,7.0,5.0,6.0,3.0,,,,,2.0,1.0,Completed,1.73,2.1,1.77,2.18,1.81,2.18,1.74,2.09,,,de minaur a.,fonseca j.,atp_6,atp_40
18,Miami,Miami Open,3/25/2025,Masters 1000,Outdoor,Hard,4th Round,3,Dimitrov G.,Nakashima B.,15,32.0,2745,1500.0,6.0,4.0,7.0,5.0,,,,,,,2.0,0.0,Completed,1.57,2.38,1.68,2.34,1.68,2.47,1.58,2.37,,,dimitrov g.,nakashima b.,atp_93,atp_33
18,Miami,Miami Open,3/25/2025,Masters 1000,Outdoor,Hard,4th Round,3,Korda S.,Monfils G.,25,46.0,1860,1230.0,6.0,4.0,2.0,6.0,6.0,4.0,,,,,2.0,1.0,Completed,1.73,2.1,1.75,2.2,1.75,2.24,1.7,2.14,,,korda s.,monfils g.,atp_42,atp_203
18,Miami,Miami Open,3/25/2025,Masters 1000,Outdoor,Hard,4th Round,3,Cerundolo F.,Ruud C.,24,6.0,1925,3855.0,6.0,4.0,6.0,2.0,,,,,,,2.0,0.0,Completed,1.8,2.0,1.77,2.18,1.8,2.18,1.76,2.05,,,cerundolo f.,ruud c.,atp_20,atp_12
18,Miami,Miami Open,3/25/2025,Masters 1000,Outdoor,Hard,4th Round,3,Djokovic N.,Musetti L.,5,16.0,3860,2650.0,6.0,2.0,6.0,2.0,,,,,,,2.0,0.0,Completed,1.3,3.5,1.34,3.6,1.35,3.6,1.31,3.42,,,djokovic n.,musetti l.,atp_4,atp_5
18,Miami,Miami Open,3/25/2025,Masters 1000,Outdoor,Hard,4th Round,3,Berrettini M.,De Minaur A.,30,11.0,1580,3335.0,6.0,3.0,7.0,6.0,,,,,,,2.0,0.0,Completed,2.3,1.62,2.38,1.65,2.38,1.65,2.31,1.6,,,berrettini m.,de minaur a.,atp_91,atp_6
18,Miami,Miami Open,3/25/2025,Masters 1000,Outdoor,Hard,4th Round,3,Mensik J.,Machac T.,54,21.0,1042,2310.0,,,,,,,,,,,,,Walkover,1.91,1.91,2.09,1.82,2.09,1.91,1.97,1.84,,,mensik j.,machac t.,atp_26,atp_55
18,Miami,Miami Open,3/25/2025,Masters 1000,Outdoor,Hard,4th Round,3,Fritz T.,Walton A.,4,89.0,4900,666.0,6.0,3.0,7.0,5.0,,,,,,,2.0,0.0,Completed,1.08,8.0,1.08,9.97,1.09,9.97,1.07,7.98,,,fritz t.,walton a.,atp_8,atp_105
18,Miami,Miami Open,3/26/2025,Masters 1000,Outdoor,Hard,4th Round,3,Fils A.,Zverev A.,18,2.0,2480,7945.0,3.0,6.0,6.0,3.0,6.0,4.0,,,,,2.0,1.0,Completed,3.5,1.3,3.9,1.33,3.95,1.5,3.44,1.32,,,fils a.,zverev a.,atp_28,atp_3
18,Miami,Miami Open,3/26/2025,Masters 1000,Outdoor,Hard,Quarterfinals,3,Dimitrov G.,Cerundolo F.,15,24.0,2745,1925.0,6.0,7.0,6.0,4.0,7.0,6.0,,,,,2.0,1.0,Completed,1.8,2.0,1.88,2.03,1.88,2.03,1.83,1.98,,,dimitrov g.,cerundolo f.,atp_93,atp_20
18,Miami,Miami Open,3/27/2025,Masters 1000,Outdoor,Hard,Quarterfinals,3,Mensik J.,Fils A.,54,18.0,1042,2480.0,7.0,6.0,6.0,1.0,,,,,,,2.0,0.0,Completed,1.91,1.91,2.0,1.91,2.0,1.96,1.88,1.9,,,mensik j.,fils a.,atp_26,atp_28
18,Miami,Miami Open,3/27/2025,Masters 1000,Outdoor,Hard,Quarterfinals,3,Djokovic N.,Korda S.,5,25.0,3860,1860.0,6.0,3.0,7.0,6.0,,,,,,,2.0,0.0,Completed,1.25,4.0,1.26,4.3,1.26,4.38,1.24,4.07,,,djokovic n.,korda s.,atp_4,atp_42
18,Miami,Miami Open,3/27/2025,Masters 1000,Outdoor,Hard,Quarterfinals,3,Fritz T.,Berrettini M.,4,30.0,4900,1580.0,7.0,5.0,6.0,7.0,7.0,5.0,,,,,2.0,1.0,Completed,1.44,2.75,1.47,2.85,1.5,2.85,1.44,2.76,,,fritz t.,berrettini m.,atp_8,atp_91
18,Miami,Miami Open,3/28/2025,Masters 1000,Outdoor,Hard,Semifinals,3,Djokovic N.,Dimitrov G.,5,15.0,3860,2745.0,6.0,2.0,6.0,3.0,,,,,,,2.0,0.0,Completed,1.22,4.33,1.27,4.22,1.28,4.33,1.25,3.98,,,djokovic n.,dimitrov g.,atp_4,atp_93
18,Miami,Miami Open,3/28/2025,Masters 1000,Outdoor,Hard,Semifinals,3,Mensik J.,Fritz T.,54,4.0,1042,4900.0,7.0,6.0,4.0,6.0,7.0,6.0,,,,,2.0,1.0,Completed,3.4,1.33,3.4,1.37,3.4,1.37,3.27,1.34,,,mensik j.,fritz t.,atp_26,atp_8
18,Miami,Miami Open,3/31/2025,Masters 1000,Outdoor,Hard,The Final,3,Mensik J.,Djokovic N.,54,5.0,1042,3860.0,7.0,6.0,7.0,6.0,,,,,,,2.0,1.0,Completed,4.33,1.22,4.19,1.27,4.33,1.27,4.01,1.24,,,mensik j.,djokovic n.,atp_26,atp_4
19,Bucharest,Tiriac Open,3/31/2025,ATP250,Outdoor,Clay,1st Round,3,Navone M.,Djere L.,61,78.0,925,791.0,6.0,1.0,4.0,6.0,6.0,2.0,,,,,2.0,1.0,Completed,2,1.8,2.04,1.85,2.14,1.85,2.03,1.78,,,navone m.,djere l.,atp_60,atp_204
19,Bucharest,Tiriac Open,3/31/2025,ATP250,Outdoor,Clay,1st Round,3,Jianu F.C.,Basavareddy N.,241,108.0,229,571.0,6.0,3.0,6.0,4.0,,,,,,,2.0,0.0,Completed,2.38,1.57,2.6,1.55,2.6,1.64,2.41,1.56,,,jianu f.,basavareddy n.,,atp_193
19,Bucharest,Tiriac Open,3/31/2025,ATP250,Outdoor,Clay,1st Round,3,Gasquet R.,Van De Zandschulp B.,148,88.0,386,730.0,4.0,6.0,7.0,5.0,6.0,1.0,,,,,2.0,1.0,Completed,3.75,1.29,3.83,1.3,3.83,1.3,3.59,1.29,,,gasquet r.,van de zandschulp b.,atp_384,atp_62
19,Bucharest,Tiriac Open,4/1/2025,ATP250,Outdoor,Clay,1st Round,3,O Connell C.,Lajovic D.,87,109.0,735,570.0,6.0,4.0,6.0,3.0,,,,,,,2.0,0.0,Completed,2.38,1.57,2.36,1.65,2.51,1.65,2.37,1.57,,,oconnell c.,lajovic d.,atp_128,atp_132
19,Bucharest,Tiriac Open,4/1/2025,ATP250,Outdoor,Clay,1st Round,3,Dzumhur D.,Vacherot V.,65,259.0,874,208.0,6.0,2.0,6.0,1.0,,,,,,,2.0,0.0,Completed,1.62,2.3,1.65,2.36,1.65,2.38,1.61,2.3,,,dzumhur d.,vacherot v.,atp_74,atp_23
19,Bucharest,Tiriac Open,4/1/2025,ATP250,Outdoor,Clay,1st Round,3,Fucsovics M.,Nardi L.,90,93.0,655,637.0,6.0,3.0,6.0,1.0,,,,,,,2.0,0.0,Completed,1.5,2.63,1.49,2.52,1.51,2.75,1.48,2.59,,,fucsovics m.,nardi l.,atp_51,atp_140
19,Bucharest,Tiriac Open,4/1/2025,ATP250,Outdoor,Clay,1st Round,3,Misolic F.,Shevchenko A.,232,105.0,235,578.0,6.0,3.0,6.0,4.0,,,,,,,2.0,0.0,Completed,1.73,2.1,1.85,2.04,1.85,2.15,1.75,2.05,,,misolic f.,shevchenko a.,atp_86,atp_76
19,Bucharest,Tiriac Open,4/1/2025,ATP250,Outdoor,Clay,1st Round,3,Ugo Carabelli C.,Albot R.,63,223.0,918,248.0,6.0,4.0,6.0,3.0,,,,,,,2.0,0.0,Completed,1.22,4.33,1.26,4.27,1.26,4.33,1.23,4.05,,,ugo carabelli c.,albot r.,atp_67,atp_464
19,Bucharest,Tiriac Open,4/1/2025,ATP250,Outdoor,Clay,1st Round,3,Bautista Agut R.,Bu Y.,52,67.0,1049,873.0,3.0,6.0,6.0,2.0,7.0,5.0,,,,,2.0,1.0,Completed,1.73,2.1,1.78,2.15,1.78,2.21,1.71,2.1,,,bautista agut r.,bu y.,atp_80,
19,Bucharest,Tiriac Open,4/1/2025,ATP250,Outdoor,Clay,1st Round,3,Comesana F.,Klizan M.,64,316.0,890,165.0,4.0,6.0,7.0,5.0,7.0,5.0,,,,,2.0,1.0,Completed,1.3,3.5,1.32,3.65,1.33,3.65,1.31,3.43,,,comesana f.,klizan m.,atp_87,
19,Bucharest,Tiriac Open,4/1/2025,ATP250,Outdoor,Clay,1st Round,3,Diallo G.,Tseng C.H.,81,101.0,770,587.0,7.0,6.0,7.0,,,,,,,,2.0,0.0,Completed,2.38,1.57,2.32,1.67,2.38,1.67,2.26,1.62,,,diallo g.,tseng c.,atp_36,
19,Bucharest,Tiriac Open,4/1/2025,ATP250,Outdoor,Clay,1st Round,3,Wawrinka S.,Skatov T.,161,174.0,355,324.0,6.0,4.0,6.0,7.0,7.0,6.0,,,,,2.0,1.0,Completed,1.57,2.38,1.64,2.38,1.67,2.45,1.59,2.31,,,wawrinka s.,skatov t.,atp_98,atp_202
19,Bucharest,Tiriac Open,4/2/2025,ATP250,Outdoor,Clay,2nd Round,3,Misolic F.,Ugo Carabelli C.,232,63.0,235,918.0,6.0,3.0,6.0,1.0,,,,,,,2.0,0.0,Completed,2.5,1.53,2.77,1.51,2.79,1.55,2.54,1.51,,,misolic f.,ugo carabelli c.,atp_86,atp_67
19,Bucharest,Tiriac Open,4/2/2025,ATP250,Outdoor,Clay,2nd Round,3,Cobolli F.,Gasquet R.,45,148.0,1260,386.0,6.0,4.0,4.0,6.0,6.0,1.0,,,,,2.0,1.0,Completed,1.44,2.75,1.49,2.84,1.53,2.84,1.46,2.69,,,cobolli f.,gasquet r.,atp_13,atp_384
19,Bucharest,Tiriac Open,4/2/2025,ATP250,Outdoor,Clay,2nd Round,3,Comesana F.,Bautista Agut R.,64,52.0,890,1049.0,6.0,4.0,3.0,6.0,6.0,3.0,,,,,2.0,1.0,Completed,1.62,2.3,1.72,2.25,1.72,2.34,1.63,2.24,,,comesana f.,bautista agut r.,atp_87,atp_80
19,Bucharest,Tiriac Open,4/3/2025,ATP250,Outdoor,Clay,2nd Round,3,O Connell C.,Jarry N.,87,58.0,735,965.0,6.0,2.0,5.0,7.0,7.0,6.0,,,,,2.0,1.0,Completed,1.8,2.0,1.92,1.99,1.92,2.1,1.79,2.01,,,oconnell c.,jarry n.,atp_128,atp_154
19,Bucharest,Tiriac Open,4/3/2025,ATP250,Outdoor,Clay,2nd Round,3,Baez S.,Diallo G.,36,81.0,1385,770.0,7.0,6.0,2.0,6.0,6.0,2.0,,,,,2.0,1.0,Completed,1.33,3.4,1.35,3.53,1.35,3.53,1.33,3.25,,,baez s.,diallo g.,atp_50,atp_36
19,Bucharest,Tiriac Open,4/3/2025,ATP250,Outdoor,Clay,2nd Round,3,Fucsovics M.,Navone M.,90,61.0,655,925.0,4.0,6.0,6.0,4.0,6.0,4.0,,,,,2.0,1.0,Completed,2.38,1.57,2.58,1.57,2.58,1.62,2.38,1.57,,,fucsovics m.,navone m.,atp_51,atp_60
19,Bucharest,Tiriac Open,4/3/2025,ATP250,Outdoor,Clay,2nd Round,3,Dzumhur D.,Jianu F.C.,65,241.0,874,229.0,6.0,4.0,3.0,6.0,6.0,3.0,,,,,2.0,1.0,Completed,1.22,4.33,1.33,3.69,1.33,4.33,1.29,3.63,,,dzumhur d.,jianu f.,atp_74,
19,Bucharest,Tiriac Open,4/3/2025,ATP250,Outdoor,Clay,2nd Round,3,Martinez P.,Wawrinka S.,47,161.0,1205,355.0,4.0,6.0,7.0,5.0,6.0,2.0,,,,,2.0,1.0,Completed,1.73,2.1,1.85,2.05,1.85,2.12,1.76,2.04,,,martinez p.,wawrinka s.,atp_113,atp_98
19,Bucharest,Tiriac Open,4/4/2025,ATP250,Outdoor,Clay,Quarterfinals,3,Fucsovics M.,O Connell C.,90,87.0,655,735.0,6.0,0.0,6.0,4.0,,,,,,,2.0,0.0,Completed,1.5,2.63,1.54,2.66,1.55,2.66,1.51,2.55,,,fucsovics m.,oconnell c.,atp_51,atp_128
19,Bucharest,Tiriac Open,4/4/2025,ATP250,Outdoor,Clay,Quarterfinals,3,Baez S.,Comesana F.,36,64.0,1385,890.0,7.0,6.0,2.0,6.0,6.0,1.0,,,,,2.0,1.0,Completed,1.44,2.75,1.49,2.84,1.5,2.84,1.45,2.71,,,baez s.,comesana f.,atp_50,atp_87
19,Bucharest,Tiriac Open,4/4/2025,ATP250,Outdoor,Clay,Quarterfinals,3,Cobolli F.,Misolic F.,45,232.0,1260,235.0,7.0,6.0,6.0,4.0,,,,,,,2.0,0.0,Completed,1.73,2.1,1.72,2.25,1.82,2.25,1.73,2.09,,,cobolli f.,misolic f.,atp_13,atp_86
19,Bucharest,Tiriac Open,4/4/2025,ATP250,Outdoor,Clay,Quarterfinals,3,Dzumhur D.,Martinez P.,65,47.0,874,1205.0,6.0,1.0,2.0,0.0,,,,,,,1.0,0.0,Retired,2.1,1.73,2.12,1.81,2.24,1.81,2.12,1.71,,,dzumhur d.,martinez p.,atp_74,atp_113
19,Bucharest,Tiriac Open,4/5/2025,ATP250,Outdoor,Clay,Semifinals,3,Baez S.,Fucsovics M.,36,90.0,1385,655.0,6.0,2.0,6.0,2.0,,,,,,,2.0,0.0,Completed,1.73,2.1,1.83,2.1,1.83,2.16,1.73,2.09,,,baez s.,fucsovics m.,atp_50,atp_51
19,Bucharest,Tiriac Open,4/5/2025,ATP250,Outdoor,Clay,Semifinals,3,Cobolli F.,Dzumhur D.,45,65.0,1260,874.0,6.0,3.0,6.0,0.0,,,,,,,2.0,0.0,Completed,1.63,2.2,1.68,2.34,1.73,2.34,1.67,2.19,,,cobolli f.,dzumhur d.,atp_13,atp_74
19,Bucharest,Tiriac Open,4/6/2025,ATP250,Outdoor,Clay,The Final,3,Cobolli F.,Baez S.,45,36.0,1260,1385.0,6.0,4.0,6.0,4.0,,,,,,,2.0,0.0,Completed,2.5,1.53,2.52,1.6,2.55,1.6,2.47,1.54,,,cobolli f.,baez s.,atp_13,atp_50
20,Houston,U.S.Men's Clay Court Championships,3/31/2025,ATP250,Outdoor,Clay,1st Round,3,Garin C.,Ritschard A.,133,125.0,439,466.0,6.0,3.0,6.0,4.0,,,,,,,2.0,0.0,Completed,1.44,2.75,1.55,2.6,1.56,2.75,1.48,2.6,,,garin c.,ritschard a.,atp_100,atp_567
20,Houston,U.S.Men's Clay Court Championships,3/31/2025,ATP250,Outdoor,Clay,1st Round,3,Brooksby J.,Daniel T.,507,124.0,77,478.0,6.0,4.0,6.0,4.0,,,,,,,2.0,0.0,Completed,1.33,3.4,1.37,3.34,1.37,3.4,1.33,3.22,,,brooksby j.,daniel t.,atp_41,atp_340
20,Houston,U.S.Men's Clay Court Championships,4/1/2025,ATP250,Outdoor,Clay,1st Round,3,Michelsen A.,Tien L.,34,69.0,1445,865.0,6.0,4.0,6.0,2.0,,,,,,,2.0,0.0,Completed,2,1.8,1.97,1.92,2.02,2.08,1.93,1.85,,,michelsen a.,tien l.,atp_35,atp_22
20,Houston,U.S.Men's Clay Court Championships,4/1/2025,ATP250,Outdoor,Clay,1st Round,3,Denolly C.,Holt B.,328,115.0,159,533.0,7.0,6.0,7.0,6.0,,,,,,,2.0,0.0,Completed,3.2,1.36,3.3,1.38,3.5,1.38,3.19,1.35,,,denolly c.,holt b.,atp_402,atp_254
20,Houston,U.S.Men's Clay Court Championships,4/1/2025,ATP250,Outdoor,Clay,1st Round,3,Kovacevic A.,Etcheverry T.,79,44.0,780,1260.0,6.0,3.0,6.0,4.0,,,,,,,2.0,0.0,Completed,3.2,1.36,3.47,1.35,3.47,1.4,3.1,1.36,,,kovacevic a.,etcheverry t.,atp_85,
20,Houston,U.S.Men's Clay Court Championships,4/1/2025,ATP250,Outdoor,Clay,1st Round,3,Mannarino A.,Hanfmann Y.,144,123.0,409,479.0,7.0,6.0,6.0,3.0,,,,,,,2.0,0.0,Completed,2.75,1.44,,,2.75,1.49,2.64,1.48,,,mannarino a.,hanfmann y.,atp_43,atp_61
20,Houston,U.S.Men's Clay Court Championships,4/1/2025,ATP250,Outdoor,Clay,1st Round,3,McDonald M.,Galan D.E.,100,114.0,592,538.0,6.0,2.0,6.0,7.0,6.0,4.0,,,,,2.0,1.0,Completed,2.3,1.62,2.34,1.66,2.34,1.7,2.24,1.63,,,mcdonald m.,galan d.,atp_125,
20,Houston,U.S.Men's Clay Court Championships,4/1/2025,ATP250,Outdoor,Clay,1st Round,3,Walton A.,Mmoh M.,85,282.0,746,186.0,6.0,3.0,7.0,6.0,,,,,,,2.0,0.0,Completed,2.2,1.67,2.28,1.69,2.29,1.71,2.18,1.67,,,walton a.,mmoh m.,atp_105,atp_256
20,Houston,U.S.Men's Clay Court Championships,4/1/2025,ATP250,Outdoor,Clay,1st Round,3,Smith C.,Duckworth J.,200,89.0,284,698.0,6.0,2.0,6.0,2.0,,,,,,,2.0,0.0,Completed,1.33,3.4,1.36,3.43,1.36,3.75,1.32,3.34,,,smith c.,duckworth j.,atp_164,atp_95
20,Houston,U.S.Men's Clay Court Championships,4/1/2025,ATP250,Outdoor,Clay,1st Round,3,Quinn E.,Thompson J.,130,35.0,456,1415.0,4.0,6.0,6.0,4.0,6.0,3.0,,,,,2.0,1.0,Completed,2.5,1.53,2.44,1.61,2.63,1.62,2.39,1.56,,,quinn e.,thompson j.,atp_56,atp_131
20,Houston,U.S.Men's Clay Court Championships,4/2/2025,ATP250,Outdoor,Clay,1st Round,3,Eubanks C.,Hijikata R.,117,82.0,515,769.0,6.0,2.0,4.0,6.0,6.0,3.0,,,,,2.0,1.0,Completed,2,1.8,1.94,1.94,2.17,2.01,1.97,1.83,,,eubanks c.,hijikata r.,atp_420,atp_102
20,Houston,U.S.Men's Clay Court Championships,4/2/2025,ATP250,Outdoor,Clay,1st Round,3,Nishikori K.,Krueger M.,66,141.0,873,416.0,6.0,4.0,6.0,2.0,,,,,,,2.0,0.0,Completed,1.25,4.0,1.26,4.22,1.27,4.22,1.24,3.9,,,nishikori k.,krueger m.,atp_417,atp_251
20,Houston,U.S.Men's Clay Court Championships,4/2/2025,ATP250,Outdoor,Clay,2nd Round,3,Brooksby J.,Tabilo A.,507,32.0,77,1575.0,3.0,6.0,6.0,4.0,7.0,6.0,,,,,2.0,1.0,Completed,2.1,1.73,2.14,1.8,2.28,1.8,2.09,1.72,,,brooksby j.,tabilo a.,atp_41,atp_39
20,Houston,U.S.Men's Clay Court Championships,4/2/2025,ATP250,Outdoor,Clay,2nd Round,3,Smith C.,Quinn E.,200,130.0,284,456.0,6.0,3.0,6.0,4.0,,,,,,,2.0,0.0,Completed,1.5,2.63,1.56,2.65,1.59,2.65,1.52,2.49,,,smith c.,quinn e.,atp_164,atp_56
20,Houston,U.S.Men's Clay Court Championships,4/3/2025,ATP250,Outdoor,Clay,2nd Round,3,Paul T.,Garin C.,13,133.0,3070,439.0,2.0,6.0,6.0,2.0,7.0,6.0,,,,,2.0,1.0,Completed,1.36,3.2,1.37,3.39,1.4,3.39,1.35,3.14,,,paul t.,garin c.,atp_21,atp_100
20,Houston,U.S.Men's Clay Court Championships,4/3/2025,ATP250,Outdoor,Clay,2nd Round,3,Kovacevic A.,Denolly C.,79,328.0,780,159.0,6.0,3.0,6.0,3.0,,,,,,,2.0,0.0,Completed,1.17,5.0,1.23,4.74,1.23,5.0,1.19,4.65,,,kovacevic a.,denolly c.,atp_85,atp_402
20,Houston,U.S.Men's Clay Court Championships,4/3/2025,ATP250,Outdoor,Clay,2nd Round,3,Nakashima B.,McDonald M.,33,100.0,1570,592.0,6.0,1.0,7.0,5.0,,,,,,,2.0,0.0,Completed,1.44,2.75,1.47,2.91,1.47,2.91,1.43,2.78,,,nakashima b.,mcdonald m.,atp_33,atp_125
20,Houston,U.S.Men's Clay Court Championships,4/3/2025,ATP250,Outdoor,Clay,2nd Round,3,Eubanks C.,Nishikori K.,117,66.0,515,873.0,6.0,1.0,,,,,,,,,1.0,0.0,Retired,4.5,1.2,4.35,1.26,4.5,1.27,4.18,1.22,,,eubanks c.,nishikori k.,atp_420,atp_417
20,Houston,U.S.Men's Clay Court Championships,4/4/2025,ATP250,Outdoor,Clay,2nd Round,3,Tiafoe F.,Walton A.,17,85.0,2525,746.0,7.0,5.0,6.0,3.0,,,,,,,2.0,0.0,Completed,1.25,4.0,1.31,3.86,1.33,4.01,1.28,3.64,,,tiafoe f.,walton a.,atp_18,atp_105
20,Houston,U.S.Men's Clay Court Championships,4/4/2025,ATP250,Outdoor,Clay,2nd Round,3,Michelsen A.,Mannarino A.,34,144.0,1445,409.0,6.0,7.0,6.0,4.0,6.0,2.0,,,,,2.0,1.0,Completed,1.11,6.5,1.14,6.55,1.15,6.77,1.12,6.01,,,michelsen a.,mannarino a.,atp_35,atp_43
20,Houston,U.S.Men's Clay Court Championships,4/4/2025,ATP250,Outdoor,Clay,Quarterfinals,3,Brooksby J.,Kovacevic A.,507,79.0,77,780.0,2.0,6.0,6.0,3.0,6.0,4.0,,,,,2.0,1.0,Completed,1.73,2.1,1.74,2.22,1.82,2.22,1.73,2.09,,,brooksby j.,kovacevic a.,atp_41,atp_85
20,Houston,U.S.Men's Clay Court Championships,4/4/2025,ATP250,Outdoor,Clay,Quarterfinals,3,Paul T.,Smith C.,13,200.0,3070,284.0,6.0,1.0,7.0,6.0,,,,,,,2.0,0.0,Completed,1.36,3.2,1.4,3.25,1.41,3.25,1.37,3.08,,,paul t.,smith c.,atp_21,atp_164
20,Houston,U.S.Men's Clay Court Championships,4/4/2025,ATP250,Outdoor,Clay,Quarterfinals,3,Nakashima B.,Eubanks C.,33,117.0,1570,515.0,6.0,4.0,6.0,4.0,,,,,,,2.0,0.0,Completed,1.17,5.0,1.25,3.69,1.25,5.0,1.19,4.47,,,nakashima b.,eubanks c.,atp_33,atp_420
20,Houston,U.S.Men's Clay Court Championships,4/5/2025,ATP250,Outdoor,Clay,Quarterfinals,3,Tiafoe F.,Michelsen A.,17,34.0,2525,1445.0,7.0,5.0,6.0,1.0,,,,,,,2.0,0.0,Completed,1.5,2.63,1.53,2.68,1.53,2.68,1.5,2.59,,,tiafoe f.,michelsen a.,atp_18,atp_35
20,Houston,U.S.Men's Clay Court Championships,4/5/2025,ATP250,Outdoor,Clay,Semifinals,3,Brooksby J.,Paul T.,507,13.0,77,3070.0,7.0,6.0,3.0,6.0,7.0,6.0,,,,,2.0,1.0,Completed,4,1.25,4.11,1.28,4.11,1.28,3.82,1.26,,,brooksby j.,paul t.,atp_41,atp_21
20,Houston,U.S.Men's Clay Court Championships,4/6/2025,ATP250,Outdoor,Clay,Semifinals,3,Tiafoe F.,Nakashima B.,17,33.0,2525,1570.0,6.0,4.0,7.0,6.0,,,,,,,2.0,0.0,Completed,1.73,2.1,1.84,2.08,1.84,2.12,1.78,2.05,,,tiafoe f.,nakashima b.,atp_18,atp_33
20,Houston,U.S.Men's Clay Court Championships,4/6/2025,ATP250,Outdoor,Clay,The Final,3,Brooksby J.,Tiafoe F.,507,17.0,77,2525.0,6.0,4.0,6.0,2.0,,,,,,,2.0,0.0,Completed,2.75,1.44,2.76,1.51,2.76,1.51,2.65,1.48,,,brooksby j.,tiafoe f.,atp_41,atp_18
21,Marrakech,Grand Prix Hassan II,3/31/2025,ATP250,Outdoor,Clay,1st Round,3,Carballes Baena R.,Baadi T.,51,703.0,1051,40.0,7.0,6.0,6.0,3.0,,,,,,,2.0,0.0,Completed,1.01,26.0,1.02,32.58,1.02,32.58,1.01,18.32,,,carballes baena r.,baadi t.,atp_159,atp_587
21,Marrakech,Grand Prix Hassan II,3/31/2025,ATP250,Outdoor,Clay,1st Round,3,Collignon R.,Fognini F.,92,99.0,644,607.0,6.0,3.0,6.0,3.0,,,,,,,2.0,0.0,Completed,1.53,2.5,1.5,2.76,1.54,2.76,1.48,2.59,,,collignon r.,fognini f.,atp_65,
21,Marrakech,Grand Prix Hassan II,3/31/2025,ATP250,Outdoor,Clay,1st Round,3,Dellien H.,Vukic A.,102,76.0,582,808.0,7.0,5.0,4.0,6.0,7.0,5.0,,,,,2.0,1.0,Completed,1.57,2.38,1.61,2.44,1.62,2.5,1.55,2.4,,,dellien h.,vukic a.,atp_160,atp_84
21,Marrakech,Grand Prix Hassan II,4/1/2025,ATP250,Outdoor,Clay,1st Round,3,De Jong J.,Benchetrit E.,98,608.0,609,54.0,7.0,5.0,6.0,1.0,,,,,,,2.0,0.0,Completed,1.06,10.0,1.08,9.92,1.08,10.0,1.06,8.95,,,de jong j.,benchetrit e.,atp_99,
21,Marrakech,Grand Prix Hassan II,4/1/2025,ATP250,Outdoor,Clay,1st Round,3,Virtanen O.,Altmaier D.,135,83.0,430,763.0,6.0,2.0,4.0,6.0,7.0,6.0,,,,,2.0,1.0,Completed,3.75,1.29,3.73,1.31,3.78,1.31,3.63,1.28,,,virtanen o.,altmaier d.,atp_123,atp_52
21,Marrakech,Grand Prix Hassan II,4/1/2025,ATP250,Outdoor,Clay,1st Round,3,Majchrzak K.,Munar J.,122,55.0,482,1029.0,6.0,4.0,6.0,3.0,,,,,,,2.0,0.0,Completed,3.2,1.36,3.04,1.43,3.3,1.43,3.02,1.37,,,majchrzak k.,munar j.,atp_53,atp_37
21,Marrakech,Grand Prix Hassan II,4/1/2025,ATP250,Outdoor,Clay,1st Round,3,Bellucci M.,Kotov P.,71,107.0,842,573.0,6.0,4.0,6.0,4.0,,,,,,,2.0,0.0,Completed,2.1,1.73,2.09,1.81,2.1,1.81,2.05,1.76,,,bellucci m.,kotov p.,atp_73,atp_298
21,Marrakech,Grand Prix Hassan II,4/1/2025,ATP250,Outdoor,Clay,1st Round,3,Carreno Busta P.,Lalami Laaroussi Y.,110,1193.0,568,8.0,6.0,1.0,6.0,3.0,,,,,,,2.0,0.0,Completed,1.01,29.0,1.01,33.16,1.01,33.16,1.01,20.65,,,carreno busta p.,lalami laaroussi y.,atp_88,
21,Marrakech,Grand Prix Hassan II,4/1/2025,ATP250,Outdoor,Clay,1st Round,3,Herbert P.,Coria F.,169,126.0,335,464.0,4.0,6.0,6.0,3.0,6.0,2.0,,,,,2.0,1.0,Completed,2.5,1.53,2.52,1.58,2.55,1.62,2.44,1.54,,,herbert p.,coria f.,,atp_655
21,Marrakech,Grand Prix Hassan II,4/1/2025,ATP250,Outdoor,Clay,1st Round,3,Gaston H.,Cerundolo J.M.,84,128.0,751,461.0,5.0,7.0,6.0,3.0,6.0,4.0,,,,,2.0,1.0,Completed,2,1.8,2.05,1.85,2.06,1.85,1.97,1.81,,,gaston h.,cerundolo j.,atp_116,
21,Marrakech,Grand Prix Hassan II,4/2/2025,ATP250,Outdoor,Clay,1st Round,3,Darderi L.,Boyer T.,57,121.0,989,491.0,6.0,4.0,6.0,4.0,,,,,,,2.0,0.0,Completed,1.44,2.75,1.51,2.72,1.53,2.75,1.48,2.62,,,darderi l.,boyer t.,atp_19,atp_241
21,Marrakech,Grand Prix Hassan II,4/2/2025,ATP250,Outdoor,Clay,1st Round,3,Kopriva V.,Gojo B.,106,414.0,576,116.0,2.0,6.0,6.0,2.0,6.0,4.0,,,,,2.0,1.0,Completed,1.62,2.3,1.65,2.34,1.7,2.35,1.63,2.25,,,kopriva v.,gojo b.,atp_70,atp_139
21,Marrakech,Grand Prix Hassan II,4/2/2025,ATP250,Outdoor,Clay,2nd Round,3,Muller A.,Dellien H.,41,102.0,1304,582.0,6.0,7.0,6.0,1.0,6.0,4.0,,,,,2.0,1.0,Completed,1.5,2.63,1.52,2.69,1.57,2.69,1.51,2.53,,,muller a.,dellien h.,atp_94,atp_160
21,Marrakech,Grand Prix Hassan II,4/2/2025,ATP250,Outdoor,Clay,2nd Round,3,Majchrzak K.,De Jong J.,122,98.0,482,609.0,7.0,6.0,6.0,1.0,,,,,,,2.0,0.0,Completed,1.8,2.0,1.83,2.07,1.83,2.08,1.78,1.99,,,majchrzak k.,de jong j.,atp_53,atp_99
21,Marrakech,Grand Prix Hassan II,4/2/2025,ATP250,Outdoor,Clay,2nd Round,3,Carballes Baena R.,Virtanen O.,51,135.0,1051,430.0,6.0,4.0,6.0,4.0,,,,,,,2.0,0.0,Completed,1.33,3.4,1.37,3.06,1.38,3.4,1.35,3.12,,,carballes baena r.,virtanen o.,atp_159,atp_123
21,Marrakech,Grand Prix Hassan II,4/2/2025,ATP250,Outdoor,Clay,2nd Round,3,Borges N.,Collignon R.,43,92.0,1265,644.0,6.0,2.0,3.0,6.0,7.0,6.0,,,,,2.0,1.0,Completed,1.53,2.5,1.68,2.3,1.68,2.55,1.57,2.36,,,borges n.,collignon r.,atp_48,atp_65
21,Marrakech,Grand Prix Hassan II,4/3/2025,ATP250,Outdoor,Clay,2nd Round,3,Bellucci M.,Herbert P.,71,169.0,842,335.0,6.0,2.0,7.0,5.0,,,,,,,2.0,0.0,Completed,1.57,2.38,1.61,2.44,1.61,2.44,1.57,2.35,,,bellucci m.,herbert p.,atp_73,
21,Marrakech,Grand Prix Hassan II,4/3/2025,ATP250,Outdoor,Clay,2nd Round,3,Griekspoor T.,Carreno Busta P.,37,110.0,1370,568.0,7.0,6.0,3.0,6.0,6.0,3.0,,,,,2.0,1.0,Completed,1.73,2.1,1.76,2.17,1.77,2.17,1.72,2.1,,,griekspoor t.,carreno busta p.,atp_30,atp_88
21,Marrakech,Grand Prix Hassan II,4/3/2025,ATP250,Outdoor,Clay,2nd Round,3,Darderi L.,Gaston H.,57,84.0,989,751.0,2.0,6.0,6.0,2.0,6.0,3.0,,,,,2.0,1.0,Completed,1.5,2.63,1.59,2.51,1.59,2.63,1.53,2.48,,,darderi l.,gaston h.,atp_19,atp_116
21,Marrakech,Grand Prix Hassan II,4/3/2025,ATP250,Outdoor,Clay,2nd Round,3,Kopriva V.,Sonego L.,106,38.0,576,1361.0,6.0,2.0,5.0,7.0,6.0,4.0,,,,,2.0,1.0,Completed,2.5,1.53,2.34,1.66,2.51,1.67,2.32,1.59,,,kopriva v.,sonego l.,atp_70,atp_63
21,Marrakech,Grand Prix Hassan II,4/4/2025,ATP250,Outdoor,Clay,Quarterfinals,3,Carballes Baena R.,Borges N.,51,43.0,1051,1265.0,6.0,4.0,6.0,4.0,,,,,,,2.0,0.0,Completed,2,1.8,2.0,1.91,2.12,1.91,1.99,1.8,,,carballes baena r.,borges n.,atp_159,atp_48
21,Marrakech,Grand Prix Hassan II,4/4/2025,ATP250,Outdoor,Clay,Quarterfinals,3,Darderi L.,Kopriva V.,57,106.0,989,576.0,7.0,5.0,6.0,2.0,,,,,,,2.0,0.0,Completed,1.53,2.5,1.58,2.55,1.6,2.55,1.53,2.45,,,darderi l.,kopriva v.,atp_19,atp_70
21,Marrakech,Grand Prix Hassan II,4/4/2025,ATP250,Outdoor,Clay,Quarterfinals,3,Griekspoor T.,Bellucci M.,37,71.0,1370,842.0,6.0,3.0,6.0,4.0,,,,,,,2.0,0.0,Completed,1.44,2.75,1.46,2.94,1.46,2.94,1.44,2.76,,,griekspoor t.,bellucci m.,atp_30,atp_73
21,Marrakech,Grand Prix Hassan II,4/4/2025,ATP250,Outdoor,Clay,Quarterfinals,3,Majchrzak K.,Muller A.,122,41.0,482,1304.0,7.0,5.0,6.0,4.0,,,,,,,2.0,0.0,Completed,2.1,1.73,2.31,1.69,2.31,1.73,2.15,1.69,,,majchrzak k.,muller a.,atp_53,atp_94
21,Marrakech,Grand Prix Hassan II,4/5/2025,ATP250,Outdoor,Clay,Semifinals,3,Darderi L.,Carballes Baena R.,57,51.0,989,1051.0,6.0,3.0,6.0,2.0,,,,,,,2.0,0.0,Completed,1.91,1.91,2.04,1.88,2.04,2.0,1.91,1.89,,,darderi l.,carballes baena r.,atp_19,atp_159
21,Marrakech,Grand Prix Hassan II,4/5/2025,ATP250,Outdoor,Clay,Semifinals,3,Griekspoor T.,Majchrzak K.,37,122.0,1370,482.0,7.0,5.0,7.0,6.0,,,,,,,2.0,0.0,Completed,1.62,2.3,1.69,2.31,1.69,2.45,1.63,2.26,,,griekspoor t.,majchrzak k.,atp_30,atp_53
21,Marrakech,Grand Prix Hassan II,4/6/2025,ATP250,Outdoor,Clay,The Final,3,Darderi L.,Griekspoor T.,57,37.0,989,1370.0,7.0,6.0,7.0,6.0,,,,,,,2.0,0.0,Completed,2.2,1.67,2.3,1.69,2.32,1.7,2.22,1.65,,,darderi l.,griekspoor t.,atp_19,atp_30
22,Monte Carlo,Monte Carlo Masters,4/6/2025,Masters 1000,Outdoor,Clay,1st Round,3,Vacherot V.,Struff J.L.,255,49.0,214,1120.0,6.0,2.0,6.0,1.0,,,,,,,2.0,0.0,Completed,2.75,1.44,2.82,1.48,2.9,1.5,2.79,1.45,,,vacherot v.,struff j.,atp_23,
22,Monte Carlo,Monte Carlo Masters,4/6/2025,Masters 1000,Outdoor,Clay,1st Round,3,Gasquet R.,Arnaldi M.,164,40.0,354,1340.0,6.0,3.0,4.0,6.0,6.0,4.0,,,,,2.0,1.0,Completed,4.33,1.22,4.16,1.27,4.5,1.27,4.2,1.23,,,gasquet r.,arnaldi m.,atp_384,atp_107
22,Monte Carlo,Monte Carlo Masters,4/6/2025,Masters 1000,Outdoor,Clay,1st Round,3,Thompson J.,Mpetshi G.,38,30.0,1365,1644.0,6.0,4.0,6.0,3.0,,,,,,,2.0,0.0,Completed,2.2,1.67,2.36,1.65,2.38,1.71,2.25,1.64,,,thompson j.,mpetshi perricard g.,atp_131,atp_57
22,Monte Carlo,Monte Carlo Masters,4/7/2025,Masters 1000,Outdoor,Clay,1st Round,3,Tabilo A.,Wawrinka S.,32,163.0,1575,355.0,1.0,6.0,7.0,5.0,7.0,5.0,,,,,2.0,1.0,Completed,1.67,2.2,1.69,2.28,1.74,2.36,1.69,2.17,,,tabilo a.,wawrinka s.,atp_39,atp_98
22,Monte Carlo,Monte Carlo Masters,4/7/2025,Masters 1000,Outdoor,Clay,1st Round,3,Giron M.,Shapovalov D.,45,29.0,1200,1716.0,6.0,3.0,7.0,6.0,,,,,,,2.0,0.0,Completed,2.75,1.44,2.82,1.48,2.9,1.52,2.73,1.46,,,giron m.,shapovalov d.,atp_66,atp_38
22,Monte Carlo,Monte Carlo Masters,4/7/2025,Masters 1000,Outdoor,Clay,1st Round,3,Lehecka J.,Korda S.,28,24.0,1745,2010.0,6.0,3.0,7.0,6.0,,,,,,,2.0,0.0,Completed,1.62,2.3,1.62,2.43,1.73,2.5,1.63,2.28,,,lehecka j.,korda s.,atp_14,atp_42
22,Monte Carlo,Monte Carlo Masters,4/7/2025,Masters 1000,Outdoor,Clay,1st Round,3,Monfils G.,Marozsan F.,44,81.0,1255,775.0,4.0,6.0,6.0,1.0,6.0,1.0,,,,,2.0,1.0,Completed,2.2,1.67,2.17,1.75,2.33,1.81,2.15,1.72,,,monfils g.,marozsan f.,atp_203,atp_47
22,Monte Carlo,Monte Carlo Masters,4/7/2025,Masters 1000,Outdoor,Clay,1st Round,3,Altmaier D.,Auger-Aliassime F.,84,19.0,763,2415.0,7.0,6.0,6.0,3.0,,,,,,,2.0,0.0,Completed,2.75,1.44,2.36,1.55,3.0,1.58,2.76,1.44,,,altmaier d.,augeraliassime f.,atp_52,
22,Monte Carlo,Monte Carlo Masters,4/7/2025,Masters 1000,Outdoor,Clay,1st Round,3,Musetti L.,Bu Y.,16,67.0,2650,873.0,4.0,6.0,7.0,5.0,6.0,3.0,,,,,2.0,1.0,Completed,1.2,4.5,1.23,4.67,1.25,4.8,1.22,4.4,,,musetti l.,bu y.,atp_5,
22,Monte Carlo,Monte Carlo Masters,4/7/2025,Masters 1000,Outdoor,Clay,1st Round,3,Berrettini M.,Navone M.,34,70.0,1530,850.0,6.0,4.0,6.0,4.0,,,,,,,2.0,0.0,Completed,1.5,2.63,1.54,2.64,1.57,2.77,1.51,2.6,,,berrettini m.,navone m.,atp_91,atp_60
22,Monte Carlo,Monte Carlo Masters,4/7/2025,Masters 1000,Outdoor,Clay,1st Round,3,Muller A.,Ugo Carabelli C.,39,63.0,1344,917.0,6.0,4.0,6.0,4.0,,,,,,,2.0,0.0,Completed,1.91,1.91,2.0,1.89,2.04,1.94,1.92,1.9,,,muller a.,ugo carabelli c.,atp_94,atp_67
22,Monte Carlo,Monte Carlo Masters,4/7/2025,Masters 1000,Outdoor,Clay,1st Round,3,Medvedev D.,Khachanov K.,11,25.0,3290,1950.0,7.0,5.0,4.0,6.0,6.0,4.0,,,,,2.0,1.0,Completed,1.87,1.87,1.94,1.94,1.99,2.04,1.88,1.93,,,medvedev d.,khachanov k.,atp_10,atp_15
22,Monte Carlo,Monte Carlo Masters,4/7/2025,Masters 1000,Outdoor,Clay,1st Round,3,Davidovich Fokina A.,Shelton B.,42,14.0,1305,2690.0,6.0,7.0,6.0,2.0,6.0,1.0,,,,,2.0,1.0,Completed,1.62,2.3,1.63,2.41,1.69,2.5,1.62,2.33,,,davidovich fokina a.,shelton b.,atp_17,atp_9
22,Monte Carlo,Monte Carlo Masters,4/7/2025,Masters 1000,Outdoor,Clay,1st Round,3,Cerundolo F.,Fognini F.,22,113.0,2075,544.0,6.0,0.0,6.0,3.0,,,,,,,2.0,0.0,Completed,1.11,6.5,1.15,6.39,1.16,7.0,1.12,6.24,,,cerundolo f.,fognini f.,atp_20,
22,Monte Carlo,Monte Carlo Masters,4/8/2025,Masters 1000,Outdoor,Clay,1st Round,3,Dimitrov G.,Jarry N.,18,58.0,2495,965.0,6.0,3.0,6.0,4.0,,,,,,,2.0,0.0,Completed,1.36,3.2,1.38,3.28,1.43,3.5,1.35,3.28,,,dimitrov g.,jarry n.,atp_93,atp_154
22,Monte Carlo,Monte Carlo Masters,4/8/2025,Masters 1000,Outdoor,Clay,1st Round,3,Martinez P.,Sonego L.,51,41.0,1090,1336.0,6.0,4.0,1.0,6.0,6.0,2.0,,,,,2.0,1.0,Completed,2.63,1.5,2.63,1.54,2.78,1.55,2.61,1.5,,,martinez p.,sonego l.,atp_113,atp_63
22,Monte Carlo,Monte Carlo Masters,4/8/2025,Masters 1000,Outdoor,Clay,1st Round,3,Popyrin A.,Humbert U.,27,20.0,1760,2335.0,3.0,6.0,7.0,6.0,6.0,4.0,,,,,2.0,1.0,Completed,2.2,1.67,2.26,1.71,2.35,1.81,2.21,1.68,,,popyrin a.,humbert u.,atp_45,atp_34
22,Monte Carlo,Monte Carlo Masters,4/8/2025,Masters 1000,Outdoor,Clay,1st Round,3,Bautista Agut R.,Nakashima B.,52,31.0,1049,1620.0,6.0,2.0,6.0,4.0,,,,,,,2.0,0.0,Completed,2.2,1.67,2.29,1.69,2.3,1.75,2.22,1.67,,,bautista agut r.,nakashima b.,atp_80,atp_33
22,Monte Carlo,Monte Carlo Masters,4/8/2025,Masters 1000,Outdoor,Clay,1st Round,3,Borges N.,Rune H.,43,12.0,1280,3270.0,6.0,2.0,3.0,0.0,,,,,,,1.0,0.0,Retired,3.2,1.36,3.22,1.39,3.5,1.39,3.18,1.36,,,borges n.,rune h.,atp_48,atp_29
22,Monte Carlo,Monte Carlo Masters,4/8/2025,Masters 1000,Outdoor,Clay,1st Round,3,Cobolli F.,Lajovic D.,36,109.0,1500,570.0,6.0,4.0,6.0,2.0,,,,,,,2.0,0.0,Completed,1.8,2.0,1.9,1.99,1.91,2.06,1.86,1.95,,,cobolli f.,lajovic d.,atp_13,atp_132
22,Monte Carlo,Monte Carlo Masters,4/8/2025,Masters 1000,Outdoor,Clay,1st Round,3,Etcheverry T.,Moutet C.,46,75.0,1185,809.0,4.0,6.0,6.0,1.0,6.0,4.0,,,,,2.0,1.0,Completed,1.67,2.2,1.74,2.21,1.78,2.26,1.67,2.18,,,etcheverry t.,moutet c.,,atp_32
22,Monte Carlo,Monte Carlo Masters,4/8/2025,Masters 1000,Outdoor,Clay,1st Round,3,Machac T.,Baez S.,21,33.0,2210,1540.0,3.0,6.0,6.0,3.0,6.0,2.0,,,,,2.0,1.0,Completed,1.73,2.1,1.83,2.07,1.83,2.18,1.75,2.08,,,machac t.,baez s.,atp_55,atp_50
22,Monte Carlo,Monte Carlo Masters,4/8/2025,Masters 1000,Outdoor,Clay,1st Round,3,Fils A.,Griekspoor T.,15,35.0,2670,1525.0,6.0,7.0,6.0,4.0,6.0,2.0,,,,,2.0,1.0,Completed,1.5,2.63,1.51,2.72,1.58,2.72,1.5,2.61,,,fils a.,griekspoor t.,atp_28,atp_30
22,Monte Carlo,Monte Carlo Masters,4/8/2025,Masters 1000,Outdoor,Clay,1st Round,3,Tiafoe F.,Kecmanovic M.,17,47.0,2525,1166.0,6.0,2.0,5.0,7.0,7.0,6.0,,,,,2.0,1.0,Completed,2.63,1.5,2.66,1.53,2.8,1.55,2.67,1.48,,,tiafoe f.,kecmanovic m.,atp_18,atp_58
22,Monte Carlo,Monte Carlo Masters,4/8/2025,Masters 1000,Outdoor,Clay,2nd Round,3,Berrettini M.,Zverev A.,34,2.0,1530,7645.0,2.0,6.0,6.0,3.0,7.0,5.0,,,,,2.0,1.0,Completed,2.38,1.57,2.44,1.63,2.54,1.64,2.42,1.56,,,berrettini m.,zverev a.,atp_91,atp_3
22,Monte Carlo,Monte Carlo Masters,4/8/2025,Masters 1000,Outdoor,Clay,2nd Round,3,Tsitsipas S.,Thompson J.,8,38.0,3445,1365.0,4.0,6.0,6.0,4.0,6.0,2.0,,,,,2.0,1.0,Completed,1.13,6.0,1.14,6.78,1.14,7.6,1.13,6.12,,,tsitsipas s.,thompson j.,atp_49,atp_131
22,Monte Carlo,Monte Carlo Masters,4/8/2025,Masters 1000,Outdoor,Clay,2nd Round,3,Draper J.,Giron M.,6,45.0,3780,1200.0,6.0,1.0,6.0,1.0,,,,,,,2.0,0.0,Completed,1.29,3.75,1.28,4.11,1.31,4.2,1.29,3.72,,,draper j.,giron m.,atp_25,atp_66
22,Monte Carlo,Monte Carlo Masters,4/9/2025,Masters 1000,Outdoor,Clay,2nd Round,3,Davidovich Fokina A.,Etcheverry T.,42,46.0,1305,1185.0,7.0,6.0,6.0,3.0,,,,,,,2.0,0.0,Completed,1.57,2.38,1.62,2.47,1.62,2.6,1.57,2.42,,,davidovich fokina a.,etcheverry t.,atp_17,
22,Monte Carlo,Monte Carlo Masters,4/9/2025,Masters 1000,Outdoor,Clay,2nd Round,3,Musetti L.,Lehecka J.,16,28.0,2650,1745.0,1.0,6.0,7.0,5.0,6.0,2.0,,,,,2.0,1.0,Completed,1.67,2.2,1.7,2.28,1.7,2.4,1.67,2.23,,,musetti l.,lehecka j.,atp_5,atp_14
22,Monte Carlo,Monte Carlo Masters,4/9/2025,Masters 1000,Outdoor,Clay,2nd Round,3,Altmaier D.,Gasquet R.,84,164.0,763,354.0,7.0,5.0,5.0,7.0,6.0,2.0,,,,,2.0,1.0,Completed,1.4,3.0,1.49,2.83,1.5,3.0,1.45,2.79,,,altmaier d.,gasquet r.,atp_52,atp_384
22,Monte Carlo,Monte Carlo Masters,4/9/2025,Masters 1000,Outdoor,Clay,2nd Round,3,Borges N.,Martinez P.,43,51.0,1280,1090.0,7.0,5.0,6.0,7.0,6.0,4.0,,,,,2.0,1.0,Completed,1.5,2.63,1.54,2.67,1.56,2.76,1.5,2.62,,,borges n.,martinez p.,atp_48,atp_113
22,Monte Carlo,Monte Carlo Masters,4/9/2025,Masters 1000,Outdoor,Clay,2nd Round,3,Fils A.,Cobolli F.,15,36.0,2670,1500.0,6.0,2.0,6.0,4.0,,,,,,,2.0,0.0,Completed,1.44,2.75,1.49,2.84,1.52,2.9,1.46,2.74,,,fils a.,cobolli f.,atp_28,atp_13
22,Monte Carlo,Monte Carlo Masters,4/9/2025,Masters 1000,Outdoor,Clay,2nd Round,3,Rublev A.,Monfils G.,9,44.0,3440,1255.0,6.0,4.0,7.0,6.0,,,,,,,2.0,0.0,Completed,1.5,2.63,1.52,2.72,1.56,2.76,1.51,2.59,,,rublev a.,monfils g.,atp_16,atp_203
22,Monte Carlo,Monte Carlo Masters,4/9/2025,Masters 1000,Outdoor,Clay,2nd Round,3,Alcaraz C.,Cerundolo F.,3,22.0,6720,2075.0,3.0,6.0,6.0,0.0,6.0,1.0,,,,,2.0,1.0,Completed,1.36,3.2,1.4,2.86,1.41,3.48,1.36,3.12,,,alcaraz c.,cerundolo f.,atp_1,atp_20
22,Monte Carlo,Monte Carlo Masters,4/9/2025,Masters 1000,Outdoor,Clay,2nd Round,3,De Minaur A.,Machac T.,10,21.0,3335,2210.0,3.0,6.0,6.0,0.0,6.0,3.0,,,,,2.0,1.0,Completed,1.73,2.1,1.74,2.23,1.74,2.32,1.71,2.16,,,de minaur a.,machac t.,atp_6,atp_55
22,Monte Carlo,Monte Carlo Masters,4/9/2025,Masters 1000,Outdoor,Clay,2nd Round,3,Ruud C.,Bautista Agut R.,7,52.0,3765,1049.0,6.0,2.0,6.0,1.0,,,,,,,2.0,0.0,Completed,1.22,4.33,1.23,4.59,1.25,5.1,1.22,4.39,,,ruud c.,bautista agut r.,atp_12,atp_80
22,Monte Carlo,Monte Carlo Masters,4/9/2025,Masters 1000,Outdoor,Clay,2nd Round,3,Tabilo A.,Djokovic N.,32,5.0,1575,4510.0,6.0,3.0,6.0,4.0,,,,,,,2.0,0.0,Completed,5,1.17,3.69,1.25,5.6,1.25,4.82,1.18,,,tabilo a.,djokovic n.,atp_39,atp_4
22,Monte Carlo,Monte Carlo Masters,4/9/2025,Masters 1000,Outdoor,Clay,2nd Round,3,Popyrin A.,Tiafoe F.,27,17.0,1760,2525.0,3.0,6.0,6.0,3.0,6.0,3.0,,,,,2.0,1.0,Completed,1.67,2.2,1.74,2.23,1.76,2.26,1.68,2.19,,,popyrin a.,tiafoe f.,atp_45,atp_18
22,Monte Carlo,Monte Carlo Masters,4/9/2025,Masters 1000,Outdoor,Clay,2nd Round,3,Dimitrov G.,Vacherot V.,18,255.0,2495,214.0,4.0,6.0,6.0,3.0,6.0,1.0,,,,,2.0,1.0,Completed,1.2,4.5,1.2,4.86,1.25,4.9,1.2,4.6,,,dimitrov g.,vacherot v.,atp_93,atp_23
22,Monte Carlo,Monte Carlo Masters,4/9/2025,Masters 1000,Outdoor,Clay,2nd Round,3,Medvedev D.,Muller A.,11,39.0,3290,1344.0,7.0,6.0,5.0,7.0,6.0,2.0,,,,,2.0,1.0,Completed,1.5,2.63,1.57,2.31,1.66,2.77,1.52,2.53,,,medvedev d.,muller a.,atp_10,atp_94
22,Monte Carlo,Monte Carlo Masters,4/10/2025,Masters 1000,Outdoor,Clay,3rd Round,3,Fils A.,Rublev A.,15,9.0,2670,3440.0,6.0,2.0,6.0,3.0,,,,,,,2.0,0.0,Completed,1.73,2.1,1.76,2.19,1.82,2.22,1.74,2.1,,,fils a.,rublev a.,atp_28,atp_16
22,Monte Carlo,Monte Carlo Masters,4/10/2025,Masters 1000,Outdoor,Clay,3rd Round,3,Davidovich Fokina A.,Draper J.,42,6.0,1305,3780.0,6.0,3.0,6.0,7.0,6.0,4.0,,,,,2.0,1.0,Completed,2.75,1.44,2.65,1.55,2.92,1.57,2.71,1.47,,,davidovich fokina a.,draper j.,atp_17,atp_25
22,Monte Carlo,Monte Carlo Masters,4/10/2025,Masters 1000,Outdoor,Clay,3rd Round,3,Popyrin A.,Ruud C.,27,7.0,1760,3765.0,6.0,4.0,3.0,6.0,7.0,5.0,,,,,2.0,1.0,Completed,4.33,1.22,4.75,1.23,5.0,1.24,4.32,1.22,,,popyrin a.,ruud c.,atp_45,atp_12
22,Monte Carlo,Monte Carlo Masters,4/10/2025,Masters 1000,Outdoor,Clay,3rd Round,3,Alcaraz C.,Altmaier D.,3,84.0,6720,763.0,6.0,3.0,6.0,1.0,,,,,,,2.0,0.0,Completed,1.04,13.0,1.13,5.37,1.13,13.0,1.07,8.92,,,alcaraz c.,altmaier d.,atp_1,atp_52
22,Monte Carlo,Monte Carlo Masters,4/10/2025,Masters 1000,Outdoor,Clay,3rd Round,3,Musetti L.,Berrettini M.,16,34.0,2650,1530.0,6.0,3.0,6.0,3.0,,,,,,,2.0,0.0,Completed,2.1,1.73,2.12,1.81,2.28,1.83,2.1,1.73,,,musetti l.,berrettini m.,atp_5,atp_91
22,Monte Carlo,Monte Carlo Masters,4/10/2025,Masters 1000,Outdoor,Clay,3rd Round,3,De Minaur A.,Medvedev D.,10,11.0,3335,3290.0,6.0,2.0,6.0,2.0,,,,,,,2.0,0.0,Completed,1.67,2.2,1.63,2.44,1.78,2.44,1.66,2.2,,,de minaur a.,medvedev d.,atp_6,atp_10
22,Monte Carlo,Monte Carlo Masters,4/10/2025,Masters 1000,Outdoor,Clay,3rd Round,3,Tsitsipas S.,Borges N.,8,43.0,3445,1280.0,6.0,1.0,6.0,1.0,,,,,,,2.0,0.0,Completed,1.22,4.33,1.28,3.84,1.3,4.5,1.24,4.04,,,tsitsipas s.,borges n.,atp_49,atp_48
22,Monte Carlo,Monte Carlo Masters,4/10/2025,Masters 1000,Outdoor,Clay,3rd Round,3,Dimitrov G.,Tabilo A.,18,32.0,2495,1575.0,6.0,3.0,3.0,6.0,6.0,2.0,,,,,2.0,1.0,Completed,1.62,2.3,1.61,2.48,1.68,2.52,1.59,2.36,,,dimitrov g.,tabilo a.,atp_93,atp_39
22,Monte Carlo,Monte Carlo Masters,4/11/2025,Masters 1000,Outdoor,Clay,Quarterfinals,3,Davidovich Fokina A.,Popyrin A.,42,27.0,1305,1760.0,6.0,3.0,6.0,2.0,,,,,,,2.0,0.0,Completed,1.53,2.5,1.58,2.56,1.62,2.62,1.54,2.5,,,davidovich fokina a.,popyrin a.,atp_17,atp_45
22,Monte Carlo,Monte Carlo Masters,4/11/2025,Masters 1000,Outdoor,Clay,Quarterfinals,3,Alcaraz C.,Fils A.,3,15.0,6720,2670.0,4.0,6.0,7.0,5.0,6.0,3.0,,,,,2.0,1.0,Completed,1.36,3.2,1.42,3.13,1.42,3.35,1.36,3.17,,,alcaraz c.,fils a.,atp_1,atp_28
22,Monte Carlo,Monte Carlo Masters,4/11/2025,Masters 1000,Outdoor,Clay,Quarterfinals,3,De Minaur A.,Dimitrov G.,10,18.0,3335,2495.0,6.0,0.0,6.0,0.0,,,,,,,2.0,0.0,Completed,1.57,2.38,1.6,2.51,1.6,2.64,1.54,2.5,,,de minaur a.,dimitrov g.,atp_6,atp_93
22,Monte Carlo,Monte Carlo Masters,4/11/2025,Masters 1000,Outdoor,Clay,Quarterfinals,3,Musetti L.,Tsitsipas S.,16,8.0,2650,3445.0,1.0,6.0,6.0,3.0,6.0,4.0,,,,,2.0,1.0,Completed,2.1,1.73,2.14,1.8,2.31,1.83,2.17,1.7,,,musetti l.,tsitsipas s.,atp_5,atp_49
22,Monte Carlo,Monte Carlo Masters,4/12/2025,Masters 1000,Outdoor,Clay,Semifinals,3,Alcaraz C.,Davidovich Fokina A.,3,42.0,6720,1305.0,7.0,6.0,6.0,4.0,,,,,,,2.0,0.0,Completed,1.2,4.5,1.23,4.7,1.24,5.1,1.22,4.35,,,alcaraz c.,davidovich fokina a.,atp_1,atp_17
22,Monte Carlo,Monte Carlo Masters,4/12/2025,Masters 1000,Outdoor,Clay,Semifinals,3,Musetti L.,De Minaur A.,16,10.0,2650,3335.0,1.0,6.0,6.0,4.0,7.0,6.0,,,,,2.0,1.0,Completed,2.2,1.67,2.15,1.79,2.35,1.79,2.15,1.71,,,musetti l.,de minaur a.,atp_5,atp_6
22,Monte Carlo,Monte Carlo Masters,4/13/2025,Masters 1000,Outdoor,Clay,The Final,3,Alcaraz C.,Musetti L.,3,16.0,6720,2650.0,3.0,6.0,6.0,1.0,6.0,0.0,,,,,2.0,0.0,Completed,1.2,4.5,1.24,4.6,1.25,4.6,1.21,4.42,,,alcaraz c.,musetti l.,atp_1,atp_5
23,Barcelona,Barcelona Open,4/14/2025,ATP500,Outdoor,Clay,1st Round,3,Martinez P.,Nakashima B.,49,32.0,1130,1620.0,7.0,5.0,5.0,7.0,6.0,4.0,,,,,2.0,1.0,Completed,2.1,1.73,2.19,1.75,2.28,1.79,2.15,1.71,,,martinez p.,nakashima b.,atp_113,atp_33
23,Barcelona,Barcelona Open,4/14/2025,ATP500,Outdoor,Clay,1st Round,3,Korda S.,Arnaldi M.,24,42.0,1970,1340.0,3.0,6.0,6.0,3.0,6.0,2.0,,,,,2.0,1.0,Completed,2,1.8,2.22,1.72,2.22,1.83,2.04,1.77,,,korda s.,arnaldi m.,atp_42,atp_107
23,Barcelona,Barcelona Open,4/14/2025,ATP500,Outdoor,Clay,1st Round,3,Fearnley J.,Carballes Baena R.,74,55.0,820,1001.0,6.0,1.0,7.0,5.0,,,,,,,2.0,0.0,Completed,,,4.94,1.2,5.3,1.25,4.34,1.22,,,fearnley j.,carballes baena r.,atp_97,atp_159
23,Barcelona,Barcelona Open,4/14/2025,ATP500,Outdoor,Clay,1st Round,3,Medjedovic H.,Mpetshi G.,72,34.0,843,1579.0,7.0,5.0,7.0,6.0,,,,,,,2.0,0.0,Completed,1.44,2.75,1.46,2.91,1.52,2.95,1.45,2.75,,,medjedovic h.,mpetshi perricard g.,atp_81,atp_57
23,Barcelona,Barcelona Open,4/14/2025,ATP500,Outdoor,Clay,1st Round,3,Rune H.,Ramos A.,13,234.0,3080,242.0,7.0,5.0,6.0,4.0,,,,,,,2.0,0.0,Completed,1.13,6.0,1.16,6.13,1.16,7.2,1.14,5.77,,,rune h.,ramos a.,atp_29,atp_419
23,Barcelona,Barcelona Open,4/14/2025,ATP500,Outdoor,Clay,1st Round,3,Rublev A.,De Jong J.,8,94.0,3490,622.0,6.0,1.0,6.0,3.0,,,,,,,2.0,0.0,Completed,1.36,3.2,1.4,3.18,1.43,3.3,1.37,3.13,,,rublev a.,de jong j.,atp_16,atp_99
23,Barcelona,Barcelona Open,4/15/2025,ATP500,Outdoor,Clay,1st Round,3,Fils A.,Carreno Busta P.,14,99.0,2820,607.0,7.0,6.0,6.0,3.0,,,,,,,2.0,0.0,Completed,1.25,4.0,1.25,4.32,1.27,4.8,1.24,4.05,,,fils a.,carreno busta p.,atp_28,atp_88
23,Barcelona,Barcelona Open,4/15/2025,ATP500,Outdoor,Clay,1st Round,3,Baez S.,Dzumhur D.,35,65.0,1540,899.0,6.0,1.0,7.0,5.0,,,,,,,2.0,0.0,Completed,1.3,3.5,1.32,3.65,1.33,3.95,1.3,3.55,,,baez s.,dzumhur d.,atp_50,atp_74
23,Barcelona,Barcelona Open,4/15/2025,ATP500,Outdoor,Clay,1st Round,3,Tsitsipas S.,Opelka R.,16,105.0,2645,579.0,6.0,2.0,6.0,2.0,,,,,,,2.0,0.0,Completed,1.11,6.5,1.16,6.13,1.16,6.8,1.12,6.15,,,tsitsipas s.,opelka r.,atp_49,atp_64
23,Barcelona,Barcelona Open,4/15/2025,ATP500,Outdoor,Clay,1st Round,3,Ruud C.,Galan D.E.,10,117.0,3215,521.0,6.0,4.0,6.0,3.0,,,,,,,2.0,0.0,Completed,1.13,6.0,1.14,6.73,1.16,6.73,1.13,5.98,,,ruud c.,galan d.,atp_12,
23,Barcelona,Barcelona Open,4/15/2025,ATP500,Outdoor,Clay,1st Round,3,Djere L.,Rinderknech A.,80,75.0,797,815.0,6.0,7.0,6.0,1.0,6.0,2.0,,,,,2.0,1.0,Completed,1.25,4.0,1.3,3.81,1.3,4.2,1.26,3.94,,,djere l.,rinderknech a.,atp_204,atp_27
23,Barcelona,Barcelona Open,4/15/2025,ATP500,Outdoor,Clay,1st Round,3,De Minaur A.,Etcheverry T.,7,46.0,3535,1185.0,6.0,4.0,6.0,4.0,,,,,,,2.0,0.0,Completed,1.33,3.4,1.38,3.17,1.4,3.4,1.35,3.21,,,de minaur a.,etcheverry t.,atp_6,
23,Barcelona,Barcelona Open,4/15/2025,ATP500,Outdoor,Clay,1st Round,3,Munar J.,Tiafoe F.,57,18.0,977,2550.0,2.0,6.0,7.0,5.0,6.0,1.0,,,,,2.0,1.0,Completed,1.73,2.1,1.71,2.25,1.75,2.3,1.71,2.13,,,munar j.,tiafoe f.,atp_37,atp_18
23,Barcelona,Barcelona Open,4/15/2025,ATP500,Outdoor,Clay,1st Round,3,Alcaraz C.,Quinn E.,2,126.0,7720,475.0,6.0,2.0,7.0,6.0,,,,,,,2.0,0.0,Completed,1.03,15.0,1.03,19.73,1.03,27.0,1.03,14.44,,,alcaraz c.,quinn e.,atp_1,atp_56
23,Barcelona,Barcelona Open,4/15/2025,ATP500,Outdoor,Clay,1st Round,3,Khachanov K.,Norrie C.,27,88.0,1760,742.0,6.0,7.0,6.0,4.0,6.0,3.0,,,,,2.0,1.0,Completed,1.53,2.5,1.63,2.42,1.63,2.62,1.57,2.42,,,khachanov k.,norrie c.,atp_15,atp_24
23,Barcelona,Barcelona Open,4/15/2025,ATP500,Outdoor,Clay,1st Round,3,Davidovich Fokina A.,Wawrinka S.,30,162.0,1680,355.0,6.0,1.0,6.0,4.0,,,,,,,2.0,0.0,Completed,1.25,4.0,1.25,4.57,1.29,4.7,1.25,3.99,,,davidovich fokina a.,wawrinka s.,atp_17,atp_98
23,Barcelona,Barcelona Open,4/16/2025,ATP500,Outdoor,Clay,2nd Round,3,Fils A.,Martinez P.,14,49.0,2820,1130.0,6.0,3.0,6.0,2.0,,,,,,,2.0,0.0,Completed,1.2,4.5,1.23,4.7,1.26,4.7,1.21,4.44,,,fils a.,martinez p.,atp_28,atp_113
23,Barcelona,Barcelona Open,4/16/2025,ATP500,Outdoor,Clay,2nd Round,3,Rune H.,Baez S.,13,35.0,3080,1540.0,4.0,6.0,6.0,1.0,6.0,2.0,,,,,2.0,1.0,Completed,1.67,2.2,1.74,2.22,1.78,2.26,1.68,2.17,,,rune h.,baez s.,atp_29,atp_50
23,Barcelona,Barcelona Open,4/16/2025,ATP500,Outdoor,Clay,2nd Round,3,Tsitsipas S.,Korda S.,16,24.0,2645,1970.0,7.0,6.0,6.0,4.0,,,,,,,2.0,0.0,Completed,1.3,3.5,1.31,3.83,1.34,4.0,1.31,3.51,,,tsitsipas s.,korda s.,atp_49,atp_42
23,Barcelona,Barcelona Open,4/16/2025,ATP500,Outdoor,Clay,2nd Round,3,Ruud C.,Medjedovic H.,10,72.0,3215,843.0,7.0,5.0,7.0,5.0,,,,,,,2.0,0.0,Completed,1.36,3.2,1.39,3.29,1.39,3.5,1.37,3.11,,,ruud c.,medjedovic h.,atp_12,atp_81
23,Barcelona,Barcelona Open,4/17/2025,ATP500,Outdoor,Clay,2nd Round,3,Khachanov K.,Munar J.,27,57.0,1760,977.0,7.0,5.0,6.0,4.0,,,,,,,2.0,0.0,Completed,1.62,2.3,1.75,2.21,1.8,2.32,1.68,2.22,,,khachanov k.,munar j.,atp_15,atp_37
23,Barcelona,Barcelona Open,4/17/2025,ATP500,Outdoor,Clay,2nd Round,3,Davidovich Fokina A.,Rublev A.,30,8.0,1680,3490.0,7.0,5.0,6.0,4.0,,,,,,,2.0,0.0,Completed,2,1.8,2.04,1.87,2.12,1.96,1.99,1.82,,,davidovich fokina a.,rublev a.,atp_17,atp_16
23,Barcelona,Barcelona Open,4/17/2025,ATP500,Outdoor,Clay,2nd Round,3,Alcaraz C.,Djere L.,2,80.0,7720,797.0,6.0,2.0,6.0,4.0,,,,,,,2.0,0.0,Completed,1.08,8.0,1.08,9.95,1.11,11.5,1.08,8.02,,,alcaraz c.,djere l.,atp_1,atp_204
23,Barcelona,Barcelona Open,4/17/2025,ATP500,Outdoor,Clay,2nd Round,3,De Minaur A.,Fearnley J.,7,74.0,3535,820.0,6.0,1.0,6.0,2.0,,,,,,,2.0,0.0,Completed,1.08,8.0,1.08,9.45,1.1,10.0,1.08,7.94,,,de minaur a.,fearnley j.,atp_6,atp_97
23,Barcelona,Barcelona Open,4/18/2025,ATP500,Outdoor,Clay,Quarterfinals,3,Khachanov K.,Davidovich Fokina A.,27,30.0,1760,1680.0,6.0,4.0,7.0,5.0,,,,,,,2.0,0.0,Completed,2.75,1.44,2.68,1.53,2.8,1.54,2.66,1.48,,,khachanov k.,davidovich fokina a.,atp_15,atp_17
23,Barcelona,Barcelona Open,4/18/2025,ATP500,Outdoor,Clay,Quarterfinals,3,Rune H.,Ruud C.,13,10.0,3080,3215.0,6.0,4.0,6.0,2.0,,,,,,,2.0,0.0,Completed,2.38,1.57,2.5,1.6,2.62,1.63,2.37,1.59,,,rune h.,ruud c.,atp_29,atp_12
23,Barcelona,Barcelona Open,4/18/2025,ATP500,Outdoor,Clay,Quarterfinals,3,Alcaraz C.,De Minaur A.,2,7.0,7720,3535.0,7.0,5.0,6.0,3.0,,,,,,,2.0,0.0,Completed,1.22,4.33,1.25,4.51,1.26,4.8,1.22,4.34,,,alcaraz c.,de minaur a.,atp_1,atp_6
23,Barcelona,Barcelona Open,4/18/2025,ATP500,Outdoor,Clay,Quarterfinals,3,Fils A.,Tsitsipas S.,14,16.0,2820,2645.0,2.0,0.0,,,,,,,,,0.0,0.0,Retired,1.8,2.0,1.81,2.12,1.84,2.16,1.79,2.03,,,fils a.,tsitsipas s.,atp_28,atp_49
23,Barcelona,Barcelona Open,4/19/2025,ATP500,Outdoor,Clay,Semifinals,3,Rune H.,Khachanov K.,13,27.0,3080,1760.0,6.0,3.0,6.0,2.0,,,,,,,2.0,0.0,Completed,1.57,2.38,1.6,2.51,1.64,2.55,1.57,2.43,,,rune h.,khachanov k.,atp_29,atp_15
23,Barcelona,Barcelona Open,4/19/2025,ATP500,Outdoor,Clay,Semifinals,3,Alcaraz C.,Fils A.,2,14.0,7720,2820.0,6.0,2.0,6.0,4.0,,,,,,,2.0,0.0,Completed,1.3,3.5,1.34,3.58,1.36,3.9,1.32,3.4,,,alcaraz c.,fils a.,atp_1,atp_28
23,Barcelona,Barcelona Open,4/20/2025,ATP500,Outdoor,Clay,The Final,3,Rune H.,Alcaraz C.,13,2.0,3080,7720.0,7.0,6.0,6.0,2.0,,,,,,,2.0,0.0,Completed,4.5,1.2,5.18,1.2,5.23,1.23,4.59,1.21,,,rune h.,alcaraz c.,atp_29,atp_1
24,Munich,BMW Open,4/14/2025,ATP500,Outdoor,Clay,1st Round,3,Griekspoor T.,Tien L.,37,69.0,1485,865.0,6.0,4.0,6.0,2.0,,,,,,,2.0,0.0,Completed,1.36,3.2,1.4,3.2,1.4,3.4,1.36,3.18,,,griekspoor t.,tien l.,atp_30,atp_22
24,Munich,BMW Open,4/14/2025,ATP500,Outdoor,Clay,1st Round,3,Kecmanovic M.,Giron M.,48,45.0,1141,1240.0,6.0,2.0,6.0,7.0,7.0,6.0,,,,,2.0,1.0,Completed,1.4,3.0,1.45,2.93,1.49,3.0,1.42,2.89,,,kecmanovic m.,giron m.,atp_58,atp_66
24,Munich,BMW Open,4/14/2025,ATP500,Outdoor,Clay,1st Round,3,Goffin D.,Harris B.,52,106.0,1021,576.0,6.0,2.0,6.0,7.0,6.0,4.0,,,,,2.0,1.0,Completed,1.3,3.5,1.34,3.5,1.37,3.65,1.32,3.38,,,goffin d.,harris b.,atp_179,atp_148
24,Munich,BMW Open,4/14/2025,ATP500,Outdoor,Clay,1st Round,3,Shelton B.,Gojo B.,15,410.0,2700,116.0,4.0,6.0,7.0,6.0,7.0,6.0,,,,,2.0,1.0,Completed,1.44,2.75,1.48,2.83,1.52,2.88,1.47,2.69,,,shelton b.,gojo b.,atp_9,atp_139
24,Munich,BMW Open,4/14/2025,ATP500,Outdoor,Clay,1st Round,3,Zverev A.,Muller A.,3,40.0,7595,1378.0,6.0,4.0,6.0,1.0,,,,,,,2.0,0.0,Completed,1.17,5.0,1.18,5.46,1.19,6.0,1.17,5.07,,,zverev a.,muller a.,atp_3,atp_94
24,Munich,BMW Open,4/14/2025,ATP500,Outdoor,Clay,1st Round,3,Altmaier D.,Tseng C.H.,68,103.0,867,587.0,7.0,6.0,7.0,6.0,,,,,,,2.0,0.0,Completed,1.44,2.75,1.51,2.74,1.53,2.92,1.47,2.68,,,altmaier d.,tseng c.,atp_52,
24,Munich,BMW Open,4/15/2025,ATP500,Outdoor,Clay,1st Round,3,Darderi L.,O Connell C.,47,87.0,1154,745.0,7.0,6.0,7.0,6.0,,,,,,,2.0,0.0,Completed,,,,,1.35,3.2,1.35,3.2,,,darderi l.,oconnell c.,atp_19,atp_128
24,Munich,BMW Open,4/15/2025,ATP500,Outdoor,Clay,1st Round,3,Van De Zandschulp B.,Bautista Agut R.,89,53.0,705,1019.0,6.0,4.0,3.0,6.0,6.0,4.0,,,,,2.0,1.0,Completed,1.73,2.1,1.66,2.34,1.75,2.34,1.7,2.16,,,van de zandschulp b.,bautista agut r.,atp_62,atp_80
24,Munich,BMW Open,4/15/2025,ATP500,Outdoor,Clay,1st Round,3,Hanfmann Y.,Mensik J.,131,23.0,453,2032.0,7.0,6.0,4.0,6.0,6.0,3.0,,,,,2.0,1.0,Completed,3.2,1.36,3.41,1.36,3.55,1.38,3.32,1.33,,,hanfmann y.,mensik j.,atp_61,atp_26
24,Munich,BMW Open,4/15/2025,ATP500,Outdoor,Clay,1st Round,3,Marozsan F.,Engel J.,77,347.0,805,146.0,6.0,4.0,6.0,1.0,,,,,,,2.0,0.0,Completed,1.13,6.0,1.16,5.8,1.18,6.4,1.14,5.8,,,marozsan f.,engel j.,atp_47,atp_186
24,Munich,BMW Open,4/15/2025,ATP500,Outdoor,Clay,1st Round,3,Shevchenko A.,Cobolli F.,104,36.0,585,1520.0,6.0,7.0,6.0,3.0,6.0,4.0,,,,,2.0,1.0,Completed,3.5,1.3,3.94,1.29,4.2,1.31,3.67,1.28,,,shevchenko a.,cobolli f.,atp_76,atp_13
24,Munich,BMW Open,4/15/2025,ATP500,Outdoor,Clay,1st Round,3,Cerundolo F.,Struff J.L.,22,51.0,2075,1030.0,6.0,0.0,6.0,2.0,,,,,,,2.0,0.0,Completed,1.25,4.0,1.32,3.69,1.34,4.05,1.28,3.75,,,cerundolo f.,struff j.,atp_20,
24,Munich,BMW Open,4/15/2025,ATP500,Outdoor,Clay,1st Round,3,Humbert U.,Jarry N.,21,58.0,2145,965.0,4.0,6.0,6.0,3.0,6.0,2.0,,,,,2.0,1.0,Completed,1.8,2.0,1.81,2.1,1.88,2.12,1.79,2.03,,,humbert u.,jarry n.,atp_34,atp_154
24,Munich,BMW Open,4/15/2025,ATP500,Outdoor,Clay,1st Round,3,Dedura-Palomero D.,Shapovalov D.,549,29.0,67,1726.0,7.0,6.0,3.0,0.0,,,,,,,1.0,0.0,Retired,8,1.08,8.11,1.11,8.11,1.13,7.31,1.09,,,dedura palomero d.,shapovalov d.,atp_264,atp_38
24,Munich,BMW Open,4/15/2025,ATP500,Outdoor,Clay,1st Round,3,Navone M.,Auger-Aliassime F.,70,19.0,865,2415.0,2.0,6.0,6.0,4.0,7.0,6.0,,,,,2.0,1.0,Completed,2.1,1.73,2.18,1.75,2.24,1.78,2.16,1.7,,,navone m.,augeraliassime f.,atp_60,
24,Munich,BMW Open,4/15/2025,ATP500,Outdoor,Clay,1st Round,3,Bergs Z.,Bublik A.,50,78.0,1071,805.0,6.0,7.0,6.0,4.0,7.0,5.0,,,,,2.0,1.0,Completed,1.62,2.3,1.52,2.7,1.62,2.7,1.57,2.44,,,bergs z.,bublik a.,atp_46,atp_11
24,Munich,BMW Open,4/16/2025,ATP500,Outdoor,Clay,2nd Round,3,Darderi L.,Kecmanovic M.,47,48.0,1154,1141.0,2.0,6.0,7.0,6.0,6.0,4.0,,,,,2.0,1.0,Completed,1.73,2.1,1.81,2.12,1.86,2.16,1.76,2.07,,,darderi l.,kecmanovic m.,atp_19,atp_58
24,Munich,BMW Open,4/16/2025,ATP500,Outdoor,Clay,2nd Round,3,Shelton B.,Van De Zandschulp B.,15,89.0,2700,705.0,7.0,6.0,6.0,3.0,,,,,,,2.0,0.0,Completed,1.8,2.0,1.83,2.1,1.9,2.16,1.8,2.02,,,shelton b.,van de zandschulp b.,atp_9,atp_62
24,Munich,BMW Open,4/16/2025,ATP500,Outdoor,Clay,2nd Round,3,Zverev A.,Altmaier D.,3,68.0,7595,867.0,6.0,3.0,6.0,2.0,,,,,,,2.0,0.0,Completed,1.13,6.0,1.16,6.17,1.16,7.0,1.14,5.87,,,zverev a.,altmaier d.,atp_3,atp_52
24,Munich,BMW Open,4/16/2025,ATP500,Outdoor,Clay,2nd Round,3,Griekspoor T.,Hanfmann Y.,37,131.0,1485,453.0,7.0,6.0,6.0,3.0,,,,,,,2.0,0.0,Completed,1.36,3.2,1.38,3.33,1.4,3.5,1.36,3.16,,,griekspoor t.,hanfmann y.,atp_30,atp_61
24,Munich,BMW Open,4/17/2025,ATP500,Outdoor,Clay,2nd Round,3,Goffin D.,Navone M.,52,70.0,1021,865.0,0.0,6.0,7.0,5.0,6.0,1.0,,,,,2.0,1.0,Completed,3.2,1.36,2.99,1.45,3.4,1.48,3.04,1.39,,,goffin d.,navone m.,atp_179,atp_60
24,Munich,BMW Open,4/17/2025,ATP500,Outdoor,Clay,2nd Round,3,Cerundolo F.,Shevchenko A.,22,104.0,2075,585.0,6.0,3.0,6.0,2.0,,,,,,,2.0,0.0,Completed,1.08,8.0,1.11,7.77,1.12,9.2,1.09,7.3,,,cerundolo f.,shevchenko a.,atp_20,atp_76
24,Munich,BMW Open,4/17/2025,ATP500,Outdoor,Clay,2nd Round,3,Bergs Z.,Dedura-Palomero D.,50,549.0,1071,67.0,6.0,1.0,6.0,1.0,,,,,,,2.0,0.0,Completed,1.13,6.0,1.15,6.29,1.17,6.6,1.13,5.94,,,bergs z.,dedura palomero d.,atp_46,atp_264
24,Munich,BMW Open,4/17/2025,ATP500,Outdoor,Clay,2nd Round,3,Marozsan F.,Humbert U.,77,21.0,805,2145.0,6.0,4.0,6.0,4.0,,,,,,,2.0,0.0,Completed,1.91,1.91,1.88,2.04,2.01,2.1,1.87,1.93,,,marozsan f.,humbert u.,atp_47,atp_34
24,Munich,BMW Open,4/18/2025,ATP500,Outdoor,Clay,Quarterfinals,3,Cerundolo F.,Goffin D.,22,52.0,2075,1021.0,6.0,2.0,6.0,4.0,,,,,,,2.0,0.0,Completed,1.17,5.0,1.18,5.71,1.2,6.0,1.16,5.19,,,cerundolo f.,goffin d.,atp_20,atp_179
24,Munich,BMW Open,4/18/2025,ATP500,Outdoor,Clay,Quarterfinals,3,Shelton B.,Darderi L.,15,47.0,2700,1154.0,6.0,4.0,6.0,3.0,,,,,,,2.0,0.0,Completed,2.2,1.67,2.31,1.69,2.46,1.73,2.21,1.67,,,shelton b.,darderi l.,atp_9,atp_19
24,Munich,BMW Open,4/18/2025,ATP500,Outdoor,Clay,Quarterfinals,3,Zverev A.,Griekspoor T.,3,37.0,7595,1485.0,6.0,7.0,7.0,6.0,6.0,4.0,,,,,2.0,1.0,Completed,1.29,3.75,1.28,4.0,1.29,4.4,1.27,3.78,,,zverev a.,griekspoor t.,atp_3,atp_30
24,Munich,BMW Open,4/18/2025,ATP500,Outdoor,Clay,Quarterfinals,3,Marozsan F.,Bergs Z.,77,50.0,805,1071.0,6.0,3.0,7.0,6.0,,,,,,,2.0,0.0,Completed,1.67,2.2,1.74,2.22,1.78,2.29,1.69,2.19,,,marozsan f.,bergs z.,atp_47,atp_46
24,Munich,BMW Open,4/19/2025,ATP500,Outdoor,Clay,Semifinals,3,Shelton B.,Cerundolo F.,15,22.0,2700,2075.0,2.0,6.0,7.0,6.0,6.0,4.0,,,,,2.0,1.0,Completed,3.2,1.36,3.5,1.35,3.5,1.39,3.25,1.35,,,shelton b.,cerundolo f.,atp_9,atp_20
24,Munich,BMW Open,4/19/2025,ATP500,Outdoor,Clay,Semifinals,3,Zverev A.,Marozsan F.,3,77.0,7595,805.0,7.0,6.0,6.0,3.0,,,,,,,2.0,0.0,Completed,1.2,4.5,1.22,4.95,1.25,4.95,1.22,4.41,,,zverev a.,marozsan f.,atp_3,atp_47
24,Munich,BMW Open,4/20/2025,ATP500,Outdoor,Clay,The Final,3,Zverev A.,Shelton B.,3,15.0,7595,2700.0,6.0,2.0,6.0,4.0,,,,,,,2.0,0.0,Completed,1.2,4.5,1.22,4.94,1.23,5.19,1.21,4.53,,,zverev a.,shelton b.,atp_3,atp_9
25,Madrid,Mutua Madrid Open,4/23/2025,Masters 1000,Outdoor,Clay,1st Round,3,Navone M.,Mpetshi G.,85,37.0,750,1464.0,6.0,4.0,6.0,4.0,,,,,,,2.0,0.0,Completed,1.67,2.2,1.63,2.42,1.7,2.42,1.64,2.28,,,navone m.,mpetshi perricard g.,atp_60,atp_57
25,Madrid,Mutua Madrid Open,4/23/2025,Masters 1000,Outdoor,Clay,1st Round,3,Rinderknech A.,Safiullin R.,76,73.0,809,856.0,7.0,6.0,6.0,1.0,,,,,,,2.0,0.0,Completed,2.5,1.53,2.51,1.58,2.66,1.58,2.51,1.54,,,rinderknech a.,safiullin r.,atp_27,atp_229
25,Madrid,Mutua Madrid Open,4/23/2025,Masters 1000,Outdoor,Clay,1st Round,3,Cina F.,Wong C.,373,169.0,130,322.0,7.0,6.0,6.0,1.0,,,,,,,2.0,0.0,Completed,1.62,2.3,1.57,2.55,1.63,2.62,1.59,2.4,,,cina f.,wong c.,atp_208,atp_124
25,Madrid,Mutua Madrid Open,4/23/2025,Masters 1000,Outdoor,Clay,1st Round,3,O Connell C.,Ugo Carabelli C.,87,59.0,745,947.0,6.0,3.0,6.0,4.0,,,,,,,2.0,0.0,Completed,2.3,1.62,2.23,1.72,2.38,1.74,2.27,1.65,,,oconnell c.,ugo carabelli c.,atp_128,atp_67
25,Madrid,Mutua Madrid Open,4/23/2025,Masters 1000,Outdoor,Clay,1st Round,3,Bonzi B.,Cilic M.,62,109.0,908,563.0,6.0,3.0,6.0,2.0,,,,,,,2.0,0.0,Completed,3.5,1.3,3.69,1.32,3.7,1.35,3.45,1.32,,,bonzi b.,cilic m.,atp_103,atp_54
25,Madrid,Mutua Madrid Open,4/23/2025,Masters 1000,Outdoor,Clay,1st Round,3,Borges N.,Carreno Busta P.,41,96.0,1355,607.0,6.0,7.0,7.0,6.0,6.0,3.0,,,,,2.0,1.0,Completed,1.62,2.3,1.69,2.28,1.78,2.35,1.64,2.27,,,borges n.,carreno busta p.,atp_48,atp_88
25,Madrid,Mutua Madrid Open,4/23/2025,Masters 1000,Outdoor,Clay,1st Round,3,Mayot H.,Moutet C.,160,82.0,354,759.0,6.0,3.0,4.0,2.0,,,,,,,1.0,0.0,Retired,2.5,1.53,2.52,1.58,2.63,1.61,2.53,1.53,,,mayot h.,moutet c.,atp_180,atp_32
25,Madrid,Mutua Madrid Open,4/23/2025,Masters 1000,Outdoor,Clay,1st Round,3,Quinn E.,Lajovic D.,119,138.0,494,426.0,6.0,3.0,6.0,4.0,,,,,,,2.0,0.0,Completed,2.5,1.53,2.6,1.55,2.78,1.7,2.46,1.56,,,quinn e.,lajovic d.,atp_56,atp_132
25,Madrid,Mutua Madrid Open,4/23/2025,Masters 1000,Outdoor,Clay,1st Round,3,Bautista Agut R.,Munar J.,55,53.0,979,1002.0,6.0,4.0,2.0,6.0,6.0,3.0,,,,,2.0,1.0,Completed,2.63,1.5,2.72,1.51,2.8,1.55,2.63,1.5,,,bautista agut r.,munar j.,atp_80,atp_37
25,Madrid,Mutua Madrid Open,4/23/2025,Masters 1000,Outdoor,Clay,1st Round,3,Ofner S.,Gaston H.,153,80.0,378,776.0,6.0,4.0,6.0,3.0,,,,,,,2.0,0.0,Completed,2.3,1.62,2.38,1.63,2.52,1.67,2.32,1.61,,,ofner s.,gaston h.,atp_78,atp_116
25,Madrid,Mutua Madrid Open,4/23/2025,Masters 1000,Outdoor,Clay,1st Round,3,Djere L.,Fognini F.,71,112.0,872,536.0,6.0,2.0,6.0,3.0,,,,,,,2.0,0.0,Completed,1.22,4.33,1.24,4.48,1.25,4.6,1.23,4.22,,,djere l.,fognini f.,atp_204,
25,Madrid,Mutua Madrid Open,4/23/2025,Masters 1000,Outdoor,Clay,1st Round,3,Comesana F.,Martinez P.,70,48.0,872,1130.0,6.0,4.0,6.0,4.0,,,,,,,2.0,0.0,Completed,1.91,1.91,1.89,2.0,1.94,2.02,1.88,1.93,,,comesana f.,martinez p.,atp_87,atp_113
25,Madrid,Mutua Madrid Open,4/23/2025,Masters 1000,Outdoor,Clay,1st Round,3,Cerundolo J.M.,Kovacevic A.,126,77.0,469,805.0,3.0,6.0,7.0,5.0,6.0,2.0,,,,,2.0,1.0,Completed,1.57,2.38,1.64,2.39,1.66,2.48,1.6,2.37,,,cerundolo j.,kovacevic a.,,atp_85
25,Madrid,Mutua Madrid Open,4/23/2025,Masters 1000,Outdoor,Clay,1st Round,3,Bublik A.,Michelsen A.,75,38.0,820,1445.0,7.0,6.0,7.0,6.0,,,,,,,2.0,0.0,Completed,1.91,1.91,1.99,1.89,2.01,1.98,1.93,1.89,,,bublik a.,michelsen a.,atp_11,atp_35
25,Madrid,Mutua Madrid Open,4/23/2025,Masters 1000,Outdoor,Clay,1st Round,3,Monfils G.,Gojo B.,42,353.0,1255,141.0,1.0,6.0,6.0,2.0,6.0,4.0,,,,,2.0,1.0,Completed,1.57,2.38,1.67,2.33,1.67,2.46,1.61,2.35,,,monfils g.,gojo b.,atp_203,atp_139
25,Madrid,Mutua Madrid Open,4/23/2025,Masters 1000,Outdoor,Clay,1st Round,3,Cobolli F.,Marozsan F.,36,58.0,1520,955.0,7.0,6.0,7.0,5.0,,,,,,,2.0,0.0,Completed,2.3,1.62,2.37,1.65,2.45,1.69,2.3,1.62,,,cobolli f.,marozsan f.,atp_13,atp_47
25,Madrid,Mutua Madrid Open,4/24/2025,Masters 1000,Outdoor,Clay,1st Round,3,Muller A.,Goffin D.,39,49.0,1366,1121.0,6.0,3.0,3.0,6.0,1.0,0.0,,,,,1.0,1.0,Retired,1.73,2.1,1.78,2.14,1.82,2.2,1.75,2.1,,,muller a.,goffin d.,atp_94,atp_179
25,Madrid,Mutua Madrid Open,4/24/2025,Masters 1000,Outdoor,Clay,1st Round,3,Nishikori K.,Vukic A.,64,83.0,898,758.0,6.0,4.0,3.0,6.0,6.0,3.0,,,,,2.0,1.0,Completed,1.36,3.2,1.41,3.11,1.43,3.2,1.38,3.07,,,nishikori k.,vukic a.,atp_417,atp_84
25,Madrid,Mutua Madrid Open,4/24/2025,Masters 1000,Outdoor,Clay,1st Round,3,Dzumhur D.,Bellucci M.,63,66.0,906,893.0,4.0,6.0,6.0,4.0,6.0,2.0,,,,,2.0,1.0,Completed,1.8,2.0,1.93,1.93,1.99,2.02,1.86,1.95,,,dzumhur d.,bellucci m.,atp_74,atp_73
25,Madrid,Mutua Madrid Open,4/24/2025,Masters 1000,Outdoor,Clay,1st Round,3,Etcheverry T.,Medjedovic H.,51,61.0,1010,911.0,6.0,4.0,6.0,7.0,6.0,4.0,,,,,2.0,1.0,Completed,2.38,1.57,2.25,1.71,2.4,1.72,2.26,1.65,,,etcheverry t.,medjedovic h.,,atp_81
25,Madrid,Mutua Madrid Open,4/24/2025,Masters 1000,Outdoor,Clay,1st Round,3,Diallo G.,Bergs Z.,78,50.0,791,1096.0,6.0,1.0,6.0,2.0,,,,,,,2.0,0.0,Completed,2.38,1.57,2.59,1.55,2.64,1.6,2.47,1.56,,,diallo g.,bergs z.,atp_36,atp_46
25,Madrid,Mutua Madrid Open,4/24/2025,Masters 1000,Outdoor,Clay,1st Round,3,Sonego L.,Kecmanovic M.,43,47.0,1245,1166.0,6.0,4.0,7.0,6.0,,,,,,,2.0,0.0,Completed,2.38,1.57,2.31,1.68,2.46,1.68,2.37,1.59,,,sonego l.,kecmanovic m.,atp_63,atp_58
25,Madrid,Mutua Madrid Open,4/24/2025,Masters 1000,Outdoor,Clay,1st Round,3,Darderi L.,Halys Q.,46,52.0,1229,1005.0,6.0,4.0,6.0,4.0,,,,,,,2.0,0.0,Completed,1.4,3.0,1.4,3.17,1.42,3.25,1.39,3.04,,,darderi l.,halys q.,atp_19,atp_90
25,Madrid,Mutua Madrid Open,4/24/2025,Masters 1000,Outdoor,Clay,1st Round,3,Jarry N.,Altmaier D.,57,67.0,965,892.0,6.0,3.0,6.0,2.0,,,,,,,2.0,0.0,Completed,2.2,1.67,2.28,1.69,2.34,1.73,2.22,1.67,,,jarry n.,altmaier d.,atp_154,atp_52
25,Madrid,Mutua Madrid Open,4/24/2025,Masters 1000,Outdoor,Clay,1st Round,3,Norrie C.,Landaluce M.,91,148.0,667,388.0,6.0,7.0,7.0,5.0,6.0,4.0,,,,,2.0,1.0,Completed,1.3,3.5,1.3,3.8,1.35,3.8,1.3,3.57,,,norrie c.,landaluce m.,atp_24,atp_106
25,Madrid,Mutua Madrid Open,4/24/2025,Masters 1000,Outdoor,Clay,1st Round,3,Arnaldi M.,Coric B.,44,104.0,1240,576.0,4.0,6.0,6.0,4.0,7.0,5.0,,,,,2.0,1.0,Completed,1.73,2.1,1.8,2.11,1.83,2.18,1.74,2.1,,,arnaldi m.,coric b.,atp_107,atp_221
25,Madrid,Mutua Madrid Open,4/24/2025,Masters 1000,Outdoor,Clay,1st Round,3,Struff J.L.,Van De Zandschulp B.,79,88.0,790,743.0,7.0,5.0,2.0,6.0,4.0,1.0,,,,,1.0,1.0,Retired,2.38,1.57,2.43,1.62,2.56,1.64,2.38,1.58,,,struff j.,van de zandschulp b.,,atp_62
25,Madrid,Mutua Madrid Open,4/24/2025,Masters 1000,Outdoor,Clay,1st Round,3,Fonseca J.,Moller E.,65,114.0,897,522.0,6.0,2.0,6.0,3.0,,,,,,,2.0,0.0,Completed,1.3,3.5,1.32,3.72,1.33,3.9,1.31,3.5,,,fonseca j.,moller e.,atp_40,atp_134
25,Madrid,Mutua Madrid Open,4/24/2025,Masters 1000,Outdoor,Clay,1st Round,3,Giron M.,Tien L.,45,69.0,1240,880.0,6.0,1.0,1.0,6.0,7.0,6.0,,,,,2.0,1.0,Completed,1.73,2.1,1.79,2.13,1.84,2.14,1.76,2.08,,,giron m.,tien l.,atp_66,atp_22
25,Madrid,Mutua Madrid Open,4/24/2025,Masters 1000,Outdoor,Clay,1st Round,3,Griekspoor T.,Kopriva V.,34,95.0,1575,619.0,6.0,1.0,6.0,4.0,,,,,,,2.0,0.0,Completed,1.29,3.75,1.31,3.73,1.34,3.85,1.3,3.62,,,griekspoor t.,kopriva v.,atp_30,atp_70
25,Madrid,Mutua Madrid Open,4/24/2025,Masters 1000,Outdoor,Clay,1st Round,3,Opelka R.,Hijikata R.,103,84.0,579,754.0,7.0,5.0,7.0,5.0,,,,,,,2.0,0.0,Completed,1.44,2.75,1.44,2.98,1.46,3.11,1.44,2.81,,,opelka r.,hijikata r.,atp_64,atp_102
25,Madrid,Mutua Madrid Open,4/24/2025,Masters 1000,Outdoor,Clay,1st Round,3,Fearnley J.,Bu Y.,68,72.0,883,869.0,6.0,3.0,7.0,6.0,,,,,,,2.0,0.0,Completed,1.8,2.0,1.83,2.07,1.9,2.11,1.81,2.01,,,fearnley j.,bu y.,atp_97,
25,Madrid,Mutua Madrid Open,4/25/2025,Masters 1000,Outdoor,Clay,2nd Round,3,Bonzi B.,Hurkacz H.,62,28.0,908,1755.0,6.0,4.0,7.0,5.0,,,,,,,2.0,0.0,Completed,2.75,1.44,2.88,1.48,2.88,1.54,2.73,1.46,,,bonzi b.,hurkacz h.,atp_103,atp_72
25,Madrid,Mutua Madrid Open,4/25/2025,Masters 1000,Outdoor,Clay,2nd Round,3,Cerundolo F.,Mayot H.,21,160.0,2225,354.0,6.0,3.0,6.0,4.0,,,,,,,2.0,0.0,Completed,1.1,7.0,1.12,7.22,1.12,8.8,1.1,7.05,,,cerundolo f.,mayot h.,atp_20,atp_180
25,Madrid,Mutua Madrid Open,4/25/2025,Masters 1000,Outdoor,Clay,2nd Round,3,Comesana F.,Fils A.,70,14.0,872,2920.0,7.0,6.0,6.0,4.0,,,,,,,2.0,0.0,Completed,4.5,1.2,5.22,1.19,5.5,1.23,4.76,1.19,,,comesana f.,fils a.,atp_87,atp_28
25,Madrid,Mutua Madrid Open,4/25/2025,Masters 1000,Outdoor,Clay,2nd Round,3,Ruud C.,Rinderknech A.,15,76.0,2815,809.0,6.0,3.0,6.0,4.0,,,,,,,2.0,0.0,Completed,1.11,6.5,1.14,6.57,1.15,7.4,1.12,6.45,,,ruud c.,rinderknech a.,atp_12,atp_27
25,Madrid,Mutua Madrid Open,4/25/2025,Masters 1000,Outdoor,Clay,2nd Round,3,Medvedev D.,Djere L.,10,71.0,3290,872.0,,,,,,,,,,,,,Walkover,1.67,2.2,1.64,2.41,1.7,2.42,1.66,2.26,,,medvedev d.,djere l.,atp_10,atp_204
25,Madrid,Mutua Madrid Open,4/25/2025,Masters 1000,Outdoor,Clay,2nd Round,3,Cerundolo J.M.,Auger-Aliassime F.,126,19.0,469,2375.0,7.0,6.0,6.0,4.0,,,,,,,2.0,0.0,Completed,3.75,1.29,3.78,1.32,3.9,1.32,3.69,1.29,,,cerundolo j.,augeraliassime f.,,
25,Madrid,Mutua Madrid Open,4/25/2025,Masters 1000,Outdoor,Clay,2nd Round,3,Bublik A.,Popyrin A.,75,26.0,820,1860.0,6.0,4.0,7.0,6.0,,,,,,,2.0,0.0,Completed,2.38,1.57,2.46,1.62,2.52,1.65,2.38,1.59,,,bublik a.,popyrin a.,atp_11,atp_45
25,Madrid,Mutua Madrid Open,4/25/2025,Masters 1000,Outdoor,Clay,2nd Round,3,Korda S.,Cina F.,24,373.0,2020,130.0,6.0,3.0,3.0,6.0,6.0,1.0,,,,,2.0,1.0,Completed,1.14,5.5,1.16,5.76,1.18,6.2,1.15,5.55,,,korda s.,cina f.,atp_42,atp_208
25,Madrid,Mutua Madrid Open,4/25/2025,Masters 1000,Outdoor,Clay,2nd Round,3,Mensik J.,Quinn E.,23,119.0,2032,494.0,7.0,6.0,6.0,1.0,,,,,,,2.0,0.0,Completed,1.36,3.2,1.38,3.21,1.4,3.4,1.36,3.17,,,mensik j.,quinn e.,atp_26,atp_56
25,Madrid,Mutua Madrid Open,4/25/2025,Masters 1000,Outdoor,Clay,2nd Round,3,Zverev A.,Bautista Agut R.,2,55.0,8085,979.0,6.0,2.0,6.0,2.0,,,,,,,2.0,0.0,Completed,1.05,8.0,1.1,8.32,1.13,10.5,1.09,7.92,,,zverev a.,bautista agut r.,atp_3,atp_80
25,Madrid,Mutua Madrid Open,4/25/2025,Masters 1000,Outdoor,Clay,2nd Round,3,Fritz T.,O Connell C.,4,87.0,5115,745.0,6.0,1.0,6.0,4.0,,,,,,,2.0,0.0,Completed,1.29,3.75,1.28,4.0,1.3,4.2,1.26,3.85,,,fritz t.,oconnell c.,atp_8,atp_128
25,Madrid,Mutua Madrid Open,4/25/2025,Masters 1000,Outdoor,Clay,2nd Round,3,Nakashima B.,Ofner S.,32,153.0,1605,378.0,6.0,3.0,7.0,6.0,,,,,,,2.0,0.0,Completed,1.67,2.2,1.67,2.35,1.69,2.42,1.64,2.29,,,nakashima b.,ofner s.,atp_33,atp_78
25,Madrid,Mutua Madrid Open,4/25/2025,Masters 1000,Outdoor,Clay,2nd Round,3,Shelton B.,Navone M.,13,85.0,3020,750.0,4.0,6.0,7.0,6.0,6.0,3.0,,,,,2.0,1.0,Completed,1.8,2.0,1.82,2.11,1.86,2.16,1.79,2.03,,,shelton b.,navone m.,atp_9,atp_60
25,Madrid,Mutua Madrid Open,4/25/2025,Masters 1000,Outdoor,Clay,2nd Round,3,Rublev A.,Monfils G.,8,42.0,3530,1255.0,,,,,,,,,,,,,Walkover,1.4,3.0,1.38,3.31,1.44,3.35,1.4,3.03,,,rublev a.,monfils g.,atp_16,atp_203
25,Madrid,Mutua Madrid Open,4/25/2025,Masters 1000,Outdoor,Clay,2nd Round,3,Davidovich Fokina A.,Borges N.,29,41.0,1745,1355.0,6.0,2.0,6.0,3.0,,,,,,,2.0,0.0,Completed,1.4,3.0,1.42,3.14,1.49,3.25,1.4,3.01,,,davidovich fokina a.,borges n.,atp_17,atp_48
25,Madrid,Mutua Madrid Open,4/25/2025,Masters 1000,Outdoor,Clay,2nd Round,3,Cobolli F.,Rune H.,36,9.0,1520,3480.0,6.0,2.0,0.0,0.0,,,,,,,1.0,0.0,Retired,3,1.4,3.24,1.4,3.4,1.43,3.07,1.39,,,cobolli f.,rune h.,atp_13,atp_29
25,Madrid,Mutua Madrid Open,4/26/2025,Masters 1000,Outdoor,Clay,2nd Round,3,Shapovalov D.,Nishikori K.,30,64.0,1726,898.0,6.0,1.0,6.0,4.0,,,,,,,2.0,0.0,Completed,1.73,2.1,1.81,2.12,1.86,2.28,1.74,2.12,,,shapovalov d.,nishikori k.,atp_38,atp_417
25,Madrid,Mutua Madrid Open,4/26/2025,Masters 1000,Outdoor,Clay,2nd Round,3,Musetti L.,Etcheverry T.,11,51.0,3200,1010.0,7.0,6.0,6.0,2.0,,,,,,,2.0,0.0,Completed,1.44,2.75,1.46,2.94,1.5,2.94,1.45,2.81,,,musetti l.,etcheverry t.,atp_5,
25,Madrid,Mutua Madrid Open,4/26/2025,Masters 1000,Outdoor,Clay,2nd Round,3,Dzumhur D.,Baez S.,63,33.0,906,1580.0,1.0,6.0,6.0,1.0,6.0,2.0,,,,,2.0,1.0,Completed,4,1.25,3.94,1.27,4.25,1.31,3.87,1.26,,,dzumhur d.,baez s.,atp_74,atp_50
25,Madrid,Mutua Madrid Open,4/26/2025,Masters 1000,Outdoor,Clay,2nd Round,3,Norrie C.,Lehecka J.,91,27.0,667,1795.0,2.0,6.0,6.0,4.0,6.0,0.0,,,,,2.0,1.0,Completed,3,1.4,3.16,1.41,3.25,1.43,3.06,1.39,,,norrie c.,lehecka j.,atp_24,atp_14
25,Madrid,Mutua Madrid Open,4/26/2025,Masters 1000,Outdoor,Clay,2nd Round,3,De Minaur A.,Sonego L.,7,43.0,3585,1245.0,6.0,2.0,6.0,3.0,,,,,,,2.0,0.0,Completed,1.17,5.0,1.18,5.43,1.23,5.8,1.18,4.98,,,de minaur a.,sonego l.,atp_6,atp_63
25,Madrid,Mutua Madrid Open,4/26/2025,Masters 1000,Outdoor,Clay,2nd Round,3,Diallo G.,Majchrzak K.,78,90.0,791,669.0,7.0,5.0,4.0,6.0,6.0,4.0,,,,,2.0,1.0,Completed,2,1.8,2.03,1.88,2.1,1.9,2.0,1.83,,,diallo g.,majchrzak k.,atp_36,atp_53
25,Madrid,Mutua Madrid Open,4/26/2025,Masters 1000,Outdoor,Clay,2nd Round,3,Tsitsipas S.,Struff J.L.,18,79.0,2415,790.0,3.0,6.0,6.0,4.0,6.0,3.0,,,,,2.0,1.0,Completed,1.25,4.0,1.27,4.05,1.34,4.4,1.26,3.89,,,tsitsipas s.,struff j.,atp_49,
25,Madrid,Mutua Madrid Open,4/26/2025,Masters 1000,Outdoor,Clay,2nd Round,3,Arnaldi M.,Djokovic N.,44,5.0,1240,4120.0,6.0,3.0,6.0,4.0,,,,,,,2.0,0.0,Completed,3.5,1.3,3.93,1.28,3.97,1.34,3.58,1.3,,,arnaldi m.,djokovic n.,atp_107,atp_4
25,Madrid,Mutua Madrid Open,4/26/2025,Masters 1000,Outdoor,Clay,2nd Round,3,Fearnley J.,Machac T.,68,20.0,883,2235.0,1.0,6.0,6.0,3.0,6.0,2.0,,,,,2.0,1.0,Completed,2.75,1.44,3.2,1.39,3.2,1.46,2.84,1.43,,,fearnley j.,machac t.,atp_97,atp_55
25,Madrid,Mutua Madrid Open,4/26/2025,Masters 1000,Outdoor,Clay,2nd Round,3,Dimitrov G.,Jarry N.,16,57.0,2595,965.0,6.0,3.0,6.0,4.0,,,,,,,2.0,0.0,Completed,1.57,2.38,1.6,2.5,1.65,2.5,1.59,2.39,,,dimitrov g.,jarry n.,atp_93,atp_154
25,Madrid,Mutua Madrid Open,4/26/2025,Masters 1000,Outdoor,Clay,2nd Round,3,Muller A.,Humbert U.,39,22.0,1366,2185.0,6.0,2.0,6.0,7.0,7.0,6.0,,,,,2.0,1.0,Completed,2,1.8,1.99,1.92,2.02,1.96,1.98,1.84,,,muller a.,humbert u.,atp_94,atp_34
25,Madrid,Mutua Madrid Open,4/26/2025,Masters 1000,Outdoor,Clay,2nd Round,3,Berrettini M.,Giron M.,31,45.0,1620,1240.0,6.0,7.0,7.0,6.0,6.0,1.0,,,,,2.0,1.0,Completed,1.2,4.5,1.2,5.38,1.24,5.5,1.2,4.64,,,berrettini m.,giron m.,atp_91,atp_66
25,Madrid,Mutua Madrid Open,4/26/2025,Masters 1000,Outdoor,Clay,2nd Round,3,Draper J.,Griekspoor T.,6,34.0,3820,1575.0,6.0,3.0,6.0,4.0,,,,,,,2.0,0.0,Completed,1.62,2.3,1.58,2.55,1.67,2.55,1.61,2.33,,,draper j.,griekspoor t.,atp_25,atp_30
25,Madrid,Mutua Madrid Open,4/26/2025,Masters 1000,Outdoor,Clay,2nd Round,3,Tiafoe F.,Darderi L.,17,46.0,2550,1229.0,7.0,5.0,3.0,1.0,,,,,,,1.0,0.0,Retired,2.2,1.67,2.29,1.7,2.36,1.72,2.2,1.68,,,tiafoe f.,darderi l.,atp_18,atp_19
25,Madrid,Mutua Madrid Open,4/26/2025,Masters 1000,Outdoor,Clay,2nd Round,3,Khachanov K.,Opelka R.,25,103.0,1960,579.0,7.0,6.0,7.0,6.0,,,,,,,2.0,0.0,Completed,1.3,3.5,1.33,3.53,1.36,3.7,1.32,3.37,,,khachanov k.,opelka r.,atp_15,atp_64
25,Madrid,Mutua Madrid Open,4/26/2025,Masters 1000,Outdoor,Clay,2nd Round,3,Paul T.,Fonseca J.,12,65.0,3160,897.0,7.0,6.0,7.0,6.0,,,,,,,2.0,0.0,Completed,2.5,1.53,2.61,1.56,2.66,1.59,2.51,1.54,,,paul t.,fonseca j.,atp_21,atp_40
25,Madrid,Mutua Madrid Open,4/27/2025,Masters 1000,Outdoor,Clay,3rd Round,3,Nakashima B.,Cobolli F.,32,36.0,1605,1520.0,7.0,5.0,6.0,3.0,,,,,,,2.0,0.0,Completed,2.38,1.57,2.57,1.57,2.58,1.62,2.44,1.57,,,nakashima b.,cobolli f.,atp_33,atp_13
25,Madrid,Mutua Madrid Open,4/27/2025,Masters 1000,Outdoor,Clay,3rd Round,3,Bublik A.,Rublev A.,75,8.0,820,3530.0,6.0,4.0,0.0,6.0,6.0,4.0,,,,,2.0,1.0,Completed,3.5,1.3,4.38,1.27,4.38,1.34,3.72,1.29,,,bublik a.,rublev a.,atp_11,atp_16
25,Madrid,Mutua Madrid Open,4/27/2025,Masters 1000,Outdoor,Clay,3rd Round,3,Zverev A.,Davidovich Fokina A.,2,29.0,8085,1745.0,2.0,6.0,7.0,6.0,7.0,6.0,,,,,2.0,1.0,Completed,1.33,3.4,1.33,3.7,1.37,3.75,1.33,3.35,,,zverev a.,davidovich fokina a.,atp_3,atp_17
25,Madrid,Mutua Madrid Open,4/27/2025,Masters 1000,Outdoor,Clay,3rd Round,3,Medvedev D.,Cerundolo J.M.,10,126.0,3290,469.0,6.0,2.0,6.0,2.0,,,,,,,2.0,0.0,Completed,1.33,3.4,1.32,3.63,1.4,3.8,1.33,3.35,,,medvedev d.,cerundolo j.,atp_10,
25,Madrid,Mutua Madrid Open,4/27/2025,Masters 1000,Outdoor,Clay,3rd Round,3,Fritz T.,Bonzi B.,4,62.0,5115,908.0,4.0,6.0,7.0,5.0,0.0,0.0,,,,,1.0,1.0,Retired,1.14,5.5,1.13,6.73,1.18,6.73,1.15,5.63,,,fritz t.,bonzi b.,atp_8,atp_103
25,Madrid,Mutua Madrid Open,4/27/2025,Masters 1000,Outdoor,Clay,3rd Round,3,Mensik J.,Shelton B.,23,13.0,2032,3020.0,6.0,1.0,6.0,4.0,,,,,,,2.0,0.0,Completed,1.67,2.2,1.73,2.24,1.74,2.32,1.67,2.21,,,mensik j.,shelton b.,atp_26,atp_9
25,Madrid,Mutua Madrid Open,4/27/2025,Masters 1000,Outdoor,Clay,3rd Round,3,Cerundolo F.,Comesana F.,21,70.0,2225,872.0,6.0,4.0,6.0,4.0,,,,,,,2.0,0.0,Completed,1.25,4.0,1.25,4.27,1.3,4.4,1.27,3.87,,,cerundolo f.,comesana f.,atp_20,atp_87
25,Madrid,Mutua Madrid Open,4/27/2025,Masters 1000,Outdoor,Clay,3rd Round,3,Ruud C.,Korda S.,15,24.0,2815,2020.0,6.0,3.0,6.0,3.0,,,,,,,2.0,0.0,Completed,1.4,3.0,1.38,3.31,1.42,3.31,1.4,3.0,,,ruud c.,korda s.,atp_12,atp_42
25,Madrid,Mutua Madrid Open,4/28/2025,Masters 1000,Outdoor,Clay,3rd Round,3,Arnaldi M.,Dzumhur D.,44,63.0,1240,906.0,6.0,3.0,6.0,4.0,,,,,,,2.0,0.0,Completed,1.4,3.0,1.41,3.15,1.42,3.3,1.39,3.04,,,arnaldi m.,dzumhur d.,atp_107,atp_74
25,Madrid,Mutua Madrid Open,4/29/2025,Masters 1000,Outdoor,Clay,3rd Round,3,De Minaur A.,Shapovalov D.,7,30.0,3585,1726.0,6.0,3.0,7.0,6.0,,,,,,,2.0,0.0,Completed,1.22,4.33,1.24,4.37,1.28,4.4,1.23,4.24,,,de minaur a.,shapovalov d.,atp_6,atp_38
25,Madrid,Mutua Madrid Open,4/29/2025,Masters 1000,Outdoor,Clay,3rd Round,3,Paul T.,Khachanov K.,12,25.0,3160,1960.0,6.0,3.0,3.0,6.0,6.0,2.0,,,,,2.0,1.0,Completed,1.67,2.2,1.78,2.17,1.81,2.3,1.69,2.18,,,paul t.,khachanov k.,atp_21,atp_15
25,Madrid,Mutua Madrid Open,4/29/2025,Masters 1000,Outdoor,Clay,3rd Round,3,Tiafoe F.,Muller A.,17,39.0,2550,1366.0,6.0,3.0,6.0,3.0,,,,,,,2.0,0.0,Completed,1.62,2.3,1.71,2.28,1.76,2.35,1.65,2.26,,,tiafoe f.,muller a.,atp_18,atp_94
25,Madrid,Mutua Madrid Open,4/29/2025,Masters 1000,Outdoor,Clay,3rd Round,3,Diallo G.,Norrie C.,78,91.0,791,667.0,2.0,6.0,6.0,4.0,6.0,4.0,,,,,2.0,1.0,Completed,2,1.8,2.07,1.85,2.07,1.92,2.0,1.83,,,diallo g.,norrie c.,atp_36,atp_24
25,Madrid,Mutua Madrid Open,4/29/2025,Masters 1000,Outdoor,Clay,3rd Round,3,Dimitrov G.,Fearnley J.,16,68.0,2595,883.0,6.0,4.0,7.0,6.0,,,,,,,2.0,0.0,Completed,1.33,3.4,1.34,3.61,1.35,3.61,1.32,3.4,,,dimitrov g.,fearnley j.,atp_93,atp_97
25,Madrid,Mutua Madrid Open,4/29/2025,Masters 1000,Outdoor,Clay,3rd Round,3,Draper J.,Berrettini M.,6,31.0,3820,1620.0,7.0,6.0,,,,,,,,,1.0,0.0,Retired,1.57,2.38,1.6,2.51,1.6,2.62,1.56,2.44,,,draper j.,berrettini m.,atp_25,atp_91
25,Madrid,Mutua Madrid Open,4/29/2025,Masters 1000,Outdoor,Clay,3rd Round,3,Musetti L.,Tsitsipas S.,11,18.0,3200,2415.0,7.0,5.0,7.0,6.0,,,,,,,2.0,0.0,Completed,2,1.8,2.06,1.85,2.1,1.89,2.01,1.82,,,musetti l.,tsitsipas s.,atp_5,atp_49
25,Madrid,Mutua Madrid Open,4/29/2025,Masters 1000,Outdoor,Clay,4th Round,3,Mensik J.,Bublik A.,23,75.0,2032,820.0,6.0,3.0,6.0,2.0,,,,,,,2.0,0.0,Completed,1.33,3.4,1.34,3.57,1.37,3.85,1.33,3.36,,,mensik j.,bublik a.,atp_26,atp_11
25,Madrid,Mutua Madrid Open,4/29/2025,Masters 1000,Outdoor,Clay,4th Round,3,Cerundolo F.,Zverev A.,21,2.0,2225,8085.0,7.0,5.0,6.0,3.0,,,,,,,2.0,0.0,Completed,2.75,1.44,2.67,1.54,2.88,1.57,2.64,1.5,,,cerundolo f.,zverev a.,atp_20,atp_3
25,Madrid,Mutua Madrid Open,4/29/2025,Masters 1000,Outdoor,Clay,4th Round,3,Medvedev D.,Nakashima B.,10,32.0,3290,1605.0,3.0,6.0,6.0,1.0,6.0,4.0,,,,,2.0,1.0,Completed,1.36,3.2,1.43,3.1,1.44,3.44,1.36,3.16,,,medvedev d.,nakashima b.,atp_10,atp_33
25,Madrid,Mutua Madrid Open,4/29/2025,Masters 1000,Outdoor,Clay,4th Round,3,Ruud C.,Fritz T.,15,4.0,2815,5115.0,7.0,5.0,6.0,4.0,,,,,,,2.0,0.0,Completed,1.73,2.1,1.7,2.29,1.74,2.34,1.7,2.18,,,ruud c.,fritz t.,atp_12,atp_8
25,Madrid,Mutua Madrid Open,4/30/2025,Masters 1000,Outdoor,Clay,4th Round,3,Arnaldi M.,Tiafoe F.,44,17.0,1240,2550.0,6.0,3.0,7.0,5.0,,,,,,,2.0,0.0,Completed,1.73,2.1,1.79,2.15,1.85,2.22,1.75,2.1,,,arnaldi m.,tiafoe f.,atp_107,atp_18
25,Madrid,Mutua Madrid Open,4/30/2025,Masters 1000,Outdoor,Clay,4th Round,3,Draper J.,Paul T.,6,12.0,3820,3160.0,6.0,2.0,6.0,2.0,,,,,,,2.0,0.0,Completed,1.53,2.5,1.61,2.49,1.61,2.68,1.54,2.49,,,draper j.,paul t.,atp_25,atp_21
25,Madrid,Mutua Madrid Open,4/30/2025,Masters 1000,Outdoor,Clay,4th Round,3,Diallo G.,Dimitrov G.,78,16.0,791,2595.0,5.0,7.0,7.0,6.0,6.0,4.0,,,,,2.0,1.0,Completed,3.2,1.36,3.32,1.38,3.4,1.41,3.19,1.36,,,diallo g.,dimitrov g.,atp_36,atp_93
25,Madrid,Mutua Madrid Open,4/30/2025,Masters 1000,Outdoor,Clay,4th Round,3,Musetti L.,De Minaur A.,11,7.0,3200,3585.0,6.0,4.0,6.0,2.0,,,,,,,2.0,0.0,Completed,2.2,1.67,2.28,1.71,2.4,1.74,2.22,1.67,,,musetti l.,de minaur a.,atp_5,atp_6
25,Madrid,Mutua Madrid Open,5/1/2025,Masters 1000,Outdoor,Clay,Quarterfinals,3,Ruud C.,Medvedev D.,15,10.0,2815,3290.0,6.0,3.0,7.0,5.0,,,,,,,2.0,0.0,Completed,1.5,2.63,1.5,2.8,1.59,2.84,1.51,2.58,,,ruud c.,medvedev d.,atp_12,atp_10
25,Madrid,Mutua Madrid Open,5/1/2025,Masters 1000,Outdoor,Clay,Quarterfinals,3,Cerundolo F.,Mensik J.,21,23.0,2225,2032.0,3.0,6.0,7.0,6.0,6.0,2.0,,,,,2.0,1.0,Completed,1.67,2.2,1.68,2.33,1.74,2.4,1.68,2.2,,,cerundolo f.,mensik j.,atp_20,atp_26
25,Madrid,Mutua Madrid Open,5/1/2025,Masters 1000,Outdoor,Clay,Quarterfinals,3,Draper J.,Arnaldi M.,6,44.0,3820,1240.0,6.0,0.0,6.0,4.0,,,,,,,2.0,0.0,Completed,1.29,3.75,1.31,3.81,1.31,4.2,1.28,3.71,,,draper j.,arnaldi m.,atp_25,atp_107
25,Madrid,Mutua Madrid Open,5/1/2025,Masters 1000,Outdoor,Clay,Quarterfinals,3,Musetti L.,Diallo G.,11,78.0,3200,791.0,6.0,4.0,6.0,3.0,,,,,,,2.0,0.0,Completed,1.2,4.5,1.22,4.91,1.23,5.5,1.21,4.59,,,musetti l.,diallo g.,atp_5,atp_36
25,Madrid,Mutua Madrid Open,5/2/2025,Masters 1000,Outdoor,Clay,Semifinals,3,Ruud C.,Cerundolo F.,15,21.0,2815,2225.0,6.0,4.0,7.0,5.0,,,,,,,2.0,0.0,Completed,1.8,2.0,1.93,1.97,1.98,2.17,1.85,1.99,,,ruud c.,cerundolo f.,atp_12,atp_20
25,Madrid,Mutua Madrid Open,5/2/2025,Masters 1000,Outdoor,Clay,Semifinals,3,Draper J.,Musetti L.,6,11.0,3820,3200.0,6.0,3.0,7.0,6.0,,,,,,,2.0,0.0,Completed,1.53,2.5,1.58,2.54,1.59,2.7,1.54,2.49,,,draper j.,musetti l.,atp_25,atp_5
25,Madrid,Mutua Madrid Open,5/3/2025,Masters 1000,Outdoor,Clay,The Final,3,Ruud C.,Draper J.,15,6.0,2815,3820.0,7.0,5.0,3.0,6.0,6.0,4.0,,,,,2.0,1.0,Completed,3,1.4,2.92,1.47,3.05,1.47,2.9,1.42,,,ruud c.,draper j.,atp_12,atp_25
26,Rome,Internazionali BNL d'Italia,5/7/2025,Masters 1000,Outdoor,Clay,1st Round,3,Comesana F.,Altmaier D.,63,71.0,906,872.0,6.0,1.0,7.0,5.0,,,,,,,2.0,0.0,Completed,1.67,2.2,1.77,2.15,1.82,2.22,1.71,2.15,,,comesana f.,altmaier d.,atp_87,atp_52
26,Rome,Internazionali BNL d'Italia,5/7/2025,Masters 1000,Outdoor,Clay,1st Round,3,Moutet C.,Hijikata R.,83,82.0,752,761.0,3.0,6.0,6.0,1.0,7.0,5.0,,,,,2.0,1.0,Completed,1.29,3.75,1.28,3.93,1.3,4.2,1.28,3.77,,,moutet c.,hijikata r.,atp_32,atp_102
26,Rome,Internazionali BNL d'Italia,5/7/2025,Masters 1000,Outdoor,Clay,1st Round,3,Muller A.,Lehecka J.,39,38.0,1403,1405.0,2.0,6.0,6.0,3.0,7.0,6.0,,,,,2.0,1.0,Completed,2.63,1.5,2.52,1.58,2.7,1.58,2.57,1.52,,,muller a.,lehecka j.,atp_94,atp_14
26,Rome,Internazionali BNL d'Italia,5/7/2025,Masters 1000,Outdoor,Clay,1st Round,3,Thompson J.,Mpetshi G.,41,36.0,1355,1464.0,3.0,6.0,6.0,3.0,7.0,6.0,,,,,2.0,1.0,Completed,1.62,2.3,1.75,2.19,1.79,2.47,1.65,2.25,,,thompson j.,mpetshi perricard g.,atp_131,atp_57
26,Rome,Internazionali BNL d'Italia,5/7/2025,Masters 1000,Outdoor,Clay,1st Round,3,Ugo Carabelli C.,Carreno Busta P.,60,98.0,944,601.0,6.0,2.0,1.0,6.0,6.0,3.0,,,,,2.0,1.0,Completed,2,1.8,1.93,1.96,2.04,1.96,1.98,1.84,,,ugo carabelli c.,carreno busta p.,atp_67,atp_88
26,Rome,Internazionali BNL d'Italia,5/7/2025,Masters 1000,Outdoor,Clay,1st Round,3,Taberner C.,Kovacevic A.,139,80.0,417,785.0,6.0,3.0,1.0,6.0,7.0,5.0,,,,,2.0,1.0,Completed,1.57,2.38,1.61,2.45,1.65,2.64,1.58,2.41,,,taberner c.,kovacevic a.,atp_121,atp_85
26,Rome,Internazionali BNL d'Italia,5/7/2025,Masters 1000,Outdoor,Clay,1st Round,3,Griekspoor T.,Kecmanovic M.,35,47.0,1505,1186.0,4.0,6.0,6.0,3.0,6.0,0.0,,,,,2.0,1.0,Completed,1.57,2.38,1.63,2.4,1.68,2.46,1.6,2.34,,,griekspoor t.,kecmanovic m.,atp_30,atp_58
26,Rome,Internazionali BNL d'Italia,5/7/2025,Masters 1000,Outdoor,Clay,1st Round,3,Burruchaga R.,Sonego L.,135,44.0,439,1245.0,6.0,2.0,6.0,3.0,,,,,,,2.0,0.0,Completed,2.5,1.53,2.45,1.61,2.5,1.66,2.44,1.56,,,burruchaga r.,sonego l.,,atp_63
26,Rome,Internazionali BNL d'Italia,5/7/2025,Masters 1000,Outdoor,Clay,1st Round,3,Kopriva V.,Halys Q.,92,52.0,655,1015.0,6.0,4.0,6.0,3.0,,,,,,,2.0,0.0,Completed,1.5,2.63,1.54,2.63,1.54,2.8,1.5,2.62,,,kopriva v.,halys q.,atp_70,atp_90
26,Rome,Internazionali BNL d'Italia,5/7/2025,Masters 1000,Outdoor,Clay,1st Round,3,Lajovic D.,Nishioka Y.,131,74.0,446,833.0,7.0,5.0,6.0,1.0,,,,,,,2.0,0.0,Completed,1.25,4.0,1.24,4.44,1.28,4.44,1.24,4.1,,,lajovic d.,nishioka y.,atp_132,atp_173
26,Rome,Internazionali BNL d'Italia,5/7/2025,Masters 1000,Outdoor,Clay,1st Round,3,Norrie C.,O Connell C.,91,81.0,667,765.0,6.0,3.0,6.0,2.0,,,,,,,2.0,0.0,Completed,1.53,2.5,1.68,2.31,1.68,2.54,1.58,2.39,,,norrie c.,oconnell c.,atp_24,atp_128
26,Rome,Internazionali BNL d'Italia,5/7/2025,Masters 1000,Outdoor,Clay,1st Round,3,Passaro F.,Tseng C.H.,101,102.0,593,593.0,6.0,0.0,2.0,6.0,6.0,3.0,,,,,2.0,1.0,Completed,2.5,1.53,2.57,1.56,2.68,1.58,2.53,1.53,,,passaro f.,tseng c.,atp_146,
26,Rome,Internazionali BNL d'Italia,5/7/2025,Masters 1000,Outdoor,Clay,1st Round,3,Virtanen O.,Medjedovic H.,130,72.0,455,871.0,6.0,4.0,6.0,4.0,,,,,,,2.0,0.0,Completed,4.33,1.22,4.15,1.27,4.5,1.27,4.13,1.23,,,virtanen o.,medjedovic h.,atp_123,atp_81
26,Rome,Internazionali BNL d'Italia,5/7/2025,Masters 1000,Outdoor,Clay,1st Round,3,Djere L.,Etcheverry T.,64,51.0,902,1015.0,6.0,3.0,6.0,2.0,,,,,,,2.0,0.0,Completed,1.8,2.0,1.91,1.98,1.95,2.12,1.84,1.98,,,djere l.,etcheverry t.,atp_204,
26,Rome,Internazionali BNL d'Italia,5/7/2025,Masters 1000,Outdoor,Clay,1st Round,3,Gaubas V.,Dzumhur D.,154,69.0,371,881.0,7.0,6.0,2.0,6.0,6.0,4.0,,,,,2.0,1.0,Completed,1.91,1.91,1.93,1.96,1.96,2.02,1.87,1.94,,,gaubas v.,dzumhur d.,atp_108,atp_74
26,Rome,Internazionali BNL d'Italia,5/7/2025,Masters 1000,Outdoor,Clay,1st Round,3,Darderi L.,Bu Y.,46,73.0,1204,857.0,7.0,6.0,6.0,3.0,,,,,,,2.0,0.0,Completed,1.33,3.4,1.38,3.26,1.48,3.4,1.36,3.18,,,darderi l.,bu y.,atp_19,
26,Rome,Internazionali BNL d'Italia,5/8/2025,Masters 1000,Outdoor,Clay,1st Round,3,De Jong J.,Shevchenko A.,93,97.0,640,605.0,6.0,2.0,6.0,4.0,,,,,,,2.0,0.0,Completed,1.57,2.38,1.62,2.43,1.62,2.63,1.57,2.39,,,de jong j.,shevchenko a.,atp_99,atp_76
26,Rome,Internazionali BNL d'Italia,5/8/2025,Masters 1000,Outdoor,Clay,1st Round,3,Bautista Agut R.,Arnaldi M.,56,37.0,969,1410.0,6.0,4.0,6.0,3.0,,,,,,,2.0,0.0,Completed,4,1.25,4.56,1.24,4.56,1.31,3.94,1.25,,,bautista agut r.,arnaldi m.,atp_80,atp_107
26,Rome,Internazionali BNL d'Italia,5/8/2025,Masters 1000,Outdoor,Clay,1st Round,3,Jarry N.,Gaston H.,53,78.0,1010,793.0,7.0,6.0,6.0,4.0,,,,,,,2.0,0.0,Completed,1.57,2.38,1.55,2.62,1.61,2.62,1.56,2.44,,,jarry n.,gaston h.,atp_154,atp_116
26,Rome,Internazionali BNL d'Italia,5/8/2025,Masters 1000,Outdoor,Clay,1st Round,3,Vukic A.,Moreno De Alboran N.,79,149.0,792,386.0,7.0,6.0,6.0,2.0,,,,,,,2.0,0.0,Completed,2.2,1.67,2.26,1.71,2.26,1.94,2.15,1.71,,,vukic a.,moreno de alboran n.,atp_84,atp_544
26,Rome,Internazionali BNL d'Italia,5/8/2025,Masters 1000,Outdoor,Clay,1st Round,3,Navone M.,Cina F.,99,323.0,600,160.0,6.0,3.0,6.0,3.0,,,,,,,2.0,0.0,Completed,1.2,4.5,1.19,5.32,1.23,5.32,1.2,4.68,,,navone m.,cina f.,atp_60,atp_208
26,Rome,Internazionali BNL d'Italia,5/8/2025,Masters 1000,Outdoor,Clay,1st Round,3,Marozsan F.,Fonseca J.,61,65.0,935,897.0,6.0,3.0,7.0,6.0,,,,,,,2.0,0.0,Completed,3,1.4,3.13,1.41,3.15,1.43,3.03,1.39,,,marozsan f.,fonseca j.,atp_47,atp_40
26,Rome,Internazionali BNL d'Italia,5/8/2025,Masters 1000,Outdoor,Clay,1st Round,3,Seyboth Wild T.,Borges N.,120,40.0,493,1360.0,6.0,1.0,4.0,6.0,6.0,4.0,,,,,2.0,1.0,Completed,2.1,1.73,2.11,1.8,2.3,1.8,2.1,1.75,,,seyboth wild t.,borges n.,atp_245,atp_48
26,Rome,Internazionali BNL d'Italia,5/8/2025,Masters 1000,Outdoor,Clay,1st Round,3,Munar J.,Barrios M.,66,118.0,892,506.0,4.0,6.0,6.0,2.0,7.0,5.0,,,,,2.0,1.0,Completed,1.57,2.38,1.6,2.48,1.6,2.48,1.57,2.4,,,munar j.,barrios m.,atp_37,
26,Rome,Internazionali BNL d'Italia,5/8/2025,Masters 1000,Outdoor,Clay,1st Round,3,Nardi L.,Cobolli F.,95,34.0,632,1520.0,6.0,3.0,6.0,4.0,,,,,,,2.0,0.0,Completed,3.2,1.36,3.27,1.38,3.33,1.51,3.1,1.38,,,nardi l.,cobolli f.,atp_140,atp_13
26,Rome,Internazionali BNL d'Italia,5/8/2025,Masters 1000,Outdoor,Clay,1st Round,3,Gigante M.,Rinderknech A.,164,75.0,341,826.0,7.0,6.0,7.0,6.0,,,,,,,2.0,0.0,Completed,1.73,2.1,1.77,2.15,1.77,2.36,1.72,2.13,,,gigante m.,rinderknech a.,atp_192,atp_27
26,Rome,Internazionali BNL d'Italia,5/8/2025,Masters 1000,Outdoor,Clay,1st Round,3,Giron M.,Diallo G.,45,54.0,1245,995.0,3.0,6.0,6.0,3.0,6.0,4.0,,,,,2.0,1.0,Completed,2.5,1.53,2.56,1.57,2.63,1.8,2.49,1.56,,,giron m.,diallo g.,atp_66,atp_36
26,Rome,Internazionali BNL d'Italia,5/8/2025,Masters 1000,Outdoor,Clay,1st Round,3,Bublik A.,Safiullin R.,76,77.0,820,816.0,6.0,3.0,7.0,6.0,,,,,,,2.0,0.0,Completed,1.91,1.91,1.98,1.91,1.98,2.08,1.89,1.94,,,bublik a.,safiullin r.,atp_11,atp_229
26,Rome,Internazionali BNL d'Italia,5/8/2025,Masters 1000,Outdoor,Clay,1st Round,3,Ofner S.,Carballes Baena R.,143,59.0,398,946.0,6.0,3.0,0.0,0.0,,,,,,,1.0,0.0,Retired,1.67,2.2,1.7,2.24,1.83,2.64,1.68,2.21,,,ofner s.,carballes baena r.,atp_78,atp_159
26,Rome,Internazionali BNL d'Italia,5/8/2025,Masters 1000,Outdoor,Clay,1st Round,3,Martinez P.,Bellucci M.,49,68.0,1115,891.0,6.0,4.0,6.0,2.0,,,,,,,2.0,0.0,Completed,1.62,2.3,1.71,2.24,1.73,2.32,1.64,2.26,,,martinez p.,bellucci m.,atp_113,atp_73
26,Rome,Internazionali BNL d'Italia,5/8/2025,Masters 1000,Outdoor,Clay,1st Round,3,Fearnley J.,Fognini F.,57,107.0,953,566.0,6.0,2.0,6.0,3.0,,,,,,,2.0,0.0,Completed,1.44,2.75,1.43,3.05,1.46,3.35,1.43,2.88,,,fearnley j.,fognini f.,atp_97,
26,Rome,Internazionali BNL d'Italia,5/8/2025,Masters 1000,Outdoor,Clay,1st Round,3,Tien L.,Opelka R.,70,94.0,878,634.0,6.0,4.0,7.0,6.0,,,,,,,2.0,0.0,Completed,1.91,1.91,1.92,1.97,2.04,2.01,1.91,1.91,,,tien l.,opelka r.,atp_22,atp_64
26,Rome,Internazionali BNL d'Italia,5/9/2025,Masters 1000,Outdoor,Clay,2nd Round,3,Nakashima B.,Thompson J.,29,41.0,1675,1355.0,,,,,,,,,,,,,Walkover,1.4,3.0,1.39,3.28,1.42,3.28,1.39,3.05,,,nakashima b.,thompson j.,atp_33,atp_131
26,Rome,Internazionali BNL d'Italia,5/9/2025,Masters 1000,Outdoor,Clay,2nd Round,3,Passaro F.,Dimitrov G.,101,15.0,593,2685.0,7.0,5.0,6.0,3.0,,,,,,,2.0,0.0,Completed,4,1.25,4.12,1.28,4.4,1.34,3.92,1.25,,,passaro f.,dimitrov g.,atp_146,atp_93
26,Rome,Internazionali BNL d'Italia,5/9/2025,Masters 1000,Outdoor,Clay,2nd Round,3,Khachanov K.,Burruchaga R.,24,135.0,1910,439.0,6.0,4.0,5.0,7.0,6.0,1.0,,,,,2.0,1.0,Completed,1.3,3.5,1.3,3.88,1.31,3.88,1.29,3.58,,,khachanov k.,burruchaga r.,atp_15,
26,Rome,Internazionali BNL d'Italia,5/9/2025,Masters 1000,Outdoor,Clay,2nd Round,3,Fils A.,Griekspoor T.,14,35.0,2920,1505.0,6.0,2.0,6.0,2.0,,,,,,,2.0,0.0,Completed,1.5,2.63,1.53,2.71,1.53,2.83,1.49,2.63,,,fils a.,griekspoor t.,atp_28,atp_30
26,Rome,Internazionali BNL d'Italia,5/9/2025,Masters 1000,Outdoor,Clay,2nd Round,3,Popyrin A.,Taberner C.,25,139.0,1860,417.0,6.0,1.0,7.0,6.0,,,,,,,2.0,0.0,Completed,1.44,2.75,1.51,2.65,1.58,2.8,1.48,2.68,,,popyrin a.,taberner c.,atp_45,atp_121
26,Rome,Internazionali BNL d'Italia,5/9/2025,Masters 1000,Outdoor,Clay,2nd Round,3,Alcaraz C.,Lajovic D.,3,131.0,7850,446.0,6.0,3.0,6.0,3.0,,,,,,,2.0,0.0,Completed,1.05,11.0,1.05,14.83,1.06,16.0,1.05,11.32,,,alcaraz c.,lajovic d.,atp_1,atp_132
26,Rome,Internazionali BNL d'Italia,5/9/2025,Masters 1000,Outdoor,Clay,2nd Round,3,Tsitsipas S.,Muller A.,19,39.0,2420,1403.0,6.0,2.0,7.0,6.0,,,,,,,2.0,0.0,Completed,1.25,4.0,1.29,3.82,1.32,4.3,1.27,3.83,,,tsitsipas s.,muller a.,atp_49,atp_94
26,Rome,Internazionali BNL d'Italia,5/9/2025,Masters 1000,Outdoor,Clay,2nd Round,3,Djere L.,Michelsen A.,64,32.0,902,1570.0,6.0,0.0,6.0,3.0,,,,,,,2.0,0.0,Completed,1.44,2.75,1.43,3.05,1.54,3.1,1.44,2.83,,,djere l.,michelsen a.,atp_204,atp_35
26,Rome,Internazionali BNL d'Italia,5/9/2025,Masters 1000,Outdoor,Clay,2nd Round,3,Musetti L.,Virtanen O.,9,130.0,3550,455.0,6.0,3.0,6.0,2.0,,,,,,,2.0,0.0,Completed,1.07,9.0,1.08,9.61,1.09,11.5,1.07,8.76,,,musetti l.,virtanen o.,atp_5,atp_123
26,Rome,Internazionali BNL d'Italia,5/9/2025,Masters 1000,Outdoor,Clay,2nd Round,3,Medvedev D.,Norrie C.,11,91.0,3290,667.0,6.0,4.0,6.0,2.0,,,,,,,2.0,0.0,Completed,1.3,3.5,1.33,3.68,1.35,3.75,1.3,3.55,,,medvedev d.,norrie c.,atp_10,atp_24
26,Rome,Internazionali BNL d'Italia,5/9/2025,Masters 1000,Outdoor,Clay,2nd Round,3,Humbert U.,Moutet C.,22,83.0,2145,752.0,3.0,6.0,0.0,4.0,,,,,,,0.0,1.0,Retired,1.62,2.3,1.68,2.32,1.74,2.35,1.63,2.29,,,humbert u.,moutet c.,atp_34,atp_32
26,Rome,Internazionali BNL d'Italia,5/9/2025,Masters 1000,Outdoor,Clay,2nd Round,3,Kopriva V.,Baez S.,92,33.0,655,1540.0,3.0,6.0,6.0,4.0,6.0,4.0,,,,,2.0,1.0,Completed,2.75,1.44,2.77,1.51,2.9,1.52,2.77,1.45,,,kopriva v.,baez s.,atp_70,atp_50
26,Rome,Internazionali BNL d'Italia,5/9/2025,Masters 1000,Outdoor,Clay,2nd Round,3,Gaubas V.,Shapovalov D.,154,28.0,371,1726.0,6.0,3.0,6.0,4.0,,,,,,,2.0,0.0,Completed,2.75,1.44,2.8,1.5,2.84,1.53,2.72,1.47,,,gaubas v.,shapovalov d.,atp_108,atp_38
26,Rome,Internazionali BNL d'Italia,5/9/2025,Masters 1000,Outdoor,Clay,2nd Round,3,Rune H.,Comesana F.,10,63.0,3440,906.0,3.0,6.0,6.0,3.0,6.0,4.0,,,,,2.0,1.0,Completed,1.36,3.2,1.35,3.53,1.4,3.7,1.35,3.29,,,rune h.,comesana f.,atp_29,atp_87
26,Rome,Internazionali BNL d'Italia,5/9/2025,Masters 1000,Outdoor,Clay,2nd Round,3,Draper J.,Darderi L.,5,46.0,4440,1204.0,6.0,1.0,6.0,4.0,,,,,,,2.0,0.0,Completed,1.29,3.75,1.25,4.52,1.29,4.52,1.25,4.0,,,draper j.,darderi l.,atp_25,atp_19
26,Rome,Internazionali BNL d'Italia,5/9/2025,Masters 1000,Outdoor,Clay,2nd Round,3,Zverev A.,Ugo Carabelli C.,2,60.0,8085,944.0,6.0,2.0,6.0,1.0,,,,,,,2.0,0.0,Completed,1.08,8.0,1.09,8.66,1.11,9.6,1.09,8.03,,,zverev a.,ugo carabelli c.,atp_3,atp_67
26,Rome,Internazionali BNL d'Italia,5/10/2025,Masters 1000,Outdoor,Clay,2nd Round,3,Paul T.,Bautista Agut R.,12,56.0,3210,969.0,6.0,1.0,6.0,4.0,,,,,,,2.0,0.0,Completed,1.22,4.33,1.24,4.57,1.27,4.6,1.23,4.29,,,paul t.,bautista agut r.,atp_21,atp_80
26,Rome,Internazionali BNL d'Italia,5/10/2025,Masters 1000,Outdoor,Clay,2nd Round,3,Berrettini M.,Fearnley J.,30,57.0,1670,953.0,6.0,4.0,7.0,6.0,,,,,,,2.0,0.0,Completed,1.3,3.5,1.34,3.57,1.36,3.7,1.32,3.45,,,berrettini m.,fearnley j.,atp_91,atp_97
26,Rome,Internazionali BNL d'Italia,5/10/2025,Masters 1000,Outdoor,Clay,2nd Round,3,Marozsan F.,Rublev A.,61,17.0,935,2580.0,7.0,5.0,4.0,6.0,6.0,3.0,,,,,2.0,1.0,Completed,2.2,1.67,2.12,1.81,2.22,1.81,2.14,1.73,,,marozsan f.,rublev a.,atp_47,atp_16
26,Rome,Internazionali BNL d'Italia,5/10/2025,Masters 1000,Outdoor,Clay,2nd Round,3,Ofner S.,Tiafoe F.,143,16.0,398,2640.0,6.0,2.0,6.0,7.0,6.0,3.0,,,,,2.0,1.0,Completed,2.3,1.62,2.24,1.73,2.34,1.73,2.26,1.66,,,ofner s.,tiafoe f.,atp_78,atp_18
26,Rome,Internazionali BNL d'Italia,5/10/2025,Masters 1000,Outdoor,Clay,2nd Round,3,Machac T.,Tien L.,20,70.0,2215,878.0,6.0,4.0,6.0,4.0,,,,,,,2.0,0.0,Completed,1.29,3.75,1.32,3.79,1.34,3.8,1.31,3.55,,,machac t.,tien l.,atp_55,atp_22
26,Rome,Internazionali BNL d'Italia,5/10/2025,Masters 1000,Outdoor,Clay,2nd Round,3,Korda S.,Vukic A.,23,79.0,2020,792.0,6.0,3.0,6.0,4.0,,,,,,,2.0,0.0,Completed,1.33,3.4,1.37,3.38,1.4,3.4,1.34,3.31,,,korda s.,vukic a.,atp_42,atp_84
26,Rome,Internazionali BNL d'Italia,5/10/2025,Masters 1000,Outdoor,Clay,2nd Round,3,Hurkacz H.,Martinez P.,31,49.0,1665,1115.0,6.0,1.0,7.0,5.0,,,,,,,2.0,0.0,Completed,1.57,2.38,1.72,2.25,1.78,2.45,1.63,2.29,,,hurkacz h.,martinez p.,atp_72,atp_113
26,Rome,Internazionali BNL d'Italia,5/10/2025,Masters 1000,Outdoor,Clay,2nd Round,3,Ruud C.,Bublik A.,7,76.0,3715,820.0,6.0,4.0,4.0,6.0,6.0,3.0,,,,,2.0,1.0,Completed,1.17,5.0,1.18,5.41,1.19,6.2,1.18,4.99,,,ruud c.,bublik a.,atp_12,atp_11
26,Rome,Internazionali BNL d'Italia,5/10/2025,Masters 1000,Outdoor,Clay,2nd Round,3,Giron M.,Fritz T.,45,4.0,1245,4815.0,7.0,6.0,7.0,6.0,,,,,,,2.0,0.0,Completed,5,1.17,5.95,1.16,6.2,1.18,5.73,1.14,,,giron m.,fritz t.,atp_66,atp_8
26,Rome,Internazionali BNL d'Italia,5/10/2025,Masters 1000,Outdoor,Clay,2nd Round,3,De Jong J.,Davidovich Fokina A.,93,26.0,640,1745.0,6.0,0.0,6.0,2.0,,,,,,,2.0,0.0,Completed,3.5,1.3,4.01,1.29,4.01,1.33,3.57,1.3,,,de jong j.,davidovich fokina a.,atp_99,atp_17
26,Rome,Internazionali BNL d'Italia,5/10/2025,Masters 1000,Outdoor,Clay,2nd Round,3,Mensik J.,Gigante M.,21,164.0,2182,341.0,7.0,6.0,7.0,5.0,,,,,,,2.0,0.0,Completed,1.2,4.5,1.26,4.4,1.26,4.7,1.21,4.41,,,mensik j.,gigante m.,atp_26,atp_192
26,Rome,Internazionali BNL d'Italia,5/10/2025,Masters 1000,Outdoor,Clay,2nd Round,3,Cerundolo F.,Jarry N.,18,53.0,2425,1010.0,7.0,6.0,6.0,3.0,,,,,,,2.0,0.0,Completed,1.2,4.5,1.22,4.93,1.24,5.0,1.2,4.6,,,cerundolo f.,jarry n.,atp_20,atp_154
26,Rome,Internazionali BNL d'Italia,5/10/2025,Masters 1000,Outdoor,Clay,2nd Round,3,Dellien H.,Seyboth Wild T.,103,120.0,587,493.0,4.0,6.0,6.0,3.0,6.0,4.0,,,,,2.0,1.0,Completed,2.5,1.53,2.71,1.52,2.8,1.6,2.57,1.52,,,dellien h.,seyboth wild t.,atp_160,atp_245
26,Rome,Internazionali BNL d'Italia,5/10/2025,Masters 1000,Outdoor,Clay,2nd Round,3,Munar J.,Shelton B.,66,13.0,892,3020.0,6.0,2.0,6.0,1.0,,,,,,,2.0,0.0,Completed,2.1,1.73,2.22,1.75,2.22,1.82,2.1,1.73,,,munar j.,shelton b.,atp_37,atp_9
26,Rome,Internazionali BNL d'Italia,5/10/2025,Masters 1000,Outdoor,Clay,2nd Round,3,Sinner J.,Navone M.,1,99.0,9730,600.0,6.0,3.0,6.0,4.0,,,,,,,2.0,0.0,Completed,1.08,8.0,1.09,9.73,1.11,9.8,1.08,8.27,,,sinner j.,navone m.,atp_2,atp_60
26,Rome,Internazionali BNL d'Italia,5/10/2025,Masters 1000,Outdoor,Clay,2nd Round,3,De Minaur A.,Nardi L.,8,95.0,3635,632.0,6.0,4.0,7.0,5.0,,,,,,,2.0,0.0,Completed,1.1,7.0,1.1,8.25,1.14,8.75,1.1,7.41,,,de minaur a.,nardi l.,atp_6,atp_140
26,Rome,Internazionali BNL d'Italia,5/11/2025,Masters 1000,Outdoor,Clay,3rd Round,3,Medvedev D.,Popyrin A.,11,25.0,3290,1860.0,6.0,4.0,6.0,1.0,,,,,,,2.0,0.0,Completed,1.33,3.4,1.36,3.49,1.43,3.49,1.38,3.09,,,medvedev d.,popyrin a.,atp_10,atp_45
26,Rome,Internazionali BNL d'Italia,5/11/2025,Masters 1000,Outdoor,Clay,3rd Round,3,Fils A.,Tsitsipas S.,14,19.0,2920,2420.0,2.0,6.0,6.0,4.0,6.0,2.0,,,,,2.0,1.0,Completed,1.67,2.2,1.8,2.14,1.8,2.22,1.7,2.16,,,fils a.,tsitsipas s.,atp_28,atp_49
26,Rome,Internazionali BNL d'Italia,5/11/2025,Masters 1000,Outdoor,Clay,3rd Round,3,Moutet C.,Rune H.,83,10.0,752,3440.0,7.0,5.0,5.0,7.0,7.0,6.0,,,,,2.0,1.0,Completed,4.5,1.2,5.02,1.2,5.3,1.24,4.67,1.2,,,moutet c.,rune h.,atp_32,atp_29
26,Rome,Internazionali BNL d'Italia,5/11/2025,Masters 1000,Outdoor,Clay,3rd Round,3,Musetti L.,Nakashima B.,9,29.0,3550,1675.0,6.0,4.0,6.0,3.0,,,,,,,2.0,0.0,Completed,1.17,5.0,1.18,5.43,1.2,5.8,1.17,5.15,,,musetti l.,nakashima b.,atp_5,atp_33
26,Rome,Internazionali BNL d'Italia,5/11/2025,Masters 1000,Outdoor,Clay,3rd Round,3,Zverev A.,Gaubas V.,2,154.0,8085,371.0,6.0,4.0,6.0,0.0,,,,,,,2.0,0.0,Completed,1.05,11.0,1.06,12.27,1.08,13.0,1.05,10.75,,,zverev a.,gaubas v.,atp_3,atp_108
26,Rome,Internazionali BNL d'Italia,5/11/2025,Masters 1000,Outdoor,Clay,3rd Round,3,Draper J.,Kopriva V.,5,92.0,4440,655.0,6.0,4.0,6.0,3.0,,,,,,,2.0,0.0,Completed,1.1,7.0,1.12,7.18,1.14,7.6,1.11,6.93,,,draper j.,kopriva v.,atp_25,atp_70
26,Rome,Internazionali BNL d'Italia,5/11/2025,Masters 1000,Outdoor,Clay,3rd Round,3,Khachanov K.,Passaro F.,24,101.0,1910,593.0,6.0,3.0,6.0,0.0,,,,,,,2.0,0.0,Completed,1.4,3.0,1.45,2.97,1.48,3.0,1.42,2.86,,,khachanov k.,passaro f.,atp_15,atp_146
26,Rome,Internazionali BNL d'Italia,5/11/2025,Masters 1000,Outdoor,Clay,3rd Round,3,Alcaraz C.,Djere L.,3,64.0,7850,902.0,7.0,6.0,6.0,2.0,,,,,,,2.0,0.0,Completed,1.08,8.0,1.1,9.31,1.1,11.5,1.08,8.18,,,alcaraz c.,djere l.,atp_1,atp_204
26,Rome,Internazionali BNL d'Italia,5/12/2025,Masters 1000,Outdoor,Clay,3rd Round,3,Paul T.,Machac T.,12,20.0,3210,2215.0,6.0,3.0,6.0,7.0,6.0,4.0,,,,,2.0,1.0,Completed,1.67,2.2,1.71,2.27,1.74,2.32,1.67,2.21,,,paul t.,machac t.,atp_21,atp_55
26,Rome,Internazionali BNL d'Italia,5/12/2025,Masters 1000,Outdoor,Clay,3rd Round,3,De Minaur A.,Dellien H.,8,103.0,3635,587.0,6.0,4.0,6.0,4.0,,,,,,,2.0,0.0,Completed,1.06,10.0,1.04,16.8,1.06,17.5,1.04,11.6,,,de minaur a.,dellien h.,atp_6,atp_160
26,Rome,Internazionali BNL d'Italia,5/12/2025,Masters 1000,Outdoor,Clay,3rd Round,3,Mensik J.,Marozsan F.,21,61.0,2182,935.0,6.0,4.0,7.0,6.0,,,,,,,2.0,0.0,Completed,1.73,2.1,1.7,2.29,1.74,2.33,1.69,2.19,,,mensik j.,marozsan f.,atp_26,atp_47
26,Rome,Internazionali BNL d'Italia,5/12/2025,Masters 1000,Outdoor,Clay,3rd Round,3,Hurkacz H.,Giron M.,31,45.0,1665,1245.0,6.0,3.0,1.0,6.0,6.0,1.0,,,,,2.0,1.0,Completed,1.44,2.75,1.5,2.79,1.52,2.88,1.47,2.69,,,hurkacz h.,giron m.,atp_72,atp_66
26,Rome,Internazionali BNL d'Italia,5/12/2025,Masters 1000,Outdoor,Clay,3rd Round,3,Cerundolo F.,Ofner S.,18,143.0,2425,398.0,6.0,2.0,6.0,4.0,,,,,,,2.0,0.0,Completed,1.14,5.5,1.17,5.56,1.18,6.8,1.15,5.51,,,cerundolo f.,ofner s.,atp_20,atp_78
26,Rome,Internazionali BNL d'Italia,5/12/2025,Masters 1000,Outdoor,Clay,3rd Round,3,Sinner J.,De Jong J.,1,93.0,9730,640.0,6.0,4.0,6.0,2.0,,,,,,,2.0,0.0,Completed,1.06,10.0,1.04,15.96,1.06,16.25,1.04,11.94,,,sinner j.,de jong j.,atp_2,atp_99
26,Rome,Internazionali BNL d'Italia,5/12/2025,Masters 1000,Outdoor,Clay,3rd Round,3,Munar J.,Korda S.,66,23.0,892,2020.0,6.0,4.0,6.0,2.0,,,,,,,2.0,0.0,Completed,2.2,1.67,2.12,1.81,2.22,1.87,2.14,1.72,,,munar j.,korda s.,atp_37,atp_42
26,Rome,Internazionali BNL d'Italia,5/12/2025,Masters 1000,Outdoor,Clay,3rd Round,3,Ruud C.,Berrettini M.,7,30.0,3715,1670.0,7.0,5.0,2.0,0.0,,,,,,,1.0,0.0,Retired,1.57,2.38,1.63,2.43,1.69,2.43,1.6,2.35,,,ruud c.,berrettini m.,atp_12,atp_91
26,Rome,Internazionali BNL d'Italia,5/13/2025,Masters 1000,Outdoor,Clay,4th Round,3,Alcaraz C.,Khachanov K.,3,24.0,7850,1910.0,6.0,3.0,3.0,6.0,7.0,5.0,,,,,2.0,1.0,Completed,1.08,8.0,1.07,10.41,1.11,10.5,1.08,8.32,,,alcaraz c.,khachanov k.,atp_1,atp_15
26,Rome,Internazionali BNL d'Italia,5/13/2025,Masters 1000,Outdoor,Clay,4th Round,3,Draper J.,Moutet C.,5,83.0,4440,752.0,1.0,6.0,6.0,4.0,6.0,3.0,,,,,2.0,1.0,Completed,1.1,7.0,1.12,7.23,1.14,7.75,1.11,6.94,,,draper j.,moutet c.,atp_25,atp_32
26,Rome,Internazionali BNL d'Italia,5/13/2025,Masters 1000,Outdoor,Clay,4th Round,3,Hurkacz H.,Mensik J.,31,21.0,1665,2182.0,7.0,6.0,4.0,6.0,7.0,6.0,,,,,2.0,1.0,Completed,3,1.4,2.97,1.45,3.23,1.46,2.94,1.41,,,hurkacz h.,mensik j.,atp_72,atp_26
26,Rome,Internazionali BNL d'Italia,5/13/2025,Masters 1000,Outdoor,Clay,4th Round,3,Musetti L.,Medvedev D.,9,11.0,3550,3290.0,7.0,5.0,6.0,4.0,,,,,,,2.0,0.0,Completed,1.5,2.63,1.54,2.65,1.54,2.8,1.52,2.57,,,musetti l.,medvedev d.,atp_5,atp_10
26,Rome,Internazionali BNL d'Italia,5/13/2025,Masters 1000,Outdoor,Clay,4th Round,3,Sinner J.,Cerundolo F.,1,18.0,9730,2425.0,7.0,6.0,6.0,3.0,,,,,,,2.0,0.0,Completed,1.29,3.75,1.29,4.0,1.3,4.2,1.26,3.81,,,sinner j.,cerundolo f.,atp_2,atp_20
26,Rome,Internazionali BNL d'Italia,5/13/2025,Masters 1000,Outdoor,Clay,4th Round,3,Zverev A.,Fils A.,2,14.0,8085,2920.0,7.0,6.0,6.0,1.0,,,,,,,2.0,0.0,Completed,1.57,2.38,1.57,2.59,1.59,2.7,1.56,2.45,,,zverev a.,fils a.,atp_3,atp_28
26,Rome,Internazionali BNL d'Italia,5/13/2025,Masters 1000,Outdoor,Clay,4th Round,3,Paul T.,De Minaur A.,12,8.0,3210,3635.0,7.0,5.0,6.0,3.0,,,,,,,2.0,0.0,Completed,2.5,1.53,2.72,1.52,2.82,1.54,2.61,1.5,,,paul t.,de minaur a.,atp_21,atp_6
26,Rome,Internazionali BNL d'Italia,5/14/2025,Masters 1000,Outdoor,Clay,4th Round,3,Ruud C.,Munar J.,7,66.0,3715,892.0,6.0,3.0,6.0,4.0,,,,,,,2.0,0.0,Completed,1.2,4.5,1.24,4.58,1.25,4.8,1.2,4.52,,,ruud c.,munar j.,atp_12,atp_37
26,Rome,Internazionali BNL d'Italia,5/14/2025,Masters 1000,Outdoor,Clay,Quarterfinals,3,Alcaraz C.,Draper J.,3,5.0,7850,4440.0,6.0,4.0,6.0,4.0,,,,,,,2.0,0.0,Completed,1.33,3.4,1.36,3.45,1.38,3.55,1.35,3.29,,,alcaraz c.,draper j.,atp_1,atp_25
26,Rome,Internazionali BNL d'Italia,5/14/2025,Masters 1000,Outdoor,Clay,Quarterfinals,3,Musetti L.,Zverev A.,9,2.0,3550,8085.0,7.0,6.0,6.0,4.0,,,,,,,2.0,0.0,Completed,2.38,1.57,2.37,1.66,2.44,1.69,2.34,1.61,,,musetti l.,zverev a.,atp_5,atp_3
26,Rome,Internazionali BNL d'Italia,5/15/2025,Masters 1000,Outdoor,Clay,Quarterfinals,3,Paul T.,Hurkacz H.,12,31.0,3210,1665.0,7.0,6.0,6.0,3.0,,,,,,,2.0,0.0,Completed,1.4,3.0,1.42,3.14,1.46,3.2,1.4,3.02,,,paul t.,hurkacz h.,atp_21,atp_72
26,Rome,Internazionali BNL d'Italia,5/15/2025,Masters 1000,Outdoor,Clay,Quarterfinals,3,Sinner J.,Ruud C.,1,7.0,9730,3715.0,6.0,0.0,6.0,1.0,,,,,,,2.0,0.0,Completed,1.29,3.75,1.29,4.04,1.29,4.5,1.27,3.9,,,sinner j.,ruud c.,atp_2,atp_12
26,Rome,Internazionali BNL d'Italia,5/16/2025,Masters 1000,Outdoor,Clay,Semifinals,3,Alcaraz C.,Musetti L.,3,9.0,7850,3550.0,6.0,3.0,7.0,6.0,,,,,,,2.0,0.0,Completed,1.36,3.2,1.37,3.41,1.4,3.55,1.34,3.33,,,alcaraz c.,musetti l.,atp_1,atp_5
26,Rome,Internazionali BNL d'Italia,5/16/2025,Masters 1000,Outdoor,Clay,Semifinals,3,Sinner J.,Paul T.,1,12.0,9730,3210.0,1.0,6.0,6.0,0.0,6.0,3.0,,,,,2.0,1.0,Completed,1.08,8.0,1.1,9.13,1.11,10.5,1.09,8.05,,,sinner j.,paul t.,atp_2,atp_21
26,Rome,Internazionali BNL d'Italia,5/18/2025,Masters 1000,Outdoor,Clay,The Final,3,Alcaraz C.,Sinner J.,3,1.0,7850,9730.0,7.0,6.0,6.0,1.0,,,,,,,2.0,0.0,Completed,2.3,1.62,2.43,1.63,2.48,1.68,2.3,1.63,,,alcaraz c.,sinner j.,atp_1,atp_2
27,Geneva,Geneva Open,5/18/2025,ATP250,Outdoor,Clay,1st Round,3,Popyrin A.,Jarry N.,25,150.0,1900,390.0,6.0,4.0,3.0,6.0,7.0,5.0,,,,,2.0,1.0,Completed,1.8,2.0,1.94,1.94,1.97,2.05,1.83,1.99,,,popyrin a.,jarry n.,atp_45,atp_154
27,Geneva,Geneva Open,5/18/2025,ATP250,Outdoor,Clay,1st Round,3,Borges N.,Michelsen A.,41,33.0,1270,1550.0,4.0,6.0,6.0,3.0,6.0,3.0,,,,,2.0,1.0,Completed,1.67,2.2,1.7,2.27,1.77,2.27,1.71,2.13,,,borges n.,michelsen a.,atp_48,atp_35
27,Geneva,Geneva Open,5/19/2025,ATP250,Outdoor,Clay,1st Round,3,Fearnley J.,Lajovic D.,54,124.0,976,466.0,6.0,4.0,6.0,1.0,,,,,,,2.0,0.0,Completed,1.8,2.0,1.9,1.99,1.94,2.05,1.85,1.95,,,fearnley j.,lajovic d.,atp_97,atp_132
27,Geneva,Geneva Open,5/19/2025,ATP250,Outdoor,Clay,1st Round,3,Ofner S.,Gakhov I.,128,265.0,458,212.0,6.0,1.0,6.0,2.0,,,,,,,2.0,0.0,Completed,1.17,5.0,1.21,4.9,1.21,5.6,1.18,4.85,,,ofner s.,gakhov i.,atp_78,atp_266
27,Geneva,Geneva Open,5/19/2025,ATP250,Outdoor,Clay,1st Round,3,Nishikori K.,Tien L.,62,67.0,928,893.0,4.0,6.0,6.0,4.0,6.0,4.0,,,,,2.0,1.0,Completed,1.8,2.0,1.83,2.07,1.89,2.1,1.78,2.03,,,nishikori k.,tien l.,atp_417,atp_22
27,Geneva,Geneva Open,5/19/2025,ATP250,Outdoor,Clay,1st Round,3,Halys Q.,Munar J.,50,58.0,1024,962.0,4.0,6.0,6.0,3.0,7.0,6.0,,,,,2.0,1.0,Completed,2.75,1.44,3.01,1.44,3.1,1.46,2.82,1.43,,,halys q.,munar j.,atp_90,atp_37
27,Geneva,Geneva Open,5/19/2025,ATP250,Outdoor,Clay,1st Round,3,Arnaldi M.,Gaston H.,39,74.0,1365,816.0,6.0,7.0,6.0,4.0,6.0,4.0,,,,,2.0,1.0,Completed,1.33,3.4,1.37,3.37,1.4,3.4,1.33,3.27,,,arnaldi m.,gaston h.,atp_107,atp_116
27,Geneva,Geneva Open,5/19/2025,ATP250,Outdoor,Clay,1st Round,3,Norrie C.,Stricker D.,90,233.0,657,240.0,7.0,6.0,6.0,3.0,,,,,,,2.0,0.0,Completed,1.33,3.4,1.34,3.56,1.36,3.6,1.32,3.37,,,norrie c.,stricker d.,atp_24,atp_334
27,Geneva,Geneva Open,5/19/2025,ATP250,Outdoor,Clay,1st Round,3,Fucsovics M.,Bergs Z.,134,49.0,443,1051.0,6.0,2.0,6.0,3.0,,,,,,,2.0,0.0,Completed,1.67,2.2,1.71,2.24,1.77,2.28,1.71,2.15,,,fucsovics m.,bergs z.,atp_51,atp_46
27,Geneva,Geneva Open,5/20/2025,ATP250,Outdoor,Clay,1st Round,3,Rinderknech A.,Kecmanovic M.,72,46.0,820,1146.0,6.0,4.0,6.0,2.0,,,,,,,2.0,0.0,Completed,2.75,1.44,2.82,1.48,2.92,1.5,2.76,1.45,,,rinderknech a.,kecmanovic m.,atp_27,atp_58
27,Geneva,Geneva Open,5/20/2025,ATP250,Outdoor,Clay,1st Round,3,Hurkacz H.,Cazaux A.,31,113.0,1665,508.0,6.0,3.0,6.0,4.0,,,,,,,2.0,0.0,Completed,1.22,4.33,1.24,4.54,1.24,4.9,1.22,4.34,,,hurkacz h.,cazaux a.,atp_72,atp_68
27,Geneva,Geneva Open,5/20/2025,ATP250,Outdoor,Clay,1st Round,3,Marozsan F.,Sell K.,56,300.0,975,175.0,6.0,1.0,6.0,1.0,,,,,,,2.0,0.0,Completed,1.1,7.0,1.12,7.35,1.15,7.6,1.12,6.41,,,marozsan f.,sell k.,atp_47,atp_647
27,Geneva,Geneva Open,5/21/2025,ATP250,Outdoor,Clay,2nd Round,3,Fritz T.,Halys Q.,4,50.0,4625,1024.0,6.0,4.0,7.0,6.0,,,,,,,2.0,0.0,Completed,1.22,4.33,1.24,4.59,1.26,4.8,1.22,4.32,,,fritz t.,halys q.,atp_8,atp_90
27,Geneva,Geneva Open,5/21/2025,ATP250,Outdoor,Clay,2nd Round,3,Khachanov K.,Nishikori K.,24,62.0,1910,928.0,7.0,5.0,2.0,5.0,,,,,,,1.0,0.0,Retired,1.36,3.2,1.35,3.42,1.36,3.42,1.35,3.18,,,khachanov k.,nishikori k.,atp_15,atp_417
27,Geneva,Geneva Open,5/21/2025,ATP250,Outdoor,Clay,2nd Round,3,Ofner S.,Borges N.,128,41.0,458,1270.0,7.0,6.0,7.0,6.0,,,,,,,2.0,0.0,Completed,1.91,1.91,1.85,2.02,1.92,2.06,1.86,1.95,,,ofner s.,borges n.,atp_78,atp_48
27,Geneva,Geneva Open,5/21/2025,ATP250,Outdoor,Clay,2nd Round,3,Arnaldi M.,Marozsan F.,39,56.0,1365,975.0,6.0,3.0,7.0,6.0,,,,,,,2.0,0.0,Completed,2.1,1.73,2.15,1.79,2.16,1.84,2.07,1.76,,,arnaldi m.,marozsan f.,atp_107,atp_47
27,Geneva,Geneva Open,5/21/2025,ATP250,Outdoor,Clay,2nd Round,3,Hurkacz H.,Rinderknech A.,31,72.0,1665,820.0,6.0,4.0,6.0,1.0,,,,,,,2.0,0.0,Completed,1.3,3.5,1.36,3.49,1.38,3.62,1.32,3.38,,,hurkacz h.,rinderknech a.,atp_72,atp_27
27,Geneva,Geneva Open,5/21/2025,ATP250,Outdoor,Clay,2nd Round,3,Djokovic N.,Fucsovics M.,6,134.0,4080,443.0,6.0,2.0,6.0,3.0,,,,,,,2.0,0.0,Completed,1.25,4.0,1.29,4.06,1.34,4.08,1.26,3.82,,,djokovic n.,fucsovics m.,atp_4,atp_51
27,Geneva,Geneva Open,5/21/2025,ATP250,Outdoor,Clay,2nd Round,3,Popyrin A.,Fearnley J.,25,54.0,1900,976.0,6.0,4.0,6.0,3.0,,,,,,,2.0,0.0,Completed,1.91,1.91,1.94,1.96,1.97,2.0,1.91,1.89,,,popyrin a.,fearnley j.,atp_45,atp_97
27,Geneva,Geneva Open,5/21/2025,ATP250,Outdoor,Clay,2nd Round,3,Norrie C.,Machac T.,90,21.0,657,2265.0,3.0,6.0,6.0,2.0,4.0,3.0,,,,,1.0,1.0,Retired,2.5,1.53,2.62,1.56,2.62,1.59,2.48,1.54,,,norrie c.,machac t.,atp_24,atp_55
27,Geneva,Geneva Open,5/22/2025,ATP250,Outdoor,Clay,Quarterfinals,3,Ofner S.,Khachanov K.,128,24.0,458,1910.0,4.0,6.0,6.0,4.0,6.0,4.0,,,,,2.0,1.0,Completed,2.63,1.5,2.78,1.49,2.82,1.55,2.62,1.49,,,ofner s.,khachanov k.,atp_78,atp_15
27,Geneva,Geneva Open,5/22/2025,ATP250,Outdoor,Clay,Quarterfinals,3,Hurkacz H.,Fritz T.,31,4.0,1665,4625.0,6.0,3.0,7.0,6.0,,,,,,,2.0,0.0,Completed,2.3,1.62,2.34,1.68,2.42,1.68,2.3,1.62,,,hurkacz h.,fritz t.,atp_72,atp_8
27,Geneva,Geneva Open,5/22/2025,ATP250,Outdoor,Clay,Quarterfinals,3,Djokovic N.,Arnaldi M.,6,39.0,4080,1365.0,6.0,4.0,6.0,4.0,,,,,,,2.0,0.0,Completed,1.29,3.75,1.31,3.84,1.34,3.85,1.3,3.58,,,djokovic n.,arnaldi m.,atp_4,atp_107
27,Geneva,Geneva Open,5/22/2025,ATP250,Outdoor,Clay,Quarterfinals,3,Norrie C.,Popyrin A.,90,25.0,657,1900.0,7.0,6.0,6.0,4.0,,,,,,,2.0,0.0,Completed,2.1,1.73,2.16,1.78,2.16,1.87,2.07,1.76,,,norrie c.,popyrin a.,atp_24,atp_45
27,Geneva,Geneva Open,5/23/2025,ATP250,Outdoor,Clay,Semifinals,3,Hurkacz H.,Ofner S.,31,128.0,1665,458.0,6.0,3.0,6.0,4.0,,,,,,,2.0,0.0,Completed,1.44,2.75,1.49,2.84,1.5,3.0,1.44,2.76,,,hurkacz h.,ofner s.,atp_72,atp_78
27,Geneva,Geneva Open,5/23/2025,ATP250,Outdoor,Clay,Semifinals,3,Djokovic N.,Norrie C.,6,90.0,4080,657.0,6.0,4.0,6.0,7.0,6.0,1.0,,,,,2.0,1.0,Completed,1.17,5.0,1.21,5.11,1.21,5.5,1.18,4.95,,,djokovic n.,norrie c.,atp_4,atp_24
27,Geneva,Geneva Open,5/24/2025,ATP250,Outdoor,Clay,The Final,3,Djokovic N.,Hurkacz H.,6,31.0,4080,1665.0,5.0,7.0,7.0,6.0,7.0,6.0,,,,,2.0,1.0,Completed,1.36,3.2,1.36,3.47,1.39,3.55,1.35,3.26,,,djokovic n.,hurkacz h.,atp_4,atp_72
28,Hamburg,Hamburg Open,5/18/2025,ATP500,Outdoor,Clay,1st Round,3,Darderi L.,Dedura D.,45,372.0,1159,130.0,6.0,1.0,6.0,4.0,,,,,,,2.0,0.0,Completed,1.08,8.0,1.12,7.44,1.14,8.25,1.09,7.44,,,darderi l.,dedura d.,atp_19,
28,Hamburg,Hamburg Open,5/18/2025,ATP500,Outdoor,Clay,1st Round,3,Cerundolo F.,Martinez P.,18,48.0,2475,1070.0,6.0,2.0,6.0,3.0,,,,,,,2.0,0.0,Completed,1.17,5.0,1.18,5.56,1.2,5.7,1.17,5.19,,,cerundolo f.,martinez p.,atp_20,atp_113
28,Hamburg,Hamburg Open,5/19/2025,ATP500,Outdoor,Clay,1st Round,3,Nakashima B.,Collignon R.,29,84.0,1690,726.0,6.0,5.0,,,,,,,,,0.0,0.0,Retired,1.62,2.3,1.73,2.22,1.73,2.44,1.64,2.27,,,nakashima b.,collignon r.,atp_33,atp_65
28,Hamburg,Hamburg Open,5/19/2025,ATP500,Outdoor,Clay,1st Round,3,Bautista Agut R.,Giron M.,57,43.0,974,1265.0,7.0,6.0,6.0,0.0,,,,,,,2.0,0.0,Completed,1.8,2.0,1.92,1.97,1.92,2.02,1.83,1.97,,,bautista agut r.,giron m.,atp_80,atp_66
28,Hamburg,Hamburg Open,5/19/2025,ATP500,Outdoor,Clay,1st Round,3,Rublev A.,Dzumhur D.,17,69.0,2540,875.0,6.0,4.0,6.0,3.0,,,,,,,2.0,0.0,Completed,1.2,4.5,1.19,5.21,1.22,5.6,1.2,4.65,,,rublev a.,dzumhur d.,atp_16,atp_74
28,Hamburg,Hamburg Open,5/19/2025,ATP500,Outdoor,Clay,1st Round,3,Muller A.,Ymer E.,40,279.0,1313,190.0,6.0,3.0,7.0,5.0,,,,,,,2.0,0.0,Completed,1.4,3.0,1.4,3.19,1.41,3.3,1.38,3.04,,,muller a.,ymer e.,atp_94,atp_175
28,Hamburg,Hamburg Open,5/19/2025,ATP500,Outdoor,Clay,1st Round,3,Lehecka J.,Gojo B.,37,255.0,1415,221.0,6.0,4.0,3.0,6.0,6.0,2.0,,,,,2.0,1.0,Completed,1.44,2.75,1.44,3.0,1.49,3.0,1.44,2.8,,,lehecka j.,gojo b.,atp_14,atp_139
28,Hamburg,Hamburg Open,5/19/2025,ATP500,Outdoor,Clay,1st Round,3,Zverev A.,Kovacevic A.,3,80.0,7285,787.0,6.0,1.0,7.0,6.0,,,,,,,2.0,0.0,Completed,1.04,13.0,1.05,15.54,1.05,19.5,1.04,12.06,,,zverev a.,kovacevic a.,atp_3,atp_85
28,Hamburg,Hamburg Open,5/19/2025,ATP500,Outdoor,Clay,1st Round,3,Engel J.,Struff J.L.,333,86.0,154,690.0,7.0,6.0,7.0,6.0,,,,,,,2.0,0.0,Completed,4,1.25,4.24,1.26,4.5,1.27,3.98,1.25,,,engel j.,struff j.,atp_186,
28,Hamburg,Hamburg Open,5/20/2025,ATP500,Outdoor,Clay,1st Round,3,Cobolli F.,Sachko V.,35,235.0,1480,237.0,5.0,7.0,6.0,2.0,6.0,2.0,,,,,2.0,1.0,Completed,1.25,4.0,1.25,4.33,1.29,4.33,1.25,3.99,,,cobolli f.,sachko v.,atp_13,atp_169
28,Hamburg,Hamburg Open,5/20/2025,ATP500,Outdoor,Clay,1st Round,3,Etcheverry T.,Comesana F.,55,64.0,975,911.0,7.0,6.0,6.0,3.0,,,,,,,2.0,0.0,Completed,2.1,1.73,2.21,1.74,2.28,1.77,2.16,1.7,,,etcheverry t.,comesana f.,,atp_87
28,Hamburg,Hamburg Open,5/20/2025,ATP500,Outdoor,Clay,1st Round,3,Tiafoe F.,Bu Y.,15,70.0,2625,874.0,7.0,5.0,6.0,2.0,,,,,,,2.0,0.0,Completed,1.5,2.63,1.53,2.65,1.53,2.82,1.5,2.6,,,tiafoe f.,bu y.,atp_18,
28,Hamburg,Hamburg Open,5/20/2025,ATP500,Outdoor,Clay,1st Round,3,Ugo Carabelli C.,Baez S.,52,36.0,1000,1450.0,6.0,3.0,2.0,6.0,6.0,4.0,,,,,2.0,1.0,Completed,2.38,1.57,2.39,1.64,2.52,1.65,2.38,1.58,,,ugo carabelli c.,baez s.,atp_67,atp_50
28,Hamburg,Hamburg Open,5/20/2025,ATP500,Outdoor,Clay,1st Round,3,Davidovich Fokina A.,Monfils G.,26,42.0,1730,1265.0,6.0,3.0,6.0,3.0,,,,,,,2.0,0.0,Completed,1.36,3.2,1.38,3.26,1.41,3.31,1.39,3.01,,,davidovich fokina a.,monfils g.,atp_17,atp_203
28,Hamburg,Hamburg Open,5/20/2025,ATP500,Outdoor,Clay,1st Round,3,Mpetshi G.,Bublik A.,32,51.0,1614,1005.0,7.0,6.0,6.0,4.0,,,,,,,2.0,0.0,Completed,2,1.8,2.12,1.8,2.14,1.86,2.03,1.78,,,mpetshi perricard g.,bublik a.,atp_57,atp_11
28,Hamburg,Hamburg Open,5/20/2025,ATP500,Outdoor,Clay,1st Round,3,Auger-Aliassime F.,Altmaier D.,30,66.0,1685,906.0,6.0,3.0,6.0,3.0,,,,,,,2.0,0.0,Completed,1.67,2.2,1.71,2.25,1.71,2.41,1.66,2.24,,,augeraliassime f.,altmaier d.,,atp_52
28,Hamburg,Hamburg Open,5/21/2025,ATP500,Outdoor,Clay,2nd Round,3,Bautista Agut R.,Tiafoe F.,57,15.0,974,2625.0,6.0,2.0,6.0,3.0,,,,,,,2.0,0.0,Completed,2.38,1.57,2.58,1.57,2.7,1.59,2.47,1.55,,,bautista agut r.,tiafoe f.,atp_80,atp_18
28,Hamburg,Hamburg Open,5/21/2025,ATP500,Outdoor,Clay,2nd Round,3,Lehecka J.,Cerundolo F.,37,18.0,1415,2475.0,7.0,5.0,6.0,2.0,,,,,,,2.0,0.0,Completed,3,1.4,3.06,1.43,3.06,1.47,2.94,1.4,,,lehecka j.,cerundolo f.,atp_14,atp_20
28,Hamburg,Hamburg Open,5/21/2025,ATP500,Outdoor,Clay,2nd Round,3,Etcheverry T.,Ugo Carabelli C.,55,52.0,975,1000.0,6.0,4.0,6.0,4.0,,,,,,,2.0,0.0,Completed,1.67,2.2,1.74,2.23,1.76,2.26,1.68,2.2,,,etcheverry t.,ugo carabelli c.,,atp_67
28,Hamburg,Hamburg Open,5/21/2025,ATP500,Outdoor,Clay,2nd Round,3,Rublev A.,Engel J.,17,333.0,2540,154.0,6.0,3.0,7.0,5.0,,,,,,,2.0,0.0,Completed,1.1,7.0,1.09,9.68,1.1,10.0,1.09,7.68,,,rublev a.,engel j.,atp_16,atp_186
28,Hamburg,Hamburg Open,5/21/2025,ATP500,Outdoor,Clay,2nd Round,3,Cobolli F.,Davidovich Fokina A.,35,26.0,1480,1730.0,6.0,4.0,7.0,5.0,,,,,,,2.0,0.0,Completed,3,1.4,3.07,1.43,3.16,1.45,2.99,1.39,,,cobolli f.,davidovich fokina a.,atp_13,atp_17
28,Hamburg,Hamburg Open,5/21/2025,ATP500,Outdoor,Clay,2nd Round,3,Muller A.,Zverev A.,40,3.0,1313,7285.0,6.0,3.0,4.0,6.0,7.0,6.0,,,,,2.0,1.0,Completed,7,1.1,7.98,1.12,9.0,1.12,6.92,1.1,,,muller a.,zverev a.,atp_94,atp_3
28,Hamburg,Hamburg Open,5/21/2025,ATP500,Outdoor,Clay,2nd Round,3,Darderi L.,Nakashima B.,45,29.0,1159,1690.0,7.0,5.0,6.0,7.0,6.0,2.0,,,,,2.0,1.0,Completed,1.67,2.2,1.71,2.27,1.71,2.38,1.67,2.2,,,darderi l.,nakashima b.,atp_19,atp_33
28,Hamburg,Hamburg Open,5/21/2025,ATP500,Outdoor,Clay,2nd Round,3,Auger-Aliassime F.,Mpetshi G.,30,32.0,1685,1614.0,6.0,2.0,6.0,4.0,,,,,,,2.0,0.0,Completed,1.44,2.75,1.46,2.96,1.52,2.96,1.45,2.74,,,augeraliassime f.,mpetshi perricard g.,,atp_57
28,Hamburg,Hamburg Open,5/22/2025,ATP500,Outdoor,Clay,Quarterfinals,3,Etcheverry T.,Lehecka J.,55,37.0,975,1415.0,7.0,5.0,6.0,3.0,,,,,,,2.0,0.0,Completed,2.63,1.5,2.57,1.57,2.63,1.59,2.52,1.52,,,etcheverry t.,lehecka j.,,atp_14
28,Hamburg,Hamburg Open,5/22/2025,ATP500,Outdoor,Clay,Quarterfinals,3,Cobolli F.,Bautista Agut R.,35,57.0,1480,974.0,7.0,6.0,6.0,0.0,,,,,,,2.0,0.0,Completed,1.62,2.3,1.67,2.36,1.7,2.38,1.62,2.31,,,cobolli f.,bautista agut r.,atp_13,atp_80
28,Hamburg,Hamburg Open,5/22/2025,ATP500,Outdoor,Clay,Quarterfinals,3,Rublev A.,Darderi L.,17,45.0,2540,1159.0,6.0,1.0,3.0,6.0,6.0,3.0,,,,,2.0,1.0,Completed,1.44,2.75,1.5,2.82,1.51,2.96,1.45,2.77,,,rublev a.,darderi l.,atp_16,atp_19
28,Hamburg,Hamburg Open,5/22/2025,ATP500,Outdoor,Clay,Quarterfinals,3,Auger-Aliassime F.,Muller A.,30,40.0,1685,1313.0,7.0,6.0,6.0,7.0,6.0,3.0,,,,,2.0,1.0,Completed,1.44,2.75,1.45,2.97,1.51,2.98,1.45,2.77,,,augeraliassime f.,muller a.,,atp_94
28,Hamburg,Hamburg Open,5/23/2025,ATP500,Outdoor,Clay,Semifinals,3,Cobolli F.,Etcheverry T.,35,55.0,1480,975.0,2.0,6.0,7.0,5.0,6.0,4.0,,,,,2.0,1.0,Completed,2.1,1.73,2.15,1.79,2.23,1.8,2.12,1.73,,,cobolli f.,etcheverry t.,atp_13,
28,Hamburg,Hamburg Open,5/23/2025,ATP500,Outdoor,Clay,Semifinals,3,Rublev A.,Auger-Aliassime F.,17,30.0,2540,1685.0,6.0,1.0,6.0,4.0,,,,,,,2.0,0.0,Completed,1.73,2.1,1.78,2.16,1.79,2.26,1.73,2.12,,,rublev a.,augeraliassime f.,atp_16,
28,Hamburg,Hamburg Open,5/24/2025,ATP500,Outdoor,Clay,The Final,3,Cobolli F.,Rublev A.,35,17.0,1480,2540.0,6.0,2.0,6.0,4.0,,,,,,,2.0,0.0,Completed,3,1.4,3.19,1.41,3.3,1.42,3.04,1.39,,,cobolli f.,rublev a.,atp_13,atp_16
29,Paris,French Open,5/25/2025,Grand Slam,Outdoor,Clay,1st Round,5,Fucsovics M.,Schoolkate T.,124,128.0,468,464.0,6.0,4.0,6.0,2.0,6.0,2.0,,,,,3.0,0.0,Completed,1.08,8.0,1.1,8.86,1.11,9.6,1.08,8.03,,,fucsovics m.,schoolkate t.,atp_51,atp_119
29,Paris,French Open,5/25/2025,Grand Slam,Outdoor,Clay,1st Round,5,Medjedovic H.,Majchrzak K.,74,96.0,811,645.0,6.0,3.0,6.0,3.0,7.0,6.0,,,,,3.0,0.0,Completed,1.57,2.38,1.62,2.45,1.63,2.56,1.59,2.38,,,medjedovic h.,majchrzak k.,atp_81,atp_53
29,Paris,French Open,5/25/2025,Grand Slam,Outdoor,Clay,1st Round,5,Paul T.,Moller E.,12,112.0,3210,511.0,6.0,7.0,6.0,2.0,6.0,3.0,6.0,1.0,,,3.0,1.0,Completed,1.1,7.0,1.15,6.45,1.15,7.2,1.12,6.52,,,paul t.,moller e.,atp_21,atp_134
29,Paris,French Open,5/25/2025,Grand Slam,Outdoor,Clay,1st Round,5,Navone M.,Nakashima B.,97,32.0,620,1690.0,7.0,6.0,4.0,6.0,6.0,1.0,6.0,2.0,,,3.0,1.0,Completed,1.5,2.63,1.49,2.84,1.5,2.98,1.48,2.69,,,navone m.,nakashima b.,atp_60,atp_33
29,Paris,French Open,5/25/2025,Grand Slam,Outdoor,Clay,1st Round,5,Mpetshi G.,Bergs Z.,37,50.0,1414,1051.0,4.0,6.0,6.0,3.0,7.0,6.0,6.0,4.0,,,3.0,1.0,Completed,1.73,2.1,1.88,2.03,1.9,2.12,1.78,2.06,,,mpetshi perricard g.,bergs z.,atp_57,atp_46
29,Paris,French Open,5/25/2025,Grand Slam,Outdoor,Clay,1st Round,5,Opelka R.,Hijikata R.,93,78.0,651,792.0,1.0,6.0,6.0,3.0,7.0,5.0,7.0,6.0,,,3.0,1.0,Completed,1.44,2.75,1.47,2.92,1.5,2.96,1.45,2.81,,,opelka r.,hijikata r.,atp_64,atp_102
29,Paris,French Open,5/25/2025,Grand Slam,Outdoor,Clay,1st Round,5,Carreno Busta P.,Comesana F.,99,64.0,615,911.0,6.0,2.0,7.0,6.0,7.0,5.0,,,,,3.0,0.0,Completed,2.63,1.5,2.67,1.54,2.84,1.54,2.64,1.5,,,carreno busta p.,comesana f.,atp_88,atp_87
29,Paris,French Open,5/25/2025,Grand Slam,Outdoor,Clay,1st Round,5,Dzumhur D.,Tirante T.A.,69,132.0,875,453.0,3.0,6.0,6.0,4.0,6.0,3.0,7.0,5.0,,,3.0,1.0,Completed,1.73,2.1,1.74,2.22,1.75,2.3,1.7,2.15,,,dzumhur d.,tirante t.,atp_74,
29,Paris,French Open,5/25/2025,Grand Slam,Outdoor,Clay,1st Round,5,Kopriva V.,Monteiro T.,86,131.0,715,454.0,6.0,4.0,6.0,3.0,4.0,6.0,6.0,7.0,6.0,1.0,3.0,2.0,Completed,1.4,3.0,1.42,3.14,1.45,3.14,1.4,3.0,,,kopriva v.,monteiro t.,atp_70,atp_275
29,Paris,French Open,5/25/2025,Grand Slam,Outdoor,Clay,1st Round,5,Musetti L.,Hanfmann Y.,7,142.0,3860,410.0,7.0,5.0,6.0,2.0,6.0,0.0,,,,,3.0,0.0,Completed,1.05,11.0,1.06,13.11,1.06,16.0,1.04,11.52,,,musetti l.,hanfmann y.,atp_5,atp_61
29,Paris,French Open,5/25/2025,Grand Slam,Outdoor,Clay,1st Round,5,Cerundolo J.M.,Michelsen A.,109,33.0,530,1550.0,6.0,3.0,6.0,2.0,6.0,4.0,,,,,3.0,0.0,Completed,1.8,2.0,1.88,2.03,1.96,2.03,1.83,2.0,,,cerundolo j.,michelsen a.,,atp_35
29,Paris,French Open,5/25/2025,Grand Slam,Outdoor,Clay,1st Round,5,Galan D.E.,Royer V.,122,120.0,477,478.0,7.0,6.0,6.0,3.0,3.0,6.0,6.0,7.0,7.0,5.0,3.0,2.0,Completed,2.2,1.67,2.07,1.85,2.22,1.89,2.05,1.78,,,galan d.,royer v.,,atp_71
29,Paris,French Open,5/25/2025,Grand Slam,Outdoor,Clay,1st Round,5,Tiafoe F.,Safiullin R.,16,72.0,2665,816.0,6.0,4.0,7.0,5.0,6.0,4.0,,,,,3.0,0.0,Completed,1.4,3.0,1.48,2.88,1.48,3.15,1.43,2.88,,,tiafoe f.,safiullin r.,atp_18,atp_229
29,Paris,French Open,5/25/2025,Grand Slam,Outdoor,Clay,1st Round,5,Marozsan F.,Nardi L.,56,95.0,990,645.0,6.0,2.0,6.0,3.0,7.0,6.0,,,,,3.0,0.0,Completed,1.22,4.33,1.25,4.52,1.25,5.0,1.22,4.41,,,marozsan f.,nardi l.,atp_47,atp_140
29,Paris,French Open,5/25/2025,Grand Slam,Outdoor,Clay,1st Round,5,Gigante M.,Hassan B.,167,220.0,338,253.0,6.0,4.0,6.0,2.0,6.0,0.0,,,,,3.0,0.0,Completed,1.5,2.63,1.53,2.69,1.56,2.69,1.51,2.61,,,gigante m.,hassan b.,atp_192,atp_314
29,Paris,French Open,5/25/2025,Grand Slam,Outdoor,Clay,1st Round,5,Nava E.,Van De Zandschulp B.,137,89.0,433,670.0,6.0,2.0,7.0,5.0,7.0,5.0,,,,,3.0,0.0,Completed,2.1,1.73,2.18,1.77,2.18,1.82,2.12,1.74,,,nava e.,van de zandschulp b.,atp_104,atp_62
29,Paris,French Open,5/25/2025,Grand Slam,Outdoor,Clay,1st Round,5,Brooksby J.,Faria J.,161,115.0,347,493.0,6.0,1.0,3.0,6.0,6.0,3.0,6.0,2.0,,,3.0,1.0,Completed,1.57,2.38,1.65,2.4,1.67,2.45,1.6,2.38,,,brooksby j.,faria j.,atp_41,atp_143
29,Paris,French Open,5/25/2025,Grand Slam,Outdoor,Clay,1st Round,5,Shelton B.,Sonego L.,13,44.0,2980,1205.0,6.0,4.0,4.0,6.0,3.0,6.0,6.0,2.0,6.0,3.0,3.0,2.0,Completed,1.62,2.3,1.58,2.56,1.62,2.62,1.57,2.44,,,shelton b.,sonego l.,atp_9,atp_63
29,Paris,French Open,5/25/2025,Grand Slam,Outdoor,Clay,1st Round,5,Halys Q.,Machac T.,52,22.0,1039,2110.0,7.0,6.0,4.0,1.0,,,,,,,1.0,0.0,Retired,3,1.4,3.24,1.4,3.25,1.43,3.05,1.39,,,halys q.,machac t.,atp_90,atp_55
29,Paris,French Open,5/25/2025,Grand Slam,Outdoor,Clay,1st Round,5,Borges N.,Jacquet K.,41,150.0,1285,388.0,3.0,6.0,6.0,7.0,6.0,4.0,6.0,3.0,6.0,3.0,3.0,2.0,Completed,1.57,2.38,1.55,2.65,1.6,2.68,1.56,2.46,,,borges n.,jacquet k.,atp_48,atp_149
29,Paris,French Open,5/26/2025,Grand Slam,Outdoor,Clay,1st Round,5,Korda S.,Darderi L.,23,45.0,2020,1159.0,6.0,2.0,4.0,6.0,6.0,3.0,6.0,2.0,,,3.0,1.0,Completed,1.91,1.91,1.96,1.94,2.0,1.98,1.92,1.91,,,korda s.,darderi l.,atp_42,atp_19
29,Paris,French Open,5/26/2025,Grand Slam,Outdoor,Clay,1st Round,5,Gaston H.,Blanchet U.,83,193.0,753,289.0,2.0,6.0,6.0,0.0,2.0,6.0,6.0,3.0,6.0,4.0,3.0,2.0,Completed,1.44,2.75,1.5,2.8,1.51,2.92,1.46,2.76,,,gaston h.,blanchet u.,atp_116,atp_157
29,Paris,French Open,5/26/2025,Grand Slam,Outdoor,Clay,1st Round,5,Kecmanovic M.,Baez S.,46,38.0,1146,1410.0,6.0,7.0,6.0,7.0,6.0,4.0,6.0,2.0,6.0,2.0,3.0,2.0,Completed,2.2,1.67,2.21,1.75,2.24,1.79,2.17,1.7,,,kecmanovic m.,baez s.,atp_58,atp_50
29,Paris,French Open,5/26/2025,Grand Slam,Outdoor,Clay,1st Round,5,Popyrin A.,Nishioka Y.,25,77.0,1950,794.0,7.0,5.0,6.0,4.0,1.0,2.0,,,,,2.0,0.0,Retired,1.14,5.5,1.19,5.44,1.2,7.13,1.17,5.33,,,popyrin a.,nishioka y.,atp_45,atp_173
29,Paris,French Open,5/26/2025,Grand Slam,Outdoor,Clay,1st Round,5,Ruud C.,Ramos A.,8,251.0,3655,224.0,6.0,3.0,6.0,4.0,6.0,2.0,,,,,3.0,0.0,Completed,1.04,13.0,1.04,18.01,1.05,24.0,1.03,14.0,,,ruud c.,ramos a.,atp_12,atp_419
29,Paris,French Open,5/26/2025,Grand Slam,Outdoor,Clay,1st Round,5,Tabilo A.,Cazaux A.,61,113.0,940,508.0,5.0,7.0,6.0,3.0,6.0,2.0,1.0,6.0,6.0,3.0,3.0,2.0,Completed,1.57,2.38,1.6,2.52,1.64,2.52,1.57,2.44,,,tabilo a.,cazaux a.,atp_39,atp_68
29,Paris,French Open,5/26/2025,Grand Slam,Outdoor,Clay,1st Round,5,Alcaraz C.,Zeppieri G.,2,310.0,8850,172.0,6.0,3.0,6.0,4.0,6.0,2.0,,,,,3.0,0.0,Completed,1.01,26.0,1.01,54.44,1.01,90.0,1.01,30.06,,,alcaraz c.,zeppieri g.,atp_1,atp_162
29,Paris,French Open,5/26/2025,Grand Slam,Outdoor,Clay,1st Round,5,Tsitsipas S.,Etcheverry T.,20,53.0,2270,1025.0,7.0,5.0,6.0,3.0,6.0,4.0,,,,,3.0,0.0,Completed,1.2,4.5,1.25,4.74,1.27,4.74,1.23,4.35,,,tsitsipas s.,etcheverry t.,atp_49,
29,Paris,French Open,5/26/2025,Grand Slam,Outdoor,Clay,1st Round,5,Davidovich Fokina A.,Llamas Ruiz P.,29,872.0,1770,22.0,6.0,3.0,6.0,2.0,6.0,7.0,6.0,3.0,,,3.0,1.0,Completed,1.1,7.0,1.13,7.13,1.14,7.6,1.11,6.93,,,davidovich fokina a.,llamas ruiz p.,atp_17,atp_151
29,Paris,French Open,5/26/2025,Grand Slam,Outdoor,Clay,1st Round,5,Altmaier D.,Fritz T.,66,4.0,906,4675.0,7.0,5.0,3.0,6.0,6.0,3.0,6.0,1.0,,,3.0,1.0,Completed,3.75,1.29,3.74,1.32,4.0,1.33,3.71,1.28,,,altmaier d.,fritz t.,atp_52,atp_8
29,Paris,French Open,5/26/2025,Grand Slam,Outdoor,Clay,1st Round,5,Rune H.,Bautista Agut R.,10,49.0,3440,1064.0,6.0,7.0,6.0,4.0,6.0,3.0,6.0,2.0,,,3.0,1.0,Completed,1.14,5.5,1.18,5.67,1.19,6.2,1.16,5.36,,,rune h.,bautista agut r.,atp_29,atp_80
29,Paris,French Open,5/26/2025,Grand Slam,Outdoor,Clay,1st Round,5,Fearnley J.,Wawrinka S.,55,138.0,991,432.0,7.0,6.0,6.0,3.0,6.0,2.0,,,,,3.0,0.0,Completed,1.5,2.63,1.48,2.88,1.5,2.96,1.47,2.71,,,fearnley j.,wawrinka s.,atp_97,atp_98
29,Paris,French Open,5/26/2025,Grand Slam,Outdoor,Clay,1st Round,5,Khachanov K.,Vukic A.,24,80.0,1960,783.0,6.0,4.0,6.0,4.0,6.0,4.0,,,,,3.0,0.0,Completed,1.1,7.0,1.1,9.13,1.11,9.6,1.09,7.89,,,khachanov k.,vukic a.,atp_15,atp_84
29,Paris,French Open,5/26/2025,Grand Slam,Outdoor,Clay,1st Round,5,Diallo G.,Cerundolo F.,54,18.0,997,2475.0,7.0,5.0,6.0,3.0,6.0,4.0,,,,,3.0,0.0,Completed,6.5,1.11,8.05,1.11,8.2,1.14,7.01,1.11,,,diallo g.,cerundolo f.,atp_36,atp_20
29,Paris,French Open,5/26/2025,Grand Slam,Outdoor,Clay,1st Round,5,Lehecka J.,Thompson J.,34,40.0,1505,1375.0,6.0,4.0,6.0,2.0,6.0,1.0,,,,,3.0,0.0,Completed,1.14,5.5,1.17,5.94,1.17,6.8,1.15,5.68,,,lehecka j.,thompson j.,atp_14,atp_131
29,Paris,French Open,5/26/2025,Grand Slam,Outdoor,Clay,1st Round,5,Ofner S.,Struff J.L.,108,87.0,533,690.0,7.0,6.0,6.0,3.0,6.0,7.0,6.0,2.0,,,3.0,1.0,Completed,1.36,3.2,1.41,3.18,1.45,3.2,1.38,3.1,,,ofner s.,struff j.,atp_78,
29,Paris,French Open,5/26/2025,Grand Slam,Outdoor,Clay,1st Round,5,Gasquet R.,Atmane T.,166,121.0,339,477.0,6.0,2.0,2.0,6.0,6.0,3.0,6.0,0.0,,,3.0,1.0,Completed,2.38,1.57,2.55,1.58,2.56,1.62,2.46,1.56,,,gasquet r.,atmane t.,atp_384,atp_44
29,Paris,French Open,5/26/2025,Grand Slam,Outdoor,Clay,1st Round,5,Shapovalov D.,Martinez P.,31,48.0,1701,1070.0,6.0,2.0,6.0,0.0,6.0,3.0,,,,,3.0,0.0,Completed,1.5,2.63,1.58,2.54,1.61,2.63,1.55,2.49,,,shapovalov d.,martinez p.,atp_38,atp_113
29,Paris,French Open,5/26/2025,Grand Slam,Outdoor,Clay,1st Round,5,Misolic F.,Bu Y.,153,70.0,374,874.0,5.0,7.0,7.0,6.0,7.0,6.0,6.0,1.0,,,3.0,1.0,Completed,1.57,2.38,1.62,2.45,1.68,2.45,1.58,2.4,,,misolic f.,bu y.,atp_86,
29,Paris,French Open,5/26/2025,Grand Slam,Outdoor,Clay,1st Round,5,Fils A.,Jarry N.,14,149.0,2845,390.0,6.0,3.0,6.0,4.0,6.0,7.0,6.0,3.0,,,3.0,1.0,Completed,1.14,5.5,1.17,5.92,1.21,6.8,1.15,5.54,,,fils a.,jarry n.,atp_28,atp_154
29,Paris,French Open,5/26/2025,Grand Slam,Outdoor,Clay,1st Round,5,Humbert U.,O Connell C.,21,82.0,2155,762.0,7.0,5.0,6.0,3.0,7.0,6.0,,,,,3.0,0.0,Completed,1.44,2.75,1.56,2.61,1.56,2.78,1.52,2.59,,,humbert u.,oconnell c.,atp_34,atp_128
29,Paris,French Open,5/26/2025,Grand Slam,Outdoor,Clay,1st Round,5,Munar J.,Ugo Carabelli C.,57,51.0,962,1040.0,6.0,4.0,6.0,1.0,7.0,5.0,,,,,3.0,0.0,Completed,1.57,2.38,1.69,2.31,1.69,2.46,1.62,2.34,,,munar j.,ugo carabelli c.,atp_37,atp_67
29,Paris,French Open,5/26/2025,Grand Slam,Outdoor,Clay,1st Round,5,Griekspoor T.,Giron M.,35,43.0,1485,1265.0,4.0,6.0,6.0,3.0,6.0,4.0,7.0,5.0,,,3.0,1.0,Completed,1.3,3.5,1.3,3.89,1.3,4.2,1.28,3.71,,,griekspoor t.,giron m.,atp_30,atp_66
29,Paris,French Open,5/26/2025,Grand Slam,Outdoor,Clay,1st Round,5,Sinner J.,Rinderknech A.,1,75.0,10380,801.0,6.0,4.0,6.0,3.0,7.0,5.0,,,,,3.0,0.0,Completed,1.01,29.0,1.01,39.89,1.02,60.0,1.01,24.75,,,sinner j.,rinderknech a.,atp_2,atp_27
29,Paris,French Open,5/27/2025,Grand Slam,Outdoor,Clay,1st Round,5,De Minaur A.,Djere L.,9,59.0,3635,952.0,6.0,3.0,6.0,4.0,7.0,6.0,,,,,3.0,0.0,Completed,1.2,4.5,1.24,4.54,1.25,4.8,1.22,4.38,,,de minaur a.,djere l.,atp_6,atp_204
29,Paris,French Open,5/27/2025,Grand Slam,Outdoor,Clay,1st Round,5,Gomez F.A.,Kovacevic A.,144,76.0,405,799.0,4.0,6.0,6.0,4.0,6.0,4.0,6.0,1.0,,,3.0,1.0,Completed,2.3,1.62,2.4,1.65,2.44,1.68,2.32,1.62,,,gomez f.,kovacevic a.,,atp_85
29,Paris,French Open,5/27/2025,Grand Slam,Outdoor,Clay,1st Round,5,Norrie C.,Medvedev D.,81,11.0,762,3290.0,7.0,5.0,6.0,3.0,4.0,6.0,1.0,6.0,7.0,5.0,3.0,2.0,Completed,4.5,1.2,4.43,1.25,4.5,1.27,4.33,1.23,,,norrie c.,medvedev d.,atp_24,atp_10
29,Paris,French Open,5/27/2025,Grand Slam,Outdoor,Clay,1st Round,5,Shevchenko A.,Lajovic D.,103,125.0,580,466.0,6.0,2.0,6.0,4.0,7.0,6.0,,,,,3.0,0.0,Completed,2.75,1.44,2.89,1.48,3.1,1.5,2.85,1.44,,,shevchenko a.,lajovic d.,atp_76,atp_132
29,Paris,French Open,5/27/2025,Grand Slam,Outdoor,Clay,1st Round,5,Dimitrov G.,Quinn E.,17,106.0,2595,538.0,6.0,2.0,6.0,3.0,2.0,6.0,,,,,2.0,1.0,Completed,1.33,3.4,1.37,3.4,1.37,3.6,1.34,3.35,,,dimitrov g.,quinn e.,atp_93,atp_56
29,Paris,French Open,5/27/2025,Grand Slam,Outdoor,Clay,1st Round,5,Bublik A.,Duckworth J.,62,92.0,915,651.0,6.0,2.0,6.0,4.0,6.0,4.0,,,,,3.0,0.0,Completed,1.14,5.5,1.17,5.86,1.2,6.2,1.16,5.42,,,bublik a.,duckworth j.,atp_11,atp_95
29,Paris,French Open,5/27/2025,Grand Slam,Outdoor,Clay,1st Round,5,Zverev A.,Tien L.,3,67.0,7285,893.0,6.0,3.0,6.0,3.0,6.0,4.0,,,,,3.0,0.0,Completed,1.03,15.0,1.05,13.31,1.05,21.0,1.03,14.03,,,zverev a.,tien l.,atp_3,atp_22
29,Paris,French Open,5/27/2025,Grand Slam,Outdoor,Clay,1st Round,5,De Jong J.,Passaro F.,88,139.0,690,423.0,3.0,6.0,6.0,7.0,6.0,4.0,7.0,6.0,6.0,1.0,3.0,2.0,Completed,1.53,2.5,1.53,2.71,1.56,2.78,1.51,2.61,,,de jong j.,passaro f.,atp_99,atp_146
29,Paris,French Open,5/27/2025,Grand Slam,Outdoor,Clay,1st Round,5,Mensik J.,Muller A.,19,39.0,2272,1388.0,7.0,5.0,6.0,7.0,7.0,5.0,6.0,3.0,,,3.0,1.0,Completed,1.4,3.0,1.4,3.2,1.44,3.32,1.39,3.07,,,mensik j.,muller a.,atp_26,atp_94
29,Paris,French Open,5/27/2025,Grand Slam,Outdoor,Clay,1st Round,5,Walton A.,Marterer M.,91,239.0,653,233.0,7.0,6.0,4.0,6.0,6.0,3.0,2.0,6.0,6.0,2.0,3.0,2.0,Completed,4,1.25,3.9,1.3,4.1,1.31,3.82,1.27,,,walton a.,marterer m.,atp_105,
29,Paris,French Open,5/27/2025,Grand Slam,Outdoor,Clay,1st Round,5,Herbert P.,Bonzi B.,147,60.0,399,943.0,7.0,5.0,3.0,6.0,4.0,6.0,7.0,5.0,6.0,2.0,3.0,2.0,Completed,2.38,1.57,2.51,1.6,2.56,1.63,2.44,1.57,,,herbert p.,bonzi b.,,atp_103
29,Paris,French Open,5/27/2025,Grand Slam,Outdoor,Clay,1st Round,5,Djokovic N.,McDonald M.,6,98.0,4230,617.0,6.0,3.0,6.0,3.0,6.0,3.0,,,,,3.0,0.0,Completed,1.02,21.0,1.02,22.07,1.02,38.0,1.01,18.03,,,djokovic n.,mcdonald m.,atp_4,atp_125
29,Paris,French Open,5/27/2025,Grand Slam,Outdoor,Clay,1st Round,5,Rocha H.,Basilashvili N.,200,133.0,278,449.0,7.0,6.0,2.0,6.0,7.0,6.0,2.0,6.0,6.0,2.0,3.0,2.0,Completed,2.75,1.44,2.89,1.47,2.96,1.5,2.78,1.45,,,rocha h.,basilashvili n.,atp_133,atp_129
29,Paris,French Open,5/27/2025,Grand Slam,Outdoor,Clay,1st Round,5,Rublev A.,Harris L.,15,227.0,2820,244.0,6.0,4.0,4.0,6.0,6.0,3.0,6.0,1.0,,,3.0,1.0,Completed,1.07,9.0,1.09,10.34,1.11,12.5,1.07,9.17,,,rublev a.,harris l.,atp_16,atp_152
29,Paris,French Open,5/27/2025,Grand Slam,Outdoor,Clay,1st Round,5,Draper J.,Bellucci M.,5,68.0,4610,891.0,3.0,6.0,6.0,1.0,6.0,4.0,6.0,2.0,,,3.0,1.0,Completed,1.02,19.0,1.02,24.69,1.03,27.0,1.02,16.9,,,draper j.,bellucci m.,atp_25,atp_73
29,Paris,French Open,5/27/2025,Grand Slam,Outdoor,Clay,1st Round,5,Arnaldi M.,Auger-Aliassime F.,36,27.0,1415,1875.0,5.0,7.0,2.0,6.0,6.0,3.0,6.0,4.0,6.0,2.0,3.0,2.0,Completed,2,1.8,2.05,1.87,2.08,1.91,2.02,1.82,,,arnaldi m.,augeraliassime f.,atp_107,
29,Paris,French Open,5/27/2025,Grand Slam,Outdoor,Clay,1st Round,5,Cobolli F.,Cilic M.,26,104.0,1920,563.0,6.0,2.0,6.0,1.0,6.0,3.0,,,,,3.0,0.0,Completed,1.4,3.0,1.42,3.13,1.44,3.2,1.41,2.99,,,cobolli f.,cilic m.,atp_13,atp_54
29,Paris,French Open,5/27/2025,Grand Slam,Outdoor,Clay,1st Round,5,Moutet C.,Tabur C.,73,280.0,812,196.0,6.0,3.0,7.0,6.0,6.0,3.0,,,,,3.0,0.0,Completed,1.22,4.33,1.25,4.45,1.27,4.7,1.23,4.27,,,moutet c.,tabur c.,atp_32,atp_187
29,Paris,French Open,5/27/2025,Grand Slam,Outdoor,Clay,1st Round,5,Fonseca J.,Hurkacz H.,65,28.0,907,1830.0,6.0,2.0,6.0,4.0,6.0,2.0,,,,,3.0,0.0,Completed,1.8,2.0,1.85,2.07,1.89,2.1,1.8,2.03,,,fonseca j.,hurkacz h.,atp_40,atp_72
29,Paris,French Open,5/27/2025,Grand Slam,Outdoor,Clay,1st Round,5,Monfils G.,Dellien H.,42,90.0,1265,656.0,4.0,6.0,3.0,6.0,6.0,1.0,7.0,6.0,6.0,1.0,3.0,2.0,Completed,1.33,3.4,1.34,3.58,1.37,3.75,1.33,3.41,,,monfils g.,dellien h.,atp_203,atp_160
29,Paris,French Open,5/28/2025,Grand Slam,Outdoor,Clay,2nd Round,5,Musetti L.,Galan D.E.,7,122.0,3860,477.0,6.0,4.0,6.0,0.0,6.0,4.0,,,,,3.0,0.0,Completed,1.03,17.0,1.04,19.79,1.05,26.0,1.02,15.65,,,musetti l.,galan d.,atp_5,
29,Paris,French Open,5/28/2025,Grand Slam,Outdoor,Clay,2nd Round,5,Medjedovic H.,Cerundolo J.M.,74,109.0,811,530.0,6.0,3.0,6.0,4.0,7.0,5.0,,,,,3.0,0.0,Completed,1.44,2.75,1.46,2.94,1.49,3.0,1.45,2.79,,,medjedovic h.,cerundolo j.,atp_81,
29,Paris,French Open,5/28/2025,Grand Slam,Outdoor,Clay,2nd Round,5,Altmaier D.,Kopriva V.,66,86.0,906,715.0,6.0,2.0,4.0,6.0,6.0,3.0,7.0,5.0,,,3.0,1.0,Completed,1.5,2.63,1.57,2.57,1.65,2.63,1.54,2.51,,,altmaier d.,kopriva v.,atp_52,atp_70
29,Paris,French Open,5/28/2025,Grand Slam,Outdoor,Clay,2nd Round,5,Popyrin A.,Tabilo A.,25,61.0,1950,940.0,7.0,5.0,6.0,3.0,6.0,4.0,,,,,3.0,0.0,Completed,1.5,2.63,1.56,2.59,1.59,2.66,1.52,2.56,,,popyrin a.,tabilo a.,atp_45,atp_39
29,Paris,French Open,5/28/2025,Grand Slam,Outdoor,Clay,2nd Round,5,Halys Q.,Kecmanovic M.,52,46.0,1039,1146.0,4.0,6.0,6.0,3.0,7.0,6.0,7.0,5.0,,,3.0,1.0,Completed,2.38,1.57,2.37,1.66,2.5,1.66,2.41,1.58,,,halys q.,kecmanovic m.,atp_90,atp_58
29,Paris,French Open,5/28/2025,Grand Slam,Outdoor,Clay,2nd Round,5,Navone M.,Opelka R.,97,93.0,620,651.0,6.0,1.0,7.0,6.0,6.0,3.0,,,,,3.0,0.0,Completed,1.25,4.0,1.25,4.49,1.28,4.7,1.24,4.1,,,navone m.,opelka r.,atp_60,atp_64
29,Paris,French Open,5/28/2025,Grand Slam,Outdoor,Clay,2nd Round,5,Borges N.,Ruud C.,41,8.0,1285,3655.0,2.0,6.0,6.0,4.0,6.0,1.0,6.0,0.0,,,3.0,1.0,Completed,8,1.08,9.72,1.09,10.0,1.11,8.33,1.08,,,borges n.,ruud c.,atp_48,atp_12
29,Paris,French Open,5/28/2025,Grand Slam,Outdoor,Clay,2nd Round,5,Khachanov K.,Ofner S.,24,108.0,1960,533.0,7.0,5.0,3.0,6.0,7.0,5.0,4.0,6.0,6.0,2.0,3.0,2.0,Completed,1.44,2.75,1.42,3.11,1.5,3.2,1.45,2.79,,,khachanov k.,ofner s.,atp_15,atp_78
29,Paris,French Open,5/28/2025,Grand Slam,Outdoor,Clay,2nd Round,5,Alcaraz C.,Marozsan F.,2,56.0,8850,990.0,6.0,1.0,4.0,6.0,6.0,1.0,6.0,2.0,,,3.0,1.0,Completed,1.03,15.0,1.03,19.15,1.03,26.0,1.02,15.56,,,alcaraz c.,marozsan f.,atp_1,atp_47
29,Paris,French Open,5/28/2025,Grand Slam,Outdoor,Clay,2nd Round,5,Dzumhur D.,Mpetshi G.,69,37.0,875,1414.0,7.0,6.0,6.0,3.0,4.0,6.0,6.0,4.0,,,3.0,1.0,Completed,2.63,1.5,2.54,1.58,2.63,1.65,2.55,1.52,,,dzumhur d.,mpetshi perricard g.,atp_74,atp_57
29,Paris,French Open,5/28/2025,Grand Slam,Outdoor,Clay,2nd Round,5,Paul T.,Fucsovics M.,12,124.0,3210,468.0,4.0,6.0,2.0,6.0,6.0,3.0,7.0,5.0,6.0,4.0,3.0,2.0,Completed,1.17,5.0,1.22,4.97,1.24,5.0,1.19,4.87,,,paul t.,fucsovics m.,atp_21,atp_51
29,Paris,French Open,5/28/2025,Grand Slam,Outdoor,Clay,2nd Round,5,Gigante M.,Tsitsipas S.,167,20.0,338,2270.0,6.0,4.0,5.0,7.0,6.0,2.0,6.0,4.0,,,3.0,1.0,Completed,8,1.08,9.69,1.09,10.5,1.1,8.43,1.08,,,gigante m.,tsitsipas s.,atp_192,atp_49
29,Paris,French Open,5/28/2025,Grand Slam,Outdoor,Clay,2nd Round,5,Korda S.,Brooksby J.,23,161.0,2020,347.0,6.0,1.0,6.0,2.0,7.0,6.0,,,,,3.0,0.0,Completed,1.33,3.4,1.35,3.54,1.36,3.7,1.32,3.44,,,korda s.,brooksby j.,atp_42,atp_41
29,Paris,French Open,5/28/2025,Grand Slam,Outdoor,Clay,2nd Round,5,Shelton B.,Gaston H.,13,83.0,2980,753.0,,,,,,,,,,,,,Walkover,1.36,3.2,1.42,3.13,1.42,3.25,1.37,3.04,,,shelton b.,gaston h.,atp_9,atp_116
29,Paris,French Open,5/28/2025,Grand Slam,Outdoor,Clay,2nd Round,5,Tiafoe F.,Carreno Busta P.,16,99.0,2665,615.0,6.0,4.0,6.0,3.0,6.0,1.0,,,,,3.0,0.0,Completed,1.53,2.5,1.62,2.46,1.64,2.65,1.55,2.49,,,tiafoe f.,carreno busta p.,atp_18,atp_88
29,Paris,French Open,5/28/2025,Grand Slam,Outdoor,Clay,2nd Round,5,Rune H.,Nava E.,10,137.0,3440,433.0,6.0,3.0,7.0,6.0,6.0,3.0,,,,,3.0,0.0,Completed,1.13,6.0,1.12,7.54,1.14,8.6,1.12,6.43,,,rune h.,nava e.,atp_29,atp_104
29,Paris,French Open,5/29/2025,Grand Slam,Outdoor,Clay,2nd Round,5,Bublik A.,De Minaur A.,62,9.0,915,3635.0,2.0,6.0,2.0,6.0,6.0,4.0,6.0,3.0,6.0,2.0,3.0,2.0,Completed,8,1.08,8.88,1.1,8.88,1.12,7.77,1.09,,,bublik a.,de minaur a.,atp_11,atp_6
29,Paris,French Open,5/29/2025,Grand Slam,Outdoor,Clay,2nd Round,5,Lehecka J.,Davidovich Fokina A.,34,29.0,1505,1770.0,6.0,3.0,3.0,6.0,6.0,1.0,6.0,2.0,,,3.0,1.0,Completed,2.1,1.73,2.1,1.83,2.16,1.85,2.07,1.78,,,lehecka j.,davidovich fokina a.,atp_14,atp_17
29,Paris,French Open,5/29/2025,Grand Slam,Outdoor,Clay,2nd Round,5,Fils A.,Munar J.,14,57.0,2845,962.0,7.0,6.0,7.0,6.0,2.0,6.0,0.0,6.0,6.0,4.0,3.0,2.0,Completed,1.17,5.0,1.19,5.51,1.2,5.7,1.17,5.17,,,fils a.,munar j.,atp_28,atp_37
29,Paris,French Open,5/29/2025,Grand Slam,Outdoor,Clay,2nd Round,5,Rocha H.,Mensik J.,200,19.0,278,2272.0,2.0,6.0,1.0,6.0,6.0,4.0,6.0,3.0,6.0,3.0,3.0,2.0,Completed,11,1.05,13.9,1.06,16.5,1.06,11.78,1.05,,,rocha h.,mensik j.,atp_133,atp_26
29,Paris,French Open,5/29/2025,Grand Slam,Outdoor,Clay,2nd Round,5,Zverev A.,De Jong J.,3,88.0,7285,690.0,3.0,6.0,6.0,1.0,6.0,2.0,6.0,3.0,,,3.0,1.0,Completed,1.04,13.0,1.04,17.04,1.04,20.0,1.03,13.32,,,zverev a.,de jong j.,atp_3,atp_99
29,Paris,French Open,5/29/2025,Grand Slam,Outdoor,Clay,2nd Round,5,Griekspoor T.,Diallo G.,35,54.0,1485,997.0,7.0,5.0,7.0,6.0,1.0,6.0,6.0,3.0,,,3.0,1.0,Completed,1.53,2.5,1.61,2.49,1.62,2.6,1.57,2.43,,,griekspoor t.,diallo g.,atp_30,atp_36
29,Paris,French Open,5/29/2025,Grand Slam,Outdoor,Clay,2nd Round,5,Sinner J.,Gasquet R.,1,166.0,10380,339.0,6.0,3.0,6.0,0.0,6.0,4.0,,,,,3.0,0.0,Completed,1.01,34.0,1.01,39.43,1.01,60.0,1.01,23.89,,,sinner j.,gasquet r.,atp_2,atp_384
29,Paris,French Open,5/29/2025,Grand Slam,Outdoor,Clay,2nd Round,5,Rublev A.,Walton A.,15,91.0,2820,653.0,7.0,6.0,6.0,1.0,7.0,6.0,,,,,3.0,0.0,Completed,1.03,15.0,1.04,20.18,1.05,22.0,1.03,14.58,,,rublev a.,walton a.,atp_16,atp_105
29,Paris,French Open,5/29/2025,Grand Slam,Outdoor,Clay,2nd Round,5,Cobolli F.,Arnaldi M.,26,36.0,1920,1415.0,6.0,3.0,6.0,3.0,6.0,7.0,6.0,1.0,,,3.0,1.0,Completed,1.73,2.1,1.87,2.04,1.93,2.12,1.8,2.04,,,cobolli f.,arnaldi m.,atp_13,atp_107
29,Paris,French Open,5/29/2025,Grand Slam,Outdoor,Clay,2nd Round,5,Fonseca J.,Herbert P.,65,147.0,907,399.0,7.0,6.0,7.0,6.0,6.0,4.0,,,,,3.0,0.0,Completed,1.03,15.0,1.05,14.24,1.07,15.0,1.03,13.06,,,fonseca j.,herbert p.,atp_40,
29,Paris,French Open,5/29/2025,Grand Slam,Outdoor,Clay,2nd Round,5,Norrie C.,Gomez F.A.,81,144.0,762,405.0,7.0,6.0,6.0,2.0,6.0,1.0,,,,,3.0,0.0,Completed,1.13,6.0,1.15,6.66,1.17,6.66,1.14,6.0,,,norrie c.,gomez f.,atp_24,
29,Paris,French Open,5/29/2025,Grand Slam,Outdoor,Clay,2nd Round,5,Quinn E.,Shevchenko A.,106,103.0,538,580.0,6.0,4.0,4.0,6.0,6.0,7.0,7.0,6.0,7.0,5.0,3.0,2.0,Completed,2.1,1.73,2.23,1.74,2.34,1.79,2.15,1.72,,,quinn e.,shevchenko a.,atp_56,atp_76
29,Paris,French Open,5/29/2025,Grand Slam,Outdoor,Clay,2nd Round,5,Djokovic N.,Moutet C.,6,73.0,4230,812.0,6.0,3.0,6.0,2.0,7.0,6.0,,,,,3.0,0.0,Completed,1.07,9.0,1.09,9.4,1.11,9.6,1.08,8.41,,,djokovic n.,moutet c.,atp_4,atp_32
29,Paris,French Open,5/29/2025,Grand Slam,Outdoor,Clay,2nd Round,5,Misolic F.,Shapovalov D.,153,31.0,374,1701.0,7.0,6.0,7.0,6.0,4.0,6.0,4.0,6.0,6.0,3.0,3.0,2.0,Completed,2.38,1.57,2.42,1.64,2.54,1.64,2.4,1.59,,,misolic f.,shapovalov d.,atp_86,atp_38
29,Paris,French Open,5/29/2025,Grand Slam,Outdoor,Clay,2nd Round,5,Fearnley J.,Humbert U.,55,21.0,991,2155.0,6.0,3.0,4.0,4.0,,,,,,,1.0,0.0,Retired,2.1,1.73,2.22,1.74,2.29,1.76,2.15,1.71,,,fearnley j.,humbert u.,atp_97,atp_34
29,Paris,French Open,5/29/2025,Grand Slam,Outdoor,Clay,2nd Round,5,Draper J.,Monfils G.,5,42.0,4610,1265.0,6.0,3.0,4.0,6.0,6.0,3.0,7.0,5.0,,,3.0,1.0,Completed,1.13,6.0,1.14,6.88,1.15,7.6,1.13,6.2,,,draper j.,monfils g.,atp_25,atp_203
29,Paris,French Open,5/30/2025,Grand Slam,Outdoor,Clay,3rd Round,5,Musetti L.,Navone M.,7,97.0,3860,620.0,4.0,6.0,6.0,4.0,6.0,3.0,6.0,2.0,,,3.0,1.0,Completed,1.1,7.0,1.12,7.59,1.15,7.6,1.11,6.82,,,musetti l.,navone m.,atp_5,atp_60
29,Paris,French Open,5/30/2025,Grand Slam,Outdoor,Clay,3rd Round,5,Paul T.,Khachanov K.,12,24.0,3210,1960.0,6.0,3.0,3.0,6.0,7.0,6.0,3.0,6.0,6.0,3.0,3.0,2.0,Completed,2.1,1.73,2.13,1.8,2.22,1.8,2.08,1.75,,,paul t.,khachanov k.,atp_21,atp_15
29,Paris,French Open,5/30/2025,Grand Slam,Outdoor,Clay,3rd Round,5,Popyrin A.,Borges N.,25,41.0,1950,1285.0,6.0,4.0,7.0,6.0,7.0,6.0,,,,,3.0,0.0,Completed,1.73,2.1,1.83,2.1,1.84,2.16,1.77,2.08,,,popyrin a.,borges n.,atp_45,atp_48
29,Paris,French Open,5/30/2025,Grand Slam,Outdoor,Clay,3rd Round,5,Rune H.,Halys Q.,10,52.0,3440,1039.0,4.0,6.0,6.0,2.0,5.0,7.0,7.0,5.0,6.0,2.0,3.0,2.0,Completed,1.17,5.0,1.18,5.68,1.2,6.2,1.17,5.17,,,rune h.,halys q.,atp_29,atp_90
29,Paris,French Open,5/30/2025,Grand Slam,Outdoor,Clay,3rd Round,5,Altmaier D.,Medjedovic H.,66,74.0,906,811.0,4.0,6.0,6.0,3.0,6.0,3.0,6.0,2.0,,,3.0,1.0,Completed,2.5,1.53,2.49,1.61,2.56,1.62,2.44,1.56,,,altmaier d.,medjedovic h.,atp_52,atp_81
29,Paris,French Open,5/30/2025,Grand Slam,Outdoor,Clay,3rd Round,5,Shelton B.,Gigante M.,13,167.0,2980,338.0,6.0,3.0,6.0,3.0,6.0,4.0,,,,,3.0,0.0,Completed,1.53,2.5,1.52,2.72,1.55,2.78,1.52,2.58,,,shelton b.,gigante m.,atp_9,atp_192
29,Paris,French Open,5/30/2025,Grand Slam,Outdoor,Clay,3rd Round,5,Tiafoe F.,Korda S.,16,23.0,2665,2020.0,7.0,6.0,6.0,3.0,6.0,4.0,,,,,3.0,0.0,Completed,2,1.8,2.05,1.87,2.08,1.94,1.98,1.84,,,tiafoe f.,korda s.,atp_18,atp_42
29,Paris,French Open,5/30/2025,Grand Slam,Outdoor,Clay,3rd Round,5,Alcaraz C.,Dzumhur D.,2,69.0,8850,875.0,6.0,1.0,6.0,3.0,4.0,6.0,6.0,4.0,,,3.0,1.0,Completed,1.01,34.0,1.0,90.33,1.01,90.33,1.01,33.42,,,alcaraz c.,dzumhur d.,atp_1,atp_74
29,Paris,French Open,5/31/2025,Grand Slam,Outdoor,Clay,3rd Round,5,Griekspoor T.,Quinn E.,35,106.0,1485,538.0,4.0,6.0,6.0,1.0,6.0,7.0,6.0,1.0,6.0,4.0,3.0,2.0,Completed,1.17,5.0,1.19,5.46,1.22,5.46,1.18,5.07,,,griekspoor t.,quinn e.,atp_30,atp_56
29,Paris,French Open,5/31/2025,Grand Slam,Outdoor,Clay,3rd Round,5,Sinner J.,Lehecka J.,1,34.0,10380,1505.0,6.0,0.0,6.0,1.0,6.0,2.0,,,,,3.0,0.0,Completed,1.07,9.0,1.06,13.66,1.08,13.67,1.06,9.83,,,sinner j.,lehecka j.,atp_2,atp_14
29,Paris,French Open,5/31/2025,Grand Slam,Outdoor,Clay,3rd Round,5,Rublev A.,Fils A.,15,14.0,2820,2845.0,,,,,,,,,,,,,Walkover,1.57,2.38,1.68,2.32,1.68,2.5,1.61,2.34,,,rublev a.,fils a.,atp_16,atp_28
29,Paris,French Open,5/31/2025,Grand Slam,Outdoor,Clay,3rd Round,5,Zverev A.,Cobolli F.,3,26.0,7285,1920.0,6.0,2.0,7.0,6.0,6.0,1.0,,,,,3.0,0.0,Completed,1.17,5.0,1.21,5.14,1.21,5.6,1.19,4.89,,,zverev a.,cobolli f.,atp_3,atp_13
29,Paris,French Open,5/31/2025,Grand Slam,Outdoor,Clay,3rd Round,5,Draper J.,Fonseca J.,5,65.0,4610,907.0,6.0,2.0,6.0,4.0,6.0,2.0,,,,,3.0,0.0,Completed,1.5,2.63,1.43,3.06,1.52,3.06,1.46,2.76,,,draper j.,fonseca j.,atp_25,atp_40
29,Paris,French Open,5/31/2025,Grand Slam,Outdoor,Clay,3rd Round,5,Bublik A.,Rocha H.,62,200.0,915,278.0,7.0,5.0,6.0,1.0,6.0,2.0,,,,,3.0,0.0,Completed,1.3,3.5,1.33,3.65,1.37,3.7,1.31,3.48,,,bublik a.,rocha h.,atp_11,atp_133
29,Paris,French Open,5/31/2025,Grand Slam,Outdoor,Clay,3rd Round,5,Norrie C.,Fearnley J.,81,55.0,762,991.0,6.0,3.0,7.0,6.0,6.0,2.0,,,,,3.0,0.0,Completed,1.73,2.1,1.81,2.12,1.84,2.16,1.74,2.1,,,norrie c.,fearnley j.,atp_24,atp_97
29,Paris,French Open,5/31/2025,Grand Slam,Outdoor,Clay,3rd Round,5,Djokovic N.,Misolic F.,6,153.0,4230,374.0,6.0,3.0,6.0,4.0,6.0,2.0,,,,,3.0,0.0,Completed,1.05,11.0,1.07,10.82,1.07,15.0,1.06,10.1,,,djokovic n.,misolic f.,atp_4,atp_86
29,Paris,French Open,6/1/2025,Grand Slam,Outdoor,Clay,4th Round,5,Paul T.,Popyrin A.,12,25.0,3210,1950.0,6.0,3.0,6.0,3.0,6.0,3.0,,,,,3.0,0.0,Completed,1.57,2.38,1.67,2.36,1.67,2.58,1.59,2.39,,,paul t.,popyrin a.,atp_21,atp_45
29,Paris,French Open,6/1/2025,Grand Slam,Outdoor,Clay,4th Round,5,Alcaraz C.,Shelton B.,2,13.0,8850,2980.0,7.0,6.0,6.0,3.0,4.0,6.0,6.0,4.0,,,3.0,1.0,Completed,1.05,11.0,1.05,13.88,1.07,14.0,1.04,11.11,,,alcaraz c.,shelton b.,atp_1,atp_9
29,Paris,French Open,6/1/2025,Grand Slam,Outdoor,Clay,4th Round,5,Tiafoe F.,Altmaier D.,16,66.0,2665,906.0,6.0,3.0,6.0,4.0,7.0,6.0,,,,,3.0,0.0,Completed,1.5,2.63,1.54,2.66,1.56,2.83,1.49,2.63,,,tiafoe f.,altmaier d.,atp_18,atp_52
29,Paris,French Open,6/1/2025,Grand Slam,Outdoor,Clay,4th Round,5,Musetti L.,Rune H.,7,10.0,3860,3440.0,7.0,5.0,3.0,6.0,6.0,3.0,6.0,2.0,,,3.0,1.0,Completed,1.44,2.75,1.49,2.85,1.52,2.98,1.46,2.75,,,musetti l.,rune h.,atp_5,atp_29
29,Paris,French Open,6/2/2025,Grand Slam,Outdoor,Clay,4th Round,5,Zverev A.,Griekspoor T.,3,35.0,7285,1485.0,6.0,4.0,3.0,0.0,,,,,,,1.0,0.0,Retired,1.13,6.0,1.15,6.47,1.16,7.2,1.13,6.16,,,zverev a.,griekspoor t.,atp_3,atp_30
29,Paris,French Open,6/2/2025,Grand Slam,Outdoor,Clay,4th Round,5,Djokovic N.,Norrie C.,6,81.0,4230,762.0,6.0,2.0,6.0,3.0,6.0,2.0,,,,,3.0,0.0,Completed,1.08,8.0,1.07,12.26,1.1,12.26,1.08,8.71,,,djokovic n.,norrie c.,atp_4,atp_24
29,Paris,French Open,6/2/2025,Grand Slam,Outdoor,Clay,4th Round,5,Bublik A.,Draper J.,62,5.0,915,4610.0,5.0,7.0,6.0,3.0,6.0,2.0,6.0,4.0,,,3.0,1.0,Completed,9,1.07,10.11,1.08,11.5,1.1,8.56,1.08,,,bublik a.,draper j.,atp_11,atp_25
29,Paris,French Open,6/2/2025,Grand Slam,Outdoor,Clay,4th Round,5,Sinner J.,Rublev A.,1,15.0,10380,2820.0,6.0,1.0,6.0,3.0,6.0,4.0,,,,,3.0,0.0,Completed,1.05,11.0,1.06,12.79,1.07,14.5,1.05,10.7,,,sinner j.,rublev a.,atp_2,atp_16
29,Paris,French Open,6/3/2025,Grand Slam,Outdoor,Clay,Quarterfinals,5,Musetti L.,Tiafoe F.,7,16.0,3860,2665.0,6.0,2.0,4.0,6.0,7.0,5.0,6.0,2.0,,,3.0,1.0,Completed,1.22,4.33,1.22,4.89,1.25,5.1,1.22,4.41,,,musetti l.,tiafoe f.,atp_5,atp_18
29,Paris,French Open,6/3/2025,Grand Slam,Outdoor,Clay,Quarterfinals,5,Alcaraz C.,Paul T.,2,12.0,8850,3210.0,6.0,0.0,6.0,1.0,6.0,4.0,,,,,3.0,0.0,Completed,1.08,8.0,1.12,7.82,1.12,10.0,1.09,7.99,,,alcaraz c.,paul t.,atp_1,atp_21
29,Paris,French Open,6/4/2025,Grand Slam,Outdoor,Clay,Quarterfinals,5,Sinner J.,Bublik A.,1,62.0,10380,915.0,6.0,1.0,7.0,5.0,6.0,0.0,,,,,3.0,0.0,Completed,1.03,17.0,1.03,17.08,1.04,21.0,1.02,14.36,,,sinner j.,bublik a.,atp_2,atp_11
29,Paris,French Open,6/4/2025,Grand Slam,Outdoor,Clay,Quarterfinals,5,Djokovic N.,Zverev A.,6,3.0,4230,7285.0,4.0,6.0,6.0,3.0,6.0,2.0,6.0,4.0,,,3.0,1.0,Completed,1.91,1.91,1.96,1.94,2.02,1.97,1.92,1.92,,,djokovic n.,zverev a.,atp_4,atp_3
29,Paris,French Open,6/6/2025,Grand Slam,Outdoor,Clay,Semifinals,5,Alcaraz C.,Musetti L.,2,7.0,8850,3860.0,4.0,6.0,7.0,6.0,6.0,0.0,2.0,0.0,,,2.0,1.0,Retired,1.13,6.0,1.15,6.6,1.16,6.8,1.14,6.08,,,alcaraz c.,musetti l.,atp_1,atp_5
29,Paris,French Open,6/6/2025,Grand Slam,Outdoor,Clay,Semifinals,5,Sinner J.,Djokovic N.,1,6.0,10380,4230.0,6.0,4.0,7.0,5.0,7.0,6.0,,,,,3.0,0.0,Completed,1.22,4.33,1.27,4.18,1.29,4.33,1.25,4.03,,,sinner j.,djokovic n.,atp_2,atp_4
29,Paris,French Open,6/8/2025,Grand Slam,Outdoor,Clay,The Final,5,Alcaraz C.,Sinner J.,2,1.0,8850,10380.0,4.0,6.0,6.0,7.0,6.0,4.0,7.0,6.0,7.0,6.0,3.0,2.0,Completed,2,1.83,2.03,1.88,2.03,1.94,1.85,1.95,,,alcaraz c.,sinner j.,atp_1,atp_2
30,Stuttgart,Stuttgart Open,6/9/2025,ATP250,Outdoor,Grass,1st Round,3,Lehecka J.,Bonzi B.,33,61.0,1605,945.0,6.0,4.0,6.0,4.0,,,,,,,2.0,0.0,Completed,1.36,3.0,1.43,3.05,1.43,3.2,1.39,2.95,,,lehecka j.,bonzi b.,atp_14,atp_103
30,Stuttgart,Stuttgart Open,6/9/2025,ATP250,Outdoor,Grass,1st Round,3,Nakashima B.,Fearnley J.,31,49.0,1650,1078.0,4.0,6.0,7.0,6.0,6.0,1.0,,,,,2.0,1.0,Completed,1.85,1.95,1.9,1.99,1.95,2.02,1.87,1.91,,,nakashima b.,fearnley j.,atp_33,atp_97
30,Stuttgart,Stuttgart Open,6/9/2025,ATP250,Outdoor,Grass,1st Round,3,Struff J.L.,Arnaldi M.,103,41.0,600,1265.0,6.0,4.0,6.0,4.0,,,,,,,2.0,0.0,Completed,2,1.83,1.98,1.91,2.06,1.91,1.97,1.82,,,struff j.,arnaldi m.,,atp_107
30,Stuttgart,Stuttgart Open,6/9/2025,ATP250,Outdoor,Grass,1st Round,3,Mpetshi G.,Safiullin R.,36,74.0,1464,816.0,7.0,6.0,3.0,6.0,7.0,5.0,,,,,2.0,1.0,Completed,1.53,2.4,1.58,2.41,1.63,2.63,1.54,2.44,,,mpetshi perricard g.,safiullin r.,atp_57,atp_229
30,Stuttgart,Stuttgart Open,6/10/2025,ATP250,Outdoor,Grass,1st Round,3,Rinderknech A.,Shapovalov D.,81,30.0,761,1651.0,6.0,4.0,2.0,6.0,6.0,0.0,,,,,2.0,1.0,Completed,2.88,1.4,2.98,1.44,3.25,1.47,2.85,1.42,,,rinderknech a.,shapovalov d.,atp_27,atp_38
30,Stuttgart,Stuttgart Open,6/10/2025,ATP250,Outdoor,Grass,1st Round,3,Herbert P.,Dzumhur D.,132,67.0,449,900.0,6.0,4.0,3.0,0.0,,,,,,,1.0,0.0,Retired,1.5,2.6,1.5,2.78,1.53,2.92,1.52,2.55,,,herbert p.,dzumhur d.,,atp_74
30,Stuttgart,Stuttgart Open,6/10/2025,ATP250,Outdoor,Grass,1st Round,3,Fucsovics M.,Hanfmann Y.,112,135.0,508,440.0,7.0,5.0,6.0,4.0,,,,,,,2.0,0.0,Completed,1.5,2.6,1.54,2.64,1.58,2.7,1.49,2.6,,,fucsovics m.,hanfmann y.,atp_51,atp_61
30,Stuttgart,Stuttgart Open,6/10/2025,ATP250,Outdoor,Grass,1st Round,3,Halys Q.,Sonego L.,47,45.0,1123,1165.0,6.0,7.0,7.0,5.0,6.0,4.0,,,,,2.0,1.0,Completed,1.57,2.3,1.61,2.44,1.62,2.58,1.59,2.32,,,halys q.,sonego l.,atp_90,atp_63
30,Stuttgart,Stuttgart Open,6/10/2025,ATP250,Outdoor,Grass,1st Round,3,Engel J.,Duckworth J.,281,94.0,191,653.0,4.0,6.0,6.0,4.0,7.0,6.0,,,,,2.0,1.0,Completed,4,1.25,3.78,1.31,4.1,1.31,3.71,1.27,,,engel j.,duckworth j.,atp_186,atp_95
30,Stuttgart,Stuttgart Open,6/10/2025,ATP250,Outdoor,Grass,1st Round,3,Tien L.,Nishioka Y.,68,78.0,888,787.0,6.0,7.0,7.0,6.0,,,,,,,1.0,1.0,Retired,1.44,2.7,1.46,2.9,1.5,3.0,1.45,2.71,,,tien l.,nishioka y.,atp_22,atp_173
30,Stuttgart,Stuttgart Open,6/10/2025,ATP250,Outdoor,Grass,1st Round,3,Moutet C.,Fognini F.,91,117.0,662,486.0,6.0,4.0,6.0,7.0,6.0,3.0,,,,,2.0,1.0,Completed,1.33,3.4,1.33,3.58,1.34,3.85,1.31,3.43,,,moutet c.,fognini f.,atp_32,
30,Stuttgart,Stuttgart Open,6/10/2025,ATP250,Outdoor,Grass,1st Round,3,Michelsen A.,Monfils G.,35,42.0,1550,1265.0,6.0,4.0,4.0,6.0,6.0,3.0,,,,,2.0,1.0,Completed,1.75,2.0,1.85,2.04,1.87,2.12,1.79,2.01,,,michelsen a.,monfils g.,atp_35,atp_203
30,Stuttgart,Stuttgart Open,6/11/2025,ATP250,Outdoor,Grass,2nd Round,3,Fucsovics M.,Rinderknech A.,112,81.0,508,761.0,7.0,6.0,6.0,3.0,,,,,,,2.0,0.0,Completed,1.53,2.5,1.53,2.69,1.58,2.82,1.54,2.47,,,fucsovics m.,rinderknech a.,atp_51,atp_27
30,Stuttgart,Stuttgart Open,6/11/2025,ATP250,Outdoor,Grass,2nd Round,3,Shelton B.,Herbert P.,12,132.0,3080,449.0,7.0,6.0,7.0,5.0,,,,,,,2.0,0.0,Completed,1.33,3.4,1.33,3.66,1.35,3.85,1.32,3.36,,,shelton b.,herbert p.,atp_9,
30,Stuttgart,Stuttgart Open,6/11/2025,ATP250,Outdoor,Grass,2nd Round,3,Fritz T.,Halys Q.,7,47.0,4485,1123.0,6.0,3.0,7.0,6.0,,,,,,,2.0,0.0,Completed,1.36,3.1,1.42,3.13,1.43,3.3,1.38,3.04,,,fritz t.,halys q.,atp_8,atp_90
30,Stuttgart,Stuttgart Open,6/11/2025,ATP250,Outdoor,Grass,2nd Round,3,Lehecka J.,Struff J.L.,33,103.0,1605,600.0,6.0,4.0,7.0,5.0,,,,,,,2.0,0.0,Completed,1.45,2.75,1.5,2.81,1.5,3.0,1.46,2.7,,,lehecka j.,struff j.,atp_14,
30,Stuttgart,Stuttgart Open,6/12/2025,ATP250,Outdoor,Grass,2nd Round,3,Engel J.,Michelsen A.,281,35.0,191,1550.0,6.0,4.0,6.0,4.0,,,,,,,2.0,0.0,Completed,6,1.13,6.63,1.15,7.2,1.15,6.07,1.13,,,engel j.,michelsen a.,atp_186,atp_35
30,Stuttgart,Stuttgart Open,6/12/2025,ATP250,Outdoor,Grass,2nd Round,3,Auger-Aliassime F.,Mpetshi G.,29,36.0,1685,1464.0,6.0,4.0,6.0,4.0,,,,,,,2.0,0.0,Completed,1.67,2.25,1.7,2.27,1.73,2.36,1.64,2.24,,,augeraliassime f.,mpetshi perricard g.,,atp_57
30,Stuttgart,Stuttgart Open,6/12/2025,ATP250,Outdoor,Grass,2nd Round,3,Zverev A.,Moutet C.,3,91.0,6385,662.0,6.0,2.0,7.0,6.0,,,,,,,2.0,0.0,Completed,1.08,8.0,1.09,9.89,1.1,10.0,1.07,8.24,,,zverev a.,moutet c.,atp_3,atp_32
30,Stuttgart,Stuttgart Open,6/12/2025,ATP250,Outdoor,Grass,2nd Round,3,Nakashima B.,Tien L.,31,68.0,1650,888.0,7.0,6.0,6.0,3.0,,,,,,,2.0,0.0,Completed,1.33,3.1,1.4,3.23,1.4,3.5,1.35,3.19,,,nakashima b.,tien l.,atp_33,atp_22
30,Stuttgart,Stuttgart Open,6/13/2025,ATP250,Outdoor,Grass,Quarterfinals,3,Auger-Aliassime F.,Engel J.,29,281.0,1685,191.0,7.0,6.0,6.0,3.0,,,,,,,2.0,0.0,Completed,1.2,4.33,1.24,4.58,1.24,5.0,1.22,4.37,,,augeraliassime f.,engel j.,,atp_186
30,Stuttgart,Stuttgart Open,6/13/2025,ATP250,Outdoor,Grass,Quarterfinals,3,Fritz T.,Fucsovics M.,7,112.0,4485,508.0,6.0,3.0,6.0,4.0,,,,,,,2.0,0.0,Completed,1.4,3.0,1.38,3.34,1.43,3.34,1.38,3.01,,,fritz t.,fucsovics m.,atp_8,atp_51
30,Stuttgart,Stuttgart Open,6/13/2025,ATP250,Outdoor,Grass,Quarterfinals,3,Zverev A.,Nakashima B.,3,31.0,6385,1650.0,7.0,5.0,6.0,4.0,,,,,,,2.0,0.0,Completed,1.29,3.75,1.31,3.81,1.33,3.95,1.29,3.62,,,zverev a.,nakashima b.,atp_3,atp_33
30,Stuttgart,Stuttgart Open,6/13/2025,ATP250,Outdoor,Grass,Quarterfinals,3,Shelton B.,Lehecka J.,12,33.0,3080,1605.0,6.0,4.0,6.0,4.0,,,,,,,2.0,0.0,Completed,1.91,1.91,1.93,1.97,2.0,1.97,1.91,1.89,,,shelton b.,lehecka j.,atp_9,atp_14
30,Stuttgart,Stuttgart Open,6/14/2025,ATP250,Outdoor,Grass,Semifinals,3,Fritz T.,Auger-Aliassime F.,7,29.0,4485,1685.0,6.0,4.0,7.0,6.0,,,,,,,2.0,0.0,Completed,1.57,2.3,1.61,2.49,1.61,2.6,1.54,2.45,,,fritz t.,augeraliassime f.,atp_8,
30,Stuttgart,Stuttgart Open,6/14/2025,ATP250,Outdoor,Grass,Semifinals,3,Zverev A.,Shelton B.,3,12.0,6385,3080.0,7.0,6.0,7.0,6.0,,,,,,,2.0,0.0,Completed,1.57,2.4,1.61,2.48,1.61,2.62,1.56,2.4,,,zverev a.,shelton b.,atp_3,atp_9
30,Stuttgart,Stuttgart Open,6/15/2025,ATP250,Outdoor,Grass,The Final,3,Fritz T.,Zverev A.,7,3.0,4485,6385.0,6.0,3.0,7.0,6.0,,,,,,,2.0,0.0,Completed,2.2,1.67,2.36,1.67,2.36,1.7,2.24,1.64,,,fritz t.,zverev a.,atp_8,atp_3
31,'s-Hertogenbosch,Rosmalen Grass Court Championships,6/9/2025,ATP250,Outdoor,Grass,1st Round,3,Diallo G.,Vukic A.,55,79.0,1007,783.0,7.0,5.0,7.0,6.0,,,,,,,2.0,0.0,Completed,1.6,2.38,1.64,2.39,1.67,2.5,1.59,2.34,,,diallo g.,vukic a.,atp_36,atp_84
31,'s-Hertogenbosch,Rosmalen Grass Court Championships,6/9/2025,ATP250,Outdoor,Grass,1st Round,3,Borges N.,Basavareddy N.,38,105.0,1375,582.0,7.0,6.0,6.0,2.0,,,,,,,2.0,0.0,Completed,1.53,2.4,1.6,2.49,1.6,2.63,1.52,2.51,,,borges n.,basavareddy n.,atp_48,atp_193
31,'s-Hertogenbosch,Rosmalen Grass Court Championships,6/9/2025,ATP250,Outdoor,Grass,1st Round,3,Jarry N.,Darderi L.,150,48.0,398,1119.0,5.0,7.0,6.0,4.0,7.0,6.0,,,,,2.0,1.0,Completed,1.57,2.4,1.58,2.52,1.61,2.58,1.57,2.37,,,jarry n.,darderi l.,atp_154,atp_19
31,'s-Hertogenbosch,Rosmalen Grass Court Championships,6/9/2025,ATP250,Outdoor,Grass,1st Round,3,Thompson J.,Kovacevic A.,37,76.0,1375,799.0,6.0,4.0,6.0,4.0,,,,,,,2.0,0.0,Completed,1.4,2.9,1.43,3.02,1.45,3.05,1.41,2.89,,,thompson j.,kovacevic a.,atp_131,atp_85
31,'s-Hertogenbosch,Rosmalen Grass Court Championships,6/10/2025,ATP250,Outdoor,Grass,1st Round,3,Bergs Z.,Blockx A.,63,145.0,931,410.0,6.0,3.0,1.0,6.0,7.0,6.0,,,,,2.0,1.0,Completed,1.57,2.4,1.63,2.41,1.66,2.48,1.57,2.36,,,bergs z.,blockx a.,atp_46,atp_92
31,'s-Hertogenbosch,Rosmalen Grass Court Championships,6/10/2025,ATP250,Outdoor,Grass,1st Round,3,McDonald M.,Bellucci M.,99,72.0,617,861.0,6.0,1.0,6.0,7.0,6.0,3.0,,,,,2.0,1.0,Completed,1.57,2.3,1.65,2.37,1.65,2.5,1.57,2.38,,,mcdonald m.,bellucci m.,atp_125,atp_73
31,'s-Hertogenbosch,Rosmalen Grass Court Championships,6/10/2025,ATP250,Outdoor,Grass,1st Round,3,Opelka R.,De Jong J.,87,92.0,701,660.0,6.0,7.0,7.0,6.0,6.0,2.0,,,,,2.0,1.0,Completed,1.73,2.1,1.74,2.21,1.79,2.3,1.68,2.18,,,opelka r.,de jong j.,atp_64,atp_99
31,'s-Hertogenbosch,Rosmalen Grass Court Championships,6/10/2025,ATP250,Outdoor,Grass,1st Round,3,Virtanen O.,Etcheverry T.,101,62.0,605,935.0,7.0,6.0,7.0,5.0,,,,,,,2.0,0.0,Completed,1.53,2.5,1.58,2.52,1.58,2.64,1.51,2.55,,,virtanen o.,etcheverry t.,atp_123,
31,'s-Hertogenbosch,Rosmalen Grass Court Championships,6/11/2025,ATP250,Outdoor,Grass,1st Round,3,Mannarino A.,O Connell C.,127,80.0,462,772.0,6.0,1.0,6.0,3.0,,,,,,,2.0,0.0,Completed,1.62,2.2,1.7,2.27,1.74,2.32,1.67,2.18,,,mannarino a.,oconnell c.,atp_43,atp_128
31,'s-Hertogenbosch,Rosmalen Grass Court Championships,6/11/2025,ATP250,Outdoor,Grass,1st Round,3,Evans D.,Hijikata R.,217,75.0,253,811.0,3.0,6.0,6.0,4.0,6.0,3.0,,,,,2.0,1.0,Completed,2.6,1.5,2.63,1.54,2.75,1.7,2.56,1.51,,,evans d.,hijikata r.,atp_197,atp_102
31,'s-Hertogenbosch,Rosmalen Grass Court Championships,6/11/2025,ATP250,Outdoor,Grass,1st Round,3,Hurkacz H.,Bautista Agut R.,32,50.0,1640,1064.0,7.0,6.0,6.0,4.0,,,,,,,2.0,0.0,Completed,1.33,3.4,1.35,3.44,1.37,3.6,1.34,3.25,,,hurkacz h.,bautista agut r.,atp_72,atp_80
31,'s-Hertogenbosch,Rosmalen Grass Court Championships,6/11/2025,ATP250,Outdoor,Grass,1st Round,3,Lajal M.,Djere L.,195,64.0,279,927.0,6.0,2.0,6.0,4.0,,,,,,,2.0,0.0,Completed,1.6,2.25,1.65,2.39,1.71,2.39,1.63,2.25,,,lajal m.,djere l.,atp_161,atp_204
31,'s-Hertogenbosch,Rosmalen Grass Court Championships,6/11/2025,ATP250,Outdoor,Grass,2nd Round,3,Diallo G.,Thompson J.,55,37.0,1007,1375.0,4.0,6.0,6.0,1.0,7.0,5.0,,,,,2.0,1.0,Completed,2.5,1.53,2.59,1.57,2.59,1.62,2.47,1.54,,,diallo g.,thompson j.,atp_36,atp_131
31,'s-Hertogenbosch,Rosmalen Grass Court Championships,6/11/2025,ATP250,Outdoor,Grass,2nd Round,3,Khachanov K.,McDonald M.,24,99.0,2010,617.0,6.0,3.0,5.0,7.0,7.0,6.0,,,,,2.0,1.0,Completed,1.45,2.8,1.5,2.82,1.5,2.98,1.43,2.81,,,khachanov k.,mcdonald m.,atp_15,atp_125
31,'s-Hertogenbosch,Rosmalen Grass Court Championships,6/12/2025,ATP250,Outdoor,Grass,2nd Round,3,Borges N.,Virtanen O.,38,101.0,1375,605.0,,,,,,,,,,,,,Walkover,1.45,2.8,1.56,2.58,1.56,3.0,1.46,2.71,,,borges n.,virtanen o.,atp_48,atp_123
31,'s-Hertogenbosch,Rosmalen Grass Court Championships,6/12/2025,ATP250,Outdoor,Grass,2nd Round,3,Humbert U.,Evans D.,20,217.0,2195,253.0,7.0,5.0,6.0,3.0,,,,,,,2.0,0.0,Completed,1.36,3.2,1.33,3.64,1.5,3.75,1.35,3.25,,,humbert u.,evans d.,atp_34,atp_197
31,'s-Hertogenbosch,Rosmalen Grass Court Championships,6/12/2025,ATP250,Outdoor,Grass,2nd Round,3,Opelka R.,Jarry N.,87,150.0,701,398.0,7.0,6.0,6.0,3.0,,,,,,,2.0,0.0,Completed,1.73,2.05,1.79,2.14,1.84,2.16,1.74,2.07,,,opelka r.,jarry n.,atp_64,atp_154
31,'s-Hertogenbosch,Rosmalen Grass Court Championships,6/12/2025,ATP250,Outdoor,Grass,2nd Round,3,Bergs Z.,Popyrin A.,63,21.0,931,2140.0,6.0,7.0,6.0,2.0,7.0,6.0,,,,,2.0,1.0,Completed,2.2,1.67,2.28,1.71,2.36,1.72,2.26,1.63,,,bergs z.,popyrin a.,atp_46,atp_45
31,'s-Hertogenbosch,Rosmalen Grass Court Championships,6/12/2025,ATP250,Outdoor,Grass,2nd Round,3,Lajal M.,Hurkacz H.,195,32.0,279,1640.0,,,,,,,,,,,,,Walkover,2.5,1.53,2.5,1.6,2.5,1.65,2.43,1.55,,,lajal m.,hurkacz h.,atp_161,atp_72
31,'s-Hertogenbosch,Rosmalen Grass Court Championships,6/12/2025,ATP250,Outdoor,Grass,2nd Round,3,Medvedev D.,Mannarino A.,11,127.0,3100,462.0,7.0,6.0,6.0,4.0,,,,,,,2.0,0.0,Completed,1.29,3.75,1.3,3.81,1.35,4.1,1.27,3.79,,,medvedev d.,mannarino a.,atp_10,atp_43
31,'s-Hertogenbosch,Rosmalen Grass Court Championships,6/13/2025,ATP250,Outdoor,Grass,Quarterfinals,3,Humbert U.,Borges N.,20,38.0,2195,1375.0,6.0,1.0,6.0,4.0,,,,,,,2.0,0.0,Completed,1.4,3.0,1.41,3.18,1.45,3.2,1.39,2.98,,,humbert u.,borges n.,atp_34,atp_48
31,'s-Hertogenbosch,Rosmalen Grass Court Championships,6/13/2025,ATP250,Outdoor,Grass,Quarterfinals,3,Diallo G.,Khachanov K.,55,24.0,1007,2010.0,7.0,6.0,6.0,4.0,,,,,,,2.0,0.0,Completed,2.3,1.57,2.42,1.64,2.5,1.64,2.34,1.59,,,diallo g.,khachanov k.,atp_36,atp_15
31,'s-Hertogenbosch,Rosmalen Grass Court Championships,6/13/2025,ATP250,Outdoor,Grass,Quarterfinals,3,Opelka R.,Medvedev D.,87,11.0,701,3100.0,7.0,6.0,7.0,6.0,,,,,,,2.0,0.0,Completed,3.75,1.29,3.75,1.32,3.85,1.34,3.63,1.29,,,opelka r.,medvedev d.,atp_64,atp_10
31,'s-Hertogenbosch,Rosmalen Grass Court Championships,6/13/2025,ATP250,Outdoor,Grass,Quarterfinals,3,Bergs Z.,Lajal M.,63,195.0,931,279.0,7.0,6.0,7.0,6.0,,,,,,,2.0,0.0,Completed,1.8,2.0,1.83,2.09,1.84,2.14,1.76,2.04,,,bergs z.,lajal m.,atp_46,atp_161
31,'s-Hertogenbosch,Rosmalen Grass Court Championships,6/14/2025,ATP250,Outdoor,Grass,Semifinals,3,Diallo G.,Humbert U.,55,20.0,1007,2195.0,6.0,3.0,7.0,6.0,,,,,,,2.0,0.0,Completed,2.5,1.53,2.61,1.56,2.61,1.61,2.45,1.54,,,diallo g.,humbert u.,atp_36,atp_34
31,'s-Hertogenbosch,Rosmalen Grass Court Championships,6/14/2025,ATP250,Outdoor,Grass,Semifinals,3,Bergs Z.,Opelka R.,63,87.0,931,701.0,6.0,1.0,6.0,4.0,,,,,,,2.0,0.0,Completed,2.2,1.67,2.3,1.69,2.3,1.74,2.22,1.65,,,bergs z.,opelka r.,atp_46,atp_64
31,'s-Hertogenbosch,Rosmalen Grass Court Championships,6/15/2025,ATP250,Outdoor,Grass,The Final,3,Diallo G.,Bergs Z.,55,63.0,1007,931.0,7.0,5.0,7.0,6.0,,,,,,,2.0,0.0,Completed,1.53,2.5,1.56,2.6,1.56,2.6,1.52,2.5,,,diallo g.,bergs z.,atp_36,atp_46
32,Halle,Halle Open,6/16/2025,ATP500,Outdoor,Grass,1st Round,3,Marozsan F.,Kecmanovic M.,58,47.0,990,1146.0,6.0,7.0,6.0,4.0,6.0,4.0,,,,,2.0,1.0,Completed,1.91,1.83,1.94,1.94,2.08,1.94,1.97,1.82,,,marozsan f.,kecmanovic m.,atp_47,atp_58
32,Halle,Halle Open,6/16/2025,ATP500,Outdoor,Grass,1st Round,3,Medvedev D.,Altmaier D.,11,52.0,3140,1037.0,6.0,3.0,6.0,3.0,,,,,,,2.0,0.0,Completed,1.17,4.75,1.19,5.22,1.22,5.5,1.18,4.88,,,medvedev d.,altmaier d.,atp_10,atp_52
32,Halle,Halle Open,6/16/2025,ATP500,Outdoor,Grass,1st Round,3,Bublik A.,Muller A.,45,40.0,1225,1311.0,6.0,4.0,6.0,4.0,,,,,,,2.0,0.0,Completed,1.33,3.4,1.34,3.42,1.38,3.55,1.33,3.37,,,bublik a.,muller a.,atp_11,atp_94
32,Halle,Halle Open,6/16/2025,ATP500,Outdoor,Grass,1st Round,3,Tsitsipas S.,Darderi L.,25,56.0,1920,1004.0,6.0,4.0,3.0,6.0,7.0,6.0,,,,,2.0,1.0,Completed,1.25,3.6,1.3,3.88,1.31,4.1,1.27,3.7,,,tsitsipas s.,darderi l.,atp_49,atp_19
32,Halle,Halle Open,6/16/2025,ATP500,Outdoor,Grass,1st Round,3,Halys Q.,Bonzi B.,48,62.0,1134,945.0,6.0,4.0,6.0,4.0,,,,,,,2.0,0.0,Completed,1.62,2.3,1.68,2.29,1.68,2.46,1.6,2.3,,,halys q.,bonzi b.,atp_90,atp_103
32,Halle,Halle Open,6/17/2025,ATP500,Outdoor,Grass,1st Round,3,Etcheverry T.,Martinez P.,63,54.0,935,1030.0,6.0,1.0,6.0,3.0,,,,,,,2.0,0.0,Completed,1.36,3.2,1.38,3.16,1.42,3.35,1.37,3.06,,,etcheverry t.,martinez p.,,atp_113
32,Halle,Halle Open,6/17/2025,ATP500,Outdoor,Grass,1st Round,3,Machac T.,De Jong J.,23,93.0,2020,660.0,7.0,5.0,3.0,6.0,6.0,3.0,,,,,2.0,1.0,Completed,1.4,3.0,1.43,3.03,1.5,3.1,1.42,2.89,,,machac t.,de jong j.,atp_55,atp_99
32,Halle,Halle Open,6/17/2025,ATP500,Outdoor,Grass,1st Round,3,Rublev A.,Ofner S.,14,122.0,2920,483.0,6.0,3.0,6.0,4.0,,,,,,,2.0,0.0,Completed,1.45,2.6,1.49,2.8,1.51,2.92,1.46,2.7,,,rublev a.,ofner s.,atp_16,atp_78
32,Halle,Halle Open,6/17/2025,ATP500,Outdoor,Grass,1st Round,3,Cobolli F.,Fonseca J.,24,57.0,1970,991.0,5.0,7.0,7.0,6.0,7.0,6.0,,,,,2.0,1.0,Completed,2.6,1.5,2.63,1.54,2.78,1.55,2.6,1.5,,,cobolli f.,fonseca j.,atp_13,atp_40
32,Halle,Halle Open,6/17/2025,ATP500,Outdoor,Grass,1st Round,3,Michelsen A.,Cerundolo F.,33,18.0,1570,2285.0,2.0,6.0,7.0,5.0,6.0,4.0,,,,,2.0,1.0,Completed,1.8,1.95,1.9,1.99,1.92,2.04,1.83,1.96,,,michelsen a.,cerundolo f.,atp_35,atp_20
32,Halle,Halle Open,6/17/2025,ATP500,Outdoor,Grass,1st Round,3,Shapovalov D.,Humbert U.,31,20.0,1626,2195.0,6.0,4.0,4.0,6.0,7.0,6.0,,,,,2.0,1.0,Completed,2.3,1.62,2.28,1.69,2.4,1.71,2.31,1.61,,,shapovalov d.,humbert u.,atp_38,atp_34
32,Halle,Halle Open,6/17/2025,ATP500,Outdoor,Grass,1st Round,3,Sinner J.,Hanfmann Y.,1,138.0,10880,428.0,7.0,5.0,6.0,3.0,,,,,,,2.0,0.0,Completed,1.01,13.0,1.02,24.07,1.03,28.0,1.01,18.37,,,sinner j.,hanfmann y.,atp_2,atp_61
32,Halle,Halle Open,6/17/2025,ATP500,Outdoor,Grass,1st Round,3,Auger-Aliassime F.,Djere L.,27,65.0,1775,911.0,6.0,3.0,6.0,7.0,6.0,1.0,,,,,2.0,1.0,Completed,1.29,3.75,1.32,3.69,1.35,3.85,1.31,3.47,,,augeraliassime f.,djere l.,,atp_204
32,Halle,Halle Open,6/17/2025,ATP500,Outdoor,Grass,1st Round,3,Sonego L.,Struff J.L.,46,103.0,1165,575.0,6.0,3.0,6.0,2.0,,,,,,,2.0,0.0,Completed,2.1,1.75,2.19,1.75,2.24,1.78,2.1,1.73,,,sonego l.,struff j.,atp_63,
32,Halle,Halle Open,6/18/2025,ATP500,Outdoor,Grass,1st Round,3,Khachanov K.,Bergs Z.,22,49.0,2050,1079.0,7.0,5.0,6.0,3.0,,,,,,,2.0,0.0,Completed,1.5,2.6,1.53,2.66,1.56,2.76,1.48,2.65,,,khachanov k.,bergs z.,atp_15,atp_46
32,Halle,Halle Open,6/18/2025,ATP500,Outdoor,Grass,1st Round,3,Zverev A.,Giron M.,3,43.0,6500,1265.0,6.0,2.0,6.0,1.0,,,,,,,2.0,0.0,Completed,1.12,5.5,1.14,6.7,1.17,7.0,1.14,5.53,,,zverev a.,giron m.,atp_3,atp_66
32,Halle,Halle Open,6/18/2025,ATP500,Outdoor,Grass,2nd Round,3,Medvedev D.,Halys Q.,11,48.0,3140,1134.0,6.0,2.0,7.0,5.0,,,,,,,2.0,0.0,Completed,1.45,2.8,1.47,2.91,1.47,3.1,1.42,2.84,,,medvedev d.,halys q.,atp_10,atp_90
32,Halle,Halle Open,6/18/2025,ATP500,Outdoor,Grass,2nd Round,3,Michelsen A.,Tsitsipas S.,33,25.0,1570,1920.0,7.0,6.0,7.0,5.0,,,,,,,2.0,0.0,Completed,1.73,2.1,1.76,2.2,1.79,2.25,1.72,2.12,,,michelsen a.,tsitsipas s.,atp_35,atp_49
32,Halle,Halle Open,6/19/2025,ATP500,Outdoor,Grass,2nd Round,3,Khachanov K.,Auger-Aliassime F.,22,27.0,2050,1775.0,6.0,3.0,1.0,6.0,6.0,3.0,,,,,2.0,1.0,Completed,2.2,1.7,2.36,1.67,2.4,1.73,2.19,1.68,,,khachanov k.,augeraliassime f.,atp_15,
32,Halle,Halle Open,6/19/2025,ATP500,Outdoor,Grass,2nd Round,3,Cobolli F.,Shapovalov D.,24,31.0,1970,1626.0,7.0,6.0,4.0,6.0,7.0,6.0,,,,,2.0,1.0,Completed,2.38,1.6,2.38,1.65,2.43,1.68,2.34,1.59,,,cobolli f.,shapovalov d.,atp_13,atp_38
32,Halle,Halle Open,6/19/2025,ATP500,Outdoor,Grass,2nd Round,3,Etcheverry T.,Rublev A.,63,14.0,935,2920.0,6.0,3.0,6.0,7.0,7.0,6.0,,,,,2.0,1.0,Completed,4,1.25,4.52,1.25,4.6,1.27,4.08,1.24,,,etcheverry t.,rublev a.,,atp_16
32,Halle,Halle Open,6/19/2025,ATP500,Outdoor,Grass,2nd Round,3,Machac T.,Marozsan F.,23,58.0,2020,990.0,6.0,2.0,6.0,3.0,,,,,,,2.0,0.0,Completed,1.8,1.95,1.86,2.05,1.91,2.08,1.81,1.98,,,machac t.,marozsan f.,atp_55,atp_47
32,Halle,Halle Open,6/19/2025,ATP500,Outdoor,Grass,2nd Round,3,Zverev A.,Sonego L.,3,46.0,6500,1165.0,3.0,6.0,6.0,4.0,7.0,6.0,,,,,2.0,1.0,Completed,1.12,6.5,1.12,7.71,1.13,8.0,1.11,6.62,,,zverev a.,sonego l.,atp_3,atp_63
32,Halle,Halle Open,6/19/2025,ATP500,Outdoor,Grass,2nd Round,3,Bublik A.,Sinner J.,45,1.0,1225,10880.0,3.0,6.0,6.0,3.0,6.0,4.0,,,,,2.0,1.0,Completed,5.5,1.14,6.53,1.16,7.2,1.16,6.04,1.13,,,bublik a.,sinner j.,atp_11,atp_2
32,Halle,Halle Open,6/20/2025,ATP500,Outdoor,Grass,Quarterfinals,3,Medvedev D.,Michelsen A.,11,33.0,3140,1570.0,6.0,4.0,6.0,3.0,,,,,,,2.0,0.0,Completed,1.4,2.8,1.43,3.06,1.44,3.2,1.4,2.91,,,medvedev d.,michelsen a.,atp_10,atp_35
32,Halle,Halle Open,6/20/2025,ATP500,Outdoor,Grass,Quarterfinals,3,Zverev A.,Cobolli F.,3,24.0,6500,1970.0,6.0,4.0,7.0,6.0,,,,,,,2.0,0.0,Completed,1.13,6.0,1.14,7.04,1.16,7.04,1.14,5.9,,,zverev a.,cobolli f.,atp_3,atp_13
32,Halle,Halle Open,6/20/2025,ATP500,Outdoor,Grass,Quarterfinals,3,Bublik A.,Machac T.,45,23.0,1225,2020.0,7.0,6.0,6.0,3.0,,,,,,,2.0,0.0,Completed,1.53,2.5,1.57,2.59,1.59,2.68,1.53,2.5,,,bublik a.,machac t.,atp_11,atp_55
32,Halle,Halle Open,6/20/2025,ATP500,Outdoor,Grass,Quarterfinals,3,Khachanov K.,Etcheverry T.,22,63.0,2050,935.0,6.0,3.0,6.0,2.0,,,,,,,2.0,0.0,Completed,1.36,3.2,1.36,3.43,1.4,3.43,1.36,3.16,,,khachanov k.,etcheverry t.,atp_15,
32,Halle,Halle Open,6/21/2025,ATP500,Outdoor,Grass,Semifinals,3,Medvedev D.,Zverev A.,11,3.0,3140,6500.0,7.0,6.0,6.0,7.0,6.0,4.0,,,,,2.0,1.0,Completed,2.1,1.7,2.2,1.76,2.3,1.76,2.13,1.7,,,medvedev d.,zverev a.,atp_10,atp_3
32,Halle,Halle Open,6/21/2025,ATP500,Outdoor,Grass,Semifinals,3,Bublik A.,Khachanov K.,45,22.0,1225,2050.0,4.0,6.0,7.0,6.0,6.0,4.0,,,,,2.0,1.0,Completed,1.67,2.25,1.61,2.48,1.67,2.56,1.58,2.36,,,bublik a.,khachanov k.,atp_11,atp_15
32,Halle,Halle Open,6/22/2025,ATP500,Outdoor,Grass,The Final,3,Bublik A.,Medvedev D.,45,11.0,1225,3140.0,6.0,3.0,7.0,6.0,,,,,,,2.0,0.0,Completed,2.25,1.6,2.38,1.65,2.48,1.66,2.35,1.58,,,bublik a.,medvedev d.,atp_11,atp_10
33,Queens Club,Queen's Club Championships,6/16/2025,ATP500,Outdoor,Grass,1st Round,3,Bautista Agut R.,Borges N.,51,38.0,1049,1400.0,6.0,7.0,7.0,5.0,6.0,4.0,,,,,2.0,1.0,Completed,1.67,2.2,1.74,2.2,1.74,2.3,1.67,2.18,,,bautista agut r.,borges n.,atp_80,atp_48
33,Queens Club,Queen's Club Championships,6/16/2025,ATP500,Outdoor,Grass,1st Round,3,Evans D.,Tiafoe F.,199,13.0,275,2990.0,7.0,5.0,6.0,2.0,,,,,,,2.0,0.0,Completed,4,1.25,4.15,1.27,4.5,1.3,3.82,1.27,,,evans d.,tiafoe f.,atp_197,atp_18
33,Queens Club,Queen's Club Championships,6/16/2025,ATP500,Outdoor,Grass,1st Round,3,Rune H.,O Connell C.,9,79.0,3440,772.0,6.0,3.0,6.0,4.0,,,,,,,2.0,0.0,Completed,1.2,4.5,1.24,4.43,1.24,4.6,1.2,4.44,,,rune h.,oconnell c.,atp_29,atp_128
33,Queens Club,Queen's Club Championships,6/16/2025,ATP500,Outdoor,Grass,1st Round,3,Mensik J.,Norrie C.,17,61.0,2322,952.0,7.0,6.0,1.0,6.0,6.0,1.0,,,,,2.0,1.0,Completed,1.67,2.2,1.68,2.3,1.74,2.32,1.66,2.22,,,mensik j.,norrie c.,atp_26,atp_24
33,Queens Club,Queen's Club Championships,6/16/2025,ATP500,Outdoor,Grass,1st Round,3,Fearnley J.,Bolt A.,60,194.0,961,284.0,6.0,2.0,6.0,4.0,,,,,,,2.0,0.0,Completed,1.36,3.0,1.41,3.13,1.45,3.35,1.39,2.95,,,fearnley j.,bolt a.,atp_97,atp_165
33,Queens Club,Queen's Club Championships,6/16/2025,ATP500,Outdoor,Grass,1st Round,3,McDonald M.,Monfils G.,98,42.0,630,1265.0,6.0,4.0,6.0,4.0,,,,,,,2.0,0.0,Completed,1.95,1.8,2.08,1.83,2.12,1.86,2.0,1.8,,,mcdonald m.,monfils g.,atp_125,atp_203
33,Queens Club,Queen's Club Championships,6/17/2025,ATP500,Outdoor,Grass,1st Round,3,Lehecka J.,De Minaur A.,30,12.0,1645,3085.0,6.0,4.0,6.0,2.0,,,,,,,2.0,0.0,Completed,3.1,1.36,3.15,1.41,3.25,1.45,2.95,1.4,,,lehecka j.,de minaur a.,atp_14,atp_6
33,Queens Club,Queen's Club Championships,6/17/2025,ATP500,Outdoor,Grass,1st Round,3,Popyrin A.,Vukic A.,21,83.0,2115,733.0,6.0,2.0,6.0,7.0,7.0,6.0,,,,,2.0,1.0,Completed,1.6,2.38,1.65,2.37,1.65,2.5,1.57,2.38,,,popyrin a.,vukic a.,atp_45,atp_84
33,Queens Club,Queen's Club Championships,6/17/2025,ATP500,Outdoor,Grass,1st Round,3,Nakashima B.,Mpetshi G.,32,36.0,1600,1476.0,6.0,7.0,7.0,6.0,6.0,4.0,,,,,2.0,1.0,Completed,1.57,2.3,1.57,2.56,1.61,2.63,1.55,2.43,,,nakashima b.,mpetshi perricard g.,atp_33,atp_57
33,Queens Club,Queen's Club Championships,6/17/2025,ATP500,Outdoor,Grass,1st Round,3,Draper J.,Brooksby J.,6,149.0,4550,405.0,6.0,3.0,6.0,1.0,,,,,,,2.0,0.0,Completed,1.06,8.0,1.07,10.67,1.1,10.67,1.07,8.59,,,draper j.,brooksby j.,atp_25,atp_41
33,Queens Club,Queen's Club Championships,6/17/2025,ATP500,Outdoor,Grass,1st Round,3,Rinderknech A.,Shelton B.,80,10.0,764,3170.0,7.0,6.0,7.0,6.0,,,,,,,2.0,0.0,Completed,4.33,1.22,4.67,1.23,5.3,1.25,4.39,1.21,,,rinderknech a.,shelton b.,atp_27,atp_9
33,Queens Club,Queen's Club Championships,6/17/2025,ATP500,Outdoor,Grass,1st Round,3,Opelka R.,Ugo Carabelli C.,75,53.0,808,1036.0,7.0,6.0,6.0,4.0,,,,,,,2.0,0.0,Completed,1.18,5.0,1.2,5.2,1.22,5.5,1.17,5.04,,,opelka r.,ugo carabelli c.,atp_64,atp_67
33,Queens Club,Queen's Club Championships,6/17/2025,ATP500,Outdoor,Grass,1st Round,3,Alcaraz C.,Walton A.,2,86.0,8850,703.0,6.0,4.0,7.0,6.0,,,,,,,2.0,0.0,Completed,1.02,15.0,1.02,28.15,1.03,29.0,1.02,17.3,,,alcaraz c.,walton a.,atp_1,atp_105
33,Queens Club,Queen's Club Championships,6/17/2025,ATP500,Outdoor,Grass,1st Round,3,Munar J.,Thompson J.,59,37.0,962,1400.0,7.0,5.0,,,,,,,,,1.0,0.0,Retired,3.4,1.33,3.41,1.36,3.6,1.37,3.4,1.32,,,munar j.,thompson j.,atp_37,atp_131
33,Queens Club,Queen's Club Championships,6/17/2025,ATP500,Outdoor,Grass,1st Round,3,Moutet C.,Fritz T.,89,4.0,677,4735.0,6.0,7.0,7.0,6.0,7.0,5.0,,,,,2.0,1.0,Completed,5,1.14,6.13,1.16,6.4,1.17,5.77,1.14,,,moutet c.,fritz t.,atp_32,atp_8
33,Queens Club,Queen's Club Championships,6/17/2025,ATP500,Outdoor,Grass,1st Round,3,Diallo G.,Harris B.,44,113.0,1247,519.0,6.0,1.0,3.0,6.0,6.0,4.0,,,,,2.0,1.0,Completed,1.44,2.8,1.45,2.96,1.5,3.15,1.42,2.87,,,diallo g.,harris b.,atp_36,atp_148
33,Queens Club,Queen's Club Championships,6/18/2025,ATP500,Outdoor,Grass,2nd Round,3,Bautista Agut R.,Mensik J.,51,17.0,1049,2322.0,3.0,6.0,6.0,3.0,7.0,5.0,,,,,2.0,1.0,Completed,2.6,1.5,2.71,1.53,2.8,1.58,2.64,1.48,,,bautista agut r.,mensik j.,atp_80,atp_26
33,Queens Club,Queen's Club Championships,6/18/2025,ATP500,Outdoor,Grass,2nd Round,3,Draper J.,Popyrin A.,6,21.0,4550,2115.0,3.0,6.0,6.0,2.0,7.0,6.0,,,,,2.0,1.0,Completed,1.13,5.5,1.15,6.41,1.16,6.8,1.14,5.55,,,draper j.,popyrin a.,atp_25,atp_45
33,Queens Club,Queen's Club Championships,6/18/2025,ATP500,Outdoor,Grass,2nd Round,3,Nakashima B.,Evans D.,32,199.0,1600,275.0,7.0,5.0,7.0,6.0,,,,,,,2.0,0.0,Completed,1.4,3.0,1.41,3.17,1.45,3.25,1.4,2.96,,,nakashima b.,evans d.,atp_33,atp_197
33,Queens Club,Queen's Club Championships,6/18/2025,ATP500,Outdoor,Grass,2nd Round,3,Rune H.,McDonald M.,9,98.0,3440,630.0,2.0,6.0,6.0,1.0,6.0,1.0,,,,,2.0,1.0,Completed,1.36,3.0,1.39,3.3,1.43,3.3,1.37,3.08,,,rune h.,mcdonald m.,atp_29,atp_125
33,Queens Club,Queen's Club Championships,6/19/2025,ATP500,Outdoor,Grass,2nd Round,3,Lehecka J.,Diallo G.,30,44.0,1645,1247.0,6.0,4.0,6.0,2.0,,,,,,,2.0,0.0,Completed,1.57,2.4,1.56,2.61,1.62,2.61,1.56,2.42,,,lehecka j.,diallo g.,atp_14,atp_36
33,Queens Club,Queen's Club Championships,6/19/2025,ATP500,Outdoor,Grass,2nd Round,3,Fearnley J.,Moutet C.,60,89.0,961,677.0,6.0,3.0,2.0,6.0,6.0,2.0,,,,,2.0,1.0,Completed,1.57,2.4,1.62,2.47,1.63,2.52,1.56,2.42,,,fearnley j.,moutet c.,atp_97,atp_32
33,Queens Club,Queen's Club Championships,6/19/2025,ATP500,Outdoor,Grass,2nd Round,3,Alcaraz C.,Munar J.,2,59.0,8850,962.0,6.0,4.0,6.0,7.0,7.0,5.0,,,,,2.0,1.0,Completed,1.03,13.0,1.04,19.07,1.04,21.0,1.03,15.2,,,alcaraz c.,munar j.,atp_1,atp_37
33,Queens Club,Queen's Club Championships,6/19/2025,ATP500,Outdoor,Grass,2nd Round,3,Rinderknech A.,Opelka R.,80,75.0,764,808.0,7.0,5.0,7.0,6.0,,,,,,,2.0,0.0,Completed,2.1,1.7,2.13,1.8,2.13,1.87,2.09,1.74,,,rinderknech a.,opelka r.,atp_27,atp_64
33,Queens Club,Queen's Club Championships,6/20/2025,ATP500,Outdoor,Grass,Quarterfinals,3,Lehecka J.,Fearnley J.,30,60.0,1645,961.0,7.0,5.0,6.0,2.0,,,,,,,2.0,0.0,Completed,1.5,2.6,1.52,2.74,1.54,2.84,1.48,2.65,,,lehecka j.,fearnley j.,atp_14,atp_97
33,Queens Club,Queen's Club Championships,6/20/2025,ATP500,Outdoor,Grass,Quarterfinals,3,Draper J.,Nakashima B.,6,32.0,4550,1600.0,6.0,4.0,5.0,7.0,6.0,4.0,,,,,2.0,1.0,Completed,1.2,4.33,1.21,5.08,1.22,5.3,1.2,4.54,,,draper j.,nakashima b.,atp_25,atp_33
33,Queens Club,Queen's Club Championships,6/20/2025,ATP500,Outdoor,Grass,Quarterfinals,3,Alcaraz C.,Rinderknech A.,2,80.0,8850,764.0,7.0,5.0,6.0,4.0,,,,,,,2.0,0.0,Completed,1.12,6.5,1.11,7.78,1.13,8.5,1.09,7.51,,,alcaraz c.,rinderknech a.,atp_1,atp_27
33,Queens Club,Queen's Club Championships,6/20/2025,ATP500,Outdoor,Grass,Quarterfinals,3,Bautista Agut R.,Rune H.,51,9.0,1049,3440.0,7.0,6.0,6.0,7.0,6.0,2.0,,,,,2.0,1.0,Completed,3.4,1.33,3.62,1.34,3.65,1.37,3.42,1.32,,,bautista agut r.,rune h.,atp_80,atp_29
33,Queens Club,Queen's Club Championships,6/21/2025,ATP500,Outdoor,Grass,Semifinals,3,Lehecka J.,Draper J.,30,6.0,1645,4550.0,6.0,4.0,4.0,6.0,7.0,5.0,,,,,2.0,1.0,Completed,2.63,1.45,2.74,1.52,2.92,1.52,2.69,1.47,,,lehecka j.,draper j.,atp_14,atp_25
33,Queens Club,Queen's Club Championships,6/21/2025,ATP500,Outdoor,Grass,Semifinals,3,Alcaraz C.,Bautista Agut R.,2,51.0,8850,1049.0,6.0,4.0,6.0,4.0,,,,,,,2.0,0.0,Completed,1.1,7.0,1.12,7.95,1.12,9.4,1.1,7.07,,,alcaraz c.,bautista agut r.,atp_1,atp_80
33,Queens Club,Queen's Club Championships,6/22/2025,ATP500,Outdoor,Grass,The Final,3,Alcaraz C.,Lehecka J.,2,30.0,8850,1645.0,7.0,5.0,6.0,7.0,6.0,2.0,,,,,2.0,1.0,Completed,1.25,4.0,1.25,4.45,1.26,4.7,1.23,4.22,,,alcaraz c.,lehecka j.,atp_1,atp_14
34,Eastbourne,Eastbourne International,6/23/2025,ATP250,Outdoor,Grass,1st Round,3,Fonseca J.,Bergs Z.,57,50.0,991,1079.0,6.0,7.0,6.0,0.0,6.0,3.0,,,,,2.0,1.0,Completed,1.53,2.5,1.54,2.64,1.64,2.64,1.54,2.47,,,fonseca j.,bergs z.,atp_40,atp_46
34,Eastbourne,Eastbourne International,6/23/2025,ATP250,Outdoor,Grass,1st Round,3,Evans D.,Kecmanovic M.,170,49.0,325,1146.0,3.0,6.0,6.0,4.0,6.0,4.0,,,,,2.0,1.0,Completed,2.2,1.67,2.29,1.69,2.32,1.74,2.24,1.64,,,evans d.,kecmanovic m.,atp_197,atp_58
34,Eastbourne,Eastbourne International,6/23/2025,ATP250,Outdoor,Grass,1st Round,3,Bellucci M.,Halys Q.,74,47.0,836,1174.0,6.0,4.0,6.0,2.0,,,,,,,2.0,0.0,Completed,2.2,1.62,2.27,1.7,2.34,1.74,2.23,1.64,,,bellucci m.,halys q.,atp_73,atp_90
34,Eastbourne,Eastbourne International,6/23/2025,ATP250,Outdoor,Grass,1st Round,3,Sonego L.,Marozsan F.,48,58.0,1171,990.0,6.0,2.0,6.0,4.0,,,,,,,2.0,0.0,Completed,1.67,2.2,1.68,2.31,1.74,2.34,1.66,2.22,,,sonego l.,marozsan f.,atp_63,atp_47
34,Eastbourne,Eastbourne International,6/23/2025,ATP250,Outdoor,Grass,1st Round,3,Davidovich Fokina A.,Tseng C.H.,28,96.0,1770,648.0,7.0,6.0,6.0,2.0,,,,,,,2.0,0.0,Completed,1.29,3.4,1.34,3.56,1.35,3.8,1.3,3.48,,,davidovich fokina a.,tseng c.,atp_17,
34,Eastbourne,Eastbourne International,6/24/2025,ATP250,Outdoor,Grass,1st Round,3,Duckworth J.,Vukic A.,106,80.0,528,758.0,6.0,3.0,6.0,7.0,6.0,1.0,,,,,2.0,1.0,Completed,2.75,1.45,2.75,1.53,2.76,1.55,2.63,1.48,,,duckworth j.,vukic a.,atp_95,atp_84
34,Eastbourne,Eastbourne International,6/24/2025,ATP250,Outdoor,Grass,1st Round,3,Opelka R.,Loffhagen G.,72,302.0,858,172.0,7.0,6.0,3.0,6.0,7.0,6.0,,,,,2.0,1.0,Completed,1.57,2.3,1.62,2.43,1.68,2.44,1.58,2.35,,,opelka r.,loffhagen g.,atp_64,atp_236
34,Eastbourne,Eastbourne International,6/24/2025,ATP250,Outdoor,Grass,1st Round,3,Giron M.,Darderi L.,46,56.0,1175,1004.0,6.0,4.0,7.0,5.0,,,,,,,2.0,0.0,Completed,1.53,2.4,1.59,2.5,1.61,2.6,1.56,2.39,,,giron m.,darderi l.,atp_66,atp_19
34,Eastbourne,Eastbourne International,6/24/2025,ATP250,Outdoor,Grass,1st Round,3,Borges N.,Pinnington Jones J.,37,282.0,1400,196.0,4.0,6.0,6.0,3.0,6.0,3.0,,,,,2.0,1.0,Completed,1.6,2.38,1.59,2.49,1.62,2.58,1.58,2.37,,,borges n.,pinnington jones j.,atp_48,atp_138
34,Eastbourne,Eastbourne International,6/24/2025,ATP250,Outdoor,Grass,1st Round,3,Brooksby J.,Comesana F.,149,65.0,405,914.0,7.0,6.0,6.0,4.0,,,,,,,2.0,0.0,Completed,1.5,2.63,1.5,2.72,1.5,2.78,1.49,2.6,,,brooksby j.,comesana f.,atp_41,atp_87
34,Eastbourne,Eastbourne International,6/24/2025,ATP250,Outdoor,Grass,1st Round,3,Harris B.,Norrie C.,142,61.0,426,952.0,6.0,4.0,6.0,4.0,,,,,,,2.0,0.0,Completed,3.1,1.33,3.34,1.37,3.45,1.38,3.21,1.34,,,harris b.,norrie c.,atp_148,atp_24
34,Eastbourne,Eastbourne International,6/24/2025,ATP250,Outdoor,Grass,1st Round,3,Fearnley J.,Cobolli F.,51,24.0,1048,2060.0,6.0,2.0,6.0,2.0,,,,,,,2.0,0.0,Completed,1.73,2.1,1.71,2.24,1.78,2.26,1.7,2.14,,,fearnley j.,cobolli f.,atp_97,atp_13
34,Eastbourne,Eastbourne International,6/25/2025,ATP250,Outdoor,Grass,2nd Round,3,Brooksby J.,Borges N.,149,37.0,405,1400.0,6.0,4.0,6.0,4.0,,,,,,,2.0,0.0,Completed,2.05,1.8,2.06,1.85,2.14,1.89,2.06,1.76,,,brooksby j.,borges n.,atp_41,atp_48
34,Eastbourne,Eastbourne International,6/25/2025,ATP250,Outdoor,Grass,2nd Round,3,Humbert U.,Sonego L.,20,48.0,2195,1171.0,7.0,5.0,6.0,4.0,,,,,,,2.0,0.0,Completed,1.57,2.4,1.66,2.36,1.66,2.5,1.56,2.41,,,humbert u.,sonego l.,atp_34,atp_63
34,Eastbourne,Eastbourne International,6/25/2025,ATP250,Outdoor,Grass,2nd Round,3,Harris B.,Bellucci M.,142,74.0,426,836.0,6.0,3.0,6.0,4.0,,,,,,,2.0,0.0,Completed,2.4,1.57,2.52,1.6,2.52,1.64,2.38,1.58,,,harris b.,bellucci m.,atp_148,atp_73
34,Eastbourne,Eastbourne International,6/25/2025,ATP250,Outdoor,Grass,2nd Round,3,Mensik J.,Opelka R.,17,72.0,2356,858.0,7.0,5.0,6.0,3.0,,,,,,,2.0,0.0,Completed,1.45,2.6,1.51,2.76,1.55,2.8,1.49,2.62,,,mensik j.,opelka r.,atp_26,atp_64
34,Eastbourne,Eastbourne International,6/25/2025,ATP250,Outdoor,Grass,2nd Round,3,Davidovich Fokina A.,Duckworth J.,28,106.0,1770,528.0,6.0,7.0,6.0,3.0,6.0,4.0,,,,,2.0,1.0,Completed,1.44,2.8,1.47,2.89,1.48,3.05,1.43,2.81,,,davidovich fokina a.,duckworth j.,atp_17,atp_95
34,Eastbourne,Eastbourne International,6/25/2025,ATP250,Outdoor,Grass,2nd Round,3,Giron M.,Fearnley J.,46,51.0,1175,1048.0,6.0,3.0,6.0,1.0,,,,,,,2.0,0.0,Completed,2.63,1.5,2.84,1.49,2.86,1.52,2.67,1.47,,,giron m.,fearnley j.,atp_66,atp_97
34,Eastbourne,Eastbourne International,6/25/2025,ATP250,Outdoor,Grass,2nd Round,3,Evans D.,Paul T.,170,13.0,325,2970.0,6.0,4.0,3.0,6.0,6.0,3.0,,,,,2.0,1.0,Completed,3.4,1.33,3.28,1.39,3.75,1.39,3.31,1.34,,,evans d.,paul t.,atp_197,atp_21
34,Eastbourne,Eastbourne International,6/26/2025,ATP250,Outdoor,Grass,2nd Round,3,Fritz T.,Fonseca J.,5,57.0,4635,991.0,6.0,3.0,6.0,7.0,7.0,5.0,,,,,2.0,1.0,Completed,1.36,3.0,1.41,3.18,1.42,3.3,1.39,2.99,,,fritz t.,fonseca j.,atp_8,atp_40
34,Eastbourne,Eastbourne International,6/26/2025,ATP250,Outdoor,Grass,Quarterfinals,3,Humbert U.,Harris B.,20,142.0,2195,426.0,7.0,6.0,6.0,1.0,,,,,,,2.0,0.0,Completed,1.25,4.0,1.27,4.28,1.28,4.4,1.24,4.01,,,humbert u.,harris b.,atp_34,atp_148
34,Eastbourne,Eastbourne International,6/26/2025,ATP250,Outdoor,Grass,Quarterfinals,3,Brooksby J.,Evans D.,149,170.0,405,325.0,6.0,2.0,6.0,3.0,,,,,,,2.0,0.0,Completed,1.75,2.0,1.83,2.07,1.84,2.16,1.79,2.01,,,brooksby j.,evans d.,atp_41,atp_197
34,Eastbourne,Eastbourne International,6/26/2025,ATP250,Outdoor,Grass,Quarterfinals,3,Davidovich Fokina A.,Mensik J.,28,17.0,1770,2356.0,6.0,4.0,7.0,5.0,,,,,,,2.0,0.0,Completed,2.5,1.53,2.7,1.53,2.74,1.57,2.52,1.52,,,davidovich fokina a.,mensik j.,atp_17,atp_26
34,Eastbourne,Eastbourne International,6/26/2025,ATP250,Outdoor,Grass,Quarterfinals,3,Fritz T.,Giron M.,5,46.0,4635,1175.0,7.0,5.0,4.0,6.0,7.0,5.0,,,,,2.0,1.0,Completed,1.25,4.0,1.25,4.42,1.26,4.5,1.24,4.06,,,fritz t.,giron m.,atp_8,atp_66
34,Eastbourne,Eastbourne International,6/27/2025,ATP250,Outdoor,Grass,Semifinals,3,Brooksby J.,Humbert U.,149,20.0,405,2195.0,6.0,7.0,6.0,4.0,6.0,4.0,,,,,2.0,1.0,Completed,2.8,1.44,2.87,1.48,2.92,1.51,2.76,1.44,,,brooksby j.,humbert u.,atp_41,atp_34
34,Eastbourne,Eastbourne International,6/27/2025,ATP250,Outdoor,Grass,Semifinals,3,Fritz T.,Davidovich Fokina A.,5,28.0,4635,1770.0,6.0,3.0,3.0,6.0,6.0,1.0,,,,,2.0,1.0,Completed,1.33,3.4,1.37,3.37,1.39,3.5,1.34,3.27,,,fritz t.,davidovich fokina a.,atp_8,atp_17
34,Eastbourne,Eastbourne International,6/28/2025,ATP250,Outdoor,Grass,The Final,3,Fritz T.,Brooksby J.,5,149.0,4635,405.0,7.0,5.0,6.0,1.0,,,,,,,2.0,0.0,Completed,1.3,3.6,1.3,3.89,1.31,4.1,1.28,3.64,,,fritz t.,brooksby j.,atp_8,atp_41
35,Mallorca,Mallorca Championships,6/22/2025,ATP250,Outdoor,Grass,1st Round,3,Djere L.,Bu Y.,62,69.0,936,874.0,6.0,4.0,6.0,4.0,,,,,,,2.0,0.0,Completed,1.67,2.2,1.73,2.21,1.78,2.24,1.67,2.18,,,djere l.,bu y.,atp_204,
35,Mallorca,Mallorca Championships,6/22/2025,ATP250,Outdoor,Grass,1st Round,3,Altmaier D.,Fognini F.,59,130.0,983,462.0,6.0,3.0,3.0,6.0,6.0,3.0,,,,,2.0,1.0,Completed,1.45,2.63,1.49,2.79,1.52,3.0,1.46,2.68,,,altmaier d.,fognini f.,atp_52,
35,Mallorca,Mallorca Championships,6/23/2025,ATP250,Outdoor,Grass,1st Round,3,Safiullin R.,Muller A.,75,40.0,816,1311.0,7.0,6.0,7.0,5.0,,,,,,,2.0,0.0,Completed,1.6,2.38,1.63,2.4,1.63,2.58,1.56,2.39,,,safiullin r.,muller a.,atp_229,atp_94
35,Mallorca,Mallorca Championships,6/23/2025,ATP250,Outdoor,Grass,1st Round,3,Moutet C.,Martinez P.,83,52.0,739,1030.0,4.0,6.0,6.0,3.0,6.0,0.0,,,,,2.0,1.0,Completed,1.22,4.0,1.3,3.88,1.3,4.7,1.23,4.19,,,moutet c.,martinez p.,atp_32,atp_113
35,Mallorca,Mallorca Championships,6/23/2025,ATP250,Outdoor,Grass,1st Round,3,Medjedovic H.,Basavareddy N.,73,99.0,853,582.0,6.0,0.0,6.0,4.0,,,,,,,2.0,0.0,Completed,1.67,2.25,1.68,2.3,1.7,2.4,1.63,2.26,,,medjedovic h.,basavareddy n.,atp_81,atp_193
35,Mallorca,Mallorca Championships,6/23/2025,ATP250,Outdoor,Grass,1st Round,3,Rinderknech A.,Dzumhur D.,70,68.0,864,900.0,6.0,4.0,4.0,6.0,7.0,5.0,,,,,2.0,1.0,Completed,1.3,3.6,1.31,3.78,1.34,3.85,1.3,3.45,,,rinderknech a.,dzumhur d.,atp_27,atp_74
35,Mallorca,Mallorca Championships,6/23/2025,ATP250,Outdoor,Grass,1st Round,3,Diallo G.,Munar J.,41,54.0,1285,1012.0,7.0,5.0,6.0,3.0,,,,,,,2.0,0.0,Completed,1.62,2.3,1.63,2.41,1.68,2.42,1.61,2.29,,,diallo g.,munar j.,atp_36,atp_37
35,Mallorca,Mallorca Championships,6/23/2025,ATP250,Outdoor,Grass,1st Round,3,Quinn E.,Ugo Carabelli C.,95,55.0,650,1006.0,6.0,3.0,6.0,2.0,,,,,,,2.0,0.0,Completed,1.36,3.0,1.41,3.13,1.46,3.2,1.4,2.9,,,quinn e.,ugo carabelli c.,atp_56,atp_67
35,Mallorca,Mallorca Championships,6/23/2025,ATP250,Outdoor,Grass,1st Round,3,Tien L.,Engel J.,67,219.0,903,253.0,6.0,4.0,6.0,4.0,,,,,,,2.0,0.0,Completed,1.67,2.2,1.69,2.28,1.69,2.44,1.63,2.27,,,tien l.,engel j.,atp_22,atp_186
35,Mallorca,Mallorca Championships,6/24/2025,ATP250,Outdoor,Grass,1st Round,3,Holt B.,Bonzi B.,101,64.0,568,930.0,2.0,6.0,6.0,4.0,6.0,4.0,,,,,2.0,1.0,Completed,2.2,1.67,2.25,1.71,2.38,1.73,2.24,1.64,,,holt b.,bonzi b.,atp_254,atp_103
35,Mallorca,Mallorca Championships,6/24/2025,ATP250,Outdoor,Grass,1st Round,3,Tomic B.,Hijikata R.,248,88.0,235,702.0,3.0,6.0,7.0,5.0,6.0,2.0,,,,,2.0,1.0,Completed,2.5,1.5,2.55,1.57,2.63,1.59,2.56,1.5,,,tomic b.,hijikata r.,atp_190,atp_102
35,Mallorca,Mallorca Championships,6/24/2025,ATP250,Outdoor,Grass,1st Round,3,Bautista Agut R.,Etcheverry T.,43,53.0,1236,1025.0,5.0,7.0,6.0,3.0,6.0,2.0,,,,,2.0,1.0,Completed,1.57,2.4,1.6,2.48,1.6,2.63,1.54,2.47,,,bautista agut r.,etcheverry t.,atp_80,
35,Mallorca,Mallorca Championships,6/24/2025,ATP250,Outdoor,Grass,2nd Round,3,Medjedovic H.,Safiullin R.,73,75.0,853,816.0,6.0,4.0,3.0,6.0,7.0,6.0,,,,,2.0,1.0,Completed,1.75,2.1,1.79,2.14,1.79,2.22,1.71,2.13,,,medjedovic h.,safiullin r.,atp_81,atp_229
35,Mallorca,Mallorca Championships,6/24/2025,ATP250,Outdoor,Grass,2nd Round,3,Griekspoor T.,Quinn E.,34,95.0,1535,650.0,7.0,5.0,6.0,4.0,,,,,,,2.0,0.0,Completed,1.53,2.5,1.56,2.59,1.61,2.6,1.53,2.49,,,griekspoor t.,quinn e.,atp_30,atp_56
35,Mallorca,Mallorca Championships,6/24/2025,ATP250,Outdoor,Grass,2nd Round,3,Diallo G.,Djere L.,41,62.0,1285,936.0,6.0,3.0,3.0,6.0,6.0,3.0,,,,,2.0,1.0,Completed,1.44,2.8,1.44,3.04,1.46,3.1,1.42,2.83,,,diallo g.,djere l.,atp_36,atp_204
35,Mallorca,Mallorca Championships,6/24/2025,ATP250,Outdoor,Grass,2nd Round,3,Auger-Aliassime F.,Rinderknech A.,27,70.0,1775,864.0,7.0,5.0,6.0,3.0,,,,,,,2.0,0.0,Completed,1.33,3.4,1.37,3.42,1.37,3.55,1.33,3.29,,,augeraliassime f.,rinderknech a.,,atp_27
35,Mallorca,Mallorca Championships,6/25/2025,ATP250,Outdoor,Grass,2nd Round,3,Moutet C.,Altmaier D.,83,59.0,739,983.0,7.0,6.0,7.0,6.0,,,,,,,2.0,0.0,Completed,1.44,2.63,1.49,2.85,1.5,3.0,1.45,2.73,,,moutet c.,altmaier d.,atp_32,atp_52
35,Mallorca,Mallorca Championships,6/25/2025,ATP250,Outdoor,Grass,2nd Round,3,Michelsen A.,Holt B.,33,101.0,1620,568.0,6.0,4.0,6.0,4.0,,,,,,,2.0,0.0,Completed,1.3,3.6,1.31,3.85,1.34,3.85,1.3,3.48,,,michelsen a.,holt b.,atp_35,atp_254
35,Mallorca,Mallorca Championships,6/25/2025,ATP250,Outdoor,Grass,2nd Round,3,Tien L.,Shelton B.,67,10.0,903,3170.0,6.0,4.0,7.0,6.0,,,,,,,2.0,0.0,Completed,3.75,1.29,3.86,1.31,4.0,1.32,3.78,1.27,,,tien l.,shelton b.,atp_22,atp_9
35,Mallorca,Mallorca Championships,6/25/2025,ATP250,Outdoor,Grass,2nd Round,3,Bautista Agut R.,Tomic B.,43,248.0,1236,235.0,6.0,3.0,6.0,3.0,,,,,,,2.0,0.0,Completed,1.22,4.0,1.23,4.68,1.26,4.7,1.21,4.3,,,bautista agut r.,tomic b.,atp_80,atp_190
35,Mallorca,Mallorca Championships,6/26/2025,ATP250,Outdoor,Grass,Quarterfinals,3,Griekspoor T.,Diallo G.,34,41.0,1535,1285.0,6.0,4.0,6.0,4.0,,,,,,,2.0,0.0,Completed,1.9,1.83,1.99,1.92,2.04,1.94,1.95,1.83,,,griekspoor t.,diallo g.,atp_30,atp_36
35,Mallorca,Mallorca Championships,6/26/2025,ATP250,Outdoor,Grass,Quarterfinals,3,Auger-Aliassime F.,Medjedovic H.,27,73.0,1775,853.0,3.0,6.0,6.0,1.0,6.0,4.0,,,,,2.0,1.0,Completed,1.44,2.8,1.45,2.98,1.45,3.15,1.42,2.85,,,augeraliassime f.,medjedovic h.,,atp_81
35,Mallorca,Mallorca Championships,6/26/2025,ATP250,Outdoor,Grass,Quarterfinals,3,Moutet C.,Tien L.,83,67.0,739,903.0,6.0,2.0,7.0,5.0,,,,,,,2.0,0.0,Completed,2.1,1.75,2.17,1.78,2.17,1.85,2.04,1.77,,,moutet c.,tien l.,atp_32,atp_22
35,Mallorca,Mallorca Championships,6/26/2025,ATP250,Outdoor,Grass,Quarterfinals,3,Michelsen A.,Bautista Agut R.,33,43.0,1620,1236.0,6.0,4.0,7.0,6.0,,,,,,,2.0,0.0,Completed,1.95,1.85,1.99,1.91,2.02,1.96,1.89,1.89,,,michelsen a.,bautista agut r.,atp_35,atp_80
35,Mallorca,Mallorca Championships,6/27/2025,ATP250,Outdoor,Grass,Semifinals,3,Griekspoor T.,Auger-Aliassime F.,34,27.0,1535,1775.0,6.0,4.0,6.0,4.0,,,,,,,2.0,0.0,Completed,2.2,1.67,2.3,1.69,2.32,1.74,2.18,1.67,,,griekspoor t.,augeraliassime f.,atp_30,
35,Mallorca,Mallorca Championships,6/27/2025,ATP250,Outdoor,Grass,Semifinals,3,Moutet C.,Michelsen A.,83,33.0,739,1620.0,6.0,4.0,7.0,6.0,,,,,,,2.0,0.0,Completed,2.4,1.57,2.52,1.6,2.52,1.66,2.39,1.56,,,moutet c.,michelsen a.,atp_32,atp_35
35,Mallorca,Mallorca Championships,6/28/2025,ATP250,Outdoor,Grass,The Final,3,Griekspoor T.,Moutet C.,34,83.0,1535,739.0,7.0,5.0,7.0,6.0,,,,,,,2.0,0.0,Completed,1.57,2.3,1.59,2.46,1.65,2.5,1.56,2.39,,,griekspoor t.,moutet c.,atp_30,atp_32
36,London,Wimbledon,6/30/2025,Grand Slam,Outdoor,Grass,1st Round,5,Tarvet O.,Riedi L.,733,503.0,36,77.0,6.0,4.0,6.0,4.0,6.0,4.0,,,,,3.0,0.0,Completed,2.1,1.75,2.12,1.79,2.18,1.84,2.06,1.75,,,tarvet o.,riedi l.,atp_332,atp_168
36,London,Wimbledon,6/30/2025,Grand Slam,Outdoor,Grass,1st Round,5,Lehecka J.,Dellien H.,25,79.0,1965,751.0,4.0,6.0,6.0,2.0,6.0,2.0,7.0,6.0,,,3.0,1.0,Completed,1.02,15.0,,,1.02,55.0,1.01,22.38,,,lehecka j.,dellien h.,atp_14,atp_160
36,London,Wimbledon,6/30/2025,Grand Slam,Outdoor,Grass,1st Round,5,Thompson J.,Kopriva V.,44,78.0,1200,757.0,3.0,6.0,4.0,6.0,6.0,3.0,7.0,6.0,6.0,1.0,3.0,2.0,Completed,1.4,3.0,1.43,3.03,1.43,3.35,1.38,3.02,,,thompson j.,kopriva v.,atp_131,atp_70
36,London,Wimbledon,6/30/2025,Grand Slam,Outdoor,Grass,1st Round,5,Mannarino A.,O Connell C.,123,77.0,477,775.0,6.0,2.0,6.0,4.0,6.0,3.0,,,,,3.0,0.0,Completed,1.36,2.9,1.43,3.03,1.45,3.15,1.4,2.93,,,mannarino a.,oconnell c.,atp_43,atp_128
36,London,Wimbledon,6/30/2025,Grand Slam,Outdoor,Grass,1st Round,5,Bellucci M.,Crawford O.,73,248.0,864,229.0,6.0,7.0,6.0,3.0,6.0,4.0,6.0,4.0,,,3.0,1.0,Completed,1.3,3.6,1.3,3.81,1.34,3.85,1.3,3.54,,,bellucci m.,crawford o.,atp_73,atp_214
36,London,Wimbledon,6/30/2025,Grand Slam,Outdoor,Grass,1st Round,5,Bonzi B.,Medvedev D.,64,9.0,930,3420.0,7.0,6.0,3.0,6.0,7.0,6.0,6.0,2.0,,,3.0,1.0,Completed,8.5,1.07,9.03,1.09,12.5,1.09,8.56,1.07,,,bonzi b.,medvedev d.,atp_103,atp_10
36,London,Wimbledon,6/30/2025,Grand Slam,Outdoor,Grass,1st Round,5,Tien L.,Basavareddy N.,62,100.0,940,595.0,7.0,6.0,6.0,3.0,6.0,2.0,,,,,3.0,0.0,Completed,1.5,2.6,1.54,2.63,1.54,2.8,1.46,2.68,,,tien l.,basavareddy n.,atp_22,atp_193
36,London,Wimbledon,6/30/2025,Grand Slam,Outdoor,Grass,1st Round,5,Tiafoe F.,Moller E.,12,117.0,2990,499.0,6.0,3.0,6.0,4.0,6.0,2.0,,,,,3.0,0.0,Completed,1.04,9.0,1.06,12.44,1.07,13.5,1.05,10.57,,,tiafoe f.,moller e.,atp_18,atp_134
36,London,Wimbledon,6/30/2025,Grand Slam,Outdoor,Grass,1st Round,5,Norrie C.,Bautista Agut R.,61,42.0,952,1236.0,6.0,3.0,3.0,6.0,6.0,4.0,7.0,6.0,,,3.0,1.0,Completed,1.83,1.91,1.91,1.98,1.99,2.0,1.87,1.92,,,norrie c.,bautista agut r.,atp_24,atp_80
36,London,Wimbledon,6/30/2025,Grand Slam,Outdoor,Grass,1st Round,5,Fery A.,Popyrin A.,461,22.0,91,2140.0,6.0,4.0,6.0,1.0,4.0,6.0,6.0,4.0,,,3.0,1.0,Completed,4.33,1.22,4.45,1.24,4.5,1.28,4.02,1.24,,,fery a.,popyrin a.,atp_163,atp_45
36,London,Wimbledon,6/30/2025,Grand Slam,Outdoor,Grass,1st Round,5,Harris L.,Bergs Z.,320,50.0,159,1079.0,7.0,6.0,7.0,6.0,6.0,7.0,6.0,2.0,,,3.0,1.0,Completed,2.5,1.5,2.56,1.56,2.82,1.56,2.65,1.47,,,harris l.,bergs z.,atp_152,atp_46
36,London,Wimbledon,6/30/2025,Grand Slam,Outdoor,Grass,1st Round,5,Jarry N.,Rune H.,143,8.0,418,3530.0,4.0,6.0,4.0,6.0,7.0,5.0,6.0,3.0,6.0,4.0,3.0,2.0,Completed,3.75,1.29,3.76,1.3,4.0,1.32,3.65,1.28,,,jarry n.,rune h.,atp_154,atp_29
36,London,Wimbledon,6/30/2025,Grand Slam,Outdoor,Grass,1st Round,5,Royer V.,Tsitsipas S.,113,26.0,513,1920.0,6.0,3.0,6.0,2.0,,,,,,,2.0,0.0,Retired,4,1.25,4.13,1.27,4.3,1.29,3.88,1.25,,,royer v.,tsitsipas s.,atp_71,atp_49
36,London,Wimbledon,6/30/2025,Grand Slam,Outdoor,Grass,1st Round,5,Alcaraz C.,Fognini F.,2,138.0,9300,437.0,7.0,5.0,6.0,7.0,7.0,5.0,2.0,6.0,6.0,1.0,3.0,2.0,Completed,1.01,17.0,,,1.01,90.0,1.01,29.42,,,alcaraz c.,fognini f.,atp_1,
36,London,Wimbledon,6/30/2025,Grand Slam,Outdoor,Grass,1st Round,5,Darderi L.,Safiullin R.,59,75.0,989,831.0,7.0,6.0,1.0,6.0,6.0,7.0,6.0,3.0,6.0,1.0,3.0,2.0,Completed,3,1.4,3.07,1.42,3.2,1.43,2.94,1.39,,,darderi l.,safiullin r.,atp_19,atp_229
36,London,Wimbledon,6/30/2025,Grand Slam,Outdoor,Grass,1st Round,5,Borges N.,Cerundolo F.,37,19.0,1400,2285.0,4.0,6.0,6.0,3.0,7.0,6.0,6.0,0.0,,,3.0,1.0,Completed,2.4,1.53,2.49,1.59,2.56,1.64,2.42,1.56,,,borges n.,cerundolo f.,atp_48,atp_20
36,London,Wimbledon,6/30/2025,Grand Slam,Outdoor,Grass,1st Round,5,Auger-Aliassime F.,Duckworth J.,28,103.0,1825,566.0,6.0,2.0,3.0,6.0,6.0,7.0,6.0,4.0,6.0,4.0,3.0,2.0,Completed,1.18,4.5,1.2,5.06,1.21,5.5,1.19,4.65,,,augeraliassime f.,duckworth j.,,atp_95
36,London,Wimbledon,6/30/2025,Grand Slam,Outdoor,Grass,1st Round,5,Fonseca J.,Fearnley J.,54,51.0,1016,1060.0,6.0,4.0,6.0,1.0,7.0,6.0,,,,,3.0,0.0,Completed,1.5,2.63,1.49,2.79,1.53,2.86,1.47,2.67,,,fonseca j.,fearnley j.,atp_40,atp_97
36,London,Wimbledon,6/30/2025,Grand Slam,Outdoor,Grass,1st Round,5,Quinn E.,Searle H.,89,421.0,682,106.0,4.0,6.0,6.0,2.0,7.0,6.0,6.0,2.0,,,3.0,1.0,Completed,1.44,2.8,1.47,2.85,1.48,2.94,1.44,2.75,,,quinn e.,searle h.,atp_56,atp_470
36,London,Wimbledon,6/30/2025,Grand Slam,Outdoor,Grass,1st Round,5,Harris B.,Lajovic D.,151,118.0,383,498.0,6.0,3.0,6.0,2.0,6.0,4.0,,,,,3.0,0.0,Completed,1.4,2.8,1.47,2.85,1.5,3.0,1.41,2.88,,,harris b.,lajovic d.,atp_148,atp_132
36,London,Wimbledon,6/30/2025,Grand Slam,Outdoor,Grass,1st Round,5,Khachanov K.,McDonald M.,20,88.0,2240,689.0,7.0,5.0,6.0,4.0,6.0,4.0,,,,,3.0,0.0,Completed,1.22,4.33,1.21,4.91,1.25,4.91,1.22,4.22,,,khachanov k.,mcdonald m.,atp_15,atp_125
36,London,Wimbledon,6/30/2025,Grand Slam,Outdoor,Grass,1st Round,5,Garin C.,Rodesch C.,110,163.0,525,346.0,7.0,6.0,6.0,4.0,6.0,4.0,,,,,3.0,0.0,Completed,1.67,2.2,1.67,2.31,1.71,2.38,1.64,2.26,,,garin c.,rodesch c.,atp_100,atp_145
36,London,Wimbledon,6/30/2025,Grand Slam,Outdoor,Grass,1st Round,5,Rublev A.,Djere L.,14,60.0,2920,961.0,6.0,0.0,7.0,6.0,6.0,7.0,7.0,6.0,,,3.0,1.0,Completed,1.22,4.0,1.26,4.28,1.29,4.3,1.24,4.03,,,rublev a.,djere l.,atp_16,atp_204
36,London,Wimbledon,6/30/2025,Grand Slam,Outdoor,Grass,1st Round,5,Struff J.L.,Misolic F.,125,111.0,475,518.0,6.0,2.0,5.0,7.0,6.0,3.0,6.0,3.0,,,3.0,1.0,Completed,1.67,2.25,1.65,2.36,1.68,2.4,1.62,2.28,,,struff j.,misolic f.,,atp_86
36,London,Wimbledon,6/30/2025,Grand Slam,Outdoor,Grass,1st Round,5,Majchrzak K.,Berrettini M.,109,35.0,527,1515.0,4.0,6.0,6.0,2.0,6.0,4.0,5.0,7.0,6.0,3.0,3.0,2.0,Completed,6,1.13,7.18,1.13,7.2,1.16,6.14,1.12,,,majchrzak k.,berrettini m.,atp_53,atp_91
36,London,Wimbledon,6/30/2025,Grand Slam,Outdoor,Grass,1st Round,5,Davidovich Fokina A.,Holt B.,27,99.0,1845,600.0,6.0,2.0,6.0,4.0,7.0,5.0,,,,,3.0,0.0,Completed,1.22,4.33,1.23,4.58,1.26,4.7,1.22,4.28,,,davidovich fokina a.,holt b.,atp_17,atp_254
36,London,Wimbledon,6/30/2025,Grand Slam,Outdoor,Grass,1st Round,5,Brooksby J.,Griekspoor T.,101,29.0,577,1755.0,6.0,2.0,7.0,5.0,6.0,3.0,,,,,3.0,0.0,Completed,2.75,1.4,2.7,1.52,2.85,1.53,2.75,1.44,,,brooksby j.,griekspoor t.,atp_41,atp_30
36,London,Wimbledon,6/30/2025,Grand Slam,Outdoor,Grass,1st Round,5,Diallo G.,Altmaier D.,40,57.0,1322,998.0,6.0,1.0,6.0,2.0,6.0,4.0,,,,,3.0,0.0,Completed,1.2,4.5,1.2,5.2,1.23,5.3,1.19,4.61,,,diallo g.,altmaier d.,atp_36,atp_52
36,London,Wimbledon,7/1/2025,Grand Slam,Outdoor,Grass,1st Round,5,Vukic A.,Tseng C.H.,93,96.0,664,643.0,6.0,3.0,6.0,4.0,4.0,6.0,7.0,6.0,,,3.0,1.0,Completed,1.25,4.0,1.26,4.23,1.3,4.33,1.24,4.01,,,vukic a.,tseng c.,atp_84,
36,London,Wimbledon,7/1/2025,Grand Slam,Outdoor,Grass,1st Round,5,Marozsan F.,McCabe J.,58,181.0,990,308.0,6.0,1.0,6.0,4.0,6.0,3.0,,,,,3.0,0.0,Completed,1.44,2.8,1.46,2.91,1.49,2.96,1.44,2.76,,,marozsan f.,mccabe j.,atp_47,atp_239
36,London,Wimbledon,7/1/2025,Grand Slam,Outdoor,Grass,1st Round,5,Kecmanovic M.,Michelsen A.,49,32.0,1106,1670.0,6.0,2.0,3.0,6.0,6.0,3.0,3.0,6.0,7.0,6.0,3.0,2.0,Completed,2.8,1.44,2.84,1.48,3.0,1.48,2.75,1.44,,,kecmanovic m.,michelsen a.,atp_58,atp_35
36,London,Wimbledon,7/1/2025,Grand Slam,Outdoor,Grass,1st Round,5,Sonego L.,Faria J.,47,116.0,1171,503.0,6.0,3.0,6.0,4.0,6.0,2.0,,,,,3.0,0.0,Completed,1.3,3.6,1.29,3.9,1.32,4.0,1.3,3.56,,,sonego l.,faria j.,atp_63,atp_143
36,London,Wimbledon,7/1/2025,Grand Slam,Outdoor,Grass,1st Round,5,Paul T.,Monday J.,13,224.0,2970,249.0,6.0,4.0,6.0,4.0,6.0,2.0,,,,,3.0,0.0,Completed,1.05,8.5,1.08,10.39,1.08,12.0,1.06,9.39,,,paul t.,monday j.,atp_21,atp_272
36,London,Wimbledon,7/1/2025,Grand Slam,Outdoor,Grass,1st Round,5,De Minaur A.,Carballes Baena R.,11,74.0,3085,849.0,6.0,2.0,6.0,2.0,7.0,6.0,,,,,3.0,0.0,Completed,1.01,13.0,,,1.02,38.0,1.01,19.92,,,de minaur a.,carballes baena r.,atp_6,atp_159
36,London,Wimbledon,7/1/2025,Grand Slam,Outdoor,Grass,1st Round,5,Cazaux A.,Walton A.,115,90.0,505,678.0,6.0,3.0,7.0,6.0,4.0,6.0,6.0,7.0,6.0,1.0,3.0,2.0,Completed,1.53,2.5,1.56,2.59,1.6,2.63,1.51,2.54,,,cazaux a.,walton a.,atp_68,atp_105
36,London,Wimbledon,7/1/2025,Grand Slam,Outdoor,Grass,1st Round,5,Basilashvili N.,Musetti L.,126,7.0,474,4140.0,6.0,2.0,4.0,6.0,7.0,5.0,6.0,1.0,,,3.0,1.0,Completed,3.4,1.3,3.9,1.29,3.9,1.36,3.32,1.32,,,basilashvili n.,musetti l.,atp_129,atp_5
36,London,Wimbledon,7/1/2025,Grand Slam,Outdoor,Grass,1st Round,5,De Jong J.,Eubanks C.,106,130.0,548,454.0,6.0,3.0,6.0,7.0,6.0,7.0,6.0,3.0,7.0,6.0,3.0,2.0,Completed,1.75,2.1,1.67,2.33,1.8,2.34,1.71,2.13,,,de jong j.,eubanks c.,atp_99,atp_420
36,London,Wimbledon,7/1/2025,Grand Slam,Outdoor,Grass,1st Round,5,Navone M.,Shapovalov D.,91,30.0,670,1676.0,3.0,6.0,6.0,4.0,6.0,1.0,6.0,4.0,,,3.0,1.0,Completed,6,1.13,6.24,1.15,6.6,1.17,5.96,1.13,,,navone m.,shapovalov d.,atp_60,atp_38
36,London,Wimbledon,7/1/2025,Grand Slam,Outdoor,Grass,1st Round,5,Munar J.,Bublik A.,55,31.0,1012,1675.0,6.0,4.0,3.0,6.0,4.0,6.0,7.0,6.0,6.0,2.0,3.0,2.0,Completed,4.33,1.22,4.76,1.22,5.1,1.23,4.37,1.21,,,munar j.,bublik a.,atp_37,atp_11
36,London,Wimbledon,7/1/2025,Grand Slam,Outdoor,Grass,1st Round,5,Sinner J.,Nardi L.,1,95.0,10430,655.0,6.0,4.0,6.0,3.0,6.0,0.0,,,,,3.0,0.0,Completed,1.01,13.0,,,1.02,65.0,1.01,22.92,,,sinner j.,nardi l.,atp_2,atp_140
36,London,Wimbledon,7/1/2025,Grand Slam,Outdoor,Grass,1st Round,5,Ofner S.,Medjedovic H.,165,68.0,343,896.0,7.0,6.0,3.0,1.0,,,,,,,1.0,0.0,Retired,2.5,1.53,2.65,1.53,2.74,1.56,2.51,1.53,,,ofner s.,medjedovic h.,atp_78,atp_81
36,London,Wimbledon,7/1/2025,Grand Slam,Outdoor,Grass,1st Round,5,Martinez P.,Loffhagen G.,52,293.0,1030,185.0,2.0,6.0,6.0,2.0,6.0,4.0,6.0,2.0,,,3.0,1.0,Completed,3.6,1.3,3.74,1.31,3.74,1.36,3.5,1.3,,,martinez p.,loffhagen g.,atp_113,atp_236
36,London,Wimbledon,7/1/2025,Grand Slam,Outdoor,Grass,1st Round,5,Van De Zandschulp B.,Arnaldi M.,92,43.0,670,1215.0,7.0,6.0,7.0,6.0,6.0,4.0,,,,,3.0,0.0,Completed,2.25,1.67,2.32,1.67,2.34,1.72,2.22,1.66,,,van de zandschulp b.,arnaldi m.,atp_62,atp_107
36,London,Wimbledon,7/1/2025,Grand Slam,Outdoor,Grass,1st Round,5,Mochizuki S.,Zeppieri G.,144,351.0,413,140.0,2.0,6.0,3.0,6.0,6.0,3.0,7.0,6.0,7.0,5.0,3.0,2.0,Completed,1.5,2.6,1.51,2.73,1.53,2.82,1.48,2.66,,,mochizuki s.,zeppieri g.,atp_127,atp_162
36,London,Wimbledon,7/1/2025,Grand Slam,Outdoor,Grass,1st Round,5,Evans D.,Clarke J.,154,196.0,375,283.0,6.0,1.0,7.0,5.0,6.0,2.0,,,,,3.0,0.0,Completed,1.18,5.0,1.19,5.22,1.22,5.3,1.19,4.76,,,evans d.,clarke j.,atp_197,atp_185
36,London,Wimbledon,7/1/2025,Grand Slam,Outdoor,Grass,1st Round,5,Moutet C.,Comesana F.,69,65.0,894,914.0,6.0,4.0,6.0,4.0,6.0,2.0,,,,,3.0,0.0,Completed,1.45,2.8,1.51,2.75,1.56,2.8,1.47,2.66,,,moutet c.,comesana f.,atp_32,atp_87
36,London,Wimbledon,7/1/2025,Grand Slam,Outdoor,Grass,1st Round,5,Fritz T.,Mpetshi G.,5,36.0,4635,1411.0,6.0,7.0,6.0,7.0,6.0,4.0,7.0,6.0,6.0,4.0,3.0,2.0,Completed,1.15,5.5,1.18,5.56,1.18,6.2,1.15,5.32,,,fritz t.,mpetshi perricard g.,atp_8,atp_57
36,London,Wimbledon,7/1/2025,Grand Slam,Outdoor,Grass,1st Round,5,Holmgren A.,Halys Q.,192,46.0,285,1174.0,7.0,6.0,6.0,3.0,6.0,4.0,,,,,3.0,0.0,Completed,5,1.17,5.64,1.17,5.7,1.2,5.24,1.16,,,holmgren a.,halys q.,atp_191,atp_90
36,London,Wimbledon,7/1/2025,Grand Slam,Outdoor,Grass,1st Round,5,Machac T.,Dzumhur D.,23,67.0,2110,900.0,6.0,3.0,6.0,2.0,6.0,4.0,,,,,3.0,0.0,Completed,1.2,4.5,1.22,4.82,1.24,5.0,1.19,4.73,,,machac t.,dzumhur d.,atp_55,atp_74
36,London,Wimbledon,7/1/2025,Grand Slam,Outdoor,Grass,1st Round,5,Rinderknech A.,Zverev A.,72,3.0,873,6500.0,7.0,6.0,6.0,7.0,6.0,3.0,6.0,7.0,6.0,4.0,3.0,2.0,Completed,7.5,1.08,8.34,1.1,9.2,1.11,7.2,1.1,,,rinderknech a.,zverev a.,atp_27,atp_3
36,London,Wimbledon,7/1/2025,Grand Slam,Outdoor,Grass,1st Round,5,Cobolli F.,Zhukayev B.,24,247.0,2035,229.0,6.0,3.0,7.0,6.0,6.0,1.0,,,,,3.0,0.0,Completed,1.33,3.4,1.3,3.81,1.35,3.81,1.31,3.44,,,cobolli f.,zhukayev b.,atp_13,atp_353
36,London,Wimbledon,7/1/2025,Grand Slam,Outdoor,Grass,1st Round,5,Mensik J.,Gaston H.,17,86.0,2356,693.0,6.0,1.0,4.0,6.0,6.0,2.0,6.0,2.0,,,3.0,1.0,Completed,1.07,8.5,1.08,10.35,1.1,10.5,1.07,8.63,,,mensik j.,gaston h.,atp_26,atp_116
36,London,Wimbledon,7/1/2025,Grand Slam,Outdoor,Grass,1st Round,5,Cilic M.,Collignon R.,83,85.0,722,705.0,6.0,3.0,6.0,4.0,6.0,3.0,,,,,3.0,0.0,Completed,1.08,7.0,1.09,9.03,1.12,9.03,1.08,7.66,,,cilic m.,collignon r.,atp_54,atp_65
36,London,Wimbledon,7/1/2025,Grand Slam,Outdoor,Grass,1st Round,5,Shelton B.,Bolt A.,10,179.0,3130,309.0,6.0,4.0,7.0,6.0,7.0,6.0,,,,,3.0,0.0,Completed,1.25,4.0,1.28,3.94,1.3,4.2,1.26,3.84,,,shelton b.,bolt a.,atp_9,atp_165
36,London,Wimbledon,7/1/2025,Grand Slam,Outdoor,Grass,1st Round,5,Opelka R.,Shevchenko A.,70,98.0,877,610.0,6.0,3.0,7.0,5.0,7.0,6.0,,,,,3.0,0.0,Completed,1.33,3.25,1.35,3.49,1.39,3.49,1.34,3.27,,,opelka r.,shevchenko a.,atp_64,atp_76
36,London,Wimbledon,7/1/2025,Grand Slam,Outdoor,Grass,1st Round,5,Monfils G.,Humbert U.,48,18.0,1165,2285.0,6.0,4.0,3.0,6.0,6.0,7.0,7.0,5.0,6.0,2.0,3.0,2.0,Completed,3.4,1.33,3.52,1.34,3.65,1.37,3.35,1.33,,,monfils g.,humbert u.,atp_203,atp_34
36,London,Wimbledon,7/1/2025,Grand Slam,Outdoor,Grass,1st Round,5,Fucsovics M.,Kovacevic A.,105,76.0,564,799.0,6.0,3.0,6.0,7.0,6.0,1.0,5.0,7.0,6.0,4.0,3.0,2.0,Completed,1.25,3.75,1.29,3.9,1.29,4.3,1.26,3.83,,,fucsovics m.,kovacevic a.,atp_51,atp_85
36,London,Wimbledon,7/1/2025,Grand Slam,Outdoor,Grass,1st Round,5,Dimitrov G.,Nishioka Y.,21,82.0,2155,724.0,6.0,2.0,6.0,3.0,6.0,4.0,,,,,3.0,0.0,Completed,1.18,5.0,1.21,4.94,1.21,5.7,1.18,4.94,,,dimitrov g.,nishioka y.,atp_93,atp_173
36,London,Wimbledon,7/1/2025,Grand Slam,Outdoor,Grass,1st Round,5,Hijikata R.,Goffin D.,87,63.0,693,930.0,6.0,3.0,6.0,1.0,6.0,1.0,,,,,3.0,0.0,Completed,1.6,2.38,1.62,2.42,1.66,2.46,1.59,2.33,,,hijikata r.,goffin d.,atp_102,atp_179
36,London,Wimbledon,7/1/2025,Grand Slam,Outdoor,Grass,1st Round,5,Pinnington Jones J.,Etcheverry T.,281,53.0,196,1025.0,7.0,6.0,6.0,3.0,7.0,5.0,,,,,3.0,0.0,Completed,2.75,1.45,2.77,1.5,2.84,1.53,2.66,1.47,,,pinnington jones j.,etcheverry t.,atp_138,
36,London,Wimbledon,7/1/2025,Grand Slam,Outdoor,Grass,1st Round,5,Draper J.,Baez S.,4,38.0,4650,1370.0,6.0,2.0,6.0,2.0,2.0,1.0,,,,,2.0,0.0,Retired,1.02,15.0,,,1.02,36.0,1.01,20.67,,,draper j.,baez s.,atp_25,atp_50
36,London,Wimbledon,7/1/2025,Grand Slam,Outdoor,Grass,1st Round,5,Giron M.,Ugo Carabelli C.,45,56.0,1200,1006.0,7.0,6.0,7.0,6.0,6.0,3.0,,,,,3.0,0.0,Completed,1.06,9.0,1.08,10.42,1.09,13.0,1.06,9.73,,,giron m.,ugo carabelli c.,atp_66,atp_67
36,London,Wimbledon,7/1/2025,Grand Slam,Outdoor,Grass,1st Round,5,Djokovic N.,Muller A.,6,41.0,4630,1311.0,6.0,1.0,6.0,7.0,6.0,2.0,6.0,2.0,,,3.0,1.0,Completed,1.02,15.0,1.03,24.43,1.03,34.0,1.02,18.3,,,djokovic n.,muller a.,atp_4,atp_94
36,London,Wimbledon,7/2/2025,Grand Slam,Outdoor,Grass,1st Round,5,Nakashima B.,Bu Y.,34,71.0,1650,874.0,6.0,4.0,4.0,6.0,7.0,6.0,6.0,4.0,,,3.0,1.0,Completed,1.13,6.0,1.15,6.44,1.18,6.5,1.13,5.96,,,nakashima b.,bu y.,atp_33,
36,London,Wimbledon,7/2/2025,Grand Slam,Outdoor,Grass,2nd Round,5,Norrie C.,Tiafoe F.,61,12.0,952,2990.0,4.0,6.0,6.0,4.0,6.0,3.0,7.0,5.0,,,3.0,1.0,Completed,2.5,1.53,2.59,1.57,2.66,1.59,2.48,1.54,,,norrie c.,tiafoe f.,atp_24,atp_18
36,London,Wimbledon,7/2/2025,Grand Slam,Outdoor,Grass,2nd Round,5,Fonseca J.,Brooksby J.,54,101.0,1016,577.0,6.0,4.0,5.0,7.0,6.0,2.0,6.0,4.0,,,3.0,1.0,Completed,1.44,2.8,1.45,3.0,1.49,3.0,1.45,2.76,,,fonseca j.,brooksby j.,atp_40,atp_41
36,London,Wimbledon,7/2/2025,Grand Slam,Outdoor,Grass,2nd Round,5,Mannarino A.,Royer V.,123,113.0,477,513.0,6.0,4.0,6.0,4.0,5.0,7.0,7.0,6.0,,,3.0,1.0,Completed,1.44,2.8,1.44,3.03,1.5,3.05,1.44,2.79,,,mannarino a.,royer v.,atp_43,atp_71
36,London,Wimbledon,7/2/2025,Grand Slam,Outdoor,Grass,2nd Round,5,Jarry N.,Tien L.,143,62.0,418,940.0,6.0,2.0,6.0,2.0,6.0,3.0,,,,,3.0,0.0,Completed,1.67,2.2,1.76,2.2,1.77,2.24,1.68,2.18,,,jarry n.,tien l.,atp_154,atp_22
36,London,Wimbledon,7/2/2025,Grand Slam,Outdoor,Grass,2nd Round,5,Khachanov K.,Mochizuki S.,20,144.0,2240,413.0,1.0,6.0,7.0,6.0,4.0,6.0,6.0,3.0,6.0,4.0,3.0,2.0,Completed,1.14,5.5,1.14,6.76,1.16,7.0,1.13,5.81,,,khachanov k.,mochizuki s.,atp_15,atp_127
36,London,Wimbledon,7/2/2025,Grand Slam,Outdoor,Grass,2nd Round,5,Rublev A.,Harris L.,14,320.0,2920,159.0,6.0,7.0,6.0,4.0,7.0,6.0,6.0,3.0,,,3.0,1.0,Completed,1.29,3.75,1.31,3.81,1.33,3.9,1.29,3.6,,,rublev a.,harris l.,atp_16,atp_152
36,London,Wimbledon,7/2/2025,Grand Slam,Outdoor,Grass,2nd Round,5,Borges N.,Harris B.,37,151.0,1400,383.0,6.0,3.0,6.0,4.0,7.0,6.0,,,,,3.0,0.0,Completed,1.53,2.5,1.58,2.56,1.6,2.62,1.56,2.4,,,borges n.,harris b.,atp_48,atp_148
36,London,Wimbledon,7/2/2025,Grand Slam,Outdoor,Grass,2nd Round,5,Alcaraz C.,Tarvet O.,2,733.0,9300,36.0,6.0,1.0,6.0,4.0,6.0,4.0,,,,,3.0,0.0,Completed,1.01,12.0,,,1.03,34.0,1.01,19.33,,,alcaraz c.,tarvet o.,atp_1,atp_332
36,London,Wimbledon,7/2/2025,Grand Slam,Outdoor,Grass,2nd Round,5,Thompson J.,Bonzi B.,44,64.0,1200,930.0,7.0,5.0,6.0,7.0,4.0,6.0,6.0,2.0,6.0,4.0,3.0,2.0,Completed,2.5,1.53,2.46,1.62,2.66,1.62,2.52,1.52,,,thompson j.,bonzi b.,atp_131,atp_103
36,London,Wimbledon,7/2/2025,Grand Slam,Outdoor,Grass,2nd Round,5,Bellucci M.,Lehecka J.,73,25.0,864,1965.0,7.0,6.0,6.0,1.0,7.0,5.0,,,,,3.0,0.0,Completed,4.5,1.2,5.04,1.21,5.3,1.22,4.57,1.2,,,bellucci m.,lehecka j.,atp_73,atp_14
36,London,Wimbledon,7/2/2025,Grand Slam,Outdoor,Grass,2nd Round,5,Majchrzak K.,Quinn E.,109,89.0,527,682.0,6.0,1.0,6.0,4.0,6.0,3.0,,,,,3.0,0.0,Completed,2.2,1.62,2.26,1.72,2.3,1.75,2.16,1.69,,,majchrzak k.,quinn e.,atp_53,atp_56
36,London,Wimbledon,7/2/2025,Grand Slam,Outdoor,Grass,2nd Round,5,Fritz T.,Diallo G.,5,40.0,4635,1322.0,3.0,6.0,6.0,3.0,7.0,6.0,4.0,6.0,6.0,3.0,3.0,2.0,Completed,1.3,3.6,1.32,3.76,1.36,3.9,1.3,3.5,,,fritz t.,diallo g.,atp_8,atp_36
36,London,Wimbledon,7/3/2025,Grand Slam,Outdoor,Grass,2nd Round,5,Kecmanovic M.,De Jong J.,49,106.0,1106,548.0,1.0,6.0,6.0,3.0,6.0,2.0,6.0,4.0,,,3.0,1.0,Completed,1.4,3.0,1.41,3.17,1.45,3.2,1.39,2.99,,,kecmanovic m.,de jong j.,atp_58,atp_99
36,London,Wimbledon,7/3/2025,Grand Slam,Outdoor,Grass,2nd Round,5,Mensik J.,Giron M.,17,45.0,2356,1200.0,6.0,4.0,3.0,6.0,6.0,4.0,7.0,6.0,,,3.0,1.0,Completed,1.53,2.5,1.59,2.53,1.59,2.7,1.52,2.51,,,mensik j.,giron m.,atp_26,atp_66
36,London,Wimbledon,7/3/2025,Grand Slam,Outdoor,Grass,2nd Round,5,De Minaur A.,Cazaux A.,11,115.0,3085,505.0,4.0,6.0,6.0,2.0,6.0,4.0,6.0,0.0,,,3.0,1.0,Completed,1.08,8.0,1.1,8.61,1.1,10.0,1.08,7.7,,,de minaur a.,cazaux a.,atp_6,atp_68
36,London,Wimbledon,7/3/2025,Grand Slam,Outdoor,Grass,2nd Round,5,Cobolli F.,Pinnington Jones J.,24,281.0,2035,196.0,6.0,1.0,7.0,6.0,6.0,2.0,,,,,3.0,0.0,Completed,1.36,3.2,1.4,3.25,1.41,3.35,1.38,3.06,,,cobolli f.,pinnington jones j.,atp_13,atp_138
36,London,Wimbledon,7/3/2025,Grand Slam,Outdoor,Grass,2nd Round,5,Dimitrov G.,Moutet C.,21,69.0,2155,894.0,7.0,5.0,4.0,6.0,7.0,5.0,7.0,5.0,,,3.0,1.0,Completed,1.6,2.38,1.66,2.38,1.69,2.42,1.58,2.36,,,dimitrov g.,moutet c.,atp_93,atp_32
36,London,Wimbledon,7/3/2025,Grand Slam,Outdoor,Grass,2nd Round,5,Davidovich Fokina A.,Van De Zandschulp B.,27,92.0,1845,670.0,6.0,1.0,4.0,6.0,6.0,3.0,7.0,6.0,,,3.0,1.0,Completed,1.3,3.6,1.33,3.66,1.34,3.8,1.3,3.53,,,davidovich fokina a.,van de zandschulp b.,atp_17,atp_62
36,London,Wimbledon,7/3/2025,Grand Slam,Outdoor,Grass,2nd Round,5,Munar J.,Marozsan F.,55,58.0,1012,990.0,6.0,2.0,6.0,3.0,7.0,6.0,,,,,3.0,0.0,Completed,1.8,2.0,1.76,2.2,1.8,2.22,1.72,2.11,,,munar j.,marozsan f.,atp_37,atp_47
36,London,Wimbledon,7/3/2025,Grand Slam,Outdoor,Grass,2nd Round,5,Struff J.L.,Auger-Aliassime F.,125,28.0,475,1825.0,3.0,6.0,7.0,6.0,6.0,3.0,6.0,4.0,,,3.0,1.0,Completed,3.25,1.33,3.38,1.37,3.5,1.38,3.14,1.36,,,struff j.,augeraliassime f.,,
36,London,Wimbledon,7/3/2025,Grand Slam,Outdoor,Grass,2nd Round,5,Rinderknech A.,Garin C.,72,110.0,873,525.0,3.0,6.0,6.0,3.0,7.0,6.0,4.0,6.0,6.0,3.0,3.0,2.0,Completed,1.67,2.25,1.75,2.21,1.75,2.34,1.65,2.24,,,rinderknech a.,garin c.,atp_27,atp_100
36,London,Wimbledon,7/3/2025,Grand Slam,Outdoor,Grass,2nd Round,5,Djokovic N.,Evans D.,6,154.0,4630,375.0,6.0,3.0,6.0,2.0,6.0,0.0,,,,,3.0,0.0,Completed,1.06,9.0,1.06,13.92,1.06,16.0,1.05,10.96,,,djokovic n.,evans d.,atp_4,atp_197
36,London,Wimbledon,7/3/2025,Grand Slam,Outdoor,Grass,2nd Round,5,Darderi L.,Fery A.,59,461.0,989,91.0,6.0,4.0,6.0,3.0,6.0,3.0,,,,,3.0,0.0,Completed,2.1,1.7,2.13,1.81,2.22,1.81,2.09,1.73,,,darderi l.,fery a.,atp_19,atp_163
36,London,Wimbledon,7/3/2025,Grand Slam,Outdoor,Grass,2nd Round,5,Holmgren A.,Machac T.,192,23.0,285,2110.0,7.0,6.0,6.0,7.0,6.0,7.0,7.0,5.0,7.0,6.0,3.0,2.0,Completed,5.5,1.15,6.76,1.14,6.8,1.17,5.63,1.14,,,holmgren a.,machac t.,atp_191,atp_55
36,London,Wimbledon,7/3/2025,Grand Slam,Outdoor,Grass,2nd Round,5,Martinez P.,Navone M.,52,91.0,1030,670.0,7.0,5.0,7.0,5.0,7.0,6.0,,,,,3.0,0.0,Completed,2.63,1.5,2.71,1.53,2.78,1.56,2.61,1.5,,,martinez p.,navone m.,atp_113,atp_60
36,London,Wimbledon,7/3/2025,Grand Slam,Outdoor,Grass,2nd Round,5,Nakashima B.,Opelka R.,34,70.0,1650,877.0,7.0,5.0,6.0,2.0,6.0,7.0,6.0,3.0,,,3.0,1.0,Completed,1.4,3.0,1.42,3.14,1.45,3.15,1.42,2.89,,,nakashima b.,opelka r.,atp_33,atp_64
36,London,Wimbledon,7/3/2025,Grand Slam,Outdoor,Grass,2nd Round,5,Ofner S.,Paul T.,165,13.0,343,2970.0,1.0,6.0,7.0,5.0,6.0,4.0,7.0,5.0,,,3.0,1.0,Completed,5.5,1.15,6.3,1.16,6.4,1.17,5.42,1.15,,,ofner s.,paul t.,atp_78,atp_21
36,London,Wimbledon,7/3/2025,Grand Slam,Outdoor,Grass,2nd Round,5,Cilic M.,Draper J.,83,4.0,722,4650.0,6.0,4.0,6.0,3.0,1.0,6.0,6.0,4.0,,,3.0,1.0,Completed,6.5,1.12,7.4,1.13,8.4,1.13,6.55,1.11,,,cilic m.,draper j.,atp_54,atp_25
36,London,Wimbledon,7/3/2025,Grand Slam,Outdoor,Grass,2nd Round,5,Sonego L.,Basilashvili N.,47,126.0,1171,474.0,6.0,1.0,6.0,3.0,6.0,7.0,7.0,6.0,,,3.0,1.0,Completed,1.44,2.8,1.45,3.0,1.48,3.0,1.44,2.76,,,sonego l.,basilashvili n.,atp_63,atp_129
36,London,Wimbledon,7/3/2025,Grand Slam,Outdoor,Grass,2nd Round,5,Sinner J.,Vukic A.,1,93.0,10430,664.0,6.0,1.0,6.0,1.0,6.0,3.0,,,,,3.0,0.0,Completed,1.01,17.0,,,1.02,46.0,1.01,21.54,,,sinner j.,vukic a.,atp_2,atp_84
36,London,Wimbledon,7/4/2025,Grand Slam,Outdoor,Grass,2nd Round,5,Fucsovics M.,Monfils G.,105,48.0,564,1165.0,6.0,4.0,1.0,6.0,4.0,6.0,7.0,6.0,6.0,4.0,3.0,2.0,Completed,1.9,1.91,1.94,1.96,1.95,2.04,1.89,1.89,,,fucsovics m.,monfils g.,atp_51,atp_203
36,London,Wimbledon,7/4/2025,Grand Slam,Outdoor,Grass,2nd Round,5,Shelton B.,Hijikata R.,10,87.0,3130,693.0,6.0,2.0,7.0,5.0,6.0,4.0,,,,,3.0,0.0,Completed,1.22,4.33,1.26,4.37,1.26,4.8,1.22,4.29,,,shelton b.,hijikata r.,atp_9,atp_102
36,London,Wimbledon,7/4/2025,Grand Slam,Outdoor,Grass,3rd Round,5,Fritz T.,Davidovich Fokina A.,5,27.0,4635,1845.0,6.0,4.0,6.0,3.0,6.0,7.0,6.0,1.0,,,3.0,1.0,Completed,1.25,3.75,1.3,3.92,1.34,3.92,1.28,3.66,,,fritz t.,davidovich fokina a.,atp_8,atp_17
36,London,Wimbledon,7/4/2025,Grand Slam,Outdoor,Grass,3rd Round,5,Rublev A.,Mannarino A.,14,123.0,2920,477.0,7.0,5.0,6.0,2.0,6.0,3.0,,,,,3.0,0.0,Completed,1.25,3.75,1.3,3.96,1.31,4.1,1.27,3.77,,,rublev a.,mannarino a.,atp_16,atp_43
36,London,Wimbledon,7/4/2025,Grand Slam,Outdoor,Grass,3rd Round,5,Norrie C.,Bellucci M.,61,73.0,952,864.0,7.0,6.0,6.0,4.0,6.0,3.0,,,,,3.0,0.0,Completed,1.57,2.3,1.6,2.5,1.63,2.56,1.56,2.41,,,norrie c.,bellucci m.,atp_24,atp_73
36,London,Wimbledon,7/4/2025,Grand Slam,Outdoor,Grass,3rd Round,5,Thompson J.,Darderi L.,44,59.0,1200,989.0,6.0,4.0,6.0,4.0,3.0,6.0,6.0,3.0,,,3.0,1.0,Completed,1.67,2.1,1.79,2.15,1.82,2.2,1.71,2.11,,,thompson j.,darderi l.,atp_131,atp_19
36,London,Wimbledon,7/4/2025,Grand Slam,Outdoor,Grass,3rd Round,5,Majchrzak K.,Rinderknech A.,109,72.0,527,873.0,6.0,3.0,7.0,6.0,7.0,6.0,,,,,3.0,0.0,Completed,1.91,1.9,2.07,1.85,2.1,1.9,2.0,1.8,,,majchrzak k.,rinderknech a.,atp_53,atp_27
36,London,Wimbledon,7/4/2025,Grand Slam,Outdoor,Grass,3rd Round,5,Jarry N.,Fonseca J.,143,54.0,418,1016.0,6.0,3.0,6.0,4.0,3.0,6.0,7.0,6.0,,,3.0,1.0,Completed,2.9,1.4,3.05,1.43,3.05,1.48,2.81,1.42,,,jarry n.,fonseca j.,atp_154,atp_40
36,London,Wimbledon,7/4/2025,Grand Slam,Outdoor,Grass,3rd Round,5,Khachanov K.,Borges N.,20,37.0,2240,1400.0,7.0,6.0,4.0,6.0,4.0,6.0,6.0,3.0,7.0,6.0,3.0,2.0,Completed,1.4,3.0,1.44,3.03,1.48,3.05,1.41,2.89,,,khachanov k.,borges n.,atp_15,atp_48
36,London,Wimbledon,7/4/2025,Grand Slam,Outdoor,Grass,3rd Round,5,Alcaraz C.,Struff J.L.,2,125.0,9300,475.0,6.0,1.0,3.0,6.0,6.0,3.0,6.0,4.0,,,3.0,1.0,Completed,1.04,11.0,1.05,15.53,1.05,18.0,1.03,12.61,,,alcaraz c.,struff j.,atp_1,
36,London,Wimbledon,7/5/2025,Grand Slam,Outdoor,Grass,3rd Round,5,Cobolli F.,Mensik J.,24,17.0,2035,2356.0,6.0,2.0,6.0,4.0,6.0,2.0,,,,,3.0,0.0,Completed,2.5,1.53,2.67,1.54,2.7,1.58,2.53,1.51,,,cobolli f.,mensik j.,atp_13,atp_26
36,London,Wimbledon,7/5/2025,Grand Slam,Outdoor,Grass,3rd Round,5,Sinner J.,Martinez P.,1,52.0,10430,1030.0,6.0,1.0,6.0,3.0,6.0,1.0,,,,,3.0,0.0,Completed,1.01,19.0,1.01,41.19,1.01,75.0,1.01,28.17,,,sinner j.,martinez p.,atp_2,atp_113
36,London,Wimbledon,7/5/2025,Grand Slam,Outdoor,Grass,3rd Round,5,Dimitrov G.,Ofner S.,21,165.0,2155,343.0,6.0,3.0,6.0,4.0,7.0,6.0,,,,,3.0,0.0,Completed,1.29,3.75,1.31,3.83,1.33,3.9,1.29,3.63,,,dimitrov g.,ofner s.,atp_93,atp_78
36,London,Wimbledon,7/5/2025,Grand Slam,Outdoor,Grass,3rd Round,5,Sonego L.,Nakashima B.,47,34.0,1171,1650.0,6.0,7.0,7.0,6.0,7.0,6.0,3.0,6.0,7.0,6.0,3.0,2.0,Completed,2.6,1.5,2.74,1.52,2.78,1.55,2.57,1.5,,,sonego l.,nakashima b.,atp_63,atp_33
36,London,Wimbledon,7/5/2025,Grand Slam,Outdoor,Grass,3rd Round,5,De Minaur A.,Holmgren A.,11,192.0,3085,285.0,6.0,4.0,7.0,6.0,6.0,3.0,,,,,3.0,0.0,Completed,1.06,8.0,1.08,10.76,1.08,12.0,1.06,9.13,,,de minaur a.,holmgren a.,atp_6,atp_191
36,London,Wimbledon,7/5/2025,Grand Slam,Outdoor,Grass,3rd Round,5,Cilic M.,Munar J.,83,55.0,722,1012.0,6.0,3.0,3.0,6.0,6.0,2.0,6.0,4.0,,,3.0,1.0,Completed,1.53,2.5,1.58,2.55,1.61,2.62,1.54,2.46,,,cilic m.,munar j.,atp_54,atp_37
36,London,Wimbledon,7/5/2025,Grand Slam,Outdoor,Grass,3rd Round,5,Shelton B.,Fucsovics M.,10,105.0,3130,564.0,6.0,3.0,7.0,6.0,6.0,2.0,,,,,3.0,0.0,Completed,1.3,3.6,1.32,3.77,1.33,4.0,1.29,3.6,,,shelton b.,fucsovics m.,atp_9,atp_51
36,London,Wimbledon,7/5/2025,Grand Slam,Outdoor,Grass,3rd Round,3,Djokovic N.,Kecmanovic M.,6,49.0,4630,1106.0,6.0,3.0,6.0,0.0,6.0,4.0,,,,,3.0,0.0,Completed,1.04,9.5,1.05,15.38,1.05,19.5,1.03,13.67,,,djokovic n.,kecmanovic m.,atp_4,atp_58
36,London,Wimbledon,7/6/2025,Grand Slam,Outdoor,Grass,4th Round,5,Khachanov K.,Majchrzak K.,20,109.0,2240,527.0,6.0,4.0,6.0,2.0,6.0,3.0,,,,,3.0,0.0,Completed,1.36,3.2,1.38,3.36,1.4,3.4,1.35,3.19,,,khachanov k.,majchrzak k.,atp_15,atp_53
36,London,Wimbledon,7/6/2025,Grand Slam,Outdoor,Grass,4th Round,5,Fritz T.,Thompson J.,5,44.0,4635,1200.0,6.0,1.0,3.0,0.0,,,,,,,1.0,0.0,Retired,1.14,5.5,1.15,6.36,1.16,6.8,1.14,5.64,,,fritz t.,thompson j.,atp_8,atp_131
36,London,Wimbledon,7/6/2025,Grand Slam,Outdoor,Grass,4th Round,5,Norrie C.,Jarry N.,61,143.0,952,418.0,6.0,3.0,7.0,6.0,6.0,7.0,6.0,7.0,6.0,3.0,3.0,2.0,Completed,1.83,1.91,1.87,2.04,2.1,2.08,1.84,1.96,,,norrie c.,jarry n.,atp_24,atp_154
36,London,Wimbledon,7/6/2025,Grand Slam,Outdoor,Grass,4th Round,5,Alcaraz C.,Rublev A.,2,14.0,9300,2920.0,6.0,7.0,6.0,3.0,6.0,4.0,6.0,4.0,,,3.0,1.0,Completed,1.08,7.0,1.1,8.57,1.11,9.4,1.09,7.5,,,alcaraz c.,rublev a.,atp_1,atp_16
36,London,Wimbledon,7/7/2025,Grand Slam,Outdoor,Grass,4th Round,5,Cobolli F.,Cilic M.,24,83.0,2035,722.0,6.0,4.0,6.0,4.0,6.0,7.0,7.0,6.0,,,3.0,1.0,Completed,1.83,2.0,1.88,2.03,1.89,2.1,1.79,2.01,,,cobolli f.,cilic m.,atp_13,atp_54
36,London,Wimbledon,7/7/2025,Grand Slam,Outdoor,Grass,4th Round,5,Djokovic N.,De Minaur A.,6,11.0,4630,3085.0,1.0,6.0,6.0,4.0,6.0,4.0,6.0,4.0,,,3.0,1.0,Completed,1.17,5.0,1.2,5.22,1.2,5.9,1.17,5.04,,,djokovic n.,de minaur a.,atp_4,atp_6
36,London,Wimbledon,7/7/2025,Grand Slam,Outdoor,Grass,4th Round,5,Shelton B.,Sonego L.,10,47.0,3130,1171.0,3.0,6.0,6.0,1.0,7.0,6.0,7.0,5.0,,,3.0,1.0,Completed,1.29,3.75,1.32,3.76,1.32,4.3,1.27,3.76,,,shelton b.,sonego l.,atp_9,atp_63
36,London,Wimbledon,7/7/2025,Grand Slam,Outdoor,Grass,4th Round,5,Sinner J.,Dimitrov G.,1,21.0,10430,2155.0,3.0,6.0,5.0,7.0,2.0,2.0,,,,,0.0,2.0,Retired,1.03,13.0,1.03,18.06,1.05,18.06,1.03,13.83,,,sinner j.,dimitrov g.,atp_2,atp_93
36,London,Wimbledon,7/8/2025,Grand Slam,Outdoor,Grass,Quarterfinals,5,Fritz T.,Khachanov K.,5,20.0,4635,2240.0,6.0,3.0,6.0,4.0,1.0,6.0,7.0,6.0,,,3.0,1.0,Completed,1.29,3.75,1.29,4.06,1.31,4.2,1.27,3.76,,,fritz t.,khachanov k.,atp_8,atp_15
36,London,Wimbledon,7/8/2025,Grand Slam,Outdoor,Grass,Quarterfinals,5,Alcaraz C.,Norrie C.,2,61.0,9300,952.0,6.0,2.0,6.0,3.0,6.0,3.0,,,,,3.0,0.0,Completed,1.06,9.0,1.07,10.89,1.07,13.5,1.05,9.96,,,alcaraz c.,norrie c.,atp_1,atp_24
36,London,Wimbledon,7/9/2025,Grand Slam,Outdoor,Grass,Quarterfinals,5,Sinner J.,Shelton B.,1,10.0,10430,3130.0,7.0,6.0,6.0,4.0,6.0,4.0,,,,,3.0,0.0,Completed,1.25,3.6,1.32,3.6,1.34,3.9,1.29,3.58,,,sinner j.,shelton b.,atp_2,atp_9
36,London,Wimbledon,7/9/2025,Grand Slam,Outdoor,Grass,Quarterfinals,5,Djokovic N.,Cobolli F.,6,24.0,4630,2035.0,6.0,7.0,6.0,2.0,7.0,5.0,6.0,4.0,,,3.0,1.0,Completed,1.1,7.0,1.11,8.33,1.12,8.6,1.09,7.53,,,djokovic n.,cobolli f.,atp_4,atp_13
36,London,Wimbledon,7/11/2025,Grand Slam,Outdoor,Grass,Semifinals,5,Alcaraz C.,Fritz T.,2,5.0,9300,4635.0,6.0,4.0,5.0,7.0,6.0,3.0,7.0,6.0,,,3.0,1.0,Completed,1.17,4.75,1.2,5.13,1.24,5.25,1.17,4.98,,,alcaraz c.,fritz t.,atp_1,atp_8
36,London,Wimbledon,7/11/2025,Grand Slam,Outdoor,Grass,Semifinals,5,Sinner J.,Djokovic N.,1,6.0,10430,4630.0,6.0,3.0,6.0,3.0,6.0,4.0,,,,,3.0,0.0,Completed,1.4,2.8,1.47,2.93,1.47,3.05,1.42,2.85,,,sinner j.,djokovic n.,atp_2,atp_4
36,London,Wimbledon,7/13/2025,Grand Slam,Outdoor,Grass,The Final,5,Sinner J.,Alcaraz C.,1,2.0,10430,9300.0,4.0,6.0,6.0,4.0,6.0,4.0,6.0,4.0,,,3.0,1.0,Completed,1.83,2.0,1.85,2.07,1.87,2.07,1.82,1.98,,,sinner j.,alcaraz c.,atp_2,atp_1
37,Bastad,Nordea Open,7/14/2025,ATP250,Outdoor,Clay,1st Round,3,De Jong J.,Rejchtman Vinciguerra W.,106,1476.0,590,3.0,6.0,3.0,6.0,2.0,,,,,,,2.0,0.0,Completed,1.02,15.0,1.01,36.9,1.02,36.9,1.01,19.53,,,de jong j.,rejchtman vinciguerra w.,atp_99,
37,Bastad,Nordea Open,7/14/2025,ATP250,Outdoor,Clay,1st Round,3,Darderi L.,Collignon R.,55,84.0,1039,715.0,6.0,2.0,2.0,6.0,6.0,2.0,,,,,2.0,1.0,Completed,1.4,3.0,1.41,3.11,1.43,3.2,1.4,2.94,,,darderi l.,collignon r.,atp_19,atp_65
37,Bastad,Nordea Open,7/15/2025,ATP250,Outdoor,Clay,1st Round,3,Gaston H.,Tseng C.H.,91,98.0,663,631.0,6.0,4.0,6.0,3.0,,,,,,,2.0,0.0,Completed,2.25,1.67,2.35,1.66,2.35,1.67,2.23,1.64,,,gaston h.,tseng c.,atp_116,
37,Bastad,Nordea Open,7/15/2025,ATP250,Outdoor,Clay,1st Round,3,Dzumhur D.,Ofner S.,70,141.0,894,433.0,6.0,4.0,6.0,4.0,,,,,,,2.0,0.0,Completed,2.4,1.53,2.43,1.62,2.5,1.62,2.37,1.56,,,dzumhur d.,ofner s.,atp_74,atp_78
37,Bastad,Nordea Open,7/15/2025,ATP250,Outdoor,Clay,1st Round,3,Kopriva V.,Dellien H.,83,94.0,719,661.0,6.0,1.0,3.0,0.0,,,,,,,1.0,0.0,Retired,1.57,2.4,1.63,2.41,1.63,2.55,1.55,2.41,,,kopriva v.,dellien h.,atp_70,atp_160
37,Bastad,Nordea Open,7/15/2025,ATP250,Outdoor,Clay,1st Round,3,Pellegrino A.,Faria J.,139,115.0,437,543.0,2.0,6.0,6.0,3.0,6.0,3.0,,,,,2.0,1.0,Completed,1.7,2.2,1.72,2.2,1.76,2.2,1.71,2.11,,,pellegrino a.,faria j.,atp_130,atp_143
37,Bastad,Nordea Open,7/15/2025,ATP250,Outdoor,Clay,1st Round,3,Budkov Kjaer N.,Monteiro T.,298,152.0,180,375.0,5.0,7.0,6.0,3.0,7.0,6.0,,,,,2.0,1.0,Completed,2.7,1.45,2.75,1.49,2.75,1.5,2.63,1.47,,,budkov kjaer n.,monteiro t.,atp_141,atp_275
37,Bastad,Nordea Open,7/15/2025,ATP250,Outdoor,Clay,1st Round,3,Ymer E.,Boyer T.,264,126.0,211,486.0,6.0,3.0,3.0,6.0,6.0,2.0,,,,,2.0,1.0,Completed,1.5,2.5,1.72,2.23,1.73,2.5,1.68,2.17,,,ymer e.,boyer t.,atp_175,atp_241
37,Bastad,Nordea Open,7/16/2025,ATP250,Outdoor,Clay,1st Round,3,Navone M.,Barrios M.,75,124.0,810,493.0,7.0,5.0,7.0,5.0,,,,,,,2.0,0.0,Completed,1.22,4.33,1.25,4.43,1.28,4.43,1.25,3.89,,,navone m.,barrios m.,atp_60,
37,Bastad,Nordea Open,7/16/2025,ATP250,Outdoor,Clay,1st Round,3,Misolic F.,Moller E.,105,102.0,593,609.0,6.0,3.0,3.0,6.0,7.0,5.0,,,,,2.0,1.0,Completed,1.45,2.63,1.5,2.78,1.5,2.78,1.44,2.7,,,misolic f.,moller e.,atp_86,atp_134
37,Bastad,Nordea Open,7/16/2025,ATP250,Outdoor,Clay,1st Round,3,Ugo Carabelli C.,Garin C.,59,117.0,972,535.0,6.0,4.0,6.0,4.0,,,,,,,2.0,0.0,Completed,2.2,1.62,2.29,1.69,2.3,1.69,2.22,1.64,,,ugo carabelli c.,garin c.,atp_67,atp_100
37,Bastad,Nordea Open,7/16/2025,ATP250,Outdoor,Clay,1st Round,3,Van De Zandschulp B.,Ymer M.,100,618.0,622,53.0,6.0,4.0,6.0,1.0,,,,,,,2.0,0.0,Completed,1.44,2.8,1.43,3.01,1.44,3.01,1.42,2.84,,,van de zandschulp b.,ymer m.,atp_62,
37,Bastad,Nordea Open,7/16/2025,ATP250,Outdoor,Clay,2nd Round,3,De Jong J.,Kopriva V.,106,83.0,590,719.0,7.0,6.0,7.0,5.0,,,,,,,2.0,0.0,Completed,2,1.83,2.03,1.86,2.1,1.86,1.97,1.81,,,de jong j.,kopriva v.,atp_99,atp_70
37,Bastad,Nordea Open,7/16/2025,ATP250,Outdoor,Clay,2nd Round,3,Griekspoor T.,Pellegrino A.,29,139.0,1715,437.0,4.0,6.0,7.0,6.0,6.0,3.0,,,,,2.0,1.0,Completed,1.29,3.75,1.31,3.78,1.31,3.95,1.28,3.65,,,griekspoor t.,pellegrino a.,atp_30,atp_130
37,Bastad,Nordea Open,7/16/2025,ATP250,Outdoor,Clay,2nd Round,3,Darderi L.,Ymer E.,55,264.0,1039,211.0,6.0,2.0,6.0,2.0,,,,,,,2.0,0.0,Completed,1.25,4.0,1.24,4.49,1.29,4.49,1.25,3.87,,,darderi l.,ymer e.,atp_19,atp_175
37,Bastad,Nordea Open,7/16/2025,ATP250,Outdoor,Clay,2nd Round,3,Baez S.,Budkov Kjaer N.,37,298.0,1370,180.0,3.0,6.0,6.0,2.0,7.0,5.0,,,,,2.0,1.0,Completed,1.3,3.6,1.32,3.66,1.33,3.66,1.31,3.44,,,baez s.,budkov kjaer n.,atp_50,atp_141
37,Bastad,Nordea Open,7/17/2025,ATP250,Outdoor,Clay,2nd Round,3,Ugo Carabelli C.,Van De Zandschulp B.,59,100.0,972,622.0,7.0,6.0,5.0,7.0,6.0,3.0,,,,,2.0,1.0,Completed,2,1.83,2.03,1.87,2.03,1.87,1.97,1.82,,,ugo carabelli c.,van de zandschulp b.,atp_67,atp_62
37,Bastad,Nordea Open,7/17/2025,ATP250,Outdoor,Clay,2nd Round,3,Misolic F.,Borges N.,105,35.0,593,1490.0,3.0,6.0,7.0,6.0,6.0,3.0,,,,,2.0,1.0,Completed,2.1,1.73,2.17,1.76,2.2,1.76,2.13,1.69,,,misolic f.,borges n.,atp_86,atp_48
37,Bastad,Nordea Open,7/17/2025,ATP250,Outdoor,Clay,2nd Round,3,Cerundolo F.,Navone M.,20,75.0,2285,810.0,6.0,3.0,6.0,3.0,,,,,,,2.0,0.0,Completed,1.75,2.1,1.79,2.13,1.79,2.13,1.73,2.07,,,cerundolo f.,navone m.,atp_20,atp_60
37,Bastad,Nordea Open,7/17/2025,ATP250,Outdoor,Clay,2nd Round,3,Dzumhur D.,Gaston H.,70,91.0,894,663.0,4.0,6.0,6.0,2.0,6.0,2.0,,,,,2.0,1.0,Completed,1.83,2.0,1.85,2.05,1.85,2.1,1.74,2.06,,,dzumhur d.,gaston h.,atp_74,atp_116
37,Bastad,Nordea Open,7/18/2025,ATP250,Outdoor,Clay,Quarterfinals,3,De Jong J.,Griekspoor T.,106,29.0,590,1715.0,4.0,6.0,7.0,6.0,6.0,3.0,,,,,2.0,1.0,Completed,2.25,1.6,2.33,1.68,2.33,1.68,2.26,1.62,,,de jong j.,griekspoor t.,atp_99,atp_30
37,Bastad,Nordea Open,7/18/2025,ATP250,Outdoor,Clay,Quarterfinals,3,Ugo Carabelli C.,Misolic F.,59,105.0,972,593.0,6.0,3.0,7.0,5.0,,,,,,,2.0,0.0,Completed,1.9,1.85,1.98,1.93,2.04,1.93,1.94,1.84,,,ugo carabelli c.,misolic f.,atp_67,atp_86
37,Bastad,Nordea Open,7/18/2025,ATP250,Outdoor,Clay,Quarterfinals,3,Darderi L.,Baez S.,55,37.0,1039,1370.0,6.0,0.0,6.0,2.0,,,,,,,2.0,0.0,Completed,1.7,2.2,1.75,2.21,1.75,2.21,1.68,2.16,,,darderi l.,baez s.,atp_19,atp_50
37,Bastad,Nordea Open,7/18/2025,ATP250,Outdoor,Clay,Quarterfinals,3,Cerundolo F.,Dzumhur D.,20,70.0,2285,894.0,6.0,0.0,3.0,6.0,6.0,3.0,,,,,2.0,1.0,Completed,1.14,5.0,1.21,5.01,1.22,5.01,1.18,4.72,,,cerundolo f.,dzumhur d.,atp_20,atp_74
37,Bastad,Nordea Open,7/19/2025,ATP250,Outdoor,Clay,Semifinals,3,De Jong J.,Ugo Carabelli C.,106,59.0,590,972.0,6.0,3.0,7.0,6.0,,,,,,,2.0,0.0,Completed,1.8,2.05,1.83,2.09,1.83,2.1,1.77,2.02,,,de jong j.,ugo carabelli c.,atp_99,atp_67
37,Bastad,Nordea Open,7/19/2025,ATP250,Outdoor,Clay,Semifinals,3,Darderi L.,Cerundolo F.,55,20.0,1039,2285.0,6.0,2.0,3.0,6.0,7.0,6.0,,,,,2.0,1.0,Completed,2.3,1.57,2.47,1.62,2.47,1.62,2.36,1.57,,,darderi l.,cerundolo f.,atp_19,atp_20
37,Bastad,Nordea Open,7/20/2025,ATP250,Outdoor,Clay,The Final,3,Darderi L.,De Jong J.,55,106.0,1039,590.0,6.0,4.0,3.0,6.0,6.0,3.0,,,,,2.0,1.0,Completed,1.5,2.63,1.6,2.52,1.6,2.63,1.53,2.48,,,darderi l.,de jong j.,atp_19,atp_99
38,Gstaad,Suisse Open Gstaad,7/14/2025,ATP250,Outdoor,Clay,1st Round,3,Majchrzak K.,Atmane T.,81,127.0,727,477.0,6.0,4.0,3.0,6.0,6.0,2.0,,,,,2.0,1.0,Completed,1.33,3.4,1.34,3.51,1.34,3.75,1.31,3.44,,,majchrzak k.,atmane t.,atp_53,atp_44
38,Gstaad,Suisse Open Gstaad,7/14/2025,ATP250,Outdoor,Clay,1st Round,3,Burruchaga R.,Svrcina D.,136,120.0,445,514.0,6.0,3.0,6.0,1.0,,,,,,,2.0,0.0,Completed,1.73,2.05,1.83,2.08,1.83,2.1,1.77,2.02,,,burruchaga r.,svrcina d.,,atp_110
38,Gstaad,Suisse Open Gstaad,7/14/2025,ATP250,Outdoor,Clay,1st Round,3,Buse I.,Djere L.,167,60.0,340,961.0,7.0,6.0,1.0,6.0,6.0,4.0,,,,,2.0,1.0,Completed,3.2,1.36,3.32,1.37,3.5,1.37,3.23,1.33,,,buse i.,djere l.,atp_59,atp_204
38,Gstaad,Suisse Open Gstaad,7/14/2025,ATP250,Outdoor,Clay,1st Round,3,Cazaux A.,Basilashvili N.,116,112.0,535,552.0,4.0,6.0,7.0,5.0,7.0,6.0,,,,,2.0,1.0,Completed,1.75,2.1,1.75,2.19,1.75,2.19,1.72,2.1,,,cazaux a.,basilashvili n.,atp_68,atp_129
38,Gstaad,Suisse Open Gstaad,7/14/2025,ATP250,Outdoor,Clay,1st Round,3,Stricker D.,Herbert P.,229,144.0,245,431.0,4.0,6.0,6.0,4.0,6.0,2.0,,,,,2.0,1.0,Completed,1.62,2.3,1.68,2.31,1.68,2.31,1.63,2.24,,,stricker d.,herbert p.,atp_334,
38,Gstaad,Suisse Open Gstaad,7/15/2025,ATP250,Outdoor,Clay,1st Round,3,Comesana F.,Trungelliti M.,74,147.0,824,396.0,6.0,3.0,6.0,4.0,,,,,,,2.0,0.0,Completed,1.6,2.38,1.62,2.43,1.62,2.43,1.59,2.32,,,comesana f.,trungelliti m.,atp_87,atp_117
38,Gstaad,Suisse Open Gstaad,7/15/2025,ATP250,Outdoor,Clay,1st Round,3,Cerundolo J.M.,Struff J.L.,109,129.0,577,475.0,6.0,3.0,3.0,6.0,6.0,3.0,,,,,2.0,1.0,Completed,2.3,1.62,2.37,1.65,2.38,1.65,2.29,1.6,,,cerundolo j.,struff j.,,
38,Gstaad,Suisse Open Gstaad,7/15/2025,ATP250,Outdoor,Clay,1st Round,3,Passaro F.,Rinderknech A.,131,64.0,461,923.0,6.0,1.0,7.0,5.0,,,,,,,2.0,0.0,Completed,1.9,1.83,1.93,1.93,1.93,2.02,1.83,1.94,,,passaro f.,rinderknech a.,atp_146,atp_27
38,Gstaad,Suisse Open Gstaad,7/15/2025,ATP250,Outdoor,Clay,1st Round,3,Goffin D.,Landaluce M.,68,138.0,914,440.0,7.0,6.0,6.0,3.0,,,,,,,2.0,0.0,Completed,2.25,1.6,2.35,1.66,2.35,1.67,2.22,1.64,,,goffin d.,landaluce m.,atp_179,atp_106
38,Gstaad,Suisse Open Gstaad,7/15/2025,ATP250,Outdoor,Clay,1st Round,3,Carballes Baena R.,Taberner C.,79,107.0,740,581.0,1.0,6.0,6.0,2.0,7.0,6.0,,,,,2.0,1.0,Completed,1.83,2.0,1.83,2.08,1.83,2.08,1.79,2.0,,,carballes baena r.,taberner c.,atp_159,atp_121
38,Gstaad,Suisse Open Gstaad,7/15/2025,ATP250,Outdoor,Clay,1st Round,3,Kym J.,Hemery C.,154,171.0,369,331.0,7.0,5.0,4.0,6.0,7.0,5.0,,,,,2.0,1.0,Completed,1.5,2.6,1.55,2.59,1.55,2.7,1.49,2.58,,,kym j.,hemery c.,atp_170,atp_338
38,Gstaad,Suisse Open Gstaad,7/15/2025,ATP250,Outdoor,Clay,1st Round,3,Shevchenko A.,Wawrinka S.,101,156.0,610,357.0,6.0,3.0,6.0,2.0,,,,,,,2.0,0.0,Completed,2,1.83,1.95,1.93,2.0,1.93,1.96,1.82,,,shevchenko a.,wawrinka s.,atp_76,atp_98
38,Gstaad,Suisse Open Gstaad,7/16/2025,ATP250,Outdoor,Clay,2nd Round,3,Buse I.,Majchrzak K.,167,81.0,340,727.0,1.0,6.0,7.0,5.0,6.0,1.0,,,,,2.0,1.0,Completed,2.5,1.53,2.52,1.58,2.55,1.58,2.46,1.53,,,buse i.,majchrzak k.,atp_59,atp_53
38,Gstaad,Suisse Open Gstaad,7/16/2025,ATP250,Outdoor,Clay,2nd Round,3,Burruchaga R.,Zahraj P.,136,283.0,445,193.0,4.0,6.0,6.0,4.0,6.0,1.0,,,,,2.0,1.0,Completed,1.2,4.5,1.2,5.17,1.22,5.17,1.2,4.47,,,burruchaga r.,zahraj p.,,atp_403
38,Gstaad,Suisse Open Gstaad,7/16/2025,ATP250,Outdoor,Clay,2nd Round,3,Ruud C.,Stricker D.,13,229.0,2855,245.0,7.0,5.0,7.0,6.0,,,,,,,2.0,0.0,Completed,1.29,3.75,1.3,3.86,1.3,4.0,1.26,3.77,,,ruud c.,stricker d.,atp_12,atp_334
38,Gstaad,Suisse Open Gstaad,7/17/2025,ATP250,Outdoor,Clay,2nd Round,3,Comesana F.,Carballes Baena R.,74,79.0,824,740.0,6.0,1.0,6.0,4.0,,,,,,,2.0,0.0,Completed,1.4,2.8,1.48,2.84,1.48,2.84,1.45,2.71,,,comesana f.,carballes baena r.,atp_87,atp_159
38,Gstaad,Suisse Open Gstaad,7/17/2025,ATP250,Outdoor,Clay,2nd Round,3,Cerundolo J.M.,Goffin D.,109,68.0,577,914.0,5.0,7.0,6.0,4.0,6.0,1.0,,,,,2.0,1.0,Completed,1.62,2.3,1.68,2.31,1.68,2.4,1.6,2.29,,,cerundolo j.,goffin d.,,atp_179
38,Gstaad,Suisse Open Gstaad,7/17/2025,ATP250,Outdoor,Clay,2nd Round,3,Cazaux A.,Etcheverry T.,116,58.0,535,985.0,6.0,3.0,4.0,6.0,6.0,4.0,,,,,2.0,1.0,Completed,2.63,1.44,2.75,1.51,2.75,1.51,2.67,1.45,,,cazaux a.,etcheverry t.,atp_68,
38,Gstaad,Suisse Open Gstaad,7/17/2025,ATP250,Outdoor,Clay,2nd Round,3,Bublik A.,Shevchenko A.,34,101.0,1585,610.0,6.0,2.0,6.0,3.0,,,,,,,2.0,0.0,Completed,1.45,2.6,1.52,2.68,1.52,2.75,1.48,2.61,,,bublik a.,shevchenko a.,atp_11,atp_76
38,Gstaad,Suisse Open Gstaad,7/17/2025,ATP250,Outdoor,Clay,2nd Round,3,Kym J.,Passaro F.,154,131.0,369,461.0,7.0,6.0,7.0,6.0,,,,,,,2.0,0.0,Completed,2.2,1.62,2.22,1.72,2.3,1.72,2.23,1.63,,,kym j.,passaro f.,atp_170,atp_146
38,Gstaad,Suisse Open Gstaad,7/18/2025,ATP250,Outdoor,Clay,Quarterfinals,3,Buse I.,Burruchaga R.,167,136.0,340,445.0,6.0,3.0,3.0,6.0,6.0,1.0,,,,,2.0,1.0,Completed,1.75,2.0,1.82,2.11,1.82,2.11,1.74,2.06,,,buse i.,burruchaga r.,atp_59,
38,Gstaad,Suisse Open Gstaad,7/18/2025,ATP250,Outdoor,Clay,Quarterfinals,3,Cerundolo J.M.,Ruud C.,109,13.0,577,2855.0,6.0,2.0,1.0,6.0,6.0,3.0,,,,,2.0,1.0,Completed,4.33,1.22,4.66,1.24,4.75,1.24,4.51,1.2,,,cerundolo j.,ruud c.,,atp_12
38,Gstaad,Suisse Open Gstaad,7/18/2025,ATP250,Outdoor,Clay,Quarterfinals,3,Bublik A.,Comesana F.,34,74.0,1585,824.0,6.0,4.0,6.0,3.0,,,,,,,2.0,0.0,Completed,1.62,2.3,1.67,2.36,1.67,2.38,1.61,2.27,,,bublik a.,comesana f.,atp_11,atp_87
38,Gstaad,Suisse Open Gstaad,7/18/2025,ATP250,Outdoor,Clay,Quarterfinals,3,Cazaux A.,Kym J.,116,154.0,535,369.0,7.0,6.0,3.0,6.0,7.0,5.0,,,,,2.0,1.0,Completed,1.85,1.95,1.88,2.04,1.88,2.04,1.81,1.97,,,cazaux a.,kym j.,atp_68,atp_170
38,Gstaad,Suisse Open Gstaad,7/19/2025,ATP250,Outdoor,Clay,Semifinals,3,Cerundolo J.M.,Buse I.,109,167.0,577,340.0,6.0,3.0,6.0,3.0,,,,,,,2.0,0.0,Completed,1.7,2.2,1.7,2.29,1.72,2.29,1.69,2.15,,,cerundolo j.,buse i.,,atp_59
38,Gstaad,Suisse Open Gstaad,7/19/2025,ATP250,Outdoor,Clay,Semifinals,3,Bublik A.,Cazaux A.,34,116.0,1585,535.0,6.0,1.0,7.0,5.0,,,,,,,2.0,0.0,Completed,1.4,3.0,1.38,3.31,1.4,3.31,1.37,3.04,,,bublik a.,cazaux a.,atp_11,atp_68
38,Gstaad,Suisse Open Gstaad,7/20/2025,ATP250,Outdoor,Clay,The Final,3,Bublik A.,Cerundolo J.M.,34,109.0,1585,577.0,6.0,4.0,4.0,6.0,6.0,3.0,,,,,2.0,1.0,Completed,1.25,4.0,1.32,3.77,1.32,4.0,1.28,3.66,,,bublik a.,cerundolo j.,atp_11,
39,Los Cabos,Los Cabos Open,7/15/2025,ATP250,Outdoor,Hard,1st Round,3,Kovacevic A.,Habib H.,76,172.0,799,326.0,6.0,1.0,3.0,6.0,6.0,3.0,,,,,2.0,1.0,Completed,1.33,3.4,1.38,3.28,1.38,3.4,1.32,3.34,,,kovacevic a.,habib h.,atp_85,atp_343
39,Los Cabos,Los Cabos Open,7/15/2025,ATP250,Outdoor,Hard,1st Round,3,Nava E.,Vukic A.,123,90.0,495,664.0,7.0,6.0,6.0,3.0,,,,,,,2.0,0.0,Completed,2,1.8,2.08,1.83,2.08,1.91,1.95,1.83,,,nava e.,vukic a.,atp_104,atp_84
39,Los Cabos,Los Cabos Open,7/15/2025,ATP250,Outdoor,Hard,1st Round,3,Ficovich J.P.,Kachmazov A.,148,183.0,391,308.0,6.0,3.0,6.0,2.0,,,,,,,2.0,0.0,Completed,2.38,1.53,2.52,1.58,2.52,1.6,2.35,1.57,,,ficovich j.,kachmazov a.,,atp_524
39,Los Cabos,Los Cabos Open,7/15/2025,ATP250,Outdoor,Hard,1st Round,3,Hernandez A.,Daniel T.,493,155.0,82,368.0,3.0,6.0,7.0,5.0,6.0,4.0,,,,,2.0,1.0,Completed,3.1,1.33,3.35,1.37,3.4,1.37,3.2,1.34,,,hernandez a.,daniel t.,,atp_340
39,Los Cabos,Los Cabos Open,7/16/2025,ATP250,Outdoor,Hard,1st Round,3,Nanda G.,Smith C.,405,135.0,115,448.0,6.0,4.0,6.0,2.0,,,,,,,2.0,0.0,Completed,4,1.22,4.71,1.22,4.71,1.9,4.09,1.27,,,nanda g.,smith c.,atp_679,atp_164
39,Los Cabos,Los Cabos Open,7/16/2025,ATP250,Outdoor,Hard,1st Round,3,Schoolkate T.,Wu Y.,110,259.0,574,215.0,4.0,6.0,6.0,4.0,6.0,1.0,,,,,2.0,1.0,Completed,2.6,1.5,2.63,1.54,2.63,1.54,2.59,1.49,,,schoolkate t.,wu y.,atp_119,atp_118
39,Los Cabos,Los Cabos Open,7/16/2025,ATP250,Outdoor,Hard,1st Round,3,Altmaier D.,Krueger M.,61,159.0,958,352.0,6.0,4.0,6.0,3.0,,,,,,,2.0,0.0,Completed,1.45,2.75,1.5,2.78,1.5,2.78,1.45,2.7,,,altmaier d.,krueger m.,atp_52,atp_251
39,Los Cabos,Los Cabos Open,7/16/2025,ATP250,Outdoor,Hard,1st Round,3,Bu Y.,Magadan A.,73,921.0,862,18.0,7.0,6.0,6.0,2.0,,,,,,,2.0,0.0,Completed,1.07,7.5,1.08,9.78,1.08,9.78,1.07,8.4,,,bu y.,magadan a.,,
39,Los Cabos,Los Cabos Open,7/16/2025,ATP250,Outdoor,Hard,1st Round,3,Basavareddy N.,Mejia N.,111,244.0,561,226.0,6.0,4.0,6.0,1.0,,,,,,,2.0,0.0,Completed,1.33,3.1,1.35,3.46,1.35,3.5,1.32,3.27,,,basavareddy n.,mejia n.,atp_193,atp_171
39,Los Cabos,Los Cabos Open,7/16/2025,ATP250,Outdoor,Hard,1st Round,3,Duckworth J.,Mannarino A.,113,93.0,550,661.0,6.0,3.0,6.0,4.0,,,,,,,2.0,0.0,Completed,1.75,2.0,1.85,2.05,1.85,2.05,1.78,2.0,,,duckworth j.,mannarino a.,atp_95,atp_43
39,Los Cabos,Los Cabos Open,7/16/2025,ATP250,Outdoor,Hard,1st Round,3,Walton A.,Pacheco Mendez R.,97,219.0,638,252.0,7.0,6.0,6.0,2.0,,,,,,,2.0,0.0,Completed,1.53,2.5,1.54,2.62,1.54,2.62,1.51,2.53,,,walton a.,pacheco mendez r.,atp_105,atp_280
39,Los Cabos,Los Cabos Open,7/16/2025,ATP250,Outdoor,Hard,1st Round,3,Alvarez Valdes L.C.,McCabe J.,784,164.0,29,341.0,6.0,1.0,6.0,2.0,,,,,,,2.0,0.0,Completed,3.4,1.29,3.63,1.33,3.63,1.35,3.33,1.32,,,alvarez valdes l.,mccabe j.,,atp_239
39,Los Cabos,Los Cabos Open,7/17/2025,ATP250,Outdoor,Hard,2nd Round,3,Ficovich J.P.,Halys Q.,148,52.0,391,1054.0,6.0,4.0,6.0,7.0,6.0,3.0,,,,,2.0,1.0,Completed,3.4,1.33,3.45,1.35,3.5,1.35,3.36,1.32,,,ficovich j.,halys q.,,atp_90
39,Los Cabos,Los Cabos Open,7/17/2025,ATP250,Outdoor,Hard,2nd Round,3,Shapovalov D.,Nanda G.,33,405.0,1586,115.0,6.0,1.0,6.0,2.0,,,,,,,2.0,0.0,Completed,1.22,4.33,1.24,4.56,1.24,4.56,1.22,4.24,,,shapovalov d.,nanda g.,atp_38,atp_679
39,Los Cabos,Los Cabos Open,7/17/2025,ATP250,Outdoor,Hard,2nd Round,3,Nava E.,Bu Y.,123,73.0,495,862.0,3.0,6.0,7.0,5.0,7.0,6.0,,,,,2.0,1.0,Completed,2.05,1.73,2.15,1.78,2.15,1.83,2.01,1.77,,,nava e.,bu y.,atp_104,
39,Los Cabos,Los Cabos Open,7/17/2025,ATP250,Outdoor,Hard,2nd Round,3,Rublev A.,Hernandez A.,10,493.0,3110,82.0,6.0,3.0,6.0,2.0,,,,,,,2.0,0.0,Completed,1.01,13.0,1.02,30.52,1.03,30.52,1.02,16.04,,,rublev a.,hernandez a.,atp_16,
39,Los Cabos,Los Cabos Open,7/17/2025,ATP250,Outdoor,Hard,2nd Round,3,Kovacevic A.,Alvarez Valdes L.C.,76,784.0,799,29.0,7.0,5.0,6.0,4.0,,,,,,,2.0,0.0,Completed,1.14,5.0,1.17,5.8,1.17,5.8,1.15,5.3,,,kovacevic a.,alvarez valdes l.,atp_85,
39,Los Cabos,Los Cabos Open,7/17/2025,ATP250,Outdoor,Hard,2nd Round,3,Duckworth J.,Davidovich Fokina A.,113,26.0,550,1945.0,6.0,3.0,6.0,4.0,,,,,,,2.0,0.0,Completed,4.33,1.22,4.5,1.24,4.5,1.24,4.22,1.22,,,duckworth j.,davidovich fokina a.,atp_95,atp_17
39,Los Cabos,Los Cabos Open,7/17/2025,ATP250,Outdoor,Hard,2nd Round,3,Schoolkate T.,Altmaier D.,110,61.0,574,958.0,6.0,3.0,6.0,4.0,,,,,,,2.0,0.0,Completed,2.3,1.57,2.4,1.64,2.4,1.65,2.25,1.62,,,schoolkate t.,altmaier d.,atp_119,atp_52
39,Los Cabos,Los Cabos Open,7/17/2025,ATP250,Outdoor,Hard,2nd Round,3,Walton A.,Basavareddy N.,97,111.0,638,561.0,6.0,1.0,6.0,0.0,,,,,,,2.0,0.0,Completed,2.4,1.53,2.46,1.61,2.46,1.61,2.34,1.57,,,walton a.,basavareddy n.,atp_105,atp_193
39,Los Cabos,Los Cabos Open,7/18/2025,ATP250,Outdoor,Hard,Quarterfinals,3,Shapovalov D.,Schoolkate T.,33,110.0,1586,574.0,6.0,3.0,6.0,2.0,,,,,,,2.0,0.0,Completed,1.36,3.2,1.36,3.45,1.4,3.45,1.38,3.02,,,shapovalov d.,schoolkate t.,atp_38,atp_119
39,Los Cabos,Los Cabos Open,7/18/2025,ATP250,Outdoor,Hard,Quarterfinals,3,Walton A.,Duckworth J.,97,113.0,638,550.0,3.0,6.0,6.0,3.0,6.0,4.0,,,,,2.0,1.0,Completed,1.67,2.25,1.68,2.32,1.68,2.32,1.64,2.23,,,walton a.,duckworth j.,atp_105,atp_95
39,Los Cabos,Los Cabos Open,7/18/2025,ATP250,Outdoor,Hard,Quarterfinals,3,Rublev A.,Nava E.,10,123.0,3110,495.0,5.0,7.0,6.0,4.0,6.0,3.0,,,,,2.0,1.0,Completed,1.2,4.75,1.2,5.31,1.2,5.31,1.17,4.9,,,rublev a.,nava e.,atp_16,atp_104
39,Los Cabos,Los Cabos Open,7/18/2025,ATP250,Outdoor,Hard,Quarterfinals,3,Kovacevic A.,Ficovich J.P.,76,148.0,799,391.0,6.0,3.0,6.0,1.0,,,,,,,2.0,0.0,Completed,1.44,2.7,1.43,3.07,1.45,3.07,1.42,2.81,,,kovacevic a.,ficovich j.,atp_85,
39,Los Cabos,Los Cabos Open,7/19/2025,ATP250,Outdoor,Hard,Semifinals,3,Shapovalov D.,Walton A.,33,97.0,1586,638.0,6.0,2.0,6.0,2.0,,,,,,,2.0,0.0,Completed,1.29,3.4,1.35,3.51,1.35,3.51,1.32,3.32,,,shapovalov d.,walton a.,atp_38,atp_105
39,Los Cabos,Los Cabos Open,7/19/2025,ATP250,Outdoor,Hard,Semifinals,3,Kovacevic A.,Rublev A.,76,10.0,799,3110.0,3.0,6.0,6.0,4.0,6.0,4.0,,,,,2.0,1.0,Completed,4,1.22,4.27,1.27,4.33,1.27,4.01,1.23,,,kovacevic a.,rublev a.,atp_85,atp_16
39,Los Cabos,Los Cabos Open,7/20/2025,ATP250,Outdoor,Hard,The Final,3,Shapovalov D.,Kovacevic A.,33,76.0,1586,799.0,6.0,4.0,6.0,2.0,,,,,,,2.0,0.0,Completed,1.33,3.4,1.39,3.27,1.39,3.5,1.33,3.27,,,shapovalov d.,kovacevic a.,atp_38,atp_85
40,Kitzbuhel,Generali Open,7/21/2025,ATP250,Outdoor,Clay,1st Round,3,Shevchenko A.,Galan D.E.,110,125.0,585,487.0,2.0,6.0,6.0,3.0,6.0,4.0,,,,,2.0,1.0,Completed,1.62,2.2,1.67,2.33,1.67,2.38,1.6,2.28,,,shevchenko a.,galan d.,atp_76,
40,Kitzbuhel,Generali Open,7/21/2025,ATP250,Outdoor,Clay,1st Round,3,Comesana F.,Boyer T.,73,126.0,861,480.0,6.0,3.0,7.0,6.0,,,,,,,2.0,0.0,Completed,1.2,4.5,1.23,4.6,1.23,4.6,1.21,4.36,,,comesana f.,boyer t.,atp_87,atp_241
40,Kitzbuhel,Generali Open,7/21/2025,ATP250,Outdoor,Clay,1st Round,3,Fucsovics M.,Schwaerzler J.J.,91,354.0,670,140.0,6.0,2.0,2.0,6.0,6.0,3.0,,,,,2.0,1.0,Completed,1.3,3.6,1.29,3.97,1.3,3.97,1.28,3.64,,,fucsovics m.,schwaerzler j.,atp_51,atp_177
40,Kitzbuhel,Generali Open,7/21/2025,ATP250,Outdoor,Clay,1st Round,3,Gombos N.,Gaston H.,307,99.0,166,638.0,6.0,3.0,6.0,4.0,,,,,,,2.0,0.0,Completed,2.5,1.53,2.54,1.57,2.65,1.57,2.58,1.49,,,gombos n.,gaston h.,atp_295,atp_116
40,Kitzbuhel,Generali Open,7/21/2025,ATP250,Outdoor,Clay,1st Round,3,Rinderknech A.,Bagnis F.,65,772.0,914,31.0,7.0,6.0,4.0,6.0,6.0,3.0,,,,,2.0,1.0,Completed,1.5,2.6,1.53,2.67,1.53,2.75,1.47,2.65,,,rinderknech a.,bagnis f.,atp_27,atp_397
40,Kitzbuhel,Generali Open,7/22/2025,ATP250,Outdoor,Clay,1st Round,3,Van De Zandschulp B.,Jarry N.,103,98.0,622,638.0,6.0,4.0,4.0,6.0,6.0,3.0,,,,,2.0,1.0,Completed,2.5,1.53,2.52,1.58,2.63,1.58,2.47,1.52,,,van de zandschulp b.,jarry n.,atp_62,atp_154
40,Kitzbuhel,Generali Open,7/22/2025,ATP250,Outdoor,Clay,1st Round,3,Hanfmann Y.,Neumayer L.,141,162.0,429,345.0,7.0,5.0,6.0,2.0,,,,,,,2.0,0.0,Completed,1.44,2.63,1.49,2.79,1.49,2.79,1.44,2.7,,,hanfmann y.,neumayer l.,atp_61,atp_224
40,Kitzbuhel,Generali Open,7/22/2025,ATP250,Outdoor,Clay,1st Round,3,Struff J.L.,Ofner S.,152,138.0,375,433.0,6.0,4.0,6.0,2.0,,,,,,,2.0,0.0,Completed,2.2,1.7,2.2,1.74,2.2,1.74,2.15,1.69,,,struff j.,ofner s.,,atp_78
40,Kitzbuhel,Generali Open,7/22/2025,ATP250,Outdoor,Clay,1st Round,3,Cazaux A.,Buse I.,100,133.0,635,453.0,6.0,3.0,3.0,6.0,7.0,5.0,,,,,2.0,1.0,Completed,1.91,1.9,1.99,1.9,2.0,1.9,1.95,1.83,,,cazaux a.,buse i.,atp_68,atp_59
40,Kitzbuhel,Generali Open,7/22/2025,ATP250,Outdoor,Clay,1st Round,3,Misolic F.,Etcheverry T.,97,58.0,649,960.0,7.0,5.0,5.0,7.0,6.0,3.0,,,,,2.0,1.0,Completed,1.91,1.9,1.9,1.99,1.91,2.0,1.86,1.92,,,misolic f.,etcheverry t.,atp_86,
40,Kitzbuhel,Generali Open,7/22/2025,ATP250,Outdoor,Clay,1st Round,3,Tirante T.A.,Faria J.,130,119.0,461,530.0,6.0,2.0,6.0,2.0,,,,,,,2.0,0.0,Completed,1.57,2.4,1.58,2.51,1.58,2.51,1.54,2.43,,,tirante t.,faria j.,,atp_143
40,Kitzbuhel,Generali Open,7/22/2025,ATP250,Outdoor,Clay,1st Round,3,Seyboth Wild T.,Engel J.,132,208.0,455,262.0,7.0,5.0,6.0,3.0,,,,,,,2.0,0.0,Completed,1.53,2.5,1.56,2.58,1.56,2.58,1.53,2.45,,,seyboth wild t.,engel j.,atp_245,atp_186
40,Kitzbuhel,Generali Open,7/23/2025,ATP250,Outdoor,Clay,2nd Round,3,Hanfmann Y.,Baez S.,141,43.0,429,1220.0,5.0,7.0,6.0,3.0,7.0,5.0,,,,,2.0,1.0,Completed,1.87,1.87,2.02,1.88,2.02,1.88,1.97,1.81,,,hanfmann y.,baez s.,atp_61,atp_50
40,Kitzbuhel,Generali Open,7/23/2025,ATP250,Outdoor,Clay,2nd Round,3,Rinderknech A.,Gombos N.,65,307.0,914,166.0,6.0,7.0,6.0,4.0,6.0,4.0,,,,,2.0,1.0,Completed,1.45,2.63,1.5,2.76,1.52,2.76,1.49,2.58,,,rinderknech a.,gombos n.,atp_27,atp_295
40,Kitzbuhel,Generali Open,7/23/2025,ATP250,Outdoor,Clay,2nd Round,3,Cazaux A.,Comesana F.,100,73.0,635,861.0,6.0,4.0,7.0,6.0,,,,,,,2.0,0.0,Completed,2.8,1.45,2.88,1.47,2.88,1.47,2.74,1.44,,,cazaux a.,comesana f.,atp_68,atp_87
40,Kitzbuhel,Generali Open,7/23/2025,ATP250,Outdoor,Clay,2nd Round,3,Struff J.L.,Martinez P.,152,62.0,375,930.0,6.0,2.0,6.0,2.0,,,,,,,2.0,0.0,Completed,1.44,2.8,1.46,2.92,1.46,2.92,1.42,2.77,,,struff j.,martinez p.,,atp_113
40,Kitzbuhel,Generali Open,7/23/2025,ATP250,Outdoor,Clay,2nd Round,3,Van De Zandschulp B.,Misolic F.,103,97.0,622,649.0,6.0,3.0,7.0,6.0,,,,,,,2.0,0.0,Completed,2.3,1.62,2.41,1.63,2.5,1.65,2.29,1.6,,,van de zandschulp b.,misolic f.,atp_62,atp_86
40,Kitzbuhel,Generali Open,7/23/2025,ATP250,Outdoor,Clay,2nd Round,3,Shevchenko A.,Fucsovics M.,110,91.0,585,670.0,7.0,5.0,6.0,4.0,,,,,,,2.0,0.0,Completed,2.38,1.6,2.42,1.63,2.42,1.63,2.33,1.58,,,shevchenko a.,fucsovics m.,atp_76,atp_51
40,Kitzbuhel,Generali Open,7/23/2025,ATP250,Outdoor,Clay,2nd Round,3,Bublik A.,Tirante T.A.,30,130.0,1825,461.0,6.0,3.0,6.0,4.0,,,,,,,2.0,0.0,Completed,1.44,2.63,1.52,2.69,1.57,2.69,1.52,2.48,,,bublik a.,tirante t.,atp_11,
40,Kitzbuhel,Generali Open,7/23/2025,ATP250,Outdoor,Clay,2nd Round,3,Seyboth Wild T.,Bautista Agut R.,132,53.0,455,1046.0,7.0,5.0,7.0,5.0,,,,,,,2.0,0.0,Completed,1.75,2.1,1.84,2.06,1.84,2.1,1.79,2.0,,,seyboth wild t.,bautista agut r.,atp_245,atp_80
40,Kitzbuhel,Generali Open,7/24/2025,ATP250,Outdoor,Clay,Quarterfinals,3,Rinderknech A.,Hanfmann Y.,65,141.0,914,429.0,6.0,4.0,3.0,6.0,6.0,1.0,,,,,2.0,1.0,Completed,2.2,1.7,2.19,1.76,2.2,1.76,2.16,1.68,,,rinderknech a.,hanfmann y.,atp_27,atp_61
40,Kitzbuhel,Generali Open,7/24/2025,ATP250,Outdoor,Clay,Quarterfinals,3,Cazaux A.,Struff J.L.,100,152.0,635,375.0,6.0,3.0,6.0,4.0,,,,,,,2.0,0.0,Completed,2.25,1.67,2.42,1.64,2.42,1.67,2.21,1.65,,,cazaux a.,struff j.,atp_68,
40,Kitzbuhel,Generali Open,7/24/2025,ATP250,Outdoor,Clay,Quarterfinals,3,Bublik A.,Shevchenko A.,30,110.0,1825,585.0,6.0,4.0,6.0,2.0,,,,,,,2.0,0.0,Completed,1.29,3.75,1.32,3.71,1.32,4.0,1.27,3.69,,,bublik a.,shevchenko a.,atp_11,atp_76
40,Kitzbuhel,Generali Open,7/24/2025,ATP250,Outdoor,Clay,Quarterfinals,3,Van De Zandschulp B.,Seyboth Wild T.,103,132.0,622,455.0,7.0,6.0,6.0,2.0,,,,,,,2.0,0.0,Completed,1.75,2.1,1.77,2.15,1.77,2.18,1.72,2.09,,,van de zandschulp b.,seyboth wild t.,atp_62,atp_245
40,Kitzbuhel,Generali Open,7/25/2025,ATP250,Outdoor,Clay,Semifinals,3,Cazaux A.,Rinderknech A.,100,65.0,635,914.0,7.0,5.0,6.0,3.0,,,,,,,2.0,0.0,Completed,1.67,2.25,1.65,2.37,1.67,2.37,1.61,2.27,,,cazaux a.,rinderknech a.,atp_68,atp_27
40,Kitzbuhel,Generali Open,7/25/2025,ATP250,Outdoor,Clay,Semifinals,3,Bublik A.,Van De Zandschulp B.,30,103.0,1825,622.0,6.0,3.0,6.0,4.0,,,,,,,2.0,0.0,Completed,1.33,3.2,1.34,3.62,1.34,3.62,1.31,3.41,,,bublik a.,van de zandschulp b.,atp_11,atp_62
40,Kitzbuhel,Generali Open,7/26/2025,ATP250,Outdoor,Clay,The Final,3,Bublik A.,Cazaux A.,30,100.0,1825,635.0,6.0,4.0,6.0,3.0,,,,,,,2.0,0.0,Completed,1.29,3.4,1.33,3.69,1.33,3.75,1.28,3.59,,,bublik a.,cazaux a.,atp_11,atp_68
41,Umag,Croatia Open,7/20/2025,ATP250,Outdoor,Clay,1st Round,3,Kopriva V.,Collignon R.,79,88.0,744,690.0,3.0,6.0,6.0,4.0,6.0,3.0,,,,,2.0,1.0,Completed,1.8,1.95,1.87,2.03,1.87,2.03,1.82,1.96,,,kopriva v.,collignon r.,atp_70,atp_65
41,Umag,Croatia Open,7/20/2025,ATP250,Outdoor,Clay,1st Round,3,Passaro F.,Dodig M.,121,242.0,499,231.0,4.0,6.0,6.0,1.0,6.0,2.0,,,,,2.0,1.0,Completed,1.44,2.88,1.44,2.97,1.5,2.97,1.46,2.69,,,passaro f.,dodig m.,atp_146,atp_199
41,Umag,Croatia Open,7/21/2025,ATP250,Outdoor,Clay,1st Round,3,Taberner C.,Herbert P.,111,140.0,581,431.0,6.0,4.0,7.0,6.0,,,,,,,2.0,0.0,Completed,1.5,2.5,1.54,2.63,1.57,2.63,1.51,2.5,,,taberner c.,herbert p.,atp_121,
41,Umag,Croatia Open,7/21/2025,ATP250,Outdoor,Clay,1st Round,3,Tseng C.H.,Zeppieri G.,101,290.0,631,180.0,7.0,5.0,6.0,4.0,,,,,,,2.0,0.0,Completed,2.1,1.75,2.1,1.79,2.14,1.79,2.08,1.73,,,tseng c.,zeppieri g.,,atp_162
41,Umag,Croatia Open,7/21/2025,ATP250,Outdoor,Clay,1st Round,3,Llamas Ruiz P.,Majchrzak K.,537,78.0,70,752.0,6.0,2.0,6.0,4.0,,,,,,,2.0,0.0,Completed,2.38,1.6,2.39,1.64,2.39,1.64,2.33,1.58,,,llamas ruiz p.,majchrzak k.,atp_151,atp_53
41,Umag,Croatia Open,7/21/2025,ATP250,Outdoor,Clay,1st Round,3,Atmane T.,Lajovic D.,136,129.0,439,464.0,6.0,3.0,6.0,4.0,,,,,,,2.0,0.0,Completed,2.8,1.45,2.83,1.48,2.88,1.48,2.75,1.43,,,atmane t.,lajovic d.,atp_44,atp_132
41,Umag,Croatia Open,7/21/2025,ATP250,Outdoor,Clay,1st Round,3,Droguet T.,Garin C.,176,118.0,317,535.0,6.0,3.0,6.0,3.0,,,,,,,2.0,0.0,Completed,2.2,1.67,2.21,1.74,2.3,1.74,2.17,1.67,,,droguet t.,garin c.,atp_122,atp_100
41,Umag,Croatia Open,7/21/2025,ATP250,Outdoor,Clay,1st Round,3,Basilashvili N.,Carballes Baena R.,114,85.0,552,715.0,6.0,3.0,6.0,4.0,,,,,,,2.0,0.0,Completed,1.67,2.1,1.75,2.19,1.75,2.19,1.71,2.1,,,basilashvili n.,carballes baena r.,atp_129,atp_159
41,Umag,Croatia Open,7/21/2025,ATP250,Outdoor,Clay,1st Round,3,Navone M.,Barrios M.,76,142.0,785,425.0,6.0,1.0,6.0,2.0,,,,,,,2.0,0.0,Completed,1.29,3.75,1.26,4.26,1.29,4.26,1.26,3.83,,,navone m.,barrios m.,atp_60,
41,Umag,Croatia Open,7/21/2025,ATP250,Outdoor,Clay,1st Round,3,Wawrinka S.,Guillen Meza A.,156,244.0,357,228.0,6.0,4.0,6.0,1.0,,,,,,,2.0,0.0,Completed,1.53,2.5,1.58,2.53,1.58,2.63,1.53,2.48,,,wawrinka s.,guillen meza a.,atp_98,atp_211
41,Umag,Croatia Open,7/22/2025,ATP250,Outdoor,Clay,1st Round,3,De Jong J.,Poljicak M.,83,277.0,730,193.0,6.0,3.0,6.0,3.0,,,,,,,2.0,0.0,Completed,1.3,3.6,1.3,3.87,1.33,3.87,1.3,3.49,,,de jong j.,poljicak m.,atp_99,atp_304
41,Umag,Croatia Open,7/22/2025,ATP250,Outdoor,Clay,1st Round,3,Prizmic D.,Moller E.,143,107.0,420,601.0,6.0,4.0,6.0,2.0,,,,,,,2.0,0.0,Completed,1.7,2.1,1.72,2.23,1.72,2.23,1.68,2.16,,,prizmic d.,moller e.,atp_112,atp_134
41,Umag,Croatia Open,7/22/2025,ATP250,Outdoor,Clay,2nd Round,3,Ugo Carabelli C.,Passaro F.,51,121.0,1058,499.0,6.0,7.0,6.0,2.0,6.0,3.0,,,,,2.0,1.0,Completed,1.87,1.95,1.88,2.01,1.91,2.02,1.84,1.93,,,ugo carabelli c.,passaro f.,atp_67,atp_146
41,Umag,Croatia Open,7/22/2025,ATP250,Outdoor,Clay,2nd Round,3,Llamas Ruiz P.,Atmane T.,537,136.0,70,439.0,6.0,3.0,6.0,3.0,,,,,,,2.0,0.0,Completed,0,0.0,1.49,2.81,1.49,2.81,1.45,2.69,,,llamas ruiz p.,atmane t.,atp_151,atp_44
41,Umag,Croatia Open,7/23/2025,ATP250,Outdoor,Clay,2nd Round,3,De Jong J.,Navone M.,83,76.0,730,785.0,6.0,3.0,6.0,4.0,,,,,,,2.0,0.0,Completed,2.8,1.45,2.97,1.44,2.97,1.45,2.78,1.43,,,de jong j.,navone m.,atp_99,atp_60
41,Umag,Croatia Open,7/23/2025,ATP250,Outdoor,Clay,2nd Round,3,Taberner C.,Cerundolo F.,111,19.0,581,2285.0,6.0,7.0,6.0,4.0,7.0,5.0,,,,,2.0,1.0,Completed,5,1.17,5.39,1.19,5.39,1.19,5.03,1.17,,,taberner c.,cerundolo f.,atp_121,atp_20
41,Umag,Croatia Open,7/23/2025,ATP250,Outdoor,Clay,2nd Round,3,Droguet T.,Kopriva V.,176,79.0,317,744.0,6.0,2.0,6.0,3.0,,,,,,,2.0,0.0,Completed,2.2,1.7,2.3,1.68,2.3,1.7,2.17,1.67,,,droguet t.,kopriva v.,atp_122,atp_70
41,Umag,Croatia Open,7/23/2025,ATP250,Outdoor,Clay,2nd Round,3,Prizmic D.,Basilashvili N.,143,114.0,420,552.0,2.0,6.0,6.0,3.0,6.0,2.0,,,,,2.0,1.0,Completed,1.5,2.5,1.52,2.68,1.52,2.68,1.5,2.58,,,prizmic d.,basilashvili n.,atp_112,atp_129
41,Umag,Croatia Open,7/23/2025,ATP250,Outdoor,Clay,2nd Round,3,Darderi L.,Tseng C.H.,46,101.0,1189,631.0,7.0,5.0,6.0,0.0,,,,,,,2.0,0.0,Completed,1.33,3.25,1.38,3.29,1.38,3.4,1.34,3.2,,,darderi l.,tseng c.,atp_19,
41,Umag,Croatia Open,7/23/2025,ATP250,Outdoor,Clay,2nd Round,3,Dzumhur D.,Wawrinka S.,61,156.0,936,357.0,6.0,4.0,7.0,5.0,,,,,,,2.0,0.0,Completed,1.53,2.5,1.53,2.68,1.53,2.68,1.51,2.51,,,dzumhur d.,wawrinka s.,atp_74,atp_98
41,Umag,Croatia Open,7/24/2025,ATP250,Outdoor,Clay,Quarterfinals,3,Ugo Carabelli C.,Llamas Ruiz P.,51,537.0,1058,70.0,6.0,4.0,5.0,2.0,,,,,,,1.0,0.0,Retired,2,1.83,2.08,1.83,2.08,1.83,2.0,1.79,,,ugo carabelli c.,llamas ruiz p.,atp_67,atp_151
41,Umag,Croatia Open,7/24/2025,ATP250,Outdoor,Clay,Quarterfinals,3,Taberner C.,De Jong J.,111,83.0,581,730.0,7.0,5.0,6.0,3.0,,,,,,,2.0,0.0,Completed,2.8,1.4,3.13,1.41,3.13,1.44,2.86,1.41,,,taberner c.,de jong j.,atp_121,atp_99
41,Umag,Croatia Open,7/24/2025,ATP250,Outdoor,Clay,Quarterfinals,3,Darderi L.,Prizmic D.,46,143.0,1189,420.0,1.0,6.0,6.0,2.0,6.0,3.0,,,,,2.0,1.0,Completed,1.53,2.4,1.69,2.29,1.69,2.5,1.54,2.41,,,darderi l.,prizmic d.,atp_19,atp_112
41,Umag,Croatia Open,7/24/2025,ATP250,Outdoor,Clay,Quarterfinals,3,Dzumhur D.,Droguet T.,61,176.0,936,317.0,3.0,6.0,7.0,5.0,6.0,2.0,,,,,2.0,1.0,Completed,1.9,1.91,2.03,1.86,2.03,1.91,1.9,1.87,,,dzumhur d.,droguet t.,atp_74,atp_122
41,Umag,Croatia Open,7/25/2025,ATP250,Outdoor,Clay,Semifinals,3,Darderi L.,Ugo Carabelli C.,46,51.0,1189,1058.0,7.0,6.0,6.0,3.0,,,,,,,2.0,0.0,Completed,1.36,3.2,1.34,3.62,1.36,3.62,1.34,3.19,,,darderi l.,ugo carabelli c.,atp_19,atp_67
41,Umag,Croatia Open,7/25/2025,ATP250,Outdoor,Clay,Semifinals,3,Taberner C.,Dzumhur D.,111,61.0,581,936.0,6.0,2.0,6.0,1.0,,,,,,,2.0,0.0,Completed,2,1.83,2.09,1.83,2.09,1.83,1.98,1.8,,,taberner c.,dzumhur d.,atp_121,atp_74
41,Umag,Croatia Open,7/26/2025,ATP250,Outdoor,Clay,The Final,3,Darderi L.,Taberner C.,46,111.0,1189,581.0,6.0,3.0,6.0,3.0,,,,,,,2.0,0.0,Completed,1.44,2.8,1.47,2.93,1.47,2.93,1.44,2.73,,,darderi l.,taberner c.,atp_19,atp_121
42,Washington,Citi Open,7/21/2025,ATP500,Outdoor,Hard,1st Round,3,Arnaldi M.,Altmaier D.,44,56.0,1215,973.0,4.0,6.0,6.0,2.0,7.0,6.0,,,,,2.0,1.0,Completed,1.62,2.2,1.7,2.27,1.7,2.3,1.65,2.2,,,arnaldi m.,altmaier d.,atp_107,atp_52
42,Washington,Citi Open,7/21/2025,ATP500,Outdoor,Hard,1st Round,3,Marozsan F.,Bonzi B.,54,69.0,1030,905.0,7.0,5.0,6.0,1.0,,,,,,,2.0,0.0,Completed,1.67,2.25,1.65,2.36,1.67,2.36,1.62,2.26,,,marozsan f.,bonzi b.,atp_47,atp_103
42,Washington,Citi Open,7/21/2025,ATP500,Outdoor,Hard,1st Round,3,Quinn E.,O Connell C.,86,77.0,707,775.0,6.0,3.0,6.0,2.0,,,,,,,2.0,0.0,Completed,1.53,2.5,1.56,2.58,1.6,2.6,1.54,2.45,,,quinn e.,oconnell c.,atp_56,atp_128
42,Washington,Citi Open,7/21/2025,ATP500,Outdoor,Hard,1st Round,3,Evans D.,Bergs Z.,144,52.0,415,1049.0,3.0,6.0,6.0,4.0,6.0,3.0,,,,,2.0,1.0,Completed,2.3,1.62,2.37,1.65,2.4,1.65,2.32,1.59,,,evans d.,bergs z.,atp_197,atp_46
42,Washington,Citi Open,7/21/2025,ATP500,Outdoor,Hard,1st Round,3,Muller A.,Zhukayev B.,39,218.0,1271,253.0,6.0,4.0,6.0,4.0,,,,,,,2.0,0.0,Completed,1.4,2.9,1.44,2.99,1.44,3.2,1.4,2.91,,,muller a.,zhukayev b.,atp_94,atp_353
42,Washington,Citi Open,7/21/2025,ATP500,Outdoor,Hard,1st Round,3,McDonald M.,Smith C.,95,139.0,655,432.0,6.0,4.0,6.0,1.0,,,,,,,2.0,0.0,Completed,1.6,2.38,1.64,2.4,1.64,2.5,1.58,2.35,,,mcdonald m.,smith c.,atp_125,atp_164
42,Washington,Citi Open,7/21/2025,ATP500,Outdoor,Hard,1st Round,3,Norrie C.,Harris B.,41,148.0,1227,402.0,6.0,3.0,7.0,6.0,,,,,,,2.0,0.0,Completed,1.2,4.5,1.23,4.56,1.23,5.0,1.19,4.64,,,norrie c.,harris b.,atp_24,atp_148
42,Washington,Citi Open,7/21/2025,ATP500,Outdoor,Hard,1st Round,3,Opelka R.,Cassone M.,74,185.0,827,299.0,7.0,6.0,6.0,7.0,6.0,3.0,,,,,2.0,1.0,Completed,1.36,3.2,1.42,3.09,1.42,3.3,1.35,3.15,,,opelka r.,cassone m.,atp_64,atp_249
42,Washington,Citi Open,7/21/2025,ATP500,Outdoor,Hard,1st Round,3,Tien L.,Nava E.,67,116.0,912,539.0,6.0,1.0,6.0,4.0,,,,,,,2.0,0.0,Completed,1.67,2.2,1.68,2.31,1.68,2.38,1.63,2.23,,,tien l.,nava e.,atp_22,atp_104
42,Washington,Citi Open,7/21/2025,ATP500,Outdoor,Hard,1st Round,3,Nishioka Y.,Brooksby J.,89,102.0,684,627.0,6.0,4.0,5.0,7.0,6.0,1.0,,,,,2.0,1.0,Completed,3.4,1.33,3.31,1.37,3.4,1.37,3.22,1.34,,,nishioka y.,brooksby j.,atp_173,atp_41
42,Washington,Citi Open,7/22/2025,ATP500,Outdoor,Hard,1st Round,3,Vukic A.,Mpetshi G.,105,45.0,614,1205.0,6.0,4.0,3.0,6.0,6.0,3.0,,,,,2.0,1.0,Completed,2.4,1.57,2.43,1.62,2.5,1.63,2.36,1.58,,,vukic a.,mpetshi perricard g.,atp_84,atp_57
42,Washington,Citi Open,7/22/2025,ATP500,Outdoor,Hard,1st Round,3,Bu Y.,Goffin D.,75,60.0,812,939.0,6.0,4.0,7.0,5.0,,,,,,,2.0,0.0,Completed,1.5,2.6,1.55,2.6,1.57,2.6,1.52,2.47,,,bu y.,goffin d.,,atp_179
42,Washington,Citi Open,7/22/2025,ATP500,Outdoor,Hard,1st Round,3,Svajda Z.,Kecmanovic M.,153,49.0,371,1106.0,1.0,6.0,6.0,2.0,6.0,2.0,,,,,2.0,1.0,Completed,2.6,1.5,2.57,1.56,2.75,1.56,2.61,1.48,,,svajda z.,kecmanovic m.,atp_82,atp_58
42,Washington,Citi Open,7/22/2025,ATP500,Outdoor,Hard,1st Round,3,Wu Y.,Monfils G.,243,48.0,228,1115.0,6.0,3.0,6.0,1.0,,,,,,,2.0,0.0,Completed,2.75,1.44,2.74,1.51,2.75,1.51,2.67,1.46,,,wu y.,monfils g.,atp_118,atp_203
42,Washington,Citi Open,7/22/2025,ATP500,Outdoor,Hard,1st Round,3,Kovacevic A.,Halys Q.,66,71.0,914,886.0,6.0,2.0,3.0,6.0,6.0,3.0,,,,,2.0,1.0,Completed,1.83,2.0,1.9,1.99,1.9,2.0,1.83,1.94,,,kovacevic a.,halys q.,atp_85,atp_90
42,Washington,Citi Open,7/22/2025,ATP500,Outdoor,Hard,1st Round,3,Munar J.,Giron M.,50,57.0,1062,960.0,7.0,5.0,6.0,3.0,,,,,,,2.0,0.0,Completed,2.1,1.75,2.1,1.81,2.1,1.81,2.06,1.74,,,munar j.,giron m.,atp_37,atp_66
42,Washington,Citi Open,7/22/2025,ATP500,Outdoor,Hard,2nd Round,3,Nakashima B.,Quinn E.,32,86.0,1650,707.0,6.0,3.0,6.0,4.0,,,,,,,2.0,0.0,Completed,1.4,3.0,1.47,2.93,1.47,3.05,1.39,2.94,,,nakashima b.,quinn e.,atp_33,atp_56
42,Washington,Citi Open,7/22/2025,ATP500,Outdoor,Hard,2nd Round,3,Norrie C.,Musetti L.,41,7.0,1227,3350.0,3.0,6.0,6.0,2.0,6.0,3.0,,,,,2.0,1.0,Completed,2.1,1.7,2.22,1.74,2.28,1.74,2.17,1.67,,,norrie c.,musetti l.,atp_24,atp_5
42,Washington,Citi Open,7/22/2025,ATP500,Outdoor,Hard,2nd Round,3,Diallo G.,Marozsan F.,35,54.0,1358,1030.0,6.0,3.0,6.0,4.0,,,,,,,2.0,0.0,Completed,1.6,2.38,1.63,2.43,1.63,2.43,1.59,2.32,,,diallo g.,marozsan f.,atp_36,atp_47
42,Washington,Citi Open,7/22/2025,ATP500,Outdoor,Hard,2nd Round,3,Shelton B.,McDonald M.,8,95.0,3330,655.0,6.0,3.0,6.0,4.0,,,,,,,2.0,0.0,Completed,1.29,3.75,1.28,4.16,1.29,4.33,1.24,3.97,,,shelton b.,mcdonald m.,atp_9,atp_125
42,Washington,Citi Open,7/22/2025,ATP500,Outdoor,Hard,2nd Round,3,Evans D.,Michelsen A.,144,34.0,415,1555.0,6.0,4.0,6.0,4.0,,,,,,,2.0,0.0,Completed,3.1,1.33,3.51,1.35,3.51,1.35,3.25,1.33,,,evans d.,michelsen a.,atp_197,atp_35
42,Washington,Citi Open,7/23/2025,ATP500,Outdoor,Hard,2nd Round,3,Moutet C.,Muller A.,59,39.0,944,1271.0,6.0,0.0,6.0,1.0,,,,,,,2.0,0.0,Completed,,,1.96,1.93,1.96,1.93,1.89,1.87,,,moutet c.,muller a.,atp_32,atp_94
42,Washington,Citi Open,7/23/2025,ATP500,Outdoor,Hard,2nd Round,3,Lehecka J.,Svajda Z.,25,153.0,2015,371.0,6.0,4.0,6.0,7.0,6.0,3.0,,,,,2.0,1.0,Completed,1.45,2.63,1.41,3.19,1.45,3.25,1.36,3.1,,,lehecka j.,svajda z.,atp_14,atp_82
42,Washington,Citi Open,7/23/2025,ATP500,Outdoor,Hard,2nd Round,3,Wu Y.,Popyrin A.,243,24.0,228,2050.0,7.0,5.0,5.0,7.0,6.0,3.0,,,,,2.0,1.0,Completed,2.25,1.6,2.07,1.85,2.25,1.85,2.01,1.78,,,wu y.,popyrin a.,atp_118,atp_45
42,Washington,Citi Open,7/23/2025,ATP500,Outdoor,Hard,2nd Round,3,Medvedev D.,Opelka R.,14,74.0,2630,827.0,3.0,6.0,7.0,5.0,6.0,1.0,,,,,2.0,1.0,Completed,1.33,3.1,1.31,3.81,1.33,3.81,1.29,3.48,,,medvedev d.,opelka r.,atp_10,atp_64
42,Washington,Citi Open,7/23/2025,ATP500,Outdoor,Hard,2nd Round,3,Arnaldi M.,Sonego L.,44,37.0,1215,1321.0,7.0,5.0,7.0,5.0,,,,,,,2.0,0.0,Completed,2.05,1.8,1.99,1.91,2.05,1.91,1.99,1.8,,,arnaldi m.,sonego l.,atp_107,atp_63
42,Washington,Citi Open,7/23/2025,ATP500,Outdoor,Hard,2nd Round,3,De Minaur A.,Bu Y.,13,75.0,2885,812.0,7.0,6.0,6.0,2.0,,,,,,,2.0,0.0,Completed,1.18,5.0,1.16,6.09,1.18,6.09,1.15,5.44,,,de minaur a.,bu y.,atp_6,
42,Washington,Citi Open,7/23/2025,ATP500,Outdoor,Hard,2nd Round,3,Fritz T.,Vukic A.,4,105.0,5035,614.0,6.0,3.0,6.0,2.0,,,,,,,2.0,0.0,Completed,1.13,5.5,1.14,6.84,1.14,6.84,1.12,6.11,,,fritz t.,vukic a.,atp_8,atp_84
42,Washington,Citi Open,7/23/2025,ATP500,Outdoor,Hard,2nd Round,3,Tien L.,Rublev A.,67,10.0,912,3160.0,7.0,5.0,6.0,2.0,,,,,,,2.0,0.0,Completed,2.8,1.45,2.81,1.5,2.81,1.5,2.73,1.44,,,tien l.,rublev a.,atp_22,atp_16
42,Washington,Citi Open,7/24/2025,ATP500,Outdoor,Hard,2nd Round,3,Cobolli F.,Nishioka Y.,18,89.0,2360,684.0,6.0,2.0,7.0,6.0,,,,,,,2.0,0.0,Completed,1.36,3.1,1.41,3.18,1.41,3.2,1.36,3.05,,,cobolli f.,nishioka y.,atp_13,atp_173
42,Washington,Citi Open,7/24/2025,ATP500,Outdoor,Hard,2nd Round,3,Davidovich Fokina A.,Munar J.,26,50.0,1945,1062.0,6.0,4.0,6.0,2.0,,,,,,,2.0,0.0,Completed,1.75,2.1,1.78,2.16,1.79,2.16,1.75,2.04,,,davidovich fokina a.,munar j.,atp_17,atp_37
42,Washington,Citi Open,7/24/2025,ATP500,Outdoor,Hard,2nd Round,3,Tiafoe F.,Kovacevic A.,11,66.0,2940,914.0,7.0,5.0,3.0,6.0,6.0,3.0,,,,,2.0,1.0,Completed,1.4,3.0,1.44,3.03,1.44,3.05,1.39,2.97,,,tiafoe f.,kovacevic a.,atp_18,atp_85
42,Washington,Citi Open,7/24/2025,ATP500,Outdoor,Hard,3rd Round,3,Medvedev D.,Wu Y.,14,243.0,2630,228.0,6.0,3.0,6.0,2.0,,,,,,,2.0,0.0,Completed,1.25,4.0,1.26,4.22,1.26,4.22,1.25,3.91,,,medvedev d.,wu y.,atp_10,atp_118
42,Washington,Citi Open,7/24/2025,ATP500,Outdoor,Hard,3rd Round,3,Nakashima B.,Norrie C.,32,41.0,1650,1227.0,7.0,6.0,6.0,3.0,,,,,,,2.0,0.0,Completed,1.87,1.87,1.86,2.05,1.87,2.14,1.74,2.07,,,nakashima b.,norrie c.,atp_33,atp_24
42,Washington,Citi Open,7/24/2025,ATP500,Outdoor,Hard,3rd Round,3,Moutet C.,Evans D.,59,144.0,944,415.0,6.0,2.0,7.0,6.0,,,,,,,2.0,0.0,Completed,1.45,2.8,1.48,2.88,1.48,3.0,1.43,2.77,,,moutet c.,evans d.,atp_32,atp_197
42,Washington,Citi Open,7/24/2025,ATP500,Outdoor,Hard,3rd Round,3,De Minaur A.,Lehecka J.,13,25.0,2885,2015.0,7.0,6.0,6.0,7.0,6.0,4.0,,,,,2.0,1.0,Completed,1.53,2.5,1.54,2.62,1.54,2.63,1.51,2.53,,,de minaur a.,lehecka j.,atp_6,atp_14
42,Washington,Citi Open,7/24/2025,ATP500,Outdoor,Hard,3rd Round,3,Davidovich Fokina A.,Tien L.,26,67.0,1945,912.0,6.0,2.0,6.0,2.0,,,,,,,2.0,0.0,Completed,1.67,2.2,1.62,2.43,1.68,2.43,1.64,2.23,,,davidovich fokina a.,tien l.,atp_17,atp_22
42,Washington,Citi Open,7/24/2025,ATP500,Outdoor,Hard,3rd Round,3,Shelton B.,Diallo G.,8,35.0,3330,1358.0,6.0,3.0,6.0,2.0,,,,,,,2.0,0.0,Completed,1.5,2.6,1.55,2.65,1.55,2.65,1.5,2.56,,,shelton b.,diallo g.,atp_9,atp_36
42,Washington,Citi Open,7/24/2025,ATP500,Outdoor,Hard,3rd Round,3,Tiafoe F.,Cobolli F.,11,18.0,2940,2360.0,6.0,1.0,6.0,4.0,,,,,,,2.0,0.0,Completed,1.73,2.1,1.78,2.16,1.78,2.16,1.72,2.1,,,tiafoe f.,cobolli f.,atp_18,atp_13
42,Washington,Citi Open,7/25/2025,ATP500,Outdoor,Hard,3rd Round,3,Fritz T.,Arnaldi M.,4,44.0,5035,1215.0,6.0,3.0,6.0,4.0,,,,,,,2.0,0.0,Completed,1.15,5.5,1.16,6.09,1.17,6.09,1.15,5.24,,,fritz t.,arnaldi m.,atp_8,atp_107
42,Washington,Citi Open,7/25/2025,ATP500,Outdoor,Hard,Quarterfinals,3,Moutet C.,Medvedev D.,59,14.0,944,2630.0,1.0,6.0,6.0,4.0,6.0,4.0,,,,,2.0,1.0,Completed,4.33,1.22,4.41,1.25,4.41,1.25,4.17,1.22,,,moutet c.,medvedev d.,atp_32,atp_10
42,Washington,Citi Open,7/25/2025,ATP500,Outdoor,Hard,Quarterfinals,3,De Minaur A.,Nakashima B.,13,32.0,2885,1650.0,6.0,4.0,6.0,4.0,,,,,,,2.0,0.0,Completed,1.45,2.7,1.48,2.82,1.5,2.82,1.46,2.67,,,de minaur a.,nakashima b.,atp_6,atp_33
42,Washington,Citi Open,7/26/2025,ATP500,Outdoor,Hard,Quarterfinals,3,Shelton B.,Tiafoe F.,8,11.0,3330,2940.0,7.0,6.0,6.0,4.0,,,,,,,2.0,0.0,Completed,1.4,3.0,1.47,2.91,1.47,3.0,1.43,2.78,,,shelton b.,tiafoe f.,atp_9,atp_18
42,Washington,Citi Open,7/26/2025,ATP500,Outdoor,Hard,Quarterfinals,3,Davidovich Fokina A.,Fritz T.,26,4.0,1945,5035.0,7.0,6.0,3.0,6.0,7.0,5.0,,,,,2.0,1.0,Completed,3.75,1.29,3.77,1.32,3.77,1.32,3.69,1.28,,,davidovich fokina a.,fritz t.,atp_17,atp_8
42,Washington,Citi Open,7/27/2025,ATP500,Outdoor,Hard,Semifinals,3,De Minaur A.,Moutet C.,13,59.0,2885,944.0,6.0,4.0,6.0,3.0,,,,,,,2.0,0.0,Completed,1.15,5.5,1.19,5.44,1.2,5.5,1.17,5.0,,,de minaur a.,moutet c.,atp_6,atp_32
42,Washington,Citi Open,7/27/2025,ATP500,Outdoor,Hard,Semifinals,3,Davidovich Fokina A.,Shelton B.,26,8.0,1945,3330.0,6.0,2.0,7.0,5.0,,,,,,,2.0,0.0,Completed,3.4,1.33,3.63,1.33,3.63,1.33,3.4,1.31,,,davidovich fokina a.,shelton b.,atp_17,atp_9
42,Washington,Citi Open,7/27/2025,ATP500,Outdoor,Hard,The Final,3,De Minaur A.,Davidovich Fokina A.,13,26.0,2885,1945.0,5.0,7.0,6.0,1.0,7.0,6.0,,,,,2.0,1.0,Completed,1.4,3.0,1.44,3.0,1.45,3.0,1.42,2.8,,,de minaur a.,davidovich fokina a.,atp_6,atp_17
43,Toronto,Canadian Open,7/27/2025,Masters 1000,Outdoor,Hard,1st Round,3,Walton A.,Bonzi B.,88,66.0,706,905.0,4.0,6.0,6.0,0.0,6.0,3.0,,,,,2.0,1.0,Completed,1.87,1.87,1.93,1.95,1.93,2.0,1.84,1.92,,,walton a.,bonzi b.,atp_105,atp_103
43,Toronto,Canadian Open,7/27/2025,Masters 1000,Outdoor,Hard,1st Round,3,Opelka R.,Ofner S.,74,141.0,827,433.0,7.0,6.0,7.0,5.0,,,,,,,2.0,0.0,Completed,1.53,2.5,1.52,2.65,1.53,2.65,1.5,2.55,,,opelka r.,ofner s.,atp_64,atp_78
43,Toronto,Canadian Open,7/27/2025,Masters 1000,Outdoor,Hard,1st Round,3,Tien L.,Smith C.,61,136.0,940,448.0,6.0,4.0,7.0,5.0,,,,,,,2.0,0.0,Completed,1.5,2.63,,,1.53,2.63,1.51,2.5,,,tien l.,smith c.,atp_22,atp_164
43,Toronto,Canadian Open,7/27/2025,Masters 1000,Outdoor,Hard,1st Round,3,Barrios M.,Monfils G.,143,48.0,425,1115.0,6.0,4.0,4.0,6.0,7.0,6.0,,,,,2.0,1.0,Completed,4,1.25,,,4.0,1.28,3.78,1.26,,,barrios m.,monfils g.,,atp_203
43,Toronto,Canadian Open,7/27/2025,Masters 1000,Outdoor,Hard,1st Round,3,Mpetshi G.,Mochizuki S.,43,122.0,1205,491.0,6.0,4.0,6.0,2.0,,,,,,,2.0,0.0,Completed,1.44,2.7,,,1.53,2.75,1.47,2.63,,,mpetshi perricard g.,mochizuki s.,atp_57,atp_127
43,Toronto,Canadian Open,7/27/2025,Masters 1000,Outdoor,Hard,1st Round,3,Etcheverry T.,Herbert P.,60,142.0,960,431.0,6.0,4.0,4.0,6.0,7.0,5.0,,,,,2.0,1.0,Completed,1.5,2.6,,,1.53,2.6,1.5,2.56,,,etcheverry t.,herbert p.,,
43,Toronto,Canadian Open,7/27/2025,Masters 1000,Outdoor,Hard,1st Round,3,Ficovich J.P.,Fearnley J.,140,55.0,435,1007.0,6.0,2.0,6.0,3.0,,,,,,,2.0,0.0,Completed,4,1.25,,,5.0,1.25,4.14,1.22,,,ficovich j.,fearnley j.,,atp_97
43,Toronto,Canadian Open,7/27/2025,Masters 1000,Outdoor,Hard,1st Round,3,Safiullin R.,Blanchet U.,82,231.0,741,243.0,4.0,6.0,6.0,2.0,7.0,6.0,,,,,2.0,1.0,Completed,1.4,2.8,,,1.4,3.05,1.38,2.95,,,safiullin r.,blanchet u.,atp_229,atp_157
43,Toronto,Canadian Open,7/27/2025,Masters 1000,Outdoor,Hard,1st Round,3,Arseneault N.,Royer V.,638,111.0,51,579.0,6.0,3.0,7.0,6.0,,,,,,,2.0,0.0,Completed,7.5,1.08,,,9.0,1.1,7.31,1.09,,,arseneault n.,royer v.,atp_557,atp_71
43,Toronto,Canadian Open,7/27/2025,Masters 1000,Outdoor,Hard,1st Round,3,Nava E.,Bergs Z.,114,52.0,539,1049.0,6.0,1.0,7.0,6.0,,,,,,,2.0,0.0,Completed,2.3,1.62,2.35,1.65,2.35,1.68,2.23,1.63,,,nava e.,bergs z.,atp_104,atp_46
43,Toronto,Canadian Open,7/28/2025,Masters 1000,Outdoor,Hard,1st Round,3,Bagnis F.,Pospisil V.,689,1250.0,44,6.0,6.0,2.0,3.0,6.0,6.0,3.0,,,,,2.0,1.0,Completed,1.14,5.0,1.16,5.78,1.17,6.0,1.15,5.4,,,bagnis f.,pospisil v.,atp_397,
43,Toronto,Canadian Open,7/28/2025,Masters 1000,Outdoor,Hard,1st Round,3,Kecmanovic M.,Halys Q.,50,69.0,1106,886.0,4.0,6.0,6.0,4.0,7.0,5.0,,,,,2.0,1.0,Completed,1.53,2.5,1.58,2.53,1.58,2.53,1.54,2.42,,,kecmanovic m.,halys q.,atp_58,atp_90
43,Toronto,Canadian Open,7/28/2025,Masters 1000,Outdoor,Hard,1st Round,3,Duckworth J.,Shang J.,106,109.0,600,580.0,6.0,3.0,7.0,6.0,,,,,,,2.0,0.0,Completed,1.6,2.38,1.55,2.58,1.6,2.58,1.55,2.41,,,duckworth j.,shang j.,atp_95,atp_262
43,Toronto,Canadian Open,7/28/2025,Masters 1000,Outdoor,Hard,1st Round,3,Bu Y.,Kopriva V.,76,80.0,793,756.0,7.0,6.0,6.0,2.0,,,,,,,2.0,0.0,Completed,1.4,3.0,1.42,3.09,1.42,3.09,1.39,2.95,,,bu y.,kopriva v.,,atp_70
43,Toronto,Canadian Open,7/28/2025,Masters 1000,Outdoor,Hard,1st Round,3,McDonald M.,Goffin D.,96,65.0,655,914.0,6.0,4.0,6.0,4.0,,,,,,,2.0,0.0,Completed,1.5,2.5,1.64,2.39,1.64,2.5,1.57,2.35,,,mcdonald m.,goffin d.,atp_125,atp_179
43,Toronto,Canadian Open,7/28/2025,Masters 1000,Outdoor,Hard,1st Round,3,Quinn E.,Nishioka Y.,86,131.0,726,459.0,7.0,6.0,6.0,2.0,,,,,,,2.0,0.0,Completed,1.7,2.1,1.85,2.04,1.85,2.14,1.72,2.08,,,quinn e.,nishioka y.,atp_56,atp_173
43,Toronto,Canadian Open,7/28/2025,Masters 1000,Outdoor,Hard,1st Round,3,O Connell C.,Tseng C.H.,78,107.0,775,599.0,6.0,1.0,6.0,2.0,,,,,,,2.0,0.0,Completed,1.62,2.3,1.69,2.27,1.69,2.3,1.62,2.24,,,oconnell c.,tseng c.,atp_128,
43,Toronto,Canadian Open,7/28/2025,Masters 1000,Outdoor,Hard,1st Round,3,Munar J.,Martin D.,51,560.0,1087,65.0,6.0,3.0,6.0,0.0,,,,,,,2.0,0.0,Completed,1.02,15.0,1.02,28.33,1.02,28.33,1.02,18.29,,,munar j.,martin d.,atp_37,atp_387
43,Toronto,Canadian Open,7/28/2025,Masters 1000,Outdoor,Hard,1st Round,3,Svrcina D.,Blockx A.,120,121.0,514,492.0,6.0,4.0,6.0,2.0,,,,,,,2.0,0.0,Completed,2.7,1.45,2.76,1.49,2.76,1.49,2.67,1.46,,,svrcina d.,blockx a.,atp_110,atp_92
43,Toronto,Canadian Open,7/28/2025,Masters 1000,Outdoor,Hard,1st Round,3,Gaston H.,Bellucci M.,126,72.0,473,871.0,3.0,6.0,6.0,4.0,2.0,0.0,,,,,1.0,1.0,Retired,2.63,1.45,2.73,1.51,2.8,1.51,2.69,1.45,,,gaston h.,bellucci m.,atp_116,atp_73
43,Toronto,Canadian Open,7/28/2025,Masters 1000,Outdoor,Hard,1st Round,3,Vukic A.,Martinez P.,99,68.0,639,890.0,7.0,5.0,6.0,3.0,,,,,,,2.0,0.0,Completed,1.36,3.2,1.36,3.41,1.36,3.5,1.34,3.21,,,vukic a.,martinez p.,atp_84,atp_113
43,Toronto,Canadian Open,7/28/2025,Masters 1000,Outdoor,Hard,1st Round,3,Watanuki Y.,Altmaier D.,158,58.0,358,973.0,3.0,6.0,6.0,1.0,6.0,4.0,,,,,2.0,1.0,Completed,2,1.8,2.47,1.59,2.47,1.8,2.1,1.72,,,watanuki y.,altmaier d.,atp_233,atp_52
43,Toronto,Canadian Open,7/28/2025,Masters 1000,Outdoor,Hard,1st Round,3,Schoolkate T.,Fonseca J.,103,49.0,616,1110.0,7.0,6.0,6.0,4.0,,,,,,,2.0,0.0,Completed,4,1.22,3.92,1.28,4.33,1.28,3.97,1.24,,,schoolkate t.,fonseca j.,atp_119,atp_40
43,Toronto,Canadian Open,7/28/2025,Masters 1000,Outdoor,Hard,1st Round,3,Mannarino A.,Giron M.,94,59.0,661,960.0,6.0,4.0,6.0,4.0,,,,,,,2.0,0.0,Completed,2.9,1.36,3.05,1.42,3.05,1.44,2.84,1.41,,,mannarino a.,giron m.,atp_43,atp_66
43,Toronto,Canadian Open,7/28/2025,Masters 1000,Outdoor,Hard,1st Round,3,Comesana F.,Dzumhur D.,71,54.0,874,1028.0,6.0,3.0,7.0,5.0,,,,,,,2.0,0.0,Completed,1.45,2.63,1.56,2.59,1.56,2.75,1.48,2.61,,,comesana f.,dzumhur d.,atp_87,atp_74
43,Toronto,Canadian Open,7/28/2025,Masters 1000,Outdoor,Hard,1st Round,3,Boyer T.,Kovacevic A.,123,62.0,480,929.0,7.0,5.0,7.0,6.0,,,,,,,2.0,0.0,Completed,3.2,1.36,3.48,1.34,3.48,1.36,3.26,1.33,,,boyer t.,kovacevic a.,atp_241,atp_85
43,Toronto,Canadian Open,7/28/2025,Masters 1000,Outdoor,Hard,1st Round,3,Carballes Baena R.,Ugo Carabelli C.,89,47.0,690,1133.0,6.0,4.0,4.0,1.0,,,,,,,1.0,0.0,Retired,2.1,1.75,2.2,1.74,2.2,1.75,2.1,1.72,,,carballes baena r.,ugo carabelli c.,atp_159,atp_67
43,Toronto,Canadian Open,7/28/2025,Masters 1000,Outdoor,Hard,1st Round,3,Gigante M.,Coric B.,125,92.0,476,680.0,4.0,6.0,6.0,2.0,7.0,6.0,,,,,2.0,1.0,Completed,1.95,1.85,2.01,1.88,2.06,1.88,1.98,1.8,,,gigante m.,coric b.,atp_192,atp_221
43,Toronto,Canadian Open,7/29/2025,Masters 1000,Outdoor,Hard,1st Round,3,Carreno Busta P.,Draxl L.,93,113.0,662,548.0,2.0,6.0,6.0,4.0,6.0,4.0,,,,,2.0,1.0,Completed,2.5,1.5,2.54,1.57,2.54,1.57,2.44,1.53,,,carreno busta p.,draxl l.,atp_88,atp_147
43,Toronto,Canadian Open,7/29/2025,Masters 1000,Outdoor,Hard,1st Round,3,Marozsan F.,Dellien H.,56,98.0,1005,654.0,6.0,2.0,6.0,2.0,,,,,,,2.0,0.0,Completed,1.12,6.5,1.13,7.16,1.13,7.16,1.11,6.58,,,marozsan f.,dellien h.,atp_47,atp_160
43,Toronto,Canadian Open,7/29/2025,Masters 1000,Outdoor,Hard,1st Round,3,Galarneau A.,Rinderknech A.,193,64.0,285,914.0,7.0,6.0,6.0,3.0,,,,,,,2.0,0.0,Completed,2.4,1.57,2.61,1.55,2.61,1.57,2.42,1.55,,,galarneau a.,rinderknech a.,atp_196,atp_27
43,Toronto,Canadian Open,7/29/2025,Masters 1000,Outdoor,Hard,1st Round,3,Moutet C.,Brooksby J.,46,102.0,1139,627.0,6.0,2.0,6.0,1.0,,,,,,,2.0,0.0,Completed,1.75,2.1,1.76,2.17,1.76,2.17,1.73,2.08,,,moutet c.,brooksby j.,atp_32,atp_41
43,Toronto,Canadian Open,7/29/2025,Masters 1000,Outdoor,Hard,2nd Round,3,Nava E.,Atmane T.,114,132.0,539,458.0,6.0,2.0,7.0,5.0,,,,,,,2.0,0.0,Completed,,,,,1.29,3.75,1.29,3.75,,,nava e.,atmane t.,atp_104,atp_44
43,Toronto,Canadian Open,7/29/2025,Masters 1000,Outdoor,Hard,2nd Round,3,Michelsen A.,Barrios M.,34,143.0,1555,425.0,7.0,6.0,6.0,3.0,,,,,,,2.0,0.0,Completed,1.22,4.33,1.22,4.79,1.22,4.79,1.21,4.33,,,michelsen a.,barrios m.,atp_35,
43,Toronto,Canadian Open,7/29/2025,Masters 1000,Outdoor,Hard,2nd Round,3,Rune H.,Mpetshi G.,9,43.0,3250,1205.0,7.0,6.0,6.0,3.0,,,,,,,2.0,0.0,Completed,1.6,2.38,1.61,2.46,1.61,2.5,1.58,2.35,,,rune h.,mpetshi perricard g.,atp_29,atp_57
43,Toronto,Canadian Open,7/29/2025,Masters 1000,Outdoor,Hard,2nd Round,3,Muller A.,Kecmanovic M.,40,50.0,1271,1106.0,2.0,6.0,6.0,3.0,7.0,5.0,,,,,2.0,1.0,Completed,2.6,1.5,2.66,1.53,2.66,1.53,2.51,1.51,,,muller a.,kecmanovic m.,atp_94,atp_58
43,Toronto,Canadian Open,7/29/2025,Masters 1000,Outdoor,Hard,2nd Round,3,Khachanov K.,Ficovich J.P.,16,140.0,2590,435.0,6.0,4.0,6.0,2.0,,,,,,,2.0,0.0,Completed,1.12,6.5,1.13,7.38,1.13,7.38,1.11,6.73,,,khachanov k.,ficovich j.,atp_15,
43,Toronto,Canadian Open,7/29/2025,Masters 1000,Outdoor,Hard,2nd Round,3,Musetti L.,Duckworth J.,10,106.0,3195,600.0,7.0,5.0,6.0,1.0,,,,,,,2.0,0.0,Completed,1.3,3.6,1.33,3.67,1.33,3.67,1.31,3.44,,,musetti l.,duckworth j.,atp_5,atp_95
43,Toronto,Canadian Open,7/29/2025,Masters 1000,Outdoor,Hard,2nd Round,3,Popyrin A.,Arseneault N.,26,638.0,2050,51.0,7.0,6.0,6.0,3.0,,,,,,,2.0,0.0,Completed,1.06,9.0,1.07,11.35,1.07,11.35,1.06,9.36,,,popyrin a.,arseneault n.,atp_45,atp_557
43,Toronto,Canadian Open,7/29/2025,Masters 1000,Outdoor,Hard,2nd Round,3,Etcheverry T.,Griekspoor T.,60,31.0,960,1715.0,6.0,4.0,7.0,6.0,,,,,,,2.0,0.0,Completed,2.8,1.44,2.86,1.48,3.2,1.48,2.77,1.43,,,etcheverry t.,griekspoor t.,,atp_30
43,Toronto,Canadian Open,7/29/2025,Masters 1000,Outdoor,Hard,2nd Round,3,Cerundolo F.,Munar J.,24,51.0,2085,1087.0,7.0,6.0,4.0,6.0,6.0,4.0,,,,,2.0,1.0,Completed,1.87,1.87,1.91,1.99,1.95,1.99,1.9,1.87,,,cerundolo f.,munar j.,atp_20,atp_37
43,Toronto,Canadian Open,7/29/2025,Masters 1000,Outdoor,Hard,2nd Round,3,Ruud C.,Safiullin R.,13,82.0,2905,741.0,6.0,3.0,6.0,3.0,,,,,,,2.0,0.0,Completed,1.45,2.8,1.48,2.88,1.48,2.88,1.44,2.73,,,ruud c.,safiullin r.,atp_12,atp_229
43,Toronto,Canadian Open,7/29/2025,Masters 1000,Outdoor,Hard,2nd Round,3,Borges N.,Bagnis F.,42,689.0,1265,44.0,5.0,7.0,7.0,6.0,6.0,2.0,,,,,2.0,1.0,Completed,1.15,5.5,1.16,6.16,1.16,6.16,1.15,5.33,,,borges n.,bagnis f.,atp_48,atp_397
43,Toronto,Canadian Open,7/29/2025,Masters 1000,Outdoor,Hard,2nd Round,3,Medvedev D.,Svrcina D.,14,120.0,2720,514.0,7.0,6.0,6.0,4.0,,,,,,,2.0,0.0,Completed,1.07,8.5,1.09,9.91,1.09,10.0,1.07,8.71,,,medvedev d.,svrcina d.,atp_10,atp_110
43,Toronto,Canadian Open,7/30/2025,Masters 1000,Outdoor,Hard,2nd Round,3,Tien L.,Shapovalov D.,61,29.0,940,1836.0,7.0,6.0,7.0,5.0,,,,,,,2.0,0.0,Completed,2.38,1.6,2.43,1.63,2.43,1.63,2.34,1.58,,,tien l.,shapovalov d.,atp_22,atp_38
43,Toronto,Canadian Open,7/30/2025,Masters 1000,Outdoor,Hard,2nd Round,3,Opelka R.,Machac T.,74,22.0,827,2110.0,7.0,6.0,6.0,7.0,6.0,3.0,,,,,2.0,1.0,Completed,2.3,1.62,2.39,1.65,2.39,1.65,2.31,1.59,,,opelka r.,machac t.,atp_64,atp_55
43,Toronto,Canadian Open,7/30/2025,Masters 1000,Outdoor,Hard,2nd Round,3,Arnaldi M.,Schoolkate T.,41,103.0,1265,616.0,6.0,3.0,3.0,6.0,6.0,3.0,,,,,2.0,1.0,Completed,1.6,2.25,1.65,2.38,1.65,2.5,1.56,2.38,,,arnaldi m.,schoolkate t.,atp_107,atp_119
43,Toronto,Canadian Open,7/30/2025,Masters 1000,Outdoor,Hard,2nd Round,3,Zverev A.,Walton A.,3,88.0,6030,706.0,7.0,6.0,6.0,4.0,,,,,,,2.0,0.0,Completed,1.1,6.0,1.12,7.6,1.12,7.6,1.1,6.73,,,zverev a.,walton a.,atp_3,atp_105
43,Toronto,Canadian Open,7/30/2025,Masters 1000,Outdoor,Hard,2nd Round,3,Rublev A.,Gaston H.,11,126.0,3110,473.0,6.0,2.0,6.0,3.0,,,,,,,2.0,0.0,Completed,1.1,7.0,1.11,8.12,1.11,8.12,1.09,7.33,,,rublev a.,gaston h.,atp_16,atp_116
43,Toronto,Canadian Open,7/30/2025,Masters 1000,Outdoor,Hard,2nd Round,3,Shelton B.,Mannarino A.,7,94.0,3520,661.0,6.0,2.0,6.0,3.0,,,,,,,2.0,0.0,Completed,1.18,5.0,1.19,5.45,1.19,5.45,1.17,4.87,,,shelton b.,mannarino a.,atp_9,atp_43
43,Toronto,Canadian Open,7/30/2025,Masters 1000,Outdoor,Hard,2nd Round,3,Vukic A.,Norrie C.,99,39.0,639,1277.0,6.0,3.0,6.0,7.0,6.0,3.0,,,,,2.0,1.0,Completed,2.9,1.36,3.06,1.43,3.06,1.43,2.94,1.38,,,vukic a.,norrie c.,atp_84,atp_24
43,Toronto,Canadian Open,7/30/2025,Masters 1000,Outdoor,Hard,2nd Round,3,Sonego L.,Bu Y.,38,76.0,1281,793.0,6.0,1.0,6.0,4.0,,,,,,,2.0,0.0,Completed,1.7,2.1,1.85,2.07,1.85,2.1,1.75,2.05,,,sonego l.,bu y.,atp_63,
43,Toronto,Canadian Open,7/30/2025,Masters 1000,Outdoor,Hard,2nd Round,3,Cobolli F.,Galarneau A.,17,193.0,2385,285.0,6.0,4.0,5.0,7.0,6.0,4.0,,,,,2.0,1.0,Completed,1.22,4.33,1.24,4.56,1.24,4.56,1.21,4.27,,,cobolli f.,galarneau a.,atp_13,atp_196
43,Toronto,Canadian Open,7/30/2025,Masters 1000,Outdoor,Hard,2nd Round,3,Diallo G.,Gigante M.,36,125.0,1333,476.0,6.0,3.0,7.0,6.0,,,,,,,2.0,0.0,Completed,1.3,3.6,1.32,3.71,1.32,3.75,1.29,3.57,,,diallo g.,gigante m.,atp_36,atp_192
43,Toronto,Canadian Open,7/30/2025,Masters 1000,Outdoor,Hard,2nd Round,3,Nakashima B.,Quinn E.,32,86.0,1700,726.0,7.0,6.0,6.0,4.0,,,,,,,2.0,0.0,Completed,1.4,3.0,1.42,3.14,1.42,3.14,1.4,2.91,,,nakashima b.,quinn e.,atp_33,atp_56
43,Toronto,Canadian Open,7/30/2025,Masters 1000,Outdoor,Hard,2nd Round,3,Mensik J.,Boyer T.,18,123.0,2362,480.0,6.0,4.0,6.0,4.0,,,,,,,2.0,0.0,Completed,1.2,4.5,1.22,4.95,1.22,5.0,1.19,4.69,,,mensik j.,boyer t.,atp_26,atp_241
43,Toronto,Canadian Open,7/30/2025,Masters 1000,Outdoor,Hard,2nd Round,3,Tiafoe F.,Watanuki Y.,12,158.0,2990,358.0,1.0,6.0,7.0,5.0,7.0,6.0,,,,,2.0,1.0,Completed,1.36,3.2,1.39,3.28,1.39,3.28,1.36,3.1,,,tiafoe f.,watanuki y.,atp_18,atp_233
43,Toronto,Canadian Open,7/30/2025,Masters 1000,Outdoor,Hard,2nd Round,3,Lehecka J.,McDonald M.,27,96.0,2015,655.0,7.0,6.0,6.0,4.0,,,,,,,2.0,0.0,Completed,1.3,3.25,1.37,3.42,1.37,3.42,1.33,3.26,,,lehecka j.,mcdonald m.,atp_14,atp_125
43,Toronto,Canadian Open,7/30/2025,Masters 1000,Outdoor,Hard,2nd Round,3,Davidovich Fokina A.,Moutet C.,19,46.0,2225,1139.0,6.0,4.0,6.0,3.0,,,,,,,2.0,0.0,Completed,1.62,2.3,1.67,2.36,1.67,2.36,1.62,2.25,,,davidovich fokina a.,moutet c.,atp_17,atp_32
43,Toronto,Canadian Open,7/31/2025,Masters 1000,Outdoor,Hard,2nd Round,3,Marozsan F.,Auger-Aliassime F.,56,28.0,1005,1865.0,6.0,4.0,6.0,4.0,,,,,,,2.0,0.0,Completed,2.5,1.53,2.49,1.61,2.55,1.62,2.45,1.54,,,marozsan f.,augeraliassime f.,atp_47,
43,Toronto,Canadian Open,7/31/2025,Masters 1000,Outdoor,Hard,2nd Round,3,O Connell C.,Tsitsipas S.,78,30.0,775,1825.0,6.0,4.0,4.0,6.0,6.0,2.0,,,,,2.0,1.0,Completed,3,1.36,3.11,1.42,3.11,1.42,2.92,1.39,,,oconnell c.,tsitsipas s.,atp_128,atp_49
43,Toronto,Canadian Open,7/31/2025,Masters 1000,Outdoor,Hard,2nd Round,3,Fils A.,Carreno Busta P.,21,93.0,2130,662.0,6.0,3.0,6.0,4.0,,,,,,,2.0,0.0,Completed,1.4,3.0,1.4,3.25,1.4,3.4,1.36,3.1,,,fils a.,carreno busta p.,atp_28,atp_88
43,Toronto,Canadian Open,7/31/2025,Masters 1000,Outdoor,Hard,2nd Round,3,Fritz T.,Carballes Baena R.,4,89.0,5135,690.0,7.0,5.0,7.0,6.0,,,,,,,2.0,0.0,Completed,1.05,10.0,1.06,13.33,1.06,13.33,1.05,10.22,,,fritz t.,carballes baena r.,atp_8,atp_159
43,Toronto,Canadian Open,7/31/2025,Masters 1000,Outdoor,Hard,2nd Round,3,De Minaur A.,Comesana F.,8,71.0,3335,874.0,6.0,4.0,6.0,2.0,,,,,,,2.0,0.0,Completed,1.1,7.0,1.1,9.0,1.11,9.0,1.09,7.34,,,de minaur a.,comesana f.,atp_6,atp_87
43,Toronto,Canadian Open,7/31/2025,Masters 1000,Outdoor,Hard,3rd Round,3,Khachanov K.,Nava E.,16,114.0,2590,539.0,6.0,7.0,6.0,4.0,6.0,1.0,,,,,2.0,1.0,Completed,1.25,4.0,1.31,3.79,1.31,4.0,1.27,3.75,,,khachanov k.,nava e.,atp_15,atp_104
43,Toronto,Canadian Open,7/31/2025,Masters 1000,Outdoor,Hard,3rd Round,3,Michelsen A.,Musetti L.,34,10.0,1555,3195.0,3.0,6.0,7.0,6.0,6.0,4.0,,,,,2.0,1.0,Completed,2.5,1.53,2.58,1.57,2.58,1.57,2.51,1.51,,,michelsen a.,musetti l.,atp_35,atp_5
43,Toronto,Canadian Open,7/31/2025,Masters 1000,Outdoor,Hard,3rd Round,3,Cerundolo F.,Etcheverry T.,24,60.0,2085,960.0,6.0,3.0,6.0,4.0,,,,,,,2.0,0.0,Completed,1.53,2.5,1.53,2.7,1.53,2.7,1.51,2.52,,,cerundolo f.,etcheverry t.,atp_20,
43,Toronto,Canadian Open,7/31/2025,Masters 1000,Outdoor,Hard,3rd Round,3,Ruud C.,Borges N.,13,42.0,2905,1265.0,7.0,5.0,6.0,4.0,,,,,,,2.0,0.0,Completed,1.5,2.5,1.53,2.71,1.53,2.75,1.5,2.53,,,ruud c.,borges n.,atp_12,atp_48
43,Toronto,Canadian Open,7/31/2025,Masters 1000,Outdoor,Hard,3rd Round,3,Tien L.,Opelka R.,61,74.0,940,827.0,7.0,6.0,6.0,3.0,,,,,,,2.0,0.0,Completed,1.73,2.1,1.74,2.23,1.74,2.23,1.71,2.11,,,tien l.,opelka r.,atp_22,atp_64
43,Toronto,Canadian Open,8/1/2025,Masters 1000,Outdoor,Hard,3rd Round,3,Zverev A.,Arnaldi M.,3,41.0,6030,1265.0,6.0,7.0,6.0,3.0,6.0,2.0,,,,,2.0,1.0,Completed,1.22,4.5,1.22,4.82,1.22,4.82,1.21,4.38,,,zverev a.,arnaldi m.,atp_3,atp_107
43,Toronto,Canadian Open,8/1/2025,Masters 1000,Outdoor,Hard,3rd Round,3,Rune H.,Muller A.,9,40.0,3250,1271.0,6.0,2.0,6.0,4.0,,,,,,,2.0,0.0,Completed,1.25,4.0,1.27,4.17,1.27,4.33,1.23,4.09,,,rune h.,muller a.,atp_29,atp_94
43,Toronto,Canadian Open,8/1/2025,Masters 1000,Outdoor,Hard,3rd Round,3,Popyrin A.,Medvedev D.,26,14.0,2050,2720.0,5.0,7.0,6.0,4.0,6.0,4.0,,,,,2.0,1.0,Completed,3.75,1.25,4.22,1.27,4.22,1.28,3.86,1.25,,,popyrin a.,medvedev d.,atp_45,atp_10
43,Toronto,Canadian Open,8/1/2025,Masters 1000,Outdoor,Hard,3rd Round,3,Davidovich Fokina A.,Mensik J.,19,18.0,2225,2362.0,6.0,2.0,6.0,4.0,,,,,,,2.0,0.0,Completed,1.87,1.95,1.95,1.95,1.95,1.95,1.88,1.89,,,davidovich fokina a.,mensik j.,atp_17,atp_26
43,Toronto,Canadian Open,8/1/2025,Masters 1000,Outdoor,Hard,3rd Round,3,Rublev A.,Sonego L.,11,38.0,3110,1281.0,5.0,7.0,6.0,4.0,6.0,3.0,,,,,2.0,1.0,Completed,1.4,3.0,1.43,3.09,1.43,3.15,1.38,2.99,,,rublev a.,sonego l.,atp_16,atp_63
43,Toronto,Canadian Open,8/1/2025,Masters 1000,Outdoor,Hard,3rd Round,3,Lehecka J.,Fils A.,27,21.0,2015,2130.0,3.0,6.0,6.0,3.0,6.0,4.0,,,,,2.0,1.0,Completed,1.7,2.2,1.7,2.28,1.7,2.28,1.66,2.19,,,lehecka j.,fils a.,atp_14,atp_28
43,Toronto,Canadian Open,8/1/2025,Masters 1000,Outdoor,Hard,3rd Round,3,Tiafoe F.,Vukic A.,12,99.0,2990,639.0,6.0,3.0,4.0,6.0,6.0,3.0,,,,,2.0,1.0,Completed,1.4,2.75,1.4,3.2,1.42,3.2,1.4,2.9,,,tiafoe f.,vukic a.,atp_18,atp_84
43,Toronto,Canadian Open,8/1/2025,Masters 1000,Outdoor,Hard,3rd Round,3,Cobolli F.,Marozsan F.,17,56.0,2385,1005.0,6.0,2.0,4.0,6.0,6.0,3.0,,,,,2.0,1.0,Completed,1.95,1.85,2.05,1.86,2.05,1.86,1.95,1.83,,,cobolli f.,marozsan f.,atp_13,atp_47
43,Toronto,Canadian Open,8/2/2025,Masters 1000,Outdoor,Hard,3rd Round,3,Fritz T.,Diallo G.,4,36.0,5135,1333.0,6.0,4.0,6.0,2.0,,,,,,,2.0,0.0,Completed,1.36,3.0,1.4,3.17,1.4,3.25,1.35,3.13,,,fritz t.,diallo g.,atp_8,atp_36
43,Toronto,Canadian Open,8/2/2025,Masters 1000,Outdoor,Hard,3rd Round,3,Shelton B.,Nakashima B.,7,32.0,3520,1700.0,6.0,7.0,6.0,2.0,7.0,6.0,,,,,2.0,1.0,Completed,1.4,3.0,1.42,3.09,1.42,3.25,1.37,3.06,,,shelton b.,nakashima b.,atp_9,atp_33
43,Toronto,Canadian Open,8/2/2025,Masters 1000,Outdoor,Hard,3rd Round,3,De Minaur A.,O Connell C.,8,78.0,3335,775.0,,,,,,,,,,,,,Walkover,1.08,8.0,1.08,9.37,1.09,9.37,1.08,7.9,,,de minaur a.,oconnell c.,atp_6,atp_128
43,Toronto,Canadian Open,8/2/2025,Masters 1000,Outdoor,Hard,4th Round,3,Michelsen A.,Tien L.,34,61.0,1555,940.0,6.0,3.0,6.0,3.0,,,,,,,2.0,0.0,Completed,1.95,1.85,1.98,1.93,1.98,1.93,1.93,1.85,,,michelsen a.,tien l.,atp_35,atp_22
43,Toronto,Canadian Open,8/2/2025,Masters 1000,Outdoor,Hard,4th Round,3,Khachanov K.,Ruud C.,16,13.0,2590,2905.0,6.0,4.0,7.0,5.0,,,,,,,2.0,0.0,Completed,1.75,2.1,1.78,2.17,1.78,2.17,1.73,2.08,,,khachanov k.,ruud c.,atp_15,atp_12
43,Toronto,Canadian Open,8/3/2025,Masters 1000,Outdoor,Hard,4th Round,3,Popyrin A.,Rune H.,26,9.0,2050,3250.0,4.0,6.0,6.0,2.0,6.0,3.0,,,,,2.0,1.0,Completed,2.8,1.45,2.86,1.48,2.86,1.48,2.72,1.44,,,popyrin a.,rune h.,atp_45,atp_29
43,Toronto,Canadian Open,8/3/2025,Masters 1000,Outdoor,Hard,4th Round,3,Zverev A.,Cerundolo F.,3,24.0,6030,2085.0,6.0,4.0,1.0,0.0,,,,,,,1.0,0.0,Retired,1.25,3.75,1.3,3.9,1.3,3.9,1.29,3.55,,,zverev a.,cerundolo f.,atp_3,atp_20
43,Toronto,Canadian Open,8/3/2025,Masters 1000,Outdoor,Hard,4th Round,3,De Minaur A.,Tiafoe F.,8,12.0,3335,2990.0,6.0,2.0,4.0,6.0,6.0,4.0,,,,,2.0,1.0,Completed,1.25,4.0,1.28,4.1,1.3,4.1,1.28,3.69,,,de minaur a.,tiafoe f.,atp_6,atp_18
43,Toronto,Canadian Open,8/3/2025,Masters 1000,Outdoor,Hard,4th Round,3,Rublev A.,Davidovich Fokina A.,11,19.0,3110,2225.0,6.0,7.0,7.0,6.0,3.0,0.0,,,,,1.0,1.0,Retired,2.1,1.75,2.18,1.77,2.18,1.77,2.08,1.73,,,rublev a.,davidovich fokina a.,atp_16,atp_17
43,Toronto,Canadian Open,8/4/2025,Masters 1000,Outdoor,Hard,4th Round,3,Shelton B.,Cobolli F.,7,17.0,3520,2385.0,6.0,4.0,4.0,6.0,7.0,6.0,,,,,2.0,1.0,Completed,1.4,3.0,1.44,3.05,1.44,3.2,1.4,2.91,,,shelton b.,cobolli f.,atp_9,atp_13
43,Toronto,Canadian Open,8/4/2025,Masters 1000,Outdoor,Hard,4th Round,3,Fritz T.,Lehecka J.,4,27.0,5135,2015.0,7.0,6.0,6.0,7.0,7.0,6.0,,,,,2.0,1.0,Completed,1.3,3.4,1.34,3.56,1.35,3.6,1.32,3.32,,,fritz t.,lehecka j.,atp_8,atp_14
43,Toronto,Canadian Open,8/5/2025,Masters 1000,Outdoor,Hard,Quarterfinals,3,Zverev A.,Popyrin A.,3,26.0,6030,2050.0,6.0,7.0,6.0,4.0,6.0,3.0,,,,,2.0,1.0,Completed,1.29,3.4,1.34,3.62,1.34,3.62,1.3,3.47,,,zverev a.,popyrin a.,atp_3,atp_45
43,Toronto,Canadian Open,8/5/2025,Masters 1000,Outdoor,Hard,Quarterfinals,3,Khachanov K.,Michelsen A.,16,34.0,2590,1555.0,6.0,4.0,7.0,6.0,,,,,,,2.0,0.0,Completed,1.5,2.6,1.44,3.05,1.5,3.05,1.44,2.75,,,khachanov k.,michelsen a.,atp_15,atp_35
43,Toronto,Canadian Open,8/6/2025,Masters 1000,Outdoor,Hard,Quarterfinals,3,Fritz T.,Rublev A.,4,11.0,5135,3110.0,6.0,3.0,7.0,6.0,,,,,,,2.0,0.0,Completed,1.4,2.8,1.48,2.86,1.48,2.88,1.42,2.79,,,fritz t.,rublev a.,atp_8,atp_16
43,Toronto,Canadian Open,8/6/2025,Masters 1000,Outdoor,Hard,Quarterfinals,3,Shelton B.,De Minaur A.,7,8.0,3520,3335.0,6.0,3.0,6.0,4.0,,,,,,,2.0,0.0,Completed,2.3,1.62,2.4,1.65,2.4,1.65,2.3,1.6,,,shelton b.,de minaur a.,atp_9,atp_6
43,Toronto,Canadian Open,8/7/2025,Masters 1000,Outdoor,Hard,Semifinals,3,Khachanov K.,Zverev A.,16,3.0,2590,6030.0,6.0,3.0,4.0,6.0,7.0,6.0,,,,,2.0,1.0,Completed,2.9,1.4,2.91,1.47,3.0,1.47,2.91,1.4,,,khachanov k.,zverev a.,atp_15,atp_3
43,Toronto,Canadian Open,8/7/2025,Masters 1000,Outdoor,Hard,Semifinals,3,Shelton B.,Fritz T.,7,4.0,3520,5135.0,6.0,4.0,6.0,3.0,,,,,,,2.0,0.0,Completed,2.4,1.57,2.5,1.6,2.5,1.6,2.39,1.56,,,shelton b.,fritz t.,atp_9,atp_8
43,Toronto,Canadian Open,8/8/2025,Masters 1000,Outdoor,Hard,The Final,3,Shelton B.,Khachanov K.,7,16.0,3520,2590.0,6.0,7.0,6.0,4.0,7.0,6.0,,,,,2.0,1.0,Completed,1.5,2.63,1.56,2.62,1.56,2.65,1.5,2.57,,,shelton b.,khachanov k.,atp_9,atp_15
44,Cincinnati,Western & Southern Financial Group Masters,8/7/2025,Masters 1000,Outdoor,Hard,1st Round,3,Rinderknech A.,Borges N.,70,38.0,874,1290.0,6.0,3.0,6.0,3.0,,,,,,,2.0,0.0,Completed,2.5,1.5,2.69,1.51,2.75,1.53,2.53,1.5,,,rinderknech a.,borges n.,atp_27,atp_48
44,Cincinnati,Western & Southern Financial Group Masters,8/7/2025,Masters 1000,Outdoor,Hard,1st Round,3,Fonseca J.,Bu Y.,52,75.0,1045,813.0,4.0,6.0,6.0,2.0,7.0,5.0,,,,,2.0,1.0,Completed,1.33,3.25,1.45,2.91,1.4,3.3,1.35,3.13,,,fonseca j.,bu y.,atp_40,
44,Cincinnati,Western & Southern Financial Group Masters,8/7/2025,Masters 1000,Outdoor,Hard,1st Round,3,Carballes Baena R.,Gaston H.,87,123.0,720,503.0,6.0,4.0,5.0,7.0,6.0,3.0,,,,,2.0,1.0,Completed,1.8,2.05,1.82,2.07,1.8,2.1,1.75,2.04,,,carballes baena r.,gaston h.,atp_159,atp_116
44,Cincinnati,Western & Southern Financial Group Masters,8/7/2025,Masters 1000,Outdoor,Hard,1st Round,3,Bonzi B.,Arnaldi M.,63,37.0,907,1315.0,6.0,7.0,6.0,3.0,6.0,4.0,,,,,2.0,1.0,Completed,2.8,1.45,3.25,1.38,2.9,1.45,2.77,1.43,,,bonzi b.,arnaldi m.,atp_103,atp_107
44,Cincinnati,Western & Southern Financial Group Masters,8/7/2025,Masters 1000,Outdoor,Hard,1st Round,3,Martinez P.,Jarry N.,66,100.0,890,638.0,1.0,6.0,6.0,4.0,6.0,3.0,,,,,2.0,1.0,Completed,4,1.25,3.63,1.32,4.0,1.3,3.7,1.27,,,martinez p.,jarry n.,atp_113,atp_154
44,Cincinnati,Western & Southern Financial Group Masters,8/7/2025,Masters 1000,Outdoor,Hard,1st Round,3,Wong C.,Mpetshi G.,177,42.0,307,1185.0,6.0,3.0,6.0,2.0,,,,,,,2.0,0.0,Completed,2.4,1.53,,,2.63,1.55,2.47,1.52,,,wong c.,mpetshi perricard g.,atp_124,atp_57
44,Cincinnati,Western & Southern Financial Group Masters,8/7/2025,Masters 1000,Outdoor,Hard,1st Round,3,Bergs Z.,Fearnley J.,54,57.0,1034,1004.0,6.0,1.0,6.0,4.0,,,,,,,2.0,0.0,Completed,2.1,1.75,2.15,1.78,2.1,1.8,2.06,1.74,,,bergs z.,fearnley j.,atp_46,atp_97
44,Cincinnati,Western & Southern Financial Group Masters,8/7/2025,Masters 1000,Outdoor,Hard,1st Round,3,Galan D.E.,Kopriva V.,144,81.0,430,760.0,6.0,2.0,6.0,4.0,,,,,,,2.0,0.0,Completed,1.7,2.1,1.74,2.18,1.8,2.1,1.73,2.06,,,galan d.,kopriva v.,,atp_70
44,Cincinnati,Western & Southern Financial Group Masters,8/7/2025,Masters 1000,Outdoor,Hard,1st Round,3,Safiullin R.,Tabilo A.,80,103.0,761,605.0,6.0,3.0,6.0,3.0,,,,,,,2.0,0.0,Completed,1.4,3.0,1.42,3.08,1.4,3.5,1.37,2.99,,,safiullin r.,tabilo a.,atp_229,atp_39
44,Cincinnati,Western & Southern Financial Group Masters,8/7/2025,Masters 1000,Outdoor,Hard,1st Round,3,Atmane T.,Nishioka Y.,136,130.0,460,469.0,6.0,2.0,6.0,2.0,,,,,,,2.0,0.0,Completed,2.1,1.7,2.19,1.75,2.23,1.73,2.16,1.68,,,atmane t.,nishioka y.,atp_44,atp_173
44,Cincinnati,Western & Southern Financial Group Masters,8/7/2025,Masters 1000,Outdoor,Hard,1st Round,3,Etcheverry T.,Shang J.,58,110.0,985,565.0,6.0,7.0,7.0,6.0,6.0,4.0,,,,,2.0,1.0,Completed,1.57,2.4,1.66,2.34,1.57,2.48,1.55,2.39,,,etcheverry t.,shang j.,,atp_262
44,Cincinnati,Western & Southern Financial Group Masters,8/7/2025,Masters 1000,Outdoor,Hard,1st Round,3,Mannarino A.,Thompson J.,89,50.0,704,1085.0,6.0,2.0,6.0,2.0,,,,,,,2.0,0.0,Completed,1.67,2.2,1.73,2.2,1.7,2.23,1.66,2.19,,,mannarino a.,thompson j.,atp_43,atp_131
44,Cincinnati,Western & Southern Financial Group Masters,8/8/2025,Masters 1000,Outdoor,Hard,1st Round,3,Moutet C.,McDonald M.,44,95.0,1156,669.0,7.0,5.0,6.0,3.0,,,,,,,2.0,0.0,Completed,1.6,2.38,1.66,2.35,1.65,2.38,1.61,2.29,,,moutet c.,mcdonald m.,atp_32,atp_125
44,Cincinnati,Western & Southern Financial Group Masters,8/8/2025,Masters 1000,Outdoor,Hard,1st Round,3,Marozsan F.,Smith C.,51,138.0,1045,453.0,6.0,1.0,4.0,6.0,6.0,4.0,,,,,2.0,1.0,Completed,1.67,2.2,1.7,2.26,1.7,2.25,1.65,2.2,,,marozsan f.,smith c.,atp_47,atp_164
44,Cincinnati,Western & Southern Financial Group Masters,8/8/2025,Masters 1000,Outdoor,Hard,1st Round,3,Baez S.,Goffin D.,43,64.0,1170,899.0,6.0,1.0,6.0,3.0,,,,,,,2.0,0.0,Completed,2.9,1.4,3.02,1.43,2.9,1.47,2.73,1.44,,,baez s.,goffin d.,atp_50,atp_179
44,Cincinnati,Western & Southern Financial Group Masters,8/8/2025,Masters 1000,Outdoor,Hard,1st Round,3,Boyer T.,Holt B.,116,106.0,530,594.0,6.0,3.0,7.0,6.0,,,,,,,2.0,0.0,Completed,1.75,2.1,1.75,2.18,1.75,2.1,1.73,2.08,,,boyer t.,holt b.,atp_241,atp_254
44,Cincinnati,Western & Southern Financial Group Masters,8/8/2025,Masters 1000,Outdoor,Hard,1st Round,3,Nardi L.,Tirante T.A.,98,135.0,655,461.0,6.0,4.0,7.0,6.0,,,,,,,2.0,0.0,Completed,2.4,1.53,2.37,1.65,2.5,1.6,2.4,1.54,,,nardi l.,tirante t.,atp_140,
44,Cincinnati,Western & Southern Financial Group Masters,8/8/2025,Masters 1000,Outdoor,Hard,1st Round,3,Ugo Carabelli C.,Nishikori K.,47,65.0,1118,893.0,7.0,5.0,6.0,3.0,,,,,,,2.0,0.0,Completed,2.5,1.5,2.74,1.51,2.63,1.55,2.52,1.5,,,ugo carabelli c.,nishikori k.,atp_67,atp_417
44,Cincinnati,Western & Southern Financial Group Masters,8/8/2025,Masters 1000,Outdoor,Hard,1st Round,3,Blockx A.,Giron M.,119,61.0,514,960.0,6.0,2.0,3.0,6.0,6.0,3.0,,,,,2.0,1.0,Completed,2.3,1.62,2.41,1.63,2.35,1.65,2.28,1.6,,,blockx a.,giron m.,atp_92,atp_66
44,Cincinnati,Western & Southern Financial Group Masters,8/8/2025,Masters 1000,Outdoor,Hard,1st Round,3,Nava E.,Coric B.,105,90.0,597,690.0,6.0,3.0,7.0,5.0,,,,,,,2.0,0.0,Completed,1.53,2.5,1.53,2.66,1.56,2.75,1.53,2.48,,,nava e.,coric b.,atp_104,atp_221
44,Cincinnati,Western & Southern Financial Group Masters,8/8/2025,Masters 1000,Outdoor,Hard,1st Round,3,Quinn E.,Kecmanovic M.,82,49.0,749,1086.0,7.0,6.0,6.0,4.0,,,,,,,2.0,0.0,Completed,2,1.75,2.13,1.79,2.1,1.8,2.03,1.75,,,quinn e.,kecmanovic m.,atp_56,atp_58
44,Cincinnati,Western & Southern Financial Group Masters,8/8/2025,Masters 1000,Outdoor,Hard,1st Round,3,Comesana F.,Munar J.,71,48.0,869,1107.0,6.0,4.0,6.0,4.0,,,,,,,2.0,0.0,Completed,2.8,1.4,2.89,1.47,3.2,1.45,2.83,1.42,,,comesana f.,munar j.,atp_87,atp_37
44,Cincinnati,Western & Southern Financial Group Masters,8/8/2025,Masters 1000,Outdoor,Hard,1st Round,3,Brooksby J.,Muller A.,101,41.0,637,1196.0,7.0,6.0,5.0,7.0,6.0,1.0,,,,,2.0,1.0,Completed,1.73,2.1,1.78,2.14,1.85,2.15,1.73,2.08,,,brooksby j.,muller a.,atp_41,atp_94
44,Cincinnati,Western & Southern Financial Group Masters,8/8/2025,Masters 1000,Outdoor,Hard,1st Round,3,Opelka R.,Dellien H.,73,108.0,852,589.0,7.0,5.0,7.0,6.0,,,,,,,2.0,0.0,Completed,1.13,6.0,1.14,6.54,1.15,6.5,1.13,5.89,,,opelka r.,dellien h.,atp_64,atp_160
44,Cincinnati,Western & Southern Financial Group Masters,8/8/2025,Masters 1000,Outdoor,Hard,1st Round,3,Walton A.,Navone M.,85,78.0,726,785.0,4.0,6.0,7.0,6.0,6.0,1.0,,,,,2.0,1.0,Completed,1.83,2.0,1.88,2.01,1.84,2.25,1.75,2.05,,,walton a.,navone m.,atp_105,atp_60
44,Cincinnati,Western & Southern Financial Group Masters,8/8/2025,Masters 1000,Outdoor,Hard,1st Round,3,Medjedovic H.,Kovacevic A.,72,67.0,864,889.0,6.0,2.0,6.0,3.0,,,,,,,2.0,0.0,Completed,1.91,1.9,1.98,1.91,1.95,1.91,1.91,1.86,,,medjedovic h.,kovacevic a.,atp_81,atp_85
44,Cincinnati,Western & Southern Financial Group Masters,8/8/2025,Masters 1000,Outdoor,Hard,1st Round,3,Bautista Agut R.,Altmaier D.,53,60.0,1036,967.0,7.0,6.0,7.0,6.0,,,,,,,2.0,0.0,Completed,1.6,2.38,1.55,2.6,1.6,2.45,1.57,2.36,,,bautista agut r.,altmaier d.,atp_80,atp_52
44,Cincinnati,Western & Southern Financial Group Masters,8/8/2025,Masters 1000,Outdoor,Hard,1st Round,3,Landaluce M.,Kypson P.,142,212.0,440,258.0,3.0,6.0,6.0,3.0,6.0,2.0,,,,,2.0,1.0,Completed,2.2,1.67,2.34,1.66,2.3,1.67,2.22,1.63,,,landaluce m.,kypson p.,atp_106,atp_96
44,Cincinnati,Western & Southern Financial Group Masters,8/9/2025,Masters 1000,Outdoor,Hard,1st Round,3,Tien L.,Riedi L.,55,522.0,1028,74.0,6.0,3.0,6.0,4.0,,,,,,,2.0,0.0,Completed,1.4,3.0,1.42,3.07,1.42,3.2,1.39,2.94,,,tien l.,riedi l.,atp_22,atp_168
44,Cincinnati,Western & Southern Financial Group Masters,8/9/2025,Masters 1000,Outdoor,Hard,1st Round,3,Dzumhur D.,Bellucci M.,56,74.0,1028,840.0,7.0,6.0,7.0,6.0,,,,,,,2.0,0.0,Completed,2,1.8,2.11,1.8,2.3,1.8,2.09,1.72,,,dzumhur d.,bellucci m.,atp_74,atp_73
44,Cincinnati,Western & Southern Financial Group Masters,8/9/2025,Masters 1000,Outdoor,Hard,1st Round,3,Royer V.,Ofner S.,104,141.0,601,443.0,5.0,7.0,6.0,3.0,6.0,3.0,,,,,2.0,1.0,Completed,1.91,1.91,1.83,2.07,1.91,2.3,1.83,1.97,,,royer v.,ofner s.,atp_71,atp_78
44,Cincinnati,Western & Southern Financial Group Masters,8/9/2025,Masters 1000,Outdoor,Hard,1st Round,3,Basavareddy N.,Vukic A.,109,94.0,585,679.0,7.0,6.0,7.0,5.0,,,,,,,2.0,0.0,Completed,2.1,1.75,2.02,1.87,2.1,1.81,2.01,1.77,,,basavareddy n.,vukic a.,atp_193,atp_84
44,Cincinnati,Western & Southern Financial Group Masters,8/9/2025,Masters 1000,Outdoor,Hard,2nd Round,3,Rune H.,Safiullin R.,9,80.0,3340,761.0,7.0,5.0,7.0,6.0,,,,,,,2.0,0.0,Completed,1.33,3.1,1.37,3.38,1.36,3.5,1.33,3.25,,,rune h.,safiullin r.,atp_29,atp_229
44,Cincinnati,Western & Southern Financial Group Masters,8/9/2025,Masters 1000,Outdoor,Hard,2nd Round,3,Rinderknech A.,Ruud C.,70,13.0,874,2995.0,6.0,7.0,6.0,4.0,6.0,2.0,,,,,2.0,1.0,Completed,3,1.36,3.23,1.4,3.1,1.4,3.03,1.37,,,rinderknech a.,ruud c.,atp_27,atp_12
44,Cincinnati,Western & Southern Financial Group Masters,8/9/2025,Masters 1000,Outdoor,Hard,2nd Round,3,Bonzi B.,Musetti L.,63,10.0,907,3235.0,5.0,7.0,6.0,4.0,7.0,6.0,,,,,2.0,1.0,Completed,3.2,1.36,3.39,1.37,4.5,1.36,3.3,1.33,,,bonzi b.,musetti l.,atp_103,atp_5
44,Cincinnati,Western & Southern Financial Group Masters,8/9/2025,Masters 1000,Outdoor,Hard,2nd Round,3,Michelsen A.,Moutet C.,33,44.0,1655,1156.0,3.0,6.0,6.0,3.0,6.0,4.0,,,,,2.0,1.0,Completed,1.8,2.05,1.96,1.93,1.84,2.1,1.78,2.01,,,michelsen a.,moutet c.,atp_35,atp_32
44,Cincinnati,Western & Southern Financial Group Masters,8/9/2025,Masters 1000,Outdoor,Hard,2nd Round,3,Auger-Aliassime F.,Etcheverry T.,28,58.0,1825,985.0,6.0,2.0,7.0,6.0,,,,,,,2.0,0.0,Completed,1.4,2.8,1.44,3.05,1.43,3.05,1.4,2.9,,,augeraliassime f.,etcheverry t.,,
44,Cincinnati,Western & Southern Financial Group Masters,8/9/2025,Masters 1000,Outdoor,Hard,2nd Round,3,Paul T.,Martinez P.,16,66.0,2610,890.0,6.0,2.0,6.0,2.0,,,,,,,2.0,0.0,Completed,1.12,6.5,1.12,7.64,1.12,8.0,1.1,6.81,,,paul t.,martinez p.,atp_21,atp_113
44,Cincinnati,Western & Southern Financial Group Masters,8/9/2025,Masters 1000,Outdoor,Hard,2nd Round,3,Tsitsipas S.,Marozsan F.,29,51.0,1790,1045.0,7.0,6.0,6.0,2.0,,,,,,,2.0,0.0,Completed,2,1.75,2.04,1.87,2.0,1.91,1.92,1.85,,,tsitsipas s.,marozsan f.,atp_49,atp_47
44,Cincinnati,Western & Southern Financial Group Masters,8/9/2025,Masters 1000,Outdoor,Hard,2nd Round,3,Mannarino A.,Machac T.,89,24.0,704,2110.0,6.0,3.0,6.0,3.0,,,,,,,2.0,0.0,Completed,2.3,1.57,2.49,1.61,2.4,1.62,2.34,1.57,,,mannarino a.,machac t.,atp_43,atp_55
44,Cincinnati,Western & Southern Financial Group Masters,8/9/2025,Masters 1000,Outdoor,Hard,2nd Round,3,Diallo G.,Baez S.,35,43.0,1367,1170.0,7.0,5.0,6.0,4.0,,,,,,,2.0,0.0,Completed,1.25,4.0,1.25,4.48,1.25,4.4,1.22,4.16,,,diallo g.,baez s.,atp_36,atp_50
44,Cincinnati,Western & Southern Financial Group Masters,8/9/2025,Masters 1000,Outdoor,Hard,2nd Round,3,Sinner J.,Galan D.E.,1,144.0,12030,430.0,6.0,1.0,6.0,1.0,,,,,,,2.0,0.0,Completed,1.02,15.0,,,1.02,26.0,1.01,19.02,,,sinner j.,galan d.,atp_2,
44,Cincinnati,Western & Southern Financial Group Masters,8/9/2025,Masters 1000,Outdoor,Hard,2nd Round,3,Humbert U.,Wong C.,25,177.0,2085,307.0,6.0,3.0,6.0,4.0,,,,,,,2.0,0.0,Completed,1.5,2.5,1.49,2.84,1.5,2.7,1.48,2.6,,,humbert u.,wong c.,atp_34,atp_124
44,Cincinnati,Western & Southern Financial Group Masters,8/9/2025,Masters 1000,Outdoor,Hard,2nd Round,3,Fonseca J.,Davidovich Fokina A.,52,18.0,1045,2275.0,6.0,7.0,5.0,4.0,,,,,,,0.0,1.0,Retired,2.1,1.75,2.08,1.83,2.15,1.8,2.06,1.74,,,fonseca j.,davidovich fokina a.,atp_40,atp_17
44,Cincinnati,Western & Southern Financial Group Masters,8/9/2025,Masters 1000,Outdoor,Hard,2nd Round,3,Sonego L.,Bergs Z.,36,54.0,1321,1034.0,6.0,3.0,7.0,6.0,,,,,,,2.0,0.0,Completed,1.67,2.2,1.69,2.31,1.8,2.25,1.66,2.18,,,sonego l.,bergs z.,atp_63,atp_46
44,Cincinnati,Western & Southern Financial Group Masters,8/9/2025,Masters 1000,Outdoor,Hard,2nd Round,3,Atmane T.,Cobolli F.,136,22.0,460,2155.0,6.0,4.0,3.0,6.0,7.0,6.0,,,,,2.0,1.0,Completed,3.4,1.3,3.64,1.33,3.85,1.32,3.47,1.3,,,atmane t.,cobolli f.,atp_44,atp_13
44,Cincinnati,Western & Southern Financial Group Masters,8/10/2025,Masters 1000,Outdoor,Hard,2nd Round,3,Tiafoe F.,Carballes Baena R.,14,87.0,2890,720.0,6.0,4.0,6.0,3.0,,,,,,,2.0,0.0,Completed,1.22,4.33,1.22,4.84,1.22,4.65,1.2,4.41,,,tiafoe f.,carballes baena r.,atp_18,atp_159
44,Cincinnati,Western & Southern Financial Group Masters,8/10/2025,Masters 1000,Outdoor,Hard,2nd Round,3,Fritz T.,Nava E.,4,105.0,5525,597.0,6.0,4.0,6.0,4.0,,,,,,,2.0,0.0,Completed,,,1.16,6.34,1.16,6.0,1.15,5.34,,,fritz t.,nava e.,atp_8,atp_104
44,Cincinnati,Western & Southern Financial Group Masters,8/10/2025,Masters 1000,Outdoor,Hard,2nd Round,3,Opelka R.,De Minaur A.,73,8.0,852,3480.0,7.0,6.0,6.0,4.0,,,,,,,2.0,0.0,Completed,4.33,1.2,4.66,1.24,4.55,1.23,4.19,1.22,,,opelka r.,de minaur a.,atp_64,atp_6
44,Cincinnati,Western & Southern Financial Group Masters,8/10/2025,Masters 1000,Outdoor,Hard,2nd Round,3,Comesana F.,Darderi L.,71,34.0,869,1404.0,6.0,4.0,3.0,1.0,,,,,,,1.0,0.0,Retired,,,1.79,2.14,1.75,2.25,1.71,2.1,,,comesana f.,darderi l.,atp_87,atp_19
44,Cincinnati,Western & Southern Financial Group Masters,8/10/2025,Masters 1000,Outdoor,Hard,2nd Round,3,Lehecka J.,Boyer T.,26,116.0,2065,530.0,4.0,6.0,6.0,1.0,6.0,4.0,,,,,2.0,1.0,Completed,1.17,5.0,1.18,5.57,1.17,5.75,1.15,5.34,,,lehecka j.,boyer t.,atp_14,atp_241
44,Cincinnati,Western & Southern Financial Group Masters,8/10/2025,Masters 1000,Outdoor,Hard,2nd Round,3,Rublev A.,Tien L.,11,55.0,3210,1028.0,7.0,6.0,6.0,3.0,,,,,,,2.0,0.0,Completed,1.44,2.63,1.51,2.76,1.53,2.75,1.47,2.62,,,rublev a.,tien l.,atp_16,atp_22
44,Cincinnati,Western & Southern Financial Group Masters,8/10/2025,Masters 1000,Outdoor,Hard,2nd Round,3,Bautista Agut R.,Norrie C.,53,39.0,1036,1277.0,6.0,4.0,6.0,3.0,,,,,,,2.0,0.0,Completed,2.2,1.67,2.53,1.59,2.43,1.67,2.29,1.6,,,bautista agut r.,norrie c.,atp_80,atp_24
44,Cincinnati,Western & Southern Financial Group Masters,8/10/2025,Masters 1000,Outdoor,Hard,2nd Round,3,Mensik J.,Quinn E.,17,82.0,2396,749.0,6.0,4.0,6.0,2.0,,,,,,,2.0,0.0,Completed,,,1.53,2.7,1.48,2.75,1.44,2.7,,,mensik j.,quinn e.,atp_26,atp_56
44,Cincinnati,Western & Southern Financial Group Masters,8/10/2025,Masters 1000,Outdoor,Hard,2nd Round,3,Popyrin A.,Landaluce M.,19,142.0,2250,440.0,7.0,6.0,6.0,3.0,,,,,,,2.0,0.0,Completed,1.3,3.25,1.33,3.58,1.34,3.5,1.31,3.33,,,popyrin a.,landaluce m.,atp_45,atp_106
44,Cincinnati,Western & Southern Financial Group Masters,8/10/2025,Masters 1000,Outdoor,Hard,2nd Round,3,Alcaraz C.,Dzumhur D.,2,56.0,8590,1028.0,6.0,1.0,2.0,6.0,6.0,3.0,,,,,2.0,1.0,Completed,1.03,13.0,1.02,17.54,1.03,18.0,1.02,14.72,,,alcaraz c.,dzumhur d.,atp_1,atp_74
44,Cincinnati,Western & Southern Financial Group Masters,8/10/2025,Masters 1000,Outdoor,Hard,2nd Round,3,Brooksby J.,Cazaux A.,101,76.0,637,800.0,7.0,5.0,6.0,1.0,,,,,,,2.0,0.0,Completed,1.87,1.87,1.92,1.99,1.91,2.0,1.84,1.93,,,brooksby j.,cazaux a.,atp_41,atp_68
44,Cincinnati,Western & Southern Financial Group Masters,8/10/2025,Masters 1000,Outdoor,Hard,2nd Round,3,Walton A.,Medvedev D.,85,15.0,726,2760.0,6.0,7.0,6.0,4.0,6.0,1.0,,,,,2.0,1.0,Completed,5,1.17,5.74,1.18,5.5,1.18,5.06,1.16,,,walton a.,medvedev d.,atp_105,atp_10
44,Cincinnati,Western & Southern Financial Group Masters,8/10/2025,Masters 1000,Outdoor,Hard,2nd Round,3,Nardi L.,Shapovalov D.,98,30.0,655,1746.0,6.0,7.0,6.0,3.0,6.0,4.0,,,,,2.0,1.0,Completed,3.6,1.3,3.92,1.3,3.85,1.3,3.63,1.28,,,nardi l.,shapovalov d.,atp_140,atp_38
44,Cincinnati,Western & Southern Financial Group Masters,8/10/2025,Masters 1000,Outdoor,Hard,2nd Round,3,Medjedovic H.,Griekspoor T.,72,32.0,864,1675.0,6.0,4.0,7.0,6.0,,,,,,,2.0,0.0,Completed,2,1.83,2.07,1.85,2.1,1.87,1.96,1.81,,,medjedovic h.,griekspoor t.,atp_81,atp_30
44,Cincinnati,Western & Southern Financial Group Masters,8/10/2025,Masters 1000,Outdoor,Hard,2nd Round,3,Khachanov K.,Royer V.,12,104.0,3190,601.0,6.0,4.0,7.0,6.0,,,,,,,2.0,0.0,Completed,1.25,3.75,1.27,4.24,1.25,4.33,1.23,3.98,,,khachanov k.,royer v.,atp_15,atp_71
44,Cincinnati,Western & Southern Financial Group Masters,8/11/2025,Masters 1000,Outdoor,Hard,2nd Round,3,Nakashima B.,Blockx A.,31,119.0,1700,514.0,4.0,6.0,6.0,3.0,7.0,6.0,,,,,2.0,1.0,Completed,1.33,3.1,1.38,3.33,1.4,3.5,1.35,3.14,,,nakashima b.,blockx a.,atp_33,atp_92
44,Cincinnati,Western & Southern Financial Group Masters,8/11/2025,Masters 1000,Outdoor,Hard,2nd Round,3,Shelton B.,Ugo Carabelli C.,6,47.0,4320,1118.0,6.0,3.0,3.0,1.0,,,,,,,1.0,0.0,Retired,1.12,5.5,1.15,6.62,1.13,6.75,1.11,6.31,,,shelton b.,ugo carabelli c.,atp_9,atp_67
44,Cincinnati,Western & Southern Financial Group Masters,8/11/2025,Masters 1000,Outdoor,Hard,2nd Round,3,Zverev A.,Basavareddy N.,3,109.0,6380,585.0,6.0,3.0,6.0,3.0,,,,,,,2.0,0.0,Completed,1.15,5.5,1.15,6.41,1.15,6.5,1.13,5.78,,,zverev a.,basavareddy n.,atp_3,atp_193
44,Cincinnati,Western & Southern Financial Group Masters,8/11/2025,Masters 1000,Outdoor,Hard,3rd Round,3,Auger-Aliassime F.,Rinderknech A.,28,70.0,1825,874.0,7.0,6.0,4.0,2.0,,,,,,,1.0,0.0,Retired,1.4,2.88,1.44,3.01,1.45,3.0,1.4,2.86,,,augeraliassime f.,rinderknech a.,,atp_27
44,Cincinnati,Western & Southern Financial Group Masters,8/11/2025,Masters 1000,Outdoor,Hard,3rd Round,3,Rune H.,Michelsen A.,9,33.0,3340,1655.0,7.0,6.0,6.0,3.0,,,,,,,2.0,0.0,Completed,1.53,2.5,1.59,2.53,1.57,2.6,1.54,2.43,,,rune h.,michelsen a.,atp_29,atp_35
44,Cincinnati,Western & Southern Financial Group Masters,8/11/2025,Masters 1000,Outdoor,Hard,3rd Round,3,Tiafoe F.,Humbert U.,14,25.0,2890,2085.0,6.0,4.0,6.0,4.0,,,,,,,2.0,0.0,Completed,1.62,2.2,1.69,2.32,1.8,2.25,1.66,2.19,,,tiafoe f.,humbert u.,atp_18,atp_34
44,Cincinnati,Western & Southern Financial Group Masters,8/11/2025,Masters 1000,Outdoor,Hard,3rd Round,3,Bonzi B.,Tsitsipas S.,63,29.0,907,1790.0,6.0,7.0,6.0,3.0,6.0,4.0,,,,,2.0,1.0,Completed,2.6,1.5,2.79,1.5,2.75,1.5,2.6,1.48,,,bonzi b.,tsitsipas s.,atp_103,atp_49
44,Cincinnati,Western & Southern Financial Group Masters,8/11/2025,Masters 1000,Outdoor,Hard,3rd Round,3,Fritz T.,Sonego L.,4,36.0,5525,1321.0,7.0,6.0,7.0,5.0,,,,,,,2.0,0.0,Completed,1.18,5.0,1.19,5.43,1.18,6.0,1.16,5.08,,,fritz t.,sonego l.,atp_8,atp_63
44,Cincinnati,Western & Southern Financial Group Masters,8/12/2025,Masters 1000,Outdoor,Hard,3rd Round,3,Atmane T.,Fonseca J.,136,52.0,460,1045.0,6.0,3.0,6.0,4.0,,,,,,,2.0,0.0,Completed,3.6,1.25,4.04,1.29,3.8,1.3,3.64,1.28,,,atmane t.,fonseca j.,atp_44,atp_40
44,Cincinnati,Western & Southern Financial Group Masters,8/12/2025,Masters 1000,Outdoor,Hard,3rd Round,3,Sinner J.,Diallo G.,1,35.0,12030,1367.0,6.0,2.0,7.0,6.0,,,,,,,2.0,0.0,Completed,1.04,9.0,1.05,14.5,1.05,15.0,1.03,12.7,,,sinner j.,diallo g.,atp_2,atp_36
44,Cincinnati,Western & Southern Financial Group Masters,8/12/2025,Masters 1000,Outdoor,Hard,3rd Round,3,Mannarino A.,Paul T.,89,16.0,704,2610.0,5.0,7.0,6.0,3.0,6.0,4.0,,,,,2.0,1.0,Completed,3.6,1.3,3.56,1.34,3.75,1.32,3.5,1.3,,,mannarino a.,paul t.,atp_43,atp_21
44,Cincinnati,Western & Southern Financial Group Masters,8/12/2025,Masters 1000,Outdoor,Hard,3rd Round,3,Comesana F.,Opelka R.,71,73.0,869,852.0,6.0,7.0,6.0,4.0,7.0,5.0,,,,,2.0,1.0,Completed,2.6,1.5,2.65,1.55,2.75,1.5,2.65,1.47,,,comesana f.,opelka r.,atp_87,atp_64
44,Cincinnati,Western & Southern Financial Group Masters,8/12/2025,Masters 1000,Outdoor,Hard,3rd Round,3,Rublev A.,Popyrin A.,11,19.0,3210,2250.0,6.0,7.0,7.0,6.0,7.0,5.0,,,,,2.0,1.0,Completed,1.5,2.63,1.55,2.64,1.5,2.75,1.48,2.59,,,rublev a.,popyrin a.,atp_16,atp_45
44,Cincinnati,Western & Southern Financial Group Masters,8/12/2025,Masters 1000,Outdoor,Hard,3rd Round,3,Alcaraz C.,Medjedovic H.,2,72.0,8590,864.0,6.0,4.0,6.0,4.0,,,,,,,2.0,0.0,Completed,1.13,6.0,1.18,5.63,1.16,6.0,1.14,5.44,,,alcaraz c.,medjedovic h.,atp_1,atp_81
44,Cincinnati,Western & Southern Financial Group Masters,8/12/2025,Masters 1000,Outdoor,Hard,3rd Round,3,Nardi L.,Mensik J.,98,17.0,655,2396.0,6.0,2.0,2.0,1.0,,,,,,,1.0,0.0,Retired,4,1.25,4.64,1.24,4.33,1.45,3.93,1.25,,,nardi l.,mensik j.,atp_140,atp_26
44,Cincinnati,Western & Southern Financial Group Masters,8/12/2025,Masters 1000,Outdoor,Hard,3rd Round,3,Khachanov K.,Brooksby J.,12,101.0,3190,637.0,6.0,3.0,6.0,3.0,,,,,,,2.0,0.0,Completed,1.44,2.8,1.52,2.72,1.45,3.3,1.42,2.79,,,khachanov k.,brooksby j.,atp_15,atp_41
44,Cincinnati,Western & Southern Financial Group Masters,8/12/2025,Masters 1000,Outdoor,Hard,3rd Round,3,Lehecka J.,Walton A.,26,85.0,2065,726.0,7.0,6.0,7.0,6.0,,,,,,,2.0,0.0,Completed,1.25,4.0,1.27,4.24,1.25,4.35,1.23,4.06,,,lehecka j.,walton a.,atp_14,atp_105
44,Cincinnati,Western & Southern Financial Group Masters,8/13/2025,Masters 1000,Outdoor,Hard,3rd Round,3,Zverev A.,Nakashima B.,3,31.0,6380,1700.0,6.0,4.0,6.0,4.0,,,,,,,2.0,0.0,Completed,1.3,3.6,1.3,3.88,1.3,3.85,1.28,3.65,,,zverev a.,nakashima b.,atp_3,atp_33
44,Cincinnati,Western & Southern Financial Group Masters,8/13/2025,Masters 1000,Outdoor,Hard,3rd Round,3,Shelton B.,Bautista Agut R.,6,53.0,4320,1036.0,7.0,6.0,6.0,3.0,,,,,,,2.0,0.0,Completed,1.18,5.0,1.19,5.48,1.18,5.5,1.16,5.06,,,shelton b.,bautista agut r.,atp_9,atp_80
44,Cincinnati,Western & Southern Financial Group Masters,8/13/2025,Masters 1000,Outdoor,Hard,4th Round,3,Rune H.,Tiafoe F.,9,14.0,3340,2890.0,6.0,4.0,3.0,1.0,,,,,,,1.0,0.0,Retired,1.75,2.1,1.73,2.24,1.8,2.16,1.72,2.07,,,rune h.,tiafoe f.,atp_29,atp_18
44,Cincinnati,Western & Southern Financial Group Masters,8/13/2025,Masters 1000,Outdoor,Hard,4th Round,3,Sinner J.,Mannarino A.,1,89.0,12030,704.0,6.0,4.0,7.0,6.0,,,,,,,2.0,0.0,Completed,1.03,13.0,1.05,14.37,1.04,18.0,1.03,13.06,,,sinner j.,mannarino a.,atp_2,atp_43
44,Cincinnati,Western & Southern Financial Group Masters,8/13/2025,Masters 1000,Outdoor,Hard,4th Round,3,Auger-Aliassime F.,Bonzi B.,28,63.0,1825,907.0,6.0,4.0,6.0,3.0,,,,,,,2.0,0.0,Completed,1.36,3.2,1.41,3.17,1.4,3.75,1.37,3.08,,,augeraliassime f.,bonzi b.,,atp_103
44,Cincinnati,Western & Southern Financial Group Masters,8/13/2025,Masters 1000,Outdoor,Hard,4th Round,3,Atmane T.,Fritz T.,136,4.0,460,5525.0,3.0,6.0,7.0,5.0,6.0,3.0,,,,,2.0,1.0,Completed,6,1.13,7.42,1.13,7.0,1.13,6.33,1.11,,,atmane t.,fritz t.,atp_44,atp_8
44,Cincinnati,Western & Southern Financial Group Masters,8/14/2025,Masters 1000,Outdoor,Hard,4th Round,3,Alcaraz C.,Nardi L.,2,98.0,8590,655.0,6.0,1.0,6.0,4.0,,,,,,,2.0,0.0,Completed,1.06,9.0,1.06,11.64,1.06,11.0,1.05,9.91,,,alcaraz c.,nardi l.,atp_1,atp_140
44,Cincinnati,Western & Southern Financial Group Masters,8/14/2025,Masters 1000,Outdoor,Hard,4th Round,3,Rublev A.,Comesana F.,11,71.0,3210,869.0,6.0,2.0,6.0,3.0,,,,,,,2.0,0.0,Completed,1.2,4.33,1.24,4.62,1.22,4.5,1.21,4.33,,,rublev a.,comesana f.,atp_16,atp_87
44,Cincinnati,Western & Southern Financial Group Masters,8/14/2025,Masters 1000,Outdoor,Hard,4th Round,3,Zverev A.,Khachanov K.,3,12.0,6380,3190.0,7.0,5.0,3.0,0.0,,,,,,,1.0,0.0,Retired,1.44,2.8,1.45,3.0,1.45,3.0,1.43,2.78,,,zverev a.,khachanov k.,atp_3,atp_15
44,Cincinnati,Western & Southern Financial Group Masters,8/14/2025,Masters 1000,Outdoor,Hard,4th Round,3,Shelton B.,Lehecka J.,6,26.0,4320,2065.0,6.0,4.0,6.0,4.0,,,,,,,2.0,0.0,Completed,1.67,2.2,1.69,2.3,1.7,2.25,1.67,2.17,,,shelton b.,lehecka j.,atp_9,atp_14
44,Cincinnati,Western & Southern Financial Group Masters,8/14/2025,Masters 1000,Outdoor,Hard,Quarterfinals,3,Sinner J.,Auger-Aliassime F.,1,28.0,12030,1825.0,6.0,0.0,6.0,2.0,,,,,,,2.0,0.0,Completed,1.1,7.0,1.11,8.0,1.12,8.0,1.1,6.83,,,sinner j.,augeraliassime f.,atp_2,
44,Cincinnati,Western & Southern Financial Group Masters,8/15/2025,Masters 1000,Outdoor,Hard,Quarterfinals,3,Atmane T.,Rune H.,136,9.0,460,3340.0,6.0,2.0,6.0,3.0,,,,,,,2.0,0.0,Completed,3.75,1.29,3.93,1.3,3.8,1.3,3.67,1.28,,,atmane t.,rune h.,atp_44,atp_29
44,Cincinnati,Western & Southern Financial Group Masters,8/15/2025,Masters 1000,Outdoor,Hard,Quarterfinals,3,Alcaraz C.,Rublev A.,2,11.0,8590,3210.0,6.0,3.0,4.0,6.0,7.0,5.0,,,,,2.0,1.0,Completed,1.22,4.33,1.24,4.61,1.25,4.5,1.22,4.23,,,alcaraz c.,rublev a.,atp_1,atp_16
44,Cincinnati,Western & Southern Financial Group Masters,8/16/2025,Masters 1000,Outdoor,Hard,Quarterfinals,3,Zverev A.,Shelton B.,3,6.0,6380,4320.0,6.0,2.0,6.0,2.0,,,,,,,2.0,0.0,Completed,1.67,2.2,1.66,2.37,1.67,2.33,1.62,2.25,,,zverev a.,shelton b.,atp_3,atp_9
44,Cincinnati,Western & Southern Financial Group Masters,8/16/2025,Masters 1000,Outdoor,Hard,Semifinals,3,Sinner J.,Atmane T.,1,136.0,12030,460.0,7.0,6.0,6.0,2.0,,,,,,,2.0,0.0,Completed,1.08,8.0,1.09,7.43,1.09,10.0,1.06,8.63,,,sinner j.,atmane t.,atp_2,atp_44
44,Cincinnati,Western & Southern Financial Group Masters,8/16/2025,Masters 1000,Outdoor,Hard,Semifinals,3,Alcaraz C.,Zverev A.,2,3.0,8590,6380.0,6.0,4.0,6.0,3.0,,,,,,,2.0,0.0,Completed,1.57,2.4,1.61,2.43,1.6,2.5,1.55,2.43,,,alcaraz c.,zverev a.,atp_1,atp_3
44,Cincinnati,Western & Southern Financial Group Masters,8/18/2025,Masters 1000,Outdoor,Hard,The Final,3,Alcaraz C.,Sinner J.,2,1.0,8590,12030.0,5.0,0.0,,,,,,,,,0.0,0.0,Retired,2.75,1.44,2.71,1.53,2.75,1.53,2.62,1.49,,,alcaraz c.,sinner j.,atp_1,atp_2
45,Winston-Salem,Winston-Salem Open at Wake Forest University,8/17/2025,ATP250,Outdoor,Hard,1st Round,3,Kopriva V.,Ofner S.,87,141.0,726,453.0,3.0,6.0,6.0,4.0,6.0,3.0,,,,,2.0,1.0,Completed,2.5,1.53,2.44,1.61,2.6,1.56,2.44,1.53,2.62,1.6,kopriva v.,ofner s.,atp_70,atp_78
45,Winston-Salem,Winston-Salem Open at Wake Forest University,8/17/2025,ATP250,Outdoor,Hard,1st Round,3,Majchrzak K.,Jarry N.,78,103.0,794,628.0,7.0,6.0,6.0,4.0,,,,,,,2.0,0.0,Completed,1.91,1.91,1.93,1.95,2.0,1.91,1.92,1.85,2.0,1.98,majchrzak k.,jarry n.,atp_53,atp_154
45,Winston-Salem,Winston-Salem Open at Wake Forest University,8/17/2025,ATP250,Outdoor,Hard,1st Round,3,Martinez P.,Goffin D.,64,68.0,910,884.0,6.0,3.0,6.0,3.0,,,,,,,2.0,0.0,Completed,2.1,1.73,2.12,1.79,2.2,1.75,2.08,1.72,2.28,1.76,martinez p.,goffin d.,atp_113,atp_179
45,Winston-Salem,Winston-Salem Open at Wake Forest University,8/17/2025,ATP250,Outdoor,Hard,1st Round,3,Van De Zandschulp B.,Walton A.,92,82.0,684,763.0,2.0,6.0,7.0,5.0,6.0,3.0,,,,,2.0,1.0,Completed,2.1,1.73,2.14,1.78,2.1,1.76,2.06,1.73,2.2,1.81,van de zandschulp b.,walton a.,atp_62,atp_105
45,Winston-Salem,Winston-Salem Open at Wake Forest University,8/17/2025,ATP250,Outdoor,Hard,1st Round,3,Medjedovic H.,Rinderknech A.,65,77.0,907,794.0,6.0,3.0,7.0,6.0,,,,,,,2.0,0.0,Completed,1.53,2.5,1.55,2.57,1.53,2.6,1.52,2.5,1.57,2.72,medjedovic h.,rinderknech a.,atp_81,atp_27
45,Winston-Salem,Winston-Salem Open at Wake Forest University,8/17/2025,ATP250,Outdoor,Hard,1st Round,3,Bu Y.,Tseng C.H.,76,119.0,801,529.0,6.0,7.0,6.0,3.0,7.0,6.0,,,,,2.0,1.0,Completed,1.25,4.0,1.29,3.9,1.3,4.75,1.27,3.71,1.31,4.1,bu y.,tseng c.,,
45,Winston-Salem,Winston-Salem Open at Wake Forest University,8/17/2025,ATP250,Outdoor,Hard,1st Round,3,Carreno Busta P.,Nishioka Y.,113,149.0,549,399.0,6.0,0.0,6.0,3.0,,,,,,,2.0,0.0,Completed,1.57,2.38,1.68,2.31,1.65,2.75,1.58,2.34,1.65,2.5,carreno busta p.,nishioka y.,atp_88,atp_173
45,Winston-Salem,Winston-Salem Open at Wake Forest University,8/18/2025,ATP250,Outdoor,Hard,1st Round,3,McDonald M.,Holt B.,102,111.0,639,554.0,6.0,4.0,6.0,7.0,7.0,6.0,,,,,2.0,1.0,Completed,1.36,3.2,1.41,3.11,1.4,3.2,1.38,2.98,1.45,3.1,mcdonald m.,holt b.,atp_125,atp_254
45,Winston-Salem,Winston-Salem Open at Wake Forest University,8/18/2025,ATP250,Outdoor,Hard,1st Round,3,Basavareddy N.,Collignon R.,106,105.0,593,608.0,6.0,2.0,7.0,6.0,,,,,,,2.0,0.0,Completed,1.36,3.2,1.36,3.42,1.37,3.3,1.34,3.16,1.4,3.4,basavareddy n.,collignon r.,atp_193,atp_65
45,Winston-Salem,Winston-Salem Open at Wake Forest University,8/18/2025,ATP250,Outdoor,Hard,1st Round,3,O Connell C.,Safiullin R.,79,90.0,784,691.0,6.0,3.0,6.0,3.0,,,,,,,2.0,0.0,Completed,2.5,1.53,2.69,1.52,2.75,1.55,2.51,1.51,2.72,1.55,oconnell c.,safiullin r.,atp_128,atp_229
45,Winston-Salem,Winston-Salem Open at Wake Forest University,8/18/2025,ATP250,Outdoor,Hard,1st Round,3,Blanch Dar.,Coric B.,409,104.0,115,620.0,6.0,4.0,7.0,6.0,,,,,,,2.0,0.0,Completed,2.5,1.53,2.36,1.65,2.6,1.6,2.4,1.55,2.42,1.7,blanch d.,coric b.,atp_410,atp_221
45,Winston-Salem,Winston-Salem Open at Wake Forest University,8/18/2025,ATP250,Outdoor,Hard,1st Round,3,Fucsovics M.,Gaston H.,94,125.0,679,513.0,6.0,3.0,6.0,3.0,,,,,,,2.0,0.0,Completed,1.4,3.0,1.45,2.95,1.45,3.0,1.41,2.81,1.44,3.2,fucsovics m.,gaston h.,atp_51,atp_116
45,Winston-Salem,Winston-Salem Open at Wake Forest University,8/18/2025,ATP250,Outdoor,Hard,1st Round,3,Kovacevic A.,Misolic F.,71,95.0,859,677.0,7.0,6.0,7.0,6.0,,,,,,,2.0,0.0,Completed,1.58,2.3,1.64,2.39,1.65,2.38,1.58,2.31,1.67,2.46,kovacevic a.,misolic f.,atp_85,atp_86
45,Winston-Salem,Winston-Salem Open at Wake Forest University,8/18/2025,ATP250,Outdoor,Hard,1st Round,3,Navone M.,Suresh D.,74,645.0,810,50.0,6.0,3.0,6.0,3.0,,,,,,,2.0,0.0,Completed,1.4,3.0,1.44,3.0,1.45,3.0,1.41,2.83,1.45,3.15,navone m.,suresh d.,atp_60,atp_467
45,Winston-Salem,Winston-Salem Open at Wake Forest University,8/18/2025,ATP250,Outdoor,Hard,1st Round,3,Bellucci M.,Comesana F.,63,54.0,911,962.0,6.0,4.0,6.0,3.0,,,,,,,2.0,0.0,Completed,2,1.8,2.16,1.77,2.1,2.2,2.03,1.77,2.24,1.76,bellucci m.,comesana f.,atp_73,atp_87
45,Winston-Salem,Winston-Salem Open at Wake Forest University,8/19/2025,ATP250,Outdoor,Hard,1st Round,3,Dostanic S.,Vukic A.,412,93.0,114,683.0,6.0,4.0,6.0,2.0,,,,,,,2.0,0.0,Completed,3.75,1.29,3.12,1.4,3.85,1.29,3.65,1.28,4.0,1.32,dostanic s.,vukic a.,atp_291,atp_84
45,Winston-Salem,Winston-Salem Open at Wake Forest University,8/18/2025,ATP250,Outdoor,Hard,2nd Round,3,Korda S.,Kopriva V.,86,87.0,735,726.0,6.0,3.0,6.0,4.0,,,,,,,2.0,0.0,Completed,1.4,3.0,1.45,2.95,1.42,3.0,1.39,2.89,1.46,3.05,korda s.,kopriva v.,atp_42,atp_70
45,Winston-Salem,Winston-Salem Open at Wake Forest University,8/19/2025,ATP250,Outdoor,Hard,2nd Round,3,Majchrzak K.,Borges N.,78,42.0,794,1145.0,6.0,1.0,6.0,3.0,,,,,,,2.0,0.0,Completed,2,1.77,2.11,1.79,2.1,1.77,2.07,1.73,2.18,1.84,majchrzak k.,borges n.,atp_53,atp_48
45,Winston-Salem,Winston-Salem Open at Wake Forest University,8/19/2025,ATP250,Outdoor,Hard,2nd Round,3,Bautista Agut R.,O Connell C.,47,79.0,1060,784.0,6.0,4.0,0.0,0.0,,,,,,,1.0,0.0,Retired,1.57,2.38,1.57,2.52,1.6,2.45,1.56,2.38,1.66,2.46,bautista agut r.,oconnell c.,atp_80,atp_128
45,Winston-Salem,Winston-Salem Open at Wake Forest University,8/19/2025,ATP250,Outdoor,Hard,2nd Round,3,Muller A.,Blanch Dar.,38,409.0,1193,115.0,6.0,7.0,6.0,3.0,7.0,5.0,,,,,2.0,1.0,Completed,1.53,2.5,1.59,2.47,1.57,2.6,1.53,2.46,1.64,2.56,muller a.,blanch d.,atp_94,atp_410
45,Winston-Salem,Winston-Salem Open at Wake Forest University,8/19/2025,ATP250,Outdoor,Hard,2nd Round,3,Fucsovics M.,Griekspoor T.,94,31.0,679,1655.0,6.0,3.0,4.0,6.0,6.0,3.0,,,,,2.0,1.0,Completed,2.1,1.73,2.18,1.74,2.1,1.8,2.03,1.76,2.14,1.86,fucsovics m.,griekspoor t.,atp_51,atp_30
45,Winston-Salem,Winston-Salem Open at Wake Forest University,8/19/2025,ATP250,Outdoor,Hard,2nd Round,3,Mpetshi G.,Martinez P.,39,64.0,1185,910.0,2.0,6.0,6.0,3.0,7.0,6.0,,,,,2.0,1.0,Completed,1.44,2.75,1.52,2.7,1.5,2.75,1.45,2.68,1.53,2.86,mpetshi perricard g.,martinez p.,atp_57,atp_113
45,Winston-Salem,Winston-Salem Open at Wake Forest University,8/19/2025,ATP250,Outdoor,Hard,2nd Round,3,Diallo G.,Basavareddy N.,33,106.0,1388,593.0,,,,,,,,,,,,,Walkover,1.57,2.38,1.63,2.39,1.6,2.45,1.56,2.37,1.68,2.44,diallo g.,basavareddy n.,atp_36,atp_193
45,Winston-Salem,Winston-Salem Open at Wake Forest University,8/19/2025,ATP250,Outdoor,Hard,2nd Round,3,Medjedovic H.,Fearnley J.,65,59.0,907,939.0,6.0,4.0,7.0,6.0,,,,,,,2.0,0.0,Completed,1.44,2.75,1.49,2.79,1.5,2.75,1.47,2.63,1.51,2.88,medjedovic h.,fearnley j.,atp_81,atp_97
45,Winston-Salem,Winston-Salem Open at Wake Forest University,8/19/2025,ATP250,Outdoor,Hard,2nd Round,3,Kecmanovic M.,Kovacevic A.,45,71.0,1086,859.0,6.0,4.0,7.0,6.0,,,,,,,2.0,0.0,Completed,1.63,2.2,1.72,2.2,1.67,2.25,1.65,2.19,1.79,2.26,kecmanovic m.,kovacevic a.,atp_58,atp_85
45,Winston-Salem,Winston-Salem Open at Wake Forest University,8/19/2025,ATP250,Outdoor,Hard,2nd Round,3,Navone M.,Giron M.,74,55.0,810,960.0,6.0,2.0,6.0,2.0,,,,,,,2.0,0.0,Completed,2.2,1.67,2.28,1.68,2.75,1.67,2.23,1.63,2.36,1.72,navone m.,giron m.,atp_60,atp_66
45,Winston-Salem,Winston-Salem Open at Wake Forest University,8/19/2025,ATP250,Outdoor,Hard,2nd Round,3,Darderi L.,McDonald M.,34,102.0,1364,639.0,7.0,6.0,6.0,7.0,6.0,4.0,,,,,2.0,1.0,Completed,2.1,1.73,2.07,1.83,2.1,1.84,2.02,1.76,2.18,1.83,darderi l.,mcdonald m.,atp_19,atp_125
45,Winston-Salem,Winston-Salem Open at Wake Forest University,8/19/2025,ATP250,Outdoor,Hard,2nd Round,3,Van De Zandschulp B.,Arnaldi M.,92,62.0,684,915.0,6.0,3.0,6.0,3.0,,,,,,,2.0,0.0,Completed,2.1,1.73,2.1,1.81,2.1,1.8,2.03,1.75,2.12,1.86,van de zandschulp b.,arnaldi m.,atp_62,atp_107
45,Winston-Salem,Winston-Salem Open at Wake Forest University,8/19/2025,ATP250,Outdoor,Hard,2nd Round,3,Baez S.,Carreno Busta P.,40,113.0,1160,549.0,7.0,5.0,6.0,2.0,,,,,,,2.0,0.0,Completed,2.75,1.44,2.92,1.46,2.9,1.45,2.76,1.43,3.05,1.46,baez s.,carreno busta p.,atp_50,atp_88
45,Winston-Salem,Winston-Salem Open at Wake Forest University,8/19/2025,ATP250,Outdoor,Hard,2nd Round,3,Munar J.,Bellucci M.,46,63.0,1077,911.0,6.0,3.0,6.0,1.0,,,,,,,2.0,0.0,Completed,1.73,2.1,1.69,2.28,1.95,2.3,1.7,2.12,1.76,2.28,munar j.,bellucci m.,atp_37,atp_73
45,Winston-Salem,Winston-Salem Open at Wake Forest University,8/20/2025,ATP250,Outdoor,Hard,2nd Round,3,Bu Y.,Tsitsipas S.,76,28.0,801,1790.0,6.0,3.0,6.0,2.0,,,,,,,2.0,0.0,Completed,2.63,1.5,2.73,1.51,2.75,1.5,2.66,1.46,2.72,1.57,bu y.,tsitsipas s.,,atp_49
45,Winston-Salem,Winston-Salem Open at Wake Forest University,8/20/2025,ATP250,Outdoor,Hard,2nd Round,3,Sonego L.,Dostanic S.,35,412.0,1315,114.0,6.0,3.0,6.0,7.0,7.0,6.0,,,,,2.0,1.0,Completed,1.17,5.0,1.21,4.91,1.2,5.0,1.18,4.69,1.22,5.1,sonego l.,dostanic s.,atp_63,atp_291
45,Winston-Salem,Winston-Salem Open at Wake Forest University,8/20/2025,ATP250,Outdoor,Hard,3rd Round,3,Korda S.,Majchrzak K.,86,78.0,735,794.0,6.0,7.0,6.0,3.0,6.0,4.0,,,,,2.0,1.0,Completed,1.73,2.1,1.72,2.23,1.77,2.1,1.74,2.04,1.86,2.14,korda s.,majchrzak k.,atp_42,atp_53
45,Winston-Salem,Winston-Salem Open at Wake Forest University,8/20/2025,ATP250,Outdoor,Hard,3rd Round,3,Kecmanovic M.,Darderi L.,45,34.0,1086,1364.0,6.0,3.0,6.0,1.0,,,,,,,2.0,0.0,Completed,1.5,2.63,1.51,2.74,1.55,2.75,1.49,2.6,1.52,2.88,kecmanovic m.,darderi l.,atp_58,atp_19
45,Winston-Salem,Winston-Salem Open at Wake Forest University,8/20/2025,ATP250,Outdoor,Hard,3rd Round,3,Fucsovics M.,Bautista Agut R.,94,47.0,679,1060.0,6.0,4.0,6.0,3.0,,,,,,,2.0,0.0,Completed,1.73,2.1,1.74,2.21,1.75,2.25,1.71,2.09,1.77,2.28,fucsovics m.,bautista agut r.,atp_51,atp_80
45,Winston-Salem,Winston-Salem Open at Wake Forest University,8/20/2025,ATP250,Outdoor,Hard,3rd Round,3,Mpetshi G.,Muller A.,39,38.0,1185,1193.0,6.0,3.0,6.0,2.0,,,,,,,2.0,0.0,Completed,1.8,2.0,1.88,2.01,2.0,2.0,1.84,1.93,1.93,2.04,mpetshi perricard g.,muller a.,atp_57,atp_94
45,Winston-Salem,Winston-Salem Open at Wake Forest University,8/20/2025,ATP250,Outdoor,Hard,3rd Round,3,Medjedovic H.,Diallo G.,65,33.0,907,1388.0,6.0,4.0,6.0,2.0,,,,,,,2.0,0.0,Completed,2.1,1.73,2.17,1.76,2.12,1.74,2.08,1.72,2.28,1.77,medjedovic h.,diallo g.,atp_81,atp_36
45,Winston-Salem,Winston-Salem Open at Wake Forest University,8/20/2025,ATP250,Outdoor,Hard,3rd Round,3,Munar J.,Sonego L.,46,35.0,1077,1315.0,4.0,6.0,6.0,4.0,6.0,1.0,,,,,2.0,1.0,Completed,1.67,2.2,1.68,2.29,1.7,2.4,1.65,2.21,1.76,2.28,munar j.,sonego l.,atp_37,atp_63
45,Winston-Salem,Winston-Salem Open at Wake Forest University,8/20/2025,ATP250,Outdoor,Hard,3rd Round,3,Bu Y.,Navone M.,76,74.0,801,810.0,6.0,4.0,6.0,4.0,,,,,,,2.0,0.0,Completed,1.67,2.2,1.7,2.24,1.71,2.2,1.67,2.16,1.73,2.32,bu y.,navone m.,,atp_60
45,Winston-Salem,Winston-Salem Open at Wake Forest University,8/21/2025,ATP250,Outdoor,Hard,3rd Round,3,Van De Zandschulp B.,Baez S.,92,40.0,684,1160.0,0.0,6.0,6.0,1.0,6.0,4.0,,,,,2.0,1.0,Completed,1.44,2.75,1.44,2.99,1.45,3.0,1.41,2.85,1.44,3.15,van de zandschulp b.,baez s.,atp_62,atp_50
45,Winston-Salem,Winston-Salem Open at Wake Forest University,8/21/2025,ATP250,Outdoor,Hard,Quarterfinals,3,Korda S.,Kecmanovic M.,86,45.0,735,1086.0,6.0,1.0,6.0,4.0,,,,,,,2.0,0.0,Completed,1.73,2.1,1.84,2.08,1.8,2.1,1.75,2.03,1.89,2.12,korda s.,kecmanovic m.,atp_42,atp_58
45,Winston-Salem,Winston-Salem Open at Wake Forest University,8/21/2025,ATP250,Outdoor,Hard,Quarterfinals,3,Fucsovics M.,Munar J.,94,46.0,679,1077.0,7.0,5.0,6.0,3.0,,,,,,,2.0,0.0,Completed,2.1,1.73,2.28,1.71,2.25,1.74,2.1,1.71,2.24,1.78,fucsovics m.,munar j.,atp_51,atp_37
45,Winston-Salem,Winston-Salem Open at Wake Forest University,8/21/2025,ATP250,Outdoor,Hard,Quarterfinals,3,Mpetshi G.,Medjedovic H.,39,65.0,1185,907.0,7.0,6.0,6.0,2.0,,,,,,,2.0,0.0,Completed,2.75,1.44,2.94,1.46,2.8,1.47,2.7,1.44,2.92,1.51,mpetshi perricard g.,medjedovic h.,atp_57,atp_81
45,Winston-Salem,Winston-Salem Open at Wake Forest University,8/22/2025,ATP250,Outdoor,Hard,Quarterfinals,3,Van De Zandschulp B.,Bu Y.,92,76.0,684,801.0,6.0,3.0,5.0,7.0,6.0,3.0,,,,,2.0,1.0,Completed,2,1.8,1.99,1.89,2.0,8.5,1.83,2.58,2.04,1.93,van de zandschulp b.,bu y.,atp_62,
45,Winston-Salem,Winston-Salem Open at Wake Forest University,8/22/2025,ATP250,Outdoor,Hard,Semifinals,3,Fucsovics M.,Korda S.,94,86.0,679,735.0,,,,,,,,,,,,,Walkover,2.63,1.47,2.68,1.53,2.7,1.5,2.58,1.48,2.52,1.65,fucsovics m.,korda s.,atp_51,atp_42
45,Winston-Salem,Winston-Salem Open at Wake Forest University,8/22/2025,ATP250,Outdoor,Hard,Semifinals,3,Van De Zandschulp B.,Mpetshi G.,92,39.0,684,1185.0,6.0,4.0,7.0,5.0,,,,,,,2.0,0.0,Completed,2.38,1.57,2.34,1.66,2.4,1.62,2.32,1.58,2.56,1.63,van de zandschulp b.,mpetshi perricard g.,atp_62,atp_57
45,Winston-Salem,Winston-Salem Open at Wake Forest University,8/23/2025,ATP250,Outdoor,Hard,The Final,3,Fucsovics M.,Van De Zandschulp B.,94,92.0,679,684.0,6.0,3.0,7.0,6.0,,,,,,,2.0,0.0,Completed,1.73,2.1,1.8,2.13,1.8,2.1,1.76,2.03,1.88,2.12,fucsovics m.,van de zandschulp b.,atp_51,atp_62
46,New York,US Open,8/24/2025,Grand Slam,Outdoor,Hard,1st Round,5,Davidovich Fokina A.,Shevchenko A.,18,91.0,2185,692.0,6.0,1.0,6.0,1.0,6.0,2.0,,,,,3.0,0.0,Completed,1.14,5.5,1.19,5.41,1.2,5.5,1.16,5.23,1.19,6.0,davidovich fokina a.,shevchenko a.,atp_17,atp_76
46,New York,US Open,8/24/2025,Grand Slam,Outdoor,Hard,1st Round,5,Rinderknech A.,Carballes Baena R.,82,87.0,782,740.0,7.0,6.0,7.0,5.0,4.0,6.0,6.0,2.0,,,3.0,1.0,Completed,1.5,2.63,1.5,2.77,1.52,2.75,1.48,2.63,1.52,2.88,rinderknech a.,carballes baena r.,atp_27,atp_159
46,New York,US Open,8/24/2025,Grand Slam,Outdoor,Hard,1st Round,5,Mensik J.,Jarry N.,16,102.0,2430,628.0,7.0,6.0,6.0,3.0,6.0,4.0,,,,,3.0,0.0,Completed,1.36,3.2,1.41,3.11,1.4,3.2,1.38,2.99,1.44,3.2,mensik j.,jarry n.,atp_26,atp_154
46,New York,US Open,8/24/2025,Grand Slam,Outdoor,Hard,1st Round,5,Shelton B.,Buse I.,6,135.0,4280,473.0,6.0,3.0,6.0,2.0,6.0,4.0,,,,,3.0,0.0,Completed,1.03,17.0,,,1.04,17.0,1.02,14.3,1.04,21.0,shelton b.,buse i.,atp_9,atp_59
46,New York,US Open,8/24/2025,Grand Slam,Outdoor,Hard,1st Round,5,Fritz T.,Nava E.,4,968.0,5575,21.0,7.0,5.0,6.0,2.0,6.0,3.0,,,,,3.0,0.0,Completed,1.08,8.0,1.11,7.89,1.1,8.5,1.08,7.5,1.11,9.6,fritz t.,nava e.,atp_8,atp_104
46,New York,US Open,8/24/2025,Grand Slam,Outdoor,Hard,1st Round,5,Blanchet U.,Marozsan F.,184,53.0,295,975.0,6.0,4.0,3.0,6.0,7.0,6.0,6.0,2.0,,,3.0,1.0,Completed,4,1.25,3.96,1.29,4.0,1.32,3.74,1.26,3.95,1.33,blanchet u.,marozsan f.,atp_157,atp_47
46,New York,US Open,8/24/2025,Grand Slam,Outdoor,Hard,1st Round,5,Spizzirri E.,Dostanic S.,127,389.0,493,127.0,7.0,5.0,6.0,4.0,7.0,6.0,,,,,3.0,0.0,Completed,1.44,2.75,1.5,2.75,1.5,2.75,1.46,2.68,1.53,2.82,spizzirri e.,dostanic s.,atp_79,atp_291
46,New York,US Open,8/24/2025,Grand Slam,Outdoor,Hard,1st Round,5,Darderi L.,Hijikata R.,34,103.0,1379,623.0,6.0,2.0,6.0,1.0,6.0,2.0,,,,,3.0,0.0,Completed,1.57,2.38,1.65,2.38,1.63,2.4,1.58,2.34,1.63,2.54,darderi l.,hijikata r.,atp_19,atp_102
46,New York,US Open,8/24/2025,Grand Slam,Outdoor,Hard,1st Round,5,Lehecka J.,Coric B.,21,105.0,2115,595.0,3.0,6.0,6.0,4.0,7.0,6.0,6.0,1.0,,,3.0,1.0,Completed,1.13,6.0,1.16,5.97,1.15,6.5,1.13,5.76,1.17,6.4,lehecka j.,coric b.,atp_14,atp_221
46,New York,US Open,8/24/2025,Grand Slam,Outdoor,Hard,1st Round,5,Mannarino A.,Griekspoor T.,77,30.0,811,1655.0,7.0,5.0,6.0,4.0,6.0,0.0,,,,,3.0,0.0,Completed,2.3,1.62,2.37,1.65,2.3,1.67,2.25,1.63,2.36,1.72,mannarino a.,griekspoor t.,atp_43,atp_30
46,New York,US Open,8/24/2025,Grand Slam,Outdoor,Hard,1st Round,5,Machac T.,Nardi L.,22,86.0,2110,755.0,6.0,3.0,6.0,1.0,6.0,1.0,,,,,3.0,0.0,Completed,1.4,3.0,1.44,2.98,1.5,3.1,1.41,2.89,1.42,3.3,machac t.,nardi l.,atp_55,atp_140
46,New York,US Open,8/24/2025,Grand Slam,Outdoor,Hard,1st Round,5,Svajda Z.,Piros Z.,145,156.0,421,362.0,6.0,4.0,6.0,2.0,7.0,5.0,,,,,3.0,0.0,Completed,1.4,3.0,1.42,3.06,1.45,3.1,1.4,2.94,1.47,3.05,svajda z.,piros z.,atp_82,atp_153
46,New York,US Open,8/24/2025,Grand Slam,Outdoor,Hard,1st Round,5,Kym J.,Quinn E.,175,84.0,309,771.0,6.0,3.0,6.0,2.0,3.0,6.0,7.0,6.0,,,3.0,1.0,Completed,2.2,1.67,2.27,1.7,2.4,3.2,2.02,1.85,2.18,1.82,kym j.,quinn e.,atp_170,atp_56
46,New York,US Open,8/24/2025,Grand Slam,Outdoor,Hard,1st Round,5,Carreno Busta P.,Llamas Ruiz P.,137,361.0,468,136.0,7.0,6.0,6.0,4.0,6.0,2.0,,,,,3.0,0.0,Completed,1.53,2.5,1.54,2.62,1.57,2.5,1.53,2.45,1.59,2.66,carreno busta p.,llamas ruiz p.,atp_88,atp_151
46,New York,US Open,8/24/2025,Grand Slam,Outdoor,Hard,1st Round,5,Etcheverry T.,Ugo Carabelli C.,59,43.0,940,1123.0,6.0,3.0,6.0,2.0,6.0,0.0,,,,,3.0,0.0,Completed,1.3,3.5,1.38,3.25,1.35,3.5,1.32,3.28,1.38,3.55,etcheverry t.,ugo carabelli c.,,atp_67
46,New York,US Open,8/24/2025,Grand Slam,Outdoor,Hard,1st Round,5,Thompson J.,Moutet C.,58,40.0,945,1146.0,6.0,2.0,6.0,4.0,1.0,6.0,6.0,3.0,,,3.0,1.0,Completed,3.4,1.33,3.43,1.35,3.5,1.4,3.26,1.33,3.45,1.4,thompson j.,moutet c.,atp_131,atp_32
46,New York,US Open,8/24/2025,Grand Slam,Outdoor,Hard,1st Round,5,Giron M.,Navone M.,55,78.0,960,810.0,6.0,0.0,7.0,5.0,4.0,6.0,5.0,7.0,6.0,4.0,3.0,2.0,Completed,2,1.8,2.05,1.85,2.1,1.95,2.01,1.78,2.08,1.89,giron m.,navone m.,atp_66,atp_60
46,New York,US Open,8/25/2025,Grand Slam,Outdoor,Hard,1st Round,5,Nakashima B.,De Jong J.,31,83.0,1570,774.0,6.0,2.0,6.0,7.0,2.0,6.0,6.0,2.0,7.0,6.0,3.0,2.0,Completed,1.25,4.0,1.3,3.85,1.32,4.0,1.29,3.6,1.32,3.95,nakashima b.,de jong j.,atp_33,atp_99
46,New York,US Open,8/25/2025,Grand Slam,Outdoor,Hard,1st Round,5,Djokovic N.,Tien L.,7,50.0,4130,1000.0,6.0,1.0,7.0,6.0,6.0,2.0,,,,,3.0,0.0,Completed,1.14,5.5,1.15,6.2,1.18,7.0,1.14,5.67,1.18,6.2,djokovic n.,tien l.,atp_4,atp_22
46,New York,US Open,8/25/2025,Grand Slam,Outdoor,Hard,1st Round,5,Bonzi B.,Medvedev D.,51,13.0,999,2760.0,6.0,3.0,7.0,5.0,6.0,7.0,0.0,6.0,6.0,4.0,3.0,2.0,Completed,4.5,1.2,4.57,1.23,4.6,1.22,4.41,1.2,4.7,1.26,bonzi b.,medvedev d.,atp_103,atp_10
46,New York,US Open,8/25/2025,Grand Slam,Outdoor,Hard,1st Round,5,Harris L.,Baez S.,353,39.0,139,1175.0,6.0,3.0,7.0,5.0,6.0,4.0,,,,,3.0,0.0,Completed,1.53,2.5,1.55,2.62,1.56,2.6,1.51,2.5,1.55,2.78,harris l.,baez s.,atp_152,atp_50
46,New York,US Open,8/25/2025,Grand Slam,Outdoor,Hard,1st Round,5,Damm M.,Blanch Dar.,431,364.0,106,136.0,6.0,3.0,6.0,4.0,6.0,4.0,,,,,3.0,0.0,Completed,2,1.8,2.08,1.83,2.04,1.85,2.0,1.78,2.1,1.88,damm m.,blanch d.,atp_126,atp_410
46,New York,US Open,8/25/2025,Grand Slam,Outdoor,Hard,1st Round,5,Wong C.,Kovacevic A.,173,71.0,315,862.0,6.0,4.0,7.0,5.0,7.0,6.0,,,,,3.0,0.0,Completed,2.1,1.73,2.28,1.69,2.25,1.77,2.08,1.72,2.2,1.82,wong c.,kovacevic a.,atp_124,atp_85
46,New York,US Open,8/25/2025,Grand Slam,Outdoor,Hard,1st Round,5,Walton A.,Humbert U.,85,23.0,763,2085.0,6.0,4.0,7.0,6.0,5.0,7.0,6.0,1.0,,,3.0,1.0,Completed,2.75,1.44,3.04,1.43,3.0,1.47,2.74,1.43,2.88,1.53,walton a.,humbert u.,atp_105,atp_34
46,New York,US Open,8/25/2025,Grand Slam,Outdoor,Hard,1st Round,5,Bergs Z.,Tseng C.H.,48,118.0,1039,529.0,6.0,3.0,6.0,4.0,6.0,3.0,,,,,3.0,0.0,Completed,1.36,3.2,1.42,3.06,1.4,3.2,1.38,3.02,1.38,3.55,bergs z.,tseng c.,atp_46,
46,New York,US Open,8/25/2025,Grand Slam,Outdoor,Hard,1st Round,5,Norrie C.,Korda S.,35,75.0,1297,835.0,7.0,5.0,6.0,4.0,,,,,,,2.0,0.0,Completed,2.38,1.57,2.68,1.52,2.6,1.6,2.43,1.53,2.62,1.61,norrie c.,korda s.,atp_24,atp_42
46,New York,US Open,8/25/2025,Grand Slam,Outdoor,Hard,1st Round,5,Fonseca J.,Kecmanovic M.,45,42.0,1095,1126.0,7.0,6.0,7.0,6.0,6.0,3.0,,,,,3.0,0.0,Completed,1.57,2.38,1.69,2.28,1.57,2.6,1.53,2.47,1.57,2.7,fonseca j.,kecmanovic m.,atp_40,atp_58
46,New York,US Open,8/25/2025,Grand Slam,Outdoor,Hard,1st Round,5,Draper J.,Gomez F.A.,5,203.0,4440,268.0,6.0,4.0,7.0,5.0,6.0,7.0,6.0,2.0,,,3.0,1.0,Completed,1.02,19.0,,,1.03,20.0,1.02,15.13,1.04,21.0,draper j.,gomez f.,atp_25,
46,New York,US Open,8/25/2025,Grand Slam,Outdoor,Hard,1st Round,5,Collignon R.,Galan D.E.,107,131.0,583,480.0,6.0,4.0,6.0,4.0,6.0,4.0,,,,,3.0,0.0,Completed,1.91,1.91,1.76,2.18,2.0,2.0,1.86,1.92,2.04,1.94,collignon r.,galan d.,atp_65,
46,New York,US Open,8/25/2025,Grand Slam,Outdoor,Hard,1st Round,5,Comesana F.,Michelsen A.,54,32.0,962,1525.0,1.0,6.0,6.0,3.0,6.0,4.0,6.0,4.0,,,3.0,1.0,Completed,3.5,1.3,3.59,1.33,3.75,1.33,3.46,1.3,3.5,1.39,comesana f.,michelsen a.,atp_87,atp_35
46,New York,US Open,8/25/2025,Grand Slam,Outdoor,Hard,1st Round,5,Cobolli F.,Passaro F.,26,120.0,2040,524.0,7.0,5.0,4.0,6.0,6.0,4.0,3.0,6.0,6.0,3.0,3.0,2.0,Completed,1.22,4.33,1.22,4.74,1.25,4.5,1.22,4.16,1.24,4.9,cobolli f.,passaro f.,atp_13,atp_146
46,New York,US Open,8/25/2025,Grand Slam,Outdoor,Hard,1st Round,5,Bellucci M.,Shang J.,65,111.0,914,550.0,7.0,6.0,1.0,6.0,6.0,3.0,,,,,2.0,1.0,Completed,1.67,2.2,1.67,2.33,1.7,2.28,1.66,2.18,1.73,2.34,bellucci m.,shang j.,atp_73,atp_262
46,New York,US Open,8/25/2025,Grand Slam,Outdoor,Hard,1st Round,5,Brooksby J.,Vukic A.,92,95.0,687,668.0,6.0,3.0,6.0,7.0,6.0,4.0,3.0,6.0,6.0,4.0,3.0,2.0,Completed,1.4,3.0,1.43,3.03,1.42,3.1,1.38,2.99,1.44,3.2,brooksby j.,vukic a.,atp_41,atp_84
46,New York,US Open,8/25/2025,Grand Slam,Outdoor,Hard,1st Round,5,Rune H.,Van De Zandschulp B.,11,73.0,3050,849.0,6.0,3.0,7.0,6.0,7.0,6.0,,,,,3.0,0.0,Completed,1.3,3.5,1.35,3.47,1.35,3.5,1.31,3.36,1.35,3.75,rune h.,van de zandschulp b.,atp_29,atp_62
46,New York,US Open,8/25/2025,Grand Slam,Outdoor,Hard,1st Round,5,Tiafoe F.,Nishioka Y.,17,149.0,2340,399.0,6.0,3.0,7.0,6.0,6.0,3.0,,,,,3.0,0.0,Completed,1.1,7.0,1.11,7.88,1.12,8.0,1.09,7.04,1.12,8.8,tiafoe f.,nishioka y.,atp_18,atp_173
46,New York,US Open,8/25/2025,Grand Slam,Outdoor,Hard,1st Round,5,Munar J.,Faria J.,44,117.0,1117,530.0,6.0,0.0,6.0,3.0,5.0,7.0,6.0,2.0,,,3.0,1.0,Completed,1.25,4.0,1.26,4.28,1.27,4.25,1.24,3.9,1.28,4.4,munar j.,faria j.,atp_37,atp_143
46,New York,US Open,8/25/2025,Grand Slam,Outdoor,Hard,1st Round,5,Majchrzak K.,Dellien H.,76,121.0,819,524.0,6.0,1.0,6.0,4.0,6.0,7.0,6.0,4.0,,,3.0,1.0,Completed,1.05,11.0,1.07,10.76,1.07,11.0,1.06,9.46,1.09,11.5,majchrzak k.,dellien h.,atp_53,atp_160
46,New York,US Open,8/25/2025,Grand Slam,Outdoor,Hard,1st Round,5,Struff J.L.,McDonald M.,144,100.0,428,642.0,3.0,6.0,7.0,6.0,6.0,3.0,6.0,3.0,,,3.0,1.0,Completed,1.91,1.91,1.92,1.97,1.95,1.95,1.9,1.88,1.96,2.02,struff j.,mcdonald m.,,atp_125
46,New York,US Open,8/25/2025,Grand Slam,Outdoor,Hard,1st Round,5,Boyer T.,Duckworth J.,113,106.0,546,584.0,6.0,3.0,7.0,5.0,6.0,4.0,,,,,3.0,0.0,Completed,2.1,1.73,2.07,1.83,2.1,1.8,2.04,1.76,2.2,1.82,boyer t.,duckworth j.,atp_241,atp_95
46,New York,US Open,8/25/2025,Grand Slam,Outdoor,Hard,1st Round,5,Khachanov K.,Basavareddy N.,9,104.0,3240,604.0,6.0,7.0,6.0,3.0,7.0,5.0,6.0,1.0,,,3.0,1.0,Completed,1.25,4.0,1.27,4.18,1.27,4.25,1.24,3.98,1.27,4.6,khachanov k.,basavareddy n.,atp_15,atp_193
46,New York,US Open,8/25/2025,Grand Slam,Outdoor,Hard,1st Round,5,Rublev A.,Prizmic D.,15,124.0,2610,514.0,6.0,4.0,6.0,4.0,6.0,4.0,,,,,3.0,0.0,Completed,1.29,3.75,1.3,3.89,1.3,3.75,1.28,3.63,1.31,4.1,rublev a.,prizmic d.,atp_16,atp_112
46,New York,US Open,8/26/2025,Grand Slam,Outdoor,Hard,1st Round,5,Ruud C.,Ofner S.,12,140.0,2905,453.0,6.0,1.0,6.0,2.0,7.0,6.0,,,,,3.0,0.0,Completed,1.22,4.33,1.25,4.37,1.28,4.33,1.23,4.09,1.27,4.6,ruud c.,ofner s.,atp_12,atp_78
46,New York,US Open,8/26/2025,Grand Slam,Outdoor,Hard,1st Round,5,Diallo G.,Dzumhur D.,33,61.0,1388,933.0,7.0,6.0,4.0,6.0,7.0,5.0,7.0,5.0,,,3.0,1.0,Completed,1.29,3.75,1.28,4.02,1.35,3.8,1.28,3.62,1.31,4.1,diallo g.,dzumhur d.,atp_36,atp_74
46,New York,US Open,8/26/2025,Grand Slam,Outdoor,Hard,1st Round,5,Alcaraz C.,Opelka R.,2,67.0,9590,895.0,6.0,4.0,7.0,5.0,6.0,4.0,,,,,3.0,0.0,Completed,1.04,13.0,1.05,14.58,1.06,17.0,1.05,10.44,1.05,17.5,alcaraz c.,opelka r.,atp_1,atp_64
46,New York,US Open,8/26/2025,Grand Slam,Outdoor,Hard,1st Round,5,Shapovalov D.,Fucsovics M.,29,63.0,1748,916.0,6.0,4.0,6.0,4.0,6.0,0.0,,,,,3.0,0.0,Completed,1.8,2.0,1.93,1.96,1.9,2.0,1.84,1.94,1.97,2.02,shapovalov d.,fucsovics m.,atp_38,atp_51
46,New York,US Open,8/26/2025,Grand Slam,Outdoor,Hard,1st Round,5,Cerundolo F.,Arnaldi M.,19,64.0,2135,915.0,3.0,6.0,2.0,6.0,7.0,5.0,6.0,4.0,6.0,3.0,3.0,2.0,Completed,1.73,2.1,1.75,2.19,1.82,2.2,1.72,2.11,1.79,2.22,cerundolo f.,arnaldi m.,atp_20,atp_107
46,New York,US Open,8/26/2025,Grand Slam,Outdoor,Hard,1st Round,5,Musetti L.,Mpetshi G.,10,37.0,3205,1275.0,6.0,7.0,6.0,3.0,6.0,4.0,6.0,4.0,,,3.0,1.0,Completed,1.4,3.0,1.41,3.15,1.44,3.0,1.39,2.92,1.42,3.3,musetti l.,mpetshi perricard g.,atp_5,atp_57
46,New York,US Open,8/26/2025,Grand Slam,Outdoor,Hard,1st Round,5,Goffin D.,Halys Q.,80,70.0,784,873.0,6.0,7.0,6.0,4.0,6.0,3.0,7.0,5.0,,,3.0,1.0,Completed,2.5,1.53,2.69,1.52,2.6,1.57,2.48,1.53,2.56,1.63,goffin d.,halys q.,atp_179,atp_90
46,New York,US Open,8/26/2025,Grand Slam,Outdoor,Hard,1st Round,5,Bublik A.,Cilic M.,24,62.0,2055,922.0,6.0,4.0,6.0,1.0,6.0,4.0,,,,,3.0,0.0,Completed,1.44,2.75,1.45,2.95,1.5,2.8,1.44,2.71,1.5,2.94,bublik a.,cilic m.,atp_11,atp_54
46,New York,US Open,8/26/2025,Grand Slam,Outdoor,Hard,1st Round,5,Riedi L.,Martinez P.,435,66.0,104,913.0,6.0,4.0,6.0,2.0,6.0,3.0,,,,,3.0,0.0,Completed,1.57,2.38,1.63,2.42,1.62,2.41,1.57,2.37,1.63,2.58,riedi l.,martinez p.,atp_168,atp_113
46,New York,US Open,8/26/2025,Grand Slam,Outdoor,Hard,1st Round,5,Sinner J.,Kopriva V.,1,89.0,11480,732.0,6.0,1.0,6.0,1.0,6.0,2.0,,,,,3.0,0.0,Completed,1,51.0,,,1.02,51.0,1.01,27.37,1.01,80.0,sinner j.,kopriva v.,atp_2,atp_70
46,New York,US Open,8/26/2025,Grand Slam,Outdoor,Hard,1st Round,5,Royer V.,Bu Y.,98,74.0,643,841.0,6.0,1.0,6.0,4.0,7.0,6.0,,,,,3.0,0.0,Completed,2.38,1.57,2.47,1.6,2.5,1.62,2.35,1.57,2.46,1.67,royer v.,bu y.,atp_71,
46,New York,US Open,8/26/2025,Grand Slam,Outdoor,Hard,1st Round,5,Popyrin A.,Ruusuvuori E.,36,752.0,1290,36.0,6.0,3.0,6.0,4.0,7.0,6.0,,,,,3.0,0.0,Completed,1.05,11.0,1.06,11.4,1.06,15.0,1.05,10.45,1.08,12.5,popyrin a.,ruusuvuori e.,atp_45,
46,New York,US Open,8/26/2025,Grand Slam,Outdoor,Hard,1st Round,5,Auger-Aliassime F.,Harris B.,27,151.0,1965,382.0,6.0,4.0,7.0,6.0,6.0,4.0,,,,,3.0,0.0,Completed,1.08,8.0,1.11,8.25,1.1,8.5,1.08,7.55,1.1,9.8,augeraliassime f.,harris b.,,atp_148
46,New York,US Open,8/26/2025,Grand Slam,Outdoor,Hard,1st Round,5,Mochizuki S.,Gaston H.,112,125.0,550,513.0,6.0,4.0,6.0,3.0,6.0,4.0,,,,,3.0,0.0,Completed,1.57,2.38,1.59,2.5,1.63,2.75,1.54,2.44,1.65,2.52,mochizuki s.,gaston h.,atp_127,atp_116
46,New York,US Open,8/26/2025,Grand Slam,Outdoor,Hard,1st Round,5,Altmaier D.,Medjedovic H.,56,57.0,952,950.0,7.0,5.0,6.0,7.0,7.0,6.0,6.0,7.0,6.0,4.0,3.0,2.0,Completed,3.5,1.3,3.53,1.34,4.0,1.33,3.51,1.29,3.85,1.34,altmaier d.,medjedovic h.,atp_52,atp_81
46,New York,US Open,8/26/2025,Grand Slam,Outdoor,Hard,1st Round,5,Schoolkate T.,Sonego L.,96,46.0,654,1090.0,6.0,3.0,7.0,6.0,1.0,6.0,1.0,6.0,7.0,6.0,3.0,2.0,Completed,3.4,1.36,3.22,1.39,3.4,1.45,3.07,1.36,3.35,1.41,schoolkate t.,sonego l.,atp_119,atp_63
46,New York,US Open,8/26/2025,Grand Slam,Outdoor,Hard,1st Round,5,Tsitsipas S.,Muller A.,28,38.0,1790,1208.0,4.0,6.0,6.0,0.0,6.0,1.0,7.0,6.0,,,3.0,1.0,Completed,1.44,2.75,1.56,2.59,1.55,2.75,1.5,2.54,1.54,2.78,tsitsipas s.,muller a.,atp_49,atp_94
46,New York,US Open,8/26/2025,Grand Slam,Outdoor,Hard,1st Round,5,De Minaur A.,O Connell C.,8,81.0,3545,784.0,6.0,3.0,6.0,4.0,6.0,4.0,,,,,3.0,0.0,Completed,1.04,13.0,1.05,14.54,1.06,15.0,1.04,11.02,1.05,20.0,de minaur a.,oconnell c.,atp_6,atp_128
46,New York,US Open,8/26/2025,Grand Slam,Outdoor,Hard,1st Round,5,Borges N.,Holt B.,41,110.0,1145,554.0,6.0,4.0,6.0,2.0,6.0,3.0,,,,,3.0,0.0,Completed,1.36,3.2,1.36,3.37,1.42,3.2,1.37,3.02,1.42,3.3,borges n.,holt b.,atp_48,atp_254
46,New York,US Open,8/26/2025,Grand Slam,Outdoor,Hard,1st Round,5,Safiullin R.,Monfils G.,94,49.0,676,1015.0,6.0,4.0,2.0,6.0,6.0,1.0,3.0,6.0,6.0,4.0,3.0,2.0,Completed,1.91,1.91,1.98,1.9,2.0,1.92,1.92,1.86,2.04,1.94,safiullin r.,monfils g.,atp_229,atp_203
46,New York,US Open,8/27/2025,Grand Slam,Outdoor,Hard,1st Round,5,Fearnley J.,Bautista Agut R.,60,47.0,939,1075.0,7.0,5.0,6.0,2.0,5.0,7.0,6.0,4.0,,,3.0,1.0,Completed,2.2,1.67,2.3,1.68,2.3,1.7,2.22,1.65,2.34,1.74,fearnley j.,bautista agut r.,atp_97,atp_80
46,New York,US Open,8/27/2025,Grand Slam,Outdoor,Hard,1st Round,5,Paul T.,Moller E.,14,109.0,2610,560.0,6.0,3.0,6.0,3.0,6.0,1.0,,,,,3.0,0.0,Completed,1.03,15.0,1.07,11.34,1.06,15.0,1.04,10.89,1.06,15.0,paul t.,moller e.,atp_21,atp_134
46,New York,US Open,8/27/2025,Grand Slam,Outdoor,Hard,1st Round,5,Zverev A.,Tabilo A.,3,122.0,6230,517.0,6.0,2.0,7.0,6.0,6.0,4.0,,,,,3.0,0.0,Completed,1.03,17.0,,,1.04,17.0,1.03,14.1,1.04,22.0,zverev a.,tabilo a.,atp_3,atp_39
46,New York,US Open,8/27/2025,Grand Slam,Outdoor,Hard,2nd Round,5,Lehecka J.,Etcheverry T.,21,59.0,2115,940.0,3.0,6.0,6.0,0.0,6.0,2.0,6.0,4.0,,,3.0,1.0,Completed,1.25,4.0,1.28,4.08,1.27,4.33,1.25,3.86,1.28,4.4,lehecka j.,etcheverry t.,atp_14,
46,New York,US Open,8/27/2025,Grand Slam,Outdoor,Hard,2nd Round,5,Kym J.,Nakashima B.,175,31.0,309,1570.0,4.0,6.0,7.0,6.0,7.0,5.0,3.0,6.0,7.0,6.0,3.0,2.0,Completed,3.5,1.3,3.66,1.33,3.75,1.36,3.46,1.31,3.65,1.37,kym j.,nakashima b.,atp_170,atp_33
46,New York,US Open,8/27/2025,Grand Slam,Outdoor,Hard,2nd Round,5,Djokovic N.,Svajda Z.,7,145.0,4130,421.0,6.0,7.0,6.0,3.0,6.0,3.0,6.0,1.0,,,3.0,1.0,Completed,1.05,11.0,1.09,9.74,1.08,13.0,1.05,9.92,1.06,15.0,djokovic n.,svajda z.,atp_4,atp_82
46,New York,US Open,8/27/2025,Grand Slam,Outdoor,Hard,2nd Round,5,Machac T.,Fonseca J.,22,45.0,2110,1095.0,7.0,6.0,6.0,2.0,6.0,3.0,,,,,3.0,0.0,Completed,2,1.8,1.83,2.09,2.05,1.88,1.99,1.8,2.1,1.89,machac t.,fonseca j.,atp_55,atp_40
46,New York,US Open,8/27/2025,Grand Slam,Outdoor,Hard,2nd Round,5,Collignon R.,Ruud C.,107,12.0,583,2905.0,6.0,4.0,3.0,6.0,3.0,6.0,6.0,4.0,7.0,5.0,3.0,2.0,Completed,5,1.17,6.11,1.16,5.25,1.2,4.94,1.17,5.8,1.2,collignon r.,ruud c.,atp_65,atp_12
46,New York,US Open,8/27/2025,Grand Slam,Outdoor,Hard,2nd Round,5,Bonzi B.,Giron M.,51,55.0,999,960.0,2.0,6.0,4.0,6.0,7.0,5.0,6.0,3.0,6.0,4.0,3.0,2.0,Completed,1.91,1.91,1.98,1.93,1.96,1.95,1.89,1.89,2.04,1.94,bonzi b.,giron m.,atp_103,atp_66
46,New York,US Open,8/27/2025,Grand Slam,Outdoor,Hard,2nd Round,5,Fritz T.,Harris L.,4,353.0,5575,139.0,4.0,6.0,7.0,6.0,6.0,2.0,6.0,4.0,,,3.0,1.0,Completed,1.06,10.0,1.09,9.59,1.1,10.0,1.07,8.36,1.09,11.0,fritz t.,harris l.,atp_8,atp_152
46,New York,US Open,8/27/2025,Grand Slam,Outdoor,Hard,2nd Round,5,Norrie C.,Comesana F.,35,54.0,1297,962.0,7.0,6.0,6.0,3.0,6.0,7.0,7.0,6.0,,,3.0,1.0,Completed,1.5,2.63,1.54,2.67,1.55,2.63,1.5,2.57,1.54,2.82,norrie c.,comesana f.,atp_24,atp_87
46,New York,US Open,8/27/2025,Grand Slam,Outdoor,Hard,2nd Round,5,Rinderknech A.,Davidovich Fokina A.,82,18.0,782,2185.0,6.0,4.0,3.0,6.0,2.0,6.0,6.0,2.0,6.0,3.0,3.0,2.0,Completed,5,1.17,5.24,1.19,5.25,1.21,4.65,1.19,5.5,1.21,rinderknech a.,davidovich fokina a.,atp_27,atp_17
46,New York,US Open,8/27/2025,Grand Slam,Outdoor,Hard,2nd Round,5,Blanchet U.,Mensik J.,184,16.0,295,2430.0,6.0,7.0,7.0,6.0,3.0,6.0,6.0,4.0,7.0,6.0,3.0,2.0,Completed,4.5,1.2,4.9,1.21,5.0,1.22,4.62,1.19,5.5,1.21,blanchet u.,mensik j.,atp_157,atp_26
46,New York,US Open,8/27/2025,Grand Slam,Outdoor,Hard,2nd Round,5,Tiafoe F.,Damm M.,17,431.0,2340,106.0,6.0,4.0,7.0,5.0,6.0,7.0,7.0,5.0,,,3.0,1.0,Completed,1.13,6.0,1.15,6.24,1.17,7.0,1.12,6.13,1.15,7.0,tiafoe f.,damm m.,atp_18,atp_126
46,New York,US Open,8/27/2025,Grand Slam,Outdoor,Hard,2nd Round,5,Darderi L.,Spizzirri E.,34,127.0,1379,493.0,6.0,0.0,7.0,6.0,2.0,6.0,6.0,4.0,,,3.0,1.0,Completed,1.57,2.38,1.69,2.3,1.65,2.4,1.59,2.31,1.69,2.4,darderi l.,spizzirri e.,atp_19,atp_79
46,New York,US Open,8/27/2025,Grand Slam,Outdoor,Hard,2nd Round,5,Mannarino A.,Thompson J.,77,58.0,811,945.0,6.0,4.0,6.0,7.0,6.0,3.0,6.0,3.0,,,3.0,1.0,Completed,1.53,2.5,1.57,2.58,1.63,2.6,1.53,2.48,1.58,2.68,mannarino a.,thompson j.,atp_43,atp_131
46,New York,US Open,8/28/2025,Grand Slam,Outdoor,Hard,2nd Round,5,Struff J.L.,Rune H.,144,11.0,428,3050.0,7.0,6.0,2.0,6.0,6.0,3.0,4.0,6.0,7.0,5.0,3.0,2.0,Completed,3.4,1.33,3.58,1.34,4.0,1.35,3.33,1.32,3.7,1.36,struff j.,rune h.,,atp_29
46,New York,US Open,8/28/2025,Grand Slam,Outdoor,Hard,2nd Round,5,Alcaraz C.,Bellucci M.,2,65.0,9590,914.0,6.0,1.0,6.0,0.0,6.0,3.0,,,,,3.0,0.0,Completed,1.02,21.0,1.04,18.27,1.03,21.0,1.02,14.88,1.02,40.0,alcaraz c.,bellucci m.,atp_1,atp_73
46,New York,US Open,8/28/2025,Grand Slam,Outdoor,Hard,2nd Round,5,Shelton B.,Carreno Busta P.,6,137.0,4280,468.0,6.0,4.0,6.0,2.0,6.0,4.0,,,,,3.0,0.0,Completed,1.07,9.0,1.08,8.72,1.08,9.0,1.07,8.38,1.09,11.0,shelton b.,carreno busta p.,atp_9,atp_88
46,New York,US Open,8/28/2025,Grand Slam,Outdoor,Hard,2nd Round,5,Bergs Z.,Draper J.,48,5.0,1039,4440.0,,,,,,,,,,,,,Walkover,4.5,1.2,5.77,1.18,5.5,1.2,4.85,1.17,4.9,1.24,bergs z.,draper j.,atp_46,atp_25
46,New York,US Open,8/28/2025,Grand Slam,Outdoor,Hard,2nd Round,5,Rublev A.,Boyer T.,15,113.0,2610,546.0,6.0,3.0,6.0,3.0,5.0,7.0,7.0,6.0,,,3.0,1.0,Completed,1.05,11.0,1.06,12.34,1.06,11.0,1.05,10.22,1.07,14.5,rublev a.,boyer t.,atp_16,atp_241
46,New York,US Open,8/28/2025,Grand Slam,Outdoor,Hard,2nd Round,5,Musetti L.,Goffin D.,10,80.0,3205,784.0,6.0,4.0,6.0,0.0,6.0,2.0,,,,,3.0,0.0,Completed,1.14,5.5,1.16,6.28,1.17,6.0,1.14,5.49,1.17,6.6,musetti l.,goffin d.,atp_5,atp_179
46,New York,US Open,8/28/2025,Grand Slam,Outdoor,Hard,2nd Round,5,Wong C.,Walton A.,173,85.0,315,763.0,7.0,6.0,6.0,2.0,4.0,6.0,6.0,4.0,,,3.0,1.0,Completed,2.38,1.57,2.41,1.64,3.2,1.62,2.42,1.56,2.52,1.64,wong c.,walton a.,atp_124,atp_105
46,New York,US Open,8/28/2025,Grand Slam,Outdoor,Hard,2nd Round,5,Majchrzak K.,Khachanov K.,76,9.0,819,3240.0,2.0,6.0,6.0,7.0,6.0,4.0,7.0,5.0,7.0,6.0,3.0,2.0,Completed,4.5,1.2,4.84,1.22,4.75,1.21,4.45,1.2,5.4,1.22,majchrzak k.,khachanov k.,atp_53,atp_15
46,New York,US Open,8/28/2025,Grand Slam,Outdoor,Hard,2nd Round,5,Shapovalov D.,Royer V.,29,98.0,1748,643.0,7.0,6.0,3.0,6.0,7.0,6.0,6.0,3.0,,,3.0,1.0,Completed,1.36,3.2,1.36,3.43,1.36,3.4,1.34,3.19,1.4,3.45,shapovalov d.,royer v.,atp_38,atp_71
46,New York,US Open,8/28/2025,Grand Slam,Outdoor,Hard,2nd Round,5,Riedi L.,Cerundolo F.,435,19.0,104,2135.0,3.0,6.0,4.0,6.0,6.0,4.0,6.0,4.0,6.0,2.0,3.0,2.0,Completed,2.75,1.44,2.77,1.51,2.75,1.5,2.69,1.46,2.92,1.51,riedi l.,cerundolo f.,atp_168,atp_20
46,New York,US Open,8/28/2025,Grand Slam,Outdoor,Hard,2nd Round,5,Cobolli F.,Brooksby J.,26,92.0,2040,687.0,5.0,7.0,6.0,3.0,6.0,4.0,2.0,6.0,7.0,6.0,3.0,2.0,Completed,1.62,2.3,1.61,2.48,1.62,2.4,1.58,2.33,1.69,2.44,cobolli f.,brooksby j.,atp_13,atp_41
46,New York,US Open,8/28/2025,Grand Slam,Outdoor,Hard,2nd Round,5,Sinner J.,Popyrin A.,1,36.0,11480,1290.0,6.0,3.0,6.0,2.0,6.0,2.0,,,,,3.0,0.0,Completed,1.02,21.0,,,1.04,21.0,1.02,14.88,1.03,28.0,sinner j.,popyrin a.,atp_2,atp_45
46,New York,US Open,8/28/2025,Grand Slam,Outdoor,Hard,2nd Round,5,Munar J.,Diallo G.,44,33.0,1117,1388.0,7.0,5.0,6.0,3.0,7.0,5.0,,,,,3.0,0.0,Completed,1.91,1.91,1.81,2.13,1.91,1.98,1.86,1.91,1.96,2.04,munar j.,diallo g.,atp_37,atp_36
46,New York,US Open,8/28/2025,Grand Slam,Outdoor,Hard,2nd Round,5,Bublik A.,Schoolkate T.,24,96.0,2055,654.0,6.0,3.0,6.0,3.0,6.0,3.0,,,,,3.0,0.0,Completed,1.2,4.5,1.22,4.87,1.21,4.75,1.2,4.43,1.23,5.3,bublik a.,schoolkate t.,atp_11,atp_119
46,New York,US Open,8/29/2025,Grand Slam,Outdoor,Hard,2nd Round,5,Zverev A.,Fearnley J.,3,60.0,6230,939.0,6.0,4.0,6.0,4.0,6.0,4.0,,,,,3.0,0.0,Completed,1.07,9.0,1.07,9.54,1.09,9.5,1.07,8.37,1.08,12.5,zverev a.,fearnley j.,atp_3,atp_97
46,New York,US Open,8/29/2025,Grand Slam,Outdoor,Hard,2nd Round,5,Altmaier D.,Tsitsipas S.,56,28.0,952,1790.0,7.0,6.0,1.0,6.0,4.0,6.0,6.0,3.0,7.0,5.0,3.0,2.0,Completed,3.5,1.3,3.79,1.32,3.75,1.36,3.47,1.3,3.8,1.35,altmaier d.,tsitsipas s.,atp_52,atp_49
46,New York,US Open,8/29/2025,Grand Slam,Outdoor,Hard,2nd Round,5,Auger-Aliassime F.,Safiullin R.,27,94.0,1965,676.0,6.0,1.0,7.0,6.0,7.0,6.0,,,,,3.0,0.0,Completed,1.33,3.4,1.37,3.37,1.36,3.5,1.33,3.24,1.36,3.7,augeraliassime f.,safiullin r.,,atp_229
46,New York,US Open,8/29/2025,Grand Slam,Outdoor,Hard,2nd Round,5,De Minaur A.,Mochizuki S.,8,112.0,3545,550.0,6.0,2.0,6.0,4.0,6.0,2.0,,,,,3.0,0.0,Completed,1.03,15.0,1.04,15.57,1.05,15.0,1.03,12.67,1.04,21.0,de minaur a.,mochizuki s.,atp_6,atp_127
46,New York,US Open,8/29/2025,Grand Slam,Outdoor,Hard,2nd Round,5,Paul T.,Borges N.,14,41.0,2610,1145.0,7.0,6.0,6.0,3.0,5.0,7.0,5.0,7.0,7.0,5.0,3.0,2.0,Completed,1.25,4.0,1.28,3.99,1.32,4.0,1.26,3.77,1.29,4.3,paul t.,borges n.,atp_21,atp_48
46,New York,US Open,8/29/2025,Grand Slam,Outdoor,Hard,3rd Round,5,Lehecka J.,Collignon R.,21,107.0,2115,583.0,6.0,4.0,6.0,4.0,6.0,4.0,,,,,3.0,0.0,Completed,1.13,6.0,1.13,7.29,1.15,7.0,1.12,6.23,1.15,7.6,lehecka j.,collignon r.,atp_14,atp_65
46,New York,US Open,8/29/2025,Grand Slam,Outdoor,Hard,3rd Round,5,Rinderknech A.,Bonzi B.,82,51.0,782,999.0,4.0,6.0,6.0,3.0,6.0,3.0,6.0,2.0,,,3.0,1.0,Completed,2,1.8,2.01,1.9,2.02,1.95,1.96,1.82,2.08,1.92,rinderknech a.,bonzi b.,atp_27,atp_103
46,New York,US Open,8/29/2025,Grand Slam,Outdoor,Hard,3rd Round,5,Alcaraz C.,Darderi L.,2,34.0,9590,1379.0,6.0,2.0,6.0,4.0,6.0,0.0,,,,,3.0,0.0,Completed,1.01,26.0,,,1.03,26.0,1.02,16.9,1.01,50.0,alcaraz c.,darderi l.,atp_1,atp_19
46,New York,US Open,8/29/2025,Grand Slam,Outdoor,Hard,3rd Round,5,Mannarino A.,Shelton B.,77,6.0,811,4280.0,3.0,6.0,6.0,3.0,4.0,6.0,6.0,4.0,,,2.0,2.0,Retired,5.5,1.14,6.34,1.16,7.0,1.18,5.61,1.14,7.2,1.15,mannarino a.,shelton b.,atp_43,atp_9
46,New York,US Open,8/29/2025,Grand Slam,Outdoor,Hard,3rd Round,5,Struff J.L.,Tiafoe F.,144,17.0,428,2340.0,6.0,4.0,6.0,3.0,7.0,6.0,,,,,3.0,0.0,Completed,3.2,1.36,3.33,1.38,3.35,1.4,3.21,1.34,3.25,1.43,struff j.,tiafoe f.,,atp_18
46,New York,US Open,8/30/2025,Grand Slam,Outdoor,Hard,3rd Round,5,Djokovic N.,Norrie C.,7,35.0,4130,1297.0,6.0,4.0,6.0,7.0,6.0,2.0,6.0,3.0,,,3.0,1.0,Completed,1.08,8.0,1.1,8.89,1.12,8.0,1.09,7.25,1.13,8.6,djokovic n.,norrie c.,atp_4,atp_24
46,New York,US Open,8/30/2025,Grand Slam,Outdoor,Hard,3rd Round,5,Machac T.,Blanchet U.,22,184.0,2110,295.0,7.0,5.0,6.0,3.0,6.0,1.0,,,,,3.0,0.0,Completed,1.14,5.5,1.17,5.96,1.22,6.0,1.15,5.24,1.18,6.2,machac t.,blanchet u.,atp_55,atp_157
46,New York,US Open,8/30/2025,Grand Slam,Outdoor,Hard,3rd Round,5,Fritz T.,Kym J.,4,175.0,5575,309.0,7.0,6.0,6.0,7.0,6.0,4.0,6.0,4.0,,,3.0,1.0,Completed,1.06,10.0,1.08,10.63,1.08,10.0,1.06,9.26,1.08,12.5,fritz t.,kym j.,atp_8,atp_170
46,New York,US Open,8/30/2025,Grand Slam,Outdoor,Hard,3rd Round,5,Musetti L.,Cobolli F.,10,26.0,3205,2040.0,6.0,3.0,6.0,2.0,2.0,0.0,,,,,2.0,0.0,Retired,1.36,3.2,1.37,3.38,1.4,3.25,1.35,3.17,1.38,3.55,musetti l.,cobolli f.,atp_5,atp_13
46,New York,US Open,8/30/2025,Grand Slam,Outdoor,Hard,3rd Round,5,Munar J.,Bergs Z.,44,48.0,1117,1039.0,6.0,1.0,6.0,4.0,6.0,4.0,,,,,3.0,0.0,Completed,1.44,2.75,1.44,3.01,1.45,2.9,1.42,2.8,1.5,2.98,munar j.,bergs z.,atp_37,atp_46
46,New York,US Open,8/30/2025,Grand Slam,Outdoor,Hard,3rd Round,5,Sinner J.,Shapovalov D.,1,29.0,11480,1748.0,5.0,7.0,6.0,4.0,6.0,3.0,6.0,3.0,,,3.0,1.0,Completed,1.02,21.0,,,1.04,21.0,1.02,15.75,1.03,32.0,sinner j.,shapovalov d.,atp_2,atp_38
46,New York,US Open,8/30/2025,Grand Slam,Outdoor,Hard,3rd Round,5,Rublev A.,Wong C.,15,173.0,2610,315.0,2.0,6.0,6.0,4.0,6.0,3.0,4.0,6.0,6.0,3.0,3.0,2.0,Completed,1.08,8.0,1.09,9.51,1.12,8.0,1.09,7.42,1.11,9.2,rublev a.,wong c.,atp_16,atp_124
46,New York,US Open,8/30/2025,Grand Slam,Outdoor,Hard,3rd Round,5,Riedi L.,Majchrzak K.,435,76.0,104,819.0,5.0,3.0,,,,,,,,,0.0,0.0,Retired,2.3,1.62,2.3,1.69,3.5,1.66,2.35,1.6,2.44,1.68,riedi l.,majchrzak k.,atp_168,atp_53
46,New York,US Open,8/30/2025,Grand Slam,Outdoor,Hard,3rd Round,5,De Minaur A.,Altmaier D.,8,56.0,3545,952.0,6.0,7.0,6.0,3.0,6.0,4.0,2.0,0.0,,,2.0,1.0,Retired,1.05,11.0,1.05,14.48,1.06,12.0,1.05,10.3,1.07,15.0,de minaur a.,altmaier d.,atp_6,atp_52
46,New York,US Open,8/31/2025,Grand Slam,Outdoor,Hard,3rd Round,5,Auger-Aliassime F.,Zverev A.,27,3.0,1965,6230.0,4.0,6.0,7.0,6.0,6.0,4.0,6.0,4.0,,,3.0,1.0,Completed,3.75,1.29,4.06,1.28,4.0,1.29,3.76,1.26,4.3,1.29,augeraliassime f.,zverev a.,,atp_3
46,New York,US Open,8/31/2025,Grand Slam,Outdoor,Hard,3rd Round,5,Bublik A.,Paul T.,24,14.0,2055,2610.0,7.0,6.0,6.0,7.0,6.0,3.0,6.0,7.0,6.0,1.0,3.0,2.0,Completed,1.91,1.91,1.92,1.99,1.95,2.1,1.88,1.9,1.98,2.0,bublik a.,paul t.,atp_11,atp_21
46,New York,US Open,8/31/2025,Grand Slam,Outdoor,Hard,4th Round,5,Lehecka J.,Mannarino A.,21,77.0,2115,811.0,7.0,6.0,6.0,4.0,2.0,6.0,6.0,2.0,,,3.0,1.0,Completed,1.33,3.4,1.37,3.42,1.36,3.4,1.33,3.25,1.38,3.55,lehecka j.,mannarino a.,atp_14,atp_43
46,New York,US Open,8/31/2025,Grand Slam,Outdoor,Hard,4th Round,5,Alcaraz C.,Rinderknech A.,2,82.0,9590,782.0,7.0,6.0,6.0,3.0,6.0,4.0,,,,,3.0,0.0,Completed,1.01,23.0,,,1.03,23.0,1.02,16.67,1.02,46.0,alcaraz c.,rinderknech a.,atp_1,atp_27
46,New York,US Open,8/31/2025,Grand Slam,Outdoor,Hard,4th Round,5,Fritz T.,Machac T.,4,22.0,5575,2110.0,6.0,4.0,6.0,3.0,6.0,3.0,,,,,3.0,0.0,Completed,1.36,3.2,1.39,3.29,1.4,3.2,1.36,3.07,1.39,3.5,fritz t.,machac t.,atp_8,atp_55
46,New York,US Open,9/1/2025,Grand Slam,Outdoor,Hard,4th Round,5,Djokovic N.,Struff J.L.,7,144.0,4130,428.0,6.0,3.0,6.0,3.0,6.0,2.0,,,,,3.0,0.0,Completed,1.14,5.5,1.17,5.55,1.17,5.75,1.15,5.43,1.18,6.4,djokovic n.,struff j.,atp_4,
46,New York,US Open,9/1/2025,Grand Slam,Outdoor,Hard,4th Round,5,De Minaur A.,Riedi L.,8,435.0,3545,104.0,6.0,3.0,6.0,2.0,6.0,1.0,,,,,3.0,0.0,Completed,1.05,11.0,1.07,11.05,1.09,11.0,1.06,9.47,1.08,12.0,de minaur a.,riedi l.,atp_6,atp_168
46,New York,US Open,9/1/2025,Grand Slam,Outdoor,Hard,4th Round,5,Auger-Aliassime F.,Rublev A.,27,15.0,1965,2610.0,7.0,5.0,6.0,3.0,6.0,4.0,,,,,3.0,0.0,Completed,2.1,1.73,2.1,1.82,2.1,1.8,2.05,1.75,2.2,1.82,augeraliassime f.,rublev a.,,atp_16
46,New York,US Open,9/1/2025,Grand Slam,Outdoor,Hard,4th Round,5,Musetti L.,Munar J.,10,44.0,3205,1117.0,6.0,3.0,6.0,0.0,6.0,1.0,,,,,3.0,0.0,Completed,1.44,2.75,1.47,2.89,1.48,2.9,1.44,2.78,1.5,2.98,musetti l.,munar j.,atp_5,atp_37
46,New York,US Open,9/2/2025,Grand Slam,Outdoor,Hard,4th Round,5,Sinner J.,Bublik A.,1,24.0,11480,2055.0,6.0,1.0,6.0,1.0,6.0,1.0,,,,,3.0,0.0,Completed,1.08,8.0,1.09,8.96,1.12,8.5,1.09,7.59,1.12,9.2,sinner j.,bublik a.,atp_2,atp_11
46,New York,US Open,9/2/2025,Grand Slam,Outdoor,Hard,Quarterfinals,5,Alcaraz C.,Lehecka J.,2,21.0,9590,2115.0,6.0,4.0,6.0,2.0,6.0,4.0,,,,,3.0,0.0,Completed,1.05,11.0,1.06,12.75,1.08,11.0,1.05,10.11,1.07,15.0,alcaraz c.,lehecka j.,atp_1,atp_14
46,New York,US Open,9/3/2025,Grand Slam,Outdoor,Hard,Quarterfinals,5,Djokovic N.,Fritz T.,7,4.0,4130,5575.0,6.0,3.0,7.0,5.0,3.0,6.0,6.0,4.0,,,3.0,1.0,Completed,1.44,2.75,1.53,2.69,1.48,2.88,1.45,2.76,1.51,2.94,djokovic n.,fritz t.,atp_4,atp_8
46,New York,US Open,9/3/2025,Grand Slam,Outdoor,Hard,Quarterfinals,5,Auger-Aliassime F.,De Minaur A.,27,8.0,1965,3545.0,4.0,6.0,7.0,6.0,7.0,5.0,7.0,6.0,,,3.0,1.0,Completed,2.2,1.67,2.36,1.67,2.3,1.82,2.23,1.66,2.36,1.73,augeraliassime f.,de minaur a.,,atp_6
46,New York,US Open,9/4/2025,Grand Slam,Outdoor,Hard,Quarterfinals,5,Sinner J.,Musetti L.,1,10.0,11480,3205.0,6.0,1.0,6.0,4.0,6.0,2.0,,,,,3.0,0.0,Completed,1.03,15.0,1.05,16.01,1.05,17.0,1.04,12.69,1.05,17.5,sinner j.,musetti l.,atp_2,atp_5
46,New York,US Open,9/5/2025,Grand Slam,Outdoor,Hard,Semifinals,5,Alcaraz C.,Djokovic N.,2,7.0,9590,4130.0,6.0,4.0,7.0,6.0,6.0,2.0,,,,,3.0,0.0,Completed,1.25,4.0,1.29,4.03,1.3,4.0,1.27,3.73,1.3,4.3,alcaraz c.,djokovic n.,atp_1,atp_4
46,New York,US Open,9/6/2025,Grand Slam,Outdoor,Hard,Semifinals,5,Sinner J.,Auger-Aliassime F.,1,27.0,11480,1965.0,6.0,1.0,3.0,6.0,6.0,3.0,6.0,4.0,,,3.0,1.0,Completed,1.03,17.0,1.05,15.13,1.05,17.0,1.03,13.38,1.04,22.0,sinner j.,augeraliassime f.,atp_2,
46,New York,US Open,9/7/2025,Grand Slam,Outdoor,Hard,The Final,5,Alcaraz C.,Sinner J.,2,1.0,9590,11480.0,6.0,2.0,3.0,6.0,6.0,1.0,6.0,4.0,,,3.0,1.0,Completed,2.15,1.75,2.12,1.81,2.15,1.83,2.09,1.75,2.24,1.79,alcaraz c.,sinner j.,atp_1,atp_2
47,Chengdu,Chengdu Open,9/17/2025,ATP250,Outdoor,Hard,1st Round,3,Giron M.,Quinn E.,50,81.0,1000,773.0,7.0,5.0,6.0,4.0,,,,,,,2.0,0.0,Completed,1.8,2.0,1.85,2.03,1.81,2.02,1.79,1.99,1.87,2.12,giron m.,quinn e.,atp_66,atp_56
47,Chengdu,Chengdu Open,9/17/2025,ATP250,Outdoor,Hard,1st Round,3,Zhou Y.,Norrie C.,304,34.0,170,1397.0,6.0,7.0,6.0,4.0,7.0,6.0,,,,,2.0,1.0,Completed,4.5,1.2,4.64,1.22,4.5,1.22,4.35,1.21,4.8,1.25,zhou y.,norrie c.,atp_223,atp_24
47,Chengdu,Chengdu Open,9/17/2025,ATP250,Outdoor,Hard,1st Round,3,O Connell C.,Halys Q.,103,75.0,619,806.0,6.0,7.0,6.0,3.0,6.0,4.0,,,,,2.0,1.0,Completed,1.91,1.91,1.93,1.94,1.93,1.95,1.9,1.87,2.0,1.98,oconnell c.,halys q.,atp_128,atp_90
47,Chengdu,Chengdu Open,9/17/2025,ATP250,Outdoor,Hard,1st Round,3,Shang J.,Bergs Z.,138,46.0,460,1089.0,6.0,1.0,5.0,7.0,6.0,4.0,,,,,2.0,1.0,Completed,1.8,2.0,1.76,2.15,1.81,2.1,1.75,2.04,1.84,2.16,shang j.,bergs z.,atp_262,atp_46
47,Chengdu,Chengdu Open,9/18/2025,ATP250,Outdoor,Hard,1st Round,3,Mpetshi G.,Misolic F.,36,92.0,1275,671.0,3.0,6.0,6.0,1.0,6.0,4.0,,,,,2.0,1.0,Completed,1.57,2.38,1.61,2.42,1.6,2.4,1.57,2.36,1.62,2.56,mpetshi perricard g.,misolic f.,atp_57,atp_86
47,Chengdu,Chengdu Open,9/18/2025,ATP250,Outdoor,Hard,1st Round,3,Sonego L.,Cerundolo J.M.,44,72.0,1090,829.0,4.0,6.0,6.0,3.0,6.0,1.0,,,,,2.0,1.0,Completed,1.53,2.5,1.56,2.56,1.55,2.6,1.52,2.51,1.56,2.74,sonego l.,cerundolo j.,atp_63,
47,Chengdu,Chengdu Open,9/18/2025,ATP250,Outdoor,Hard,1st Round,3,Tabilo A.,Thompson J.,112,78.0,567,795.0,6.0,4.0,6.0,3.0,,,,,,,2.0,0.0,Completed,1.8,2.0,1.84,2.04,2.05,2.05,1.82,1.95,1.87,2.1,tabilo a.,thompson j.,atp_39,atp_131
47,Chengdu,Chengdu Open,9/18/2025,ATP250,Outdoor,Hard,1st Round,3,Daniel T.,Wong C.,168,149.0,326,418.0,6.0,3.0,6.0,2.0,,,,,,,2.0,0.0,Completed,3,1.4,2.85,1.47,3.0,1.8,2.7,1.46,3.05,1.47,daniel t.,wong c.,atp_340,atp_124
47,Chengdu,Chengdu Open,9/18/2025,ATP250,Outdoor,Hard,1st Round,3,Prizmic D.,Atmane T.,121,70.0,536,852.0,6.0,4.0,6.0,3.0,,,,,,,2.0,0.0,Completed,1.8,2.0,1.81,2.07,1.83,2.4,1.76,2.03,1.83,2.14,prizmic d.,atmane t.,atp_112,atp_44
47,Chengdu,Chengdu Open,9/18/2025,ATP250,Outdoor,Hard,1st Round,3,McDonald M.,Van De Zandschulp B.,98,83.0,642,759.0,6.0,4.0,3.0,6.0,6.0,3.0,,,,,2.0,1.0,Completed,1.91,1.91,1.95,1.92,2.02,1.91,1.93,1.85,2.0,1.95,mcdonald m.,van de zandschulp b.,atp_125,atp_62
47,Chengdu,Chengdu Open,9/18/2025,ATP250,Outdoor,Hard,1st Round,3,Shevchenko A.,Monfils G.,96,52.0,652,975.0,6.0,7.0,6.0,3.0,1.0,0.0,,,,,1.0,1.0,Retired,2.5,1.53,2.53,1.57,2.5,1.6,2.42,1.55,2.56,1.61,shevchenko a.,monfils g.,atp_76,atp_203
47,Chengdu,Chengdu Open,9/18/2025,ATP250,Outdoor,Hard,1st Round,3,Basilashvili N.,Harris B.,114,131.0,558,492.0,7.0,6.0,6.0,3.0,,,,,,,2.0,0.0,Completed,,,,,1.75,2.11,1.72,2.08,1.77,2.2,basilashvili n.,harris b.,atp_129,atp_148
47,Chengdu,Chengdu Open,9/19/2025,ATP250,Outdoor,Hard,2nd Round,3,Giron M.,Sonego L.,50,44.0,1000,1090.0,6.0,4.0,6.0,4.0,,,,,,,2.0,0.0,Completed,1.91,1.91,1.96,1.91,2.0,1.91,1.96,1.82,2.08,1.88,giron m.,sonego l.,atp_66,atp_63
47,Chengdu,Chengdu Open,9/19/2025,ATP250,Outdoor,Hard,2nd Round,3,Tabilo A.,Darderi L.,112,30.0,567,1584.0,6.0,4.0,6.0,3.0,,,,,,,2.0,0.0,Completed,1.67,2.2,1.68,2.27,1.67,2.38,1.62,2.26,1.68,2.44,tabilo a.,darderi l.,atp_39,atp_19
47,Chengdu,Chengdu Open,9/19/2025,ATP250,Outdoor,Hard,2nd Round,3,O Connell C.,Zhou Y.,103,304.0,619,170.0,6.0,2.0,6.0,4.0,,,,,,,2.0,0.0,Completed,1.53,2.5,1.55,2.6,1.55,2.65,1.5,2.56,1.57,2.7,oconnell c.,zhou y.,atp_128,atp_223
47,Chengdu,Chengdu Open,9/19/2025,ATP250,Outdoor,Hard,2nd Round,3,Nakashima B.,Shang J.,33,138.0,1420,460.0,7.0,5.0,6.0,3.0,,,,,,,2.0,0.0,Completed,1.57,2.38,1.68,2.3,1.57,2.6,1.52,2.47,1.57,2.7,nakashima b.,shang j.,atp_33,atp_262
47,Chengdu,Chengdu Open,9/20/2025,ATP250,Outdoor,Hard,2nd Round,3,Basilashvili N.,McDonald M.,114,98.0,558,642.0,6.0,2.0,7.0,6.0,,,,,,,2.0,0.0,Completed,2.5,1.53,2.4,1.63,2.5,1.6,2.36,1.56,2.54,1.63,basilashvili n.,mcdonald m.,atp_129,atp_125
47,Chengdu,Chengdu Open,9/20/2025,ATP250,Outdoor,Hard,2nd Round,3,Daniel T.,Griekspoor T.,168,31.0,326,1565.0,3.0,6.0,6.0,4.0,6.0,3.0,,,,,2.0,1.0,Completed,2.75,1.44,2.69,1.52,2.75,1.54,2.56,1.49,2.8,1.53,daniel t.,griekspoor t.,atp_340,atp_30
47,Chengdu,Chengdu Open,9/20/2025,ATP250,Outdoor,Hard,2nd Round,3,Musetti L.,Prizmic D.,9,121.0,3505,536.0,7.0,5.0,3.0,6.0,6.0,2.0,,,,,2.0,1.0,Completed,1.33,3.4,1.4,3.17,1.4,3.4,1.37,3.07,1.42,3.35,musetti l.,prizmic d.,atp_5,atp_112
47,Chengdu,Chengdu Open,9/20/2025,ATP250,Outdoor,Hard,2nd Round,3,Shevchenko A.,Mpetshi G.,96,36.0,652,1275.0,6.0,7.0,7.0,6.0,6.0,4.0,,,,,2.0,1.0,Completed,2.75,1.44,2.75,1.5,3.4,1.5,2.7,1.45,2.9,1.51,shevchenko a.,mpetshi perricard g.,atp_76,atp_57
47,Chengdu,Chengdu Open,9/21/2025,ATP250,Outdoor,Hard,Quarterfinals,3,Tabilo A.,O Connell C.,112,103.0,567,619.0,4.0,6.0,7.0,5.0,6.0,2.0,,,,,2.0,1.0,Completed,1.5,2.63,1.54,2.67,1.53,2.75,1.49,2.59,1.55,2.78,tabilo a.,oconnell c.,atp_39,atp_128
47,Chengdu,Chengdu Open,9/21/2025,ATP250,Outdoor,Hard,Quarterfinals,3,Nakashima B.,Giron M.,33,50.0,1420,1000.0,6.0,3.0,2.0,6.0,7.0,6.0,,,,,2.0,1.0,Completed,1.44,2.75,1.45,2.98,1.5,2.8,1.44,2.71,1.53,2.88,nakashima b.,giron m.,atp_33,atp_66
47,Chengdu,Chengdu Open,9/21/2025,ATP250,Outdoor,Hard,Quarterfinals,3,Musetti L.,Basilashvili N.,9,114.0,3505,558.0,6.0,3.0,6.0,3.0,,,,,,,2.0,0.0,Completed,1.3,3.5,1.31,3.87,1.33,3.75,1.29,3.62,1.29,4.3,musetti l.,basilashvili n.,atp_5,atp_129
47,Chengdu,Chengdu Open,9/21/2025,ATP250,Outdoor,Hard,Quarterfinals,3,Shevchenko A.,Daniel T.,96,168.0,652,326.0,7.0,6.0,3.0,6.0,6.0,2.0,,,,,2.0,1.0,Completed,1.8,2.0,1.85,2.06,1.82,2.05,1.78,2.01,1.78,2.26,shevchenko a.,daniel t.,atp_76,atp_340
47,Chengdu,Chengdu Open,9/22/2025,ATP250,Outdoor,Hard,Semifinals,3,Tabilo A.,Nakashima B.,112,33.0,567,1420.0,6.0,4.0,7.0,6.0,,,,,,,2.0,0.0,Completed,2.5,1.53,2.59,1.56,2.63,1.55,2.52,1.51,2.84,1.53,tabilo a.,nakashima b.,atp_39,atp_33
47,Chengdu,Chengdu Open,9/22/2025,ATP250,Outdoor,Hard,Semifinals,3,Musetti L.,Shevchenko A.,9,96.0,3505,652.0,6.0,3.0,6.0,1.0,,,,,,,2.0,0.0,Completed,1.14,5.5,1.19,5.48,1.18,6.0,1.16,5.12,1.18,6.2,musetti l.,shevchenko a.,atp_5,atp_76
47,Chengdu,Chengdu Open,9/23/2025,ATP250,Outdoor,Hard,The Final,3,Tabilo A.,Musetti L.,112,9.0,567,96.0,6.0,3.0,2.0,6.0,7.0,6.0,,,,,2.0,1.0,Completed,4.33,1.22,3.89,1.3,4.33,1.3,3.82,1.26,4.5,1.28,tabilo a.,musetti l.,atp_39,atp_5
48,Hangzhou,Hangzhou Open,9/17/2025,ATP250,Outdoor,Hard,1st Round,3,Tien L.,Navone M.,54,82.0,945,770.0,5.0,7.0,6.0,3.0,6.0,4.0,,,,,2.0,1.0,Completed,1.44,2.75,1.6,2.47,1.55,2.75,1.5,2.54,1.6,2.62,tien l.,navone m.,atp_22,atp_60
48,Hangzhou,Hangzhou Open,9/17/2025,ATP250,Outdoor,Hard,1st Round,3,Wu Y.,Mannarino A.,196,53.0,272,947.0,4.0,6.0,7.0,6.0,7.0,5.0,,,,,2.0,1.0,Completed,1.73,2.1,1.83,2.07,1.8,2.11,1.73,2.07,1.84,2.16,wu y.,mannarino a.,atp_118,atp_43
48,Hangzhou,Hangzhou Open,9/18/2025,ATP250,Outdoor,Hard,1st Round,3,Etcheverry T.,Dzumhur D.,63,68.0,890,868.0,6.0,2.0,6.0,4.0,,,,,,,2.0,0.0,Completed,1.4,3.0,1.43,3.05,1.45,3.0,1.4,2.9,1.47,3.05,etcheverry t.,dzumhur d.,,atp_74
48,Hangzhou,Hangzhou Open,9/18/2025,ATP250,Outdoor,Hard,1st Round,3,Svrcina D.,Berrettini M.,99,57.0,641,925.0,6.0,3.0,6.0,3.0,,,,,,,2.0,0.0,Completed,3.2,1.36,3.37,1.36,3.5,1.36,3.25,1.33,3.4,1.41,svrcina d.,berrettini m.,atp_110,atp_91
48,Hangzhou,Hangzhou Open,9/18/2025,ATP250,Outdoor,Hard,1st Round,3,Basavareddy N.,Cilic M.,109,59.0,590,914.0,4.0,6.0,6.0,4.0,6.0,3.0,,,,,2.0,1.0,Completed,1.5,2.63,1.53,2.61,1.55,2.63,1.5,2.55,1.64,2.52,basavareddy n.,cilic m.,atp_193,atp_54
48,Hangzhou,Hangzhou Open,9/18/2025,ATP250,Outdoor,Hard,1st Round,3,Zeppieri G.,Sun F.,169,236.0,324,241.0,6.0,3.0,6.0,2.0,,,,,,,2.0,0.0,Completed,1.17,5.0,1.21,5.01,1.2,5.5,1.18,4.72,1.2,5.6,zeppieri g.,sun f.,atp_162,atp_252
48,Hangzhou,Hangzhou Open,9/18/2025,ATP250,Outdoor,Hard,1st Round,3,Zhang Zh.,Bu Y.,192,74.0,275,811.0,6.0,7.0,6.0,4.0,7.0,6.0,,,,,2.0,1.0,Completed,3.2,1.36,3.19,1.4,3.2,1.4,3.06,1.36,3.3,1.4,zhang z.,bu y.,atp_263,
48,Hangzhou,Hangzhou Open,9/19/2025,ATP250,Outdoor,Hard,1st Round,3,Hijikata R.,Ugo Carabelli C.,111,43.0,583,1123.0,7.0,6.0,6.0,4.0,,,,,,,2.0,0.0,Completed,1.44,2.75,1.49,2.8,1.57,2.75,1.48,2.58,1.53,2.82,hijikata r.,ugo carabelli c.,atp_102,atp_67
48,Hangzhou,Hangzhou Open,9/19/2025,ATP250,Outdoor,Hard,1st Round,3,Korda S.,Walton A.,79,76.0,795,803.0,7.0,5.0,6.0,3.0,,,,,,,2.0,0.0,Completed,1.44,2.75,1.53,2.67,1.65,2.75,1.47,2.62,1.51,2.9,korda s.,walton a.,atp_42,atp_105
48,Hangzhou,Hangzhou Open,9/19/2025,ATP250,Outdoor,Hard,1st Round,3,Cazaux A.,Arnaldi M.,84,73.0,757,825.0,6.0,4.0,3.0,6.0,7.0,5.0,,,,,2.0,1.0,Completed,2,1.8,1.94,1.94,2.0,1.91,1.91,1.86,2.0,1.98,cazaux a.,arnaldi m.,atp_68,atp_107
48,Hangzhou,Hangzhou Open,9/19/2025,ATP250,Outdoor,Hard,1st Round,3,Royer V.,Kovacevic A.,88,69.0,677,862.0,4.0,6.0,7.0,6.0,6.0,3.0,,,,,2.0,1.0,Completed,1.67,2.2,1.78,2.15,1.73,2.4,1.69,2.15,1.76,2.28,royer v.,kovacevic a.,atp_71,atp_85
48,Hangzhou,Hangzhou Open,9/19/2025,ATP250,Outdoor,Hard,1st Round,3,Vukic A.,Goffin D.,93,87.0,668,734.0,6.0,4.0,1.0,6.0,6.0,1.0,,,,,2.0,1.0,Completed,1.73,2.1,1.76,2.17,1.73,2.14,1.71,2.1,1.79,2.24,vukic a.,goffin d.,atp_84,atp_179
48,Hangzhou,Hangzhou Open,9/20/2025,ATP250,Outdoor,Hard,2nd Round,3,Medvedev D.,Basavareddy N.,18,109.0,2370,590.0,6.0,2.0,6.0,3.0,,,,,,,2.0,0.0,Completed,1.36,3.2,1.42,3.09,1.44,3.45,1.37,2.99,1.45,3.15,medvedev d.,basavareddy n.,atp_10,atp_193
48,Hangzhou,Hangzhou Open,9/20/2025,ATP250,Outdoor,Hard,2nd Round,3,Tien L.,Zeppieri G.,54,169.0,945,324.0,6.0,4.0,6.0,3.0,,,,,,,2.0,0.0,Completed,1.53,2.5,1.62,2.42,1.65,2.6,1.57,2.38,1.64,2.5,tien l.,zeppieri g.,atp_22,atp_162
48,Hangzhou,Hangzhou Open,9/20/2025,ATP250,Outdoor,Hard,2nd Round,3,Moutet C.,Cazaux A.,39,84.0,1146,757.0,6.0,7.0,6.0,3.0,7.0,6.0,,,,,2.0,1.0,Completed,1.8,2.0,1.85,2.04,1.95,2.0,1.82,1.96,1.89,2.12,moutet c.,cazaux a.,atp_32,atp_68
48,Hangzhou,Hangzhou Open,9/20/2025,ATP250,Outdoor,Hard,2nd Round,3,Wu Y.,Korda S.,196,79.0,272,795.0,4.0,6.0,6.0,1.0,6.0,4.0,,,,,2.0,1.0,Completed,2.63,1.5,2.49,1.59,2.63,1.57,2.45,1.54,2.62,1.6,wu y.,korda s.,atp_118,atp_42
48,Hangzhou,Hangzhou Open,9/20/2025,ATP250,Outdoor,Hard,2nd Round,3,Etcheverry T.,Hijikata R.,63,111.0,890,583.0,6.0,1.0,6.0,4.0,,,,,,,2.0,0.0,Completed,1.5,2.63,1.56,2.59,1.53,2.63,1.51,2.54,1.56,2.74,etcheverry t.,hijikata r.,,atp_102
48,Hangzhou,Hangzhou Open,9/20/2025,ATP250,Outdoor,Hard,2nd Round,3,Royer V.,Rublev A.,88,14.0,677,2610.0,6.0,4.0,7.0,6.0,,,,,,,2.0,0.0,Completed,4.33,1.22,4.03,1.27,4.33,1.25,4.04,1.23,4.7,1.25,royer v.,rublev a.,atp_71,atp_16
48,Hangzhou,Hangzhou Open,9/20/2025,ATP250,Outdoor,Hard,2nd Round,3,Bublik A.,Vukic A.,19,93.0,2245,668.0,6.0,7.0,6.0,4.0,6.0,4.0,,,,,2.0,1.0,Completed,1.3,3.5,1.34,3.53,1.35,3.5,1.32,3.32,1.35,3.7,bublik a.,vukic a.,atp_11,atp_84
48,Hangzhou,Hangzhou Open,9/20/2025,ATP250,Outdoor,Hard,2nd Round,3,Svrcina D.,Zhang Zh.,99,192.0,641,275.0,6.0,4.0,6.0,3.0,,,,,,,2.0,0.0,Completed,2.2,1.67,2.19,1.75,2.25,1.71,2.16,1.67,2.28,1.75,svrcina d.,zhang z.,atp_110,atp_263
48,Hangzhou,Hangzhou Open,9/21/2025,ATP250,Outdoor,Hard,Quarterfinals,3,Moutet C.,Etcheverry T.,39,63.0,1146,890.0,3.0,6.0,3.0,0.0,,,,,,,0.0,1.0,Retired,2.3,1.62,2.1,1.81,2.35,1.73,2.15,1.68,2.2,1.81,moutet c.,etcheverry t.,atp_32,
48,Hangzhou,Hangzhou Open,9/21/2025,ATP250,Outdoor,Hard,Quarterfinals,3,Royer V.,Tien L.,88,54.0,677,945.0,7.0,6.0,4.0,6.0,6.0,2.0,,,,,2.0,1.0,Completed,2.3,1.62,2.53,1.58,2.4,1.62,2.36,1.57,2.58,1.61,royer v.,tien l.,atp_71,atp_22
48,Hangzhou,Hangzhou Open,9/21/2025,ATP250,Outdoor,Hard,Quarterfinals,3,Wu Y.,Medvedev D.,196,18.0,272,2370.0,5.0,7.0,7.0,6.0,6.0,4.0,,,,,2.0,1.0,Completed,3.5,1.3,3.64,1.33,3.75,1.3,3.58,1.28,3.75,1.35,wu y.,medvedev d.,atp_118,atp_10
48,Hangzhou,Hangzhou Open,9/21/2025,ATP250,Outdoor,Hard,Quarterfinals,3,Bublik A.,Svrcina D.,19,99.0,2245,641.0,6.0,1.0,6.0,1.0,,,,,,,2.0,0.0,Completed,1.3,3.5,1.33,3.64,1.33,3.7,1.3,3.45,1.37,3.65,bublik a.,svrcina d.,atp_11,atp_110
48,Hangzhou,Hangzhou Open,9/22/2025,ATP250,Outdoor,Hard,Semifinals,3,Royer V.,Moutet C.,88,39.0,677,1146.0,6.0,3.0,6.0,2.0,,,,,,,2.0,0.0,Completed,2.3,1.62,2.37,1.65,2.33,1.65,2.26,1.62,2.4,1.71,royer v.,moutet c.,atp_71,atp_32
48,Hangzhou,Hangzhou Open,9/22/2025,ATP250,Outdoor,Hard,Semifinals,3,Bublik A.,Wu Y.,19,196.0,2245,272.0,6.0,3.0,6.0,3.0,,,,,,,2.0,0.0,Completed,1.3,3.5,1.36,3.45,1.33,3.55,1.3,3.4,1.34,3.8,bublik a.,wu y.,atp_11,atp_118
48,Hangzhou,Hangzhou Open,9/23/2025,ATP250,Outdoor,Hard,The Final,3,Bublik A.,Royer V.,19,88.0,2245,677.0,7.0,6.0,7.0,6.0,,,,,,,2.0,0.0,Completed,1.25,4.0,1.28,4.15,1.26,4.1,1.25,3.92,1.3,4.2,bublik a.,royer v.,atp_11,atp_71
49,Beijing,China Open,9/25/2025,ATP500,Outdoor,Hard,1st Round,3,Muller A.,Khachanov K.,38,10.0,1168,3280.0,4.0,6.0,7.0,6.0,6.0,4.0,,,,,2.0,1.0,Completed,4.5,1.2,4.49,1.24,4.6,1.29,4.23,1.22,4.7,1.25,muller a.,khachanov k.,atp_94,atp_15
49,Beijing,China Open,9/25/2025,ATP500,Outdoor,Hard,1st Round,3,Marozsan F.,Bonzi B.,57,47.0,920,1083.0,7.0,6.0,6.0,3.0,,,,,,,2.0,0.0,Completed,1.62,2.3,1.65,2.36,1.66,2.34,1.62,2.26,1.72,2.34,marozsan f.,bonzi b.,atp_47,atp_103
49,Beijing,China Open,9/25/2025,ATP500,Outdoor,Hard,1st Round,3,Atmane T.,Zhang Zh.,68,370.0,839,135.0,6.0,4.0,6.0,2.0,,,,,,,2.0,0.0,Completed,1.57,2.38,1.58,2.49,1.57,2.6,1.52,2.49,1.59,2.6,atmane t.,zhang z.,atp_44,atp_263
49,Beijing,China Open,9/25/2025,ATP500,Outdoor,Hard,1st Round,3,Davidovich Fokina A.,Ugo Carabelli C.,20,43.0,2225,1123.0,6.0,1.0,6.0,3.0,,,,,,,2.0,0.0,Completed,1.13,6.0,1.16,5.97,1.17,6.0,1.15,5.33,1.18,6.2,davidovich fokina a.,ugo carabelli c.,atp_17,atp_67
49,Beijing,China Open,9/25/2025,ATP500,Outdoor,Hard,1st Round,3,Sinner J.,Cilic M.,2,97.0,10780,664.0,6.0,2.0,6.0,2.0,,,,,,,2.0,0.0,Completed,1.03,17.0,1.02,23.11,1.03,21.0,1.02,15.63,1.03,29.0,sinner j.,cilic m.,atp_2,atp_54
49,Beijing,China Open,9/26/2025,ATP500,Outdoor,Hard,1st Round,3,Mensik J.,Kecmanovic M.,19,46.0,2380,1086.0,7.0,5.0,6.0,4.0,,,,,,,2.0,0.0,Completed,1.5,2.63,1.51,2.73,1.5,2.75,1.48,2.62,1.52,2.88,mensik j.,kecmanovic m.,atp_26,atp_58
49,Beijing,China Open,9/26/2025,ATP500,Outdoor,Hard,1st Round,3,Cobolli F.,Rublev A.,25,14.0,2040,2610.0,7.0,6.0,6.0,3.0,,,,,,,2.0,0.0,Completed,2.75,1.44,2.96,1.45,2.9,1.47,2.82,1.42,3.15,1.45,cobolli f.,rublev a.,atp_13,atp_16
49,Beijing,China Open,9/26/2025,ATP500,Outdoor,Hard,1st Round,3,Rinderknech A.,Goffin D.,54,87.0,932,734.0,6.0,4.0,3.0,6.0,6.0,4.0,,,,,2.0,1.0,Completed,1.67,2.2,,,1.73,2.2,1.7,2.13,,,rinderknech a.,goffin d.,atp_27,atp_179
49,Beijing,China Open,9/26/2025,ATP500,Outdoor,Hard,1st Round,3,De Minaur A.,Bu Y.,8,89.0,3545,721.0,6.0,4.0,6.0,0.0,,,,,,,2.0,0.0,Completed,1.2,4.5,1.22,4.85,1.22,4.75,1.19,4.6,1.23,5.3,de minaur a.,bu y.,atp_6,
49,Beijing,China Open,9/26/2025,ATP500,Outdoor,Hard,1st Round,3,Cazaux A.,Shang J.,80,238.0,782,235.0,0.0,6.0,7.0,6.0,7.0,5.0,,,,,2.0,1.0,Completed,2,1.8,1.89,1.99,2.0,1.91,1.93,1.84,1.96,2.0,cazaux a.,shang j.,atp_68,atp_262
49,Beijing,China Open,9/26/2025,ATP500,Outdoor,Hard,1st Round,3,Tien L.,Cerundolo F.,52,21.0,985,2135.0,4.0,6.0,6.0,3.0,6.0,4.0,,,,,2.0,1.0,Completed,2.2,1.67,2.12,1.79,2.2,1.85,2.08,1.73,2.22,1.81,tien l.,cerundolo f.,atp_22,atp_20
49,Beijing,China Open,9/26/2025,ATP500,Outdoor,Hard,1st Round,3,Medvedev D.,Norrie C.,18,34.0,2410,1397.0,6.0,3.0,6.0,4.0,,,,,,,2.0,0.0,Completed,1.3,3.5,1.29,3.91,1.4,3.5,1.32,3.34,1.34,3.8,medvedev d.,norrie c.,atp_10,atp_24
49,Beijing,China Open,9/26/2025,ATP500,Outdoor,Hard,1st Round,3,Mannarino A.,Bublik A.,60,16.0,897,2445.0,6.0,3.0,6.0,2.0,,,,,,,2.0,0.0,Completed,3,1.4,3.18,1.4,3.0,1.5,2.87,1.41,3.25,1.42,mannarino a.,bublik a.,atp_43,atp_11
49,Beijing,China Open,9/26/2025,ATP500,Outdoor,Hard,1st Round,3,Moutet C.,Griekspoor T.,37,31.0,1233,1565.0,6.0,4.0,7.0,5.0,,,,,,,2.0,0.0,Completed,1.73,2.1,1.79,2.12,1.73,2.25,1.7,2.12,1.85,2.16,moutet c.,griekspoor t.,atp_32,atp_30
49,Beijing,China Open,9/26/2025,ATP500,Outdoor,Hard,1st Round,3,Musetti L.,Mpetshi G.,9,36.0,3505,1275.0,7.0,6.0,6.0,7.0,6.0,4.0,,,,,2.0,1.0,Completed,1.33,3.4,1.36,3.42,1.36,3.75,1.34,3.25,1.35,3.7,musetti l.,mpetshi perricard g.,atp_5,atp_57
49,Beijing,China Open,9/26/2025,ATP500,Outdoor,Hard,1st Round,3,Zverev A.,Sonego L.,3,44.0,5930,1105.0,6.0,4.0,6.0,3.0,,,,,,,2.0,0.0,Completed,1.25,4.0,1.27,4.12,1.27,5.25,1.23,4.06,1.28,4.4,zverev a.,sonego l.,atp_3,atp_63
49,Beijing,China Open,9/27/2025,ATP500,Outdoor,Hard,2nd Round,3,Marozsan F.,Muller A.,57,38.0,920,1168.0,6.0,3.0,7.0,6.0,,,,,,,2.0,0.0,Completed,1.57,2.38,1.64,2.42,1.62,2.38,1.59,2.29,1.67,2.44,marozsan f.,muller a.,atp_47,atp_94
49,Beijing,China Open,9/27/2025,ATP500,Outdoor,Hard,2nd Round,3,De Minaur A.,Rinderknech A.,8,54.0,3545,932.0,6.0,3.0,3.0,6.0,7.0,6.0,,,,,2.0,1.0,Completed,1.07,9.0,1.11,8.03,1.12,9.0,1.1,6.96,1.13,8.2,de minaur a.,rinderknech a.,atp_6,atp_27
49,Beijing,China Open,9/27/2025,ATP500,Outdoor,Hard,2nd Round,3,Sinner J.,Atmane T.,2,68.0,10780,839.0,6.0,4.0,5.0,7.0,6.0,0.0,,,,,2.0,1.0,Completed,1.04,13.0,1.02,19.03,1.05,13.0,1.04,10.92,1.05,17.5,sinner j.,atmane t.,atp_2,atp_44
49,Beijing,China Open,9/27/2025,ATP500,Outdoor,Hard,2nd Round,3,Mensik J.,Cazaux A.,19,80.0,2380,782.0,6.0,3.0,2.0,6.0,6.0,4.0,,,,,2.0,1.0,Completed,1.44,2.75,1.45,2.98,1.46,2.9,1.43,2.78,1.48,3.0,mensik j.,cazaux a.,atp_26,atp_68
49,Beijing,China Open,9/28/2025,ATP500,Outdoor,Hard,2nd Round,3,Tien L.,Cobolli F.,52,25.0,985,2040.0,6.0,3.0,6.0,2.0,,,,,,,2.0,0.0,Completed,2.5,1.53,2.47,1.61,2.5,1.57,2.37,1.56,2.48,1.66,tien l.,cobolli f.,atp_22,atp_13
49,Beijing,China Open,9/28/2025,ATP500,Outdoor,Hard,2nd Round,3,Musetti L.,Mannarino A.,9,60.0,3505,897.0,6.0,3.0,6.0,3.0,,,,,,,2.0,0.0,Completed,1.44,2.75,1.53,2.7,1.5,2.8,1.44,2.7,1.55,2.78,musetti l.,mannarino a.,atp_5,atp_43
49,Beijing,China Open,9/28/2025,ATP500,Outdoor,Hard,2nd Round,3,Medvedev D.,Davidovich Fokina A.,18,20.0,2410,2225.0,6.0,3.0,6.0,3.0,,,,,,,2.0,0.0,Completed,1.67,2.2,1.75,2.21,1.73,2.2,1.7,2.12,1.75,2.3,medvedev d.,davidovich fokina a.,atp_10,atp_17
49,Beijing,China Open,9/28/2025,ATP500,Outdoor,Hard,2nd Round,3,Zverev A.,Moutet C.,3,37.0,5930,1233.0,7.0,5.0,3.0,6.0,6.0,3.0,,,,,2.0,1.0,Completed,1.17,5.0,1.21,5.15,1.21,5.0,1.19,4.65,1.21,5.6,zverev a.,moutet c.,atp_3,atp_32
49,Beijing,China Open,9/29/2025,ATP500,Outdoor,Hard,Quarterfinals,3,De Minaur A.,Mensik J.,8,19.0,3545,2380.0,4.0,1.0,,,,,,,,,0.0,0.0,Retired,1.4,3.0,1.47,2.9,1.45,3.0,1.42,2.84,1.43,3.25,de minaur a.,mensik j.,atp_6,atp_26
49,Beijing,China Open,9/29/2025,ATP500,Outdoor,Hard,Quarterfinals,3,Sinner J.,Marozsan F.,2,57.0,10780,920.0,6.0,1.0,7.0,5.0,,,,,,,2.0,0.0,Completed,1.04,13.0,,,1.05,14.0,1.04,10.73,1.04,22.0,sinner j.,marozsan f.,atp_2,atp_47
49,Beijing,China Open,9/29/2025,ATP500,Outdoor,Hard,Quarterfinals,3,Tien L.,Musetti L.,52,9.0,985,3505.0,4.0,6.0,6.0,3.0,3.0,0.0,,,,,1.0,1.0,Retired,3.2,1.36,3.26,1.39,3.3,1.4,3.14,1.36,3.45,1.4,tien l.,musetti l.,atp_22,atp_5
49,Beijing,China Open,9/29/2025,ATP500,Outdoor,Hard,Quarterfinals,3,Medvedev D.,Zverev A.,18,3.0,2410,5930.0,6.0,3.0,6.0,3.0,,,,,,,2.0,0.0,Completed,1.8,2.0,1.86,2.03,1.91,2.12,1.78,2.01,1.8,2.2,medvedev d.,zverev a.,atp_10,atp_3
49,Beijing,China Open,9/30/2025,ATP500,Outdoor,Hard,Semifinals,3,Sinner J.,De Minaur A.,2,8.0,10780,3545.0,6.0,3.0,4.0,6.0,6.0,2.0,,,,,2.0,1.0,Completed,1.11,6.5,1.16,6.18,1.14,6.5,1.12,6.0,1.15,7.2,sinner j.,de minaur a.,atp_2,atp_6
49,Beijing,China Open,9/30/2025,ATP500,Outdoor,Hard,Semifinals,3,Tien L.,Medvedev D.,52,18.0,985,2410.0,5.0,7.0,7.0,5.0,4.0,0.0,,,,,1.0,1.0,Retired,3.5,1.3,3.52,1.34,4.0,1.32,3.55,1.29,4.0,1.32,tien l.,medvedev d.,atp_22,atp_10
49,Beijing,China Open,10/1/2025,ATP500,Outdoor,Hard,The Final,3,Sinner J.,Tien L.,2,52.0,10780,985.0,6.0,2.0,6.0,2.0,,,,,,,2.0,0.0,Completed,1.03,15.0,,,1.05,15.0,1.03,12.08,1.04,23.0,sinner j.,tien l.,atp_2,atp_22
50,Tokyo,Japan Open Tennis Championships,9/24/2025,ATP500,Outdoor,Hard,1st Round,3,Berrettini M.,Munar J.,56,40.0,925,1138.0,6.0,4.0,6.0,2.0,,,,,,,2.0,0.0,Completed,2.3,1.62,2.26,1.71,2.33,1.64,2.27,1.61,2.4,1.68,berrettini m.,munar j.,atp_91,atp_37
50,Tokyo,Japan Open Tennis Championships,9/24/2025,ATP500,Outdoor,Hard,1st Round,3,Borges N.,Watanuki Y.,51,147.0,995,401.0,2.0,6.0,6.0,4.0,6.0,1.0,,,,,2.0,1.0,Completed,1.57,2.38,1.68,2.31,1.62,2.4,1.59,2.32,1.67,2.44,borges n.,watanuki y.,atp_48,atp_233
50,Tokyo,Japan Open Tennis Championships,9/24/2025,ATP500,Outdoor,Hard,1st Round,3,Altmaier D.,Shapovalov D.,50,26.0,1003,1838.0,7.0,5.0,6.0,3.0,,,,,,,2.0,0.0,Completed,3.4,1.33,3.61,1.33,3.5,1.34,3.29,1.33,3.65,1.37,altmaier d.,shapovalov d.,atp_52,atp_38
50,Tokyo,Japan Open Tennis Championships,9/24/2025,ATP500,Outdoor,Hard,1st Round,3,Fucsovics M.,Tiafoe F.,58,29.0,916,1640.0,3.0,6.0,6.0,1.0,7.0,5.0,,,,,2.0,1.0,Completed,1.8,2.0,1.69,2.25,1.83,2.06,1.79,2.0,1.88,2.12,fucsovics m.,tiafoe f.,atp_51,atp_18
50,Tokyo,Japan Open Tennis Championships,9/25/2025,ATP500,Outdoor,Hard,1st Round,3,Brooksby J.,Humbert U.,86,24.0,737,2045.0,7.0,6.0,6.0,3.0,,,,,,,2.0,0.0,Completed,2.5,1.53,2.18,1.76,2.5,1.64,2.32,1.59,2.44,1.64,brooksby j.,humbert u.,atp_41,atp_34
50,Tokyo,Japan Open Tennis Championships,9/25/2025,ATP500,Outdoor,Hard,1st Round,3,Darderi L.,Nishioka Y.,30,157.0,1584,374.0,7.0,6.0,6.0,3.0,,,,,,,2.0,0.0,Completed,1.62,2.3,1.71,2.25,1.67,2.3,1.64,2.24,1.67,2.38,darderi l.,nishioka y.,atp_19,atp_173
50,Tokyo,Japan Open Tennis Championships,9/25/2025,ATP500,Outdoor,Hard,1st Round,3,Korda S.,Giron M.,74,48.0,820,1040.0,4.0,6.0,6.0,3.0,7.0,6.0,,,,,2.0,1.0,Completed,1.53,2.5,1.58,2.52,1.57,2.5,1.54,2.44,1.64,2.52,korda s.,giron m.,atp_42,atp_66
50,Tokyo,Japan Open Tennis Championships,9/25/2025,ATP500,Outdoor,Hard,1st Round,3,Shimabukuro S.,Machac T.,273,22.0,198,2110.0,6.0,3.0,7.0,6.0,,,,,,,2.0,0.0,Completed,3.5,1.3,3.64,1.33,4.0,1.3,3.55,1.29,4.1,1.31,shimabukuro s.,machac t.,atp_111,atp_55
50,Tokyo,Japan Open Tennis Championships,9/25/2025,ATP500,Outdoor,Hard,1st Round,3,Fritz T.,Diallo G.,5,35.0,4675,1308.0,4.0,6.0,6.0,3.0,7.0,6.0,,,,,2.0,1.0,Completed,1.29,3.75,1.27,4.11,1.29,3.9,1.27,3.72,1.29,4.2,fritz t.,diallo g.,atp_8,atp_36
50,Tokyo,Japan Open Tennis Championships,9/25/2025,ATP500,Outdoor,Hard,1st Round,3,Vukic A.,Dzumhur D.,95,66.0,668,868.0,6.0,4.0,3.0,6.0,6.0,3.0,,,,,2.0,1.0,Completed,1.53,2.5,1.55,2.6,1.53,2.75,1.5,2.55,1.54,2.78,vukic a.,dzumhur d.,atp_84,atp_74
50,Tokyo,Japan Open Tennis Championships,9/25/2025,ATP500,Outdoor,Hard,1st Round,3,Nakashima B.,Thompson J.,33,78.0,1420,795.0,6.0,7.0,7.0,6.0,6.0,2.0,,,,,2.0,1.0,Completed,1.44,2.75,1.5,2.77,1.45,2.9,1.42,2.79,1.46,3.1,nakashima b.,thompson j.,atp_33,atp_131
50,Tokyo,Japan Open Tennis Championships,9/25/2025,ATP500,Outdoor,Hard,1st Round,3,Quinn E.,Michelsen A.,81,32.0,773,1485.0,7.0,5.0,6.0,2.0,,,,,,,2.0,0.0,Completed,2.3,1.62,2.49,1.6,2.3,1.72,2.2,1.66,2.2,1.81,quinn e.,michelsen a.,atp_56,atp_35
50,Tokyo,Japan Open Tennis Championships,9/25/2025,ATP500,Outdoor,Hard,1st Round,3,Ruud C.,Mochizuki S.,12,106.0,2755,607.0,4.0,6.0,6.0,1.0,6.0,1.0,,,,,2.0,1.0,Completed,1.33,3.4,1.41,3.11,1.4,3.4,1.37,3.06,1.43,3.25,ruud c.,mochizuki s.,atp_12,atp_127
50,Tokyo,Japan Open Tennis Championships,9/25/2025,ATP500,Outdoor,Hard,1st Round,3,Bergs Z.,Tabilo A.,45,72.0,1089,826.0,1.0,6.0,7.0,6.0,7.0,6.0,,,,,2.0,1.0,Completed,1.73,2.1,1.8,2.11,1.78,2.12,1.72,2.09,1.83,2.18,bergs z.,tabilo a.,atp_46,atp_39
50,Tokyo,Japan Open Tennis Championships,9/25/2025,ATP500,Outdoor,Hard,1st Round,3,Rune H.,Medjedovic H.,11,63.0,3090,883.0,7.0,6.0,6.0,1.0,,,,,,,2.0,0.0,Completed,1.62,2.3,1.65,2.37,1.65,2.3,1.62,2.25,1.66,2.46,rune h.,medjedovic h.,atp_29,atp_81
50,Tokyo,Japan Open Tennis Championships,9/25/2025,ATP500,Outdoor,Hard,1st Round,3,Alcaraz C.,Baez S.,1,41.0,11540,1135.0,6.0,4.0,6.0,2.0,,,,,,,2.0,0.0,Completed,1.02,19.0,,,1.02,23.0,1.01,17.87,1.01,50.0,alcaraz c.,baez s.,atp_1,atp_50
50,Tokyo,Japan Open Tennis Championships,9/26/2025,ATP500,Outdoor,Hard,2nd Round,3,Vukic A.,Altmaier D.,95,50.0,668,1003.0,6.0,4.0,6.0,2.0,,,,,,,2.0,0.0,Completed,2.1,1.73,1.95,1.93,2.1,1.9,1.95,1.82,2.04,1.94,vukic a.,altmaier d.,atp_84,atp_52
50,Tokyo,Japan Open Tennis Championships,9/26/2025,ATP500,Outdoor,Hard,2nd Round,3,Korda S.,Shimabukuro S.,74,273.0,820,198.0,6.0,1.0,6.0,4.0,,,,,,,2.0,0.0,Completed,1.33,3.4,1.37,3.34,1.34,3.4,1.33,3.25,1.37,3.6,korda s.,shimabukuro s.,atp_42,atp_111
50,Tokyo,Japan Open Tennis Championships,9/26/2025,ATP500,Outdoor,Hard,2nd Round,3,Fritz T.,Borges N.,5,51.0,4675,995.0,7.0,5.0,7.0,6.0,,,,,,,2.0,0.0,Completed,1.14,5.5,1.2,5.19,1.19,5.5,1.16,5.07,1.21,5.5,fritz t.,borges n.,atp_8,atp_48
50,Tokyo,Japan Open Tennis Championships,9/26/2025,ATP500,Outdoor,Hard,2nd Round,3,Ruud C.,Berrettini M.,12,56.0,2755,925.0,7.0,6.0,6.0,2.0,,,,,,,2.0,0.0,Completed,1.67,2.2,1.71,2.27,1.68,2.23,1.66,2.2,1.72,2.36,ruud c.,berrettini m.,atp_12,atp_91
50,Tokyo,Japan Open Tennis Championships,9/27/2025,ATP500,Outdoor,Hard,2nd Round,3,Brooksby J.,Darderi L.,86,30.0,737,1584.0,7.0,6.0,6.0,1.0,,,,,,,2.0,0.0,Completed,1.5,2.63,1.57,2.57,1.53,2.63,1.52,2.5,1.59,2.6,brooksby j.,darderi l.,atp_41,atp_19
50,Tokyo,Japan Open Tennis Championships,9/27/2025,ATP500,Outdoor,Hard,2nd Round,3,Nakashima B.,Fucsovics M.,33,58.0,1420,916.0,7.0,5.0,6.0,3.0,,,,,,,2.0,0.0,Completed,1.73,2.1,1.8,2.14,1.78,2.1,1.75,2.06,1.84,2.18,nakashima b.,fucsovics m.,atp_33,atp_51
50,Tokyo,Japan Open Tennis Championships,9/27/2025,ATP500,Outdoor,Hard,2nd Round,3,Rune H.,Quinn E.,11,81.0,3090,773.0,6.0,4.0,6.0,2.0,,,,,,,2.0,0.0,Completed,1.36,3.2,1.42,3.12,1.4,3.2,1.36,3.08,1.41,3.3,rune h.,quinn e.,atp_29,atp_56
50,Tokyo,Japan Open Tennis Championships,9/27/2025,ATP500,Outdoor,Hard,2nd Round,3,Alcaraz C.,Bergs Z.,1,45.0,11540,1089.0,6.0,4.0,6.0,3.0,,,,,,,2.0,0.0,Completed,1.04,13.0,,,1.06,13.0,1.04,10.71,1.06,16.0,alcaraz c.,bergs z.,atp_1,atp_46
50,Tokyo,Japan Open Tennis Championships,9/28/2025,ATP500,Outdoor,Hard,Quarterfinals,3,Fritz T.,Korda S.,5,74.0,4675,820.0,6.0,3.0,6.0,7.0,6.0,3.0,,,,,2.0,1.0,Completed,1.33,3.4,1.39,3.3,1.35,3.4,1.34,3.23,1.39,3.5,fritz t.,korda s.,atp_8,atp_42
50,Tokyo,Japan Open Tennis Championships,9/28/2025,ATP500,Outdoor,Hard,Quarterfinals,3,Brooksby J.,Rune H.,86,11.0,737,3090.0,6.0,3.0,6.0,3.0,,,,,,,2.0,0.0,Completed,3,1.4,2.91,1.46,3.0,1.47,2.8,1.42,3.05,1.47,brooksby j.,rune h.,atp_41,atp_29
50,Tokyo,Japan Open Tennis Championships,9/28/2025,ATP500,Outdoor,Hard,Quarterfinals,3,Ruud C.,Vukic A.,12,95.0,2755,668.0,6.0,3.0,6.0,2.0,,,,,,,2.0,0.0,Completed,1.33,3.4,1.34,3.59,1.35,3.4,1.33,3.3,1.35,3.75,ruud c.,vukic a.,atp_12,atp_84
50,Tokyo,Japan Open Tennis Championships,9/28/2025,ATP500,Outdoor,Hard,Quarterfinals,3,Alcaraz C.,Nakashima B.,1,33.0,11540,1420.0,6.0,2.0,6.0,4.0,,,,,,,2.0,0.0,Completed,1.08,8.0,1.08,8.42,1.08,8.5,1.07,7.98,1.1,10.0,alcaraz c.,nakashima b.,atp_1,atp_33
50,Tokyo,Japan Open Tennis Championships,9/29/2025,ATP500,Outdoor,Hard,Semifinals,3,Fritz T.,Brooksby J.,5,86.0,4675,737.0,6.0,4.0,6.0,3.0,,,,,,,2.0,0.0,Completed,1.25,4.0,1.32,3.65,1.3,4.0,1.28,3.66,1.32,4.0,fritz t.,brooksby j.,atp_8,atp_41
50,Tokyo,Japan Open Tennis Championships,9/29/2025,ATP500,Outdoor,Hard,Semifinals,3,Alcaraz C.,Ruud C.,1,12.0,11540,2755.0,3.0,6.0,6.0,3.0,6.0,4.0,,,,,2.0,1.0,Completed,1.11,6.5,1.13,7.27,1.12,7.0,1.11,6.47,1.13,8.4,alcaraz c.,ruud c.,atp_1,atp_12
50,Tokyo,Japan Open Tennis Championships,9/30/2025,ATP500,Outdoor,Hard,The Final,3,Alcaraz C.,Fritz T.,1,5.0,11540,4675.0,6.0,4.0,6.0,4.0,,,,,,,2.0,0.0,Completed,1.25,4.0,1.23,4.59,1.29,4.1,1.26,3.87,1.3,4.3,alcaraz c.,fritz t.,atp_1,atp_8
51,Shanghai,Shanghai Masters,10/1/2025,Masters 1000,Outdoor,Hard,1st Round,3,Bellucci M.,Walton A.,69,77.0,857,802.0,7.0,6.0,6.0,1.0,,,,,,,2.0,0.0,Completed,1.8,2.0,1.89,2.0,1.8,2.04,1.79,1.99,1.87,2.12,bellucci m.,walton a.,atp_73,atp_105
51,Shanghai,Shanghai Masters,10/1/2025,Masters 1000,Outdoor,Hard,1st Round,3,Nardi L.,Ofner S.,88,138.0,727,453.0,3.0,6.0,6.0,3.0,6.0,2.0,,,,,2.0,1.0,Completed,1.67,2.2,1.66,2.34,1.67,2.3,1.61,2.26,1.68,2.46,nardi l.,ofner s.,atp_140,atp_78
51,Shanghai,Shanghai Masters,10/1/2025,Masters 1000,Outdoor,Hard,1st Round,3,Munar J.,Fucsovics M.,41,53.0,1138,984.0,4.0,6.0,7.0,5.0,6.0,1.0,,,,,2.0,1.0,Completed,2.1,1.73,2.04,1.85,2.1,1.79,2.07,1.73,2.3,1.75,munar j.,fucsovics m.,atp_37,atp_51
51,Shanghai,Shanghai Masters,10/1/2025,Masters 1000,Outdoor,Hard,1st Round,3,Goffin D.,Muller A.,83,39.0,759,1205.0,6.0,7.0,6.0,1.0,6.0,1.0,,,,,2.0,1.0,Completed,2,1.8,1.95,1.93,2.0,1.85,1.97,1.81,2.12,1.89,goffin d.,muller a.,atp_179,atp_94
51,Shanghai,Shanghai Masters,10/1/2025,Masters 1000,Outdoor,Hard,1st Round,3,Thompson J.,Holmgren A.,85,178.0,745,315.0,4.0,6.0,6.0,3.0,6.0,4.0,,,,,2.0,1.0,Completed,1.4,3.0,1.41,3.1,1.45,3.0,1.43,2.75,1.5,2.96,thompson j.,holmgren a.,atp_131,atp_191
51,Shanghai,Shanghai Masters,10/1/2025,Masters 1000,Outdoor,Hard,1st Round,3,Altmaier D.,Schoolkate T.,49,96.0,1043,654.0,6.0,3.0,6.0,4.0,,,,,,,2.0,0.0,Completed,2,1.8,1.97,1.9,2.0,1.84,1.95,1.82,2.02,1.97,altmaier d.,schoolkate t.,atp_52,atp_119
51,Shanghai,Shanghai Masters,10/1/2025,Masters 1000,Outdoor,Hard,1st Round,3,Mannarino A.,Berrettini M.,60,59.0,922,925.0,7.0,5.0,7.0,6.0,,,,,,,2.0,0.0,Completed,2.2,1.67,2.32,1.67,2.25,1.7,2.2,1.65,2.38,1.68,mannarino a.,berrettini m.,atp_43,atp_91
51,Shanghai,Shanghai Masters,10/1/2025,Masters 1000,Outdoor,Hard,1st Round,3,Cilic M.,Basilashvili N.,94,100.0,664,618.0,6.0,3.0,7.0,6.0,,,,,,,2.0,0.0,Completed,2,1.8,2.01,1.86,2.05,1.81,2.0,1.77,2.1,1.88,cilic m.,basilashvili n.,atp_54,atp_129
51,Shanghai,Shanghai Masters,10/1/2025,Masters 1000,Outdoor,Hard,1st Round,3,Nishioka Y.,Shevchenko A.,173,89.0,324,727.0,6.0,1.0,6.0,2.0,,,,,,,2.0,0.0,Completed,1.67,2.2,1.72,2.23,1.73,2.2,1.71,2.11,1.85,2.12,nishioka y.,shevchenko a.,atp_173,atp_76
51,Shanghai,Shanghai Masters,10/1/2025,Masters 1000,Outdoor,Hard,1st Round,3,Vacherot V.,Djere L.,204,82.0,263,766.0,6.0,3.0,6.0,4.0,,,,,,,2.0,0.0,Completed,1.53,2.5,1.55,2.61,1.53,2.6,1.51,2.51,1.56,2.72,vacherot v.,djere l.,atp_23,atp_204
51,Shanghai,Shanghai Masters,10/1/2025,Masters 1000,Outdoor,Hard,1st Round,3,Bergs Z.,Korda S.,44,63.0,1129,910.0,6.0,4.0,7.0,5.0,,,,,,,2.0,0.0,Completed,3,1.4,2.88,1.47,3.0,1.42,2.84,1.41,3.15,1.46,bergs z.,korda s.,atp_46,atp_42
51,Shanghai,Shanghai Masters,10/1/2025,Masters 1000,Outdoor,Hard,1st Round,3,Baez S.,Zhang Zh.,42,368.0,1135,135.0,2.0,6.0,6.0,3.0,6.0,4.0,,,,,2.0,1.0,Completed,2,1.8,2.22,1.72,2.1,1.84,2.04,1.76,2.16,1.84,baez s.,zhang z.,atp_50,atp_263
51,Shanghai,Shanghai Masters,10/1/2025,Masters 1000,Outdoor,Hard,1st Round,3,Hanfmann Y.,Sonego L.,150,46.0,394,1105.0,2.0,6.0,6.0,3.0,6.0,1.0,,,,,2.0,1.0,Completed,2.3,1.62,2.38,1.64,2.34,1.67,2.24,1.63,2.34,1.73,hanfmann y.,sonego l.,atp_61,atp_63
51,Shanghai,Shanghai Masters,10/1/2025,Masters 1000,Outdoor,Hard,1st Round,3,Marozsan F.,Wawrinka S.,52,131.0,1010,502.0,6.0,1.0,4.0,6.0,6.0,4.0,,,,,2.0,1.0,Completed,1.4,3.0,1.43,3.01,1.42,3.0,1.4,2.88,1.47,3.05,marozsan f.,wawrinka s.,atp_47,atp_98
51,Shanghai,Shanghai Masters,10/2/2025,Masters 1000,Outdoor,Hard,1st Round,3,Ugo Carabelli C.,Atmane T.,45,61.0,1123,914.0,4.0,4.0,,,,,,,,,0.0,0.0,Retired,4.5,1.2,4.13,1.27,4.5,1.24,4.25,1.21,4.3,1.28,ugo carabelli c.,atmane t.,atp_67,atp_44
51,Shanghai,Shanghai Masters,10/2/2025,Masters 1000,Outdoor,Hard,1st Round,3,Svrcina D.,Wu Y.,91,159.0,684,372.0,7.0,5.0,,,,,,,,,1.0,0.0,Retired,2.38,1.57,2.38,1.64,2.45,1.62,2.32,1.58,2.44,1.69,svrcina d.,wu y.,atp_110,atp_118
51,Shanghai,Shanghai Masters,10/2/2025,Masters 1000,Outdoor,Hard,1st Round,3,Borges N.,Van De Zandschulp B.,51,84.0,1020,747.0,7.0,6.0,7.0,6.0,,,,,,,2.0,0.0,Completed,1.8,2.0,1.9,1.99,2.0,2.0,1.83,1.95,1.85,2.16,borges n.,van de zandschulp b.,atp_48,atp_62
51,Shanghai,Shanghai Masters,10/2/2025,Masters 1000,Outdoor,Hard,1st Round,3,Comesana F.,Blanchet U.,62,151.0,912,390.0,6.0,4.0,6.0,2.0,,,,,,,2.0,0.0,Completed,1.8,2.0,1.79,2.12,1.8,2.05,1.78,2.0,1.86,2.16,comesana f.,blanchet u.,atp_87,atp_157
51,Shanghai,Shanghai Masters,10/2/2025,Masters 1000,Outdoor,Hard,1st Round,3,Brooksby J.,Trotter J.K.,57,213.0,937,257.0,7.0,6.0,6.0,1.0,,,,,,,2.0,0.0,Completed,1.29,3.75,1.33,3.59,1.3,3.75,1.29,3.54,1.3,4.2,brooksby j.,trotter j.,atp_41,atp_349
51,Shanghai,Shanghai Masters,10/2/2025,Masters 1000,Outdoor,Hard,1st Round,3,O Connell C.,Dzumhur D.,109,67.0,582,868.0,6.0,2.0,6.0,4.0,,,,,,,2.0,0.0,Completed,1.62,2.3,1.67,2.32,1.73,2.3,1.62,2.24,1.68,2.44,oconnell c.,dzumhur d.,atp_128,atp_74
51,Shanghai,Shanghai Masters,10/2/2025,Masters 1000,Outdoor,Hard,1st Round,3,Bonzi B.,Opelka R.,48,64.0,1075,895.0,7.0,6.0,6.0,4.0,,,,,,,2.0,0.0,Completed,2,1.8,2.07,1.83,2.05,1.81,2.0,1.78,2.12,1.86,bonzi b.,opelka r.,atp_103,atp_64
51,Shanghai,Shanghai Masters,10/2/2025,Masters 1000,Outdoor,Hard,1st Round,3,Majchrzak K.,Quinn E.,66,72.0,868,836.0,6.0,3.0,6.0,4.0,,,,,,,2.0,0.0,Completed,2.2,1.67,2.19,1.75,2.2,1.73,2.13,1.68,2.32,1.74,majchrzak k.,quinn e.,atp_53,atp_56
51,Shanghai,Shanghai Masters,10/2/2025,Masters 1000,Outdoor,Hard,1st Round,3,De Jong J.,Zhou Y.,81,308.0,772,170.0,6.0,7.0,6.0,2.0,7.0,6.0,,,,,2.0,1.0,Completed,1.44,2.75,1.52,2.69,1.5,2.75,1.48,2.63,1.52,2.84,de jong j.,zhou y.,atp_99,atp_223
51,Shanghai,Shanghai Masters,10/2/2025,Masters 1000,Outdoor,Hard,1st Round,3,Cazaux A.,Martinez P.,70,73.0,843,833.0,6.0,3.0,3.0,6.0,7.0,5.0,,,,,2.0,1.0,Completed,1.17,5.0,1.22,4.84,1.2,5.0,1.18,4.64,1.24,5.0,cazaux a.,martinez p.,atp_68,atp_113
51,Shanghai,Shanghai Masters,10/2/2025,Masters 1000,Outdoor,Hard,1st Round,3,Royer V.,Navone M.,76,86.0,805,745.0,3.0,6.0,6.0,4.0,6.0,4.0,,,,,2.0,1.0,Completed,1.4,3.0,1.45,2.96,1.45,3.0,1.41,2.83,1.47,3.05,royer v.,navone m.,atp_71,atp_60
51,Shanghai,Shanghai Masters,10/2/2025,Masters 1000,Outdoor,Hard,1st Round,3,Tabilo A.,Giron M.,74,50.0,826,1040.0,6.0,4.0,6.0,3.0,,,,,,,2.0,0.0,Completed,1.73,2.1,1.83,2.07,1.79,2.1,1.74,2.06,1.83,2.18,tabilo a.,giron m.,atp_39,atp_66
51,Shanghai,Shanghai Masters,10/2/2025,Masters 1000,Outdoor,Hard,1st Round,3,Halys Q.,McDonald M.,75,99.0,809,642.0,6.0,3.0,6.0,2.0,,,,,,,2.0,0.0,Completed,2.5,1.53,2.49,1.6,2.5,1.57,2.42,1.55,2.62,1.6,halys q.,mcdonald m.,atp_90,atp_125
51,Shanghai,Shanghai Masters,10/2/2025,Masters 1000,Outdoor,Hard,1st Round,3,Shang J.,Kovacevic A.,237,68.0,235,862.0,6.0,4.0,3.0,6.0,6.0,3.0,,,,,2.0,1.0,Completed,1.44,2.75,1.45,2.96,1.47,2.88,1.43,2.73,1.54,2.82,shang j.,kovacevic a.,atp_262,atp_85
51,Shanghai,Shanghai Masters,10/2/2025,Masters 1000,Outdoor,Hard,1st Round,3,Rinderknech A.,Medjedovic H.,54,65.0,982,872.0,6.0,7.0,1.0,0.0,,,,,,,0.0,1.0,Retired,2.1,1.73,2.34,1.66,2.28,1.73,2.15,1.68,2.24,1.79,rinderknech a.,medjedovic h.,atp_27,atp_81
51,Shanghai,Shanghai Masters,10/2/2025,Masters 1000,Outdoor,Hard,1st Round,3,Arnaldi M.,Sakamoto R.,71,188.0,838,292.0,7.0,6.0,6.0,4.0,,,,,,,2.0,0.0,Completed,1.57,2.38,1.63,2.4,1.6,2.5,1.57,2.34,1.63,2.58,arnaldi m.,sakamoto r.,atp_107,atp_166
51,Shanghai,Shanghai Masters,10/2/2025,Masters 1000,Outdoor,Hard,1st Round,3,Bu Y.,Cerundolo J.M.,121,87.0,531,742.0,6.0,3.0,6.0,7.0,6.0,3.0,,,,,2.0,1.0,Completed,1.53,2.5,1.55,2.61,1.56,2.63,1.51,2.51,1.59,2.66,bu y.,cerundolo j.,,
51,Shanghai,Shanghai Masters,10/3/2025,Masters 1000,Outdoor,Hard,1st Round,3,Tien L.,Kecmanovic M.,36,47.0,1303,1086.0,4.0,6.0,6.0,3.0,6.0,4.0,,,,,2.0,1.0,Completed,1.91,1.91,1.89,2.0,1.92,1.95,1.87,1.9,1.94,2.04,tien l.,kecmanovic m.,atp_22,atp_58
51,Shanghai,Shanghai Masters,10/3/2025,Masters 1000,Outdoor,Hard,2nd Round,3,Goffin D.,Shelton B.,83,6.0,759,4190.0,6.0,2.0,6.0,4.0,,,,,,,2.0,0.0,Completed,3.75,1.29,3.1,1.41,3.75,1.34,3.4,1.31,3.95,1.32,goffin d.,shelton b.,atp_179,atp_9
51,Shanghai,Shanghai Masters,10/3/2025,Masters 1000,Outdoor,Hard,2nd Round,3,Diallo G.,Bonzi B.,35,48.0,1308,1075.0,6.0,4.0,6.0,4.0,,,,,,,2.0,0.0,Completed,1.5,2.63,1.57,2.52,1.54,2.63,1.51,2.52,1.61,2.62,diallo g.,bonzi b.,atp_36,atp_103
51,Shanghai,Shanghai Masters,10/3/2025,Masters 1000,Outdoor,Hard,2nd Round,3,Hanfmann Y.,Tiafoe F.,150,28.0,394,1640.0,6.0,7.0,6.0,2.0,6.0,1.0,,,,,2.0,1.0,Completed,2.5,1.53,2.37,1.65,2.63,1.58,2.39,1.55,2.66,1.58,hanfmann y.,tiafoe f.,atp_61,atp_18
51,Shanghai,Shanghai Masters,10/3/2025,Masters 1000,Outdoor,Hard,2nd Round,3,Cerundolo F.,Mannarino A.,21,60.0,2135,922.0,7.0,6.0,7.0,6.0,,,,,,,2.0,0.0,Completed,1.91,1.91,1.99,1.9,1.95,2.1,1.85,1.94,1.95,2.04,cerundolo f.,mannarino a.,atp_20,atp_43
51,Shanghai,Shanghai Masters,10/3/2025,Masters 1000,Outdoor,Hard,2nd Round,3,Rune H.,Baez S.,11,42.0,2990,1135.0,7.0,5.0,6.0,4.0,,,,,,,2.0,0.0,Completed,1.17,5.0,1.2,5.06,1.22,5.0,1.19,4.54,1.21,5.4,rune h.,baez s.,atp_29,atp_50
51,Shanghai,Shanghai Masters,10/3/2025,Masters 1000,Outdoor,Hard,2nd Round,3,Humbert U.,Thompson J.,26,85.0,1725,745.0,6.0,3.0,7.0,6.0,,,,,,,2.0,0.0,Completed,1.57,2.38,1.72,2.22,1.6,2.6,1.57,2.35,1.68,2.44,humbert u.,thompson j.,atp_34,atp_131
51,Shanghai,Shanghai Masters,10/3/2025,Masters 1000,Outdoor,Hard,2nd Round,3,Machac T.,Bellucci M.,23,69.0,1920,857.0,6.0,3.0,6.0,4.0,,,,,,,2.0,0.0,Completed,1.5,2.63,1.54,2.63,1.53,2.63,1.5,2.53,1.56,2.7,machac t.,bellucci m.,atp_55,atp_73
51,Shanghai,Shanghai Masters,10/3/2025,Masters 1000,Outdoor,Hard,2nd Round,3,Mpetshi G.,Nardi L.,37,88.0,1275,727.0,6.0,3.0,7.0,6.0,,,,,,,2.0,0.0,Completed,1.53,2.5,1.54,2.64,1.54,2.54,1.51,2.5,1.6,2.62,mpetshi perricard g.,nardi l.,atp_57,atp_140
51,Shanghai,Shanghai Masters,10/3/2025,Masters 1000,Outdoor,Hard,2nd Round,3,Djokovic N.,Cilic M.,5,94.0,4830,664.0,7.0,6.0,6.0,4.0,,,,,,,2.0,0.0,Completed,1.08,8.0,1.11,8.0,1.1,8.0,1.09,7.46,1.11,9.4,djokovic n.,cilic m.,atp_4,atp_54
51,Shanghai,Shanghai Masters,10/3/2025,Masters 1000,Outdoor,Hard,2nd Round,3,Griekspoor T.,Brooksby J.,31,57.0,1565,937.0,6.0,1.0,1.0,6.0,6.0,1.0,,,,,2.0,1.0,Completed,2.75,1.44,2.6,1.55,2.75,1.5,2.7,1.45,2.88,1.51,griekspoor t.,brooksby j.,atp_30,atp_41
51,Shanghai,Shanghai Masters,10/3/2025,Masters 1000,Outdoor,Hard,2nd Round,3,Munar J.,Cobolli F.,41,22.0,1138,1990.0,7.0,5.0,6.0,1.0,,,,,,,2.0,0.0,Completed,2.1,1.73,2.17,1.76,2.11,1.8,2.05,1.75,2.06,1.92,munar j.,cobolli f.,atp_37,atp_13
51,Shanghai,Shanghai Masters,10/3/2025,Masters 1000,Outdoor,Hard,2nd Round,3,Vacherot V.,Bublik A.,204,17.0,263,2445.0,3.0,6.0,6.0,3.0,6.0,4.0,,,,,2.0,1.0,Completed,3.75,1.29,3.4,1.36,3.75,1.32,3.55,1.29,3.9,1.34,vacherot v.,bublik a.,atp_23,atp_11
51,Shanghai,Shanghai Masters,10/3/2025,Masters 1000,Outdoor,Hard,2nd Round,3,Bergs Z.,Ruud C.,44,12.0,1129,2945.0,3.0,6.0,7.0,5.0,4.0,1.0,,,,,1.0,1.0,Retired,3.5,1.3,3.38,1.36,3.5,1.35,3.24,1.34,3.7,1.36,bergs z.,ruud c.,atp_46,atp_12
51,Shanghai,Shanghai Masters,10/3/2025,Masters 1000,Outdoor,Hard,2nd Round,3,Fritz T.,Marozsan F.,4,52.0,4995,1010.0,2.0,6.0,7.0,6.0,7.0,6.0,,,,,2.0,1.0,Completed,1.25,4.0,1.31,3.74,1.3,4.33,1.26,3.73,1.28,4.5,fritz t.,marozsan f.,atp_8,atp_47
51,Shanghai,Shanghai Masters,10/4/2025,Masters 1000,Outdoor,Hard,2nd Round,3,Majchrzak K.,Nakashima B.,66,32.0,868,1470.0,6.0,4.0,6.0,0.0,,,,,,,2.0,0.0,Completed,2.63,1.5,2.68,1.53,2.65,1.5,2.59,1.49,2.74,1.55,majchrzak k.,nakashima b.,atp_53,atp_33
51,Shanghai,Shanghai Masters,10/4/2025,Masters 1000,Outdoor,Hard,2nd Round,3,De Minaur A.,Ugo Carabelli C.,7,45.0,3735,1123.0,6.0,4.0,6.0,2.0,,,,,,,2.0,0.0,Completed,1.03,15.0,1.05,13.76,1.05,15.0,1.04,11.2,1.05,16.0,de minaur a.,ugo carabelli c.,atp_6,atp_67
51,Shanghai,Shanghai Masters,10/4/2025,Masters 1000,Outdoor,Hard,2nd Round,3,Lehecka J.,Halys Q.,19,75.0,2365,809.0,6.0,4.0,7.0,5.0,,,,,,,2.0,0.0,Completed,1.2,4.5,1.23,4.68,1.23,4.5,1.21,4.31,1.25,4.9,lehecka j.,halys q.,atp_14,atp_90
51,Shanghai,Shanghai Masters,10/4/2025,Masters 1000,Outdoor,Hard,2nd Round,3,Auger-Aliassime F.,Tabilo A.,13,74.0,2755,826.0,6.0,3.0,6.0,3.0,,,,,,,2.0,0.0,Completed,1.53,2.5,1.63,2.4,1.57,2.5,1.54,2.44,1.58,2.68,augeraliassime f.,tabilo a.,,atp_39
51,Shanghai,Shanghai Masters,10/4/2025,Masters 1000,Outdoor,Hard,2nd Round,3,Nishioka Y.,Rublev A.,173,14.0,324,2560.0,2.0,6.0,6.0,1.0,6.0,4.0,,,,,2.0,1.0,Completed,3.75,1.29,3.93,1.29,3.8,1.29,3.61,1.28,4.2,1.3,nishioka y.,rublev a.,atp_173,atp_16
51,Shanghai,Shanghai Masters,10/4/2025,Masters 1000,Outdoor,Hard,2nd Round,3,Rinderknech A.,Michelsen A.,54,34.0,982,1385.0,6.0,3.0,6.0,4.0,,,,,,,2.0,0.0,Completed,2,1.8,1.86,2.03,2.0,1.87,1.96,1.82,2.04,1.93,rinderknech a.,michelsen a.,atp_27,atp_35
51,Shanghai,Shanghai Masters,10/4/2025,Masters 1000,Outdoor,Hard,2nd Round,3,Shapovalov D.,O Connell C.,24,109.0,1838,582.0,6.0,3.0,6.0,2.0,,,,,,,2.0,0.0,Completed,1.4,3.0,1.44,2.97,1.42,3.0,1.4,2.88,1.46,3.05,shapovalov d.,oconnell c.,atp_38,atp_128
51,Shanghai,Shanghai Masters,10/4/2025,Masters 1000,Outdoor,Hard,2nd Round,3,De Jong J.,Mensik J.,81,16.0,772,2455.0,4.0,6.0,7.0,6.0,6.0,4.0,,,,,2.0,1.0,Completed,2.75,1.44,2.81,1.49,2.75,1.45,2.72,1.44,2.88,1.52,de jong j.,mensik j.,atp_99,atp_26
51,Shanghai,Shanghai Masters,10/4/2025,Masters 1000,Outdoor,Hard,2nd Round,3,Zverev A.,Royer V.,3,76.0,5980,805.0,6.0,4.0,6.0,4.0,,,,,,,2.0,0.0,Completed,1.25,4.0,1.28,3.99,1.3,4.0,1.28,3.66,1.29,4.3,zverev a.,royer v.,atp_3,atp_71
51,Shanghai,Shanghai Masters,10/4/2025,Masters 1000,Outdoor,Hard,2nd Round,3,Musetti L.,Comesana F.,9,62.0,3555,912.0,6.0,4.0,6.0,0.0,,,,,,,2.0,0.0,Completed,1.25,4.0,1.34,3.55,1.33,4.0,1.29,3.5,1.34,3.85,musetti l.,comesana f.,atp_5,atp_87
51,Shanghai,Shanghai Masters,10/4/2025,Masters 1000,Outdoor,Hard,2nd Round,3,Tien L.,Moutet C.,36,38.0,1303,1258.0,4.0,6.0,6.0,4.0,6.0,4.0,,,,,2.0,1.0,Completed,1.91,1.91,2.22,1.71,2.15,1.91,2.02,1.78,2.14,1.85,tien l.,moutet c.,atp_22,atp_32
51,Shanghai,Shanghai Masters,10/4/2025,Masters 1000,Outdoor,Hard,2nd Round,3,Davidovich Fokina A.,Arnaldi M.,20,71.0,2240,838.0,6.0,4.0,6.0,4.0,,,,,,,2.0,0.0,Completed,1.4,3.0,1.48,2.82,1.44,3.0,1.41,2.84,1.47,3.1,davidovich fokina a.,arnaldi m.,atp_17,atp_107
51,Shanghai,Shanghai Masters,10/4/2025,Masters 1000,Outdoor,Hard,2nd Round,3,Darderi L.,Bu Y.,29,121.0,1609,531.0,6.0,4.0,6.0,4.0,,,,,,,2.0,0.0,Completed,2.1,1.73,2.14,1.78,2.1,1.76,2.05,1.74,2.12,1.88,darderi l.,bu y.,atp_19,
51,Shanghai,Shanghai Masters,10/4/2025,Masters 1000,Outdoor,Hard,2nd Round,3,Norrie C.,Cazaux A.,33,70.0,1397,843.0,6.0,3.0,0.0,6.0,7.0,6.0,,,,,2.0,1.0,Completed,1.91,1.91,1.84,2.06,1.98,1.91,1.93,1.85,2.0,1.98,norrie c.,cazaux a.,atp_24,atp_68
51,Shanghai,Shanghai Masters,10/4/2025,Masters 1000,Outdoor,Hard,2nd Round,3,Medvedev D.,Svrcina D.,18,91.0,2410,684.0,6.0,1.0,6.0,1.0,,,,,,,2.0,0.0,Completed,1.22,4.33,1.27,4.12,1.25,4.33,1.24,3.92,1.29,4.4,medvedev d.,svrcina d.,atp_10,atp_110
51,Shanghai,Shanghai Masters,10/4/2025,Masters 1000,Outdoor,Hard,2nd Round,3,Sinner J.,Altmaier D.,2,49.0,10950,1043.0,6.0,3.0,6.0,3.0,,,,,,,2.0,0.0,Completed,1.03,17.0,1.04,13.94,1.03,17.0,1.02,13.25,1.04,22.0,sinner j.,altmaier d.,atp_2,atp_52
51,Shanghai,Shanghai Masters,10/4/2025,Masters 1000,Outdoor,Hard,2nd Round,3,Borges N.,Vukic A.,51,79.0,1020,783.0,7.0,6.0,6.0,4.0,,,,,,,2.0,0.0,Completed,1.44,2.75,1.47,2.84,1.47,2.88,1.45,2.7,1.52,2.88,borges n.,vukic a.,atp_48,atp_84
51,Shanghai,Shanghai Masters,10/4/2025,Masters 1000,Outdoor,Hard,2nd Round,3,Shang J.,Khachanov K.,237,10.0,235,3190.0,7.0,6.0,6.0,3.0,,,,,,,2.0,0.0,Completed,2.38,1.57,2.63,1.54,2.5,1.58,2.4,1.56,2.68,1.58,shang j.,khachanov k.,atp_262,atp_15
51,Shanghai,Shanghai Masters,10/5/2025,Masters 1000,Outdoor,Hard,3rd Round,3,Diallo G.,Goffin D.,35,83.0,1308,759.0,3.0,0.0,,,,,,,,,0.0,0.0,Retired,1.53,2.5,1.56,2.59,1.53,2.65,1.5,2.55,1.6,2.62,diallo g.,goffin d.,atp_36,atp_179
51,Shanghai,Shanghai Masters,10/5/2025,Masters 1000,Outdoor,Hard,3rd Round,3,Rune H.,Humbert U.,11,26.0,2990,1725.0,6.0,4.0,6.0,4.0,,,,,,,2.0,0.0,Completed,1.5,2.63,1.54,2.66,1.54,2.63,1.51,2.51,1.57,2.66,rune h.,humbert u.,atp_29,atp_34
51,Shanghai,Shanghai Masters,10/5/2025,Masters 1000,Outdoor,Hard,3rd Round,3,Bergs Z.,Cerundolo F.,44,21.0,1129,2135.0,7.0,6.0,6.0,3.0,,,,,,,2.0,0.0,Completed,2.3,1.62,2.39,1.65,2.31,1.65,2.25,1.62,2.36,1.7,bergs z.,cerundolo f.,atp_46,atp_20
51,Shanghai,Shanghai Masters,10/5/2025,Masters 1000,Outdoor,Hard,3rd Round,3,Mpetshi G.,Fritz T.,37,4.0,1275,4995.0,6.0,4.0,7.0,5.0,,,,,,,2.0,0.0,Completed,4.5,1.2,4.04,1.29,4.5,1.25,4.04,1.23,4.7,1.27,mpetshi perricard g.,fritz t.,atp_57,atp_8
51,Shanghai,Shanghai Masters,10/5/2025,Masters 1000,Outdoor,Hard,3rd Round,3,Munar J.,Nishioka Y.,41,173.0,1138,324.0,6.0,4.0,5.0,7.0,6.0,1.0,,,,,2.0,1.0,Completed,1.5,2.63,1.49,2.83,1.62,2.7,1.48,2.61,1.5,2.94,munar j.,nishioka y.,atp_37,atp_173
51,Shanghai,Shanghai Masters,10/5/2025,Masters 1000,Outdoor,Hard,3rd Round,3,Djokovic N.,Hanfmann Y.,5,150.0,4830,394.0,4.0,6.0,7.0,5.0,6.0,3.0,,,,,2.0,1.0,Completed,1.08,8.0,1.11,8.0,1.1,8.0,1.08,7.32,1.11,9.8,djokovic n.,hanfmann y.,atp_4,atp_61
51,Shanghai,Shanghai Masters,10/5/2025,Masters 1000,Outdoor,Hard,3rd Round,3,Vacherot V.,Machac T.,204,23.0,263,1920.0,6.0,0.0,3.0,1.0,,,,,,,1.0,0.0,Retired,3.2,1.36,3.3,1.39,3.25,1.36,3.14,1.35,3.45,1.4,vacherot v.,machac t.,atp_23,atp_55
51,Shanghai,Shanghai Masters,10/5/2025,Masters 1000,Outdoor,Hard,3rd Round,3,Griekspoor T.,Sinner J.,31,2.0,1565,10950.0,6.0,7.0,7.0,5.0,3.0,2.0,,,,,1.0,1.0,Retired,19,1.02,0.0,0.0,19.0,1.03,14.04,1.02,23.0,1.04,griekspoor t.,sinner j.,atp_30,atp_2
51,Shanghai,Shanghai Masters,10/6/2025,Masters 1000,Outdoor,Hard,3rd Round,3,De Minaur A.,Majchrzak K.,7,66.0,3735,868.0,6.0,1.0,7.0,5.0,,,,,,,2.0,0.0,Completed,1.14,5.5,1.15,6.45,1.14,6.4,1.12,5.89,1.15,7.2,de minaur a.,majchrzak k.,atp_6,atp_53
51,Shanghai,Shanghai Masters,10/6/2025,Masters 1000,Outdoor,Hard,3rd Round,3,Auger-Aliassime F.,De Jong J.,13,81.0,2755,772.0,6.0,4.0,7.0,5.0,,,,,,,2.0,0.0,Completed,1.22,4.33,1.24,4.53,1.24,4.33,1.23,4.11,1.25,4.8,augeraliassime f.,de jong j.,,atp_99
51,Shanghai,Shanghai Masters,10/6/2025,Masters 1000,Outdoor,Hard,3rd Round,3,Borges N.,Shang J.,51,237.0,1020,235.0,7.0,6.0,4.0,6.0,6.0,3.0,,,,,2.0,1.0,Completed,2.2,1.67,2.26,1.71,2.2,1.72,2.16,1.68,2.34,1.73,borges n.,shang j.,atp_48,atp_262
51,Shanghai,Shanghai Masters,10/6/2025,Masters 1000,Outdoor,Hard,3rd Round,3,Lehecka J.,Shapovalov D.,19,24.0,2365,1838.0,6.0,4.0,6.0,4.0,,,,,,,2.0,0.0,Completed,1.53,2.5,1.55,2.63,1.56,2.5,1.54,2.46,1.57,2.68,lehecka j.,shapovalov d.,atp_14,atp_38
51,Shanghai,Shanghai Masters,10/6/2025,Masters 1000,Outdoor,Hard,3rd Round,3,Musetti L.,Darderi L.,9,29.0,3555,1609.0,7.0,5.0,7.0,6.0,,,,,,,2.0,0.0,Completed,1.22,4.33,1.25,4.5,1.33,4.33,1.23,4.05,1.25,4.9,musetti l.,darderi l.,atp_5,atp_19
51,Shanghai,Shanghai Masters,10/6/2025,Masters 1000,Outdoor,Hard,3rd Round,3,Rinderknech A.,Zverev A.,54,3.0,982,5980.0,4.0,6.0,6.0,3.0,6.0,2.0,,,,,2.0,1.0,Completed,3.5,1.3,3.5,1.35,3.6,1.33,3.42,1.31,3.75,1.36,rinderknech a.,zverev a.,atp_27,atp_3
51,Shanghai,Shanghai Masters,10/6/2025,Masters 1000,Outdoor,Hard,3rd Round,3,Tien L.,Norrie C.,36,33.0,1303,1397.0,7.0,6.0,6.0,3.0,,,,,,,2.0,0.0,Completed,1.73,2.1,1.76,2.2,1.8,2.17,1.72,2.1,1.81,2.2,tien l.,norrie c.,atp_22,atp_24
51,Shanghai,Shanghai Masters,10/6/2025,Masters 1000,Outdoor,Hard,3rd Round,3,Medvedev D.,Davidovich Fokina A.,18,20.0,2410,2240.0,6.0,3.0,7.0,6.0,,,,,,,2.0,0.0,Completed,1.44,2.75,1.54,2.66,1.5,2.75,1.47,2.62,1.52,2.88,medvedev d.,davidovich fokina a.,atp_10,atp_17
51,Shanghai,Shanghai Masters,10/7/2025,Masters 1000,Outdoor,Hard,4th Round,3,Bergs Z.,Diallo G.,44,35.0,1129,1308.0,3.0,6.0,7.0,5.0,7.0,6.0,,,,,2.0,1.0,Completed,2.63,1.5,2.57,1.57,2.63,1.55,2.5,1.52,2.66,1.59,bergs z.,diallo g.,atp_46,atp_36
51,Shanghai,Shanghai Masters,10/7/2025,Masters 1000,Outdoor,Hard,4th Round,3,Rune H.,Mpetshi G.,11,37.0,2990,1275.0,6.0,4.0,6.0,7.0,6.0,3.0,,,,,2.0,1.0,Completed,1.5,2.63,1.56,2.61,1.55,2.75,1.52,2.5,1.59,2.66,rune h.,mpetshi perricard g.,atp_29,atp_57
51,Shanghai,Shanghai Masters,10/7/2025,Masters 1000,Outdoor,Hard,4th Round,3,Djokovic N.,Munar J.,5,41.0,4830,1138.0,6.0,3.0,5.0,7.0,6.0,2.0,,,,,2.0,1.0,Completed,1.17,5.0,1.23,4.42,1.21,5.0,1.19,4.54,1.23,5.1,djokovic n.,munar j.,atp_4,atp_37
51,Shanghai,Shanghai Masters,10/7/2025,Masters 1000,Outdoor,Hard,4th Round,3,Vacherot V.,Griekspoor T.,204,31.0,263,1565.0,4.0,6.0,7.0,6.0,6.0,4.0,,,,,2.0,1.0,Completed,2.3,1.62,2.43,1.63,2.38,1.62,2.31,1.59,2.42,1.69,vacherot v.,griekspoor t.,atp_23,atp_30
51,Shanghai,Shanghai Masters,10/8/2025,Masters 1000,Outdoor,Hard,4th Round,3,Rinderknech A.,Lehecka J.,54,19.0,982,2365.0,6.0,3.0,7.0,6.0,,,,,,,2.0,0.0,Completed,3.4,1.33,3.64,1.33,3.4,1.36,3.31,1.32,3.7,1.36,rinderknech a.,lehecka j.,atp_27,atp_14
51,Shanghai,Shanghai Masters,10/8/2025,Masters 1000,Outdoor,Hard,4th Round,3,De Minaur A.,Borges N.,7,51.0,3735,1020.0,7.0,5.0,6.0,2.0,,,,,,,2.0,0.0,Completed,1.13,6.0,1.14,6.72,1.15,6.0,1.13,5.79,1.16,6.8,de minaur a.,borges n.,atp_6,atp_48
51,Shanghai,Shanghai Masters,10/8/2025,Masters 1000,Outdoor,Hard,4th Round,3,Auger-Aliassime F.,Musetti L.,13,9.0,2755,3555.0,6.0,4.0,6.0,2.0,,,,,,,2.0,0.0,Completed,1.91,1.91,1.96,1.94,2.0,1.91,1.91,1.87,2.02,1.96,augeraliassime f.,musetti l.,,atp_5
51,Shanghai,Shanghai Masters,10/8/2025,Masters 1000,Outdoor,Hard,4th Round,3,Medvedev D.,Tien L.,18,36.0,2410,1303.0,7.0,6.0,6.0,7.0,6.0,4.0,,,,,2.0,1.0,Completed,1.33,3.4,1.37,3.39,1.36,3.4,1.35,3.17,1.37,3.6,medvedev d.,tien l.,atp_10,atp_22
51,Shanghai,Shanghai Masters,10/9/2025,Masters 1000,Outdoor,Hard,Quarterfinals,3,Vacherot V.,Rune H.,204,11.0,263,2990.0,2.0,6.0,7.0,6.0,6.0,4.0,,,,,2.0,1.0,Completed,4,1.25,3.89,1.3,4.0,1.29,3.69,1.27,3.85,1.34,vacherot v.,rune h.,atp_23,atp_29
51,Shanghai,Shanghai Masters,10/9/2025,Masters 1000,Outdoor,Hard,Quarterfinals,3,Djokovic N.,Bergs Z.,5,44.0,4830,1129.0,6.0,3.0,7.0,5.0,,,,,,,2.0,0.0,Completed,1.33,3.4,1.29,3.97,1.35,3.7,1.33,3.33,1.39,3.5,djokovic n.,bergs z.,atp_4,atp_46
51,Shanghai,Shanghai Masters,10/10/2025,Masters 1000,Outdoor,Hard,Quarterfinals,3,Rinderknech A.,Auger-Aliassime F.,54,13.0,982,2755.0,6.0,3.0,6.0,4.0,,,,,,,2.0,0.0,Completed,3.5,1.3,3.6,1.34,3.75,1.33,3.5,1.31,3.7,1.36,rinderknech a.,augeraliassime f.,atp_27,
51,Shanghai,Shanghai Masters,10/10/2025,Masters 1000,Outdoor,Hard,Quarterfinals,3,Medvedev D.,De Minaur A.,18,7.0,2410,3735.0,6.0,4.0,6.0,4.0,,,,,,,2.0,0.0,Completed,2.63,1.5,2.6,1.56,2.65,1.57,2.55,1.52,2.68,1.58,medvedev d.,de minaur a.,atp_10,atp_6
51,Shanghai,Shanghai Masters,10/11/2025,Masters 1000,Outdoor,Hard,Semifinals,3,Vacherot V.,Djokovic N.,204,5.0,263,4830.0,6.0,3.0,6.0,4.0,,,,,,,2.0,0.0,Completed,6.5,1.11,6.68,1.14,6.5,1.15,5.77,1.13,7.6,1.14,vacherot v.,djokovic n.,atp_23,atp_4
51,Shanghai,Shanghai Masters,10/11/2025,Masters 1000,Outdoor,Hard,Semifinals,3,Rinderknech A.,Medvedev D.,54,18.0,982,2410.0,4.0,6.0,6.0,2.0,6.0,4.0,,,,,2.0,1.0,Completed,3.2,1.36,3.26,1.38,3.25,1.4,3.09,1.36,3.5,1.39,rinderknech a.,medvedev d.,atp_27,atp_10
51,Shanghai,Shanghai Masters,10/12/2025,Masters 1000,Outdoor,Hard,The Final,3,Vacherot V.,Rinderknech A.,204,54.0,263,982.0,4.0,6.0,6.0,3.0,6.0,3.0,,,,,2.0,1.0,Completed,2.3,1.62,2.28,1.69,2.38,1.68,2.26,1.62,2.44,1.68,vacherot v.,rinderknech a.,atp_23,atp_27
52,Almaty,Almaty Open,10/13/2025,ATP250,Indoor,Hard,1st Round,3,Marozsan F.,Nardi L.,52,83.0,1040,747.0,7.0,6.0,6.0,3.0,,,,,,,2.0,0.0,Completed,1.4,3.0,1.46,2.9,1.41,3.0,1.39,2.93,1.45,3.15,marozsan f.,nardi l.,atp_47,atp_140
52,Almaty,Almaty Open,10/13/2025,ATP250,Indoor,Hard,1st Round,3,Diallo G.,Omarkhanov A.,35,1137.0,1368,10.0,6.0,3.0,6.0,1.0,,,,,,,2.0,0.0,Completed,1.01,23.0,,,1.03,29.0,1.02,16.1,1.02,38.0,diallo g.,omarkhanov a.,atp_36,atp_603
52,Almaty,Almaty Open,10/13/2025,ATP250,Indoor,Hard,1st Round,3,Duckworth J.,Blanchet U.,138,150.0,465,420.0,6.0,3.0,6.0,4.0,,,,,,,2.0,0.0,Completed,2.1,1.73,2.18,1.74,2.15,1.85,2.08,1.72,2.26,1.76,duckworth j.,blanchet u.,atp_95,atp_157
52,Almaty,Almaty Open,10/13/2025,ATP250,Indoor,Hard,1st Round,3,Moutet C.,Tomic B.,41,181.0,1243,312.0,6.0,1.0,7.0,6.0,,,,,,,2.0,0.0,Completed,1.25,4.0,1.28,4.03,1.26,4.0,1.25,3.83,1.3,4.2,moutet c.,tomic b.,atp_32,atp_190
52,Almaty,Almaty Open,10/14/2025,ATP250,Indoor,Hard,1st Round,3,Walton A.,Schoolkate T.,76,96.0,796,662.0,7.0,6.0,6.0,7.0,6.0,2.0,,,,,2.0,1.0,Completed,1.8,2.0,1.88,2.01,1.83,2.0,1.79,1.98,1.88,2.1,walton a.,schoolkate t.,atp_105,atp_119
52,Almaty,Almaty Open,10/14/2025,ATP250,Indoor,Hard,1st Round,3,Vukic A.,Topo M.,84,277.0,733,196.0,6.0,4.0,3.0,6.0,6.0,1.0,,,,,2.0,1.0,Completed,1.44,2.75,1.5,2.77,1.45,2.8,1.43,2.74,1.5,2.96,vukic a.,topo m.,atp_84,atp_257
52,Almaty,Almaty Open,10/14/2025,ATP250,Indoor,Hard,1st Round,3,Hijikata R.,Skatov T.,114,236.0,558,238.0,7.0,6.0,2.0,6.0,6.0,3.0,,,,,2.0,1.0,Completed,1.44,2.75,,,1.5,2.75,1.49,2.58,1.55,2.54,hijikata r.,skatov t.,atp_102,atp_202
52,Almaty,Almaty Open,10/14/2025,ATP250,Indoor,Hard,1st Round,3,Nakashima B.,Medjedovic H.,34,64.0,1430,877.0,7.0,6.0,6.0,2.0,,,,,,,2.0,0.0,Completed,1.8,2.0,1.81,2.09,1.83,2.02,1.79,1.98,1.93,2.06,nakashima b.,medjedovic h.,atp_33,atp_81
52,Almaty,Almaty Open,10/14/2025,ATP250,Indoor,Hard,1st Round,3,Shevchenko A.,Djere L.,91,79.0,687,776.0,7.0,6.0,7.0,6.0,,,,,,,2.0,0.0,Completed,1.62,2.3,1.68,2.3,1.64,2.43,1.59,2.29,1.67,2.42,shevchenko a.,djere l.,atp_76,atp_204
52,Almaty,Almaty Open,10/15/2025,ATP250,Indoor,Hard,1st Round,3,Mochizuki S.,Cazaux A.,102,58.0,636,952.0,6.0,4.0,6.0,4.0,,,,,,,2.0,0.0,Completed,3.75,1.29,3.61,1.33,3.75,1.34,3.46,1.29,3.6,1.37,mochizuki s.,cazaux a.,atp_127,atp_68
52,Almaty,Almaty Open,10/15/2025,ATP250,Indoor,Hard,1st Round,3,Struff J.L.,McDonald M.,98,99.0,648,646.0,2.0,6.0,6.0,3.0,6.0,4.0,,,,,2.0,1.0,Completed,1.62,2.3,1.65,2.37,1.65,2.3,1.61,2.27,1.64,2.52,struff j.,mcdonald m.,,atp_125
52,Almaty,Almaty Open,10/15/2025,ATP250,Indoor,Hard,1st Round,3,Michelsen A.,Zhukayev B.,36,237.0,1365,235.0,6.0,2.0,6.0,3.0,,,,,,,2.0,0.0,Completed,1.44,2.75,1.49,2.79,1.45,2.8,1.44,2.71,1.48,3.0,michelsen a.,zhukayev b.,atp_35,atp_353
52,Almaty,Almaty Open,10/15/2025,ATP250,Indoor,Hard,2nd Round,3,Duckworth J.,Diallo G.,138,35.0,465,1368.0,7.0,6.0,6.0,7.0,6.0,4.0,,,,,2.0,1.0,Completed,4.5,1.2,4.79,1.22,5.0,1.25,4.31,1.21,5.1,1.23,duckworth j.,diallo g.,atp_95,atp_36
52,Almaty,Almaty Open,10/15/2025,ATP250,Indoor,Hard,2nd Round,3,Cobolli F.,Hijikata R.,22,114.0,1950,558.0,6.0,4.0,7.0,5.0,,,,,,,2.0,0.0,Completed,1.44,2.75,1.44,2.97,1.47,2.9,1.42,2.8,1.47,3.1,cobolli f.,hijikata r.,atp_13,atp_102
52,Almaty,Almaty Open,10/15/2025,ATP250,Indoor,Hard,2nd Round,3,Moutet C.,Shevchenko A.,41,91.0,1243,687.0,7.0,5.0,6.0,3.0,,,,,,,2.0,0.0,Completed,1.4,3.0,1.46,2.89,1.44,3.0,1.41,2.86,1.49,3.0,moutet c.,shevchenko a.,atp_32,atp_76
52,Almaty,Almaty Open,10/15/2025,ATP250,Indoor,Hard,2nd Round,3,Marozsan F.,Nakashima B.,52,34.0,1040,1430.0,7.0,6.0,6.0,1.0,,,,,,,2.0,0.0,Completed,2.5,1.53,2.44,1.6,2.6,1.55,2.48,1.52,2.62,1.61,marozsan f.,nakashima b.,atp_47,atp_33
52,Almaty,Almaty Open,10/16/2025,ATP250,Indoor,Hard,2nd Round,3,Michelsen A.,Vukic A.,36,84.0,1365,733.0,6.0,3.0,6.0,2.0,,,,,,,2.0,0.0,Completed,1.44,2.75,1.61,2.45,1.5,2.9,1.47,2.64,1.54,2.8,michelsen a.,vukic a.,atp_35,atp_84
52,Almaty,Almaty Open,10/16/2025,ATP250,Indoor,Hard,2nd Round,3,Mochizuki S.,Darderi L.,102,26.0,636,1649.0,6.0,3.0,6.0,3.0,,,,,,,2.0,0.0,Completed,2.3,1.62,2.28,1.68,2.32,1.62,2.28,1.6,2.5,1.64,mochizuki s.,darderi l.,atp_127,atp_19
52,Almaty,Almaty Open,10/16/2025,ATP250,Indoor,Hard,2nd Round,3,Medvedev D.,Walton A.,14,76.0,2610,796.0,7.0,5.0,7.0,6.0,,,,,,,2.0,0.0,Completed,1.14,5.5,1.16,6.13,1.15,6.0,1.13,5.68,1.16,6.8,medvedev d.,walton a.,atp_10,atp_105
52,Almaty,Almaty Open,10/16/2025,ATP250,Indoor,Hard,2nd Round,3,Struff J.L.,Khachanov K.,98,10.0,648,3190.0,4.0,6.0,7.0,6.0,6.0,3.0,,,,,2.0,1.0,Completed,2.75,1.44,2.89,1.47,3.1,1.46,2.79,1.42,3.0,1.48,struff j.,khachanov k.,,atp_15
52,Almaty,Almaty Open,10/17/2025,ATP250,Indoor,Hard,Quarterfinals,3,Duckworth J.,Cobolli F.,138,22.0,465,1950.0,6.0,3.0,6.0,2.0,,,,,,,2.0,0.0,Completed,3,1.4,3.09,1.43,3.0,1.45,2.85,1.41,3.05,1.46,duckworth j.,cobolli f.,atp_95,atp_13
52,Almaty,Almaty Open,10/17/2025,ATP250,Indoor,Hard,Quarterfinals,3,Medvedev D.,Marozsan F.,14,52.0,2610,1040.0,7.0,5.0,6.0,2.0,,,,,,,2.0,0.0,Completed,1.4,3.0,1.43,3.07,1.45,3.0,1.39,2.91,1.44,3.2,medvedev d.,marozsan f.,atp_10,atp_47
52,Almaty,Almaty Open,10/17/2025,ATP250,Indoor,Hard,Quarterfinals,3,Michelsen A.,Mochizuki S.,36,102.0,1365,636.0,6.0,3.0,3.0,6.0,6.0,2.0,,,,,2.0,1.0,Completed,1.44,2.75,1.52,2.74,1.52,2.9,1.48,2.63,1.53,2.82,michelsen a.,mochizuki s.,atp_35,atp_127
52,Almaty,Almaty Open,10/17/2025,ATP250,Indoor,Hard,Quarterfinals,3,Moutet C.,Struff J.L.,41,98.0,1243,648.0,6.0,4.0,7.0,5.0,,,,,,,2.0,0.0,Completed,1.73,2.1,1.74,2.23,1.73,2.2,1.69,2.14,1.78,2.28,moutet c.,struff j.,atp_32,
52,Almaty,Almaty Open,10/18/2025,ATP250,Indoor,Hard,Semifinals,3,Medvedev D.,Duckworth J.,14,138.0,2610,465.0,6.0,7.0,6.0,3.0,6.0,2.0,,,,,2.0,1.0,Completed,1.14,5.5,1.19,5.35,1.21,5.5,1.17,4.97,1.18,6.2,medvedev d.,duckworth j.,atp_10,atp_95
52,Almaty,Almaty Open,10/18/2025,ATP250,Indoor,Hard,Semifinals,3,Moutet C.,Michelsen A.,41,36.0,1243,1365.0,7.0,5.0,6.0,4.0,,,,,,,2.0,0.0,Completed,1.8,2.0,1.83,2.07,1.95,2.02,1.83,1.95,1.97,2.0,moutet c.,michelsen a.,atp_32,atp_35
52,Almaty,Almaty Open,10/19/2025,ATP250,Indoor,Hard,The Final,3,Medvedev D.,Moutet C.,14,41.0,2610,1243.0,7.0,5.0,4.0,6.0,6.0,3.0,,,,,2.0,1.0,Completed,1.36,3.2,,,1.4,3.25,1.36,3.1,1.41,3.35,medvedev d.,moutet c.,atp_10,atp_32
53,Brussels,European Open,10/13/2025,ATP250,Indoor,Hard,1st Round,3,Giron M.,Bellucci M.,54,71.0,1000,837.0,6.0,3.0,6.0,4.0,,,,,,,2.0,0.0,Completed,1.67,2.2,1.76,2.17,1.7,2.23,1.68,2.16,1.79,2.24,giron m.,bellucci m.,atp_66,atp_73
53,Brussels,European Open,10/13/2025,ATP250,Indoor,Hard,1st Round,3,Bonzi B.,Opelka R.,53,62.0,1005,895.0,6.0,4.0,6.0,4.0,,,,,,,2.0,0.0,Completed,1.67,2.2,1.81,2.11,1.73,2.2,1.68,2.15,1.78,2.26,bonzi b.,opelka r.,atp_103,atp_64
53,Brussels,European Open,10/14/2025,ATP250,Indoor,Hard,1st Round,3,Bailly G.A.,Altmaier D.,247,51.0,221,1048.0,6.0,4.0,6.0,7.0,6.0,3.0,,,,,2.0,1.0,Completed,2.75,1.44,2.89,1.45,3.0,1.45,2.78,1.42,2.88,1.52,bailly g.,altmaier d.,,atp_52
53,Brussels,European Open,10/14/2025,ATP250,Indoor,Hard,1st Round,3,Spizzirri E.,Martinez P.,111,89.0,563,718.0,6.0,4.0,6.0,1.0,,,,,,,2.0,0.0,Completed,1.33,3.4,1.36,3.37,1.33,3.5,1.31,3.36,1.35,3.75,spizzirri e.,martinez p.,atp_79,atp_113
53,Brussels,European Open,10/14/2025,ATP250,Indoor,Hard,1st Round,3,Mpetshi G.,Ruusuvuori E.,37,608.0,1365,58.0,7.0,6.0,6.0,7.0,6.0,4.0,,,,,2.0,1.0,Completed,1.44,2.75,1.55,2.62,1.46,3.0,1.41,2.83,1.45,3.2,mpetshi perricard g.,ruusuvuori e.,atp_57,
53,Brussels,European Open,10/14/2025,ATP250,Indoor,Hard,1st Round,3,Royer V.,Baez S.,70,44.0,847,1155.0,6.0,2.0,6.0,3.0,,,,,,,2.0,0.0,Completed,1.3,3.5,1.42,3.03,1.35,3.5,1.33,3.25,1.39,3.5,royer v.,baez s.,atp_71,atp_50
53,Brussels,European Open,10/14/2025,ATP250,Indoor,Hard,1st Round,3,Comesana F.,Goffin D.,68,105.0,867,609.0,7.0,6.0,6.0,4.0,,,,,,,2.0,0.0,Completed,2.3,1.62,2.35,1.66,2.38,1.7,2.19,1.66,2.3,1.74,comesana f.,goffin d.,atp_87,atp_179
53,Brussels,European Open,10/14/2025,ATP250,Indoor,Hard,1st Round,3,Collignon R.,Bergs Z.,90,39.0,713,1299.0,6.0,4.0,7.0,6.0,,,,,,,2.0,0.0,Completed,2.2,1.67,2.06,1.84,2.3,1.72,2.2,1.65,2.32,1.75,collignon r.,bergs z.,atp_65,atp_46
53,Brussels,European Open,10/14/2025,ATP250,Indoor,Hard,1st Round,3,Van De Zandschulp B.,Fonseca J.,86,45.0,727,1129.0,7.0,5.0,7.0,6.0,,,,,,,2.0,0.0,Completed,2.75,1.44,2.69,1.52,2.75,1.5,2.62,1.47,2.94,1.51,van de zandschulp b.,fonseca j.,atp_62,atp_40
53,Brussels,European Open,10/15/2025,ATP250,Indoor,Hard,1st Round,3,Basilashvili N.,Halys Q.,101,77.0,642,789.0,6.0,4.0,6.0,4.0,,,,,,,2.0,0.0,Completed,2,1.8,2.2,1.74,2.1,1.8,2.02,1.77,2.16,1.85,basilashvili n.,halys q.,atp_129,atp_90
53,Brussels,European Open,10/15/2025,ATP250,Indoor,Hard,1st Round,3,Dzumhur D.,Cina F.,67,226.0,868,247.0,6.0,7.0,6.0,2.0,7.0,6.0,,,,,2.0,1.0,Completed,1.57,2.38,1.6,2.47,1.58,2.5,1.57,2.38,1.64,2.46,dzumhur d.,cina f.,atp_74,atp_208
53,Brussels,European Open,10/15/2025,ATP250,Indoor,Hard,1st Round,3,Hanfmann Y.,Arnaldi M.,139,74.0,464,818.0,6.0,7.0,6.0,4.0,6.0,4.0,,,,,2.0,1.0,Completed,1.73,2.1,1.76,2.17,1.75,2.12,1.71,2.1,1.81,2.2,hanfmann y.,arnaldi m.,atp_61,atp_107
53,Brussels,European Open,10/15/2025,ATP250,Indoor,Hard,2nd Round,3,Bonzi B.,Royer V.,53,70.0,1005,847.0,7.0,6.0,4.0,6.0,6.0,1.0,,,,,2.0,1.0,Completed,1.8,2.0,1.94,1.93,1.96,2.05,1.81,1.97,1.92,2.06,bonzi b.,royer v.,atp_103,atp_71
53,Brussels,European Open,10/15/2025,ATP250,Indoor,Hard,2nd Round,3,Lehecka J.,Bailly G.A.,17,247.0,2415,221.0,6.0,3.0,6.0,2.0,,,,,,,2.0,0.0,Completed,1.17,5.0,1.14,6.36,1.18,5.75,1.17,4.89,1.24,5.0,lehecka j.,bailly g.,atp_14,
53,Brussels,European Open,10/15/2025,ATP250,Indoor,Hard,2nd Round,3,Collignon R.,Comesana F.,90,68.0,713,867.0,7.0,5.0,3.0,6.0,7.0,6.0,,,,,2.0,1.0,Completed,1.44,2.75,,,1.46,2.8,1.44,2.72,1.5,2.98,collignon r.,comesana f.,atp_65,atp_87
53,Brussels,European Open,10/15/2025,ATP250,Indoor,Hard,2nd Round,3,Davidovich Fokina A.,Giron M.,20,54.0,2260,1000.0,6.0,7.0,6.0,1.0,6.0,4.0,,,,,2.0,1.0,Completed,1.53,2.5,1.71,2.26,1.6,2.54,1.53,2.46,1.56,2.74,davidovich fokina a.,giron m.,atp_17,atp_66
53,Brussels,European Open,10/16/2025,ATP250,Indoor,Hard,2nd Round,3,Mpetshi G.,Basilashvili N.,37,101.0,1365,642.0,7.0,5.0,0.0,0.0,,,,,,,1.0,0.0,Retired,1.53,2.5,1.62,2.42,1.56,2.5,1.52,2.48,1.59,2.66,mpetshi perricard g.,basilashvili n.,atp_57,atp_129
53,Brussels,European Open,10/16/2025,ATP250,Indoor,Hard,2nd Round,3,Auger-Aliassime F.,Dzumhur D.,13,67.0,2905,868.0,7.0,6.0,4.0,6.0,7.0,6.0,,,,,2.0,1.0,Completed,1.13,6.0,1.14,6.36,1.14,6.5,1.13,5.76,1.15,7.4,augeraliassime f.,dzumhur d.,,atp_74
53,Brussels,European Open,10/16/2025,ATP250,Indoor,Hard,2nd Round,3,Musetti L.,Hanfmann Y.,8,139.0,3645,464.0,7.0,6.0,7.0,5.0,,,,,,,2.0,0.0,Completed,1.4,3.0,1.38,3.26,1.44,3.1,1.38,2.98,1.39,3.5,musetti l.,hanfmann y.,atp_5,atp_61
53,Brussels,European Open,10/16/2025,ATP250,Indoor,Hard,2nd Round,3,Spizzirri E.,Van De Zandschulp B.,111,86.0,563,727.0,7.0,5.0,6.0,0.0,,,,,,,2.0,0.0,Completed,2.63,1.5,2.78,1.49,2.65,1.5,2.58,1.49,2.8,1.54,spizzirri e.,van de zandschulp b.,atp_79,atp_62
53,Brussels,European Open,10/17/2025,ATP250,Indoor,Hard,Quarterfinals,3,Lehecka J.,Bonzi B.,17,53.0,2415,1005.0,6.0,7.0,6.0,1.0,4.0,1.0,,,,,1.0,1.0,Retired,1.29,3.75,1.32,3.72,1.33,3.75,1.28,3.6,1.32,4.0,lehecka j.,bonzi b.,atp_14,atp_103
53,Brussels,European Open,10/17/2025,ATP250,Indoor,Hard,Quarterfinals,3,Mpetshi G.,Musetti L.,37,8.0,1365,3645.0,6.0,4.0,7.0,6.0,,,,,,,2.0,0.0,Completed,2.63,1.5,2.51,1.6,2.65,1.5,2.57,1.49,2.74,1.56,mpetshi perricard g.,musetti l.,atp_57,atp_5
53,Brussels,European Open,10/17/2025,ATP250,Indoor,Hard,Quarterfinals,3,Auger-Aliassime F.,Spizzirri E.,13,111.0,2905,563.0,6.0,2.0,7.0,6.0,,,,,,,2.0,0.0,Completed,1.29,3.75,1.3,3.96,1.29,4.0,1.27,3.7,1.31,4.1,augeraliassime f.,spizzirri e.,,atp_79
53,Brussels,European Open,10/17/2025,ATP250,Indoor,Hard,Quarterfinals,3,Collignon R.,Davidovich Fokina A.,90,20.0,713,2260.0,7.0,6.0,6.0,1.0,,,,,,,2.0,0.0,Completed,2.75,1.44,2.77,1.51,2.75,1.48,2.68,1.45,2.84,1.52,collignon r.,davidovich fokina a.,atp_65,atp_17
53,Brussels,European Open,10/18/2025,ATP250,Indoor,Hard,Semifinals,3,Lehecka J.,Mpetshi G.,17,37.0,2415,1365.0,7.0,6.0,7.0,6.0,,,,,,,2.0,0.0,Completed,1.57,2.38,,,1.6,2.43,1.57,2.36,1.61,2.6,lehecka j.,mpetshi perricard g.,atp_14,atp_57
53,Brussels,European Open,10/18/2025,ATP250,Indoor,Hard,Semifinals,3,Auger-Aliassime F.,Collignon R.,13,90.0,2905,713.0,7.0,6.0,6.0,4.0,,,,,,,2.0,0.0,Completed,1.4,3.0,1.39,3.26,1.4,3.1,1.37,3.0,1.42,3.35,augeraliassime f.,collignon r.,,atp_65
53,Brussels,European Open,10/19/2025,ATP250,Indoor,Hard,The Final,3,Auger-Aliassime F.,Lehecka J.,13,17.0,2905,2415.0,7.0,6.0,6.0,7.0,6.0,2.0,,,,,2.0,1.0,Completed,1.91,1.91,1.95,1.95,1.91,2.0,1.85,1.93,1.91,2.06,augeraliassime f.,lehecka j.,,atp_14
54,Stockholm,Nordic Open,10/13/2025,ATP250,Indoor,Hard,1st Round,3,Kecmanovic M.,Muller A.,49,43.0,1066,1165.0,6.0,4.0,6.0,1.0,,,,,,,2.0,0.0,Completed,1.53,2.5,1.56,2.57,1.56,2.5,1.53,2.46,1.61,2.6,kecmanovic m.,muller a.,atp_58,atp_94
54,Stockholm,Nordic Open,10/13/2025,ATP250,Indoor,Hard,1st Round,3,Fearnley J.,Griekspoor T.,81,27.0,764,1615.0,6.0,3.0,6.0,7.0,7.0,6.0,,,,,2.0,1.0,Completed,2.75,1.44,2.74,1.51,2.75,1.45,2.7,1.44,2.9,1.51,fearnley j.,griekspoor t.,atp_97,atp_30
54,Stockholm,Nordic Open,10/13/2025,ATP250,Indoor,Hard,1st Round,3,Korda S.,Popyrin A.,60,48.0,920,1090.0,6.0,7.0,6.0,1.0,6.0,3.0,,,,,2.0,1.0,Completed,1.44,2.75,1.52,2.71,1.5,2.75,1.48,2.6,1.55,2.78,korda s.,popyrin a.,atp_42,atp_45
54,Stockholm,Nordic Open,10/13/2025,ATP250,Indoor,Hard,1st Round,3,Borg L.,Ofner S.,622,140.0,57,463.0,6.0,3.0,6.0,4.0,,,,,,,2.0,0.0,Completed,4.33,1.22,5.01,1.21,4.5,1.22,4.37,1.21,5.4,1.21,borg l.,ofner s.,atp_536,atp_78
54,Stockholm,Nordic Open,10/14/2025,ATP250,Indoor,Hard,1st Round,3,Etcheverry T.,Lajal M.,63,149.0,880,423.0,7.0,6.0,6.0,7.0,6.0,3.0,,,,,2.0,1.0,Completed,2.1,1.73,2.1,1.79,2.24,1.75,2.15,1.68,2.28,1.77,etcheverry t.,lajal m.,,atp_161
54,Stockholm,Nordic Open,10/14/2025,ATP250,Indoor,Hard,1st Round,3,Majchrzak K.,Misolic F.,75,95.0,818,663.0,6.0,2.0,6.0,2.0,,,,,,,2.0,0.0,Completed,1.4,3.0,1.39,3.17,1.41,3.5,1.39,2.97,1.46,3.1,majchrzak k.,misolic f.,atp_53,atp_86
54,Stockholm,Nordic Open,10/14/2025,ATP250,Indoor,Hard,1st Round,3,Cilic M.,Budkov Kjaer N.,92,136.0,684,473.0,7.0,5.0,6.0,3.0,,,,,,,2.0,0.0,Completed,1.91,1.91,1.91,1.98,1.95,1.91,1.9,1.86,2.0,1.96,cilic m.,budkov kjaer n.,atp_54,atp_141
54,Stockholm,Nordic Open,10/14/2025,ATP250,Indoor,Hard,1st Round,3,Ymer E.,Ymer M.,243,617.0,225,57.0,6.0,2.0,7.0,6.0,,,,,,,2.0,0.0,Completed,2.2,1.67,2.26,1.71,2.2,1.76,2.11,1.71,2.26,1.76,ymer e.,ymer m.,atp_175,
54,Stockholm,Nordic Open,10/14/2025,ATP250,Indoor,Hard,1st Round,3,Berrettini M.,Zeppieri G.,61,160.0,905,362.0,6.0,4.0,6.0,2.0,,,,,,,2.0,0.0,Completed,1.44,2.75,1.5,2.76,1.55,2.75,1.47,2.64,1.51,2.86,berrettini m.,zeppieri g.,atp_91,atp_162
54,Stockholm,Nordic Open,10/15/2025,ATP250,Indoor,Hard,1st Round,3,Kovacevic A.,Ugo Carabelli C.,69,50.0,862,1053.0,4.0,6.0,7.0,5.0,4.0,0.0,,,,,1.0,1.0,Retired,1.36,3.2,1.36,3.43,1.38,3.2,1.36,3.06,1.43,3.25,kovacevic a.,ugo carabelli c.,atp_85,atp_67
54,Stockholm,Nordic Open,10/15/2025,ATP250,Indoor,Hard,1st Round,3,Sonego L.,Fery A.,47,221.0,1105,251.0,6.0,4.0,6.0,2.0,,,,,,,2.0,0.0,Completed,1.57,2.38,1.69,2.28,1.7,2.4,1.63,2.23,1.71,2.38,sonego l.,fery a.,atp_63,atp_163
54,Stockholm,Nordic Open,10/15/2025,ATP250,Indoor,Hard,1st Round,3,Fucsovics M.,De Jong J.,55,82.0,986,760.0,6.0,1.0,6.0,2.0,,,,,,,2.0,0.0,Completed,1.62,2.3,1.63,2.42,1.62,2.4,1.58,2.33,1.63,2.56,fucsovics m.,de jong j.,atp_51,atp_99
54,Stockholm,Nordic Open,10/15/2025,ATP250,Indoor,Hard,2nd Round,3,Korda S.,Majchrzak K.,60,75.0,920,818.0,6.0,4.0,4.0,6.0,7.0,5.0,,,,,2.0,1.0,Completed,1.5,2.63,1.57,2.52,1.57,2.63,1.53,2.51,1.55,2.8,korda s.,majchrzak k.,atp_42,atp_53
54,Stockholm,Nordic Open,10/15/2025,ATP250,Indoor,Hard,2nd Round,3,Ruud C.,Cilic M.,12,92.0,2945,684.0,7.0,6.0,6.0,4.0,,,,,,,2.0,0.0,Completed,1.57,2.38,1.54,2.59,1.67,2.55,1.58,2.35,1.63,2.58,ruud c.,cilic m.,atp_12,atp_54
54,Stockholm,Nordic Open,10/15/2025,ATP250,Indoor,Hard,2nd Round,3,Shapovalov D.,Borg L.,23,622.0,1838,57.0,6.0,2.0,5.0,7.0,6.0,1.0,,,,,2.0,1.0,Completed,1.07,9.0,1.07,11.36,1.07,9.5,1.06,8.7,1.09,11.0,shapovalov d.,borg l.,atp_38,atp_536
54,Stockholm,Nordic Open,10/16/2025,ATP250,Indoor,Hard,2nd Round,3,Sonego L.,Kovacevic A.,47,69.0,1105,862.0,7.0,6.0,6.0,1.0,,,,,,,2.0,0.0,Completed,1.44,2.75,1.51,2.73,1.5,2.8,1.45,2.67,1.52,2.82,sonego l.,kovacevic a.,atp_63,atp_85
54,Stockholm,Nordic Open,10/16/2025,ATP250,Indoor,Hard,2nd Round,3,Etcheverry T.,Kecmanovic M.,63,49.0,880,1066.0,6.0,4.0,4.0,6.0,6.0,3.0,,,,,2.0,1.0,Completed,2.38,1.57,2.47,1.6,2.5,1.58,2.39,1.56,2.52,1.64,etcheverry t.,kecmanovic m.,,atp_58
54,Stockholm,Nordic Open,10/16/2025,ATP250,Indoor,Hard,2nd Round,3,Humbert U.,Berrettini M.,25,61.0,1725,905.0,7.0,6.0,6.0,3.0,,,,,,,2.0,0.0,Completed,1.91,1.91,1.99,1.9,2.0,1.92,1.91,1.87,2.06,1.93,humbert u.,berrettini m.,atp_34,atp_91
54,Stockholm,Nordic Open,10/16/2025,ATP250,Indoor,Hard,2nd Round,3,Rune H.,Fucsovics M.,11,55.0,3090,986.0,6.0,4.0,6.0,4.0,,,,,,,2.0,0.0,Completed,1.44,2.75,1.5,2.76,1.48,2.75,1.46,2.68,1.52,2.84,rune h.,fucsovics m.,atp_29,atp_51
54,Stockholm,Nordic Open,10/16/2025,ATP250,Indoor,Hard,2nd Round,3,Ymer E.,Fearnley J.,243,81.0,225,764.0,6.0,2.0,6.0,2.0,,,,,,,2.0,0.0,Completed,4.5,1.2,5.03,1.2,4.75,1.21,4.52,1.19,5.4,1.22,ymer e.,fearnley j.,atp_175,atp_97
54,Stockholm,Nordic Open,10/17/2025,ATP250,Indoor,Hard,Quarterfinals,3,Humbert U.,Sonego L.,25,47.0,1725,1105.0,6.0,7.0,6.0,0.0,6.0,3.0,,,,,2.0,1.0,Completed,1.5,2.63,1.57,2.55,1.53,2.65,1.5,2.54,1.56,2.76,humbert u.,sonego l.,atp_34,atp_63
54,Stockholm,Nordic Open,10/17/2025,ATP250,Indoor,Hard,Quarterfinals,3,Rune H.,Etcheverry T.,11,63.0,3090,880.0,6.0,7.0,6.0,3.0,6.0,4.0,,,,,2.0,1.0,Completed,1.25,4.0,1.29,3.93,1.27,4.0,1.25,3.82,1.29,4.3,rune h.,etcheverry t.,atp_29,
54,Stockholm,Nordic Open,10/17/2025,ATP250,Indoor,Hard,Quarterfinals,3,Ruud C.,Korda S.,12,60.0,2945,920.0,6.0,7.0,6.0,4.0,6.0,4.0,,,,,2.0,1.0,Completed,1.67,2.2,1.69,2.3,1.73,2.25,1.67,2.17,1.73,2.34,ruud c.,korda s.,atp_12,atp_42
54,Stockholm,Nordic Open,10/17/2025,ATP250,Indoor,Hard,Quarterfinals,3,Shapovalov D.,Ymer E.,23,243.0,1838,225.0,6.0,4.0,6.0,7.0,6.0,1.0,,,,,2.0,1.0,Completed,1.3,3.5,1.26,4.29,1.3,4.33,1.26,3.8,1.31,4.1,shapovalov d.,ymer e.,atp_38,atp_175
54,Stockholm,Nordic Open,10/18/2025,ATP250,Indoor,Hard,Semifinals,3,Humbert U.,Rune H.,25,11.0,1725,3090.0,4.0,6.0,2.0,2.0,,,,,,,0.0,1.0,Retired,1.91,1.91,2.01,1.88,1.95,2.0,1.83,1.95,2.06,1.93,humbert u.,rune h.,atp_34,atp_29
54,Stockholm,Nordic Open,10/18/2025,ATP250,Indoor,Hard,Semifinals,3,Ruud C.,Shapovalov D.,12,23.0,2945,1838.0,6.0,3.0,6.0,4.0,,,,,,,2.0,0.0,Completed,1.5,2.63,1.58,2.55,1.53,2.63,1.5,2.54,1.56,2.74,ruud c.,shapovalov d.,atp_12,atp_38
54,Stockholm,Nordic Open,10/19/2025,ATP250,Indoor,Hard,The Final,3,Ruud C.,Humbert U.,12,25.0,2945,1725.0,6.0,2.0,6.0,3.0,,,,,,,2.0,0.0,Completed,1.57,2.38,1.59,2.52,1.6,2.4,1.56,2.38,1.62,2.58,ruud c.,humbert u.,atp_12,atp_34
55,Basel,Swiss Indoors,10/20/2025,ATP500,Indoor,Hard,1st Round,3,Brooksby J.,Muller A.,55,44.0,967,1153.0,6.0,4.0,6.0,3.0,,,,,,,2.0,0.0,Completed,1.36,3.2,1.41,3.14,1.4,3.2,1.39,2.97,1.44,3.2,brooksby j.,muller a.,atp_41,atp_94
55,Basel,Swiss Indoors,10/20/2025,ATP500,Indoor,Hard,1st Round,3,Davidovich Fokina A.,Sonego L.,18,45.0,2285,1130.0,7.0,6.0,6.0,4.0,,,,,,,2.0,0.0,Completed,1.53,2.5,1.61,2.46,1.6,2.5,1.56,2.37,1.64,2.5,davidovich fokina a.,sonego l.,atp_17,atp_63
55,Basel,Swiss Indoors,10/20/2025,ATP500,Indoor,Hard,1st Round,3,Munar J.,Bertola R.,42,268.0,1208,203.0,6.0,2.0,6.0,4.0,,,,,,,2.0,0.0,Completed,1.36,3.2,1.44,3.0,1.4,3.2,1.38,3.02,1.43,3.25,munar j.,bertola r.,atp_37,atp_207
55,Basel,Swiss Indoors,10/20/2025,ATP500,Indoor,Hard,1st Round,3,Mensik J.,Bernet H.,19,481.0,2265,89.0,7.0,6.0,6.0,7.0,6.0,3.0,,,,,2.0,1.0,Completed,1.14,5.5,1.16,5.87,1.17,6.0,1.15,5.23,1.2,5.7,mensik j.,bernet h.,atp_26,atp_501
55,Basel,Swiss Indoors,10/21/2025,ATP500,Indoor,Hard,1st Round,3,Opelka R.,Baez S.,62,43.0,895,1155.0,6.0,3.0,6.0,4.0,,,,,,,2.0,0.0,Completed,1.33,3.4,1.38,3.22,1.38,3.5,1.35,3.13,1.39,3.5,opelka r.,baez s.,atp_64,atp_50
55,Basel,Swiss Indoors,10/21/2025,ATP500,Indoor,Hard,1st Round,3,Cilic M.,Goffin D.,89,104.0,709,609.0,7.0,6.0,7.0,5.0,,,,,,,2.0,0.0,Completed,1.44,2.75,,,1.47,2.8,1.45,2.71,1.49,2.98,cilic m.,goffin d.,atp_54,atp_179
55,Basel,Swiss Indoors,10/21/2025,ATP500,Indoor,Hard,1st Round,3,Royer V.,Collignon R.,69,73.0,869,813.0,6.0,4.0,7.0,6.0,,,,,,,2.0,0.0,Completed,1.91,1.91,,,2.06,2.0,1.94,1.83,2.08,1.87,royer v.,collignon r.,atp_71,atp_65
55,Basel,Swiss Indoors,10/21/2025,ATP500,Indoor,Hard,1st Round,3,Fonseca J.,Mpetshi G.,46,33.0,1129,1455.0,7.0,6.0,6.0,3.0,,,,,,,2.0,0.0,Completed,2.1,1.73,2.06,1.84,2.11,1.79,2.05,1.75,2.16,1.85,fonseca j.,mpetshi perricard g.,atp_40,atp_57
55,Basel,Swiss Indoors,10/21/2025,ATP500,Indoor,Hard,1st Round,3,Shapovalov D.,Giron M.,23,57.0,1928,925.0,6.0,7.0,6.0,0.0,7.0,6.0,,,,,2.0,1.0,Completed,1.67,2.2,1.81,2.09,1.73,2.2,1.69,2.12,1.82,2.18,shapovalov d.,giron m.,atp_38,atp_66
55,Basel,Swiss Indoors,10/21/2025,ATP500,Indoor,Hard,1st Round,3,Shelton B.,Majchrzak K.,6,70.0,4100,836.0,6.0,7.0,6.0,3.0,7.0,6.0,,,,,2.0,1.0,Completed,1.5,2.63,1.55,2.61,1.52,2.63,1.49,2.58,1.56,2.74,shelton b.,majchrzak k.,atp_9,atp_53
55,Basel,Swiss Indoors,10/21/2025,ATP500,Indoor,Hard,1st Round,3,Wawrinka S.,Kecmanovic M.,158,52.0,372,1041.0,6.0,1.0,7.0,6.0,,,,,,,2.0,0.0,Completed,2.5,1.53,2.57,1.56,2.63,1.55,2.52,1.52,2.84,1.53,wawrinka s.,kecmanovic m.,atp_98,atp_58
55,Basel,Swiss Indoors,10/22/2025,ATP500,Indoor,Hard,1st Round,3,Van De Zandschulp B.,Lehecka J.,82,17.0,752,2415.0,6.0,2.0,6.0,2.0,,,,,,,2.0,0.0,Completed,3.5,1.3,3.55,1.34,3.5,1.32,3.46,1.3,3.7,1.35,van de zandschulp b.,lehecka j.,atp_62,atp_14
55,Basel,Swiss Indoors,10/22/2025,ATP500,Indoor,Hard,1st Round,3,Humbert U.,Korda S.,24,56.0,1880,960.0,6.0,3.0,6.0,4.0,,,,,,,2.0,0.0,Completed,2.1,1.73,2.19,1.75,2.15,1.75,2.12,1.71,2.2,1.82,humbert u.,korda s.,atp_34,atp_42
55,Basel,Swiss Indoors,10/22/2025,ATP500,Indoor,Hard,1st Round,3,Ruud C.,Halys Q.,11,78.0,3145,774.0,6.0,1.0,7.0,6.0,,,,,,,2.0,0.0,Completed,1.2,4.5,1.24,4.54,1.25,4.5,1.21,4.25,1.22,5.5,ruud c.,halys q.,atp_12,atp_90
55,Basel,Swiss Indoors,10/22/2025,ATP500,Indoor,Hard,1st Round,3,Auger-Aliassime F.,Diallo G.,12,41.0,3145,1228.0,6.0,2.0,7.0,5.0,,,,,,,2.0,0.0,Completed,1.36,3.2,1.4,3.17,1.41,3.2,1.38,2.96,1.42,3.3,augeraliassime f.,diallo g.,,atp_36
55,Basel,Swiss Indoors,10/22/2025,ATP500,Indoor,Hard,1st Round,3,Fritz T.,Vacherot V.,4,39.0,4645,1283.0,4.0,6.0,7.0,6.0,7.0,5.0,,,,,2.0,1.0,Completed,1.22,4.33,1.24,4.44,1.25,4.33,1.23,4.1,1.27,4.6,fritz t.,vacherot v.,atp_8,atp_23
55,Basel,Swiss Indoors,10/22/2025,ATP500,Indoor,Hard,2nd Round,3,Davidovich Fokina A.,Brooksby J.,18,55.0,2285,967.0,6.0,7.0,6.0,4.0,7.0,5.0,,,,,2.0,1.0,Completed,1.67,2.2,1.76,2.19,1.73,2.23,1.69,2.15,1.81,2.2,davidovich fokina a.,brooksby j.,atp_17,atp_41
55,Basel,Swiss Indoors,10/22/2025,ATP500,Indoor,Hard,2nd Round,3,Fonseca J.,Mensik J.,46,19.0,1129,2265.0,,,,,,,,,,,,,Walkover,1.67,2.2,1.7,2.28,1.67,2.28,1.66,2.21,1.7,2.4,fonseca j.,mensik j.,atp_40,atp_26
55,Basel,Swiss Indoors,10/23/2025,ATP500,Indoor,Hard,2nd Round,3,Auger-Aliassime F.,Cilic M.,12,89.0,3145,709.0,7.0,6.0,7.0,6.0,,,,,,,2.0,0.0,Completed,1.3,3.5,,,1.33,3.6,1.32,3.38,1.35,3.8,augeraliassime f.,cilic m.,,atp_54
55,Basel,Swiss Indoors,10/23/2025,ATP500,Indoor,Hard,2nd Round,3,Shapovalov D.,Royer V.,23,69.0,1928,869.0,7.0,6.0,6.0,2.0,,,,,,,2.0,0.0,Completed,1.57,2.38,,,1.73,2.5,1.6,2.3,1.64,2.54,shapovalov d.,royer v.,atp_38,atp_71
55,Basel,Swiss Indoors,10/23/2025,ATP500,Indoor,Hard,2nd Round,3,Munar J.,Shelton B.,42,6.0,1208,4100.0,6.0,3.0,6.0,4.0,,,,,,,2.0,0.0,Completed,2.63,1.5,,,2.7,1.53,2.57,1.49,2.56,1.63,munar j.,shelton b.,atp_37,atp_9
55,Basel,Swiss Indoors,10/23/2025,ATP500,Indoor,Hard,2nd Round,3,Opelka R.,Van De Zandschulp B.,62,82.0,895,752.0,7.0,6.0,6.0,7.0,6.0,3.0,,,,,2.0,1.0,Completed,2,1.8,,,2.02,1.82,2.0,1.8,2.1,1.87,opelka r.,van de zandschulp b.,atp_64,atp_62
55,Basel,Swiss Indoors,10/23/2025,ATP500,Indoor,Hard,2nd Round,3,Ruud C.,Wawrinka S.,11,158.0,3145,372.0,6.0,4.0,7.0,6.0,,,,,,,2.0,0.0,Completed,1.2,4.5,,,1.22,4.75,1.21,4.29,1.23,5.2,ruud c.,wawrinka s.,atp_12,atp_98
55,Basel,Swiss Indoors,10/23/2025,ATP500,Indoor,Hard,2nd Round,3,Humbert U.,Fritz T.,24,4.0,1880,4645.0,6.0,3.0,6.0,4.0,,,,,,,2.0,0.0,Completed,2.75,1.44,,,2.85,1.5,2.7,1.46,2.94,1.5,humbert u.,fritz t.,atp_34,atp_8
55,Basel,Swiss Indoors,10/24/2025,ATP500,Indoor,Hard,Quarterfinals,3,Munar J.,Auger-Aliassime F.,42,12.0,1208,3145.0,6.0,3.0,,,,,,,,,1.0,0.0,Retired,3.4,1.33,,,3.6,1.34,3.42,1.31,4.0,1.32,munar j.,augeraliassime f.,atp_37,
55,Basel,Swiss Indoors,10/24/2025,ATP500,Indoor,Hard,Quarterfinals,3,Fonseca J.,Shapovalov D.,46,23.0,1129,1928.0,3.0,6.0,6.0,3.0,4.0,1.0,,,,,1.0,1.0,Retired,1.8,2.0,,,1.8,2.08,1.79,2.01,1.86,2.12,fonseca j.,shapovalov d.,atp_40,atp_38
55,Basel,Swiss Indoors,10/24/2025,ATP500,Indoor,Hard,Quarterfinals,3,Humbert U.,Opelka R.,24,62.0,1880,895.0,7.0,6.0,6.0,4.0,,,,,,,2.0,0.0,Completed,1.36,3.2,,,1.4,3.2,1.37,3.07,1.42,3.3,humbert u.,opelka r.,atp_34,atp_64
55,Basel,Swiss Indoors,10/24/2025,ATP500,Indoor,Hard,Quarterfinals,3,Davidovich Fokina A.,Ruud C.,18,11.0,2285,3145.0,7.0,6.0,,,,,,,,,1.0,0.0,Retired,2.75,1.44,,,2.75,1.5,2.62,1.48,2.78,1.55,davidovich fokina a.,ruud c.,atp_17,atp_12
55,Basel,Swiss Indoors,10/25/2025,ATP500,Indoor,Hard,Semifinals,3,Fonseca J.,Munar J.,46,42.0,1129,1208.0,7.0,6.0,7.0,5.0,,,,,,,2.0,0.0,Completed,1.67,2.2,,,1.72,2.24,1.68,2.15,1.78,2.26,fonseca j.,munar j.,atp_40,atp_37
55,Basel,Swiss Indoors,10/25/2025,ATP500,Indoor,Hard,Semifinals,3,Davidovich Fokina A.,Humbert U.,18,24.0,2285,1880.0,7.0,6.0,3.0,1.0,,,,,,,1.0,0.0,Retired,2.38,1.57,,,2.4,1.73,2.3,1.6,2.38,1.72,davidovich fokina a.,humbert u.,atp_17,atp_34
55,Basel,Swiss Indoors,10/26/2025,ATP500,Indoor,Hard,The Final,3,Fonseca J.,Davidovich Fokina A.,46,18.0,1129,2285.0,6.0,3.0,6.0,4.0,,,,,,,2.0,0.0,Completed,1.73,2.1,,,1.83,2.1,1.8,2.0,1.87,2.12,fonseca j.,davidovich fokina a.,atp_40,atp_17
56,Vienna,Vienna Open,10/20/2025,ATP500,Indoor,Hard,1st Round,3,Nakashima B.,Darderi L.,32,26.0,1470,1649.0,6.0,2.0,7.0,5.0,,,,,,,2.0,0.0,Completed,1.3,3.5,1.36,3.38,1.34,3.5,1.33,3.28,1.38,3.55,nakashima b.,darderi l.,atp_33,atp_19
56,Vienna,Vienna Open,10/20/2025,ATP500,Indoor,Hard,1st Round,3,Bublik A.,Tabilo A.,16,75.0,2430,792.0,6.0,4.0,6.0,4.0,,,,,,,2.0,0.0,Completed,1.44,2.75,1.45,2.94,1.44,2.9,1.41,2.82,1.49,3.0,bublik a.,tabilo a.,atp_11,atp_39
56,Vienna,Vienna Open,10/20/2025,ATP500,Indoor,Hard,1st Round,3,Arnaldi M.,Kovacevic A.,72,65.0,818,877.0,7.0,5.0,6.0,4.0,,,,,,,2.0,0.0,Completed,1.53,2.5,1.59,2.47,1.58,2.5,1.54,2.42,1.62,2.58,arnaldi m.,kovacevic a.,atp_107,atp_85
56,Vienna,Vienna Open,10/20/2025,ATP500,Indoor,Hard,1st Round,3,De Minaur A.,Rodionov J.,7,154.0,3935,383.0,6.0,4.0,6.0,1.0,,,,,,,2.0,0.0,Completed,1.06,10.0,1.07,11.58,1.06,10.0,1.05,9.18,1.07,14.5,de minaur a.,rodionov j.,atp_6,atp_178
56,Vienna,Vienna Open,10/20/2025,ATP500,Indoor,Hard,1st Round,3,Griekspoor T.,Khachanov K.,28,13.0,1565,2950.0,6.0,3.0,5.0,7.0,6.0,4.0,,,,,2.0,1.0,Completed,2.5,1.53,2.56,1.56,2.6,1.53,2.5,1.52,2.68,1.58,griekspoor t.,khachanov k.,atp_30,atp_15
56,Vienna,Vienna Open,10/21/2025,ATP500,Indoor,Hard,1st Round,3,Misolic F.,Ugo Carabelli C.,95,50.0,676,1053.0,7.0,5.0,7.0,6.0,,,,,,,2.0,0.0,Completed,1.4,3.0,1.42,3.06,1.42,3.0,1.4,2.88,1.45,3.1,misolic f.,ugo carabelli c.,atp_86,atp_67
56,Vienna,Vienna Open,10/21/2025,ATP500,Indoor,Hard,1st Round,3,Norrie C.,Rublev A.,35,15.0,1433,2560.0,6.0,2.0,6.0,7.0,6.0,2.0,,,,,2.0,1.0,Completed,2.75,1.44,2.68,1.53,2.75,1.5,2.64,1.47,2.84,1.52,norrie c.,rublev a.,atp_24,atp_16
56,Vienna,Vienna Open,10/21/2025,ATP500,Indoor,Hard,1st Round,3,Etcheverry T.,Budkov Kjaer N.,60,137.0,905,473.0,6.0,3.0,6.0,3.0,,,,,,,2.0,0.0,Completed,1.67,2.2,1.75,2.18,1.73,2.2,1.68,2.14,1.8,2.22,etcheverry t.,budkov kjaer n.,,atp_141
56,Vienna,Vienna Open,10/21/2025,ATP500,Indoor,Hard,1st Round,3,Cerundolo F.,Michelsen A.,21,34.0,2085,1440.0,6.0,3.0,6.0,1.0,,,,,,,2.0,0.0,Completed,2,1.8,1.93,1.95,2.0,1.91,1.97,1.82,2.06,1.9,cerundolo f.,michelsen a.,atp_20,atp_35
56,Vienna,Vienna Open,10/21/2025,ATP500,Indoor,Hard,1st Round,3,Musetti L.,Medjedovic H.,8,67.0,3685,875.0,6.0,4.0,6.0,3.0,,,,,,,2.0,0.0,Completed,1.4,3.0,,,1.4,3.1,1.37,3.04,1.43,3.25,musetti l.,medjedovic h.,atp_5,atp_81
56,Vienna,Vienna Open,10/21/2025,ATP500,Indoor,Hard,1st Round,3,Zverev A.,Fearnley J.,3,81.0,5930,754.0,6.0,4.0,1.0,6.0,7.0,6.0,,,,,2.0,1.0,Completed,1.29,3.75,1.31,3.73,1.29,3.8,1.27,3.68,1.32,4.0,zverev a.,fearnley j.,atp_3,atp_97
56,Vienna,Vienna Open,10/22/2025,ATP500,Indoor,Hard,1st Round,3,Cobolli F.,Machac T.,22,31.0,1975,1545.0,7.0,6.0,6.0,2.0,,,,,,,2.0,0.0,Completed,2.3,1.62,2.47,1.6,2.45,1.62,2.34,1.58,2.48,1.67,cobolli f.,machac t.,atp_13,atp_55
56,Vienna,Vienna Open,10/22/2025,ATP500,Indoor,Hard,1st Round,3,Berrettini M.,Popyrin A.,59,48.0,905,1090.0,7.0,6.0,6.0,3.0,,,,,,,2.0,0.0,Completed,1.67,2.2,1.72,2.24,1.71,2.21,1.67,2.18,1.75,2.3,berrettini m.,popyrin a.,atp_91,atp_45
56,Vienna,Vienna Open,10/22/2025,ATP500,Indoor,Hard,1st Round,3,Moutet C.,Dzumhur D.,36,63.0,1398,883.0,6.0,3.0,6.0,0.0,,,,,,,2.0,0.0,Completed,1.53,2.5,1.6,2.49,1.57,2.5,1.54,2.44,1.6,2.64,moutet c.,dzumhur d.,atp_32,atp_74
56,Vienna,Vienna Open,10/22/2025,ATP500,Indoor,Hard,1st Round,3,Medvedev D.,Borges N.,14,47.0,2810,1120.0,6.0,4.0,6.0,7.0,6.0,2.0,,,,,2.0,1.0,Completed,1.2,4.5,1.23,4.57,1.24,4.5,1.22,4.23,1.23,5.2,medvedev d.,borges n.,atp_10,atp_48
56,Vienna,Vienna Open,10/22/2025,ATP500,Indoor,Hard,1st Round,3,Sinner J.,Altmaier D.,2,51.0,10000,1048.0,6.0,0.0,6.0,2.0,,,,,,,2.0,0.0,Completed,1.02,21.0,1.02,23.06,1.03,21.0,1.02,15.57,1.02,34.0,sinner j.,altmaier d.,atp_2,atp_52
56,Vienna,Vienna Open,10/22/2025,ATP500,Indoor,Hard,2nd Round,3,Griekspoor T.,Nakashima B.,28,32.0,1565,1470.0,7.0,6.0,7.0,6.0,,,,,,,2.0,0.0,Completed,1.91,1.91,2.0,1.91,1.95,1.91,1.9,1.88,2.0,1.97,griekspoor t.,nakashima b.,atp_30,atp_33
56,Vienna,Vienna Open,10/22/2025,ATP500,Indoor,Hard,2nd Round,3,De Minaur A.,Misolic F.,7,95.0,3935,676.0,6.0,4.0,6.0,4.0,,,,,,,2.0,0.0,Completed,1.06,10.0,1.07,12.43,1.07,10.0,1.06,9.3,1.08,12.5,de minaur a.,misolic f.,atp_6,atp_86
56,Vienna,Vienna Open,10/23/2025,ATP500,Indoor,Hard,2nd Round,3,Berrettini M.,Norrie C.,59,35.0,905,1433.0,7.0,6.0,6.0,7.0,6.0,4.0,,,,,2.0,1.0,Completed,1.67,2.2,,,1.7,2.38,1.64,2.22,1.7,2.4,berrettini m.,norrie c.,atp_91,atp_24
56,Vienna,Vienna Open,10/23/2025,ATP500,Indoor,Hard,2nd Round,3,Moutet C.,Medvedev D.,36,14.0,1398,2810.0,7.0,6.0,6.0,4.0,,,,,,,2.0,0.0,Completed,3,1.4,,,3.0,1.44,2.85,1.41,3.2,1.45,moutet c.,medvedev d.,atp_32,atp_10
56,Vienna,Vienna Open,10/23/2025,ATP500,Indoor,Hard,2nd Round,3,Bublik A.,Cerundolo F.,16,21.0,2430,2085.0,6.0,4.0,6.0,2.0,,,,,,,2.0,0.0,Completed,1.57,2.38,,,1.58,2.5,1.55,2.43,1.61,2.6,bublik a.,cerundolo f.,atp_11,atp_20
56,Vienna,Vienna Open,10/23/2025,ATP500,Indoor,Hard,2nd Round,3,Zverev A.,Arnaldi M.,3,72.0,5930,818.0,6.0,4.0,6.0,4.0,,,,,,,2.0,0.0,Completed,1.29,3.75,,,1.33,3.8,1.29,3.53,1.33,3.95,zverev a.,arnaldi m.,atp_3,atp_107
56,Vienna,Vienna Open,10/23/2025,ATP500,Indoor,Hard,2nd Round,3,Sinner J.,Cobolli F.,2,22.0,10000,1975.0,6.0,2.0,7.0,6.0,,,,,,,2.0,0.0,Completed,1.03,17.0,,,1.04,19.0,1.03,14.25,1.03,28.0,sinner j.,cobolli f.,atp_2,atp_13
56,Vienna,Vienna Open,10/23/2025,ATP500,Indoor,Hard,2nd Round,3,Musetti L.,Etcheverry T.,8,60.0,3685,905.0,6.0,3.0,6.0,4.0,,,,,,,2.0,0.0,Completed,1.25,4.0,,,1.3,4.0,1.26,3.74,1.31,4.1,musetti l.,etcheverry t.,atp_5,
56,Vienna,Vienna Open,10/24/2025,ATP500,Indoor,Hard,Quarterfinals,3,De Minaur A.,Berrettini M.,7,59.0,3935,905.0,6.0,1.0,7.0,6.0,,,,,,,2.0,0.0,Completed,1.29,3.75,,,1.3,3.75,1.3,3.5,1.32,3.95,de minaur a.,berrettini m.,atp_6,atp_91
56,Vienna,Vienna Open,10/24/2025,ATP500,Indoor,Hard,Quarterfinals,3,Zverev A.,Griekspoor T.,3,28.0,5930,1565.0,,,,,,,,,,,,,Walkover,1.44,2.75,,,1.48,2.75,1.46,2.67,1.49,2.96,zverev a.,griekspoor t.,atp_3,atp_30
56,Vienna,Vienna Open,10/24/2025,ATP500,Indoor,Hard,Quarterfinals,3,Sinner J.,Bublik A.,2,16.0,10000,2430.0,6.0,4.0,6.0,4.0,,,,,,,2.0,0.0,Completed,1.06,10.0,,,1.07,10.0,1.06,8.63,1.08,12.0,sinner j.,bublik a.,atp_2,atp_11
56,Vienna,Vienna Open,10/24/2025,ATP500,Indoor,Hard,Quarterfinals,3,Musetti L.,Moutet C.,8,36.0,3685,1398.0,6.0,3.0,6.0,4.0,,,,,,,2.0,0.0,Completed,1.4,3.0,,,1.45,3.0,1.42,2.82,1.5,2.92,musetti l.,moutet c.,atp_5,atp_32
56,Vienna,Vienna Open,10/25/2025,ATP500,Indoor,Hard,Semifinals,3,Sinner J.,De Minaur A.,2,7.0,10000,3935.0,6.0,3.0,6.0,4.0,,,,,,,2.0,0.0,Completed,1.1,7.0,,,1.12,8.0,1.1,6.8,1.12,8.8,sinner j.,de minaur a.,atp_2,atp_6
56,Vienna,Vienna Open,10/25/2025,ATP500,Indoor,Hard,Semifinals,3,Zverev A.,Musetti L.,3,8.0,5930,3685.0,6.0,4.0,7.0,5.0,,,,,,,2.0,0.0,Completed,1.91,1.91,,,1.94,2.0,1.88,1.9,1.98,2.0,zverev a.,musetti l.,atp_3,atp_5
56,Vienna,Vienna Open,10/26/2025,ATP500,Indoor,Hard,The Final,3,Sinner J.,Zverev A.,2,3.0,10000,5930.0,3.0,6.0,6.0,3.0,7.0,5.0,,,,,2.0,1.0,Completed,1.1,7.0,,,1.11,7.5,1.1,6.96,1.13,8.4,sinner j.,zverev a.,atp_2,atp_3
57,Paris,BNP Paribas Masters,10/27/2025,Masters 1000,Indoor,Hard,1st Round,3,Cobolli F.,Machac T.,23,34.0,1975,1445.0,6.0,1.0,6.0,4.0,,,,,,,2.0,0.0,Completed,1.73,2.1,,,1.8,2.1,1.75,2.04,1.87,2.14,cobolli f.,machac t.,atp_13,atp_55
57,Paris,BNP Paribas Masters,10/27/2025,Masters 1000,Indoor,Hard,1st Round,3,Altmaier D.,Giron M.,50,65.0,1039,885.0,6.0,2.0,7.0,6.0,,,,,,,2.0,0.0,Completed,2.5,1.53,,,2.55,1.54,2.48,1.52,2.74,1.55,altmaier d.,giron m.,atp_52,atp_66
57,Paris,BNP Paribas Masters,10/27/2025,Masters 1000,Indoor,Hard,1st Round,3,Cazaux A.,Darderi L.,62,27.0,902,1624.0,7.0,6.0,7.0,6.0,,,,,,,2.0,0.0,Completed,1.4,3.0,,,1.4,3.25,1.36,3.08,1.4,3.4,cazaux a.,darderi l.,atp_68,atp_19
57,Paris,BNP Paribas Masters,10/27/2025,Masters 1000,Indoor,Hard,1st Round,3,Norrie C.,Baez S.,31,43.0,1483,1155.0,6.0,3.0,6.0,4.0,,,,,,,2.0,0.0,Completed,1.2,4.5,,,1.22,4.7,1.2,4.42,1.25,4.8,norrie c.,baez s.,atp_24,atp_50
57,Paris,BNP Paribas Masters,10/27/2025,Masters 1000,Indoor,Hard,1st Round,3,Tien L.,Borges N.,39,46.0,1316,1120.0,6.0,2.0,7.0,6.0,,,,,,,2.0,0.0,Completed,1.53,2.5,,,1.57,2.5,1.54,2.45,1.62,2.56,tien l.,borges n.,atp_22,atp_48
57,Paris,BNP Paribas Masters,10/27/2025,Masters 1000,Indoor,Hard,1st Round,3,Rinderknech A.,Marozsan F.,29,48.0,1590,1065.0,7.0,6.0,7.0,6.0,,,,,,,2.0,0.0,Completed,1.73,2.1,,,1.75,2.2,1.71,2.11,1.83,2.18,rinderknech a.,marozsan f.,atp_27,atp_47
57,Paris,BNP Paribas Masters,10/27/2025,Masters 1000,Indoor,Hard,1st Round,3,Vukic A.,Atmane T.,103,69.0,633,874.0,6.0,4.0,2.0,6.0,6.0,4.0,,,,,2.0,1.0,Completed,1.8,2.0,,,1.91,2.0,1.84,1.93,1.95,2.02,vukic a.,atmane t.,atp_84,atp_44
57,Paris,BNP Paribas Masters,10/27/2025,Masters 1000,Indoor,Hard,1st Round,3,Kecmanovic M.,Kovacevic A.,53,64.0,1001,889.0,6.0,4.0,1.0,6.0,7.0,6.0,,,,,2.0,1.0,Completed,1.62,2.3,,,1.73,2.3,1.64,2.22,1.7,2.38,kecmanovic m.,kovacevic a.,atp_58,atp_85
57,Paris,BNP Paribas Masters,10/27/2025,Masters 1000,Indoor,Hard,1st Round,3,Cerundolo F.,Dzumhur D.,21,63.0,2085,898.0,6.0,3.0,6.0,3.0,,,,,,,2.0,0.0,Completed,1.36,3.2,,,1.37,3.35,1.34,3.18,1.39,3.5,cerundolo f.,dzumhur d.,atp_20,atp_74
57,Paris,BNP Paribas Masters,10/27/2025,Masters 1000,Indoor,Hard,1st Round,3,Rublev A.,Fearnley J.,17,78.0,2470,769.0,6.0,1.0,6.0,4.0,,,,,,,2.0,0.0,Completed,1.57,2.38,,,1.67,2.38,1.64,2.22,1.78,2.28,rublev a.,fearnley j.,atp_16,atp_97
57,Paris,BNP Paribas Masters,10/27/2025,Masters 1000,Indoor,Hard,1st Round,3,Bublik A.,Popyrin A.,16,47.0,2520,1090.0,6.0,4.0,6.0,3.0,,,,,,,2.0,0.0,Completed,1.4,3.0,,,1.41,3.0,1.4,2.91,1.46,3.1,bublik a.,popyrin a.,atp_11,atp_45
57,Paris,BNP Paribas Masters,10/27/2025,Masters 1000,Indoor,Hard,1st Round,3,Bergs Z.,Michelsen A.,41,35.0,1274,1440.0,6.0,3.0,2.0,6.0,6.0,2.0,,,,,2.0,1.0,Completed,2,1.8,,,2.0,1.9,1.92,1.85,2.06,1.92,bergs z.,michelsen a.,atp_46,atp_35
57,Paris,BNP Paribas Masters,10/27/2025,Masters 1000,Indoor,Hard,1st Round,3,Sonego L.,Korda S.,45,54.0,1130,970.0,6.0,2.0,6.0,3.0,,,,,,,2.0,0.0,Completed,2.75,1.44,,,2.75,1.5,2.64,1.47,2.8,1.54,sonego l.,korda s.,atp_63,atp_42
57,Paris,BNP Paribas Masters,10/27/2025,Masters 1000,Indoor,Hard,1st Round,3,Muller A.,Nakashima B.,44,33.0,1150,1470.0,6.0,2.0,7.0,5.0,,,,,,,2.0,0.0,Completed,3.4,1.33,,,3.5,1.33,3.4,1.31,3.55,1.37,muller a.,nakashima b.,atp_94,atp_33
57,Paris,BNP Paribas Masters,10/27/2025,Masters 1000,Indoor,Hard,1st Round,3,Dimitrov G.,Mpetshi Perricard G.,38,56.0,1330,965.0,7.0,6.0,6.0,1.0,,,,,,,2.0,0.0,Completed,2.5,1.53,,,2.5,1.6,2.34,1.57,2.3,1.75,dimitrov g.,mpetshi perricard g.,atp_93,atp_57
57,Paris,BNP Paribas Masters,10/27/2025,Masters 1000,Indoor,Hard,1st Round,3,Khachanov K.,Quinn E.,14,71.0,2620,837.0,6.0,1.0,6.0,1.0,,,,,,,2.0,0.0,Completed,1.4,3.0,,,1.4,3.15,1.38,2.95,1.43,3.3,khachanov k.,quinn e.,atp_15,atp_56
57,Paris,BNP Paribas Masters,10/28/2025,Masters 1000,Indoor,Hard,1st Round,3,Diallo G.,Griekspoor T.,42,25.0,1228,1655.0,6.0,3.0,6.0,4.0,,,,,,,2.0,0.0,Completed,2,1.8,,,2.05,1.83,1.98,1.8,2.08,1.9,diallo g.,griekspoor t.,atp_36,atp_30
57,Paris,BNP Paribas Masters,10/28/2025,Masters 1000,Indoor,Hard,1st Round,3,Ugo Carabelli C.,Etcheverry T. M.,49,58.0,1053,930.0,7.0,5.0,6.0,3.0,,,,,,,2.0,0.0,Completed,5.5,1.14,,,5.5,1.18,4.96,1.17,5.3,1.21,ugo carabelli c.,etcheverry t. m.,atp_67,
57,Paris,BNP Paribas Masters,10/28/2025,Masters 1000,Indoor,Hard,1st Round,3,Vacherot V.,Lehecka J.,40,18.0,1283,2415.0,6.0,1.0,6.0,3.0,,,,,,,2.0,0.0,Completed,2.75,1.44,,,2.75,1.57,2.53,1.51,2.76,1.55,vacherot v.,lehecka j.,atp_23,atp_14
57,Paris,BNP Paribas Masters,10/28/2025,Masters 1000,Indoor,Hard,1st Round,3,Auger-Aliassime F.,Comesana F.,10,68.0,3195,880.0,6.0,7.0,6.0,3.0,6.0,3.0,,,,,2.0,1.0,Completed,1.2,4.5,,,1.23,4.5,1.21,4.28,1.24,5.0,augeraliassime f.,comesana f.,,atp_87
57,Paris,BNP Paribas Masters,10/28/2025,Masters 1000,Indoor,Hard,1st Round,3,Moutet C.,Opelka R.,32,52.0,1473,1010.0,3.0,6.0,7.0,5.0,6.0,1.0,,,,,2.0,1.0,Completed,1.44,2.75,,,1.47,2.9,1.43,2.79,1.46,3.1,moutet c.,opelka r.,atp_32,atp_64
57,Paris,BNP Paribas Masters,10/28/2025,Masters 1000,Indoor,Hard,1st Round,3,Fonseca J.,Shapovalov D.,28,24.0,1615,1928.0,5.0,7.0,6.0,4.0,6.0,3.0,,,,,2.0,1.0,Completed,1.5,2.63,,,1.62,2.63,1.58,2.32,1.62,2.58,fonseca j.,shapovalov d.,atp_40,atp_38
57,Paris,BNP Paribas Masters,10/28/2025,Masters 1000,Indoor,Hard,1st Round,3,Medvedev D.,Munar J.,13,36.0,2810,1395.0,6.0,1.0,6.0,3.0,,,,,,,2.0,0.0,Completed,1.44,2.75,,,1.44,3.05,1.41,2.85,1.47,3.1,medvedev d.,munar j.,atp_10,atp_37
57,Paris,BNP Paribas Masters,10/28/2025,Masters 1000,Indoor,Hard,1st Round,3,Davidovich Fokina A.,Royer V.,15,59.0,2585,922.0,4.0,6.0,6.0,1.0,6.0,4.0,,,,,2.0,1.0,Completed,1.44,2.75,,,1.5,2.75,1.45,2.69,1.48,3.0,davidovich fokina a.,royer v.,atp_17,atp_71
57,Paris,BNP Paribas Masters,10/28/2025,Masters 1000,Indoor,Hard,2nd Round,3,Shelton B.,Cobolli F.,7,23.0,3820,1975.0,7.0,6.0,6.0,3.0,,,,,,,2.0,0.0,Completed,2,1.8,,,2.0,1.86,1.97,1.81,2.04,1.93,shelton b.,cobolli f.,atp_9,atp_13
57,Paris,BNP Paribas Masters,10/28/2025,Masters 1000,Indoor,Hard,2nd Round,3,Norrie C.,Alcaraz C.,31,1.0,1483,11340.0,4.0,6.0,6.0,3.0,6.0,4.0,,,,,2.0,1.0,Completed,11,1.05,,,13.0,1.06,10.54,1.05,18.5,1.05,norrie c.,alcaraz c.,atp_24,atp_1
57,Paris,BNP Paribas Masters,10/28/2025,Masters 1000,Indoor,Hard,2nd Round,3,Rublev A.,Tien L.,17,39.0,2470,1316.0,6.0,4.0,6.0,4.0,,,,,,,2.0,0.0,Completed,1.91,1.91,,,1.91,1.97,1.86,1.92,2.0,1.99,rublev a.,tien l.,atp_16,atp_22
57,Paris,BNP Paribas Masters,10/28/2025,Masters 1000,Indoor,Hard,2nd Round,3,Fritz T.,Vukic A.,4,103.0,4685,633.0,7.0,6.0,6.0,2.0,,,,,,,2.0,0.0,Completed,1.1,7.0,,,1.1,7.0,1.1,6.79,1.13,8.0,fritz t.,vukic a.,atp_8,atp_84
57,Paris,BNP Paribas Masters,10/29/2025,Masters 1000,Indoor,Hard,2nd Round,3,Altmaier D.,Ruud C.,50,9.0,1039,3235.0,6.0,3.0,7.0,5.0,,,,,,,2.0,0.0,Completed,3.4,1.33,3.32,1.38,3.4,1.36,3.24,1.34,3.55,1.38,altmaier d.,ruud c.,atp_52,atp_12
57,Paris,BNP Paribas Masters,10/29/2025,Masters 1000,Indoor,Hard,2nd Round,3,Vacherot V.,Rinderknech A.,40,29.0,1283,1590.0,6.0,7.0,6.0,3.0,6.0,4.0,,,,,2.0,1.0,Completed,1.62,2.3,1.68,2.33,1.73,2.32,1.62,2.26,1.7,2.42,vacherot v.,rinderknech a.,atp_23,atp_27
57,Paris,BNP Paribas Masters,10/29/2025,Masters 1000,Indoor,Hard,2nd Round,3,Cerundolo F.,Kecmanovic M.,21,53.0,2085,1001.0,7.0,5.0,1.0,6.0,7.0,6.0,,,,,2.0,1.0,Completed,1.4,3.0,1.45,2.97,1.45,3.5,1.4,2.86,1.45,3.15,cerundolo f.,kecmanovic m.,atp_20,atp_58
57,Paris,BNP Paribas Masters,10/29/2025,Masters 1000,Indoor,Hard,2nd Round,3,Auger-Aliassime F.,Muller A.,10,44.0,3195,1150.0,5.0,7.0,7.0,6.0,7.0,6.0,,,,,2.0,1.0,Completed,1.29,4.0,1.31,3.83,1.36,4.0,1.27,3.71,1.31,4.1,augeraliassime f.,muller a.,,atp_94
57,Paris,BNP Paribas Masters,10/29/2025,Masters 1000,Indoor,Hard,2nd Round,3,Medvedev D.,Dimitrov G.,13,38.0,2810,1330.0,,,,,,,,,,,,,Walkover,1.3,3.5,1.3,3.95,1.3,3.75,1.29,3.53,1.34,3.85,medvedev d.,dimitrov g.,atp_10,atp_93
57,Paris,BNP Paribas Masters,10/29/2025,Masters 1000,Indoor,Hard,2nd Round,3,Zverev A.,Ugo Carabelli C.,3,49.0,6160,1053.0,6.0,7.0,6.0,1.0,7.0,5.0,,,,,2.0,1.0,Completed,1.03,15.0,1.05,14.76,1.2,15.0,1.05,11.58,1.05,17.5,zverev a.,ugo carabelli c.,atp_3,atp_67
57,Paris,BNP Paribas Masters,10/29/2025,Masters 1000,Indoor,Hard,2nd Round,3,Davidovich Fokina A.,Cazaux A.,15,62.0,2585,902.0,7.0,6.0,6.0,4.0,,,,,,,2.0,0.0,Completed,1.53,2.5,1.56,2.61,1.55,2.55,1.53,2.47,1.6,2.64,davidovich fokina a.,cazaux a.,atp_17,atp_68
57,Paris,BNP Paribas Masters,10/29/2025,Masters 1000,Indoor,Hard,2nd Round,3,Sinner J.,Bergs Z.,2,41.0,10500,1274.0,6.0,4.0,6.0,2.0,,,,,,,2.0,0.0,Completed,1.03,15.0,1.07,8.98,1.04,17.0,1.03,12.75,1.06,16.0,sinner j.,bergs z.,atp_2,atp_46
57,Paris,BNP Paribas Masters,10/29/2025,Masters 1000,Indoor,Hard,2nd Round,3,Sonego L.,Musetti L.,45,8.0,1130,3685.0,3.0,6.0,6.0,3.0,6.0,1.0,,,,,2.0,1.0,Completed,3.75,1.29,3.9,1.3,3.75,1.33,3.48,1.3,4.0,1.33,sonego l.,musetti l.,atp_63,atp_5
57,Paris,BNP Paribas Masters,10/29/2025,Masters 1000,Indoor,Hard,2nd Round,3,Bublik A.,Moutet C.,16,32.0,2520,1473.0,6.0,3.0,7.0,5.0,,,,,,,2.0,0.0,Completed,1.62,2.3,1.63,2.45,1.63,2.38,1.6,2.3,1.64,2.54,bublik a.,moutet c.,atp_11,atp_32
57,Paris,BNP Paribas Masters,10/29/2025,Masters 1000,Indoor,Hard,2nd Round,3,De Minaur A.,Diallo G.,6,42.0,3935,1228.0,7.0,6.0,4.0,6.0,6.0,3.0,,,,,2.0,1.0,Completed,1.29,3.75,1.3,3.94,1.3,3.75,1.29,3.55,1.32,4.0,de minaur a.,diallo g.,atp_6,atp_36
57,Paris,BNP Paribas Masters,10/29/2025,Masters 1000,Indoor,Hard,2nd Round,3,Khachanov K.,Fonseca J.,14,28.0,2620,1615.0,6.0,1.0,3.0,6.0,6.0,3.0,,,,,2.0,1.0,Completed,1.73,2.1,1.74,2.23,1.73,2.2,1.7,2.12,1.75,2.3,khachanov k.,fonseca j.,atp_15,atp_40
57,Paris,BNP Paribas Masters,10/30/2025,Masters 1000,Indoor,Hard,3rd Round,3,Vacherot V.,Norrie C.,40,31.0,1283,1483.0,7.0,6.0,6.0,4.0,,,,,,,2.0,0.0,Completed,1.73,2.1,1.79,2.15,1.8,2.1,1.73,2.08,1.86,2.14,vacherot v.,norrie c.,atp_23,atp_24
57,Paris,BNP Paribas Masters,10/30/2025,Masters 1000,Indoor,Hard,3rd Round,3,Auger-Aliassime F.,Altmaier D.,10,50.0,3195,1039.0,3.0,6.0,6.0,3.0,6.0,2.0,,,,,2.0,1.0,Completed,1.4,3.0,1.52,2.71,1.44,3.1,1.41,2.86,1.47,3.05,augeraliassime f.,altmaier d.,,atp_52
57,Paris,BNP Paribas Masters,10/30/2025,Masters 1000,Indoor,Hard,3rd Round,3,Shelton B.,Rublev A.,7,17.0,3820,2470.0,7.0,6.0,6.0,3.0,,,,,,,2.0,0.0,Completed,1.67,2.2,1.77,2.18,1.73,2.3,1.67,2.17,1.78,2.26,shelton b.,rublev a.,atp_9,atp_16
57,Paris,BNP Paribas Masters,10/30/2025,Masters 1000,Indoor,Hard,3rd Round,3,Bublik A.,Fritz T.,16,4.0,2520,4685.0,7.0,6.0,6.0,2.0,,,,,,,2.0,0.0,Completed,2.1,1.73,2.09,1.83,2.2,1.76,2.07,1.73,2.16,1.84,bublik a.,fritz t.,atp_11,atp_8
57,Paris,BNP Paribas Masters,10/30/2025,Masters 1000,Indoor,Hard,3rd Round,3,De Minaur A.,Khachanov K.,6,14.0,3935,2620.0,6.0,2.0,6.0,2.0,,,,,,,2.0,0.0,Completed,1.62,2.3,1.63,2.43,1.67,2.3,1.63,2.23,1.66,2.48,de minaur a.,khachanov k.,atp_6,atp_15
57,Paris,BNP Paribas Masters,10/30/2025,Masters 1000,Indoor,Hard,3rd Round,3,Medvedev D.,Sonego L.,13,45.0,2810,1130.0,3.0,6.0,7.0,6.0,6.0,4.0,,,,,2.0,1.0,Completed,1.2,4.5,1.25,4.52,1.24,4.5,1.22,4.13,1.25,4.9,medvedev d.,sonego l.,atp_10,atp_63
57,Paris,BNP Paribas Masters,10/30/2025,Masters 1000,Indoor,Hard,3rd Round,3,Sinner J.,Cerundolo F.,2,21.0,10500,2085.0,7.0,5.0,6.0,1.0,,,,,,,2.0,0.0,Completed,1.04,13.0,1.04,13.08,1.04,13.0,1.03,11.75,1.06,15.5,sinner j.,cerundolo f.,atp_2,atp_20
57,Paris,BNP Paribas Masters,10/30/2025,Masters 1000,Indoor,Hard,3rd Round,3,Zverev A.,Davidovich Fokina A.,3,15.0,6160,2585.0,6.0,2.0,6.0,4.0,,,,,,,2.0,0.0,Completed,1.44,2.75,1.46,2.94,1.47,2.83,1.44,2.72,1.48,3.0,zverev a.,davidovich fokina a.,atp_3,atp_17
57,Paris,BNP Paribas Masters,10/31/2025,Masters 1000,Indoor,Hard,Quarterfinals,3,Auger-Aliassime F.,Vacherot V.,10,40.0,3195,1283.0,6.0,2.0,6.0,2.0,,,,,,,2.0,0.0,Completed,1.57,2.38,1.68,2.34,1.67,2.38,1.61,2.28,1.67,2.46,augeraliassime f.,vacherot v.,,atp_23
57,Paris,BNP Paribas Masters,10/31/2025,Masters 1000,Indoor,Hard,Quarterfinals,3,Bublik A.,De Minaur A.,16,6.0,2520,3935.0,6.0,7.0,6.0,4.0,7.0,5.0,,,,,2.0,1.0,Completed,2.1,1.73,2.14,1.8,2.11,1.78,2.05,1.74,2.2,1.81,bublik a.,de minaur a.,atp_11,atp_6
57,Paris,BNP Paribas Masters,10/31/2025,Masters 1000,Indoor,Hard,Quarterfinals,3,Sinner J.,Shelton B.,2,7.0,10500,3820.0,6.0,3.0,6.0,3.0,,,,,,,2.0,0.0,Completed,1.17,5.0,1.2,5.3,1.17,5.25,1.16,5.11,1.22,5.5,sinner j.,shelton b.,atp_2,atp_9
57,Paris,BNP Paribas Masters,10/31/2025,Masters 1000,Indoor,Hard,Quarterfinals,3,Zverev A.,Medvedev D.,3,13.0,6160,2810.0,2.0,6.0,6.0,3.0,7.0,6.0,,,,,2.0,1.0,Completed,2.1,1.73,2.12,1.81,2.1,1.8,2.04,1.75,2.12,1.86,zverev a.,medvedev d.,atp_3,atp_10
57,Paris,BNP Paribas Masters,11/1/2025,Masters 1000,Indoor,Hard,Semifinals,3,Auger-Aliassime F.,Bublik A.,10,16.0,3195,2520.0,7.0,6.0,6.0,4.0,,,,,,,2.0,0.0,Completed,1.91,1.91,1.94,1.96,1.95,1.95,1.9,1.88,2.0,1.99,augeraliassime f.,bublik a.,,atp_11
57,Paris,BNP Paribas Masters,11/1/2025,Masters 1000,Indoor,Hard,Semifinals,3,Sinner J.,Zverev A.,2,3.0,10500,6160.0,6.0,0.0,6.0,1.0,,,,,,,2.0,0.0,Completed,1.13,6.0,1.16,6.09,1.16,6.0,1.15,5.35,1.17,6.6,sinner j.,zverev a.,atp_2,atp_3
57,Paris,BNP Paribas Masters,11/2/2025,Masters 1000,Indoor,Hard,The Final,3,Sinner J.,Auger-Aliassime F.,2,10.0,10500,3195.0,6.0,4.0,7.0,6.0,,,,,,,2.0,0.0,Completed,1.1,7.0,,,1.11,7.5,1.1,7.02,1.11,9.2,sinner j.,augeraliassime f.,atp_2,
58,Athens,Hellenic Championship,11/2/2025,ATP250,Indoor,Hard,1st Round,3,Tabilo A.,Walton A.,89,83.0,696,740.0,7.0,6.0,6.0,7.0,7.0,5.0,,,,,2.0,1.0,Completed,1.44,2.75,1.46,2.89,1.48,2.75,1.45,2.65,1.55,2.74,tabilo a.,walton a.,atp_39,atp_105
58,Athens,Hellenic Championship,11/2/2025,ATP250,Indoor,Hard,1st Round,3,Borges N.,Sakellaridis S.,47,277.0,1120,194.0,7.0,6.0,6.0,3.0,,,,,,,2.0,0.0,Completed,1.2,4.5,1.24,4.44,1.23,4.5,1.2,4.34,1.25,4.8,borges n.,sakellaridis s.,atp_48,atp_225
58,Athens,Hellenic Championship,11/2/2025,ATP250,Indoor,Hard,1st Round,3,Korda S.,Popyrin A.,52,53.0,1010,1000.0,4.0,6.0,6.0,3.0,6.0,4.0,,,,,2.0,1.0,Completed,1.57,2.38,1.55,2.61,1.57,2.5,1.55,2.41,1.6,2.62,korda s.,popyrin a.,atp_42,atp_45
58,Athens,Hellenic Championship,11/3/2025,ATP250,Indoor,Hard,1st Round,3,Dzumhur D.,Fearnley J.,58,73.0,925,793.0,6.0,4.0,6.0,2.0,,,,,,,2.0,0.0,Completed,3.2,1.36,3.24,1.39,3.25,1.36,3.11,1.35,3.4,1.39,dzumhur d.,fearnley j.,atp_74,atp_97
58,Athens,Hellenic Championship,11/3/2025,ATP250,Indoor,Hard,1st Round,3,Spizzirri E.,Djere L.,96,82.0,668,746.0,1.0,6.0,7.0,6.0,6.0,2.0,,,,,2.0,1.0,Completed,1.44,2.75,1.51,2.73,1.52,2.75,1.46,2.65,1.53,2.84,spizzirri e.,djere l.,atp_79,atp_204
58,Athens,Hellenic Championship,11/3/2025,ATP250,Indoor,Hard,1st Round,3,Kecmanovic M.,Majchrzak K.,54,68.0,985,861.0,7.0,6.0,7.0,6.0,,,,,,,2.0,0.0,Completed,2,1.8,2.05,1.85,2.01,1.84,1.98,1.79,2.1,1.87,kecmanovic m.,majchrzak k.,atp_58,atp_53
58,Athens,Hellenic Championship,11/3/2025,ATP250,Indoor,Hard,1st Round,3,Wawrinka S.,Van De Zandschulp B.,159,80.0,372,756.0,2.0,6.0,7.0,6.0,7.0,5.0,,,,,2.0,1.0,Completed,2.63,1.5,2.72,1.5,2.7,1.55,2.57,1.49,2.82,1.54,wawrinka s.,van de zandschulp b.,atp_98,atp_62
58,Athens,Hellenic Championship,11/3/2025,ATP250,Indoor,Hard,1st Round,3,Muller A.,Struff J.L.,43,101.0,1190,648.0,6.0,3.0,2.0,6.0,7.0,6.0,,,,,2.0,1.0,Completed,2.3,1.62,2.31,1.68,2.31,1.62,2.26,1.61,2.48,1.66,muller a.,struff j.,atp_94,
58,Athens,Hellenic Championship,11/3/2025,ATP250,Indoor,Hard,1st Round,3,Kopriva V.,Opelka R.,92,50.0,677,1026.0,6.0,4.0,6.0,3.0,,,,,,,2.0,0.0,Completed,3.4,1.33,3.35,1.37,3.4,1.36,3.24,1.33,3.5,1.38,kopriva v.,opelka r.,atp_70,atp_64
58,Athens,Hellenic Championship,11/4/2025,ATP250,Indoor,Hard,1st Round,3,Etcheverry T.,McDonald M.,60,110.0,920,559.0,6.0,7.0,7.0,6.0,6.0,3.0,,,,,2.0,1.0,Completed,1.8,2.0,1.83,2.07,1.82,2.1,1.76,2.01,1.94,2.04,etcheverry t.,mcdonald m.,,atp_125
58,Athens,Hellenic Championship,11/4/2025,ATP250,Indoor,Hard,1st Round,3,Hanfmann Y.,Ivanov I.,117,935.0,518,19.0,6.0,4.0,6.0,2.0,,,,,,,2.0,0.0,Completed,1.06,10.0,1.07,11.86,1.06,29.0,1.06,10.7,1.06,13.0,hanfmann y.,ivanov i.,atp_61,
58,Athens,Hellenic Championship,11/4/2025,ATP250,Indoor,Hard,1st Round,3,Giron M.,Martinez P.,72,95.0,815,668.0,6.0,4.0,6.0,1.0,,,,,,,2.0,0.0,Completed,1.25,4.0,1.27,4.18,1.25,4.33,1.23,3.98,1.29,4.3,giron m.,martinez p.,atp_66,atp_113
58,Athens,Hellenic Championship,11/4/2025,ATP250,Indoor,Hard,2nd Round,3,Korda S.,Dzumhur D.,52,58.0,1010,925.0,4.0,6.0,6.0,3.0,6.0,3.0,,,,,2.0,1.0,Completed,1.29,3.75,1.27,4.17,1.33,3.9,1.26,3.73,1.26,4.7,korda s.,dzumhur d.,atp_42,atp_74
58,Athens,Hellenic Championship,11/4/2025,ATP250,Indoor,Hard,2nd Round,3,Djokovic N.,Tabilo A.,5,89.0,4580,696.0,7.0,6.0,6.0,1.0,,,,,,,2.0,0.0,Completed,1.2,4.5,1.24,4.48,1.22,5.0,1.21,4.3,1.26,4.6,djokovic n.,tabilo a.,atp_4,atp_39
58,Athens,Hellenic Championship,11/4/2025,ATP250,Indoor,Hard,2nd Round,3,Borges N.,Spizzirri E.,47,96.0,1120,668.0,5.0,7.0,6.0,3.0,6.0,4.0,,,,,2.0,1.0,Completed,1.62,2.3,1.66,2.34,1.67,2.3,1.63,2.23,1.72,2.34,borges n.,spizzirri e.,atp_48,atp_79
58,Athens,Hellenic Championship,11/5/2025,ATP250,Indoor,Hard,2nd Round,3,Kecmanovic M.,Darderi L.,54,26.0,985,1609.0,4.0,6.0,6.0,2.0,6.0,3.0,,,,,2.0,1.0,Completed,1.44,2.75,1.5,2.77,1.44,2.8,1.43,2.75,1.52,2.88,kecmanovic m.,darderi l.,atp_58,atp_19
58,Athens,Hellenic Championship,11/5/2025,ATP250,Indoor,Hard,2nd Round,3,Hanfmann Y.,Kopriva V.,117,92.0,518,677.0,6.0,2.0,5.0,7.0,7.0,5.0,,,,,2.0,1.0,Completed,1.36,3.2,1.43,3.03,1.44,3.2,1.38,2.97,1.47,3.1,hanfmann y.,kopriva v.,atp_61,atp_70
58,Athens,Hellenic Championship,11/5/2025,ATP250,Indoor,Hard,2nd Round,3,Muller A.,Etcheverry T.,43,60.0,1190,920.0,6.0,7.0,7.0,6.0,7.0,6.0,,,,,2.0,1.0,Completed,2.2,1.67,2.42,1.63,2.25,1.67,2.21,1.63,2.42,1.69,muller a.,etcheverry t.,atp_94,
58,Athens,Hellenic Championship,11/5/2025,ATP250,Indoor,Hard,2nd Round,3,Musetti L.,Wawrinka S.,9,159.0,3685,372.0,4.0,6.0,7.0,6.0,6.0,4.0,,,,,2.0,1.0,Completed,1.17,5.0,1.19,5.28,1.19,5.0,1.17,4.81,1.2,5.7,musetti l.,wawrinka s.,atp_5,atp_98
58,Athens,Hellenic Championship,11/5/2025,ATP250,Indoor,Hard,2nd Round,3,Giron M.,Nakashima B.,72,33.0,815,1430.0,7.0,6.0,6.0,1.0,,,,,,,2.0,0.0,Completed,2.38,1.57,2.28,1.69,2.38,1.73,2.25,1.62,2.42,1.68,giron m.,nakashima b.,atp_66,atp_33
58,Athens,Hellenic Championship,11/6/2025,ATP250,Indoor,Hard,Quarterfinals,3,Korda S.,Kecmanovic M.,52,54.0,1010,985.0,6.0,3.0,6.0,2.0,,,,,,,2.0,0.0,Completed,1.44,2.75,1.51,2.77,1.47,2.8,1.44,2.71,1.55,2.78,korda s.,kecmanovic m.,atp_42,atp_58
58,Athens,Hellenic Championship,11/6/2025,ATP250,Indoor,Hard,Quarterfinals,3,Musetti L.,Muller A.,9,43.0,3685,1190.0,6.0,2.0,6.0,4.0,,,,,,,2.0,0.0,Completed,1.2,4.5,,,1.24,4.75,1.22,4.16,1.22,5.4,musetti l.,muller a.,atp_5,atp_94
58,Athens,Hellenic Championship,11/6/2025,ATP250,Indoor,Hard,Quarterfinals,3,Djokovic N.,Borges N.,5,47.0,4580,1120.0,7.0,6.0,6.0,4.0,,,,,,,2.0,0.0,Completed,1.17,5.0,1.19,5.52,1.18,5.5,1.16,4.99,1.19,6.0,djokovic n.,borges n.,atp_4,atp_48
58,Athens,Hellenic Championship,11/6/2025,ATP250,Indoor,Hard,Quarterfinals,3,Hanfmann Y.,Giron M.,117,72.0,518,815.0,7.0,6.0,6.0,4.0,,,,,,,2.0,0.0,Completed,2.38,1.57,2.34,1.68,2.38,1.67,2.24,1.62,2.42,1.69,hanfmann y.,giron m.,atp_61,atp_66
58,Athens,Hellenic Championship,11/7/2025,ATP250,Indoor,Hard,Semifinals,3,Djokovic N.,Hanfmann Y.,5,117.0,4580,518.0,6.0,3.0,6.0,4.0,,,,,,,2.0,0.0,Completed,1.2,4.5,,,1.24,4.5,1.22,4.11,1.26,4.7,djokovic n.,hanfmann y.,atp_4,atp_61
58,Athens,Hellenic Championship,11/7/2025,ATP250,Indoor,Hard,Semifinals,3,Musetti L.,Korda S.,9,52.0,3685,1010.0,6.0,0.0,5.0,7.0,7.0,5.0,,,,,2.0,1.0,Completed,1.73,2.1,1.82,2.11,1.8,2.16,1.74,2.07,1.93,2.06,musetti l.,korda s.,atp_5,atp_42
58,Athens,Hellenic Championship,11/8/2025,ATP250,Indoor,Hard,The Final,3,Djokovic N.,Musetti L.,5,9.0,4580,3685.0,4.0,6.0,6.0,3.0,7.0,5.0,,,,,2.0,1.0,Completed,1.36,3.2,,,1.38,3.2,1.36,3.11,1.4,3.4,djokovic n.,musetti l.,atp_4,atp_5
59,Metz,Open de Moselle,11/2/2025,ATP250,Indoor,Hard,1st Round,3,Cazaux A.,Mannarino A.,69,71.0,836,817.0,6.0,3.0,7.0,6.0,,,,,,,2.0,0.0,Completed,1.5,2.63,1.55,2.58,1.53,2.63,1.49,2.56,1.57,2.74,cazaux a.,mannarino a.,atp_68,atp_43
59,Metz,Open de Moselle,11/2/2025,ATP250,Indoor,Hard,1st Round,3,Gaston H.,Atmane T.,98,66.0,653,874.0,6.0,4.0,6.0,1.0,,,,,,,2.0,0.0,Completed,1.57,2.38,1.7,2.24,1.6,2.38,1.57,2.35,1.59,2.54,gaston h.,atmane t.,atp_116,atp_44
59,Metz,Open de Moselle,11/3/2025,ATP250,Indoor,Hard,1st Round,3,Tien L.,Blanchet U.,38,143.0,1344,433.0,6.0,3.0,6.0,3.0,,,,,,,2.0,0.0,Completed,1.22,4.33,1.26,4.31,1.22,4.5,1.21,4.21,1.26,4.7,tien l.,blanchet u.,atp_22,atp_157
59,Metz,Open de Moselle,11/3/2025,ATP250,Indoor,Hard,1st Round,3,Sonego L.,Choinski J.,42,126.0,1190,487.0,4.0,6.0,6.0,4.0,6.0,4.0,,,,,2.0,1.0,Completed,1.2,4.5,1.25,4.4,1.22,4.6,1.2,4.34,1.27,4.4,sonego l.,choinski j.,atp_63,atp_120
59,Metz,Open de Moselle,11/3/2025,ATP250,Indoor,Hard,1st Round,3,Tabur C.,Kovacevic A.,243,62.0,226,902.0,6.0,3.0,6.0,2.0,,,,,,,2.0,0.0,Completed,2.75,1.44,2.6,1.55,2.75,1.57,2.56,1.5,2.7,1.57,tabur c.,kovacevic a.,atp_187,atp_85
59,Metz,Open de Moselle,11/3/2025,ATP250,Indoor,Hard,1st Round,3,Sachko V.,Mpetshi G.,222,59.0,256,925.0,7.0,6.0,6.0,3.0,,,,,,,2.0,0.0,Completed,4.33,1.22,4.39,1.25,4.33,1.24,4.06,1.22,4.7,1.27,sachko v.,mpetshi perricard g.,atp_169,atp_57
59,Metz,Open de Moselle,11/3/2025,ATP250,Indoor,Hard,1st Round,3,Norrie C.,Royer V.,27,56.0,1573,936.0,6.0,3.0,6.0,7.0,6.0,3.0,,,,,2.0,1.0,Completed,1.5,2.63,1.56,2.58,1.57,2.63,1.5,2.54,1.59,2.66,norrie c.,royer v.,atp_24,atp_71
59,Metz,Open de Moselle,11/3/2025,ATP250,Indoor,Hard,1st Round,3,Berrettini M.,Halys Q.,63,84.0,895,732.0,6.0,2.0,6.0,4.0,,,,,,,2.0,0.0,Completed,1.25,4.0,1.29,3.9,1.28,4.0,1.26,3.78,1.31,4.0,berrettini m.,halys q.,atp_91,atp_90
59,Metz,Open de Moselle,11/4/2025,ATP250,Indoor,Hard,1st Round,3,Jacquet K.,Van Assche L.,156,172.0,386,333.0,4.0,6.0,6.0,3.0,6.0,4.0,,,,,2.0,1.0,Completed,2.38,1.57,2.5,1.59,2.43,1.58,2.38,1.56,2.52,1.63,jacquet k.,van assche l.,atp_149,atp_109
59,Metz,Open de Moselle,11/4/2025,ATP250,Indoor,Hard,1st Round,3,Altmaier D.,Rinderknech A.,46,28.0,1123,1540.0,6.0,4.0,6.0,4.0,,,,,,,2.0,0.0,Completed,2.5,1.53,2.47,1.6,2.5,1.67,2.41,1.56,2.52,1.65,altmaier d.,rinderknech a.,atp_52,atp_27
59,Metz,Open de Moselle,11/4/2025,ATP250,Indoor,Hard,1st Round,3,Blockx A.,Passaro F.,102,129.0,632,480.0,3.0,6.0,6.0,3.0,6.0,4.0,,,,,2.0,1.0,Completed,1.53,2.5,1.55,2.62,1.62,2.54,1.52,2.48,1.58,2.66,blockx a.,passaro f.,atp_92,atp_146
59,Metz,Open de Moselle,11/4/2025,ATP250,Indoor,Hard,1st Round,3,Vukic A.,Moutet C.,87,31.0,703,1483.0,3.0,6.0,7.0,6.0,7.0,6.0,,,,,2.0,1.0,Completed,4,1.25,3.94,1.29,4.33,1.27,3.8,1.25,4.0,1.32,vukic a.,moutet c.,atp_84,atp_32
59,Metz,Open de Moselle,11/4/2025,ATP250,Indoor,Hard,2nd Round,3,Sonego L.,Cobolli F.,42,22.0,1190,2025.0,2.0,6.0,6.0,3.0,7.0,5.0,,,,,2.0,1.0,Completed,2.1,1.73,2.12,1.79,2.14,1.73,2.1,1.71,2.2,1.81,sonego l.,cobolli f.,atp_63,atp_13
59,Metz,Open de Moselle,11/4/2025,ATP250,Indoor,Hard,2nd Round,3,Norrie C.,Cazaux A.,27,69.0,1573,836.0,6.0,7.0,7.0,6.0,6.0,2.0,,,,,2.0,1.0,Completed,1.8,2.0,1.86,2.04,1.8,2.2,1.76,2.04,1.87,2.12,norrie c.,cazaux a.,atp_24,atp_68
59,Metz,Open de Moselle,11/5/2025,ATP250,Indoor,Hard,2nd Round,3,Jacquet K.,Added D.,156,204.0,386,276.0,6.0,0.0,6.0,2.0,,,,,,,2.0,0.0,Completed,1.44,2.75,1.47,2.86,1.53,2.75,1.48,2.59,1.47,3.05,jacquet k.,added d.,atp_149,atp_200
59,Metz,Open de Moselle,11/5/2025,ATP250,Indoor,Hard,2nd Round,3,Tabur C.,Blockx A.,243,102.0,226,632.0,6.0,7.0,7.0,6.0,7.0,6.0,,,,,2.0,1.0,Completed,2.75,1.44,2.77,1.5,2.88,1.45,2.73,1.44,3.0,1.48,tabur c.,blockx a.,atp_187,atp_92
59,Metz,Open de Moselle,11/5/2025,ATP250,Indoor,Hard,2nd Round,3,Tien L.,Echargui M.,38,140.0,1344,446.0,7.0,6.0,6.0,3.0,,,,,,,2.0,0.0,Completed,1.08,8.0,1.09,9.24,1.1,8.0,1.08,7.66,1.09,11.0,tien l.,echargui m.,atp_22,atp_144
59,Metz,Open de Moselle,11/5/2025,ATP250,Indoor,Hard,2nd Round,3,Altmaier D.,Gaston H.,46,98.0,1123,653.0,4.0,6.0,6.0,0.0,0.0,0.0,,,,,1.0,1.0,Retired,2,1.8,2.13,1.79,2.05,1.83,2.0,1.78,2.1,1.86,altmaier d.,gaston h.,atp_52,atp_116
59,Metz,Open de Moselle,11/5/2025,ATP250,Indoor,Hard,2nd Round,3,Sachko V.,Bublik A.,222,13.0,256,2870.0,7.0,5.0,3.0,6.0,7.0,5.0,,,,,2.0,1.0,Completed,6.5,1.11,6.25,1.15,6.5,1.13,6.16,1.12,7.2,1.15,sachko v.,bublik a.,atp_169,atp_11
59,Metz,Open de Moselle,11/5/2025,ATP250,Indoor,Hard,2nd Round,3,Berrettini M.,Vukic A.,63,87.0,895,703.0,7.0,6.0,6.0,3.0,,,,,,,2.0,0.0,Completed,1.25,4.0,1.3,3.84,1.29,4.0,1.26,3.79,1.3,4.2,berrettini m.,vukic a.,atp_91,atp_84
59,Metz,Open de Moselle,11/6/2025,ATP250,Indoor,Hard,Quarterfinals,3,Norrie C.,Jacquet K.,27,156.0,1573,386.0,4.0,6.0,7.0,6.0,6.0,4.0,,,,,2.0,1.0,Completed,1.3,3.5,1.38,3.36,1.35,3.6,1.33,3.26,1.4,3.45,norrie c.,jacquet k.,atp_24,atp_149
59,Metz,Open de Moselle,11/6/2025,ATP250,Indoor,Hard,Quarterfinals,3,Sonego L.,Altmaier D.,42,46.0,1190,1123.0,6.0,4.0,7.0,6.0,,,,,,,2.0,0.0,Completed,1.53,2.5,1.57,2.57,1.57,2.5,1.54,2.43,1.62,2.6,sonego l.,altmaier d.,atp_63,atp_52
59,Metz,Open de Moselle,11/6/2025,ATP250,Indoor,Hard,Quarterfinals,3,Tien L.,Berrettini M.,38,63.0,1344,895.0,5.0,7.0,6.0,2.0,6.0,3.0,,,,,2.0,1.0,Completed,2.2,1.67,2.29,1.7,2.2,1.73,2.15,1.69,2.32,1.73,tien l.,berrettini m.,atp_22,atp_91
59,Metz,Open de Moselle,11/6/2025,ATP250,Indoor,Hard,Quarterfinals,3,Sachko V.,Tabur C.,222,243.0,256,226.0,6.0,4.0,3.0,6.0,6.0,4.0,,,,,2.0,1.0,Completed,2,1.8,2.05,1.87,2.02,2.25,1.95,1.84,2.08,1.9,sachko v.,tabur c.,atp_169,atp_187
59,Metz,Open de Moselle,11/7/2025,ATP250,Indoor,Hard,Semifinals,3,Norrie C.,Sonego L.,27,42.0,1573,1190.0,4.0,6.0,6.0,2.0,6.0,4.0,,,,,2.0,1.0,Completed,2,1.8,,,2.2,1.83,2.01,1.79,2.18,1.83,norrie c.,sonego l.,atp_24,atp_63
59,Metz,Open de Moselle,11/7/2025,ATP250,Indoor,Hard,Semifinals,3,Tien L.,Sachko V.,38,222.0,1344,256.0,6.0,1.0,6.0,4.0,,,,,,,2.0,0.0,Completed,1.17,5.0,1.18,5.68,1.2,5.4,1.16,5.09,1.19,5.8,tien l.,sachko v.,atp_22,atp_169
59,Metz,Open de Moselle,11/8/2025,ATP250,Indoor,Hard,The Final,3,Tien L.,Norrie C.,38,27.0,1344,1573.0,6.0,3.0,3.0,6.0,7.0,6.0,,,,,2.0,1.0,Completed,1.57,2.38,,,1.58,2.45,1.57,2.39,1.69,2.42,tien l.,norrie c.,atp_22,atp_24
60,Turin,Masters Cup,11/9/2025,Masters Cup,Indoor,Hard,Round Robin,3,Alcaraz C.,De Minaur A.,1,7.0,11050,3935.0,7.0,6.0,6.0,2.0,,,,,,,2.0,0.0,Completed,1.17,5.0,,,1.21,5.0,1.19,4.66,1.21,5.5,alcaraz c.,de minaur a.,atp_1,atp_6
60,Turin,Masters Cup,11/9/2025,Masters Cup,Indoor,Hard,Round Robin,3,Zverev A.,Shelton B.,3,5.0,4960,3970.0,6.0,3.0,7.0,6.0,,,,,,,2.0,0.0,Completed,1.53,2.5,1.56,2.62,1.58,2.6,1.54,2.46,1.57,2.72,zverev a.,shelton b.,atp_3,atp_9
60,Turin,Masters Cup,11/10/2025,Masters Cup,Indoor,Hard,Round Robin,3,Fritz T.,Musetti L.,6,9.0,3935,3840.0,6.0,3.0,6.0,4.0,,,,,,,2.0,0.0,Completed,1.4,3.0,1.46,2.94,1.44,3.1,1.41,2.87,1.47,3.05,fritz t.,musetti l.,atp_8,atp_5
60,Turin,Masters Cup,11/10/2025,Masters Cup,Indoor,Hard,Round Robin,3,Sinner J.,Auger-Aliassime F.,2,8.0,10000,3845.0,7.0,5.0,6.0,1.0,,,,,,,2.0,0.0,Completed,1.06,10.0,1.09,9.63,1.09,10.0,1.07,8.64,1.09,11.5,sinner j.,augeraliassime f.,atp_2,
60,Turin,Masters Cup,11/11/2025,Masters Cup,Indoor,Hard,Round Robin,3,Alcaraz C.,Fritz T.,1,6.0,11050,3935.0,6.0,7.0,7.0,5.0,6.0,3.0,,,,,2.0,1.0,Completed,1.2,4.5,1.22,4.85,1.23,4.8,1.21,4.4,1.24,5.1,alcaraz c.,fritz t.,atp_1,atp_8
60,Turin,Masters Cup,11/11/2025,Masters Cup,Indoor,Hard,Round Robin,3,Musetti L.,De Minaur A.,9,7.0,3840,3935.0,7.0,5.0,3.0,6.0,7.0,5.0,,,,,2.0,1.0,Completed,3.2,1.36,3.25,1.4,3.3,1.38,3.13,1.36,3.35,1.42,musetti l.,de minaur a.,atp_5,atp_6
60,Turin,Masters Cup,11/12/2025,Masters Cup,Indoor,Hard,Round Robin,3,Auger-Aliassime F.,Shelton B.,8,5.0,3845,3970.0,4.0,6.0,7.0,6.0,7.0,5.0,,,,,2.0,1.0,Completed,2.2,1.67,2.2,1.76,2.4,1.74,2.18,1.68,2.28,1.76,augeraliassime f.,shelton b.,,atp_9
60,Turin,Masters Cup,11/12/2025,Masters Cup,Indoor,Hard,Round Robin,3,Sinner J.,Zverev A.,2,3.0,10000,4960.0,6.0,4.0,6.0,3.0,,,,,,,2.0,0.0,Completed,1.1,7.0,1.13,7.21,1.14,7.5,1.11,6.48,1.14,7.6,sinner j.,zverev a.,atp_2,atp_3
60,Turin,Masters Cup,11/13/2025,Masters Cup,Indoor,Hard,Round Robin,3,De Minaur A.,Fritz T.,7,6.0,3935,3935.0,7.0,6.0,6.0,3.0,,,,,,,2.0,0.0,Completed,3.2,1.36,3.27,1.39,3.3,1.4,3.09,1.36,3.4,1.4,de minaur a.,fritz t.,atp_6,atp_8
60,Turin,Masters Cup,11/13/2025,Masters Cup,Indoor,Hard,Round Robin,3,Alcaraz C.,Musetti L.,1,9.0,11050,3840.0,6.0,4.0,6.0,1.0,,,,,,,2.0,0.0,Completed,1.13,6.0,1.14,6.88,1.14,7.0,1.13,6.05,1.16,7.0,alcaraz c.,musetti l.,atp_1,atp_5
60,Turin,Masters Cup,11/14/2025,Masters Cup,Indoor,Hard,Round Robin,3,Sinner J.,Shelton B.,2,5.0,10000,3970.0,6.0,3.0,7.0,6.0,,,,,,,2.0,0.0,Completed,1.05,10.0,1.1,8.53,1.07,11.0,1.06,9.41,1.08,13.0,sinner j.,shelton b.,atp_2,atp_9
60,Turin,Masters Cup,11/14/2025,Masters Cup,Indoor,Hard,Round Robin,3,Auger-Aliassime F.,Zverev A.,8,3.0,3845,4960.0,6.0,4.0,7.0,6.0,,,,,,,2.0,0.0,Completed,1.2,4.5,1.21,5.06,1.22,5.3,1.19,4.8,1.22,5.3,augeraliassime f.,zverev a.,,atp_3
60,Turin,Masters Cup,11/15/2025,Masters Cup,Indoor,Hard,Semifinals,3,Sinner J.,De Minaur A.,2,7.0,10000,3935.0,7.0,5.0,6.0,2.0,,,,,,,2.0,0.0,Completed,1.05,10.0,1.1,8.53,1.07,11.0,1.06,9.44,1.08,13.0,sinner j.,de minaur a.,atp_2,atp_6
60,Turin,Masters Cup,11/15/2025,Masters Cup,Indoor,Hard,Semifinals,3,Alcaraz C.,Auger-Aliassime F.,1,8.0,11050,3845.0,6.0,2.0,6.0,4.0,,,,,,,2.0,0.0,Completed,1.2,4.5,1.21,5.06,1.22,5.3,1.19,4.75,1.22,5.3,alcaraz c.,augeraliassime f.,atp_1,
60,Turin,Masters Cup,11/16/2025,Masters Cup,Indoor,Hard,The Final,3,Sinner J.,Alcaraz C.,2,1.0,10000,11050.0,7.0,6.0,7.0,5.0,,,,,,,2.0,0.0,Completed,1.5,2.63,1.5,2.8,1.56,2.8,1.49,2.61,1.52,2.88,sinner j.,alcaraz c.,atp_2,atp_1
1,Brisbane,Brisbane International,1/4/2026,ATP250,Outdoor,Hard,1st Round,3,Tiafoe F.,Vukic A.,30,87.0,1485,693.0,6.0,2.0,6.0,2.0,,,,,,,2.0,0.0,Completed,1.44,2.75,1.52,2.7,1.53,2.95,1.47,2.63,1.53,2.88,tiafoe f.,vukic a.,atp_18,atp_84
1,Brisbane,Brisbane International,1/4/2026,ATP250,Outdoor,Hard,1st Round,3,Tien L.,Ugo Carabelli C.,26,48.0,1540,1028.0,7.0,6.0,6.0,3.0,,,,,,,2.0,0.0,Completed,1.14,5.5,1.2,5.21,1.18,5.5,1.16,5.06,1.19,6.0,tien l.,ugo carabelli c.,atp_22,atp_67
1,Brisbane,Brisbane International,1/5/2026,ATP250,Outdoor,Hard,1st Round,3,Korda S.,Vacherot V.,46,31.0,1090,1469.0,7.0,6.0,6.0,3.0,,,,,,,2.0,0.0,Completed,1.5,2.63,1.54,2.64,1.52,2.75,1.48,2.61,1.56,2.74,korda s.,vacherot v.,atp_42,atp_23
1,Brisbane,Brisbane International,1/5/2026,ATP250,Outdoor,Hard,1st Round,3,Michelsen A.,Duckworth J.,37,86.0,1300,694.0,6.0,7.0,7.0,6.0,6.0,3.0,,,,,2.0,1.0,Completed,1.73,2.1,1.73,2.22,1.8,2.2,1.71,2.11,1.75,2.28,michelsen a.,duckworth j.,atp_35,atp_95
1,Brisbane,Brisbane International,1/5/2026,ATP250,Outdoor,Hard,1st Round,3,Lehecka J.,Machac T.,19,35.0,2075,1360.0,6.0,4.0,6.0,7.0,6.0,2.0,,,,,2.0,1.0,Completed,1.5,2.63,1.52,2.71,1.57,2.75,1.49,2.56,1.54,2.76,lehecka j.,machac t.,atp_14,atp_55
1,Brisbane,Brisbane International,1/5/2026,ATP250,Outdoor,Hard,1st Round,3,Majchrzak K.,Altmaier D.,59,44.0,861,1123.0,7.0,6.0,6.0,0.0,,,,,,,2.0,0.0,Completed,1.91,1.91,,,1.95,1.91,1.91,1.84,2.02,1.94,majchrzak k.,altmaier d.,atp_53,atp_52
1,Brisbane,Brisbane International,1/5/2026,ATP250,Outdoor,Hard,1st Round,3,Halys Q.,Popyrin A.,91,50.0,669,1000.0,5.0,7.0,6.0,3.0,6.0,4.0,,,,,2.0,1.0,Completed,2.5,1.53,2.49,1.6,2.5,1.57,2.4,1.55,2.6,1.61,halys q.,popyrin a.,atp_90,atp_45
1,Brisbane,Brisbane International,1/5/2026,ATP250,Outdoor,Hard,1st Round,3,Opelka R.,Sweeny D.,60,183.0,861,315.0,6.0,3.0,7.0,5.0,,,,,,,2.0,0.0,Completed,1.62,2.3,1.6,2.49,1.62,2.6,1.56,2.39,1.64,2.52,opelka r.,sweeny d.,atp_64,atp_135
1,Brisbane,Brisbane International,1/5/2026,ATP250,Outdoor,Hard,1st Round,3,Medvedev D.,Fucsovics M.,13,54.0,2710,949.0,6.0,2.0,6.0,3.0,,,,,,,2.0,0.0,Completed,1.29,3.75,1.28,4.03,1.29,3.8,1.26,3.73,1.28,4.3,medvedev d.,fucsovics m.,atp_10,atp_51
1,Brisbane,Brisbane International,1/6/2026,ATP250,Outdoor,Hard,1st Round,3,Collignon R.,Shapovalov D.,84,23.0,704,1665.0,6.0,4.0,6.0,2.0,,,,,,,2.0,0.0,Completed,2.1,1.73,2.03,1.86,2.2,1.78,2.06,1.74,2.14,1.86,collignon r.,shapovalov d.,atp_65,atp_38
1,Brisbane,Brisbane International,1/6/2026,ATP250,Outdoor,Hard,1st Round,3,Nakashima B.,Davidovich Fokina A.,33,14.0,1380,2585.0,7.0,6.0,6.0,4.0,,,,,,,2.0,0.0,Completed,2.5,1.53,2.4,1.63,2.5,1.65,2.35,1.57,2.48,1.66,nakashima b.,davidovich fokina a.,atp_33,atp_17
1,Brisbane,Brisbane International,1/6/2026,ATP250,Outdoor,Hard,1st Round,3,Mpetshi G.,Paul T.,67,20.0,825,2050.0,7.0,6.0,3.0,6.0,7.0,6.0,,,,,2.0,1.0,Completed,2.75,1.44,2.73,1.51,2.75,1.55,2.64,1.47,2.84,1.52,mpetshi perricard g.,paul t.,atp_57,atp_21
1,Brisbane,Brisbane International,1/6/2026,ATP250,Outdoor,Hard,1st Round,3,Kovacevic A.,Kyrgios N.,58,670.0,877,50.0,6.0,3.0,6.0,4.0,,,,,,,2.0,0.0,Completed,1.62,2.3,1.6,2.47,1.65,2.5,1.6,2.29,1.59,2.66,kovacevic a.,kyrgios n.,atp_85,
1,Brisbane,Brisbane International,1/6/2026,ATP250,Outdoor,Hard,1st Round,3,Norrie C.,Humbert U.,28,36.0,1523,1355.0,1.0,6.0,7.0,6.0,7.0,5.0,,,,,2.0,1.0,Completed,2.2,1.67,2.21,1.74,2.2,1.8,2.1,1.72,2.3,1.75,norrie c.,humbert u.,atp_24,atp_34
1,Brisbane,Brisbane International,1/6/2026,ATP250,Outdoor,Hard,1st Round,3,Hijikata R.,Walton A.,111,77.0,546,732.0,6.0,3.0,6.0,2.0,,,,,,,2.0,0.0,Completed,1.73,2.1,1.79,2.13,1.76,2.1,1.73,2.08,1.8,2.22,hijikata r.,walton a.,atp_102,atp_105
1,Brisbane,Brisbane International,1/6/2026,ATP250,Outdoor,Hard,1st Round,3,Dimitrov G.,Carreno Busta P.,47,92.0,1080,656.0,6.0,3.0,6.0,2.0,,,,,,,2.0,0.0,Completed,1.44,2.75,1.51,2.74,1.55,2.8,1.47,2.67,1.52,2.9,dimitrov g.,carreno busta p.,atp_93,atp_88
1,Brisbane,Brisbane International,1/7/2026,ATP250,Outdoor,Hard,2nd Round,3,Michelsen A.,Tien L.,37,26.0,1300,1540.0,6.0,4.0,6.0,2.0,,,,,,,2.0,0.0,Completed,2.38,1.57,2.57,1.56,2.54,1.58,2.45,1.54,2.68,1.58,michelsen a.,tien l.,atp_35,atp_22
1,Brisbane,Brisbane International,1/7/2026,ATP250,Outdoor,Hard,2nd Round,3,Medvedev D.,Tiafoe F.,13,30.0,2710,1485.0,6.0,3.0,6.0,2.0,,,,,,,2.0,0.0,Completed,1.3,3.5,1.35,3.44,1.33,3.55,1.31,3.42,1.38,3.55,medvedev d.,tiafoe f.,atp_10,atp_18
1,Brisbane,Brisbane International,1/7/2026,ATP250,Outdoor,Hard,2nd Round,3,Korda S.,Lehecka J.,46,19.0,1090,2075.0,6.0,3.0,1.0,2.0,,,,,,,1.0,0.0,Retired,2.2,1.67,2.51,1.58,2.35,1.71,2.25,1.62,2.52,1.63,korda s.,lehecka j.,atp_42,atp_14
1,Brisbane,Brisbane International,1/7/2026,ATP250,Outdoor,Hard,2nd Round,3,Majchrzak K.,Opelka R.,59,60.0,861,861.0,6.0,7.0,7.0,6.0,7.0,6.0,,,,,2.0,1.0,Completed,2,1.8,2.08,1.82,2.04,1.83,1.99,1.8,2.12,1.87,majchrzak k.,opelka r.,atp_53,atp_64
1,Brisbane,Brisbane International,1/8/2026,ATP250,Outdoor,Hard,2nd Round,3,Kovacevic A.,Norrie C.,58,28.0,877,1523.0,7.0,6.0,4.0,6.0,6.0,4.0,,,,,2.0,1.0,Completed,2.63,1.5,2.69,1.52,2.75,1.5,2.64,1.48,2.84,1.54,kovacevic a.,norrie c.,atp_85,atp_24
1,Brisbane,Brisbane International,1/8/2026,ATP250,Outdoor,Hard,2nd Round,3,Nakashima B.,Halys Q.,33,91.0,1380,669.0,6.0,2.0,6.0,4.0,,,,,,,2.0,0.0,Completed,1.44,2.75,1.44,3.0,1.45,2.88,1.43,2.77,1.48,3.0,nakashima b.,halys q.,atp_33,atp_90
1,Brisbane,Brisbane International,1/8/2026,ATP250,Outdoor,Hard,2nd Round,3,Mpetshi G.,Hijikata R.,67,111.0,825,546.0,4.0,6.0,7.0,6.0,7.0,6.0,,,,,2.0,1.0,Completed,1.57,2.38,1.65,2.35,1.65,2.38,1.6,2.29,1.68,2.42,mpetshi perricard g.,hijikata r.,atp_57,atp_102
1,Brisbane,Brisbane International,1/8/2026,ATP250,Outdoor,Hard,2nd Round,3,Collignon R.,Dimitrov G.,84,47.0,704,1080.0,7.0,6.0,6.0,3.0,,,,,,,2.0,0.0,Completed,2.75,1.44,2.76,1.5,2.75,1.53,2.63,1.48,2.84,1.53,collignon r.,dimitrov g.,atp_65,atp_93
1,Brisbane,Brisbane International,1/9/2026,ATP250,Outdoor,Hard,Quarterfinals,3,Kovacevic A.,Mpetshi G.,58,67.0,877,825.0,7.0,6.0,4.0,6.0,6.0,3.0,,,,,2.0,1.0,Completed,2.3,1.62,2.25,1.72,2.38,1.68,2.25,1.62,2.32,1.73,kovacevic a.,mpetshi perricard g.,atp_85,atp_57
1,Brisbane,Brisbane International,1/9/2026,ATP250,Outdoor,Hard,Quarterfinals,3,Nakashima B.,Collignon R.,33,84.0,1380,704.0,6.0,3.0,6.0,3.0,,,,,,,2.0,0.0,Completed,1.62,2.3,1.68,2.32,1.83,2.3,1.66,2.18,1.75,2.3,nakashima b.,collignon r.,atp_33,atp_65
1,Brisbane,Brisbane International,1/9/2026,ATP250,Outdoor,Hard,Quarterfinals,3,Michelsen A.,Korda S.,37,46.0,1300,1090.0,6.0,3.0,7.0,6.0,,,,,,,2.0,0.0,Completed,2.75,1.44,2.82,1.49,2.75,1.5,2.65,1.46,2.88,1.52,michelsen a.,korda s.,atp_35,atp_42
1,Brisbane,Brisbane International,1/9/2026,ATP250,Outdoor,Hard,Quarterfinals,3,Medvedev D.,Majchrzak K.,13,59.0,2710,861.0,6.0,7.0,6.0,3.0,6.0,2.0,,,,,2.0,1.0,Completed,1.14,5.5,1.17,5.95,1.18,6.5,1.15,5.38,1.17,6.8,medvedev d.,majchrzak k.,atp_10,atp_53
1,Brisbane,Brisbane International,1/10/2026,ATP250,Outdoor,Hard,Semifinals,3,Nakashima B.,Kovacevic A.,33,58.0,1380,877.0,7.0,6.0,6.0,4.0,,,,,,,2.0,0.0,Completed,1.36,3.2,1.37,3.38,1.4,3.2,1.36,3.04,1.4,3.4,nakashima b.,kovacevic a.,atp_33,atp_85
1,Brisbane,Brisbane International,1/10/2026,ATP250,Outdoor,Hard,Semifinals,3,Medvedev D.,Michelsen A.,13,37.0,2710,1300.0,6.0,4.0,6.0,2.0,,,,,,,2.0,0.0,Completed,1.25,4.0,,,1.29,4.0,1.26,3.77,1.32,4.0,medvedev d.,michelsen a.,atp_10,atp_35
1,Brisbane,Brisbane International,1/11/2026,ATP250,Outdoor,Hard,The Final,3,Medvedev D.,Nakashima B.,13,33.0,2710,1380.0,6.0,2.0,7.0,6.0,,,,,,,2.0,0.0,Completed,1.29,3.75,1.29,4.01,1.3,3.75,1.28,3.6,1.31,4.2,medvedev d.,nakashima b.,atp_10,atp_33
2,Hong Kong,Hong Kong Tennis Open,1/5/2026,ATP250,Outdoor,Hard,1st Round,3,Borges N.,Dzumhur D.,45,65.0,1120,837.0,6.0,4.0,6.0,3.0,,,,,,,2.0,0.0,Completed,1.44,2.75,1.47,2.88,1.49,2.8,1.44,2.69,1.51,2.88,borges n.,dzumhur d.,atp_48,atp_74
2,Hong Kong,Hong Kong Tennis Open,1/5/2026,ATP250,Outdoor,Hard,1st Round,3,Cilic M.,Mannarino A.,70,68.0,765,817.0,6.0,3.0,6.0,2.0,,,,,,,2.0,0.0,Completed,1.8,2.0,1.77,2.16,1.81,2.06,1.76,2.02,1.83,2.16,cilic m.,mannarino a.,atp_54,atp_43
2,Hong Kong,Hong Kong Tennis Open,1/5/2026,ATP250,Outdoor,Hard,1st Round,3,Wu Y.,Marozsan F.,179,53.0,322,975.0,6.0,4.0,6.0,2.0,,,,,,,2.0,0.0,Completed,2,1.8,2.23,1.72,2.2,1.84,2.08,1.72,2.32,1.74,wu y.,marozsan f.,atp_118,atp_47
2,Hong Kong,Hong Kong Tennis Open,1/6/2026,ATP250,Outdoor,Hard,1st Round,3,Etcheverry T.,Royer V.,57,56.0,895,924.0,6.0,4.0,7.0,5.0,,,,,,,2.0,0.0,Completed,1.8,2.0,1.95,1.93,1.91,2.1,1.84,1.93,2.02,1.96,etcheverry t.,royer v.,,atp_71
2,Hong Kong,Hong Kong Tennis Open,1/6/2026,ATP250,Outdoor,Hard,1st Round,3,Sonego L.,Sakamoto R.,39,200.0,1240,292.0,6.0,2.0,7.0,6.0,,,,,,,2.0,0.0,Completed,1.44,2.75,1.51,2.74,1.5,2.75,1.46,2.63,1.52,2.84,sonego l.,sakamoto r.,atp_63,atp_166
2,Hong Kong,Hong Kong Tennis Open,1/6/2026,ATP250,Outdoor,Hard,1st Round,3,Muller A.,Kecmanovic M.,52,51.0,980,1000.0,7.0,5.0,6.0,4.0,,,,,,,2.0,0.0,Completed,2.3,1.62,2.26,1.7,2.3,1.73,2.23,1.62,2.26,1.75,muller a.,kecmanovic m.,atp_94,atp_58
2,Hong Kong,Hong Kong Tennis Open,1/6/2026,ATP250,Outdoor,Hard,1st Round,3,Wong C.,Navone M.,150,72.0,406,760.0,6.0,3.0,7.0,5.0,,,,,,,2.0,0.0,Completed,1.73,2.1,1.84,2.06,1.82,2.2,1.76,2.02,1.94,2.06,wong c.,navone m.,atp_124,atp_60
2,Hong Kong,Hong Kong Tennis Open,1/6/2026,ATP250,Outdoor,Hard,1st Round,3,Diallo G.,De Jong J.,40,71.0,1215,763.0,6.0,4.0,7.0,6.0,,,,,,,2.0,0.0,Completed,1.44,2.75,1.43,3.05,1.45,2.9,1.41,2.8,1.46,3.05,diallo g.,de jong j.,atp_36,atp_99
2,Hong Kong,Hong Kong Tennis Open,1/6/2026,ATP250,Outdoor,Hard,1st Round,3,Mmoh M.,Tabilo A.,285,81.0,184,717.0,7.0,5.0,6.0,4.0,,,,,,,2.0,0.0,Completed,2.3,1.62,2.38,1.65,2.6,1.68,2.35,1.57,2.48,1.66,mmoh m.,tabilo a.,atp_256,atp_39
2,Hong Kong,Hong Kong Tennis Open,1/6/2026,ATP250,Outdoor,Hard,1st Round,3,Van De Zandschulp B.,Struff J.L.,75,82.0,746,711.0,6.0,3.0,1.0,6.0,6.0,1.0,,,,,2.0,1.0,Completed,2.1,1.73,2.22,1.73,2.23,1.73,2.17,1.66,2.34,1.72,van de zandschulp b.,struff j.,atp_62,
2,Hong Kong,Hong Kong Tennis Open,1/6/2026,ATP250,Outdoor,Hard,1st Round,3,Giron M.,Djere L.,64,95.0,845,652.0,6.0,2.0,6.0,0.0,,,,,,,2.0,0.0,Completed,1.67,2.2,1.73,2.22,1.73,2.2,1.69,2.11,1.72,2.32,giron m.,djere l.,atp_66,atp_204
2,Hong Kong,Hong Kong Tennis Open,1/6/2026,ATP250,Outdoor,Hard,1st Round,3,Shang J.,Comesana F.,406,66.0,115,829.0,6.0,4.0,6.0,4.0,,,,,,,2.0,0.0,Completed,1.5,2.63,1.55,2.61,1.6,2.63,1.5,2.53,1.55,2.78,shang j.,comesana f.,atp_262,atp_87
2,Hong Kong,Hong Kong Tennis Open,1/7/2026,ATP250,Outdoor,Hard,2nd Round,3,Musetti L.,Etcheverry T.,7,57.0,3990,895.0,6.0,7.0,6.0,2.0,6.0,4.0,,,,,2.0,1.0,Completed,1.3,3.5,,,1.32,3.5,1.3,3.4,1.33,3.85,musetti l.,etcheverry t.,atp_5,
2,Hong Kong,Hong Kong Tennis Open,1/7/2026,ATP250,Outdoor,Hard,2nd Round,3,Borges N.,Cilic M.,45,70.0,1120,765.0,7.0,5.0,6.0,3.0,,,,,,,2.0,0.0,Completed,1.91,1.91,1.93,1.95,1.95,1.94,1.88,1.89,1.96,2.02,borges n.,cilic m.,atp_48,atp_54
2,Hong Kong,Hong Kong Tennis Open,1/7/2026,ATP250,Outdoor,Hard,2nd Round,3,Wong C.,Diallo G.,150,40.0,406,1215.0,1.0,6.0,7.0,5.0,7.0,5.0,,,,,2.0,1.0,Completed,2.75,1.44,,,2.95,1.5,2.65,1.46,2.88,1.51,wong c.,diallo g.,atp_124,atp_36
2,Hong Kong,Hong Kong Tennis Open,1/7/2026,ATP250,Outdoor,Hard,2nd Round,3,Rublev A.,Wu Y.,16,179.0,2510,322.0,3.0,6.0,6.0,2.0,6.0,1.0,,,,,2.0,1.0,Completed,1.44,2.75,1.51,2.6,1.5,2.75,1.47,2.61,1.51,2.96,rublev a.,wu y.,atp_16,atp_118
2,Hong Kong,Hong Kong Tennis Open,1/8/2026,ATP250,Outdoor,Hard,2nd Round,3,Shang J.,Sonego L.,406,39.0,115,1240.0,6.0,3.0,6.0,4.0,,,,,,,2.0,0.0,Completed,1.62,2.3,1.69,2.29,1.68,2.3,1.63,2.23,1.73,2.34,shang j.,sonego l.,atp_262,atp_63
2,Hong Kong,Hong Kong Tennis Open,1/8/2026,ATP250,Outdoor,Hard,2nd Round,3,Giron M.,Muller A.,64,52.0,845,980.0,6.0,4.0,7.0,6.0,,,,,,,2.0,0.0,Completed,1.8,2.0,1.8,2.11,1.84,2.01,1.79,1.99,1.84,2.16,giron m.,muller a.,atp_66,atp_94
2,Hong Kong,Hong Kong Tennis Open,1/8/2026,ATP250,Outdoor,Hard,2nd Round,3,Mmoh M.,Khachanov K.,285,17.0,184,2320.0,7.0,6.0,7.0,6.0,,,,,,,2.0,0.0,Completed,3.4,1.33,3.32,1.37,3.4,1.35,3.25,1.33,3.55,1.38,mmoh m.,khachanov k.,atp_256,atp_15
2,Hong Kong,Hong Kong Tennis Open,1/8/2026,ATP250,Outdoor,Hard,2nd Round,3,Bublik A.,Van De Zandschulp B.,11,75.0,2845,746.0,6.0,3.0,6.0,3.0,,,,,,,2.0,0.0,Completed,1.44,2.75,1.48,2.82,1.5,2.8,1.46,2.65,1.53,2.82,bublik a.,van de zandschulp b.,atp_11,atp_62
2,Hong Kong,Hong Kong Tennis Open,1/9/2026,ATP250,Outdoor,Hard,Quarterfinals,3,Musetti L.,Wong C.,7,150.0,3990,406.0,6.0,4.0,6.0,4.0,,,,,,,2.0,0.0,Completed,1.25,4.0,1.29,4.05,1.29,4.0,1.26,3.71,1.29,4.3,musetti l.,wong c.,atp_5,atp_124
2,Hong Kong,Hong Kong Tennis Open,1/9/2026,ATP250,Outdoor,Hard,Quarterfinals,3,Rublev A.,Borges N.,16,45.0,2510,1120.0,6.0,3.0,6.0,4.0,,,,,,,2.0,0.0,Completed,1.44,2.75,1.53,2.69,1.5,2.75,1.47,2.62,1.58,2.72,rublev a.,borges n.,atp_16,atp_48
2,Hong Kong,Hong Kong Tennis Open,1/9/2026,ATP250,Outdoor,Hard,Quarterfinals,3,Bublik A.,Shang J.,11,406.0,2845,115.0,6.0,1.0,7.0,6.0,,,,,,,2.0,0.0,Completed,1.53,2.5,,,1.58,2.5,1.54,2.42,1.61,2.6,bublik a.,shang j.,atp_11,atp_262
2,Hong Kong,Hong Kong Tennis Open,1/9/2026,ATP250,Outdoor,Hard,Quarterfinals,3,Giron M.,Mmoh M.,64,285.0,845,184.0,6.0,3.0,1.0,0.0,,,,,,,1.0,0.0,Retired,1.57,2.38,1.62,2.46,1.62,2.4,1.57,2.35,1.63,2.54,giron m.,mmoh m.,atp_66,atp_256
2,Hong Kong,Hong Kong Tennis Open,1/10/2026,ATP250,Outdoor,Hard,Semifinals,3,Musetti L.,Rublev A.,7,16.0,3990,2510.0,6.0,7.0,7.0,5.0,6.0,4.0,,,,,2.0,1.0,Completed,1.8,2.0,,,1.91,2.0,1.83,1.95,2.0,1.98,musetti l.,rublev a.,atp_5,atp_16
2,Hong Kong,Hong Kong Tennis Open,1/10/2026,ATP250,Outdoor,Hard,Semifinals,3,Bublik A.,Giron M.,11,64.0,2845,845.0,3.0,6.0,6.0,4.0,6.0,2.0,,,,,2.0,1.0,Completed,1.29,3.75,,,1.3,3.75,1.28,3.6,1.31,4.1,bublik a.,giron m.,atp_11,atp_66
2,Hong Kong,Hong Kong Tennis Open,1/11/2026,ATP250,Outdoor,Hard,The Final,3,Bublik A.,Musetti L.,11,7.0,2845,3990.0,7.0,6.0,6.0,3.0,,,,,,,2.0,0.0,Completed,1.8,2.0,1.86,2.05,1.87,2.05,1.8,1.98,1.93,2.06,bublik a.,musetti l.,atp_11,atp_5
3,Adelaide,Adelaide International,1/12/2026,ATP250,Outdoor,Hard,1st Round,3,Opelka R.,Popyrin A.,62,49.0,873,1000.0,6.0,3.0,7.0,6.0,,,,,,,2.0,0.0,Completed,2,1.8,2.07,1.83,2.08,1.85,2.01,1.77,2.12,1.86,opelka r.,popyrin a.,atp_64,atp_45
3,Adelaide,Adelaide International,1/12/2026,ATP250,Outdoor,Hard,1st Round,3,Munar J.,Altmaier D.,38,44.0,1295,1123.0,6.0,3.0,6.0,0.0,,,,,,,2.0,0.0,Completed,1.4,3.0,1.41,3.14,1.44,3.0,1.39,2.9,1.43,3.25,munar j.,altmaier d.,atp_37,atp_52
3,Adelaide,Adelaide International,1/12/2026,ATP250,Outdoor,Hard,1st Round,3,Vacherot V.,Kecmanovic M.,32,59.0,1469,910.0,7.0,6.0,6.0,4.0,,,,,,,2.0,0.0,Completed,1.73,2.1,1.78,2.15,1.75,2.2,1.72,2.09,1.84,2.16,vacherot v.,kecmanovic m.,atp_23,atp_58
3,Adelaide,Adelaide International,1/12/2026,ATP250,Outdoor,Hard,1st Round,3,Humbert U.,Atmane T.,36,64.0,1355,862.0,6.0,3.0,7.0,6.0,,,,,,,2.0,0.0,Completed,1.3,3.5,1.38,3.3,1.36,3.5,1.33,3.27,1.39,3.5,humbert u.,atmane t.,atp_34,atp_44
3,Adelaide,Adelaide International,1/12/2026,ATP250,Outdoor,Hard,1st Round,3,Kokkinakis T.,Korda S.,670,51.0,50,975.0,3.0,6.0,6.0,3.0,7.0,6.0,,,,,2.0,1.0,Completed,3.5,1.3,3.47,1.35,3.6,1.35,3.37,1.31,3.55,1.38,kokkinakis t.,korda s.,atp_701,atp_42
3,Adelaide,Adelaide International,1/13/2026,ATP250,Outdoor,Hard,1st Round,3,Machac T.,Duckworth J.,35,86.0,1360,694.0,6.0,3.0,6.0,3.0,,,,,,,2.0,0.0,Completed,1.62,2.3,1.58,2.53,1.67,2.3,1.62,2.25,1.74,2.32,machac t.,duckworth j.,atp_55,atp_95
3,Adelaide,Adelaide International,1/13/2026,ATP250,Outdoor,Hard,1st Round,3,Hijikata R.,Schoolkate T.,115,97.0,527,641.0,6.0,4.0,6.0,4.0,,,,,,,2.0,0.0,Completed,1.62,2.3,1.71,2.25,1.67,2.3,1.63,2.23,1.8,2.22,hijikata r.,schoolkate t.,atp_102,atp_119
3,Adelaide,Adelaide International,1/13/2026,ATP250,Outdoor,Hard,1st Round,3,Halys Q.,Fearnley J.,85,77.0,697,752.0,6.0,3.0,6.0,4.0,,,,,,,2.0,0.0,Completed,1.57,2.38,,,1.68,2.38,1.63,2.23,1.71,2.34,halys q.,fearnley j.,atp_90,atp_97
3,Adelaide,Adelaide International,1/13/2026,ATP250,Outdoor,Hard,1st Round,3,Shevchenko A.,Dzumhur D.,104,66.0,597,837.0,4.0,6.0,6.0,4.0,7.0,5.0,,,,,2.0,1.0,Completed,1.73,2.1,,,1.74,2.25,1.67,2.15,1.74,2.32,shevchenko a.,dzumhur d.,atp_76,atp_74
3,Adelaide,Adelaide International,1/13/2026,ATP250,Outdoor,Hard,1st Round,3,Vavassori A.,Diallo G.,336,41.0,147,1215.0,6.0,3.0,7.0,6.0,,,,,,,2.0,0.0,Completed,3.4,1.33,,,3.5,1.9,3.05,1.42,3.75,1.35,vavassori a.,diallo g.,atp_607,atp_36
3,Adelaide,Adelaide International,1/13/2026,ATP250,Outdoor,Hard,1st Round,3,Fucsovics M.,Quinn E.,55,78.0,949,733.0,6.0,4.0,6.0,4.0,,,,,,,2.0,0.0,Completed,1.8,2.0,1.74,2.21,1.9,2.05,1.79,1.98,1.89,2.06,fucsovics m.,quinn e.,atp_51,atp_56
3,Adelaide,Adelaide International,1/13/2026,ATP250,Outdoor,Hard,1st Round,3,Vukic A.,Tsitsipas S.,87,33.0,693,1455.0,7.0,6.0,7.0,6.0,,,,,,,2.0,0.0,Completed,3.75,1.29,,,3.75,1.32,3.51,1.29,4.0,1.32,vukic a.,tsitsipas s.,atp_84,atp_49
3,Adelaide,Adelaide International,1/14/2026,ATP250,Outdoor,Hard,2nd Round,3,Munar J.,Cerundolo F.,38,20.0,1295,2035.0,3.0,6.0,7.0,5.0,6.0,4.0,,,,,2.0,1.0,Completed,1.67,2.2,,,1.67,2.25,1.65,2.2,1.76,2.28,munar j.,cerundolo f.,atp_37,atp_20
3,Adelaide,Adelaide International,1/14/2026,ATP250,Outdoor,Hard,2nd Round,3,Humbert U.,Griekspoor T.,36,25.0,1355,1565.0,6.0,4.0,6.0,1.0,,,,,,,2.0,0.0,Completed,1.53,2.5,,,1.6,2.5,1.53,2.45,1.61,2.58,humbert u.,griekspoor t.,atp_34,atp_30
3,Adelaide,Adelaide International,1/14/2026,ATP250,Outdoor,Hard,2nd Round,3,Machac T.,Halys Q.,35,85.0,1360,697.0,6.0,4.0,6.0,2.0,,,,,,,2.0,0.0,Completed,1.57,2.38,,,1.67,2.4,1.58,2.32,1.64,2.52,machac t.,halys q.,atp_55,atp_90
3,Adelaide,Adelaide International,1/14/2026,ATP250,Outdoor,Hard,2nd Round,3,Paul T.,Opelka R.,21,62.0,2000,873.0,6.0,4.0,6.0,4.0,,,,,,,2.0,0.0,Completed,1.53,2.5,,,1.61,2.5,1.55,2.4,1.59,2.66,paul t.,opelka r.,atp_21,atp_64
3,Adelaide,Adelaide International,1/14/2026,ATP250,Outdoor,Hard,2nd Round,3,Shevchenko A.,Fucsovics M.,104,55.0,597,949.0,6.0,3.0,7.0,6.0,,,,,,,2.0,0.0,Completed,2.75,1.44,,,2.75,1.53,2.61,1.48,2.62,1.59,shevchenko a.,fucsovics m.,atp_76,atp_51
3,Adelaide,Adelaide International,1/14/2026,ATP250,Outdoor,Hard,2nd Round,3,Vukic A.,Vavassori A.,87,336.0,693,147.0,6.0,2.0,7.0,6.0,,,,,,,2.0,0.0,Completed,1.62,2.3,,,1.63,2.5,1.56,2.39,1.66,2.48,vukic a.,vavassori a.,atp_84,atp_607
3,Adelaide,Adelaide International,1/14/2026,ATP250,Outdoor,Hard,2nd Round,3,Vacherot V.,Kokkinakis T.,32,670.0,1469,50.0,,,,,,,,,,,,,Walkover,1.44,2.75,,,1.5,2.88,1.44,2.73,1.46,3.05,vacherot v.,kokkinakis t.,atp_23,atp_701
3,Adelaide,Adelaide International,1/14/2026,ATP250,Outdoor,Hard,2nd Round,3,Davidovich Fokina A.,Hijikata R.,15,115.0,2585,527.0,6.0,3.0,6.0,2.0,,,,,,,2.0,0.0,Completed,1.36,3.2,,,1.44,3.2,1.37,3.03,1.43,3.25,davidovich fokina a.,hijikata r.,atp_17,atp_102
3,Adelaide,Adelaide International,1/15/2026,ATP250,Outdoor,Hard,Quarterfinals,3,Machac T.,Munar J.,35,38.0,1360,1295.0,6.0,4.0,6.0,4.0,,,,,,,2.0,0.0,Completed,1.73,2.1,,,1.91,2.1,1.77,2.01,1.89,2.1,machac t.,munar j.,atp_55,atp_37
3,Adelaide,Adelaide International,1/15/2026,ATP250,Outdoor,Hard,Quarterfinals,3,Paul T.,Vukic A.,21,87.0,2000,693.0,6.0,3.0,6.0,2.0,,,,,,,2.0,0.0,Completed,1.22,4.33,,,1.29,4.33,1.24,3.97,1.28,4.4,paul t.,vukic a.,atp_21,atp_84
3,Adelaide,Adelaide International,1/15/2026,ATP250,Outdoor,Hard,Quarterfinals,3,Humbert U.,Shevchenko A.,36,104.0,1355,597.0,6.0,0.0,6.0,3.0,,,,,,,2.0,0.0,Completed,1.25,4.0,,,1.26,4.2,1.24,3.89,1.29,4.3,humbert u.,shevchenko a.,atp_34,atp_76
3,Adelaide,Adelaide International,1/15/2026,ATP250,Outdoor,Hard,Quarterfinals,3,Davidovich Fokina A.,Vacherot V.,15,32.0,2585,1469.0,7.0,6.0,6.0,2.0,,,,,,,2.0,0.0,Completed,1.53,2.5,,,1.87,2.5,1.55,2.43,1.61,2.6,davidovich fokina a.,vacherot v.,atp_17,atp_23
3,Adelaide,Adelaide International,1/16/2026,ATP250,Outdoor,Hard,Semifinals,3,Machac T.,Paul T.,35,21.0,1360,2000.0,2.0,6.0,6.0,3.0,6.0,3.0,,,,,2.0,1.0,Completed,2.38,1.57,,,2.4,1.63,2.31,1.59,2.48,1.65,machac t.,paul t.,atp_55,atp_21
3,Adelaide,Adelaide International,1/16/2026,ATP250,Outdoor,Hard,Semifinals,3,Humbert U.,Davidovich Fokina A.,36,15.0,1355,2585.0,6.0,3.0,5.0,7.0,7.0,6.0,,,,,2.0,1.0,Completed,1.8,2.0,,,1.83,2.05,1.77,2.01,1.85,2.16,humbert u.,davidovich fokina a.,atp_34,atp_17
3,Adelaide,Adelaide International,1/17/2026,ATP250,Outdoor,Hard,The Final,3,Machac T.,Humbert U.,35,36.0,1360,1355.0,6.0,4.0,6.0,7.0,6.0,2.0,,,,,2.0,1.0,Completed,2.2,1.67,,,2.25,1.68,2.2,1.66,2.36,1.72,machac t.,humbert u.,atp_55,atp_34
4,Auckland,ASB Classic,1/11/2026,ATP250,Outdoor,Hard,1st Round,3,Spizzirri E.,Mannarino A.,89,69.0,672,810.0,6.0,4.0,6.0,3.0,,,,,,,2.0,0.0,Completed,1.62,2.3,1.59,2.5,1.62,2.4,1.57,2.33,1.62,2.58,spizzirri e.,mannarino a.,atp_79,atp_43
4,Auckland,ASB Classic,1/12/2026,ATP250,Outdoor,Hard,1st Round,3,Brooksby J.,Watt J.,48,643.0,1017,55.0,6.0,4.0,6.0,3.0,,,,,,,2.0,0.0,Completed,1.07,9.0,1.08,10.0,1.07,13.0,1.06,8.69,1.09,11.0,brooksby j.,watt j.,atp_41,atp_666
4,Auckland,ASB Classic,1/12/2026,ATP250,Outdoor,Hard,1st Round,3,Comesana F.,Royer V.,68,57.0,829,924.0,6.0,4.0,6.0,4.0,,,,,,,2.0,0.0,Completed,2.2,1.67,2.21,1.74,2.25,1.75,2.12,1.7,2.2,1.78,comesana f.,royer v.,atp_87,atp_71
4,Auckland,ASB Classic,1/12/2026,ATP250,Outdoor,Hard,1st Round,3,Norrie C.,Gaston H.,28,94.0,1538,653.0,6.0,3.0,6.0,4.0,,,,,,,2.0,0.0,Completed,1.5,2.63,1.53,2.65,1.53,2.8,1.5,2.55,1.59,2.66,norrie c.,gaston h.,atp_24,atp_116
4,Auckland,ASB Classic,1/12/2026,ATP250,Outdoor,Hard,1st Round,3,Baez S.,Nava E.,39,88.0,1250,677.0,4.0,6.0,7.0,5.0,6.0,3.0,,,,,2.0,1.0,Completed,2,1.8,2.19,1.75,2.1,1.8,2.02,1.76,2.22,1.81,baez s.,nava e.,atp_50,atp_104
4,Auckland,ASB Classic,1/12/2026,ATP250,Outdoor,Hard,1st Round,3,Tabilo A.,Ugo Carabelli C.,81,47.0,722,1028.0,6.0,4.0,6.0,2.0,,,,,,,2.0,0.0,Completed,1.44,2.75,1.47,2.88,1.45,2.8,1.43,2.73,1.46,3.0,tabilo a.,ugo carabelli c.,atp_39,atp_67
4,Auckland,ASB Classic,1/12/2026,ATP250,Outdoor,Hard,1st Round,3,Michelsen A.,Navone M.,37,74.0,1350,760.0,2.0,6.0,6.0,2.0,7.0,5.0,,,,,2.0,1.0,Completed,1.3,3.5,1.34,3.55,1.32,3.5,1.3,3.44,1.35,3.7,michelsen a.,navone m.,atp_35,atp_60
4,Auckland,ASB Classic,1/13/2026,ATP250,Outdoor,Hard,1st Round,3,Mpetshi G.,Bautista Agut R.,63,90.0,865,670.0,6.0,3.0,7.0,6.0,,,,,,,2.0,0.0,Completed,1.44,2.75,1.4,3.19,1.47,3.1,1.4,2.88,1.4,3.4,mpetshi perricard g.,bautista agut r.,atp_57,atp_80
4,Auckland,ASB Classic,1/13/2026,ATP250,Outdoor,Hard,1st Round,3,Giron M.,Muller A.,60,50.0,895,980.0,6.0,2.0,6.0,2.0,,,,,,,2.0,0.0,Completed,1.8,2.0,1.88,2.0,1.8,2.12,1.74,2.05,1.82,2.18,giron m.,muller a.,atp_66,atp_94
4,Auckland,ASB Classic,1/13/2026,ATP250,Outdoor,Hard,1st Round,3,Medjedovic H.,Kovacevic A.,96,54.0,643,964.0,6.0,4.0,3.0,6.0,7.0,6.0,,,,,2.0,1.0,Completed,1.44,2.75,1.53,2.67,1.5,2.8,1.46,2.67,1.54,2.8,medjedovic h.,kovacevic a.,atp_81,atp_85
4,Auckland,ASB Classic,1/13/2026,ATP250,Outdoor,Hard,1st Round,3,Marozsan F.,Monfils G.,52,110.0,975,550.0,5.0,7.0,6.0,3.0,6.0,4.0,,,,,2.0,1.0,Completed,1.62,2.3,1.67,2.33,1.65,2.38,1.6,2.3,1.64,2.5,marozsan f.,monfils g.,atp_47,atp_203
4,Auckland,ASB Classic,1/13/2026,ATP250,Outdoor,Hard,1st Round,3,Borges N.,Etcheverry T.,46,61.0,1070,895.0,7.0,5.0,3.0,6.0,7.0,6.0,,,,,2.0,1.0,Completed,1.8,2.0,1.88,2.0,1.85,2.0,1.81,1.96,1.87,2.14,borges n.,etcheverry t.,atp_48,
4,Auckland,ASB Classic,1/13/2026,ATP250,Outdoor,Hard,2nd Round,3,Giron M.,Michelsen A.,60,37.0,895,1350.0,6.0,4.0,6.0,4.0,,,,,,,2.0,0.0,Completed,1.91,1.91,,,2.02,1.91,1.96,1.81,2.12,1.87,giron m.,michelsen a.,atp_66,atp_35
4,Auckland,ASB Classic,1/13/2026,ATP250,Outdoor,Hard,2nd Round,3,Shelton B.,Comesana F.,8,68.0,3960,829.0,7.0,5.0,6.0,4.0,,,,,,,2.0,0.0,Completed,1.25,4.0,,,1.32,4.0,1.29,3.53,1.32,4.1,shelton b.,comesana f.,atp_9,atp_87
4,Auckland,ASB Classic,1/14/2026,ATP250,Outdoor,Hard,2nd Round,3,Baez S.,Brooksby J.,39,48.0,1250,1017.0,7.0,5.0,6.0,0.0,,,,,,,2.0,0.0,Completed,2.5,1.53,,,2.63,1.6,2.41,1.55,2.5,1.65,baez s.,brooksby j.,atp_50,atp_41
4,Auckland,ASB Classic,1/14/2026,ATP250,Outdoor,Hard,2nd Round,3,Darderi L.,Tabilo A.,24,81.0,1579,722.0,1.0,6.0,7.0,5.0,6.0,3.0,,,,,2.0,1.0,Completed,2.3,1.62,,,2.43,1.65,2.34,1.59,2.36,1.72,darderi l.,tabilo a.,atp_19,atp_39
4,Auckland,ASB Classic,1/14/2026,ATP250,Outdoor,Hard,2nd Round,3,Spizzirri E.,Borges N.,89,46.0,672,1070.0,7.0,6.0,6.0,4.0,,,,,,,2.0,0.0,Completed,2.1,1.73,,,2.18,1.75,2.08,1.72,2.12,1.85,spizzirri e.,borges n.,atp_79,atp_48
4,Auckland,ASB Classic,1/14/2026,ATP250,Outdoor,Hard,2nd Round,3,Mpetshi G.,Norrie C.,63,28.0,865,1538.0,4.0,6.0,6.0,3.0,7.0,6.0,,,,,2.0,1.0,Completed,2.1,1.73,,,2.12,1.85,2.05,1.74,2.16,1.85,mpetshi perricard g.,norrie c.,atp_57,atp_24
4,Auckland,ASB Classic,1/14/2026,ATP250,Outdoor,Hard,2nd Round,3,Marozsan F.,Ruud C.,52,13.0,975,2795.0,6.0,4.0,6.0,4.0,,,,,,,2.0,0.0,Completed,3,1.4,,,3.0,1.49,2.76,1.44,2.9,1.5,marozsan f.,ruud c.,atp_47,atp_12
4,Auckland,ASB Classic,1/14/2026,ATP250,Outdoor,Hard,2nd Round,3,Mensik J.,Medjedovic H.,18,96.0,2125,643.0,6.0,1.0,3.0,6.0,6.0,3.0,,,,,2.0,1.0,Completed,1.67,2.2,,,1.7,2.3,1.66,2.19,1.71,2.38,mensik j.,medjedovic h.,atp_26,atp_81
4,Auckland,ASB Classic,1/14/2026,ATP250,Outdoor,Hard,Quarterfinals,3,Giron M.,Darderi L.,60,24.0,895,1579.0,1.0,6.0,7.0,5.0,6.0,4.0,,,,,2.0,1.0,Completed,1.4,3.0,,,1.44,3.0,1.41,2.84,1.46,3.05,giron m.,darderi l.,atp_66,atp_19
4,Auckland,ASB Classic,1/15/2026,ATP250,Outdoor,Hard,Quarterfinals,3,Mensik J.,Mpetshi G.,18,63.0,2125,865.0,6.0,4.0,6.0,2.0,,,,,,,2.0,0.0,Completed,1.62,2.3,,,1.65,2.3,1.62,2.25,1.69,2.38,mensik j.,mpetshi perricard g.,atp_26,atp_57
4,Auckland,ASB Classic,1/15/2026,ATP250,Outdoor,Hard,Quarterfinals,3,Marozsan F.,Spizzirri E.,52,89.0,975,672.0,6.0,4.0,2.0,6.0,6.0,2.0,,,,,2.0,1.0,Completed,1.73,2.1,,,1.73,2.18,1.71,2.11,1.79,2.22,marozsan f.,spizzirri e.,atp_47,atp_79
4,Auckland,ASB Classic,1/15/2026,ATP250,Outdoor,Hard,Quarterfinals,3,Baez S.,Shelton B.,39,8.0,1250,3960.0,7.0,5.0,6.0,3.0,,,,,,,2.0,0.0,Completed,4.33,1.22,,,4.33,1.25,4.03,1.23,4.5,1.27,baez s.,shelton b.,atp_50,atp_9
4,Auckland,ASB Classic,1/16/2026,ATP250,Outdoor,Hard,Semifinals,3,Mensik J.,Marozsan F.,18,52.0,2125,975.0,7.0,6.0,4.0,6.0,6.0,1.0,,,,,2.0,1.0,Completed,1.3,3.5,,,1.33,3.5,1.32,3.3,1.35,3.75,mensik j.,marozsan f.,atp_26,atp_47
4,Auckland,ASB Classic,1/16/2026,ATP250,Outdoor,Hard,Semifinals,3,Baez S.,Giron M.,39,60.0,1250,895.0,6.0,1.0,6.0,4.0,,,,,,,2.0,0.0,Completed,2.38,1.57,,,2.6,1.6,2.49,1.52,2.8,1.54,baez s.,giron m.,atp_50,atp_66
4,Auckland,ASB Classic,1/17/2026,ATP250,Outdoor,Hard,The Final,3,Mensik J.,Baez S.,18,39.0,2125,1250.0,6.0,3.0,7.0,6.0,,,,,,,2.0,0.0,Completed,1.44,2.75,,,1.47,2.8,1.45,2.72,1.47,3.05,mensik j.,baez s.,atp_26,atp_50
5,Melbourne,Australian Open,1/18/2026,Grand Slam,Outdoor,Hard,1st Round,5,Etcheverry T.,Kecmanovic M.,62,60.0,895,910.0,6.0,2.0,3.0,6.0,4.0,6.0,6.0,3.0,6.0,4.0,3.0,2.0,Completed,1.73,2.1,,,1.75,2.16,1.71,2.11,1.8,2.24,etcheverry t.,kecmanovic m.,,atp_58
5,Melbourne,Australian Open,1/18/2026,Grand Slam,Outdoor,Hard,1st Round,5,Fery A.,Cobolli F.,186,22.0,316,1955.0,7.0,6.0,6.0,4.0,6.0,1.0,,,,,3.0,0.0,Completed,3.2,1.36,,,3.2,1.43,2.89,1.4,3.4,1.4,fery a.,cobolli f.,atp_163,atp_13
5,Melbourne,Australian Open,1/18/2026,Grand Slam,Outdoor,Hard,1st Round,5,Moutet C.,Schoolkate T.,37,98.0,1383,641.0,6.0,4.0,7.0,6.0,6.0,3.0,,,,,3.0,0.0,Completed,1.33,3.4,,,1.36,3.5,1.34,3.22,1.39,3.5,moutet c.,schoolkate t.,atp_32,atp_119
5,Melbourne,Australian Open,1/18/2026,Grand Slam,Outdoor,Hard,1st Round,5,Zverev A.,Diallo G.,3,41.0,5105,1215.0,6.0,7.0,6.0,1.0,6.0,4.0,6.0,2.0,,,3.0,1.0,Completed,1.13,6.0,,,1.14,6.5,1.13,5.88,1.16,6.8,zverev a.,diallo g.,atp_3,atp_36
5,Melbourne,Australian Open,1/18/2026,Grand Slam,Outdoor,Hard,1st Round,5,Cerundolo F.,Zhang Zh.,21,368.0,2035,130.0,6.0,3.0,7.0,6.0,6.0,3.0,,,,,3.0,0.0,Completed,1.4,3.0,,,1.43,3.0,1.41,2.83,1.46,3.1,cerundolo f.,zhang z.,atp_20,atp_263
5,Melbourne,Australian Open,1/18/2026,Grand Slam,Outdoor,Hard,1st Round,5,Comesana F.,Kypson P.,68,116.0,829,527.0,6.0,2.0,6.0,3.0,3.0,6.0,6.0,3.0,,,3.0,1.0,Completed,1.57,2.38,,,1.62,2.38,1.59,2.3,1.67,2.46,comesana f.,kypson p.,atp_87,atp_96
5,Melbourne,Australian Open,1/18/2026,Grand Slam,Outdoor,Hard,1st Round,5,Nava E.,Jacquet K.,89,128.0,683,477.0,6.0,2.0,7.0,5.0,6.0,7.0,4.0,6.0,7.0,6.0,3.0,2.0,Completed,1.57,2.38,,,1.64,2.4,1.58,2.32,1.61,2.58,nava e.,jacquet k.,atp_104,atp_149
5,Melbourne,Australian Open,1/18/2026,Grand Slam,Outdoor,Hard,1st Round,5,Dzumhur D.,Draxl L.,66,145.0,837,429.0,7.0,5.0,6.0,0.0,6.0,4.0,,,,,3.0,0.0,Completed,1.73,2.1,,,1.8,2.1,1.74,2.05,1.82,2.18,dzumhur d.,draxl l.,atp_74,atp_147
5,Melbourne,Australian Open,1/18/2026,Grand Slam,Outdoor,Hard,1st Round,5,Zheng M.,Korda S.,174,53.0,337,975.0,6.0,4.0,6.0,4.0,3.0,6.0,6.0,7.0,6.0,3.0,3.0,2.0,Completed,3.5,1.3,,,3.8,1.33,3.45,1.3,3.85,1.34,zheng m.,korda s.,atp_150,atp_42
5,Melbourne,Australian Open,1/18/2026,Grand Slam,Outdoor,Hard,1st Round,5,Faria J.,Blockx A.,151,96.0,413,653.0,6.0,3.0,3.0,6.0,6.0,3.0,6.0,4.0,,,3.0,1.0,Completed,2.38,1.57,,,2.65,1.62,2.4,1.55,2.6,1.61,faria j.,blockx a.,atp_143,atp_92
5,Melbourne,Australian Open,1/18/2026,Grand Slam,Outdoor,Hard,1st Round,5,Fucsovics M.,Ugo Carabelli C.,54,49.0,967,1028.0,7.0,6.0,6.0,1.0,6.0,2.0,,,,,3.0,0.0,Completed,1.2,4.5,,,1.23,4.5,1.22,4.19,1.24,4.9,fucsovics m.,ugo carabelli c.,atp_51,atp_67
5,Melbourne,Australian Open,1/18/2026,Grand Slam,Outdoor,Hard,1st Round,5,Tiafoe F.,Kubler J.,34,194.0,1500,305.0,7.0,6.0,6.0,3.0,6.0,2.0,,,,,3.0,0.0,Completed,1.29,3.75,,,1.3,4.0,1.29,3.53,1.34,3.85,tiafoe f.,kubler j.,atp_18,atp_230
5,Melbourne,Australian Open,1/18/2026,Grand Slam,Outdoor,Hard,1st Round,5,Hanfmann Y.,Svajda Z.,102,143.0,611,431.0,7.0,5.0,4.0,6.0,6.0,4.0,7.0,6.0,,,3.0,1.0,Completed,2.3,1.62,,,2.4,1.64,2.31,1.58,2.54,1.64,hanfmann y.,svajda z.,atp_61,atp_82
5,Melbourne,Australian Open,1/18/2026,Grand Slam,Outdoor,Hard,1st Round,5,Norrie C.,Bonzi B.,27,106.0,1553,566.0,6.0,0.0,6.0,7.0,4.0,6.0,6.0,3.0,6.0,4.0,3.0,2.0,Completed,1.3,3.5,,,1.3,4.0,1.28,3.54,1.32,4.0,norrie c.,bonzi b.,atp_24,atp_103
5,Melbourne,Australian Open,1/18/2026,Grand Slam,Outdoor,Hard,1st Round,5,Bublik A.,Brooksby J.,10,48.0,3065,1042.0,6.0,4.0,6.0,4.0,6.0,4.0,,,,,3.0,0.0,Completed,1.29,3.75,,,1.29,3.9,1.27,3.73,1.35,3.85,bublik a.,brooksby j.,atp_11,atp_41
5,Melbourne,Australian Open,1/18/2026,Grand Slam,Outdoor,Hard,1st Round,5,Alcaraz C.,Walton A.,1,81.0,12050,727.0,6.0,3.0,7.0,6.0,6.0,2.0,,,,,3.0,0.0,Completed,1,41.0,,,1.01,41.0,1.01,24.06,1.01,55.0,alcaraz c.,walton a.,atp_1,atp_105
5,Melbourne,Australian Open,1/19/2026,Grand Slam,Outdoor,Hard,1st Round,5,Medjedovic H.,Navone M.,90,74.0,681,760.0,6.0,2.0,6.0,7.0,6.0,4.0,6.0,2.0,,,3.0,1.0,Completed,1.36,3.2,,,1.4,3.2,1.37,3.0,1.44,3.25,medjedovic h.,navone m.,atp_81,atp_60
5,Melbourne,Australian Open,1/19/2026,Grand Slam,Outdoor,Hard,1st Round,5,Shevchenko A.,Ymer E.,97,175.0,650,337.0,3.0,6.0,7.0,5.0,6.0,4.0,6.0,1.0,,,3.0,1.0,Completed,1.44,2.75,,,1.5,2.9,1.44,2.72,1.53,2.84,shevchenko a.,ymer e.,atp_76,atp_175
5,Melbourne,Australian Open,1/19/2026,Grand Slam,Outdoor,Hard,1st Round,5,Borges N.,Auger-Aliassime F.,46,8.0,1070,3990.0,3.0,6.0,6.0,4.0,6.0,4.0,0.0,0.0,,,2.0,1.0,Retired,3.75,1.29,,,3.75,1.33,3.61,1.28,4.5,1.27,borges n.,augeraliassime f.,atp_48,
5,Melbourne,Australian Open,1/19/2026,Grand Slam,Outdoor,Hard,1st Round,5,Halys Q.,Tabilo A.,83,79.0,725,737.0,6.0,2.0,6.0,2.0,7.0,6.0,,,,,3.0,0.0,Completed,1.8,2.0,,,1.85,2.3,1.77,2.03,1.9,2.1,halys q.,tabilo a.,atp_90,atp_39
5,Melbourne,Australian Open,1/19/2026,Grand Slam,Outdoor,Hard,1st Round,5,Medvedev D.,De Jong J.,12,73.0,2910,763.0,7.0,5.0,6.0,2.0,7.0,6.0,,,,,3.0,0.0,Completed,1.04,13.0,,,1.06,13.0,1.05,9.88,1.05,17.5,medvedev d.,de jong j.,atp_10,atp_99
5,Melbourne,Australian Open,1/19/2026,Grand Slam,Outdoor,Hard,1st Round,5,Marozsan F.,Rinderknech A.,47,28.0,1065,1551.0,6.0,3.0,6.0,4.0,6.0,7.0,6.0,4.0,,,3.0,1.0,Completed,1.8,2.0,,,1.85,2.1,1.81,1.97,1.91,2.06,marozsan f.,rinderknech a.,atp_47,atp_27
5,Melbourne,Australian Open,1/19/2026,Grand Slam,Outdoor,Hard,1st Round,5,Paul T.,Kovacevic A.,20,56.0,2050,964.0,6.0,4.0,6.0,3.0,6.0,3.0,,,,,3.0,0.0,Completed,1.17,5.0,,,1.2,5.75,1.17,4.81,1.2,5.5,paul t.,kovacevic a.,atp_21,atp_85
5,Melbourne,Australian Open,1/19/2026,Grand Slam,Outdoor,Hard,1st Round,5,Shang J.,Bautista Agut R.,318,91.0,165,670.0,6.0,4.0,6.0,7.0,6.0,4.0,6.0,0.0,,,3.0,1.0,Completed,1.3,3.5,,,1.32,3.8,1.29,3.48,1.33,3.9,shang j.,bautista agut r.,atp_262,atp_80
5,Melbourne,Australian Open,1/19/2026,Grand Slam,Outdoor,Hard,1st Round,5,Opelka R.,Budkov Kjaer N.,63,135.0,873,446.0,6.0,4.0,6.0,3.0,6.0,4.0,,,,,3.0,0.0,Completed,1.53,2.5,,,1.6,2.6,1.55,2.41,1.64,2.52,opelka r.,budkov kjaer n.,atp_64,atp_141
5,Melbourne,Australian Open,1/19/2026,Grand Slam,Outdoor,Hard,1st Round,5,Rublev A.,Arnaldi M.,15,65.0,2600,858.0,6.0,4.0,6.0,2.0,6.0,3.0,,,,,3.0,0.0,Completed,1.22,4.33,,,1.25,4.5,1.24,4.01,1.25,4.7,rublev a.,arnaldi m.,atp_16,atp_107
5,Melbourne,Australian Open,1/19/2026,Grand Slam,Outdoor,Hard,1st Round,5,Thompson J.,Cerundolo J.M.,111,87.0,548,700.0,6.0,7.0,7.0,5.0,6.0,1.0,6.0,1.0,,,3.0,1.0,Completed,1.44,2.75,,,1.45,2.88,1.42,2.79,1.5,2.96,thompson j.,cerundolo j.,atp_131,
5,Melbourne,Australian Open,1/19/2026,Grand Slam,Outdoor,Hard,1st Round,5,De Minaur A.,McDonald M.,6,113.0,4080,546.0,6.0,2.0,6.0,2.0,6.0,3.0,,,,,3.0,0.0,Completed,1.05,11.0,,,1.06,11.0,1.05,10.02,1.04,21.0,de minaur a.,mcdonald m.,atp_6,atp_125
5,Melbourne,Australian Open,1/19/2026,Grand Slam,Outdoor,Hard,1st Round,5,Tien L.,Giron M.,29,51.0,1540,985.0,7.0,6.0,4.0,6.0,3.0,6.0,7.0,6.0,6.0,2.0,3.0,2.0,Completed,1.5,2.63,,,1.55,2.63,1.52,2.49,1.59,2.68,tien l.,giron m.,atp_22,atp_66
5,Melbourne,Australian Open,1/19/2026,Grand Slam,Outdoor,Hard,1st Round,5,Davidovich Fokina A.,Misolic F.,14,84.0,2635,725.0,6.0,2.0,6.0,3.0,6.0,3.0,,,,,3.0,0.0,Completed,1.06,10.0,,,1.08,10.0,1.06,8.94,1.06,14.0,davidovich fokina a.,misolic f.,atp_17,atp_86
5,Melbourne,Australian Open,1/19/2026,Grand Slam,Outdoor,Hard,1st Round,5,Tirante T.A.,Vukic A.,103,78.0,605,746.0,7.0,5.0,6.0,2.0,6.0,2.0,,,,,3.0,0.0,Completed,2.75,1.44,,,2.95,1.45,2.78,1.43,3.0,1.48,tirante t.,vukic a.,,atp_84
5,Melbourne,Australian Open,1/19/2026,Grand Slam,Outdoor,Hard,1st Round,5,Wawrinka S.,Djere L.,139,92.0,437,659.0,5.0,7.0,6.0,3.0,6.0,4.0,7.0,6.0,,,3.0,1.0,Completed,1.8,2.0,,,1.85,2.05,1.81,1.96,1.85,2.14,wawrinka s.,djere l.,atp_98,atp_204
5,Melbourne,Australian Open,1/19/2026,Grand Slam,Outdoor,Hard,1st Round,5,Majchrzak K.,Fearnley J.,59,77.0,918,752.0,7.0,6.0,7.0,5.0,3.0,6.0,7.0,6.0,,,3.0,1.0,Completed,1.44,2.75,,,1.5,2.88,1.43,2.75,1.5,2.96,majchrzak k.,fearnley j.,atp_53,atp_97
5,Melbourne,Australian Open,1/19/2026,Grand Slam,Outdoor,Hard,1st Round,5,Cilic M.,Altmaier D.,70,44.0,790,1123.0,6.0,0.0,6.0,0.0,7.0,6.0,,,,,3.0,0.0,Completed,1.5,2.63,,,1.55,2.63,1.52,2.49,1.59,2.62,cilic m.,altmaier d.,atp_54,atp_52
5,Melbourne,Australian Open,1/19/2026,Grand Slam,Outdoor,Hard,1st Round,5,Van De Zandschulp B.,Nakashima B.,75,30.0,759,1535.0,6.0,3.0,4.0,6.0,7.0,6.0,7.0,6.0,,,3.0,1.0,Completed,3.2,1.36,,,3.25,1.4,3.09,1.35,3.45,1.38,van de zandschulp b.,nakashima b.,atp_62,atp_33
5,Melbourne,Australian Open,1/19/2026,Grand Slam,Outdoor,Hard,1st Round,5,Maestrelli F.,Atmane T.,141,64.0,436,862.0,6.0,4.0,3.0,6.0,6.0,7.0,6.0,1.0,6.0,1.0,3.0,2.0,Completed,2.63,1.5,,,2.63,1.53,2.52,1.5,2.66,1.59,maestrelli f.,atmane t.,atp_114,atp_44
5,Melbourne,Australian Open,1/19/2026,Grand Slam,Outdoor,Hard,1st Round,5,Munar J.,Svrcina D.,39,95.0,1335,655.0,3.0,6.0,6.0,2.0,6.0,7.0,7.0,5.0,6.0,3.0,3.0,2.0,Completed,1.22,4.33,,,1.25,4.33,1.23,3.98,1.26,4.7,munar j.,svrcina d.,atp_37,atp_110
5,Melbourne,Australian Open,1/19/2026,Grand Slam,Outdoor,Hard,1st Round,5,Shapovalov D.,Bu Y.,23,120.0,1650,499.0,6.0,3.0,7.0,6.0,6.0,1.0,,,,,3.0,0.0,Completed,1.5,2.63,,,1.52,2.63,1.49,2.57,1.58,2.7,shapovalov d.,bu y.,atp_38,
5,Melbourne,Australian Open,1/19/2026,Grand Slam,Outdoor,Hard,1st Round,5,Hijikata R.,Mannarino A.,114,69.0,542,810.0,6.0,3.0,6.0,3.0,6.0,1.0,,,,,3.0,0.0,Completed,1.57,2.38,,,1.7,2.4,1.6,2.31,1.64,2.52,hijikata r.,mannarino a.,atp_102,atp_43
5,Melbourne,Australian Open,1/19/2026,Grand Slam,Outdoor,Hard,1st Round,5,Gea A.,Lehecka J.,198,19.0,300,2090.0,7.0,5.0,7.0,6.0,7.0,5.0,,,,,3.0,0.0,Completed,3.4,1.33,,,3.4,1.35,3.26,1.32,3.7,1.36,gea a.,lehecka j.,atp_137,atp_14
5,Melbourne,Australian Open,1/19/2026,Grand Slam,Outdoor,Hard,1st Round,5,Vacherot V.,Damm M.,31,177.0,1519,333.0,6.0,4.0,6.0,4.0,6.0,4.0,,,,,3.0,0.0,Completed,1.44,2.75,,,1.48,2.75,1.46,2.67,1.49,2.96,vacherot v.,damm m.,atp_23,atp_126
5,Melbourne,Australian Open,1/19/2026,Grand Slam,Outdoor,Hard,1st Round,5,Muller A.,Popyrin A.,52,50.0,980,1000.0,2.0,6.0,6.0,3.0,3.0,6.0,7.0,6.0,7.0,6.0,3.0,2.0,Completed,3.2,1.36,,,3.25,1.41,3.04,1.36,3.3,1.42,muller a.,popyrin a.,atp_94,atp_45
5,Melbourne,Australian Open,1/19/2026,Grand Slam,Outdoor,Hard,1st Round,5,Ruud C.,Bellucci M.,13,76.0,2795,758.0,6.0,1.0,6.0,2.0,6.0,4.0,,,,,3.0,0.0,Completed,1.17,5.0,,,1.21,5.25,1.19,4.61,1.2,5.5,ruud c.,bellucci m.,atp_12,atp_73
5,Melbourne,Australian Open,1/19/2026,Grand Slam,Outdoor,Hard,1st Round,5,Djokovic N.,Martinez P.,4,71.0,4780,768.0,6.0,3.0,6.0,2.0,6.0,2.0,,,,,3.0,0.0,Completed,1.02,17.0,,,1.04,17.0,1.03,12.53,1.06,15.0,djokovic n.,martinez p.,atp_4,atp_113
5,Melbourne,Australian Open,1/20/2026,Grand Slam,Outdoor,Hard,1st Round,5,Sonego L.,Taberner C.,40,99.0,1240,630.0,6.0,4.0,6.0,0.0,6.0,3.0,,,,,3.0,0.0,Completed,1.08,8.0,,,1.1,8.5,1.08,7.38,1.1,10.0,sonego l.,taberner c.,atp_63,atp_121
5,Melbourne,Australian Open,1/20/2026,Grand Slam,Outdoor,Hard,1st Round,5,Darderi L.,Garin C.,25,82.0,1599,726.0,7.0,6.0,7.0,5.0,7.0,6.0,,,,,3.0,0.0,Completed,1.5,2.63,,,1.53,2.88,1.49,2.57,1.61,2.6,darderi l.,garin c.,atp_19,atp_100
5,Melbourne,Australian Open,1/20/2026,Grand Slam,Outdoor,Hard,1st Round,5,Musetti L.,Collignon R.,5,72.0,4105,767.0,4.0,6.0,7.0,6.0,7.0,5.0,3.0,2.0,,,2.0,1.0,Retired,1.25,4.0,,,1.26,4.2,1.24,3.93,1.26,4.7,musetti l.,collignon r.,atp_5,atp_65
5,Melbourne,Australian Open,1/20/2026,Grand Slam,Outdoor,Hard,1st Round,5,Quinn E.,Griekspoor T.,80,26.0,733,1565.0,6.0,2.0,6.0,3.0,6.0,2.0,,,,,3.0,0.0,Completed,2.1,1.73,,,2.17,1.8,2.08,1.72,2.2,1.81,quinn e.,griekspoor t.,atp_56,atp_30
5,Melbourne,Australian Open,1/20/2026,Grand Slam,Outdoor,Hard,1st Round,5,Baez S.,Mpetshi G.,36,61.0,1390,905.0,6.0,4.0,6.0,4.0,3.0,6.0,5.0,7.0,6.0,3.0,3.0,2.0,Completed,2.3,1.62,,,2.3,1.73,2.16,1.67,2.36,1.72,baez s.,mpetshi perricard g.,atp_50,atp_57
5,Melbourne,Australian Open,1/20/2026,Grand Slam,Outdoor,Hard,1st Round,5,Khachanov K.,Michelsen A.,18,38.0,2320,1350.0,4.0,6.0,6.0,4.0,6.0,3.0,5.0,7.0,6.0,3.0,3.0,2.0,Completed,1.57,2.38,,,1.62,2.45,1.56,2.38,1.63,2.56,khachanov k.,michelsen a.,atp_15,atp_35
5,Melbourne,Australian Open,1/20/2026,Grand Slam,Outdoor,Hard,1st Round,5,Basavareddy N.,O Connell C.,242,118.0,230,521.0,4.0,6.0,7.0,6.0,6.0,7.0,6.0,2.0,6.0,3.0,3.0,2.0,Completed,1.62,2.3,,,1.7,2.32,1.62,2.25,1.64,2.5,basavareddy n.,oconnell c.,atp_193,atp_128
5,Melbourne,Australian Open,1/20/2026,Grand Slam,Outdoor,Hard,1st Round,5,Mensik J.,Carreno Busta P.,17,94.0,2345,656.0,7.0,5.0,4.0,6.0,2.0,6.0,7.0,6.0,6.0,3.0,3.0,2.0,Completed,1.22,4.33,,,1.24,4.33,1.22,4.08,1.24,5.0,mensik j.,carreno busta p.,atp_26,atp_88
5,Melbourne,Australian Open,1/20/2026,Grand Slam,Outdoor,Hard,1st Round,5,Shelton B.,Humbert U.,7,33.0,4000,1510.0,6.0,3.0,7.0,6.0,7.0,6.0,,,,,3.0,0.0,Completed,1.57,2.38,,,1.62,2.43,1.57,2.34,1.66,2.48,shelton b.,humbert u.,atp_9,atp_34
5,Melbourne,Australian Open,1/20/2026,Grand Slam,Outdoor,Hard,1st Round,5,Spizzirri E.,Fonseca J.,85,32.0,725,1510.0,6.0,4.0,2.0,6.0,6.0,1.0,6.0,2.0,,,3.0,1.0,Completed,2.63,1.5,,,2.63,1.55,2.48,1.53,2.52,1.64,spizzirri e.,fonseca j.,atp_79,atp_40
5,Melbourne,Australian Open,1/20/2026,Grand Slam,Outdoor,Hard,1st Round,5,Wu Y.,Nardi L.,168,108.0,347,561.0,7.0,5.0,4.0,6.0,6.0,4.0,6.0,2.0,,,3.0,1.0,Completed,1.25,4.0,,,1.3,4.5,1.24,3.97,1.28,4.3,wu y.,nardi l.,atp_118,atp_140
5,Melbourne,Australian Open,1/20/2026,Grand Slam,Outdoor,Hard,1st Round,5,Sweeny D.,Monfils G.,182,110.0,325,550.0,6.0,7.0,7.0,5.0,6.0,4.0,7.0,5.0,,,3.0,1.0,Completed,2.38,1.57,,,2.5,1.57,2.41,1.54,2.62,1.6,sweeny d.,monfils g.,atp_135,atp_203
5,Melbourne,Australian Open,1/20/2026,Grand Slam,Outdoor,Hard,1st Round,5,Jodar R.,Sakamoto R.,150,203.0,418,292.0,7.0,6.0,6.0,1.0,5.0,7.0,4.0,6.0,6.0,3.0,3.0,2.0,Completed,1.33,3.4,,,1.42,3.4,1.37,3.04,1.44,3.2,jodar r.,sakamoto r.,atp_89,atp_166
5,Melbourne,Australian Open,1/20/2026,Grand Slam,Outdoor,Hard,1st Round,5,Hurkacz H.,Bergs Z.,55,43.0,965,1170.0,6.0,7.0,7.0,6.0,6.0,3.0,6.0,3.0,,,3.0,1.0,Completed,1.36,3.2,,,1.4,3.25,1.37,3.02,1.41,3.35,hurkacz h.,bergs z.,atp_72,atp_46
5,Melbourne,Australian Open,1/20/2026,Grand Slam,Outdoor,Hard,1st Round,5,Duckworth J.,Prizmic D.,88,127.0,694,481.0,7.0,6.0,3.0,6.0,1.0,6.0,7.0,5.0,6.0,3.0,3.0,2.0,Completed,2.1,1.73,,,2.13,1.75,2.07,1.73,2.16,1.84,duckworth j.,prizmic d.,atp_95,atp_112
5,Melbourne,Australian Open,1/20/2026,Grand Slam,Outdoor,Hard,1st Round,5,Fritz T.,Royer V.,9,58.0,3840,924.0,7.0,6.0,5.0,7.0,6.0,1.0,6.0,3.0,,,3.0,1.0,Completed,1.11,6.5,,,1.14,7.0,1.12,6.24,1.15,7.2,fritz t.,royer v.,atp_8,atp_71
5,Melbourne,Australian Open,1/20/2026,Grand Slam,Outdoor,Hard,1st Round,5,Kopriva V.,Struff J.L.,101,86.0,626,706.0,4.0,6.0,6.0,2.0,2.0,6.0,6.0,3.0,6.0,1.0,3.0,2.0,Completed,3,1.4,,,3.0,1.44,2.83,1.41,2.98,1.48,kopriva v.,struff j.,atp_70,
5,Melbourne,Australian Open,1/20/2026,Grand Slam,Outdoor,Hard,1st Round,5,Sinner J.,Gaston H.,2,93.0,11500,656.0,6.0,2.0,6.0,1.0,,,,,,,2.0,0.0,Retired,1,51.0,,,1.01,51.0,1.01,26.85,1.01,90.0,sinner j.,gaston h.,atp_2,atp_116
5,Melbourne,Australian Open,1/20/2026,Grand Slam,Outdoor,Hard,1st Round,5,Machac T.,Dimitrov G.,24,45.0,1610,1105.0,6.0,4.0,6.0,4.0,6.0,3.0,,,,,3.0,0.0,Completed,1.73,2.1,,,1.73,2.2,1.68,2.14,1.76,2.26,machac t.,dimitrov g.,atp_55,atp_93
5,Melbourne,Australian Open,1/20/2026,Grand Slam,Outdoor,Hard,1st Round,5,Tsitsipas S.,Mochizuki S.,35,112.0,1455,547.0,4.0,6.0,6.0,3.0,6.0,2.0,6.0,2.0,,,3.0,1.0,Completed,1.11,6.5,,,1.15,7.0,1.12,5.96,1.14,7.6,tsitsipas s.,mochizuki s.,atp_49,atp_127
5,Melbourne,Australian Open,1/21/2026,Grand Slam,Outdoor,Hard,2nd Round,5,Marozsan F.,Majchrzak K.,47,59.0,1065,918.0,6.0,3.0,6.0,4.0,7.0,6.0,,,,,3.0,0.0,Completed,1.57,2.38,,,1.65,2.38,1.59,2.33,1.67,2.46,marozsan f.,majchrzak k.,atp_47,atp_53
5,Melbourne,Australian Open,1/21/2026,Grand Slam,Outdoor,Hard,2nd Round,5,Cerundolo F.,Dzumhur D.,21,66.0,2035,837.0,6.0,3.0,6.0,2.0,6.0,1.0,,,,,3.0,0.0,Completed,1.2,4.5,,,1.22,4.75,1.2,4.41,1.22,5.1,cerundolo f.,dzumhur d.,atp_20,atp_74
5,Melbourne,Australian Open,1/21/2026,Grand Slam,Outdoor,Hard,2nd Round,5,Paul T.,Tirante T.A.,20,103.0,2050,605.0,6.0,3.0,6.0,4.0,6.0,2.0,,,,,3.0,0.0,Completed,1.07,9.0,,,1.1,9.0,1.08,7.83,1.1,10.0,paul t.,tirante t.,atp_21,
5,Melbourne,Australian Open,1/21/2026,Grand Slam,Outdoor,Hard,2nd Round,5,Rublev A.,Faria J.,15,151.0,2600,413.0,6.0,4.0,6.0,3.0,4.0,6.0,7.0,5.0,,,3.0,1.0,Completed,1.1,7.0,,,1.12,7.5,1.1,6.54,1.13,8.0,rublev a.,faria j.,atp_16,atp_143
5,Melbourne,Australian Open,1/21/2026,Grand Slam,Outdoor,Hard,2nd Round,5,Medvedev D.,Halys Q.,12,83.0,2910,725.0,6.0,7.0,6.0,3.0,6.0,4.0,6.0,2.0,,,3.0,1.0,Completed,1.1,7.0,,,1.12,7.5,1.1,6.55,1.14,7.8,medvedev d.,halys q.,atp_10,atp_90
5,Melbourne,Australian Open,1/21/2026,Grand Slam,Outdoor,Hard,2nd Round,5,Etcheverry T.,Fery A.,62,186.0,895,316.0,7.0,6.0,6.0,1.0,6.0,3.0,,,,,3.0,0.0,Completed,1.62,2.3,,,1.63,2.35,1.6,2.29,1.7,2.42,etcheverry t.,fery a.,,atp_163
5,Melbourne,Australian Open,1/21/2026,Grand Slam,Outdoor,Hard,2nd Round,5,Davidovich Fokina A.,Opelka R.,14,63.0,2635,873.0,6.0,3.0,7.0,6.0,5.0,7.0,4.0,6.0,6.0,4.0,3.0,2.0,Completed,1.4,3.0,,,1.44,3.0,1.4,2.89,1.43,3.25,davidovich fokina a.,opelka r.,atp_17,atp_64
5,Melbourne,Australian Open,1/21/2026,Grand Slam,Outdoor,Hard,2nd Round,5,Alcaraz C.,Hanfmann Y.,1,102.0,12050,611.0,7.0,6.0,6.0,3.0,6.0,2.0,,,,,3.0,0.0,Completed,1.01,26.0,,,1.02,29.0,1.01,19.31,1.01,55.0,alcaraz c.,hanfmann y.,atp_1,atp_61
5,Melbourne,Australian Open,1/21/2026,Grand Slam,Outdoor,Hard,2nd Round,5,Borges N.,Thompson J.,46,111.0,1070,548.0,6.0,7.0,6.0,3.0,6.0,2.0,6.0,4.0,,,3.0,1.0,Completed,1.53,2.5,,,1.67,2.53,1.55,2.43,1.53,2.84,borges n.,thompson j.,atp_48,atp_131
5,Melbourne,Australian Open,1/21/2026,Grand Slam,Outdoor,Hard,2nd Round,5,Moutet C.,Zheng M.,37,174.0,1383,337.0,3.0,6.0,6.0,1.0,6.0,3.0,2.0,0.0,,,2.0,1.0,Retired,1.62,2.3,,,1.67,2.35,1.64,2.24,1.74,2.32,moutet c.,zheng m.,atp_32,atp_150
5,Melbourne,Australian Open,1/21/2026,Grand Slam,Outdoor,Hard,2nd Round,5,Tien L.,Shevchenko A.,29,97.0,1540,650.0,6.0,2.0,5.0,7.0,6.0,1.0,6.0,0.0,,,3.0,1.0,Completed,1.17,5.0,,,1.21,5.25,1.18,4.71,1.21,5.4,tien l.,shevchenko a.,atp_22,atp_76
5,Melbourne,Australian Open,1/21/2026,Grand Slam,Outdoor,Hard,2nd Round,5,Norrie C.,Nava E.,27,89.0,1553,683.0,6.0,1.0,7.0,6.0,4.0,6.0,7.0,6.0,,,3.0,1.0,Completed,1.44,2.75,,,1.44,2.9,1.42,2.83,1.51,2.96,norrie c.,nava e.,atp_24,atp_104
5,Melbourne,Australian Open,1/21/2026,Grand Slam,Outdoor,Hard,2nd Round,5,Bublik A.,Fucsovics M.,10,54.0,3065,967.0,7.0,5.0,6.0,4.0,7.0,5.0,,,,,3.0,0.0,Completed,1.2,4.5,,,1.2,5.0,1.2,4.48,1.21,5.7,bublik a.,fucsovics m.,atp_11,atp_51
5,Melbourne,Australian Open,1/21/2026,Grand Slam,Outdoor,Hard,2nd Round,5,Zverev A.,Muller A.,3,52.0,5105,980.0,6.0,3.0,4.0,6.0,6.0,3.0,6.0,4.0,,,3.0,1.0,Completed,1.05,11.0,,,1.06,11.0,1.05,9.98,1.05,17.0,zverev a.,muller a.,atp_3,atp_94
5,Melbourne,Australian Open,1/21/2026,Grand Slam,Outdoor,Hard,2nd Round,5,De Minaur A.,Medjedovic H.,6,90.0,4080,681.0,6.0,7.0,6.0,2.0,6.0,2.0,6.0,1.0,,,3.0,1.0,Completed,1.13,6.0,,,1.15,6.0,1.14,5.5,1.16,6.8,de minaur a.,medjedovic h.,atp_6,atp_81
5,Melbourne,Australian Open,1/21/2026,Grand Slam,Outdoor,Hard,2nd Round,5,Tiafoe F.,Comesana F.,34,68.0,1500,829.0,6.0,4.0,6.0,3.0,4.0,6.0,6.0,2.0,,,3.0,1.0,Completed,1.4,3.0,,,1.44,3.0,1.4,2.91,1.45,3.15,tiafoe f.,comesana f.,atp_18,atp_87
5,Melbourne,Australian Open,1/22/2026,Grand Slam,Outdoor,Hard,2nd Round,5,Vacherot V.,Hijikata R.,31,114.0,1519,542.0,6.0,1.0,6.0,3.0,4.0,6.0,6.0,2.0,,,3.0,1.0,Completed,1.5,2.63,,,1.54,2.63,1.51,2.53,1.54,2.82,vacherot v.,hijikata r.,atp_23,atp_102
5,Melbourne,Australian Open,1/22/2026,Grand Slam,Outdoor,Hard,2nd Round,5,Mensik J.,Jodar R.,17,150.0,2345,418.0,6.0,2.0,6.0,4.0,6.0,4.0,,,,,3.0,0.0,Completed,1.44,2.75,,,1.55,2.75,1.52,2.5,1.63,2.58,mensik j.,jodar r.,atp_26,atp_89
5,Melbourne,Australian Open,1/22/2026,Grand Slam,Outdoor,Hard,2nd Round,5,Darderi L.,Baez S.,25,36.0,1599,1390.0,6.0,3.0,1.0,6.0,6.0,4.0,6.0,3.0,,,3.0,1.0,Completed,2.5,1.53,,,2.5,1.6,2.38,1.56,2.44,1.68,darderi l.,baez s.,atp_19,atp_50
5,Melbourne,Australian Open,1/22/2026,Grand Slam,Outdoor,Hard,2nd Round,5,Khachanov K.,Basavareddy N.,18,242.0,2320,230.0,6.0,1.0,6.0,4.0,6.0,3.0,,,,,3.0,0.0,Completed,1.29,3.75,,,1.34,3.8,1.3,3.46,1.33,3.85,khachanov k.,basavareddy n.,atp_15,atp_193
5,Melbourne,Australian Open,1/22/2026,Grand Slam,Outdoor,Hard,2nd Round,5,Musetti L.,Sonego L.,5,40.0,4105,1240.0,6.0,3.0,6.0,3.0,6.0,4.0,,,,,3.0,0.0,Completed,1.36,3.2,,,1.4,3.25,1.36,3.09,1.38,3.6,musetti l.,sonego l.,atp_5,atp_63
5,Melbourne,Australian Open,1/22/2026,Grand Slam,Outdoor,Hard,2nd Round,5,Shelton B.,Sweeny D.,7,182.0,4000,325.0,6.0,3.0,6.0,2.0,6.0,2.0,,,,,3.0,0.0,Completed,1.06,10.0,,,1.09,10.0,1.07,8.06,1.08,12.0,shelton b.,sweeny d.,atp_9,atp_135
5,Melbourne,Australian Open,1/22/2026,Grand Slam,Outdoor,Hard,2nd Round,5,Quinn E.,Hurkacz H.,80,55.0,733,965.0,6.0,4.0,7.0,6.0,6.0,1.0,,,,,3.0,0.0,Completed,4,1.25,,,4.0,1.26,3.9,1.24,4.2,1.29,quinn e.,hurkacz h.,atp_56,atp_72
5,Melbourne,Australian Open,1/22/2026,Grand Slam,Outdoor,Hard,2nd Round,5,Djokovic N.,Maestrelli F.,4,141.0,4780,436.0,6.0,3.0,6.0,2.0,6.0,2.0,,,,,3.0,0.0,Completed,1.01,29.0,,,1.02,29.0,1.01,17.12,1.03,32.0,djokovic n.,maestrelli f.,atp_4,atp_114
5,Melbourne,Australian Open,1/22/2026,Grand Slam,Outdoor,Hard,2nd Round,5,Van De Zandschulp B.,Shang J.,75,318.0,759,165.0,7.0,6.0,6.0,2.0,6.0,3.0,,,,,3.0,0.0,Completed,2.3,1.62,,,2.3,1.7,2.22,1.64,2.3,1.73,van de zandschulp b.,shang j.,atp_62,atp_262
5,Melbourne,Australian Open,1/22/2026,Grand Slam,Outdoor,Hard,2nd Round,5,Spizzirri E.,Wu Y.,85,168.0,725,347.0,6.0,2.0,6.0,4.0,6.0,7.0,4.0,6.0,6.0,3.0,3.0,2.0,Completed,1.67,2.2,,,1.7,2.21,1.67,2.17,1.72,2.34,spizzirri e.,wu y.,atp_79,atp_118
5,Melbourne,Australian Open,1/22/2026,Grand Slam,Outdoor,Hard,2nd Round,5,Wawrinka S.,Gea A.,139,198.0,437,300.0,4.0,6.0,6.0,3.0,3.0,6.0,7.0,5.0,7.0,6.0,3.0,2.0,Completed,2.5,1.53,,,2.5,1.58,2.4,1.55,2.56,1.63,wawrinka s.,gea a.,atp_98,atp_137
5,Melbourne,Australian Open,1/22/2026,Grand Slam,Outdoor,Hard,2nd Round,5,Machac T.,Tsitsipas S.,24,35.0,1610,1455.0,6.0,4.0,3.0,6.0,7.0,6.0,7.0,6.0,,,3.0,1.0,Completed,1.67,2.2,,,1.7,2.45,1.59,2.32,1.65,2.52,machac t.,tsitsipas s.,atp_55,atp_49
5,Melbourne,Australian Open,1/22/2026,Grand Slam,Outdoor,Hard,2nd Round,5,Cilic M.,Shapovalov D.,70,23.0,790,1650.0,6.0,4.0,6.0,3.0,6.0,2.0,,,,,3.0,0.0,Completed,2.2,1.67,,,2.3,1.7,2.21,1.65,2.4,1.7,cilic m.,shapovalov d.,atp_54,atp_38
5,Melbourne,Australian Open,1/22/2026,Grand Slam,Outdoor,Hard,2nd Round,5,Fritz T.,Kopriva V.,9,101.0,3840,626.0,6.0,1.0,6.0,4.0,7.0,6.0,,,,,3.0,0.0,Completed,1.08,8.0,,,1.09,8.5,1.08,7.73,1.1,10.0,fritz t.,kopriva v.,atp_8,atp_70
5,Melbourne,Australian Open,1/22/2026,Grand Slam,Outdoor,Hard,2nd Round,5,Sinner J.,Duckworth J.,2,88.0,11500,694.0,6.0,1.0,6.0,4.0,6.0,2.0,,,,,3.0,0.0,Completed,1,51.0,,,1.01,51.0,1.01,22.15,1.01,90.0,sinner j.,duckworth j.,atp_2,atp_95
5,Melbourne,Australian Open,1/22/2026,Grand Slam,Outdoor,Hard,2nd Round,5,Ruud C.,Munar J.,13,39.0,2795,1335.0,6.0,3.0,7.0,5.0,6.0,4.0,,,,,3.0,0.0,Completed,1.4,3.0,,,1.42,3.1,1.39,2.92,1.44,3.25,ruud c.,munar j.,atp_12,atp_37
5,Melbourne,Australian Open,1/23/2026,Grand Slam,Outdoor,Hard,3rd Round,5,Tien L.,Borges N.,29,46.0,1540,1070.0,7.0,6.0,6.0,4.0,6.0,2.0,,,,,3.0,0.0,Completed,1.4,3.0,,,1.44,3.0,1.42,2.82,1.46,3.1,tien l.,borges n.,atp_22,atp_48
5,Melbourne,Australian Open,1/23/2026,Grand Slam,Outdoor,Hard,3rd Round,5,Medvedev D.,Marozsan F.,12,47.0,2910,1065.0,6.0,7.0,4.0,6.0,7.0,5.0,6.0,0.0,6.0,3.0,3.0,2.0,Completed,1.17,5.0,,,1.19,5.0,1.18,4.67,1.22,5.4,medvedev d.,marozsan f.,atp_10,atp_47
5,Melbourne,Australian Open,1/23/2026,Grand Slam,Outdoor,Hard,3rd Round,5,Paul T.,Davidovich Fokina A.,20,14.0,2050,2635.0,6.0,1.0,6.0,1.0,,,,,,,2.0,0.0,Retired,1.44,2.75,,,1.5,2.8,1.47,2.65,1.54,2.8,paul t.,davidovich fokina a.,atp_21,atp_17
5,Melbourne,Australian Open,1/23/2026,Grand Slam,Outdoor,Hard,3rd Round,5,Alcaraz C.,Moutet C.,1,37.0,12050,1383.0,6.0,2.0,6.0,4.0,6.0,1.0,,,,,3.0,0.0,Completed,1.01,21.0,,,1.02,23.0,1.01,17.54,1.03,32.0,alcaraz c.,moutet c.,atp_1,atp_32
5,Melbourne,Australian Open,1/23/2026,Grand Slam,Outdoor,Hard,3rd Round,5,Cerundolo F.,Rublev A.,21,15.0,2035,2600.0,6.0,3.0,7.0,6.0,6.0,3.0,,,,,3.0,0.0,Completed,2.1,1.73,,,2.2,1.75,2.1,1.72,2.26,1.78,cerundolo f.,rublev a.,atp_20,atp_16
5,Melbourne,Australian Open,1/23/2026,Grand Slam,Outdoor,Hard,3rd Round,5,De Minaur A.,Tiafoe F.,6,34.0,4080,1500.0,6.0,3.0,6.0,4.0,7.0,5.0,,,,,3.0,0.0,Completed,1.17,5.0,,,1.18,5.1,1.17,4.8,1.19,6.0,de minaur a.,tiafoe f.,atp_6,atp_18
5,Melbourne,Australian Open,1/23/2026,Grand Slam,Outdoor,Hard,3rd Round,5,Zverev A.,Norrie C.,3,27.0,5105,1553.0,7.0,5.0,4.0,6.0,6.0,3.0,6.0,1.0,,,3.0,1.0,Completed,1.2,4.5,,,1.22,5.25,1.21,4.35,1.23,5.1,zverev a.,norrie c.,atp_3,atp_24
5,Melbourne,Australian Open,1/23/2026,Grand Slam,Outdoor,Hard,3rd Round,5,Bublik A.,Etcheverry T.,10,62.0,3065,895.0,7.0,6.0,7.0,6.0,6.0,4.0,,,,,3.0,0.0,Completed,1.2,4.5,,,1.25,4.5,1.22,4.12,1.25,4.9,bublik a.,etcheverry t.,atp_11,
5,Melbourne,Australian Open,1/23/2026,Grand Slam,Outdoor,Hard,3rd Round,5,Musetti L.,Machac T.,5,24.0,4105,1610.0,5.0,7.0,6.0,4.0,6.0,2.0,5.0,7.0,6.0,2.0,3.0,2.0,Completed,1.5,2.63,,,1.54,2.63,1.5,2.52,1.56,2.74,musetti l.,machac t.,atp_5,atp_55
5,Melbourne,Australian Open,1/23/2026,Grand Slam,Outdoor,Hard,3rd Round,5,Darderi L.,Khachanov K.,25,18.0,1599,2320.0,7.0,6.0,3.0,6.0,6.0,3.0,6.0,4.0,,,3.0,1.0,Completed,4.5,1.2,,,4.5,1.23,4.26,1.21,4.8,1.25,darderi l.,khachanov k.,atp_19,atp_15
5,Melbourne,Australian Open,1/24/2026,Grand Slam,Outdoor,Hard,3rd Round,5,Sinner J.,Spizzirri E.,2,85.0,11500,725.0,4.0,6.0,6.0,3.0,6.0,4.0,6.0,4.0,,,3.0,1.0,Completed,-,41.0,,,1.01,67.0,1.01,33.15,1.01,70.0,sinner j.,spizzirri e.,atp_2,atp_79
5,Melbourne,Australian Open,1/24/2026,Grand Slam,Outdoor,Hard,3rd Round,5,Shelton B.,Vacherot V.,7,31.0,4000,1519.0,6.0,4.0,6.0,4.0,7.0,6.0,,,,,3.0,0.0,Completed,1.22,4.33,,,1.29,4.33,1.23,4.04,1.26,4.7,shelton b.,vacherot v.,atp_9,atp_23
5,Melbourne,Australian Open,1/24/2026,Grand Slam,Outdoor,Hard,3rd Round,5,Fritz T.,Wawrinka S.,9,139.0,3840,437.0,7.0,6.0,2.0,6.0,6.0,4.0,6.0,4.0,,,3.0,1.0,Completed,1.08,8.0,,,1.09,8.5,1.08,7.48,1.1,10.0,fritz t.,wawrinka s.,atp_8,atp_98
5,Melbourne,Australian Open,1/24/2026,Grand Slam,Outdoor,Hard,3rd Round,5,Djokovic N.,Van De Zandschulp B.,4,75.0,4780,759.0,6.0,3.0,6.0,4.0,7.0,6.0,,,,,3.0,0.0,Completed,1.06,10.0,,,1.08,10.0,1.07,8.23,1.08,12.0,djokovic n.,van de zandschulp b.,atp_4,atp_62
5,Melbourne,Australian Open,1/24/2026,Grand Slam,Outdoor,Hard,3rd Round,5,Mensik J.,Quinn E.,17,80.0,2345,733.0,6.0,2.0,7.0,6.0,7.0,6.0,,,,,3.0,0.0,Completed,1.44,2.75,,,1.48,2.75,1.45,2.69,1.53,2.88,mensik j.,quinn e.,atp_26,atp_56
5,Melbourne,Australian Open,1/24/2026,Grand Slam,Outdoor,Hard,3rd Round,5,Ruud C.,Cilic M.,13,70.0,2795,790.0,6.0,4.0,6.0,4.0,3.0,6.0,7.0,5.0,,,3.0,1.0,Completed,1.33,3.4,,,1.4,3.4,1.35,3.14,1.38,3.55,ruud c.,cilic m.,atp_12,atp_54
5,Melbourne,Australian Open,1/25/2026,Grand Slam,Outdoor,Hard,4th Round,5,Alcaraz C.,Paul T.,1,20.0,12050,2050.0,7.0,6.0,6.0,4.0,7.0,5.0,,,,,3.0,0.0,Completed,1.08,8.0,,,1.12,8.0,1.09,6.94,1.11,9.2,alcaraz c.,paul t.,atp_1,atp_21
5,Melbourne,Australian Open,1/25/2026,Grand Slam,Outdoor,Hard,4th Round,5,Zverev A.,Cerundolo F.,3,21.0,5105,2035.0,6.0,2.0,6.0,4.0,6.0,4.0,,,,,3.0,0.0,Completed,1.36,3.2,,,1.4,3.25,1.35,3.12,1.38,3.55,zverev a.,cerundolo f.,atp_3,atp_20
5,Melbourne,Australian Open,1/25/2026,Grand Slam,Outdoor,Hard,4th Round,5,Tien L.,Medvedev D.,29,12.0,1540,2910.0,6.0,4.0,6.0,0.0,6.0,3.0,,,,,3.0,0.0,Completed,2.75,1.44,,,3.0,1.48,2.75,1.43,3.05,1.47,tien l.,medvedev d.,atp_22,atp_10
5,Melbourne,Australian Open,1/25/2026,Grand Slam,Outdoor,Hard,4th Round,5,De Minaur A.,Bublik A.,6,10.0,4080,3065.0,6.0,4.0,6.0,1.0,6.0,1.0,,,,,3.0,0.0,Completed,1.53,2.5,,,1.6,2.55,1.55,2.41,1.59,2.66,de minaur a.,bublik a.,atp_6,atp_11
5,Melbourne,Australian Open,1/26/2026,Grand Slam,Outdoor,Hard,4th Round,5,Musetti L.,Fritz T.,5,9.0,4105,3840.0,6.0,2.0,7.0,5.0,6.0,4.0,,,,,3.0,0.0,Completed,2.1,1.73,,,2.15,1.75,2.1,1.72,2.2,1.82,musetti l.,fritz t.,atp_5,atp_8
5,Melbourne,Australian Open,1/26/2026,Grand Slam,Outdoor,Hard,4th Round,5,Sinner J.,Darderi L.,2,25.0,11500,1599.0,6.0,1.0,6.0,3.0,7.0,6.0,,,,,3.0,0.0,Completed,1.01,26.0,,,1.02,26.0,1.02,16.08,1.03,29.0,sinner j.,darderi l.,atp_2,atp_19
5,Melbourne,Australian Open,1/26/2026,Grand Slam,Outdoor,Hard,4th Round,5,Djokovic N.,Mensik J.,4,17.0,4780,2345.0,,,,,,,,,,,,,Walkover,1.25,4.0,,,1.29,4.0,1.26,3.72,1.29,4.2,djokovic n.,mensik j.,atp_4,atp_26
5,Melbourne,Australian Open,1/26/2026,Grand Slam,Outdoor,Hard,4th Round,5,Shelton B.,Ruud C.,7,13.0,4000,2795.0,3.0,6.0,6.0,4.0,6.0,3.0,6.0,4.0,,,3.0,1.0,Completed,1.53,2.5,,,1.55,2.6,1.53,2.47,1.58,2.7,shelton b.,ruud c.,atp_9,atp_12
5,Melbourne,Australian Open,1/27/2026,Grand Slam,Outdoor,Hard,Quarterfinals,5,Zverev A.,Tien L.,3,29.0,5105,1540.0,6.0,3.0,6.0,7.0,6.0,1.0,7.0,6.0,,,3.0,1.0,Completed,1.44,2.75,,,1.5,2.9,1.44,2.75,1.47,3.1,zverev a.,tien l.,atp_3,atp_22
5,Melbourne,Australian Open,1/27/2026,Grand Slam,Outdoor,Hard,Quarterfinals,5,Alcaraz C.,De Minaur A.,1,6.0,12050,4080.0,7.0,5.0,6.0,2.0,6.0,1.0,,,,,3.0,0.0,Completed,1.14,5.5,,,1.16,6.0,1.14,5.39,1.17,6.6,alcaraz c.,de minaur a.,atp_1,atp_6
5,Melbourne,Australian Open,1/28/2026,Grand Slam,Outdoor,Hard,Quarterfinals,5,Djokovic N.,Musetti L.,4,5.0,4780,4105.0,4.0,6.0,3.0,6.0,3.0,1.0,,,,,0.0,2.0,Retired,1.3,3.5,,,1.35,4.0,1.31,3.38,1.38,3.55,djokovic n.,musetti l.,atp_4,atp_5
5,Melbourne,Australian Open,1/28/2026,Grand Slam,Outdoor,Hard,Quarterfinals,5,Sinner J.,Shelton B.,2,7.0,11500,4000.0,6.0,3.0,6.0,4.0,6.0,4.0,,,,,3.0,0.0,Completed,1.08,8.0,,,1.1,8.5,1.08,7.42,1.11,9.4,sinner j.,shelton b.,atp_2,atp_9
5,Melbourne,Australian Open,1/30/2026,Grand Slam,Outdoor,Hard,Semifinals,5,Alcaraz C.,Zverev A.,1,3.0,12050,5105.0,6.0,4.0,7.0,6.0,6.0,7.0,6.0,7.0,7.0,5.0,3.0,2.0,Completed,1.14,5.5,,,1.19,5.5,1.16,5.19,1.2,5.9,alcaraz c.,zverev a.,atp_1,atp_3
5,Melbourne,Australian Open,1/30/2026,Grand Slam,Outdoor,Hard,Semifinals,5,Djokovic N.,Sinner J.,4,2.0,4780,11500.0,3.0,6.0,6.0,3.0,4.0,6.0,6.0,4.0,6.0,4.0,3.0,2.0,Completed,10,1.06,,,10.0,1.08,8.63,1.07,10.0,1.1,djokovic n.,sinner j.,atp_4,atp_2
5,Melbourne,Australian Open,2/1/2026,Grand Slam,Outdoor,Hard,The Final,5,Alcaraz C.,Djokovic N.,1,4.0,12050,4780.0,2.0,6.0,6.0,2.0,6.0,3.0,7.0,5.0,,,3.0,1.0,Completed,1.3,3.5,,,1.33,3.8,1.31,3.44,1.36,3.7,alcaraz c.,djokovic n.,atp_1,atp_4
6,Montpellier,Open Sud de France,2/2/2026,ATP250,Indoor,Hard,1st Round,3,Mannarino A.,Martinez P.,70,77.0,810,728.0,7.0,6.0,6.0,1.0,,,,,,,2.0,0.0,Completed,1.62,2.3,,,1.67,2.32,1.61,2.25,1.67,2.46,mannarino a.,martinez p.,atp_43,atp_113
6,Montpellier,Open Sud de France,2/2/2026,ATP250,Indoor,Hard,1st Round,3,Gea A.,Mpetshi G.,168,57.0,353,905.0,6.0,3.0,0.0,0.0,,,,,,,1.0,0.0,Retired,2.2,1.67,,,2.25,1.75,2.16,1.67,2.26,1.78,gea a.,mpetshi perricard g.,atp_137,atp_57
6,Montpellier,Open Sud de France,2/2/2026,ATP250,Indoor,Hard,1st Round,3,Bautista Agut R.,O Connell C.,89,119.0,670,511.0,5.0,7.0,6.0,3.0,7.0,5.0,,,,,2.0,1.0,Completed,1.67,2.2,,,1.68,2.4,1.62,2.24,1.68,2.42,bautista agut r.,oconnell c.,atp_80,atp_128
6,Montpellier,Open Sud de France,2/3/2026,ATP250,Indoor,Hard,1st Round,3,Carreno Busta P.,Kecmanovic M.,100,69.0,616,820.0,4.0,6.0,6.0,3.0,7.0,6.0,,,,,2.0,1.0,Completed,2.1,1.73,,,2.18,1.8,2.1,1.7,2.26,1.77,carreno busta p.,kecmanovic m.,atp_88,atp_58
6,Montpellier,Open Sud de France,2/3/2026,ATP250,Indoor,Hard,1st Round,3,Damm M.,Hurkacz H.,160,52.0,373,965.0,7.0,6.0,6.0,4.0,,,,,,,2.0,0.0,Completed,4,1.25,,,4.33,1.26,3.95,1.24,4.6,1.27,damm m.,hurkacz h.,atp_126,atp_72
6,Montpellier,Open Sud de France,2/3/2026,ATP250,Indoor,Hard,1st Round,3,Droguet T.,Choinski J.,150,125.0,403,498.0,6.0,2.0,7.0,6.0,,,,,,,2.0,0.0,Completed,1.3,3.5,,,1.32,3.75,1.3,3.43,1.34,3.75,droguet t.,choinski j.,atp_122,atp_120
6,Montpellier,Open Sud de France,2/3/2026,ATP250,Indoor,Hard,1st Round,3,Humbert U.,Van De Zandschulp B.,38,67.0,1320,849.0,6.0,3.0,6.0,4.0,,,,,,,2.0,0.0,Completed,1.29,3.75,,,1.3,4.25,1.29,3.53,1.34,3.85,humbert u.,van de zandschulp b.,atp_34,atp_62
6,Montpellier,Open Sud de France,2/3/2026,ATP250,Indoor,Hard,1st Round,3,Fils A.,Royer V.,42,56.0,1110,920.0,7.0,6.0,6.0,7.0,6.0,2.0,,,,,2.0,1.0,Completed,1.67,2.2,,,1.73,2.25,1.66,2.17,1.8,2.24,fils a.,royer v.,atp_28,atp_71
6,Montpellier,Open Sud de France,2/3/2026,ATP250,Indoor,Hard,1st Round,3,Blanchet U.,Vavassori A.,174,282.0,343,185.0,6.0,4.0,6.0,3.0,,,,,,,2.0,0.0,Completed,2.3,1.62,,,2.38,1.62,2.29,1.59,2.44,1.68,blanchet u.,vavassori a.,atp_157,atp_607
6,Montpellier,Open Sud de France,2/4/2026,ATP250,Indoor,Hard,1st Round,3,Nardi L.,Basilashvili N.,106,137.0,571,464.0,6.0,3.0,6.0,3.0,,,,,,,2.0,0.0,Completed,1.62,2.3,,,1.65,2.3,1.62,2.23,1.72,2.36,nardi l.,basilashvili n.,atp_140,atp_129
6,Montpellier,Open Sud de France,2/4/2026,ATP250,Indoor,Hard,1st Round,3,Kovacevic A.,Kouame M.,83,551.0,709,70.0,6.0,7.0,6.0,2.0,6.0,2.0,,,,,2.0,1.0,Completed,1.4,3.0,,,1.43,3.0,1.41,2.82,1.44,3.2,kovacevic a.,kouame m.,atp_85,atp_328
6,Montpellier,Open Sud de France,2/4/2026,ATP250,Indoor,Hard,1st Round,3,Wawrinka S.,Medjedovic H.,113,80.0,537,717.0,7.0,6.0,6.0,4.0,,,,,,,2.0,0.0,Completed,2.75,1.44,,,2.75,1.56,2.54,1.5,2.88,1.52,wawrinka s.,medjedovic h.,atp_98,atp_81
6,Montpellier,Open Sud de France,2/4/2026,ATP250,Indoor,Hard,2nd Round,3,Damm M.,Bautista Agut R.,160,89.0,373,670.0,6.0,1.0,6.0,3.0,,,,,,,2.0,0.0,Completed,1.67,2.2,,,1.7,2.25,1.65,2.17,1.71,2.38,damm m.,bautista agut r.,atp_126,atp_80
6,Montpellier,Open Sud de France,2/4/2026,ATP250,Indoor,Hard,2nd Round,3,Mannarino A.,Humbert U.,70,38.0,810,1320.0,6.0,7.0,6.0,3.0,7.0,6.0,,,,,2.0,1.0,Completed,5,1.17,,,5.5,1.19,4.78,1.17,5.3,1.22,mannarino a.,humbert u.,atp_43,atp_34
6,Montpellier,Open Sud de France,2/4/2026,ATP250,Indoor,Hard,2nd Round,3,Gea A.,Machac T.,168,28.0,353,1610.0,6.0,3.0,4.0,5.0,,,,,,,1.0,0.0,Retired,2.75,1.44,,,2.9,1.44,2.78,1.42,3.0,1.49,gea a.,machac t.,atp_137,atp_55
6,Montpellier,Open Sud de France,2/5/2026,ATP250,Indoor,Hard,2nd Round,3,Droguet T.,Kovacevic A.,150,83.0,403,709.0,4.0,6.0,7.0,6.0,6.0,4.0,,,,,2.0,1.0,Completed,1.8,2.0,,,1.86,2.05,1.8,1.98,1.93,2.04,droguet t.,kovacevic a.,atp_122,atp_85
6,Montpellier,Open Sud de France,2/5/2026,ATP250,Indoor,Hard,2nd Round,3,Griekspoor T.,Carreno Busta P.,29,100.0,1565,616.0,6.0,4.0,6.0,4.0,,,,,,,2.0,0.0,Completed,1.62,2.3,,,1.67,2.3,1.63,2.23,1.71,2.38,griekspoor t.,carreno busta p.,atp_30,atp_88
6,Montpellier,Open Sud de France,2/5/2026,ATP250,Indoor,Hard,2nd Round,3,Nardi L.,Cobolli F.,106,20.0,571,1955.0,6.0,2.0,6.0,3.0,,,,,,,2.0,0.0,Completed,2.1,1.73,,,2.15,1.73,2.11,1.7,2.22,1.81,nardi l.,cobolli f.,atp_140,atp_13
6,Montpellier,Open Sud de France,2/5/2026,ATP250,Indoor,Hard,2nd Round,3,Auger-Aliassime F.,Wawrinka S.,8,113.0,3725,537.0,6.0,4.0,7.0,6.0,,,,,,,2.0,0.0,Completed,1.3,3.5,,,1.33,3.5,1.3,3.41,1.35,3.75,augeraliassime f.,wawrinka s.,,atp_98
6,Montpellier,Open Sud de France,2/5/2026,ATP250,Indoor,Hard,2nd Round,3,Fils A.,Blanchet U.,42,174.0,1110,343.0,7.0,6.0,7.0,5.0,,,,,,,2.0,0.0,Completed,1.25,4.0,,,1.27,4.25,1.24,3.86,1.24,5.0,fils a.,blanchet u.,atp_28,atp_157
6,Montpellier,Open Sud de France,2/6/2026,ATP250,Indoor,Hard,Quarterfinals,3,Mannarino A.,Gea A.,70,168.0,810,353.0,5.0,7.0,6.0,4.0,6.0,4.0,,,,,2.0,1.0,Completed,2.1,1.73,,,2.15,1.75,2.1,1.71,2.2,1.8,mannarino a.,gea a.,atp_43,atp_137
6,Montpellier,Open Sud de France,2/6/2026,ATP250,Indoor,Hard,Quarterfinals,3,Damm M.,Nardi L.,160,106.0,373,571.0,6.0,3.0,7.0,6.0,,,,,,,2.0,0.0,Completed,,,,,1.8,2.06,1.77,2.0,1.88,2.12,damm m.,nardi l.,atp_126,atp_140
6,Montpellier,Open Sud de France,2/6/2026,ATP250,Indoor,Hard,Quarterfinals,3,Auger-Aliassime F.,Fils A.,8,42.0,3725,1110.0,6.0,4.0,6.0,2.0,,,,,,,2.0,0.0,Completed,1.5,2.63,,,1.52,2.65,1.49,2.57,1.57,2.7,augeraliassime f.,fils a.,,atp_28
6,Montpellier,Open Sud de France,2/6/2026,ATP250,Indoor,Hard,Quarterfinals,3,Droguet T.,Griekspoor T.,150,29.0,403,1565.0,7.0,6.0,7.0,6.0,,,,,,,2.0,0.0,Completed,2.5,1.53,,,2.55,1.55,2.38,1.53,2.72,1.57,droguet t.,griekspoor t.,atp_122,atp_30
6,Montpellier,Open Sud de France,2/7/2026,ATP250,Indoor,Hard,Semifinals,3,Mannarino A.,Damm M.,70,160.0,810,373.0,1.0,6.0,6.0,3.0,6.0,4.0,,,,,2.0,1.0,Completed,2.3,1.62,,,2.3,1.65,2.25,1.61,2.42,1.69,mannarino a.,damm m.,atp_43,atp_126
6,Montpellier,Open Sud de France,2/7/2026,ATP250,Indoor,Hard,Semifinals,3,Auger-Aliassime F.,Droguet T.,8,150.0,3725,403.0,6.0,4.0,6.0,7.0,6.0,1.0,,,,,2.0,1.0,Completed,1.22,4.33,,,1.25,4.75,1.21,4.26,1.24,5.1,augeraliassime f.,droguet t.,,atp_122
6,Montpellier,Open Sud de France,2/8/2026,ATP250,Indoor,Hard,The Final,3,Auger-Aliassime F.,Mannarino A.,8,70.0,3725,810.0,6.0,3.0,7.0,6.0,,,,,,,2.0,0.0,Completed,1.17,5.0,,,1.19,5.25,1.17,4.85,1.19,6.0,augeraliassime f.,mannarino a.,,atp_43
7,Buenos Aires,Argentina Open,2/9/2026,ATP250,Outdoor,Clay,1st Round,3,Dellien H.,Dzumhur D.,167,62.0,355,877.0,6.0,4.0,6.0,1.0,,,,,,,2.0,0.0,Completed,1.8,2.0,,,1.83,2.05,1.81,1.96,1.92,2.06,dellien h.,dzumhur d.,atp_160,atp_74
7,Buenos Aires,Argentina Open,2/9/2026,ATP250,Outdoor,Clay,1st Round,3,Martinez P.,Midon L.,94,229.0,636,245.0,6.0,4.0,6.0,1.0,,,,,,,2.0,0.0,Completed,1.73,2.1,,,1.8,2.1,1.75,2.04,1.8,2.2,martinez p.,midon l.,atp_113,atp_217
7,Buenos Aires,Argentina Open,2/9/2026,ATP250,Outdoor,Clay,1st Round,3,Etcheverry T.,Pellegrino A.,54,145.0,945,434.0,6.0,3.0,6.0,4.0,,,,,,,2.0,0.0,Completed,1.2,4.5,,,1.22,4.5,1.2,4.36,1.23,5.2,etcheverry t.,pellegrino a.,,atp_130
7,Buenos Aires,Argentina Open,2/9/2026,ATP250,Outdoor,Clay,1st Round,3,Kopriva V.,Barrena A.,95,180.0,632,336.0,6.0,4.0,3.0,6.0,6.0,4.0,,,,,2.0,1.0,Completed,1.44,2.75,,,1.54,2.75,1.48,2.59,1.52,2.88,kopriva v.,barrena a.,atp_70,atp_167
7,Buenos Aires,Argentina Open,2/10/2026,ATP250,Outdoor,Clay,1st Round,3,Cerundolo J.M.,Altmaier D.,80,51.0,717,995.0,6.0,2.0,6.0,2.0,,,,,,,2.0,0.0,Completed,1.67,2.2,,,1.72,2.31,1.64,2.21,1.73,2.3,cerundolo j.,altmaier d.,,atp_52
7,Buenos Aires,Argentina Open,2/10/2026,ATP250,Outdoor,Clay,1st Round,3,Barrios M.,Seyboth Wild T.,114,197.0,546,305.0,4.0,6.0,6.0,5.0,,,,,,,0.0,1.0,Retired,1.62,2.3,,,1.67,2.3,1.63,2.23,1.71,2.34,barrios m.,seyboth wild t.,,atp_245
7,Buenos Aires,Argentina Open,2/10/2026,ATP250,Outdoor,Clay,1st Round,3,Tabilo A.,Diaz Acosta F.,71,285.0,774,182.0,7.0,6.0,6.0,3.0,,,,,,,2.0,0.0,Completed,1.8,2.0,,,1.8,2.09,1.77,2.01,1.91,2.06,tabilo a.,diaz acosta f.,atp_39,atp_222
7,Buenos Aires,Argentina Open,2/10/2026,ATP250,Outdoor,Clay,1st Round,3,Burruchaga R.,Djere L.,104,91.0,568,651.0,6.0,2.0,6.0,4.0,,,,,,,2.0,0.0,Completed,1.67,2.2,,,1.75,2.2,1.69,2.14,1.76,2.28,burruchaga r.,djere l.,,atp_204
7,Buenos Aires,Argentina Open,2/10/2026,ATP250,Outdoor,Clay,1st Round,3,Buse I.,Passaro F.,96,159.0,623,376.0,5.0,7.0,7.0,5.0,6.0,4.0,,,,,2.0,1.0,Completed,2.38,1.57,,,2.4,1.58,2.36,1.56,2.58,1.61,buse i.,passaro f.,atp_59,atp_146
7,Buenos Aires,Argentina Open,2/10/2026,ATP250,Outdoor,Clay,1st Round,3,Berrettini M.,Coria F.,58,322.0,895,156.0,7.0,5.0,7.0,5.0,,,,,,,2.0,0.0,Completed,1.11,6.5,,,1.14,7.5,1.12,5.99,1.13,7.8,berrettini m.,coria f.,atp_91,atp_655
7,Buenos Aires,Argentina Open,2/11/2026,ATP250,Outdoor,Clay,1st Round,3,Ugo Carabelli C.,Comesana F.,47,63.0,1028,869.0,6.0,4.0,7.0,6.0,,,,,,,2.0,0.0,Completed,1.73,2.1,,,1.8,2.13,1.72,2.08,1.81,2.2,ugo carabelli c.,comesana f.,atp_67,atp_87
7,Buenos Aires,Argentina Open,2/11/2026,ATP250,Outdoor,Clay,1st Round,3,Navone M.,Nava E.,73,81.0,760,710.0,6.0,2.0,6.0,1.0,,,,,,,2.0,0.0,Completed,1.44,2.75,,,1.48,2.75,1.45,2.67,1.51,2.9,navone m.,nava e.,atp_60,atp_104
7,Buenos Aires,Argentina Open,2/11/2026,ATP250,Outdoor,Clay,2nd Round,3,Etcheverry T.,Burruchaga R.,54,104.0,945,568.0,7.0,6.0,6.0,7.0,6.0,4.0,,,,,2.0,1.0,Completed,1.44,2.75,,,2.48,2.75,1.56,2.54,1.59,2.66,etcheverry t.,burruchaga r.,,
7,Buenos Aires,Argentina Open,2/11/2026,ATP250,Outdoor,Clay,2nd Round,3,Kopriva V.,Berrettini M.,95,58.0,632,895.0,6.0,4.0,6.0,3.0,,,,,,,2.0,0.0,Completed,3,1.4,,,3.1,1.44,2.95,1.38,3.1,1.46,kopriva v.,berrettini m.,atp_70,atp_91
7,Buenos Aires,Argentina Open,2/11/2026,ATP250,Outdoor,Clay,2nd Round,3,Tabilo A.,Fonseca J.,71,33.0,774,1440.0,6.0,3.0,3.0,6.0,7.0,5.0,,,,,2.0,1.0,Completed,2.38,1.57,,,2.4,1.62,2.33,1.57,2.54,1.62,tabilo a.,fonseca j.,atp_39,atp_40
7,Buenos Aires,Argentina Open,2/12/2026,ATP250,Outdoor,Clay,2nd Round,3,Cerundolo F.,Dellien H.,19,167.0,2135,355.0,6.0,0.0,7.0,6.0,,,,,,,2.0,0.0,Completed,1.13,6.0,,,1.17,6.0,1.14,5.43,1.17,6.4,cerundolo f.,dellien h.,atp_20,atp_160
7,Buenos Aires,Argentina Open,2/12/2026,ATP250,Outdoor,Clay,2nd Round,3,Darderi L.,Barrios M.,22,114.0,1789,546.0,6.0,1.0,6.0,3.0,,,,,,,2.0,0.0,Completed,1.3,3.5,,,1.3,4.4,1.29,3.54,1.35,3.75,darderi l.,barrios m.,atp_19,
7,Buenos Aires,Argentina Open,2/12/2026,ATP250,Outdoor,Clay,2nd Round,3,Martinez P.,Cerundolo J.M.,94,80.0,636,717.0,7.0,6.0,6.0,4.0,,,,,,,2.0,0.0,Completed,2.5,1.53,,,2.5,1.57,2.43,1.54,2.5,1.65,martinez p.,cerundolo j.,atp_113,
7,Buenos Aires,Argentina Open,2/12/2026,ATP250,Outdoor,Clay,2nd Round,3,Baez S.,Buse I.,34,96.0,1420,623.0,6.0,4.0,6.0,3.0,,,,,,,2.0,0.0,Completed,1.36,3.2,,,1.4,3.2,1.36,3.08,1.39,3.5,baez s.,buse i.,atp_50,atp_59
7,Buenos Aires,Argentina Open,2/12/2026,ATP250,Outdoor,Clay,2nd Round,3,Ugo Carabelli C.,Navone M.,47,73.0,1028,760.0,6.0,2.0,7.0,5.0,,,,,,,2.0,0.0,Completed,2.3,1.62,,,2.3,1.67,2.2,1.64,2.32,1.75,ugo carabelli c.,navone m.,atp_67,atp_60
7,Buenos Aires,Argentina Open,2/13/2026,ATP250,Outdoor,Clay,Quarterfinals,3,Etcheverry T.,Tabilo A.,54,71.0,945,774.0,1.0,6.0,6.0,3.0,6.0,4.0,,,,,2.0,1.0,Completed,1.62,2.3,,,1.67,2.38,1.59,2.3,1.7,2.4,etcheverry t.,tabilo a.,,atp_39
7,Buenos Aires,Argentina Open,2/13/2026,ATP250,Outdoor,Clay,Quarterfinals,3,Cerundolo F.,Kopriva V.,19,95.0,2135,632.0,6.0,4.0,6.0,3.0,,,,,,,2.0,0.0,Completed,1.14,5.5,,,1.17,6.0,1.15,5.28,1.18,6.2,cerundolo f.,kopriva v.,atp_20,atp_70
7,Buenos Aires,Argentina Open,2/13/2026,ATP250,Outdoor,Clay,Quarterfinals,3,Baez S.,Ugo Carabelli C.,34,47.0,1420,1028.0,7.0,6.0,6.0,2.0,,,,,,,2.0,0.0,Completed,1.5,2.63,,,1.53,2.75,1.5,2.55,1.58,2.68,baez s.,ugo carabelli c.,atp_50,atp_67
7,Buenos Aires,Argentina Open,2/14/2026,ATP250,Outdoor,Clay,Quarterfinals,3,Darderi L.,Martinez P.,22,94.0,1789,636.0,7.0,5.0,6.0,1.0,,,,,,,2.0,0.0,Completed,1.17,5.5,,,1.19,5.5,1.17,4.91,1.18,6.4,darderi l.,martinez p.,atp_19,atp_113
7,Buenos Aires,Argentina Open,2/14/2026,ATP250,Outdoor,Clay,Semifinals,3,Cerundolo F.,Etcheverry T.,19,54.0,2135,945.0,6.0,3.0,7.0,5.0,,,,,,,2.0,0.0,Completed,1.4,3.0,,,1.4,3.2,1.39,2.94,1.44,3.25,cerundolo f.,etcheverry t.,atp_20,
7,Buenos Aires,Argentina Open,2/14/2026,ATP250,Outdoor,Clay,Semifinals,3,Darderi L.,Baez S.,22,34.0,1789,1420.0,7.0,6.0,6.0,1.0,,,,,,,2.0,0.0,Completed,1.62,2.3,,,1.65,2.33,1.62,2.26,1.68,2.44,darderi l.,baez s.,atp_19,atp_50
7,Buenos Aires,Argentina Open,2/15/2026,ATP250,Outdoor,Clay,The Final,3,Cerundolo F.,Darderi L.,19,22.0,2135,1789.0,6.0,4.0,6.0,2.0,,,,,,,2.0,0.0,Completed,1.91,1.91,,,1.93,1.91,1.9,1.88,2.02,1.97,cerundolo f.,darderi l.,atp_20,atp_19
8,Dallas,Dallas Open,2/9/2026,ATP500,Indoor,Hard,1st Round,3,Nakashima B.,Bellucci M.,29,107.0,1535,553.0,6.0,3.0,6.0,4.0,,,,,,,2.0,0.0,Completed,1.4,3.0,,,1.44,3.0,1.4,2.9,1.44,3.2,nakashima b.,bellucci m.,atp_33,atp_73
8,Dallas,Dallas Open,2/9/2026,ATP500,Indoor,Hard,1st Round,3,Davidovich Fokina A.,Svajda Z.,14,110.0,2535,551.0,6.0,4.0,7.0,6.0,,,,,,,2.0,0.0,Completed,1.44,2.75,,,1.46,3.5,1.44,2.75,1.5,2.92,davidovich fokina a.,svajda z.,atp_17,atp_82
8,Dallas,Dallas Open,2/10/2026,ATP500,Indoor,Hard,1st Round,3,Tiafoe F.,Atmane T.,30,64.0,1510,849.0,4.0,6.0,6.0,2.0,6.0,2.0,,,,,2.0,1.0,Completed,1.25,4.0,,,1.28,4.0,1.26,3.77,1.29,4.3,tiafoe f.,atmane t.,atp_18,atp_44
8,Dallas,Dallas Open,2/10/2026,ATP500,Indoor,Hard,1st Round,3,Korda S.,Zheng M.,53,151.0,960,414.0,6.0,3.0,6.0,4.0,,,,,,,2.0,0.0,Completed,1.36,3.2,,,1.4,3.3,1.36,3.07,1.41,3.35,korda s.,zheng m.,atp_42,atp_150
8,Dallas,Dallas Open,2/10/2026,ATP500,Indoor,Hard,1st Round,3,Cilic M.,Tien L.,61,23.0,890,1710.0,7.0,5.0,7.0,6.0,,,,,,,2.0,0.0,Completed,3.2,1.36,,,3.25,1.41,3.02,1.37,3.3,1.42,cilic m.,tien l.,atp_54,atp_22
8,Dallas,Dallas Open,2/10/2026,ATP500,Indoor,Hard,1st Round,3,Kecmanovic M.,Shimabukuro S.,66,144.0,820,441.0,6.0,7.0,6.0,3.0,7.0,6.0,,,,,2.0,1.0,Completed,1.57,2.38,,,1.65,2.5,1.57,2.34,1.64,2.5,kecmanovic m.,shimabukuro s.,atp_58,atp_111
8,Dallas,Dallas Open,2/10/2026,ATP500,Indoor,Hard,1st Round,3,Michelsen A.,Dimitrov G.,41,43.0,1160,1105.0,5.0,7.0,6.0,4.0,6.0,4.0,,,,,2.0,1.0,Completed,1.8,2.0,,,1.91,2.0,1.86,1.91,1.95,2.0,michelsen a.,dimitrov g.,atp_35,atp_93
8,Dallas,Dallas Open,2/10/2026,ATP500,Indoor,Hard,1st Round,3,Pinnington Jones J.,Cobolli F.,181,20.0,331,1955.0,6.0,2.0,6.0,2.0,,,,,,,2.0,0.0,Completed,2.5,1.53,,,2.75,1.55,2.46,1.53,2.66,1.59,pinnington jones j.,cobolli f.,atp_138,atp_13
8,Dallas,Dallas Open,2/10/2026,ATP500,Indoor,Hard,1st Round,3,Shelton B.,Diallo G.,9,38.0,3560,1175.0,6.0,4.0,6.0,4.0,,,,,,,2.0,0.0,Completed,1.17,5.0,,,1.2,5.0,1.18,4.64,1.2,5.7,shelton b.,diallo g.,atp_9,atp_36
8,Dallas,Dallas Open,2/11/2026,ATP500,Indoor,Hard,1st Round,3,Fritz T.,Giron M.,7,59.0,3940,895.0,6.0,4.0,5.0,7.0,7.0,6.0,,,,,2.0,1.0,Completed,1.4,3.0,,,1.4,3.2,1.38,2.96,1.39,3.55,fritz t.,giron m.,atp_8,atp_66
8,Dallas,Dallas Open,2/11/2026,ATP500,Indoor,Hard,1st Round,3,Kovacevic A.,Kypson P.,78,109.0,721,552.0,6.0,4.0,7.0,6.0,,,,,,,2.0,0.0,Completed,,,,,1.7,4.33,1.59,2.44,1.69,2.26,kovacevic a.,kypson p.,atp_85,atp_96
8,Dallas,Dallas Open,2/11/2026,ATP500,Indoor,Hard,1st Round,3,Shapovalov D.,Jodar R.,40,124.0,1160,498.0,6.0,1.0,6.0,2.0,,,,,,,2.0,0.0,Completed,1.73,2.1,,,1.85,2.2,1.74,2.05,1.81,2.2,shapovalov d.,jodar r.,atp_38,atp_89
8,Dallas,Dallas Open,2/11/2026,ATP500,Indoor,Hard,1st Round,3,Paul T.,Brooksby J.,24,45.0,1700,1042.0,4.0,6.0,6.0,4.0,7.0,6.0,,,,,2.0,1.0,Completed,1.33,3.4,,,1.36,3.45,1.33,3.23,1.38,3.6,paul t.,brooksby j.,atp_21,atp_41
8,Dallas,Dallas Open,2/11/2026,ATP500,Indoor,Hard,1st Round,3,Quinn E.,Svajda T.,74,363.0,758,131.0,7.0,6.0,7.0,5.0,,,,,,,2.0,0.0,Completed,1.25,4.0,,,1.26,4.33,1.25,3.85,1.3,4.2,quinn e.,svajda t.,atp_56,atp_388
8,Dallas,Dallas Open,2/11/2026,ATP500,Indoor,Hard,1st Round,3,Spizzirri E.,Duckworth J.,68,83.0,781,691.0,6.0,2.0,6.0,4.0,,,,,,,2.0,0.0,Completed,1.3,3.5,,,1.33,4.25,1.29,3.51,1.32,3.9,spizzirri e.,duckworth j.,atp_79,atp_95
8,Dallas,Dallas Open,2/11/2026,ATP500,Indoor,Hard,1st Round,3,Mannarino A.,Walton A.,52,93.0,975,643.0,6.0,4.0,6.0,2.0,,,,,,,2.0,0.0,Completed,1.67,2.2,,,1.75,2.25,1.67,2.15,1.71,2.36,mannarino a.,walton a.,atp_43,atp_105
8,Dallas,Dallas Open,2/11/2026,ATP500,Indoor,Hard,2nd Round,3,Davidovich Fokina A.,Michelsen A.,14,41.0,2535,1160.0,6.0,4.0,6.0,4.0,,,,,,,2.0,0.0,Completed,1.73,2.1,,,1.8,2.1,1.75,2.04,1.86,2.14,davidovich fokina a.,michelsen a.,atp_17,atp_35
8,Dallas,Dallas Open,2/12/2026,ATP500,Indoor,Hard,2nd Round,3,Fritz T.,Nakashima B.,7,29.0,3940,1535.0,6.0,3.0,6.0,4.0,,,,,,,2.0,0.0,Completed,1.57,2.38,,,1.65,2.5,1.59,2.32,1.68,2.42,fritz t.,nakashima b.,atp_8,atp_33
8,Dallas,Dallas Open,2/12/2026,ATP500,Indoor,Hard,2nd Round,3,Korda S.,Tiafoe F.,53,30.0,960,1510.0,7.0,5.0,6.0,1.0,,,,,,,2.0,0.0,Completed,1.73,2.1,,,1.8,2.2,1.71,2.1,1.83,2.16,korda s.,tiafoe f.,atp_42,atp_18
8,Dallas,Dallas Open,2/12/2026,ATP500,Indoor,Hard,2nd Round,3,Cilic M.,Quinn E.,61,74.0,890,758.0,7.0,6.0,6.0,3.0,,,,,,,2.0,0.0,Completed,1.53,2.5,,,1.55,2.5,1.53,2.46,1.6,2.62,cilic m.,quinn e.,atp_54,atp_56
8,Dallas,Dallas Open,2/12/2026,ATP500,Indoor,Hard,2nd Round,3,Pinnington Jones J.,Spizzirri E.,181,68.0,331,781.0,7.0,6.0,4.0,6.0,7.0,6.0,,,,,2.0,1.0,Completed,2.63,1.5,,,2.75,1.53,2.63,1.47,2.8,1.54,pinnington jones j.,spizzirri e.,atp_138,atp_79
8,Dallas,Dallas Open,2/12/2026,ATP500,Indoor,Hard,2nd Round,3,Shapovalov D.,Kovacevic A.,40,78.0,1160,721.0,6.0,4.0,6.0,4.0,,,,,,,2.0,0.0,Completed,1.33,3.4,,,1.34,3.5,1.32,3.29,1.37,3.6,shapovalov d.,kovacevic a.,atp_38,atp_85
8,Dallas,Dallas Open,2/13/2026,ATP500,Indoor,Hard,2nd Round,3,Shelton B.,Mannarino A.,9,52.0,3560,975.0,7.0,6.0,6.0,7.0,6.0,3.0,,,,,2.0,1.0,Completed,1.2,4.5,,,1.2,4.75,1.18,4.57,1.21,5.5,shelton b.,mannarino a.,atp_9,atp_43
8,Dallas,Dallas Open,2/13/2026,ATP500,Indoor,Hard,2nd Round,3,Kecmanovic M.,Paul T.,66,24.0,820,1700.0,5.0,7.0,6.0,4.0,6.0,4.0,,,,,2.0,1.0,Completed,5,1.17,,,5.5,1.23,4.42,1.2,5.7,1.2,kecmanovic m.,paul t.,atp_58,atp_21
8,Dallas,Dallas Open,2/13/2026,ATP500,Indoor,Hard,Quarterfinals,3,Cilic M.,Pinnington Jones J.,61,181.0,890,331.0,6.0,1.0,6.0,4.0,,,,,,,2.0,0.0,Completed,1.29,3.75,,,1.3,3.85,1.28,3.64,1.33,3.9,cilic m.,pinnington jones j.,atp_54,atp_138
8,Dallas,Dallas Open,2/13/2026,ATP500,Indoor,Hard,Quarterfinals,3,Fritz T.,Korda S.,7,53.0,3940,960.0,6.0,7.0,6.0,4.0,7.0,6.0,,,,,2.0,1.0,Completed,1.53,2.5,,,1.57,2.5,1.54,2.43,1.59,2.66,fritz t.,korda s.,atp_8,atp_42
8,Dallas,Dallas Open,2/14/2026,ATP500,Indoor,Hard,Quarterfinals,3,Shelton B.,Kecmanovic M.,9,66.0,3560,820.0,5.0,7.0,6.0,3.0,6.0,4.0,,,,,2.0,1.0,Completed,1.2,4.5,,,1.21,5.25,1.19,4.52,1.2,5.7,shelton b.,kecmanovic m.,atp_9,atp_58
8,Dallas,Dallas Open,2/14/2026,ATP500,Indoor,Hard,Quarterfinals,3,Shapovalov D.,Davidovich Fokina A.,40,14.0,1160,2535.0,5.0,7.0,6.0,4.0,6.0,3.0,,,,,2.0,1.0,Completed,1.73,2.1,,,1.9,2.2,1.72,2.09,1.86,2.12,shapovalov d.,davidovich fokina a.,atp_38,atp_17
8,Dallas,Dallas Open,2/14/2026,ATP500,Indoor,Hard,Semifinals,3,Fritz T.,Cilic M.,7,61.0,3940,890.0,7.0,6.0,7.0,6.0,,,,,,,2.0,0.0,Completed,1.53,2.5,,,1.57,2.5,1.54,2.43,1.59,2.66,fritz t.,cilic m.,atp_8,atp_54
8,Dallas,Dallas Open,2/14/2026,ATP500,Indoor,Hard,Semifinals,3,Shelton B.,Shapovalov D.,9,40.0,3560,1160.0,4.0,6.0,6.0,4.0,7.0,6.0,,,,,2.0,1.0,Completed,1.5,2.63,,,1.56,2.75,1.5,2.55,1.54,2.82,shelton b.,shapovalov d.,atp_9,atp_38
8,Dallas,Dallas Open,2/15/2026,ATP500,Indoor,Hard,The Final,3,Shelton B.,Fritz T.,9,7.0,3560,3940.0,3.0,6.0,6.0,3.0,7.0,5.0,,,,,2.0,1.0,Completed,2.1,1.73,,,2.2,1.76,2.08,1.73,2.18,1.81,shelton b.,fritz t.,atp_9,atp_8
9,Rotterdam,ABN AMRO World Tennis Tournament,2/9/2026,ATP500,Indoor,Hard,1st Round,3,Norrie C.,Bautista Agut R.,26,85.0,1603,685.0,7.0,6.0,6.0,1.0,,,,,,,2.0,0.0,Completed,1.29,3.75,,,1.33,4.0,1.27,3.7,1.31,4.0,norrie c.,bautista agut r.,atp_24,atp_80
9,Rotterdam,ABN AMRO World Tennis Tournament,2/9/2026,ATP500,Indoor,Hard,1st Round,3,Humbert U.,Medvedev D.,36,11.0,1335,3060.0,7.0,6.0,3.0,6.0,6.0,3.0,,,,,2.0,1.0,Completed,2.75,1.44,,,2.88,1.45,2.76,1.43,3.05,1.47,humbert u.,medvedev d.,atp_34,atp_10
9,Rotterdam,ABN AMRO World Tennis Tournament,2/9/2026,ATP500,Indoor,Hard,1st Round,3,O Connell C.,Royer V.,119,57.0,511,897.0,6.0,4.0,4.0,6.0,7.0,6.0,,,,,2.0,1.0,Completed,2,1.8,,,2.2,1.8,2.07,1.74,2.14,1.87,oconnell c.,royer v.,atp_128,atp_71
9,Rotterdam,ABN AMRO World Tennis Tournament,2/9/2026,ATP500,Indoor,Hard,1st Round,3,Van De Zandschulp B.,Pavlovic L.,65,219.0,849,262.0,7.0,6.0,6.0,3.0,,,,,,,2.0,0.0,Completed,1.17,5.0,,,1.21,5.2,1.18,4.61,1.23,5.2,van de zandschulp b.,pavlovic l.,atp_62,atp_209
9,Rotterdam,ABN AMRO World Tennis Tournament,2/9/2026,ATP500,Indoor,Hard,1st Round,3,Munar J.,Budkov Kjaer N.,37,132.0,1185,476.0,6.0,1.0,6.0,3.0,,,,,,,2.0,0.0,Completed,1.44,2.75,,,1.5,2.88,1.44,2.75,1.53,2.86,munar j.,budkov kjaer n.,atp_37,atp_141
9,Rotterdam,ABN AMRO World Tennis Tournament,2/10/2026,ATP500,Indoor,Hard,1st Round,3,Halys Q.,Rottgering M.,77,614.0,725,59.0,3.0,6.0,6.0,1.0,6.0,1.0,,,,,2.0,1.0,Completed,1.22,4.33,,,1.25,4.4,1.24,3.98,1.28,4.4,halys q.,rottgering m.,atp_90,atp_476
9,Rotterdam,ABN AMRO World Tennis Tournament,2/10/2026,ATP500,Indoor,Hard,1st Round,3,Griekspoor T.,Mpetshi G.,27,56.0,1585,905.0,6.0,4.0,6.0,4.0,,,,,,,2.0,0.0,Completed,1.5,2.63,,,1.55,2.63,1.53,2.48,1.57,2.68,griekspoor t.,mpetshi perricard g.,atp_30,atp_57
9,Rotterdam,ABN AMRO World Tennis Tournament,2/10/2026,ATP500,Indoor,Hard,1st Round,3,Struff J.L.,Grenier H.,82,188.0,706,323.0,6.0,0.0,6.0,4.0,,,,,,,2.0,0.0,Completed,1.36,3.2,,,1.38,3.3,1.35,3.17,1.4,3.45,struff j.,grenier h.,,atp_213
9,Rotterdam,ABN AMRO World Tennis Tournament,2/10/2026,ATP500,Indoor,Hard,1st Round,3,De Minaur A.,Fils A.,8,42.0,3835,1110.0,7.0,6.0,6.0,2.0,,,,,,,2.0,0.0,Completed,1.22,4.33,,,1.25,4.33,1.22,4.09,1.26,4.7,de minaur a.,fils a.,atp_6,atp_28
9,Rotterdam,ABN AMRO World Tennis Tournament,2/10/2026,ATP500,Indoor,Hard,1st Round,3,Bergs Z.,Medjedovic H.,39,79.0,1170,717.0,6.0,7.0,6.0,7.0,,,,,,,2.0,0.0,Completed,1.8,2.0,,,1.85,2.01,1.81,1.98,1.94,2.04,bergs z.,medjedovic h.,atp_46,atp_81
9,Rotterdam,ABN AMRO World Tennis Tournament,2/11/2026,ATP500,Indoor,Hard,1st Round,3,Wawrinka S.,Boogaard T.,106,1048.0,562,14.0,6.0,3.0,6.0,4.0,,,,,,,2.0,0.0,Completed,,,,,1.2,7.5,1.13,5.92,1.2,5.1,wawrinka s.,boogaard t.,atp_98,
9,Rotterdam,ABN AMRO World Tennis Tournament,2/11/2026,ATP500,Indoor,Hard,1st Round,3,Den Ouden G.,Fucsovics M.,169,49.0,355,1009.0,7.0,6.0,6.0,1.0,,,,,,,2.0,0.0,Completed,4,1.25,,,4.1,1.25,3.9,1.25,4.1,1.31,den ouden g.,fucsovics m.,atp_176,atp_51
9,Rotterdam,ABN AMRO World Tennis Tournament,2/11/2026,ATP500,Indoor,Hard,1st Round,3,Tsitsipas S.,Rinderknech A.,32,28.0,1445,1542.0,7.0,5.0,6.0,3.0,,,,,,,2.0,0.0,Completed,1.53,2.5,,,1.57,2.5,1.54,2.47,1.56,2.72,tsitsipas s.,rinderknech a.,atp_49,atp_27
9,Rotterdam,ABN AMRO World Tennis Tournament,2/11/2026,ATP500,Indoor,Hard,1st Round,3,Khachanov K.,De Jong J.,18,86.0,2320,673.0,3.0,6.0,6.0,4.0,7.0,5.0,,,,,2.0,1.0,Completed,1.14,5.5,,,1.17,5.7,1.14,5.32,1.19,6.0,khachanov k.,de jong j.,atp_15,atp_99
9,Rotterdam,ABN AMRO World Tennis Tournament,2/11/2026,ATP500,Indoor,Hard,1st Round,3,Bublik A.,Hurkacz H.,10,70.0,3235,775.0,6.0,7.0,7.0,6.0,7.0,5.0,,,,,2.0,1.0,Completed,1.67,2.2,,,1.76,2.2,1.71,2.11,1.83,2.2,bublik a.,hurkacz h.,atp_11,atp_72
9,Rotterdam,ABN AMRO World Tennis Tournament,2/11/2026,ATP500,Indoor,Hard,1st Round,3,Auger-Aliassime F.,Popyrin A.,6,50.0,3950,1000.0,7.0,5.0,6.0,3.0,,,,,,,2.0,0.0,Completed,1.22,4.33,,,1.22,4.4,1.22,4.14,1.23,5.0,augeraliassime f.,popyrin a.,,atp_45
9,Rotterdam,ABN AMRO World Tennis Tournament,2/11/2026,ATP500,Indoor,Hard,2nd Round,3,O Connell C.,Norrie C.,119,26.0,511,1603.0,7.0,6.0,6.0,4.0,,,,,,,2.0,0.0,Completed,4,1.25,,,4.0,1.3,3.6,1.28,4.1,1.31,oconnell c.,norrie c.,atp_128,atp_24
9,Rotterdam,ABN AMRO World Tennis Tournament,2/11/2026,ATP500,Indoor,Hard,2nd Round,3,Griekspoor T.,Halys Q.,27,77.0,1585,725.0,7.0,5.0,7.0,6.0,,,,,,,2.0,0.0,Completed,1.57,2.38,,,1.6,2.6,1.55,2.43,1.6,2.64,griekspoor t.,halys q.,atp_30,atp_90
9,Rotterdam,ABN AMRO World Tennis Tournament,2/12/2026,ATP500,Indoor,Hard,2nd Round,3,Humbert U.,Den Ouden G.,36,169.0,1335,355.0,6.0,4.0,6.0,3.0,,,,,,,2.0,0.0,Completed,1.1,7.0,,,1.12,8.0,1.1,6.77,1.13,8.2,humbert u.,den ouden g.,atp_34,atp_176
9,Rotterdam,ABN AMRO World Tennis Tournament,2/12/2026,ATP500,Indoor,Hard,2nd Round,3,Munar J.,Khachanov K.,37,18.0,1185,2320.0,7.0,6.0,3.0,6.0,6.0,3.0,,,,,2.0,1.0,Completed,2.3,1.62,,,2.3,1.7,2.23,1.64,2.42,1.69,munar j.,khachanov k.,atp_37,atp_15
9,Rotterdam,ABN AMRO World Tennis Tournament,2/12/2026,ATP500,Indoor,Hard,2nd Round,3,Van De Zandschulp B.,Tsitsipas S.,65,32.0,849,1445.0,6.0,4.0,7.0,6.0,,,,,,,2.0,0.0,Completed,3,1.4,,,3.0,1.5,2.79,1.43,3.15,1.44,van de zandschulp b.,tsitsipas s.,atp_62,atp_49
9,Rotterdam,ABN AMRO World Tennis Tournament,2/12/2026,ATP500,Indoor,Hard,2nd Round,3,De Minaur A.,Wawrinka S.,8,106.0,3835,562.0,6.0,4.0,6.0,2.0,,,,,,,2.0,0.0,Completed,1.1,7.0,,,1.12,7.0,1.11,6.58,1.12,8.8,de minaur a.,wawrinka s.,atp_6,atp_98
9,Rotterdam,ABN AMRO World Tennis Tournament,2/12/2026,ATP500,Indoor,Hard,2nd Round,3,Auger-Aliassime F.,Medjedovic H.,6,79.0,3950,717.0,6.0,4.0,6.0,4.0,,,,,,,2.0,0.0,Completed,1.22,4.33,,,1.27,4.33,1.25,3.84,1.28,4.5,augeraliassime f.,medjedovic h.,,atp_81
9,Rotterdam,ABN AMRO World Tennis Tournament,2/12/2026,ATP500,Indoor,Hard,2nd Round,3,Bublik A.,Struff J.L.,10,82.0,3235,706.0,7.0,6.0,4.0,6.0,6.0,3.0,,,,,2.0,1.0,Completed,1.36,3.2,,,1.37,3.5,1.34,3.24,1.36,3.7,bublik a.,struff j.,atp_11,
9,Rotterdam,ABN AMRO World Tennis Tournament,2/13/2026,ATP500,Indoor,Hard,Quarterfinals,3,Humbert U.,O Connell C.,36,119.0,1335,511.0,6.0,4.0,6.0,1.0,,,,,,,2.0,0.0,Completed,1.2,4.5,,,1.22,4.8,1.21,4.36,1.24,4.9,humbert u.,oconnell c.,atp_34,atp_128
9,Rotterdam,ABN AMRO World Tennis Tournament,2/13/2026,ATP500,Indoor,Hard,Quarterfinals,3,De Minaur A.,Van De Zandschulp B.,8,65.0,3835,849.0,3.0,6.0,7.0,6.0,7.0,5.0,,,,,2.0,1.0,Completed,1.13,6.0,,,1.15,6.0,1.14,5.63,1.16,6.6,de minaur a.,van de zandschulp b.,atp_6,atp_62
9,Rotterdam,ABN AMRO World Tennis Tournament,2/13/2026,ATP500,Indoor,Hard,Quarterfinals,3,Auger-Aliassime F.,Griekspoor T.,6,27.0,3950,1585.0,7.0,6.0,6.0,2.0,,,,,,,2.0,0.0,Completed,1.3,3.5,,,1.36,3.6,1.32,3.38,1.39,3.5,augeraliassime f.,griekspoor t.,,atp_30
9,Rotterdam,ABN AMRO World Tennis Tournament,2/13/2026,ATP500,Indoor,Hard,Quarterfinals,3,Bublik A.,Munar J.,10,37.0,3235,1185.0,6.0,4.0,6.0,7.0,7.0,6.0,,,,,2.0,1.0,Completed,1.5,2.63,,,1.5,2.75,1.49,2.63,1.51,2.92,bublik a.,munar j.,atp_11,atp_37
9,Rotterdam,ABN AMRO World Tennis Tournament,2/14/2026,ATP500,Indoor,Hard,Semifinals,3,De Minaur A.,Humbert U.,8,36.0,3835,1335.0,6.0,4.0,6.0,3.0,,,,,,,2.0,0.0,Completed,1.4,3.0,,,1.45,3.1,1.41,2.85,1.44,3.2,de minaur a.,humbert u.,atp_6,atp_34
9,Rotterdam,ABN AMRO World Tennis Tournament,2/14/2026,ATP500,Indoor,Hard,Semifinals,3,Auger-Aliassime F.,Bublik A.,6,10.0,3950,3235.0,6.0,1.0,6.0,2.0,,,,,,,2.0,0.0,Completed,1.44,2.75,,,1.5,2.85,1.45,2.7,1.52,2.88,augeraliassime f.,bublik a.,,atp_11
9,Rotterdam,ABN AMRO World Tennis Tournament,2/15/2026,ATP500,Indoor,Hard,The Final,3,De Minaur A.,Auger-Aliassime F.,8,6.0,3835,3950.0,6.0,3.0,6.0,2.0,,,,,,,2.0,0.0,Completed,2.5,1.53,,,2.5,1.6,2.43,1.56,2.56,1.64,de minaur a.,augeraliassime f.,atp_6,
10,Delray Beach,Delray Beach Open,2/16/2026,ATP250,Outdoor,Hard,1st Round,3,Atmane T.,Kypson P.,66,105.0,833,565.0,6.0,3.0,2.0,6.0,6.0,4.0,,,,,2.0,1.0,Completed,2.2,1.67,,,2.2,1.73,2.14,1.69,2.3,1.74,atmane t.,kypson p.,atp_44,atp_96
10,Delray Beach,Delray Beach Open,2/16/2026,ATP250,Outdoor,Hard,1st Round,3,Wong C.,Borges N.,137,45.0,458,1070.0,7.0,6.0,4.0,6.0,6.0,3.0,,,,,2.0,1.0,Completed,2.1,1.73,,,2.15,1.75,2.09,1.71,2.3,1.74,wong c.,borges n.,atp_124,atp_48
10,Delray Beach,Delray Beach Open,2/16/2026,ATP250,Outdoor,Hard,1st Round,3,Michelsen A.,Vacherot V.,41,26.0,1110,1605.0,7.0,6.0,6.0,4.0,,,,,,,2.0,0.0,Completed,1.91,1.91,,,1.93,1.91,1.89,1.87,2.04,1.94,michelsen a.,vacherot v.,atp_35,atp_23
10,Delray Beach,Delray Beach Open,2/16/2026,ATP250,Outdoor,Hard,1st Round,3,Giron M.,Shimabukuro S.,64,135.0,855,466.0,6.0,3.0,7.0,5.0,,,,,,,2.0,0.0,Completed,1.4,3.0,,,1.43,3.0,1.4,2.86,1.44,3.2,giron m.,shimabukuro s.,atp_66,atp_111
10,Delray Beach,Delray Beach Open,2/17/2026,ATP250,Outdoor,Hard,1st Round,3,Tiafoe F.,Hijikata R.,28,113.0,1550,546.0,6.0,4.0,6.0,4.0,,,,,,,2.0,0.0,Completed,1.3,3.5,,,1.3,4.0,1.28,3.56,1.29,4.3,tiafoe f.,hijikata r.,atp_18,atp_102
10,Delray Beach,Delray Beach Open,2/17/2026,ATP250,Outdoor,Hard,1st Round,3,Svajda Z.,Kovacevic A.,106,75.0,563,746.0,7.0,6.0,6.0,3.0,,,,,,,2.0,0.0,Completed,1.5,2.63,,,1.57,2.75,1.49,2.57,1.57,2.7,svajda z.,kovacevic a.,atp_82,atp_85
10,Delray Beach,Delray Beach Open,2/17/2026,ATP250,Outdoor,Hard,1st Round,3,Korda S.,McDonald M.,50,116.0,1020,535.0,6.0,4.0,7.0,5.0,,,,,,,2.0,0.0,Completed,1.2,4.5,,,1.23,4.5,1.2,4.3,1.24,4.8,korda s.,mcdonald m.,atp_42,atp_125
10,Delray Beach,Delray Beach Open,2/17/2026,ATP250,Outdoor,Hard,1st Round,3,Nakashima B.,Cilic M.,29,43.0,1535,1090.0,7.0,6.0,7.0,6.0,,,,,,,2.0,0.0,Completed,1.62,2.3,,,1.63,2.3,1.6,2.26,1.7,2.4,nakashima b.,cilic m.,atp_33,atp_54
10,Delray Beach,Delray Beach Open,2/17/2026,ATP250,Outdoor,Hard,1st Round,3,Jodar R.,Quinn E.,118,70.0,523,776.0,6.0,2.0,6.0,3.0,,,,,,,2.0,0.0,Completed,2,1.8,,,2.0,1.91,1.95,1.81,2.02,1.97,jodar r.,quinn e.,atp_89,atp_56
10,Delray Beach,Delray Beach Open,2/17/2026,ATP250,Outdoor,Hard,1st Round,3,Walton A.,Diallo G.,93,39.0,643,1175.0,7.0,6.0,6.0,3.0,,,,,,,2.0,0.0,Completed,3.2,1.36,,,3.2,1.4,3.05,1.36,3.4,1.4,walton a.,diallo g.,atp_105,atp_36
10,Delray Beach,Delray Beach Open,2/17/2026,ATP250,Outdoor,Hard,1st Round,3,Kecmanovic M.,Bellucci M.,83,109.0,670,553.0,6.0,1.0,6.0,4.0,,,,,,,2.0,0.0,Completed,1.44,2.75,,,1.5,2.88,1.45,2.69,1.51,2.94,kecmanovic m.,bellucci m.,atp_58,atp_73
10,Delray Beach,Delray Beach Open,2/18/2026,ATP250,Outdoor,Hard,1st Round,3,Paul T.,Moutet C.,24,34.0,1700,1383.0,4.0,6.0,6.0,3.0,6.0,4.0,,,,,2.0,1.0,Completed,1.25,4.0,,,1.29,4.1,1.25,3.82,1.28,4.4,paul t.,moutet c.,atp_21,atp_32
10,Delray Beach,Delray Beach Open,2/18/2026,ATP250,Outdoor,Hard,2nd Round,3,Cobolli F.,Atmane T.,20,66.0,1955,833.0,7.0,5.0,6.0,4.0,,,,,,,2.0,0.0,Completed,1.73,2.1,,,1.75,2.13,1.73,2.08,1.87,2.12,cobolli f.,atmane t.,atp_13,atp_44
10,Delray Beach,Delray Beach Open,2/18/2026,ATP250,Outdoor,Hard,2nd Round,3,Wong C.,Nakashima B.,137,29.0,458,1535.0,6.0,4.0,7.0,6.0,,,,,,,2.0,0.0,Completed,3.2,1.36,,,3.25,1.37,3.15,1.35,3.5,1.39,wong c.,nakashima b.,atp_124,atp_33
10,Delray Beach,Delray Beach Open,2/18/2026,ATP250,Outdoor,Hard,2nd Round,3,Korda S.,Michelsen A.,50,41.0,1020,1110.0,6.0,3.0,7.0,6.0,,,,,,,2.0,0.0,Completed,1.62,2.3,,,1.67,2.3,1.62,2.25,1.71,2.38,korda s.,michelsen a.,atp_42,atp_35
10,Delray Beach,Delray Beach Open,2/19/2026,ATP250,Outdoor,Hard,2nd Round,3,Ruud C.,Giron M.,13,64.0,2625,855.0,4.0,6.0,7.0,6.0,6.0,4.0,,,,,2.0,1.0,Completed,1.44,2.75,,,1.53,2.75,1.47,2.6,1.5,2.92,ruud c.,giron m.,atp_12,atp_66
10,Delray Beach,Delray Beach Open,2/19/2026,ATP250,Outdoor,Hard,2nd Round,3,Tien L.,Kecmanovic M.,23,83.0,1710,670.0,6.0,4.0,6.0,7.0,7.0,6.0,,,,,2.0,1.0,Completed,1.44,2.75,,,1.45,2.8,1.44,2.73,1.5,2.96,tien l.,kecmanovic m.,atp_22,atp_58
10,Delray Beach,Delray Beach Open,2/19/2026,ATP250,Outdoor,Hard,2nd Round,3,Tiafoe F.,Svajda Z.,28,106.0,1550,563.0,6.0,4.0,3.0,6.0,7.0,5.0,,,,,2.0,1.0,Completed,1.44,2.75,,,1.53,2.75,1.48,2.59,1.51,2.88,tiafoe f.,svajda z.,atp_18,atp_82
10,Delray Beach,Delray Beach Open,2/19/2026,ATP250,Outdoor,Hard,2nd Round,3,Paul T.,Walton A.,24,93.0,1700,643.0,7.0,6.0,6.0,3.0,,,,,,,2.0,0.0,Completed,1.08,8.0,,,1.1,8.0,1.09,7.13,1.1,10.5,paul t.,walton a.,atp_21,atp_105
10,Delray Beach,Delray Beach Open,2/20/2026,ATP250,Outdoor,Hard,2nd Round,3,Fritz T.,Jodar R.,8,118.0,4220,523.0,7.0,6.0,6.0,4.0,,,,,,,2.0,0.0,Completed,1.25,4.0,,,1.3,4.0,1.27,3.67,1.3,4.1,fritz t.,jodar r.,atp_8,atp_89
10,Delray Beach,Delray Beach Open,2/20/2026,ATP250,Outdoor,Hard,Quarterfinals,3,Cobolli F.,Wong C.,20,137.0,1955,458.0,7.0,5.0,6.0,7.0,6.0,2.0,,,,,2.0,1.0,Completed,1.91,1.91,,,2.0,1.91,1.9,1.86,2.08,1.91,cobolli f.,wong c.,atp_13,atp_124
10,Delray Beach,Delray Beach Open,2/20/2026,ATP250,Outdoor,Hard,Quarterfinals,3,Korda S.,Ruud C.,50,13.0,1020,2625.0,4.0,6.0,6.0,2.0,6.0,2.0,,,,,2.0,1.0,Completed,1.8,2.0,,,1.94,2.05,1.8,1.97,1.91,2.06,korda s.,ruud c.,atp_42,atp_12
10,Delray Beach,Delray Beach Open,2/20/2026,ATP250,Outdoor,Hard,Quarterfinals,3,Tien L.,Tiafoe F.,23,28.0,1710,1550.0,7.0,6.0,3.0,6.0,7.0,5.0,,,,,2.0,1.0,Completed,1.53,2.5,,,1.55,2.5,1.53,2.45,1.61,2.62,tien l.,tiafoe f.,atp_22,atp_18
10,Delray Beach,Delray Beach Open,2/21/2026,ATP250,Outdoor,Hard,Quarterfinals,3,Paul T.,Fritz T.,24,8.0,1700,4220.0,6.0,4.0,6.0,3.0,,,,,,,2.0,0.0,Completed,2.2,1.67,,,2.25,1.7,2.19,1.65,2.42,1.68,paul t.,fritz t.,atp_21,atp_8
10,Delray Beach,Delray Beach Open,2/21/2026,ATP250,Outdoor,Hard,Semifinals,3,Korda S.,Cobolli F.,50,20.0,1020,1955.0,7.0,6.0,6.0,1.0,,,,,,,2.0,0.0,Completed,1.4,3.0,,,1.4,3.4,1.36,3.12,1.4,3.4,korda s.,cobolli f.,atp_42,atp_13
10,Delray Beach,Delray Beach Open,2/22/2026,ATP250,Outdoor,Hard,Semifinals,3,Paul T.,Tien L.,24,23.0,1700,1710.0,4.0,6.0,6.0,4.0,6.0,3.0,,,,,2.0,1.0,Completed,1.53,2.5,,,1.63,2.5,1.55,2.4,1.64,2.56,paul t.,tien l.,atp_21,atp_22
10,Delray Beach,Delray Beach Open,2/22/2026,ATP250,Outdoor,Hard,The Final,3,Korda S.,Paul T.,50,24.0,1020,1700.0,6.0,4.0,6.0,3.0,,,,,,,2.0,0.0,Completed,2,1.8,,,2.07,1.8,2.01,1.77,2.14,1.86,korda s.,paul t.,atp_42,atp_21
11,Doha,Qatar Exxon Mobil Open,2/16/2026,ATP500,Outdoor,Hard,1st Round,3,Popyrin A.,Zayid M.S.,53,,1000,,6.0,0.0,6.0,2.0,,,,,,,2.0,0.0,Completed,1,34.0,,,1.02,34.0,1.01,25.22,1.01,50.0,popyrin a.,zayid m.,atp_45,
11,Doha,Qatar Exxon Mobil Open,2/16/2026,ATP500,Outdoor,Hard,1st Round,3,Royer V.,Herbert P.,60,190.0,897,313.0,6.0,0.0,6.0,3.0,,,,,,,2.0,0.0,Completed,1.5,2.63,,,1.5,2.65,1.48,2.58,1.54,2.84,royer v.,herbert p.,atp_71,
11,Doha,Qatar Exxon Mobil Open,2/16/2026,ATP500,Outdoor,Hard,1st Round,3,Mensik J.,Choinski J.,16,124.0,2425,498.0,6.0,7.0,6.0,2.0,6.0,4.0,,,,,2.0,1.0,Completed,1.14,5.5,,,1.2,5.5,1.15,5.12,1.17,6.4,mensik j.,choinski j.,atp_26,atp_120
11,Doha,Qatar Exxon Mobil Open,2/16/2026,ATP500,Outdoor,Hard,1st Round,3,Fils A.,Majchrzak K.,40,56.0,1110,920.0,6.0,7.0,6.0,3.0,6.0,4.0,,,,,2.0,1.0,Completed,1.4,3.0,,,1.43,3.0,1.39,2.91,1.44,3.2,fils a.,majchrzak k.,atp_28,atp_53
11,Doha,Qatar Exxon Mobil Open,2/16/2026,ATP500,Outdoor,Hard,1st Round,3,Sinner J.,Machac T.,2,31.0,10300,1510.0,6.0,1.0,6.0,4.0,,,,,,,2.0,0.0,Completed,1.05,11.0,,,1.06,11.0,1.05,9.68,1.07,13.5,sinner j.,machac t.,atp_2,atp_55
11,Doha,Qatar Exxon Mobil Open,2/16/2026,ATP500,Outdoor,Hard,1st Round,3,Medvedev D.,Shang J.,11,261.0,3010,205.0,6.0,4.0,6.0,2.0,,,,,,,2.0,0.0,Completed,1.25,4.0,,,1.28,4.0,1.25,3.81,1.26,4.7,medvedev d.,shang j.,atp_10,atp_262
11,Doha,Qatar Exxon Mobil Open,2/17/2026,ATP500,Outdoor,Hard,1st Round,3,Tsitsipas S.,Echargui M.,33,139.0,1485,449.0,6.0,4.0,6.0,4.0,,,,,,,2.0,0.0,Completed,1.1,7.0,,,1.11,8.0,1.09,6.87,1.12,8.8,tsitsipas s.,echargui m.,atp_49,atp_144
11,Doha,Qatar Exxon Mobil Open,2/17/2026,ATP500,Outdoor,Hard,1st Round,3,Halys Q.,Carreno Busta P.,72,123.0,762,504.0,4.0,6.0,7.0,5.0,6.0,3.0,,,,,2.0,1.0,Completed,1.8,2.0,,,1.81,2.15,1.76,2.03,,,halys q.,carreno busta p.,atp_90,atp_88
11,Doha,Qatar Exxon Mobil Open,2/17/2026,ATP500,Outdoor,Hard,1st Round,3,Fucsovics M.,Habib H.,61,334.0,891,143.0,6.0,3.0,6.0,3.0,,,,,,,2.0,0.0,Completed,1.17,5.0,,,1.17,5.5,1.16,4.98,1.19,5.9,fucsovics m.,habib h.,atp_51,atp_343
11,Doha,Qatar Exxon Mobil Open,2/17/2026,ATP500,Outdoor,Hard,1st Round,3,Lehecka J.,Brooksby J.,22,47.0,1860,1042.0,6.0,3.0,6.0,3.0,,,,,,,2.0,0.0,Completed,1.5,2.63,,,1.5,2.63,1.49,2.56,1.55,2.76,lehecka j.,brooksby j.,atp_14,atp_41
11,Doha,Qatar Exxon Mobil Open,2/17/2026,ATP500,Outdoor,Hard,1st Round,3,Khachanov K.,Mochizuki S.,17,117.0,2360,525.0,6.0,1.0,3.0,6.0,6.0,4.0,,,,,2.0,1.0,Completed,1.13,6.0,,,1.13,6.5,1.12,5.92,1.16,6.8,khachanov k.,mochizuki s.,atp_15,atp_127
11,Doha,Qatar Exxon Mobil Open,2/17/2026,ATP500,Outdoor,Hard,1st Round,3,Zhang Zh.,Carballes Baena R.,319,175.0,155,350.0,6.0,4.0,6.0,4.0,,,,,,,2.0,0.0,Completed,1.73,2.1,,,1.87,2.14,1.75,2.05,1.84,2.16,zhang z.,carballes baena r.,atp_263,atp_159
11,Doha,Qatar Exxon Mobil Open,2/17/2026,ATP500,Outdoor,Hard,1st Round,3,Marozsan F.,Humbert U.,48,36.0,1040,1285.0,6.0,3.0,6.0,1.0,,,,,,,2.0,0.0,Completed,2.38,1.57,,,2.38,1.65,2.26,1.62,2.34,1.72,marozsan f.,humbert u.,atp_47,atp_34
11,Doha,Qatar Exxon Mobil Open,2/17/2026,ATP500,Outdoor,Hard,1st Round,3,Bergs Z.,Mpetshi G.,44,58.0,1080,905.0,6.0,3.0,6.0,7.0,6.0,4.0,,,,,2.0,1.0,Completed,1.53,2.5,,,1.6,2.5,1.56,2.38,1.6,2.62,bergs z.,mpetshi perricard g.,atp_46,atp_57
11,Doha,Qatar Exxon Mobil Open,2/17/2026,ATP500,Outdoor,Hard,1st Round,3,Alcaraz C.,Rinderknech A.,1,30.0,13150,1530.0,6.0,4.0,7.0,6.0,,,,,,,2.0,0.0,Completed,1.02,19.0,,,1.03,19.0,1.02,14.41,1.04,24.0,alcaraz c.,rinderknech a.,atp_1,atp_27
11,Doha,Qatar Exxon Mobil Open,2/17/2026,ATP500,Outdoor,Hard,1st Round,3,Rublev A.,De Jong J.,14,86.0,2510,665.0,6.0,4.0,6.0,3.0,,,,,,,2.0,0.0,Completed,1.14,5.5,,,1.16,7.0,1.14,5.55,1.18,6.2,rublev a.,de jong j.,atp_16,atp_99
11,Doha,Qatar Exxon Mobil Open,2/18/2026,ATP500,Outdoor,Hard,2nd Round,3,Khachanov K.,Fucsovics M.,17,61.0,2360,891.0,6.0,2.0,4.0,6.0,6.0,4.0,,,,,2.0,1.0,Completed,1.4,3.0,,,1.44,3.0,1.41,2.84,1.49,3.0,khachanov k.,fucsovics m.,atp_15,atp_51
11,Doha,Qatar Exxon Mobil Open,2/18/2026,ATP500,Outdoor,Hard,2nd Round,3,Fils A.,Halys Q.,40,72.0,1110,762.0,6.0,1.0,7.0,6.0,,,,,,,2.0,0.0,Completed,1.33,3.4,,,1.36,3.4,1.33,3.21,1.38,3.55,fils a.,halys q.,atp_28,atp_90
11,Doha,Qatar Exxon Mobil Open,2/18/2026,ATP500,Outdoor,Hard,2nd Round,3,Lehecka J.,Bergs Z.,22,44.0,1860,1080.0,6.0,2.0,6.0,1.0,,,,,,,2.0,0.0,Completed,1.44,2.75,,,1.47,2.75,1.45,2.7,1.52,2.88,lehecka j.,bergs z.,atp_14,atp_46
11,Doha,Qatar Exxon Mobil Open,2/18/2026,ATP500,Outdoor,Hard,2nd Round,3,Tsitsipas S.,Medvedev D.,33,11.0,1485,3010.0,6.0,3.0,6.0,4.0,,,,,,,2.0,0.0,Completed,3.5,1.3,,,3.6,1.33,3.33,1.32,3.5,1.39,tsitsipas s.,medvedev d.,atp_49,atp_10
11,Doha,Qatar Exxon Mobil Open,2/18/2026,ATP500,Outdoor,Hard,2nd Round,3,Rublev A.,Marozsan F.,14,48.0,2510,1040.0,6.0,2.0,6.0,4.0,,,,,,,2.0,0.0,Completed,1.57,2.38,,,1.6,2.4,1.56,2.35,1.66,2.48,rublev a.,marozsan f.,atp_16,atp_47
11,Doha,Qatar Exxon Mobil Open,2/18/2026,ATP500,Outdoor,Hard,2nd Round,3,Mensik J.,Zhang Zh.,16,319.0,2425,155.0,6.0,3.0,6.0,2.0,,,,,,,2.0,0.0,Completed,1.36,3.2,,,1.38,3.2,1.36,3.05,1.42,3.3,mensik j.,zhang z.,atp_26,atp_263
11,Doha,Qatar Exxon Mobil Open,2/18/2026,ATP500,Outdoor,Hard,2nd Round,3,Sinner J.,Popyrin A.,2,53.0,10300,1000.0,6.0,3.0,7.0,5.0,,,,,,,2.0,0.0,Completed,1.03,15.0,,,1.03,19.0,1.02,15.19,1.03,32.0,sinner j.,popyrin a.,atp_2,atp_45
11,Doha,Qatar Exxon Mobil Open,2/18/2026,ATP500,Outdoor,Hard,2nd Round,3,Alcaraz C.,Royer V.,1,60.0,13150,897.0,6.0,2.0,7.0,5.0,,,,,,,2.0,0.0,Completed,1.02,17.0,,,1.03,17.0,1.02,12.77,1.04,23.0,alcaraz c.,royer v.,atp_1,atp_71
11,Doha,Qatar Exxon Mobil Open,2/19/2026,ATP500,Outdoor,Hard,Quarterfinals,3,Rublev A.,Tsitsipas S.,14,33.0,2510,1485.0,6.0,3.0,7.0,6.0,,,,,,,2.0,0.0,Completed,1.62,2.3,,,1.71,2.3,1.66,2.2,1.71,2.4,rublev a.,tsitsipas s.,atp_16,atp_49
11,Doha,Qatar Exxon Mobil Open,2/19/2026,ATP500,Outdoor,Hard,Quarterfinals,3,Fils A.,Lehecka J.,40,22.0,1110,1860.0,6.0,3.0,6.0,3.0,,,,,,,2.0,0.0,Completed,2.38,1.57,,,2.38,1.67,2.28,1.6,2.46,1.67,fils a.,lehecka j.,atp_28,atp_14
11,Doha,Qatar Exxon Mobil Open,2/19/2026,ATP500,Outdoor,Hard,Quarterfinals,3,Alcaraz C.,Khachanov K.,1,17.0,13150,2360.0,6.0,7.0,6.0,4.0,6.0,3.0,,,,,2.0,1.0,Completed,1.07,9.0,,,1.09,10.0,1.07,7.96,1.09,11.5,alcaraz c.,khachanov k.,atp_1,atp_15
11,Doha,Qatar Exxon Mobil Open,2/19/2026,ATP500,Outdoor,Hard,Quarterfinals,3,Mensik J.,Sinner J.,16,2.0,2425,10300.0,7.0,6.0,2.0,6.0,6.0,3.0,,,,,2.0,1.0,Completed,9,1.07,,,10.0,1.07,8.5,1.06,11.0,1.09,mensik j.,sinner j.,atp_26,atp_2
11,Doha,Qatar Exxon Mobil Open,2/20/2026,ATP500,Outdoor,Hard,Semifinals,3,Alcaraz C.,Rublev A.,1,14.0,13150,2510.0,7.0,6.0,6.0,4.0,,,,,,,2.0,0.0,Completed,1.14,5.5,,,1.15,5.8,1.14,5.47,1.18,6.2,alcaraz c.,rublev a.,atp_1,atp_16
11,Doha,Qatar Exxon Mobil Open,2/20/2026,ATP500,Outdoor,Hard,Semifinals,3,Fils A.,Mensik J.,40,16.0,1110,2425.0,6.0,4.0,7.0,6.0,,,,,,,2.0,0.0,Completed,2.3,1.62,,,2.38,1.9,2.26,1.62,2.4,1.69,fils a.,mensik j.,atp_28,atp_26
11,Doha,Qatar Exxon Mobil Open,2/21/2026,ATP500,Outdoor,Hard,The Final,3,Alcaraz C.,Fils A.,1,40.0,13150,1110.0,6.0,2.0,6.0,1.0,,,,,,,2.0,0.0,Completed,1.11,6.5,,,1.13,7.0,1.11,6.25,1.15,7.0,alcaraz c.,fils a.,atp_1,atp_28
12,Rio de Janeiro,Rio Open,2/16/2026,ATP500,Outdoor,Clay,1st Round,3,Tirante T.A.,Garin C.,92,89.0,647,656.0,7.0,5.0,6.0,3.0,,,,,,,2.0,0.0,Completed,2,1.8,,,2.0,1.9,1.94,1.82,2.1,1.9,tirante t.,garin c.,,atp_100
12,Rio de Janeiro,Rio Open,2/16/2026,ATP500,Outdoor,Clay,1st Round,3,Lajovic D.,Altmaier D.,129,54.0,485,961.0,6.0,4.0,7.0,6.0,,,,,,,2.0,0.0,Completed,2.1,1.73,,,2.11,1.77,2.08,1.71,2.26,1.79,lajovic d.,altmaier d.,atp_132,atp_52
12,Rio de Janeiro,Rio Open,2/16/2026,ATP500,Outdoor,Clay,1st Round,3,Tabilo A.,Nava E.,68,76.0,808,710.0,6.0,3.0,6.0,3.0,,,,,,,2.0,0.0,Completed,1.44,2.75,,,1.48,3.25,1.44,2.76,1.56,2.78,tabilo a.,nava e.,atp_39,atp_104
12,Rio de Janeiro,Rio Open,2/16/2026,ATP500,Outdoor,Clay,1st Round,3,Kopriva V.,Heide G.,87,258.0,660,207.0,6.0,2.0,7.0,6.0,,,,,,,2.0,0.0,Completed,1.67,2.2,,,1.72,2.2,1.67,2.15,1.71,2.36,kopriva v.,heide g.,atp_70,atp_285
12,Rio de Janeiro,Rio Open,2/16/2026,ATP500,Outdoor,Clay,1st Round,3,Buse I.,Marcondes I.,91,348.0,648,138.0,4.0,6.0,7.0,5.0,6.0,4.0,,,,,2.0,1.0,Completed,1.4,3.0,,,1.45,3.0,1.41,2.8,1.43,3.2,buse i.,marcondes i.,atp_59,
12,Rio de Janeiro,Rio Open,2/17/2026,ATP500,Outdoor,Clay,1st Round,3,Hanfmann Y.,Reis Da Silva J.,90,207.0,653,291.0,7.0,6.0,6.0,4.0,,,,,,,2.0,0.0,Completed,1.29,3.75,,,1.3,4.0,1.28,3.6,1.28,4.4,hanfmann y.,reis da silva j.,atp_61,
12,Rio de Janeiro,Rio Open,2/17/2026,ATP500,Outdoor,Clay,1st Round,3,Burruchaga R.,Ugo Carabelli C.,102,46.0,580,1068.0,6.0,3.0,6.0,4.0,,,,,,,2.0,0.0,Completed,2.2,1.67,,,2.4,1.8,2.13,1.69,2.2,1.81,burruchaga r.,ugo carabelli c.,,atp_67
12,Rio de Janeiro,Rio Open,2/17/2026,ATP500,Outdoor,Clay,1st Round,3,Passaro F.,Prizmic D.,163,122.0,376,507.0,6.0,3.0,6.0,4.0,,,,,,,2.0,0.0,Completed,2.75,1.44,,,2.9,1.5,2.75,1.43,2.92,1.52,passaro f.,prizmic d.,atp_146,atp_112
12,Rio de Janeiro,Rio Open,2/17/2026,ATP500,Outdoor,Clay,1st Round,3,Etcheverry T.,Comesana F.,51,63.0,1020,869.0,3.0,6.0,6.0,3.0,6.0,4.0,,,,,2.0,1.0,Completed,1.53,2.5,,,1.57,2.55,1.53,2.44,1.61,2.6,etcheverry t.,comesana f.,,atp_87
12,Rio de Janeiro,Rio Open,2/17/2026,ATP500,Outdoor,Clay,1st Round,3,Berrettini M.,Barrios M.,57,107.0,910,563.0,7.0,6.0,7.0,5.0,,,,,,,2.0,0.0,Completed,1.3,3.5,,,1.3,3.7,1.29,3.49,1.34,3.85,berrettini m.,barrios m.,atp_91,
12,Rio de Janeiro,Rio Open,2/17/2026,ATP500,Outdoor,Clay,1st Round,3,Cerundolo J.M.,Darderi L.,78,21.0,706,1904.0,6.0,1.0,3.0,6.0,6.0,4.0,,,,,2.0,1.0,Completed,3.4,1.33,,,3.55,1.37,3.23,1.33,3.6,1.37,cerundolo j.,darderi l.,,atp_19
12,Rio de Janeiro,Rio Open,2/17/2026,ATP500,Outdoor,Clay,1st Round,3,Cerundolo F.,Navone M.,19,74.0,2220,750.0,6.0,3.0,6.0,4.0,,,,,,,2.0,0.0,Completed,1.4,3.0,,,1.44,3.0,1.4,2.87,1.44,3.2,cerundolo f.,navone m.,atp_20,atp_60
12,Rio de Janeiro,Rio Open,2/17/2026,ATP500,Outdoor,Clay,1st Round,3,Fonseca J.,Monteiro T.,38,208.0,1190,290.0,7.0,6.0,6.0,1.0,,,,,,,2.0,0.0,Completed,1.29,3.75,,,1.33,3.75,1.3,3.44,1.32,4.0,fonseca j.,monteiro t.,atp_40,atp_275
12,Rio de Janeiro,Rio Open,2/17/2026,ATP500,Outdoor,Clay,1st Round,3,Dzumhur D.,Martinez P.,62,101.0,877,586.0,0.0,6.0,7.0,6.0,6.0,4.0,,,,,2.0,1.0,Completed,2.3,1.62,,,2.38,1.65,2.25,1.62,2.34,1.72,dzumhur d.,martinez p.,atp_74,atp_113
12,Rio de Janeiro,Rio Open,2/18/2026,ATP500,Outdoor,Clay,1st Round,3,Faria J.,Baez S.,147,32.0,425,1495.0,7.0,5.0,6.0,1.0,,,,,,,2.0,0.0,Completed,5,1.17,,,5.0,1.25,4.23,1.21,5.1,1.24,faria j.,baez s.,atp_143,atp_50
12,Rio de Janeiro,Rio Open,2/18/2026,ATP500,Outdoor,Clay,1st Round,3,Gaubas V.,Miguel L.,126,1593.0,490,3.0,6.0,3.0,2.0,6.0,6.0,2.0,,,,,2.0,1.0,Completed,1.1,7.0,,,1.11,8.5,1.09,7.13,1.09,10.0,gaubas v.,miguel l.,atp_108,
12,Rio de Janeiro,Rio Open,2/18/2026,ATP500,Outdoor,Clay,2nd Round,3,Kopriva V.,Burruchaga R.,87,102.0,660,580.0,6.0,3.0,6.0,1.0,,,,,,,2.0,0.0,Completed,2.2,1.67,,,2.25,1.68,2.18,1.65,2.34,1.74,kopriva v.,burruchaga r.,atp_70,
12,Rio de Janeiro,Rio Open,2/18/2026,ATP500,Outdoor,Clay,2nd Round,3,Cerundolo J.M.,Hanfmann Y.,78,90.0,706,653.0,6.0,4.0,6.0,7.0,6.0,4.0,,,,,2.0,1.0,Completed,1.8,2.0,,,1.91,2.01,1.81,1.95,1.97,2.02,cerundolo j.,hanfmann y.,,atp_61
12,Rio de Janeiro,Rio Open,2/18/2026,ATP500,Outdoor,Clay,2nd Round,3,Tirante T.A.,Cerundolo F.,92,19.0,647,2220.0,6.0,2.0,3.0,1.0,,,,,,,1.0,0.0,Retired,5,1.17,,,5.0,1.22,4.49,1.19,5.6,1.21,tirante t.,cerundolo f.,,atp_20
12,Rio de Janeiro,Rio Open,2/19/2026,ATP500,Outdoor,Clay,2nd Round,3,Tabilo A.,Passaro F.,68,163.0,808,376.0,4.0,6.0,7.0,6.0,6.0,2.0,,,,,2.0,1.0,Completed,1.4,3.0,,,1.55,3.2,1.45,2.7,1.47,3.1,tabilo a.,passaro f.,atp_39,atp_146
12,Rio de Janeiro,Rio Open,2/19/2026,ATP500,Outdoor,Clay,2nd Round,3,Faria J.,Dzumhur D.,147,62.0,425,877.0,7.0,6.0,6.0,4.0,,,,,,,2.0,0.0,Completed,1.57,2.38,,,1.6,2.45,1.57,2.34,1.65,2.5,faria j.,dzumhur d.,atp_143,atp_74
12,Rio de Janeiro,Rio Open,2/19/2026,ATP500,Outdoor,Clay,2nd Round,3,Etcheverry T.,Gaubas V.,51,126.0,1020,490.0,7.0,6.0,6.0,4.0,,,,,,,2.0,0.0,Completed,1.22,4.33,,,1.24,4.33,1.23,4.05,1.28,4.5,etcheverry t.,gaubas v.,,atp_108
12,Rio de Janeiro,Rio Open,2/20/2026,ATP500,Outdoor,Clay,2nd Round,3,Buse I.,Fonseca J.,91,38.0,648,1190.0,5.0,7.0,6.0,3.0,6.0,4.0,,,,,2.0,1.0,Completed,4.5,1.2,,,4.5,1.25,4.08,1.23,4.7,1.26,buse i.,fonseca j.,atp_59,atp_40
12,Rio de Janeiro,Rio Open,2/20/2026,ATP500,Outdoor,Clay,2nd Round,3,Berrettini M.,Lajovic D.,57,129.0,910,485.0,3.0,6.0,6.0,4.0,6.0,2.0,,,,,2.0,1.0,Completed,1.33,3.4,,,1.37,3.5,1.34,3.21,1.38,3.55,berrettini m.,lajovic d.,atp_91,atp_132
12,Rio de Janeiro,Rio Open,2/20/2026,ATP500,Outdoor,Clay,Quarterfinals,3,Kopriva V.,Cerundolo J.M.,87,78.0,660,706.0,6.0,4.0,6.0,4.0,,,,,,,2.0,0.0,Completed,1.73,2.1,,,1.9,2.1,1.74,2.07,1.78,2.26,kopriva v.,cerundolo j.,atp_70,
12,Rio de Janeiro,Rio Open,2/20/2026,ATP500,Outdoor,Clay,Quarterfinals,3,Etcheverry T.,Faria J.,51,147.0,1020,425.0,7.0,6.0,6.0,4.0,,,,,,,2.0,0.0,Completed,1.3,3.5,,,1.33,3.5,1.31,3.38,1.35,3.75,etcheverry t.,faria j.,,atp_143
12,Rio de Janeiro,Rio Open,2/20/2026,ATP500,Outdoor,Clay,Quarterfinals,3,Buse I.,Berrettini M.,91,57.0,648,910.0,6.0,3.0,2.0,6.0,6.0,3.0,,,,,2.0,1.0,Completed,2.75,1.44,,,2.75,1.52,2.66,1.46,2.94,1.5,buse i.,berrettini m.,atp_59,atp_91
12,Rio de Janeiro,Rio Open,2/21/2026,ATP500,Outdoor,Clay,Quarterfinals,3,Tabilo A.,Tirante T.A.,68,92.0,808,647.0,7.0,6.0,6.0,7.0,6.0,1.0,,,,,2.0,1.0,Completed,1.57,2.38,,,1.65,2.5,1.56,2.36,1.65,2.48,tabilo a.,tirante t.,atp_39,
12,Rio de Janeiro,Rio Open,2/22/2026,ATP500,Outdoor,Clay,Semifinals,3,Etcheverry T.,Kopriva V.,51,87.0,1020,660.0,4.0,6.0,7.0,6.0,7.0,6.0,,,,,2.0,1.0,Completed,1.53,2.5,,,1.58,2.5,1.53,2.46,1.56,2.72,etcheverry t.,kopriva v.,,atp_70
12,Rio de Janeiro,Rio Open,2/22/2026,ATP500,Outdoor,Clay,Semifinals,3,Tabilo A.,Buse I.,68,91.0,808,648.0,6.0,3.0,6.0,3.0,,,,,,,2.0,0.0,Completed,1.62,2.3,,,1.68,2.33,1.64,2.23,1.7,2.4,tabilo a.,buse i.,atp_39,atp_59
12,Rio de Janeiro,Rio Open,2/22/2026,ATP500,Outdoor,Clay,The Final,3,Etcheverry T.,Tabilo A.,51,68.0,1020,808.0,3.0,6.0,7.0,6.0,6.0,4.0,,,,,2.0,1.0,Completed,2.63,1.5,,,2.75,1.5,2.61,1.48,2.78,1.55,etcheverry t.,tabilo a.,,atp_39
13,Acapulco,Abierto Mexicano,2/24/2026,ATP500,Outdoor,Hard,1st Round,3,Kecmanovic M.,Schoolkate T.,84,108.0,685,556.0,6.0,2.0,6.0,2.0,,,,,,,2.0,0.0,Completed,1.29,3.75,,,1.3,3.75,1.3,3.48,1.33,3.9,kecmanovic m.,schoolkate t.,atp_58,atp_119
13,Acapulco,Abierto Mexicano,2/24/2026,ATP500,Outdoor,Hard,1st Round,3,Davidovich Fokina A.,Altmaier D.,14,53.0,2470,961.0,7.0,5.0,6.0,3.0,,,,,,,2.0,0.0,Completed,1.13,6.0,,,1.15,6.5,1.13,5.77,1.16,6.8,davidovich fokina a.,altmaier d.,atp_17,atp_52
13,Acapulco,Abierto Mexicano,2/24/2026,ATP500,Outdoor,Hard,1st Round,3,Nakashima B.,Ymer E.,29,190.0,1535,328.0,6.0,3.0,6.0,4.0,,,,,,,2.0,0.0,Completed,1.17,5.0,,,1.17,5.5,1.15,5.17,1.18,6.0,nakashima b.,ymer e.,atp_33,atp_175
13,Acapulco,Abierto Mexicano,2/24/2026,ATP500,Outdoor,Hard,1st Round,3,Kypson P.,De Minaur A.,103,6.0,565,4235.0,6.0,1.0,6.0,7.0,7.0,6.0,,,,,2.0,1.0,Completed,10,1.06,,,10.0,1.07,8.81,1.06,11.0,1.09,kypson p.,de minaur a.,atp_96,atp_6
13,Acapulco,Abierto Mexicano,2/24/2026,ATP500,Outdoor,Hard,1st Round,3,Vacherot V.,Wong C.,27,125.0,1591,515.0,4.0,6.0,6.0,3.0,6.0,2.0,,,,,2.0,1.0,Completed,1.44,2.75,,,1.45,2.8,1.43,2.74,1.5,2.96,vacherot v.,wong c.,atp_23,atp_124
13,Acapulco,Abierto Mexicano,2/24/2026,ATP500,Outdoor,Hard,1st Round,3,Kovacevic A.,Walton A.,75,87.0,746,669.0,7.0,6.0,7.0,6.0,,,,,,,2.0,0.0,Completed,1.67,2.2,,,1.68,2.25,1.67,2.17,1.72,2.36,kovacevic a.,walton a.,atp_85,atp_105
13,Acapulco,Abierto Mexicano,2/24/2026,ATP500,Outdoor,Hard,1st Round,3,Jodar R.,Norrie C.,114,26.0,548,1603.0,6.0,3.0,6.0,2.0,,,,,,,2.0,0.0,Completed,2.2,1.67,,,2.3,1.75,2.21,1.64,2.5,1.64,jodar r.,norrie c.,atp_89,atp_24
13,Acapulco,Abierto Mexicano,2/25/2026,ATP500,Outdoor,Hard,1st Round,3,Svrcina D.,Duckworth J.,123,83.0,519,691.0,6.0,4.0,6.0,1.0,,,,,,,2.0,0.0,Completed,1.67,2.2,,,1.67,2.32,1.63,2.24,1.73,2.34,svrcina d.,duckworth j.,atp_110,atp_95
13,Acapulco,Abierto Mexicano,2/25/2026,ATP500,Outdoor,Hard,1st Round,3,Cobolli F.,Pacheco Mendez R.,20,218.0,2030,270.0,7.0,6.0,7.0,6.0,,,,,,,2.0,0.0,Completed,1.22,4.33,,,1.24,4.33,1.22,4.14,1.26,4.6,cobolli f.,pacheco mendez r.,atp_13,atp_280
13,Acapulco,Abierto Mexicano,2/25/2026,ATP500,Outdoor,Hard,1st Round,3,Atmane T.,Dimitrov G.,63,44.0,858,1105.0,6.0,3.0,6.0,3.0,,,,,,,2.0,0.0,Completed,3,1.4,,,3.0,1.42,2.94,1.38,3.3,1.42,atmane t.,dimitrov g.,atp_44,atp_93
13,Acapulco,Abierto Mexicano,2/25/2026,ATP500,Outdoor,Hard,1st Round,3,Bellucci M.,Hijikata R.,110,115.0,553,547.0,7.0,6.0,6.0,3.0,,,,,,,2.0,0.0,Completed,2,1.8,,,2.0,1.82,1.99,1.79,2.08,1.89,bellucci m.,hijikata r.,atp_73,atp_102
13,Acapulco,Abierto Mexicano,2/25/2026,ATP500,Outdoor,Hard,1st Round,3,Zverev A.,Moutet C.,4,35.0,4555,1383.0,6.0,2.0,6.0,4.0,,,,,,,2.0,0.0,Completed,1.17,5.0,,,1.21,5.0,1.18,4.65,1.22,5.3,zverev a.,moutet c.,atp_3,atp_32
13,Acapulco,Abierto Mexicano,2/25/2026,ATP500,Outdoor,Hard,1st Round,3,Tiafoe F.,Borges N.,28,48.0,1590,1045.0,6.0,4.0,6.0,4.0,,,,,,,2.0,0.0,Completed,1.53,2.5,,,1.55,3.75,1.51,2.55,1.56,2.7,tiafoe f.,borges n.,atp_18,atp_48
13,Acapulco,Abierto Mexicano,2/25/2026,ATP500,Outdoor,Hard,1st Round,3,Wu Y.,Ruud C.,142,12.0,434,2665.0,7.0,6.0,7.0,6.0,,,,,,,2.0,0.0,Completed,3,1.4,,,3.2,1.44,2.91,1.4,3.1,1.46,wu y.,ruud c.,atp_118,atp_12
13,Acapulco,Abierto Mexicano,2/25/2026,ATP500,Outdoor,Hard,1st Round,3,Monfils G.,Dzumhur D.,170,60.0,360,877.0,6.0,4.0,7.0,6.0,,,,,,,2.0,0.0,Completed,1.57,2.38,,,1.6,2.4,1.56,2.36,1.64,2.56,monfils g.,dzumhur d.,atp_203,atp_74
13,Acapulco,Abierto Mexicano,2/25/2026,ATP500,Outdoor,Hard,1st Round,3,Shimabukuro S.,Mannarino A.,130,51.0,479,1025.0,6.0,3.0,6.0,4.0,,,,,,,2.0,0.0,Completed,2.1,1.73,,,2.16,1.73,2.08,1.71,2.02,1.95,shimabukuro s.,mannarino a.,atp_111,atp_43
13,Acapulco,Abierto Mexicano,2/26/2026,ATP500,Outdoor,Hard,2nd Round,3,Cobolli F.,Svrcina D.,20,123.0,2030,519.0,6.0,4.0,6.0,4.0,,,,,,,2.0,0.0,Completed,1.53,2.5,,,1.65,2.5,1.58,2.34,1.67,2.46,cobolli f.,svrcina d.,atp_13,atp_110
13,Acapulco,Abierto Mexicano,2/26/2026,ATP500,Outdoor,Hard,2nd Round,3,Atmane T.,Jodar R.,63,114.0,858,548.0,6.0,2.0,4.0,6.0,6.0,1.0,,,,,2.0,1.0,Completed,2.75,1.44,,,3.0,1.44,2.84,1.41,3.2,1.44,atmane t.,jodar r.,atp_44,atp_89
13,Acapulco,Abierto Mexicano,2/26/2026,ATP500,Outdoor,Hard,2nd Round,3,Kecmanovic M.,Zverev A.,84,4.0,685,4555.0,6.0,3.0,6.0,7.0,7.0,6.0,,,,,2.0,1.0,Completed,5,1.17,,,5.0,1.2,4.56,1.19,5.5,1.21,kecmanovic m.,zverev a.,atp_58,atp_3
13,Acapulco,Abierto Mexicano,2/26/2026,ATP500,Outdoor,Hard,2nd Round,3,Nakashima B.,Kypson P.,29,103.0,1535,565.0,6.0,4.0,6.0,4.0,,,,,,,2.0,0.0,Completed,1.44,2.75,,,1.47,3.0,1.44,2.76,1.52,2.88,nakashima b.,kypson p.,atp_33,atp_96
13,Acapulco,Abierto Mexicano,2/26/2026,ATP500,Outdoor,Hard,2nd Round,3,Wu Y.,Shimabukuro S.,142,130.0,434,479.0,6.0,3.0,7.0,6.0,,,,,,,2.0,0.0,Completed,1.3,3.5,,,1.33,3.5,1.31,3.41,1.37,3.6,wu y.,shimabukuro s.,atp_118,atp_111
13,Acapulco,Abierto Mexicano,2/26/2026,ATP500,Outdoor,Hard,2nd Round,3,Tiafoe F.,Kovacevic A.,28,75.0,1590,746.0,6.0,4.0,3.0,6.0,7.0,6.0,,,,,2.0,1.0,Completed,1.36,3.2,,,1.36,3.3,1.34,3.19,1.37,3.65,tiafoe f.,kovacevic a.,atp_18,atp_85
13,Acapulco,Abierto Mexicano,2/26/2026,ATP500,Outdoor,Hard,2nd Round,3,Bellucci M.,Davidovich Fokina A.,110,14.0,553,2470.0,6.0,3.0,6.0,3.0,,,,,,,2.0,0.0,Completed,5,1.17,,,5.0,1.2,4.68,1.18,5.0,1.23,bellucci m.,davidovich fokina a.,atp_73,atp_17
13,Acapulco,Abierto Mexicano,2/26/2026,ATP500,Outdoor,Hard,2nd Round,3,Vacherot V.,Monfils G.,27,170.0,1591,360.0,6.0,3.0,6.0,3.0,,,,,,,2.0,0.0,Completed,1.33,3.4,,,1.38,3.6,1.32,3.33,1.34,3.85,vacherot v.,monfils g.,atp_23,atp_203
13,Acapulco,Abierto Mexicano,2/27/2026,ATP500,Outdoor,Hard,Quarterfinals,3,Cobolli F.,Wu Y.,20,142.0,2030,434.0,7.0,6.0,6.0,1.0,,,,,,,2.0,0.0,Completed,2.2,1.67,,,2.3,1.7,2.17,1.67,2.28,1.76,cobolli f.,wu y.,atp_13,atp_118
13,Acapulco,Abierto Mexicano,2/27/2026,ATP500,Outdoor,Hard,Quarterfinals,3,Kecmanovic M.,Atmane T.,84,63.0,685,858.0,6.0,3.0,6.0,3.0,,,,,,,2.0,0.0,Completed,1.53,2.5,,,1.57,2.6,1.53,2.47,1.6,2.62,kecmanovic m.,atmane t.,atp_58,atp_44
13,Acapulco,Abierto Mexicano,2/27/2026,ATP500,Outdoor,Hard,Quarterfinals,3,Tiafoe F.,Bellucci M.,28,110.0,1590,553.0,6.0,3.0,6.0,4.0,,,,,,,2.0,0.0,Completed,1.4,3.0,,,1.44,3.0,1.4,2.87,1.47,3.05,tiafoe f.,bellucci m.,atp_18,atp_73
13,Acapulco,Abierto Mexicano,2/27/2026,ATP500,Outdoor,Hard,Quarterfinals,3,Nakashima B.,Vacherot V.,29,27.0,1535,1591.0,2.0,6.0,6.0,2.0,6.0,3.0,,,,,2.0,1.0,Completed,1.8,2.0,,,1.8,2.15,1.75,2.05,1.91,2.08,nakashima b.,vacherot v.,atp_33,atp_23
13,Acapulco,Abierto Mexicano,2/28/2026,ATP500,Outdoor,Hard,Semifinals,3,Cobolli F.,Kecmanovic M.,20,84.0,2030,685.0,7.0,6.0,3.0,6.0,6.0,4.0,,,,,2.0,1.0,Completed,2.38,1.57,,,2.38,1.64,2.28,1.6,2.44,1.67,cobolli f.,kecmanovic m.,atp_13,atp_58
13,Acapulco,Abierto Mexicano,2/28/2026,ATP500,Outdoor,Hard,Semifinals,3,Tiafoe F.,Nakashima B.,28,29.0,1590,1535.0,3.0,6.0,7.0,6.0,6.0,4.0,,,,,2.0,1.0,Completed,1.91,1.91,,,1.92,1.95,1.87,1.89,1.96,2.02,tiafoe f.,nakashima b.,atp_18,atp_33
13,Acapulco,Abierto Mexicano,3/1/2026,ATP500,Outdoor,Hard,The Final,3,Cobolli F.,Tiafoe F.,20,28.0,2030,1590.0,7.0,6.0,6.0,4.0,,,,,,,2.0,0.0,Completed,2,1.8,,,2.07,1.8,2.01,1.78,2.12,1.87,cobolli f.,tiafoe f.,atp_13,atp_18
14,Dubai,Dubai Tennis Championships,2/23/2026,ATP500,Outdoor,Hard,1st Round,3,Mpetshi G.,Echargui M.,58,141.0,905,435.0,7.0,6.0,6.0,7.0,7.0,6.0,,,,,2.0,1.0,Completed,1.22,4.33,,,1.23,4.33,1.22,4.08,1.28,4.5,mpetshi perricard g.,echargui m.,atp_57,atp_144
14,Dubai,Dubai Tennis Championships,2/23/2026,ATP500,Outdoor,Hard,1st Round,3,Wawrinka S.,Hassan B.,99,289.0,599,180.0,7.0,5.0,6.0,3.0,,,,,,,2.0,0.0,Completed,1.13,6.0,,,1.18,6.5,1.15,5.35,1.16,6.6,wawrinka s.,hassan b.,atp_98,atp_314
14,Dubai,Dubai Tennis Championships,2/23/2026,ATP500,Outdoor,Hard,1st Round,3,Auger-Aliassime F.,Zhang Zh.,8,263.0,4080,205.0,6.0,3.0,7.0,6.0,,,,,,,2.0,0.0,Completed,1.17,5.0,,,1.22,5.0,1.19,4.52,1.21,5.5,augeraliassime f.,zhang z.,,atp_263
14,Dubai,Dubai Tennis Championships,2/23/2026,ATP500,Outdoor,Hard,1st Round,3,Draper J.,Halys Q.,15,68.0,2460,800.0,7.0,6.0,6.0,3.0,,,,,,,2.0,0.0,Completed,1.3,3.5,,,1.38,4.0,1.32,3.33,1.38,3.6,draper j.,halys q.,atp_25,atp_90
14,Dubai,Dubai Tennis Championships,2/24/2026,ATP500,Outdoor,Hard,1st Round,3,Brooksby J.,Bergs Z.,49,46.0,1042,1080.0,6.0,3.0,6.0,4.0,,,,,,,2.0,0.0,Completed,1.91,1.91,,,1.91,1.97,1.85,1.91,1.96,2.02,brooksby j.,bergs z.,atp_41,atp_46
14,Dubai,Dubai Tennis Championships,2/24/2026,ATP500,Outdoor,Hard,1st Round,3,Carreno Busta P.,Shapovalov D.,124,36.0,516,1350.0,6.0,2.0,6.0,4.0,,,,,,,2.0,0.0,Completed,3,1.4,,,3.0,1.42,2.92,1.39,3.25,1.43,carreno busta p.,shapovalov d.,atp_88,atp_38
14,Dubai,Dubai Tennis Championships,2/24/2026,ATP500,Outdoor,Hard,1st Round,3,Medvedev D.,Shang J.,11,262.0,2960,205.0,6.0,1.0,6.0,3.0,,,,,,,2.0,0.0,Completed,1.17,5.0,,,1.19,5.0,1.18,4.69,1.21,5.6,medvedev d.,shang j.,atp_10,atp_262
14,Dubai,Dubai Tennis Championships,2/24/2026,ATP500,Outdoor,Hard,1st Round,3,Khachanov K.,Shevchenko A.,16,92.0,2450,656.0,6.0,7.0,6.0,2.0,6.0,3.0,,,,,2.0,1.0,Completed,1.22,4.33,,,1.25,4.33,1.24,3.99,1.27,4.6,khachanov k.,shevchenko a.,atp_15,atp_76
14,Dubai,Dubai Tennis Championships,2/24/2026,ATP500,Outdoor,Hard,1st Round,3,Rinderknech A.,Marozsan F.,31,50.0,1530,1040.0,3.0,6.0,6.0,3.0,6.0,4.0,,,,,2.0,1.0,Completed,2.5,1.53,,,2.5,1.62,2.42,1.54,2.52,1.64,rinderknech a.,marozsan f.,atp_27,atp_47
14,Dubai,Dubai Tennis Championships,2/24/2026,ATP500,Outdoor,Hard,1st Round,3,Bublik A.,Struff J.L.,10,80.0,3405,706.0,6.0,3.0,6.0,4.0,,,,,,,2.0,0.0,Completed,1.36,3.2,,,1.37,3.25,1.35,3.12,1.37,3.55,bublik a.,struff j.,atp_11,
14,Dubai,Dubai Tennis Championships,2/24/2026,ATP500,Outdoor,Hard,1st Round,3,Griekspoor T.,Virtanen O.,25,131.0,1655,475.0,6.0,3.0,6.0,4.0,,,,,,,2.0,0.0,Completed,1.67,2.2,,,1.68,2.3,1.63,2.23,1.71,2.38,griekspoor t.,virtanen o.,atp_30,atp_123
14,Dubai,Dubai Tennis Championships,2/24/2026,ATP500,Outdoor,Hard,1st Round,3,Lehecka J.,Nardi L.,24,109.0,1760,554.0,4.0,6.0,6.0,4.0,6.0,2.0,,,,,2.0,1.0,Completed,1.2,4.5,,,1.24,4.75,1.2,4.3,1.23,5.0,lehecka j.,nardi l.,atp_14,atp_140
14,Dubai,Dubai Tennis Championships,2/24/2026,ATP500,Outdoor,Hard,1st Round,3,Humbert U.,Tsitsipas S.,37,30.0,1285,1535.0,6.0,4.0,7.0,5.0,,,,,,,2.0,0.0,Completed,1.8,2.0,,,1.85,2.02,1.81,1.95,1.89,2.1,humbert u.,tsitsipas s.,atp_34,atp_49
14,Dubai,Dubai Tennis Championships,2/24/2026,ATP500,Outdoor,Hard,1st Round,3,Popyrin A.,Majchrzak K.,47,56.0,1050,920.0,3.0,6.0,6.0,3.0,7.0,5.0,,,,,2.0,1.0,Completed,1.73,2.1,,,1.8,2.15,1.73,2.05,1.85,2.16,popyrin a.,majchrzak k.,atp_45,atp_53
14,Dubai,Dubai Tennis Championships,2/24/2026,ATP500,Outdoor,Hard,1st Round,3,Mensik J.,Hurkacz H.,13,73.0,2595,775.0,6.0,4.0,7.0,6.0,,,,,,,2.0,0.0,Completed,1.67,2.2,,,1.67,2.3,1.63,2.23,1.72,2.36,mensik j.,hurkacz h.,atp_26,atp_72
14,Dubai,Dubai Tennis Championships,2/24/2026,ATP500,Outdoor,Hard,1st Round,3,Rublev A.,Royer V.,18,54.0,2210,935.0,6.0,3.0,6.0,4.0,,,,,,,2.0,0.0,Completed,1.2,4.5,,,1.22,4.5,1.2,4.37,1.22,5.3,rublev a.,royer v.,atp_16,atp_71
14,Dubai,Dubai Tennis Championships,2/25/2026,ATP500,Outdoor,Hard,2nd Round,3,Medvedev D.,Wawrinka S.,11,99.0,2960,599.0,6.0,2.0,6.0,3.0,,,,,,,2.0,0.0,Completed,1.14,5.5,,,1.15,5.75,1.14,5.43,1.19,6.0,medvedev d.,wawrinka s.,atp_10,atp_98
14,Dubai,Dubai Tennis Championships,2/25/2026,ATP500,Outdoor,Hard,2nd Round,3,Brooksby J.,Khachanov K.,49,16.0,1042,2450.0,7.0,6.0,6.0,4.0,,,,,,,2.0,0.0,Completed,2.5,1.53,,,2.55,1.57,2.46,1.53,2.56,1.63,brooksby j.,khachanov k.,atp_41,atp_15
14,Dubai,Dubai Tennis Championships,2/25/2026,ATP500,Outdoor,Hard,2nd Round,3,Auger-Aliassime F.,Mpetshi G.,8,58.0,4080,905.0,6.0,4.0,6.0,4.0,,,,,,,2.0,0.0,Completed,1.17,5.0,,,1.2,5.0,1.18,4.62,1.24,5.1,augeraliassime f.,mpetshi perricard g.,,atp_57
14,Dubai,Dubai Tennis Championships,2/25/2026,ATP500,Outdoor,Hard,2nd Round,3,Lehecka J.,Carreno Busta P.,24,124.0,1760,516.0,7.0,6.0,6.0,4.0,,,,,,,2.0,0.0,Completed,1.3,3.5,,,1.3,3.75,1.29,3.48,1.31,4.1,lehecka j.,carreno busta p.,atp_14,atp_88
14,Dubai,Dubai Tennis Championships,2/25/2026,ATP500,Outdoor,Hard,2nd Round,3,Griekspoor T.,Bublik A.,25,10.0,1655,3405.0,6.0,3.0,7.0,6.0,,,,,,,2.0,0.0,Completed,3.4,1.33,,,3.4,1.37,3.19,1.34,3.55,1.38,griekspoor t.,bublik a.,atp_30,atp_11
14,Dubai,Dubai Tennis Championships,2/25/2026,ATP500,Outdoor,Hard,2nd Round,3,Rublev A.,Humbert U.,18,37.0,2210,1285.0,6.0,4.0,6.0,7.0,6.0,3.0,,,,,2.0,1.0,Completed,1.5,2.63,,,1.54,2.63,1.5,2.53,1.59,2.66,rublev a.,humbert u.,atp_16,atp_34
14,Dubai,Dubai Tennis Championships,2/25/2026,ATP500,Outdoor,Hard,2nd Round,3,Mensik J.,Popyrin A.,13,47.0,2595,1050.0,6.0,3.0,6.0,2.0,,,,,,,2.0,0.0,Completed,1.33,3.4,,,1.34,3.5,1.32,3.3,1.38,3.55,mensik j.,popyrin a.,atp_26,atp_45
14,Dubai,Dubai Tennis Championships,2/25/2026,ATP500,Outdoor,Hard,2nd Round,3,Rinderknech A.,Draper J.,31,15.0,1530,2460.0,7.0,5.0,6.0,7.0,6.0,4.0,,,,,2.0,1.0,Completed,3.75,1.29,,,3.75,1.29,3.71,1.27,4.3,1.29,rinderknech a.,draper j.,atp_27,atp_25
14,Dubai,Dubai Tennis Championships,2/26/2026,ATP500,Outdoor,Hard,Quarterfinals,3,Medvedev D.,Brooksby J.,11,49.0,2960,1042.0,6.0,2.0,6.0,1.0,,,,,,,2.0,0.0,Completed,1.25,4.0,,,1.26,4.6,1.23,4.06,1.29,4.3,medvedev d.,brooksby j.,atp_10,atp_41
14,Dubai,Dubai Tennis Championships,2/26/2026,ATP500,Outdoor,Hard,Quarterfinals,3,Auger-Aliassime F.,Lehecka J.,8,24.0,4080,1760.0,6.0,3.0,7.0,6.0,,,,,,,2.0,0.0,Completed,1.44,2.75,,,1.48,2.8,1.44,2.71,1.49,3.0,augeraliassime f.,lehecka j.,,atp_14
14,Dubai,Dubai Tennis Championships,2/26/2026,ATP500,Outdoor,Hard,Quarterfinals,3,Rublev A.,Rinderknech A.,18,31.0,2210,1530.0,6.0,2.0,6.0,4.0,,,,,,,2.0,0.0,Completed,1.29,3.75,,,1.3,3.75,1.28,3.6,1.32,4.0,rublev a.,rinderknech a.,atp_16,atp_27
14,Dubai,Dubai Tennis Championships,2/26/2026,ATP500,Outdoor,Hard,Quarterfinals,3,Griekspoor T.,Mensik J.,25,13.0,1655,2595.0,6.0,3.0,3.0,6.0,6.0,2.0,,,,,2.0,1.0,Completed,3.2,1.36,,,3.25,1.38,3.09,1.36,3.3,1.42,griekspoor t.,mensik j.,atp_30,atp_26
14,Dubai,Dubai Tennis Championships,2/27/2026,ATP500,Outdoor,Hard,Semifinals,3,Medvedev D.,Auger-Aliassime F.,11,8.0,2960,4080.0,6.0,4.0,6.0,2.0,,,,,,,2.0,0.0,Completed,1.73,2.1,,,1.8,2.2,1.74,2.06,1.8,2.22,medvedev d.,augeraliassime f.,atp_10,
14,Dubai,Dubai Tennis Championships,2/27/2026,ATP500,Outdoor,Hard,Semifinals,3,Griekspoor T.,Rublev A.,25,18.0,1655,2210.0,7.0,5.0,7.0,6.0,,,,,,,2.0,0.0,Completed,3.4,1.33,,,3.5,1.38,3.2,1.34,3.7,1.36,griekspoor t.,rublev a.,atp_30,atp_16
14,Dubai,Dubai Tennis Championships,2/28/2026,ATP500,Outdoor,Hard,The Final,3,Medvedev D.,Griekspoor T.,11,25.0,2960,1655.0,,,,,,,,,,,,,Walkover,1.17,5.0,,,1.2,5.5,1.17,4.78,1.22,5.3,medvedev d.,griekspoor t.,atp_10,atp_30
15,Santiago,Chile Open,2/23/2026,ATP250,Indoor,Clay,1st Round,3,Hanfmann Y.,Lajovic D.,81,116.0,695,541.0,6.0,0.0,6.0,3.0,,,,,,,2.0,0.0,Completed,1.57,2.38,,,1.6,2.42,1.56,2.36,1.68,2.46,hanfmann y.,lajovic d.,atp_61,atp_132
15,Santiago,Chile Open,2/23/2026,ATP250,Indoor,Clay,1st Round,3,Pellegrino A.,Barrena A.,137,183.0,447,336.0,6.0,2.0,2.0,6.0,6.0,1.0,,,,,2.0,1.0,Completed,1.8,2.0,,,1.83,2.04,1.78,1.98,1.91,2.06,pellegrino a.,barrena a.,atp_130,atp_167
15,Santiago,Chile Open,2/23/2026,ATP250,Indoor,Clay,1st Round,3,Comesana F.,Martinez P.,82,101.0,694,586.0,6.0,4.0,2.0,6.0,7.0,6.0,,,,,2.0,1.0,Completed,1.44,2.75,,,1.54,2.75,1.51,2.51,1.58,2.68,comesana f.,martinez p.,atp_87,atp_113
15,Santiago,Chile Open,2/23/2026,ATP250,Indoor,Clay,1st Round,3,Prizmic D.,Jarry N.,120,155.0,529,391.0,6.0,3.0,5.0,7.0,6.0,2.0,,,,,2.0,1.0,Completed,1.44,2.75,,,1.5,3.0,1.46,2.68,1.55,2.78,prizmic d.,jarry n.,atp_112,atp_154
15,Santiago,Chile Open,2/24/2026,ATP250,Indoor,Clay,1st Round,3,Gaubas V.,Soto M.,107,316.0,558,157.0,6.0,2.0,6.0,3.0,,,,,,,2.0,0.0,Completed,1.25,4.0,,,1.28,4.25,1.24,3.88,1.26,4.6,gaubas v.,soto m.,atp_108,atp_294
15,Santiago,Chile Open,2/24/2026,ATP250,Indoor,Clay,1st Round,3,Moller E.,Burruchaga R.,127,96.0,509,617.0,7.0,6.0,0.0,6.0,6.0,4.0,,,,,2.0,1.0,Completed,2.75,1.44,,,3.0,1.48,2.79,1.42,3.05,1.47,moller e.,burruchaga r.,atp_134,
15,Santiago,Chile Open,2/24/2026,ATP250,Indoor,Clay,1st Round,3,Nava E.,Berrettini M.,79,57.0,710,910.0,6.0,3.0,6.0,4.0,,,,,,,2.0,0.0,Completed,3.5,1.3,,,3.5,1.33,3.44,1.3,3.85,1.35,nava e.,berrettini m.,atp_104,atp_91
15,Santiago,Chile Open,2/24/2026,ATP250,Indoor,Clay,1st Round,3,Navone M.,Kopriva V.,77,65.0,725,848.0,3.0,6.0,6.0,0.0,3.0,1.0,,,,,1.0,1.0,Retired,1.53,2.5,,,1.57,2.5,1.54,2.41,1.59,2.66,navone m.,kopriva v.,atp_60,atp_70
15,Santiago,Chile Open,2/24/2026,ATP250,Indoor,Clay,1st Round,3,Tirante T.A.,Buse I.,76,66.0,739,848.0,2.0,6.0,7.0,6.0,7.0,6.0,,,,,2.0,1.0,Completed,1.62,2.3,,,1.65,2.35,1.6,2.27,1.69,2.42,tirante t.,buse i.,,atp_59
15,Santiago,Chile Open,2/24/2026,ATP250,Indoor,Clay,1st Round,3,Garin C.,Cerundolo J.M.,93,70.0,656,781.0,3.0,6.0,6.0,3.0,6.0,3.0,,,,,2.0,1.0,Completed,2.3,1.62,,,2.4,1.62,2.31,1.59,2.46,1.67,garin c.,cerundolo j.,atp_100,
15,Santiago,Chile Open,2/24/2026,ATP250,Indoor,Clay,1st Round,3,Vallejo D.,Passaro F.,106,144.0,561,431.0,6.0,3.0,3.0,3.0,,,,,,,1.0,0.0,Retired,1.57,2.38,,,1.62,2.4,1.6,2.28,1.67,2.48,vallejo d.,passaro f.,,atp_146
15,Santiago,Chile Open,2/25/2026,ATP250,Indoor,Clay,1st Round,3,Tabilo A.,Barrios M.,42,112.0,1113,551.0,7.0,5.0,6.0,3.0,,,,,,,2.0,0.0,Completed,1.57,2.38,,,1.65,2.4,1.59,2.32,1.69,2.42,tabilo a.,barrios m.,atp_39,
15,Santiago,Chile Open,2/25/2026,ATP250,Indoor,Clay,2nd Round,3,Hanfmann Y.,Ugo Carabelli C.,81,59.0,695,880.0,6.0,4.0,6.0,3.0,,,,,,,2.0,0.0,Completed,1.57,2.38,,,1.6,2.4,1.56,2.34,1.6,2.6,hanfmann y.,ugo carabelli c.,atp_61,atp_67
15,Santiago,Chile Open,2/25/2026,ATP250,Indoor,Clay,2nd Round,3,Pellegrino A.,Comesana F.,137,82.0,447,694.0,7.0,6.0,6.0,7.0,6.0,3.0,,,,,2.0,1.0,Completed,3,1.4,,,3.0,1.42,2.84,1.4,3.25,1.44,pellegrino a.,comesana f.,atp_130,atp_87
15,Santiago,Chile Open,2/25/2026,ATP250,Indoor,Clay,2nd Round,3,Gaubas V.,Prizmic D.,107,120.0,558,529.0,5.0,7.0,7.0,5.0,6.0,3.0,,,,,2.0,1.0,Completed,3.2,1.36,,,3.2,1.38,3.03,1.36,3.4,1.41,gaubas v.,prizmic d.,atp_108,atp_112
15,Santiago,Chile Open,2/25/2026,ATP250,Indoor,Clay,2nd Round,3,Darderi L.,Navone M.,21,77.0,1904,725.0,6.0,3.0,3.0,6.0,6.0,4.0,,,,,2.0,1.0,Completed,1.4,3.0,,,1.44,3.0,1.41,2.82,1.47,3.05,darderi l.,navone m.,atp_19,atp_60
15,Santiago,Chile Open,2/26/2026,ATP250,Indoor,Clay,2nd Round,3,Nava E.,Vallejo D.,79,106.0,710,561.0,7.0,5.0,6.0,3.0,,,,,,,2.0,0.0,Completed,2.2,1.67,,,2.3,1.67,2.23,1.63,2.66,1.59,nava e.,vallejo d.,atp_104,
15,Santiago,Chile Open,2/26/2026,ATP250,Indoor,Clay,2nd Round,3,Cerundolo F.,Moller E.,19,127.0,2170,509.0,6.0,2.0,6.0,2.0,,,,,,,2.0,0.0,Completed,1.14,5.5,,,1.16,5.5,1.15,5.17,1.18,6.2,cerundolo f.,moller e.,atp_20,atp_134
15,Santiago,Chile Open,2/26/2026,ATP250,Indoor,Clay,2nd Round,3,Baez S.,Garin C.,52,93.0,1005,656.0,7.0,6.0,1.0,6.0,7.0,5.0,,,,,2.0,1.0,Completed,1.4,3.0,,,1.41,3.0,1.39,2.94,1.42,3.3,baez s.,garin c.,atp_50,atp_100
15,Santiago,Chile Open,2/27/2026,ATP250,Indoor,Clay,2nd Round,3,Tabilo A.,Tirante T.A.,42,76.0,1113,739.0,4.0,6.0,6.0,3.0,6.0,3.0,,,,,2.0,1.0,Completed,1.36,3.2,,,1.41,4.0,1.37,3.03,1.4,3.4,tabilo a.,tirante t.,atp_39,
15,Santiago,Chile Open,2/27/2026,ATP250,Indoor,Clay,Quarterfinals,3,Hanfmann Y.,Gaubas V.,81,107.0,695,558.0,3.0,6.0,6.0,2.0,6.0,2.0,,,,,2.0,1.0,Completed,1.3,3.5,,,1.36,3.5,1.32,3.27,1.37,3.6,hanfmann y.,gaubas v.,atp_61,atp_108
15,Santiago,Chile Open,2/27/2026,ATP250,Indoor,Clay,Quarterfinals,3,Cerundolo F.,Nava E.,19,79.0,2170,710.0,6.0,1.0,6.0,1.0,,,,,,,2.0,0.0,Completed,1.17,5.0,,,1.2,5.0,1.18,4.67,1.21,5.5,cerundolo f.,nava e.,atp_20,atp_104
15,Santiago,Chile Open,2/27/2026,ATP250,Indoor,Clay,Quarterfinals,3,Darderi L.,Pellegrino A.,21,137.0,1904,447.0,6.0,3.0,3.0,6.0,6.0,2.0,,,,,2.0,1.0,Completed,1.13,6.0,,,1.14,6.0,1.13,5.52,1.15,7.2,darderi l.,pellegrino a.,atp_19,atp_130
15,Santiago,Chile Open,2/28/2026,ATP250,Indoor,Clay,Quarterfinals,3,Baez S.,Tabilo A.,52,42.0,1005,1113.0,7.0,6.0,6.0,1.0,,,,,,,2.0,0.0,Completed,1.8,2.0,,,1.9,2.02,1.79,1.97,1.9,2.06,baez s.,tabilo a.,atp_50,atp_39
15,Santiago,Chile Open,2/28/2026,ATP250,Indoor,Clay,Semifinals,3,Hanfmann Y.,Cerundolo F.,81,19.0,695,2170.0,6.0,3.0,6.0,4.0,,,,,,,2.0,0.0,Completed,4.5,1.2,,,4.5,1.25,4.2,1.22,4.6,1.27,hanfmann y.,cerundolo f.,atp_61,atp_20
15,Santiago,Chile Open,2/28/2026,ATP250,Indoor,Clay,Semifinals,3,Darderi L.,Baez S.,21,52.0,1904,1005.0,6.0,4.0,6.0,3.0,,,,,,,2.0,0.0,Completed,1.57,2.38,,,1.6,2.4,1.57,2.34,1.63,2.54,darderi l.,baez s.,atp_19,atp_50
15,Santiago,Chile Open,3/1/2026,ATP250,Indoor,Clay,The Final,3,Darderi L.,Hanfmann Y.,21,81.0,1904,695.0,7.0,6.0,7.0,5.0,,,,,,,2.0,0.0,Completed,1.44,2.75,,,1.5,2.8,1.44,2.69,1.5,2.96,darderi l.,hanfmann y.,atp_19,atp_61
16,Indian Wells,BNP Paribas Open,3/4/2026,Masters 1000,Outdoor,Hard,1st Round,3,Walton A.,Halys Q.,91,102.0,650,600.0,6.0,3.0,6.0,3.0,,,,,,,2.0,0.0,Completed,2.63,1.5,,,2.63,1.52,2.55,1.5,2.72,1.58,walton a.,halys q.,atp_105,atp_90
16,Indian Wells,BNP Paribas Open,3/4/2026,Masters 1000,Outdoor,Hard,1st Round,3,Giron M.,Navone M.,69,79.0,780,725.0,4.0,6.0,7.0,5.0,6.0,3.0,,,,,2.0,1.0,Completed,1.33,3.4,,,1.38,3.4,1.35,3.14,1.38,3.55,giron m.,navone m.,atp_66,atp_60
16,Indian Wells,BNP Paribas Open,3/4/2026,Masters 1000,Outdoor,Hard,1st Round,3,Ugo Carabelli C.,Damm M.,67,129.0,790,477.0,7.0,6.0,6.0,3.0,,,,,,,2.0,0.0,Completed,2.5,1.53,,,2.6,1.54,2.49,1.51,2.8,1.54,ugo carabelli c.,damm m.,atp_67,atp_126
16,Indian Wells,BNP Paribas Open,3/4/2026,Masters 1000,Outdoor,Hard,1st Round,3,Kecmanovic M.,Altmaier D.,58,55.0,875,921.0,6.0,3.0,1.0,0.0,,,,,,,1.0,0.0,Retired,1.2,4.5,,,1.24,4.6,1.22,4.18,1.25,4.8,kecmanovic m.,altmaier d.,atp_58,atp_52
16,Indian Wells,BNP Paribas Open,3/4/2026,Masters 1000,Outdoor,Hard,1st Round,3,Bergs Z.,Struff J.L.,47,313.0,1030,209.0,6.0,3.0,6.0,4.0,,,,,,,2.0,0.0,Completed,1.73,2.1,,,1.75,2.1,1.73,2.07,1.83,2.16,bergs z.,struff j.,atp_46,
16,Indian Wells,BNP Paribas Open,3/4/2026,Masters 1000,Outdoor,Hard,1st Round,3,Opelka R.,Quinn E.,68,73.0,786,761.0,7.0,5.0,7.0,6.0,,,,,,,2.0,0.0,Completed,2.2,1.67,,,2.2,1.74,2.12,1.69,2.18,1.83,opelka r.,quinn e.,atp_64,atp_56
16,Indian Wells,BNP Paribas Open,3/4/2026,Masters 1000,Outdoor,Hard,1st Round,3,Diallo G.,Bellucci M.,38,94.0,1175,640.0,7.0,6.0,6.0,4.0,,,,,,,2.0,0.0,Completed,1.8,2.0,,,1.81,2.1,1.76,2.01,1.88,2.1,diallo g.,bellucci m.,atp_36,atp_73
16,Indian Wells,BNP Paribas Open,3/4/2026,Masters 1000,Outdoor,Hard,1st Round,3,Svrcina D.,Duckworth J.,109,83.0,569,691.0,6.0,2.0,6.0,4.0,,,,,,,2.0,0.0,Completed,1.4,3.0,,,1.45,3.0,1.39,2.92,1.46,3.1,svrcina d.,duckworth j.,atp_110,atp_95
16,Indian Wells,BNP Paribas Open,3/4/2026,Masters 1000,Outdoor,Hard,1st Round,3,Fucsovics M.,O Connell C.,56,127.0,916,493.0,7.0,5.0,6.0,3.0,,,,,,,2.0,0.0,Completed,1.73,2.1,,,1.76,2.24,1.73,2.06,1.81,2.2,fucsovics m.,oconnell c.,atp_51,atp_128
16,Indian Wells,BNP Paribas Open,3/4/2026,Masters 1000,Outdoor,Hard,1st Round,3,Berrettini M.,Mannarino A.,66,48.0,820,1025.0,4.0,6.0,7.0,5.0,7.0,5.0,,,,,2.0,1.0,Completed,1.44,2.75,,,1.45,2.88,1.43,2.73,1.48,3.0,berrettini m.,mannarino a.,atp_91,atp_43
16,Indian Wells,BNP Paribas Open,3/5/2026,Masters 1000,Outdoor,Hard,1st Round,3,Prizmic D.,Schoolkate T.,119,118.0,541,547.0,7.0,6.0,3.0,6.0,7.0,5.0,,,,,2.0,1.0,Completed,1.29,3.75,,,1.33,3.75,1.3,3.43,1.33,3.9,prizmic d.,schoolkate t.,atp_112,atp_119
16,Indian Wells,BNP Paribas Open,3/5/2026,Masters 1000,Outdoor,Hard,1st Round,3,Brooksby J.,Popyrin A.,41,45.0,1135,1050.0,6.0,3.0,6.0,4.0,,,,,,,2.0,0.0,Completed,1.67,2.2,,,1.73,2.25,1.68,2.15,1.78,2.26,brooksby j.,popyrin a.,atp_41,atp_45
16,Indian Wells,BNP Paribas Open,3/5/2026,Masters 1000,Outdoor,Hard,1st Round,3,Monfils G.,Galarneau A.,148,219.0,410,265.0,6.0,3.0,6.0,4.0,,,,,,,2.0,0.0,Completed,1.62,2.3,,,1.62,2.4,1.58,2.31,1.64,2.52,monfils g.,galarneau a.,atp_203,atp_196
16,Indian Wells,BNP Paribas Open,3/5/2026,Masters 1000,Outdoor,Hard,1st Round,3,Svajda Z.,Cilic M.,99,51.0,614,990.0,7.0,6.0,6.0,4.0,,,,,,,2.0,0.0,Completed,2.3,1.62,,,2.3,1.75,2.15,1.68,2.28,1.76,svajda z.,cilic m.,atp_82,atp_54
16,Indian Wells,BNP Paribas Open,3/5/2026,Masters 1000,Outdoor,Hard,1st Round,3,Fonseca J.,Collignon R.,35,77.0,1240,733.0,7.0,6.0,6.0,4.0,,,,,,,2.0,0.0,Completed,1.73,2.1,,,1.75,2.25,1.69,2.14,1.71,2.34,fonseca j.,collignon r.,atp_40,atp_65
16,Indian Wells,BNP Paribas Open,3/5/2026,Masters 1000,Outdoor,Hard,1st Round,3,Shapovalov D.,Tsitsipas S.,39,43.0,1160,1085.0,6.0,2.0,3.0,6.0,6.0,4.0,,,,,2.0,1.0,Completed,2.1,1.73,,,2.1,1.76,2.09,1.72,2.36,1.72,shapovalov d.,tsitsipas s.,atp_38,atp_49
16,Indian Wells,BNP Paribas Open,3/5/2026,Masters 1000,Outdoor,Hard,1st Round,3,Dimitrov G.,Atmane T.,42,52.0,1105,958.0,6.0,4.0,5.0,7.0,6.0,4.0,,,,,2.0,1.0,Completed,1.62,2.3,,,1.64,2.3,1.62,2.24,1.68,2.44,dimitrov g.,atmane t.,atp_93,atp_44
16,Indian Wells,BNP Paribas Open,3/5/2026,Masters 1000,Outdoor,Hard,1st Round,3,Majchrzak K.,Mpetshi G.,57,54.0,895,930.0,6.0,3.0,1.0,6.0,7.0,5.0,,,,,2.0,1.0,Completed,1.62,2.3,,,1.67,2.3,1.65,2.2,1.78,2.26,majchrzak k.,mpetshi perricard g.,atp_53,atp_57
16,Indian Wells,BNP Paribas Open,3/5/2026,Masters 1000,Outdoor,Hard,1st Round,3,Shevchenko A.,Shimabukuro S.,88,113.0,659,554.0,6.0,4.0,3.0,6.0,6.0,2.0,,,,,2.0,1.0,Completed,2.3,1.62,,,2.3,1.67,2.24,1.62,2.36,1.73,shevchenko a.,shimabukuro s.,atp_76,atp_111
16,Indian Wells,BNP Paribas Open,3/5/2026,Masters 1000,Outdoor,Hard,1st Round,3,Kovacevic A.,Hurkacz H.,72,71.0,771,775.0,7.0,6.0,7.0,6.0,,,,,,,2.0,0.0,Completed,3,1.4,,,3.0,1.44,2.89,1.4,3.1,1.45,kovacevic a.,hurkacz h.,atp_85,atp_72
16,Indian Wells,BNP Paribas Open,3/5/2026,Masters 1000,Outdoor,Hard,1st Round,3,Fearnley J.,Dzumhur D.,87,64.0,662,840.0,6.0,3.0,6.0,3.0,,,,,,,2.0,0.0,Completed,1.73,2.1,,,1.75,2.2,1.71,2.1,1.82,2.2,fearnley j.,dzumhur d.,atp_97,atp_74
16,Indian Wells,BNP Paribas Open,3/5/2026,Masters 1000,Outdoor,Hard,1st Round,3,Baez S.,Tseng C.H.,53,144.0,940,414.0,6.0,3.0,6.0,2.0,,,,,,,2.0,0.0,Completed,1.36,3.2,,,1.36,3.5,1.32,3.3,1.4,3.4,baez s.,tseng c.,atp_50,
16,Indian Wells,BNP Paribas Open,3/5/2026,Masters 1000,Outdoor,Hard,1st Round,3,Bonzi B.,Royer V.,111,60.0,564,872.0,6.0,4.0,6.0,3.0,,,,,,,2.0,0.0,Completed,1.91,1.91,,,1.91,1.98,1.83,1.93,1.92,2.06,bonzi b.,royer v.,atp_103,atp_71
16,Indian Wells,BNP Paribas Open,3/5/2026,Masters 1000,Outdoor,Hard,1st Round,3,Bautista Agut R.,Marozsan F.,93,46.0,645,1040.0,6.0,4.0,6.0,7.0,6.0,4.0,,,,,2.0,1.0,Completed,3.75,1.29,,,4.75,1.29,3.83,1.26,4.0,1.32,bautista agut r.,marozsan f.,atp_80,atp_47
16,Indian Wells,BNP Paribas Open,3/5/2026,Masters 1000,Outdoor,Hard,1st Round,3,Michelsen A.,Merida Aguilar D.,44,139.0,1085,432.0,6.0,3.0,6.0,4.0,,,,,,,2.0,0.0,Completed,1.29,3.75,,,1.33,3.75,1.31,3.34,1.38,3.6,michelsen a.,merida aguilar d.,atp_35,atp_136
16,Indian Wells,BNP Paribas Open,3/6/2026,Masters 1000,Outdoor,Hard,1st Round,3,Cerundolo J.M.,Van De Zandschulp B.,70,59.0,778,873.0,7.0,6.0,6.0,7.0,6.0,3.0,,,,,2.0,1.0,Completed,3,1.4,,,3.05,1.42,2.95,1.39,3.1,1.46,cerundolo j.,van de zandschulp b.,,atp_62
16,Indian Wells,BNP Paribas Open,3/6/2026,Masters 1000,Outdoor,Hard,1st Round,3,Tabilo A.,Jodar R.,40,103.0,1138,594.0,6.0,1.0,6.0,2.0,,,,,,,2.0,0.0,Completed,2.3,1.62,,,2.31,1.64,2.26,1.6,2.44,1.69,tabilo a.,jodar r.,atp_39,atp_89
16,Indian Wells,BNP Paribas Open,3/6/2026,Masters 1000,Outdoor,Hard,1st Round,3,Borges N.,Nava E.,49,75.0,1020,753.0,7.0,6.0,7.0,5.0,,,,,,,2.0,0.0,Completed,1.57,2.38,,,1.6,2.43,1.57,2.33,1.68,2.44,borges n.,nava e.,atp_48,atp_104
16,Indian Wells,BNP Paribas Open,3/6/2026,Masters 1000,Outdoor,Hard,1st Round,3,Hijikata R.,Maestrelli F.,117,114.0,547,553.0,7.0,6.0,6.0,4.0,,,,,,,2.0,0.0,Completed,1.67,2.2,,,1.73,2.2,1.69,2.13,1.73,2.34,hijikata r.,maestrelli f.,atp_102,atp_114
16,Indian Wells,BNP Paribas Open,3/6/2026,Masters 1000,Outdoor,Hard,1st Round,3,Korda S.,Comesana F.,37,82.0,1220,694.0,7.0,5.0,6.0,0.0,,,,,,,2.0,0.0,Completed,1.14,5.5,,,1.18,5.5,1.16,5.01,1.19,6.0,korda s.,comesana f.,atp_42,atp_87
16,Indian Wells,BNP Paribas Open,3/6/2026,Masters 1000,Outdoor,Hard,1st Round,3,McDonald M.,Arnaldi M.,126,85.0,498,665.0,6.0,0.0,6.0,1.0,,,,,,,2.0,0.0,Completed,1.67,2.2,,,1.67,2.32,1.6,2.27,1.68,2.44,mcdonald m.,arnaldi m.,atp_125,atp_107
16,Indian Wells,BNP Paribas Open,3/6/2026,Masters 1000,Outdoor,Hard,1st Round,3,Kopriva V.,Zheng M.,62,145.0,848,414.0,7.0,6.0,7.0,5.0,,,,,,,2.0,0.0,Completed,2.1,1.73,,,2.17,1.8,2.09,1.71,2.16,1.83,kopriva v.,zheng m.,atp_70,atp_150
16,Indian Wells,BNP Paribas Open,3/6/2026,Masters 1000,Outdoor,Hard,2nd Round,3,Cobolli F.,Kecmanovic M.,15,58.0,2480,875.0,3.0,6.0,6.0,3.0,6.0,4.0,,,,,2.0,1.0,Completed,2,1.8,,,2.05,1.8,2.0,1.77,2.16,1.84,cobolli f.,kecmanovic m.,atp_13,atp_58
16,Indian Wells,BNP Paribas Open,3/6/2026,Masters 1000,Outdoor,Hard,2nd Round,3,Tien L.,Walton A.,27,91.0,1685,650.0,7.0,6.0,7.0,6.0,,,,,,,2.0,0.0,Completed,1.17,5.0,,,1.17,5.5,1.16,5.04,1.19,5.9,tien l.,walton a.,atp_22,atp_105
16,Indian Wells,BNP Paribas Open,3/6/2026,Masters 1000,Outdoor,Hard,2nd Round,3,Zverev A.,Berrettini M.,4,66.0,4555,820.0,6.0,3.0,6.0,4.0,,,,,,,2.0,0.0,Completed,1.2,4.5,,,1.24,4.5,1.21,4.2,1.27,4.5,zverev a.,berrettini m.,atp_3,atp_91
16,Indian Wells,BNP Paribas Open,3/6/2026,Masters 1000,Outdoor,Hard,2nd Round,3,Shelton B.,Opelka R.,8,68.0,4010,786.0,6.0,7.0,7.0,6.0,6.0,3.0,,,,,2.0,1.0,Completed,1.29,3.75,,,1.29,4.25,1.26,3.8,1.29,4.4,shelton b.,opelka r.,atp_9,atp_64
16,Indian Wells,BNP Paribas Open,3/6/2026,Masters 1000,Outdoor,Hard,2nd Round,3,Fucsovics M.,Musetti L.,56,5.0,916,4405.0,7.0,5.0,6.0,1.0,,,,,,,2.0,0.0,Completed,3.5,1.3,,,3.5,1.33,3.38,1.31,3.85,1.34,fucsovics m.,musetti l.,atp_51,atp_5
16,Indian Wells,BNP Paribas Open,3/6/2026,Masters 1000,Outdoor,Hard,2nd Round,3,Fils A.,Prizmic D.,32,119.0,1440,541.0,6.0,2.0,3.0,2.0,,,,,,,1.0,0.0,Retired,1.4,3.0,,,1.44,3.0,1.4,2.9,1.49,3.0,fils a.,prizmic d.,atp_28,atp_112
16,Indian Wells,BNP Paribas Open,3/6/2026,Masters 1000,Outdoor,Hard,2nd Round,3,Nakashima B.,Ugo Carabelli C.,30,67.0,1535,790.0,6.0,3.0,6.0,4.0,,,,,,,2.0,0.0,Completed,1.17,5.0,,,1.21,5.0,1.18,4.6,1.23,5.3,nakashima b.,ugo carabelli c.,atp_33,atp_67
16,Indian Wells,BNP Paribas Open,3/6/2026,Masters 1000,Outdoor,Hard,2nd Round,3,Auger-Aliassime F.,Monfils G.,9,148.0,3950,410.0,6.0,7.0,6.0,3.0,6.0,4.0,,,,,2.0,1.0,Completed,1.17,5.0,,,1.2,5.25,1.18,4.71,1.22,5.3,augeraliassime f.,monfils g.,,atp_203
16,Indian Wells,BNP Paribas Open,3/6/2026,Masters 1000,Outdoor,Hard,2nd Round,3,Tiafoe F.,Brooksby J.,22,41.0,1870,1135.0,6.0,4.0,6.0,2.0,,,,,,,2.0,0.0,Completed,1.91,1.91,,,1.95,1.94,1.88,1.87,2.0,1.99,tiafoe f.,brooksby j.,atp_18,atp_41
16,Indian Wells,BNP Paribas Open,3/7/2026,Masters 1000,Outdoor,Hard,2nd Round,3,Shapovalov D.,Etcheverry T.,39,31.0,1160,1445.0,6.0,3.0,2.0,6.0,7.0,6.0,,,,,2.0,1.0,Completed,1.5,2.63,,,1.53,2.75,1.48,2.6,1.55,2.78,shapovalov d.,etcheverry t.,atp_38,
16,Indian Wells,BNP Paribas Open,3/7/2026,Masters 1000,Outdoor,Hard,2nd Round,3,Sinner J.,Svrcina D.,2,109.0,10400,569.0,6.0,1.0,6.0,1.0,,,,,,,2.0,0.0,Completed,1.01,26.0,,,1.02,26.0,1.01,16.55,1.02,30.0,sinner j.,svrcina d.,atp_2,atp_110
16,Indian Wells,BNP Paribas Open,3/7/2026,Masters 1000,Outdoor,Hard,2nd Round,3,Davidovich Fokina A.,Svajda Z.,19,99.0,2190,614.0,7.0,6.0,6.0,2.0,,,,,,,2.0,0.0,Completed,1.57,2.38,,,1.6,2.43,1.58,2.32,1.69,2.42,davidovich fokina a.,svajda z.,atp_17,atp_82
16,Indian Wells,BNP Paribas Open,3/7/2026,Masters 1000,Outdoor,Hard,2nd Round,3,Paul T.,Bergs Z.,24,47.0,1815,1030.0,6.0,1.0,6.0,2.0,,,,,,,2.0,0.0,Completed,1.2,4.5,,,1.24,4.5,1.21,4.25,1.26,4.5,paul t.,bergs z.,atp_21,atp_46
16,Indian Wells,BNP Paribas Open,3/7/2026,Masters 1000,Outdoor,Hard,2nd Round,3,Mensik J.,Giron M.,12,69.0,2650,780.0,7.0,5.0,7.0,6.0,,,,,,,2.0,0.0,Completed,1.33,3.4,,,1.38,3.4,1.35,3.15,1.39,3.45,mensik j.,giron m.,atp_26,atp_66
16,Indian Wells,BNP Paribas Open,3/7/2026,Masters 1000,Outdoor,Hard,2nd Round,3,Ruud C.,Shevchenko A.,13,88.0,2625,659.0,6.0,1.0,7.0,6.0,,,,,,,2.0,0.0,Completed,1.17,5.0,,,1.18,5.25,1.16,4.91,1.2,5.5,ruud c.,shevchenko a.,atp_12,atp_76
16,Indian Wells,BNP Paribas Open,3/7/2026,Masters 1000,Outdoor,Hard,2nd Round,3,Draper J.,Bautista Agut R.,14,93.0,2510,645.0,3.0,6.0,6.0,3.0,6.0,2.0,,,,,2.0,1.0,Completed,1.13,6.0,,,1.13,6.25,1.13,5.75,1.16,6.8,draper j.,bautista agut r.,atp_25,atp_80
16,Indian Wells,BNP Paribas Open,3/7/2026,Masters 1000,Outdoor,Hard,2nd Round,3,Kovacevic A.,Moutet C.,72,33.0,771,1383.0,6.0,1.0,6.0,4.0,,,,,,,2.0,0.0,Completed,2.2,1.67,,,2.28,1.7,2.22,1.64,2.4,1.7,kovacevic a.,moutet c.,atp_85,atp_32
16,Indian Wells,BNP Paribas Open,3/7/2026,Masters 1000,Outdoor,Hard,2nd Round,3,Cerundolo F.,Bonzi B.,20,111.0,2170,564.0,6.0,4.0,5.0,7.0,7.0,6.0,,,,,2.0,1.0,Completed,1.4,3.0,,,1.44,3.3,1.36,3.1,1.39,3.5,cerundolo f.,bonzi b.,atp_20,atp_103
16,Indian Wells,BNP Paribas Open,3/7/2026,Masters 1000,Outdoor,Hard,2nd Round,3,Fonseca J.,Khachanov K.,35,16.0,1240,2450.0,4.0,6.0,7.0,6.0,6.0,4.0,,,,,2.0,1.0,Completed,1.67,2.2,,,1.72,2.25,1.67,2.17,1.74,2.3,fonseca j.,khachanov k.,atp_40,atp_15
16,Indian Wells,BNP Paribas Open,3/7/2026,Masters 1000,Outdoor,Hard,2nd Round,3,Diallo G.,Rublev A.,38,17.0,1175,2400.0,6.0,7.0,7.0,6.0,6.0,3.0,,,,,2.0,1.0,Completed,3.5,1.3,,,3.5,1.35,3.32,1.32,3.75,1.35,diallo g.,rublev a.,atp_36,atp_16
16,Indian Wells,BNP Paribas Open,3/7/2026,Masters 1000,Outdoor,Hard,2nd Round,3,Djokovic N.,Majchrzak K.,3,57.0,5280,895.0,4.0,6.0,6.0,1.0,6.0,2.0,,,,,2.0,1.0,Completed,1.1,7.0,,,1.12,7.5,1.1,6.75,1.13,8.4,djokovic n.,majchrzak k.,atp_4,atp_53
16,Indian Wells,BNP Paribas Open,3/7/2026,Masters 1000,Outdoor,Hard,2nd Round,3,Vacherot V.,Borges N.,26,49.0,1691,1020.0,7.0,5.0,7.0,5.0,,,,,,,2.0,0.0,Completed,1.62,2.3,,,1.67,2.3,1.63,2.23,1.73,2.32,vacherot v.,borges n.,atp_23,atp_48
16,Indian Wells,BNP Paribas Open,3/7/2026,Masters 1000,Outdoor,Hard,2nd Round,3,Rinderknech A.,Cerundolo J.M.,28,70.0,1617,778.0,,,,,,,,,,,,,Walkover,1.5,2.63,,,1.5,2.75,1.45,2.68,1.52,2.88,rinderknech a.,cerundolo j.,atp_27,
16,Indian Wells,BNP Paribas Open,3/7/2026,Masters 1000,Outdoor,Hard,2nd Round,3,De Minaur A.,Korda S.,6,37.0,4235,1220.0,4.0,6.0,6.0,4.0,6.0,4.0,,,,,2.0,1.0,Completed,1.5,2.63,,,1.55,2.63,1.52,2.48,1.63,2.54,de minaur a.,korda s.,atp_6,atp_42
16,Indian Wells,BNP Paribas Open,3/7/2026,Masters 1000,Outdoor,Hard,2nd Round,3,Hijikata R.,Darderi L.,117,21.0,547,2104.0,4.0,6.0,6.0,2.0,6.0,4.0,,,,,2.0,1.0,Completed,2.75,1.44,,,3.0,1.47,2.77,1.42,3.1,1.45,hijikata r.,darderi l.,atp_102,atp_19
16,Indian Wells,BNP Paribas Open,3/8/2026,Masters 1000,Outdoor,Hard,2nd Round,3,Norrie C.,McDonald M.,29,126.0,1603,498.0,6.0,2.0,6.0,3.0,,,,,,,2.0,0.0,Completed,1.53,2.5,,,1.6,2.5,1.56,2.37,1.67,2.46,norrie c.,mcdonald m.,atp_24,atp_125
16,Indian Wells,BNP Paribas Open,3/8/2026,Masters 1000,Outdoor,Hard,2nd Round,3,Alcaraz C.,Dimitrov G.,1,42.0,13550,1105.0,6.0,2.0,6.0,3.0,,,,,,,2.0,0.0,Completed,1.04,13.0,,,1.04,15.0,1.03,12.05,1.06,14.0,alcaraz c.,dimitrov g.,atp_1,atp_93
16,Indian Wells,BNP Paribas Open,3/8/2026,Masters 1000,Outdoor,Hard,2nd Round,3,Fritz T.,Fearnley J.,7,87.0,4220,662.0,6.0,3.0,6.0,7.0,6.0,1.0,,,,,2.0,1.0,Completed,1.2,4.5,,,1.2,4.75,1.19,4.53,1.21,5.7,fritz t.,fearnley j.,atp_8,atp_97
16,Indian Wells,BNP Paribas Open,3/8/2026,Masters 1000,Outdoor,Hard,2nd Round,3,Baez S.,Lehecka J.,53,23.0,940,1850.0,6.0,4.0,6.0,1.0,,,,,,,2.0,0.0,Completed,2.75,1.44,,,3.15,1.44,2.84,1.41,3.0,1.49,baez s.,lehecka j.,atp_50,atp_14
16,Indian Wells,BNP Paribas Open,3/8/2026,Masters 1000,Outdoor,Hard,2nd Round,3,Bublik A.,Kopriva V.,10,62.0,3405,848.0,3.0,6.0,7.0,6.0,6.0,2.0,,,,,2.0,1.0,Completed,1.2,4.5,,,1.26,4.5,1.23,4.08,1.24,5.0,bublik a.,kopriva v.,atp_11,atp_70
16,Indian Wells,BNP Paribas Open,3/8/2026,Masters 1000,Outdoor,Hard,2nd Round,3,Michelsen A.,Humbert U.,44,34.0,1085,1285.0,7.0,5.0,6.0,7.0,7.0,6.0,,,,,2.0,1.0,Completed,1.91,1.91,,,1.91,2.0,1.83,1.94,1.89,2.1,michelsen a.,humbert u.,atp_35,atp_34
16,Indian Wells,BNP Paribas Open,3/8/2026,Masters 1000,Outdoor,Hard,2nd Round,3,Medvedev D.,Tabilo A.,11,40.0,3360,1138.0,6.0,4.0,6.0,2.0,,,,,,,2.0,0.0,Completed,1.25,4.0,,,1.26,4.0,1.25,3.83,1.27,4.5,medvedev d.,tabilo a.,atp_10,atp_39
16,Indian Wells,BNP Paribas Open,3/8/2026,Masters 1000,Outdoor,Hard,3rd Round,3,Zverev A.,Nakashima B.,4,30.0,4555,1535.0,7.0,6.0,5.0,7.0,6.0,4.0,,,,,2.0,1.0,Completed,1.25,4.0,,,1.27,4.0,1.25,3.84,1.29,4.3,zverev a.,nakashima b.,atp_3,atp_33
16,Indian Wells,BNP Paribas Open,3/8/2026,Masters 1000,Outdoor,Hard,3rd Round,3,Tien L.,Shelton B.,27,8.0,1685,4010.0,7.0,6.0,4.0,6.0,6.0,3.0,,,,,2.0,1.0,Completed,2.2,1.67,,,2.3,1.68,2.22,1.63,2.34,1.73,tien l.,shelton b.,atp_22,atp_9
16,Indian Wells,BNP Paribas Open,3/8/2026,Masters 1000,Outdoor,Hard,3rd Round,3,Davidovich Fokina A.,Mensik J.,19,12.0,2190,2650.0,6.0,2.0,4.0,6.0,6.0,2.0,,,,,2.0,1.0,Completed,2.2,1.67,,,2.25,1.67,2.19,1.65,2.38,1.71,davidovich fokina a.,mensik j.,atp_17,atp_26
16,Indian Wells,BNP Paribas Open,3/8/2026,Masters 1000,Outdoor,Hard,3rd Round,3,Sinner J.,Shapovalov D.,2,39.0,10400,1160.0,6.0,3.0,6.0,2.0,,,,,,,2.0,0.0,Completed,1.04,13.0,,,1.04,14.0,1.03,11.16,1.06,16.5,sinner j.,shapovalov d.,atp_2,atp_38
16,Indian Wells,BNP Paribas Open,3/8/2026,Masters 1000,Outdoor,Hard,3rd Round,3,Fils A.,Fucsovics M.,32,56.0,1440,916.0,6.0,3.0,7.0,5.0,,,,,,,2.0,0.0,Completed,1.36,3.2,,,1.4,3.2,1.37,3.03,1.43,3.25,fils a.,fucsovics m.,atp_28,atp_51
16,Indian Wells,BNP Paribas Open,3/9/2026,Masters 1000,Outdoor,Hard,3rd Round,3,Tiafoe F.,Cobolli F.,22,15.0,1870,2480.0,6.0,1.0,6.0,2.0,,,,,,,2.0,0.0,Completed,1.73,2.1,,,1.74,2.14,1.71,2.1,1.83,2.18,tiafoe f.,cobolli f.,atp_18,atp_13
16,Indian Wells,BNP Paribas Open,3/9/2026,Masters 1000,Outdoor,Hard,3rd Round,3,Auger-Aliassime F.,Diallo G.,9,38.0,3950,1175.0,6.0,7.0,6.0,3.0,6.0,3.0,,,,,2.0,1.0,Completed,1.22,4.33,,,1.27,4.33,1.23,3.98,1.27,4.6,augeraliassime f.,diallo g.,,atp_36
16,Indian Wells,BNP Paribas Open,3/9/2026,Masters 1000,Outdoor,Hard,3rd Round,3,Fonseca J.,Paul T.,35,24.0,1240,1815.0,6.0,2.0,6.0,3.0,,,,,,,2.0,0.0,Completed,2.75,1.44,,,2.75,1.45,2.74,1.42,3.05,1.47,fonseca j.,paul t.,atp_40,atp_21
16,Indian Wells,BNP Paribas Open,3/9/2026,Masters 1000,Outdoor,Hard,3rd Round,3,Djokovic N.,Kovacevic A.,3,72.0,5280,771.0,6.0,4.0,1.0,6.0,6.0,4.0,,,,,2.0,1.0,Completed,1.13,6.0,,,1.13,7.0,1.11,6.43,1.13,8.6,djokovic n.,kovacevic a.,atp_4,atp_85
16,Indian Wells,BNP Paribas Open,3/9/2026,Masters 1000,Outdoor,Hard,3rd Round,3,Norrie C.,De Minaur A.,29,6.0,1603,4235.0,6.0,4.0,6.0,4.0,,,,,,,2.0,0.0,Completed,4.5,1.2,,,5.25,1.21,4.48,1.19,5.2,1.23,norrie c.,de minaur a.,atp_24,atp_6
16,Indian Wells,BNP Paribas Open,3/9/2026,Masters 1000,Outdoor,Hard,3rd Round,3,Hijikata R.,Bublik A.,117,10.0,547,3405.0,6.0,7.0,7.0,6.0,6.0,3.0,,,,,2.0,1.0,Completed,4.5,1.2,,,4.5,1.22,4.31,1.21,5.0,1.23,hijikata r.,bublik a.,atp_102,atp_11
16,Indian Wells,BNP Paribas Open,3/9/2026,Masters 1000,Outdoor,Hard,3rd Round,3,Draper J.,Cerundolo F.,14,20.0,2510,2170.0,6.0,1.0,7.0,5.0,,,,,,,2.0,0.0,Completed,1.5,2.63,,,1.55,2.75,1.52,2.5,1.57,2.7,draper j.,cerundolo f.,atp_25,atp_20
16,Indian Wells,BNP Paribas Open,3/9/2026,Masters 1000,Outdoor,Hard,3rd Round,3,Michelsen A.,Fritz T.,44,7.0,1085,4220.0,6.0,4.0,7.0,6.0,,,,,,,2.0,0.0,Completed,3.2,1.36,,,3.2,1.38,3.05,1.36,3.4,1.41,michelsen a.,fritz t.,atp_35,atp_8
16,Indian Wells,BNP Paribas Open,3/9/2026,Masters 1000,Outdoor,Hard,3rd Round,3,Ruud C.,Vacherot V.,13,26.0,2625,1691.0,3.0,6.0,6.0,3.0,6.0,4.0,,,,,2.0,1.0,Completed,1.57,2.38,,,1.58,2.55,1.55,2.41,1.64,2.52,ruud c.,vacherot v.,atp_12,atp_23
16,Indian Wells,BNP Paribas Open,3/10/2026,Masters 1000,Outdoor,Hard,3rd Round,3,Alcaraz C.,Rinderknech A.,1,28.0,13550,1617.0,6.0,7.0,6.0,3.0,6.0,2.0,,,,,2.0,1.0,Completed,1.02,17.0,,,1.03,18.0,1.03,13.07,1.03,26.0,alcaraz c.,rinderknech a.,atp_1,atp_27
16,Indian Wells,BNP Paribas Open,3/10/2026,Masters 1000,Outdoor,Hard,3rd Round,3,Medvedev D.,Baez S.,11,53.0,3360,940.0,6.0,4.0,6.0,0.0,,,,,,,2.0,0.0,Completed,1.14,5.5,,,1.16,6.0,1.14,5.41,1.16,7.0,medvedev d.,baez s.,atp_10,atp_50
16,Indian Wells,BNP Paribas Open,3/10/2026,Masters 1000,Outdoor,Hard,4th Round,3,Fils A.,Auger-Aliassime F.,32,9.0,1440,3950.0,6.0,3.0,7.0,6.0,,,,,,,2.0,0.0,Completed,2.2,1.67,,,2.25,1.71,2.17,1.67,2.32,1.74,fils a.,augeraliassime f.,atp_28,
16,Indian Wells,BNP Paribas Open,3/10/2026,Masters 1000,Outdoor,Hard,4th Round,3,Zverev A.,Tiafoe F.,4,22.0,4555,1870.0,6.0,3.0,6.0,4.0,,,,,,,2.0,0.0,Completed,1.33,3.4,,,1.36,3.4,1.34,3.23,1.35,3.75,zverev a.,tiafoe f.,atp_3,atp_18
16,Indian Wells,BNP Paribas Open,3/10/2026,Masters 1000,Outdoor,Hard,4th Round,3,Tien L.,Davidovich Fokina A.,27,19.0,1685,2190.0,4.0,6.0,6.0,1.0,7.0,6.0,,,,,2.0,1.0,Completed,1.67,2.2,,,1.71,2.2,1.67,2.15,1.77,2.28,tien l.,davidovich fokina a.,atp_22,atp_17
16,Indian Wells,BNP Paribas Open,3/11/2026,Masters 1000,Outdoor,Hard,4th Round,3,Sinner J.,Fonseca J.,2,35.0,10400,1240.0,7.0,6.0,7.0,6.0,,,,,,,2.0,0.0,Completed,1.07,9.0,,,1.08,9.0,1.07,8.09,1.1,10.5,sinner j.,fonseca j.,atp_2,atp_40
16,Indian Wells,BNP Paribas Open,3/11/2026,Masters 1000,Outdoor,Hard,4th Round,3,Norrie C.,Hijikata R.,29,117.0,1603,547.0,6.0,4.0,6.0,2.0,,,,,,,2.0,0.0,Completed,1.3,3.5,,,1.32,3.5,1.3,3.42,1.36,3.7,norrie c.,hijikata r.,atp_24,atp_102
16,Indian Wells,BNP Paribas Open,3/11/2026,Masters 1000,Outdoor,Hard,4th Round,3,Medvedev D.,Michelsen A.,11,44.0,3360,1085.0,6.0,2.0,6.0,4.0,,,,,,,2.0,0.0,Completed,1.25,4.0,,,1.3,4.25,1.26,3.75,1.3,4.3,medvedev d.,michelsen a.,atp_10,atp_35
16,Indian Wells,BNP Paribas Open,3/11/2026,Masters 1000,Outdoor,Hard,4th Round,3,Alcaraz C.,Ruud C.,1,13.0,13550,2625.0,6.0,1.0,7.0,6.0,,,,,,,2.0,0.0,Completed,1.06,10.0,,,1.08,10.0,1.07,8.11,1.08,12.5,alcaraz c.,ruud c.,atp_1,atp_12
16,Indian Wells,BNP Paribas Open,3/12/2026,Masters 1000,Outdoor,Hard,4th Round,3,Draper J.,Djokovic N.,14,3.0,2510,5280.0,4.0,6.0,6.0,4.0,7.0,6.0,,,,,2.0,1.0,Completed,2.2,1.67,,,2.25,1.71,2.2,1.65,2.42,1.7,draper j.,djokovic n.,atp_25,atp_4
16,Indian Wells,BNP Paribas Open,3/12/2026,Masters 1000,Outdoor,Hard,Quarterfinals,3,Zverev A.,Fils A.,4,32.0,4555,1440.0,6.0,2.0,6.0,3.0,,,,,,,2.0,0.0,Completed,1.57,2.38,,,1.6,2.5,1.56,2.39,1.65,2.5,zverev a.,fils a.,atp_3,atp_28
16,Indian Wells,BNP Paribas Open,3/12/2026,Masters 1000,Outdoor,Hard,Quarterfinals,3,Sinner J.,Tien L.,2,27.0,10400,1685.0,6.0,1.0,6.0,2.0,,,,,,,2.0,0.0,Completed,1.07,9.0,,,1.08,10.0,1.07,8.61,1.11,10.0,sinner j.,tien l.,atp_2,atp_22
16,Indian Wells,BNP Paribas Open,3/13/2026,Masters 1000,Outdoor,Hard,Quarterfinals,3,Medvedev D.,Draper J.,11,14.0,3360,2510.0,6.0,1.0,7.0,5.0,,,,,,,2.0,0.0,Completed,1.53,2.5,,,1.6,2.55,1.53,2.45,1.66,2.5,medvedev d.,draper j.,atp_10,atp_25
16,Indian Wells,BNP Paribas Open,3/13/2026,Masters 1000,Outdoor,Hard,Quarterfinals,3,Alcaraz C.,Norrie C.,1,29.0,13550,1603.0,6.0,3.0,6.0,4.0,,,,,,,2.0,0.0,Completed,1.05,11.0,,,1.05,13.0,1.04,10.54,1.06,16.0,alcaraz c.,norrie c.,atp_1,atp_24
16,Indian Wells,BNP Paribas Open,3/14/2026,Masters 1000,Outdoor,Hard,Semifinals,3,Sinner J.,Zverev A.,2,4.0,10400,4555.0,6.0,2.0,6.0,4.0,,,,,,,2.0,0.0,Completed,1.17,5.0,,,1.18,5.4,1.17,4.91,1.2,5.7,sinner j.,zverev a.,atp_2,atp_3
16,Indian Wells,BNP Paribas Open,3/14/2026,Masters 1000,Outdoor,Hard,Semifinals,3,Medvedev D.,Alcaraz C.,11,1.0,3360,13550.0,6.0,3.0,7.0,6.0,,,,,,,2.0,0.0,Completed,5,1.17,,,5.1,1.2,4.84,1.17,5.5,1.21,medvedev d.,alcaraz c.,atp_10,atp_1
16,Indian Wells,BNP Paribas Open,3/15/2026,Masters 1000,Outdoor,Hard,The Final,3,Sinner J.,Medvedev D.,2,11.0,10400,3360.0,7.0,6.0,7.0,6.0,,,,,,,2.0,0.0,Completed,1.22,4.33,,,1.3,4.33,1.25,3.9,1.25,4.8,sinner j.,medvedev d.,atp_2,atp_10
