player_id,surface,matches_faced,avg_games_allowed,avg_total_games,win_allowed_rate,avg_game_diff_allowed,tour,games_allowed_plus,total_games_plus,win_allowed_plus,defense_index,z_score,return_tier
atp_1,Clay,23,10.130434782608695,25.82608695652174,0.0434782608695652,5.565217391304348,ATP,0.7122751426946674,0.9705368219369076,0.06601146832425005,128.77248573053325,-1.241365674241547,Elite Returner
atp_1,Grass,12,14.333333333333334,33.25,0.0833333333333333,4.583333333333333,ATP,1.0077827126252161,1.2495253107344277,0.1265219809548126,99.22172873747839,0.03357788546985776,Average Returner
atp_1,Hard,50,10.02,25.5,0.12,5.46,ATP,0.704510426546837,0.9582825691346739,0.1821916525749302,129.5489573453163,-1.2748659153622397,Elite Returner
atp_10,Clay,21,11.285714285714286,24.857142857142858,0.238095238095238,2.2857142857142856,ATP,0.7935033318676951,0.9341241850388418,0.36149137415660737,120.6496668132305,-0.8909132080745695,Strong Returner
atp_10,Grass,6,13.5,29.166666666666668,0.1666666666666666,2.1666666666666665,ATP,0.9491906944493315,1.0960748339775683,0.2530439619096252,105.08093055506686,-0.21921264792119677,Average Returner
atp_10,Hard,43,12.232558139534884,25.302325581395348,0.3953488372093023,0.8372093023255814,ATP,0.8600763226190324,0.9508540220871182,0.600243816622832,113.99236773809676,-0.6036894126601491,Strong Returner
atp_100,Clay,8,11.25,23.5,0.375,1.0,ATP,0.7909922453744429,0.8831231519476407,0.5693489142966569,120.90077546255571,-0.9017470880770435,Strong Returner
atp_100,Hard,1,18.0,25.0,1.0,-11.0,ATP,1.2655875925991087,0.9394927148379156,1.5182637714577516,73.44124074008913,1.1458562323904966,Poor Returner
atp_101,Clay,21,11.38095238095238,20.38095238095238,0.5714285714285714,-2.380952380952381,ATP,0.8001995625163675,0.7659102513345293,0.8675792979758581,119.98004374836324,-0.8620228614013068,Strong Returner
atp_101,Grass,5,15.2,27.0,0.6,-3.4,ATP,1.068718411528136,1.0146521320249489,0.910958262874651,93.1281588471864,0.2964800401965539,Average Returner
atp_101,Hard,21,11.904761904761903,20.61904761904762,0.7142857142857143,-3.1904761904761907,ATP,0.8370288310840664,0.7748578009996523,1.0844741224698227,116.29711689159336,-0.7031259546983584,Strong Returner
atp_102,Clay,9,12.11111111111111,25.11111111111111,0.5555555555555556,0.8888888888888888,ATP,0.851537330822857,0.943668238014973,0.8434798730320843,114.8462669177143,-0.6405302035729541,Strong Returner
atp_104,Grass,1,14.0,29.0,1.0,1.0,ATP,0.9843459053548622,1.089811549211982,1.5182637714577516,101.56540946451378,-0.06753832788656415,Average Returner
atp_104,Hard,7,15.285714285714286,29.0,0.7142857142857143,-1.5714285714285714,ATP,1.0747450191119414,1.089811549211982,1.0844741224698227,92.52549808880586,0.32248135220249136,Weak Returner
atp_105,Hard,3,16.333333333333332,28.0,1.0,-4.666666666666667,ATP,1.1484035562473391,1.0522318406184654,1.5182637714577516,85.15964437526608,0.6402751656083876,Weak Returner
atp_106,Hard,7,16.142857142857142,30.428571428571427,0.7142857142857143,-1.8571428571428568,ATP,1.135011094949994,1.14349684720272,1.0844741224698227,86.49889050500059,0.5824944722618611,Weak Returner
atp_108,Clay,1,18.0,26.0,1.0,-10.0,ATP,1.2655875925991087,0.9770724234314322,1.5182637714577516,73.44124074008913,1.1458562323904966,Poor Returner
atp_108,Hard,16,14.3125,26.8125,0.625,-1.8125,ATP,1.006317912170819,1.0076059366636645,0.9489148571610948,99.3682087829181,0.02725812213508122,Average Returner
atp_109,Clay,6,12.666666666666666,23.166666666666668,0.6666666666666666,-2.1666666666666665,ATP,0.8905986762734467,0.8705965824164685,1.012175847638501,110.94013237265533,-0.4720031813122513,Strong Returner
atp_109,Grass,6,14.166666666666666,28.666666666666668,0.5,0.3333333333333333,ATP,0.9960643089900392,1.07728497968081,0.7591318857288758,100.39356910099609,-0.01698022120835347,Average Returner
atp_109,Hard,19,11.736842105263158,21.57894736842105,0.631578947368421,-1.894736842105263,ATP,0.8252223191508807,0.8109305538600955,0.9589034346048958,117.47776808491193,-0.7540641975170066,Strong Returner
atp_11,Clay,11,10.818181818181818,22.818181818181817,0.3636363636363636,1.181818181818182,ATP,0.7606309268651208,0.857500623361152,0.5520959168937278,123.93690731348792,-1.0327385462887715,Elite Returner
atp_11,Grass,8,12.125,25.875,0.375,1.625,ATP,0.8525138644591218,0.9723749598572426,0.5693489142966569,114.74861355408783,-0.6363170280164364,Strong Returner
atp_11,Hard,57,11.192982456140353,25.035087719298247,0.3157894736842105,2.649122807017544,ATP,0.7869833178150404,0.9408113011043548,0.4794517173024479,121.30166821849596,-0.9190432824669571,Strong Returner
atp_110,Hard,2,18.5,35.5,0.5,-1.5,ATP,1.3007428035046393,1.3340796550698402,0.7591318857288758,69.92571964953606,1.2975305524251293,Poor Returner
atp_111,Clay,6,12.0,22.0,0.6666666666666666,-2.0,ATP,0.8437250617327391,0.8267535890573657,1.012175847638501,115.6274938267261,-0.6742356080250945,Strong Returner
atp_111,Grass,7,14.857142857142858,30.0,0.4285714285714285,0.2857142857142857,ATP,1.044611981192915,1.1273912578054988,0.6506844734818935,95.53880188070849,0.19247479217280616,Average Returner
atp_111,Hard,18,14.88888888888889,28.33333333333333,0.5555555555555556,-1.4444444444444444,ATP,1.0468440580758058,1.0647584101496375,0.8434798730320843,95.31559419241941,0.20210490773056058,Average Returner
atp_112,Clay,4,16.75,30.0,1.0,-3.5,ATP,1.1776995653352815,1.1273912578054988,1.5182637714577516,82.23004346647184,0.7666704323039152,Weak Returner
atp_112,Grass,4,13.75,27.5,0.75,0.0,ATP,0.9667682999020968,1.0334419863217073,1.1386978285933138,103.32317000979032,-0.14337548790388047,Average Returner
atp_112,Hard,24,12.083333333333334,22.375,0.5833333333333334,-1.7916666666666667,ATP,0.8495842635503276,0.8408459797799345,0.8856538666836885,115.04157364496724,-0.648956554685989,Strong Returner
atp_113,Clay,20,10.4,22.35,0.4,1.55,ATP,0.7312283868350405,0.8399064870650966,0.6073055085831007,126.87716131649594,-1.1595934321359187,Elite Returner
atp_113,Grass,5,15.8,27.8,0.8,-3.8,ATP,1.110904664614773,1.0447158988997622,1.2146110171662015,88.9095335385227,0.4784892242381134,Weak Returner
atp_113,Hard,5,15.2,26.2,1.0,-4.2,ATP,1.068718411528136,0.9845883651501355,1.5182637714577516,93.1281588471864,0.2964800401965539,Average Returner
atp_114,Clay,9,11.555555555555555,21.444444444444443,0.6666666666666666,-1.6666666666666667,ATP,0.8124759853722672,0.8058759731720786,1.012175847638501,118.75240146277328,-0.8090572258336569,Strong Returner
atp_114,Grass,2,18.0,31.5,1.0,-4.5,ATP,1.2655875925991087,1.1837608206957737,1.5182637714577516,73.44124074008913,1.1458562323904966,Poor Returner
atp_114,Hard,5,14.8,26.0,0.8,-3.6,ATP,1.0405942428037116,0.9770724234314322,1.2146110171662015,95.94057571962884,0.17514058416884823,Average Returner
atp_115,Clay,3,14.666666666666666,25.666666666666668,0.6666666666666666,-3.6666666666666665,ATP,1.0312195198955698,0.96454585390026,1.012175847638501,96.87804801044302,0.13469409882627914,Average Returner
atp_115,Grass,5,14.0,27.4,0.6,-0.6,ATP,0.9843459053548622,1.0296840154623554,0.910958262874651,101.56540946451378,-0.06753832788656415,Average Returner
atp_115,Hard,19,14.473684210526317,26.789473684210527,0.6842105263157895,-2.1578947368421053,ATP,1.0176508420022072,1.0067406144263138,1.0388120541553039,98.23491579977927,0.07615313319887757,Average Returner
atp_116,Grass,2,25.0,50.0,0.5,0.0,ATP,1.7577605452765397,1.8789854296758313,0.7591318857288758,24.22394547234603,3.269296712875353,Poor Returner
atp_116,Hard,8,13.5,24.5,0.625,-2.5,ATP,0.9491906944493315,0.9207028605411572,0.9489148571610948,105.08093055506686,-0.21921264792119677,Average Returner
atp_117,Hard,3,17.666666666666668,31.33333333333333,0.6666666666666666,-4.0,ATP,1.2421507853287548,1.1774975359301874,1.012175847638501,75.78492146712452,1.0447400190340752,Poor Returner
atp_118,Clay,6,12.166666666666666,24.0,0.5,-0.3333333333333333,ATP,0.8554434653679159,0.901913006244399,0.7591318857288758,114.4556534632084,-0.6236775013468839,Strong Returner
atp_118,Grass,1,18.0,23.0,1.0,-13.0,ATP,1.2655875925991087,0.8643332976508823,1.5182637714577516,73.44124074008913,1.1458562323904966,Poor Returner
atp_118,Hard,26,12.346153846153848,22.46153846153846,0.6923076923076923,-2.230769230769231,ATP,0.8680632846673375,0.844098069946681,1.0511056879322895,113.19367153326625,-0.569230309539579,Strong Returner
atp_119,Clay,3,9.0,21.33333333333333,0.3333333333333333,3.333333333333333,ATP,0.6327937962995543,0.8017004499950211,0.5060879238192505,136.72062037004457,-1.5842815282328901,Elite Returner
atp_119,Hard,4,13.5,27.5,0.25,0.5,ATP,0.9491906944493315,1.0334419863217073,0.3795659428644379,105.08093055506686,-0.21921264792119677,Average Returner
atp_12,Clay,16,10.25,24.0,0.25,3.5,ATP,0.7206818235633813,0.901913006244399,0.3795659428644379,127.93181764366187,-1.2050957281463086,Elite Returner
atp_12,Grass,6,12.333333333333334,27.5,0.3333333333333333,2.833333333333333,ATP,0.867161869003093,1.0334419863217073,0.5060879238192505,113.2838130996907,-0.5731193946686727,Strong Returner
atp_12,Hard,18,12.27777777777778,27.166666666666668,0.2222222222222222,2.611111111111111,ATP,0.8632557344580342,1.020915416790535,0.33739194921283366,113.67442655419659,-0.5899720968947424,Strong Returner
atp_120,Clay,4,16.0,25.5,1.0,-6.5,ATP,1.1249667489769855,0.9582825691346739,1.5182637714577516,87.50332510230146,0.5391589522519663,Weak Returner
atp_120,Grass,1,18.0,27.0,1.0,-9.0,ATP,1.2655875925991087,1.0146521320249489,1.5182637714577516,73.44124074008913,1.1458562323904966,Poor Returner
atp_120,Hard,1,18.0,25.0,1.0,-11.0,ATP,1.2655875925991087,0.9394927148379156,1.5182637714577516,73.44124074008913,1.1458562323904966,Poor Returner
atp_121,Clay,3,10.0,22.33333333333333,0.3333333333333333,2.333333333333333,ATP,0.7031042181106159,0.8392801585885378,0.5060879238192505,129.6895781889384,-1.280932888163625,Elite Returner
atp_121,Hard,4,16.25,32.0,0.75,-0.5,ATP,1.1425443544297509,1.2025506749925319,1.1386978285933138,85.7455645570249,0.6149961122692825,Weak Returner
atp_122,Clay,7,13.714285714285714,26.714285714285715,0.7142857142857143,-0.7142857142857143,ATP,0.9642572134088446,1.0039150724268013,1.0844741224698227,103.57427865911554,-0.15420936790635445,Average Returner
atp_122,Hard,14,14.357142857142858,27.071428571428573,0.6428571428571429,-1.6428571428571428,ATP,1.0094567702873842,1.0173363969244857,0.9760267102228405,99.05432297126157,0.04080047213817357,Average Returner
atp_123,Clay,4,13.0,28.0,0.5,2.0,ATP,0.9140354835438006,1.0522318406184654,0.7591318857288758,108.59645164561994,-0.37088696795582937,Strong Returner
atp_123,Grass,5,17.4,32.8,0.8,-2.0,ATP,1.2234013395124714,1.2326144418673453,1.2146110171662015,77.65986604875286,0.9638470483489371,Weak Returner
atp_123,Hard,27,15.074074074074074,28.96296296296296,0.5555555555555556,-1.1851851851851851,ATP,1.0598645065593357,1.0884197081529627,0.8434798730320843,94.01354934406643,0.25828058181746155,Average Returner
atp_124,Hard,2,14.5,25.5,1.0,-3.5,ATP,1.019501116260393,0.9582825691346739,1.5182637714577516,98.0498883739607,0.08413599214806844,Average Returner
atp_125,Hard,7,13.0,27.571428571428573,0.4285714285714285,1.5714285714285714,ATP,0.9140354835438006,1.0361262512212441,0.6506844734818935,108.59645164561994,-0.37088696795582937,Strong Returner
atp_126,Clay,3,11.666666666666666,22.0,0.3333333333333333,-1.3333333333333333,ATP,0.8202882544623852,0.8267535890573657,0.5060879238192505,117.97117455376149,-0.7753518213815165,Strong Returner
atp_127,Clay,1,17.0,32.0,1.0,-2.0,ATP,1.195277170788047,1.2025506749925319,1.5182637714577516,80.4722829211953,0.8425075923212315,Weak Returner
atp_127,Hard,6,16.166666666666668,27.0,1.0,-5.333333333333333,ATP,1.1366851526121624,1.0146521320249489,1.5182637714577516,86.33148473878376,0.5897170589301775,Weak Returner
atp_128,Clay,4,11.5,22.0,0.5,-1.0,ATP,0.8085698508272082,0.8267535890573657,0.7591318857288758,119.14301491727917,-0.8259099280597272,Strong Returner
atp_128,Grass,2,5.5,12.5,0.5,1.5,ATP,0.38670731996083874,0.4697463574189578,0.7591318857288758,161.32926800391613,-2.6460017684753185,Elite Returner
atp_128,Hard,4,16.0,29.75,0.75,-2.25,ATP,1.1249667489769855,1.1179963306571195,1.1386978285933138,87.50332510230146,0.5391589522519663,Weak Returner
atp_129,Clay,11,12.0,20.363636363636363,0.8181818181818182,-3.636363636363636,ATP,0.8437250617327391,0.7652595204497931,1.2422158130108878,115.6274938267261,-0.6742356080250945,Strong Returner
atp_129,Grass,1,18.0,27.0,1.0,-9.0,ATP,1.2655875925991087,1.0146521320249489,1.5182637714577516,73.44124074008913,1.1458562323904966,Poor Returner
atp_129,Hard,5,12.0,24.0,0.6,0.0,ATP,0.8437250617327391,0.901913006244399,0.910958262874651,115.6274938267261,-0.6742356080250945,Strong Returner
atp_13,Clay,19,10.105263157894736,22.210526315789476,0.2631578947368421,2.0,ATP,0.7105053151433591,0.8346651066560009,0.3995430977520399,128.94946848566408,-1.2490014523668604,Elite Returner
atp_13,Hard,37,11.567567567567568,24.91891891891892,0.3783783783783784,1.7837837837837838,ATP,0.8133205550036314,0.9364457114384412,0.574478183794825,118.66794449963686,-0.8054133983253171,Strong Returner
atp_130,Hard,3,10.333333333333334,20.0,0.6666666666666666,-0.6666666666666666,ATP,0.7265410253809698,0.7515941718703325,1.012175847638501,127.34589746190302,-1.179816674807203,Elite Returner
atp_131,Clay,1,12.0,19.0,1.0,-5.0,ATP,0.8437250617327391,0.7140144632768158,1.5182637714577516,115.6274938267261,-0.6742356080250945,Strong Returner
atp_132,Clay,13,12.076923076923077,24.615384615384617,0.4615384615384615,0.4615384615384615,ATP,0.8491335557182053,0.9250389807634861,0.700737125288193,115.08664442817947,-0.6509010972505358,Strong Returner
atp_132,Grass,4,14.5,27.25,0.5,-1.75,ATP,1.019501116260393,1.024047059173328,0.7591318857288758,98.0498883739607,0.08413599214806844,Average Returner
atp_132,Hard,6,15.333333333333334,26.0,1.0,-4.666666666666667,ATP,1.0780931344362776,0.9770724234314322,1.5182637714577516,92.19068655637224,0.33692652553912295,Weak Returner
atp_133,Clay,2,16.0,31.5,0.5,-0.5,ATP,1.1249667489769855,1.1837608206957737,0.7591318857288758,87.50332510230146,0.5391589522519663,Weak Returner
atp_133,Hard,4,13.75,21.0,1.0,-6.5,ATP,0.9667682999020968,0.7891738804638491,1.5182637714577516,103.32317000979032,-0.14337548790388047,Average Returner
atp_134,Hard,3,17.333333333333332,31.0,0.6666666666666666,-3.6666666666666665,ATP,1.2187139780584009,1.1649709663990153,1.012175847638501,78.12860219415991,0.9436238056776528,Weak Returner
atp_135,Hard,3,13.333333333333334,24.666666666666668,0.6666666666666666,-2.0,ATP,0.9374722908141545,0.9269661453067435,1.012175847638501,106.25277091858455,-0.26977075459940747,Average Returner
atp_136,Clay,4,15.75,32.25,0.75,0.75,ATP,1.10738914352422,1.2119456021409112,1.1386978285933138,89.261085647578,0.46332179223465,Weak Returner
atp_136,Grass,2,19.5,39.5,0.5,0.5,ATP,1.371053225315701,1.4843984894439066,0.7591318857288758,62.89467746842989,1.6008791924943944,Poor Returner
atp_136,Hard,12,10.583333333333334,20.416666666666668,0.5833333333333334,-0.75,ATP,0.7441186308337352,0.7672523837842978,0.8856538666836885,125.58813691662648,-1.1039795147898868,Elite Returner
atp_137,Clay,1,13.0,20.0,1.0,-6.0,ATP,0.9140354835438006,0.7515941718703325,1.5182637714577516,108.59645164561994,-0.37088696795582937,Strong Returner
atp_137,Hard,13,13.615384615384617,27.384615384615383,0.4615384615384615,0.1538461538461538,ATP,0.9573034354275309,1.0291058660993782,0.700737125288193,104.26965645724691,-0.18421088175935804,Average Returner
atp_138,Grass,3,16.333333333333332,30.0,0.6666666666666666,-2.6666666666666665,ATP,1.1484035562473391,1.1273912578054988,1.012175847638501,85.15964437526608,0.6402751656083876,Weak Returner
atp_138,Hard,3,11.333333333333334,23.0,0.3333333333333333,0.3333333333333333,ATP,0.7968514471920314,0.8643332976508823,0.5060879238192505,120.31485528079686,-0.8764680347379379,Strong Returner
atp_139,Hard,1,13.0,22.0,1.0,-4.0,ATP,0.9140354835438006,0.8267535890573657,1.5182637714577516,108.59645164561994,-0.37088696795582937,Strong Returner
atp_14,Clay,16,9.6875,20.625,0.375,1.25,ATP,0.6811322112946592,0.7750814897412803,0.5693489142966569,131.88677887053407,-1.3757293381852704,Elite Returner
atp_14,Grass,6,16.5,35.833333333333336,0.3333333333333333,2.833333333333333,ATP,1.160121959882516,1.3466062246010124,0.5060879238192505,83.9878040117484,0.6908332722865989,Weak Returner
atp_14,Hard,45,12.71111111111111,26.4,0.4222222222222222,0.9777777777777776,ATP,0.8937235839094939,0.9921043068688388,0.641044703504384,110.62764160905061,-0.45852101953139507,Strong Returner
atp_140,Clay,3,13.666666666666666,25.666666666666668,0.6666666666666666,-1.6666666666666667,ATP,0.9609090980845083,0.96454585390026,1.012175847638501,103.90909019154917,-0.16865454124298607,Average Returner
atp_141,Clay,3,8.0,18.33333333333333,0.3333333333333333,2.333333333333333,ATP,0.5624833744884927,0.6889613242144712,0.5060879238192505,143.75166255115073,-1.8876301683021555,Elite Returner
atp_141,Hard,6,12.5,21.33333333333333,0.8333333333333334,-3.6666666666666665,ATP,0.8788802726382698,0.8017004499950211,1.2652198095481264,112.11197273617302,-0.522561287990462,Strong Returner
atp_142,Grass,1,19.0,33.0,1.0,-5.0,ATP,1.3358980144101702,1.2401303835860487,1.5182637714577516,66.41019855898298,1.449204872459762,Poor Returner
atp_143,Clay,14,15.0,28.214285714285715,0.7857142857142857,-1.7857142857142858,ATP,1.0546563271659237,1.0602846353170763,1.192921534716805,94.53436728340763,0.23581031218270104,Average Returner
atp_143,Grass,6,18.5,38.5,0.3333333333333333,1.5,ATP,1.3007428035046393,1.44681878085039,0.5060879238192505,69.92571964953606,1.2975305524251293,Poor Returner
atp_143,Hard,7,13.285714285714286,25.142857142857142,0.7142857142857143,-1.4285714285714286,ATP,0.9341241754898183,0.9448612446369894,1.0844741224698227,106.58758245101816,-0.28421592793603906,Average Returner
atp_144,Clay,1,18.0,31.0,1.0,-5.0,ATP,1.2655875925991087,1.1649709663990153,1.5182637714577516,73.44124074008913,1.1458562323904966,Poor Returner
atp_144,Grass,6,11.833333333333334,24.0,0.5,0.3333333333333333,ATP,0.8320066580975621,0.901913006244399,0.7591318857288758,116.79933419024378,-0.7247937147033052,Strong Returner
atp_144,Hard,4,15.25,26.75,1.0,-3.75,ATP,1.0722339326186892,1.0052572048765698,1.5182637714577516,92.77660673813108,0.3116474722000174,Weak Returner
atp_145,Hard,14,13.857142857142858,27.428571428571427,0.5,-0.2857142857142857,ATP,0.9743015593818535,1.0307577214221701,0.7591318857288758,102.56984406181465,-0.11087384789645903,Average Returner
atp_146,Clay,9,13.444444444444445,25.88888888888889,0.5555555555555556,-1.0,ATP,0.9452845599042725,0.9728969002543748,0.8434798730320843,105.47154400957275,-0.23606535014726698,Average Returner
atp_146,Grass,1,18.0,27.0,1.0,-9.0,ATP,1.2655875925991087,1.0146521320249489,1.5182637714577516,73.44124074008913,1.1458562323904966,Poor Returner
atp_146,Hard,5,18.6,35.2,0.6,-2.0,ATP,1.3077738456857457,1.3228057424917852,0.910958262874651,69.22261543142542,1.3278654164320562,Poor Returner
atp_147,Clay,7,15.714285714285714,27.428571428571427,1.0,-4.0,ATP,1.1048780570309678,1.0307577214221701,1.5182637714577516,89.51219429690323,0.45248791223217594,Weak Returner
atp_147,Grass,2,17.5,31.5,1.0,-3.5,ATP,1.2304323816935778,1.1837608206957737,1.5182637714577516,76.95676183064222,0.9941819123558641,Weak Returner
atp_147,Hard,31,12.225806451612904,23.774193548387096,0.6129032258064516,-0.6774193548387096,ATP,0.8596016085933014,0.89342726559425,0.9305487631515252,114.03983914066987,-0.6057375280094538,Strong Returner
atp_148,Hard,2,16.5,28.0,1.0,-5.0,ATP,1.160121959882516,1.0522318406184654,1.5182637714577516,83.9878040117484,0.6908332722865989,Weak Returner
atp_15,Clay,15,11.066666666666666,24.0,0.4,1.8666666666666667,ATP,0.7781020013757483,0.901913006244399,0.6073055085831007,122.18979986242518,-0.9573610054230755,Strong Returner
atp_15,Grass,7,13.857142857142858,29.714285714285715,0.2857142857142857,2.0,ATP,0.9743015593818535,1.1166541982073512,0.43378964898792904,102.56984406181465,-0.11087384789645903,Average Returner
atp_15,Hard,58,11.60344827586207,24.41379310344828,0.3793103448275862,1.206896551724138,ATP,0.8158433427386974,0.9174632304899922,0.5758931546908713,118.41566572613026,-0.7945290342594582,Strong Returner
atp_150,Hard,1,19.0,37.0,1.0,-1.0,ATP,1.3358980144101702,1.3904492179601151,1.5182637714577516,66.41019855898298,1.449204872459762,Poor Returner
atp_151,Clay,1,14.0,26.0,1.0,-2.0,ATP,0.9843459053548622,0.9770724234314322,1.5182637714577516,101.56540946451378,-0.06753832788656415,Average Returner
atp_151,Grass,3,15.0,26.0,0.6666666666666666,-4.0,ATP,1.0546563271659237,0.9770724234314322,1.012175847638501,94.53436728340763,0.23581031218270104,Average Returner
atp_151,Hard,5,15.6,27.0,1.0,-4.2,ATP,1.0968425802525608,1.0146521320249489,1.5182637714577516,90.31574197474393,0.41781949622426007,Weak Returner
atp_152,Hard,3,17.666666666666668,32.333333333333336,0.6666666666666666,-3.0,ATP,1.2421507853287548,1.2150772445237044,1.012175847638501,75.78492146712452,1.0447400190340752,Poor Returner
atp_153,Clay,1,27.0,50.0,1.0,-4.0,ATP,1.898381388898663,1.8789854296758313,1.5182637714577516,10.161861110133714,3.8759939930138834,Poor Returner
atp_153,Hard,4,15.5,33.0,0.5,2.0,ATP,1.0898115380714546,1.2401303835860487,0.7591318857288758,91.01884619285454,0.38748463221733365,Weak Returner
atp_154,Hard,2,9.5,19.5,0.5,0.5,ATP,0.6679490072050851,0.7328043175735741,0.7591318857288758,133.2050992794915,-1.4326072081982575,Elite Returner
atp_155,Clay,2,15.5,24.5,1.0,-6.5,ATP,1.0898115380714546,0.9207028605411572,1.5182637714577516,91.01884619285454,0.38748463221733365,Weak Returner
atp_155,Grass,1,25.0,51.0,1.0,1.0,ATP,1.7577605452765397,1.9165651382693478,1.5182637714577516,24.22394547234603,3.269296712875353,Poor Returner
atp_155,Hard,4,10.5,18.25,0.75,-2.75,ATP,0.7382594290161467,0.6858296818316784,1.1386978285933138,126.17405709838533,-1.1292585681289924,Elite Returner
atp_156,Grass,2,16.5,32.5,0.5,-0.5,ATP,1.160121959882516,1.2213405292892903,0.7591318857288758,83.9878040117484,0.6908332722865989,Weak Returner
atp_156,Hard,3,14.0,25.666666666666668,0.6666666666666666,-2.333333333333333,ATP,0.9843459053548622,0.96454585390026,1.012175847638501,101.56540946451378,-0.06753832788656415,Average Returner
atp_157,Clay,9,13.444444444444445,24.666666666666668,0.6666666666666666,-2.2222222222222223,ATP,0.9452845599042725,0.9269661453067435,1.012175847638501,105.47154400957275,-0.23606535014726698,Average Returner
atp_157,Grass,1,23.0,39.0,1.0,-7.0,ATP,1.6171397016544165,1.4656086351471482,1.5182637714577516,38.286029834558356,2.6625994327368225,Poor Returner
atp_157,Hard,3,16.666666666666668,27.0,1.0,-6.333333333333333,ATP,1.1718403635176933,1.0146521320249489,1.5182637714577516,82.81596364823068,0.7413913789648101,Weak Returner
atp_158,Clay,2,16.0,28.5,1.0,-3.5,ATP,1.1249667489769855,1.0710216949152238,1.5182637714577516,87.50332510230146,0.5391589522519663,Weak Returner
atp_158,Hard,3,14.0,25.666666666666668,0.6666666666666666,-2.333333333333333,ATP,0.9843459053548622,0.96454585390026,1.012175847638501,101.56540946451378,-0.06753832788656415,Average Returner
atp_159,Grass,3,6.666666666666667,14.666666666666666,0.3333333333333333,1.3333333333333333,ATP,0.46873614540707725,0.5511690593715771,0.5060879238192505,153.12638545929227,-2.2920950217278424,Elite Returner
atp_159,Hard,1,19.0,35.0,1.0,-3.0,ATP,1.3358980144101702,1.3152898007730818,1.5182637714577516,66.41019855898298,1.449204872459762,Poor Returner
atp_16,Clay,10,13.0,28.9,0.4,2.9,ATP,0.9140354835438006,1.0860535783526304,0.6073055085831007,108.59645164561994,-0.37088696795582937,Strong Returner
atp_16,Grass,7,14.142857142857142,28.714285714285715,0.4285714285714285,0.4285714285714285,ATP,0.994390251327871,1.0790744896138345,0.6506844734818935,100.5609748672129,-0.024202807876669282,Average Returner
atp_16,Hard,41,11.682926829268292,25.365853658536587,0.3170731707317073,2.0,ATP,0.8214315133536219,0.9532413887135924,0.48140070802318957,117.85684866463782,-0.7704193231690083,Strong Returner
atp_160,Hard,6,14.0,28.5,0.5,0.5,ATP,0.9843459053548622,1.0710216949152238,0.7591318857288758,101.56540946451378,-0.06753832788656415,Average Returner
atp_161,Clay,9,13.555555555555555,27.22222222222222,0.5555555555555556,0.1111111111111111,ATP,0.9530968289943904,1.0230031783790636,0.8434798730320843,104.69031710056096,-0.20235994569512653,Average Returner
atp_161,Hard,5,16.0,30.0,0.8,-2.0,ATP,1.1249667489769855,1.1273912578054988,1.2146110171662015,87.50332510230146,0.5391589522519663,Weak Returner
atp_162,Clay,1,22.0,41.0,1.0,-3.0,ATP,1.546829279843355,1.5407680523341816,1.5182637714577516,45.31707201566451,2.3592507926675577,Poor Returner
atp_162,Hard,9,15.555555555555555,28.444444444444443,0.6666666666666666,-2.6666666666666665,ATP,1.0937176726165136,1.068933933326695,1.012175847638501,90.62823273834863,0.40433733444340386,Weak Returner
atp_165,Clay,5,13.4,28.6,0.4,1.8,ATP,0.9421596522682253,1.0747796657745754,0.6073055085831007,105.78403477317747,-0.24954751192812316,Average Returner
atp_165,Hard,5,14.2,27.0,0.6,-1.4,ATP,0.9984079897170745,1.0146521320249489,0.910958262874651,100.15920102829256,-0.0068685998727113316,Average Returner
atp_166,Clay,2,13.5,22.0,1.0,-5.0,ATP,0.9491906944493315,0.8267535890573657,1.5182637714577516,105.08093055506686,-0.21921264792119677,Average Returner
atp_166,Grass,2,15.5,26.5,1.0,-4.5,ATP,1.0898115380714546,0.9958622777281906,1.5182637714577516,91.01884619285454,0.38748463221733365,Weak Returner
atp_166,Hard,21,11.952380952380953,22.19047619047619,0.6190476190476191,-1.7142857142857142,ATP,0.8403769464084028,0.8339116287894641,0.9398775728071797,115.96230535915973,-0.6886807813617262,Strong Returner
atp_167,Grass,2,16.0,27.0,1.0,-5.0,ATP,1.1249667489769855,1.0146521320249489,1.5182637714577516,87.50332510230146,0.5391589522519663,Weak Returner
atp_168,Clay,7,12.571428571428571,25.142857142857142,0.5714285714285714,0.0,ATP,0.8839024456247743,0.9448612446369894,0.8675792979758581,111.60975543752258,-0.5008935279855146,Strong Returner
atp_168,Grass,4,19.0,37.75,0.75,-0.25,ATP,1.3358980144101702,1.4186339994052526,1.1386978285933138,66.41019855898298,1.449204872459762,Poor Returner
atp_168,Hard,25,14.64,29.92,0.44,0.64,ATP,1.0293445753139416,1.1243848811180175,0.6680360594414108,97.06554246860584,0.12660480175776576,Average Returner
atp_17,Clay,15,13.733333333333333,28.666666666666668,0.4,1.2,ATP,0.9655964595385791,1.07728497968081,0.6073055085831007,103.44035404614209,-0.1484312985717018,Average Returner
atp_17,Grass,11,15.0,32.27272727272727,0.2727272727272727,2.272727272727273,ATP,1.0546563271659237,1.2127996864271273,0.4140719376702959,94.53436728340763,0.23581031218270104,Average Returner
atp_17,Hard,36,13.555555555555555,28.30555555555556,0.5,1.1944444444444444,ATP,0.9530968289943904,1.0637145293553736,0.7591318857288758,104.69031710056096,-0.20235994569512653,Average Returner
atp_170,Clay,3,22.33333333333333,40.0,0.3333333333333333,-4.666666666666667,ATP,1.5702660871137084,1.503188343740665,0.5060879238192505,42.97339128862916,2.460367006023978,Poor Returner
atp_171,Grass,1,18.0,30.0,1.0,-6.0,ATP,1.2655875925991087,1.1273912578054988,1.5182637714577516,73.44124074008913,1.1458562323904966,Poor Returner
atp_171,Hard,5,12.8,25.0,0.4,-0.6,ATP,0.8999733991815884,0.9394927148379156,0.6073055085831007,110.00266008184116,-0.4315566959696822,Strong Returner
atp_172,Clay,2,8.5,17.0,0.5,0.0,ATP,0.5976385853940235,0.6388550460897826,0.7591318857288758,140.23614146059765,-1.7359558482675228,Elite Returner
atp_172,Hard,3,14.333333333333334,25.33333333333333,1.0,-3.333333333333333,ATP,1.0077827126252161,0.9520192843690877,1.5182637714577516,99.22172873747839,0.03357788546985776,Average Returner
atp_173,Hard,4,16.5,28.75,1.0,-4.25,ATP,1.160121959882516,1.080416622063603,1.5182637714577516,83.9878040117484,0.6908332722865989,Weak Returner
atp_174,Clay,11,10.909090909090908,19.545454545454547,0.6363636363636364,-2.272727272727273,ATP,0.7670227833933991,0.7345124861460068,0.9661678545640238,123.29772166066009,-1.005161397191566,Elite Returner
atp_174,Grass,1,19.0,29.0,1.0,-9.0,ATP,1.3358980144101702,1.089811549211982,1.5182637714577516,66.41019855898298,1.449204872459762,Poor Returner
atp_174,Hard,17,14.058823529411764,27.41176470588235,0.5882352941176471,-0.7058823529411765,ATP,0.9884818125202188,1.0301261296811026,0.8930963361516187,101.15181874797811,-0.049694290235430975,Average Returner
atp_175,Hard,1,12.0,17.0,1.0,-7.0,ATP,0.8437250617327391,0.6388550460897826,1.5182637714577516,115.6274938267261,-0.6742356080250945,Strong Returner
atp_176,Hard,7,11.857142857142858,24.142857142857142,0.4285714285714285,0.4285714285714285,ATP,0.8336807157597302,0.9072815360434727,0.6506844734818935,116.63192842402698,-0.7175711280349895,Strong Returner
atp_177,Hard,1,19.0,30.0,1.0,-8.0,ATP,1.3358980144101702,1.1273912578054988,1.5182637714577516,66.41019855898298,1.449204872459762,Poor Returner
atp_178,Hard,1,12.0,17.0,1.0,-7.0,ATP,0.8437250617327391,0.6388550460897826,1.5182637714577516,115.6274938267261,-0.6742356080250945,Strong Returner
atp_179,Clay,1,22.0,36.0,1.0,-8.0,ATP,1.546829279843355,1.3528695093665986,1.5182637714577516,45.31707201566451,2.3592507926675577,Poor Returner
atp_179,Grass,2,23.0,46.0,0.5,0.0,ATP,1.6171397016544165,1.7286665953017646,0.7591318857288758,38.286029834558356,2.6625994327368225,Poor Returner
atp_179,Hard,2,17.5,36.0,0.5,1.0,ATP,1.2304323816935778,1.3528695093665986,0.7591318857288758,76.95676183064222,0.9941819123558641,Weak Returner
atp_18,Clay,14,12.071428571428571,26.142857142857142,0.3571428571428571,2.0,ATP,0.8487472347192434,0.982440953230506,0.5422370612349112,115.12527652807566,-0.6525678480201471,Strong Returner
atp_18,Grass,4,15.25,31.5,0.5,1.0,ATP,1.0722339326186892,1.1837608206957737,0.7591318857288758,92.77660673813108,0.3116474722000174,Weak Returner
atp_18,Hard,35,12.057142857142855,25.485714285714284,0.3428571428571428,1.3714285714285714,ATP,0.8477428001219425,0.9577457161547664,0.5205475787855148,115.22571998780575,-0.6569014000211372,Strong Returner
atp_180,Clay,1,15.0,29.0,1.0,-1.0,ATP,1.0546563271659237,1.089811549211982,1.5182637714577516,94.53436728340763,0.23581031218270104,Average Returner
atp_181,Clay,1,17.0,28.0,1.0,-6.0,ATP,1.195277170788047,1.0522318406184654,1.5182637714577516,80.4722829211953,0.8425075923212315,Weak Returner
atp_181,Hard,4,12.75,25.25,0.25,-0.25,ATP,0.8964578780910353,0.9488876419862947,0.3795659428644379,110.35421219089648,-0.44672412797314565,Strong Returner
atp_182,Clay,1,14.0,28.0,1.0,0.0,ATP,0.9843459053548622,1.0522318406184654,1.5182637714577516,101.56540946451378,-0.06753832788656415,Average Returner
atp_182,Hard,5,9.6,20.0,0.4,0.8,ATP,0.6749800493861913,0.7515941718703325,0.6073055085831007,132.50199506138088,-1.4022723441913312,Elite Returner
atp_183,Clay,5,17.8,31.8,0.8,-3.8,ATP,1.2515255082368963,1.1950347332738287,1.2146110171662015,74.84744917631036,1.0851865043766438,Poor Returner
atp_183,Hard,3,12.0,20.666666666666668,0.6666666666666666,-3.333333333333333,ATP,0.8437250617327391,0.7766473109326769,1.012175847638501,115.6274938267261,-0.6742356080250945,Strong Returner
atp_184,Grass,1,19.0,27.0,1.0,-11.0,ATP,1.3358980144101702,1.0146521320249489,1.5182637714577516,66.41019855898298,1.449204872459762,Poor Returner
atp_185,Clay,3,15.0,24.666666666666668,1.0,-5.333333333333333,ATP,1.0546563271659237,0.9269661453067435,1.5182637714577516,94.53436728340763,0.23581031218270104,Average Returner
atp_185,Grass,4,17.5,35.0,0.75,0.0,ATP,1.2304323816935778,1.3152898007730818,1.1386978285933138,76.95676183064222,0.9941819123558641,Weak Returner
atp_185,Hard,17,14.529411764705882,27.47058823529412,0.6470588235294118,-1.588235294117647,ATP,1.0215690698430713,1.0323367007748392,0.9824059697667805,97.84309301569287,0.09305801097363504,Average Returner
atp_186,Grass,2,12.5,23.5,0.5,-1.5,ATP,0.8788802726382698,0.8831231519476407,0.7591318857288758,112.11197273617302,-0.522561287990462,Strong Returner
atp_186,Hard,1,13.0,20.0,1.0,-6.0,ATP,0.9140354835438006,0.7515941718703325,1.5182637714577516,108.59645164561994,-0.37088696795582937,Strong Returner
atp_187,Clay,3,12.0,21.0,0.6666666666666666,-3.0,ATP,0.8437250617327391,0.7891738804638491,1.012175847638501,115.6274938267261,-0.6742356080250945,Strong Returner
atp_187,Hard,4,13.0,26.25,0.5,0.25,ATP,0.9140354835438006,0.9864673505798114,0.7591318857288758,108.59645164561994,-0.37088696795582937,Strong Returner
atp_188,Clay,2,17.0,32.5,0.5,-1.5,ATP,1.195277170788047,1.2213405292892903,0.7591318857288758,80.4722829211953,0.8425075923212315,Weak Returner
atp_188,Hard,2,19.0,32.5,1.0,-5.5,ATP,1.3358980144101702,1.2213405292892903,1.5182637714577516,66.41019855898298,1.449204872459762,Poor Returner
atp_189,Clay,6,16.166666666666668,30.83333333333333,0.6666666666666666,-1.5,ATP,1.1366851526121624,1.158707681633429,1.012175847638501,86.33148473878376,0.5897170589301775,Weak Returner
atp_189,Grass,2,9.0,19.0,0.5,1.0,ATP,0.6327937962995543,0.7140144632768158,0.7591318857288758,136.72062037004457,-1.5842815282328901,Elite Returner
atp_189,Hard,3,14.333333333333334,26.33333333333333,0.6666666666666666,-2.333333333333333,ATP,1.0077827126252161,0.9895989929626042,1.012175847638501,99.22172873747839,0.03357788546985776,Average Returner
atp_19,Clay,36,9.88888888888889,22.30555555555556,0.3055555555555556,2.5277777777777777,ATP,0.695291949020498,0.8382362777942738,0.46391393016764637,130.4708050979502,-1.3146382926157654,Elite Returner
atp_19,Grass,2,19.0,34.0,1.0,-4.0,ATP,1.3358980144101702,1.2777100921795652,1.5182637714577516,66.41019855898298,1.449204872459762,Poor Returner
atp_19,Hard,30,12.1,25.566666666666663,0.4,1.3666666666666667,ATP,0.8507561039138452,0.9607878830409082,0.6073055085831007,114.92438960861548,-0.6439007440181681,Strong Returner
atp_190,Clay,1,12.0,19.0,1.0,-5.0,ATP,0.8437250617327391,0.7140144632768158,1.5182637714577516,115.6274938267261,-0.6742356080250945,Strong Returner
atp_190,Grass,3,14.666666666666666,22.33333333333333,1.0,-7.0,ATP,1.0312195198955698,0.8392801585885378,1.5182637714577516,96.87804801044302,0.13469409882627914,Average Returner
atp_190,Hard,19,13.052631578947368,24.36842105263158,0.5789473684210527,-1.736842105263158,ATP,0.9177360320601723,0.9157581620420103,0.8789948150544878,108.22639679398277,-0.35492125005744707,Strong Returner
atp_191,Hard,3,12.666666666666666,23.33333333333333,0.6666666666666666,-2.0,ATP,0.8905986762734467,0.8768598671820543,1.012175847638501,110.94013237265533,-0.4720031813122513,Strong Returner
atp_192,Clay,4,12.5,21.25,0.75,-3.75,ATP,0.8788802726382698,0.7985688076122283,1.1386978285933138,112.11197273617302,-0.522561287990462,Strong Returner
atp_192,Grass,4,12.25,23.75,0.5,-0.75,ATP,0.8613026671855044,0.8925180790960198,0.7591318857288758,113.86973328144956,-0.5983984480077783,Strong Returner
atp_193,Clay,1,19.0,36.0,1.0,-2.0,ATP,1.3358980144101702,1.3528695093665986,1.5182637714577516,66.41019855898298,1.449204872459762,Poor Returner
atp_193,Hard,1,15.0,30.0,1.0,0.0,ATP,1.0546563271659237,1.1273912578054988,1.5182637714577516,94.53436728340763,0.23581031218270104,Average Returner
atp_195,Clay,3,15.0,31.33333333333333,0.3333333333333333,1.3333333333333333,ATP,1.0546563271659237,1.1774975359301874,0.5060879238192505,94.53436728340763,0.23581031218270104,Average Returner
atp_195,Hard,3,23.666666666666668,47.333333333333336,0.3333333333333333,0.0,ATP,1.6640133161951243,1.7787728734264536,0.5060879238192505,33.59866838048757,2.8648318594496667,Poor Returner
atp_196,Grass,9,12.444444444444445,24.22222222222222,0.4444444444444444,-0.6666666666666666,ATP,0.8749741380932109,0.9102640525985137,0.6747838984256673,112.50258619067891,-0.5394139902165322,Strong Returner
atp_196,Hard,4,11.5,21.25,0.5,-1.75,ATP,0.8085698508272082,0.7985688076122283,0.7591318857288758,119.14301491727917,-0.8259099280597272,Strong Returner
atp_197,Clay,4,11.75,23.0,0.5,-0.5,ATP,0.8261474562799737,0.8643332976508823,0.7591318857288758,117.38525437200263,-0.7500727680424109,Strong Returner
atp_197,Hard,1,19.0,31.0,1.0,-7.0,ATP,1.3358980144101702,1.1649709663990153,1.5182637714577516,66.41019855898298,1.449204872459762,Poor Returner
atp_198,Grass,3,21.0,42.66666666666666,0.3333333333333333,0.6666666666666666,ATP,1.4765188580322934,1.6034008999900422,0.5060879238192505,52.34811419677066,2.0559021525982923,Poor Returner
atp_198,Hard,1,16.0,29.0,1.0,-3.0,ATP,1.1249667489769855,1.089811549211982,1.5182637714577516,87.50332510230146,0.5391589522519663,Weak Returner
atp_2,Clay,13,9.692307692307692,25.846153846153847,0.1538461538461538,6.461538461538462,ATP,0.6814702421687507,0.9712909298016604,0.23357904176273095,131.85297578312492,-1.3742709312618606,Elite Returner
atp_2,Grass,9,10.77777777777778,27.33333333333333,0.1111111111111111,5.777777777777778,ATP,0.7577901017414418,1.027178701556121,0.16869597460641683,124.22098982585582,-1.0449950569986401,Elite Returner
atp_2,Hard,48,8.854166666666666,24.041666666666668,0.0833333333333333,6.333333333333333,ATP,0.6225401931187744,0.9034788274357956,0.1265219809548126,137.74598068812256,-1.628519871576325,Elite Returner
atp_20,Clay,19,10.105263157894736,22.789473684210527,0.2631578947368421,2.5789473684210527,ATP,0.7105053151433591,0.8564217800522473,0.3995430977520399,128.94946848566408,-1.2490014523668604,Elite Returner
atp_20,Grass,9,15.0,31.666666666666668,0.3333333333333333,1.6666666666666667,ATP,1.0546563271659237,1.1900241054613598,0.5060879238192505,94.53436728340763,0.23581031218270104,Average Returner
atp_20,Hard,29,13.655172413793103,24.79310344827586,0.6896551724137931,-2.5172413793103448,ATP,0.9601009323165651,0.931717602715119,1.0470784630743115,103.98990676834349,-0.1721413072207936,Average Returner
atp_200,Hard,1,12.0,14.0,1.0,-10.0,ATP,0.8437250617327391,0.5261159203092327,1.5182637714577516,115.6274938267261,-0.6742356080250945,Strong Returner
atp_201,Clay,1,12.0,17.0,1.0,-7.0,ATP,0.8437250617327391,0.6388550460897826,1.5182637714577516,115.6274938267261,-0.6742356080250945,Strong Returner
atp_202,Hard,1,19.0,30.0,1.0,-8.0,ATP,1.3358980144101702,1.1273912578054988,1.5182637714577516,66.41019855898298,1.449204872459762,Poor Returner
atp_203,Grass,2,18.5,34.5,1.0,-2.5,ATP,1.3007428035046393,1.2964999464763236,1.5182637714577516,69.92571964953606,1.2975305524251293,Poor Returner
atp_204,Clay,1,19.0,31.0,1.0,-7.0,ATP,1.3358980144101702,1.1649709663990153,1.5182637714577516,66.41019855898298,1.449204872459762,Poor Returner
atp_204,Hard,3,13.0,28.33333333333333,0.3333333333333333,2.333333333333333,ATP,0.9140354835438006,1.0647584101496375,0.5060879238192505,108.59645164561994,-0.37088696795582937,Strong Returner
atp_205,Hard,1,12.0,20.0,1.0,-4.0,ATP,0.8437250617327391,0.7515941718703325,1.5182637714577516,115.6274938267261,-0.6742356080250945,Strong Returner
atp_208,Clay,6,18.666666666666668,35.333333333333336,0.6666666666666666,-2.0,ATP,1.3124612071398163,1.327816370304254,1.012175847638501,68.75387928601837,1.3480886591033405,Poor Returner
atp_208,Hard,1,29.0,52.0,1.0,-6.0,ATP,2.039002232520786,1.9541448468628644,1.5182637714577516,-3.900223252078618,4.482691273152414,Poor Returner
atp_209,Hard,1,13.0,22.0,1.0,-4.0,ATP,0.9140354835438006,0.8267535890573657,1.5182637714577516,108.59645164561994,-0.37088696795582937,Strong Returner
atp_21,Clay,10,12.1,25.0,0.5,0.8,ATP,0.8507561039138452,0.9394927148379156,0.7591318857288758,114.92438960861548,-0.6439007440181681,Strong Returner
atp_21,Grass,10,11.8,25.4,0.3,1.8,ATP,0.8296629773705267,0.9545245982753222,0.4554791314373255,117.03370226294733,-0.7349053360389474,Strong Returner
atp_21,Hard,43,12.0,25.302325581395348,0.3720930232558139,1.302325581395349,ATP,0.8437250617327391,0.9508540220871182,0.5649353568214889,115.6274938267261,-0.6742356080250945,Strong Returner
atp_210,Grass,1,18.0,26.0,1.0,-10.0,ATP,1.2655875925991087,0.9770724234314322,1.5182637714577516,73.44124074008913,1.1458562323904966,Poor Returner
atp_210,Hard,3,14.333333333333334,26.0,0.6666666666666666,-2.6666666666666665,ATP,1.0077827126252161,0.9770724234314322,1.012175847638501,99.22172873747839,0.03357788546985776,Average Returner
atp_211,Hard,2,13.0,24.5,0.5,-1.5,ATP,0.9140354835438006,0.9207028605411572,0.7591318857288758,108.59645164561994,-0.37088696795582937,Strong Returner
atp_213,Hard,1,12.0,18.0,1.0,-6.0,ATP,0.8437250617327391,0.6764347546832993,1.5182637714577516,115.6274938267261,-0.6742356080250945,Strong Returner
atp_214,Grass,1,24.0,42.0,1.0,-6.0,ATP,1.6874501234654782,1.5783477609276981,1.5182637714577516,31.254987653452176,2.965948072806088,Poor Returner
atp_216,Clay,3,13.333333333333334,22.666666666666668,1.0,-4.0,ATP,0.9374722908141545,0.8518067281197101,1.5182637714577516,106.25277091858455,-0.26977075459940747,Average Returner
atp_216,Hard,11,15.363636363636363,29.727272727272727,0.5454545454545454,-1.0,ATP,1.080223753279037,1.1171422463709033,0.8281438753405918,91.9776246720963,0.34611890857152466,Weak Returner
atp_219,Clay,11,11.545454545454543,23.181818181818183,0.5454545454545454,0.0909090909090909,ATP,0.8117657790913473,0.8711659719406127,0.8281438753405918,118.82342209086528,-0.8121213535111249,Strong Returner
atp_219,Hard,4,18.0,32.5,0.75,-3.5,ATP,1.2655875925991087,1.2213405292892903,1.1386978285933138,73.44124074008913,1.1458562323904966,Poor Returner
atp_22,Clay,33,10.030303030303031,21.87878787878788,0.2727272727272727,1.818181818181818,ATP,0.7052348369533754,0.8221984728642122,0.4140719376702959,129.47651630466245,-1.2717405051312227,Elite Returner
atp_22,Grass,6,16.833333333333332,34.0,0.6666666666666666,0.3333333333333333,ATP,1.18355876715287,1.2777100921795652,1.012175847638501,81.644123284713,0.7919494856430203,Weak Returner
atp_22,Hard,27,13.185185185185183,24.703703703703702,0.6296296296296297,-1.6666666666666667,ATP,0.9270559320273304,0.9283579863657625,0.9559438561030289,107.29440679726696,-0.31471129386892893,Strong Returner
atp_220,Hard,3,16.0,29.33333333333333,0.6666666666666666,-2.6666666666666665,ATP,1.1249667489769855,1.102338118743154,1.012175847638501,87.50332510230146,0.5391589522519663,Weak Returner
atp_222,Clay,1,13.0,20.0,1.0,-6.0,ATP,0.9140354835438006,0.7515941718703325,1.5182637714577516,108.59645164561994,-0.37088696795582937,Strong Returner
atp_224,Clay,3,11.333333333333334,21.0,0.6666666666666666,-1.6666666666666667,ATP,0.7968514471920314,0.7891738804638491,1.012175847638501,120.31485528079686,-0.8764680347379379,Strong Returner
atp_224,Hard,3,14.333333333333334,25.666666666666668,0.6666666666666666,-3.0,ATP,1.0077827126252161,0.96454585390026,1.012175847638501,99.22172873747839,0.03357788546985776,Average Returner
atp_225,Clay,1,12.0,17.0,1.0,-7.0,ATP,0.8437250617327391,0.6388550460897826,1.5182637714577516,115.6274938267261,-0.6742356080250945,Strong Returner
atp_227,Hard,4,10.5,18.0,0.5,-3.0,ATP,0.7382594290161467,0.6764347546832993,0.7591318857288758,126.17405709838533,-1.1292585681289924,Elite Returner
atp_23,Clay,7,13.428571428571429,23.428571428571427,0.8571428571428571,-3.4285714285714284,ATP,0.944168521462827,0.8804388870481037,1.301368946963787,105.58314785371729,-0.2408804079261442,Average Returner
atp_23,Grass,7,12.285714285714286,23.714285714285715,0.4285714285714285,-0.8571428571428571,ATP,0.8638137536787567,0.8911759466462514,0.6506844734818935,113.61862463212434,-0.5875645680053043,Strong Returner
atp_23,Hard,49,12.551020408163266,26.346938775510203,0.3469387755102041,1.2448979591836735,ATP,0.8824675390572017,0.9901102815148971,0.5267445737710567,111.75324609427983,-0.5070843165583564,Strong Returner
atp_230,Clay,1,16.0,25.0,1.0,-7.0,ATP,1.1249667489769855,0.9394927148379156,1.5182637714577516,87.50332510230146,0.5391589522519663,Weak Returner
atp_234,Hard,1,12.0,18.0,1.0,-6.0,ATP,0.8437250617327391,0.6764347546832993,1.5182637714577516,115.6274938267261,-0.6742356080250945,Strong Returner
atp_235,Clay,4,15.0,28.5,1.0,-1.5,ATP,1.0546563271659237,1.0710216949152238,1.5182637714577516,94.53436728340763,0.23581031218270104,Average Returner
atp_235,Hard,1,12.0,20.0,1.0,-4.0,ATP,0.8437250617327391,0.7515941718703325,1.5182637714577516,115.6274938267261,-0.6742356080250945,Strong Returner
atp_236,Clay,2,13.0,22.0,1.0,-4.0,ATP,0.9140354835438006,0.8267535890573657,1.5182637714577516,108.59645164561994,-0.37088696795582937,Strong Returner
atp_237,Hard,1,15.0,26.0,1.0,-4.0,ATP,1.0546563271659237,0.9770724234314322,1.5182637714577516,94.53436728340763,0.23581031218270104,Average Returner
atp_238,Grass,1,18.0,28.0,1.0,-8.0,ATP,1.2655875925991087,1.0522318406184654,1.5182637714577516,73.44124074008913,1.1458562323904966,Poor Returner
atp_239,Hard,1,19.0,35.0,1.0,-3.0,ATP,1.3358980144101702,1.3152898007730818,1.5182637714577516,66.41019855898298,1.449204872459762,Poor Returner
atp_24,Clay,16,13.125,28.1875,0.25,1.9375,ATP,0.9228242862701833,1.0592780359797498,0.3795659428644379,107.71757137298167,-0.3329683879471712,Strong Returner
atp_24,Grass,3,15.333333333333334,32.333333333333336,0.6666666666666666,1.6666666666666667,ATP,1.0780931344362776,1.2150772445237044,1.012175847638501,92.19068655637224,0.33692652553912295,Weak Returner
atp_24,Hard,34,12.147058823529411,27.47058823529412,0.3529411764705882,3.176470588235294,ATP,0.8540648296461304,1.0323367007748392,0.5358578016909711,114.59351703538695,-0.6296255138972616,Strong Returner
atp_242,Hard,2,13.0,27.0,0.5,1.0,ATP,0.9140354835438006,1.0146521320249489,0.7591318857288758,108.59645164561994,-0.37088696795582937,Strong Returner
atp_245,Clay,2,11.0,23.5,0.5,1.5,ATP,0.7734146399216775,0.8831231519476407,0.7591318857288758,122.65853600783225,-0.9775842480943597,Strong Returner
atp_246,Clay,1,12.0,18.0,1.0,-6.0,ATP,0.8437250617327391,0.6764347546832993,1.5182637714577516,115.6274938267261,-0.6742356080250945,Strong Returner
atp_246,Hard,3,15.333333333333334,30.33333333333333,0.6666666666666666,-0.3333333333333333,ATP,1.0780931344362776,1.1399178273366708,1.012175847638501,92.19068655637224,0.33692652553912295,Weak Returner
atp_249,Clay,1,12.0,15.0,1.0,-9.0,ATP,0.8437250617327391,0.5636956289027494,1.5182637714577516,115.6274938267261,-0.6742356080250945,Strong Returner
atp_25,Clay,18,13.055555555555555,27.27777777777778,0.3888888888888889,1.1666666666666667,ATP,0.9179416180888597,1.0250909399675925,0.590435911122459,108.20583819111404,-0.35403426572975916,Strong Returner
atp_25,Grass,5,11.0,23.2,0.2,1.2,ATP,0.7734146399216775,0.8718492393695857,0.30365275429155036,122.65853600783225,-0.9775842480943597,Strong Returner
atp_25,Hard,38,13.526315789473683,26.23684210526316,0.5263157894736842,-0.8157894736842105,ATP,0.9510409687075172,0.9859728807298968,0.7990861955040798,104.89590312924828,-0.2112297889720059,Average Returner
atp_255,Clay,1,16.0,27.0,1.0,-5.0,ATP,1.1249667489769855,1.0146521320249489,1.5182637714577516,87.50332510230146,0.5391589522519663,Weak Returner
atp_256,Clay,3,15.0,30.33333333333333,0.6666666666666666,0.3333333333333333,ATP,1.0546563271659237,1.1399178273366708,1.012175847638501,94.53436728340763,0.23581031218270104,Average Returner
atp_259,Hard,19,12.052631578947368,24.73684210526316,0.5263157894736842,0.631578947368421,ATP,0.8474256102491107,0.9296033178396219,0.7990861955040798,115.25743897508893,-0.6582698901267122,Strong Returner
atp_26,Clay,3,10.333333333333334,18.666666666666668,0.6666666666666666,-2.0,ATP,0.7265410253809698,0.7014878937456437,1.012175847638501,127.34589746190302,-1.179816674807203,Elite Returner
atp_26,Hard,19,11.0,23.84210526315789,0.2631578947368421,1.8421052631578947,ATP,0.7734146399216775,0.8959793680454224,0.3995430977520399,122.65853600783225,-0.9775842480943597,Strong Returner
atp_262,Hard,2,13.5,23.0,1.0,-4.0,ATP,0.9491906944493315,0.8643332976508823,1.5182637714577516,105.08093055506686,-0.21921264792119677,Average Returner
atp_263,Hard,1,12.0,17.0,1.0,-7.0,ATP,0.8437250617327391,0.6388550460897826,1.5182637714577516,115.6274938267261,-0.6742356080250945,Strong Returner
atp_27,Clay,14,13.285714285714286,27.571428571428573,0.3571428571428571,1.0,ATP,0.9341241754898183,1.0361262512212441,0.5422370612349112,106.58758245101816,-0.28421592793603906,Average Returner
atp_27,Grass,7,17.142857142857142,34.857142857142854,0.4285714285714285,0.5714285714285714,ATP,1.2053215167610558,1.309921270974008,0.6506844734818935,79.46784832389442,0.8858431123311263,Weak Returner
atp_27,Hard,46,13.847826086956522,27.82608695652174,0.4782608695652174,0.1304347826086956,ATP,0.9736464933401354,1.0456962391239408,0.7261261515667509,102.63535066598646,-0.11370007746232197,Average Returner
atp_271,Hard,1,12.0,20.0,1.0,-4.0,ATP,0.8437250617327391,0.7515941718703325,1.5182637714577516,115.6274938267261,-0.6742356080250945,Strong Returner
atp_275,Hard,1,13.0,22.0,1.0,-4.0,ATP,0.9140354835438006,0.8267535890573657,1.5182637714577516,108.59645164561994,-0.37088696795582937,Strong Returner
atp_28,Clay,18,11.833333333333334,25.0,0.3888888888888889,1.3333333333333333,ATP,0.8320066580975621,0.9394927148379156,0.590435911122459,116.79933419024378,-0.7247937147033052,Strong Returner
atp_28,Grass,3,15.0,29.33333333333333,0.6666666666666666,-0.6666666666666666,ATP,1.0546563271659237,1.102338118743154,1.012175847638501,94.53436728340763,0.23581031218270104,Average Returner
atp_28,Hard,33,13.606060606060606,27.60606060606061,0.4545454545454545,0.3939393939393939,ATP,0.9566478603989894,1.0374277129907166,0.6901198961171597,104.33521396010106,-0.18703930730779,Average Returner
atp_283,Clay,6,10.0,19.83333333333333,0.5,-0.1666666666666666,ATP,0.7031042181106159,0.7453308871047462,0.7591318857288758,129.6895781889384,-1.280932888163625,Elite Returner
atp_283,Hard,12,13.666666666666666,26.33333333333333,0.5,-1.0,ATP,0.9609090980845083,0.9895989929626042,0.7591318857288758,103.90909019154917,-0.16865454124298607,Average Returner
atp_284,Clay,4,14.25,25.0,1.0,-3.5,ATP,1.0019235108076276,0.9394927148379156,1.5182637714577516,99.80764891923724,0.008298832130752144,Average Returner
atp_284,Hard,5,11.6,22.8,0.4,-0.4,ATP,0.8156008930083144,0.856817355932179,0.6073055085831007,118.43991069916856,-0.7955750640528008,Strong Returner
atp_287,Clay,1,18.0,24.0,1.0,-12.0,ATP,1.2655875925991087,0.901913006244399,1.5182637714577516,73.44124074008913,1.1458562323904966,Poor Returner
atp_29,Clay,13,11.384615384615383,21.846153846153847,0.5384615384615384,-0.9230769230769232,ATP,0.8004571098490088,0.820972095427594,0.8175266461695586,119.95428901509912,-0.8609116942215659,Strong Returner
atp_29,Grass,9,16.333333333333332,34.77777777777778,0.3333333333333333,2.111111111111111,ATP,1.1484035562473391,1.306938754418967,0.5060879238192505,85.15964437526608,0.6402751656083876,Weak Returner
atp_29,Hard,48,12.0,24.5,0.4583333333333333,0.5,ATP,0.8437250617327391,0.9207028605411572,0.6958708952514695,115.6274938267261,-0.6742356080250945,Strong Returner
atp_292,Grass,1,19.0,29.0,1.0,-9.0,ATP,1.3358980144101702,1.089811549211982,1.5182637714577516,66.41019855898298,1.449204872459762,Poor Returner
atp_292,Hard,2,12.0,18.5,1.0,-5.5,ATP,0.8437250617327391,0.6952246089800576,1.5182637714577516,115.6274938267261,-0.6742356080250945,Strong Returner
atp_294,Clay,1,18.0,34.0,1.0,-2.0,ATP,1.2655875925991087,1.2777100921795652,1.5182637714577516,73.44124074008913,1.1458562323904966,Poor Returner
atp_297,Clay,1,13.0,20.0,1.0,-6.0,ATP,0.9140354835438006,0.7515941718703325,1.5182637714577516,108.59645164561994,-0.37088696795582937,Strong Returner
atp_297,Hard,2,18.5,29.5,1.0,-7.5,ATP,1.3007428035046393,1.1086014035087404,1.5182637714577516,69.92571964953606,1.2975305524251293,Poor Returner
atp_298,Clay,2,12.5,26.0,0.5,1.0,ATP,0.8788802726382698,0.9770724234314322,0.7591318857288758,112.11197273617302,-0.522561287990462,Strong Returner
atp_3,Clay,12,11.583333333333334,27.0,0.25,3.8333333333333335,ATP,0.8144290526447968,1.0146521320249489,0.3795659428644379,118.55709473552032,-0.8006308747206216,Strong Returner
atp_3,Grass,6,13.0,32.0,0.1666666666666666,6.0,ATP,0.9140354835438006,1.2025506749925319,0.2530439619096252,108.59645164561994,-0.37088696795582937,Strong Returner
atp_3,Hard,39,11.128205128205128,26.07692307692308,0.2051282051282051,3.8205128205128207,ATP,0.7824287965641212,0.9799631702463182,0.311438722350308,121.75712034358787,-0.9386933968034284,Strong Returner
atp_30,Clay,12,12.916666666666666,24.166666666666668,0.5833333333333334,-1.6666666666666667,ATP,0.9081762817262121,0.9081762910099851,0.8856538666836885,109.18237182737879,-0.396166021294935,Strong Returner
atp_30,Grass,10,15.8,31.5,0.4,-0.1,ATP,1.110904664614773,1.1837608206957737,0.6073055085831007,88.9095335385227,0.4784892242381134,Weak Returner
atp_30,Hard,34,13.558823529411764,26.323529411764707,0.5588235294117647,-0.7941176470588235,ATP,0.953326601614688,0.9892305644469818,0.8484415193440378,104.6673398385312,-0.20136861027006359,Average Returner
atp_31,Clay,7,12.714285714285714,24.0,0.7142857142857143,-1.4285714285714286,ATP,0.893946791597783,0.901913006244399,1.0844741224698227,110.6053208402217,-0.45755800797561963,Strong Returner
atp_31,Grass,5,14.8,32.0,0.4,2.4,ATP,1.0405942428037116,1.2025506749925319,0.6073055085831007,95.94057571962884,0.17514058416884823,Average Returner
atp_31,Hard,36,11.75,24.61111111111111,0.3888888888888889,1.1111111111111112,ATP,0.8261474562799737,0.9248783837182146,0.590435911122459,117.38525437200263,-0.7500727680424109,Strong Returner
atp_310,Clay,3,10.0,15.666666666666666,0.6666666666666666,-4.333333333333333,ATP,0.7031042181106159,0.5887487679650938,1.012175847638501,129.6895781889384,-1.280932888163625,Elite Returner
atp_312,Hard,1,22.0,39.0,1.0,-5.0,ATP,1.546829279843355,1.4656086351471482,1.5182637714577516,45.31707201566451,2.3592507926675577,Poor Returner
atp_318,Hard,1,13.0,21.0,1.0,-5.0,ATP,0.9140354835438006,0.7891738804638491,1.5182637714577516,108.59645164561994,-0.37088696795582937,Strong Returner
atp_32,Clay,12,10.583333333333334,23.33333333333333,0.4166666666666667,2.1666666666666665,ATP,0.7441186308337352,0.8768598671820543,0.6326099047740632,125.58813691662648,-1.1039795147898868,Elite Returner
atp_32,Grass,3,14.0,24.666666666666668,0.6666666666666666,-3.333333333333333,ATP,0.9843459053548622,0.9269661453067435,1.012175847638501,101.56540946451378,-0.06753832788656415,Average Returner
atp_32,Hard,26,13.26923076923077,27.57692307692308,0.4615384615384615,1.0384615384615383,ATP,0.9329652124929326,1.0363327331365932,0.700737125288193,106.70347875070674,-0.2892161802448731,Average Returner
atp_323,Grass,2,15.0,28.5,0.5,-1.5,ATP,1.0546563271659237,1.0710216949152238,0.7591318857288758,94.53436728340763,0.23581031218270104,Average Returner
atp_33,Clay,28,11.821428571428571,24.321428571428573,0.4285714285714285,0.6785714285714286,ATP,0.8311696292664781,0.913992198292315,0.6506844734818935,116.8830370733522,-0.7284050080374634,Strong Returner
atp_33,Grass,1,14.0,19.0,1.0,-9.0,ATP,0.9843459053548622,0.7140144632768158,1.5182637714577516,101.56540946451378,-0.06753832788656415,Average Returner
atp_33,Hard,22,12.863636363636363,24.59090909090909,0.6363636363636364,-1.1363636363636365,ATP,0.9044476987513831,0.9241191976860224,0.9661678545640238,109.5552301248617,-0.41225269160163835,Strong Returner
atp_331,Hard,2,13.0,20.0,1.0,-6.0,ATP,0.9140354835438006,0.7515941718703325,1.5182637714577516,108.59645164561994,-0.37088696795582937,Strong Returner
atp_333,Hard,5,15.0,26.8,0.8,-3.2,ATP,1.0546563271659237,1.0071361903062455,1.2146110171662015,94.53436728340763,0.23581031218270104,Average Returner
atp_335,Clay,1,12.0,20.0,1.0,-4.0,ATP,0.8437250617327391,0.7515941718703325,1.5182637714577516,115.6274938267261,-0.6742356080250945,Strong Returner
atp_335,Hard,1,19.0,26.0,1.0,-12.0,ATP,1.3358980144101702,0.9770724234314322,1.5182637714577516,66.41019855898298,1.449204872459762,Poor Returner
atp_34,Clay,12,12.5,24.25,0.6666666666666666,-0.75,ATP,0.8788802726382698,0.9113079333927782,1.012175847638501,112.11197273617302,-0.522561287990462,Strong Returner
atp_34,Grass,11,13.272727272727272,28.09090909090909,0.3636363636363636,1.5454545454545454,ATP,0.9332110531286355,1.0556481777633306,0.5520959168937278,106.67889468713645,-0.2881555206642119,Average Returner
atp_34,Hard,36,12.055555555555555,25.0,0.4166666666666667,0.8888888888888888,ATP,0.847631196277798,0.9394927148379156,0.6326099047740632,115.2368803722202,-0.6573829057990244,Strong Returner
atp_35,Clay,13,12.153846153846152,26.153846153846157,0.5384615384615384,1.8461538461538465,ATP,0.8545420497036714,0.9828539170612041,0.8175266461695586,114.54579502963286,-0.6275665864759775,Strong Returner
atp_35,Grass,6,15.5,30.666666666666668,0.5,-0.3333333333333333,ATP,1.0898115380714546,1.1524443968678433,0.7591318857288758,91.01884619285454,0.38748463221733365,Weak Returner
atp_35,Hard,43,11.83720930232558,25.232558139534884,0.3953488372093023,1.558139534883721,ATP,0.8322791791123335,0.9482321819526869,0.600243816622832,116.77208208876665,-0.723617944780557,Strong Returner
atp_353,Clay,1,13.0,22.0,1.0,-4.0,ATP,0.9140354835438006,0.8267535890573657,1.5182637714577516,108.59645164561994,-0.37088696795582937,Strong Returner
atp_353,Hard,7,10.142857142857142,20.285714285714285,0.4285714285714285,0.0,ATP,0.7131485640836246,0.76233123146848,0.6506844734818935,128.68514359163754,-1.23759736815373,Elite Returner
atp_355,Clay,6,14.666666666666666,28.83333333333333,0.5,-0.5,ATP,1.0312195198955698,1.0835482644463958,0.7591318857288758,96.87804801044302,0.13469409882627914,Average Returner
atp_355,Hard,3,11.0,22.33333333333333,0.6666666666666666,0.3333333333333333,ATP,0.7734146399216775,0.8392801585885378,1.012175847638501,122.65853600783225,-0.9775842480943597,Strong Returner
atp_359,Hard,2,13.0,21.5,1.0,-4.5,ATP,0.9140354835438006,0.8079637347606075,1.5182637714577516,108.59645164561994,-0.37088696795582937,Strong Returner
atp_36,Clay,7,12.285714285714286,24.857142857142858,0.7142857142857143,0.2857142857142857,ATP,0.8638137536787567,0.9341241850388418,1.0844741224698227,113.61862463212434,-0.5875645680053043,Strong Returner
atp_36,Grass,4,17.25,32.25,0.75,-2.25,ATP,1.2128547762408124,1.2119456021409112,1.1386978285933138,78.71452237591876,0.9183447523385477,Weak Returner
atp_36,Hard,44,11.522727272727272,24.65909090909091,0.3863636363636363,1.6136363636363635,ATP,0.8101678149592778,0.9266814505446713,0.5866019116995858,118.98321850407223,-0.819015640785426,Strong Returner
atp_37,Clay,13,12.307692307692308,25.615384615384617,0.3846153846153846,1.0,ATP,0.8653590376746042,0.9626186893570028,0.5839476044068275,113.46409623253957,-0.580897564926859,Strong Returner
atp_37,Grass,6,16.333333333333332,35.166666666666664,0.5,2.5,ATP,1.1484035562473391,1.321553085538668,0.7591318857288758,85.15964437526608,0.6402751656083876,Weak Returner
atp_37,Hard,22,13.045454545454543,25.818181818181817,0.4090909090909091,-0.2727272727272727,ATP,0.9172314118079397,0.9702397491417019,0.6211079065054439,108.27685881920604,-0.3570983934072271,Strong Returner
atp_371,Hard,4,13.0,22.25,0.75,-3.75,ATP,0.9140354835438006,0.8361485162057449,1.1386978285933138,108.59645164561994,-0.37088696795582937,Strong Returner
atp_372,Clay,3,13.0,25.0,0.6666666666666666,-1.0,ATP,0.9140354835438006,0.9394927148379156,1.012175847638501,108.59645164561994,-0.37088696795582937,Strong Returner
atp_372,Hard,1,18.0,26.0,1.0,-10.0,ATP,1.2655875925991087,0.9770724234314322,1.5182637714577516,73.44124074008913,1.1458562323904966,Poor Returner
atp_376,Hard,1,21.0,33.0,1.0,-9.0,ATP,1.4765188580322934,1.2401303835860487,1.5182637714577516,52.34811419677066,2.0559021525982923,Poor Returner
atp_377,Clay,7,11.0,22.571428571428573,0.5714285714285714,0.5714285714285714,ATP,0.7734146399216775,0.848227708253661,0.8675792979758581,122.65853600783225,-0.9775842480943597,Strong Returner
atp_377,Hard,1,29.0,51.0,1.0,-7.0,ATP,2.039002232520786,1.9165651382693478,1.5182637714577516,-3.900223252078618,4.482691273152414,Poor Returner
atp_38,Clay,7,13.142857142857142,25.285714285714285,0.5714285714285714,-1.0,ATP,0.9240798295168094,0.9502297744360632,0.8675792979758581,107.59201704831905,-0.3275514479459345,Strong Returner
atp_38,Grass,8,13.125,27.5,0.5,1.25,ATP,0.9228242862701833,1.0334419863217073,0.7591318857288758,107.71757137298167,-0.3329683879471712,Strong Returner
atp_38,Hard,40,11.35,23.975,0.375,1.275,ATP,0.798023287555549,0.9009735135295611,0.5693489142966569,120.1976712444451,-0.8714122240701171,Strong Returner
atp_383,Hard,1,12.0,15.0,1.0,-9.0,ATP,0.8437250617327391,0.5636956289027494,1.5182637714577516,115.6274938267261,-0.6742356080250945,Strong Returner
atp_388,Clay,1,12.0,18.0,1.0,-6.0,ATP,0.8437250617327391,0.6764347546832993,1.5182637714577516,115.6274938267261,-0.6742356080250945,Strong Returner
atp_39,Clay,10,13.0,27.1,0.4,1.1,ATP,0.9140354835438006,1.0184101028843004,0.6073055085831007,108.59645164561994,-0.37088696795582937,Strong Returner
atp_39,Grass,12,11.75,25.916666666666668,0.25,2.4166666666666665,ATP,0.8261474562799737,0.9739407810486392,0.3795659428644379,117.38525437200263,-0.7500727680424109,Strong Returner
atp_39,Hard,34,12.705882352941176,24.58823529411765,0.5882352941176471,-0.8235294117647058,ATP,0.8933559477170178,0.9240187171817618,0.8930963361516187,110.66440522829822,-0.46010715621149584,Strong Returner
atp_390,Clay,1,17.0,32.0,1.0,-2.0,ATP,1.195277170788047,1.2025506749925319,1.5182637714577516,80.4722829211953,0.8425075923212315,Weak Returner
atp_390,Hard,2,14.5,29.5,0.5,0.5,ATP,1.019501116260393,1.1086014035087404,0.7591318857288758,98.0498883739607,0.08413599214806844,Average Returner
atp_391,Clay,3,8.0,18.0,0.3333333333333333,2.0,ATP,0.5624833744884927,0.6764347546832993,0.5060879238192505,143.75166255115073,-1.8876301683021555,Elite Returner
atp_391,Grass,1,31.0,57.0,1.0,-5.0,ATP,2.179623076142909,2.1420433898304476,1.5182637714577516,-17.96230761429092,5.089388553290945,Poor Returner
atp_391,Hard,5,11.8,20.8,0.8,-2.8,ATP,0.8296629773705267,0.7816579387451458,1.2146110171662015,117.03370226294733,-0.7349053360389474,Strong Returner
atp_396,Hard,1,25.0,42.0,1.0,-8.0,ATP,1.7577605452765397,1.5783477609276981,1.5182637714577516,24.22394547234603,3.269296712875353,Poor Returner
atp_398,Clay,2,12.0,22.0,0.5,-2.0,ATP,0.8437250617327391,0.8267535890573657,0.7591318857288758,115.6274938267261,-0.6742356080250945,Strong Returner
atp_399,Clay,2,15.5,24.5,1.0,-6.5,ATP,1.0898115380714546,0.9207028605411572,1.5182637714577516,91.01884619285454,0.38748463221733365,Weak Returner
atp_4,Clay,25,10.44,23.96,0.28,3.08,ATP,0.7340408037074829,0.9004098179006583,0.42511385600817053,126.59591962925171,-1.1474594865331484,Elite Returner
atp_4,Grass,9,13.444444444444445,28.33333333333333,0.3333333333333333,1.4444444444444444,ATP,0.9452845599042725,1.0647584101496375,0.5060879238192505,105.47154400957275,-0.23606535014726698,Average Returner
atp_4,Hard,49,12.0,26.387755102040817,0.2857142857142857,2.3877551020408165,ATP,0.8437250617327391,0.9916441471717754,0.43378964898792904,115.6274938267261,-0.6742356080250945,Strong Returner
atp_40,Clay,15,10.266666666666667,22.133333333333333,0.3333333333333333,1.6,ATP,0.721853663926899,0.8317642168698346,0.5060879238192505,127.8146336073101,-1.2000399174784873,Elite Returner
atp_40,Hard,22,13.0,26.545454545454547,0.4090909090909091,0.5454545454545454,ATP,0.9140354835438006,0.9975704463006232,0.6211079065054439,108.59645164561994,-0.37088696795582937,Strong Returner
atp_400,Hard,3,15.666666666666666,26.666666666666668,1.0,-4.666666666666667,ATP,1.1015299417066315,1.0021255624937766,1.5182637714577516,89.84700582933685,0.43804273889554435,Weak Returner
atp_402,Clay,1,12.0,20.0,1.0,-4.0,ATP,0.8437250617327391,0.7515941718703325,1.5182637714577516,115.6274938267261,-0.6742356080250945,Strong Returner
atp_402,Hard,7,14.714285714285714,28.0,0.7142857142857143,-1.4285714285714286,ATP,1.0345676352199062,1.0522318406184654,1.0844741224698227,96.54323647800938,0.14913927216291076,Average Returner
atp_41,Clay,7,13.142857142857142,23.428571428571427,0.7142857142857143,-2.857142857142857,ATP,0.9240798295168094,0.8804388870481037,1.0844741224698227,107.59201704831905,-0.3275514479459345,Strong Returner
atp_41,Grass,9,13.22222222222222,26.33333333333333,0.4444444444444444,-0.1111111111111111,ATP,0.9296600217240364,0.9895989929626042,0.6747838984256673,107.03399782759637,-0.303476159051549,Strong Returner
atp_41,Hard,43,12.511627906976743,24.837209302325583,0.4883720930232558,-0.1860465116279069,ATP,0.8796978356825844,0.9333750878575757,0.7414776558282042,112.03021643174156,-0.519033978222215,Strong Returner
atp_414,Hard,2,13.5,24.0,0.5,-3.0,ATP,0.9491906944493315,0.901913006244399,0.7591318857288758,105.08093055506686,-0.21921264792119677,Average Returner
atp_42,Clay,9,11.0,22.88888888888889,0.3333333333333333,0.8888888888888888,ATP,0.7734146399216775,0.8601577744738249,0.5060879238192505,122.65853600783225,-0.9775842480943597,Strong Returner
atp_42,Grass,4,13.25,32.5,0.25,6.0,ATP,0.931613088996566,1.2213405292892903,0.3795659428644379,106.8386911003434,-0.29504980793851304,Average Returner
atp_42,Hard,21,10.095238095238097,20.38095238095238,0.4761904761904761,0.1904761904761904,ATP,0.7098004487592885,0.7659102513345293,0.722982748313215,129.01995512407115,-1.252042541490361,Elite Returner
atp_424,Clay,1,12.0,19.0,1.0,-5.0,ATP,0.8437250617327391,0.7140144632768158,1.5182637714577516,115.6274938267261,-0.6742356080250945,Strong Returner
atp_43,Clay,6,13.0,24.166666666666668,0.6666666666666666,-1.8333333333333333,ATP,0.9140354835438006,0.9081762910099851,1.012175847638501,108.59645164561994,-0.37088696795582937,Strong Returner
atp_43,Grass,8,14.75,28.375,0.5,-1.125,ATP,1.0370787217131585,1.0663242313410342,0.7591318857288758,96.29212782868414,0.15997315216538474,Average Returner
atp_43,Hard,41,11.78048780487805,23.414634146341463,0.4390243902439024,-0.1463414634146341,ATP,0.8282910667010427,0.8799151280433161,0.666554826493647,117.17089332989573,-0.7408243338939574,Strong Returner
atp_44,Clay,14,14.0,27.928571428571427,0.5,-0.0714285714285714,ATP,0.9843459053548622,1.0495475757189285,0.7591318857288758,101.56540946451378,-0.06753832788656415,Average Returner
atp_44,Grass,9,13.22222222222222,27.33333333333333,0.4444444444444444,0.8888888888888888,ATP,0.9296600217240364,1.027178701556121,0.6747838984256673,107.03399782759637,-0.303476159051549,Strong Returner
atp_44,Hard,43,13.69767441860465,27.41860465116279,0.4651162790697674,0.0232558139534883,ATP,0.9630892662026808,1.0303831728315371,0.7061691960268611,103.69107337973192,-0.15924838186099333,Average Returner
atp_446,Hard,3,15.666666666666666,28.666666666666668,0.6666666666666666,-2.6666666666666665,ATP,1.1015299417066315,1.07728497968081,1.012175847638501,89.84700582933685,0.43804273889554435,Weak Returner
atp_449,Hard,14,14.285714285714286,26.142857142857142,0.7857142857142857,-2.4285714285714284,ATP,1.00443459730088,0.982440953230506,1.192921534716805,99.556540269912,0.019132712133226135,Average Returner
atp_45,Clay,28,11.642857142857142,22.928571428571427,0.4285714285714285,-0.3571428571428571,ATP,0.8186141968002171,0.8616490327513454,0.6506844734818935,118.13858031997829,-0.7825744080498322,Strong Returner
atp_45,Grass,3,15.0,25.0,1.0,-5.0,ATP,1.0546563271659237,0.9394927148379156,1.5182637714577516,94.53436728340763,0.23581031218270104,Average Returner
atp_45,Hard,19,13.578947368421051,23.57894736842105,0.7368421052631579,-3.5789473684210527,ATP,0.9547415172238889,0.8860899710471287,1.1187206737057116,104.52584827761112,-0.1952640710736236,Average Returner
atp_455,Hard,2,12.5,19.5,1.0,-5.5,ATP,0.8788802726382698,0.7328043175735741,1.5182637714577516,112.11197273617302,-0.522561287990462,Strong Returner
atp_46,Clay,7,13.142857142857142,27.571428571428573,0.1428571428571428,1.2857142857142858,ATP,0.9240798295168094,1.0361262512212441,0.21689482449396444,107.59201704831905,-0.3275514479459345,Strong Returner
atp_46,Grass,8,12.0,24.625,0.375,0.625,ATP,0.8437250617327391,0.9254003241153469,0.5693489142966569,115.6274938267261,-0.6742356080250945,Strong Returner
atp_46,Hard,25,13.28,25.72,0.56,-0.84,ATP,0.9337224016508978,0.9665501050252475,0.8502277120163411,106.62775983491022,-0.2859493487364353,Average Returner
atp_47,Clay,13,11.461538461538462,23.384615384615383,0.4615384615384615,0.4615384615384615,ATP,0.8058656038344751,0.8787870317253118,0.700737125288193,119.4134396165525,-0.8375771834470066,Strong Returner
atp_47,Grass,5,13.2,24.8,0.6,-1.6,ATP,0.9280975679060129,0.9319767731192123,0.910958262874651,107.1902432093987,-0.31021723994197653,Strong Returner
atp_47,Hard,39,13.205128205128204,27.102564102564106,0.4615384615384615,0.6923076923076923,ATP,0.9284581341717106,1.0185064611114636,0.700737125288193,107.15418658282894,-0.3086616058903393,Strong Returner
atp_470,Hard,1,12.0,18.0,1.0,-6.0,ATP,0.8437250617327391,0.6764347546832993,1.5182637714577516,115.6274938267261,-0.6742356080250945,Strong Returner
atp_473,Hard,3,15.0,29.33333333333333,0.6666666666666666,-0.6666666666666666,ATP,1.0546563271659237,1.102338118743154,1.012175847638501,94.53436728340763,0.23581031218270104,Average Returner
atp_475,Grass,1,23.0,39.0,1.0,-7.0,ATP,1.6171397016544165,1.4656086351471482,1.5182637714577516,38.286029834558356,2.6625994327368225,Poor Returner
atp_48,Clay,2,13.5,26.5,0.5,-0.5,ATP,0.9491906944493315,0.9958622777281906,0.7591318857288758,105.08093055506686,-0.21921264792119677,Average Returner
atp_48,Grass,5,13.2,28.0,0.4,1.6,ATP,0.9280975679060129,1.0522318406184654,0.6073055085831007,107.1902432093987,-0.31021723994197653,Strong Returner
atp_48,Hard,31,12.96774193548387,25.29032258064516,0.5483870967741935,-0.6451612903225806,ATP,0.9117674054208631,0.9504029528166784,0.8325962617671541,108.8232594579137,-0.380672407958064,Strong Returner
atp_49,Clay,10,11.9,24.6,0.5,0.8,ATP,0.8366940195516329,0.9244608314005089,0.7591318857288758,116.3305980448367,-0.704570472032021,Strong Returner
atp_49,Hard,40,11.975,24.7,0.45,0.75,ATP,0.8419673011874624,0.9282188022598605,0.6832186971559883,115.80326988125375,-0.6818193240268263,Strong Returner
atp_5,Clay,24,10.458333333333334,23.95833333333333,0.2083333333333333,3.0416666666666665,ATP,0.7353298281073525,0.9003471850530023,0.31630495238703155,126.46701718926475,-1.1418980947985449,Elite Returner
atp_5,Grass,1,23.0,37.0,1.0,-9.0,ATP,1.6171397016544165,1.3904492179601151,1.5182637714577516,38.286029834558356,2.6625994327368225,Poor Returner
atp_5,Hard,52,12.365384615384617,26.846153846153847,0.3653846153846153,2.1153846153846154,ATP,0.869415408163704,1.008870638395177,0.5547502241864861,113.0584591836296,-0.5633966818459396,Strong Returner
atp_50,Clay,20,12.9,25.55,0.45,-0.25,ATP,0.9070044413626945,0.9601615545643497,0.6832186971559883,109.29955586373055,-0.4012218319627558,Strong Returner
atp_50,Grass,3,16.666666666666668,27.0,1.0,-6.333333333333333,ATP,1.1718403635176933,1.0146521320249489,1.5182637714577516,82.81596364823068,0.7413913789648101,Weak Returner
atp_50,Hard,33,14.454545454545457,26.666666666666668,0.5454545454545454,-2.242424242424242,ATP,1.016305187996254,1.0021255624937766,0.8281438753405918,98.36948120037461,0.07034741759946617,Average Returner
atp_51,Clay,14,12.785714285714286,25.642857142857142,0.3571428571428571,0.0714285714285714,ATP,0.8989689645842875,0.9636510989337477,0.5422370612349112,110.10310354157124,-0.43589024797067166,Strong Returner
atp_51,Grass,4,18.0,33.75,0.75,-2.25,ATP,1.2655875925991087,1.2683151650311861,1.1386978285933138,73.44124074008913,1.1458562323904966,Poor Returner
atp_51,Hard,26,14.923076923076923,27.807692307692307,0.7307692307692307,-2.0384615384615383,ATP,1.0492478331804576,1.0450049735812508,1.1095004483729722,95.07521668195425,0.21247580140814226,Average Returner
atp_52,Clay,2,15.0,20.5,1.0,-9.5,ATP,1.0546563271659237,0.7703840261670908,1.5182637714577516,94.53436728340763,0.23581031218270104,Average Returner
atp_52,Grass,4,16.75,36.5,0.25,3.0,ATP,1.1776995653352815,1.3716593636633567,0.3795659428644379,82.23004346647184,0.7666704323039152,Weak Returner
atp_52,Hard,22,11.818181818181818,24.40909090909091,0.5,0.7727272727272727,ATP,0.8309413486761824,0.9172865233962921,0.7591318857288758,116.90586513238176,-0.7293899062195064,Strong Returner
atp_53,Clay,24,12.25,24.08333333333333,0.5416666666666666,-0.4166666666666667,ATP,0.8613026671855044,0.9050446486271918,0.8223928762062821,113.86973328144956,-0.5983984480077783,Strong Returner
atp_53,Grass,6,13.833333333333334,26.0,0.6666666666666666,-1.6666666666666667,ATP,0.9726275017196854,0.9770724234314322,1.012175847638501,102.73724982803147,-0.11809643456477484,Average Returner
atp_53,Hard,30,13.766666666666667,28.266666666666666,0.5,0.7333333333333333,ATP,0.9679401402656146,1.0622530962434031,0.7591318857288758,103.20598597343854,-0.13831967723605912,Average Returner
atp_54,Clay,14,13.5,25.571428571428573,0.5714285714285714,-1.4285714285714286,ATP,0.9491906944493315,0.9609668340342109,0.8675792979758581,105.08093055506686,-0.21921264792119677,Average Returner
atp_54,Grass,4,14.0,24.0,0.75,-4.0,ATP,0.9843459053548622,0.901913006244399,1.1386978285933138,101.56540946451378,-0.06753832788656415,Average Returner
atp_54,Hard,36,13.666666666666666,25.63888888888889,0.5833333333333334,-1.6944444444444444,ATP,0.9609090980845083,0.9635019731059957,0.8856538666836885,103.90909019154917,-0.16865454124298607,Average Returner
atp_55,Clay,11,12.909090909090908,25.363636363636363,0.5454545454545454,-0.4545454545454545,ATP,0.9076436270155223,0.9531580634173762,0.8281438753405918,109.23563729844777,-0.3984641170530355,Strong Returner
atp_55,Grass,2,19.5,37.5,0.5,-1.5,ATP,1.371053225315701,1.4092390722568733,0.7591318857288758,62.89467746842989,1.6008791924943944,Poor Returner
atp_55,Hard,32,12.78125,25.3125,0.53125,-0.25,ATP,0.898655078772631,0.9512363737733895,0.8065776285869306,110.1344921227369,-0.4372444829709811,Strong Returner
atp_56,Clay,9,12.333333333333334,24.444444444444443,0.5555555555555556,-0.2222222222222222,ATP,0.867161869003093,0.9186150989526285,0.8434798730320843,113.2838130996907,-0.5731193946686727,Strong Returner
atp_56,Grass,4,15.75,34.25,0.25,2.75,ATP,1.10738914352422,1.2871050193279443,0.3795659428644379,89.261085647578,0.46332179223465,Weak Returner
atp_56,Hard,19,13.789473684210526,28.105263157894736,0.4736842105263157,0.5263157894736842,ATP,0.9695437112893756,1.056187599417783,0.7191775759536717,103.04562887106245,-0.13140119948009388,Average Returner
atp_57,Clay,9,10.666666666666666,21.444444444444443,0.4444444444444444,0.1111111111111111,ATP,0.7499778326513236,0.8058759731720786,0.6747838984256673,125.00221673486764,-1.0787004614507816,Elite Returner
atp_57,Grass,1,27.0,49.0,1.0,-5.0,ATP,1.898381388898663,1.8414057210823145,1.5182637714577516,10.161861110133714,3.8759939930138834,Poor Returner
atp_57,Hard,28,12.392857142857142,25.678571428571427,0.4642857142857143,0.8928571428571429,ATP,0.8713470131585133,0.9649932313835161,0.7049081796053848,112.86529868414867,-0.5550629279978834,Strong Returner
atp_58,Clay,8,14.75,27.5,0.75,-2.0,ATP,1.0370787217131585,1.0334419863217073,1.1386978285933138,96.29212782868414,0.15997315216538474,Average Returner
atp_58,Grass,4,19.75,37.25,0.75,-2.25,ATP,1.3886308307684663,1.3998441451084942,1.1386978285933138,61.13691692315337,1.6767163525117108,Poor Returner
atp_58,Hard,41,13.414634146341465,26.170731707317078,0.5365853658536586,-0.6585365853658537,ATP,0.9431885852703384,0.9834884712400815,0.8146781212700132,105.68114147296616,-0.24510826353686535,Average Returner
atp_59,Clay,1,29.0,56.0,1.0,-2.0,ATP,2.039002232520786,2.104463681236931,1.5182637714577516,-3.900223252078618,4.482691273152414,Poor Returner
atp_59,Grass,2,14.5,31.0,0.5,2.0,ATP,1.019501116260393,1.1649709663990153,0.7591318857288758,98.0498883739607,0.08413599214806844,Average Returner
atp_59,Hard,23,13.956521739130435,27.217391304347824,0.6086956521739131,-0.6956521739130435,ATP,0.9812889304935117,1.0228216338931047,0.9241605565395011,101.87110695064882,-0.0807273991939233,Average Returner
atp_6,Clay,8,13.25,26.375,0.625,-0.125,ATP,0.931613088996566,0.9911648141540009,0.9489148571610948,106.8386911003434,-0.29504980793851304,Average Returner
atp_6,Grass,10,13.0,27.7,0.4,1.7,ATP,0.9140354835438006,1.0409579280404104,0.6073055085831007,108.59645164561994,-0.37088696795582937,Strong Returner
atp_6,Hard,65,11.646153846153846,25.04615384615385,0.2461538461538461,1.7538461538461538,ATP,0.8188459893995942,0.9412271629268473,0.3737264668203696,118.11540106004058,-0.7815743575880655,Strong Returner
atp_60,Clay,10,10.8,23.4,0.4,1.8,ATP,0.7593525555594652,0.879365181088289,0.6073055085831007,124.06474444405347,-1.0382539761082126,Elite Returner
atp_60,Grass,6,16.166666666666668,32.333333333333336,0.3333333333333333,0.0,ATP,1.1366851526121624,1.2150772445237044,0.5060879238192505,86.33148473878376,0.5897170589301775,Weak Returner
atp_60,Hard,19,10.789473684210526,21.68421052631579,0.4736842105263157,0.1052631578947368,ATP,0.7586124458561908,0.8148863126594131,0.7191775759536717,124.13875541438092,-1.0414471196878894,Elite Returner
atp_61,Clay,26,11.807692307692308,23.653846153846157,0.4615384615384615,0.0384615384615384,ATP,0.8302038267690734,0.8889046455774126,0.700737125288193,116.97961732309265,-0.7325718849614915,Strong Returner
atp_61,Grass,3,14.666666666666666,24.0,1.0,-5.333333333333333,ATP,1.0312195198955698,0.901913006244399,1.5182637714577516,96.87804801044302,0.13469409882627914,Average Returner
atp_61,Hard,20,14.75,26.85,0.75,-2.65,ATP,1.0370787217131585,1.0090151757359214,1.1386978285933138,96.29212782868414,0.15997315216538474,Average Returner
atp_62,Clay,23,12.869565217391305,25.869565217391305,0.4782608695652174,0.1304347826086956,ATP,0.9048645589597492,0.9721707223105388,0.7261261515667509,109.51354410402509,-0.41045418187790733,Strong Returner
atp_62,Grass,2,15.5,25.5,1.0,-5.5,ATP,1.0898115380714546,0.9582825691346739,1.5182637714577516,91.01884619285454,0.38748463221733365,Weak Returner
atp_62,Hard,22,13.636363636363637,26.181818181818183,0.5909090909090909,-1.0909090909090908,ATP,0.958778479241749,0.9839050977211625,0.8971558649523078,104.1221520758251,-0.17784692427538776,Average Returner
atp_63,Clay,10,14.6,26.7,0.6,-2.5,ATP,1.0265321584414993,1.0033782194468939,0.910958262874651,97.34678415585007,0.11447085615499486,Average Returner
atp_63,Grass,6,13.333333333333334,27.33333333333333,0.5,0.6666666666666666,ATP,0.9374722908141545,1.027178701556121,0.7591318857288758,106.25277091858455,-0.26977075459940747,Average Returner
atp_63,Hard,44,12.75,25.704545454545453,0.5,0.2045454545454545,ATP,0.8964578780910353,0.9659693277106204,0.7591318857288758,110.35421219089648,-0.44672412797314565,Strong Returner
atp_64,Clay,6,14.833333333333334,26.33333333333333,0.8333333333333334,-3.333333333333333,ATP,1.042937923530747,0.9895989929626042,1.2652198095481264,95.70620764692531,0.18525220550449037,Average Returner
atp_64,Grass,9,15.444444444444445,32.77777777777778,0.4444444444444444,1.8888888888888888,ATP,1.0859054035263958,1.231779337231934,0.6747838984256673,91.40945964736042,0.37063192999126343,Weak Returner
atp_64,Hard,44,12.909090909090908,26.295454545454547,0.5,0.4772727272727273,ATP,0.9076436270155223,0.988175519152244,0.7591318857288758,109.23563729844777,-0.3984641170530355,Strong Returner
atp_65,Clay,4,13.5,23.75,0.75,-3.25,ATP,0.9491906944493315,0.8925180790960198,1.1386978285933138,105.08093055506686,-0.21921264792119677,Average Returner
atp_65,Hard,16,12.0625,22.9375,0.625,-1.1875,ATP,0.8481194630959304,0.8619845658637876,0.9489148571610948,115.18805369040696,-0.6552763180207655,Strong Returner
atp_66,Hard,17,13.411764705882351,28.176470588235293,0.4117647058823529,1.3529411764705883,ATP,0.9429868337012964,1.0588635538996742,0.6251674353061331,105.70131662987036,-0.24597870439789707,Average Returner
atp_67,Clay,12,14.583333333333334,28.5,0.5833333333333334,-0.6666666666666666,ATP,1.0253603180779816,1.0710216949152238,0.8856538666836885,97.46396819220185,0.10941504548717405,Average Returner
atp_67,Hard,24,13.333333333333334,25.95833333333333,0.5833333333333334,-0.7083333333333334,ATP,0.9374722908141545,0.9755066022400355,0.8856538666836885,106.25277091858455,-0.26977075459940747,Average Returner
atp_68,Clay,5,11.4,22.2,0.8,-0.6,ATP,0.8015388086461022,0.834269530776069,1.2146110171662015,119.84611913538978,-0.8562447920666536,Strong Returner
atp_68,Grass,1,18.0,28.0,1.0,-8.0,ATP,1.2655875925991087,1.0522318406184654,1.5182637714577516,73.44124074008913,1.1458562323904966,Poor Returner
atp_68,Hard,14,13.428571428571429,26.5,0.5,-0.3571428571428571,ATP,0.944168521462827,0.9958622777281906,0.7591318857288758,105.58314785371729,-0.2408804079261442,Average Returner
atp_69,Clay,6,14.666666666666666,26.5,0.6666666666666666,-2.833333333333333,ATP,1.0312195198955698,0.9958622777281906,1.012175847638501,96.87804801044302,0.13469409882627914,Average Returner
atp_69,Grass,10,14.2,27.9,0.4,-0.5,ATP,0.9984079897170745,1.0484738697591138,0.6073055085831007,100.15920102829256,-0.0068685998727113316,Average Returner
atp_69,Hard,38,13.447368421052632,27.157894736842103,0.4736842105263157,0.2631578947368421,ATP,0.9454901459329598,1.0205857702239252,0.7191775759536717,105.45098540670402,-0.23517836581957904,Average Returner
atp_7,Clay,7,12.571428571428571,24.142857142857142,0.5714285714285714,-1.0,ATP,0.8839024456247743,0.9072815360434727,0.8675792979758581,111.60975543752258,-0.5008935279855146,Strong Returner
atp_7,Grass,15,14.2,31.8,0.1333333333333333,3.4,ATP,0.9984079897170745,1.1950347332738287,0.2024351695277002,100.15920102829256,-0.0068685998727113316,Average Returner
atp_7,Hard,54,12.61111111111111,27.46296296296296,0.3148148148148148,2.240740740740741,ATP,0.8866925417283877,1.0320501452626878,0.47797192805151445,111.33074582716122,-0.4888558835383215,Strong Returner
atp_70,Clay,8,16.0,29.75,0.625,-2.25,ATP,1.1249667489769855,1.1179963306571195,0.9489148571610948,87.50332510230146,0.5391589522519663,Weak Returner
atp_70,Grass,4,13.0,26.0,0.5,0.0,ATP,0.9140354835438006,0.9770724234314322,0.7591318857288758,108.59645164561994,-0.37088696795582937,Strong Returner
atp_70,Hard,24,11.958333333333334,22.83333333333333,0.625,-1.0833333333333333,ATP,0.8407954608239449,0.858070012885296,0.9489148571610948,115.92045391760551,-0.6868751346946471,Strong Returner
atp_71,Clay,11,11.363636363636363,23.90909090909091,0.3636363636363636,1.181818181818182,ATP,0.7989820660347907,0.8984966690995339,0.5520959168937278,120.10179339652093,-0.8672756517055361,Strong Returner
atp_71,Grass,2,5.0,11.5,0.5,1.5,ATP,0.3515521090553079,0.43216664882544115,0.7591318857288758,164.8447890944692,-2.797676088509951,Elite Returner
atp_71,Hard,13,14.0,27.615384615384617,0.5384615384615384,-0.3846153846153846,ATP,0.9843459053548622,1.0377781065440361,0.8175266461695586,101.56540946451378,-0.06753832788656415,Average Returner
atp_72,Clay,7,15.285714285714286,29.428571428571427,0.5714285714285714,-1.1428571428571428,ATP,1.0747450191119414,1.1059171386092035,0.8675792979758581,92.52549808880586,0.32248135220249136,Weak Returner
atp_72,Grass,6,13.5,24.5,0.6666666666666666,-2.5,ATP,0.9491906944493315,0.9207028605411572,1.012175847638501,105.08093055506686,-0.21921264792119677,Average Returner
atp_72,Hard,31,14.387096774193548,27.516129032258064,0.6451612903225806,-1.2580645161290325,ATP,1.0115628428301118,1.0340481106538606,0.9795250138437107,98.84371571698883,0.049886952140248075,Average Returner
atp_73,Clay,11,13.363636363636363,26.63636363636364,0.3636363636363636,-0.0909090909090909,ATP,0.939602909656914,1.0009867834454884,0.5520959168937278,106.0397090343086,-0.26057837156700575,Average Returner
atp_73,Grass,2,22.5,43.0,0.5,-2.0,ATP,1.5819844907488858,1.615927469521215,0.7591318857288758,41.80155092511142,2.51092511270219,Poor Returner
atp_73,Hard,19,13.842105263157896,27.31578947368421,0.5789473684210527,-0.3684210526315789,ATP,0.9732442598057472,1.0265194084229015,0.8789948150544878,102.67557401942527,-0.11543548158171103,Average Returner
atp_74,Clay,25,11.16,23.8,0.48,1.48,ATP,0.7846643074114473,0.8943970645256957,0.7287666102997208,121.53356925885527,-0.9290484656832773,Strong Returner
atp_74,Grass,2,18.0,36.5,0.5,0.5,ATP,1.2655875925991087,1.3716593636633567,0.7591318857288758,73.44124074008913,1.1458562323904966,Poor Returner
atp_74,Hard,17,15.058823529411764,28.235294117647054,0.7647058823529411,-1.8823529411764703,ATP,1.0587922343312803,1.0610741249934104,1.1610252369971041,94.12077656687197,0.2536543498338342,Average Returner
atp_75,Clay,7,13.142857142857142,25.428571428571427,0.7142857142857143,-0.8571428571428571,ATP,0.9240798295168094,0.9555983042351369,1.0844741224698227,107.59201704831905,-0.3275514479459345,Strong Returner
atp_75,Grass,2,20.5,35.5,1.0,-5.5,ATP,1.4413636471267626,1.3340796550698402,1.5182637714577516,55.863635287323746,1.9042278325636597,Poor Returner
atp_75,Hard,37,12.83783783783784,25.43243243243243,0.5675675675675675,-0.2432432432432432,ATP,0.9026337935203854,0.9557433996351119,0.8617172756922374,109.73662064796146,-0.42007863931841216,Strong Returner
atp_76,Clay,3,14.333333333333334,26.0,0.6666666666666666,-2.6666666666666665,ATP,1.0077827126252161,0.9770724234314322,1.012175847638501,99.22172873747839,0.03357788546985776,Average Returner
atp_76,Hard,13,14.846153846153848,28.76923076923077,0.5384615384615384,-0.9230769230769232,ATP,1.0438393391949914,1.0811393087673244,0.8175266461695586,95.61606608050086,0.18914129063358404,Average Returner
atp_77,Clay,10,12.7,23.1,0.7,-2.3,ATP,0.8929423570004821,0.8680912685102341,1.0627846400204262,110.7057642999518,-0.46189155997660913,Strong Returner
atp_77,Grass,6,14.666666666666666,28.83333333333333,0.5,-0.5,ATP,1.0312195198955698,1.0835482644463958,0.7591318857288758,96.87804801044302,0.13469409882627914,Average Returner
atp_77,Hard,23,14.695652173913045,27.91304347826087,0.6086956521739131,-1.4782608695652173,ATP,1.0332575031364704,1.0489640398712032,0.9241605565395011,96.67424968635297,0.14348681303118596,Average Returner
atp_78,Clay,17,12.705882352941176,25.705882352941178,0.4705882352941176,0.2941176470588235,ATP,0.8933559477170178,0.9660195679627509,0.7144770689212948,110.66440522829822,-0.46010715621149584,Strong Returner
atp_78,Hard,3,19.666666666666668,32.0,1.0,-7.333333333333333,ATP,1.382771628950878,1.2025506749925319,1.5182637714577516,61.7228371049122,1.6514372991726056,Poor Returner
atp_79,Clay,14,12.5,24.0,0.5714285714285714,-1.0,ATP,0.8788802726382698,0.901913006244399,0.8675792979758581,112.11197273617302,-0.522561287990462,Strong Returner
atp_79,Grass,1,20.0,34.0,1.0,-6.0,ATP,1.4062084362212317,1.2777100921795652,1.5182637714577516,59.37915637787683,1.752553512529027,Poor Returner
atp_79,Hard,17,14.176470588235292,24.647058823529413,0.5882352941176471,-3.7058823529411766,ATP,0.9967536268509317,0.926229288275498,0.8930963361516187,100.32463731490682,-0.014006214933165144,Average Returner
atp_8,Clay,15,9.466666666666669,22.2,0.3333333333333333,3.2666666666666666,ATP,0.6656053264780498,0.834269530776069,0.5060879238192505,133.439467352195,-1.442718829533899,Elite Returner
atp_8,Grass,5,13.2,30.0,0.4,3.6,ATP,0.9280975679060129,1.1273912578054988,0.6073055085831007,107.1902432093987,-0.31021723994197653,Strong Returner
atp_8,Hard,64,10.203125,23.59375,0.265625,3.1875,ATP,0.7173860225409877,0.8866462496282829,0.4032888142934653,128.26139774590123,-1.2193151956495554,Elite Returner
atp_80,Clay,2,15.0,22.0,1.0,-8.0,ATP,1.0546563271659237,0.8267535890573657,1.5182637714577516,94.53436728340763,0.23581031218270104,Average Returner
atp_80,Grass,4,18.25,36.0,0.75,-0.5,ATP,1.283165198051874,1.3528695093665986,1.1386978285933138,71.6834801948126,1.221693392407813,Poor Returner
atp_80,Hard,19,13.736842105263158,25.84210526315789,0.5789473684210527,-1.631578947368421,ATP,0.9658431627730039,0.9711387852324558,0.8789948150544878,103.41568372269961,-0.14736691737847615,Average Returner
atp_81,Clay,11,14.454545454545457,29.272727272727277,0.3636363636363636,0.3636363636363636,ATP,1.016305187996254,1.1000605606465776,0.5520959168937278,98.36948120037461,0.07034741759946617,Average Returner
atp_81,Grass,1,23.0,38.0,1.0,-8.0,ATP,1.6171397016544165,1.4280289265536317,1.5182637714577516,38.286029834558356,2.6625994327368225,Poor Returner
atp_81,Hard,6,13.666666666666666,23.166666666666668,0.8333333333333334,-4.166666666666667,ATP,0.9609090980845083,0.8705965824164685,1.2652198095481264,103.90909019154917,-0.16865454124298607,Average Returner
atp_82,Clay,14,11.928571428571429,22.642857142857142,0.5714285714285714,-1.2142857142857142,ATP,0.8387028887462347,0.8509119731531978,0.8675792979758581,116.12971112537653,-0.695903368030042,Strong Returner
atp_82,Grass,9,13.666666666666666,28.11111111111111,0.4444444444444444,0.7777777777777778,ATP,0.9609090980845083,1.056407363795523,0.6747838984256673,103.90909019154917,-0.16865454124298607,Average Returner
atp_82,Hard,19,14.0,25.26315789473684,0.7368421052631579,-2.736842105263158,ATP,0.9843459053548622,0.9493821118362094,1.1187206737057116,101.56540946451378,-0.06753832788656415,Average Returner
atp_83,Clay,8,16.875,32.5,0.75,-1.25,ATP,1.1864883680616642,1.2213405292892903,1.1386978285933138,81.35116319383357,0.8045890123125733,Weak Returner
atp_83,Grass,5,17.8,33.8,0.6,-1.8,ATP,1.2515255082368963,1.2701941504608618,0.910958262874651,74.84744917631036,1.0851865043766438,Poor Returner
atp_83,Hard,44,13.204545454545457,26.522727272727277,0.5227272727272727,0.1136363636363636,ATP,0.9284171607324271,0.9967163620144069,0.7936378805347338,107.15828392675729,-0.3088383824871153,Strong Returner
atp_84,Clay,12,10.25,21.33333333333333,0.4166666666666667,0.8333333333333334,ATP,0.7206818235633813,0.8017004499950211,0.6326099047740632,127.93181764366187,-1.2050957281463086,Elite Returner
atp_84,Grass,7,11.714285714285714,22.142857142857142,0.5714285714285714,-1.2857142857142858,ATP,0.8236363697867214,0.8321221188564395,0.8675792979758581,117.63636302132787,-0.7609066480448848,Strong Returner
atp_84,Hard,18,14.72222222222222,27.0,0.7222222222222222,-2.4444444444444446,ATP,1.0351256544406287,1.0146521320249489,1.0965238349417095,96.48743455593714,0.15154680105234883,Average Returner
atp_85,Clay,13,13.384615384615383,26.23076923076923,0.4615384615384615,-0.5384615384615384,ATP,0.9410779534711319,0.9857446638760898,0.700737125288193,105.89220465288682,-0.25421441408303547,Average Returner
atp_85,Grass,2,16.0,28.0,1.0,-4.0,ATP,1.1249667489769855,1.0522318406184654,1.5182637714577516,87.50332510230146,0.5391589522519663,Weak Returner
atp_85,Hard,30,13.5,26.466666666666665,0.5666666666666667,-0.5333333333333333,ATP,0.9491906944493315,0.9946096207750732,0.8603494704927259,105.08093055506686,-0.21921264792119677,Average Returner
atp_86,Clay,16,11.0625,23.25,0.375,1.125,ATP,0.7778090412848688,0.8737282247992615,0.5693489142966569,122.21909587151312,-0.9586249580900307,Strong Returner
atp_86,Grass,4,20.0,38.75,0.75,-1.25,ATP,1.4062084362212317,1.4562137079987691,1.1386978285933138,59.37915637787683,1.752553512529027,Poor Returner
atp_86,Hard,12,14.166666666666666,27.0,0.5833333333333334,-1.3333333333333333,ATP,0.9960643089900392,1.0146521320249489,0.8856538666836885,100.39356910099609,-0.01698022120835347,Average Returner
atp_87,Clay,16,12.5,24.6875,0.4375,-0.3125,ATP,0.8788802726382698,0.9277490559024416,0.6642404000127664,112.11197273617302,-0.522561287990462,Strong Returner
atp_87,Grass,1,26.0,48.0,1.0,-4.0,ATP,1.8280709670876012,1.803826012488798,1.5182637714577516,17.192903291239887,3.5726453529446185,Poor Returner
atp_87,Hard,9,14.444444444444445,25.666666666666668,0.6666666666666666,-3.2222222222222223,ATP,1.015594981715334,0.96454585390026,1.012175847638501,98.4405018284666,0.06728328992199821,Average Returner
atp_88,Clay,5,14.2,26.4,0.8,-2.0,ATP,0.9984079897170745,0.9921043068688388,1.2146110171662015,100.15920102829256,-0.0068685998727113316,Average Returner
atp_88,Grass,5,17.6,30.6,0.8,-4.6,ATP,1.237463423874684,1.1499390829616087,1.2146110171662015,76.2536576125316,1.024516776362791,Poor Returner
atp_88,Hard,37,14.108108108108109,26.62162162162162,0.6216216216216216,-1.5945945945945943,ATP,0.9919470320371392,1.000432782827402,0.9437855876629266,100.80529679628609,-0.034743880311508255,Average Returner
atp_89,Clay,6,12.0,22.0,0.6666666666666666,-2.0,ATP,0.8437250617327391,0.8267535890573657,1.012175847638501,115.6274938267261,-0.6742356080250945,Strong Returner
atp_89,Grass,2,20.0,41.5,0.5,1.5,ATP,1.4062084362212317,1.55955790663094,0.7591318857288758,59.37915637787683,1.752553512529027,Poor Returner
atp_89,Hard,3,15.666666666666666,28.666666666666668,0.6666666666666666,-2.6666666666666665,ATP,1.1015299417066315,1.07728497968081,1.012175847638501,89.84700582933685,0.43804273889554435,Weak Returner
atp_9,Clay,13,13.307692307692308,25.692307692307693,0.3846153846153846,-0.9230769230769232,ATP,0.9356694594856658,0.9655094361718887,0.5839476044068275,106.43305405143342,-0.2775489248575937,Average Returner
atp_9,Grass,10,13.5,29.0,0.4,2.0,ATP,0.9491906944493315,1.089811549211982,0.6073055085831007,105.08093055506686,-0.21921264792119677,Average Returner
atp_9,Hard,54,12.407407407407408,26.574074074074076,0.3148148148148148,1.7592592592592593,ATP,0.872370048396505,0.9986459598462288,0.47797192805151445,112.7629951603495,-0.5506491250339122,Strong Returner
atp_90,Clay,9,13.555555555555555,25.88888888888889,0.5555555555555556,-1.2222222222222223,ATP,0.9530968289943904,0.9728969002543748,0.8434798730320843,104.69031710056096,-0.20235994569512653,Average Returner
atp_90,Grass,2,13.0,21.5,1.0,-4.5,ATP,0.9140354835438006,0.8079637347606075,1.5182637714577516,108.59645164561994,-0.37088696795582937,Strong Returner
atp_90,Hard,14,14.071428571428571,28.071428571428573,0.5,-0.0714285714285714,ATP,0.9893680783413666,1.0549161055180025,0.7591318857288758,101.06319216586334,-0.04587056788161672,Average Returner
atp_9001,Hard,6,14.666666666666666,26.0,0.8333333333333334,-3.333333333333333,ATP,1.0312195198955698,0.9770724234314322,1.2652198095481264,96.87804801044302,0.13469409882627914,Average Returner
atp_9002,Hard,1,14.0,27.0,1.0,-1.0,ATP,0.9843459053548622,1.0146521320249489,1.5182637714577516,101.56540946451378,-0.06753832788656415,Average Returner
atp_9003,Hard,7,12.857142857142858,26.428571428571427,0.4285714285714285,0.7142857142857143,ATP,0.9039911375707919,0.9931780128286536,0.6506844734818935,109.60088624292081,-0.41422248796572425,Strong Returner
atp_9004,Hard,3,14.0,27.0,0.6666666666666666,-1.0,ATP,0.9843459053548622,1.0146521320249489,1.012175847638501,101.56540946451378,-0.06753832788656415,Average Returner
atp_9005,Hard,1,13.0,21.0,1.0,-5.0,ATP,0.9140354835438006,0.7891738804638491,1.5182637714577516,108.59645164561994,-0.37088696795582937,Strong Returner
atp_9006,Hard,2,15.0,25.0,1.0,-5.0,ATP,1.0546563271659237,0.9394927148379156,1.5182637714577516,94.53436728340763,0.23581031218270104,Average Returner
atp_9007,Hard,3,15.0,27.666666666666668,0.6666666666666666,-2.333333333333333,ATP,1.0546563271659237,1.0397052710872934,1.012175847638501,94.53436728340763,0.23581031218270104,Average Returner
atp_9008,Hard,1,13.0,23.0,1.0,-3.0,ATP,0.9140354835438006,0.8643332976508823,1.5182637714577516,108.59645164561994,-0.37088696795582937,Strong Returner
atp_9009,Hard,3,12.666666666666666,21.33333333333333,0.6666666666666666,-4.0,ATP,0.8905986762734467,0.8017004499950211,1.012175847638501,110.94013237265533,-0.4720031813122513,Strong Returner
atp_9010,Hard,2,13.5,20.0,1.0,-7.0,ATP,0.9491906944493315,0.7515941718703325,1.5182637714577516,105.08093055506686,-0.21921264792119677,Average Returner
atp_9011,Hard,5,11.4,20.0,0.6,-2.8,ATP,0.8015388086461022,0.7515941718703325,0.910958262874651,119.84611913538978,-0.8562447920666536,Strong Returner
atp_9012,Clay,2,13.5,24.0,0.5,-3.0,ATP,0.9491906944493315,0.901913006244399,0.7591318857288758,105.08093055506686,-0.21921264792119677,Average Returner
atp_9013,Clay,7,13.0,19.857142857142858,0.8571428571428571,-6.142857142857143,ATP,0.9140354835438006,0.7462256420712587,1.301368946963787,108.59645164561994,-0.37088696795582937,Strong Returner
atp_9013,Hard,2,14.5,27.5,0.5,-1.5,ATP,1.019501116260393,1.0334419863217073,0.7591318857288758,98.0498883739607,0.08413599214806844,Average Returner
atp_9014,Clay,1,18.0,34.0,1.0,-2.0,ATP,1.2655875925991087,1.2777100921795652,1.5182637714577516,73.44124074008913,1.1458562323904966,Poor Returner
atp_9015,Clay,1,12.0,19.0,1.0,-5.0,ATP,0.8437250617327391,0.7140144632768158,1.5182637714577516,115.6274938267261,-0.6742356080250945,Strong Returner
atp_9016,Clay,1,13.0,22.0,1.0,-4.0,ATP,0.9140354835438006,0.8267535890573657,1.5182637714577516,108.59645164561994,-0.37088696795582937,Strong Returner
atp_9017,Clay,4,12.0,16.75,1.0,-7.25,ATP,0.8437250617327391,0.6294601189414034,1.5182637714577516,115.6274938267261,-0.6742356080250945,Strong Returner
atp_9017,Grass,3,20.33333333333333,37.0,1.0,-3.6666666666666665,ATP,1.4296452434915854,1.3904492179601151,1.5182637714577516,57.03547565084146,1.8536697258854473,Poor Returner
atp_9018,Clay,1,13.0,19.0,1.0,-7.0,ATP,0.9140354835438006,0.7140144632768158,1.5182637714577516,108.59645164561994,-0.37088696795582937,Strong Returner
atp_9019,Clay,1,12.0,16.0,1.0,-8.0,ATP,0.8437250617327391,0.6012753374962659,1.5182637714577516,115.6274938267261,-0.6742356080250945,Strong Returner
atp_9022,Clay,1,13.0,21.0,1.0,-5.0,ATP,0.9140354835438006,0.7891738804638491,1.5182637714577516,108.59645164561994,-0.37088696795582937,Strong Returner
atp_9023,Clay,1,12.0,14.0,1.0,-10.0,ATP,0.8437250617327391,0.5261159203092327,1.5182637714577516,115.6274938267261,-0.6742356080250945,Strong Returner
atp_9024,Clay,1,25.0,48.0,1.0,-2.0,ATP,1.7577605452765397,1.803826012488798,1.5182637714577516,24.22394547234603,3.269296712875353,Poor Returner
atp_9025,Clay,1,12.0,17.0,1.0,-7.0,ATP,0.8437250617327391,0.6388550460897826,1.5182637714577516,115.6274938267261,-0.6742356080250945,Strong Returner
atp_9026,Clay,1,12.0,17.0,1.0,-7.0,ATP,0.8437250617327391,0.6388550460897826,1.5182637714577516,115.6274938267261,-0.6742356080250945,Strong Returner
atp_9026,Hard,1,13.0,21.0,1.0,-5.0,ATP,0.9140354835438006,0.7891738804638491,1.5182637714577516,108.59645164561994,-0.37088696795582937,Strong Returner
atp_9027,Hard,2,9.0,16.5,0.5,-1.5,ATP,0.6327937962995543,0.6200651917930243,0.7591318857288758,136.72062037004457,-1.5842815282328901,Elite Returner
atp_9028,Hard,1,13.0,21.0,1.0,-5.0,ATP,0.9140354835438006,0.7891738804638491,1.5182637714577516,108.59645164561994,-0.37088696795582937,Strong Returner
atp_9029,Hard,2,8.0,18.5,0.5,2.5,ATP,0.5624833744884927,0.6952246089800576,0.7591318857288758,143.75166255115073,-1.8876301683021555,Elite Returner
atp_9030,Clay,1,14.0,25.0,1.0,-3.0,ATP,0.9843459053548622,0.9394927148379156,1.5182637714577516,101.56540946451378,-0.06753832788656415,Average Returner
atp_9031,Hard,2,11.0,22.0,0.5,0.0,ATP,0.7734146399216775,0.8267535890573657,0.7591318857288758,122.65853600783225,-0.9775842480943597,Strong Returner
atp_9032,Hard,1,15.0,26.0,1.0,-4.0,ATP,1.0546563271659237,0.9770724234314322,1.5182637714577516,94.53436728340763,0.23581031218270104,Average Returner
atp_9033,Hard,2,19.0,34.0,1.0,-4.0,ATP,1.3358980144101702,1.2777100921795652,1.5182637714577516,66.41019855898298,1.449204872459762,Poor Returner
atp_9034,Hard,1,12.0,16.0,1.0,-8.0,ATP,0.8437250617327391,0.6012753374962659,1.5182637714577516,115.6274938267261,-0.6742356080250945,Strong Returner
atp_9035,Hard,2,12.0,23.0,0.5,-1.0,ATP,0.8437250617327391,0.8643332976508823,0.7591318857288758,115.6274938267261,-0.6742356080250945,Strong Returner
atp_9036,Hard,1,19.0,35.0,1.0,-3.0,ATP,1.3358980144101702,1.3152898007730818,1.5182637714577516,66.41019855898298,1.449204872459762,Poor Returner
atp_9038,Hard,1,12.0,18.0,1.0,-6.0,ATP,0.8437250617327391,0.6764347546832993,1.5182637714577516,115.6274938267261,-0.6742356080250945,Strong Returner
atp_9039,Hard,1,12.0,19.0,1.0,-5.0,ATP,0.8437250617327391,0.7140144632768158,1.5182637714577516,115.6274938267261,-0.6742356080250945,Strong Returner
atp_9040,Hard,1,18.0,29.0,1.0,-7.0,ATP,1.2655875925991087,1.089811549211982,1.5182637714577516,73.44124074008913,1.1458562323904966,Poor Returner
atp_9041,Hard,1,12.0,19.0,1.0,-5.0,ATP,0.8437250617327391,0.7140144632768158,1.5182637714577516,115.6274938267261,-0.6742356080250945,Strong Returner
atp_91,Clay,8,13.25,25.125,0.5,-1.375,ATP,0.931613088996566,0.9441901784121052,0.7591318857288758,106.8386911003434,-0.29504980793851304,Average Returner
atp_91,Hard,1,18.0,27.0,1.0,-9.0,ATP,1.2655875925991087,1.0146521320249489,1.5182637714577516,73.44124074008913,1.1458562323904966,Poor Returner
atp_92,Clay,3,12.666666666666666,25.0,0.6666666666666666,-0.3333333333333333,ATP,0.8905986762734467,0.9394927148379156,1.012175847638501,110.94013237265533,-0.4720031813122513,Strong Returner
atp_92,Hard,5,13.8,27.6,0.6,0.0,ATP,0.97028382099265,1.0371999571810588,0.910958262874651,102.971617900735,-0.12820805590041698,Average Returner
atp_93,Clay,4,16.25,31.0,0.5,-1.5,ATP,1.1425443544297509,1.1649709663990153,0.7591318857288758,85.7455645570249,0.6149961122692825,Weak Returner
atp_93,Grass,2,21.0,37.5,1.0,-4.5,ATP,1.4765188580322934,1.4092390722568733,1.5182637714577516,52.34811419677066,2.0559021525982923,Poor Returner
atp_93,Hard,30,13.433333333333334,25.766666666666666,0.6333333333333333,-1.1,ATP,0.9445033329952607,0.9683038247596116,0.961567055256576,105.54966670047394,-0.23943589059248102,Average Returner
atp_94,Clay,4,12.75,21.75,0.75,-3.75,ATP,0.8964578780910353,0.8173586619089865,1.1386978285933138,110.35421219089648,-0.44672412797314565,Strong Returner
atp_94,Grass,1,18.0,25.0,1.0,-11.0,ATP,1.2655875925991087,0.9394927148379156,1.5182637714577516,73.44124074008913,1.1458562323904966,Poor Returner
atp_94,Hard,22,12.227272727272728,23.0,0.5454545454545454,-1.4545454545454546,ATP,0.8597047030534349,0.8643332976508823,0.8281438753405918,114.0295296946565,-0.6052927352820794,Strong Returner
atp_95,Clay,8,12.375,22.625,0.625,-2.125,ATP,0.8700914699118871,0.8502409069283136,0.9489148571610948,112.99085300881129,-0.5604798679991201,Strong Returner
atp_95,Grass,3,14.0,20.666666666666668,1.0,-7.333333333333333,ATP,0.9843459053548622,0.7766473109326769,1.5182637714577516,101.56540946451378,-0.06753832788656415,Average Returner
atp_95,Hard,28,12.214285714285714,23.607142857142858,0.5714285714285714,-0.8214285714285714,ATP,0.8587915806922521,0.887149549296946,0.8675792979758581,114.12084193077479,-0.6092323280102523,Strong Returner
atp_96,Clay,13,12.461538461538462,22.23076923076923,0.7692307692307693,-2.6923076923076925,ATP,0.8761760256455368,0.8354258295020234,1.1678952088136552,112.38239743544632,-0.5342285433777414,Strong Returner
atp_96,Grass,1,22.0,33.0,1.0,-11.0,ATP,1.546829279843355,1.2401303835860487,1.5182637714577516,45.31707201566451,2.3592507926675577,Poor Returner
atp_96,Hard,15,11.266666666666667,20.666666666666668,0.6666666666666666,-1.8666666666666667,ATP,0.7921640857379606,0.7766473109326769,1.012175847638501,120.78359142620394,-0.8966912774092222,Strong Returner
atp_97,Clay,7,14.428571428571429,28.571428571428573,0.5714285714285714,-0.2857142857142857,ATP,1.0144789432738885,1.0737059598147607,0.8675792979758581,98.55210567261115,0.06246823214312101,Average Returner
atp_97,Grass,4,11.25,22.75,0.5,0.25,ATP,0.7909922453744429,0.8549383705025032,0.7591318857288758,120.90077546255571,-0.9017470880770435,Strong Returner
atp_97,Hard,27,12.25925925925926,24.51851851851852,0.5555555555555556,0.0,ATP,0.861953689609681,0.9213987810706669,0.8434798730320843,113.8046310390319,-0.5955896643034332,Strong Returner
atp_98,Clay,8,13.75,25.0,0.75,-2.5,ATP,0.9667682999020968,0.9394927148379156,1.1386978285933138,103.32317000979032,-0.14337548790388047,Average Returner
atp_98,Hard,16,15.8125,30.4375,0.625,-1.1875,ATP,1.1117835448874114,1.1438323803151622,0.9489148571610948,88.82164551125886,0.48228108223897903,Weak Returner
atp_99,Clay,1,12.0,16.0,1.0,-8.0,ATP,0.8437250617327391,0.6012753374962659,1.5182637714577516,115.6274938267261,-0.6742356080250945,Strong Returner
atp_99,Hard,8,11.125,21.125,0.5,-1.125,ATP,0.7822034426480602,0.7938713440380387,0.7591318857288758,121.77965573519398,-0.9396656680857016,Strong Returner
wta_1,Clay,21,8.047619047619047,19.857142857142858,0.1428571428571428,3.761904761904762,WTA,0.6916275250957159,0.935276330962411,0.21418517890971753,130.8372474904284,-1.8328712603465727,Elite Returner
wta_1,Grass,9,11.333333333333334,24.444444444444443,0.2222222222222222,1.7777777777777777,WTA,0.9740079939217775,1.1513393682510895,0.33317694497067185,102.59920060782225,-0.15448849951447324,Average Returner
wta_1,Hard,59,7.661016949152542,19.983050847457623,0.135593220338983,4.661016949152542,WTA,0.6584022132392474,0.9412066283907787,0.20329440710074884,134.15977867607526,-2.0303523073715235,Elite Returner
wta_10,Clay,5,9.4,20.0,0.4,1.2,WTA,0.8078536890762978,0.9420049376599824,0.5997185009472094,119.21463109237021,-1.1420586457432158,Elite Returner
wta_10,Grass,2,9.0,19.5,0.5,1.5,WTA,0.7734769363496469,0.9184548142184827,0.7496481261840117,122.65230636503532,-1.3463835035836453,Elite Returner
wta_10,Hard,38,10.289473684210526,22.84210526315789,0.2631578947368421,2.263157894736842,WTA,0.884296731323719,1.07586879722219,0.39455164536000614,111.5703268676281,-0.6877046855454192,Strong Returner
wta_100,Clay,9,11.666666666666666,22.88888888888889,0.5555555555555556,-0.4444444444444444,WTA,1.0026552878606532,1.078072317544202,0.8329423624266796,99.73447121393468,0.01578221535255068,Average Returner
wta_100,Grass,4,10.75,19.75,0.75,-1.75,WTA,0.9238752295287448,0.9302298759392326,1.1244721892760174,107.61247704712552,-0.4524622505317665,Strong Returner
wta_100,Hard,34,12.235294117647058,23.91176470588235,0.5,-0.5588235294117647,WTA,1.0515242010505002,1.1262500210552435,0.7496481261840117,94.84757989494999,0.30624402306688653,Weak Returner
wta_101,Clay,7,9.857142857142858,20.857142857142858,0.2857142857142857,1.1428571428571428,WTA,0.8471414064781847,0.9823765778454102,0.4283703578194352,115.28585935218153,-0.9085445224970106,Strong Returner
wta_101,Grass,3,11.333333333333334,18.666666666666668,0.6666666666666666,-4.0,WTA,0.9740079939217775,0.8792046084826503,0.9995308349120156,102.59920060782225,-0.15448849951447324,Average Returner
wta_101,Hard,18,12.166666666666666,21.55555555555556,0.8333333333333334,-2.7777777777777777,WTA,1.045626228768967,1.0152719883668702,1.2494135436400196,95.43737712310329,0.2711882876530875,Average Returner
wta_102,Clay,6,9.833333333333334,19.0,0.6666666666666666,-0.6666666666666666,WTA,0.8450951711968364,0.8949046907769832,0.9995308349120156,115.49048288031636,-0.9207067164160837,Strong Returner
wta_102,Grass,9,11.666666666666666,23.0,0.4444444444444444,-0.3333333333333333,WTA,1.0026552878606532,1.0833056783089796,0.6663538899413437,99.73447121393468,0.01578221535255068,Average Returner
wta_102,Hard,38,11.657894736842104,22.23684210526316,0.5789473684210527,-1.0789473684210529,WTA,1.001901411704367,1.0473607530561648,0.8680136197920135,99.8098588295633,0.011301407066576221,Average Returner
wta_103,Grass,4,11.5,23.75,0.5,0.75,WTA,0.9883316408912154,1.118630863471229,0.7496481261840117,101.16683591087846,-0.06935314208096129,Average Returner
wta_103,Hard,18,11.72222222222222,21.83333333333333,0.6666666666666666,-1.6111111111111112,WTA,1.0074298368504657,1.0283553902788138,0.9995308349120156,99.25701631495343,0.04416066783038709,Average Returner
wta_104,Hard,12,11.166666666666666,21.75,0.4166666666666667,-0.5833333333333334,WTA,0.9596843469523395,1.0244303697052308,0.6247067718200098,104.03156530476605,-0.23962385694798613,Average Returner
wta_105,Clay,2,13.5,24.5,0.5,-2.5,WTA,1.1602154045244701,1.1539560486334783,0.7496481261840117,83.97845954755299,0.952271147121186,Weak Returner
wta_105,Hard,4,11.0,19.75,0.75,-2.25,WTA,0.9453606999829016,0.9302298759392326,1.1244721892760174,105.46393000170984,-0.3247592143814981,Strong Returner
wta_106,Clay,3,13.0,25.666666666666668,0.6666666666666666,-0.3333333333333333,WTA,1.1172444636161565,1.208906336663644,0.9995308349120156,88.27555363838435,0.6968650748206492,Weak Returner
wta_106,Hard,8,8.125,18.5,0.25,2.25,WTA,0.6982777897600978,0.8713545673354837,0.37482406309200583,130.17222102399023,-1.7933441301095847,Elite Returner
wta_107,Clay,8,12.0,21.5,0.625,-2.5,WTA,1.0313025817995292,1.0126553079844811,0.9370601577300146,96.86974182004708,0.18605293021957553,Average Returner
wta_107,Grass,3,9.333333333333334,20.666666666666668,0.3333333333333333,2.0,WTA,0.8021242302885226,0.9734051022486485,0.4997654174560078,119.78757697114773,-1.1761127887166205,Elite Returner
wta_107,Hard,11,8.909090909090908,20.09090909090909,0.4545454545454545,2.272727272727273,WTA,0.7656640380026806,0.9462867782857095,0.6814982965309196,123.43359619973194,-1.3928209712746524,Elite Returner
wta_108,Clay,4,13.0,20.5,1.0,-5.5,WTA,1.1172444636161565,0.9655550611014819,1.4992962523680233,88.27555363838435,0.6968650748206492,Weak Returner
wta_108,Grass,1,12.0,18.0,1.0,-6.0,WTA,1.0313025817995292,0.8478044438939841,1.4992962523680233,96.86974182004708,0.18605293021957553,Average Returner
wta_108,Hard,10,13.1,21.3,0.9,-4.9,WTA,1.1258386517978192,1.0032352586078812,1.349366627131221,87.41613482021808,0.7479462892807563,Weak Returner
wta_109,Clay,8,10.5,21.75,0.5,0.75,WTA,0.902389759074588,1.0244303697052308,0.7496481261840117,109.7610240925412,-0.5801652866820349,Strong Returner
wta_109,Grass,6,11.333333333333334,22.0,0.5,-0.6666666666666666,WTA,0.9740079939217775,1.0362054314259805,0.7496481261840117,102.59920060782225,-0.15448849951447324,Average Returner
wta_109,Hard,30,11.5,21.166666666666668,0.6,-1.8333333333333333,WTA,0.9883316408912154,0.996955225690148,0.899577751420814,101.16683591087846,-0.06935314208096129,Average Returner
wta_11,Clay,18,7.444444444444445,19.05555555555556,0.2777777777777778,4.166666666666667,WTA,0.6397895646348931,0.8975213711593724,0.4164711812133398,136.0210435365107,-2.140980172963093,Elite Returner
wta_11,Grass,11,9.272727272727272,22.545454545454547,0.2727272727272727,4.0,WTA,0.7969156313905451,1.0618964751803437,0.4088989779185518,120.30843686094549,-1.2070711005106258,Elite Returner
wta_11,Hard,52,9.98076923076923,21.557692307692307,0.4230769230769231,1.5961538461538465,WTA,0.8577660896698006,1.0153726299200385,0.6343176452326252,114.22339103301994,-0.8453946694556697,Strong Returner
wta_110,Clay,4,10.75,18.5,0.75,-3.0,WTA,0.9238752295287448,0.8713545673354837,1.1244721892760174,107.61247704712552,-0.4524622505317665,Strong Returner
wta_110,Grass,9,11.444444444444445,24.666666666666668,0.2222222222222222,1.7777777777777777,WTA,0.9835570919014027,1.161806089780645,0.33317694497067185,101.64429080985973,-0.09773159455879861,Average Returner
wta_110,Hard,19,11.947368421052632,22.0,0.6842105263157895,-1.894736842105263,WTA,1.0267793248618118,1.0362054314259805,1.025834277936016,97.32206751381882,0.1591680805037297,Average Returner
wta_111,Grass,1,13.0,23.0,1.0,-3.0,WTA,1.1172444636161565,1.0833056783089796,1.4992962523680233,88.27555363838435,0.6968650748206492,Weak Returner
wta_111,Hard,11,12.727272727272728,23.181818181818183,0.7272727272727273,-2.272727272727273,WTA,1.0938057685752582,1.091869359560434,1.0903972744494717,90.61942314247418,0.5575526717476297,Weak Returner
wta_112,Clay,1,13.0,21.0,1.0,-5.0,WTA,1.1172444636161565,0.9891051845429815,1.4992962523680233,88.27555363838435,0.6968650748206492,Weak Returner
wta_112,Grass,2,12.5,22.5,0.5,-2.5,WTA,1.0742735227078428,1.0597555548674802,0.7496481261840117,92.57264772921572,0.44145900252011233,Weak Returner
wta_112,Hard,6,13.0,21.5,0.8333333333333334,-4.5,WTA,1.1172444636161565,1.0126553079844811,1.2494135436400196,88.27555363838435,0.6968650748206492,Weak Returner
wta_113,Clay,2,12.5,19.0,1.0,-6.0,WTA,1.0742735227078428,0.8949046907769832,1.4992962523680233,92.57264772921572,0.44145900252011233,Weak Returner
wta_113,Grass,3,13.666666666666666,23.666666666666668,0.6666666666666666,-3.6666666666666665,WTA,1.174539051493908,1.1147058428976457,0.9995308349120156,82.5460948506092,1.0374065045546979,Poor Returner
wta_113,Hard,18,11.77777777777778,23.33333333333333,0.5,-0.2222222222222222,WTA,1.0122043858402787,1.0990057606033126,0.7496481261840117,98.77956141597213,0.07253912030822714,Average Returner
wta_114,Hard,5,8.0,19.8,0.2,3.8,WTA,0.6875350545330194,0.9325848882833826,0.2998592504736047,131.24649454669805,-1.857195648184719,Elite Returner
wta_115,Clay,5,10.4,20.4,0.4,-0.4,WTA,0.8937955708929253,0.960845036413182,0.5997185009472094,110.62044291070747,-0.6312465011421421,Strong Returner
wta_115,Grass,1,12.0,19.0,1.0,-5.0,WTA,1.0313025817995292,0.8949046907769832,1.4992962523680233,96.86974182004708,0.18605293021957553,Average Returner
wta_115,Hard,12,10.666666666666666,17.416666666666668,0.8333333333333334,-3.9166666666666665,WTA,0.9167134060440258,0.8203292998789014,1.2494135436400196,108.32865939559741,-0.49502992924852296,Strong Returner
wta_116,Clay,1,12.0,17.0,1.0,-7.0,WTA,1.0313025817995292,0.8007041970109849,1.4992962523680233,96.86974182004708,0.18605293021957553,Average Returner
wta_116,Grass,1,13.0,21.0,1.0,-5.0,WTA,1.1172444636161565,0.9891051845429815,1.4992962523680233,88.27555363838435,0.6968650748206492,Weak Returner
wta_116,Hard,16,10.875,22.0,0.4375,0.25,WTA,0.9346179647558233,1.0362054314259805,0.6559421104110102,106.53820352441767,-0.3886107324566323,Strong Returner
wta_117,Clay,3,10.666666666666666,20.0,0.3333333333333333,-1.3333333333333333,WTA,0.9167134060440258,0.9420049376599824,0.4997654174560078,108.32865939559741,-0.49502992924852296,Strong Returner
wta_117,Grass,2,9.0,19.0,0.5,1.0,WTA,0.7734769363496469,0.8949046907769832,0.7496481261840117,122.65230636503532,-1.3463835035836453,Elite Returner
wta_117,Hard,6,11.5,23.5,0.5,0.5,WTA,0.9883316408912154,1.1068558017504793,0.7496481261840117,101.16683591087846,-0.06935314208096129,Average Returner
wta_118,Clay,3,14.333333333333334,26.0,0.6666666666666666,-2.6666666666666665,WTA,1.2318336393716598,1.224606418957977,0.9995308349120156,76.81663606283402,1.3779479342887475,Poor Returner
wta_118,Grass,1,12.0,18.0,1.0,-6.0,WTA,1.0313025817995292,0.8478044438939841,1.4992962523680233,96.86974182004708,0.18605293021957553,Average Returner
wta_118,Hard,11,9.909090909090908,21.545454545454547,0.4545454545454545,1.7272727272727273,WTA,0.851605919819308,1.0147962282973446,0.6814982965309196,114.83940801806921,-0.8820088266735788,Strong Returner
wta_119,Clay,3,11.333333333333334,21.666666666666668,0.6666666666666666,-1.0,WTA,0.9740079939217775,1.0205053491316476,0.9995308349120156,102.59920060782225,-0.15448849951447324,Average Returner
wta_119,Hard,8,11.5,20.875,0.75,-2.125,WTA,0.9883316408912154,0.9832176536826066,1.1244721892760174,101.16683591087846,-0.06935314208096129,Average Returner
wta_12,Clay,6,9.5,18.5,0.5,-0.5,WTA,0.8164478772579605,0.8713545673354837,0.7496481261840117,118.35521227420395,-1.0909774312831084,Elite Returner
wta_12,Grass,7,10.571428571428571,21.428571428571427,0.2857142857142857,0.2857142857142857,WTA,0.9085284649186327,1.0092910046356953,0.4283703578194352,109.14715350813673,-0.5436787049248155,Strong Returner
wta_12,Hard,43,9.534883720930232,21.41860465116279,0.3023255813953488,2.3488372093023258,WTA,0.8194458498794707,1.0088215669591207,0.45327561118103027,118.05541501205293,-1.0731584029830714,Elite Returner
wta_120,Clay,4,8.75,18.25,0.5,0.75,WTA,0.7519914658954899,0.8595795056147338,0.7496481261840117,124.80085341045101,-1.4740865397339138,Elite Returner
wta_120,Hard,10,9.7,20.0,0.4,0.6,WTA,0.8336362536212859,0.9420049376599824,0.5997185009472094,116.63637463787141,-0.9888150023628942,Strong Returner
wta_121,Clay,9,12.333333333333334,23.22222222222222,0.5555555555555556,-1.4444444444444444,WTA,1.059949875738405,1.093772399838535,0.8329423624266796,94.00501242615951,0.35632364508660036,Weak Returner
wta_121,Grass,3,10.666666666666666,21.0,0.6666666666666666,-0.3333333333333333,WTA,0.9167134060440258,0.9891051845429815,0.9995308349120156,108.32865939559741,-0.49502992924852296,Strong Returner
wta_121,Hard,18,12.72222222222222,24.444444444444443,0.6111111111111112,-1.0,WTA,1.093371718667093,1.1513393682510895,0.9162365986693477,90.6628281332907,0.5549728124314607,Weak Returner
wta_122,Clay,1,16.0,26.0,1.0,-6.0,WTA,1.3750701090660389,1.224606418957977,1.4992962523680233,62.49298909339611,2.22930150862387,Poor Returner
wta_122,Grass,4,10.5,20.75,0.5,-0.25,WTA,0.902389759074588,0.9773301228222316,0.7496481261840117,109.7610240925412,-0.5801652866820349,Strong Returner
wta_122,Hard,26,12.153846153846152,23.0,0.6538461538461539,-1.3076923076923077,WTA,1.0445244097713178,1.0833056783089796,0.9803090880867845,95.54755902286823,0.26463941400435487,Average Returner
wta_123,Grass,1,16.0,32.0,1.0,0.0,WTA,1.3750701090660389,1.5072079002559717,1.4992962523680233,62.49298909339611,2.22930150862387,Poor Returner
wta_123,Hard,9,12.666666666666666,21.666666666666668,0.6666666666666666,-3.6666666666666665,WTA,1.0885971696772807,1.0205053491316476,0.9995308349120156,91.14028303227192,0.5265943599536242,Weak Returner
wta_124,Hard,5,8.6,19.0,0.4,1.8,WTA,0.7391001836229958,0.8949046907769832,0.5997185009472094,126.08998163770042,-1.5507083614240749,Elite Returner
wta_125,Clay,2,13.0,25.0,0.5,-1.0,WTA,1.1172444636161565,1.177506172074978,0.7496481261840117,88.27555363838435,0.6968650748206492,Weak Returner
wta_125,Grass,1,12.0,16.0,1.0,-8.0,WTA,1.0313025817995292,0.7536039501279859,1.4992962523680233,96.86974182004708,0.18605293021957553,Average Returner
wta_125,Hard,5,12.6,25.2,0.4,0.0,WTA,1.0828677108895055,1.1869262214515777,0.5997185009472094,91.71322891104944,0.4925402169802195,Weak Returner
wta_126,Clay,2,12.5,24.5,0.5,-0.5,WTA,1.0742735227078428,1.1539560486334783,0.7496481261840117,92.57264772921572,0.44145900252011233,Weak Returner
wta_126,Hard,4,9.5,17.0,0.5,-2.0,WTA,0.8164478772579605,0.8007041970109849,0.7496481261840117,118.35521227420395,-1.0909774312831084,Elite Returner
wta_127,Hard,3,10.333333333333334,18.666666666666668,0.6666666666666666,-2.0,WTA,0.8880661121051501,0.8792046084826503,0.9995308349120156,111.193388789485,-0.6653006441155469,Strong Returner
wta_129,Clay,1,15.0,28.0,1.0,-2.0,WTA,1.2891282272494113,1.3188069127239752,1.4992962523680233,71.08717727505886,1.7184893640227963,Poor Returner
wta_129,Grass,3,11.333333333333334,21.33333333333333,0.6666666666666666,-1.3333333333333333,WTA,0.9740079939217775,1.0048052668373142,0.9995308349120156,102.59920060782225,-0.15448849951447324,Average Returner
wta_129,Hard,15,11.333333333333334,21.4,0.6666666666666666,-1.2666666666666666,WTA,0.9740079939217775,1.007945283296181,0.9995308349120156,102.59920060782225,-0.15448849951447324,Average Returner
wta_13,Clay,1,14.0,24.0,1.0,-4.0,WTA,1.203186345432784,1.130405925191979,1.4992962523680233,79.6813654567216,1.2076772194217227,Poor Returner
wta_13,Grass,3,16.0,28.0,0.6666666666666666,-4.0,WTA,1.3750701090660389,1.3188069127239752,0.9995308349120156,62.49298909339611,2.22930150862387,Poor Returner
wta_13,Hard,49,9.857142857142858,21.775510204081638,0.2857142857142857,2.061224489795918,WTA,0.8471414064781847,1.0256319066155115,0.4283703578194352,115.28585935218153,-0.9085445224970106,Strong Returner
wta_130,Grass,1,13.0,20.0,1.0,-6.0,WTA,1.1172444636161565,0.9420049376599824,1.4992962523680233,88.27555363838435,0.6968650748206492,Weak Returner
wta_130,Hard,10,12.4,23.9,0.5,-0.9,WTA,1.0656793345261801,1.1256959005036788,0.7496481261840117,93.432066547382,0.39037778806000517,Weak Returner
wta_131,Hard,3,10.333333333333334,16.333333333333332,0.6666666666666666,-4.333333333333333,WTA,0.8880661121051501,0.7693040324223188,0.9995308349120156,111.193388789485,-0.6653006441155469,Strong Returner
wta_132,Hard,6,9.666666666666666,21.0,0.5,1.6666666666666667,WTA,0.8307715242273984,0.9891051845429815,0.7496481261840117,116.92284757726016,-1.0058420738495966,Elite Returner
wta_133,Hard,3,9.666666666666666,15.666666666666666,0.6666666666666666,-3.6666666666666665,WTA,0.8307715242273984,0.7379038678336528,0.9995308349120156,116.92284757726016,-1.0058420738495966,Elite Returner
wta_134,Clay,7,10.857142857142858,21.285714285714285,0.5714285714285714,-0.4285714285714285,WTA,0.9330832882948121,1.002562397938124,0.8567407156388704,106.69167117051879,-0.3977323778959369,Strong Returner
wta_134,Grass,1,12.0,16.0,1.0,-8.0,WTA,1.0313025817995292,0.7536039501279859,1.4992962523680233,96.86974182004708,0.18605293021957553,Average Returner
wta_134,Hard,5,13.6,23.2,1.0,-4.0,WTA,1.1688095927061328,1.0927257276855795,1.4992962523680233,83.11904072938671,1.0033523615812932,Poor Returner
wta_135,Hard,4,8.0,18.5,0.5,2.5,WTA,0.6875350545330194,0.8713545673354837,0.7496481261840117,131.24649454669805,-1.857195648184719,Elite Returner
wta_136,Clay,2,12.5,20.0,1.0,-5.0,WTA,1.0742735227078428,0.9420049376599824,1.4992962523680233,92.57264772921572,0.44145900252011233,Weak Returner
wta_136,Hard,7,12.142857142857142,22.428571428571427,0.7142857142857143,-1.8571428571428568,WTA,1.0435799934876187,1.0563912515186944,1.0709258945485882,95.64200065123813,0.25902609373401436,Average Returner
wta_137,Clay,1,12.0,17.0,1.0,-7.0,WTA,1.0313025817995292,0.8007041970109849,1.4992962523680233,96.86974182004708,0.18605293021957553,Average Returner
wta_137,Hard,7,12.857142857142858,24.714285714285715,0.5714285714285714,-1.0,WTA,1.104967051928067,1.1640489586798353,0.8567407156388704,89.5032948071933,0.6238919113062104,Weak Returner
wta_138,Clay,8,12.375,20.625,0.75,-4.125,WTA,1.0635307874807645,0.9714425919618568,1.1244721892760174,93.64692125192356,0.3776074844449781,Weak Returner
wta_138,Grass,4,11.5,17.75,0.75,-5.25,WTA,0.9883316408912154,0.8360293821732343,1.1244721892760174,101.16683591087846,-0.06935314208096129,Average Returner
wta_138,Hard,28,11.571428571428571,21.821428571428573,0.5714285714285714,-1.3214285714285714,WTA,0.9944703467352601,1.0277946730540166,0.8567407156388704,100.55296532647398,-0.03286656032374188,Average Returner
wta_14,Clay,8,12.0,21.75,0.625,-2.25,WTA,1.0313025817995292,1.0244303697052308,0.9370601577300146,96.86974182004708,0.18605293021957553,Average Returner
wta_14,Grass,11,11.090909090909092,24.363636363636363,0.2727272727272727,2.1818181818181817,WTA,0.9531735983298678,1.1475332876948876,0.4088989779185518,104.68264016701322,-0.278321746690491,Average Returner
wta_14,Hard,51,10.27450980392157,21.745098039215687,0.392156862745098,1.196078431372549,WTA,0.8830107072924074,1.024199486142079,0.5879593146541268,111.69892927075927,-0.6953484173273746,Strong Returner
wta_140,Clay,5,8.8,20.4,0.4,2.8,WTA,0.7562885599863214,0.960845036413182,0.5997185009472094,124.37114400136787,-1.4485459325038597,Elite Returner
wta_140,Hard,1,15.0,30.0,1.0,0.0,WTA,1.2891282272494113,1.4130074064899736,1.4992962523680233,71.08717727505886,1.7184893640227963,Poor Returner
wta_141,Grass,3,9.666666666666666,17.0,0.6666666666666666,-2.333333333333333,WTA,0.8307715242273984,0.8007041970109849,0.9995308349120156,116.92284757726016,-1.0058420738495966,Elite Returner
wta_141,Hard,14,11.5,22.5,0.5714285714285714,-0.5,WTA,0.9883316408912154,1.0597555548674802,0.8567407156388704,101.16683591087846,-0.06935314208096129,Average Returner
wta_142,Hard,3,8.666666666666666,20.33333333333333,0.3333333333333333,3.0,WTA,0.744829642410771,0.9577050199543151,0.4997654174560078,125.5170357589229,-1.5166542184506702,Elite Returner
wta_143,Clay,6,11.0,24.166666666666668,0.3333333333333333,2.1666666666666665,WTA,0.9453606999829016,1.1382559663391454,0.4997654174560078,105.46393000170984,-0.3247592143814981,Strong Returner
wta_143,Hard,4,13.25,24.75,0.75,-1.75,WTA,1.1387299340703134,1.165731110354228,1.1244721892760174,86.12700659296866,0.8245681109709175,Weak Returner
wta_144,Clay,5,13.2,21.8,0.8,-4.6,WTA,1.1344328399794819,1.0267853820493809,1.1994370018944187,86.55671600205181,0.7990275037408635,Weak Returner
wta_144,Grass,2,12.5,18.5,1.0,-6.5,WTA,1.0742735227078428,0.8713545673354837,1.4992962523680233,92.57264772921572,0.44145900252011233,Weak Returner
wta_144,Hard,27,10.88888888888889,20.74074074074074,0.5925925925925926,-1.037037037037037,WTA,0.9358116020032764,0.9768940094251669,0.8884718532551249,106.41883979967236,-0.3815161193371727,Strong Returner
wta_145,Hard,3,10.0,16.666666666666668,0.6666666666666666,-3.333333333333333,WTA,0.8594188181662742,0.785004114716652,0.9995308349120156,114.05811818337259,-0.8355713589825717,Strong Returner
wta_146,Hard,2,16.5,31.5,1.0,-1.5,WTA,1.4180410499743525,1.483657776814472,1.4992962523680233,58.19589500256475,2.484707580924407,Poor Returner
wta_147,Hard,6,10.833333333333334,22.83333333333333,0.3333333333333333,1.1666666666666667,WTA,0.9310370530134638,1.075455637161813,0.4997654174560078,106.89629469865362,-0.40989457181501004,Strong Returner
wta_148,Clay,9,9.77777777777778,20.77777777777778,0.4444444444444444,1.2222222222222223,WTA,0.840320622207024,0.9786384630134262,0.6663538899413437,115.9679377792976,-0.9490851688939201,Strong Returner
wta_148,Grass,2,15.5,27.0,0.5,-4.0,WTA,1.332099168157725,1.2717066658409761,0.7496481261840117,66.7900831842275,1.9738954363233332,Poor Returner
wta_148,Hard,5,14.6,25.2,0.8,-4.0,WTA,1.2547514745227604,1.1869262214515777,1.1994370018944187,74.52485254772397,1.5141645061823668,Poor Returner
wta_149,Clay,1,16.0,25.0,1.0,-7.0,WTA,1.3750701090660389,1.177506172074978,1.4992962523680233,62.49298909339611,2.22930150862387,Poor Returner
wta_149,Hard,1,13.0,21.0,1.0,-5.0,WTA,1.1172444636161565,0.9891051845429815,1.4992962523680233,88.27555363838435,0.6968650748206492,Weak Returner
wta_15,Clay,9,12.555555555555555,25.666666666666668,0.5555555555555556,0.5555555555555556,WTA,1.0790480716976554,1.208906336663644,0.8329423624266796,92.09519283023447,0.46983745499794966,Weak Returner
wta_15,Grass,9,11.0,22.666666666666668,0.3333333333333333,0.6666666666666666,WTA,0.9453606999829016,1.0676055960146467,0.4997654174560078,105.46393000170984,-0.3247592143814981,Strong Returner
wta_15,Hard,49,10.20408163265306,21.73469387755102,0.3877551020408163,1.326530612244898,WTA,0.8769579777206878,1.0237094475590625,0.5813597713263764,112.30420222793121,-0.731323982533374,Strong Returner
wta_150,Clay,5,8.6,18.4,0.6,1.2,WTA,0.7391001836229958,0.8666445426471837,0.899577751420814,126.08998163770042,-1.5507083614240749,Elite Returner
wta_150,Grass,3,10.0,19.666666666666668,0.6666666666666666,-0.3333333333333333,WTA,0.8594188181662742,0.9263048553656493,0.9995308349120156,114.05811818337259,-0.8355713589825717,Strong Returner
wta_150,Hard,13,10.76923076923077,20.153846153846157,0.5384615384615384,-1.3846153846153846,WTA,0.9255279580252185,0.9492511294881362,0.8073133666597049,107.44720419747816,-0.4426389400586685,Strong Returner
wta_151,Hard,8,10.75,22.625,0.375,1.125,WTA,0.9238752295287448,1.065643085727855,0.5622360946380087,107.61247704712552,-0.4524622505317665,Strong Returner
wta_152,Hard,7,10.142857142857142,17.285714285714285,0.7142857142857143,-3.0,WTA,0.8716962298543638,0.8141614104061276,1.0709258945485882,112.83037701456362,-0.7625981954681329,Strong Returner
wta_153,Clay,8,11.875,21.5,0.75,-2.25,WTA,1.0205598465724506,1.0126553079844811,1.1244721892760174,97.94401534275494,0.12220141214444132,Average Returner
wta_153,Grass,5,12.2,19.0,0.8,-5.4,WTA,1.0484909581628545,0.8949046907769832,1.1994370018944187,95.15090418371454,0.2882153591397899,Average Returner
wta_153,Hard,17,11.529411764705882,20.352941176470587,0.6470588235294118,-2.7058823529411766,WTA,0.9908593432975867,0.9586285542069232,0.9701328691793093,100.91406567024133,-0.05432925547504741,Average Returner
wta_154,Clay,2,13.0,20.5,1.0,-5.5,WTA,1.1172444636161565,0.9655550611014819,1.4992962523680233,88.27555363838435,0.6968650748206492,Weak Returner
wta_154,Hard,3,9.666666666666666,16.333333333333332,0.6666666666666666,-3.0,WTA,0.8307715242273984,0.7693040324223188,0.9995308349120156,116.92284757726016,-1.0058420738495966,Elite Returner
wta_155,Clay,6,10.0,19.0,0.5,-1.0,WTA,0.8594188181662742,0.8949046907769832,0.7496481261840117,114.05811818337259,-0.8355713589825717,Strong Returner
wta_155,Hard,5,11.4,17.8,0.8,-5.0,WTA,0.9797374527095527,0.8383843945173843,1.1994370018944187,102.02625472904472,-0.12043435654106847,Average Returner
wta_156,Clay,3,12.666666666666666,22.0,0.6666666666666666,-3.333333333333333,WTA,1.0885971696772807,1.0362054314259805,0.9995308349120156,91.14028303227192,0.5265943599536242,Weak Returner
wta_159,Clay,3,9.333333333333334,19.0,0.3333333333333333,0.3333333333333333,WTA,0.8021242302885226,0.8949046907769832,0.4997654174560078,119.78757697114773,-1.1761127887166205,Elite Returner
wta_159,Hard,4,11.75,23.0,0.5,-0.5,WTA,1.0098171113453722,1.0833056783089796,0.7496481261840117,99.01828886546278,0.058349894069307115,Average Returner
wta_16,Clay,6,12.833333333333334,27.0,0.5,1.3333333333333333,WTA,1.1029208166467186,1.2717066658409761,0.7496481261840117,89.70791833532815,0.6117297173871372,Weak Returner
wta_16,Grass,6,11.666666666666666,24.5,0.5,1.1666666666666667,WTA,1.0026552878606532,1.1539560486334783,0.7496481261840117,99.73447121393468,0.01578221535255068,Average Returner
wta_16,Hard,37,9.08108108108108,21.135135135135137,0.2972972972972973,2.972972972972973,WTA,0.7804451970374814,0.9954700827704138,0.4457367236769799,121.95548029625186,-1.3049663026700449,Elite Returner
wta_160,Hard,3,6.666666666666667,15.0,0.3333333333333333,1.6666666666666667,WTA,0.5729458787775162,0.7065037032449868,0.4997654174560078,142.7054121222484,-2.538278507652817,Elite Returner
wta_161,Clay,7,9.428571428571429,20.142857142857142,0.4285714285714285,1.2857142857142858,WTA,0.8103091714139158,0.9487335443575536,0.6425555367291528,118.96908285860842,-1.127464013040328,Elite Returner
wta_161,Grass,4,8.0,17.25,0.5,1.25,WTA,0.6875350545330194,0.8124792587317348,0.7496481261840117,131.24649454669805,-1.857195648184719,Elite Returner
wta_161,Hard,5,9.6,17.8,0.8,-1.4,WTA,0.8250420654396232,0.8383843945173843,1.1994370018944187,117.49579345603767,-1.0398962168230013,Elite Returner
wta_162,Hard,6,12.0,19.83333333333333,0.8333333333333334,-4.166666666666667,WTA,1.0313025817995292,0.9341548965128156,1.2494135436400196,96.86974182004708,0.18605293021957553,Average Returner
wta_163,Hard,2,11.5,15.5,1.0,-7.5,WTA,0.9883316408912154,0.7300538266864863,1.4992962523680233,101.16683591087846,-0.06935314208096129,Average Returner
wta_164,Clay,2,13.5,20.5,1.0,-6.5,WTA,1.1602154045244701,0.9655550611014819,1.4992962523680233,83.97845954755299,0.952271147121186,Weak Returner
wta_165,Clay,1,15.0,25.0,1.0,-5.0,WTA,1.2891282272494113,1.177506172074978,1.4992962523680233,71.08717727505886,1.7184893640227963,Poor Returner
wta_165,Hard,1,12.0,17.0,1.0,-7.0,WTA,1.0313025817995292,0.8007041970109849,1.4992962523680233,96.86974182004708,0.18605293021957553,Average Returner
wta_166,Hard,3,12.666666666666666,21.0,1.0,-4.333333333333333,WTA,1.0885971696772807,0.9891051845429815,1.4992962523680233,91.14028303227192,0.5265943599536242,Weak Returner
wta_168,Clay,1,12.0,19.0,1.0,-5.0,WTA,1.0313025817995292,0.8949046907769832,1.4992962523680233,96.86974182004708,0.18605293021957553,Average Returner
wta_168,Hard,3,14.333333333333334,24.666666666666668,1.0,-4.0,WTA,1.2318336393716598,1.161806089780645,1.4992962523680233,76.81663606283402,1.3779479342887475,Poor Returner
wta_169,Clay,2,13.5,19.0,1.0,-8.0,WTA,1.1602154045244701,0.8949046907769832,1.4992962523680233,83.97845954755299,0.952271147121186,Weak Returner
wta_169,Grass,3,16.0,28.666666666666668,1.0,-3.333333333333333,WTA,1.3750701090660389,1.3502070773126413,1.4992962523680233,62.49298909339611,2.22930150862387,Poor Returner
wta_169,Hard,4,14.25,22.75,0.75,-5.75,WTA,1.2246718158869407,1.07153061658823,1.1244721892760174,77.53281841130593,1.3353802555719911,Poor Returner
wta_17,Clay,13,9.615384615384617,22.0,0.3076923076923077,2.769230769230769,WTA,0.8263642482368023,1.0362054314259805,0.46132192380554565,117.36357517631977,-1.0320375684445224,Elite Returner
wta_17,Grass,7,11.428571428571429,23.428571428571427,0.4285714285714285,0.5714285714285714,WTA,0.9821929350471705,1.1034914984016935,0.6425555367291528,101.78070649528294,-0.1058397238381807,Average Returner
wta_17,Hard,41,10.560975609756095,23.0,0.2682926829268293,1.8780487804878048,WTA,0.9076301177219431,1.0833056783089796,0.40225021404995753,109.23698822780568,-0.5490182046941656,Strong Returner
wta_171,Clay,1,12.0,16.0,1.0,-8.0,WTA,1.0313025817995292,0.7536039501279859,1.4992962523680233,96.86974182004708,0.18605293021957553,Average Returner
wta_171,Hard,1,16.0,29.0,1.0,-3.0,WTA,1.3750701090660389,1.3659071596069745,1.4992962523680233,62.49298909339611,2.22930150862387,Poor Returner
wta_172,Grass,1,12.0,19.0,1.0,-5.0,WTA,1.0313025817995292,0.8949046907769832,1.4992962523680233,96.86974182004708,0.18605293021957553,Average Returner
wta_173,Clay,4,13.5,25.25,0.5,-1.75,WTA,1.1602154045244701,1.1892812337957277,0.7496481261840117,83.97845954755299,0.952271147121186,Weak Returner
wta_173,Hard,1,18.0,34.0,1.0,-2.0,WTA,1.5469538726992937,1.6014083940219699,1.4992962523680233,45.30461273007062,3.2509257978260173,Poor Returner
wta_174,Clay,7,12.285714285714286,24.571428571428573,0.5714285714285714,0.0,WTA,1.0558574051757084,1.1573203519822641,0.8567407156388704,94.41425948242916,0.3319992572484541,Weak Returner
wta_174,Grass,3,13.0,23.666666666666668,0.6666666666666666,-2.333333333333333,WTA,1.1172444636161565,1.1147058428976457,0.9995308349120156,88.27555363838435,0.6968650748206492,Weak Returner
wta_174,Hard,12,12.0,21.916666666666668,0.75,-2.083333333333333,WTA,1.0313025817995292,1.0322804108523973,1.1244721892760174,96.86974182004708,0.18605293021957553,Average Returner
wta_175,Clay,10,11.0,20.3,0.5,-1.7,WTA,0.9453606999829016,0.9561350117248821,0.7496481261840117,105.46393000170984,-0.3247592143814981,Strong Returner
wta_175,Grass,1,13.0,22.0,1.0,-4.0,WTA,1.1172444636161565,1.0362054314259805,1.4992962523680233,88.27555363838435,0.6968650748206492,Weak Returner
wta_175,Hard,6,11.5,21.5,0.5,-1.5,WTA,0.9883316408912154,1.0126553079844811,0.7496481261840117,101.16683591087846,-0.06935314208096129,Average Returner
wta_176,Grass,1,17.0,29.0,1.0,-5.0,WTA,1.4610119908826662,1.3659071596069745,1.4992962523680233,53.89880091173338,2.7401136532249435,Poor Returner
wta_176,Hard,10,12.6,22.4,0.6,-2.8,WTA,1.0828677108895055,1.0550455301791801,0.899577751420814,91.71322891104944,0.4925402169802195,Weak Returner
wta_177,Clay,1,18.0,27.0,1.0,-9.0,WTA,1.5469538726992937,1.2717066658409761,1.4992962523680233,45.30461273007062,3.2509257978260173,Poor Returner
wta_178,Clay,5,11.8,19.8,0.8,-3.8,WTA,1.0141142054362036,0.9325848882833826,1.1994370018944187,98.58857945637965,0.08389050129936117,Average Returner
wta_178,Grass,1,12.0,15.0,1.0,-9.0,WTA,1.0313025817995292,0.7065037032449868,1.4992962523680233,96.86974182004708,0.18605293021957553,Average Returner
wta_178,Hard,24,10.75,21.58333333333333,0.4583333333333333,0.0833333333333333,WTA,0.9238752295287448,1.0165803285580641,0.6871774490020107,107.61247704712552,-0.4524622505317665,Strong Returner
wta_179,Clay,3,14.0,22.33333333333333,1.0,-5.666666666666667,WTA,1.203186345432784,1.0519055137203135,1.4992962523680233,79.6813654567216,1.2076772194217227,Poor Returner
wta_179,Grass,1,13.0,21.0,1.0,-5.0,WTA,1.1172444636161565,0.9891051845429815,1.4992962523680233,88.27555363838435,0.6968650748206492,Weak Returner
wta_179,Hard,6,11.666666666666666,20.666666666666668,0.6666666666666666,-2.6666666666666665,WTA,1.0026552878606532,0.9734051022486485,0.9995308349120156,99.73447121393468,0.01578221535255068,Average Returner
wta_18,Clay,13,10.307692307692308,22.307692307692307,0.3846153846153846,1.6923076923076923,WTA,0.885862474109852,1.0506978150822879,0.576652404756932,111.4137525890148,-0.6783983914130103,Strong Returner
wta_18,Grass,10,10.1,22.3,0.3,2.1,WTA,0.868013006347937,1.0503355054908803,0.449788875710407,113.1986993652063,-0.7844901445224646,Strong Returner
wta_18,Hard,39,11.051282051282053,22.0,0.5128205128205128,-0.1025641025641025,WTA,0.949767975973498,1.0362054314259805,0.7688698730092427,105.0232024026502,-0.2985637197865704,Average Returner
wta_180,Clay,1,12.0,18.0,1.0,-6.0,WTA,1.0313025817995292,0.8478044438939841,1.4992962523680233,96.86974182004708,0.18605293021957553,Average Returner
wta_180,Grass,2,14.0,26.0,1.0,-2.0,WTA,1.203186345432784,1.224606418957977,1.4992962523680233,79.6813654567216,1.2076772194217227,Poor Returner
wta_180,Hard,3,11.0,19.33333333333333,0.6666666666666666,-2.6666666666666665,WTA,0.9453606999829016,0.910604773071316,0.9995308349120156,105.46393000170984,-0.3247592143814981,Strong Returner
wta_182,Hard,1,12.0,15.0,1.0,-9.0,WTA,1.0313025817995292,0.7065037032449868,1.4992962523680233,96.86974182004708,0.18605293021957553,Average Returner
wta_183,Clay,8,11.0,20.5,0.5,-1.5,WTA,0.9453606999829016,0.9655550611014819,0.7496481261840117,105.46393000170984,-0.3247592143814981,Strong Returner
wta_183,Grass,2,13.0,21.5,1.0,-4.5,WTA,1.1172444636161565,1.0126553079844811,1.4992962523680233,88.27555363838435,0.6968650748206492,Weak Returner
wta_183,Hard,10,12.0,23.3,0.5,-0.7,WTA,1.0313025817995292,1.0974357523738794,0.7496481261840117,96.86974182004708,0.18605293021957553,Average Returner
wta_184,Hard,1,16.0,23.0,1.0,-9.0,WTA,1.3750701090660389,1.0833056783089796,1.4992962523680233,62.49298909339611,2.22930150862387,Poor Returner
wta_186,Hard,7,12.714285714285714,23.285714285714285,0.7142857142857143,-2.142857142857143,WTA,1.0926896402399773,1.0967628917041223,1.0709258945485882,90.73103597600227,0.5509187477917705,Weak Returner
wta_187,Clay,5,11.4,23.8,0.4,1.0,WTA,0.9797374527095527,1.120985875815379,0.5997185009472094,102.02625472904472,-0.12043435654106847,Average Returner
wta_187,Hard,3,12.666666666666666,23.0,0.6666666666666666,-2.333333333333333,WTA,1.0885971696772807,1.0833056783089796,0.9995308349120156,91.14028303227192,0.5265943599536242,Weak Returner
wta_188,Hard,1,12.0,15.0,1.0,-9.0,WTA,1.0313025817995292,0.7065037032449868,1.4992962523680233,96.86974182004708,0.18605293021957553,Average Returner
wta_189,Hard,1,14.0,26.0,1.0,-2.0,WTA,1.203186345432784,1.224606418957977,1.4992962523680233,79.6813654567216,1.2076772194217227,Poor Returner
wta_19,Clay,12,10.833333333333334,22.33333333333333,0.5,0.6666666666666666,WTA,0.9310370530134638,1.0519055137203135,0.7496481261840117,106.89629469865362,-0.40989457181501004,Strong Returner
wta_19,Grass,11,9.545454545454543,20.63636363636364,0.3636363636363636,1.5454545454545454,WTA,0.8203543264314433,0.9719778220400729,0.5451986372247357,117.96456735685567,-1.0677586974376063,Elite Returner
wta_19,Hard,39,11.205128205128204,23.46153846153846,0.4871794871794871,1.051282051282051,WTA,0.9629898039452867,1.1050442537934408,0.7304263793587805,103.70101960547133,-0.21997723600179106,Average Returner
wta_190,Clay,2,13.0,22.0,0.5,-4.0,WTA,1.1172444636161565,1.0362054314259805,0.7496481261840117,88.27555363838435,0.6968650748206492,Weak Returner
wta_190,Hard,1,13.0,22.0,1.0,-4.0,WTA,1.1172444636161565,1.0362054314259805,1.4992962523680233,88.27555363838435,0.6968650748206492,Weak Returner
wta_191,Clay,5,9.4,17.8,0.6,-1.0,WTA,0.8078536890762978,0.8383843945173843,0.899577751420814,119.21463109237021,-1.1420586457432158,Elite Returner
wta_191,Hard,17,11.294117647058824,21.647058823529413,0.5882352941176471,-0.9411764705882352,WTA,0.9706377240466156,1.0195818148790399,0.8819389719811902,102.93622759533844,-0.17452034832235844,Average Returner
wta_192,Hard,3,14.333333333333334,25.666666666666668,0.6666666666666666,-3.0,WTA,1.2318336393716598,1.208906336663644,0.9995308349120156,76.81663606283402,1.3779479342887475,Poor Returner
wta_195,Hard,1,17.0,33.0,1.0,-1.0,WTA,1.4610119908826662,1.5543081471389708,1.4992962523680233,53.89880091173338,2.7401136532249435,Poor Returner
wta_196,Clay,4,10.5,16.75,0.75,-4.25,WTA,0.902389759074588,0.7889291352902352,1.1244721892760174,109.7610240925412,-0.5801652866820349,Strong Returner
wta_196,Hard,5,12.0,20.8,0.8,-3.2,WTA,1.0313025817995292,0.9796851351663817,1.1994370018944187,96.86974182004708,0.18605293021957553,Average Returner
wta_197,Hard,1,16.0,27.0,1.0,-5.0,WTA,1.3750701090660389,1.2717066658409761,1.4992962523680233,62.49298909339611,2.22930150862387,Poor Returner
wta_198,Hard,4,11.5,21.25,0.5,-1.75,WTA,0.9883316408912154,1.0008802462637312,0.7496481261840117,101.16683591087846,-0.06935314208096129,Average Returner
wta_2,Clay,15,9.2,21.0,0.2666666666666666,2.6,WTA,0.7906653127129722,0.9891051845429815,0.39981233396480614,120.93346872870278,-1.244221074663431,Elite Returner
wta_2,Grass,11,6.363636363636363,18.818181818181817,0.0909090909090909,6.090909090909091,WTA,0.546902884287629,0.8863410095255287,0.13629965930618393,145.3097115712371,-2.6930700666228398,Elite Returner
wta_2,Hard,57,7.368421052631579,18.859649122807017,0.2280701754385964,4.12280701754386,WTA,0.6332559712804126,0.8882941298109482,0.3419447593120052,136.67440287195876,-2.1798138447748707,Elite Returner
wta_20,Clay,4,10.75,21.0,0.5,-0.5,WTA,0.9238752295287448,0.9891051845429815,0.7496481261840117,107.61247704712552,-0.4524622505317665,Strong Returner
wta_20,Grass,1,12.0,14.0,1.0,-10.0,WTA,1.0313025817995292,0.6594034563619876,1.4992962523680233,96.86974182004708,0.18605293021957553,Average Returner
wta_20,Hard,33,9.272727272727272,21.454545454545453,0.303030303030303,2.909090909090909,WTA,0.7969156313905451,1.0105143876716174,0.4543321976872797,120.30843686094549,-1.2070711005106258,Elite Returner
wta_200,Hard,6,12.833333333333334,22.33333333333333,0.6666666666666666,-3.333333333333333,WTA,1.1029208166467186,1.0519055137203135,0.9995308349120156,89.70791833532815,0.6117297173871372,Weak Returner
wta_203,Hard,1,13.0,23.0,1.0,-3.0,WTA,1.1172444636161565,1.0833056783089796,1.4992962523680233,88.27555363838435,0.6968650748206492,Weak Returner
wta_204,Hard,1,12.0,16.0,1.0,-8.0,WTA,1.0313025817995292,0.7536039501279859,1.4992962523680233,96.86974182004708,0.18605293021957553,Average Returner
wta_208,Clay,1,14.0,27.0,1.0,-1.0,WTA,1.203186345432784,1.2717066658409761,1.4992962523680233,79.6813654567216,1.2076772194217227,Poor Returner
wta_208,Hard,1,12.0,19.0,1.0,-5.0,WTA,1.0313025817995292,0.8949046907769832,1.4992962523680233,96.86974182004708,0.18605293021957553,Average Returner
wta_21,Clay,13,8.76923076923077,20.07692307692308,0.3846153846153846,2.5384615384615383,WTA,0.7536441943919636,0.9456280335740593,0.576652404756932,124.63558056080365,-1.4642632292608158,Elite Returner
wta_21,Grass,8,10.875,21.875,0.5,0.125,WTA,0.9346179647558233,1.0303179005656058,0.7496481261840117,106.53820352441767,-0.3886107324566323,Strong Returner
wta_21,Hard,42,11.642857142857142,24.047619047619047,0.4761904761904761,0.7619047619047619,WTA,1.000609052579305,1.1326487940911691,0.7139505963657253,99.9390947420695,0.003620021433477541,Average Returner
wta_210,Clay,5,9.2,16.8,0.6,-1.6,WTA,0.7906653127129722,0.7912841476343851,0.899577751420814,120.93346872870278,-1.244221074663431,Elite Returner
wta_210,Hard,1,16.0,33.0,1.0,1.0,WTA,1.3750701090660389,1.5543081471389708,1.4992962523680233,62.49298909339611,2.22930150862387,Poor Returner
wta_211,Hard,4,12.5,23.0,0.5,-2.0,WTA,1.0742735227078428,1.0833056783089796,0.7496481261840117,92.57264772921572,0.44145900252011233,Weak Returner
wta_212,Hard,1,12.0,18.0,1.0,-6.0,WTA,1.0313025817995292,0.8478044438939841,1.4992962523680233,96.86974182004708,0.18605293021957553,Average Returner
wta_213,Hard,8,12.625,23.125,0.625,-2.125,WTA,1.0850162579349212,1.0891932091693546,0.9370601577300146,91.49837420650789,0.5053105205952465,Weak Returner
wta_214,Clay,2,11.0,26.5,0.5,4.5,WTA,0.9453606999829016,1.2481565423994767,0.7496481261840117,105.46393000170984,-0.3247592143814981,Strong Returner
wta_214,Hard,2,12.5,22.0,0.5,-3.0,WTA,1.0742735227078428,1.0362054314259805,0.7496481261840117,92.57264772921572,0.44145900252011233,Weak Returner
wta_215,Clay,2,18.0,33.0,1.0,-3.0,WTA,1.5469538726992937,1.5543081471389708,1.4992962523680233,45.30461273007062,3.2509257978260173,Poor Returner
wta_215,Hard,3,12.0,17.333333333333332,1.0,-6.666666666666667,WTA,1.0313025817995292,0.816404279305318,1.4992962523680233,96.86974182004708,0.18605293021957553,Average Returner
wta_216,Hard,1,12.0,15.0,1.0,-9.0,WTA,1.0313025817995292,0.7065037032449868,1.4992962523680233,96.86974182004708,0.18605293021957553,Average Returner
wta_217,Clay,3,11.0,21.0,0.6666666666666666,-1.0,WTA,0.9453606999829016,0.9891051845429815,0.9995308349120156,105.46393000170984,-0.3247592143814981,Strong Returner
wta_219,Clay,3,11.0,19.666666666666668,0.6666666666666666,-2.333333333333333,WTA,0.9453606999829016,0.9263048553656493,0.9995308349120156,105.46393000170984,-0.3247592143814981,Strong Returner
wta_22,Clay,11,10.636363636363637,21.818181818181817,0.4545454545454545,0.5454545454545454,WTA,0.9141091065950372,1.027641750174526,0.6814982965309196,108.58908934049629,-0.5105090851455247,Strong Returner
wta_22,Grass,10,8.5,21.1,0.2,4.1,WTA,0.7305059954413331,0.9938152092312814,0.2998592504736047,126.9494004558667,-1.6017895758841822,Elite Returner
wta_22,Hard,42,8.928571428571429,19.952380952380956,0.3809523809523809,2.095238095238096,WTA,0.767338230505602,0.939762068760792,0.5711604770925802,123.2661769494398,-1.3828700853408646,Elite Returner
wta_220,Hard,3,14.666666666666666,23.0,1.0,-6.333333333333333,WTA,1.2604809333105356,1.0833056783089796,1.4992962523680233,73.95190666894644,1.5482186491557715,Poor Returner
wta_221,Hard,2,12.0,22.5,0.5,-1.5,WTA,1.0313025817995292,1.0597555548674802,0.7496481261840117,96.86974182004708,0.18605293021957553,Average Returner
wta_222,Clay,1,12.0,15.0,1.0,-9.0,WTA,1.0313025817995292,0.7065037032449868,1.4992962523680233,96.86974182004708,0.18605293021957553,Average Returner
wta_222,Hard,7,11.857142857142858,22.0,0.5714285714285714,-1.7142857142857142,WTA,1.0190251701114394,1.0362054314259805,0.8567407156388704,98.09748298885606,0.1130797667051367,Average Returner
wta_223,Clay,5,12.6,21.8,0.8,-3.4,WTA,1.0828677108895055,1.0267853820493809,1.1994370018944187,91.71322891104944,0.4925402169802195,Weak Returner
wta_223,Grass,8,9.25,20.75,0.375,2.25,WTA,0.7949624068038037,0.9773301228222316,0.5622360946380087,120.50375931961963,-1.2186804674333769,Elite Returner
wta_223,Hard,57,11.280701754385966,21.94736842105263,0.5263157894736842,-0.6140350877192983,WTA,0.9694847369840603,1.0337264710637173,0.7891032907200123,103.05152630159397,-0.1813733492303191,Average Returner
wta_224,Clay,1,17.0,34.0,1.0,0.0,WTA,1.4610119908826662,1.6014083940219699,1.4992962523680233,53.89880091173338,2.7401136532249435,Poor Returner
wta_225,Clay,2,11.5,25.0,0.5,2.0,WTA,0.9883316408912154,1.177506172074978,0.7496481261840117,101.16683591087846,-0.06935314208096129,Average Returner
wta_226,Clay,1,13.0,22.0,1.0,-4.0,WTA,1.1172444636161565,1.0362054314259805,1.4992962523680233,88.27555363838435,0.6968650748206492,Weak Returner
wta_227,Clay,3,12.666666666666666,26.666666666666668,0.3333333333333333,1.3333333333333333,WTA,1.0885971696772807,1.2560065835466432,0.4997654174560078,91.14028303227192,0.5265943599536242,Weak Returner
wta_227,Hard,1,12.0,20.0,1.0,-4.0,WTA,1.0313025817995292,0.9420049376599824,1.4992962523680233,96.86974182004708,0.18605293021957553,Average Returner
wta_23,Clay,14,9.214285714285714,21.071428571428573,0.2857142857142857,2.642857142857143,WTA,0.7918930538817812,0.9924694878917671,0.4283703578194352,120.81069461182187,-1.2369237583119872,Elite Returner
wta_23,Grass,4,13.25,26.5,0.5,0.0,WTA,1.1387299340703134,1.2481565423994767,0.7496481261840117,86.12700659296866,0.8245681109709175,Weak Returner
wta_23,Hard,17,10.058823529411764,21.705882352941178,0.4117647058823529,1.588235294117647,WTA,0.864474222979017,1.0223524176368632,0.6173572803868331,113.5525777020983,-0.805523585770744,Strong Returner
wta_230,Clay,1,12.0,15.0,1.0,-9.0,WTA,1.0313025817995292,0.7065037032449868,1.4992962523680233,96.86974182004708,0.18605293021957553,Average Returner
wta_230,Hard,1,18.0,27.0,1.0,-9.0,WTA,1.5469538726992937,1.2717066658409761,1.4992962523680233,45.30461273007062,3.2509257978260173,Poor Returner
wta_231,Hard,6,12.333333333333334,24.0,0.5,-0.6666666666666666,WTA,1.059949875738405,1.130405925191979,0.7496481261840117,94.00501242615951,0.35632364508660036,Weak Returner
wta_234,Clay,2,10.0,18.5,0.5,-1.5,WTA,0.8594188181662742,0.8713545673354837,0.7496481261840117,114.05811818337259,-0.8355713589825717,Strong Returner
wta_234,Hard,1,18.0,31.0,1.0,-5.0,WTA,1.5469538726992937,1.4601076533729727,1.4992962523680233,45.30461273007062,3.2509257978260173,Poor Returner
wta_235,Clay,2,15.0,27.0,1.0,-3.0,WTA,1.2891282272494113,1.2717066658409761,1.4992962523680233,71.08717727505886,1.7184893640227963,Poor Returner
wta_235,Hard,6,8.666666666666666,13.333333333333334,0.8333333333333334,-4.0,WTA,0.744829642410771,0.6280032917733216,1.2494135436400196,125.5170357589229,-1.5166542184506702,Elite Returner
wta_237,Hard,1,13.0,23.0,1.0,-3.0,WTA,1.1172444636161565,1.0833056783089796,1.4992962523680233,88.27555363838435,0.6968650748206492,Weak Returner
wta_238,Grass,4,10.75,18.5,0.75,-3.0,WTA,0.9238752295287448,0.8713545673354837,1.1244721892760174,107.61247704712552,-0.4524622505317665,Strong Returner
wta_239,Clay,2,13.5,28.0,0.5,1.0,WTA,1.1602154045244701,1.3188069127239752,0.7496481261840117,83.97845954755299,0.952271147121186,Weak Returner
wta_239,Hard,2,8.5,20.0,0.5,3.0,WTA,0.7305059954413331,0.9420049376599824,0.7496481261840117,126.9494004558667,-1.6017895758841822,Elite Returner
wta_24,Clay,10,9.5,19.6,0.5,0.6,WTA,0.8164478772579605,0.9231648389067828,0.7496481261840117,118.35521227420395,-1.0909774312831084,Elite Returner
wta_24,Grass,2,11.0,22.0,0.5,0.0,WTA,0.9453606999829016,1.0362054314259805,0.7496481261840117,105.46393000170984,-0.3247592143814981,Strong Returner
wta_24,Hard,45,10.155555555555557,21.066666666666663,0.4222222222222222,0.7555555555555555,WTA,0.8727875553377498,0.9922452010018479,0.6330361954442765,112.72124446622502,-0.7561116920446264,Strong Returner
wta_241,Grass,3,12.333333333333334,22.33333333333333,0.6666666666666666,-2.333333333333333,WTA,1.059949875738405,1.0519055137203135,0.9995308349120156,94.00501242615951,0.35632364508660036,Weak Returner
wta_241,Hard,1,16.0,29.0,1.0,-3.0,WTA,1.3750701090660389,1.3659071596069745,1.4992962523680233,62.49298909339611,2.22930150862387,Poor Returner
wta_243,Hard,1,12.0,16.0,1.0,-8.0,WTA,1.0313025817995292,0.7536039501279859,1.4992962523680233,96.86974182004708,0.18605293021957553,Average Returner
wta_244,Clay,3,11.666666666666666,20.0,0.6666666666666666,-3.333333333333333,WTA,1.0026552878606532,0.9420049376599824,0.9995308349120156,99.73447121393468,0.01578221535255068,Average Returner
wta_246,Hard,9,12.0,22.55555555555556,0.6666666666666666,-1.4444444444444444,WTA,1.0313025817995292,1.0623722352498692,0.9995308349120156,96.86974182004708,0.18605293021957553,Average Returner
wta_249,Clay,2,13.0,26.0,0.5,0.0,WTA,1.1172444636161565,1.224606418957977,0.7496481261840117,88.27555363838435,0.6968650748206492,Weak Returner
wta_25,Clay,10,10.9,22.7,0.4,0.9,WTA,0.9367665118012389,1.0691756042440799,0.5997185009472094,106.3233488198761,-0.3758404288416053,Strong Returner
wta_25,Grass,8,9.125,21.0,0.375,2.75,WTA,0.7842196715767252,0.9891051845429815,0.5622360946380087,121.57803284232747,-1.282531985508511,Elite Returner
wta_25,Hard,43,9.604651162790695,19.930232558139537,0.4418604651162791,0.7209302325581395,WTA,0.825441795122491,0.9387188739239593,0.662479739418429,117.4558204877509,-1.0375203463829974,Elite Returner
wta_251,Grass,1,14.0,25.0,1.0,-3.0,WTA,1.203186345432784,1.177506172074978,1.4992962523680233,79.6813654567216,1.2076772194217227,Poor Returner
wta_251,Hard,2,12.5,20.5,1.0,-4.5,WTA,1.0742735227078428,0.9655550611014819,1.4992962523680233,92.57264772921572,0.44145900252011233,Weak Returner
wta_254,Clay,1,12.0,15.0,1.0,-9.0,WTA,1.0313025817995292,0.7065037032449868,1.4992962523680233,96.86974182004708,0.18605293021957553,Average Returner
wta_255,Clay,1,16.0,32.0,1.0,0.0,WTA,1.3750701090660389,1.5072079002559717,1.4992962523680233,62.49298909339611,2.22930150862387,Poor Returner
wta_258,Clay,4,10.25,16.75,0.75,-3.75,WTA,0.8809042886204311,0.7889291352902352,1.1244721892760174,111.90957113795689,-0.7078683228323033,Strong Returner
wta_258,Grass,5,9.0,17.6,0.6,-0.4,WTA,0.7734769363496469,0.8289643451407845,0.899577751420814,122.65230636503532,-1.3463835035836453,Elite Returner
wta_258,Hard,20,9.55,20.35,0.4,1.25,WTA,0.820744971348792,0.958490024069032,0.5997185009472094,117.9255028651208,-1.0654368240530545,Elite Returner
wta_259,Hard,4,13.75,27.25,0.75,-0.25,WTA,1.181700874978627,1.2834817275617258,1.1244721892760174,81.82991250213729,1.0799741832714544,Poor Returner
wta_26,Clay,9,8.777777777777779,20.0,0.3333333333333333,2.4444444444444446,WTA,0.7543787403903963,0.9420049376599824,0.4997654174560078,124.56212596096037,-1.4598973134949946,Elite Returner
wta_26,Grass,3,13.333333333333334,21.666666666666668,1.0,-5.0,WTA,1.1458917575550325,1.0205053491316476,1.4992962523680233,85.41082424449675,0.867135789687674,Weak Returner
wta_26,Hard,39,10.153846153846152,22.23076923076923,0.4102564102564102,1.9230769230769231,WTA,0.8726406461380629,1.047074719168211,0.6150958984073941,112.73593538619372,-0.7569848751977923,Strong Returner
wta_261,Clay,2,7.5,17.0,0.5,2.0,WTA,0.6445641136247057,0.8007041970109849,0.7496481261840117,135.54358863752944,-2.1126017204852556,Elite Returner
wta_262,Hard,1,12.0,14.0,1.0,-10.0,WTA,1.0313025817995292,0.6594034563619876,1.4992962523680233,96.86974182004708,0.18605293021957553,Average Returner
wta_267,Hard,7,9.428571428571429,19.571428571428573,0.4285714285714285,0.7142857142857143,WTA,0.8103091714139158,0.9218191175672685,0.6425555367291528,118.96908285860842,-1.127464013040328,Elite Returner
wta_268,Clay,1,13.0,21.0,1.0,-5.0,WTA,1.1172444636161565,0.9891051845429815,1.4992962523680233,88.27555363838435,0.6968650748206492,Weak Returner
wta_269,Clay,1,16.0,30.0,1.0,-2.0,WTA,1.3750701090660389,1.4130074064899736,1.4992962523680233,62.49298909339611,2.22930150862387,Poor Returner
wta_269,Hard,1,12.0,20.0,1.0,-4.0,WTA,1.0313025817995292,0.9420049376599824,1.4992962523680233,96.86974182004708,0.18605293021957553,Average Returner
wta_27,Clay,14,9.5,20.285714285714285,0.2857142857142857,1.2857142857142858,WTA,0.8164478772579605,0.9554621510551249,0.4283703578194352,118.35521227420395,-1.0909774312831084,Elite Returner
wta_27,Grass,3,11.0,23.0,0.6666666666666666,1.0,WTA,0.9453606999829016,1.0833056783089796,0.9995308349120156,105.46393000170984,-0.3247592143814981,Strong Returner
wta_27,Hard,34,10.323529411764708,20.647058823529413,0.5588235294117647,0.0,WTA,0.8872235446363598,0.9724815679960407,0.8378420233821308,111.27764553636402,-0.6703086063175172,Strong Returner
wta_270,Clay,1,12.0,12.0,1.0,-12.0,WTA,1.0313025817995292,0.5652029625959895,1.4992962523680233,96.86974182004708,0.18605293021957553,Average Returner
wta_276,Hard,3,12.666666666666666,26.33333333333333,0.6666666666666666,1.0,WTA,1.0885971696772807,1.2403065012523098,0.9995308349120156,91.14028303227192,0.5265943599536242,Weak Returner
wta_278,Clay,1,13.0,23.0,1.0,-3.0,WTA,1.1172444636161565,1.0833056783089796,1.4992962523680233,88.27555363838435,0.6968650748206492,Weak Returner
wta_278,Grass,3,11.0,21.33333333333333,0.6666666666666666,-0.6666666666666666,WTA,0.9453606999829016,1.0048052668373142,0.9995308349120156,105.46393000170984,-0.3247592143814981,Strong Returner
wta_28,Clay,5,11.4,20.8,0.8,-2.0,WTA,0.9797374527095527,0.9796851351663817,1.1994370018944187,102.02625472904472,-0.12043435654106847,Average Returner
wta_28,Grass,8,10.375,21.375,0.5,0.625,WTA,0.8916470238475095,1.0067677771241061,0.7496481261840117,110.83529761524905,-0.6440168047571692,Strong Returner
wta_28,Hard,46,10.326086956521738,21.456521739130437,0.4347826086956521,0.8043478260869565,WTA,0.8874433448456092,1.0106074711634812,0.6518679358121839,111.25566551543909,-0.6690021813952655,Strong Returner
wta_280,Grass,1,12.0,17.0,1.0,-7.0,WTA,1.0313025817995292,0.8007041970109849,1.4992962523680233,96.86974182004708,0.18605293021957553,Average Returner
wta_282,Hard,1,12.0,20.0,1.0,-4.0,WTA,1.0313025817995292,0.9420049376599824,1.4992962523680233,96.86974182004708,0.18605293021957553,Average Returner
wta_284,Hard,1,12.0,17.0,1.0,-7.0,WTA,1.0313025817995292,0.8007041970109849,1.4992962523680233,96.86974182004708,0.18605293021957553,Average Returner
wta_285,Hard,2,13.0,27.5,0.5,1.5,WTA,1.1172444636161565,1.2952567892824758,0.7496481261840117,88.27555363838435,0.6968650748206492,Weak Returner
wta_286,Hard,1,12.0,17.0,1.0,-7.0,WTA,1.0313025817995292,0.8007041970109849,1.4992962523680233,96.86974182004708,0.18605293021957553,Average Returner
wta_288,Hard,5,10.8,20.2,0.6,-1.4,WTA,0.9281723236195762,0.9514249870365822,0.899577751420814,107.18276763804238,-0.42692164330171245,Strong Returner
wta_29,Clay,9,8.777777777777779,19.666666666666668,0.3333333333333333,2.111111111111111,WTA,0.7543787403903963,0.9263048553656493,0.4997654174560078,124.56212596096037,-1.4598973134949946,Elite Returner
wta_29,Grass,6,10.833333333333334,23.33333333333333,0.1666666666666666,1.6666666666666667,WTA,0.9310370530134638,1.0990057606033126,0.2498827087280038,106.89629469865362,-0.40989457181501004,Strong Returner
wta_29,Hard,43,10.0,19.79069767441861,0.4651162790697674,-0.2093023255813953,WTA,0.8594188181662742,0.932146746451913,0.6973470941246619,114.05811818337259,-0.8355713589825717,Strong Returner
wta_292,Hard,1,12.0,18.0,1.0,-6.0,WTA,1.0313025817995292,0.8478044438939841,1.4992962523680233,96.86974182004708,0.18605293021957553,Average Returner
wta_293,Clay,5,9.8,21.0,0.6,1.4,WTA,0.8422304418029488,0.9891051845429815,0.899577751420814,115.77695581970512,-0.937733787902786,Strong Returner
wta_293,Hard,6,9.166666666666666,20.0,0.3333333333333333,1.6666666666666667,WTA,0.7878005833190846,0.9420049376599824,0.4997654174560078,121.21994166809154,-1.2612481461501335,Elite Returner
wta_294,Grass,1,12.0,16.0,1.0,-8.0,WTA,1.0313025817995292,0.7536039501279859,1.4992962523680233,96.86974182004708,0.18605293021957553,Average Returner
wta_297,Clay,1,15.0,24.0,1.0,-6.0,WTA,1.2891282272494113,1.130405925191979,1.4992962523680233,71.08717727505886,1.7184893640227963,Poor Returner
wta_298,Hard,1,12.0,18.0,1.0,-6.0,WTA,1.0313025817995292,0.8478044438939841,1.4992962523680233,96.86974182004708,0.18605293021957553,Average Returner
wta_3,Clay,12,8.916666666666666,21.33333333333333,0.25,3.5,WTA,0.7663151128649278,1.0048052668373142,0.37482406309200583,123.36848871350722,-1.3889511823004017,Elite Returner
wta_3,Grass,8,9.375,21.75,0.375,3.0,WTA,0.8057051420308821,1.0244303697052308,0.5622360946380087,119.42948579691179,-1.1548289493582427,Elite Returner
wta_3,Hard,65,9.215384615384616,22.107692307692307,0.2307692307692307,3.6769230769230767,WTA,0.7919874955101512,1.0412777657056882,0.3459914428541591,120.80125044898487,-1.236362426284952,Elite Returner
wta_30,Clay,5,9.0,20.6,0.4,2.6,WTA,0.7734769363496469,0.9702650857897819,0.5997185009472094,122.65230636503532,-1.3463835035836453,Elite Returner
wta_30,Grass,1,18.0,28.0,1.0,-8.0,WTA,1.5469538726992937,1.3188069127239752,1.4992962523680233,45.30461273007062,3.2509257978260173,Poor Returner
wta_30,Hard,50,9.84,21.78,0.34,2.1,WTA,0.8456681170756138,1.0258433771117208,0.509760725805128,115.43318829243862,-0.9173013021187436,Strong Returner
wta_300,Hard,1,12.0,19.0,1.0,-5.0,WTA,1.0313025817995292,0.8949046907769832,1.4992962523680233,96.86974182004708,0.18605293021957553,Average Returner
wta_302,Clay,3,12.666666666666666,22.33333333333333,0.6666666666666666,-3.0,WTA,1.0885971696772807,1.0519055137203135,0.9995308349120156,91.14028303227192,0.5265943599536242,Weak Returner
wta_302,Hard,4,10.25,19.0,0.75,-1.5,WTA,0.8809042886204311,0.8949046907769832,1.1244721892760174,111.90957113795689,-0.7078683228323033,Strong Returner
wta_303,Hard,2,15.5,25.0,1.0,-6.0,WTA,1.332099168157725,1.177506172074978,1.4992962523680233,66.7900831842275,1.9738954363233332,Poor Returner
wta_305,Hard,1,12.0,19.0,1.0,-5.0,WTA,1.0313025817995292,0.8949046907769832,1.4992962523680233,96.86974182004708,0.18605293021957553,Average Returner
wta_308,Clay,1,12.0,17.0,1.0,-7.0,WTA,1.0313025817995292,0.8007041970109849,1.4992962523680233,96.86974182004708,0.18605293021957553,Average Returner
wta_31,Clay,5,14.0,23.2,1.0,-4.8,WTA,1.203186345432784,1.0927257276855795,1.4992962523680233,79.6813654567216,1.2076772194217227,Poor Returner
wta_31,Grass,8,10.75,23.875,0.25,2.375,WTA,0.9238752295287448,1.124518394331604,0.37482406309200583,107.61247704712552,-0.4524622505317665,Strong Returner
wta_31,Hard,49,10.877551020408164,22.551020408163264,0.4081632653061224,0.7959183673469388,WTA,0.9348372042502535,1.0621586286880413,0.6119576540277646,106.51627957497465,-0.3873076402510167,Strong Returner
wta_311,Clay,3,9.0,20.33333333333333,0.3333333333333333,2.333333333333333,WTA,0.7734769363496469,0.9577050199543151,0.4997654174560078,122.65230636503532,-1.3463835035836453,Elite Returner
wta_316,Clay,2,13.5,23.5,1.0,-3.5,WTA,1.1602154045244701,1.1068558017504793,1.4992962523680233,83.97845954755299,0.952271147121186,Weak Returner
wta_319,Clay,1,13.0,19.0,1.0,-7.0,WTA,1.1172444636161565,0.8949046907769832,1.4992962523680233,88.27555363838435,0.6968650748206492,Weak Returner
wta_319,Hard,3,16.0,29.666666666666668,0.6666666666666666,-2.333333333333333,WTA,1.3750701090660389,1.3973073241956406,0.9995308349120156,62.49298909339611,2.22930150862387,Poor Returner
wta_32,Clay,14,8.857142857142858,20.428571428571427,0.3571428571428571,2.7142857142857144,WTA,0.7611995246615573,0.9621907577526961,0.535462947274294,123.88004753384428,-1.4193566670980842,Elite Returner
wta_32,Grass,4,11.25,19.5,0.75,-3.0,WTA,0.9668461704370586,0.9184548142184827,1.1244721892760174,103.31538295629414,-0.1970561782312297,Average Returner
wta_32,Hard,41,11.975609756097562,22.317073170731707,0.5609756097560976,-1.6341463414634143,WTA,1.029206438340587,1.0511396560474193,0.841068629377184,97.0793561659413,0.17359409742442783,Average Returner
wta_328,Hard,2,6.5,15.0,0.5,2.0,WTA,0.5586222318080782,0.7065037032449868,0.7496481261840117,144.13777681919217,-2.6234138650863295,Elite Returner
wta_33,Clay,10,9.4,19.1,0.5,0.3,WTA,0.8078536890762978,0.8996147154652832,0.7496481261840117,119.21463109237021,-1.1420586457432158,Elite Returner
wta_33,Grass,6,11.333333333333334,21.0,0.5,-1.6666666666666667,WTA,0.9740079939217775,0.9891051845429815,0.7496481261840117,102.59920060782225,-0.15448849951447324,Average Returner
wta_33,Hard,37,10.891891891891891,21.135135135135137,0.5405405405405406,-0.6486486486486487,WTA,0.9360696857324554,0.9954700827704138,0.8104304066854181,106.39303142675446,-0.37998214893296584,Strong Returner
wta_330,Hard,1,13.0,21.0,1.0,-5.0,WTA,1.1172444636161565,0.9891051845429815,1.4992962523680233,88.27555363838435,0.6968650748206492,Weak Returner
wta_341,Clay,2,11.0,22.0,0.5,0.0,WTA,0.9453606999829016,1.0362054314259805,0.7496481261840117,105.46393000170984,-0.3247592143814981,Strong Returner
wta_342,Clay,1,10.0,14.0,1.0,-6.0,WTA,0.8594188181662742,0.6594034563619876,1.4992962523680233,114.05811818337259,-0.8355713589825717,Strong Returner
wta_342,Grass,1,13.0,22.0,1.0,-4.0,WTA,1.1172444636161565,1.0362054314259805,1.4992962523680233,88.27555363838435,0.6968650748206492,Weak Returner
wta_342,Hard,2,14.0,24.0,1.0,-4.0,WTA,1.203186345432784,1.130405925191979,1.4992962523680233,79.6813654567216,1.2076772194217227,Poor Returner
wta_343,Clay,1,16.0,30.0,1.0,-2.0,WTA,1.3750701090660389,1.4130074064899736,1.4992962523680233,62.49298909339611,2.22930150862387,Poor Returner
wta_345,Grass,1,16.0,27.0,1.0,-5.0,WTA,1.3750701090660389,1.2717066658409761,1.4992962523680233,62.49298909339611,2.22930150862387,Poor Returner
wta_345,Hard,6,13.0,25.166666666666668,0.5,-0.8333333333333334,WTA,1.1172444636161565,1.1853562132221445,0.7496481261840117,88.27555363838435,0.6968650748206492,Weak Returner
wta_346,Hard,3,8.333333333333334,18.0,0.3333333333333333,1.3333333333333333,WTA,0.7161823484718952,0.8478044438939841,0.4997654174560078,128.3817651528105,-1.686924933317694,Elite Returner
wta_349,Clay,4,8.25,19.5,0.25,3.0,WTA,0.7090205249871763,0.9184548142184827,0.37482406309200583,129.09794750128236,-1.7294926120344505,Elite Returner
wta_349,Hard,1,12.0,15.0,1.0,-9.0,WTA,1.0313025817995292,0.7065037032449868,1.4992962523680233,96.86974182004708,0.18605293021957553,Average Returner
wta_35,Clay,13,9.384615384615383,22.307692307692307,0.1538461538461538,3.5384615384615383,WTA,0.8065315062791187,1.0506978150822879,0.23066096190277274,119.34684937208813,-1.1499172941216946,Elite Returner
wta_35,Hard,7,11.0,22.714285714285715,0.5714285714285714,0.7142857142857143,WTA,0.9453606999829016,1.0698484649138371,0.8567407156388704,105.46393000170984,-0.3247592143814981,Strong Returner
wta_351,Hard,2,13.0,24.5,0.5,-1.5,WTA,1.1172444636161565,1.1539560486334783,0.7496481261840117,88.27555363838435,0.6968650748206492,Weak Returner
wta_355,Hard,12,12.083333333333334,21.33333333333333,0.6666666666666666,-2.833333333333333,WTA,1.038464405284248,1.0048052668373142,0.9995308349120156,96.1535594715752,0.22862060893633196,Average Returner
wta_356,Hard,1,14.0,25.0,1.0,-3.0,WTA,1.203186345432784,1.177506172074978,1.4992962523680233,79.6813654567216,1.2076772194217227,Poor Returner
wta_357,Hard,2,11.5,22.5,0.5,-0.5,WTA,0.9883316408912154,1.0597555548674802,0.7496481261840117,101.16683591087846,-0.06935314208096129,Average Returner
wta_358,Hard,5,13.2,19.6,1.0,-6.8,WTA,1.1344328399794819,0.9231648389067828,1.4992962523680233,86.55671600205181,0.7990275037408635,Weak Returner
wta_359,Clay,2,13.0,20.5,1.0,-5.5,WTA,1.1172444636161565,0.9655550611014819,1.4992962523680233,88.27555363838435,0.6968650748206492,Weak Returner
wta_36,Clay,13,11.0,21.76923076923077,0.4615384615384615,-0.2307692307692307,WTA,0.9453606999829016,1.02533614368375,0.6919828857083185,105.46393000170984,-0.3247592143814981,Strong Returner
wta_36,Grass,5,13.4,25.8,0.6,-1.0,WTA,1.1516212163428075,1.2151863695813772,0.899577751420814,84.83787836571926,0.9011899326610787,Weak Returner
wta_36,Hard,45,10.666666666666666,22.466666666666665,0.4222222222222222,1.1333333333333333,WTA,0.9167134060440258,1.0581855466380468,0.6330361954442765,108.32865939559741,-0.49502992924852296,Strong Returner
wta_361,Clay,1,18.0,34.0,1.0,-2.0,WTA,1.5469538726992937,1.6014083940219699,1.4992962523680233,45.30461273007062,3.2509257978260173,Poor Returner
wta_362,Clay,3,11.333333333333334,17.333333333333332,1.0,-5.333333333333333,WTA,0.9740079939217775,0.816404279305318,1.4992962523680233,102.59920060782225,-0.15448849951447324,Average Returner
wta_362,Hard,5,13.6,23.8,0.8,-3.4,WTA,1.1688095927061328,1.120985875815379,1.1994370018944187,83.11904072938671,1.0033523615812932,Poor Returner
wta_365,Clay,2,10.5,22.5,0.5,1.5,WTA,0.902389759074588,1.0597555548674802,0.7496481261840117,109.7610240925412,-0.5801652866820349,Strong Returner
wta_367,Clay,1,15.0,25.0,1.0,-5.0,WTA,1.2891282272494113,1.177506172074978,1.4992962523680233,71.08717727505886,1.7184893640227963,Poor Returner
wta_369,Clay,2,8.5,21.5,0.5,4.5,WTA,0.7305059954413331,1.0126553079844811,0.7496481261840117,126.9494004558667,-1.6017895758841822,Elite Returner
wta_369,Hard,1,18.0,30.0,1.0,-6.0,WTA,1.5469538726992937,1.4130074064899736,1.4992962523680233,45.30461273007062,3.2509257978260173,Poor Returner
wta_37,Clay,3,10.666666666666666,24.0,0.3333333333333333,2.6666666666666665,WTA,0.9167134060440258,1.130405925191979,0.4997654174560078,108.32865939559741,-0.49502992924852296,Strong Returner
wta_37,Grass,7,9.714285714285714,22.857142857142858,0.1428571428571428,3.4285714285714284,WTA,0.8348639947900949,1.0765770716114085,0.21418517890971753,116.51360052099051,-0.9815176860114503,Strong Returner
wta_37,Hard,22,9.0,19.454545454545453,0.5,1.4545454545454546,WTA,0.7734769363496469,0.9163138939056191,0.7496481261840117,122.65230636503532,-1.3463835035836453,Elite Returner
wta_372,Hard,2,10.5,18.0,0.5,-3.0,WTA,0.902389759074588,0.8478044438939841,0.7496481261840117,109.7610240925412,-0.5801652866820349,Strong Returner
wta_379,Hard,5,11.8,22.6,0.4,-1.0,WTA,1.0141142054362036,1.06446557955578,0.5997185009472094,98.58857945637965,0.08389050129936117,Average Returner
wta_38,Clay,18,8.777777777777779,19.05555555555556,0.3333333333333333,1.5,WTA,0.7543787403903963,0.8975213711593724,0.4997654174560078,124.56212596096037,-1.4598973134949946,Elite Returner
wta_38,Grass,2,12.5,19.5,1.0,-5.5,WTA,1.0742735227078428,0.9184548142184827,1.4992962523680233,92.57264772921572,0.44145900252011233,Weak Returner
wta_38,Hard,37,10.702702702702704,20.56756756756757,0.5135135135135135,-0.8378378378378378,WTA,0.9198104107941747,0.968737510215198,0.7699088863511471,108.01895892058253,-0.47662228439803306,Strong Returner
wta_383,Clay,2,9.5,21.5,0.5,2.5,WTA,0.8164478772579605,1.0126553079844811,0.7496481261840117,118.35521227420395,-1.0909774312831084,Elite Returner
wta_384,Hard,1,12.0,14.0,1.0,-10.0,WTA,1.0313025817995292,0.6594034563619876,1.4992962523680233,96.86974182004708,0.18605293021957553,Average Returner
wta_386,Clay,1,12.0,20.0,1.0,-4.0,WTA,1.0313025817995292,0.9420049376599824,1.4992962523680233,96.86974182004708,0.18605293021957553,Average Returner
wta_388,Grass,1,12.0,19.0,1.0,-5.0,WTA,1.0313025817995292,0.8949046907769832,1.4992962523680233,96.86974182004708,0.18605293021957553,Average Returner
wta_39,Clay,13,8.538461538461538,19.846153846153847,0.3846153846153846,2.769230769230769,WTA,0.7338114524342803,0.9347587458318286,0.576652404756932,126.61885475657198,-1.582142954937987,Elite Returner
wta_39,Grass,3,11.666666666666666,23.33333333333333,0.6666666666666666,0.0,WTA,1.0026552878606532,1.0990057606033126,0.9995308349120156,99.73447121393468,0.01578221535255068,Average Returner
wta_39,Hard,36,10.13888888888889,21.13888888888889,0.4166666666666667,0.8611111111111112,WTA,0.8713551906408059,0.9956468854989535,0.6247067718200098,112.8644809359194,-0.7646252277879779,Strong Returner
wta_399,Clay,1,13.0,23.0,1.0,-3.0,WTA,1.1172444636161565,1.0833056783089796,1.4992962523680233,88.27555363838435,0.6968650748206492,Weak Returner
wta_399,Grass,4,12.5,23.75,0.75,-1.25,WTA,1.0742735227078428,1.118630863471229,1.1244721892760174,92.57264772921572,0.44145900252011233,Weak Returner
wta_399,Hard,7,12.285714285714286,23.571428571428573,0.5714285714285714,-1.0,WTA,1.0558574051757084,1.110220105099265,0.8567407156388704,94.41425948242916,0.3319992572484541,Weak Returner
wta_4,Clay,21,8.047619047619047,20.666666666666668,0.1428571428571428,4.571428571428571,WTA,0.6916275250957159,0.9734051022486485,0.21418517890971753,130.8372474904284,-1.8328712603465727,Elite Returner
wta_4,Grass,2,12.5,19.0,1.0,-6.0,WTA,1.0742735227078428,0.8949046907769832,1.4992962523680233,92.57264772921572,0.44145900252011233,Weak Returner
wta_4,Hard,43,9.255813953488373,20.79069767441861,0.3023255813953488,2.2790697674418605,WTA,0.7954620689073888,0.9792469933349122,0.45327561118103027,120.45379310926111,-1.2157106293833704,Elite Returner
wta_40,Clay,7,11.0,19.428571428571427,0.7142857142857143,-2.571428571428572,WTA,0.9453606999829016,0.9150905108696971,1.0709258945485882,105.46393000170984,-0.3247592143814981,Strong Returner
wta_40,Grass,8,10.125,23.375,0.375,3.125,WTA,0.8701615533933527,1.1009682708901043,0.5622360946380087,112.98384466066473,-0.7717198409074375,Strong Returner
wta_40,Hard,33,10.333333333333334,21.03030303030303,0.4848484848484848,0.3636363636363636,WTA,0.8880661121051501,0.9905324647515572,0.7269315162996476,111.193388789485,-0.6653006441155469,Strong Returner
wta_403,Hard,1,12.0,19.0,1.0,-5.0,WTA,1.0313025817995292,0.8949046907769832,1.4992962523680233,96.86974182004708,0.18605293021957553,Average Returner
wta_405,Hard,1,17.0,27.0,1.0,-7.0,WTA,1.4610119908826662,1.2717066658409761,1.4992962523680233,53.89880091173338,2.7401136532249435,Poor Returner
wta_406,Hard,1,12.0,14.0,1.0,-10.0,WTA,1.0313025817995292,0.6594034563619876,1.4992962523680233,96.86974182004708,0.18605293021957553,Average Returner
wta_41,Clay,2,8.5,20.5,0.5,3.5,WTA,0.7305059954413331,0.9655550611014819,0.7496481261840117,126.9494004558667,-1.6017895758841822,Elite Returner
wta_41,Hard,13,9.23076923076923,20.07692307692308,0.3846153846153846,1.6153846153846154,WTA,0.79330967830733,0.9456280335740593,0.576652404756932,120.669032169267,-1.228503777906475,Elite Returner
wta_410,Hard,1,12.0,16.0,1.0,-8.0,WTA,1.0313025817995292,0.7536039501279859,1.4992962523680233,96.86974182004708,0.18605293021957553,Average Returner
wta_415,Clay,3,11.0,21.33333333333333,0.6666666666666666,-0.6666666666666666,WTA,0.9453606999829016,1.0048052668373142,0.9995308349120156,105.46393000170984,-0.3247592143814981,Strong Returner
wta_416,Hard,2,9.0,17.0,0.5,-1.0,WTA,0.7734769363496469,0.8007041970109849,0.7496481261840117,122.65230636503532,-1.3463835035836453,Elite Returner
wta_418,Hard,3,10.333333333333334,16.666666666666668,0.6666666666666666,-4.0,WTA,0.8880661121051501,0.785004114716652,0.9995308349120156,111.193388789485,-0.6653006441155469,Strong Returner
wta_42,Clay,2,13.0,24.5,0.5,-1.5,WTA,1.1172444636161565,1.1539560486334783,0.7496481261840117,88.27555363838435,0.6968650748206492,Weak Returner
wta_42,Hard,19,9.894736842105264,21.05263157894737,0.3684210526315789,1.263157894736842,WTA,0.8503723042908399,0.9915841449052446,0.5523723035040086,114.96276957091601,-0.8893410584142634,Strong Returner
wta_421,Hard,2,10.5,17.5,0.5,-3.5,WTA,0.902389759074588,0.8242543204524846,0.7496481261840117,109.7610240925412,-0.5801652866820349,Strong Returner
wta_423,Clay,2,15.0,21.5,1.0,-8.5,WTA,1.2891282272494113,1.0126553079844811,1.4992962523680233,71.08717727505886,1.7184893640227963,Poor Returner
wta_423,Hard,1,12.0,18.0,1.0,-6.0,WTA,1.0313025817995292,0.8478044438939841,1.4992962523680233,96.86974182004708,0.18605293021957553,Average Returner
wta_427,Hard,1,13.0,20.0,1.0,-6.0,WTA,1.1172444636161565,0.9420049376599824,1.4992962523680233,88.27555363838435,0.6968650748206492,Weak Returner
wta_428,Hard,1,12.0,18.0,1.0,-6.0,WTA,1.0313025817995292,0.8478044438939841,1.4992962523680233,96.86974182004708,0.18605293021957553,Average Returner
wta_429,Clay,4,9.25,16.75,0.5,-1.75,WTA,0.7949624068038037,0.7889291352902352,0.7496481261840117,120.50375931961963,-1.2186804674333769,Elite Returner
wta_43,Clay,11,10.818181818181818,22.363636363636363,0.4545454545454545,0.7272727272727273,WTA,0.9297349032889695,1.0533327939288892,0.6814982965309196,107.02650967110306,-0.4176341497635114,Strong Returner
wta_43,Grass,11,10.181818181818182,21.818181818181817,0.2727272727272727,1.4545454545454546,WTA,0.8750446148602065,1.027641750174526,0.4088989779185518,112.49553851397935,-0.7426964236005584,Strong Returner
wta_43,Hard,40,10.725,21.55,0.5,0.1,WTA,0.9217266824833291,1.015010320328631,0.7496481261840117,107.82733175166709,-0.46523255414679354,Strong Returner
wta_434,Hard,1,12.0,15.0,1.0,-9.0,WTA,1.0313025817995292,0.7065037032449868,1.4992962523680233,96.86974182004708,0.18605293021957553,Average Returner
wta_437,Clay,1,12.0,20.0,1.0,-4.0,WTA,1.0313025817995292,0.9420049376599824,1.4992962523680233,96.86974182004708,0.18605293021957553,Average Returner
wta_437,Hard,12,11.666666666666666,21.33333333333333,0.6666666666666666,-2.0,WTA,1.0026552878606532,1.0048052668373142,0.9995308349120156,99.73447121393468,0.01578221535255068,Average Returner
wta_438,Clay,1,12.0,15.0,1.0,-9.0,WTA,1.0313025817995292,0.7065037032449868,1.4992962523680233,96.86974182004708,0.18605293021957553,Average Returner
wta_44,Clay,13,11.615384615384617,24.384615384615383,0.3846153846153846,1.1538461538461535,WTA,0.9982480118700571,1.148521404762363,0.576652404756932,100.1751988129943,-0.010413279242375173,Average Returner
wta_44,Grass,3,10.333333333333334,22.0,0.3333333333333333,1.3333333333333333,WTA,0.8880661121051501,1.0362054314259805,0.4997654174560078,111.193388789485,-0.6653006441155469,Strong Returner
wta_44,Hard,32,12.78125,25.4375,0.53125,-0.125,WTA,1.0984446769687692,1.19811253008629,0.7965011340705124,90.15553230312308,0.5851249181891642,Weak Returner
wta_441,Clay,1,12.0,18.0,1.0,-6.0,WTA,1.0313025817995292,0.8478044438939841,1.4992962523680233,96.86974182004708,0.18605293021957553,Average Returner
wta_447,Clay,1,18.0,27.0,1.0,-9.0,WTA,1.5469538726992937,1.2717066658409761,1.4992962523680233,45.30461273007062,3.2509257978260173,Poor Returner
wta_45,Clay,4,11.75,20.25,0.75,-3.25,WTA,1.0098171113453722,0.9537799993807321,1.1244721892760174,99.01828886546278,0.058349894069307115,Average Returner
wta_45,Grass,7,9.857142857142858,21.285714285714285,0.4285714285714285,1.5714285714285714,WTA,0.8471414064781847,1.002562397938124,0.6425555367291528,115.28585935218153,-0.9085445224970106,Strong Returner
wta_45,Hard,25,10.28,21.2,0.44,0.64,WTA,0.8834825450749298,0.9985252339195813,0.6596903510419303,111.65174549250702,-0.6925439584942714,Strong Returner
wta_451,Clay,1,12.0,15.0,1.0,-9.0,WTA,1.0313025817995292,0.7065037032449868,1.4992962523680233,96.86974182004708,0.18605293021957553,Average Returner
wta_451,Hard,5,10.8,20.4,0.6,-1.2,WTA,0.9281723236195762,0.960845036413182,0.899577751420814,107.18276763804238,-0.42692164330171245,Strong Returner
wta_46,Clay,4,15.25,25.5,1.0,-5.0,WTA,1.3106136977035683,1.2010562955164774,1.4992962523680233,68.93863022964317,1.8461924001730647,Poor Returner
wta_46,Grass,7,10.714285714285714,20.285714285714285,0.5714285714285714,-1.1428571428571428,WTA,0.9208058766067223,0.9554621510551249,0.8567407156388704,107.91941233932776,-0.4707055414103767,Strong Returner
wta_46,Hard,33,9.848484848484848,20.454545454545453,0.4848484848484848,0.7575757575757576,WTA,0.8463973209213306,0.9634141407886182,0.7269315162996476,115.36026790786694,-0.9129671384675833,Strong Returner
wta_463,Clay,2,11.0,19.5,0.5,-2.5,WTA,0.9453606999829016,0.9184548142184827,0.7496481261840117,105.46393000170984,-0.3247592143814981,Strong Returner
wta_463,Hard,3,13.0,22.0,0.6666666666666666,-4.0,WTA,1.1172444636161565,1.0362054314259805,0.9995308349120156,88.27555363838435,0.6968650748206492,Weak Returner
wta_47,Hard,21,10.19047619047619,20.952380952380956,0.3809523809523809,0.5714285714285714,WTA,0.8757887004170604,0.9868623156437912,0.5711604770925802,112.42112995829396,-0.7382738076299866,Strong Returner
wta_476,Hard,1,12.0,18.0,1.0,-6.0,WTA,1.0313025817995292,0.8478044438939841,1.4992962523680233,96.86974182004708,0.18605293021957553,Average Returner
wta_48,Clay,13,11.0,23.153846153846157,0.3846153846153846,1.1538461538461535,WTA,0.9453606999829016,1.0905518701371335,0.576652404756932,105.46393000170984,-0.3247592143814981,Strong Returner
wta_48,Grass,4,9.0,20.5,0.25,2.5,WTA,0.7734769363496469,0.9655550611014819,0.37482406309200583,122.65230636503532,-1.3463835035836453,Elite Returner
wta_48,Hard,31,11.774193548387096,22.83870967741936,0.5806451612903226,-0.7096774193548387,WTA,1.011896350421581,1.075708864295593,0.8705591142782072,98.8103649578419,0.07070825240642951,Average Returner
wta_480,Clay,1,17.0,32.0,1.0,-2.0,WTA,1.4610119908826662,1.5072079002559717,1.4992962523680233,53.89880091173338,2.7401136532249435,Poor Returner
wta_480,Hard,2,7.5,17.5,0.5,2.5,WTA,0.6445641136247057,0.8242543204524846,0.7496481261840117,135.54358863752944,-2.1126017204852556,Elite Returner
wta_483,Grass,1,12.0,15.0,1.0,-9.0,WTA,1.0313025817995292,0.7065037032449868,1.4992962523680233,96.86974182004708,0.18605293021957553,Average Returner
wta_49,Clay,12,10.333333333333334,21.33333333333333,0.4166666666666667,0.6666666666666666,WTA,0.8880661121051501,1.0048052668373142,0.6247067718200098,111.193388789485,-0.6653006441155469,Strong Returner
wta_49,Grass,6,9.833333333333334,20.33333333333333,0.5,0.6666666666666666,WTA,0.8450951711968364,0.9577050199543151,0.7496481261840117,115.49048288031636,-0.9207067164160837,Strong Returner
wta_49,Hard,32,10.6875,21.5,0.46875,0.125,WTA,0.9185038619152056,1.0126553079844811,0.702795118297511,108.14961380847944,-0.4843880095693336,Strong Returner
wta_499,Clay,1,12.0,16.0,1.0,-8.0,WTA,1.0313025817995292,0.7536039501279859,1.4992962523680233,96.86974182004708,0.18605293021957553,Average Returner
wta_5,Clay,16,9.0625,20.4375,0.3125,2.3125,WTA,0.778848303963186,0.9626112956712944,0.4685300788650073,122.1151696036814,-1.3144577445460783,Elite Returner
wta_5,Grass,6,12.0,25.33333333333333,0.3333333333333333,1.3333333333333333,WTA,1.0313025817995292,1.1932062543693107,0.4997654174560078,96.86974182004708,0.18605293021957553,Average Returner
wta_5,Hard,61,9.508196721311476,22.18032786885246,0.2622950819672131,3.1639344262295084,WTA,0.8171523189121952,1.0446989185688165,0.3932580334080061,118.28476810878048,-1.086790446491296,Elite Returner
wta_50,Clay,7,11.285714285714286,21.714285714285715,0.5714285714285714,-0.8571428571428571,WTA,0.969915523359081,1.022748218030838,0.8567407156388704,103.00844766409189,-0.17881288735261952,Average Returner
wta_50,Grass,7,11.285714285714286,22.428571428571427,0.5714285714285714,-0.1428571428571428,WTA,0.969915523359081,1.0563912515186944,0.8567407156388704,103.00844766409189,-0.17881288735261952,Average Returner
wta_50,Hard,42,11.285714285714286,21.52380952380953,0.5,-1.0476190476190477,WTA,0.969915523359081,1.0137767424340764,0.7496481261840117,103.00844766409189,-0.17881288735261952,Average Returner
wta_51,Clay,7,10.0,18.714285714285715,0.5714285714285714,-1.2857142857142858,WTA,0.8594188181662742,0.8814474773818407,0.8567407156388704,114.05811818337259,-0.8355713589825717,Strong Returner
wta_51,Grass,9,10.22222222222222,21.77777777777778,0.4444444444444444,1.3333333333333333,WTA,0.8785170141255245,1.0257387098964252,0.6663538899413437,112.14829858744756,-0.7220575490712233,Strong Returner
wta_51,Hard,22,10.590909090909092,22.181818181818183,0.5,1.0,WTA,0.9102026574215542,1.044769112677435,0.7496481261840117,108.97973425784458,-0.5337278189910278,Strong Returner
wta_52,Clay,5,9.8,18.2,0.8,-1.4,WTA,0.8422304418029488,0.8572244932705839,1.1994370018944187,115.77695581970512,-0.937733787902786,Strong Returner
wta_52,Grass,7,9.714285714285714,21.428571428571427,0.4285714285714285,2.0,WTA,0.8348639947900949,1.0092910046356953,0.6425555367291528,116.51360052099051,-0.9815176860114503,Strong Returner
wta_52,Hard,19,12.842105263157896,23.94736842105263,0.5263157894736842,-1.736842105263158,WTA,1.1036746928030048,1.1279269648297157,0.7891032907200123,89.63253071969952,0.6162105256731116,Weak Returner
wta_53,Clay,3,11.0,18.33333333333333,0.6666666666666666,-3.6666666666666665,WTA,0.9453606999829016,0.863504526188317,0.9995308349120156,105.46393000170984,-0.3247592143814981,Strong Returner
wta_53,Grass,7,11.142857142857142,23.428571428571427,0.4285714285714285,1.1428571428571428,WTA,0.9576381116709912,1.1034914984016935,0.6425555367291528,104.23618883290088,-0.25178605086705924,Average Returner
wta_53,Hard,18,10.5,22.22222222222222,0.3888888888888889,1.2222222222222223,WTA,0.902389759074588,1.0466721529555358,0.5830596536986757,109.7610240925412,-0.5801652866820349,Strong Returner
wta_54,Clay,6,12.666666666666666,24.33333333333333,0.6666666666666666,-1.0,WTA,1.0885971696772807,1.1461060074863116,0.9995308349120156,91.14028303227192,0.5265943599536242,Weak Returner
wta_54,Grass,7,10.857142857142858,23.571428571428573,0.2857142857142857,1.8571428571428568,WTA,0.9330832882948121,1.110220105099265,0.4283703578194352,106.69167117051879,-0.3977323778959369,Strong Returner
wta_54,Hard,26,12.0,21.23076923076923,0.6923076923076923,-2.769230769230769,WTA,1.0313025817995292,0.999974472285212,1.0379743285624776,96.86974182004708,0.18605293021957553,Average Returner
wta_55,Clay,9,12.77777777777778,23.22222222222222,0.5555555555555556,-2.333333333333333,WTA,1.0981462676569063,1.093772399838535,0.8329423624266796,90.18537323430937,0.5833512649093008,Weak Returner
wta_55,Grass,5,13.8,23.6,0.8,-4.0,WTA,1.1859979690694584,1.1115658264387793,1.1994370018944187,81.40020309305416,1.1055147905015084,Poor Returner
wta_55,Hard,34,11.058823529411764,21.41176470588235,0.5882352941176471,-0.7058823529411765,WTA,0.9504161047956444,1.0084994038477457,0.8819389719811902,104.95838952043556,-0.29471144116967035,Average Returner
wta_555,Hard,7,13.0,22.571428571428573,0.8571428571428571,-3.4285714285714284,WTA,1.1172444636161565,1.0631198582162658,1.2851110734583056,88.27555363838435,0.6968650748206492,Weak Returner
wta_56,Clay,8,8.75,17.25,0.625,-0.25,WTA,0.7519914658954899,0.8124792587317348,0.9370601577300146,124.80085341045101,-1.4740865397339138,Elite Returner
wta_56,Grass,3,13.0,23.666666666666668,0.6666666666666666,-2.333333333333333,WTA,1.1172444636161565,1.1147058428976457,0.9995308349120156,88.27555363838435,0.6968650748206492,Weak Returner
wta_56,Hard,30,9.733333333333333,20.5,0.4333333333333333,1.0333333333333334,WTA,0.8365009830151735,0.9655550611014819,0.6496950426928101,116.34990169848265,-0.9717879308761918,Strong Returner
wta_57,Clay,4,11.25,25.25,0.5,2.75,WTA,0.9668461704370586,1.1892812337957277,0.7496481261840117,103.31538295629414,-0.1970561782312297,Average Returner
wta_57,Grass,2,14.0,27.5,0.5,-0.5,WTA,1.203186345432784,1.2952567892824758,0.7496481261840117,79.6813654567216,1.2076772194217227,Poor Returner
wta_57,Hard,16,11.75,21.875,0.5625,-1.625,WTA,1.0098171113453722,1.0303179005656058,0.8433541419570131,99.01828886546278,0.058349894069307115,Average Returner
wta_58,Clay,6,12.333333333333334,21.5,0.6666666666666666,-3.1666666666666665,WTA,1.059949875738405,1.0126553079844811,0.9995308349120156,94.00501242615951,0.35632364508660036,Weak Returner
wta_58,Grass,1,13.0,21.0,1.0,-5.0,WTA,1.1172444636161565,0.9891051845429815,1.4992962523680233,88.27555363838435,0.6968650748206492,Weak Returner
wta_58,Hard,24,10.375,19.0,0.5833333333333334,-1.75,WTA,0.8916470238475095,0.8949046907769832,0.8745894805480137,110.83529761524905,-0.6440168047571692,Strong Returner
wta_59,Clay,12,11.0,22.33333333333333,0.3333333333333333,0.3333333333333333,WTA,0.9453606999829016,1.0519055137203135,0.4997654174560078,105.46393000170984,-0.3247592143814981,Strong Returner
wta_59,Grass,3,10.333333333333334,18.666666666666668,0.6666666666666666,-2.0,WTA,0.8880661121051501,0.8792046084826503,0.9995308349120156,111.193388789485,-0.6653006441155469,Strong Returner
wta_59,Hard,30,12.233333333333333,23.1,0.6333333333333333,-1.3666666666666667,WTA,1.051355687556742,1.0880157029972797,0.9495542931664147,94.8644312443258,0.30524243062649226,Weak Returner
wta_6,Clay,10,8.6,19.3,0.4,2.1,WTA,0.7391001836229958,0.909034764841883,0.5997185009472094,126.08998163770042,-1.5507083614240749,Elite Returner
wta_6,Grass,15,9.533333333333331,21.53333333333333,0.2,2.466666666666667,WTA,0.8193126066518479,1.0142253162139143,0.2998592504736047,118.0687393348152,-1.073950359796407,Elite Returner
wta_6,Hard,47,8.97872340425532,20.361702127659573,0.2978723404255319,2.404255319148936,WTA,0.7716483856726973,0.9590411971708543,0.44659888368409206,122.83516143273027,-1.3572518470857957,Elite Returner
wta_60,Clay,10,10.4,19.8,0.6,-1.0,WTA,0.8937955708929253,0.9325848882833826,0.899577751420814,110.62044291070747,-0.6312465011421421,Strong Returner
wta_60,Grass,5,11.4,23.6,0.4,0.8,WTA,0.9797374527095527,1.1115658264387793,0.5997185009472094,102.02625472904472,-0.12043435654106847,Average Returner
wta_60,Hard,26,12.115384615384617,23.192307692307693,0.5769230769230769,-1.0384615384615383,WTA,1.0412189527783708,1.092363418094172,0.864978607135398,95.87810472216292,0.24499279305816163,Average Returner
wta_61,Clay,10,9.3,19.4,0.5,0.8,WTA,0.7992595008946352,0.9137447895301828,0.7496481261840117,120.07404991053649,-1.193139860203323,Elite Returner
wta_61,Grass,6,11.833333333333334,22.33333333333333,0.6666666666666666,-1.3333333333333333,WTA,1.0169789348300913,1.0519055137203135,0.9995308349120156,98.30210651699088,0.10091757278606356,Average Returner
wta_61,Hard,33,11.12121212121212,23.151515151515152,0.5454545454545454,0.9090909090909092,WTA,0.9557778977788564,1.0904420793518583,0.8177979558371036,104.42221022211436,-0.26284259079349015,Average Returner
wta_62,Clay,4,12.75,24.5,0.75,-1.0,WTA,1.0957589931619998,1.1539560486334783,1.1244721892760174,90.42410068380002,0.5691620386703807,Weak Returner
wta_62,Grass,6,9.333333333333334,19.0,0.5,0.3333333333333333,WTA,0.8021242302885226,0.8949046907769832,0.7496481261840117,119.78757697114773,-1.1761127887166205,Elite Returner
wta_62,Hard,30,11.333333333333334,21.933333333333334,0.5666666666666667,-0.7333333333333333,WTA,0.9740079939217775,1.033065414967114,0.8496012096752132,102.59920060782225,-0.15448849951447324,Average Returner
wta_63,Clay,13,9.538461538461538,21.46153846153846,0.3076923076923077,2.3846153846153846,WTA,0.8197533342509077,1.0108437600274425,0.46132192380554565,118.02466657490923,-1.0713308103369135,Elite Returner
wta_63,Grass,2,14.5,24.5,1.0,-4.5,WTA,1.2461572863410977,1.1539560486334783,1.4992962523680233,75.38427136589023,1.4630832917222596,Poor Returner
wta_63,Hard,30,11.5,22.4,0.5666666666666667,-0.6,WTA,0.9883316408912154,1.0550455301791801,0.8496012096752132,101.16683591087846,-0.06935314208096129,Average Returner
wta_64,Clay,1,13.0,21.0,1.0,-5.0,WTA,1.1172444636161565,0.9891051845429815,1.4992962523680233,88.27555363838435,0.6968650748206492,Weak Returner
wta_64,Grass,4,10.5,23.0,0.25,2.0,WTA,0.902389759074588,1.0833056783089796,0.37482406309200583,109.7610240925412,-0.5801652866820349,Strong Returner
wta_64,Hard,11,11.727272727272728,21.09090909090909,0.6363636363636364,-2.363636363636364,WTA,1.0078638867586307,0.9933870251687086,0.9540976151432876,99.21361132413693,0.04674052714655602,Average Returner
wta_65,Clay,8,12.875,26.0,0.375,0.25,WTA,1.1065017283890781,1.224606418957977,0.5622360946380087,89.3498271610922,0.633013556745515,Weak Returner
wta_65,Grass,1,12.0,16.0,1.0,-8.0,WTA,1.0313025817995292,0.7536039501279859,1.4992962523680233,96.86974182004708,0.18605293021957553,Average Returner
wta_65,Hard,24,11.375,21.916666666666668,0.625,-0.8333333333333334,WTA,0.9775889056641369,1.0322804108523973,0.9370601577300146,102.2411094335863,-0.1332046601560955,Average Returner
wta_66,Clay,9,13.22222222222222,24.77777777777778,0.5555555555555556,-1.6666666666666667,WTA,1.136342659575407,1.1670394505454227,0.8329423624266796,86.36573404245931,0.8103788847319975,Weak Returner
wta_66,Grass,8,13.25,26.25,0.5,-0.25,WTA,1.1387299340703134,1.2363814806787268,0.7496481261840117,86.12700659296866,0.8245681109709175,Weak Returner
wta_66,Hard,25,11.28,20.72,0.68,-1.84,WTA,0.9694244268915573,0.9759171154157417,1.019521451610256,103.05755731084427,-0.1817318138931978,Average Returner
wta_67,Clay,2,13.0,23.0,0.5,-3.0,WTA,1.1172444636161565,1.0833056783089796,0.7496481261840117,88.27555363838435,0.6968650748206492,Weak Returner
wta_67,Grass,2,9.0,21.0,0.5,3.0,WTA,0.7734769363496469,0.9891051845429815,0.7496481261840117,122.65230636503532,-1.3463835035836453,Elite Returner
wta_67,Hard,20,10.65,20.8,0.55,-0.5,WTA,0.9152810413470821,0.9796851351663817,0.8246129388024129,108.47189586529178,-0.5035434649918736,Strong Returner
wta_68,Clay,2,11.5,22.0,0.5,-1.0,WTA,0.9883316408912154,1.0362054314259805,0.7496481261840117,101.16683591087846,-0.06935314208096129,Average Returner
wta_68,Grass,2,10.5,21.5,0.5,0.5,WTA,0.902389759074588,1.0126553079844811,0.7496481261840117,109.7610240925412,-0.5801652866820349,Strong Returner
wta_68,Hard,24,10.833333333333334,21.916666666666668,0.5416666666666666,0.25,WTA,0.9310370530134638,1.0322804108523973,0.8121188033660126,106.89629469865362,-0.40989457181501004,Strong Returner
wta_69,Hard,4,12.25,21.0,0.5,-3.5,WTA,1.0527880522536859,0.9891051845429815,0.7496481261840117,94.72119477463141,0.31375596636984393,Weak Returner
wta_7,Clay,15,8.2,19.2,0.2666666666666666,2.8,WTA,0.7047234308963448,0.904324740153583,0.39981233396480614,129.52765691036552,-1.7550332192645046,Elite Returner
wta_7,Grass,8,9.125,20.75,0.375,2.5,WTA,0.7842196715767252,0.9773301228222316,0.5622360946380087,121.57803284232747,-1.282531985508511,Elite Returner
wta_7,Hard,47,8.74468085106383,20.872340425531917,0.2553191489361702,3.382978723404255,WTA,0.7515343282262525,0.9830923870685562,0.3827990431577932,124.84656717737474,-1.4768036256094512,Elite Returner
wta_70,Clay,5,11.4,22.6,0.4,-0.2,WTA,0.9797374527095527,1.06446557955578,0.5997185009472094,102.02625472904472,-0.12043435654106847,Average Returner
wta_70,Grass,4,8.5,18.0,0.5,1.0,WTA,0.7305059954413331,0.8478044438939841,0.7496481261840117,126.9494004558667,-1.6017895758841822,Elite Returner
wta_70,Hard,28,10.071428571428571,21.464285714285715,0.4642857142857143,1.3214285714285714,WTA,0.865557524010319,1.0109731563100883,0.6961018314565823,113.44424759896809,-0.7990847772253523,Strong Returner
wta_71,Hard,5,12.0,24.6,0.4,0.6,WTA,1.0313025817995292,1.1586660733217784,0.5997185009472094,96.86974182004708,0.18605293021957553,Average Returner
wta_72,Clay,4,12.5,24.0,0.75,-1.0,WTA,1.0742735227078428,1.130405925191979,1.1244721892760174,92.57264772921572,0.44145900252011233,Weak Returner
wta_72,Grass,6,11.166666666666666,19.33333333333333,0.6666666666666666,-3.0,WTA,0.9596843469523395,0.910604773071316,0.9995308349120156,104.03156530476605,-0.23962385694798613,Average Returner
wta_72,Hard,14,11.214285714285714,21.642857142857142,0.5714285714285714,-0.7857142857142857,WTA,0.9637768175150361,1.0193839146820523,0.8567407156388704,103.6223182484964,-0.21529946910983985,Average Returner
wta_73,Clay,11,9.454545454545457,20.363636363636363,0.4545454545454545,1.4545454545454546,WTA,0.8125414280844777,0.9591323001628911,0.6814982965309196,118.74585719155223,-1.1141961651286107,Elite Returner
wta_73,Grass,3,14.0,24.666666666666668,1.0,-3.333333333333333,WTA,1.203186345432784,1.161806089780645,1.4992962523680233,79.6813654567216,1.2076772194217227,Poor Returner
wta_73,Hard,31,11.806451612903226,22.741935483870968,0.5483870967741935,-0.8709677419354839,WTA,1.0146686691898592,1.0711507758875605,0.8221947190405289,98.53313308101409,0.08718606352259362,Average Returner
wta_74,Clay,1,12.0,20.0,1.0,-4.0,WTA,1.0313025817995292,0.9420049376599824,1.4992962523680233,96.86974182004708,0.18605293021957553,Average Returner
wta_74,Hard,6,12.166666666666666,23.166666666666668,0.6666666666666666,-1.1666666666666667,WTA,1.045626228768967,1.0911557194561463,0.9995308349120156,95.43737712310329,0.2711882876530875,Average Returner
wta_75,Clay,10,11.7,22.8,0.4,-0.6,WTA,1.0055200172545409,1.07388562893238,0.5997185009472094,99.44799827454591,0.03280928683925307,Average Returner
wta_75,Grass,1,13.0,20.0,1.0,-6.0,WTA,1.1172444636161565,0.9420049376599824,1.4992962523680233,88.27555363838435,0.6968650748206492,Weak Returner
wta_75,Hard,38,10.921052631578949,22.289473684210527,0.4210526315789473,0.4473684210526316,WTA,0.9385758145763259,1.0498397134184276,0.6312826325760097,106.14241854236741,-0.3650864889552664,Strong Returner
wta_76,Clay,7,11.857142857142858,19.714285714285715,0.7142857142857143,-4.0,WTA,1.0190251701114394,0.9285477242648398,1.0709258945485882,98.09748298885606,0.1130797667051367,Average Returner
wta_76,Grass,1,12.0,15.0,1.0,-9.0,WTA,1.0313025817995292,0.7065037032449868,1.4992962523680233,96.86974182004708,0.18605293021957553,Average Returner
wta_76,Hard,38,11.5,22.289473684210527,0.5526315789473685,-0.7105263157894737,WTA,0.9883316408912154,1.0498397134184276,0.828558455256013,101.16683591087846,-0.06935314208096129,Average Returner
wta_77,Clay,8,10.75,19.75,0.625,-1.75,WTA,0.9238752295287448,0.9302298759392326,0.9370601577300146,107.61247704712552,-0.4524622505317665,Strong Returner
wta_77,Grass,5,11.6,19.8,0.8,-3.4,WTA,0.9969258290728781,0.9325848882833826,1.1994370018944187,100.30741709271219,-0.018271927620854108,Average Returner
wta_77,Hard,36,11.166666666666666,21.5,0.5555555555555556,-0.8333333333333334,WTA,0.9596843469523395,1.0126553079844811,0.8329423624266796,104.03156530476605,-0.23962385694798613,Average Returner
wta_775,Hard,7,14.285714285714286,23.285714285714285,1.0,-5.285714285714286,WTA,1.2277411688089632,1.0967628917041223,1.4992962523680233,77.22588311910368,1.3536235464506012,Poor Returner
wta_78,Clay,12,8.75,19.33333333333333,0.3333333333333333,1.8333333333333333,WTA,0.7519914658954899,0.910604773071316,0.4997654174560078,124.80085341045101,-1.4740865397339138,Elite Returner
wta_78,Grass,4,9.5,19.0,0.5,0.0,WTA,0.8164478772579605,0.8949046907769832,0.7496481261840117,118.35521227420395,-1.0909774312831084,Elite Returner
wta_78,Hard,14,12.285714285714286,23.428571428571427,0.5714285714285714,-1.1428571428571428,WTA,1.0558574051757084,1.1034914984016935,0.8567407156388704,94.41425948242916,0.3319992572484541,Weak Returner
wta_79,Clay,8,10.25,21.625,0.375,1.125,WTA,0.8809042886204311,1.0185428388448559,0.5622360946380087,111.90957113795689,-0.7078683228323033,Strong Returner
wta_79,Grass,6,10.333333333333334,23.0,0.3333333333333333,2.333333333333333,WTA,0.8880661121051501,1.0833056783089796,0.4997654174560078,111.193388789485,-0.6653006441155469,Strong Returner
wta_79,Hard,20,11.2,20.55,0.7,-1.85,WTA,0.9625490763462271,0.9679100734456318,1.0495073766576162,103.74509236537729,-0.22259678546128372,Average Returner
wta_8,Clay,16,8.0,20.125,0.1875,4.125,WTA,0.6875350545330194,0.9478924685203572,0.28111804731900436,131.24649454669805,-1.857195648184719,Elite Returner
wta_8,Grass,6,12.166666666666666,22.83333333333333,0.5,-1.5,WTA,1.045626228768967,1.075455637161813,0.7496481261840117,95.43737712310329,0.2711882876530875,Average Returner
wta_8,Hard,43,9.744186046511627,20.46511627906977,0.3720930232558139,0.9767441860465116,WTA,0.8374336856085323,0.9639120292334703,0.5578776752997295,116.25663143914677,-0.9662442331828466,Strong Returner
wta_80,Clay,2,12.5,21.0,1.0,-4.0,WTA,1.0742735227078428,0.9891051845429815,1.4992962523680233,92.57264772921572,0.44145900252011233,Weak Returner
wta_80,Hard,13,12.692307692307692,21.07692307692308,0.7692307692307693,-4.307692307692308,WTA,1.0908008076725788,0.9927282804570585,1.1533048095138643,90.91991923274212,0.5396921072510876,Weak Returner
wta_81,Clay,3,11.333333333333334,24.0,0.3333333333333333,1.3333333333333333,WTA,0.9740079939217775,1.130405925191979,0.4997654174560078,102.59920060782225,-0.15448849951447324,Average Returner
wta_81,Hard,5,11.6,20.6,0.6,-2.6,WTA,0.9969258290728781,0.9702650857897819,0.899577751420814,100.30741709271219,-0.018271927620854108,Average Returner
wta_82,Clay,8,12.625,23.0,0.75,-2.25,WTA,1.0850162579349212,1.0833056783089796,1.1244721892760174,91.49837420650789,0.5053105205952465,Weak Returner
wta_82,Grass,8,9.75,19.75,0.5,0.25,WTA,0.8379333477121174,0.9302298759392326,0.7496481261840117,116.20666522878827,-0.9632743951328401,Strong Returner
wta_82,Hard,33,10.151515151515152,19.666666666666668,0.4848484848484848,-0.6363636363636364,WTA,0.8724403154112178,0.9263048553656493,0.7269315162996476,112.75596845887821,-0.7581755794975602,Strong Returner
wta_83,Clay,5,10.8,20.2,0.6,-1.4,WTA,0.9281723236195762,0.9514249870365822,0.899577751420814,107.18276763804238,-0.42692164330171245,Strong Returner
wta_83,Grass,7,13.428571428571429,26.142857142857142,0.4285714285714285,-0.7142857142857143,WTA,1.1540766986804254,1.2313350256555484,0.6425555367291528,84.59233013195745,0.9157845653639666,Weak Returner
wta_83,Hard,25,10.84,21.0,0.56,-0.68,WTA,0.9316099988922413,0.9891051845429815,0.8396059013260931,106.83900011077587,-0.40648915751766995,Strong Returner
wta_84,Clay,4,9.75,15.5,0.75,-4.0,WTA,0.8379333477121174,0.7300538266864863,1.1244721892760174,116.20666522878827,-0.9632743951328401,Strong Returner
wta_84,Grass,3,10.666666666666666,22.666666666666668,0.3333333333333333,1.3333333333333333,WTA,0.9167134060440258,1.0676055960146467,0.4997654174560078,108.32865939559741,-0.49502992924852296,Strong Returner
wta_84,Hard,21,11.666666666666666,22.52380952380953,0.5714285714285714,-0.8095238095238095,WTA,1.0026552878606532,1.0608769893170755,0.8567407156388704,99.73447121393468,0.01578221535255068,Average Returner
wta_85,Clay,2,14.5,27.0,0.5,-2.0,WTA,1.2461572863410977,1.2717066658409761,0.7496481261840117,75.38427136589023,1.4630832917222596,Poor Returner
wta_85,Grass,1,12.0,18.0,1.0,-6.0,WTA,1.0313025817995292,0.8478044438939841,1.4992962523680233,96.86974182004708,0.18605293021957553,Average Returner
wta_85,Hard,18,10.833333333333334,21.22222222222222,0.4444444444444444,-0.4444444444444444,WTA,0.9310370530134638,0.9995719060725368,0.6663538899413437,106.89629469865362,-0.40989457181501004,Strong Returner
wta_86,Clay,3,10.666666666666666,23.666666666666668,0.3333333333333333,2.333333333333333,WTA,0.9167134060440258,1.1147058428976457,0.4997654174560078,108.32865939559741,-0.49502992924852296,Strong Returner
wta_86,Grass,3,12.666666666666666,26.666666666666668,0.3333333333333333,1.3333333333333333,WTA,1.0885971696772807,1.2560065835466432,0.4997654174560078,91.14028303227192,0.5265943599536242,Weak Returner
wta_86,Hard,8,12.875,22.5,0.875,-3.25,WTA,1.1065017283890781,1.0597555548674802,1.3118842208220205,89.3498271610922,0.633013556745515,Weak Returner
wta_87,Clay,3,15.333333333333334,25.666666666666668,1.0,-5.0,WTA,1.3177755211882871,1.208906336663644,1.4992962523680233,68.22244788117129,1.8887600788898211,Poor Returner
wta_87,Grass,2,7.5,17.0,0.5,2.0,WTA,0.6445641136247057,0.8007041970109849,0.7496481261840117,135.54358863752944,-2.1126017204852556,Elite Returner
wta_87,Hard,28,11.678571428571429,22.178571428571427,0.6071428571428571,-1.1785714285714286,WTA,1.0036784055013275,1.0446161897979447,0.9102870103662998,99.63215944986726,0.021863312312087702,Average Returner
wta_88,Clay,3,12.333333333333334,22.0,0.6666666666666666,-2.6666666666666665,WTA,1.059949875738405,1.0362054314259805,0.9995308349120156,94.00501242615951,0.35632364508660036,Weak Returner
wta_88,Grass,1,16.0,26.0,1.0,-6.0,WTA,1.3750701090660389,1.224606418957977,1.4992962523680233,62.49298909339611,2.22930150862387,Poor Returner
wta_88,Hard,23,12.434782608695652,24.217391304347824,0.5652173913043478,-0.6521739130434783,WTA,1.0686686173719757,1.1406451092969785,0.8474283165558392,93.13313826280243,0.4081451670026511,Weak Returner
wta_89,Clay,12,10.833333333333334,22.666666666666668,0.3333333333333333,1.0,WTA,0.9310370530134638,1.0676055960146467,0.4997654174560078,106.89629469865362,-0.40989457181501004,Strong Returner
wta_89,Grass,4,11.25,21.25,0.75,-1.25,WTA,0.9668461704370586,1.0008802462637312,1.1244721892760174,103.31538295629414,-0.1970561782312297,Average Returner
wta_89,Hard,24,11.166666666666666,21.625,0.5416666666666666,-0.7083333333333334,WTA,0.9596843469523395,1.0185428388448559,0.8121188033660126,104.03156530476605,-0.23962385694798613,Average Returner
wta_9,Clay,19,8.368421052631579,20.68421052631579,0.1578947368421052,3.947368421052632,WTA,0.71919785309704,0.9742314223694029,0.23673098721600358,128.080214690296,-1.6690017001737971,Elite Returner
wta_9,Grass,5,9.6,21.6,0.4,2.4,WTA,0.8250420654396232,1.017365332672781,0.5997185009472094,117.49579345603767,-1.0398962168230013,Elite Returner
wta_9,Hard,36,9.0,20.944444444444443,0.3055555555555556,2.9444444444444446,WTA,0.7734769363496469,0.9864885041605925,0.45811829933467385,122.65230636503532,-1.3463835035836453,Elite Returner
wta_90,Clay,11,12.090909090909092,22.454545454545453,0.4545454545454545,-1.7272727272727273,WTA,1.0391154801464952,1.0576146345546165,0.6814982965309196,96.08845198535047,0.23249039791058262,Average Returner
wta_90,Grass,2,12.5,19.5,1.0,-5.5,WTA,1.0742735227078428,0.9184548142184827,1.4992962523680233,92.57264772921572,0.44145900252011233,Weak Returner
wta_90,Hard,29,12.862068965517242,22.93103448275862,0.7586206896551724,-2.793103448275862,WTA,1.1053904109517942,1.080057385420497,1.1373971569688452,89.46095890482057,0.6264082272894669,Weak Returner
wta_9000,Hard,2,14.0,23.5,1.0,-4.5,WTA,1.203186345432784,1.1068558017504793,1.4992962523680233,79.6813654567216,1.2076772194217227,Poor Returner
wta_9002,Hard,1,12.0,18.0,1.0,-6.0,WTA,1.0313025817995292,0.8478044438939841,1.4992962523680233,96.86974182004708,0.18605293021957553,Average Returner
wta_9003,Clay,1,13.0,20.0,1.0,-6.0,WTA,1.1172444636161565,0.9420049376599824,1.4992962523680233,88.27555363838435,0.6968650748206492,Weak Returner
wta_9003,Hard,4,9.75,17.25,0.75,-2.25,WTA,0.8379333477121174,0.8124792587317348,1.1244721892760174,116.20666522878827,-0.9632743951328401,Strong Returner
wta_9004,Hard,2,13.0,21.5,1.0,-4.5,WTA,1.1172444636161565,1.0126553079844811,1.4992962523680233,88.27555363838435,0.6968650748206492,Weak Returner
wta_9006,Hard,1,12.0,14.0,1.0,-10.0,WTA,1.0313025817995292,0.6594034563619876,1.4992962523680233,96.86974182004708,0.18605293021957553,Average Returner
wta_9007,Hard,2,10.0,17.0,0.5,-3.0,WTA,0.8594188181662742,0.8007041970109849,0.7496481261840117,114.05811818337259,-0.8355713589825717,Strong Returner
wta_9008,Hard,1,12.0,14.0,1.0,-10.0,WTA,1.0313025817995292,0.6594034563619876,1.4992962523680233,96.86974182004708,0.18605293021957553,Average Returner
wta_9009,Hard,1,12.0,18.0,1.0,-6.0,WTA,1.0313025817995292,0.8478044438939841,1.4992962523680233,96.86974182004708,0.18605293021957553,Average Returner
wta_9010,Clay,4,8.25,15.0,0.75,-1.5,WTA,0.7090205249871763,0.7065037032449868,1.1244721892760174,129.09794750128236,-1.7294926120344505,Elite Returner
wta_9010,Grass,2,13.0,22.0,1.0,-4.0,WTA,1.1172444636161565,1.0362054314259805,1.4992962523680233,88.27555363838435,0.6968650748206492,Weak Returner
wta_9010,Hard,4,14.0,23.25,1.0,-4.75,WTA,1.203186345432784,1.0950807400297295,1.4992962523680233,79.6813654567216,1.2076772194217227,Poor Returner
wta_9011,Hard,1,12.0,15.0,1.0,-9.0,WTA,1.0313025817995292,0.7065037032449868,1.4992962523680233,96.86974182004708,0.18605293021957553,Average Returner
wta_9012,Clay,1,12.0,13.0,1.0,-11.0,WTA,1.0313025817995292,0.6123032094789885,1.4992962523680233,96.86974182004708,0.18605293021957553,Average Returner
wta_9013,Clay,1,12.0,14.0,1.0,-10.0,WTA,1.0313025817995292,0.6594034563619876,1.4992962523680233,96.86974182004708,0.18605293021957553,Average Returner
wta_9014,Clay,3,14.666666666666666,22.666666666666668,1.0,-6.666666666666667,WTA,1.2604809333105356,1.0676055960146467,1.4992962523680233,73.95190666894644,1.5482186491557715,Poor Returner
wta_9015,Clay,1,12.0,14.0,1.0,-10.0,WTA,1.0313025817995292,0.6594034563619876,1.4992962523680233,96.86974182004708,0.18605293021957553,Average Returner
wta_9016,Clay,1,12.0,15.0,1.0,-9.0,WTA,1.0313025817995292,0.7065037032449868,1.4992962523680233,96.86974182004708,0.18605293021957553,Average Returner
wta_9017,Clay,1,15.0,25.0,1.0,-5.0,WTA,1.2891282272494113,1.177506172074978,1.4992962523680233,71.08717727505886,1.7184893640227963,Poor Returner
wta_9018,Clay,2,15.0,26.0,1.0,-4.0,WTA,1.2891282272494113,1.224606418957977,1.4992962523680233,71.08717727505886,1.7184893640227963,Poor Returner
wta_9019,Clay,1,12.0,17.0,1.0,-7.0,WTA,1.0313025817995292,0.8007041970109849,1.4992962523680233,96.86974182004708,0.18605293021957553,Average Returner
wta_9020,Clay,1,13.0,20.0,1.0,-6.0,WTA,1.1172444636161565,0.9420049376599824,1.4992962523680233,88.27555363838435,0.6968650748206492,Weak Returner
wta_9021,Clay,1,12.0,17.0,1.0,-7.0,WTA,1.0313025817995292,0.8007041970109849,1.4992962523680233,96.86974182004708,0.18605293021957553,Average Returner
wta_9023,Clay,1,12.0,15.0,1.0,-9.0,WTA,1.0313025817995292,0.7065037032449868,1.4992962523680233,96.86974182004708,0.18605293021957553,Average Returner
wta_9025,Clay,1,12.0,12.0,1.0,-12.0,WTA,1.0313025817995292,0.5652029625959895,1.4992962523680233,96.86974182004708,0.18605293021957553,Average Returner
wta_9025,Grass,2,12.0,19.5,1.0,-4.5,WTA,1.0313025817995292,0.9184548142184827,1.4992962523680233,96.86974182004708,0.18605293021957553,Average Returner
wta_9027,Grass,2,12.0,16.0,1.0,-8.0,WTA,1.0313025817995292,0.7536039501279859,1.4992962523680233,96.86974182004708,0.18605293021957553,Average Returner
wta_9030,Clay,1,13.0,21.0,1.0,-5.0,WTA,1.1172444636161565,0.9891051845429815,1.4992962523680233,88.27555363838435,0.6968650748206492,Weak Returner
wta_9031,Clay,1,13.0,20.0,1.0,-6.0,WTA,1.1172444636161565,0.9420049376599824,1.4992962523680233,88.27555363838435,0.6968650748206492,Weak Returner
wta_9033,Clay,1,12.0,17.0,1.0,-7.0,WTA,1.0313025817995292,0.8007041970109849,1.4992962523680233,96.86974182004708,0.18605293021957553,Average Returner
wta_9034,Clay,1,12.0,16.0,1.0,-8.0,WTA,1.0313025817995292,0.7536039501279859,1.4992962523680233,96.86974182004708,0.18605293021957553,Average Returner
wta_9035,Hard,1,16.0,29.0,1.0,-3.0,WTA,1.3750701090660389,1.3659071596069745,1.4992962523680233,62.49298909339611,2.22930150862387,Poor Returner
wta_9036,Hard,1,13.0,19.0,1.0,-7.0,WTA,1.1172444636161565,0.8949046907769832,1.4992962523680233,88.27555363838435,0.6968650748206492,Weak Returner
wta_9038,Hard,2,13.5,26.5,0.5,-0.5,WTA,1.1602154045244701,1.2481565423994767,0.7496481261840117,83.97845954755299,0.952271147121186,Weak Returner
wta_9039,Hard,1,12.0,13.0,1.0,-11.0,WTA,1.0313025817995292,0.6123032094789885,1.4992962523680233,96.86974182004708,0.18605293021957553,Average Returner
wta_9040,Hard,1,12.0,18.0,1.0,-6.0,WTA,1.0313025817995292,0.8478044438939841,1.4992962523680233,96.86974182004708,0.18605293021957553,Average Returner
wta_9041,Hard,1,12.0,17.0,1.0,-7.0,WTA,1.0313025817995292,0.8007041970109849,1.4992962523680233,96.86974182004708,0.18605293021957553,Average Returner
wta_9042,Hard,2,10.5,21.5,0.5,0.5,WTA,0.902389759074588,1.0126553079844811,0.7496481261840117,109.7610240925412,-0.5801652866820349,Strong Returner
wta_9043,Hard,1,13.0,22.0,1.0,-4.0,WTA,1.1172444636161565,1.0362054314259805,1.4992962523680233,88.27555363838435,0.6968650748206492,Weak Returner
wta_9044,Hard,1,12.0,19.0,1.0,-5.0,WTA,1.0313025817995292,0.8949046907769832,1.4992962523680233,96.86974182004708,0.18605293021957553,Average Returner
wta_9045,Hard,1,12.0,15.0,1.0,-9.0,WTA,1.0313025817995292,0.7065037032449868,1.4992962523680233,96.86974182004708,0.18605293021957553,Average Returner
wta_9046,Hard,2,11.0,22.5,0.5,0.5,WTA,0.9453606999829016,1.0597555548674802,0.7496481261840117,105.46393000170984,-0.3247592143814981,Strong Returner
wta_9047,Hard,1,12.0,13.0,1.0,-11.0,WTA,1.0313025817995292,0.6123032094789885,1.4992962523680233,96.86974182004708,0.18605293021957553,Average Returner
wta_9048,Hard,2,9.5,21.0,0.5,2.0,WTA,0.8164478772579605,0.9891051845429815,0.7496481261840117,118.35521227420395,-1.0909774312831084,Elite Returner
wta_9049,Hard,1,12.0,17.0,1.0,-7.0,WTA,1.0313025817995292,0.8007041970109849,1.4992962523680233,96.86974182004708,0.18605293021957553,Average Returner
wta_9050,Hard,1,12.0,15.0,1.0,-9.0,WTA,1.0313025817995292,0.7065037032449868,1.4992962523680233,96.86974182004708,0.18605293021957553,Average Returner
wta_9051,Hard,1,12.0,14.0,1.0,-10.0,WTA,1.0313025817995292,0.6594034563619876,1.4992962523680233,96.86974182004708,0.18605293021957553,Average Returner
wta_9052,Hard,1,12.0,13.0,1.0,-11.0,WTA,1.0313025817995292,0.6123032094789885,1.4992962523680233,96.86974182004708,0.18605293021957553,Average Returner
wta_9053,Hard,2,9.5,17.0,0.5,-2.0,WTA,0.8164478772579605,0.8007041970109849,0.7496481261840117,118.35521227420395,-1.0909774312831084,Elite Returner
wta_9054,Hard,1,12.0,15.0,1.0,-9.0,WTA,1.0313025817995292,0.7065037032449868,1.4992962523680233,96.86974182004708,0.18605293021957553,Average Returner
wta_9055,Hard,1,12.0,15.0,1.0,-9.0,WTA,1.0313025817995292,0.7065037032449868,1.4992962523680233,96.86974182004708,0.18605293021957553,Average Returner
wta_9056,Hard,1,12.0,17.0,1.0,-7.0,WTA,1.0313025817995292,0.8007041970109849,1.4992962523680233,96.86974182004708,0.18605293021957553,Average Returner
wta_9057,Hard,1,12.0,14.0,1.0,-10.0,WTA,1.0313025817995292,0.6594034563619876,1.4992962523680233,96.86974182004708,0.18605293021957553,Average Returner
wta_91,Clay,5,10.0,18.0,0.6,-2.0,WTA,0.8594188181662742,0.8478044438939841,0.899577751420814,114.05811818337259,-0.8355713589825717,Strong Returner
wta_91,Grass,7,12.285714285714286,24.428571428571427,0.4285714285714285,-0.1428571428571428,WTA,1.0558574051757084,1.1505917452846925,0.6425555367291528,94.41425948242916,0.3319992572484541,Weak Returner
wta_91,Hard,20,12.4,21.65,0.8,-3.15,WTA,1.0656793345261801,1.0197203450169308,1.1994370018944187,93.432066547382,0.39037778806000517,Weak Returner
wta_92,Clay,4,12.5,27.75,0.25,2.75,WTA,1.0742735227078428,1.3070318510032255,0.37482406309200583,92.57264772921572,0.44145900252011233,Weak Returner
wta_92,Grass,1,14.0,29.0,1.0,1.0,WTA,1.203186345432784,1.3659071596069745,1.4992962523680233,79.6813654567216,1.2076772194217227,Poor Returner
wta_92,Hard,7,12.142857142857142,22.428571428571427,0.7142857142857143,-1.8571428571428568,WTA,1.0435799934876187,1.0563912515186944,1.0709258945485882,95.64200065123813,0.25902609373401436,Average Returner
wta_93,Clay,4,11.25,21.25,0.5,-1.25,WTA,0.9668461704370586,1.0008802462637312,0.7496481261840117,103.31538295629414,-0.1970561782312297,Average Returner
wta_93,Hard,7,9.714285714285714,17.571428571428573,0.5714285714285714,-1.8571428571428568,WTA,0.8348639947900949,0.8276186238012703,0.8567407156388704,116.51360052099051,-0.9815176860114503,Strong Returner
wta_94,Clay,3,15.0,24.33333333333333,1.0,-5.666666666666667,WTA,1.2891282272494113,1.1461060074863116,1.4992962523680233,71.08717727505886,1.7184893640227963,Poor Returner
wta_94,Grass,6,12.0,21.83333333333333,0.6666666666666666,-2.1666666666666665,WTA,1.0313025817995292,1.0283553902788138,0.9995308349120156,96.86974182004708,0.18605293021957553,Average Returner
wta_94,Hard,32,11.6875,23.21875,0.46875,-0.15625,WTA,1.004445743731833,1.0936088573146359,0.702795118297511,99.5554256268167,0.026424135031740015,Average Returner
wta_95,Clay,2,14.0,23.0,0.5,-5.0,WTA,1.203186345432784,1.0833056783089796,0.7496481261840117,79.6813654567216,1.2076772194217227,Poor Returner
wta_95,Grass,1,9.0,14.0,1.0,-4.0,WTA,0.7734769363496469,0.6594034563619876,1.4992962523680233,122.65230636503532,-1.3463835035836453,Elite Returner
wta_95,Hard,22,11.409090909090908,21.727272727272727,0.4545454545454545,-1.0909090909090908,WTA,0.9805187425442492,1.023359909548799,0.6814982965309196,101.94812574557508,-0.1157906097719684,Average Returner
wta_96,Clay,9,8.444444444444445,17.555555555555557,0.5555555555555556,0.6666666666666666,WTA,0.7257314464515204,0.8268710008348734,0.8329423624266796,127.42685535484796,-1.6301680283620195,Elite Returner
wta_96,Grass,3,12.333333333333334,21.0,0.6666666666666666,-3.6666666666666665,WTA,1.059949875738405,0.9891051845429815,0.9995308349120156,94.00501242615951,0.35632364508660036,Weak Returner
wta_96,Hard,26,12.346153846153848,23.76923076923077,0.6538461538461539,-0.9230769230769232,WTA,1.0610516947360542,1.1195366374497482,0.9803090880867845,93.89483052639459,0.36287251873533294,Weak Returner
wta_97,Hard,2,12.5,16.5,1.0,-8.5,WTA,1.0742735227078428,0.7771540735694854,1.4992962523680233,92.57264772921572,0.44145900252011233,Weak Returner
wta_98,Clay,5,11.6,21.4,0.6,-1.8,WTA,0.9969258290728781,1.007945283296181,0.899577751420814,100.30741709271219,-0.018271927620854108,Average Returner
wta_98,Grass,6,11.0,19.166666666666668,0.6666666666666666,-2.833333333333333,WTA,0.9453606999829016,0.9027547319241498,0.9995308349120156,105.46393000170984,-0.3247592143814981,Strong Returner
wta_98,Hard,26,11.26923076923077,21.346153846153847,0.6153846153846154,-1.1923076923076923,WTA,0.9684988989335322,1.0054091161563274,0.9226438476110913,103.15011010664678,-0.1872328677581317,Average Returner
wta_99,Clay,7,12.571428571428571,24.714285714285715,0.5714285714285714,-0.4285714285714285,WTA,1.0804122285518876,1.1640489586798353,0.8567407156388704,91.95877714481125,0.47794558427733175,Weak Returner
wta_99,Grass,6,10.0,18.666666666666668,0.6666666666666666,-1.3333333333333333,WTA,0.8594188181662742,0.8792046084826503,0.9995308349120156,114.05811818337259,-0.8355713589825717,Strong Returner
wta_99,Hard,24,11.375,21.08333333333333,0.625,-1.6666666666666667,WTA,0.9775889056641369,0.9930302051165645,0.9370601577300146,102.2411094335863,-0.1332046601560955,Average Returner
