match_id,date,player1,player2,sets1,sets2,four_plus
11590743,2026-03-15 13:30:00,Jan Kanera,Martin Huk,3,0,0
11590582,2026-03-15 13:30:00,Milan Kolar,David Barton,3,2,1
11590557,2026-03-15 13:30:00,Radim Urbaniec,Matej Grundel,2,3,1
11589645,2026-03-15 13:30:00,Ondrej Paril,Jan Szotkowski,2,3,1
11589640,2026-03-15 13:30:00,Jaroslav Prokupek,Yurii Holovatiuk,3,2,1
11590770,2026-03-15 13:00:00,Michal Cabis,Jakub Pilch,3,2,1
11590579,2026-03-15 13:00:00,Radek Bartunek,Petr Vojtech,1,3,1
11590570,2026-03-15 13:00:00,Tomas Barta,Jiri Plachy,3,1,1
11590488,2026-03-15 13:00:00,Dan Volhejn,Tomas Prosa,3,2,1
11589646,2026-03-15 13:00:00,Michael Sedlacek,Jan Dzida,1,3,1
11590571,2026-03-15 12:30:00,Yurii Holovatiuk,Tomas Barta,1,3,1
11589649,2026-03-15 12:30:00,Jan Szotkowski,Michael Sedlacek,1,3,1
11590491,2026-03-15 12:30:00,Martin Huk,Dan Volhejn,3,2,1
11590735,2026-03-15 12:30:00,Matej Grundel,Michal Cabis,3,1,1
11590751,2026-03-15 12:00:00,Milan Kolar,Petr Vojtech,3,0,0
11590742,2026-03-15 12:00:00,Jan Kanera,Tomas Prosa,3,1,1
11590552,2026-03-15 12:00:00,Radim Urbaniec,Jakub Pilch,0,3,0
11589647,2026-03-15 12:00:00,Ondrej Paril,Jan Dzida,1,3,1
11589642,2026-03-15 12:00:00,Jaroslav Prokupek,Jiri Plachy,3,2,1
11590625,2026-03-15 11:30:00,Petr Vojtech,David Barton,3,1,1
11590178,2026-03-15 11:30:00,Jiri Plachy,Yurii Holovatiuk,2,3,1
11589815,2026-03-15 11:30:00,Jakub Pilch,Matej Grundel,2,3,1
11589713,2026-03-15 11:30:00,Jan Dzida,Jan Szotkowski,3,1,1
11589792,2026-03-15 11:00:00,Michal Cabis,Radim Urbaniec,3,2,1
11589641,2026-03-15 11:00:00,Tomas Barta,Jaroslav Prokupek,1,3,1
11589648,2026-03-15 11:00:00,Michael Sedlacek,Ondrej Paril,0,3,0
11589920,2026-03-15 11:00:00,Radek Bartunek,Milan Kolar,0,3,0
11590484,2026-03-15 11:00:00,Dan Volhejn,Jan Kanera,3,0,0
11594258,2026-03-15 10:30:00,Jan Pleskot,Martin Stefek,3,1,1
11594255,2026-03-15 10:30:00,Zbynek Zientek,Petr Banot,0,3,0
11594254,2026-03-15 10:30:00,Vladimir Cermak,Hoang Tai Nguyen Ba,3,0,0
11594162,2026-03-15 10:30:00,Martin Huk,Tomas Prosa,0,3,0
11594129,2026-03-15 10:30:00,Dalimil Machander,Adrian Walek,3,0,0
11594130,2026-03-15 10:00:00,Evzen Rychlik,Martin Pavliska,3,0,0
11594148,2026-03-15 10:00:00,Martin Tacinec,Milan Cetner,3,2,1
11594144,2026-03-15 10:00:00,Petr Budinsky,Jiri Plachy,1,3,1
11594149,2026-03-15 10:00:00,Daniel Tyn,Miroslav Kowolowski,3,1,1
11594155,2026-03-15 10:00:00,Ales Barton,Vratislav Petracek,0,3,0
11590748,2026-03-15 09:30:00,Evzen Rychlik,Dalimil Machander,0,3,0
11590733,2026-03-15 09:30:00,Ales Barton,Martin Huk,2,3,1
11590578,2026-03-15 09:30:00,Jiri Plachy,Hoang Tai Nguyen Ba,2,3,1
11590555,2026-03-15 09:30:00,Martin Tacinec,Milan Cetner,3,1,1
11590544,2026-03-15 09:30:00,Miroslav Kowolowski,Petr Banot,2,3,1
11590489,2026-03-15 09:00:00,Vratislav Petracek,Tomas Prosa,2,3,1
11590747,2026-03-15 09:00:00,Adrian Walek,Martin Pavliska,3,0,0
11590741,2026-03-15 09:00:00,Martin Stefek,Jan Pleskot,2,3,1
11590596,2026-03-15 09:00:00,Zbynek Zientek,Daniel Tyn,3,2,1
11590573,2026-03-15 09:00:00,Vladimir Cermak,Petr Budinsky,2,3,1
11590685,2026-03-15 08:30:00,Petr Banot,Zbynek Zientek,0,3,0
11590551,2026-03-15 08:30:00,Milan Cetner,Martin Stefek,0,3,0
11590487,2026-03-15 08:30:00,Martin Huk,Vratislav Petracek,3,2,1
11590692,2026-03-15 08:30:00,Hoang Tai Nguyen Ba,Vladimir Cermak,2,3,1
11590745,2026-03-15 08:30:00,Dalimil Machander,Adrian Walek,3,1,1
11590678,2026-03-15 08:00:00,Evzen Rychlik,Martin Pavliska,3,0,0
11590615,2026-03-15 08:00:00,Martin Tacinec,Jan Pleskot,0,3,0
11590572,2026-03-15 08:00:00,Jiri Plachy,Petr Budinsky,0,3,0
11590553,2026-03-15 08:00:00,Ales Barton,Tomas Prosa,1,3,1
11590543,2026-03-15 08:00:00,Miroslav Kowolowski,Daniel Tyn,2,3,1
11590705,2026-03-15 07:30:00,Jan Pleskot,Milan Cetner,3,2,1
11590567,2026-03-15 07:30:00,Petr Budinsky,Hoang Tai Nguyen Ba,1,3,1
11590464,2026-03-15 07:30:00,Martin Pavliska,Dalimil Machander,1,3,1
11590176,2026-03-15 07:30:00,Tomas Prosa,Martin Huk,1,3,1
11589482,2026-03-15 07:30:00,Daniel Tyn,Petr Banot,2,3,1
11590473,2026-03-15 07:00:00,Adrian Walek,Evzen Rychlik,3,1,1
11589819,2026-03-15 07:00:00,Martin Stefek,Martin Tacinec,3,1,1
11589878,2026-03-15 07:00:00,Zbynek Zientek,Miroslav Kowolowski,3,1,1
11590485,2026-03-15 07:00:00,Vratislav Petracek,Ales Barton,2,3,1
11590725,2026-03-15 07:00:00,Vladimir Cermak,Jiri Plachy,3,1,1
11593427,2026-03-15 04:30:00,Martin Sychra,Tomas Janata,2,3,1
11593417,2026-03-15 04:30:00,Frantisek Briza,Dmitro Parhomenko,2,3,1
11593416,2026-03-15 04:30:00,Viktor Vejvoda,Petr Sebera,0,3,0
11593335,2026-03-15 04:03:00,Michal Regner,Jiri Louda,0,3,0
11593334,2026-03-15 04:00:00,Ales Bayer,Daniel Tuma,1,3,1
11593333,2026-03-15 04:00:00,Marek Placek,Kyryl Darin,0,3,0
11586451,2026-03-15 03:30:00,Marek Placek,Dmitro Parhomenko,1,3,1
11585077,2026-03-15 03:30:00,Daniel Tuma,Tomas Dousa,3,0,0
11584988,2026-03-15 03:30:00,Jiri Louda,Viktor Vejvoda,2,3,1
11586043,2026-03-15 03:00:00,Tomas Janata,Ales Bayer,3,1,1
11584977,2026-03-15 03:00:00,Petr Sebera,Michal Regner,3,0,0
11586415,2026-03-15 03:00:00,Milan Smrcek,Kyryl Darin,3,2,1
11585901,2026-03-15 02:30:00,Marcel Pikous,Jiri Louda,2,3,1
11585072,2026-03-15 02:30:00,Martin Sychra,Daniel Tuma,3,0,0
11586411,2026-03-15 02:30:00,Frantisek Briza,Marek Placek,3,0,0
11586412,2026-03-15 02:00:00,Milan Smrcek,Dmitro Parhomenko,0,3,0
11586407,2026-03-15 02:00:00,Tomas Janata,Tomas Dousa,3,0,0
11584981,2026-03-15 02:00:00,Petr Sebera,Viktor Vejvoda,2,3,1
11586538,2026-03-15 01:30:00,Kyryl Darin,Frantisek Briza,1,3,1
11586042,2026-03-15 01:30:00,Michal Regner,Marcel Pikous,3,1,1
11585908,2026-03-15 01:30:00,Ales Bayer,Martin Sychra,3,2,1
11584978,2026-03-15 01:00:00,Jiri Louda,Petr Sebera,1,3,1
11586824,2026-03-15 01:00:00,Marek Placek,Milan Smrcek,3,0,0
11585073,2026-03-15 01:00:00,Daniel Tuma,Tomas Janata,2,3,1
11585905,2026-03-15 00:30:00,Tomas Dousa,Martin Sychra,1,3,1
11584979,2026-03-15 00:30:00,Viktor Vejvoda,Marcel Pikous,3,2,1
11586713,2026-03-15 00:30:00,Dmitro Parhomenko,Frantisek Briza,2,3,1
11586429,2026-03-15 00:00:00,Kyryl Darin,Marek Placek,3,2,1
11585903,2026-03-15 00:00:00,Michal Regner,Jiri Louda,3,2,1
11585070,2026-03-15 00:00:00,Ales Bayer,Daniel Tuma,3,1,1
11585897,2026-03-14 23:30:00,Martin Sychra,Tomas Janata,3,1,1
11585280,2026-03-14 23:30:00,Frantisek Briza,Milan Smrcek,3,2,1
11584987,2026-03-14 23:30:00,Marcel Pikous,Petr Sebera,3,2,1
11584974,2026-03-14 23:00:00,Viktor Vejvoda,Michal Regner,3,0,0
11586448,2026-03-14 23:00:00,Dmitro Parhomenko,Kyryl Darin,3,0,0
11586041,2026-03-14 23:00:00,Tomas Dousa,Ales Bayer,1,3,1
11592309,2026-03-14 22:30:00,Filip Jungman,Jaroslav Strnad 1964,3,0,0
11592319,2026-03-14 22:30:00,Radim Adam,Roman Guliak,3,2,1
11592310,2026-03-14 22:30:00,Zdenek Babinec,Marek Holub,3,1,1
11592304,2026-03-14 22:30:00,Martin Sychra,Michal Vondrak,3,2,1
11592247,2026-03-14 22:30:00,Julius Didi,Miloslav Lubas,3,0,0
11592311,2026-03-14 22:28:57,Adam Radim,Roman Guliak,3,2,1
11592287,2026-03-14 22:06:00,Petr Osvald,Marek Blejchar,3,1,1
11592851,2026-03-14 22:00:00,Daniel Unzeitig,Michal Chalupa,1,3,1
11592253,2026-03-14 22:00:00,Miroslav Tuma,Martin Stefek,3,0,0
11592248,2026-03-14 22:00:00,Jiri Grohsgott,Leos Havrda,3,1,1
11592848,2026-03-14 22:00:00,Tomas Janata,Daniel Tuma,3,1,1
11586600,2026-03-14 21:30:00,Miloslav Lubas,Leos Havrda,3,0,0
11586662,2026-03-14 21:30:00,Michal Chalupa,Daniel Unzeitig,1,3,1
11586395,2026-03-14 21:30:00,Radim Adam,Petr Osvald,3,2,1
11584983,2026-03-14 21:30:00,Miroslav Tuma,Jaroslav Strnad 1964,1,3,1
11585076,2026-03-14 21:30:00,Tomas Janata,Daniel Tuma,3,0,0
11586609,2026-03-14 21:00:00,Roman Guliak,Marek Blejchar,3,2,1
11586455,2026-03-14 21:00:00,Zdenek Babinec,Marek Holub,3,0,0
11586403,2026-03-14 21:00:00,Julius Didi,Jiri Grohsgott,3,0,0
11585900,2026-03-14 21:00:00,Michal Vondrak,Martin Sychra,2,3,1
11585907,2026-03-14 21:00:00,Filip Jungman,Martin Stefek,3,0,0
11584986,2026-03-14 20:30:00,Jaroslav Strnad 1964,Filip Jungman,1,3,1
11586716,2026-03-14 20:30:00,Petr Osvald,Roman Guliak,1,3,1
11586398,2026-03-14 20:30:00,Leos Havrda,Julius Didi,2,3,1
11585068,2026-03-14 20:30:00,Daniel Tuma,Michal Vondrak,1,3,1
11586391,2026-03-14 20:30:00,Daniel Unzeitig,Zdenek Babinec,0,3,0
11586648,2026-03-14 20:00:00,Radim Adam,Marek Blejchar,3,2,1
11586627,2026-03-14 20:00:00,Michal Chalupa,Marek Holub,1,3,1
11586414,2026-03-14 20:00:00,Miloslav Lubas,Jiri Grohsgott,3,2,1
11585906,2026-03-14 20:00:00,Tomas Janata,Martin Sychra,2,3,1
11585896,2026-03-14 20:00:00,Miroslav Tuma,Martin Stefek,3,0,0
11586541,2026-03-14 19:30:00,Marek Holub,Daniel Unzeitig,3,2,1
11584976,2026-03-14 19:30:00,Martin Stefek,Jaroslav Strnad 1964,3,2,1
11584819,2026-03-14 19:30:00,Marek Blejchar,Petr Osvald,0,3,0
11586858,2026-03-14 19:30:00,Jiri Grohsgott,Leos Havrda,3,0,0
11585071,2026-03-14 19:30:00,Martin Sychra,Daniel Tuma,3,0,0
11584685,2026-03-14 19:00:00,Julius Didi,Miloslav Lubas,3,2,1
11585899,2026-03-14 19:00:00,Filip Jungman,Miroslav Tuma,3,0,0
11585227,2026-03-14 19:00:00,Zdenek Babinec,Michal Chalupa,3,2,1
11584824,2026-03-14 19:00:00,Roman Guliak,Radim Adam,2,3,1
11584769,2026-03-14 19:00:00,Michal Vondrak,Tomas Janata,3,1,1
11591457,2026-03-14 18:30:00,Tomas Dousa,Tomas Barta,0,3,0
11591488,2026-03-14 18:30:00,Kamil Novak,Libor Stacho,2,3,1
11591464,2026-03-14 18:30:00,Daniel Unzeitig,Michal Chalupa,1,3,1
11591378,2026-03-14 18:30:00,Vratislav Petracek,Dan Volhejn,3,0,0
11591463,2026-03-14 18:30:00,Radovan Polasek,Tadeas Zika,3,0,0
11591400,2026-03-14 18:00:00,Roman Hudeczek,Zbynek Pagac,0,3,0
11591399,2026-03-14 18:00:00,Petr Budinsky,BA Hoang Tai Nguyen,3,0,0
11591379,2026-03-14 18:00:00,Ales Barton,Jan Kanera,2,3,1
11592853,2026-03-14 18:00:00,Matyas Navedla,David Szotek,2,3,1
11592852,2026-03-14 18:00:00,Michal Vedmoch,Frantisek Briza,3,0,0
11586406,2026-03-14 17:30:00,Michal Chalupa,Daniel Unzeitig,3,0,0
11585895,2026-03-14 17:30:00,Tomas Barta,Hoang Tai Nguyen Ba,3,2,1
11586423,2026-03-14 17:30:00,Matyas Navedla,David Szotek,3,2,1
11586422,2026-03-14 17:30:00,Vratislav Petracek,Jan Kanera,3,1,1
11586446,2026-03-14 17:30:00,Frantisek Briza,Michal Vedmoch,0,3,0
11586402,2026-03-14 17:00:00,Kamil Novak,Libor Stacho,1,3,1
11584989,2026-03-14 17:00:00,Radovan Polasek,Tadeas Zika,3,2,1
11586390,2026-03-14 17:00:00,Petr Budinsky,Tomas Dousa,2,3,1
11586528,2026-03-14 17:00:00,Dan Volhejn,Ales Barton,1,3,1
11586404,2026-03-14 17:00:00,Roman Hudeczek,Zbynek Pagac,3,0,0
11586717,2026-03-14 16:30:00,Hoang Tai Nguyen Ba,Petr Budinsky,3,1,1
11586447,2026-03-14 16:30:00,Michal Vedmoch,Kamil Novak,0,3,0
11586413,2026-03-14 16:30:00,Jan Kanera,Dan Volhejn,0,3,0
11586394,2026-03-14 16:30:00,Daniel Unzeitig,Roman Hudeczek,3,1,1
11584990,2026-03-14 16:30:00,David Szotek,Radovan Polasek,1,3,1
11586389,2026-03-14 16:00:00,Michal Chalupa,Zbynek Pagac,0,3,0
11585904,2026-03-14 16:00:00,Tomas Barta,Tomas Dousa,2,3,1
11585069,2026-03-14 16:00:00,Matyas Navedla,Tadeas Zika,0,3,0
11586393,2026-03-14 16:00:00,Frantisek Briza,Libor Stacho,2,3,1
11586428,2026-03-14 16:00:00,Vratislav Petracek,Ales Barton,3,2,1
11586388,2026-03-14 15:30:00,Tomas Dousa,Hoang Tai Nguyen Ba,3,0,0
11585218,2026-03-14 15:30:00,Zbynek Pagac,Daniel Unzeitig,0,3,0
11585102,2026-03-14 15:30:00,Ales Barton,Jan Kanera,1,3,1
11585074,2026-03-14 15:30:00,Tadeas Zika,David Szotek,3,1,1
11586427,2026-03-14 15:30:00,Libor Stacho,Michal Vedmoch,1,3,1
11585279,2026-03-14 15:00:00,Dan Volhejn,Vratislav Petracek,3,2,1
11585902,2026-03-14 15:00:00,Petr Budinsky,Tomas Barta,3,2,1
11586387,2026-03-14 15:00:00,Kamil Novak,Frantisek Briza,3,2,1
11584959,2026-03-14 15:00:00,Roman Hudeczek,Michal Chalupa,2,3,1
11584991,2026-03-14 15:00:00,Radovan Polasek,Matyas Navedla,3,2,1
11590427,2026-03-14 14:30:00,Libor Stacho,Michal Vedmoch,0,3,0
11590426,2026-03-14 14:30:00,Tomas Dousek,Matyas Navedla,3,2,1
11590416,2026-03-14 14:30:00,Milan Regner,Milan Chalupnicek,3,2,1
11590415,2026-03-14 14:30:00,Radomir Revay,Michael Sedlacek,0,3,0
11590432,2026-03-14 14:30:00,Marcel Pikous,Michal Regner,3,1,1
11590422,2026-03-14 14:06:00,Tomas Holik,Jiri Zuzanek,2,3,1
11590272,2026-03-14 14:00:00,Daniel Tomica,David Szotek,3,0,0
11590267,2026-03-14 14:00:00,Jiri Dedek,Jaroslav Prokupek,3,1,1
11590266,2026-03-14 14:00:00,Ondrej Paril,Jan Dzida,2,3,1
11590261,2026-03-14 14:00:00,Pavel Kulhanek,Vaclav Kosar,3,0,0
11585893,2026-03-14 13:30:00,Ondrej Paril,Radomir Revay,2,3,1
11585075,2026-03-14 13:30:00,Pavel Kulhanek,Milan Chalupnicek,1,3,1
11586461,2026-03-14 13:30:00,Daniel Tomica,David Szotek,1,3,1
11585913,2026-03-14 13:30:00,Tomas Holik,Jiri Zuzanek,3,2,1
11586454,2026-03-14 13:30:00,Libor Stacho,Michal Vedmoch,3,1,1
11586383,2026-03-14 13:00:00,Jaroslav Prokupek,Jiri Dedek,0,3,0
11586397,2026-03-14 13:00:00,Michael Sedlacek,Jan Dzida,3,0,0
11585909,2026-03-14 13:00:00,Tomas Dousek,Matyas Navedla,3,1,1
11586044,2026-03-14 13:00:00,Marcel Pikous,Michal Regner,2,3,1
11584980,2026-03-14 13:00:00,Milan Regner,Vaclav Kosar,3,0,0
11586712,2026-03-14 12:30:00,Milan Chalupnicek,Milan Regner,3,1,1
11586435,2026-03-14 12:30:00,Michal Vedmoch,Jaroslav Prokupek,3,1,1
11585898,2026-03-14 12:30:00,David Szotek,Tomas Dousek,0,3,0
11585894,2026-03-14 12:30:00,Radomir Revay,Michael Sedlacek,3,1,1
11585910,2026-03-14 12:30:00,Jiri Zuzanek,Marcel Pikous,0,3,0
11586405,2026-03-14 12:00:00,Ondrej Paril,Jan Dzida,3,2,1
11584985,2026-03-14 12:00:00,Pavel Kulhanek,Vaclav Kosar,3,0,0
11586386,2026-03-14 12:00:00,Libor Stacho,Jiri Dedek,3,0,0
11586420,2026-03-14 12:00:00,Tomas Holik,Michal Regner,2,3,1
11586711,2026-03-14 12:00:00,Daniel Tomica,Matyas Navedla,3,1,1
11584907,2026-03-14 11:30:00,Vaclav Kosar,Milan Chalupnicek,3,1,1
11584904,2026-03-14 11:30:00,Jan Dzida,Radomir Revay,2,3,1
11585219,2026-03-14 11:30:00,Jiri Dedek,Michal Vedmoch,2,3,1
11584770,2026-03-14 11:30:00,Matyas Navedla,David Szotek,3,1,1
11584964,2026-03-14 11:30:00,Michal Regner,Jiri Zuzanek,2,3,1
11584684,2026-03-14 11:00:00,Michael Sedlacek,Ondrej Paril,3,0,0
11584823,2026-03-14 11:00:00,Milan Regner,Pavel Kulhanek,3,0,0
11585968,2026-03-14 11:00:00,Marcel Pikous,Tomas Holik,3,2,1
11586161,2026-03-14 11:00:00,Jaroslav Prokupek,Libor Stacho,2,3,1
11585143,2026-03-14 11:00:00,Tomas Dousek,Daniel Tomica,3,0,0
11589588,2026-03-14 10:30:00,Miroslav Barta,Jiri Grohsgott,3,0,0
11589589,2026-03-14 10:30:00,Dominik Oborny,Jakub Levicky,1,3,1
11589591,2026-03-14 10:30:00,Tomas Hrabec,Alexandr Virag,3,1,1
11589587,2026-03-14 10:30:00,Jaroslav Strnad 1964,Vaclav Hruska Snr,2,3,1
11589590,2026-03-14 10:30:00,Oleksandr Kolisnyk,Karel Brozik,3,1,1
11589487,2026-03-14 10:00:00,Daniel Priesol,Daniel Tyn,3,2,1
11589485,2026-03-14 10:00:00,Pavel Smetka,Pavel Bajtek,3,0,0
11589484,2026-03-14 10:00:00,Vaclav Dolezal,Lubor Sulava,3,1,1
11589488,2026-03-14 10:00:00,Jiri Svec,Leos Havrda,1,3,1
11589493,2026-03-14 10:00:00,Milan Klement,Jiri Louda,1,3,1
11585979,2026-03-14 09:30:00,Jiri Svec,Miroslav Barta,0,3,0
11585967,2026-03-14 09:30:00,Lubor Sulava,Vaclav Hruska Snr,1,3,1
11585911,2026-03-14 09:30:00,Karel Brozik,Jiri Louda,3,2,1
11585974,2026-03-14 09:30:00,Dominik Oborny,Pavel Smetka,3,0,0
11585975,2026-03-14 09:30:00,Alexandr Virag,Daniel Tyn,3,1,1
11586450,2026-03-14 09:00:00,Oleksandr Kolisnyk,Milan Klement,3,0,0
11585987,2026-03-14 09:00:00,Jiri Grohsgott,Leos Havrda,3,1,1
11585971,2026-03-14 09:00:00,Tomas Hrabec,Daniel Priesol,1,3,1
11585966,2026-03-14 09:00:00,Jakub Levicky,Pavel Bajtek,3,0,0
11584984,2026-03-14 09:00:00,Vaclav Dolezal,Jaroslav Strnad 1964,1,3,1
11585965,2026-03-14 08:30:00,Pavel Smetka,Jakub Levicky,0,3,0
11586125,2026-03-14 08:30:00,Daniel Tyn,Tomas Hrabec,2,3,1
11585973,2026-03-14 08:30:00,Vaclav Hruska Snr,Vaclav Dolezal,3,1,1
11585912,2026-03-14 08:30:00,Jiri Louda,Oleksandr Kolisnyk,2,3,1
11585969,2026-03-14 08:30:00,Miroslav Barta,Jiri Grohsgott,3,1,1
11585978,2026-03-14 08:00:00,Jiri Svec,Leos Havrda,3,2,1
11585976,2026-03-14 08:00:00,Dominik Oborny,Pavel Bajtek,3,1,1
11585972,2026-03-14 08:00:00,Karel Brozik,Milan Klement,3,0,0
11585970,2026-03-14 08:00:00,Alexandr Virag,Daniel Priesol,3,0,0
11584982,2026-03-14 08:00:00,Lubor Sulava,Jaroslav Strnad 1964,0,3,0
11584775,2026-03-14 07:30:00,Daniel Priesol,Daniel Tyn,3,2,1
11584975,2026-03-14 07:30:00,Jaroslav Strnad 1964,Vaclav Hruska Snr,3,2,1
11584947,2026-03-14 07:30:00,Milan Klement,Jiri Louda,3,0,0
11585142,2026-03-14 07:30:00,Pavel Bajtek,Pavel Smetka,0,3,0
11585977,2026-03-14 07:30:00,Leos Havrda,Miroslav Barta,2,3,1
11585053,2026-03-14 07:00:00,Tomas Hrabec,Alexandr Virag,3,0,0
11584946,2026-03-14 07:00:00,Vaclav Dolezal,Lubor Sulava,3,2,1
11584963,2026-03-14 07:00:00,Oleksandr Kolisnyk,Karel Brozik,3,1,1
11585057,2026-03-14 07:00:00,Jiri Grohsgott,Jiri Svec,3,1,1
11585228,2026-03-14 07:00:00,Jakub Levicky,Dominik Oborny,2,3,1
11589012,2026-03-14 04:30:00,Jan Pleskot,Milan Cetner,3,2,1
11589010,2026-03-14 04:30:00,Hoang Tai Nguyen Ba,Jiri Plachy,1,3,1
11588934,2026-03-14 04:30:00,Radek Bartunek,Adam Svoboda,2,3,1
11588935,2026-03-14 04:00:00,Roman Urban,Petr Picek,0,3,0
11588926,2026-03-14 04:00:00,Martin Vizek,Petr Budinsky,0,3,0
11588925,2026-03-14 04:00:00,Michal Syroha,David Nosek,3,2,1
11581834,2026-03-14 03:30:00,David Nosek,Martin Stefek,3,0,0
11581797,2026-03-14 03:30:00,Petr Picek,Radek Bartunek,1,3,1
11580636,2026-03-14 03:30:00,Vladimir Cermak,Petr Budinsky,0,3,0
11581785,2026-03-14 03:00:00,Adam Svoboda,Jan Steffan,3,2,1
11580640,2026-03-14 03:00:00,Hoang Tai Nguyen Ba,Jiri Plachy,3,2,1
11581786,2026-03-14 03:00:00,Milan Cetner,Jan Pleskot,3,2,1
11580641,2026-03-14 02:30:00,Martin Vizek,Vladimir Cermak,3,0,0
11581871,2026-03-14 02:30:00,Michal Syroha,David Nosek,3,2,1
11581810,2026-03-14 02:30:00,Roman Urban,Petr Picek,3,2,1
11581791,2026-03-14 02:00:00,Hoang Tai Nguyen Ba,Petr Budinsky,3,0,0
11581826,2026-03-14 02:00:00,Adam Svoboda,Radek Bartunek,2,3,1
11581776,2026-03-14 02:00:00,Milan Cetner,Martin Stefek,3,0,0
11580639,2026-03-14 01:30:00,Jiri Plachy,Martin Vizek,1,3,1
11581780,2026-03-14 01:30:00,Jan Steffan,Roman Urban,0,3,0
11581793,2026-03-14 01:30:00,Jan Pleskot,Michal Syroha,3,1,1
11581962,2026-03-14 01:00:00,David Nosek,Milan Cetner,2,3,1
11581796,2026-03-14 01:00:00,Petr Picek,Adam Svoboda,3,2,1
11580642,2026-03-14 01:00:00,Vladimir Cermak,Hoang Tai Nguyen Ba,3,1,1
11581787,2026-03-14 00:30:00,Radek Bartunek,Roman Urban,3,1,1
11581806,2026-03-14 00:30:00,Martin Stefek,Michal Syroha,3,0,0
11581802,2026-03-14 00:30:00,Petr Budinsky,Martin Vizek,3,1,1
11580638,2026-03-14 00:00:00,Jiri Plachy,Vladimir Cermak,3,0,0
11581801,2026-03-14 00:00:00,Jan Steffan,Petr Picek,3,2,1
11581865,2026-03-14 00:00:00,Jan Pleskot,David Nosek,3,0,0
11581812,2026-03-13 23:30:00,Martin Vizek,Hoang Tai Nguyen Ba,2,3,1
11581804,2026-03-13 23:30:00,Roman Urban,Adam Svoboda,2,3,1
11581800,2026-03-13 23:30:00,Michal Syroha,Milan Cetner,3,0,0
11580637,2026-03-13 23:00:00,Petr Budinsky,Jiri Plachy,0,3,0
11580165,2026-03-13 23:00:00,Martin Stefek,Jan Pleskot,1,3,1
11580193,2026-03-13 23:00:00,Radek Bartunek,Jan Steffan,3,1,1
11588129,2026-03-13 22:30:00,Martin Sychra,Jakub Hradecky,3,0,0
11588101,2026-03-13 22:30:00,Jiri Dedek,Kyryl Darin,3,0,0
11587956,2026-03-13 22:30:00,Evzen Rychlik,Dalimil Machander,3,2,1
11587955,2026-03-13 22:30:00,David Heczko,Daniel Tobola,3,2,1
11587946,2026-03-13 22:30:00,Michal Vavrecka,Michal Zahradka,3,0,0
11587974,2026-03-13 22:00:00,Dmitro Parhomenko,Marek Placek,2,3,1
11587973,2026-03-13 22:00:00,Vitezslav Bosak,David Mikula,1,3,1
11587947,2026-03-13 22:00:00,Dan Volhejn,Radek Rose,3,2,1
11587957,2026-03-13 22:00:00,Tomas Cernin,Richard Skacelik,3,1,1
11587962,2026-03-13 21:58:32,Daniel Tuma,Tomas Dousa,3,1,1
11581815,2026-03-13 21:30:00,David Heczko,Vitezslav Bosak,3,1,1
11581808,2026-03-13 21:30:00,Jiri Dedek,Marek Placek,1,3,1
11581784,2026-03-13 21:30:00,Tomas Cernin,Dalimil Machander,1,3,1
11581524,2026-03-13 21:30:00,Michal Zahradka,Radek Rose,0,3,0
11580505,2026-03-13 21:30:00,Daniel Tuma,Tomas Dousa,1,3,1
11581809,2026-03-13 21:00:00,Kyryl Darin,Dmitro Parhomenko,3,1,1
11581814,2026-03-13 21:00:00,Richard Skacelik,Evzen Rychlik,2,3,1
11581799,2026-03-13 21:00:00,Jakub Hradecky,Martin Sychra,2,3,1
11581790,2026-03-13 21:00:00,Michal Vavrecka,Dan Volhejn,3,2,1
11581874,2026-03-13 21:00:00,Daniel Tobola,David Mikula,0,3,0
11581795,2026-03-13 20:30:00,Dalimil Machander,Richard Skacelik,3,1,1
11581794,2026-03-13 20:30:00,Marek Placek,Kyryl Darin,1,3,1
11581775,2026-03-13 20:30:00,Tomas Dousa,Jakub Hradecky,1,3,1
11581827,2026-03-13 20:30:00,Vitezslav Bosak,Daniel Tobola,1,3,1
11581961,2026-03-13 20:30:00,Radek Rose,Michal Vavrecka,1,3,1
11581836,2026-03-13 20:00:00,Jiri Dedek,Dmitro Parhomenko,3,2,1
11580508,2026-03-13 20:00:00,Daniel Tuma,Martin Sychra,2,3,1
11581523,2026-03-13 20:00:00,Michal Zahradka,Dan Volhejn,3,2,1
11581774,2026-03-13 20:00:00,David Heczko,David Mikula,3,1,1
11581805,2026-03-13 20:00:00,Tomas Cernin,Evzen Rychlik,3,2,1
11580156,2026-03-13 19:30:00,Evzen Rychlik,Dalimil Machander,3,1,1
11581833,2026-03-13 19:30:00,Martin Sychra,Tomas Dousa,3,0,0
11581828,2026-03-13 19:30:00,Dmitro Parhomenko,Marek Placek,3,1,1
11580477,2026-03-13 19:30:00,David Mikula,Vitezslav Bosak,0,3,0
11581825,2026-03-13 19:30:00,Dan Volhejn,Radek Rose,3,1,1
11581507,2026-03-13 19:00:00,Michal Vavrecka,Michal Zahradka,2,3,1
11581807,2026-03-13 19:00:00,Daniel Tobola,David Heczko,3,2,1
11580503,2026-03-13 19:00:00,Jakub Hradecky,Daniel Tuma,2,3,1
11580179,2026-03-13 19:00:00,Kyryl Darin,Jiri Dedek,0,3,0
11580154,2026-03-13 19:00:00,Richard Skacelik,Tomas Cernin,0,3,0
11586601,2026-03-13 18:30:00,Jiri Holubec,Adrian Walek,2,3,1
11586596,2026-03-13 18:30:00,Martin Sychra,Ales Bayer,2,3,1
11586603,2026-03-13 18:30:00,Tomas Dousek,Radomir Revay,0,3,0
11586615,2026-03-13 18:30:00,Filip Jungman,Miroslav Tuma,3,1,1
11586752,2026-03-13 18:30:00,Marcel Pikous,Jiri Louda,3,2,1
11586617,2026-03-13 18:04:00,Martin Stefek,Vaclav Hruska Snr,3,2,1
11586611,2026-03-13 18:00:00,Petr Sebera,Jiri Zuzanek,3,1,1
11586597,2026-03-13 18:00:00,Martin Sobisek,Tomas Barta,1,3,1
11586604,2026-03-13 18:00:00,Jan Szotkowski,Tadeas Zika,2,3,1
11586602,2026-03-13 18:00:00,Martin Pavliska,Jaroslav Neuwirth Snr,1,3,1
11581413,2026-03-13 17:30:00,Martin Sychra,Martin Sobisek,3,0,0
11580518,2026-03-13 17:30:00,Tomas Dousek,Tadeas Zika,3,1,1
11581178,2026-03-13 17:30:00,Adrian Walek,Martin Pavliska,3,1,1
11581215,2026-03-13 17:30:00,Jiri Zuzanek,Petr Sebera,1,3,1
11581219,2026-03-13 17:30:00,Miroslav Tuma,Vaclav Hruska Snr,3,2,1
11581193,2026-03-13 17:00:00,Jiri Louda,Marcel Pikous,3,2,1
11581257,2026-03-13 17:00:00,Jiri Holubec,Jaroslav Neuwirth Snr,3,0,0
11581498,2026-03-13 17:00:00,Radomir Revay,Jan Szotkowski,0,3,0
11581741,2026-03-13 17:00:00,Filip Jungman,Martin Stefek,3,0,0
11580509,2026-03-13 17:00:00,Tomas Barta,Ales Bayer,0,3,0
11580513,2026-03-13 16:30:00,Martin Sobisek,Tomas Barta,3,1,1
11581260,2026-03-13 16:30:00,Martin Pavliska,Jiri Holubec,2,3,1
11581192,2026-03-13 16:30:00,Vaclav Hruska Snr,Filip Jungman,2,3,1
11580516,2026-03-13 16:30:00,Tadeas Zika,Radomir Revay,1,3,1
11581526,2026-03-13 16:30:00,Petr Sebera,Jiri Louda,3,2,1
11581191,2026-03-13 16:00:00,Adrian Walek,Jaroslav Neuwirth Snr,1,3,1
11581052,2026-03-13 16:00:00,Miroslav Tuma,Martin Stefek,3,2,1
11581239,2026-03-13 16:00:00,Jiri Zuzanek,Marcel Pikous,1,3,1
11581454,2026-03-13 16:00:00,Martin Sychra,Ales Bayer,3,2,1
11581037,2026-03-13 16:00:00,Tomas Dousek,Jan Szotkowski,3,1,1
11580313,2026-03-13 15:30:00,Jaroslav Neuwirth Snr,Martin Pavliska,0,3,0
11581412,2026-03-13 15:30:00,Marcel Pikous,Petr Sebera,3,2,1
11580517,2026-03-13 15:30:00,Jan Szotkowski,Tadeas Zika,1,3,1
11581527,2026-03-13 15:30:00,Ales Bayer,Martin Sobisek,3,2,1
11580163,2026-03-13 15:30:00,Martin Stefek,Vaclav Hruska Snr,3,2,1
11580164,2026-03-13 15:00:00,Tomas Barta,Martin Sychra,0,3,0
11581238,2026-03-13 15:00:00,Filip Jungman,Miroslav Tuma,3,1,1
11581522,2026-03-13 15:00:00,Radomir Revay,Tomas Dousek,3,1,1
11580312,2026-03-13 15:00:00,Jiri Louda,Jiri Zuzanek,3,1,1
11580706,2026-03-13 15:00:00,Jiri Holubec,Adrian Walek,2,3,1
11585800,2026-03-13 14:30:00,Antonin Schneeberger,Alois Kanak,3,0,0
11585802,2026-03-13 14:30:00,Viktor Vejvoda,Petr Saleny,3,0,0
11585665,2026-03-13 14:30:00,Pavel Kulhanek,Martin Tacinec,3,0,0
11585799,2026-03-13 14:30:00,Simon Kadavy,Daniel Tuma,1,3,1
11585673,2026-03-13 14:30:00,Tadeas Zika,Radovan Polasek,3,2,1
11585639,2026-03-13 14:00:00,Martin Sobisek,Jakub Hradecky,3,1,1
11585638,2026-03-13 14:00:00,Jan Szotkowski,Jakub Pilch,3,0,0
11585640,2026-03-13 14:00:00,Petr Sebera,Denis Hofman,2,3,1
11585641,2026-03-13 14:00:00,Jaroslav Strnad 1964,Vaclav Kosar,3,1,1
11585635,2026-03-13 14:00:00,Matej Levicky,Matyas Kolek,2,3,1
11580502,2026-03-13 13:30:00,Radovan Polasek,Tadeas Zika,0,3,0
11581340,2026-03-13 13:30:00,Jakub Hradecky,Martin Sobisek,1,3,1
11581362,2026-03-13 13:30:00,Matyas Kolek,Matej Levicky,1,3,1
11581170,2026-03-13 13:30:00,Vaclav Kosar,Pavel Kulhanek,0,3,0
11581411,2026-03-13 13:30:00,Petr Sebera,Denis Hofman,3,1,1
11580507,2026-03-13 13:00:00,Simon Kadavy,Daniel Tuma,0,3,0
11582001,2026-03-13 13:00:00,Jan Szotkowski,Jakub Pilch,3,0,0
11581272,2026-03-13 13:00:00,Viktor Vejvoda,Petr Saleny,3,0,0
11581967,2026-03-13 13:00:00,Antonin Schneeberger,Alois Kanak,3,0,0
11581344,2026-03-13 13:00:00,Jaroslav Strnad 1964,Martin Tacinec,2,3,1
11582034,2026-03-13 12:30:00,Matej Levicky,Antonin Schneeberger,2,3,1
11580514,2026-03-13 12:30:00,Tadeas Zika,Jan Szotkowski,3,2,1
11581033,2026-03-13 12:30:00,Denis Hofman,Viktor Vejvoda,2,3,1
11581525,2026-03-13 12:30:00,Martin Sobisek,Simon Kadavy,1,3,1
11581292,2026-03-13 12:30:00,Pavel Kulhanek,Jaroslav Strnad 1964,2,3,1
11581528,2026-03-13 12:00:00,Petr Sebera,Petr Saleny,0,3,0
11581925,2026-03-13 12:00:00,Radovan Polasek,Jakub Pilch,3,1,1
11580506,2026-03-13 12:00:00,Jakub Hradecky,Daniel Tuma,3,0,0
11581334,2026-03-13 12:00:00,Matyas Kolek,Alois Kanak,0,3,0
11581410,2026-03-13 12:00:00,Vaclav Kosar,Martin Tacinec,2,3,1
11581924,2026-03-13 11:30:00,Jakub Pilch,Tadeas Zika,3,1,1
11581624,2026-03-13 11:30:00,Petr Saleny,Denis Hofman,3,0,0
11580510,2026-03-13 11:30:00,Daniel Tuma,Martin Sobisek,3,2,1
11580307,2026-03-13 11:30:00,Alois Kanak,Matej Levicky,3,2,1
11580889,2026-03-13 11:30:00,Martin Tacinec,Pavel Kulhanek,2,3,1
11581576,2026-03-13 11:00:00,Antonin Schneeberger,Matyas Kolek,3,0,0
11580167,2026-03-13 11:00:00,Jaroslav Strnad 1964,Vaclav Kosar,2,3,1
11580155,2026-03-13 11:00:00,Jan Szotkowski,Radovan Polasek,2,3,1
11580168,2026-03-13 11:00:00,Viktor Vejvoda,Petr Sebera,3,1,1
11581343,2026-03-13 11:00:00,Simon Kadavy,Jakub Hradecky,3,0,0
11584900,2026-03-13 10:30:00,Frantisek Just,Hoang Tai Nguyen Ba,3,2,1
11584903,2026-03-13 10:30:00,Michal Regner,Karel Brozik,1,3,1
11584808,2026-03-13 10:30:00,Radim Urbaniec,Jakub Pilch,3,1,1
11584901,2026-03-13 10:30:00,Petr Serak,Josef Pantak,3,2,1
11584804,2026-03-13 10:30:00,Daniel Priesol,Evald Gebek,0,3,0
11584803,2026-03-13 10:00:00,Pavel Varecha,Petr Banot,1,3,1
11584811,2026-03-13 10:00:00,Josef Belovsky,Jaroslav Prokupek,0,3,0
11584812,2026-03-13 10:00:00,Ladislav Novotny,Ivo Zikmund,3,0,0
11584813,2026-03-13 10:00:00,Petr Saleny,Denis Hofman,3,2,1
11584809,2026-03-13 10:00:00,Michal Cabis,Matyas Navedla,3,2,1
11581093,2026-03-13 09:30:00,Ladislav Novotny,Ivo Zikmund,2,3,1
11581098,2026-03-13 09:30:00,Jaroslav Prokupek,Josef Belovsky,0,3,0
11581237,2026-03-13 09:30:00,Karel Brozik,Michal Regner,0,3,0
11583099,2026-03-13 09:30:00,Petr Banot,Evald Gebek,0,3,0
11580635,2026-03-13 09:30:00,Michal Cabis,Radim Urbaniec,3,1,1
11580515,2026-03-13 09:00:00,Matyas Navedla,Jakub Pilch,2,3,1
11581623,2026-03-13 09:00:00,Petr Saleny,Denis Hofman,3,0,0
11581131,2026-03-13 09:00:00,Pavel Varecha,Daniel Priesol,2,3,1
11581050,2026-03-13 09:00:00,Josef Pantak,Petr Serak,0,3,0
11581032,2026-03-13 09:00:00,Frantisek Just,Hoang Tai Nguyen Ba,3,2,1
11581062,2026-03-13 08:30:00,Josef Belovsky,Frantisek Just,1,3,1
11581043,2026-03-13 08:30:00,Radim Urbaniec,Matyas Navedla,3,0,0
11583100,2026-03-13 08:30:00,Evald Gebek,Pavel Varecha,3,2,1
11581414,2026-03-13 08:30:00,Michal Regner,Petr Saleny,3,1,1
11581082,2026-03-13 08:30:00,Ivo Zikmund,Josef Pantak,2,3,1
11580504,2026-03-13 08:00:00,Michal Cabis,Jakub Pilch,0,3,0
11581047,2026-03-13 08:00:00,Jaroslav Prokupek,Hoang Tai Nguyen Ba,0,3,0
11581036,2026-03-13 08:00:00,Petr Banot,Daniel Priesol,0,3,0
11581409,2026-03-13 08:00:00,Karel Brozik,Denis Hofman,3,1,1
11581031,2026-03-13 08:00:00,Ladislav Novotny,Petr Serak,3,1,1
11581038,2026-03-13 07:30:00,Petr Serak,Ivo Zikmund,3,1,1
11580511,2026-03-13 07:30:00,Hoang Tai Nguyen Ba,Josef Belovsky,3,0,0
11580316,2026-03-13 07:30:00,Denis Hofman,Michal Regner,1,3,1
11580310,2026-03-13 07:30:00,Jakub Pilch,Radim Urbaniec,1,3,1
11581030,2026-03-13 07:30:00,Daniel Priesol,Evald Gebek,3,1,1
11580311,2026-03-13 07:00:00,Matyas Navedla,Michal Cabis,1,3,1
11581091,2026-03-13 07:00:00,Josef Pantak,Ladislav Novotny,3,1,1
11580166,2026-03-13 07:00:00,Petr Saleny,Karel Brozik,1,3,1
11580243,2026-03-13 07:00:00,Frantisek Just,Jaroslav Prokupek,3,0,0
11580196,2026-03-13 07:00:00,Pavel Varecha,Petr Banot,3,1,1
11584165,2026-03-13 04:30:00,Filip Jungman,Oleg Vitrovyj,3,2,1
11584164,2026-03-13 04:30:00,Dmitro Parhomenko,Tomas Andrle,2,3,1
11584166,2026-03-13 04:30:00,Lukas Zeman,Dan Volhejn,1,3,1
11584093,2026-03-13 04:00:00,Jan Steffan,Tomas Regner,0,3,0
11584094,2026-03-13 04:00:00,Jakub Kycelt,Vratislav Petracek,1,3,1
11584095,2026-03-13 03:58:26,Milan Smrcek,Ondrej Kucirek,2,3,1
11576032,2026-03-13 03:30:00,Vratislav Petracek,Lukas Zeman,1,3,1
11575645,2026-03-13 03:30:00,Tomas Regner,Jan Steffan,2,3,1
11576084,2026-03-13 03:30:00,Ondrej Kucirek,Milan Smrcek,0,3,0
11576205,2026-03-13 03:00:00,Tomas Andrle,Petr Picek,3,2,1
11575753,2026-03-13 03:00:00,Vaclav Dolezal,Oleg Vitrovyj,3,2,1
11576191,2026-03-13 03:00:00,Dan Volhejn,Jakub Kycelt,3,1,1
11575720,2026-03-13 02:30:00,Filip Jungman,Tomas Regner,3,2,1
11574678,2026-03-13 02:30:00,Dmitro Parhomenko,Ondrej Kucirek,3,1,1
11576190,2026-03-13 02:30:00,Tomas Postelt,Vratislav Petracek,2,3,1
11575765,2026-03-13 02:00:00,Vaclav Dolezal,Jan Steffan,1,3,1
11576209,2026-03-13 02:00:00,Tomas Andrle,Milan Smrcek,3,2,1
11576031,2026-03-13 02:00:00,Dan Volhejn,Lukas Zeman,1,3,1
11575871,2026-03-13 01:30:00,Oleg Vitrovyj,Filip Jungman,1,3,1
11574680,2026-03-13 01:30:00,Petr Picek,Dmitro Parhomenko,1,3,1
11576028,2026-03-13 01:30:00,Jakub Kycelt,Tomas Postelt,3,2,1
11576068,2026-03-13 01:00:00,Vratislav Petracek,Dan Volhejn,1,3,1
11576628,2026-03-13 01:00:00,Ondrej Kucirek,Tomas Andrle,0,3,0
11575791,2026-03-13 01:00:00,Tomas Regner,Vaclav Dolezal,3,1,1
11574679,2026-03-13 00:30:00,Milan Smrcek,Dmitro Parhomenko,1,3,1
11575708,2026-03-13 00:30:00,Jan Steffan,Filip Jungman,0,3,0
11576039,2026-03-13 00:30:00,Lukas Zeman,Tomas Postelt,3,0,0
11576479,2026-03-13 00:00:00,Petr Picek,Ondrej Kucirek,2,3,1
11575811,2026-03-13 00:00:00,Jakub Kycelt,Vratislav Petracek,3,1,1
11575707,2026-03-13 00:00:00,Oleg Vitrovyj,Tomas Regner,3,0,0
11574283,2026-03-12 23:30:00,Filip Jungman,Vaclav Dolezal,3,0,0
11574271,2026-03-12 23:30:00,Dmitro Parhomenko,Tomas Andrle,3,0,0
11576090,2026-03-12 23:30:00,Tomas Postelt,Dan Volhejn,1,3,1
11574270,2026-03-12 23:00:00,Milan Smrcek,Petr Picek,3,1,1
11576192,2026-03-12 23:00:00,Lukas Zeman,Jakub Kycelt,2,3,1
11574275,2026-03-12 23:00:00,Jan Steffan,Oleg Vitrovyj,1,3,1
11583319,2026-03-12 22:30:00,Zdenek Babinec,Michal Chalupa,3,1,1
11583218,2026-03-12 22:30:00,Yurii Holovatiuk,Dmitro Parhomenko,1,3,1
11583318,2026-03-12 22:30:00,Martin Sobisek,Simon Kadavy,0,3,0
11583317,2026-03-12 22:30:00,Jakub Kycelt,Radek Rose,3,0,0
11583330,2026-03-12 22:30:00,Jakub Levicky,Marcel Heczko,3,1,1
11583253,2026-03-12 22:07:00,Michal Zahradka,Martin Huk,2,3,1
11583248,2026-03-12 22:05:00,Zbynek Pagac,Lukas Kern,3,1,1
11583244,2026-03-12 22:05:00,Karel Kapras,Ales Bayer,1,3,1
11583219,2026-03-12 22:00:00,Kyryl Darin,Michal Vedmoch,1,3,1
11583215,2026-03-12 22:00:00,Roman Guliak,Tomas Milota,2,3,1
11575662,2026-03-12 21:30:00,Roman Guliak,Marcel Heczko,1,3,1
11574879,2026-03-12 21:30:00,Zbynek Pagac,Lukas Kern,2,3,1
11574682,2026-03-12 21:30:00,Dmitro Parhomenko,Kyryl Darin,3,1,1
11575694,2026-03-12 21:30:00,Ales Bayer,Simon Kadavy,2,3,1
11575661,2026-03-12 21:30:00,Radek Rose,Martin Huk,3,2,1
11575850,2026-03-12 21:00:00,Jakub Levicky,Tomas Milota,3,1,1
11575660,2026-03-12 21:00:00,Zdenek Babinec,Michal Chalupa,1,3,1
11575915,2026-03-12 21:00:00,Karel Kapras,Martin Sobisek,2,3,1
11580653,2026-03-12 21:00:00,Jakub Kycelt,Michal Zahradka,2,3,1
11575664,2026-03-12 21:00:00,Michal Vedmoch,Yurii Holovatiuk,1,3,1
11580657,2026-03-12 20:30:00,Martin Huk,Jakub Kycelt,1,3,1
11575693,2026-03-12 20:30:00,Kyryl Darin,Michal Vedmoch,3,0,0
11574880,2026-03-12 20:30:00,Lukas Kern,Zdenek Babinec,1,3,1
11575659,2026-03-12 20:30:00,Marcel Heczko,Jakub Levicky,2,3,1
11575867,2026-03-12 20:30:00,Simon Kadavy,Karel Kapras,3,2,1
11575692,2026-03-12 20:00:00,Ales Bayer,Martin Sobisek,3,1,1
11574681,2026-03-12 20:00:00,Dmitro Parhomenko,Yurii Holovatiuk,2,3,1
11575665,2026-03-12 20:00:00,Zbynek Pagac,Michal Chalupa,3,1,1
11575637,2026-03-12 20:00:00,Radek Rose,Michal Zahradka,3,1,1
11575742,2026-03-12 20:00:00,Roman Guliak,Tomas Milota,3,2,1
11575752,2026-03-12 19:30:00,Michal Zahradka,Martin Huk,2,3,1
11574231,2026-03-12 19:30:00,Yurii Holovatiuk,Kyryl Darin,3,2,1
11575774,2026-03-12 19:30:00,Martin Sobisek,Simon Kadavy,3,0,0
11574881,2026-03-12 19:30:00,Michal Chalupa,Lukas Kern,3,2,1
11574204,2026-03-12 19:30:00,Tomas Milota,Marcel Heczko,0,3,0
11580360,2026-03-12 19:00:00,Jakub Kycelt,Radek Rose,3,2,1
11575814,2026-03-12 19:00:00,Zdenek Babinec,Zbynek Pagac,3,1,1
11575713,2026-03-12 19:00:00,Karel Kapras,Ales Bayer,3,1,1
11574278,2026-03-12 19:00:00,Michal Vedmoch,Dmitro Parhomenko,1,3,1
11575699,2026-03-12 19:00:00,Jakub Levicky,Roman Guliak,3,0,0
11582124,2026-03-12 18:30:00,Martin Sobisek,Marcel Pikous,1,3,1
11582250,2026-03-12 18:30:00,Samuel Byrtus,Marcel Heczko,3,2,1
11582253,2026-03-12 18:30:00,Radomir Revay,Tadeas Zika,1,3,1
11582251,2026-03-12 18:30:00,Petr Saleny,Petr Sebera,3,1,1
11582114,2026-03-12 18:30:00,Oleksandr Kolisnyk,Jan Kanera,3,1,1
11582147,2026-03-12 18:02:00,Vojtech Cerny,Pavel Smetka,3,1,1
11582146,2026-03-12 18:00:00,Jiri Louda,Denis Hofman,1,3,1
11582149,2026-03-12 18:00:00,Michal Zahradka,Martin Huk,0,3,0
11582125,2026-03-12 18:00:00,Adam Brazda,Simon Kadavy,1,3,1
11582151,2026-03-12 18:00:00,Tomas Dousek,Daniel Tomica,1,3,1
11575781,2026-03-12 17:30:00,Daniel Tomica,Tadeas Zika,1,3,1
11575698,2026-03-12 17:30:00,Oleksandr Kolisnyk,Jan Kanera,3,0,0
11575712,2026-03-12 17:30:00,Marcel Heczko,Samuel Byrtus,3,2,1
11575673,2026-03-12 17:30:00,Jiri Louda,Denis Hofman,3,0,0
11575658,2026-03-12 17:30:00,Martin Sobisek,Simon Kadavy,3,1,1
11575721,2026-03-12 17:10:00,Marcel Pikous,Adam Brazda,3,0,0
11575672,2026-03-12 17:00:00,Michal Zahradka,Martin Huk,3,0,0
11574685,2026-03-12 17:00:00,Petr Sebera,Petr Saleny,3,1,1
11575788,2026-03-12 17:00:00,Radomir Revay,Tomas Dousek,2,3,1
11575710,2026-03-12 17:00:00,Pavel Smetka,Vojtech Cerny,1,3,1
11575841,2026-03-12 16:30:00,Simon Kadavy,Marcel Pikous,1,3,1
11575773,2026-03-12 16:30:00,Tadeas Zika,Radomir Revay,1,3,1
11575864,2026-03-12 16:30:00,Jan Kanera,Michal Zahradka,3,2,1
11574686,2026-03-12 16:30:00,Denis Hofman,Petr Sebera,3,1,1
11575706,2026-03-12 16:30:00,Samuel Byrtus,Pavel Smetka,3,0,0
11575691,2026-03-12 16:00:00,Marcel Heczko,Vojtech Cerny,3,2,1
11575718,2026-03-12 16:00:00,Daniel Tomica,Tomas Dousek,0,3,0
11575705,2026-03-12 16:00:00,Oleksandr Kolisnyk,Martin Huk,3,2,1
11575643,2026-03-12 16:00:00,Jiri Louda,Petr Saleny,0,3,0
11575644,2026-03-12 16:00:00,Martin Sobisek,Adam Brazda,3,2,1
11574166,2026-03-12 15:45:00,Adam Brazda,Simon Kadavy,3,2,1
11574230,2026-03-12 15:30:00,Petr Saleny,Denis Hofman,3,1,1
11575676,2026-03-12 15:30:00,Martin Huk,Jan Kanera,0,3,0
11575723,2026-03-12 15:30:00,Tomas Dousek,Tadeas Zika,0,3,0
11574228,2026-03-12 15:30:00,Vojtech Cerny,Samuel Byrtus,2,3,1
11574226,2026-03-12 15:25:00,Marcel Pikous,Martin Sobisek,2,3,1
11574229,2026-03-12 15:00:00,Petr Sebera,Jiri Louda,3,1,1
11574408,2026-03-12 15:00:00,Pavel Smetka,Marcel Heczko,3,0,0
11574197,2026-03-12 15:00:00,Radomir Revay,Daniel Tomica,3,1,1
11575741,2026-03-12 15:00:00,Michal Zahradka,Oleksandr Kolisnyk,1,3,1
11581335,2026-03-12 14:50:00,Tomas Regner,Jaroslav Novotny,2,3,1
11581327,2026-03-12 14:30:00,Ivo Taichman,Michal Koral,2,3,1
11581425,2026-03-12 14:30:00,Michal Cabis,Jakub Pilch,3,1,1
11581427,2026-03-12 14:30:00,Michal Vavrecka,Jakub Vales,1,3,1
11581429,2026-03-12 14:30:00,Vladimir Cermak,Daniel Tuma,1,3,1
11581317,2026-03-12 14:04:00,Milan Kolar,Milan Fisera,3,2,1
11581309,2026-03-12 14:00:00,Daniel Priesol,Eduard Sionkala,3,2,1
11581308,2026-03-12 14:00:00,Radovan Polasek,Tadeas Zika,3,2,1
11581306,2026-03-12 14:00:00,Lukas Jindrak,Ales Barton,3,1,1
11581307,2026-03-12 13:58:38,Tomas Barta,Jiri Plachy,1,3,1
11575722,2026-03-12 13:30:00,Michal Koral,Daniel Priesol,3,0,0
11575695,2026-03-12 13:30:00,Tadeas Zika,Michal Cabis,2,3,1
11575740,2026-03-12 13:30:00,Tomas Barta,Jiri Plachy,3,1,1
11574887,2026-03-12 13:30:00,Jaroslav Novotny,Milan Kolar,3,1,1
11575772,2026-03-12 13:30:00,Ales Barton,Michal Vavrecka,2,3,1
11575724,2026-03-12 13:00:00,Jakub Pilch,Radovan Polasek,3,2,1
11575717,2026-03-12 13:00:00,Daniel Tuma,Vladimir Cermak,2,3,1
11575821,2026-03-12 13:00:00,Tomas Regner,Milan Fisera,3,0,0
11575631,2026-03-12 13:00:00,Jakub Vales,Lukas Jindrak,3,0,0
11575674,2026-03-12 13:00:00,Ivo Taichman,Eduard Sionkala,3,0,0
11575657,2026-03-12 12:30:00,Milan Kolar,Tomas Regner,2,3,1
11575642,2026-03-12 12:30:00,Michal Cabis,Jakub Pilch,3,2,1
11575663,2026-03-12 12:30:00,Jiri Plachy,Daniel Tuma,0,3,0
11575630,2026-03-12 12:30:00,Michal Vavrecka,Jakub Vales,3,1,1
11575704,2026-03-12 12:30:00,Daniel Priesol,Ivo Taichman,0,3,0
11575656,2026-03-12 12:00:00,Tadeas Zika,Radovan Polasek,1,3,1
11575714,2026-03-12 12:00:00,Michal Koral,Eduard Sionkala,3,0,0
11575647,2026-03-12 12:00:00,Tomas Barta,Vladimir Cermak,2,3,1
11574886,2026-03-12 12:00:00,Jaroslav Novotny,Milan Fisera,3,1,1
11575641,2026-03-12 12:00:00,Ales Barton,Lukas Jindrak,0,3,0
11574284,2026-03-12 11:30:00,Vladimir Cermak,Jiri Plachy,3,0,0
11574176,2026-03-12 11:30:00,Milan Fisera,Milan Kolar,2,3,1
11574203,2026-03-12 11:30:00,Radovan Polasek,Michal Cabis,2,3,1
11574395,2026-03-12 11:30:00,Eduard Sionkala,Daniel Priesol,0,3,0
11575716,2026-03-12 11:30:00,Lukas Jindrak,Michal Vavrecka,0,3,0
11574165,2026-03-12 11:00:00,Jakub Vales,Ales Barton,3,1,1
11574276,2026-03-12 11:00:00,Daniel Tuma,Tomas Barta,3,2,1
11574389,2026-03-12 11:00:00,Ivo Taichman,Michal Koral,3,0,0
11574834,2026-03-12 11:00:00,Tomas Regner,Jaroslav Novotny,3,2,1
11574596,2026-03-12 11:00:00,Jakub Pilch,Tadeas Zika,3,2,1
11580420,2026-03-12 10:30:00,Jiri Svec,Matej Kostak,2,3,1
11580421,2026-03-12 10:30:00,Matej Levicky,Matyas Kolek,3,1,1
11580319,2026-03-12 10:30:00,Pavel Varecha,Daniel Priesol,3,2,1
11580314,2026-03-12 10:30:00,Jaroslav Prokupek,Hoang Tai Nguyen Ba,3,2,1
11580412,2026-03-12 10:30:00,Vratislav Petracek,Lukas Jindrak,2,3,1
11580325,2026-03-12 10:04:00,Ludek Madle,Alexander Hejduk,3,1,1
11580321,2026-03-12 10:00:00,Michal Blaha,Zdenek Luksa,3,2,1
11580320,2026-03-12 10:00:00,Alexandr Virag,Zbynek Zientek,1,3,1
11580315,2026-03-12 10:00:00,Radim Pavelka,Vladimir Postelt,1,3,1
11580322,2026-03-12 10:00:00,Michal Vavrecka,Tomas Postelt,3,2,1
11575702,2026-03-12 09:30:00,Michal Vavrecka,Tomas Postelt,3,1,1
11575709,2026-03-12 09:30:00,Matej Levicky,Zdenek Luksa,3,1,1
11575703,2026-03-12 09:30:00,Vladimir Postelt,Hoang Tai Nguyen Ba,2,3,1
11575751,2026-03-12 09:30:00,Daniel Priesol,Zbynek Zientek,1,3,1
11575655,2026-03-12 09:30:00,Ludek Madle,Jiri Svec,1,3,1
11575739,2026-03-12 09:00:00,Radim Pavelka,Jaroslav Prokupek,3,1,1
11579632,2026-03-12 09:00:00,Michal Blaha,Matyas Kolek,0,3,0
11575690,2026-03-12 09:00:00,Alexandr Virag,Pavel Varecha,0,3,0
11575675,2026-03-12 09:00:00,Vratislav Petracek,Lukas Jindrak,3,1,1
11575640,2026-03-12 09:00:00,Matej Kostak,Alexander Hejduk,3,0,0
11575629,2026-03-12 08:30:00,Jiri Svec,Matej Kostak,1,3,1
11579633,2026-03-12 08:30:00,Zdenek Luksa,Michal Blaha,2,3,1
11575689,2026-03-12 08:30:00,Hoang Tai Nguyen Ba,Radim Pavelka,3,2,1
11575653,2026-03-12 08:30:00,Tomas Postelt,Vratislav Petracek,1,3,1
11575767,2026-03-12 08:30:00,Zbynek Zientek,Alexandr Virag,0,3,0
11575667,2026-03-12 08:00:00,Matej Levicky,Matyas Kolek,3,1,1
11575652,2026-03-12 08:00:00,Daniel Priesol,Pavel Varecha,3,1,1
11575715,2026-03-12 08:00:00,Michal Vavrecka,Lukas Jindrak,2,3,1
11575780,2026-03-12 08:00:00,Vladimir Postelt,Jaroslav Prokupek,2,3,1
11575638,2026-03-12 08:00:00,Ludek Madle,Alexander Hejduk,3,1,1
11574277,2026-03-12 07:30:00,Jaroslav Prokupek,Hoang Tai Nguyen Ba,3,1,1
11574874,2026-03-12 07:30:00,Matyas Kolek,Zdenek Luksa,3,2,1
11574394,2026-03-12 07:30:00,Alexander Hejduk,Jiri Svec,0,3,0
11574396,2026-03-12 07:30:00,Pavel Varecha,Zbynek Zientek,3,0,0
11575719,2026-03-12 07:30:00,Lukas Jindrak,Tomas Postelt,3,1,1
11575633,2026-03-12 07:00:00,Vratislav Petracek,Michal Vavrecka,3,1,1
11575671,2026-03-12 07:00:00,Matej Kostak,Ludek Madle,1,3,1
11579631,2026-03-12 07:00:00,Michal Blaha,Matej Levicky,1,3,1
11574390,2026-03-12 07:00:00,Alexandr Virag,Daniel Priesol,2,3,1
11574256,2026-03-12 07:00:00,Radim Pavelka,Vladimir Postelt,2,3,1
11579401,2026-03-12 04:30:00,Martin Stefek,Jan Pleskot,3,1,1
11579402,2026-03-12 04:30:00,Viktor Vejvoda,Karel Brozik,3,0,0
11579345,2026-03-12 04:30:00,Petr Sebera,Martin Sychra,3,2,1
11579348,2026-03-12 04:03:00,Jaroslav Strnad 1964,Rostislav Hasmanda,3,1,1
11579347,2026-03-12 04:00:00,Ales Bayer,Tomas Janata,3,0,0
11579343,2026-03-12 04:00:00,Ondrej Cmerda,Tomas Franek,2,3,1
11570797,2026-03-12 03:30:00,Petr Sebera,Jakub Tazler,3,1,1
11571425,2026-03-12 03:30:00,Ondrej Cmerda,Milan Klement,3,0,0
11571420,2026-03-12 03:30:00,Lubor Sulava,Jaroslav Strnad 1964,1,3,1
11571430,2026-03-12 03:00:00,Ales Bayer,Martin Sychra,3,0,0
11571432,2026-03-12 03:00:00,Tomas Franek,Viktor Vejvoda,1,3,1
11571419,2026-03-12 03:00:00,Martin Stefek,Jan Pleskot,3,2,1
11570796,2026-03-12 02:30:00,Tomas Janata,Petr Sebera,1,3,1
11571429,2026-03-12 02:30:00,Rostislav Hasmanda,Lubor Sulava,3,0,0
11571424,2026-03-12 02:30:00,Karel Brozik,Ondrej Cmerda,2,3,1
11571445,2026-03-12 02:00:00,Martin Stefek,Jaroslav Strnad 1964,3,0,0
11571423,2026-03-12 02:00:00,Tomas Franek,Milan Klement,2,3,1
11571446,2026-03-12 02:00:00,Ales Bayer,Jakub Tazler,3,2,1
11571421,2026-03-12 01:30:00,Jan Pleskot,Rostislav Hasmanda,3,2,1
11571415,2026-03-12 01:30:00,Martin Sychra,Tomas Janata,3,2,1
11571418,2026-03-12 01:30:00,Viktor Vejvoda,Karel Brozik,2,3,1
11571417,2026-03-12 01:00:00,Ondrej Cmerda,Tomas Franek,0,3,0
11571447,2026-03-12 01:00:00,Lubor Sulava,Martin Stefek,1,3,1
11570798,2026-03-12 01:00:00,Petr Sebera,Ales Bayer,3,1,1
11571428,2026-03-12 00:30:00,Jakub Tazler,Tomas Janata,3,2,1
11571448,2026-03-12 00:30:00,Milan Klement,Karel Brozik,2,3,1
11571431,2026-03-12 00:30:00,Jaroslav Strnad 1964,Rostislav Hasmanda,3,0,0
11570795,2026-03-12 00:00:00,Martin Sychra,Petr Sebera,3,1,1
11569513,2026-03-12 00:00:00,Jan Pleskot,Lubor Sulava,1,3,1
11571259,2026-03-12 00:00:00,Viktor Vejvoda,Ondrej Cmerda,3,0,0
11571458,2026-03-11 23:30:00,Karel Brozik,Tomas Franek,3,1,1
11571450,2026-03-11 23:30:00,Rostislav Hasmanda,Martin Stefek,2,3,1
11569423,2026-03-11 23:30:00,Tomas Janata,Ales Bayer,3,1,1
11571452,2026-03-11 23:00:00,Jaroslav Strnad 1964,Jan Pleskot,2,3,1
11569378,2026-03-11 23:00:00,Jakub Tazler,Martin Sychra,0,3,0
11571241,2026-03-11 23:00:00,Milan Klement,Viktor Vejvoda,1,3,1
11578248,2026-03-11 22:30:00,Roman Guliak,Marek Volny,3,0,0
11578233,2026-03-11 22:30:00,Zdenek Babinec,Zbynek Pagac,3,1,1
11578214,2026-03-11 22:30:00,Filip Jungman,Ondrej Kucirek,3,1,1
11578200,2026-03-11 22:30:00,Josef Medek,Jakub Vales,3,0,0
11578222,2026-03-11 22:30:00,Oleksandr Kolisnyk,Ondrej Svacha,3,2,1
11578215,2026-03-11 22:00:00,Jan Steffan,Radek Bartunek,3,2,1
11578240,2026-03-11 22:00:00,Jakub Levicky,Ivan Jemelka,3,1,1
11578241,2026-03-11 22:00:00,Martin Huk,Radek Rose,3,0,0
11578201,2026-03-11 22:00:00,Zdenek Bilek,Jan Zajicek,3,1,1
11578234,2026-03-11 22:00:00,Roman Hudeczek,Michal Chalupa,3,1,1
11571252,2026-03-11 21:30:00,Jan Steffan,Filip Jungman,1,3,1
11569859,2026-03-11 21:30:00,Oleksandr Kolisnyk,Ondrej Svacha,3,2,1
11571248,2026-03-11 21:30:00,Zdenek Bilek,Jakub Vales,0,3,0
11571240,2026-03-11 21:30:00,Jakub Levicky,Ivan Jemelka,3,2,1
11571228,2026-03-11 21:30:00,Michal Chalupa,Zbynek Pagac,0,3,0
11571239,2026-03-11 21:00:00,Roman Hudeczek,Zdenek Babinec,1,3,1
11571250,2026-03-11 21:00:00,Jan Zajicek,Josef Medek,1,3,1
11571238,2026-03-11 21:00:00,Radek Rose,Martin Huk,1,3,1
11571257,2026-03-11 21:00:00,Marek Volny,Roman Guliak,1,3,1
11571245,2026-03-11 21:00:00,Ondrej Kucirek,Radek Bartunek,0,3,0
11571232,2026-03-11 20:30:00,Jakub Vales,Jan Zajicek,3,2,1
11571244,2026-03-11 20:30:00,Zbynek Pagac,Roman Hudeczek,3,2,1
11571235,2026-03-11 20:30:00,Ivan Jemelka,Marek Volny,2,3,1
11571249,2026-03-11 20:30:00,Ondrej Svacha,Radek Rose,3,2,1
11571265,2026-03-11 20:30:00,Filip Jungman,Ondrej Kucirek,2,3,1
11571237,2026-03-11 20:15:00,Michal Chalupa,Zdenek Babinec,1,3,1
11571231,2026-03-11 20:00:00,Jakub Levicky,Roman Guliak,2,3,1
11571256,2026-03-11 20:00:00,Jan Steffan,Radek Bartunek,3,1,1
11569854,2026-03-11 20:00:00,Oleksandr Kolisnyk,Martin Huk,3,1,1
11571258,2026-03-11 20:00:00,Zdenek Bilek,Josef Medek,0,3,0
11569506,2026-03-11 19:45:00,Zdenek Babinec,Zbynek Pagac,3,1,1
11570284,2026-03-11 19:30:00,Martin Huk,Ondrej Svacha,1,3,1
11569470,2026-03-11 19:30:00,Josef Medek,Jakub Vales,3,2,1
11571224,2026-03-11 19:30:00,Roman Guliak,Ivan Jemelka,3,0,0
11571230,2026-03-11 19:30:00,Radek Bartunek,Filip Jungman,0,3,0
11569505,2026-03-11 19:15:00,Roman Hudeczek,Michal Chalupa,3,2,1
11569451,2026-03-11 19:00:00,Jan Zajicek,Zdenek Bilek,0,3,0
11569858,2026-03-11 19:00:00,Radek Rose,Oleksandr Kolisnyk,1,3,1
11569564,2026-03-11 19:00:00,Ondrej Kucirek,Jan Steffan,3,1,1
11571225,2026-03-11 19:00:00,Marek Volny,Jakub Levicky,3,1,1
11577306,2026-03-11 18:50:00,Richard Skacelik,Dalimil Machander,3,2,1
11577111,2026-03-11 18:40:00,Martin Biolek,Jan Szotkowski,3,1,1
11577189,2026-03-11 18:37:00,Tomas Cernin,Jaroslav Schwan,3,1,1
11576882,2026-03-11 18:30:00,Lukas Zeman,Dan Volhejn,1,3,1
11576873,2026-03-11 18:30:00,Vratislav Petracek,Michal Vavrecka,2,3,1
11576876,2026-03-11 18:30:00,Michal Jezek,Michal Zahradka,3,1,1
11577118,2026-03-11 18:25:00,Jan Dzida,Adam Pokorny,3,2,1
11576874,2026-03-11 18:00:00,Jiri Nesnera,Jan Mecl Jnr,3,0,0
11576903,2026-03-11 18:00:00,Martin Huk,Jan Kanera,0,3,0
11576883,2026-03-11 18:00:00,Petr Bradac,Jakub Kycelt,2,3,1
11570773,2026-03-11 17:30:00,Dan Volhejn,Petr Bradac,3,1,1
11571236,2026-03-11 17:30:00,Michal Jezek,Michal Zahradka,3,1,1
11570645,2026-03-11 17:30:00,Vratislav Petracek,Jan Mecl Jnr,3,0,0
11569331,2026-03-11 17:30:00,Martin Biolek,Jan Szotkowski,1,3,1
11569931,2026-03-11 17:30:00,Dalimil Machander,Jaroslav Schwan,3,2,1
11570772,2026-03-11 17:00:00,Lukas Zeman,Jakub Kycelt,3,0,0
11571628,2026-03-11 17:00:00,Martin Huk,Jan Kanera,2,3,1
11569862,2026-03-11 17:00:00,Richard Skacelik,Tomas Cernin,3,1,1
11569330,2026-03-11 17:00:00,Jan Dzida,Adam Pokorny,3,0,0
11570646,2026-03-11 17:00:00,Michal Vavrecka,Jiri Nesnera,3,0,0
11571227,2026-03-11 16:30:00,Michal Zahradka,Jan Kanera,3,0,0
11569339,2026-03-11 16:30:00,Jan Szotkowski,Jan Dzida,1,3,1
11570777,2026-03-11 16:30:00,Petr Bradac,Lukas Zeman,3,2,1
11569861,2026-03-11 16:30:00,Jaroslav Schwan,Richard Skacelik,1,3,1
11570647,2026-03-11 16:30:00,Jan Mecl Jnr,Michal Vavrecka,2,3,1
11569855,2026-03-11 16:00:00,Martin Huk,Michal Zahradka,1,3,1
11570764,2026-03-11 16:00:00,Dalimil Machander,Tomas Cernin,2,3,1
11570774,2026-03-11 16:00:00,Dan Volhejn,Jakub Kycelt,3,2,1
11570643,2026-03-11 16:00:00,Vratislav Petracek,Jiri Nesnera,2,3,1
11569326,2026-03-11 16:00:00,Martin Biolek,Adam Pokorny,3,2,1
11570776,2026-03-11 15:30:00,Jakub Kycelt,Petr Bradac,2,3,1
11569335,2026-03-11 15:30:00,Adam Pokorny,Jan Szotkowski,1,3,1
11571255,2026-03-11 15:30:00,Michal Jezek,Martin Huk,2,3,1
11570778,2026-03-11 15:30:00,Jiri Nesnera,Jan Mecl Jnr,3,1,1
11569688,2026-03-11 15:30:00,Tomas Cernin,Jaroslav Schwan,3,2,1
11571243,2026-03-11 15:00:00,Jan Kanera,Michal Jezek,2,3,1
11570644,2026-03-11 15:00:00,Michal Vavrecka,Vratislav Petracek,2,3,1
11569863,2026-03-11 15:00:00,Richard Skacelik,Dalimil Machander,2,3,1
11569332,2026-03-11 15:00:00,Jan Dzida,Martin Biolek,0,3,0
11570770,2026-03-11 15:00:00,Lukas Zeman,Dan Volhejn,3,1,1
11576089,2026-03-11 14:30:00,Jaroslav Neuwirth Snr,Lukas Kern,2,3,1
11576069,2026-03-11 14:30:00,Matyas Navedla,Jakub Pilch,3,2,1
11575896,2026-03-11 14:30:00,Petr Sebera,Michal Regner,3,1,1
11575908,2026-03-11 14:30:00,Vladimir Havlicek,Dmitro Parhomenko,1,3,1
11575851,2026-03-11 14:30:00,Vaclav Hruska Snr,Martin Stefek,1,3,1
11576046,2026-03-11 14:12:00,Frantisek Laburda,Martin Pavliska,2,3,1
11575892,2026-03-11 14:00:00,Jaroslav Novotny,Lukas Malek,3,2,1
11575852,2026-03-11 14:00:00,Jaroslav Strnad 1964,Rostislav Hasmanda,3,0,0
11576036,2026-03-11 14:00:00,Radim Urbaniec,Roman Opralka,2,3,1
11575901,2026-03-11 14:00:00,Tomas Janata,Jiri Zuzanek,3,1,1
11570760,2026-03-11 13:30:00,Jaroslav Neuwirth Snr,Frantisek Laburda,3,2,1
11570417,2026-03-11 13:30:00,Jiri Zuzanek,Tomas Janata,1,3,1
11570762,2026-03-11 13:30:00,Rostislav Hasmanda,Martin Stefek,1,3,1
11570767,2026-03-11 13:30:00,Roman Opralka,Jakub Pilch,2,3,1
11570771,2026-03-11 13:30:00,Vladimir Havlicek,Jaroslav Novotny,3,1,1
11570766,2026-03-11 13:00:00,Jaroslav Strnad 1964,Vaclav Hruska Snr,2,3,1
11569932,2026-03-11 13:00:00,Dmitro Parhomenko,Lukas Malek,3,0,0
11570765,2026-03-11 13:00:00,Martin Pavliska,Lukas Kern,1,3,1
11570633,2026-03-11 13:00:00,Petr Sebera,Michal Regner,3,2,1
11570651,2026-03-11 13:00:00,Radim Urbaniec,Matyas Navedla,2,3,1
11569933,2026-03-11 12:30:00,Jaroslav Novotny,Dmitro Parhomenko,0,3,0
11570487,2026-03-11 12:30:00,Tomas Janata,Petr Sebera,0,3,0
11570769,2026-03-11 12:30:00,Martin Stefek,Jaroslav Strnad 1964,3,1,1
11570754,2026-03-11 12:30:00,Jakub Pilch,Radim Urbaniec,2,3,1
11570768,2026-03-11 12:30:00,Frantisek Laburda,Martin Pavliska,3,2,1
11570393,2026-03-11 12:00:00,Jiri Zuzanek,Michal Regner,1,3,1
11570775,2026-03-11 12:00:00,Vladimir Havlicek,Lukas Malek,3,2,1
11570650,2026-03-11 12:00:00,Roman Opralka,Matyas Navedla,0,3,0
11570699,2026-03-11 12:00:00,Jaroslav Neuwirth Snr,Lukas Kern,3,2,1
11570718,2026-03-11 12:00:00,Rostislav Hasmanda,Vaclav Hruska Snr,3,2,1
11569379,2026-03-11 11:30:00,Michal Regner,Tomas Janata,3,2,1
11569698,2026-03-11 11:30:00,Lukas Kern,Frantisek Laburda,3,1,1
11569415,2026-03-11 11:30:00,Vaclav Hruska Snr,Martin Stefek,3,1,1
11570649,2026-03-11 11:30:00,Matyas Navedla,Jakub Pilch,2,3,1
11569630,2026-03-11 11:30:00,Lukas Malek,Jaroslav Novotny,0,3,0
11570700,2026-03-11 11:00:00,Radim Urbaniec,Roman Opralka,1,3,1
11569860,2026-03-11 11:00:00,Dmitro Parhomenko,Vladimir Havlicek,1,3,1
11569422,2026-03-11 11:00:00,Jaroslav Strnad 1964,Rostislav Hasmanda,3,1,1
11569507,2026-03-11 11:00:00,Martin Pavliska,Jaroslav Neuwirth Snr,0,3,0
11570392,2026-03-11 11:00:00,Petr Sebera,Jiri Zuzanek,3,0,0
11574487,2026-03-11 10:30:00,Milan Regner,Tomas Nohejl,3,2,1
11574547,2026-03-11 10:30:00,Radim Adam,Marcel Heczko,2,3,1
11574531,2026-03-11 10:30:00,Michal Cabis,Matyas Navedla,1,3,1
11574553,2026-03-11 10:30:00,Pavel Petr,Vojtech Stach,0,3,0
11574555,2026-03-11 10:30:00,Mihail Trinta,Tomas Regner,3,2,1
11574556,2026-03-11 10:09:00,Jan Varcl Jnr,Milan Kolar,3,2,1
11574554,2026-03-11 10:06:00,Vladimir Kubat,Jiri Stary,3,1,1
11574530,2026-03-11 10:03:00,Petr Osvald,Tomas Milkov,3,0,0
11574488,2026-03-11 10:00:00,Jan Pleskot,Tomas Kucera,1,3,1
11574529,2026-03-11 10:00:00,Tadeas Zika,Jakub Pilch,0,3,0
11569325,2026-03-11 09:30:00,Milan Kolar,Tomas Regner,3,2,1
11570278,2026-03-11 09:30:00,Petr Osvald,Radim Adam,2,3,1
11570277,2026-03-11 09:30:00,Pavel Petr,Jiri Stary,3,2,1
11570323,2026-03-11 09:30:00,Milan Regner,Tomas Kucera,3,0,0
11570271,2026-03-11 09:30:00,Matyas Navedla,Tadeas Zika,2,3,1
11569337,2026-03-11 09:00:00,Jan Varcl Jnr,Mihail Trinta,0,3,0
11570280,2026-03-11 09:00:00,Marcel Heczko,Tomas Milkov,3,2,1
11570287,2026-03-11 09:00:00,Jakub Pilch,Michal Cabis,1,3,1
11570286,2026-03-11 09:00:00,Tomas Nohejl,Jan Pleskot,3,2,1
11570265,2026-03-11 09:00:00,Vojtech Stach,Vladimir Kubat,3,1,1
11570283,2026-03-11 08:30:00,Tomas Kucera,Tomas Nohejl,1,3,1
11570276,2026-03-11 08:30:00,Tadeas Zika,Jakub Pilch,2,3,1
11569333,2026-03-11 08:30:00,Tomas Regner,Jan Varcl Jnr,3,2,1
11570260,2026-03-11 08:30:00,Jiri Stary,Vojtech Stach,1,3,1
11570267,2026-03-11 08:30:00,Radim Adam,Marcel Heczko,3,0,0
11570266,2026-03-11 08:00:00,Milan Regner,Jan Pleskot,3,2,1
11570264,2026-03-11 08:00:00,Pavel Petr,Vladimir Kubat,3,2,1
11569334,2026-03-11 08:00:00,Milan Kolar,Mihail Trinta,1,3,1
11570270,2026-03-11 08:00:00,Matyas Navedla,Michal Cabis,3,2,1
11570268,2026-03-11 08:00:00,Petr Osvald,Tomas Milkov,3,0,0
11569338,2026-03-11 07:30:00,Mihail Trinta,Tomas Regner,3,1,1
11570262,2026-03-11 07:30:00,Michal Cabis,Tadeas Zika,3,2,1
11569424,2026-03-11 07:30:00,Jan Pleskot,Tomas Kucera,3,1,1
11570263,2026-03-11 07:30:00,Vladimir Kubat,Jiri Stary,3,2,1
11569363,2026-03-11 07:30:00,Tomas Milkov,Radim Adam,1,3,1
11569336,2026-03-11 07:00:00,Jan Varcl Jnr,Milan Kolar,3,1,1
11570269,2026-03-11 07:00:00,Vojtech Stach,Pavel Petr,1,3,1
11569508,2026-03-11 07:00:00,Tomas Nohejl,Milan Regner,0,3,0
11570285,2026-03-11 07:00:00,Jakub Pilch,Matyas Navedla,1,3,1
11569464,2026-03-11 07:00:00,Marcel Heczko,Petr Osvald,3,0,0
11573529,2026-03-11 04:30:00,Milan Smrcek,Alexander Mikuska,3,0,0
11573528,2026-03-11 04:30:00,Hoang Tai Nguyen Ba,Jiri Plachy,2,3,1
11573475,2026-03-11 04:30:00,Daniel Tuma,Martin Sopko,2,3,1
11573435,2026-03-11 04:04:00,Martin Sobisek,Tomas Barta,3,1,1
11573436,2026-03-11 04:02:00,Jaroslav Prokupek,Michal Vedmoch,3,1,1
11573408,2026-03-11 04:00:00,Petr Picek,Tomas Andrle,3,1,1
11565922,2026-03-11 03:30:00,Milan Smrcek,Tomas Andrle,3,0,0
11566161,2026-03-11 03:30:00,Hoang Tai Nguyen Ba,Jiri Plachy,2,3,1
11565915,2026-03-11 03:30:00,Martin Sobisek,Martin Sopko,3,1,1
11566160,2026-03-11 03:00:00,Jaroslav Prokupek,Kyryl Darin,3,0,0
11565904,2026-03-11 03:00:00,Tomas Barta,Vladimir Postelt,1,3,1
11565929,2026-03-11 03:00:00,Petr Picek,Jiri Havel,3,1,1
11564716,2026-03-11 02:30:00,Daniel Tuma,Martin Sobisek,3,0,0
11566162,2026-03-11 02:30:00,Michal Vedmoch,Hoang Tai Nguyen Ba,0,3,0
11565914,2026-03-11 02:30:00,Alexander Mikuska,Milan Smrcek,3,2,1
11565919,2026-03-11 02:00:00,Petr Picek,Tomas Andrle,3,1,1
11566159,2026-03-11 02:00:00,Jaroslav Prokupek,Jiri Plachy,1,3,1
11565913,2026-03-11 02:00:00,Tomas Barta,Martin Sopko,2,3,1
11565901,2026-03-11 01:30:00,Jiri Havel,Alexander Mikuska,1,3,1
11565902,2026-03-11 01:30:00,Kyryl Darin,Michal Vedmoch,1,3,1
11564714,2026-03-11 01:30:00,Vladimir Postelt,Daniel Tuma,1,3,1
11565900,2026-03-11 01:00:00,Hoang Tai Nguyen Ba,Jaroslav Prokupek,3,0,0
11565918,2026-03-11 01:00:00,Milan Smrcek,Petr Picek,3,2,1
11565912,2026-03-11 01:00:00,Martin Sobisek,Tomas Barta,2,3,1
11564719,2026-03-11 00:30:00,Martin Sopko,Daniel Tuma,3,1,1
11565911,2026-03-11 00:30:00,Tomas Andrle,Alexander Mikuska,3,0,0
11565917,2026-03-11 00:30:00,Jiri Plachy,Michal Vedmoch,1,3,1
11564419,2026-03-11 00:00:00,Jiri Havel,Milan Smrcek,0,3,0
11565920,2026-03-11 00:00:00,Kyryl Darin,Hoang Tai Nguyen Ba,2,3,1
11565234,2026-03-11 00:00:00,Vladimir Postelt,Martin Sobisek,1,3,1
11564305,2026-03-10 23:30:00,Michal Vedmoch,Jaroslav Prokupek,1,3,1
11564316,2026-03-10 23:30:00,Alexander Mikuska,Petr Picek,3,0,0
11564713,2026-03-10 23:30:00,Daniel Tuma,Tomas Barta,3,1,1
11565831,2026-03-10 23:00:00,Jiri Plachy,Kyryl Darin,3,2,1
11564299,2026-03-10 23:00:00,Tomas Andrle,Jiri Havel,3,1,1
11564296,2026-03-10 23:00:00,Martin Sopko,Vladimir Postelt,3,1,1
11572596,2026-03-10 22:30:00,Radovan Polasek,Tadeas Zika,2,3,1
11572363,2026-03-10 22:30:00,Tomas Milota,Jakub Levicky,1,3,1
11572405,2026-03-10 22:30:00,Viktor Vejvoda,Milan Klement,3,2,1
11572476,2026-03-10 22:30:00,Dan Volhejn,Matous Klimenta,2,3,1
11572373,2026-03-10 22:30:00,Patrik Pycha,Daniel Tuma,3,0,0
11572370,2026-03-10 22:00:00,Jiri Dedek,Hoang Tai Nguyen Ba,0,3,0
11572371,2026-03-10 22:00:00,Radomir Revay,David Szotek,3,0,0
11572374,2026-03-10 22:00:00,Jakub Kycelt,Martin Huk,3,0,0
11572372,2026-03-10 22:00:00,Sebastian Kasnik,Karel Brozik,2,3,1
11572369,2026-03-10 22:00:00,Marek Volny,Roman Guliak,2,3,1
11565905,2026-03-10 21:30:00,Karel Brozik,Sebastian Kasnik,0,3,0
11565906,2026-03-10 21:30:00,Tadeas Zika,David Szotek,3,0,0
11564708,2026-03-10 21:30:00,Patrik Pycha,Jiri Dedek,3,2,1
11565910,2026-03-10 21:30:00,Jakub Levicky,Tomas Milota,1,3,1
11565928,2026-03-10 21:30:00,Dan Volhejn,Jakub Kycelt,3,0,0
11565899,2026-03-10 21:00:00,Radomir Revay,Radovan Polasek,2,3,1
11564707,2026-03-10 21:00:00,Daniel Tuma,Hoang Tai Nguyen Ba,2,3,1
11565927,2026-03-10 21:00:00,Marek Volny,Roman Guliak,3,0,0
11565812,2026-03-10 21:00:00,Martin Huk,Matous Klimenta,1,3,1
11565898,2026-03-10 21:00:00,Milan Klement,Viktor Vejvoda,2,3,1
11565814,2026-03-10 20:30:00,Jakub Kycelt,Martin Huk,2,3,1
11565909,2026-03-10 20:30:00,David Szotek,Radomir Revay,2,3,1
11564706,2026-03-10 20:30:00,Jiri Dedek,Daniel Tuma,1,3,1
11565896,2026-03-10 20:30:00,Sebastian Kasnik,Milan Klement,2,3,1
11565897,2026-03-10 20:30:00,Tomas Milota,Marek Volny,3,1,1
11565926,2026-03-10 20:00:00,Jakub Levicky,Roman Guliak,3,1,1
11565903,2026-03-10 20:00:00,Patrik Pycha,Hoang Tai Nguyen Ba,3,0,0
11565931,2026-03-10 20:00:00,Dan Volhejn,Matous Klimenta,2,3,1
11565908,2026-03-10 20:00:00,Karel Brozik,Viktor Vejvoda,0,3,0
11565895,2026-03-10 20:00:00,Tadeas Zika,Radovan Polasek,0,3,0
11564298,2026-03-10 19:30:00,Roman Guliak,Tomas Milota,2,3,1
11565925,2026-03-10 19:30:00,Radovan Polasek,David Szotek,3,1,1
11565907,2026-03-10 19:30:00,Matous Klimenta,Jakub Kycelt,1,3,1
11565456,2026-03-10 19:30:00,Viktor Vejvoda,Sebastian Kasnik,3,0,0
11564295,2026-03-10 19:30:00,Hoang Tai Nguyen Ba,Jiri Dedek,2,3,1
11564020,2026-03-10 19:00:00,Milan Klement,Karel Brozik,3,1,1
11564098,2026-03-10 19:00:00,Radomir Revay,Tadeas Zika,2,3,1
11564136,2026-03-10 19:00:00,Marek Volny,Jakub Levicky,0,3,0
11565813,2026-03-10 19:00:00,Martin Huk,Dan Volhejn,0,3,0
11564311,2026-03-10 19:00:00,Daniel Tuma,Patrik Pycha,3,2,1
11571404,2026-03-10 18:30:00,Jiri Ruzicka,Michal Zahradka,0,3,0
11571548,2026-03-10 18:30:00,Miroslav Stolba,Petr Romba,3,0,0
11571422,2026-03-10 18:30:00,Lukas Zeman,Michal Vavrecka,1,3,1
11571397,2026-03-10 18:30:00,Michal Vondrak,Adam Brazda,1,3,1
11571392,2026-03-10 18:30:00,Matyas Navedla,Matej Grundel,2,3,1
11571467,2026-03-10 18:07:00,Jiri Motak,Jiri Foltynek,3,0,0
11571409,2026-03-10 18:04:00,Ales Barton,Vratislav Petracek,0,3,0
11571393,2026-03-10 18:00:00,Roman Opralka,Radim Urbaniec,2,3,1
11571405,2026-03-10 18:00:00,Oleksandr Kolisnyk,Vojtech Svechota,1,3,1
11571398,2026-03-10 18:00:00,Jiri Zuzanek,Petr Sebera,1,3,1
11564718,2026-03-10 17:30:00,Jiri Ruzicka,Oleksandr Kolisnyk,3,2,1
11565510,2026-03-10 17:30:00,Jiri Zuzanek,Michal Vondrak,3,2,1
11565507,2026-03-10 17:30:00,Matej Grundel,Roman Opralka,3,0,0
11565503,2026-03-10 17:30:00,Jiri Motak,Jiri Foltynek,3,2,1
11565934,2026-03-10 17:30:00,Vratislav Petracek,Lukas Zeman,2,3,1
11565811,2026-03-10 17:00:00,Vojtech Svechota,Michal Zahradka,3,0,0
11565828,2026-03-10 17:00:00,Petr Romba,Miroslav Stolba,0,3,0
11565493,2026-03-10 17:00:00,Matyas Navedla,Radim Urbaniec,3,1,1
11565517,2026-03-10 17:00:00,Adam Brazda,Petr Sebera,3,2,1
11565516,2026-03-10 17:00:00,Michal Vavrecka,Ales Barton,0,3,0
11564778,2026-03-10 16:30:00,Oleksandr Kolisnyk,Vojtech Svechota,3,1,1
11565500,2026-03-10 16:30:00,Roman Opralka,Matyas Navedla,0,3,0
11565492,2026-03-10 16:30:00,Jiri Foltynek,Petr Romba,2,3,1
11565464,2026-03-10 16:30:00,Michal Vondrak,Adam Brazda,3,2,1
11565450,2026-03-10 16:30:00,Lukas Zeman,Michal Vavrecka,2,3,1
11564717,2026-03-10 16:00:00,Jiri Ruzicka,Michal Zahradka,1,3,1
11565757,2026-03-10 16:00:00,Matej Grundel,Radim Urbaniec,3,0,0
11565499,2026-03-10 16:00:00,Jiri Zuzanek,Petr Sebera,1,3,1
11565498,2026-03-10 16:00:00,Vratislav Petracek,Ales Barton,3,2,1
11565463,2026-03-10 16:00:00,Jiri Motak,Miroslav Stolba,1,3,1
11564780,2026-03-10 15:30:00,Michal Zahradka,Oleksandr Kolisnyk,3,2,1
11564297,2026-03-10 15:30:00,Petr Sebera,Michal Vondrak,0,3,0
11564137,2026-03-10 15:30:00,Ales Barton,Lukas Zeman,1,3,1
11564230,2026-03-10 15:30:00,Radim Urbaniec,Roman Opralka,2,3,1
11564085,2026-03-10 15:30:00,Miroslav Stolba,Jiri Foltynek,3,2,1
11564135,2026-03-10 15:00:00,Adam Brazda,Jiri Zuzanek,3,2,1
11566186,2026-03-10 15:00:00,Matyas Navedla,Matej Grundel,3,2,1
11565475,2026-03-10 15:00:00,Petr Romba,Jiri Motak,3,1,1
11565495,2026-03-10 15:00:00,Michal Vavrecka,Vratislav Petracek,3,1,1
11564721,2026-03-10 15:00:00,Vojtech Svechota,Jiri Ruzicka,2,3,1
11570463,2026-03-10 14:30:00,Michal Zahradka,Oleksandr Kolisnyk,2,3,1
11570594,2026-03-10 14:30:00,Pavel Kulhanek,Julius Didi,1,3,1
11570596,2026-03-10 14:30:00,Richard Skacelik,Petr Danko,3,2,1
11570510,2026-03-10 14:30:00,Michal Vedmoch,Miroslav Svedik,3,1,1
11570495,2026-03-10 14:30:00,Michael Sedlacek,Ondrej Paril,3,0,0
11570499,2026-03-10 14:00:00,Jaroslav Schwan,Josef Cabak,1,3,1
11570501,2026-03-10 14:00:00,Dmitro Parhomenko,Josef Belovsky,3,2,1
11570500,2026-03-10 14:00:00,Milan Chalupnicek,Jiri Svec,3,0,0
11570464,2026-03-10 14:00:00,Vojtech Svechota,Jiri Ruzicka,1,3,1
11570496,2026-03-10 14:00:00,Adam Pokorny,Radovan Polasek,3,0,0
11565935,2026-03-10 13:30:00,Radovan Polasek,Ondrej Paril,1,3,1
11565497,2026-03-10 13:30:00,Josef Belovsky,Miroslav Svedik,2,3,1
11565465,2026-03-10 13:30:00,Josef Cabak,Jaroslav Schwan,0,3,0
11565795,2026-03-10 13:30:00,Jiri Svec,Pavel Kulhanek,0,3,0
11565546,2026-03-10 13:30:00,Michal Zahradka,Vojtech Svechota,3,0,0
11565494,2026-03-10 13:00:00,Michal Vedmoch,Dmitro Parhomenko,3,1,1
11564801,2026-03-10 13:00:00,Richard Skacelik,Petr Danko,3,2,1
11564724,2026-03-10 13:00:00,Oleksandr Kolisnyk,Jiri Ruzicka,3,1,1
11564711,2026-03-10 13:00:00,Milan Chalupnicek,Julius Didi,0,3,0
11565462,2026-03-10 13:00:00,Michael Sedlacek,Adam Pokorny,3,0,0
11565453,2026-03-10 12:30:00,Pavel Kulhanek,Milan Chalupnicek,3,2,1
11564799,2026-03-10 12:30:00,Jaroslav Schwan,Richard Skacelik,2,3,1
11564777,2026-03-10 12:30:00,Vojtech Svechota,Oleksandr Kolisnyk,1,3,1
11565491,2026-03-10 12:30:00,Ondrej Paril,Michael Sedlacek,1,3,1
11565446,2026-03-10 12:30:00,Miroslav Svedik,Michal Vedmoch,3,1,1
11564723,2026-03-10 12:00:00,Michal Zahradka,Jiri Ruzicka,3,0,0
11565461,2026-03-10 12:00:00,Josef Belovsky,Dmitro Parhomenko,3,1,1
11564709,2026-03-10 12:00:00,Jiri Svec,Julius Didi,1,3,1
11565449,2026-03-10 12:00:00,Josef Cabak,Petr Danko,1,3,1
11565452,2026-03-10 12:00:00,Radovan Polasek,Adam Pokorny,2,3,1
11564425,2026-03-10 11:30:00,Petr Danko,Jaroslav Schwan,3,0,0
11565515,2026-03-10 11:30:00,Dmitro Parhomenko,Miroslav Svedik,3,1,1
11564099,2026-03-10 11:30:00,Jiri Ruzicka,Vojtech Svechota,0,3,0
11565468,2026-03-10 11:30:00,Adam Pokorny,Ondrej Paril,1,3,1
11564710,2026-03-10 11:30:00,Julius Didi,Pavel Kulhanek,2,3,1
11564138,2026-03-10 11:00:00,Michal Vedmoch,Josef Belovsky,3,0,0
11564779,2026-03-10 11:00:00,Oleksandr Kolisnyk,Michal Zahradka,2,3,1
11564093,2026-03-10 11:00:00,Milan Chalupnicek,Jiri Svec,3,0,0
11565474,2026-03-10 11:00:00,Michael Sedlacek,Radovan Polasek,3,1,1
11564800,2026-03-10 11:00:00,Richard Skacelik,Josef Cabak,3,1,1
11569601,2026-03-10 10:30:00,Jiri Havel,Vladimir Havlicek,2,3,1
11569759,2026-03-10 10:30:00,Ivo Taichman,Eduard Sionkala,2,3,1
11569757,2026-03-10 10:30:00,Alexander Hejduk,Lubos Forman,2,3,1
11569758,2026-03-10 10:30:00,Zbynek Zientek,Pavel Varecha,0,3,0
11569612,2026-03-10 10:02:00,Vitezslav Bosak,Michal Koral,2,3,1
11569607,2026-03-10 10:00:00,Alexandr Virag,Antonin Schneeberger,3,2,1
11569602,2026-03-10 10:00:00,Jan Varcl Jnr,Mihail Trinta,2,3,1
11569608,2026-03-10 10:00:00,David Tomasch,Milan Vrabec,3,2,1
11569517,2026-03-10 09:30:00,Radim Pavelka,Vladimir Cermak,2,3,1
11564705,2026-03-10 09:30:00,Michal Koral,Vitezslav Bosak,2,3,1
11565490,2026-03-10 09:30:00,Mihail Trinta,Vladimir Havlicek,1,3,1
11565506,2026-03-10 09:30:00,Alexander Hejduk,Lubos Forman,3,1,1
11564803,2026-03-10 09:30:00,Pavel Varecha,Zbynek Zientek,0,3,0
11565460,2026-03-10 09:00:00,Milan Vrabec,David Tomasch,3,1,1
11565467,2026-03-10 09:00:00,Eduard Sionkala,Ivo Taichman,1,3,1
11564722,2026-03-10 09:00:00,Antonin Schneeberger,Alexandr Virag,2,3,1
11565514,2026-03-10 09:00:00,Tomas Barta,Vladimir Cermak,1,3,1
11565496,2026-03-10 09:00:00,Jan Varcl Jnr,Jiri Havel,3,2,1
11565466,2026-03-10 08:30:00,Vladimir Havlicek,Jan Varcl Jnr,3,0,0
11565454,2026-03-10 08:30:00,Lubos Forman,Milan Vrabec,3,1,1
11564720,2026-03-10 08:30:00,Zbynek Zientek,Antonin Schneeberger,2,3,1
11565794,2026-03-10 08:30:00,Vitezslav Bosak,Eduard Sionkala,2,3,1
11565627,2026-03-10 08:30:00,Radim Pavelka,Tomas Barta,3,2,1
11565451,2026-03-10 08:00:00,Mihail Trinta,Jiri Havel,1,3,1
11564804,2026-03-10 08:00:00,Pavel Varecha,Alexandr Virag,3,1,1
11565469,2026-03-10 08:00:00,Alexander Hejduk,David Tomasch,1,3,1
11564704,2026-03-10 08:00:00,Michal Koral,Ivo Taichman,2,3,1
11565509,2026-03-10 08:00:00,Marek Kostal,Vladimir Cermak,1,2,0
11564289,2026-03-10 07:30:00,Jiri Havel,Vladimir Havlicek,3,1,1
11564802,2026-03-10 07:30:00,Alexandr Virag,Zbynek Zientek,2,3,1
11564426,2026-03-10 07:30:00,Ivo Taichman,Vitezslav Bosak,3,0,0
11564306,2026-03-10 07:30:00,Vladimir Cermak,Radim Pavelka,2,3,1
11565793,2026-03-10 07:30:00,David Tomasch,Lubos Forman,0,3,0
11564292,2026-03-10 07:00:00,Tomas Barta,Marek Kostal,3,2,1
11565508,2026-03-10 07:00:00,Milan Vrabec,Alexander Hejduk,0,3,0
11564715,2026-03-10 07:00:00,Antonin Schneeberger,Pavel Varecha,1,3,1
11564712,2026-03-10 07:00:00,Eduard Sionkala,Michal Koral,3,1,1
11565809,2026-03-10 07:00:00,Jan Varcl Jnr,Mihail Trinta,2,3,1
11568648,2026-03-10 04:30:00,Josef Pelikan,Milan Smesny,3,1,1
11568713,2026-03-10 04:30:00,Martin Skakal,Ales Bayer,3,1,1
11568714,2026-03-10 04:30:00,Jan Pleskot,Vaclav Dolezal,0,3,0
11568637,2026-03-10 04:00:00,Oleg Vitrovyj,Rostislav Hasmanda,3,2,1
11568649,2026-03-10 04:00:00,Jiri Grohsgott,Jan Potensky,3,1,1
11568650,2026-03-10 04:00:00,Martin Sychra,Karel Schopf,2,3,1
11561060,2026-03-10 03:30:00,Karel Schopf,Simon Kadavy,2,3,1
11561066,2026-03-10 03:30:00,Vaclav Dolezal,Oleg Vitrovyj,3,0,0
11561051,2026-03-10 03:30:00,Jiri Grohsgott,Josef Pelikan,2,3,1
11561052,2026-03-10 03:00:00,Milan Smesny,Jaromir Cernik,3,0,0
11561037,2026-03-10 03:00:00,Martin Stefek,Jan Pleskot,1,3,1
11561050,2026-03-10 03:00:00,Ales Bayer,Martin Skakal,3,1,1
11561061,2026-03-10 02:30:00,Rostislav Hasmanda,Vaclav Dolezal,3,1,1
11561049,2026-03-10 02:30:00,Martin Sychra,Karel Schopf,3,2,1
11561030,2026-03-10 02:30:00,Jan Potensky,Jiri Grohsgott,3,0,0
11561029,2026-03-10 02:00:00,Milan Smesny,Josef Pelikan,1,3,1
11561011,2026-03-10 02:00:00,Ales Bayer,Simon Kadavy,3,0,0
11561048,2026-03-10 02:00:00,Martin Stefek,Oleg Vitrovyj,1,3,1
11561036,2026-03-10 01:30:00,Jaromir Cernik,Jan Potensky,0,3,0
11561028,2026-03-10 01:30:00,Martin Skakal,Martin Sychra,3,0,0
11561035,2026-03-10 01:30:00,Jan Pleskot,Rostislav Hasmanda,3,2,1
11561047,2026-03-10 01:00:00,Jiri Grohsgott,Milan Smesny,3,2,1
11561027,2026-03-10 01:00:00,Karel Schopf,Ales Bayer,3,1,1
11561046,2026-03-10 01:00:00,Vaclav Dolezal,Martin Stefek,3,0,0
11561026,2026-03-10 00:30:00,Josef Pelikan,Jan Potensky,3,0,0
11561033,2026-03-10 00:30:00,Simon Kadavy,Martin Sychra,1,3,1
11561053,2026-03-10 00:30:00,Oleg Vitrovyj,Rostislav Hasmanda,3,1,1
11559806,2026-03-10 00:00:00,Jaromir Cernik,Jiri Grohsgott,0,3,0
11561062,2026-03-10 00:00:00,Jan Pleskot,Vaclav Dolezal,2,3,1
11561025,2026-03-10 00:00:00,Martin Skakal,Karel Schopf,3,0,0
11561045,2026-03-09 23:30:00,Rostislav Hasmanda,Martin Stefek,1,3,1
11561024,2026-03-09 23:30:00,Jan Potensky,Milan Smesny,1,3,1
11559759,2026-03-09 23:30:00,Martin Sychra,Ales Bayer,2,3,1
11561023,2026-03-09 23:00:00,Oleg Vitrovyj,Jan Pleskot,0,3,0
11559803,2026-03-09 23:00:00,Josef Pelikan,Jaromir Cernik,3,2,1
11559958,2026-03-09 23:00:00,Simon Kadavy,Martin Skakal,1,3,1
11567678,2026-03-09 22:30:00,Jakub Tazler,Tomas Janata,3,2,1
11567686,2026-03-09 22:30:00,Yurii Holovatiuk,Kyryl Darin,3,0,0
11567709,2026-03-09 22:30:00,Radovan Polasek,Michal Hrabec,3,2,1
11567679,2026-03-09 22:30:00,Petr Saleny,Jiri Louda,0,3,0
11567793,2026-03-09 22:30:00,Marek Blejchar,Samuel Byrtus,3,2,1
11567708,2026-03-09 22:04:00,Matyas Navedla,Tadeas Zika,3,1,1
11568189,2026-03-09 22:00:00,Vladimir Adamczyk,Lukas Velicka,3,1,1
11567680,2026-03-09 22:00:00,Sebastian Kasnik,Marcel Pikous,3,0,0
11567689,2026-03-09 22:00:00,Martin Sychra,Simon Kadavy,1,3,1
11567687,2026-03-09 22:00:00,Dmitro Parhomenko,Lukas Krok,3,1,1
11561022,2026-03-09 21:30:00,Matyas Navedla,Michal Hrabec,2,3,1
11561044,2026-03-09 21:30:00,Kyryl Darin,Dmitro Parhomenko,3,2,1
11560286,2026-03-09 21:30:00,Jiri Louda,Sebastian Kasnik,3,1,1
11560781,2026-03-09 21:30:00,Tomas Janata,Jakub Tazler,1,3,1
11561021,2026-03-09 21:30:00,Lukas Velicka,Vladimir Adamczyk,1,3,1
11564888,2026-03-09 21:00:00,Martin Sychra,Simon Kadavy,3,1,1
11561034,2026-03-09 21:00:00,Tadeas Zika,Radovan Polasek,2,3,1
11560149,2026-03-09 21:00:00,Samuel Byrtus,Marek Blejchar,2,3,1
11560751,2026-03-09 21:00:00,Marcel Pikous,Petr Saleny,1,3,1
11560952,2026-03-09 21:00:00,Lukas Krok,Yurii Holovatiuk,0,3,0
11560866,2026-03-09 20:30:00,Sebastian Kasnik,Marcel Pikous,3,0,0
11561032,2026-03-09 20:30:00,Dmitro Parhomenko,Lukas Krok,2,3,1
11560798,2026-03-09 20:30:00,Jakub Tazler,Martin Sychra,3,0,0
11561010,2026-03-09 20:30:00,Michal Hrabec,Tadeas Zika,3,0,0
11560942,2026-03-09 20:30:00,Vladimir Adamczyk,Samuel Byrtus,1,3,1
11560285,2026-03-09 20:00:00,Jiri Louda,Petr Saleny,2,3,1
11564411,2026-03-09 20:00:00,Tomas Janata,Simon Kadavy,3,0,0
11560155,2026-03-09 20:00:00,Lukas Velicka,Marek Blejchar,1,3,1
11561039,2026-03-09 20:00:00,Matyas Navedla,Radovan Polasek,3,2,1
11560951,2026-03-09 20:00:00,Kyryl Darin,Yurii Holovatiuk,0,3,0
11559758,2026-03-09 19:30:00,Radovan Polasek,Michal Hrabec,3,1,1
11560825,2026-03-09 19:30:00,Petr Saleny,Sebastian Kasnik,3,2,1
11560150,2026-03-09 19:30:00,Marek Blejchar,Vladimir Adamczyk,3,1,1
11562817,2026-03-09 19:30:00,Simon Kadavy,Jakub Tazler,2,3,1
11560950,2026-03-09 19:30:00,Yurii Holovatiuk,Dmitro Parhomenko,2,3,1
11559761,2026-03-09 19:00:00,Lukas Krok,Kyryl Darin,0,3,0
11560941,2026-03-09 19:00:00,Samuel Byrtus,Lukas Velicka,3,0,0
11560803,2026-03-09 19:00:00,Martin Sychra,Tomas Janata,2,3,1
11560116,2026-03-09 19:00:00,Marcel Pikous,Jiri Louda,1,3,1
11559757,2026-03-09 19:00:00,Tadeas Zika,Matyas Navedla,3,2,1
11566481,2026-03-09 18:30:00,Jiri Ruzicka,Martin Huk,0,3,0
11566456,2026-03-09 18:30:00,Lukas Martinak,Frantisek Laburda,3,0,0
11566555,2026-03-09 18:30:00,Mihail Trinta,Tomas Regner,3,1,1
11566477,2026-03-09 18:30:00,Petr Saleny,Sebastian Kasnik,3,2,1
11566655,2026-03-09 18:30:00,Ondrej Paril,Martin Biolek,3,0,0
11566556,2026-03-09 18:17:00,Milan Kolar,Milan Fisera,3,0,0
11566482,2026-03-09 18:00:00,Michal Zahradka,Dan Volhejn,1,3,1
11566483,2026-03-09 18:00:00,Adam Pokorny,Martin Skotnica,3,0,0
11566457,2026-03-09 18:00:00,Adrian Walek,Tomas Cernin,3,0,0
11566478,2026-03-09 18:00:00,Adam Brazda,Michal Vondrak,0,3,0
11560151,2026-03-09 17:30:00,Mihail Trinta,Milan Fisera,3,1,1
11560753,2026-03-09 17:30:00,Adam Pokorny,Ondrej Paril,2,3,1
11560786,2026-03-09 17:30:00,Martin Huk,Jiri Ruzicka,1,3,1
11560878,2026-03-09 17:30:00,Sebastian Kasnik,Michal Vondrak,3,0,0
11560797,2026-03-09 17:30:00,Tomas Cernin,Lukas Martinak,0,3,0
11560823,2026-03-09 17:00:00,Adrian Walek,Frantisek Laburda,2,3,1
11560830,2026-03-09 17:00:00,Martin Biolek,Martin Skotnica,3,0,0
11560804,2026-03-09 17:00:00,Michal Zahradka,Dan Volhejn,3,1,1
11560824,2026-03-09 17:00:00,Tomas Regner,Milan Kolar,3,2,1
11560796,2026-03-09 17:00:00,Petr Saleny,Adam Brazda,3,2,1
11560794,2026-03-09 16:30:00,Michal Vondrak,Petr Saleny,1,3,1
11560819,2026-03-09 16:30:00,Milan Fisera,Tomas Regner,2,3,1
11560775,2026-03-09 16:30:00,Ondrej Paril,Martin Biolek,3,0,0
11560774,2026-03-09 16:30:00,Jiri Ruzicka,Michal Zahradka,3,2,1
11560795,2026-03-09 16:30:00,Lukas Martinak,Adrian Walek,2,3,1
11560156,2026-03-09 16:00:00,Mihail Trinta,Milan Kolar,1,3,1
11560877,2026-03-09 16:00:00,Sebastian Kasnik,Adam Brazda,3,1,1
11560865,2026-03-09 16:00:00,Adam Pokorny,Martin Skotnica,3,1,1
11560760,2026-03-09 16:00:00,Martin Huk,Dan Volhejn,3,2,1
11560752,2026-03-09 16:00:00,Tomas Cernin,Frantisek Laburda,1,3,1
11560548,2026-03-09 15:30:00,Milan Kolar,Milan Fisera,2,3,1
11560849,2026-03-09 15:30:00,Dan Volhejn,Jiri Ruzicka,3,2,1
11559832,2026-03-09 15:30:00,Martin Skotnica,Ondrej Paril,1,3,1
11560875,2026-03-09 15:30:00,Frantisek Laburda,Lukas Martinak,1,3,1
11560783,2026-03-09 15:30:00,Adam Brazda,Michal Vondrak,3,2,1
11559959,2026-03-09 15:00:00,Tomas Regner,Mihail Trinta,0,3,0
11560344,2026-03-09 15:00:00,Michal Zahradka,Martin Huk,1,3,1
11559895,2026-03-09 15:00:00,Martin Biolek,Adam Pokorny,3,2,1
11559817,2026-03-09 15:00:00,Petr Saleny,Sebastian Kasnik,3,1,1
11560761,2026-03-09 15:00:00,Adrian Walek,Tomas Cernin,2,3,1
11565393,2026-03-09 14:30:00,Jaroslav Neuwirth Snr,Frantisek Laburda,2,3,1
11565369,2026-03-09 14:30:00,Jan Simecek,Jiri Ruzicka,0,3,0
11565535,2026-03-09 14:30:00,Michal Koral,Alexandr Virag,3,2,1
11565439,2026-03-09 14:30:00,Daniel Tuma,Jiri Plachy,3,1,1
11565534,2026-03-09 14:30:00,Martin Bohac,Vaclav Kosar,1,3,1
11565438,2026-03-09 14:18:00,Jiri Dedek,Jaroslav Bresky,3,1,1
11565394,2026-03-09 14:07:00,Lukas Martinak,Richard Skacelik,0,3,0
11565371,2026-03-09 14:05:00,Antonin Schneeberger,Zbynek Zientek,1,3,1
11565363,2026-03-09 14:00:00,Milan Cetner,Julius Didi,3,1,1
11565370,2026-03-09 14:00:00,Viktor Vejvoda,Oleksandr Kolisnyk,3,1,1
11560876,2026-03-09 13:30:00,Jiri Dedek,Jiri Plachy,2,3,1
11560759,2026-03-09 13:30:00,Julius Didi,Martin Bohac,0,3,0
11560757,2026-03-09 13:30:00,Frantisek Laburda,Richard Skacelik,3,2,1
11563796,2026-03-09 13:30:00,Viktor Vejvoda,Jan Simecek,1,3,1
11564313,2026-03-09 13:30:00,Antonin Schneeberger,Zbynek Zientek,3,2,1
11560839,2026-03-09 13:00:00,Jiri Ruzicka,Oleksandr Kolisnyk,3,0,0
11560773,2026-03-09 13:00:00,Michal Koral,Alexandr Virag,3,1,1
11560756,2026-03-09 13:00:00,Daniel Tuma,Jaroslav Bresky,3,0,0
11560822,2026-03-09 13:00:00,Jaroslav Neuwirth Snr,Lukas Martinak,3,2,1
11560782,2026-03-09 13:00:00,Vaclav Kosar,Milan Cetner,3,0,0
11560772,2026-03-09 12:30:00,Martin Bohac,Vaclav Kosar,3,0,0
11560163,2026-03-09 12:30:00,Zbynek Zientek,Michal Koral,0,3,0
11560758,2026-03-09 12:30:00,Richard Skacelik,Jaroslav Neuwirth Snr,1,3,1
11560789,2026-03-09 12:30:00,Jan Simecek,Jiri Ruzicka,1,3,1
11560787,2026-03-09 12:30:00,Jiri Plachy,Daniel Tuma,3,2,1
11564312,2026-03-09 12:00:00,Antonin Schneeberger,Alexandr Virag,0,3,0
11560778,2026-03-09 12:00:00,Jiri Dedek,Jaroslav Bresky,3,2,1
11560780,2026-03-09 12:00:00,Julius Didi,Milan Cetner,0,3,0
11560788,2026-03-09 12:00:00,Viktor Vejvoda,Oleksandr Kolisnyk,2,3,1
11560815,2026-03-09 12:00:00,Frantisek Laburda,Lukas Martinak,3,1,1
11560161,2026-03-09 11:30:00,Alexandr Virag,Zbynek Zientek,3,2,1
11560771,2026-03-09 11:30:00,Jaroslav Bresky,Jiri Plachy,3,1,1
11559940,2026-03-09 11:30:00,Jiri Ruzicka,Viktor Vejvoda,0,3,0
11560755,2026-03-09 11:30:00,Milan Cetner,Martin Bohac,3,1,1
11559764,2026-03-09 11:30:00,Lukas Martinak,Richard Skacelik,3,0,0
11559833,2026-03-09 11:00:00,Oleksandr Kolisnyk,Jan Simecek,0,3,0
11559834,2026-03-09 11:00:00,Vaclav Kosar,Julius Didi,3,0,0
11560838,2026-03-09 11:00:00,Jaroslav Neuwirth Snr,Frantisek Laburda,3,2,1
11560109,2026-03-09 11:00:00,Daniel Tuma,Jiri Dedek,3,2,1
11563849,2026-03-09 11:00:00,Michal Koral,Antonin Schneeberger,3,0,0
11564492,2026-03-09 10:30:00,Jaroslav Prokupek,Radim Pavelka,1,3,1
11564588,2026-03-09 10:30:00,Karel Brozik,Jan Simecek,0,3,0
11564412,2026-03-09 10:30:00,Tomas Nohejl,Milan Cetner,3,2,1
11564417,2026-03-09 10:30:00,Tomas Petrek,Dominik Oborny,0,3,0
11564356,2026-03-09 10:30:00,Alois Kanak,Matyas Kolek,3,2,1
11564423,2026-03-09 10:00:00,Jiri Plachy,Jaroslav Bresky,3,1,1
11564357,2026-03-09 10:00:00,Matej Levicky,Zdenek Luksa,2,3,1
11564413,2026-03-09 10:00:00,Ladislav Havel 1956,Jan Pleskot,3,0,0
11564422,2026-03-09 10:00:00,Viktor Vejvoda,Sebastian Kasnik,1,3,1
11564418,2026-03-09 10:00:00,Marek Blejchar,Tomas Milota,1,3,1
11560533,2026-03-09 09:30:00,Milan Cetner,Ladislav Havel 1956,3,2,1
11560152,2026-03-09 09:30:00,Jan Simecek,Karel Brozik,1,3,1
11560541,2026-03-09 09:30:00,Jaroslav Bresky,Jiri Plachy,2,3,1
11560146,2026-03-09 09:30:00,Tomas Petrek,Marek Blejchar,3,1,1
11560784,2026-03-09 09:30:00,Zdenek Luksa,Alois Kanak,0,3,0
11560785,2026-03-09 09:00:00,Matej Levicky,Matyas Kolek,0,3,0
11560779,2026-03-09 09:00:00,Tomas Milota,Dominik Oborny,2,3,1
11560540,2026-03-09 09:00:00,Jaroslav Prokupek,Radim Pavelka,3,2,1
11560538,2026-03-09 09:00:00,Tomas Nohejl,Jan Pleskot,2,3,1
11560802,2026-03-09 09:00:00,Viktor Vejvoda,Sebastian Kasnik,0,3,0
11560147,2026-03-09 08:30:00,Marek Blejchar,Tomas Milota,3,1,1
11560799,2026-03-09 08:30:00,Alois Kanak,Matej Levicky,3,0,0
11560620,2026-03-09 08:30:00,Ladislav Havel 1956,Tomas Nohejl,2,3,1
11560539,2026-03-09 08:30:00,Jiri Plachy,Jaroslav Prokupek,2,3,1
11560153,2026-03-09 08:30:00,Karel Brozik,Viktor Vejvoda,3,1,1
11560754,2026-03-09 08:00:00,Zdenek Luksa,Matyas Kolek,2,3,1
11560534,2026-03-09 08:00:00,Milan Cetner,Jan Pleskot,3,2,1
11560793,2026-03-09 08:00:00,Jan Simecek,Sebastian Kasnik,3,0,0
11560536,2026-03-09 08:00:00,Jaroslav Bresky,Radim Pavelka,0,3,0
11560770,2026-03-09 08:00:00,Tomas Petrek,Dominik Oborny,3,0,0
11560148,2026-03-09 07:30:00,Dominik Oborny,Marek Blejchar,3,0,0
11559841,2026-03-09 07:30:00,Matyas Kolek,Alois Kanak,0,3,0
11559881,2026-03-09 07:30:00,Jan Pleskot,Ladislav Havel 1956,0,3,0
11560154,2026-03-09 07:30:00,Sebastian Kasnik,Karel Brozik,0,3,0
11560117,2026-03-09 07:30:00,Radim Pavelka,Jiri Plachy,3,0,0
11559722,2026-03-09 07:00:00,Tomas Nohejl,Milan Cetner,3,2,1
11560537,2026-03-09 07:00:00,Jaroslav Prokupek,Jaroslav Bresky,3,1,1
11559760,2026-03-09 07:00:00,Matej Levicky,Zdenek Luksa,3,0,0
11560125,2026-03-09 07:00:00,Viktor Vejvoda,Jan Simecek,3,2,1
11560777,2026-03-09 07:00:00,Tomas Milota,Tomas Petrek,1,3,1
11563325,2026-03-09 04:30:00,Petr Sebera,Michal Regner,3,0,0
11563319,2026-03-09 04:30:00,Dmitro Parhomenko,Tomas Andrle,1,3,1
11563427,2026-03-09 04:30:00,Tomas Barta,Marek Chlebecek,1,3,1
11563320,2026-03-09 04:00:00,Kyryl Darin,Jan Steffan,3,2,1
11563314,2026-03-09 04:00:00,Hoang Tai Nguyen Ba,Vladimir Postelt,0,3,0
11563327,2026-03-09 04:00:00,Karel Schopf,Tomas Janata,3,2,1
11557177,2026-03-09 03:30:00,Kyryl Darin,Dmitro Parhomenko,1,3,1
11557176,2026-03-09 03:30:00,Vladimir Postelt,Marek Kostal,3,0,0
11556649,2026-03-09 03:30:00,Michal Regner,Petr Sebera,1,3,1
11556651,2026-03-09 03:00:00,Karel Schopf,Tomas Janata,3,1,1
11555424,2026-03-09 03:00:00,Tomas Barta,Marek Chlebecek,1,3,1
11557186,2026-03-09 03:00:00,Tomas Andrle,Jan Steffan,3,0,0
11556792,2026-03-09 02:30:00,Martin Sychra,Michal Regner,0,3,0
11557194,2026-03-09 02:30:00,Hoang Tai Nguyen Ba,Vladimir Postelt,3,0,0
11557185,2026-03-09 02:30:00,Jiri Havel,Kyryl Darin,2,3,1
11557184,2026-03-09 02:00:00,Tomas Andrle,Dmitro Parhomenko,3,1,1
11555422,2026-03-09 02:00:00,Tomas Barta,Marek Kostal,3,0,0
11556648,2026-03-09 02:00:00,Karel Schopf,Petr Sebera,1,3,1
11556793,2026-03-09 01:30:00,Tomas Janata,Martin Sychra,3,2,1
11555549,2026-03-09 01:30:00,Marek Chlebecek,Hoang Tai Nguyen Ba,2,3,1
11557188,2026-03-09 01:30:00,Jan Steffan,Jiri Havel,3,1,1
11556654,2026-03-09 01:00:00,Michal Regner,Karel Schopf,3,2,1
11557193,2026-03-09 01:00:00,Kyryl Darin,Tomas Andrle,3,1,1
11555423,2026-03-09 01:00:00,Vladimir Postelt,Tomas Barta,0,3,0
11557183,2026-03-09 00:30:00,Dmitro Parhomenko,Jiri Havel,3,0,0
11556653,2026-03-09 00:30:00,Petr Sebera,Martin Sychra,3,1,1
11557182,2026-03-09 00:30:00,Marek Kostal,Hoang Tai Nguyen Ba,3,0,0
11555551,2026-03-09 00:00:00,Marek Chlebecek,Vladimir Postelt,1,3,1
11556322,2026-03-09 00:00:00,Tomas Janata,Michal Regner,2,3,1
11557181,2026-03-09 00:00:00,Jan Steffan,Kyryl Darin,0,3,0
11556650,2026-03-08 23:30:00,Martin Sychra,Karel Schopf,3,2,1
11555427,2026-03-08 23:30:00,Hoang Tai Nguyen Ba,Tomas Barta,1,3,1
11557180,2026-03-08 23:30:00,Jiri Havel,Tomas Andrle,1,3,1
11555093,2026-03-08 23:00:00,Dmitro Parhomenko,Jan Steffan,3,0,0
11556652,2026-03-08 23:00:00,Petr Sebera,Tomas Janata,3,1,1
11555455,2026-03-08 23:00:00,Marek Kostal,Marek Chlebecek,1,3,1
11562635,2026-03-08 22:30:00,Lubos Krticka,Frantisek Briza,3,1,1
11562707,2026-03-08 22:30:00,Lukas Tonar,Daniel Tuma,0,3,0
11562632,2026-03-08 22:30:00,Richard Skacelik,Adrian Walek,1,3,1
11562648,2026-03-08 22:30:00,Zdenek Babinec,Daniel Unzeitig,3,2,1
11562624,2026-03-08 22:30:00,Marek Chlebecek,Tomas Dousa,1,3,1
11562638,2026-03-08 22:00:00,Martin Pavliska,Jaroslav Neuwirth Snr,3,2,1
11562639,2026-03-08 22:00:00,Karel Schopf,Martin Sychra,3,0,0
11562636,2026-03-08 22:00:00,Michal Vedmoch,Pavel Fojt,3,1,1
11562625,2026-03-08 22:00:00,Radim Pavelka,Tomas Barta,3,1,1
11562637,2026-03-08 22:00:00,Michal Chalupa,Zbynek Pagac,0,3,0
11556655,2026-03-08 21:30:00,Karel Schopf,Martin Sychra,3,0,0
11557175,2026-03-08 21:30:00,Richard Skacelik,Adrian Walek,3,1,1
11555550,2026-03-08 21:30:00,Radim Pavelka,Marek Chlebecek,0,3,0
11557187,2026-03-08 21:30:00,Zbynek Pagac,Daniel Unzeitig,2,3,1
11556936,2026-03-08 21:30:00,Pavel Fojt,Frantisek Briza,1,3,1
11557179,2026-03-08 21:00:00,Martin Pavliska,Jaroslav Neuwirth Snr,3,0,0
11557032,2026-03-08 21:00:00,Michal Vedmoch,Lubos Krticka,3,2,1
11555430,2026-03-08 21:00:00,Daniel Tuma,Lukas Tonar,1,3,1
11557126,2026-03-08 21:00:00,Michal Chalupa,Zdenek Babinec,1,3,1
11555428,2026-03-08 21:00:00,Tomas Barta,Tomas Dousa,2,3,1
11557018,2026-03-08 20:30:00,Frantisek Briza,Michal Vedmoch,3,1,1
11557178,2026-03-08 20:30:00,Adrian Walek,Martin Pavliska,3,1,1
11557123,2026-03-08 20:30:00,Daniel Unzeitig,Michal Chalupa,2,3,1
11555425,2026-03-08 20:30:00,Marek Chlebecek,Tomas Barta,3,1,1
11555431,2026-03-08 20:30:00,Martin Sychra,Daniel Tuma,3,1,1
11556656,2026-03-08 20:00:00,Karel Schopf,Lukas Tonar,2,3,1
11557021,2026-03-08 20:00:00,Pavel Fojt,Lubos Krticka,0,3,0
11557174,2026-03-08 20:00:00,Richard Skacelik,Jaroslav Neuwirth Snr,3,1,1
11556628,2026-03-08 20:00:00,Radim Pavelka,Tomas Dousa,0,3,0
11557051,2026-03-08 20:00:00,Zbynek Pagac,Zdenek Babinec,2,3,1
11555548,2026-03-08 19:30:00,Tomas Dousa,Marek Chlebecek,1,3,1
11555110,2026-03-08 19:30:00,Jaroslav Neuwirth Snr,Adrian Walek,2,3,1
11555518,2026-03-08 19:30:00,Zdenek Babinec,Daniel Unzeitig,2,3,1
11556794,2026-03-08 19:30:00,Lukas Tonar,Martin Sychra,3,1,1
11555384,2026-03-08 19:30:00,Lubos Krticka,Frantisek Briza,3,2,1
11555216,2026-03-08 19:00:00,Martin Pavliska,Richard Skacelik,1,3,1
11556066,2026-03-08 19:00:00,Michal Chalupa,Zbynek Pagac,3,2,1
11555429,2026-03-08 19:00:00,Daniel Tuma,Karel Schopf,3,0,0
11555426,2026-03-08 19:00:00,Tomas Barta,Radim Pavelka,2,3,1
11557022,2026-03-08 19:00:00,Michal Vedmoch,Pavel Fojt,3,2,1
11561827,2026-03-08 18:30:00,Kamil Novak,Yurii Holovatiuk,0,3,0
11561828,2026-03-08 18:30:00,Vaclav Nohejl 2005,Michal Vondrak,3,0,0
11561829,2026-03-08 18:30:00,Jan Zajicek,Josef Medek,3,1,1
11561826,2026-03-08 18:30:00,Matyas Kolek,Petr Banot,0,3,0
11561716,2026-03-08 18:30:00,Michal Hudecek,Marcel Heczko,3,2,1
11561706,2026-03-08 18:00:00,Jaroslav Prokupek,Josef Belovsky,3,0,0
11561707,2026-03-08 18:00:00,Zdenek Bilek,Lukas Zeman,1,3,1
11561702,2026-03-08 18:00:00,Matej Nohejl,Jiri Zuzanek,0,3,0
11561713,2026-03-08 18:00:00,Jakub Levicky,Samuel Byrtus,3,0,0
11561712,2026-03-08 18:00:00,Tomas Navrat,Matej Levicky,3,0,0
11556942,2026-03-08 17:30:00,Yurii Holovatiuk,Josef Belovsky,1,3,1
11557017,2026-03-08 17:30:00,Marcel Heczko,Jakub Levicky,0,3,0
11555434,2026-03-08 17:30:00,Matej Levicky,Matyas Kolek,2,3,1
11557009,2026-03-08 17:30:00,Jiri Zuzanek,Michal Vondrak,3,2,1
11556929,2026-03-08 17:30:00,Josef Medek,Zdenek Bilek,3,1,1
11557039,2026-03-08 17:00:00,Lukas Zeman,Jan Zajicek,1,3,1
11556935,2026-03-08 17:00:00,Kamil Novak,Jaroslav Prokupek,3,2,1
11559633,2026-03-08 17:00:00,Samuel Byrtus,Michal Hudecek,1,3,1
11555541,2026-03-08 17:00:00,Tomas Navrat,Petr Banot,1,3,1
11560113,2026-03-08 17:00:00,Matej Nohejl,Vaclav Nohejl 2005,0,3,0
11560070,2026-03-08 16:30:00,Michal Vondrak,Matej Nohejl,3,1,1
11556613,2026-03-08 16:30:00,Matyas Kolek,Tomas Navrat,3,2,1
11556928,2026-03-08 16:30:00,Josef Belovsky,Kamil Novak,1,3,1
11557012,2026-03-08 16:30:00,Zdenek Bilek,Lukas Zeman,3,0,0
11557037,2026-03-08 16:30:00,Jakub Levicky,Samuel Byrtus,2,3,1
11556881,2026-03-08 16:00:00,Jiri Zuzanek,Vaclav Nohejl 2005,0,3,0
11559434,2026-03-08 16:00:00,Marcel Heczko,Michal Hudecek,3,2,1
11555433,2026-03-08 16:00:00,Matej Levicky,Petr Banot,0,3,0
11557030,2026-03-08 16:00:00,Yurii Holovatiuk,Jaroslav Prokupek,3,2,1
11556934,2026-03-08 16:00:00,Josef Medek,Jan Zajicek,1,3,1
11555540,2026-03-08 15:30:00,Petr Banot,Matyas Kolek,2,3,1
11555562,2026-03-08 15:30:00,Jan Zajicek,Zdenek Bilek,3,1,1
11556070,2026-03-08 15:30:00,Michal Hudecek,Jakub Levicky,3,0,0
11555874,2026-03-08 15:30:00,Vaclav Nohejl 2005,Michal Vondrak,3,0,0
11555315,2026-03-08 15:30:00,Jaroslav Prokupek,Josef Belovsky,3,2,1
11556926,2026-03-08 15:00:00,Kamil Novak,Yurii Holovatiuk,2,3,1
11560083,2026-03-08 15:00:00,Matej Nohejl,Jiri Zuzanek,3,0,0
11556927,2026-03-08 15:00:00,Samuel Byrtus,Marcel Heczko,1,3,1
11555381,2026-03-08 15:00:00,Lukas Zeman,Josef Medek,1,3,1
11555435,2026-03-08 15:00:00,Tomas Navrat,Matej Levicky,3,1,1
11560854,2026-03-08 14:30:00,Tomas Milkov,Michal Hudecek,0,3,0
11560746,2026-03-08 14:30:00,Daniel Priesol,Zbynek Zientek,3,0,0
11560713,2026-03-08 14:30:00,Karel Brozik,Milan Klement,0,3,0
11560736,2026-03-08 14:30:00,David Barton,Jan Briska,3,2,1
11560855,2026-03-08 14:30:00,Marek Placek,Kyryl Darin,2,3,1
11560747,2026-03-08 14:07:00,Miroslav Kowolowski,Filip Zurek,3,1,1
11560719,2026-03-08 14:05:00,Marek Blejchar,Radim Adam,3,2,1
11560714,2026-03-08 14:00:00,Mihail Trinta,Petr Lastuvka,0,3,0
11560702,2026-03-08 14:00:00,Jiri Louda,Denis Hofman,1,3,1
11560712,2026-03-08 14:00:00,Vaclav Dolezal,Michal Syroha,2,3,1
11557160,2026-03-08 13:30:00,Zbynek Zientek,Miroslav Kowolowski,3,2,1
11556785,2026-03-08 13:30:00,Petr Lastuvka,Marek Placek,1,3,1
11556871,2026-03-08 13:30:00,Radim Adam,Tomas Milkov,2,3,1
11556872,2026-03-08 13:30:00,Karel Brozik,Jiri Louda,2,3,1
11556873,2026-03-08 13:30:00,Jan Briska,Vaclav Dolezal,3,2,1
11556875,2026-03-08 13:00:00,Milan Klement,Denis Hofman,3,0,0
11556867,2026-03-08 13:00:00,Michal Syroha,David Barton,0,3,0
11556773,2026-03-08 13:00:00,Mihail Trinta,Kyryl Darin,0,3,0
11555412,2026-03-08 13:00:00,Daniel Priesol,Filip Zurek,3,0,0
11559436,2026-03-08 13:00:00,Marek Blejchar,Michal Hudecek,1,3,1
11556868,2026-03-08 12:30:00,Jiri Louda,Milan Klement,1,3,1
11556771,2026-03-08 12:30:00,Vaclav Dolezal,Michal Syroha,0,3,0
11556880,2026-03-08 12:30:00,Tomas Milkov,Marek Blejchar,2,3,1
11555538,2026-03-08 12:30:00,Miroslav Kowolowski,Daniel Priesol,2,3,1
11556770,2026-03-08 12:30:00,Marek Placek,Mihail Trinta,3,1,1
11559435,2026-03-08 12:00:00,Radim Adam,Michal Hudecek,2,3,1
11556819,2026-03-08 12:00:00,Jan Briska,David Barton,2,3,1
11556817,2026-03-08 12:00:00,Petr Lastuvka,Kyryl Darin,1,3,1
11556870,2026-03-08 12:00:00,Karel Brozik,Denis Hofman,3,2,1
11555413,2026-03-08 12:00:00,Zbynek Zientek,Filip Zurek,3,2,1
11556333,2026-03-08 11:30:00,Denis Hofman,Jiri Louda,1,3,1
11555411,2026-03-08 11:30:00,Filip Zurek,Miroslav Kowolowski,0,3,0
11559603,2026-03-08 11:30:00,Michal Hudecek,Tomas Milkov,1,3,1
11556816,2026-03-08 11:30:00,David Barton,Vaclav Dolezal,2,3,1
11556802,2026-03-08 11:30:00,Kyryl Darin,Marek Placek,1,3,1
11556800,2026-03-08 11:00:00,Michal Syroha,Jan Briska,0,3,0
11556334,2026-03-08 11:00:00,Milan Klement,Karel Brozik,1,3,1
11555676,2026-03-08 11:00:00,Mihail Trinta,Petr Lastuvka,3,1,1
11555537,2026-03-08 11:00:00,Daniel Priesol,Zbynek Zientek,3,0,0
11555380,2026-03-08 11:00:00,Marek Blejchar,Radim Adam,3,1,1
11559901,2026-03-08 10:30:00,Roman Bednar,Michal Blaha,1,3,1
11559906,2026-03-08 10:30:00,David Mikula,Tomas Hrabec,3,1,1
11559908,2026-03-08 10:30:00,Marek Placek,Milan Smrcek,3,1,1
11560057,2026-03-08 10:30:00,David Barton,Jan Briska,3,1,1
11560058,2026-03-08 10:30:00,Lubor Sulava,Tomas Nohejl,3,2,1
11559953,2026-03-08 10:10:06,Vaclav Dolezal,Cestmir Simunek,3,2,1
11559944,2026-03-08 10:08:04,Martin Tacinec,Milan Regner,3,0,0
11559922,2026-03-08 10:00:00,Vaclav Dolezal,Chestmir Simunek,3,2,1
11559909,2026-03-08 10:00:00,Kyryl Darin,Petr Lastuvka,2,3,1
11559902,2026-03-08 10:00:00,Ivan Kolenciak,Alois Kanak,0,3,0
11559907,2026-03-08 10:00:00,Filip Zurek,David Heczko,0,3,0
11556766,2026-03-08 09:30:00,Vaclav Dolezal,Cestmir Simunek,3,0,0
11557361,2026-03-08 09:30:00,Vaclav Dolezal,Chestmir Simunek,3,0,0
11556769,2026-03-08 09:30:00,Milan Smrcek,Petr Lastuvka,3,1,1
11556779,2026-03-08 09:30:00,Milan Regner,Martin Tacinec,2,3,1
11556786,2026-03-08 09:30:00,Ivan Kolenciak,Michal Blaha,0,3,0
11555416,2026-03-08 09:30:00,Tomas Hrabec,Filip Zurek,1,3,1
11556778,2026-03-08 09:00:00,Tomas Nohejl,Lubor Sulava,1,3,1
11556784,2026-03-08 09:00:00,Kyryl Darin,Marek Placek,3,2,1
11556612,2026-03-08 09:00:00,Roman Bednar,Alois Kanak,3,1,1
11556774,2026-03-08 09:00:00,David Mikula,David Heczko,3,0,0
11556765,2026-03-08 09:00:00,David Barton,Jan Briska,3,2,1
11556777,2026-03-08 08:30:00,Michal Blaha,Roman Bednar,2,3,1
11556764,2026-03-08 08:30:00,Martin Tacinec,Tomas Nohejl,2,3,1
11556776,2026-03-08 08:30:00,Petr Lastuvka,Kyryl Darin,1,3,1
11555415,2026-03-08 08:30:00,Filip Zurek,David Mikula,1,3,1
11556775,2026-03-08 08:30:00,Cestmir Simunek,David Barton,1,3,1
11557173,2026-03-08 08:30:00,Chestmir Simunek,David Barton,1,3,1
11557052,2026-03-08 08:00:00,Milan Smrcek,Marek Placek,1,3,1
11556772,2026-03-08 08:00:00,Vaclav Dolezal,Jan Briska,0,3,0
11556818,2026-03-08 08:00:00,Milan Regner,Lubor Sulava,0,3,0
11556614,2026-03-08 08:00:00,Ivan Kolenciak,Alois Kanak,3,0,0
11555414,2026-03-08 08:00:00,Tomas Hrabec,David Heczko,3,0,0
11556611,2026-03-08 07:30:00,Alois Kanak,Michal Blaha,2,3,1
11555317,2026-03-08 07:30:00,David Heczko,Filip Zurek,3,1,1
11556763,2026-03-08 07:30:00,Jan Briska,Cestmir Simunek,2,3,1
11556017,2026-03-08 07:30:00,Lubor Sulava,Martin Tacinec,3,0,0
11555385,2026-03-08 07:30:00,Marek Placek,Petr Lastuvka,3,0,0
11557137,2026-03-08 07:30:00,Jan Briska,Chestmir Simunek,2,3,1
11555390,2026-03-08 07:00:00,David Barton,Vaclav Dolezal,3,1,1
11555873,2026-03-08 07:00:00,Tomas Nohejl,Milan Regner,3,2,1
11555097,2026-03-08 07:00:00,Kyryl Darin,Milan Smrcek,1,3,1
11555311,2026-03-08 07:00:00,David Mikula,Tomas Hrabec,2,3,1
11555821,2026-03-08 07:00:00,Roman Bednar,Ivan Kolenciak,3,2,1
11559224,2026-03-08 04:30:00,Leos Havrda,Jiri Grohsgott,0,3,0
11559226,2026-03-08 04:30:00,David Horak,Tomas Andrle,3,0,0
11559223,2026-03-08 04:30:00,Jakub Tazler,Vladimir Cermak,3,0,0
11559155,2026-03-08 04:05:00,Jaromir Cernik,Matej Pycha,3,1,1
11559138,2026-03-08 04:05:00,Tomas Janata,Daniel Tuma,3,1,1
11559134,2026-03-08 04:00:00,Radek Bartunek,Petr Picek,3,0,0
11550783,2026-03-08 03:30:00,Tomas Janata,Jakub Tazler,3,2,1
11551107,2026-03-08 03:30:00,David Horak,Tomas Andrle,3,1,1
11555885,2026-03-08 03:30:00,Leos Havrda,Radek Golis,3,1,1
11551150,2026-03-08 03:00:00,Patrik Pycha,Daniel Tuma,2,3,1
11551077,2026-03-08 03:00:00,Radek Bartunek,Yurii Holovatiuk,3,1,1
11551104,2026-03-08 03:00:00,Jaromir Cernik,Matej Pycha,0,3,0
11551071,2026-03-08 02:30:00,Petr Picek,David Horak,2,3,1
11551106,2026-03-08 02:30:00,Vladimir Cermak,Tomas Janata,0,3,0
11551114,2026-03-08 02:30:00,Jiri Grohsgott,Leos Havrda,1,3,1
11550778,2026-03-08 02:00:00,Patrik Pycha,Jakub Tazler,0,3,0
11551091,2026-03-08 02:00:00,Radek Bartunek,Tomas Andrle,1,3,1
11555884,2026-03-08 02:00:00,Jaromir Cernik,Radek Golis,3,0,0
11551076,2026-03-08 01:30:00,Daniel Tuma,Vladimir Cermak,0,3,0
11551080,2026-03-08 01:30:00,Matej Pycha,Jiri Grohsgott,0,3,0
11551084,2026-03-08 01:30:00,Yurii Holovatiuk,Petr Picek,2,3,1
11551146,2026-03-08 01:00:00,Leos Havrda,Jaromir Cernik,2,3,1
11551083,2026-03-08 01:00:00,David Horak,Radek Bartunek,1,3,1
11551082,2026-03-08 01:00:00,Tomas Janata,Patrik Pycha,1,3,1
11551138,2026-03-08 00:30:00,Tomas Andrle,Petr Picek,3,0,0
11555883,2026-03-08 00:30:00,Radek Golis,Jiri Grohsgott,1,3,1
11550779,2026-03-08 00:30:00,Jakub Tazler,Vladimir Cermak,3,2,1
11549968,2026-03-08 00:00:00,Daniel Tuma,Tomas Janata,3,1,1
11551078,2026-03-08 00:00:00,Yurii Holovatiuk,David Horak,2,3,1
11551111,2026-03-08 00:00:00,Matej Pycha,Leos Havrda,1,3,1
11549969,2026-03-07 23:30:00,Petr Picek,Radek Bartunek,3,2,1
11549792,2026-03-07 23:30:00,Vladimir Cermak,Patrik Pycha,3,1,1
11549631,2026-03-07 23:30:00,Jiri Grohsgott,Jaromir Cernik,3,1,1
11550781,2026-03-07 23:00:00,Jakub Tazler,Daniel Tuma,3,1,1
11549726,2026-03-07 23:00:00,Tomas Andrle,Yurii Holovatiuk,2,3,1
11555886,2026-03-07 23:00:00,Radek Golis,Matej Pycha,3,1,1
11558432,2026-03-07 22:30:00,Vojtech Kocian,Zdenek Luksa,3,2,1
11558431,2026-03-07 22:30:00,Petr Sebera,Martin Sychra,2,3,1
11558276,2026-03-07 22:30:00,Tadeas Zika,Radim Urbaniec,2,3,1
11558245,2026-03-07 22:30:00,Ondrej Svacha,Robin Pacha,3,1,1
11558433,2026-03-07 22:30:00,Lukas Krok,Michal Vedmoch,3,1,1
11558261,2026-03-07 22:03:00,Matyas Navedla,Michal Hrabec,3,2,1
11558265,2026-03-07 22:00:00,Milan Klement,Denis Hofman,3,0,0
11558259,2026-03-07 22:00:00,Marcel Proksa,David Vavrecka,3,1,1
11558260,2026-03-07 22:00:00,Jan Bernat,Pavel Fojt,2,3,1
11558267,2026-03-07 22:00:00,Karel Schopf,Ales Bayer,1,3,1
11551121,2026-03-07 21:30:00,Matyas Navedla,Radim Urbaniec,2,3,1
11550978,2026-03-07 21:30:00,Karel Schopf,Ales Bayer,3,1,1
11551099,2026-03-07 21:30:00,Lukas Krok,Pavel Fojt,3,1,1
11551100,2026-03-07 21:30:00,Zdenek Luksa,Marcel Proksa,3,0,0
11551156,2026-03-07 21:30:00,Robin Pacha,Ondrej Svacha,1,3,1
11549879,2026-03-07 21:00:00,Tadeas Zika,Michal Hrabec,3,0,0
11551187,2026-03-07 21:00:00,David Vavrecka,Vojtech Kocian,2,3,1
11551151,2026-03-07 21:00:00,Martin Sychra,Petr Sebera,3,1,1
11551155,2026-03-07 21:00:00,Milan Klement,Denis Hofman,3,1,1
11550979,2026-03-07 21:00:00,Michal Vedmoch,Jan Bernat,3,2,1
11549878,2026-03-07 20:30:00,Radim Urbaniec,Tadeas Zika,0,3,0
11550980,2026-03-07 20:30:00,Ales Bayer,Martin Sychra,1,3,1
11551098,2026-03-07 20:30:00,Marcel Proksa,David Vavrecka,3,1,1
11551169,2026-03-07 20:30:00,Ondrej Svacha,Milan Klement,2,3,1
11550976,2026-03-07 20:30:00,Pavel Fojt,Michal Vedmoch,1,3,1
11551089,2026-03-07 20:00:00,Zdenek Luksa,Vojtech Kocian,0,3,0
11551073,2026-03-07 20:00:00,Matyas Navedla,Michal Hrabec,3,2,1
11551097,2026-03-07 20:00:00,Karel Schopf,Petr Sebera,0,3,0
11551096,2026-03-07 20:00:00,Robin Pacha,Denis Hofman,3,1,1
11551103,2026-03-07 20:00:00,Lukas Krok,Jan Bernat,0,3,0
11550977,2026-03-07 19:30:00,Petr Sebera,Ales Bayer,3,2,1
11551088,2026-03-07 19:30:00,Jan Bernat,Pavel Fojt,0,3,0
11551110,2026-03-07 19:30:00,Vojtech Kocian,Marcel Proksa,3,2,1
11549684,2026-03-07 19:30:00,Michal Hrabec,Radim Urbaniec,0,3,0
11551087,2026-03-07 19:30:00,Denis Hofman,Ondrej Svacha,2,3,1
11551149,2026-03-07 19:00:00,Martin Sychra,Karel Schopf,1,3,1
11549723,2026-03-07 19:00:00,Michal Vedmoch,Lukas Krok,0,3,0
11549724,2026-03-07 19:00:00,Milan Klement,Robin Pacha,1,3,1
11551113,2026-03-07 19:00:00,David Vavrecka,Zdenek Luksa,2,3,1
11549683,2026-03-07 19:00:00,Tadeas Zika,Matyas Navedla,3,1,1
11557390,2026-03-07 18:30:00,Milan Cetner,Jiri Grohsgott,3,0,0
11557393,2026-03-07 18:30:00,Marek Chlebecek,Ales Bayer,3,1,1
11557389,2026-03-07 18:30:00,Matej Levicky,Matyas Kolek,2,3,1
11557391,2026-03-07 18:30:00,Karel Schopf,Petr Sebera,3,2,1
11557392,2026-03-07 18:30:00,David Zigmund,Vojtech Kocian,1,3,1
11557292,2026-03-07 18:07:00,Alois Kanak,Ondrej Homola,0,3,0
11557245,2026-03-07 18:00:00,Radek Golis,Miroslav Barta,0,3,0
11557247,2026-03-07 18:00:00,Marcel Proksa,Miroslav Stolba,3,2,1
11557261,2026-03-07 18:00:00,Tomas Barta,Tomas Dousa,1,3,1
11557244,2026-03-07 18:00:00,Jakub Hradecky,Martin Sychra,3,2,1
11550901,2026-03-07 17:30:00,Radek Golis,Miroslav Barta,3,1,1
11550917,2026-03-07 17:30:00,Alois Kanak,Matej Levicky,2,3,1
11550884,2026-03-07 17:30:00,Miroslav Stolba,David Zigmund,1,3,1
11550782,2026-03-07 17:30:00,Karel Schopf,Jakub Hradecky,3,2,1
11550793,2026-03-07 17:30:00,Tomas Dousa,Tomas Barta,1,3,1
11550900,2026-03-07 17:00:00,Vojtech Kocian,Marcel Proksa,3,1,1
11550898,2026-03-07 17:00:00,Petr Sebera,Martin Sychra,3,2,1
11550880,2026-03-07 17:00:00,Matyas Kolek,Ondrej Homola,3,2,1
11550899,2026-03-07 17:00:00,Marek Chlebecek,Ales Bayer,3,1,1
11550904,2026-03-07 17:00:00,Jiri Grohsgott,Milan Cetner,0,3,0
11550879,2026-03-07 16:30:00,Matej Levicky,Matyas Kolek,2,3,1
11550780,2026-03-07 16:30:00,Jakub Hradecky,Petr Sebera,0,3,0
11550916,2026-03-07 16:30:00,David Zigmund,Vojtech Kocian,3,2,1
11550794,2026-03-07 16:30:00,Tomas Barta,Marek Chlebecek,0,3,0
11550906,2026-03-07 16:30:00,Miroslav Barta,Jiri Grohsgott,0,3,0
11550896,2026-03-07 16:00:00,Radek Golis,Milan Cetner,0,3,0
11550914,2026-03-07 16:00:00,Alois Kanak,Ondrej Homola,0,3,0
11550897,2026-03-07 16:00:00,Karel Schopf,Martin Sychra,3,0,0
11550882,2026-03-07 16:00:00,Miroslav Stolba,Marcel Proksa,2,3,1
11550789,2026-03-07 16:00:00,Tomas Dousa,Ales Bayer,0,3,0
11550362,2026-03-07 15:30:00,Martin Sychra,Jakub Hradecky,2,3,1
11550788,2026-03-07 15:30:00,Ales Bayer,Tomas Barta,3,1,1
11550895,2026-03-07 15:30:00,Ondrej Homola,Matej Levicky,0,3,0
11549475,2026-03-07 15:30:00,Milan Cetner,Miroslav Barta,3,0,0
11550913,2026-03-07 15:30:00,Marcel Proksa,David Zigmund,1,3,1
11550894,2026-03-07 15:00:00,Jiri Grohsgott,Radek Golis,3,0,0
11550438,2026-03-07 15:00:00,Petr Sebera,Karel Schopf,2,3,1
11549482,2026-03-07 15:00:00,Matyas Kolek,Alois Kanak,0,3,0
11550920,2026-03-07 15:00:00,Vojtech Kocian,Miroslav Stolba,3,0,0
11550791,2026-03-07 15:00:00,Marek Chlebecek,Tomas Dousa,3,1,1
11556365,2026-03-07 14:30:00,Tomas Hrabec,Daniel Tyn,3,0,0
11556348,2026-03-07 14:30:00,Lukas Malek,Jiri Havel,3,1,1
11556064,2026-03-07 14:30:00,Tomas Barta,Marek Chlebecek,3,2,1
11556369,2026-03-07 14:30:00,Petr Banot,Zdenek Luksa,1,3,1
11556350,2026-03-07 14:30:00,Miroslav Barta,Matej Kostak,1,3,1
11556148,2026-03-07 14:00:00,Patrik Pycha,Daniel Tuma,3,1,1
11556141,2026-03-07 14:00:00,Matej Levicky,Ondrej Homola,3,2,1
11556151,2026-03-07 14:00:00,Daniel Priesol,Filip Zurek,2,3,1
11556160,2026-03-07 14:00:00,David Horak,Milan Kolar,3,2,1
11556149,2026-03-07 14:00:00,Ladislav Havel 1956,Julius Didi,3,2,1
11550792,2026-03-07 13:30:00,Tomas Barta,Marek Chlebecek,3,0,0
11550851,2026-03-07 13:30:00,Milan Kolar,Jiri Havel,3,1,1
11549777,2026-03-07 13:30:00,Matej Kostak,Ladislav Havel 1956,1,3,1
11550876,2026-03-07 13:30:00,Filip Zurek,Daniel Tyn,0,3,0
11550893,2026-03-07 13:30:00,Matej Levicky,Zdenek Luksa,2,3,1
11550877,2026-03-07 13:00:00,Daniel Tuma,Patrik Pycha,1,3,1
11550918,2026-03-07 13:00:00,Ondrej Homola,Petr Banot,0,3,0
11550742,2026-03-07 13:00:00,Julius Didi,Miroslav Barta,1,3,1
11550743,2026-03-07 13:00:00,David Horak,Lukas Malek,2,3,1
11550905,2026-03-07 13:00:00,Tomas Hrabec,Daniel Priesol,3,1,1
11550878,2026-03-07 12:30:00,Daniel Tyn,Tomas Hrabec,1,3,1
11549776,2026-03-07 12:30:00,Ladislav Havel 1956,Julius Didi,3,2,1
11550919,2026-03-07 12:30:00,Zdenek Luksa,Ondrej Homola,3,2,1
11550801,2026-03-07 12:30:00,Jiri Havel,David Horak,3,2,1
11550881,2026-03-07 12:30:00,Marek Chlebecek,Daniel Tuma,3,0,0
11550844,2026-03-07 12:00:00,Filip Zurek,Daniel Priesol,2,3,1
11550825,2026-03-07 12:00:00,Milan Kolar,Lukas Malek,0,3,0
11550871,2026-03-07 12:00:00,Matej Kostak,Miroslav Barta,3,2,1
11550892,2026-03-07 12:00:00,Matej Levicky,Petr Banot,1,3,1
11550790,2026-03-07 12:00:00,Tomas Barta,Patrik Pycha,3,0,0
11549791,2026-03-07 11:30:00,Patrik Pycha,Marek Chlebecek,2,3,1
11549476,2026-03-07 11:30:00,Miroslav Barta,Ladislav Havel 1956,3,0,0
11549535,2026-03-07 11:30:00,Petr Banot,Zdenek Luksa,3,0,0
11549479,2026-03-07 11:30:00,Lukas Malek,Jiri Havel,1,3,1
11549740,2026-03-07 11:30:00,Daniel Priesol,Daniel Tyn,0,3,0
11549725,2026-03-07 11:00:00,Tomas Hrabec,Filip Zurek,3,0,0
11550736,2026-03-07 11:00:00,David Horak,Milan Kolar,3,0,0
11549789,2026-03-07 11:00:00,Daniel Tuma,Tomas Barta,3,2,1
11549722,2026-03-07 11:00:00,Ondrej Homola,Matej Levicky,2,3,1
11549551,2026-03-07 11:00:00,Julius Didi,Matej Kostak,2,3,1
11555243,2026-03-07 10:30:00,Michal Vedmoch,Josef Belovsky,3,1,1
11555206,2026-03-07 10:30:00,Vitezslav Bosak,Ivo Taichman,3,2,1
11555332,2026-03-07 10:30:00,Jaroslav Schwan,Richard Skacelik,0,3,0
11555220,2026-03-07 10:30:00,Vaclav Dolezal,Milos Pospisil,0,3,0
11555213,2026-03-07 10:30:00,Jaroslav Strnad 1964,Pavel Berdych,3,2,1
11555207,2026-03-07 10:00:00,Antonin Schneeberger,Alexandr Virag,1,3,1
11555239,2026-03-07 10:00:00,Jaroslav Prokupek,Dmitro Parhomenko,3,1,1
11555228,2026-03-07 10:00:00,Adrian Walek,Dalimil Machander,3,1,1
11555221,2026-03-07 10:00:00,Kyryl Darin,Jiri Havel,2,3,1
11555214,2026-03-07 10:00:00,Vaclav Hruska Snr,Jiri Svec,3,2,1
11550592,2026-03-07 09:30:00,Alexandr Virag,Vitezslav Bosak,0,3,0
11550597,2026-03-07 09:30:00,Jaroslav Prokupek,Josef Belovsky,1,3,1
11550593,2026-03-07 09:30:00,Richard Skacelik,Jaroslav Schwan,1,3,1
11550799,2026-03-07 09:30:00,Jiri Svec,Jaroslav Strnad 1964,0,3,0
11550591,2026-03-07 09:30:00,Jiri Havel,Vaclav Dolezal,1,3,1
11550583,2026-03-07 09:00:00,Dalimil Machander,Adrian Walek,3,2,1
11550608,2026-03-07 09:00:00,Pavel Berdych,Vaclav Hruska Snr,1,3,1
11550590,2026-03-07 09:00:00,Ivo Taichman,Antonin Schneeberger,3,1,1
11550607,2026-03-07 09:00:00,Dmitro Parhomenko,Michal Vedmoch,1,3,1
11550582,2026-03-07 09:00:00,Kyryl Darin,Milos Pospisil,0,3,0
11550595,2026-03-07 08:30:00,Vaclav Dolezal,Kyryl Darin,3,2,1
11550594,2026-03-07 08:30:00,Jaroslav Strnad 1964,Pavel Berdych,3,2,1
11550598,2026-03-07 08:30:00,Vitezslav Bosak,Ivo Taichman,3,1,1
11550586,2026-03-07 08:30:00,Josef Belovsky,Dmitro Parhomenko,1,3,1
11550581,2026-03-07 08:30:00,Jaroslav Schwan,Dalimil Machander,3,2,1
11550580,2026-03-07 08:00:00,Richard Skacelik,Adrian Walek,3,2,1
11550585,2026-03-07 08:00:00,Jiri Havel,Milos Pospisil,1,3,1
11550579,2026-03-07 08:00:00,Alexandr Virag,Antonin Schneeberger,3,2,1
11550575,2026-03-07 08:00:00,Jiri Svec,Vaclav Hruska Snr,3,2,1
11550589,2026-03-07 08:00:00,Jaroslav Prokupek,Michal Vedmoch,2,3,1
11549494,2026-03-07 07:30:00,Adrian Walek,Jaroslav Schwan,3,1,1
11549515,2026-03-07 07:30:00,Vaclav Hruska Snr,Jaroslav Strnad 1964,0,3,0
11549537,2026-03-07 07:30:00,Michal Vedmoch,Josef Belovsky,2,3,1
11550065,2026-03-07 07:30:00,Milos Pospisil,Vaclav Dolezal,2,3,1
11550609,2026-03-07 07:30:00,Antonin Schneeberger,Vitezslav Bosak,3,1,1
11549502,2026-03-07 07:00:00,Pavel Berdych,Jiri Svec,3,0,0
11549612,2026-03-07 07:00:00,Dalimil Machander,Richard Skacelik,2,3,1
11549739,2026-03-07 07:00:00,Kyryl Darin,Jiri Havel,3,0,0
11549550,2026-03-07 07:00:00,Ivo Taichman,Alexandr Virag,3,1,1
11549478,2026-03-07 07:00:00,Dmitro Parhomenko,Jaroslav Prokupek,0,3,0
11553888,2026-03-07 04:30:00,Martin Vizek,Hoang Tai Nguyen Ba,2,3,1
11553884,2026-03-07 04:30:00,Karel Brozik,Viktor Vejvoda,1,3,1
11553883,2026-03-07 04:30:00,Roman Urban,Milan Smrcek,0,3,0
11553893,2026-03-07 04:00:00,Miroslav Novotny,Adam Svoboda,0,3,0
11553892,2026-03-07 04:00:00,Tomas Dousa,Jiri Plachy,1,3,1
11553885,2026-03-07 04:00:00,Jiri Louda,Marcel Pikous,2,3,1
11545997,2026-03-07 03:30:00,Roman Urban,Filip Jungman,3,1,1
11546151,2026-03-07 03:30:00,Hoang Tai Nguyen Ba,Jiri Dedek,3,2,1
11546469,2026-03-07 03:30:00,Marcel Pikous,Viktor Vejvoda,2,3,1
11546470,2026-03-07 03:00:00,Michal Regner,Jiri Louda,3,2,1
11545961,2026-03-07 03:00:00,Adam Svoboda,Milan Smrcek,3,0,0
11545983,2026-03-07 03:00:00,Tomas Dousa,Jiri Plachy,3,1,1
11546201,2026-03-07 02:30:00,Martin Vizek,Hoang Tai Nguyen Ba,3,1,1
11545975,2026-03-07 02:30:00,Miroslav Novotny,Roman Urban,0,3,0
11545957,2026-03-07 02:30:00,Karel Brozik,Marcel Pikous,3,1,1
11545934,2026-03-07 02:00:00,Michal Regner,Viktor Vejvoda,0,3,0
11545971,2026-03-07 02:00:00,Adam Svoboda,Filip Jungman,2,3,1
11545978,2026-03-07 02:00:00,Tomas Dousa,Jiri Dedek,3,1,1
11546000,2026-03-07 01:30:00,Jiri Plachy,Martin Vizek,1,3,1
11545970,2026-03-07 01:30:00,Milan Smrcek,Miroslav Novotny,3,1,1
11546935,2026-03-07 01:30:00,Jiri Louda,Karel Brozik,2,3,1
11546934,2026-03-07 01:00:00,Roman Urban,Adam Svoboda,3,1,1
11546199,2026-03-07 01:00:00,Hoang Tai Nguyen Ba,Tomas Dousa,3,2,1
11545914,2026-03-07 01:00:00,Marcel Pikous,Michal Regner,3,0,0
11545911,2026-03-07 00:30:00,Jiri Dedek,Martin Vizek,1,3,1
11545933,2026-03-07 00:30:00,Filip Jungman,Miroslav Novotny,0,3,0
11545927,2026-03-07 00:30:00,Viktor Vejvoda,Karel Brozik,3,2,1
11545947,2026-03-07 00:00:00,Milan Smrcek,Roman Urban,3,1,1
11544591,2026-03-07 00:00:00,Jiri Louda,Marcel Pikous,3,1,1
11546463,2026-03-07 00:00:00,Jiri Plachy,Hoang Tai Nguyen Ba,2,3,1
