player_low,player_high,matches,sweeps,avg_total_sets,avg_ATP,last_match,sweep_rate,non_sweep_rate
adam brazda,alesh bayer,20,4,4.2,76.3,2026-04-12 02:30:00,0.2,0.8
adam brazda,denis hofman,38,8,4.131578947368421,76.63157894736842,2026-03-03 16:00:00,0.21052631578947367,0.7894736842105263
adam brazda,jiri zuzanek,48,16,4.083333333333333,78.02083333333333,2026-03-10 15:00:00,0.3333333333333333,0.6666666666666667
adam brazda,marcel pikous,56,15,4.053571428571429,75.46428571428571,2026-03-12 17:10:00,0.26785714285714285,0.7321428571428572
adam brazda,marek sedlak,35,8,4.142857142857143,76.71428571428571,2025-10-29 16:30:00,0.22857142857142856,0.7714285714285715
adam brazda,martin bittner,26,12,3.8461538461538463,69.34615384615384,2025-05-19 19:00:00,0.46153846153846156,0.5384615384615384
adam brazda,martin sobisek,50,11,4.12,79.18,2026-04-02 16:00:00,0.22,0.78
adam brazda,michal regner,27,9,3.962962962962963,76.0,2026-02-23 15:00:00,0.3333333333333333,0.6666666666666667
adam brazda,milan klement,48,18,3.9166666666666665,70.79166666666667,2026-03-04 15:00:00,0.375,0.625
adam brazda,milan urban,32,5,4.21875,80.03125,2024-07-11 17:00:00,0.15625,0.84375
adam brazda,patrik pycha,22,9,3.8636363636363638,70.81818181818181,2025-06-09 21:30:00,0.4090909090909091,0.5909090909090908
adam brazda,robin pacha,39,9,4.128205128205129,76.92307692307692,2026-02-19 19:30:00,0.23076923076923078,0.7692307692307692
adam brazda,rostyslav kliucuk,22,6,4.136363636363637,78.36363636363636,2025-08-25 20:30:00,0.2727272727272727,0.7272727272727273
adam brazda,tomas holik,24,6,4.083333333333333,77.45833333333333,2026-04-02 14:00:00,0.25,0.75
adam brazda,tomas zahradnik,39,13,4.0256410256410255,74.17948717948718,2026-01-28 20:00:00,0.3333333333333333,0.6666666666666667
adam brazda,vratislav petracek,22,6,4.181818181818182,79.72727272727273,2024-12-04 16:30:00,0.2727272727272727,0.7272727272727273
adam brazda,yirzhi louda,110,30,4.090909090909091,76.69090909090909,2026-03-04 18:00:00,0.2727272727272727,0.7272727272727273
adam brazda,zbynek pagac,26,3,4.423076923076923,81.6923076923077,2025-06-20 22:00:00,0.11538461538461539,0.8846153846153846
adam pokorny,ondrej paril,23,6,4.086956521739131,78.73913043478261,2026-04-14 17:30:00,0.2608695652173913,0.7391304347826086
adam pokorny,radovan polasek,21,8,3.9047619047619047,75.38095238095238,2026-04-16 13:30:00,0.38095238095238093,0.6190476190476191
adam pokorny,tadeas zika,28,7,4.142857142857143,78.39285714285714,2026-04-20 08:00:00,0.25,0.75
adam strelec,adolf huttl,32,5,4.15625,79.1875,2024-06-24 08:00:00,0.15625,0.84375
adam strelec,dusan stusek,26,6,4.153846153846154,77.6923076923077,2024-04-18 11:00:00,0.23076923076923078,0.7692307692307692
adam strelec,jiri stach,25,8,4.04,77.6,2024-06-21 10:00:00,0.32,0.6799999999999999
adam strelec,svatoslav stempen,20,9,3.75,70.1,2024-04-10 06:30:00,0.45,0.55
adolf huttl,dusan stusek,57,14,4.175438596491228,78.3157894736842,2024-06-17 06:30:00,0.24561403508771928,0.7543859649122807
adolf huttl,eduard sionkala,30,10,3.933333333333333,72.0,2024-03-11 10:00:00,0.3333333333333333,0.6666666666666667
adolf huttl,jiri stach,29,9,4.0344827586206895,72.72413793103448,2024-07-01 09:30:00,0.3103448275862069,0.6896551724137931
adolf huttl,lukas krupnik junior,29,8,4.172413793103448,76.79310344827586,2024-06-29 21:00:00,0.27586206896551724,0.7241379310344828
adolf huttl,milan zika,28,10,3.7857142857142856,69.39285714285714,2024-06-29 18:00:00,0.35714285714285715,0.6428571428571428
adolf huttl,petr jochym,50,14,4.04,75.96,2024-06-21 18:00:00,0.28,0.72
adolf huttl,svatoslav stempen,25,5,4.36,80.76,2024-06-21 20:00:00,0.2,0.8
adolf huttl,vlastimil pszczolka,44,13,4.159090909090909,76.95454545454545,2024-07-01 06:30:00,0.29545454545454547,0.7045454545454546
adrian walek,richard skacelik,25,5,4.24,83.08,2026-04-17 13:00:00,0.2,0.8
aleksandr golyshev,jiri grohsgott,25,7,3.92,71.72,2026-03-08 00:30:00,0.28,0.72
aleksandr golyshev,pavel sprynar,22,8,3.8181818181818183,70.31818181818181,2026-01-10 08:00:00,0.36363636363636365,0.6363636363636364
ales barton,dan volhejn,26,6,3.9615384615384617,74.53846153846153,2026-04-14 14:00:00,0.23076923076923078,0.7692307692307692
ales barton,jiri ruzicka,40,15,3.9,72.5,2026-04-14 17:30:00,0.375,0.625
ales barton,martin huk,40,9,4.125,79.225,2026-03-31 17:00:00,0.225,0.775
ales barton,michal vavrecka,50,10,4.26,80.3,2026-04-16 13:00:00,0.2,0.8
ales barton,rostyslav kliucuk,25,12,3.72,68.88,2025-09-03 10:00:00,0.48,0.52
ales barton,vratislav petracek,32,7,4.34375,82.0,2026-03-15 07:00:00,0.21875,0.78125
ales berbr,tadeas zika,28,4,4.178571428571429,78.03571428571429,2024-06-03 12:00:00,0.14285714285714285,0.8571428571428572
ales hlawatschke,daniel kouble,23,4,4.260869565217392,79.04347826086956,2026-03-31 23:30:00,0.17391304347826086,0.8260869565217391
ales hlawatschke,frantisek just,24,10,3.9583333333333335,73.0,2026-04-01 01:00:00,0.4166666666666667,0.5833333333333333
ales hlawatschke,jakub hradecky,25,5,4.12,75.6,2026-03-18 04:00:00,0.2,0.8
ales hlawatschke,jan sucharda,21,3,4.380952380952381,81.76190476190476,2025-04-04 08:00:00,0.14285714285714285,0.8571428571428572
ales hlawatschke,jaroslav bresky,37,11,3.972972972972973,73.0,2024-12-16 00:00:00,0.2972972972972973,0.7027027027027026
ales hlawatschke,jaroslav prokupek,65,22,3.9846153846153847,74.16923076923077,2026-02-03 04:00:00,0.3384615384615385,0.6615384615384615
ales hlawatschke,jiri pozarsky,52,15,4.0,74.98076923076923,2025-11-19 08:00:00,0.28846153846153844,0.7115384615384616
ales hlawatschke,jiri zuzanek,39,12,4.0,74.51282051282051,2025-11-28 09:30:00,0.3076923076923077,0.6923076923076923
ales hlawatschke,marek kostal,22,4,4.2727272727272725,80.31818181818181,2025-09-16 08:00:00,0.18181818181818182,0.8181818181818181
ales hlawatschke,patrik pycha,41,9,4.073170731707317,75.97560975609755,2026-02-06 02:00:00,0.21951219512195122,0.7804878048780488
ales hlawatschke,radim pavelka,22,6,3.9545454545454546,74.04545454545455,2024-05-29 09:30:00,0.2727272727272727,0.7272727272727273
ales hlawatschke,richard krejci,34,7,4.117647058823529,76.41176470588235,2024-09-17 08:30:00,0.20588235294117646,0.7941176470588236
ales hlawatschke,simon kadavy,39,16,3.7435897435897436,70.33333333333333,2025-10-17 00:00:00,0.41025641025641024,0.5897435897435898
ales hlawatschke,tomas varnuska,26,10,3.8076923076923075,69.46153846153847,2025-10-03 06:30:00,0.38461538461538464,0.6153846153846154
ales hlawatschke,vladimir cermak,30,17,3.566666666666667,66.63333333333334,2026-03-18 03:00:00,0.5666666666666667,0.43333333333333335
ales hlawatschke,vladimr postelt,21,8,3.8095238095238093,70.0,2024-12-16 03:30:00,0.38095238095238093,0.6190476190476191
ales krejci,bohumil duben,90,17,4.266666666666667,80.31111111111112,2025-06-25 06:00:00,0.18888888888888888,0.8111111111111111
ales krejci,jan manhal sr,42,17,3.9047619047619047,73.04761904761905,2025-06-24 09:00:00,0.40476190476190477,0.5952380952380952
ales krejci,jaroslav wasserbauer,27,14,3.6666666666666665,69.29629629629629,2025-03-24 07:00:00,0.5185185185185185,0.4814814814814815
ales krejci,jiri vesely senior,20,7,3.9,71.8,2025-06-30 08:00:00,0.35,0.65
ales krejci,josef musil,52,22,3.826923076923077,69.78846153846153,2024-11-01 13:00:00,0.4230769230769231,0.5769230769230769
ales krejci,josef rossler,36,14,3.861111111111111,68.0,2025-05-10 19:00:00,0.3888888888888889,0.6111111111111112
ales krejci,karel hons,52,18,3.8846153846153846,72.53846153846153,2025-06-21 18:30:00,0.34615384615384615,0.6538461538461539
ales krejci,martin cvecek,36,12,3.9166666666666665,71.47222222222223,2025-02-16 07:30:00,0.3333333333333333,0.6666666666666667
ales krejci,martin zizka,67,24,3.91044776119403,74.01492537313433,2024-06-11 11:30:00,0.3582089552238806,0.6417910447761195
ales krejci,milan capek,28,8,4.107142857142857,77.5,2025-02-19 10:30:00,0.2857142857142857,0.7142857142857143
ales krejci,miroslav necas,62,10,4.290322580645161,80.48387096774194,2025-02-18 10:06:00,0.16129032258064516,0.8387096774193549
ales krejci,petr jakes,20,5,4.1,77.25,2025-04-21 13:30:00,0.25,0.75
ales krejci,radek limbursky,41,7,4.365853658536586,82.82926829268293,2025-06-24 08:00:00,0.17073170731707318,0.8292682926829268
ales krejci,radim jaros,25,10,3.96,74.4,2024-10-26 19:30:00,0.4,0.6
ales krejci,vaclav svoboda,35,9,4.057142857142857,75.22857142857143,2025-06-15 20:30:00,0.2571428571428571,0.7428571428571429
ales krejci,zdenek zikmunda,33,12,3.8484848484848486,73.27272727272727,2024-07-01 06:30:00,0.36363636363636365,0.6363636363636364
ales rusnak,filip sikora,66,17,4.106060606060606,76.3030303030303,2024-06-20 15:00:00,0.25757575757575757,0.7424242424242424
ales rusnak,jan dzida,41,14,3.951219512195122,71.95121951219512,2024-06-20 14:00:00,0.34146341463414637,0.6585365853658536
ales rusnak,pavel wawrosz,53,17,4.037735849056604,74.01886792452831,2024-06-19 18:00:00,0.32075471698113206,0.679245283018868
ales rusnak,rostislav niezgoda,79,14,4.139240506329114,76.15189873417721,2024-06-20 17:00:00,0.17721518987341772,0.8227848101265822
ales ruzicka,jiri beranek,24,12,3.6666666666666665,67.0,2025-06-27 07:30:00,0.5,0.5
ales ruzicka,ondrej mista,26,13,3.6923076923076925,66.0,2025-06-27 09:00:00,0.5,0.5
ales ruzicka,petr 	machovec,25,10,3.8,72.8,2025-06-03 11:30:00,0.4,0.6
ales ruzicka,petr holas,35,12,3.8857142857142857,73.31428571428572,2025-05-14 08:30:00,0.34285714285714286,0.6571428571428571
alesh bayer,dan volhejn,20,4,4.15,75.75,2025-09-20 18:30:00,0.2,0.8
alesh bayer,daniel tuma,24,5,4.083333333333333,78.375,2026-04-20 01:00:00,0.20833333333333334,0.7916666666666666
alesh bayer,denis hofman,99,15,4.313131313131313,81.76767676767676,2026-03-22 15:30:00,0.15151515151515152,0.8484848484848485
alesh bayer,jan mecl jr,20,7,3.95,74.1,2024-07-20 00:00:00,0.35,0.65
alesh bayer,jan sucharda,20,3,4.2,77.7,2026-02-13 15:30:00,0.15,0.85
alesh bayer,jiri ruzicka,144,43,3.9791666666666665,73.90972222222223,2025-10-18 01:30:00,0.2986111111111111,0.7013888888888888
alesh bayer,karel brozhik,34,11,3.9705882352941178,76.47058823529412,2026-04-20 02:30:00,0.3235294117647059,0.6764705882352942
alesh bayer,marcel pikous,28,4,4.285714285714286,82.5,2026-04-21 01:00:00,0.14285714285714285,0.8571428571428572
alesh bayer,marek sedlak,23,3,4.3478260869565215,84.3913043478261,2025-09-11 14:30:00,0.13043478260869565,0.8695652173913043
alesh bayer,martin bittner,24,9,4.0,77.08333333333333,2025-04-13 16:00:00,0.375,0.625
alesh bayer,martin huk,47,7,4.297872340425532,83.91489361702128,2025-10-15 01:00:00,0.14893617021276595,0.851063829787234
alesh bayer,martin sobisek,29,9,4.068965517241379,78.48275862068965,2026-04-17 00:30:00,0.3103448275862069,0.6896551724137931
alesh bayer,martin sychra,40,3,4.425,85.25,2026-04-21 00:00:00,0.075,0.925
alesh bayer,matous klimenta,40,2,4.5,85.6,2025-10-15 02:00:00,0.05,0.95
alesh bayer,michal regner,102,38,3.8333333333333335,73.29411764705883,2026-04-21 02:00:00,0.37254901960784315,0.6274509803921569
alesh bayer,michal vavrecka,57,7,4.473684210526316,84.0701754385965,2025-10-09 03:30:00,0.12280701754385964,0.8771929824561404
alesh bayer,michal zahradka,20,2,4.3,82.9,2024-12-11 23:00:00,0.1,0.9
alesh bayer,milan klement,30,7,4.366666666666666,82.93333333333334,2026-02-21 14:00:00,0.23333333333333334,0.7666666666666666
alesh bayer,oleksandr kolbasenko,32,11,4.0,74.59375,2025-09-20 21:00:00,0.34375,0.65625
alesh bayer,ondrej svacha,108,13,4.398148148148148,82.81481481481481,2025-10-18 18:00:00,0.12037037037037036,0.8796296296296297
alesh bayer,petr sebera,21,6,4.0476190476190474,75.23809523809524,2026-04-20 22:30:00,0.2857142857142857,0.7142857142857143
alesh bayer,radim urbaniec,26,6,4.153846153846154,77.8076923076923,2026-01-19 00:30:00,0.23076923076923078,0.7692307692307692
alesh bayer,robin pacha,24,10,3.75,67.875,2025-10-16 19:30:00,0.4166666666666667,0.5833333333333333
alesh bayer,rostyslav kliucuk,173,45,4.109826589595376,78.14450867052022,2025-09-05 18:30:00,0.26011560693641617,0.7398843930635839
alesh bayer,tadeas zika,23,8,3.869565217391304,73.73913043478261,2024-12-16 00:30:00,0.34782608695652173,0.6521739130434783
alesh bayer,tomas franek,22,6,4.045454545454546,74.45454545454545,2025-10-17 01:00:00,0.2727272727272727,0.7272727272727273
alesh bayer,tomek batog,23,8,3.9130434782608696,74.21739130434783,2025-07-17 01:30:00,0.34782608695652173,0.6521739130434783
alesh bayer,viktor vejvoda,26,12,3.6923076923076925,68.15384615384616,2026-04-03 12:30:00,0.46153846153846156,0.5384615384615384
alesh bayer,vratislav petracek,50,5,4.46,85.12,2025-06-21 21:30:00,0.1,0.9
alesh bayer,yirzhi louda,95,24,4.105263157894737,78.03157894736842,2025-10-18 23:30:00,0.25263157894736843,0.7473684210526316
alesh bayer,zbynek pagac,72,20,4.055555555555555,76.56944444444444,2025-06-20 23:30:00,0.2777777777777778,0.7222222222222222
alexander hejduk,david tomasch,32,4,4.375,81.71875,2026-03-31 09:30:00,0.125,0.875
alexander hejduk,jan potensky,78,24,4.0256410256410255,74.34615384615384,2026-04-17 00:00:00,0.3076923076923077,0.6923076923076923
alexander hejduk,jaromir cernik,32,10,3.9375,71.90625,2026-04-13 02:00:00,0.3125,0.6875
alexander hejduk,jaroslav strnad,27,11,3.8518518518518516,72.22222222222223,2026-02-19 00:00:00,0.4074074074074074,0.5925925925925926
alexander hejduk,jiri grohsgott,67,23,3.955223880597015,71.88059701492537,2026-04-17 03:06:00,0.34328358208955223,0.6567164179104478
alexander hejduk,jiri svec,75,26,3.96,74.57333333333334,2026-04-15 08:30:00,0.3466666666666667,0.6533333333333333
alexander hejduk,ladislav havel,33,12,3.9696969696969697,73.3030303030303,2026-04-19 00:30:00,0.36363636363636365,0.6363636363636364
alexander hejduk,lubor sulava,21,9,3.9047619047619047,72.57142857142857,2025-02-01 23:00:00,0.42857142857142855,0.5714285714285714
alexander hejduk,ludek madle,60,12,4.166666666666667,78.96666666666667,2026-04-09 22:00:00,0.2,0.8
alexander hejduk,michal syroha,43,19,3.7209302325581395,68.6046511627907,2026-01-19 00:00:00,0.4418604651162791,0.5581395348837209
alexander hejduk,milan chalupnicek,44,9,4.159090909090909,78.36363636363636,2026-03-27 08:00:00,0.20454545454545456,0.7954545454545454
alexander hejduk,milan smesny,23,10,3.8260869565217392,70.91304347826087,2026-03-05 10:30:00,0.43478260869565216,0.5652173913043479
alexander hejduk,milan vrabec,33,6,4.121212121212121,77.54545454545455,2026-04-15 09:00:00,0.18181818181818182,0.8181818181818181
alexander hejduk,miloslav lubas,26,8,3.8846153846153846,73.03846153846153,2025-06-10 08:30:00,0.3076923076923077,0.6923076923076923
alexander hejduk,pavel sprynar,49,15,4.040816326530612,74.95918367346938,2026-02-01 00:30:00,0.30612244897959184,0.6938775510204082
alexander hejduk,tomas regner,33,11,3.8484848484848486,71.48484848484848,2025-01-21 10:30:00,0.3333333333333333,0.6666666666666667
alexander hejduk,trojan frantisek,25,9,3.96,71.48,2025-05-26 03:30:00,0.36,0.64
antonin kosprd,josef fuchs,39,12,4.153846153846154,77.41025641025641,2025-01-29 14:30:00,0.3076923076923077,0.6923076923076923
antonin kosprd,miloslav kotil,51,18,3.9215686274509802,72.03921568627452,2025-01-07 11:30:00,0.35294117647058826,0.6470588235294117
antonin kosprd,miroslav nejedly,26,9,3.8846153846153846,72.0,2025-05-21 12:00:00,0.34615384615384615,0.6538461538461539
antonin kosprd,stepan prazak,25,11,3.76,69.12,2025-05-29 11:30:00,0.44,0.56
ba hoang tai nguyen,dmitro parhomenko,58,17,4.017241379310345,74.5,2026-04-14 13:00:00,0.29310344827586204,0.7068965517241379
ba hoang tai nguyen,jaroslav prokupek,57,17,3.982456140350877,74.29824561403508,2026-04-20 08:00:00,0.2982456140350877,0.7017543859649122
ba hoang tai nguyen,jiri dedek,21,4,4.238095238095238,78.33333333333333,2026-04-17 15:30:00,0.19047619047619047,0.8095238095238095
ba hoang tai nguyen,jiri plachy,74,17,4.121621621621622,76.17567567567568,2026-04-20 11:30:00,0.22972972972972974,0.7702702702702703
ba hoang tai nguyen,kyryl darin,38,7,4.157894736842105,79.28947368421052,2026-03-29 14:30:00,0.18421052631578946,0.8157894736842105
ba hoang tai nguyen,michal vedmoch,22,9,3.727272727272727,70.9090909090909,2026-03-11 02:30:00,0.4090909090909091,0.5909090909090908
ba hoang tai nguyen,radim pavelka,23,0,4.478260869565218,82.91304347826087,2026-04-06 03:00:00,0.0,1.0
ba hoang tai nguyen,stanislav olejarcik,22,5,4.136363636363637,77.95454545454545,2026-01-03 02:30:00,0.22727272727272727,0.7727272727272727
ba hoang tai nguyen,tomas barta,88,10,4.375,83.875,2026-04-20 12:00:00,0.11363636363636363,0.8863636363636364
ba hoang tai nguyen,vladimir cermak,21,8,3.9523809523809526,73.85714285714286,2026-04-08 00:00:00,0.38095238095238093,0.6190476190476191
ba hoang tai nguyen,vladimr postelt,32,11,3.9375,73.6875,2026-04-19 02:00:00,0.34375,0.65625
bohumil duben,jan manhal sr,24,11,3.9166666666666665,70.625,2025-05-13 13:30:00,0.4583333333333333,0.5416666666666667
bohumil duben,jaroslav wasserbauer,29,10,4.0344827586206895,73.75862068965517,2025-05-05 15:30:00,0.3448275862068966,0.6551724137931034
bohumil duben,jiri vesely senior,31,5,4.354838709677419,80.93548387096774,2025-04-23 07:30:00,0.16129032258064516,0.8387096774193549
bohumil duben,josef musil,25,10,3.84,72.56,2025-04-30 13:30:00,0.4,0.6
bohumil duben,josef rossler,28,8,4.0,75.42857142857143,2025-06-01 20:00:00,0.2857142857142857,0.7142857142857143
bohumil duben,karel hons,51,13,4.0588235294117645,74.17647058823529,2025-06-21 21:04:00,0.2549019607843137,0.7450980392156863
bohumil duben,martin zizka,24,7,3.9583333333333335,74.25,2025-02-25 13:00:00,0.2916666666666667,0.7083333333333333
bohumil duben,miroslav necas,33,8,4.2727272727272725,81.21212121212122,2024-09-18 07:00:00,0.24242424242424243,0.7575757575757576
bohumil duben,radek limbursky,46,9,4.260869565217392,79.43478260869566,2025-06-26 18:30:00,0.1956521739130435,0.8043478260869565
bohumil duben,vaclav svoboda,23,5,4.086956521739131,77.52173913043478,2025-06-26 19:00:00,0.21739130434782608,0.782608695652174
bohumil skulina,ivo palmi,20,9,3.7,68.95,2024-06-28 12:00:00,0.45,0.55
bohumil skulina,jaromir kanok,20,5,4.05,75.45,2024-02-27 18:30:00,0.25,0.75
bohumil skulina,jiri foltynek,21,7,4.0476190476190474,75.61904761904762,2024-06-28 10:00:00,0.3333333333333333,0.6666666666666667
bohumil skulina,jiri motak,40,12,4.05,74.85,2024-06-28 11:30:00,0.3,0.7
bohumil skulina,kanak alois,30,10,3.966666666666667,73.96666666666667,2024-06-19 10:30:00,0.3333333333333333,0.6666666666666667
bohumil skulina,martin stefek,22,3,4.2727272727272725,80.86363636363636,2024-06-23 18:30:00,0.13636363636363635,0.8636363636363636
bohumil skulina,tomas navrat,20,7,3.95,71.6,2024-06-23 21:30:00,0.35,0.65
bohumil skulina,tomas suta,26,4,4.384615384615385,82.1923076923077,2024-06-24 13:30:00,0.15384615384615385,0.8461538461538461
bohumil vozicky,frantisek kanta,20,11,3.5,61.8,2025-06-06 08:00:00,0.55,0.44999999999999996
bohuslav kaloc,jiri foltynek,33,18,3.6363636363636362,67.27272727272727,2024-05-01 11:30:00,0.5454545454545454,0.4545454545454546
bohuslav kaloc,jiri motak,32,4,4.34375,82.40625,2024-04-17 11:30:00,0.125,0.875
bohuslav kaloc,josef toth,27,7,4.074074074074074,76.51851851851852,2024-05-01 10:30:00,0.25925925925925924,0.7407407407407407
borek moravec,jan krupnik,23,9,4.130434782608695,75.73913043478261,2024-06-27 16:30:00,0.391304347826087,0.6086956521739131
borek moravec,kamil kleprlik,24,13,3.75,68.95833333333333,2024-05-11 10:30:00,0.5416666666666666,0.45833333333333337
borek moravec,radim urbaniec,22,6,4.045454545454546,77.31818181818181,2024-06-15 07:00:00,0.2727272727272727,0.7272727272727273
borek moravec,roman hudeczek,21,4,4.285714285714286,79.76190476190476,2024-05-29 19:00:00,0.19047619047619047,0.8095238095238095
borek moravec,tadeas zika,24,6,4.041666666666667,76.08333333333333,2024-06-10 17:30:00,0.25,0.75
bronislav roubal,jaroslav kasan,30,9,4.1,76.73333333333333,2023-10-29 08:00:00,0.3,0.7
bronislav roubal,jiri machart,71,23,4.028169014084507,74.95774647887323,2023-11-02 09:30:00,0.323943661971831,0.676056338028169
bronislav roubal,martin nypl,33,14,3.787878787878788,71.75757575757575,2023-10-29 10:00:00,0.42424242424242425,0.5757575757575757
bronislav roubal,oskar spacek,36,6,4.444444444444445,85.36111111111111,2023-10-16 07:30:00,0.16666666666666666,0.8333333333333334
bronislav roubal,vlastimil svatos,49,14,4.122448979591836,77.12244897959184,2023-11-02 07:00:00,0.2857142857142857,0.7142857142857143
cesta havrda,jaromir cernik,36,5,4.361111111111111,81.55555555555556,2026-04-07 10:30:00,0.1388888888888889,0.8611111111111112
cesta havrda,jaroslav strnad,91,26,3.923076923076923,72.5934065934066,2026-04-20 13:30:00,0.2857142857142857,0.7142857142857143
cesta havrda,jiri grohsgott,42,10,4.071428571428571,73.45238095238095,2026-04-07 11:30:00,0.23809523809523808,0.7619047619047619
cesta havrda,ludek madle,27,9,4.111111111111111,77.14814814814815,2026-03-17 07:30:00,0.3333333333333333,0.6666666666666667
cesta havrda,milan smesny,65,16,4.1692307692307695,77.67692307692307,2026-03-04 14:30:00,0.24615384615384617,0.7538461538461538
cesta havrda,miloslav lubas,28,3,4.285714285714286,79.67857142857143,2025-08-27 13:30:00,0.10714285714285714,0.8928571428571429
cesta havrda,otto jarkovsky,21,2,4.333333333333333,81.61904761904762,2024-07-30 09:08:00,0.09523809523809523,0.9047619047619048
cesta havrda,pavel sprynar,50,13,4.1,77.24,2026-02-19 12:30:00,0.26,0.74
cesta havrda,petr serak,74,23,4.0,74.74324324324324,2026-03-16 07:30:00,0.3108108108108108,0.6891891891891893
cesta havrda,tomas regner,28,9,3.9285714285714284,72.25,2024-11-13 13:00:00,0.32142857142857145,0.6785714285714286
cesta havrda,vladimir kubat,138,41,4.021739130434782,74.40579710144928,2026-04-20 12:30:00,0.2971014492753623,0.7028985507246377
cestmir simunek,miroslav novotny,20,4,4.2,79.2,2026-01-24 19:30:00,0.2,0.8
dalimil machander,lukas martinak,21,5,4.285714285714286,83.42857142857143,2026-04-12 10:30:00,0.23809523809523808,0.7619047619047619
dalimil machander,richard skacelik,26,0,4.615384615384615,88.0,2026-04-18 20:30:00,0.0,1.0
dan volhejn,erik mares,38,12,4.131578947368421,79.15789473684211,2026-01-27 14:00:00,0.3157894736842105,0.6842105263157895
dan volhejn,jakub kycelt,24,3,4.208333333333333,77.08333333333333,2026-04-20 22:00:00,0.125,0.875
dan volhejn,jan kanera,33,14,3.9393939393939394,77.57575757575758,2026-04-12 10:00:00,0.42424242424242425,0.5757575757575757
dan volhejn,jan mecl jr,41,7,4.2439024390243905,80.07317073170732,2026-04-18 08:30:00,0.17073170731707318,0.8292682926829268
dan volhejn,jiri ruzicka,122,34,4.163934426229508,78.87704918032787,2026-04-14 23:00:00,0.2786885245901639,0.7213114754098361
dan volhejn,lukas jindrak,21,8,3.9523809523809526,76.76190476190476,2026-04-16 07:00:00,0.38095238095238093,0.6190476190476191
dan volhejn,lukas zeman,27,6,4.074074074074074,75.55555555555556,2026-04-16 06:00:00,0.2222222222222222,0.7777777777777778
dan volhejn,martin huk,160,54,4.01875,76.83125,2026-04-11 21:00:00,0.3375,0.6625
dan volhejn,matous klimenta,39,13,3.948717948717949,73.1025641025641,2026-04-18 19:00:00,0.3333333333333333,0.6666666666666667
dan volhejn,michal jezek,35,10,4.142857142857143,77.05714285714286,2026-04-14 17:00:00,0.2857142857142857,0.7142857142857143
dan volhejn,michal vavrecka,176,42,4.170454545454546,78.88068181818181,2026-04-21 03:00:00,0.23863636363636365,0.7613636363636364
dan volhejn,michal zahradka,55,19,3.8727272727272726,72.30909090909091,2026-04-18 20:30:00,0.34545454545454546,0.6545454545454545
dan volhejn,oleksandr kolbasenko,104,23,4.125,78.85576923076923,2026-02-12 21:00:00,0.22115384615384615,0.7788461538461539
dan volhejn,ondrej svacha,55,13,4.236363636363636,79.7090909090909,2026-02-20 19:30:00,0.23636363636363636,0.7636363636363637
dan volhejn,rostyslav kliucuk,21,7,4.0,76.80952380952381,2025-09-10 15:30:00,0.3333333333333333,0.6666666666666667
dan volhejn,tomas turek,22,4,4.136363636363637,79.86363636363636,2025-11-16 20:00:00,0.18181818181818182,0.8181818181818181
dan volhejn,vratislav petracek,143,35,4.1328671328671325,77.86713286713287,2026-04-21 01:00:00,0.24475524475524477,0.7552447552447552
daniel branny,michal raska,27,6,4.2592592592592595,80.29629629629629,2024-06-04 06:30:00,0.2222222222222222,0.7777777777777778
daniel branny,oldrich vrtal,27,9,3.814814814814815,70.07407407407408,2024-04-12 19:00:00,0.3333333333333333,0.6666666666666667
daniel branny,zbynek pagac,44,12,3.9545454545454546,72.75,2024-04-12 18:00:00,0.2727272727272727,0.7272727272727273
daniel kouble,frantisek just,26,5,4.3076923076923075,81.26923076923077,2026-03-31 22:30:00,0.19230769230769232,0.8076923076923077
daniel kouble,jaroslav bresky,27,11,3.962962962962963,74.88888888888889,2024-11-21 04:00:00,0.4074074074074074,0.5925925925925926
daniel kouble,jaroslav prokupek,80,24,4.075,76.3375,2026-04-15 03:00:00,0.3,0.7
daniel kouble,jiri pozarsky,20,6,4.05,80.0,2025-01-12 21:30:00,0.3,0.7
daniel kouble,martin sychra,25,1,4.48,86.04,2025-11-05 00:00:00,0.04,0.96
daniel kouble,patrik pycha,24,7,4.083333333333333,75.08333333333333,2026-01-02 10:00:00,0.2916666666666667,0.7083333333333333
daniel kouble,radim pavelka,27,7,4.111111111111111,79.51851851851852,2026-02-18 02:00:00,0.25925925925925924,0.7407407407407407
daniel kouble,richard krejci,26,9,3.8846153846153846,71.0,2026-02-18 01:00:00,0.34615384615384615,0.6538461538461539
daniel kouble,vladimir cermak,25,4,4.32,81.84,2026-02-04 23:00:00,0.16,0.84
daniel kouble,vladimr postelt,31,5,4.161290322580645,79.38709677419355,2026-02-07 23:30:00,0.16129032258064516,0.8387096774193549
daniel priesol,filip zurek,20,5,4.25,78.9,2026-04-19 13:30:00,0.25,0.75
daniel tuma,david vrabec,20,3,4.35,85.45,2024-04-03 18:00:00,0.15,0.85
daniel tuma,frantisek briza,72,20,4.055555555555555,76.56944444444444,2025-05-01 15:30:00,0.2777777777777778,0.7222222222222222
daniel tuma,frantisek just,22,6,3.909090909090909,76.18181818181819,2026-04-19 17:30:00,0.2727272727272727,0.7272727272727273
daniel tuma,ivan vitsek,24,7,4.041666666666667,75.33333333333333,2026-04-19 14:00:00,0.2916666666666667,0.7083333333333333
daniel tuma,jakub hradecky,39,15,4.076923076923077,77.43589743589743,2026-04-14 23:30:00,0.38461538461538464,0.6153846153846154
daniel tuma,jakub tazler,54,11,4.222222222222222,80.5,2026-03-27 14:30:00,0.2037037037037037,0.7962962962962963
daniel tuma,jan briska,30,4,4.5,85.9,2025-05-08 02:00:00,0.13333333333333333,0.8666666666666667
daniel tuma,jaroslav prokupek,114,34,4.052631578947368,77.39473684210526,2026-04-15 00:30:00,0.2982456140350877,0.7017543859649122
daniel tuma,jiri plachy,147,42,4.006802721088436,76.25850340136054,2026-03-18 08:30:00,0.2857142857142857,0.7142857142857143
daniel tuma,jiri pozarsky,20,9,3.75,68.9,2026-04-06 16:30:00,0.45,0.55
daniel tuma,jiri zuzanek,23,6,4.086956521739131,77.43478260869566,2026-03-28 17:30:00,0.2608695652173913,0.7391304347826086
daniel tuma,josef belovsky,62,17,4.080645161290323,78.1774193548387,2025-10-18 11:00:00,0.27419354838709675,0.7258064516129032
daniel tuma,kamil novak,96,29,4.09375,77.47916666666667,2025-08-17 14:00:00,0.3020833333333333,0.6979166666666667
daniel tuma,kir martin,26,4,4.269230769230769,82.88461538461539,2025-10-29 00:30:00,0.15384615384615385,0.8461538461538461
daniel tuma,kolar milan,27,12,3.7777777777777777,70.0,2025-11-27 19:00:00,0.4444444444444444,0.5555555555555556
daniel tuma,ladislav janousek,26,11,3.923076923076923,75.84615384615384,2025-04-19 11:30:00,0.4230769230769231,0.5769230769230769
daniel tuma,marek kostal,62,18,4.193548387096774,80.56451612903226,2026-01-24 08:30:00,0.2903225806451613,0.7096774193548387
daniel tuma,marek placek,23,7,3.9565217391304346,76.69565217391305,2025-01-19 22:30:00,0.30434782608695654,0.6956521739130435
daniel tuma,martin sobisek,38,7,4.157894736842105,80.63157894736842,2026-04-10 11:00:00,0.18421052631578946,0.8157894736842105
daniel tuma,martin sopko,25,6,4.16,76.64,2026-04-15 03:30:00,0.24,0.76
daniel tuma,martin sychra,96,23,4.104166666666667,78.5,2026-03-31 02:00:00,0.23958333333333334,0.7604166666666666
daniel tuma,matej volf,40,11,3.975,75.5,2026-04-11 22:30:00,0.275,0.725
daniel tuma,milan fisera,23,4,4.086956521739131,75.82608695652173,2025-08-29 19:30:00,0.17391304347826086,0.8260869565217391
daniel tuma,patrik pycha,85,26,4.023529411764706,75.55294117647058,2026-03-29 00:00:00,0.3058823529411765,0.6941176470588235
daniel tuma,pavel fojt,62,10,4.306451612903226,82.1774193548387,2026-01-07 19:00:00,0.16129032258064516,0.8387096774193549
daniel tuma,radim pavelka,62,18,4.0,74.46774193548387,2026-02-27 20:30:00,0.2903225806451613,0.7096774193548387
daniel tuma,richard krejci,35,9,4.0,73.57142857142857,2026-01-20 01:00:00,0.2571428571428571,0.7428571428571429
daniel tuma,simon kadavy,31,7,4.129032258064516,79.93548387096774,2026-04-12 16:00:00,0.22580645161290322,0.7741935483870968
daniel tuma,tomas andrle,54,15,4.074074074074074,76.38888888888889,2025-05-03 00:30:00,0.2777777777777778,0.7222222222222222
daniel tuma,tomas barta,87,10,4.2988505747126435,81.47126436781609,2026-04-14 06:30:00,0.11494252873563218,0.8850574712643678
daniel tuma,tomas dousa,62,13,4.112903225806452,79.20967741935483,2026-03-15 03:30:00,0.20967741935483872,0.7903225806451613
daniel tuma,tomas janata,106,21,4.226415094339623,81.05660377358491,2026-04-20 02:00:00,0.19811320754716982,0.8018867924528301
daniel tuma,tomas vinter,28,10,3.892857142857143,73.64285714285714,2026-04-10 13:00:00,0.35714285714285715,0.6428571428571428
daniel tuma,vladimir cermak,109,23,4.165137614678899,78.85321100917432,2026-04-07 18:30:00,0.21100917431192662,0.7889908256880733
daniel tuma,vladimr postelt,51,19,3.980392156862745,76.45098039215686,2026-03-11 01:30:00,0.37254901960784315,0.6274509803921569
daniel vrbecky,jiri svec,20,5,4.25,79.65,2024-03-29 10:30:00,0.25,0.75
david  horak,kolar milan,20,4,4.3,77.7,2026-04-19 03:00:00,0.2,0.8
david horak,dmitro parhomenko,22,6,4.0,73.0,2025-11-16 10:30:00,0.2727272727272727,0.7272727272727273
david horak,kyryl darin,23,5,4.086956521739131,74.6086956521739,2025-11-30 00:00:00,0.21739130434782608,0.782608695652174
david horak,mihail trinta,27,9,3.925925925925926,75.18518518518519,2025-11-21 15:30:00,0.3333333333333333,0.6666666666666667
david horak,tibor kolenic,32,12,3.90625,73.8125,2025-11-29 22:00:00,0.375,0.625
david kacirek,josef rossler,24,8,3.9166666666666665,74.20833333333333,2024-12-24 21:30:00,0.3333333333333333,0.6666666666666667
david kacirek,karel hons,23,16,3.4347826086956523,64.30434782608695,2025-02-04 17:30:00,0.6956521739130435,0.30434782608695654
david stusek,jiri skalicky,21,6,4.0,74.14285714285714,2024-06-16 14:30:00,0.2857142857142857,0.7142857142857143
david stusek,marek zaskodny,37,14,4.054054054054054,74.91891891891892,2024-06-14 15:00:00,0.3783783783783784,0.6216216216216216
david stusek,michal moravec,26,5,4.3076923076923075,81.8076923076923,2024-06-14 17:00:00,0.19230769230769232,0.8076923076923077
david szotek,radim urbaniec,26,9,4.0,74.3076923076923,2026-03-17 17:00:00,0.34615384615384615,0.6538461538461539
david szotek,roman hudeczek,21,4,4.285714285714286,80.52380952380952,2024-06-26 06:00:00,0.19047619047619047,0.8095238095238095
david szotek,tadeas zika,26,4,4.346153846153846,81.57692307692308,2026-03-14 15:30:00,0.15384615384615385,0.8461538461538461
david tomasch,jan potensky,25,8,4.0,75.4,2026-02-26 08:00:00,0.32,0.6799999999999999
david tomasch,jiri grohsgott,25,5,4.2,75.48,2026-01-29 07:00:00,0.2,0.8
david tomasch,jiri svec,32,10,4.0625,76.75,2026-03-31 06:00:00,0.3125,0.6875
david tomasch,michal syroha,27,6,4.185185185185185,77.18518518518519,2025-08-29 03:03:00,0.2222222222222222,0.7777777777777778
david tomasch,milan chalupnicek,26,11,3.8461538461538463,69.8076923076923,2025-12-12 10:00:00,0.4230769230769231,0.5769230769230769
david tomasch,milan smesny,22,8,4.0,72.36363636363636,2026-01-29 08:30:00,0.36363636363636365,0.6363636363636364
david tomasch,miloslav lubas,21,4,4.380952380952381,78.57142857142857,2025-04-24 09:06:00,0.19047619047619047,0.8095238095238095
david tomasch,pavel sprynar,44,7,4.25,79.18181818181819,2025-12-12 07:30:00,0.1590909090909091,0.8409090909090909
david tomasch,tomas regner,20,12,3.6,65.95,2025-06-06 08:00:00,0.6,0.4
david tomasch,vladimir kubat,26,7,4.153846153846154,76.5,2024-11-27 08:30:00,0.2692307692307692,0.7307692307692308
david vrabec,jiri plachy,29,8,4.206896551724138,80.89655172413794,2023-11-25 15:30:00,0.27586206896551724,0.7241379310344828
david vrabec,kamil novak,21,7,4.0476190476190474,74.85714285714286,2023-10-11 03:00:00,0.3333333333333333,0.6666666666666667
david vrabec,tomas andrle,23,7,4.086956521739131,78.17391304347827,2024-03-30 03:30:00,0.30434782608695654,0.6956521739130435
denis hofman,jan mecl jr,29,4,4.482758620689655,83.96551724137932,2024-11-29 10:30:00,0.13793103448275862,0.8620689655172413
denis hofman,jan sucharda,58,5,4.344827586206897,83.10344827586206,2026-01-14 11:30:00,0.08620689655172414,0.9137931034482758
denis hofman,jiri louda,38,8,4.2105263157894735,80.84210526315789,2023-08-22 02:00:00,0.21052631578947367,0.7894736842105263
denis hofman,jiri ruzicka,95,24,4.08421052631579,76.77894736842106,2026-01-10 00:00:00,0.25263157894736843,0.7473684210526316
denis hofman,jiri zuzanek,32,5,4.25,79.625,2026-03-20 15:30:00,0.15625,0.84375
denis hofman,karel brozhik,35,5,4.314285714285714,79.31428571428572,2026-03-16 22:30:00,0.14285714285714285,0.8571428571428572
denis hofman,marcel pikous,52,13,4.038461538461538,73.63461538461539,2026-04-04 21:00:00,0.25,0.75
denis hofman,marek sedlak,35,8,4.114285714285714,77.42857142857143,2025-11-01 19:00:00,0.22857142857142856,0.7714285714285715
denis hofman,martin huk,46,10,4.195652173913044,80.30434782608695,2026-02-03 20:30:00,0.21739130434782608,0.782608695652174
denis hofman,martin sobisek,24,5,4.166666666666667,78.04166666666667,2026-04-03 16:30:00,0.20833333333333334,0.7916666666666666
denis hofman,matous klimenta,34,14,3.8529411764705883,71.55882352941177,2025-10-17 20:00:00,0.4117647058823529,0.5882352941176471
denis hofman,michal regner,114,20,4.175438596491228,78.14912280701755,2026-03-26 10:01:00,0.17543859649122806,0.8245614035087719
denis hofman,michal vavrecka,25,3,4.4,84.04,2025-06-09 23:30:00,0.12,0.88
denis hofman,milan klement,77,14,4.337662337662338,83.25974025974025,2026-04-04 20:00:00,0.18181818181818182,0.8181818181818181
denis hofman,ondrej svacha,75,17,4.1066666666666665,78.77333333333333,2026-03-07 19:30:00,0.22666666666666666,0.7733333333333333
denis hofman,petr sebera,32,8,4.03125,76.96875,2026-03-25 15:00:00,0.25,0.75
denis hofman,radek rose,23,9,4.0,75.82608695652173,2026-02-16 19:30:00,0.391304347826087,0.6086956521739131
denis hofman,radim urbaniec,48,7,4.354166666666667,80.0,2026-03-20 17:00:00,0.14583333333333334,0.8541666666666666
denis hofman,robin pacha,41,7,4.219512195121951,79.8048780487805,2026-04-04 19:00:00,0.17073170731707318,0.8292682926829268
denis hofman,rostyslav kliucuk,140,34,4.142857142857143,79.50714285714285,2025-08-20 00:00:00,0.24285714285714285,0.7571428571428571
denis hofman,sebastian kasnik,24,8,3.7916666666666665,72.54166666666667,2026-02-22 23:30:00,0.3333333333333333,0.6666666666666667
denis hofman,tadeas zika,41,12,4.048780487804878,78.09756097560975,2024-12-09 17:30:00,0.2926829268292683,0.7073170731707317
denis hofman,tomas holik,24,1,4.541666666666667,87.25,2026-04-03 15:00:00,0.041666666666666664,0.9583333333333334
denis hofman,tomas zahradnik,22,8,3.8181818181818183,70.9090909090909,2026-03-06 19:30:00,0.36363636363636365,0.6363636363636364
denis hofman,viktor vejvoda,20,6,4.2,79.8,2026-03-13 12:30:00,0.3,0.7
denis hofman,vratislav petracek,24,7,3.9583333333333335,75.54166666666667,2025-01-17 11:30:00,0.2916666666666667,0.7083333333333333
denis hofman,yirzhi louda,139,42,4.0647482014388485,76.60431654676259,2026-03-26 09:00:00,0.302158273381295,0.697841726618705
denis hofman,zbynek pagac,26,3,4.3076923076923075,78.11538461538461,2025-06-10 00:30:00,0.11538461538461539,0.8846153846153846
dmitro parhomenko,frantisek briza,35,9,4.114285714285714,77.97142857142858,2026-04-07 10:30:00,0.2571428571428571,0.7428571428571429
dmitro parhomenko,jan pleskot,33,9,4.0606060606060606,76.84848484848484,2025-07-17 09:00:00,0.2727272727272727,0.7272727272727273
dmitro parhomenko,jan steffan,82,20,4.085365853658536,75.41463414634147,2026-03-24 08:30:00,0.24390243902439024,0.7560975609756098
dmitro parhomenko,jaroslav prokupek,20,4,3.9,76.35,2026-04-17 11:30:00,0.2,0.8
dmitro parhomenko,jiri dedek,52,10,4.211538461538462,76.0,2026-04-20 15:00:00,0.19230769230769232,0.8076923076923077
dmitro parhomenko,jiri plachy,39,17,3.769230769230769,66.97435897435898,2026-04-07 13:30:00,0.4358974358974359,0.5641025641025641
dmitro parhomenko,josef belovsky,49,20,3.857142857142857,70.63265306122449,2026-04-17 13:00:00,0.40816326530612246,0.5918367346938775
dmitro parhomenko,kamil novak,20,6,4.05,76.85,2026-02-13 22:00:00,0.3,0.7
dmitro parhomenko,kolar milan,33,12,3.909090909090909,72.3030303030303,2026-02-28 15:00:00,0.36363636363636365,0.6363636363636364
dmitro parhomenko,kyryl darin,118,32,4.11864406779661,76.47457627118644,2026-04-08 13:30:00,0.2711864406779661,0.728813559322034
dmitro parhomenko,lubor sulava,36,15,3.8333333333333335,71.41666666666667,2025-08-28 08:00:00,0.4166666666666667,0.5833333333333333
dmitro parhomenko,lukas krok,39,11,4.153846153846154,77.97435897435898,2026-04-18 21:04:00,0.28205128205128205,0.717948717948718
dmitro parhomenko,lukas malek,66,23,3.9696969696969697,72.36363636363636,2026-03-11 13:00:00,0.3484848484848485,0.6515151515151515
dmitro parhomenko,marek placek,31,5,4.193548387096774,77.12903225806451,2026-04-16 04:05:00,0.16129032258064516,0.8387096774193549
dmitro parhomenko,michal vedmoch,70,18,4.057142857142857,75.4,2026-04-20 16:00:00,0.2571428571428571,0.7428571428571429
dmitro parhomenko,mihail trinta,37,11,3.972972972972973,73.75675675675676,2025-11-30 16:00:00,0.2972972972972973,0.7027027027027026
dmitro parhomenko,miroslav adamec,26,12,3.9615384615384617,73.73076923076923,2025-11-10 01:30:00,0.46153846153846156,0.5384615384615384
dmitro parhomenko,ondrej kucirek,23,5,4.086956521739131,74.69565217391305,2026-03-13 02:30:00,0.21739130434782608,0.782608695652174
dmitro parhomenko,petr picek,33,10,3.9696969696969697,75.3030303030303,2026-03-13 01:30:00,0.30303030303030304,0.696969696969697
dmitro parhomenko,radek bartunek,22,3,4.409090909090909,81.31818181818181,2025-08-30 00:30:00,0.13636363636363635,0.8636363636363636
dmitro parhomenko,radim pavelka,23,4,4.217391304347826,79.21739130434783,2026-04-17 06:00:00,0.17391304347826086,0.8260869565217391
dmitro parhomenko,rotislav hasmanda,46,13,4.086956521739131,75.30434782608695,2025-11-27 08:30:00,0.2826086956521739,0.7173913043478262
dmitro parhomenko,stanislav olejarcik,78,27,3.9615384615384617,75.14102564102564,2026-01-14 14:00:00,0.34615384615384615,0.6538461538461539
dmitro parhomenko,tomas andrle,45,13,4.111111111111111,77.4888888888889,2026-03-24 07:00:00,0.28888888888888886,0.7111111111111111
dmitro parhomenko,tomas barta,62,20,4.016129032258065,75.04838709677419,2026-04-14 12:30:00,0.3225806451612903,0.6774193548387097
dmitro parhomenko,tomas dousa,22,9,4.045454545454546,74.95454545454545,2026-04-14 21:30:00,0.4090909090909091,0.5909090909090908
dmitro parhomenko,tomas regner,20,7,4.0,76.75,2025-05-29 08:00:00,0.35,0.65
dmitro parhomenko,vaclav dolezal,24,6,4.041666666666667,74.0,2025-08-19 23:00:00,0.25,0.75
dmitro parhomenko,vaclav hruska sr,31,9,4.032258064516129,76.16129032258064,2025-08-30 19:00:00,0.2903225806451613,0.7096774193548387
dmitro parhomenko,vladimir havlicek,26,7,3.923076923076923,73.46153846153847,2026-03-24 10:30:00,0.2692307692307692,0.7307692307692308
dmitro parhomenko,yurii holovatiuk,53,20,3.8867924528301887,72.79245283018868,2026-03-12 22:30:00,0.37735849056603776,0.6226415094339622
dominik kuzma,jan sucharda,39,9,4.282051282051282,80.94871794871794,2024-04-26 01:00:00,0.23076923076923078,0.7692307692307692
dominik kuzma,martin sobisek,39,9,4.128205128205129,77.17948717948718,2024-04-24 03:00:00,0.23076923076923078,0.7692307692307692
dominik kuzma,milan klement,44,9,4.204545454545454,78.45454545454545,2024-04-10 00:30:00,0.20454545454545456,0.7954545454545454
dominik kuzma,milan urban,29,7,3.9655172413793105,73.41379310344827,2023-12-14 22:00:00,0.2413793103448276,0.7586206896551724
dominik kuzma,patrik pycha,26,8,3.9615384615384617,74.76923076923077,2024-03-31 02:00:00,0.3076923076923077,0.6923076923076923
dominik lengal,jan volhejn,79,32,3.8734177215189876,72.27848101265823,2025-06-28 20:30:00,0.4050632911392405,0.5949367088607596
dominik lengal,martin kucera,29,2,4.551724137931035,84.65517241379311,2025-06-29 15:00:00,0.06896551724137931,0.9310344827586207
dominik lengal,martin mastera,27,15,3.5925925925925926,66.51851851851852,2025-06-21 08:00:00,0.5555555555555556,0.4444444444444444
dominik lengal,michal zobac,105,36,4.0476190476190474,75.17142857142858,2025-06-29 17:30:00,0.34285714285714286,0.6571428571428571
dominik lengal,radek krcal,40,14,3.975,74.9,2025-06-21 09:30:00,0.35,0.65
dominik lengal,tomas bartik,86,22,4.127906976744186,77.15116279069767,2025-06-28 19:30:00,0.2558139534883721,0.7441860465116279
dominik oborny,jakub levicky,36,5,4.277777777777778,81.16666666666667,2026-03-28 15:00:00,0.1388888888888889,0.8611111111111112
dusan stusek,kyryl darin,26,9,4.076923076923077,76.5,2024-06-24 16:30:00,0.34615384615384615,0.6538461538461539
dusan stusek,milan zika,28,13,3.75,69.07142857142857,2024-06-17 09:00:00,0.4642857142857143,0.5357142857142857
dusan stusek,petr jochym,20,8,4.0,75.6,2024-06-11 11:30:00,0.4,0.6
dusan stusek,vlastimil pszczolka,25,4,4.08,76.96,2024-06-17 07:30:00,0.16,0.84
eduard sionkala,jiri stach,20,5,4.2,78.7,2026-03-24 11:30:00,0.25,0.75
erik mares,jakub boruvka,31,14,3.870967741935484,71.74193548387096,2025-03-25 22:00:00,0.45161290322580644,0.5483870967741935
erik mares,jakub vales,27,11,4.0,76.77777777777777,2026-01-23 19:30:00,0.4074074074074074,0.5925925925925926
erik mares,jan cernik,22,9,3.8636363636363638,73.86363636363636,2026-01-04 07:30:00,0.4090909090909091,0.5909090909090908
erik mares,jan kanera,72,20,4.097222222222222,77.58333333333333,2026-01-18 14:30:00,0.2777777777777778,0.7222222222222222
erik mares,jan mecl jr,53,9,4.245283018867925,84.50943396226415,2026-01-31 22:30:00,0.16981132075471697,0.8301886792452831
erik mares,jan zajicek,187,57,4.016042780748663,76.0909090909091,2026-01-18 08:30:00,0.3048128342245989,0.6951871657754011
erik mares,josef medek,153,54,3.9673202614379086,74.99346405228758,2026-01-16 20:00:00,0.35294117647058826,0.6470588235294117
erik mares,lukas boruvka,32,12,3.90625,74.3125,2026-01-16 21:00:00,0.375,0.625
erik mares,lukas jindrak,47,12,4.1063829787234045,77.12765957446808,2026-01-28 13:00:00,0.2553191489361702,0.7446808510638299
erik mares,lukas zeman,36,9,4.222222222222222,81.02777777777777,2026-01-25 20:00:00,0.25,0.75
erik mares,marek fabini,48,15,3.9791666666666665,76.75,2025-10-09 14:00:00,0.3125,0.6875
erik mares,martin huk,48,9,4.354166666666667,84.20833333333333,2026-01-23 07:00:00,0.1875,0.8125
erik mares,michal vavrecka,81,13,4.296296296296297,83.76543209876543,2026-01-31 20:00:00,0.16049382716049382,0.8395061728395061
erik mares,michal zahradka,33,8,4.0606060606060606,78.0,2026-01-31 21:30:00,0.24242424242424243,0.7575757575757576
erik mares,ondrej novak,29,10,3.9655172413793105,78.27586206896552,2025-08-20 21:00:00,0.3448275862068966,0.6551724137931034
erik mares,pavel gireth,52,15,4.0,74.42307692307692,2025-12-29 22:02:00,0.28846153846153844,0.7115384615384616
erik mares,petr macela,103,29,4.087378640776699,78.16504854368932,2025-12-31 12:30:00,0.2815533980582524,0.7184466019417476
erik mares,tadeas zika,23,6,4.043478260869565,77.6086956521739,2025-06-07 19:30:00,0.2608695652173913,0.7391304347826086
erik mares,tomas kos,35,12,3.8857142857142857,73.25714285714285,2026-01-20 09:30:00,0.34285714285714286,0.6571428571428571
erik mares,tomas postelt,182,36,4.291208791208791,81.96153846153847,2026-01-28 10:00:00,0.1978021978021978,0.8021978021978022
erik mares,tomas prosa,25,7,3.96,78.12,2025-01-23 18:00:00,0.28,0.72
erik mares,tomas turek,123,26,4.211382113821138,80.51219512195122,2025-11-12 14:00:00,0.21138211382113822,0.7886178861788617
erik mares,vaclav hruska jr,20,6,4.05,76.05,2023-05-02 18:00:00,0.3,0.7
erik mares,vojtech koubek,69,30,3.7681159420289854,71.53623188405797,2026-01-18 07:30:00,0.43478260869565216,0.5652173913043479
erik mares,vratislav petracek,90,20,4.155555555555556,81.0111111111111,2026-01-31 07:00:00,0.2222222222222222,0.7777777777777778
erik mares,zdenek bilek,105,22,4.266666666666667,80.17142857142858,2026-01-23 22:30:00,0.20952380952380953,0.7904761904761904
filip dusil,jan manhal,26,7,4.153846153846154,76.96153846153847,2024-09-07 12:30:00,0.2692307692307692,0.7307692307692308
filip dusil,ladislav vosyka,21,5,4.190476190476191,79.0952380952381,2024-09-25 17:10:00,0.23809523809523808,0.7619047619047619
filip sikora,jan dzida,55,14,4.036363636363636,74.67272727272727,2024-06-20 17:30:00,0.2545454545454545,0.7454545454545455
filip sikora,jiri novotny,24,6,4.208333333333333,79.58333333333333,2024-06-03 15:00:00,0.25,0.75
filip sikora,pavel wawrosz,47,14,3.978723404255319,74.74468085106383,2024-06-01 08:00:00,0.2978723404255319,0.7021276595744681
filip sikora,rostislav niezgoda,80,22,4.0875,76.7625,2024-06-20 14:30:00,0.275,0.725
filip theodor,oldrich vrtal,21,6,4.0,73.0,2025-03-22 20:30:00,0.2857142857142857,0.7142857142857143
filip theodor,zbynek pagac,25,5,4.12,75.48,2025-03-23 18:01:00,0.2,0.8
filip zurek,zbynek zientek,20,7,3.9,74.5,2026-04-20 08:00:00,0.35,0.65
frantisek briza,gunar krauter,21,6,3.9523809523809526,73.28571428571429,2024-09-22 21:02:00,0.2857142857142857,0.7142857142857143
frantisek briza,jan briska,37,6,4.378378378378378,83.62162162162163,2026-01-01 03:30:00,0.16216216216216217,0.8378378378378378
frantisek briza,jan jablonovsky,25,10,3.84,73.76,2024-03-01 03:00:00,0.4,0.6
frantisek briza,jan steffan,29,16,3.4482758620689653,60.37931034482759,2025-10-16 00:30:00,0.5517241379310345,0.4482758620689655
frantisek briza,jaroslav novotny,21,4,4.428571428571429,81.0952380952381,2026-01-04 17:30:00,0.19047619047619047,0.8095238095238095
frantisek briza,jaroslav prokupek,55,15,3.9272727272727272,72.6,2026-03-20 04:00:00,0.2727272727272727,0.7272727272727273
frantisek briza,jiri dedek,31,5,4.161290322580645,78.09677419354838,2026-04-06 02:00:00,0.16129032258064516,0.8387096774193549
frantisek briza,jiri plachy,148,42,4.0,74.98648648648648,2026-04-15 18:30:00,0.28378378378378377,0.7162162162162162
frantisek briza,josef belovsky,25,9,4.04,77.08,2025-08-22 14:30:00,0.36,0.64
frantisek briza,kamil novak,127,37,4.031496062992126,75.62992125984252,2026-03-14 15:00:00,0.29133858267716534,0.7086614173228347
frantisek briza,kolar milan,116,34,4.0,74.13793103448276,2026-04-19 02:00:00,0.29310344827586204,0.7068965517241379
frantisek briza,kyryl darin,42,16,4.0,72.9047619047619,2026-04-15 17:00:00,0.38095238095238093,0.6190476190476191
frantisek briza,ladislav janousek,29,7,4.0344827586206895,75.10344827586206,2025-07-24 17:30:00,0.2413793103448276,0.7586206896551724
frantisek briza,lukas rygl,24,8,4.0,75.0,2024-02-11 13:00:00,0.3333333333333333,0.6666666666666667
frantisek briza,marek kostal,23,7,4.086956521739131,76.30434782608695,2025-02-21 01:00:00,0.30434782608695654,0.6956521739130435
frantisek briza,marek placek,70,20,3.9857142857142858,74.35714285714286,2026-04-19 00:00:00,0.2857142857142857,0.7142857142857143
frantisek briza,martin sychra,41,13,3.975609756097561,72.1951219512195,2024-12-12 23:00:00,0.3170731707317073,0.6829268292682926
frantisek briza,michal vedmoch,24,10,3.7083333333333335,71.125,2026-03-23 03:00:00,0.4166666666666667,0.5833333333333333
frantisek briza,mihail trinta,95,29,4.031578947368421,74.56842105263158,2026-02-07 15:30:00,0.30526315789473685,0.6947368421052631
frantisek briza,milan fisera,42,17,4.0,75.23809523809524,2025-09-01 21:30:00,0.40476190476190477,0.5952380952380952
frantisek briza,milan regner,21,7,3.857142857142857,74.23809523809524,2026-02-07 17:30:00,0.3333333333333333,0.6666666666666667
frantisek briza,milan smrcek,61,19,3.9672131147540983,76.27868852459017,2026-03-18 04:00:00,0.3114754098360656,0.6885245901639344
frantisek briza,miroslav adamec,95,25,4.11578947368421,77.4421052631579,2026-01-01 02:30:00,0.2631578947368421,0.736842105263158
frantisek briza,ondrej kucirek,29,11,3.8620689655172415,69.13793103448276,2025-11-20 03:30:00,0.3793103448275862,0.6206896551724138
frantisek briza,pavel fojt,92,22,4.076086956521739,76.32608695652173,2026-04-18 22:30:00,0.2391304347826087,0.7608695652173914
frantisek briza,radim pavelka,58,8,4.172413793103448,78.1896551724138,2026-03-01 22:30:00,0.13793103448275862,0.8620689655172413
frantisek briza,richard krejci,28,8,4.071428571428571,76.0,2025-10-11 01:30:00,0.2857142857142857,0.7142857142857143
frantisek briza,rotislav hasmanda,30,11,3.966666666666667,72.0,2025-12-16 17:30:00,0.36666666666666664,0.6333333333333333
frantisek briza,stanislav olejarcik,26,6,4.153846153846154,80.53846153846153,2025-12-25 15:30:00,0.23076923076923078,0.7692307692307692
frantisek briza,tibor kolenic,69,22,3.9855072463768115,73.79710144927536,2025-12-25 16:30:00,0.3188405797101449,0.6811594202898551
frantisek briza,tomas andrle,60,20,3.8333333333333335,69.81666666666666,2025-12-07 04:00:00,0.3333333333333333,0.6666666666666667
frantisek briza,tomas barta,40,11,4.0,75.525,2025-07-18 03:30:00,0.275,0.725
frantisek briza,tomas dousa,57,14,4.2105263157894735,79.84210526315789,2025-09-09 20:30:00,0.24561403508771928,0.7543859649122807
frantisek briza,tomas janata,42,17,3.7857142857142856,71.16666666666667,2025-10-05 15:30:00,0.40476190476190477,0.5952380952380952
frantisek briza,vladimir cermak,45,11,4.066666666666666,76.22222222222223,2025-06-16 23:00:00,0.24444444444444444,0.7555555555555555
frantisek briza,vladimr postelt,37,9,4.027027027027027,75.27027027027027,2025-10-11 20:00:00,0.24324324324324326,0.7567567567567568
frantisek briza,yurii holovatiuk,59,14,4.237288135593221,79.15254237288136,2026-02-22 04:30:00,0.23728813559322035,0.7627118644067796
frantisek just,jan sucharda,32,9,4.09375,77.03125,2025-08-09 10:00:00,0.28125,0.71875
frantisek just,jaroslav bresky,35,16,3.8857142857142857,72.11428571428571,2025-10-20 17:00:00,0.45714285714285713,0.5428571428571429
frantisek just,jaroslav prokupek,21,15,3.380952380952381,57.523809523809526,2026-03-13 07:00:00,0.7142857142857143,0.2857142857142857
frantisek just,jiri pozarsky,89,31,3.9213483146067416,73.68539325842697,2026-01-26 11:20:00,0.34831460674157305,0.651685393258427
frantisek just,jiri zuzanek,62,17,4.064516129032258,75.09677419354838,2025-09-07 15:00:00,0.27419354838709675,0.7258064516129032
frantisek just,lukas tonar,41,17,3.8780487804878048,72.09756097560975,2025-07-18 15:30:00,0.4146341463414634,0.5853658536585367
frantisek just,martin sobisek,48,20,3.8541666666666665,72.22916666666667,2026-04-05 02:00:00,0.4166666666666667,0.5833333333333333
frantisek just,martin sychra,24,8,3.9166666666666665,71.20833333333333,2026-02-13 18:00:00,0.3333333333333333,0.6666666666666667
frantisek just,michal vondrak,21,7,4.0476190476190474,77.33333333333333,2025-12-28 17:30:00,0.3333333333333333,0.6666666666666667
frantisek just,milan klement,31,16,3.7419354838709675,68.58064516129032,2025-08-13 07:00:00,0.5161290322580645,0.4838709677419355
frantisek just,miroslav svedik,24,7,3.9583333333333335,71.83333333333333,2025-08-09 13:00:00,0.2916666666666667,0.7083333333333333
frantisek just,patrik pycha,48,22,3.75,67.75,2026-01-10 14:30:00,0.4583333333333333,0.5416666666666667
frantisek just,simon kadavy,43,13,4.0,75.93023255813954,2025-10-29 18:30:00,0.3023255813953488,0.6976744186046512
frantisek just,tomas holik,22,2,4.5,84.95454545454545,2025-08-13 06:00:00,0.09090909090909091,0.9090909090909091
frantisek just,vladimir cermak,27,6,4.037037037037037,75.44444444444444,2026-03-25 01:30:00,0.2222222222222222,0.7777777777777778
frantisek just,vladimr postelt,22,10,3.590909090909091,63.31818181818182,2025-10-27 23:00:00,0.45454545454545453,0.5454545454545454
gunar krauter,jaroslav prokupek,25,3,4.04,76.44,2024-10-01 22:30:00,0.12,0.88
gunar krauter,jiri plachy,39,10,4.205128205128205,78.41025641025641,2024-09-26 11:30:00,0.2564102564102564,0.7435897435897436
gunar krauter,lukas malek,22,5,4.2272727272727275,79.18181818181819,2024-08-22 13:04:00,0.22727272727272727,0.7727272727272727
gunar krauter,marek placek,22,5,4.136363636363637,79.0,2024-09-25 10:00:00,0.22727272727272727,0.7727272727272727
gunar krauter,pavel fojt,23,5,4.086956521739131,73.95652173913044,2024-09-23 23:00:00,0.21739130434782608,0.782608695652174
gunar krauter,tomas janata,29,4,4.275862068965517,80.55172413793103,2024-09-28 00:30:00,0.13793103448275862,0.8620689655172413
gunar krauter,vladimir cermak,29,6,4.206896551724138,80.13793103448276,2024-10-02 17:01:00,0.20689655172413793,0.7931034482758621
ivan vitsek,jaroslav prokupek,31,13,3.774193548387097,71.29032258064517,2026-04-12 16:30:00,0.41935483870967744,0.5806451612903225
ivan vitsek,jiri plachy,20,3,4.15,78.05,2026-03-28 01:30:00,0.15,0.85
ivan vitsek,martin sychra,25,4,4.32,82.12,2025-09-28 16:00:00,0.16,0.84
ivan vitsek,patrik pycha,28,4,4.107142857142857,73.92857142857143,2026-04-04 23:30:00,0.14285714285714285,0.8571428571428572
ivan vitsek,tomas barta,23,5,4.217391304347826,76.91304347826087,2026-04-05 00:30:00,0.21739130434782608,0.782608695652174
ivan vitsek,tomas janata,26,4,4.384615384615385,83.0,2026-04-18 03:02:00,0.15384615384615385,0.8461538461538461
ivan vitsek,vladimir cermak,36,13,3.9722222222222223,72.08333333333333,2026-03-14 02:30:00,0.3611111111111111,0.6388888888888888
ivan vitsek,vladimr postelt,25,7,4.08,76.4,2026-02-21 04:00:00,0.28,0.72
ivo palmi,jaromir kanok,33,10,4.121212121212121,75.96969696969697,2024-06-15 10:30:00,0.30303030303030304,0.696969696969697
ivo palmi,jiri motak,21,5,3.9523809523809526,74.47619047619048,2024-06-28 10:30:00,0.23809523809523808,0.7619047619047619
ivo palmi,kanak alois,26,9,3.9615384615384617,73.03846153846153,2024-06-05 16:30:00,0.34615384615384615,0.6538461538461539
ivo palmi,martin stefek,25,4,4.44,86.76,2024-05-21 15:30:00,0.16,0.84
jakub boruvka,jan zajicek,43,16,3.744186046511628,69.69767441860465,2025-04-08 18:30:00,0.37209302325581395,0.627906976744186
jakub boruvka,josef medek,41,13,3.975609756097561,73.53658536585365,2025-04-08 19:00:00,0.3170731707317073,0.6829268292682926
jakub boruvka,lukas boruvka,28,7,4.214285714285714,79.71428571428571,2025-04-01 20:00:00,0.25,0.75
jakub hradecky,jakub tazler,20,5,3.9,69.2,2026-03-27 07:00:00,0.25,0.75
jakub hradecky,jaroslav prokupek,26,9,3.9615384615384617,75.15384615384616,2026-04-14 22:00:00,0.34615384615384615,0.6538461538461539
jakub hradecky,jiri pozarsky,31,11,4.032258064516129,74.29032258064517,2026-04-06 14:00:00,0.3548387096774194,0.6451612903225806
jakub hradecky,martin sobisek,32,12,3.9375,75.8125,2026-04-03 15:30:00,0.375,0.625
jakub hradecky,martin sychra,34,9,4.088235294117647,76.0,2026-04-08 22:00:00,0.2647058823529412,0.7352941176470589
jakub hradecky,patrik pycha,50,19,3.88,71.08,2026-03-28 23:00:00,0.38,0.62
jakub hradecky,simon kadavy,26,8,4.230769230769231,79.42307692307692,2026-03-13 11:00:00,0.3076923076923077,0.6923076923076923
jakub hradecky,vladimir cermak,21,8,3.857142857142857,70.57142857142857,2026-03-25 02:30:00,0.38095238095238093,0.6190476190476191
jakub hradecky,vladimr postelt,21,5,4.0476190476190474,73.23809523809524,2025-12-29 15:30:00,0.23809523809523808,0.7619047619047619
jakub kycelt,jiri ruzicka,36,11,4.0,73.02777777777777,2026-04-15 00:00:00,0.3055555555555556,0.6944444444444444
jakub kycelt,lukas zeman,22,5,4.363636363636363,80.86363636363636,2026-04-02 21:30:00,0.22727272727272727,0.7727272727272727
jakub kycelt,martin huk,27,12,3.7037037037037037,67.88888888888889,2026-04-03 06:30:00,0.4444444444444444,0.5555555555555556
jakub kycelt,michal vavrecka,48,13,4.020833333333333,73.91666666666667,2026-04-20 23:00:00,0.2708333333333333,0.7291666666666667
jakub kycelt,ondrej svacha,20,7,4.0,72.8,2026-01-22 04:30:00,0.35,0.65
jakub kycelt,rostyslav kliucuk,26,8,4.076923076923077,72.15384615384616,2025-06-01 22:00:00,0.3076923076923077,0.6923076923076923
jakub kycelt,vratislav petracek,44,6,4.2727272727272725,79.31818181818181,2026-04-21 02:00:00,0.13636363636363635,0.8636363636363636
jakub kycelt,zbynek pagac,32,14,3.71875,68.375,2025-05-05 07:00:00,0.4375,0.5625
jakub levicky,kyryl darin,29,7,4.206896551724138,81.79310344827586,2025-10-04 06:00:00,0.2413793103448276,0.7586206896551724
jakub levicky,marcel heczko,33,5,4.333333333333333,80.12121212121212,2026-04-20 12:00:00,0.15151515151515152,0.8484848484848485
jakub levicky,marek blejchar,21,6,4.0476190476190474,79.80952380952381,2026-03-22 22:00:00,0.2857142857142857,0.7142857142857143
jakub levicky,milan zika,21,3,4.190476190476191,77.80952380952381,2024-05-19 16:00:00,0.14285714285714285,0.8571428571428572
jakub levicky,radomir vavrecka,27,8,4.0,75.0,2026-04-16 19:30:00,0.2962962962962963,0.7037037037037037
jakub levicky,zbynek zientek,23,7,4.0,75.34782608695652,2023-12-09 22:30:00,0.30434782608695654,0.6956521739130435
jakub stolfa,jaroslav prokupek,41,10,4.097560975609756,76.04878048780488,2026-01-27 13:00:00,0.24390243902439024,0.7560975609756098
jakub stolfa,marek kostal,25,7,4.12,78.76,2026-02-21 10:30:00,0.28,0.72
jakub tazler,jaroslav prokupek,53,14,4.037735849056604,73.33962264150944,2026-02-13 11:00:00,0.2641509433962264,0.7358490566037736
jakub tazler,jiri plachy,28,10,3.9285714285714284,75.0,2025-11-16 00:30:00,0.35714285714285715,0.6428571428571428
jakub tazler,jiri pozarsky,31,10,3.935483870967742,74.3225806451613,2026-03-27 13:00:00,0.3225806451612903,0.6774193548387097
jakub tazler,jiri zuzanek,26,12,3.8076923076923075,70.65384615384616,2026-03-15 20:00:00,0.46153846153846156,0.5384615384615384
jakub tazler,martin sobisek,36,13,3.9444444444444446,74.5,2026-03-28 22:00:00,0.3611111111111111,0.6388888888888888
jakub tazler,martin sychra,37,12,4.0,74.72972972972973,2026-03-19 09:00:00,0.32432432432432434,0.6756756756756757
jakub tazler,patrik pycha,50,17,3.98,74.88,2026-03-08 02:00:00,0.34,0.6599999999999999
jakub tazler,simon kadavy,25,1,4.44,84.4,2026-03-28 21:00:00,0.04,0.96
jakub tazler,tomas barta,25,4,4.12,76.84,2026-02-16 22:00:00,0.16,0.84
jakub tazler,tomas janata,28,9,4.0,74.07142857142857,2026-03-20 03:30:00,0.32142857142857145,0.6785714285714286
jakub tazler,tomas vinter,23,4,4.086956521739131,79.04347826086956,2026-03-29 13:30:00,0.17391304347826086,0.8260869565217391
jakub tazler,vladimir cermak,33,11,3.909090909090909,74.21212121212122,2026-03-29 10:00:00,0.3333333333333333,0.6666666666666667
jakub tazler,vladimr postelt,32,9,4.125,76.5625,2025-09-23 01:30:00,0.28125,0.71875
jakub vales,michal vavrecka,41,15,3.8292682926829267,71.82926829268293,2026-03-18 04:30:00,0.36585365853658536,0.6341463414634146
jakub vales,tomas postelt,22,4,4.318181818181818,83.9090909090909,2026-04-16 16:30:00,0.18181818181818182,0.8181818181818181
jakub vales,vojtech koubek,20,4,4.05,78.2,2026-04-16 17:30:00,0.2,0.8
jakub vales,vratislav petracek,33,12,3.9696969696969697,76.78787878787878,2026-04-20 20:00:00,0.36363636363636365,0.6363636363636364
jan blazek,rostyslav kliucuk,32,8,4.125,78.71875,2025-04-13 06:00:00,0.25,0.75
jan briska,jaroslav prokupek,40,8,4.25,79.7,2025-05-04 09:00:00,0.2,0.8
jan briska,jiri plachy,53,6,4.509433962264151,85.56603773584905,2025-05-07 22:00:00,0.11320754716981132,0.8867924528301887
jan briska,josef belovsky,49,3,4.489795918367347,86.91836734693878,2025-04-18 08:30:00,0.061224489795918366,0.9387755102040817
jan briska,kamil novak,23,1,4.478260869565218,87.43478260869566,2025-04-18 06:30:00,0.043478260869565216,0.9565217391304348
jan briska,kolar milan,25,4,4.36,80.48,2026-04-06 06:30:00,0.16,0.84
jan briska,kyryl darin,20,5,4.15,79.1,2026-01-21 11:00:00,0.25,0.75
jan briska,ladislav janousek,21,2,4.380952380952381,83.61904761904762,2025-02-18 12:30:00,0.09523809523809523,0.9047619047619048
jan briska,lukas malek,32,5,4.21875,79.0625,2025-11-19 14:04:00,0.15625,0.84375
jan briska,marek kostal,33,5,4.303030303030303,81.42424242424242,2025-05-04 06:00:00,0.15151515151515152,0.8484848484848485
jan briska,marek placek,44,8,4.340909090909091,85.45454545454545,2026-01-03 01:30:00,0.18181818181818182,0.8181818181818181
jan briska,martin sychra,22,3,4.454545454545454,81.9090909090909,2025-03-01 20:30:00,0.13636363636363635,0.8636363636363636
jan briska,mihail trinta,33,7,4.121212121212121,79.0,2026-01-24 18:30:00,0.21212121212121213,0.7878787878787878
jan briska,milan regner,26,5,4.269230769230769,82.76923076923077,2026-04-06 07:00:00,0.19230769230769232,0.8076923076923077
jan briska,miroslav adamec,20,2,4.4,83.45,2026-01-01 00:30:00,0.1,0.9
jan briska,radim pavelka,37,9,4.162162162162162,78.43243243243244,2025-05-19 22:30:00,0.24324324324324326,0.7567567567567568
jan briska,rotislav hasmanda,26,3,4.3076923076923075,84.07692307692308,2026-01-20 14:09:00,0.11538461538461539,0.8846153846153846
jan briska,tomas andrle,37,2,4.513513513513513,87.5945945945946,2026-01-11 08:00:00,0.05405405405405406,0.9459459459459459
jan briska,tomas janata,29,4,4.206896551724138,78.93103448275862,2025-05-08 00:30:00,0.13793103448275862,0.8620689655172413
jan briska,vaclav dolezal,26,5,4.5,87.03846153846153,2026-03-21 04:30:00,0.19230769230769232,0.8076923076923077
jan briska,vladimir cermak,31,7,4.225806451612903,78.6774193548387,2025-04-26 03:00:00,0.22580645161290322,0.7741935483870968
jan briska,vladimr postelt,40,7,4.225,80.125,2025-05-13 17:03:00,0.175,0.825
jan cernik,jan zajicek,21,10,3.8095238095238093,66.61904761904762,2026-02-14 13:00:00,0.47619047619047616,0.5238095238095238
jan cernik,michal vavrecka,29,8,4.0,77.93103448275862,2026-03-27 00:00:00,0.27586206896551724,0.7241379310344828
jan cernik,tomas turek,23,11,3.652173913043478,69.56521739130434,2025-11-17 18:30:00,0.4782608695652174,0.5217391304347826
jan cernik,vratislav petracek,36,11,4.166666666666667,76.75,2026-03-27 03:30:00,0.3055555555555556,0.6944444444444444
jan dzida,jiri novotny,22,6,4.090909090909091,75.54545454545455,2024-06-03 16:00:00,0.2727272727272727,0.7272727272727273
jan dzida,martin biolek,59,19,3.9322033898305087,72.45762711864407,2026-04-14 21:30:00,0.3220338983050847,0.6779661016949152
jan dzida,ondrej paril,27,10,3.888888888888889,75.4074074074074,2026-04-14 20:00:00,0.37037037037037035,0.6296296296296297
jan dzida,pavel wawrosz,54,11,4.2407407407407405,79.31481481481481,2026-04-04 18:00:00,0.2037037037037037,0.7962962962962963
jan dzida,rene kowal,20,6,4.05,72.5,2024-06-27 19:30:00,0.3,0.7
jan dzida,rostislav niezgoda,56,17,4.142857142857143,77.07142857142857,2024-06-27 20:00:00,0.30357142857142855,0.6964285714285714
jan jablonovsky,jaroslav prokupek,26,10,3.8461538461538463,71.38461538461539,2023-10-09 02:30:00,0.38461538461538464,0.6153846153846154
jan jablonovsky,jiri plachy,35,11,4.0285714285714285,74.14285714285714,2024-02-20 23:30:00,0.3142857142857143,0.6857142857142857
jan jablonovsky,josef belovsky,20,3,4.25,79.55,2023-09-07 12:00:00,0.15,0.85
jan jablonovsky,kamil novak,24,4,4.208333333333333,78.58333333333333,2023-10-11 01:00:00,0.16666666666666666,0.8333333333333334
jan jablonovsky,marek placek,21,9,3.857142857142857,72.0952380952381,2024-03-28 02:30:00,0.42857142857142855,0.5714285714285714
jan jablonovsky,miroslav adamec,26,7,4.076923076923077,78.03846153846153,2023-11-30 02:30:00,0.2692307692307692,0.7307692307692308
jan jablonovsky,rotislav hasmanda,20,6,4.05,76.65,2024-02-14 02:30:00,0.3,0.7
jan jablonovsky,tomas andrle,24,9,3.8333333333333335,69.29166666666667,2024-03-27 23:30:00,0.375,0.625
jan jirout,jan volhejn,26,6,4.1923076923076925,78.07692307692308,2025-03-05 17:30:00,0.23076923076923078,0.7692307692307692
jan jirout,michal zobac,29,7,4.103448275862069,76.20689655172414,2025-02-19 16:30:00,0.2413793103448276,0.7586206896551724
jan jirout,radek krcal,29,5,4.068965517241379,75.27586206896552,2025-03-05 18:00:00,0.1724137931034483,0.8275862068965517
jan jirout,tomas bartik,39,9,4.051282051282051,75.25641025641026,2025-03-05 16:00:00,0.23076923076923078,0.7692307692307692
jan jr varcl,josef belovsky,20,7,4.05,78.85,2026-01-29 09:00:00,0.35,0.65
jan jr varcl,kyryl darin,24,2,4.416666666666667,84.625,2026-02-19 10:30:00,0.08333333333333333,0.9166666666666666
jan jr varcl,mihail trinta,27,12,3.814814814814815,70.66666666666667,2026-03-11 09:00:00,0.4444444444444444,0.5555555555555556
jan kabelka,ladislav svanda,44,10,4.181818181818182,81.52272727272727,2025-05-25 18:30:00,0.22727272727272727,0.7727272727272727
jan kabelka,miroslav cyrus,28,8,4.107142857142857,75.96428571428571,2025-06-05 19:00:00,0.2857142857142857,0.7142857142857143
jan kabelka,ondrej pros,24,4,4.333333333333333,83.54166666666667,2025-06-16 20:00:00,0.16666666666666666,0.8333333333333334
jan kabelka,petr svec,59,15,4.084745762711864,77.45762711864407,2025-05-08 18:00:00,0.2542372881355932,0.7457627118644068
jan kabelka,petr svoboda,27,8,4.111111111111111,78.22222222222223,2024-08-02 19:30:00,0.2962962962962963,0.7037037037037037
jan kabelka,roman laznicka,27,8,4.074074074074074,78.07407407407408,2025-05-25 19:30:00,0.2962962962962963,0.7037037037037037
jan kanera,jan mecl jr,90,16,4.2444444444444445,80.64444444444445,2026-04-19 08:30:00,0.17777777777777778,0.8222222222222222
jan kanera,jiri nesnera,75,14,4.253333333333333,78.46666666666667,2026-02-11 15:30:00,0.18666666666666668,0.8133333333333334
jan kanera,jiri ruzicka,39,6,4.205128205128205,80.1025641025641,2026-04-12 13:00:00,0.15384615384615385,0.8461538461538461
jan kanera,josef kutifel,24,2,4.375,87.45833333333333,2023-05-10 17:30:00,0.08333333333333333,0.9166666666666666
jan kanera,josef obeslo jr,22,7,4.0,78.13636363636364,2025-10-12 09:00:00,0.3181818181818182,0.6818181818181819
jan kanera,lukas jindrak,107,38,4.037383177570093,75.33644859813084,2026-02-05 18:30:00,0.35514018691588783,0.6448598130841121
jan kanera,marek fabini,48,11,4.1875,78.125,2026-03-19 15:00:00,0.22916666666666666,0.7708333333333334
jan kanera,martin huk,106,24,4.1415094339622645,78.5,2026-04-11 13:00:00,0.22641509433962265,0.7735849056603774
jan kanera,michal jezek,41,2,4.341463414634147,81.60975609756098,2026-03-26 18:30:00,0.04878048780487805,0.9512195121951219
jan kanera,michal vavrecka,36,10,4.111111111111111,78.33333333333333,2026-04-19 06:30:00,0.2777777777777778,0.7222222222222222
jan kanera,michal zahradka,77,10,4.337662337662338,82.66233766233766,2026-03-12 16:30:00,0.12987012987012986,0.8701298701298701
jan kanera,pavel gireth,81,21,4.037037037037037,75.74074074074075,2026-02-26 15:30:00,0.25925925925925924,0.7407407407407407
jan kanera,petr bradach,26,4,4.230769230769231,79.76923076923077,2026-02-05 17:30:00,0.15384615384615385,0.8461538461538461
jan kanera,radek rose,34,9,4.029411764705882,76.5,2025-12-21 12:30:00,0.2647058823529412,0.7352941176470589
jan kanera,rostyslav kliucuk,38,14,3.8157894736842106,72.10526315789474,2025-04-01 15:30:00,0.3684210526315789,0.631578947368421
jan kanera,tadeas zika,61,13,4.262295081967213,82.78688524590164,2025-06-07 09:00:00,0.21311475409836064,0.7868852459016393
jan kanera,tomas kos,22,9,3.8181818181818183,71.72727272727273,2025-12-27 17:30:00,0.4090909090909091,0.5909090909090908
jan kanera,tomas postelt,150,24,4.32,83.33333333333333,2026-04-15 17:00:00,0.16,0.84
jan kanera,tomas prosa,95,18,4.189473684210526,80.34736842105264,2026-04-11 10:00:00,0.18947368421052632,0.8105263157894737
jan kanera,tomas turek,175,35,4.2057142857142855,79.97714285714285,2025-11-09 09:00:00,0.2,0.8
jan kanera,vojtech koubek,92,25,4.043478260869565,75.8586956521739,2026-02-01 11:30:00,0.2717391304347826,0.7282608695652174
jan kanera,vratislav petracek,55,16,3.963636363636364,75.89090909090909,2026-04-19 09:30:00,0.2909090909090909,0.7090909090909091
jan kanera,zdenek bilek,98,20,4.13265306122449,78.54081632653062,2025-07-14 15:30:00,0.20408163265306123,0.7959183673469388
jan krupnik,kamil kleprlik,27,3,4.407407407407407,84.0,2024-05-08 10:30:00,0.1111111111111111,0.8888888888888888
jan krupnik,zbynek pagac,23,2,4.391304347826087,84.3913043478261,2024-06-22 20:00:00,0.08695652173913043,0.9130434782608696
jan lovl,jan manhal,29,9,4.103448275862069,75.34482758620689,2025-06-29 06:00:00,0.3103448275862069,0.6896551724137931
jan lovl,jan ruzicka,50,15,3.96,71.28,2025-05-31 11:00:00,0.3,0.7
jan lovl,jaromir kriz,23,5,4.173913043478261,77.21739130434783,2025-05-16 15:00:00,0.21739130434782608,0.782608695652174
jan lovl,josef koutnik,34,9,4.0,73.79411764705883,2023-10-01 10:00:00,0.2647058823529412,0.7352941176470589
jan lovl,josef vanek,32,8,4.0625,75.78125,2025-06-10 09:30:00,0.25,0.75
jan lovl,ladislav vosyka,37,9,4.108108108108108,77.37837837837837,2025-06-29 07:30:00,0.24324324324324326,0.7567567567567568
jan lovl,pavel chvatal,29,13,3.896551724137931,73.24137931034483,2025-06-29 09:02:00,0.4482758620689655,0.5517241379310345
jan lovl,radek fnukal,45,11,4.066666666666666,76.4888888888889,2025-06-08 10:30:00,0.24444444444444444,0.7555555555555555
jan lovl,radek vosyka,34,13,3.8823529411764706,72.5,2025-04-08 07:00:00,0.38235294117647056,0.6176470588235294
jan lovl,radim pokorny,36,5,4.25,80.47222222222223,2025-05-22 07:00:00,0.1388888888888889,0.8611111111111112
jan lovl,stanislav hudec,40,11,4.1,75.9,2025-06-10 07:30:00,0.275,0.725
jan manhal,jan ruzicka,35,9,4.057142857142857,76.74285714285715,2025-06-23 15:00:00,0.2571428571428571,0.7428571428571429
jan manhal,jaromir kriz,20,9,3.9,75.25,2025-05-27 17:30:00,0.45,0.55
jan manhal,josef vanek,32,9,4.09375,78.4375,2025-06-20 13:04:00,0.28125,0.71875
jan manhal,ladislav vosyka,24,5,4.083333333333333,77.04166666666667,2025-06-29 09:30:00,0.20833333333333334,0.7916666666666666
jan manhal,pavel chvatal,45,14,4.133333333333334,78.06666666666666,2025-06-29 07:00:00,0.3111111111111111,0.6888888888888889
jan manhal,radek fnukal,21,7,3.857142857142857,72.19047619047619,2025-06-08 13:11:00,0.3333333333333333,0.6666666666666667
jan manhal,radim pokorny,22,6,4.090909090909091,76.36363636363636,2025-06-20 11:30:00,0.2727272727272727,0.7272727272727273
jan manhal,stanislav hudec,33,9,4.090909090909091,75.15151515151516,2025-04-25 13:30:00,0.2727272727272727,0.7272727272727273
jan manhal,vitezslav malina,34,12,4.147058823529412,78.41176470588235,2024-12-18 12:00:00,0.35294117647058826,0.6470588235294117
jan manhal,vlastimil kaisler,24,6,4.041666666666667,75.08333333333333,2024-12-10 11:30:00,0.25,0.75
jan manhal sr,jiri vesely senior,20,7,4.05,74.75,2025-06-24 08:30:00,0.35,0.65
jan manhal sr,josef musil,39,13,4.0256410256410255,75.12820512820512,2025-05-07 11:00:00,0.3333333333333333,0.6666666666666667
jan manhal sr,petr holas,23,7,3.869565217391304,73.3913043478261,2025-06-12 11:30:00,0.30434782608695654,0.6956521739130435
jan manhal sr,tomas brezna,25,7,4.08,74.64,2024-01-15 14:00:00,0.28,0.72
jan mecl jr,jiri nesnera,23,4,4.217391304347826,79.65217391304348,2026-03-11 15:30:00,0.17391304347826086,0.8260869565217391
jan mecl jr,jiri ruzicka,58,15,3.9655172413793105,75.94827586206897,2026-04-13 07:00:00,0.25862068965517243,0.7413793103448276
jan mecl jr,karel smidt,26,1,4.3076923076923075,81.5,2025-02-28 10:30:00,0.038461538461538464,0.9615384615384616
jan mecl jr,lukas jindrak,52,16,3.923076923076923,74.26923076923077,2026-01-29 08:30:00,0.3076923076923077,0.6923076923076923
jan mecl jr,lukas zeman,37,8,4.135135135135135,77.51351351351352,2026-03-24 10:00:00,0.21621621621621623,0.7837837837837838
jan mecl jr,marek fabini,24,4,4.208333333333333,80.66666666666667,2026-03-19 16:30:00,0.16666666666666666,0.8333333333333334
jan mecl jr,martin huk,147,29,4.204081632653061,79.79591836734694,2026-04-15 21:30:00,0.19727891156462585,0.8027210884353742
jan mecl jr,matous klimenta,33,9,4.242424242424242,79.93939393939394,2025-12-25 21:00:00,0.2727272727272727,0.7272727272727273
jan mecl jr,michal jezek,47,12,4.0212765957446805,76.04255319148936,2026-03-26 17:30:00,0.2553191489361702,0.7446808510638299
jan mecl jr,michal vavrecka,84,16,4.214285714285714,81.23809523809524,2026-04-19 09:00:00,0.19047619047619047,0.8095238095238095
jan mecl jr,michal zahradka,89,25,4.157303370786517,78.07865168539325,2026-04-15 18:00:00,0.2808988764044944,0.7191011235955056
jan mecl jr,ondrej svacha,48,11,4.125,78.33333333333333,2025-09-16 21:00:00,0.22916666666666666,0.7708333333333334
jan mecl jr,petr bradach,29,12,3.9310344827586206,74.93103448275862,2026-02-24 15:00:00,0.41379310344827586,0.5862068965517242
jan mecl jr,petr korp,24,9,3.9583333333333335,75.375,2023-09-16 09:30:00,0.375,0.625
jan mecl jr,radek rose,26,8,4.038461538461538,76.07692307692308,2025-07-30 14:00:00,0.3076923076923077,0.6923076923076923
jan mecl jr,rostyslav kliucuk,86,14,4.27906976744186,83.80232558139535,2025-02-09 17:00:00,0.16279069767441862,0.8372093023255813
jan mecl jr,tadeas zika,77,22,4.103896103896104,79.96103896103897,2025-05-28 18:00:00,0.2857142857142857,0.7142857142857143
jan mecl jr,tomas kos,22,4,4.318181818181818,83.5909090909091,2026-01-20 15:00:00,0.18181818181818182,0.8181818181818181
jan mecl jr,tomas postelt,58,11,4.224137931034483,79.36206896551724,2026-03-17 15:30:00,0.1896551724137931,0.8103448275862069
jan mecl jr,tomas prosa,35,10,4.0285714285714285,77.25714285714285,2026-03-04 16:30:00,0.2857142857142857,0.7142857142857143
jan mecl jr,tomas turek,119,20,4.201680672268908,82.59663865546219,2025-11-07 16:00:00,0.16806722689075632,0.8319327731092436
jan mecl jr,vojtech koubek,24,7,3.9166666666666665,73.66666666666667,2026-01-29 20:00:00,0.2916666666666667,0.7083333333333333
jan mecl jr,vratislav petracek,89,17,4.235955056179775,81.0561797752809,2026-04-19 06:00:00,0.19101123595505617,0.8089887640449438
jan mecl jr,yirzhi louda,26,6,3.9615384615384617,73.6923076923077,2024-07-21 03:00:00,0.23076923076923078,0.7692307692307692
jan mecl jr,zdenek bilek,23,8,3.9130434782608696,74.78260869565217,2026-01-29 19:00:00,0.34782608695652173,0.6521739130434783
jan pleskot,jan potensky,32,11,3.84375,70.125,2026-01-12 04:30:00,0.34375,0.65625
jan pleskot,jan steffan,58,12,4.137931034482759,76.44827586206897,2026-03-28 10:30:00,0.20689655172413793,0.7931034482758621
jan pleskot,jaromir cernik,39,11,4.076923076923077,76.56410256410257,2024-01-30 04:00:00,0.28205128205128205,0.717948717948718
jan pleskot,jaroslav strnad,27,6,4.185185185185185,76.22222222222223,2026-03-11 23:00:00,0.2222222222222222,0.7777777777777778
jan pleskot,kolar milan,43,21,3.697674418604651,67.79069767441861,2026-04-03 09:10:00,0.4883720930232558,0.5116279069767442
jan pleskot,ladislav havel,53,20,3.8679245283018866,72.32075471698113,2026-04-09 06:30:00,0.37735849056603776,0.6226415094339622
jan pleskot,lubor sulava,377,58,4.339522546419098,81.79840848806366,2026-04-20 07:00:00,0.15384615384615385,0.8461538461538461
jan pleskot,martin stefek,31,6,4.129032258064516,76.16129032258064,2026-04-05 09:00:00,0.1935483870967742,0.8064516129032258
jan pleskot,martin tacinec,35,13,3.942857142857143,74.02857142857142,2026-03-29 07:00:00,0.37142857142857144,0.6285714285714286
jan pleskot,matej perny,25,4,4.24,77.6,2024-09-12 09:30:00,0.16,0.84
jan pleskot,michal syroha,54,16,4.037037037037037,74.24074074074075,2026-03-21 10:07:00,0.2962962962962963,0.7037037037037037
jan pleskot,mihail trinta,39,5,4.153846153846154,77.84615384615384,2026-02-23 10:00:00,0.1282051282051282,0.8717948717948718
jan pleskot,milan regner,29,8,4.068965517241379,74.41379310344827,2026-04-20 08:30:00,0.27586206896551724,0.7241379310344828
jan pleskot,milan smesny,25,5,4.24,77.72,2024-05-11 07:30:00,0.2,0.8
jan pleskot,milan vrabec,28,14,3.857142857142857,70.67857142857143,2024-07-19 23:30:00,0.5,0.5
jan pleskot,miroslav barta,39,11,4.076923076923077,77.48717948717949,2024-11-11 15:00:00,0.28205128205128205,0.717948717948718
jan pleskot,miroslav klimenta,20,2,4.2,77.25,2024-05-15 17:30:00,0.1,0.9
jan pleskot,ondrej kucirek,21,3,4.142857142857143,77.80952380952381,2026-04-09 22:00:00,0.14285714285714285,0.8571428571428572
jan pleskot,petr picek,61,22,3.9836065573770494,73.91803278688525,2025-08-24 00:00:00,0.36065573770491804,0.639344262295082
jan pleskot,radek bartunek,63,21,4.0476190476190474,75.55555555555556,2026-04-14 17:30:00,0.3333333333333333,0.6666666666666667
jan pleskot,rotislav hasmanda,37,7,4.216216216216216,78.8108108108108,2026-04-10 00:30:00,0.1891891891891892,0.8108108108108107
jan pleskot,stanislav olejarcik,61,20,4.032786885245901,75.81967213114754,2025-05-10 22:00:00,0.32786885245901637,0.6721311475409837
jan pleskot,tibor kolenic,41,5,4.487804878048781,84.48780487804878,2025-08-20 21:30:00,0.12195121951219512,0.8780487804878049
jan pleskot,tomas barta,23,8,3.9565217391304346,76.0,2025-07-17 23:00:00,0.34782608695652173,0.6521739130434783
jan pleskot,tomas regner,55,24,3.8363636363636364,71.76363636363637,2026-04-10 02:00:00,0.43636363636363634,0.5636363636363637
jan pleskot,trojan frantisek,25,7,3.96,74.36,2026-04-04 08:00:00,0.28,0.72
jan pleskot,vaclav dolezal,38,13,3.9210526315789473,72.3157894736842,2026-04-18 02:30:00,0.34210526315789475,0.6578947368421053
jan pleskot,vaclav hruska sr,66,21,4.045454545454546,76.25757575757575,2026-02-27 10:30:00,0.3181818181818182,0.6818181818181819
jan pleskot,vladimir kubat,36,4,4.416666666666667,83.72222222222223,2024-04-23 00:30:00,0.1111111111111111,0.8888888888888888
jan pleskot,yurii holovatiuk,40,9,4.05,75.875,2025-08-20 19:30:00,0.225,0.775
jan potensky,jan steffan,24,7,4.041666666666667,76.25,2024-06-06 01:00:00,0.2916666666666667,0.7083333333333333
jan potensky,jaromir cernik,24,11,3.75,69.375,2026-04-13 01:00:00,0.4583333333333333,0.5416666666666667
jan potensky,jiri grohsgott,29,12,3.7241379310344827,67.65517241379311,2026-04-17 02:30:00,0.41379310344827586,0.5862068965517242
jan potensky,jiri svec,56,14,4.160714285714286,78.10714285714286,2026-04-15 09:30:00,0.25,0.75
jan potensky,josef pelikan,31,14,3.903225806451613,68.90322580645162,2026-04-13 02:30:00,0.45161290322580644,0.5483870967741935
jan potensky,kolar milan,20,8,3.95,74.35,2025-02-13 10:30:00,0.4,0.6
jan potensky,ladislav havel,134,38,4.08955223880597,75.05223880597015,2026-02-09 00:00:00,0.2835820895522388,0.7164179104477613
jan potensky,lubor sulava,63,23,3.9365079365079363,73.11111111111111,2025-10-22 07:30:00,0.36507936507936506,0.6349206349206349
jan potensky,ludek madle,41,12,4.024390243902439,74.48780487804878,2026-04-09 23:00:00,0.2926829268292683,0.7073170731707317
jan potensky,matej perny,24,10,3.8333333333333335,69.70833333333333,2024-09-06 07:00:00,0.4166666666666667,0.5833333333333333
jan potensky,michal syroha,20,16,3.2,52.45,2025-07-15 22:30:00,0.8,0.19999999999999996
jan potensky,mihail trinta,33,11,3.9696969696969697,73.51515151515152,2026-01-14 09:30:00,0.3333333333333333,0.6666666666666667
jan potensky,milan chalupnicek,52,17,4.019230769230769,75.01923076923077,2026-03-27 09:00:00,0.3269230769230769,0.6730769230769231
jan potensky,milan vrabec,35,8,4.228571428571429,77.68571428571428,2026-04-15 08:00:00,0.22857142857142856,0.7714285714285715
jan potensky,pavel kulhanek,38,12,3.973684210526316,73.55263157894737,2025-10-29 23:30:00,0.3157894736842105,0.6842105263157895
jan potensky,pavel sprynar,28,7,3.9642857142857144,73.67857142857143,2026-01-16 04:00:00,0.25,0.75
jan potensky,rotislav hasmanda,20,5,3.95,71.0,2026-01-07 09:00:00,0.25,0.75
jan potensky,stanislav mazanek,28,11,3.857142857142857,69.78571428571429,2026-04-10 01:30:00,0.39285714285714285,0.6071428571428572
jan potensky,stanislav pinc,42,13,3.9761904761904763,73.26190476190476,2025-12-19 08:30:00,0.30952380952380953,0.6904761904761905
jan potensky,tibor kolenic,22,6,4.0,73.72727272727273,2025-01-07 07:30:00,0.2727272727272727,0.7272727272727273
jan potensky,tomas regner,47,21,3.851063829787234,68.97872340425532,2026-02-08 23:00:00,0.44680851063829785,0.5531914893617021
jan potensky,trojan frantisek,50,21,3.76,68.28,2026-02-09 01:30:00,0.42,0.5800000000000001
jan potensky,vaclav hruska sr,66,26,3.8333333333333335,68.93939393939394,2026-04-08 09:00:00,0.3939393939393939,0.6060606060606061
jan potensky,zdenek kasinski,32,8,4.09375,74.0625,2025-06-23 06:30:00,0.25,0.75
jan przybyla,richard macura,26,2,4.384615384615385,81.34615384615384,2024-06-18 14:30:00,0.07692307692307693,0.9230769230769231
jan ruzicka,jan vidourek,20,5,4.25,79.8,2025-01-31 19:30:00,0.25,0.75
jan ruzicka,jaromir kriz,21,2,4.428571428571429,83.95238095238095,2025-05-27 16:00:00,0.09523809523809523,0.9047619047619048
jan ruzicka,ladislav vosyka,42,13,4.023809523809524,74.19047619047619,2025-06-23 14:00:00,0.30952380952380953,0.6904761904761905
jan ruzicka,milancakovsky sr,22,5,3.8636363636363638,72.13636363636364,2025-05-27 17:00:00,0.22727272727272727,0.7727272727272727
jan ruzicka,pavel chvatal,21,4,4.095238095238095,76.42857142857143,2025-02-24 16:00:00,0.19047619047619047,0.8095238095238095
jan ruzicka,radek fnukal,20,7,3.85,70.65,2025-06-22 12:00:00,0.35,0.65
jan ruzicka,radek vosyka,20,6,4.05,72.6,2025-05-15 17:30:00,0.3,0.7
jan ruzicka,radim pokorny,22,6,4.136363636363637,75.5909090909091,2025-06-15 13:30:00,0.2727272727272727,0.7272727272727273
jan ruzicka,vitezslav malina,21,6,4.0476190476190474,73.57142857142857,2025-01-03 22:30:00,0.2857142857142857,0.7142857142857143
jan steffan,jaroslav strnad,27,8,4.0,73.66666666666667,2026-03-18 10:30:00,0.2962962962962963,0.7037037037037037
jan steffan,jiri dedek,22,5,4.045454545454546,75.22727272727273,2026-02-18 11:30:00,0.22727272727272727,0.7727272727272727
jan steffan,jiri havel,21,1,4.333333333333333,82.52380952380952,2026-04-17 08:30:00,0.047619047619047616,0.9523809523809523
jan steffan,jiri hyrsl,24,5,4.291666666666667,80.08333333333333,2024-05-12 17:30:00,0.20833333333333334,0.7916666666666666
jan steffan,kolar milan,34,13,3.8823529411764706,68.70588235294117,2026-03-20 10:30:00,0.38235294117647056,0.6176470588235294
jan steffan,kyryl darin,79,27,3.9240506329113924,72.34177215189874,2026-04-15 07:00:00,0.34177215189873417,0.6582278481012658
jan steffan,lubor sulava,70,23,4.014285714285714,75.68571428571428,2025-11-25 20:30:00,0.32857142857142857,0.6714285714285715
jan steffan,lukas krok,61,18,4.098360655737705,75.19672131147541,2026-03-27 20:00:00,0.29508196721311475,0.7049180327868853
jan steffan,lukas malek,72,28,3.9305555555555554,73.11111111111111,2026-04-09 11:00:00,0.3888888888888889,0.6111111111111112
jan steffan,marek placek,43,9,4.116279069767442,77.90697674418605,2026-03-23 01:00:00,0.20930232558139536,0.7906976744186046
jan steffan,martin sychra,21,8,3.857142857142857,72.28571428571429,2024-11-22 23:00:00,0.38095238095238093,0.6190476190476191
jan steffan,michal vedmoch,22,7,3.909090909090909,74.45454545454545,2026-04-15 09:30:00,0.3181818181818182,0.6818181818181819
jan steffan,mihail trinta,37,17,3.72972972972973,68.5945945945946,2026-03-06 02:00:00,0.4594594594594595,0.5405405405405406
jan steffan,milan longin,38,19,3.763157894736842,71.21052631578948,2025-12-12 11:00:00,0.5,0.5
jan steffan,milan smrcek,64,18,4.09375,75.03125,2026-04-10 00:00:00,0.28125,0.71875
jan steffan,miroslav adamec,51,12,4.117647058823529,76.19607843137256,2025-12-07 03:00:00,0.23529411764705882,0.7647058823529411
jan steffan,miroslav barta,44,9,4.159090909090909,78.20454545454545,2024-05-24 21:00:00,0.20454545454545456,0.7954545454545454
jan steffan,ondrej kucirek,59,19,4.101694915254237,76.88135593220339,2026-04-17 23:30:00,0.3220338983050847,0.6779661016949152
jan steffan,pavel kulhanek,51,15,4.0,75.03921568627452,2024-07-08 00:00:00,0.29411764705882354,0.7058823529411764
jan steffan,petr picek,122,26,4.122950819672131,76.1639344262295,2026-04-10 02:00:00,0.21311475409836064,0.7868852459016393
jan steffan,radek bartunek,48,11,4.0,74.72916666666667,2026-04-19 18:30:00,0.22916666666666666,0.7708333333333334
jan steffan,rotislav hasmanda,92,25,4.0978260869565215,76.41304347826087,2025-12-09 14:00:00,0.2717391304347826,0.7282608695652174
jan steffan,stanislav olejarcik,59,15,4.203389830508475,77.44067796610169,2026-01-14 09:00:00,0.2542372881355932,0.7457627118644068
jan steffan,tibor kolenic,26,8,3.9615384615384617,71.03846153846153,2025-05-29 11:00:00,0.3076923076923077,0.6923076923076923
jan steffan,tomas andrle,69,9,4.3478260869565215,82.7536231884058,2026-04-10 03:09:00,0.13043478260869565,0.8695652173913043
jan steffan,tomas barta,61,23,3.8360655737704916,71.81967213114754,2025-06-06 11:30:00,0.3770491803278688,0.6229508196721312
jan steffan,tomas dousa,31,7,4.225806451612903,81.06451612903226,2025-02-21 19:00:00,0.22580645161290322,0.7741935483870968
jan steffan,tomas regner,24,4,4.25,79.5,2026-04-19 21:30:00,0.16666666666666666,0.8333333333333334
jan steffan,vaclav dolezal,35,12,3.857142857142857,71.94285714285714,2026-04-01 11:30:00,0.34285714285714286,0.6571428571428571
jan steffan,vaclav hruska sr,85,32,3.9529411764705884,73.5764705882353,2025-09-01 03:06:00,0.3764705882352941,0.6235294117647059
jan steffan,vladimir havlicek,30,14,3.8333333333333335,72.33333333333333,2026-04-17 09:00:00,0.4666666666666667,0.5333333333333333
jan steffan,yurii holovatiuk,64,18,4.046875,74.90625,2026-01-25 19:00:00,0.28125,0.71875
jan steffan,zdenek kasinski,28,9,4.035714285714286,73.64285714285714,2025-03-24 20:30:00,0.32142857142857145,0.6785714285714286
jan sucharda,jaroslav bresky,26,10,3.8846153846153846,72.07692307692308,2024-11-29 16:30:00,0.38461538461538464,0.6153846153846154
jan sucharda,jiri pozarsky,36,9,4.166666666666667,79.5,2025-08-13 11:00:00,0.25,0.75
jan sucharda,jiri zuzanek,94,37,3.9893617021276597,72.7872340425532,2026-02-27 16:30:00,0.39361702127659576,0.6063829787234043
jan sucharda,karel brozhik,50,17,4.04,76.52,2026-02-15 04:30:00,0.34,0.6599999999999999
jan sucharda,karel schopf,27,8,3.962962962962963,72.29629629629629,2026-02-25 18:00:00,0.2962962962962963,0.7037037037037037
jan sucharda,lukas tonar,44,13,4.068181818181818,74.86363636363636,2026-01-05 14:30:00,0.29545454545454547,0.7045454545454546
jan sucharda,marcel pikous,31,4,4.290322580645161,81.0,2026-01-04 14:30:00,0.12903225806451613,0.8709677419354839
jan sucharda,marek sedlak,48,15,3.9583333333333335,76.14583333333333,2025-11-01 22:30:00,0.3125,0.6875
jan sucharda,martin sobisek,110,25,4.163636363636364,78.0,2026-03-28 23:30:00,0.22727272727272727,0.7727272727272727
jan sucharda,martin sychra,31,7,4.161290322580645,78.96774193548387,2026-02-25 17:00:00,0.22580645161290322,0.7741935483870968
jan sucharda,michal regner,90,31,3.977777777777778,75.61111111111111,2026-02-08 08:00:00,0.34444444444444444,0.6555555555555556
jan sucharda,michal vavrecka,25,4,4.32,82.84,2025-10-05 21:00:00,0.16,0.84
jan sucharda,michal vondrak,40,11,4.075,75.65,2026-02-22 00:30:00,0.275,0.725
jan sucharda,milan klement,126,21,4.261904761904762,79.71428571428571,2026-02-04 18:00:00,0.16666666666666666,0.8333333333333334
jan sucharda,ondrej svacha,26,9,3.9615384615384617,74.15384615384616,2025-12-31 20:00:00,0.34615384615384615,0.6538461538461539
jan sucharda,patrik pycha,42,16,3.8333333333333335,73.97619047619048,2026-04-11 22:30:00,0.38095238095238093,0.6190476190476191
jan sucharda,petr saleny,30,10,4.1,78.5,2025-11-06 18:00:00,0.3333333333333333,0.6666666666666667
jan sucharda,petr sebera,26,7,4.076923076923077,76.6923076923077,2026-02-15 02:00:00,0.2692307692307692,0.7307692307692308
jan sucharda,robin pacha,44,7,4.295454545454546,79.6590909090909,2025-12-05 22:30:00,0.1590909090909091,0.8409090909090909
jan sucharda,rostyslav kliucuk,24,4,4.291666666666667,83.33333333333333,2025-09-05 13:30:00,0.16666666666666666,0.8333333333333334
jan sucharda,simon kadavy,52,7,4.269230769230769,81.38461538461539,2026-03-28 22:30:00,0.1346153846153846,0.8653846153846154
jan sucharda,tomas holik,42,7,4.166666666666667,80.23809523809524,2025-09-05 11:00:00,0.16666666666666666,0.8333333333333334
jan sucharda,viktor vejvoda,25,5,4.24,80.8,2026-02-22 02:30:00,0.2,0.8
jan sucharda,vitek dvorak,21,6,4.0,75.80952380952381,2025-12-28 17:30:00,0.2857142857142857,0.7142857142857143
jan sucharda,vladislav hampejs,34,10,3.911764705882353,72.82352941176471,2025-08-14 12:30:00,0.29411764705882354,0.7058823529411764
jan sucharda,yirzhi louda,84,22,4.059523809523809,76.61904761904762,2026-02-08 09:00:00,0.2619047619047619,0.7380952380952381
jan sucharda,zbynek pagac,20,5,4.1,74.3,2025-05-03 11:30:00,0.25,0.75
jan svoboda,milan klement,25,10,3.84,71.68,2024-06-27 07:00:00,0.4,0.6
jan szotkowski,ondrej paril,23,3,4.260869565217392,80.04347826086956,2026-04-09 10:00:00,0.13043478260869565,0.8695652173913043
jan szotkowski,tadeas zika,51,8,4.2745098039215685,83.90196078431373,2026-04-15 08:00:00,0.1568627450980392,0.8431372549019608
jan vaclavek,miloslav dvorak,25,5,4.2,78.8,2025-06-13 21:30:00,0.2,0.8
jan vaclavek,petr svoboda,21,4,4.190476190476191,79.0,2024-12-24 07:30:00,0.19047619047619047,0.8095238095238095
jan vidourek,ladislav svanda,86,16,4.22093023255814,81.82558139534883,2025-06-30 21:30:00,0.18604651162790697,0.813953488372093
jan vidourek,ladislav vosyka,29,12,3.7241379310344827,68.6896551724138,2025-04-06 14:00:00,0.41379310344827586,0.5862068965517242
jan vidourek,milancakovsky sr,51,17,3.9019607843137254,75.54901960784314,2025-06-30 18:00:00,0.3333333333333333,0.6666666666666667
jan vidourek,vitezslav malina,27,6,4.0,76.5925925925926,2025-05-26 20:30:00,0.2222222222222222,0.7777777777777778
jan volhejn,jiri babinek,22,6,4.181818181818182,78.5909090909091,2025-06-23 11:30:00,0.2727272727272727,0.7272727272727273
jan volhejn,martin kucera,67,25,3.8955223880597014,72.02985074626865,2025-06-28 19:00:00,0.373134328358209,0.6268656716417911
jan volhejn,martin mastera,58,14,4.103448275862069,75.44827586206897,2025-06-13 17:30:00,0.2413793103448276,0.7586206896551724
jan volhejn,michal zobac,89,32,3.8764044943820224,72.97752808988764,2025-06-16 13:30:00,0.3595505617977528,0.6404494382022472
jan volhejn,oldrich stehlik,26,9,4.038461538461538,75.07692307692308,2025-06-23 13:30:00,0.34615384615384615,0.6538461538461539
jan volhejn,petr zivny,27,11,3.814814814814815,71.62962962962963,2025-05-11 18:30:00,0.4074074074074074,0.5925925925925926
jan volhejn,radek krcal,66,28,3.9393939393939394,74.72727272727273,2025-06-13 15:00:00,0.42424242424242425,0.5757575757575757
jan volhejn,radek vosyka,28,17,3.5,64.10714285714286,2025-06-23 10:00:00,0.6071428571428571,0.3928571428571429
jan volhejn,tomas bartik,79,26,3.9746835443037973,73.88607594936708,2025-06-28 21:30:00,0.3291139240506329,0.6708860759493671
jan volhejn,tomas nevrtal,28,10,4.0,76.39285714285714,2025-05-13 21:04:00,0.35714285714285715,0.6428571428571428
jan zajicek,josef medek,307,81,4.071661237785016,76.16612377850163,2026-04-20 15:30:00,0.26384364820846906,0.7361563517915309
jan zajicek,lukas boruvka,82,34,3.8658536585365852,69.97560975609755,2026-04-09 21:30:00,0.4146341463414634,0.5853658536585367
jan zajicek,ondrej novak,20,6,4.1,73.05,2025-08-20 20:30:00,0.3,0.7
jan zajicek,pavel gireth,29,10,3.9655172413793105,71.37931034482759,2026-04-09 17:00:00,0.3448275862068966,0.6551724137931034
jan zajicek,petr macela,185,60,4.0,74.48648648648648,2026-02-23 22:00:00,0.32432432432432434,0.6756756756756757
jan zajicek,tomas postelt,43,10,4.116279069767442,77.04651162790698,2025-08-11 02:00:00,0.23255813953488372,0.7674418604651163
jan zajicek,tomas turek,36,11,4.055555555555555,73.61111111111111,2025-11-04 16:30:00,0.3055555555555556,0.6944444444444444
jan zajicek,vojtech koubek,45,18,3.7777777777777777,69.42222222222222,2026-04-20 17:30:00,0.4,0.6
jan zajicek,vratislav petracek,20,12,3.5,63.25,2026-04-05 21:00:00,0.6,0.4
jan zajicek,zdenek bilek,48,17,3.8541666666666665,70.83333333333333,2026-04-08 18:30:00,0.3541666666666667,0.6458333333333333
jaromir cernik,jaroslav strnad,77,29,3.9220779220779223,73.14285714285714,2026-04-16 07:30:00,0.37662337662337664,0.6233766233766234
jaromir cernik,jiri grohsgott,178,58,3.9775280898876404,73.29213483146067,2026-04-07 13:30:00,0.3258426966292135,0.6741573033707865
jaromir cernik,jiri svec,68,18,4.0588235294117645,74.70588235294117,2026-04-16 13:30:00,0.2647058823529412,0.7352941176470589
jaromir cernik,leos havrda,43,12,4.046511627906977,76.30232558139535,2026-03-08 01:00:00,0.27906976744186046,0.7209302325581395
jaromir cernik,lubor sulava,51,16,3.9607843137254903,74.17647058823529,2025-07-12 08:30:00,0.3137254901960784,0.6862745098039216
jaromir cernik,ludek madle,55,17,4.109090909090909,76.27272727272727,2025-12-24 08:00:00,0.3090909090909091,0.6909090909090909
jaromir cernik,matej pycha,74,28,3.9324324324324325,71.94594594594595,2026-03-08 04:05:00,0.3783783783783784,0.6216216216216216
jaromir cernik,michal syroha,71,23,4.028169014084507,75.15492957746478,2026-01-19 04:30:00,0.323943661971831,0.676056338028169
jaromir cernik,milan chalupnicek,21,1,4.428571428571429,82.38095238095238,2025-12-15 09:00:00,0.047619047619047616,0.9523809523809523
jaromir cernik,milan smesny,50,16,4.02,74.42,2026-03-10 03:00:00,0.32,0.6799999999999999
jaromir cernik,milan vrabec,45,18,3.7111111111111112,68.37777777777778,2026-03-24 10:00:00,0.4,0.6
jaromir cernik,oleg vitrovyj,31,8,4.032258064516129,75.87096774193549,2025-08-10 13:30:00,0.25806451612903225,0.7419354838709677
jaromir cernik,pavel berdych,27,15,3.5925925925925926,64.96296296296296,2025-08-31 01:00:00,0.5555555555555556,0.4444444444444444
jaromir cernik,pavel kulhanek,36,17,3.6666666666666665,68.13888888888889,2025-11-04 13:00:00,0.4722222222222222,0.5277777777777778
jaromir cernik,pavel sprynar,141,48,3.9432624113475176,72.27659574468085,2026-02-21 11:30:00,0.3404255319148936,0.6595744680851063
jaromir cernik,petr picek,28,12,3.75,69.21428571428571,2023-12-19 02:30:00,0.42857142857142855,0.5714285714285714
jaromir cernik,petr serak,27,6,4.111111111111111,77.66666666666667,2026-04-07 08:30:00,0.2222222222222222,0.7777777777777778
jaromir cernik,stanislav mazanek,30,8,4.033333333333333,74.5,2026-01-23 03:00:00,0.26666666666666666,0.7333333333333334
jaromir cernik,tomas kucera,20,4,4.1,76.4,2026-01-22 23:00:00,0.2,0.8
jaromir cernik,trojan frantisek,31,12,3.870967741935484,71.74193548387096,2025-07-13 13:00:00,0.3870967741935484,0.6129032258064516
jaromir cernik,vaclav pulkrabek,29,11,3.9310344827586206,75.6896551724138,2025-01-07 02:30:00,0.3793103448275862,0.6206896551724138
jaromir cernik,vladimir kubat,81,24,4.0,74.22222222222223,2026-04-16 09:10:00,0.2962962962962963,0.7037037037037037
jaromir kanok,kanak alois,32,10,3.90625,72.03125,2024-06-24 18:30:00,0.3125,0.6875
jaromir kanok,kyryl darin,55,14,4.0181818181818185,75.72727272727273,2024-06-20 13:00:00,0.2545454545454545,0.7454545454545455
jaromir kanok,marek blejchar,33,10,3.9393939393939394,73.12121212121212,2024-06-22 11:30:00,0.30303030303030304,0.696969696969697
jaromir kanok,martin stefek,50,10,4.26,81.0,2024-06-24 20:30:00,0.2,0.8
jaromir kanok,michal vedmoch,41,10,4.2682926829268295,80.26829268292683,2024-06-16 10:30:00,0.24390243902439024,0.7560975609756098
jaromir kanok,milan zika,33,11,3.9696969696969697,74.9090909090909,2024-03-28 11:30:00,0.3333333333333333,0.6666666666666667
jaromir kanok,tomas navrat,29,7,4.241379310344827,80.72413793103448,2024-06-24 19:30:00,0.2413793103448276,0.7586206896551724
jaromir kanok,zbynek zientek,38,12,4.052631578947368,76.6842105263158,2024-02-29 11:00:00,0.3157894736842105,0.6842105263157895
jaromir kriz,jiri babinek,22,4,4.409090909090909,84.36363636363636,2024-12-23 14:00:00,0.18181818181818182,0.8181818181818181
jaromir kriz,ladislav vosyka,35,12,4.0285714285714285,76.37142857142857,2025-05-16 17:30:00,0.34285714285714286,0.6571428571428571
jaromir kriz,petr zivny,21,5,4.0476190476190474,74.33333333333333,2024-06-20 15:00:00,0.23809523809523808,0.7619047619047619
jaromir kriz,radek fnukal,30,8,4.133333333333334,75.06666666666666,2025-05-16 14:00:00,0.26666666666666666,0.7333333333333334
jaromir kriz,radek vosyka,21,6,4.0476190476190474,77.14285714285714,2025-05-15 15:30:00,0.2857142857142857,0.7142857142857143
jaromir kriz,vladan brom,29,10,4.103448275862069,77.65517241379311,2025-05-15 17:00:00,0.3448275862068966,0.6551724137931034
jaromir vyboch,josef fuchs,24,6,4.166666666666667,77.91666666666667,2024-04-23 07:30:00,0.25,0.75
jaromir vyboch,karel hons,24,12,3.625,68.70833333333333,2024-09-16 09:00:00,0.5,0.5
jaromir vyboch,miroslav nejedly,33,9,4.090909090909091,79.12121212121212,2024-09-16 08:30:00,0.2727272727272727,0.7272727272727273
jaroslav bares,martin sychra,31,8,4.0,74.29032258064517,2026-01-18 20:00:00,0.25806451612903225,0.7419354838709677
jaroslav bares,patrik pycha,43,11,4.1395348837209305,77.16279069767442,2026-01-18 21:30:00,0.2558139534883721,0.7441860465116279
jaroslav bares,tomas janata,20,4,4.3,81.6,2026-01-18 22:00:00,0.2,0.8
jaroslav bares,vladimir cermak,28,10,3.9642857142857144,74.60714285714286,2026-01-04 12:30:00,0.35714285714285715,0.6428571428571428
jaroslav bares,vladimr postelt,20,4,4.1,77.45,2026-01-22 13:00:00,0.2,0.8
jaroslav bresky,jaroslav prokupek,75,22,4.053333333333334,75.37333333333333,2026-03-09 07:00:00,0.29333333333333333,0.7066666666666667
jaroslav bresky,jiri plachy,40,12,4.05,76.05,2026-04-15 21:30:00,0.3,0.7
jaroslav bresky,jiri pozarsky,58,15,4.120689655172414,77.82758620689656,2025-12-15 11:00:00,0.25862068965517243,0.7413793103448276
jaroslav bresky,jiri zuzanek,27,13,3.7777777777777777,70.85185185185185,2024-12-14 21:30:00,0.48148148148148145,0.5185185185185186
jaroslav bresky,lukas tonar,27,12,3.888888888888889,71.11111111111111,2024-12-14 22:00:00,0.4444444444444444,0.5555555555555556
jaroslav bresky,martin sobisek,39,12,4.153846153846154,77.25641025641026,2024-12-14 19:30:00,0.3076923076923077,0.6923076923076923
jaroslav bresky,martin sochor,20,3,4.35,81.5,2024-05-08 13:00:00,0.15,0.85
jaroslav bresky,patrik pycha,35,8,4.085714285714285,75.11428571428571,2024-11-21 22:30:00,0.22857142857142856,0.7714285714285715
jaroslav bresky,radim pavelka,31,13,3.774193548387097,70.29032258064517,2026-03-09 08:00:00,0.41935483870967744,0.5806451612903225
jaroslav bresky,richard krejci,38,11,4.026315789473684,73.52631578947368,2025-11-10 00:00:00,0.2894736842105263,0.7105263157894737
jaroslav bresky,simon kadavy,27,6,4.2592592592592595,79.07407407407408,2024-11-21 02:00:00,0.2222222222222222,0.7777777777777778
jaroslav bresky,vladimir cermak,24,6,4.125,75.875,2025-11-05 04:30:00,0.25,0.75
jaroslav bresky,vladimr postelt,32,6,4.125,76.65625,2025-11-12 00:00:00,0.1875,0.8125
jaroslav cerny,jiri ruzicka,20,2,4.35,80.75,2024-10-12 11:00:00,0.1,0.9
jaroslav dorazka,lubomir jonas,30,12,4.0,74.93333333333334,2025-02-18 11:30:00,0.4,0.6
jaroslav dorazka,martin kacerovsky,24,12,3.6666666666666665,68.16666666666667,2025-05-01 15:00:00,0.5,0.5
jaroslav dorazka,milan travnik,56,12,4.107142857142857,77.69642857142857,2025-06-21 16:30:00,0.21428571428571427,0.7857142857142857
jaroslav dorazka,miloslav kotil,62,19,4.032258064516129,75.35483870967742,2025-06-28 13:02:00,0.3064516129032258,0.6935483870967742
jaroslav dorazka,oldrich lzicar,31,11,3.967741935483871,72.12903225806451,2025-06-28 11:00:00,0.3548387096774194,0.6451612903225806
jaroslav dorazka,petr wejwoda,20,7,4.15,81.9,2025-06-28 12:00:00,0.35,0.65
jaroslav dorazka,stepan prazak,22,3,4.136363636363637,76.27272727272727,2025-05-15 08:30:00,0.13636363636363635,0.8636363636363636
jaroslav hajek,roman laznicka,20,9,3.8,73.3,2025-01-23 19:00:00,0.45,0.55
jaroslav hajek,vitezslav malina,21,6,4.0476190476190474,78.28571428571429,2025-06-17 07:30:00,0.2857142857142857,0.7142857142857143
jaroslav hajek,vlastimil kaisler,27,7,4.111111111111111,78.33333333333333,2025-06-17 09:00:00,0.25925925925925924,0.7407407407407407
jaroslav kasan,jiri machart,50,12,4.02,74.92,2025-07-26 13:00:00,0.24,0.76
jaroslav kasan,martin nypl,37,14,3.945945945945946,73.56756756756756,2025-08-31 06:00:00,0.3783783783783784,0.6216216216216216
jaroslav kasan,matej pycha,27,6,4.333333333333333,81.88888888888889,2024-01-27 12:30:00,0.2222222222222222,0.7777777777777778
jaroslav kasan,oskar spacek,29,2,4.448275862068965,83.89655172413794,2025-09-28 17:05:00,0.06896551724137931,0.9310344827586207
jaroslav kasan,vlastimil svatos,37,13,3.972972972972973,74.72972972972973,2024-12-21 11:00:00,0.35135135135135137,0.6486486486486487
jaroslav kepka,miroslav nejedly,37,10,3.945945945945946,72.24324324324324,2025-06-30 13:01:00,0.2702702702702703,0.7297297297297297
jaroslav kepka,petr holas,27,10,3.888888888888889,71.11111111111111,2025-04-24 07:30:00,0.37037037037037035,0.6296296296296297
jaroslav martínek,jaroslav strnad,23,10,3.8260869565217392,69.0,2026-01-10 08:00:00,0.43478260869565216,0.5652173913043479
jaroslav neuwirth sr,martin pavliska,24,9,3.9166666666666665,71.83333333333333,2026-04-15 14:00:00,0.375,0.625
jaroslav novotny,lukas malek,65,19,4.076923076923077,75.61538461538461,2026-04-05 13:00:00,0.2923076923076923,0.7076923076923076
jaroslav novotny,marek placek,20,10,3.65,69.7,2025-01-27 16:00:00,0.5,0.5
jaroslav novotny,mihail trinta,40,11,4.0,73.65,2026-02-06 13:30:00,0.275,0.725
jaroslav novotny,milan longin,38,9,4.184210526315789,76.60526315789474,2026-04-13 11:30:00,0.23684210526315788,0.7631578947368421
jaroslav novotny,milan regner,22,9,3.8181818181818183,70.5,2024-08-18 16:30:00,0.4090909090909091,0.5909090909090908
jaroslav novotny,rotislav hasmanda,25,10,3.84,74.24,2026-04-13 13:00:00,0.4,0.6
jaroslav novotny,tibor kolenic,20,5,4.05,73.45,2025-11-11 15:00:00,0.25,0.75
jaroslav prokupek,jiri dedek,49,18,3.857142857142857,69.28571428571429,2026-03-29 00:30:00,0.3673469387755102,0.6326530612244898
jaroslav prokupek,jiri plachy,255,46,4.243137254901961,78.21176470588236,2026-04-20 09:01:00,0.1803921568627451,0.8196078431372549
jaroslav prokupek,jiri pozarsky,44,10,4.136363636363637,77.02272727272727,2025-12-01 13:30:00,0.22727272727272727,0.7727272727272727
jaroslav prokupek,jiri zuzanek,43,18,3.9302325581395348,71.04651162790698,2025-07-11 09:30:00,0.4186046511627907,0.5813953488372092
jaroslav prokupek,josef belovsky,94,33,3.9361702127659575,74.45744680851064,2026-04-17 10:00:00,0.35106382978723405,0.648936170212766
jaroslav prokupek,julius lazar,64,21,3.921875,73.0,2026-02-16 18:30:00,0.328125,0.671875
jaroslav prokupek,kamil novak,116,30,4.0,75.0,2026-03-18 22:30:00,0.25862068965517243,0.7413793103448276
jaroslav prokupek,kir martin,40,6,4.15,76.75,2025-10-19 10:00:00,0.15,0.85
jaroslav prokupek,ladislav zatecka,24,11,3.625,66.375,2024-06-09 23:00:00,0.4583333333333333,0.5416666666666667
jaroslav prokupek,lukas rygl,25,7,4.04,73.88,2024-02-01 15:00:00,0.28,0.72
jaroslav prokupek,lukas tonar,33,16,3.787878787878788,70.3030303030303,2025-01-20 07:30:00,0.48484848484848486,0.5151515151515151
jaroslav prokupek,marek kostal,151,33,4.258278145695364,80.31788079470199,2026-03-05 07:30:00,0.2185430463576159,0.7814569536423841
jaroslav prokupek,martin sochor,38,9,4.052631578947368,77.36842105263158,2024-05-15 02:30:00,0.23684210526315788,0.7631578947368421
jaroslav prokupek,martin sychra,36,17,3.861111111111111,71.27777777777777,2025-10-09 08:30:00,0.4722222222222222,0.5277777777777778
jaroslav prokupek,matej volf,24,10,3.875,72.70833333333333,2026-03-05 23:00:00,0.4166666666666667,0.5833333333333333
jaroslav prokupek,michal vedmoch,36,8,4.027777777777778,76.77777777777777,2026-04-04 14:00:00,0.2222222222222222,0.7777777777777778
jaroslav prokupek,michal vondrak,30,8,4.266666666666667,78.96666666666667,2026-04-09 07:30:00,0.26666666666666666,0.7333333333333334
jaroslav prokupek,miroslav svedik,64,31,3.671875,66.9375,2026-01-08 18:00:00,0.484375,0.515625
jaroslav prokupek,patrik pycha,111,42,3.936936936936937,72.7927927927928,2026-04-19 02:30:00,0.3783783783783784,0.6216216216216216
jaroslav prokupek,pavel fojt,64,21,4.0,74.1875,2026-03-31 19:30:00,0.328125,0.671875
jaroslav prokupek,radim pavelka,229,54,4.179039301310044,77.85589519650655,2026-04-06 02:00:00,0.23580786026200873,0.7641921397379913
jaroslav prokupek,richard krejci,120,41,3.9833333333333334,72.05833333333334,2026-01-18 00:00:00,0.3416666666666667,0.6583333333333333
jaroslav prokupek,simon kadavy,74,18,4.1891891891891895,78.52702702702703,2026-04-12 17:00:00,0.24324324324324326,0.7567567567567568
jaroslav prokupek,tomas andrle,31,13,3.838709677419355,70.90322580645162,2025-05-23 00:00:00,0.41935483870967744,0.5806451612903225
jaroslav prokupek,tomas barta,111,35,3.981981981981982,74.92792792792793,2026-04-20 06:00:00,0.3153153153153153,0.6846846846846847
jaroslav prokupek,tomas dousa,56,19,4.0,74.46428571428571,2026-04-11 16:30:00,0.3392857142857143,0.6607142857142857
jaroslav prokupek,tomas janata,117,36,4.076923076923077,75.41025641025641,2026-04-12 02:30:00,0.3076923076923077,0.6923076923076923
jaroslav prokupek,tomas varnuska,38,8,4.105263157894737,76.73684210526316,2026-01-30 08:30:00,0.21052631578947367,0.7894736842105263
jaroslav prokupek,vladimir cermak,170,28,4.264705882352941,80.31764705882352,2026-04-08 02:30:00,0.16470588235294117,0.8352941176470589
jaroslav prokupek,vladimir havlicek,61,27,3.7868852459016393,70.06557377049181,2026-01-07 07:30:00,0.4426229508196721,0.5573770491803278
jaroslav prokupek,vladimr postelt,149,49,3.9932885906040267,74.52348993288591,2026-04-19 03:30:00,0.3288590604026846,0.6711409395973154
jaroslav prokupek,yurii holovatiuk,20,8,4.1,75.75,2026-03-22 22:00:00,0.4,0.6
jaroslav schwan,martin pavliska,22,8,4.045454545454546,76.27272727272727,2026-04-17 13:30:00,0.36363636363636365,0.6363636363636364
jaroslav schwan,ondrej kus,27,4,4.2592592592592595,81.4074074074074,2024-01-25 09:00:00,0.14814814814814814,0.8518518518518519
jaroslav schwan,richard skacelik,63,20,4.031746031746032,76.47619047619048,2026-04-17 12:30:00,0.31746031746031744,0.6825396825396826
jaroslav schwan,tomas lysek,20,7,4.05,74.4,2024-05-03 10:30:00,0.35,0.65
jaroslav strnad,jindrich vrba,47,17,3.893617021276596,72.46808510638297,2026-04-16 09:30:00,0.3617021276595745,0.6382978723404256
jaroslav strnad,jiri grohsgott,120,38,3.908333333333333,72.825,2026-04-14 00:30:00,0.31666666666666665,0.6833333333333333
jaroslav strnad,jiri havel,20,8,3.85,69.95,2025-12-20 00:00:00,0.4,0.6
jaroslav strnad,jiri jira,43,12,4.023255813953488,74.65116279069767,2025-11-22 09:30:00,0.27906976744186046,0.7209302325581395
jaroslav strnad,jiri svec,49,17,3.9183673469387754,71.79591836734694,2026-04-17 13:00:00,0.3469387755102041,0.653061224489796
jaroslav strnad,josef palecek,46,13,4.086956521739131,74.32608695652173,2025-07-11 09:04:00,0.2826086956521739,0.7173913043478262
jaroslav strnad,josef pelikan,30,9,3.933333333333333,74.63333333333334,2026-04-11 23:00:00,0.3,0.7
jaroslav strnad,julius didi,21,8,3.761904761904762,69.14285714285714,2026-02-23 14:07:00,0.38095238095238093,0.6190476190476191
jaroslav strnad,kamil gavelcik,45,10,4.022222222222222,75.42222222222222,2024-01-17 10:30:00,0.2222222222222222,0.7777777777777778
jaroslav strnad,ladislav novotny,36,11,4.0,74.05555555555556,2026-04-20 12:00:00,0.3055555555555556,0.6944444444444444
jaroslav strnad,leos havrda,33,10,3.909090909090909,72.0,2026-01-24 07:00:00,0.30303030303030304,0.696969696969697
jaroslav strnad,lubor sulava,49,14,4.020408163265306,75.77551020408163,2026-03-14 08:00:00,0.2857142857142857,0.7142857142857143
jaroslav strnad,ludek madle,36,10,3.9722222222222223,75.02777777777777,2026-04-03 23:00:00,0.2777777777777778,0.7222222222222222
jaroslav strnad,lukas krok,21,4,4.190476190476191,78.80952380952381,2024-01-21 19:00:00,0.19047619047619047,0.8095238095238095
jaroslav strnad,martin stefek,26,8,4.038461538461538,75.76923076923077,2026-04-09 13:30:00,0.3076923076923077,0.6923076923076923
jaroslav strnad,martin tacinec,36,11,4.083333333333333,76.25,2026-03-28 08:30:00,0.3055555555555556,0.6944444444444444
jaroslav strnad,matej perny,24,4,4.291666666666667,79.5,2024-10-13 08:30:00,0.16666666666666666,0.8333333333333334
jaroslav strnad,matej pycha,60,22,3.9833333333333334,74.58333333333333,2026-01-17 19:00:00,0.36666666666666664,0.6333333333333333
jaroslav strnad,michal syroha,113,44,3.831858407079646,69.84955752212389,2026-03-19 01:30:00,0.3893805309734513,0.6106194690265487
jaroslav strnad,milan cetner,50,12,4.12,77.9,2026-04-20 06:00:00,0.24,0.76
jaroslav strnad,milan chalupnicek,42,8,4.142857142857143,78.5952380952381,2026-04-13 11:30:00,0.19047619047619047,0.8095238095238095
jaroslav strnad,milan smesny,61,11,4.147540983606557,77.0327868852459,2026-01-23 09:30:00,0.18032786885245902,0.819672131147541
jaroslav strnad,milan vrabec,23,5,4.086956521739131,75.78260869565217,2025-09-01 06:30:00,0.21739130434782608,0.782608695652174
jaroslav strnad,miloslav lubas,38,14,3.763157894736842,68.52631578947368,2026-01-16 11:00:00,0.3684210526315789,0.631578947368421
jaroslav strnad,miroslav barta,32,14,3.78125,69.75,2026-04-19 12:30:00,0.4375,0.5625
jaroslav strnad,miroslav tuma,67,20,4.0,76.59701492537313,2026-04-05 13:30:00,0.29850746268656714,0.7014925373134329
jaroslav strnad,miroslav vaclavik,25,9,3.88,70.56,2025-08-06 18:30:00,0.36,0.64
jaroslav strnad,oleg vitrovyj,64,16,4.0625,74.875,2026-03-30 03:30:00,0.25,0.75
jaroslav strnad,pavel berdych,70,19,4.0285714285714285,74.27142857142857,2026-04-12 00:00:00,0.2714285714285714,0.7285714285714286
jaroslav strnad,pavel kulhanek,48,13,4.104166666666667,76.39583333333333,2026-04-20 09:30:00,0.2708333333333333,0.7291666666666667
jaroslav strnad,pavel sprynar,93,39,3.89247311827957,71.24731182795699,2026-01-31 11:30:00,0.41935483870967744,0.5806451612903225
jaroslav strnad,petr picek,27,9,4.0,73.5925925925926,2025-11-23 00:00:00,0.3333333333333333,0.6666666666666667
jaroslav strnad,petr serak,84,30,3.9285714285714284,73.33333333333333,2025-11-30 17:30:00,0.35714285714285715,0.6428571428571428
jaroslav strnad,roman buric,27,6,4.2592592592592595,79.96296296296296,2026-01-11 09:30:00,0.2222222222222222,0.7777777777777778
jaroslav strnad,rotislav hasmanda,48,11,4.083333333333333,77.39583333333333,2026-03-29 22:30:00,0.22916666666666666,0.7708333333333334
jaroslav strnad,semen kosarev,51,23,3.823529411764706,71.43137254901961,2026-04-04 02:30:00,0.45098039215686275,0.5490196078431373
jaroslav strnad,stanislav mazanek,26,11,3.6923076923076925,70.57692307692308,2026-02-27 02:30:00,0.4230769230769231,0.5769230769230769
jaroslav strnad,tomas kucera,37,15,3.810810810810811,69.97297297297297,2026-01-11 08:00:00,0.40540540540540543,0.5945945945945945
jaroslav strnad,tomas regner,112,38,3.9732142857142856,74.08035714285714,2026-02-12 00:30:00,0.3392857142857143,0.6607142857142857
jaroslav strnad,vaclav dolezal,32,9,4.125,77.28125,2026-03-21 02:30:00,0.28125,0.71875
jaroslav strnad,vaclav hruska sr,157,38,4.1528662420382165,77.26751592356688,2026-04-20 07:00:00,0.24203821656050956,0.7579617834394905
jaroslav strnad,vladimir kubat,209,47,4.07177033492823,74.76555023923444,2026-04-20 11:30:00,0.22488038277511962,0.7751196172248804
jaroslav strnad,zdenek kasinski,35,13,3.914285714285714,71.31428571428572,2025-11-02 19:00:00,0.37142857142857144,0.6285714285714286
jaroslav strnad 1964,vaclav hruska sr,24,7,3.9166666666666665,74.91666666666667,2023-05-15 13:30:00,0.2916666666666667,0.7083333333333333
jaroslav vanek,jiri pozarsky,24,6,4.166666666666667,78.29166666666667,2024-09-02 12:30:00,0.25,0.75
jaroslav wasserbauer,josef rossler,37,13,4.0,72.97297297297297,2025-05-18 17:30:00,0.35135135135135137,0.6486486486486487
jaroslav wasserbauer,karel hons,44,21,3.727272727272727,68.61363636363636,2025-05-05 17:00:00,0.4772727272727273,0.5227272727272727
jindrich vrba,jiri grohsgott,20,13,3.5,63.15,2026-02-03 18:30:00,0.65,0.35
jindrich vrba,josef palecek,35,11,4.0,74.94285714285714,2025-01-09 18:00:00,0.3142857142857143,0.6857142857142857
jindrich vrba,ladislav novotny,24,4,4.25,79.125,2026-03-05 12:30:00,0.16666666666666666,0.8333333333333334
jindrich vrba,matej pycha,23,4,4.260869565217392,78.82608695652173,2025-10-15 09:30:00,0.17391304347826086,0.8260869565217391
jindrich vrba,vladimir kubat,26,11,3.8076923076923075,73.3076923076923,2026-04-16 07:00:00,0.4230769230769231,0.5769230769230769
jiri beranek,milan fikar,25,10,3.84,72.0,2025-06-23 19:30:00,0.4,0.6
jiri beranek,miloslav kotil,24,11,3.875,70.0,2024-08-21 06:00:00,0.4583333333333333,0.5416666666666667
jiri beranek,petr 	machovec,54,23,3.7962962962962963,72.0,2025-06-08 21:30:00,0.42592592592592593,0.5740740740740741
jiri beranek,petr holas,30,10,4.0,73.83333333333333,2025-06-23 21:00:00,0.3333333333333333,0.6666666666666667
jiri dedek,jiri plachy,37,13,3.8378378378378377,69.10810810810811,2026-04-21 01:30:00,0.35135135135135137,0.6486486486486487
jiri dedek,josef belovsky,35,14,3.8857142857142857,72.34285714285714,2026-04-17 17:00:00,0.4,0.6
jiri dedek,kamil novak,22,9,3.909090909090909,68.63636363636364,2026-03-27 15:00:00,0.4090909090909091,0.5909090909090908
jiri dedek,kolar milan,33,14,3.8181818181818183,70.81818181818181,2026-03-21 16:30:00,0.42424242424242425,0.5757575757575757
jiri dedek,kyryl darin,47,17,3.893617021276596,72.23404255319149,2026-04-09 03:30:00,0.3617021276595745,0.6382978723404256
jiri dedek,michal vedmoch,34,15,3.764705882352941,69.70588235294117,2026-04-20 23:30:00,0.4411764705882353,0.5588235294117647
jiri dedek,mihail trinta,30,9,3.933333333333333,70.66666666666667,2026-01-08 16:30:00,0.3,0.7
jiri dedek,pavel fojt,32,14,3.84375,71.71875,2026-04-21 03:00:00,0.4375,0.5625
jiri dedek,radim pavelka,33,5,4.454545454545454,78.87878787878788,2026-04-16 03:00:00,0.15151515151515152,0.8484848484848485
jiri dedek,stanislav olejarcik,45,17,3.977777777777778,72.97777777777777,2026-01-02 19:00:00,0.37777777777777777,0.6222222222222222
jiri dedek,tibor kolenic,24,7,3.9583333333333335,70.375,2026-04-20 16:30:00,0.2916666666666667,0.7083333333333333
jiri dedek,tomas barta,44,19,3.9318181818181817,70.43181818181819,2025-10-27 19:30:00,0.4318181818181818,0.5681818181818181
jiri dedek,tomas dousa,24,5,4.166666666666667,76.29166666666667,2026-04-11 13:30:00,0.20833333333333334,0.7916666666666666
jiri dedek,vladimir havlicek,23,11,3.739130434782609,68.56521739130434,2026-02-18 12:00:00,0.4782608695652174,0.5217391304347826
jiri dedek,yurii holovatiuk,31,10,4.096774193548387,75.12903225806451,2026-03-26 19:00:00,0.3225806451612903,0.6774193548387097
jiri foltynek,jiri motak,80,19,4.125,77.475,2026-03-31 16:30:00,0.2375,0.7625
jiri foltynek,josef toth,64,21,3.984375,77.484375,2024-06-19 15:30:00,0.328125,0.671875
jiri foltynek,kanak alois,32,11,3.9375,71.90625,2024-05-30 07:30:00,0.34375,0.65625
jiri foltynek,ondrej homola,24,4,4.208333333333333,78.25,2024-06-15 15:30:00,0.16666666666666666,0.8333333333333334
jiri foltynek,tomas suta,44,17,3.772727272727273,70.25,2024-06-24 11:30:00,0.38636363636363635,0.6136363636363636
jiri grohsgott,jiri svec,116,30,4.068965517241379,76.38793103448276,2026-04-09 11:00:00,0.25862068965517243,0.7413793103448276
jiri grohsgott,julius didi,35,12,3.9714285714285715,73.17142857142858,2026-03-21 18:00:00,0.34285714285714286,0.6571428571428571
jiri grohsgott,leos havrda,79,26,3.9240506329113924,72.15189873417721,2026-04-05 12:00:00,0.3291139240506329,0.6708860759493671
jiri grohsgott,ludek madle,49,15,4.0,74.3061224489796,2026-04-16 11:30:00,0.30612244897959184,0.6938775510204082
jiri grohsgott,matej pycha,116,43,3.956896551724138,72.65517241379311,2026-03-08 01:30:00,0.3706896551724138,0.6293103448275862
jiri grohsgott,michal syroha,42,11,4.095238095238095,78.28571428571429,2026-03-01 03:00:00,0.2619047619047619,0.7380952380952381
jiri grohsgott,milan cetner,44,18,3.8181818181818183,70.02272727272727,2026-04-17 20:30:00,0.4090909090909091,0.5909090909090908
jiri grohsgott,milan chalupnicek,61,13,4.065573770491803,75.14754098360656,2026-04-15 08:00:00,0.21311475409836064,0.7868852459016393
jiri grohsgott,milan smesny,52,17,3.980769230769231,74.3076923076923,2026-03-10 01:00:00,0.3269230769230769,0.6730769230769231
jiri grohsgott,milan vrabec,27,10,3.888888888888889,71.37037037037037,2026-03-24 07:00:00,0.37037037037037035,0.6296296296296297
jiri grohsgott,miloslav lubas,45,19,3.8222222222222224,70.46666666666667,2026-04-09 10:30:00,0.4222222222222222,0.5777777777777777
jiri grohsgott,miroslav barta,28,9,3.9642857142857144,72.67857142857143,2026-04-17 18:30:00,0.32142857142857145,0.6785714285714286
jiri grohsgott,miroslav tuma,21,6,4.0,74.0,2025-12-27 20:30:00,0.2857142857142857,0.7142857142857143
jiri grohsgott,miroslav vaclavik,34,8,4.147058823529412,78.05882352941177,2026-04-03 02:00:00,0.23529411764705882,0.7647058823529411
jiri grohsgott,oleg vitrovyj,43,14,4.0,72.90697674418605,2025-08-19 01:00:00,0.32558139534883723,0.6744186046511628
jiri grohsgott,pavel berdych,49,10,4.1020408163265305,75.40816326530613,2026-04-05 11:30:00,0.20408163265306123,0.7959183673469388
jiri grohsgott,pavel kulhanek,33,11,3.787878787878788,69.66666666666667,2026-02-18 23:30:00,0.3333333333333333,0.6666666666666667
jiri grohsgott,pavel sprynar,215,69,4.023255813953488,73.4186046511628,2026-02-04 09:00:00,0.3209302325581395,0.6790697674418604
jiri grohsgott,petr serak,48,17,4.041666666666667,75.27083333333333,2026-03-22 07:00:00,0.3541666666666667,0.6458333333333333
jiri grohsgott,roman buric,29,5,4.172413793103448,76.48275862068965,2026-01-10 18:30:00,0.1724137931034483,0.8275862068965517
jiri grohsgott,semen kosarev,36,13,3.9444444444444446,72.13888888888889,2026-04-16 22:00:00,0.3611111111111111,0.6388888888888888
jiri grohsgott,serhii bohach,20,7,3.95,73.45,2025-11-06 19:30:00,0.35,0.65
jiri grohsgott,stanislav mazanek,38,7,4.157894736842105,76.86842105263158,2026-04-09 22:30:00,0.18421052631578946,0.8157894736842105
jiri grohsgott,tomas kucera,53,15,4.0,72.73584905660377,2026-04-16 23:30:00,0.2830188679245283,0.7169811320754718
jiri grohsgott,vladimir kubat,56,21,3.9464285714285716,72.41071428571429,2025-10-08 23:00:00,0.375,0.625
jiri havel,kyryl darin,32,9,4.125,77.375,2026-04-15 09:03:00,0.28125,0.71875
jiri havel,mihail trinta,34,8,4.0588235294117645,75.79411764705883,2026-03-10 08:00:00,0.23529411764705882,0.7647058823529411
jiri havel,milan smrcek,22,10,3.727272727272727,68.68181818181819,2026-04-20 02:00:00,0.45454545454545453,0.5454545454545454
jiri havel,milos pospisil,36,10,3.9166666666666665,70.33333333333333,2026-04-07 09:30:00,0.2777777777777778,0.7222222222222222
jiri havel,tomas regner,28,3,4.464285714285714,84.42857142857143,2026-04-19 23:00:00,0.10714285714285714,0.8928571428571429
jiri havel,vaclav dolezal,20,5,4.05,75.0,2026-04-06 13:00:00,0.25,0.75
jiri hiblbauer,ludek pelikan,32,12,3.96875,74.15625,2025-06-03 15:00:00,0.375,0.625
jiri hiblbauer,petr svoboda,26,6,4.038461538461538,74.3076923076923,2025-06-11 16:30:00,0.23076923076923078,0.7692307692307692
jiri hiblbauer,radim jaros,24,7,4.166666666666667,76.83333333333333,2025-03-03 08:30:00,0.2916666666666667,0.7083333333333333
jiri hyrsl,lubor sulava,28,11,3.857142857142857,73.39285714285714,2025-02-09 08:00:00,0.39285714285714285,0.6071428571428572
jiri hyrsl,miroslav barta,44,13,3.977272727272727,72.93181818181819,2026-04-10 17:00:00,0.29545454545454547,0.7045454545454546
jiri hyrsl,vaclav hruska sr,26,5,4.153846153846154,76.61538461538461,2025-02-09 07:30:00,0.19230769230769232,0.8076923076923077
jiri jira,jiri reczai,21,6,4.142857142857143,76.52380952380952,2025-10-06 06:30:00,0.2857142857142857,0.7142857142857143
jiri jira,josef palecek,26,5,4.269230769230769,81.11538461538461,2025-08-29 07:30:00,0.19230769230769232,0.8076923076923077
jiri jira,julius didi,21,6,4.142857142857143,78.04761904761905,2025-11-01 03:00:00,0.2857142857142857,0.7142857142857143
jiri jira,ladislav novotny,28,6,4.25,79.89285714285714,2025-11-22 10:00:00,0.21428571428571427,0.7857142857142857
jiri jira,milan cetner,20,1,4.4,82.0,2025-08-06 00:00:00,0.05,0.95
jiri jira,oskar spacek,22,5,4.2272727272727275,77.63636363636364,2025-02-03 10:00:00,0.22727272727272727,0.7727272727272727
jiri jira,petr monik,24,10,3.9166666666666665,72.875,2026-02-12 10:00:00,0.4166666666666667,0.5833333333333333
jiri jira,tomas kucera,35,13,3.942857142857143,72.6,2025-07-14 06:30:00,0.37142857142857144,0.6285714285714286
jiri jira,vladimir kubat,23,7,3.9565217391304346,73.3913043478261,2026-02-18 08:00:00,0.30434782608695654,0.6956521739130435
jiri koch,pavel petr,20,6,4.2,78.55,2026-01-17 14:00:00,0.3,0.7
jiri louda,jiri ruzicka,41,12,4.195121951219512,78.2439024390244,2023-11-09 08:00:00,0.2926829268292683,0.7073170731707317
jiri louda,karel brozhik,23,4,4.304347826086956,82.1304347826087,2023-08-20 12:00:00,0.17391304347826086,0.8260869565217391
jiri louda,martin bittner,22,6,4.045454545454546,77.54545454545455,2023-07-24 18:00:00,0.2727272727272727,0.7272727272727273
jiri louda,michal regner,36,8,4.166666666666667,77.58333333333333,2023-11-09 10:30:00,0.2222222222222222,0.7777777777777778
jiri louda,ondrej svacha,38,11,3.973684210526316,74.86842105263158,2023-08-14 16:00:00,0.2894736842105263,0.7105263157894737
jiri louda,petr oliver korp,25,9,3.96,70.2,2023-04-19 00:00:00,0.36,0.64
jiri louda,rostyslav kliucuk,70,13,4.257142857142857,81.22857142857143,2023-08-10 21:00:00,0.18571428571428572,0.8142857142857143
jiri machart,martin nypl,24,7,3.875,71.66666666666667,2025-08-03 09:30:00,0.2916666666666667,0.7083333333333333
jiri machart,oskar spacek,49,13,4.061224489795919,77.46938775510205,2025-07-06 08:30:00,0.2653061224489796,0.7346938775510203
jiri machart,petr monik,21,6,3.9523809523809526,74.23809523809524,2025-01-21 07:30:00,0.2857142857142857,0.7142857142857143
jiri machart,vlastimil svatos,91,30,4.043956043956044,74.62637362637362,2025-06-28 08:30:00,0.32967032967032966,0.6703296703296704
jiri motak,josef toth,50,14,4.08,77.98,2026-03-20 12:30:00,0.28,0.72
jiri motak,kanak alois,38,10,4.052631578947368,74.34210526315789,2024-05-30 09:30:00,0.2631578947368421,0.736842105263158
jiri motak,martin stefek,22,4,4.2727272727272725,81.54545454545455,2024-04-24 14:00:00,0.18181818181818182,0.8181818181818181
jiri motak,ondrej homola,30,9,4.033333333333333,76.36666666666666,2024-06-15 16:00:00,0.3,0.7
jiri motak,tomas suta,39,11,4.0256410256410255,75.82051282051282,2024-06-24 10:00:00,0.28205128205128205,0.717948717948718
jiri nesnera,martin huk,45,11,4.088888888888889,76.4888888888889,2026-04-08 15:30:00,0.24444444444444444,0.7555555555555555
jiri nesnera,michal jezek,24,7,3.875,70.66666666666667,2026-01-22 16:30:00,0.2916666666666667,0.7083333333333333
jiri nesnera,michal zahradka,33,11,3.9393939393939394,74.0,2025-12-25 10:30:00,0.3333333333333333,0.6666666666666667
jiri nesnera,pavel gireth,25,6,4.12,77.68,2026-03-19 16:00:00,0.24,0.76
jiri nesnera,petr bradach,25,4,4.24,77.88,2026-03-25 15:00:00,0.16,0.84
jiri nesnera,radek rose,31,6,4.032258064516129,74.06451612903226,2024-10-23 14:00:00,0.1935483870967742,0.8064516129032258
jiri nesnera,tomas postelt,47,10,4.0638297872340425,75.70212765957447,2026-04-08 17:30:00,0.2127659574468085,0.7872340425531915
jiri nesnera,tomas prosa,25,8,4.0,76.36,2025-07-04 17:45:00,0.32,0.6799999999999999
jiri nesnera,tomas turek,39,7,4.230769230769231,80.51282051282051,2025-09-10 14:30:00,0.1794871794871795,0.8205128205128205
jiri nesnera,vojtech koubek,31,11,3.935483870967742,72.3225806451613,2026-04-20 15:00:00,0.3548387096774194,0.6451612903225806
jiri nesnera,zdenek bilek,22,9,3.9545454545454546,75.9090909090909,2025-10-01 16:30:00,0.4090909090909091,0.5909090909090908
jiri plachy,jiri zuzanek,25,9,4.08,74.84,2025-07-06 00:00:00,0.36,0.64
jiri plachy,josef belovsky,74,31,3.864864864864865,70.93243243243244,2026-04-20 12:30:00,0.4189189189189189,0.5810810810810811
jiri plachy,kamil novak,173,60,3.9421965317919074,73.19653179190752,2026-01-10 04:07:00,0.3468208092485549,0.653179190751445
jiri plachy,kir martin,50,10,4.16,80.34,2025-10-19 15:00:00,0.2,0.8
jiri plachy,kolar milan,20,7,3.95,73.25,2025-11-27 20:00:00,0.35,0.65
jiri plachy,kyryl darin,20,4,4.2,78.15,2026-04-19 10:30:00,0.2,0.8
jiri plachy,ladislav janousek,69,18,4.217391304347826,79.02898550724638,2024-11-08 13:30:00,0.2608695652173913,0.7391304347826086
jiri plachy,ladislav zatecka,20,9,3.9,71.75,2024-06-02 17:00:00,0.45,0.55
jiri plachy,lubos krticka,20,8,4.0,73.6,2025-11-02 21:30:00,0.4,0.6
jiri plachy,lukas malek,51,16,3.980392156862745,73.3921568627451,2025-08-18 10:00:00,0.3137254901960784,0.6862745098039216
jiri plachy,marek kostal,81,12,4.283950617283951,80.51851851851852,2026-03-04 12:30:00,0.14814814814814814,0.8518518518518519
jiri plachy,marek placek,49,12,4.142857142857143,77.73469387755102,2026-04-06 01:30:00,0.24489795918367346,0.7551020408163265
jiri plachy,martin sychra,96,27,4.041666666666667,75.23958333333333,2025-12-24 19:00:00,0.28125,0.71875
jiri plachy,michal vedmoch,48,15,4.0,73.9375,2026-04-21 03:30:00,0.3125,0.6875
jiri plachy,mihail trinta,29,8,4.137931034482759,75.93103448275862,2025-07-14 20:30:00,0.27586206896551724,0.7241379310344828
jiri plachy,milan regner,25,10,3.84,70.88,2024-08-26 13:01:00,0.4,0.6
jiri plachy,milan smrcek,56,16,4.017857142857143,75.05357142857143,2026-04-14 10:30:00,0.2857142857142857,0.7142857142857143
jiri plachy,miroslav adamec,84,26,3.988095238095238,73.54761904761905,2025-09-06 23:00:00,0.30952380952380953,0.6904761904761905
jiri plachy,miroslav svedik,45,13,4.066666666666666,75.31111111111112,2026-04-14 11:00:00,0.28888888888888886,0.7111111111111111
jiri plachy,patrik pycha,85,25,4.023529411764706,73.7764705882353,2026-03-28 00:00:00,0.29411764705882354,0.7058823529411764
jiri plachy,pavel fojt,157,36,4.178343949044586,77.5859872611465,2026-04-20 23:00:00,0.22929936305732485,0.7707006369426752
jiri plachy,radim pavelka,106,23,4.235849056603773,78.89622641509433,2026-04-18 06:00:00,0.2169811320754717,0.7830188679245282
jiri plachy,richard krejci,72,34,3.7083333333333335,67.34722222222223,2026-03-28 03:00:00,0.4722222222222222,0.5277777777777778
jiri plachy,rotislav hasmanda,26,10,3.8846153846153846,72.26923076923077,2025-08-21 11:00:00,0.38461538461538464,0.6153846153846154
jiri plachy,stanislav olejarcik,27,8,3.962962962962963,74.81481481481481,2026-01-14 11:30:00,0.2962962962962963,0.7037037037037037
jiri plachy,tomas andrle,46,17,3.9565217391304346,72.0,2026-04-09 03:00:00,0.3695652173913043,0.6304347826086957
jiri plachy,tomas barta,114,44,3.93859649122807,72.6140350877193,2026-04-20 13:30:00,0.38596491228070173,0.6140350877192983
jiri plachy,tomas dousa,97,27,4.051546391752577,75.90721649484536,2026-03-19 19:30:00,0.27835051546391754,0.7216494845360825
jiri plachy,tomas janata,119,30,4.117647058823529,77.95798319327731,2026-02-01 01:00:00,0.25210084033613445,0.7478991596638656
jiri plachy,vladimir cermak,152,38,4.098684210526316,75.84210526315789,2026-03-15 07:00:00,0.25,0.75
jiri plachy,vladimir havlicek,34,12,3.911764705882353,72.05882352941177,2026-01-15 14:00:00,0.35294117647058826,0.6470588235294117
jiri plachy,vladimr postelt,101,23,4.198019801980198,77.56435643564356,2026-04-02 23:00:00,0.22772277227722773,0.7722772277227723
jiri plachy,vlastimil pecka,21,2,4.476190476190476,82.71428571428571,2025-08-19 12:00:00,0.09523809523809523,0.9047619047619048
jiri pozarsky,jiri zuzanek,106,32,4.056603773584905,75.0,2026-04-11 11:00:00,0.3018867924528302,0.6981132075471699
jiri pozarsky,lukas tonar,74,27,3.9864864864864864,75.66216216216216,2026-02-28 20:00:00,0.36486486486486486,0.6351351351351351
jiri pozarsky,marek kostal,22,12,3.8181818181818183,68.27272727272727,2025-12-15 12:30:00,0.5454545454545454,0.4545454545454546
jiri pozarsky,martin sobisek,47,13,4.085106382978723,76.76595744680851,2026-03-27 14:00:00,0.2765957446808511,0.7234042553191489
jiri pozarsky,michal vondrak,39,12,4.0256410256410255,74.94871794871794,2026-04-01 06:30:00,0.3076923076923077,0.6923076923076923
jiri pozarsky,miroslav svedik,44,18,3.8636363636363638,69.5909090909091,2025-08-13 13:00:00,0.4090909090909091,0.5909090909090908
jiri pozarsky,patrik pycha,46,13,4.021739130434782,75.80434782608695,2026-02-08 20:30:00,0.2826086956521739,0.7173913043478262
jiri pozarsky,radim pavelka,42,12,4.0,74.35714285714286,2024-08-31 02:00:00,0.2857142857142857,0.7142857142857143
jiri pozarsky,simon kadavy,54,12,4.166666666666667,78.51851851851852,2026-02-26 14:30:00,0.2222222222222222,0.7777777777777778
jiri pozarsky,tomas dorko,20,3,4.35,82.8,2025-02-26 12:30:00,0.15,0.85
jiri pozarsky,tomas holik,20,8,4.0,78.8,2025-09-23 07:30:00,0.4,0.6
jiri pozarsky,tomas varnuska,37,7,4.243243243243243,80.72972972972973,2025-07-08 09:30:00,0.1891891891891892,0.8108108108108107
jiri pozarsky,vladimir havlicek,29,4,4.275862068965517,80.0,2024-11-21 08:30:00,0.13793103448275862,0.8620689655172413
jiri pozarsky,vladimr postelt,26,8,4.038461538461538,76.84615384615384,2025-03-31 14:00:00,0.3076923076923077,0.6923076923076923
jiri ruzicka,lukas zeman,21,5,4.0,77.0952380952381,2026-02-19 10:30:00,0.23809523809523808,0.7619047619047619
jiri ruzicka,martin huk,272,76,3.9963235294117645,75.875,2026-04-20 18:30:00,0.27941176470588236,0.7205882352941176
jiri ruzicka,matous klimenta,114,26,4.0964912280701755,77.24561403508773,2026-04-20 21:30:00,0.22807017543859648,0.7719298245614035
jiri ruzicka,michal jezek,77,23,4.090909090909091,75.75324675324676,2026-04-14 14:30:00,0.2987012987012987,0.7012987012987013
jiri ruzicka,michal regner,65,17,4.076923076923077,76.64615384615385,2025-09-22 15:30:00,0.26153846153846155,0.7384615384615385
jiri ruzicka,michal sklenar,23,8,3.9130434782608696,75.04347826086956,2024-07-21 01:30:00,0.34782608695652173,0.6521739130434783
jiri ruzicka,michal vavrecka,163,43,4.03680981595092,76.23926380368098,2026-04-15 01:30:00,0.26380368098159507,0.7361963190184049
jiri ruzicka,michal zahradka,87,24,4.011494252873563,74.88505747126437,2026-04-20 19:00:00,0.27586206896551724,0.7241379310344828
jiri ruzicka,oleksandr kolbasenko,85,20,4.0588235294117645,75.69411764705882,2026-03-19 09:00:00,0.23529411764705882,0.7647058823529411
jiri ruzicka,ondrej svacha,178,49,4.00561797752809,75.68539325842697,2026-03-16 02:30:00,0.2752808988764045,0.7247191011235955
jiri ruzicka,petr bradach,21,9,3.857142857142857,73.0,2026-03-02 22:30:00,0.42857142857142855,0.5714285714285714
jiri ruzicka,radek rose,39,17,3.8461538461538463,73.8974358974359,2026-03-16 17:30:00,0.4358974358974359,0.5641025641025641
jiri ruzicka,robin pacha,20,8,3.8,69.1,2025-01-04 17:00:00,0.4,0.6
jiri ruzicka,rostyslav kliucuk,321,66,4.168224299065421,79.74143302180686,2025-09-03 14:30:00,0.205607476635514,0.794392523364486
jiri ruzicka,tadeas zika,76,20,4.171052631578948,78.34210526315789,2025-05-29 11:30:00,0.2631578947368421,0.736842105263158
jiri ruzicka,tomas franek,23,7,4.086956521739131,76.73913043478261,2026-01-10 02:30:00,0.30434782608695654,0.6956521739130435
jiri ruzicka,tomas postelt,31,9,4.161290322580645,78.87096774193549,2026-04-01 03:30:00,0.2903225806451613,0.7096774193548387
jiri ruzicka,tomas turek,99,28,4.05050505050505,77.33333333333333,2025-11-14 15:30:00,0.2828282828282828,0.7171717171717171
jiri ruzicka,vratislav petracek,175,44,4.142857142857143,78.43428571428572,2026-04-15 02:30:00,0.25142857142857145,0.7485714285714286
jiri ruzicka,yirzhi louda,57,18,3.982456140350877,75.3859649122807,2026-01-10 03:30:00,0.3157894736842105,0.6842105263157895
jiri ruzicka,zbynek pagac,37,20,3.6216216216216215,67.54054054054055,2025-06-19 17:30:00,0.5405405405405406,0.45945945945945943
jiri skalicky,marek zaskodny,22,7,4.181818181818182,79.72727272727273,2024-06-14 17:30:00,0.3181818181818182,0.6818181818181819
jiri stach,milan zika,21,7,3.761904761904762,71.19047619047619,2024-06-21 13:00:00,0.3333333333333333,0.6666666666666667
jiri stach,robert koczy,20,6,4.1,77.5,2024-06-17 11:00:00,0.3,0.7
jiri stach,vlastimil pszczolka,20,7,3.95,71.65,2024-07-01 07:00:00,0.35,0.65
jiri svec,leos havrda,32,10,4.0,75.6875,2026-04-11 21:30:00,0.3125,0.6875
jiri svec,lubor sulava,37,8,4.297297297297297,80.1891891891892,2024-06-07 06:00:00,0.21621621621621623,0.7837837837837838
jiri svec,ludek madle,76,21,4.105263157894737,78.11842105263158,2026-03-26 14:30:00,0.27631578947368424,0.7236842105263157
jiri svec,matej pycha,30,11,3.9,71.46666666666667,2026-02-08 21:30:00,0.36666666666666664,0.6333333333333333
jiri svec,michal syroha,45,15,4.022222222222222,75.26666666666667,2026-02-14 10:00:00,0.3333333333333333,0.6666666666666667
jiri svec,milan cetner,23,6,4.173913043478261,77.08695652173913,2025-11-26 10:30:00,0.2608695652173913,0.7391304347826086
jiri svec,milan chalupnicek,90,25,4.0777777777777775,76.85555555555555,2026-03-25 09:30:00,0.2777777777777778,0.7222222222222222
jiri svec,milan smesny,62,16,4.032258064516129,75.8225806451613,2025-10-20 08:30:00,0.25806451612903225,0.7419354838709677
jiri svec,milan vrabec,42,12,4.095238095238095,76.61904761904762,2026-04-15 06:00:00,0.2857142857142857,0.7142857142857143
jiri svec,miloslav lubas,94,26,4.117021276595745,75.59574468085107,2026-04-11 18:30:00,0.2765957446808511,0.7234042553191489
jiri svec,miroslav barta,24,9,3.7916666666666665,68.20833333333333,2026-04-10 14:00:00,0.375,0.625
jiri svec,miroslav tuma,25,3,4.32,84.2,2026-04-03 14:00:00,0.12,0.88
jiri svec,pavel berdych,23,9,3.9130434782608696,74.6086956521739,2026-03-07 07:00:00,0.391304347826087,0.6086956521739131
jiri svec,pavel kulhanek,29,5,4.310344827586207,80.44827586206897,2026-04-17 11:00:00,0.1724137931034483,0.8275862068965517
jiri svec,pavel sprynar,129,36,4.077519379844961,76.32558139534883,2026-02-16 08:30:00,0.27906976744186046,0.7209302325581395
jiri svec,petr serak,26,10,3.9615384615384617,74.15384615384616,2025-08-09 12:30:00,0.38461538461538464,0.6153846153846154
jiri svec,stanislav pinc,23,6,4.0,73.78260869565217,2025-11-15 10:00:00,0.2608695652173913,0.7391304347826086
jiri svec,tomas regner,20,7,3.9,72.15,2024-08-26 09:00:00,0.35,0.65
jiri svec,vaclav hruska sr,61,18,4.0,75.19672131147541,2026-04-11 08:30:00,0.29508196721311475,0.7049180327868853
jiri svec,vitezslav sochurek,20,4,4.3,81.55,2025-05-20 13:30:00,0.2,0.8
jiri svec,vladimir kubat,23,8,3.869565217391304,72.0,2025-09-26 07:30:00,0.34782608695652173,0.6521739130434783
jiri vesely senior,karel hons,21,5,4.0476190476190474,73.71428571428571,2024-12-16 08:30:00,0.23809523809523808,0.7619047619047619
jiri vesely senior,radek limbursky,26,9,4.0,75.84615384615384,2025-06-24 09:30:00,0.34615384615384615,0.6538461538461539
jiri zuzanek,josef belovsky,25,4,4.36,81.52,2024-09-18 06:00:00,0.16,0.84
jiri zuzanek,karel brozhik,22,7,3.9545454545454546,74.31818181818181,2026-02-23 20:30:00,0.3181818181818182,0.6818181818181819
jiri zuzanek,karel kapras,23,6,4.173913043478261,75.65217391304348,2026-04-08 19:00:00,0.2608695652173913,0.7391304347826086
jiri zuzanek,lukas tonar,68,16,4.0588235294117645,75.25,2026-04-12 21:00:00,0.23529411764705882,0.7647058823529411
jiri zuzanek,marcel pikous,23,10,3.782608695652174,67.56521739130434,2026-03-14 12:30:00,0.43478260869565216,0.5652173913043479
jiri zuzanek,marek kostal,25,11,3.72,69.32,2025-08-15 11:00:00,0.44,0.56
jiri zuzanek,marek sedlak,40,12,3.975,72.1,2025-09-22 15:00:00,0.3,0.7
jiri zuzanek,martin sobisek,136,56,3.8308823529411766,71.58823529411765,2026-04-12 09:30:00,0.4117647058823529,0.5882352941176471
jiri zuzanek,martin sychra,39,17,3.8205128205128207,72.48717948717949,2026-04-20 20:00:00,0.4358974358974359,0.5641025641025641
jiri zuzanek,michal regner,55,14,4.036363636363636,75.65454545454546,2026-04-14 07:00:00,0.2545454545454545,0.7454545454545455
jiri zuzanek,michal vondrak,98,23,4.071428571428571,75.26530612244898,2026-04-14 10:30:00,0.23469387755102042,0.7653061224489796
jiri zuzanek,milan klement,106,33,3.981132075471698,74.19811320754717,2026-04-14 08:00:00,0.3113207547169811,0.6886792452830188
jiri zuzanek,milan urban,21,12,3.5238095238095237,65.52380952380952,2024-01-14 16:30:00,0.5714285714285714,0.4285714285714286
jiri zuzanek,miroslav svedik,22,8,3.9545454545454546,72.54545454545455,2025-02-22 12:30:00,0.36363636363636365,0.6363636363636364
jiri zuzanek,ondrej cmerda,21,5,4.0,73.19047619047619,2026-01-06 19:30:00,0.23809523809523808,0.7619047619047619
jiri zuzanek,patrik pycha,57,14,4.0701754385964914,75.03508771929825,2025-09-22 17:00:00,0.24561403508771928,0.7543859649122807
jiri zuzanek,petr sebera,53,18,3.9056603773584904,74.33962264150944,2026-04-14 13:00:00,0.33962264150943394,0.6603773584905661
jiri zuzanek,radim pavelka,25,10,3.92,73.28,2024-08-18 08:00:00,0.4,0.6
jiri zuzanek,radim urbaniec,31,10,4.0,74.90322580645162,2026-04-11 13:30:00,0.3225806451612903,0.6774193548387097
jiri zuzanek,richard krejci,29,5,4.275862068965517,78.34482758620689,2025-04-29 23:30:00,0.1724137931034483,0.8275862068965517
jiri zuzanek,robin pacha,21,8,3.9523809523809526,75.33333333333333,2026-01-17 22:30:00,0.38095238095238093,0.6190476190476191
jiri zuzanek,simon kadavy,87,19,4.149425287356322,78.08045977011494,2026-03-28 18:00:00,0.21839080459770116,0.7816091954022988
jiri zuzanek,tomas dorko,31,11,3.967741935483871,73.87096774193549,2025-02-27 18:00:00,0.3548387096774194,0.6451612903225806
jiri zuzanek,tomas holik,33,4,4.303030303030303,81.39393939393939,2026-03-14 14:06:00,0.12121212121212122,0.8787878787878788
jiri zuzanek,vaclav (2005) nohejl,23,9,3.9565217391304346,72.47826086956522,2025-09-13 09:30:00,0.391304347826087,0.6086956521739131
jiri zuzanek,vit havlik,26,10,3.923076923076923,71.84615384615384,2026-02-10 12:00:00,0.38461538461538464,0.6153846153846154
jiri zuzanek,vladimir cermak,36,10,4.138888888888889,77.83333333333333,2025-08-19 15:30:00,0.2777777777777778,0.7222222222222222
jiri zuzanek,vladimir havlicek,27,7,4.111111111111111,76.55555555555556,2024-10-16 12:00:00,0.25925925925925924,0.7407407407407407
jiri zuzanek,vladimr postelt,27,13,3.6296296296296298,65.03703703703704,2025-07-23 11:30:00,0.48148148148148145,0.5185185185185186
jiri zuzanek,yirzhi louda,73,14,4.1506849315068495,78.35616438356165,2026-04-20 18:00:00,0.1917808219178082,0.8082191780821918
jonas rak,martin biolek,22,7,3.9545454545454546,75.86363636363636,2024-06-12 16:30:00,0.3181818181818182,0.6818181818181819
josef belovsky,julius lazar,35,9,4.057142857142857,76.14285714285714,2026-04-11 09:06:00,0.2571428571428571,0.7428571428571429
josef belovsky,kolar milan,22,5,4.090909090909091,76.77272727272727,2025-11-12 14:30:00,0.22727272727272727,0.7727272727272727
josef belovsky,ladislav janousek,86,21,4.151162790697675,78.82558139534883,2025-04-09 13:00:00,0.2441860465116279,0.7558139534883721
josef belovsky,lukas malek,65,21,4.061538461538461,76.66153846153846,2026-03-16 11:30:00,0.3230769230769231,0.676923076923077
josef belovsky,marek kostal,97,21,4.11340206185567,76.25773195876289,2026-02-23 12:30:00,0.21649484536082475,0.7835051546391752
josef belovsky,michal vedmoch,21,7,4.0,76.33333333333333,2026-04-02 07:00:00,0.3333333333333333,0.6666666666666667
josef belovsky,radim pavelka,66,14,4.166666666666667,76.92424242424242,2026-04-18 09:30:00,0.21212121212121213,0.7878787878787878
josef belovsky,stanislav olejarcik,20,4,4.1,77.0,2026-01-14 13:30:00,0.2,0.8
josef belovsky,tibor kolenic,21,4,4.142857142857143,79.04761904761905,2025-12-18 10:30:00,0.19047619047619047,0.8095238095238095
josef belovsky,tomas andrle,34,7,4.264705882352941,79.41176470588235,2025-12-18 09:30:00,0.20588235294117646,0.7941176470588236
josef belovsky,tomas barta,63,22,3.9523809523809526,72.68253968253968,2026-04-20 11:00:00,0.3492063492063492,0.6507936507936508
josef belovsky,tomas dousa,22,5,4.181818181818182,78.95454545454545,2026-04-07 17:00:00,0.22727272727272727,0.7727272727272727
josef belovsky,tomas varnuska,33,12,3.9393939393939394,73.12121212121212,2026-04-08 06:30:00,0.36363636363636365,0.6363636363636364
josef belovsky,vladimir cermak,87,24,4.080459770114943,78.25287356321839,2026-04-15 11:30:00,0.27586206896551724,0.7241379310344828
josef belovsky,vladimir havlicek,160,43,4.075,76.81875,2026-03-19 13:30:00,0.26875,0.73125
josef belovsky,vladimr postelt,32,8,4.1875,75.6875,2026-04-17 11:00:00,0.25,0.75
josef belovsky,vlastimil pecka,23,7,4.043478260869565,75.52173913043478,2025-11-27 12:30:00,0.30434782608695654,0.6956521739130435
josef fuchs,michal drastich,20,6,3.95,70.95,2025-02-04 11:00:00,0.3,0.7
josef fuchs,milan fikar,28,11,3.857142857142857,69.32142857142857,2024-12-23 22:00:00,0.39285714285714285,0.6071428571428572
josef fuchs,miloslav kotil,91,41,3.78021978021978,69.2967032967033,2025-01-17 12:30:00,0.45054945054945056,0.5494505494505495
josef fuchs,oldrich lzicar,29,7,4.137931034482759,77.44827586206897,2024-09-03 10:00:00,0.2413793103448276,0.7586206896551724
josef fuchs,ondrej mista,29,16,3.6206896551724137,66.6896551724138,2025-02-26 11:00:00,0.5517241379310345,0.4482758620689655
josef fuchs,petr 	machovec,35,12,4.0,73.68571428571428,2025-02-26 13:30:00,0.34285714285714286,0.6571428571428571
josef fuchs,stepan prazak,23,5,4.217391304347826,80.0,2025-01-24 12:00:00,0.21739130434782608,0.782608695652174
josef grill,milan regner,79,30,4.0,74.12658227848101,2024-09-28 07:00:00,0.379746835443038,0.620253164556962
josef grill,ondrej kucirek,20,4,4.1,74.4,2024-11-10 03:00:00,0.2,0.8
josef grill,zdenek kasinski,20,8,3.95,74.1,2024-11-12 15:00:00,0.4,0.6
josef koutnik,ladislav svanda,31,11,4.0,74.61290322580645,2025-02-11 08:00:00,0.3548387096774194,0.6451612903225806
josef koutnik,ondrej pros,33,10,3.9696969696969697,73.9090909090909,2025-06-03 09:30:00,0.30303030303030304,0.696969696969697
josef koutnik,vlastimil kaisler,23,5,4.173913043478261,77.52173913043478,2025-05-12 06:00:00,0.21739130434782608,0.782608695652174
josef kutifel,martin huk,21,8,3.761904761904762,68.0,2023-05-10 16:00:00,0.38095238095238093,0.6190476190476191
josef kutifel,tomas postelt,25,2,4.48,87.08,2023-05-07 03:00:00,0.08,0.92
josef kutifel,tomas turek,29,4,4.241379310344827,80.62068965517241,2023-05-07 02:00:00,0.13793103448275862,0.8620689655172413
josef medek,lukas boruvka,106,27,4.084905660377358,75.5754716981132,2026-04-09 20:00:00,0.25471698113207547,0.7452830188679245
josef medek,petr macela,159,58,3.9559748427672954,74.01886792452831,2026-02-23 20:00:00,0.36477987421383645,0.6352201257861636
josef medek,vojtech koubek,32,4,4.21875,78.8125,2026-04-20 16:00:00,0.125,0.875
josef medek,zdenek bilek,38,8,4.131578947368421,74.94736842105263,2026-04-08 21:00:00,0.21052631578947367,0.7894736842105263
josef musil,martin zizka,20,8,3.7,68.7,2024-03-18 12:30:00,0.4,0.6
josef musil,tomas brezna,23,13,3.608695652173913,66.78260869565217,2024-01-29 11:00:00,0.5652173913043478,0.4347826086956522
josef palecek,ladislav novotny,24,7,4.166666666666667,78.20833333333333,2025-09-19 07:30:00,0.2916666666666667,0.7083333333333333
josef palecek,matej pycha,20,8,3.9,71.95,2025-02-11 12:30:00,0.4,0.6
josef palecek,oskar spacek,21,7,4.0,73.47619047619048,2025-11-04 13:30:00,0.3333333333333333,0.6666666666666667
josef palecek,petr serak,21,4,4.095238095238095,77.38095238095238,2025-07-11 07:00:00,0.19047619047619047,0.8095238095238095
josef palecek,vladimir kubat,34,14,3.7941176470588234,69.73529411764706,2025-08-04 09:30:00,0.4117647058823529,0.5882352941176471
josef pelikan,ladislav havel,23,6,4.043478260869565,74.52173913043478,2026-03-31 01:30:00,0.2608695652173913,0.7391304347826086
josef pelikan,lubor sulava,47,14,4.0212765957446805,74.25531914893617,2025-09-17 18:00:00,0.2978723404255319,0.7021276595744681
josef pelikan,lukas krok,32,13,3.71875,69.625,2024-10-10 19:30:00,0.40625,0.59375
josef pelikan,miroslav barta,57,19,4.035087719298246,74.40350877192982,2026-03-27 20:00:00,0.3333333333333333,0.6666666666666667
josef pelikan,miroslav tuma,21,6,3.9047619047619047,73.57142857142857,2025-12-08 19:30:00,0.2857142857142857,0.7142857142857143
josef pelikan,petr picek,21,3,4.285714285714286,79.28571428571429,2024-09-28 23:30:00,0.14285714285714285,0.8571428571428572
josef pelikan,trojan frantisek,25,5,4.24,79.08,2026-01-22 00:00:00,0.2,0.8
josef pelikan,vaclav hruska sr,41,17,3.8536585365853657,70.39024390243902,2026-02-25 22:00:00,0.4146341463414634,0.5853658536585367
josef rossler,karel hons,96,36,3.9479166666666665,73.01041666666667,2025-06-14 17:30:00,0.375,0.625
josef rossler,milan fikar,20,8,3.8,70.85,2024-11-18 20:30:00,0.4,0.6
josef rossler,miloslav kotil,23,5,4.086956521739131,78.30434782608695,2023-10-07 13:30:00,0.21739130434782608,0.782608695652174
josef rossler,miroslav necas,40,7,4.125,78.925,2025-04-13 19:30:00,0.175,0.825
josef rossler,petr svoboda,23,7,4.086956521739131,76.34782608695652,2025-06-22 09:03:00,0.30434782608695654,0.6956521739130435
josef rossler,radek limbursky,54,14,4.12962962962963,77.92592592592592,2025-06-07 16:00:00,0.25925925925925924,0.7407407407407407
josef rossler,radim jaros,22,8,3.909090909090909,69.86363636363636,2025-06-28 14:00:00,0.36363636363636365,0.6363636363636364
josef rossler,vaclav svoboda,52,18,3.9423076923076925,71.90384615384616,2025-06-28 17:00:00,0.34615384615384615,0.6538461538461539
josef rossler,vladimir stanek,27,10,3.814814814814815,71.62962962962963,2025-01-13 21:00:00,0.37037037037037035,0.6296296296296297
josef vanek,pavel chvatal,40,9,4.2,77.5,2025-06-23 06:30:00,0.225,0.775
josef vanek,stanislav hudec,30,6,4.333333333333333,80.06666666666666,2025-06-10 08:30:00,0.2,0.8
josef vanek,stepan vyskocil,23,5,4.260869565217392,79.34782608695652,2025-06-23 09:30:00,0.21739130434782608,0.782608695652174
julius didi,lubos forman,26,8,4.076923076923077,77.88461538461539,2026-01-09 07:00:00,0.3076923076923077,0.6923076923076923
julius didi,milan cetner,24,10,3.7916666666666665,68.41666666666667,2026-04-03 15:30:00,0.4166666666666667,0.5833333333333333
julius lazar,marek kostal,39,6,4.205128205128205,80.56410256410257,2025-12-29 10:30:00,0.15384615384615385,0.8461538461538461
julius lazar,radim pavelka,26,5,4.1923076923076925,78.92307692307692,2026-04-11 08:30:00,0.19230769230769232,0.8076923076923077
julius lazar,vladimir cermak,33,6,4.242424242424242,77.60606060606061,2026-04-11 06:30:00,0.18181818181818182,0.8181818181818181
julius lazar,vladimir havlicek,34,15,3.911764705882353,72.17647058823529,2026-01-05 10:00:00,0.4411764705882353,0.5588235294117647
kamil gavelcik,vladimir kubat,22,6,3.9545454545454546,72.27272727272727,2024-01-17 07:00:00,0.2727272727272727,0.7272727272727273
kamil kleprlik,oldrich vrtal,38,11,4.078947368421052,76.47368421052632,2024-05-14 17:00:00,0.2894736842105263,0.7105263157894737
kamil kleprlik,roman hudeczek,25,6,4.16,74.32,2024-05-14 14:30:00,0.24,0.76
kamil kleprlik,tadeas zika,25,7,4.16,79.08,2024-06-26 14:00:00,0.28,0.72
kamil novak,ladislav janousek,21,6,4.095238095238095,77.52380952380952,2025-07-17 17:00:00,0.2857142857142857,0.7142857142857143
kamil novak,ladislav zatecka,21,7,4.0,75.0,2024-05-20 01:00:00,0.3333333333333333,0.6666666666666667
kamil novak,marek kostal,24,4,4.333333333333333,79.54166666666667,2026-01-11 15:00:00,0.16666666666666666,0.8333333333333334
kamil novak,marek placek,24,10,3.9583333333333335,73.45833333333333,2025-10-21 22:00:00,0.4166666666666667,0.5833333333333333
kamil novak,martin sychra,31,7,4.096774193548387,75.16129032258064,2025-05-25 03:30:00,0.22580645161290322,0.7741935483870968
kamil novak,milan smrcek,22,6,4.181818181818182,78.4090909090909,2025-04-06 22:00:00,0.2727272727272727,0.7272727272727273
kamil novak,miroslav adamec,44,13,3.977272727272727,73.02272727272727,2025-08-04 23:30:00,0.29545454545454547,0.7045454545454546
kamil novak,miroslav svedik,27,10,3.962962962962963,72.25925925925925,2025-07-14 12:30:00,0.37037037037037035,0.6296296296296297
kamil novak,patrik pycha,20,6,4.0,73.6,2025-12-24 15:00:00,0.3,0.7
kamil novak,pavel fojt,102,25,4.166666666666667,78.23529411764706,2026-02-18 19:00:00,0.24509803921568626,0.7549019607843137
kamil novak,radim pavelka,92,31,3.9456521739130435,72.21739130434783,2025-12-25 23:00:00,0.33695652173913043,0.6630434782608696
kamil novak,richard krejci,62,33,3.7096774193548385,67.70967741935483,2026-01-10 03:00:00,0.532258064516129,0.467741935483871
kamil novak,tomas andrle,26,5,4.230769230769231,80.07692307692308,2025-10-13 21:00:00,0.19230769230769232,0.8076923076923077
kamil novak,tomas barta,38,15,3.973684210526316,73.73684210526316,2026-04-10 21:00:00,0.39473684210526316,0.6052631578947368
kamil novak,tomas dousa,46,10,4.108695652173913,78.1304347826087,2026-04-10 18:00:00,0.21739130434782608,0.782608695652174
kamil novak,tomas janata,48,9,4.229166666666667,78.3125,2025-11-28 23:00:00,0.1875,0.8125
kamil novak,vladimir cermak,48,18,3.8958333333333335,71.77083333333333,2025-07-08 18:00:00,0.375,0.625
kamil novak,vladimr postelt,44,15,3.977272727272727,75.0909090909091,2025-11-29 04:00:00,0.3409090909090909,0.6590909090909092
kamil novak,yurii holovatiuk,26,9,4.076923076923077,74.57692307692308,2026-04-10 19:30:00,0.34615384615384615,0.6538461538461539
kanak alois,martin stefek,33,10,3.9393939393939394,74.96969696969697,2024-06-24 21:30:00,0.30303030303030304,0.696969696969697
kanak alois,ondrej homola,21,9,3.9523809523809526,71.42857142857143,2026-03-07 18:07:00,0.42857142857142855,0.5714285714285714
kanak alois,tomas suta,31,4,4.387096774193548,83.80645161290323,2024-06-05 15:00:00,0.12903225806451613,0.8709677419354839
karel bartak,tomas regner,27,13,3.6666666666666665,68.22222222222223,2026-02-09 02:00:00,0.48148148148148145,0.5185185185185186
karel bartak,vaclav hruska sr,26,9,4.076923076923077,72.84615384615384,2025-08-16 22:30:00,0.34615384615384615,0.6538461538461539
karel brozhik,marcel pikous,27,9,3.888888888888889,72.66666666666667,2026-04-17 21:30:00,0.3333333333333333,0.6666666666666667
karel brozhik,martin sobisek,33,8,4.090909090909091,76.78787878787878,2026-04-19 16:30:00,0.24242424242424243,0.7575757575757576
karel brozhik,michal regner,54,11,4.074074074074074,76.16666666666667,2026-04-05 22:00:00,0.2037037037037037,0.7962962962962963
karel brozhik,milan klement,65,24,3.9384615384615387,74.43076923076923,2026-03-16 04:00:00,0.36923076923076925,0.6307692307692307
karel brozhik,petr sebera,24,8,4.0,76.08333333333333,2026-04-20 03:30:00,0.3333333333333333,0.6666666666666667
karel brozhik,robin pacha,24,9,4.0,72.875,2026-03-05 21:30:00,0.375,0.625
karel brozhik,rostyslav kliucuk,44,8,4.181818181818182,78.72727272727273,2025-08-30 21:00:00,0.18181818181818182,0.8181818181818181
karel brozhik,viktor vejvoda,24,10,3.7916666666666665,71.95833333333333,2026-04-17 20:30:00,0.4166666666666667,0.5833333333333333
karel brozhik,yirzhi louda,47,11,4.23404255319149,80.48936170212765,2026-04-17 19:00:00,0.23404255319148937,0.7659574468085106
karel hons,martin cvecek,20,6,3.95,72.5,2025-06-24 17:30:00,0.3,0.7
karel hons,miloslav kotil,21,9,3.9047619047619047,70.76190476190476,2023-09-09 12:00:00,0.42857142857142855,0.5714285714285714
karel hons,miroslav necas,36,10,4.027777777777778,76.33333333333333,2025-04-27 18:30:00,0.2777777777777778,0.7222222222222222
karel hons,radek limbursky,59,23,3.9322033898305087,73.61016949152543,2025-06-20 09:06:00,0.3898305084745763,0.6101694915254237
karel hons,radim jaros,21,2,4.285714285714286,79.42857142857143,2024-11-19 07:00:00,0.09523809523809523,0.9047619047619048
karel hons,vaclav svoboda,63,20,3.9047619047619047,72.26984126984127,2025-05-27 21:00:00,0.31746031746031744,0.6825396825396826
karel hons,vladimir stanek,21,8,3.857142857142857,69.0952380952381,2024-05-26 17:00:00,0.38095238095238093,0.6190476190476191
karel kapras,martin sobisek,21,8,3.8095238095238093,70.14285714285714,2026-03-16 20:30:00,0.38095238095238093,0.6190476190476191
karel kapras,martin sychra,30,10,3.933333333333333,71.9,2026-03-31 18:30:00,0.3333333333333333,0.6666666666666667
karel kapras,yirzhi louda,20,4,4.25,81.85,2026-01-29 21:00:00,0.2,0.8
karel schopf,martin sychra,24,11,3.875,71.70833333333333,2026-03-27 22:30:00,0.4583333333333333,0.5416666666666667
karel schopf,michal regner,20,4,4.05,78.3,2026-03-09 01:00:00,0.2,0.8
karel schopf,petr sebera,22,5,4.2272727272727275,80.86363636363636,2026-03-09 02:00:00,0.22727272727272727,0.7727272727272727
karel smidt,martin huk,24,10,3.9166666666666665,74.0,2025-02-21 13:30:00,0.4166666666666667,0.5833333333333333
karel smidt,tadeas zika,38,5,4.342105263157895,85.34210526315789,2025-02-27 02:30:00,0.13157894736842105,0.868421052631579
karel smidt,tomas turek,42,12,3.9761904761904763,76.28571428571429,2025-02-20 12:00:00,0.2857142857142857,0.7142857142857143
kir martin,martin sychra,23,7,3.9130434782608696,71.04347826086956,2025-09-02 00:00:00,0.30434782608695654,0.6956521739130435
kir martin,pavel fojt,24,6,4.0,75.125,2025-10-05 17:30:00,0.25,0.75
kir martin,radim pavelka,27,10,3.925925925925926,71.70370370370371,2025-10-14 00:30:00,0.37037037037037035,0.6296296296296297
kir martin,tomas barta,32,6,4.28125,79.3125,2025-10-17 15:00:00,0.1875,0.8125
kir martin,tomas dousa,23,4,4.3478260869565215,79.82608695652173,2025-10-15 21:30:00,0.17391304347826086,0.8260869565217391
kir martin,tomas janata,37,10,3.918918918918919,74.13513513513513,2025-10-26 20:30:00,0.2702702702702703,0.7297297297297297
kir martin,vladimir cermak,24,6,4.083333333333333,75.04166666666667,2025-10-29 01:30:00,0.25,0.75
kir martin,vladimr postelt,30,7,4.0,76.33333333333333,2025-10-19 14:30:00,0.23333333333333334,0.7666666666666666
kolar milan,ladislav havel,68,25,3.911764705882353,71.5,2025-06-07 07:00:00,0.36764705882352944,0.6323529411764706
kolar milan,lubor sulava,43,12,4.162790697674419,77.27906976744185,2026-04-06 07:30:00,0.27906976744186046,0.7209302325581395
kolar milan,lukas malek,56,18,3.9642857142857144,72.30357142857143,2026-03-07 12:00:00,0.32142857142857145,0.6785714285714286
kolar milan,marek placek,50,16,3.96,74.52,2026-04-18 23:00:00,0.32,0.6799999999999999
kolar milan,martin sychra,22,8,3.8181818181818183,70.5,2024-09-17 21:05:00,0.36363636363636365,0.6363636363636364
kolar milan,michal vedmoch,29,7,4.103448275862069,76.24137931034483,2026-03-21 15:30:00,0.2413793103448276,0.7586206896551724
kolar milan,mihail trinta,94,34,3.8617021276595747,70.26595744680851,2026-03-11 08:00:00,0.3617021276595745,0.6382978723404256
kolar milan,milan fisera,114,32,4.0701754385964914,75.01754385964912,2026-04-07 21:30:00,0.2807017543859649,0.7192982456140351
kolar milan,milan longin,25,3,4.32,79.64,2026-01-01 13:30:00,0.12,0.88
kolar milan,milan regner,114,39,3.9210526315789473,72.29824561403508,2026-04-06 08:30:00,0.34210526315789475,0.6578947368421053
kolar milan,milan smrcek,36,13,4.083333333333333,75.72222222222223,2026-02-06 10:30:00,0.3611111111111111,0.6388888888888888
kolar milan,ondrej kucirek,22,5,4.045454545454546,74.36363636363636,2026-03-24 02:00:00,0.22727272727272727,0.7727272727272727
kolar milan,ondrej pastorek,29,7,4.068965517241379,74.34482758620689,2025-06-06 03:05:00,0.2413793103448276,0.7586206896551724
kolar milan,pavel fojt,22,7,3.8636363636363638,75.72727272727273,2026-04-19 00:30:00,0.3181818181818182,0.6818181818181819
kolar milan,pavel kulhanek,37,19,3.7567567567567566,70.13513513513513,2024-10-25 15:00:00,0.5135135135135135,0.4864864864864865
kolar milan,petr picek,33,15,3.8181818181818183,67.12121212121212,2025-02-09 23:30:00,0.45454545454545453,0.5454545454545454
kolar milan,petr sudek,24,5,4.166666666666667,76.5,2024-11-15 12:00:00,0.20833333333333334,0.7916666666666666
kolar milan,radim pavelka,22,5,4.045454545454546,73.31818181818181,2026-03-01 19:30:00,0.22727272727272727,0.7727272727272727
kolar milan,rotislav hasmanda,28,12,3.75,69.46428571428571,2025-09-28 22:30:00,0.42857142857142855,0.5714285714285714
kolar milan,stanislav olejarcik,39,15,3.923076923076923,73.25641025641026,2025-12-29 07:00:00,0.38461538461538464,0.6153846153846154
kolar milan,tibor kolenic,20,9,3.7,68.95,2025-08-23 16:30:00,0.45,0.55
kolar milan,tomas barta,27,10,3.925925925925926,71.74074074074075,2025-03-19 20:00:00,0.37037037037037035,0.6296296296296297
kolar milan,tomas dousa,32,7,4.1875,80.28125,2025-11-29 14:30:00,0.21875,0.78125
kolar milan,tomas janata,25,6,4.16,78.32,2025-11-26 17:00:00,0.24,0.76
kolar milan,tomas regner,20,4,4.25,78.9,2026-04-17 16:30:00,0.2,0.8
kolar milan,vaclav dolezal,23,13,3.5652173913043477,66.0,2026-03-26 08:30:00,0.5652173913043478,0.4347826086956522
kolar milan,vladimr postelt,26,7,4.115384615384615,75.84615384615384,2026-02-02 20:30:00,0.2692307692307692,0.7307692307692308
kolar milan,yurii holovatiuk,42,7,4.119047619047619,79.0952380952381,2026-02-22 01:00:00,0.16666666666666666,0.8333333333333334
kolar milan,zdenek kasinski,28,8,3.9642857142857144,74.07142857142857,2025-01-31 10:00:00,0.2857142857142857,0.7142857142857143
kyryl darin,lubor sulava,29,6,4.137931034482759,80.13793103448276,2026-02-06 15:00:00,0.20689655172413793,0.7931034482758621
kyryl darin,lukas krok,48,15,4.083333333333333,75.16666666666667,2026-04-03 21:03:00,0.3125,0.6875
kyryl darin,lukas krupnik junior,20,3,4.35,86.35,2024-05-21 13:00:00,0.15,0.85
kyryl darin,lukas malek,62,21,4.0,75.29032258064517,2026-04-04 11:30:00,0.3387096774193548,0.6612903225806452
kyryl darin,marek blejchar,36,7,4.277777777777778,78.88888888888889,2026-01-31 22:00:00,0.19444444444444445,0.8055555555555556
kyryl darin,marek placek,48,10,4.208333333333333,78.64583333333333,2026-04-14 03:06:00,0.20833333333333334,0.7916666666666666
kyryl darin,martin stefek,24,5,4.083333333333333,76.875,2026-02-17 10:05:00,0.20833333333333334,0.7916666666666666
kyryl darin,michal vedmoch,93,19,4.139784946236559,77.58064516129032,2026-04-19 12:00:00,0.20430107526881722,0.7956989247311828
kyryl darin,mihail trinta,45,9,4.333333333333333,77.64444444444445,2026-03-08 13:00:00,0.2,0.8
kyryl darin,milan longin,22,9,3.8181818181818183,72.77272727272727,2026-01-03 15:00:00,0.4090909090909091,0.5909090909090908
kyryl darin,milan smrcek,31,6,4.193548387096774,79.03225806451613,2026-04-05 02:30:00,0.1935483870967742,0.8064516129032258
kyryl darin,milan zika,46,7,4.282608695652174,80.69565217391305,2024-05-27 20:00:00,0.15217391304347827,0.8478260869565217
kyryl darin,miroslav adamec,32,7,4.09375,76.5625,2026-01-08 23:30:00,0.21875,0.78125
kyryl darin,ondrej kucirek,26,3,4.1923076923076925,78.15384615384616,2026-04-10 02:30:00,0.11538461538461539,0.8846153846153846
kyryl darin,petr picek,56,18,3.982142857142857,73.64285714285714,2026-04-17 02:00:00,0.32142857142857145,0.6785714285714286
kyryl darin,radek bartunek,41,13,3.902439024390244,72.73170731707317,2026-02-21 02:30:00,0.3170731707317073,0.6829268292682926
kyryl darin,rotislav hasmanda,58,16,3.9482758620689653,74.25862068965517,2026-04-10 01:30:00,0.27586206896551724,0.7241379310344828
kyryl darin,stanislav olejarcik,47,12,4.042553191489362,76.61702127659575,2025-12-11 13:00:00,0.2553191489361702,0.7446808510638299
kyryl darin,tomas andrle,47,17,3.9361702127659575,72.48936170212765,2026-04-09 02:00:00,0.3617021276595745,0.6382978723404256
kyryl darin,tomas paldus,20,5,4.1,74.65,2026-02-04 15:00:00,0.25,0.75
kyryl darin,tomas regner,34,10,4.117647058823529,77.97058823529412,2026-04-19 06:00:00,0.29411764705882354,0.7058823529411764
kyryl darin,vaclav dolezal,38,6,4.2631578947368425,78.23684210526316,2026-04-04 13:04:00,0.15789473684210525,0.8421052631578947
kyryl darin,vaclav hruska sr,27,9,4.0,76.4074074074074,2025-08-30 21:00:00,0.3333333333333333,0.6666666666666667
kyryl darin,vlastimil pszczolka,23,7,4.086956521739131,80.56521739130434,2025-06-30 01:00:00,0.30434782608695654,0.6956521739130435
kyryl darin,yurii holovatiuk,46,10,4.108695652173913,79.08695652173913,2026-04-06 14:30:00,0.21739130434782608,0.782608695652174
kyryl darin,zbynek zientek,37,13,3.972972972972973,75.8108108108108,2024-02-22 14:00:00,0.35135135135135137,0.6486486486486487
ladislav havel,lubor sulava,94,27,4.085106382978723,77.38297872340425,2026-04-09 07:30:00,0.2872340425531915,0.7127659574468085
ladislav havel,ludek madle,23,5,4.086956521739131,78.95652173913044,2026-04-16 12:30:00,0.21739130434782608,0.782608695652174
ladislav havel,martin tacinec,22,11,3.8636363636363638,71.72727272727273,2026-04-11 15:00:00,0.5,0.5
ladislav havel,michal syroha,28,13,3.892857142857143,73.60714285714286,2026-03-03 01:00:00,0.4642857142857143,0.5357142857142857
ladislav havel,mihail trinta,44,14,3.9545454545454546,72.93181818181819,2026-02-20 23:00:00,0.3181818181818182,0.6818181818181819
ladislav havel,milan chalupnicek,47,14,4.0212765957446805,73.53191489361703,2026-03-26 08:30:00,0.2978723404255319,0.7021276595744681
ladislav havel,milan regner,20,8,3.75,69.3,2026-01-10 14:30:00,0.4,0.6
ladislav havel,miroslav barta,35,12,3.942857142857143,72.94285714285714,2026-04-17 17:00:00,0.34285714285714286,0.6571428571428571
ladislav havel,miroslav tuma,23,9,3.9565217391304346,73.73913043478261,2026-04-17 15:30:00,0.391304347826087,0.6086956521739131
ladislav havel,oleg vitrovyj,28,11,3.8214285714285716,70.03571428571429,2026-01-31 00:30:00,0.39285714285714285,0.6071428571428572
ladislav havel,pavel kulhanek,59,20,3.9322033898305087,74.61016949152543,2025-10-03 10:00:00,0.3389830508474576,0.6610169491525424
ladislav havel,petr picek,25,8,3.92,73.92,2025-10-25 14:00:00,0.32,0.6799999999999999
ladislav havel,rotislav hasmanda,26,10,3.769230769230769,66.34615384615384,2025-06-02 13:30:00,0.38461538461538464,0.6153846153846154
ladislav havel,tibor kolenic,49,12,4.061224489795919,76.93877551020408,2025-04-29 10:30:00,0.24489795918367346,0.7551020408163265
ladislav havel,tomas barta,21,6,4.238095238095238,79.61904761904762,2024-09-21 17:00:00,0.2857142857142857,0.7142857142857143
ladislav havel,tomas regner,60,20,3.966666666666667,71.66666666666667,2026-02-09 04:00:00,0.3333333333333333,0.6666666666666667
ladislav havel,trojan frantisek,52,16,4.038461538461538,75.46153846153847,2026-04-04 07:00:00,0.3076923076923077,0.6923076923076923
ladislav havel,vaclav dolezal,45,14,3.977777777777778,76.13333333333334,2026-03-22 02:00:00,0.3111111111111111,0.6888888888888889
ladislav havel,vaclav hruska sr,56,19,3.892857142857143,71.26785714285714,2026-03-26 10:00:00,0.3392857142857143,0.6607142857142857
ladislav havel,zdenek kasinski,32,10,4.03125,74.21875,2025-09-28 11:30:00,0.3125,0.6875
ladislav havel 1956,mihail trinta,28,3,4.321428571428571,82.07142857142857,2023-05-10 01:00:00,0.10714285714285714,0.8928571428571429
ladislav janousek,lukas malek,88,21,4.113636363636363,76.9659090909091,2025-07-10 11:30:00,0.23863636363636365,0.7613636363636364
ladislav janousek,marek placek,22,4,4.318181818181818,82.4090909090909,2025-05-31 13:00:00,0.18181818181818182,0.8181818181818181
ladislav janousek,vladimir cermak,44,16,4.045454545454546,75.5909090909091,2024-12-12 08:30:00,0.36363636363636365,0.6363636363636364
ladislav janousek,vladimir havlicek,32,14,3.90625,72.25,2025-03-04 11:30:00,0.4375,0.5625
ladislav novotny,petr monik,25,5,4.12,74.56,2025-10-09 07:00:00,0.2,0.8
ladislav novotny,vladimir kubat,23,7,3.9565217391304346,71.34782608695652,2026-04-20 13:00:00,0.30434782608695654,0.6956521739130435
ladislav svanda,ladislav vosyka,20,7,3.9,72.9,2024-09-19 21:00:00,0.35,0.65
ladislav svanda,milancakovsky sr,39,13,3.8974358974358974,72.56410256410257,2025-06-30 19:30:00,0.3333333333333333,0.6666666666666667
ladislav svanda,miroslav cyrus,26,14,3.730769230769231,68.0,2025-06-22 18:30:00,0.5384615384615384,0.46153846153846156
ladislav svanda,miroslav hajek,26,7,4.038461538461538,74.6923076923077,2025-06-13 06:30:00,0.2692307692307692,0.7307692307692308
ladislav svanda,radim pokorny,20,8,4.0,73.15,2024-03-01 07:30:00,0.4,0.6
ladislav svanda,richard vavricka,22,3,4.2727272727272725,82.45454545454545,2024-07-14 21:00:00,0.13636363636363635,0.8636363636363636
ladislav svanda,roman laznicka,40,9,4.175,77.25,2025-06-30 18:30:00,0.225,0.775
ladislav svanda,vitezslav malina,28,4,4.214285714285714,79.5,2025-05-29 06:30:00,0.14285714285714285,0.8571428571428572
ladislav svanda,vlastimil kaisler,28,10,3.8214285714285716,71.25,2025-06-26 08:00:00,0.35714285714285715,0.6428571428571428
ladislav vosyka,oldrich stehlik,24,7,4.041666666666667,72.79166666666667,2025-06-19 19:30:00,0.2916666666666667,0.7083333333333333
ladislav vosyka,petr zivny,37,10,4.243243243243243,79.83783783783784,2025-03-16 16:30:00,0.2702702702702703,0.7297297297297297
ladislav vosyka,radek fnukal,31,7,4.161290322580645,77.87096774193549,2025-06-08 12:00:00,0.22580645161290322,0.7741935483870968
ladislav vosyka,radek vosyka,44,11,3.9545454545454546,73.36363636363636,2025-06-19 18:30:00,0.25,0.75
ladislav vosyka,tomas nevrtal,21,5,3.9523809523809526,72.0952380952381,2025-01-06 18:00:00,0.23809523809523808,0.7619047619047619
ladislav zatecka,vladimir cermak,22,11,3.6363636363636362,66.0909090909091,2024-06-10 01:30:00,0.5,0.5
leos havrda,matej pycha,23,8,3.9565217391304346,75.47826086956522,2026-03-08 00:00:00,0.34782608695652173,0.6521739130434783
leos havrda,miloslav lubas,29,11,3.8275862068965516,70.86206896551724,2026-04-11 19:00:00,0.3793103448275862,0.6206896551724138
leos havrda,miroslav barta,20,3,4.25,79.05,2026-03-21 11:00:00,0.15,0.85
leos havrda,pavel berdych,30,10,4.033333333333333,77.06666666666666,2026-04-05 13:30:00,0.3333333333333333,0.6666666666666667
leos havrda,pavel sprynar,80,27,4.0,73.6375,2026-02-21 13:00:00,0.3375,0.6625
leos havrda,semen kosarev,23,9,3.869565217391304,70.69565217391305,2026-04-11 18:00:00,0.391304347826087,0.6086956521739131
libor jemelka,radomir benesz,27,7,4.333333333333333,78.33333333333333,2024-06-29 07:30:00,0.25925925925925924,0.7407407407407407
libor jemelka,svatoslav stempen,20,6,4.1,77.5,2024-05-18 21:30:00,0.3,0.7
lubomir jonas,milan travnik,26,3,4.1923076923076925,81.26923076923077,2025-04-22 14:00:00,0.11538461538461539,0.8846153846153846
lubomir jonas,miloslav kotil,23,9,3.782608695652174,69.69565217391305,2025-04-25 17:30:00,0.391304347826087,0.6086956521739131
lubomir jonas,oldrich lzicar,24,5,4.208333333333333,76.33333333333333,2025-05-02 15:00:00,0.20833333333333334,0.7916666666666666
lubomir navrat,radomir vavrecka,27,4,4.407407407407407,80.51851851851852,2024-06-04 19:00:00,0.14814814814814814,0.8518518518518519
lubor sulava,ludek madle,33,9,3.878787878787879,72.39393939393939,2024-09-13 09:00:00,0.2727272727272727,0.7272727272727273
lubor sulava,lukas krok,39,10,4.153846153846154,78.97435897435898,2025-10-02 19:00:00,0.2564102564102564,0.7435897435897436
lubor sulava,martin stefek,20,7,3.95,73.25,2026-03-26 03:30:00,0.35,0.65
lubor sulava,martin tacinec,36,10,4.138888888888889,77.02777777777777,2026-03-08 07:30:00,0.2777777777777778,0.7222222222222222
lubor sulava,matej perny,36,14,3.9722222222222223,76.27777777777777,2024-11-30 07:30:00,0.3888888888888889,0.6111111111111112
lubor sulava,michal syroha,47,15,4.0,72.8936170212766,2025-10-25 08:00:00,0.3191489361702128,0.6808510638297872
lubor sulava,mihail trinta,36,10,4.111111111111111,76.52777777777777,2026-02-27 08:00:00,0.2777777777777778,0.7222222222222222
lubor sulava,milan longin,26,8,4.076923076923077,77.34615384615384,2026-04-19 17:30:00,0.3076923076923077,0.6923076923076923
lubor sulava,milan regner,51,12,4.0588235294117645,76.27450980392157,2026-04-20 09:30:00,0.23529411764705882,0.7647058823529411
lubor sulava,milan smesny,32,11,3.875,71.625,2024-07-19 09:30:00,0.34375,0.65625
lubor sulava,milan vrabec,38,9,4.157894736842105,76.42105263157895,2024-07-20 01:30:00,0.23684210526315788,0.7631578947368421
lubor sulava,miroslav barta,87,30,3.9195402298850577,72.47126436781609,2026-03-04 20:30:00,0.3448275862068966,0.6551724137931034
lubor sulava,miroslav klimenta,34,9,4.235294117647059,79.97058823529412,2024-05-15 15:00:00,0.2647058823529412,0.7352941176470589
lubor sulava,ondrej kucirek,24,7,3.9583333333333335,73.04166666666667,2026-04-13 21:00:00,0.2916666666666667,0.7083333333333333
lubor sulava,pavel kulhanek,36,13,3.861111111111111,70.05555555555556,2024-11-02 14:00:00,0.3611111111111111,0.6388888888888888
lubor sulava,petr picek,83,24,3.963855421686747,74.144578313253,2026-02-06 16:00:00,0.2891566265060241,0.7108433734939759
lubor sulava,radek bartunek,69,19,4.086956521739131,75.78260869565217,2026-04-14 14:00:00,0.2753623188405797,0.7246376811594203
lubor sulava,rotislav hasmanda,54,15,4.055555555555555,76.14814814814815,2026-04-08 03:00:00,0.2777777777777778,0.7222222222222222
lubor sulava,stanislav olejarcik,63,14,4.333333333333333,81.66666666666667,2025-05-11 01:00:00,0.2222222222222222,0.7777777777777778
lubor sulava,tibor kolenic,41,17,3.8536585365853657,70.60975609756098,2025-05-06 01:00:00,0.4146341463414634,0.5853658536585367
lubor sulava,tomas barta,53,15,4.113207547169812,77.11320754716981,2024-12-21 08:30:00,0.2830188679245283,0.7169811320754718
lubor sulava,tomas regner,77,27,3.9740259740259742,73.76623376623377,2026-02-26 02:30:00,0.35064935064935066,0.6493506493506493
lubor sulava,trojan frantisek,42,16,3.880952380952381,70.04761904761905,2026-04-04 09:30:00,0.38095238095238093,0.6190476190476191
lubor sulava,vaclav dolezal,59,19,4.033898305084746,76.20338983050847,2026-04-18 03:30:00,0.3220338983050847,0.6779661016949152
lubor sulava,vaclav hruska sr,147,31,4.122448979591836,77.15646258503402,2026-03-14 09:30:00,0.2108843537414966,0.7891156462585034
lubor sulava,yurii holovatiuk,57,13,4.2631578947368425,79.71929824561404,2025-08-21 21:30:00,0.22807017543859648,0.7719298245614035
lubor sulava,zdenek kasinski,34,10,4.117647058823529,77.91176470588235,2025-10-31 15:00:00,0.29411764705882354,0.7058823529411764
ludek madle,michal syroha,38,10,4.157894736842105,77.07894736842105,2026-02-13 02:00:00,0.2631578947368421,0.736842105263158
ludek madle,milan cetner,25,9,4.0,77.44,2026-04-16 13:30:00,0.36,0.64
ludek madle,milan chalupnicek,53,19,3.943396226415094,73.24528301886792,2026-02-25 07:00:00,0.3584905660377358,0.6415094339622642
ludek madle,milan smesny,30,12,3.9,72.9,2025-10-15 02:30:00,0.4,0.6
ludek madle,miloslav lubas,29,12,3.896551724137931,71.3103448275862,2026-03-26 12:00:00,0.41379310344827586,0.5862068965517242
ludek madle,otto jarkovsky,21,7,3.9523809523809526,72.0,2023-10-04 11:30:00,0.3333333333333333,0.6666666666666667
ludek madle,pavel kulhanek,26,9,4.115384615384615,76.46153846153847,2026-02-24 14:30:00,0.34615384615384615,0.6538461538461539
ludek madle,pavel sprynar,55,18,4.0,74.92727272727272,2025-12-12 10:30:00,0.32727272727272727,0.6727272727272727
ludek madle,petr serak,31,5,4.258064516129032,79.74193548387096,2025-04-17 09:00:00,0.16129032258064516,0.8387096774193549
ludek madle,stanislav mazanek,27,8,3.925925925925926,76.81481481481481,2026-04-10 00:30:00,0.2962962962962963,0.7037037037037037
ludek madle,tomas regner,24,6,4.041666666666667,75.16666666666667,2025-12-05 08:00:00,0.25,0.75
ludek madle,trojan frantisek,21,6,4.0,75.85714285714286,2025-08-18 23:00:00,0.2857142857142857,0.7142857142857143
ludek madle,vaclav hruska sr,26,6,4.038461538461538,75.76923076923077,2026-02-05 14:03:00,0.23076923076923078,0.7692307692307692
ludek madle,vaclav pulkrabek,36,11,3.9722222222222223,73.30555555555556,2024-12-24 00:00:00,0.3055555555555556,0.6944444444444444
ludek madle,vladimir kubat,34,10,4.029411764705882,75.6470588235294,2025-06-19 12:30:00,0.29411764705882354,0.7058823529411764
ludek pelikan,michal herna,30,8,3.9,74.96666666666667,2025-06-11 20:30:00,0.26666666666666666,0.7333333333333334
ludek pelikan,miroslav necas,21,9,3.7142857142857144,68.19047619047619,2025-03-05 21:00:00,0.42857142857142855,0.5714285714285714
ludek pelikan,petr svec,21,9,3.857142857142857,71.42857142857143,2025-06-11 19:30:00,0.42857142857142855,0.5714285714285714
ludek pelikan,tomas pelikan,31,8,4.129032258064516,78.2258064516129,2025-03-14 20:30:00,0.25806451612903225,0.7419354838709677
ludek stinil,petr 	machovec,22,7,3.9545454545454546,75.36363636363636,2025-04-12 11:30:00,0.3181818181818182,0.6818181818181819
lukas boruvka,petr macela,31,6,4.225806451612903,81.29032258064517,2026-02-04 19:30:00,0.1935483870967742,0.8064516129032258
lukas jindrak,lukas zeman,21,7,4.0,74.47619047619048,2026-04-16 09:00:00,0.3333333333333333,0.6666666666666667
lukas jindrak,martin huk,58,11,4.155172413793103,77.43103448275862,2026-04-03 13:30:00,0.1896551724137931,0.8103448275862069
lukas jindrak,michal vavrecka,38,6,4.315789473684211,82.15789473684211,2026-04-16 10:30:00,0.15789473684210525,0.8421052631578947
lukas jindrak,michal zahradka,54,12,4.166666666666667,78.85185185185185,2026-02-05 17:00:00,0.2222222222222222,0.7777777777777778
lukas jindrak,petr macela,20,5,4.2,78.1,2025-11-03 16:00:00,0.25,0.75
lukas jindrak,tadeas zika,38,10,4.105263157894737,77.8157894736842,2025-04-27 10:30:00,0.2631578947368421,0.736842105263158
lukas jindrak,tomas postelt,63,9,4.222222222222222,80.01587301587301,2026-04-16 13:30:00,0.14285714285714285,0.8571428571428572
lukas jindrak,tomas prosa,25,8,4.2,79.04,2026-03-18 19:30:00,0.32,0.6799999999999999
lukas jindrak,tomas turek,107,24,4.11214953271028,79.01869158878505,2025-11-10 20:30:00,0.22429906542056074,0.7757009345794392
lukas jindrak,vojtech koubek,27,10,4.0,75.48148148148148,2026-03-01 17:30:00,0.37037037037037035,0.6296296296296297
lukas jindrak,vratislav petracek,46,10,4.217391304347826,78.80434782608695,2026-04-01 21:00:00,0.21739130434782608,0.782608695652174
lukas jindrak,zdenek bilek,36,12,3.9444444444444446,73.88888888888889,2026-04-12 16:30:00,0.3333333333333333,0.6666666666666667
lukas krok,marek placek,23,2,4.391304347826087,82.82608695652173,2026-04-04 18:00:00,0.08695652173913043,0.9130434782608696
lukas krok,michal vedmoch,22,8,3.8636363636363638,71.22727272727273,2026-04-04 21:30:00,0.36363636363636365,0.6363636363636364
lukas krok,miroslav barta,44,16,3.9318181818181817,72.75,2024-06-12 18:30:00,0.36363636363636365,0.6363636363636364
lukas krok,ondrej kucirek,24,9,3.9583333333333335,73.70833333333333,2026-02-04 19:00:00,0.375,0.625
lukas krok,petr picek,20,6,4.2,77.6,2026-02-06 21:00:00,0.3,0.7
lukas krok,radek bartunek,20,6,4.05,74.95,2026-03-27 19:30:00,0.3,0.7
lukas krok,rotislav hasmanda,21,4,4.142857142857143,77.71428571428571,2025-10-09 19:00:00,0.19047619047619047,0.8095238095238095
lukas krok,stanislav olejarcik,23,6,4.043478260869565,77.56521739130434,2025-11-28 19:30:00,0.2608695652173913,0.7391304347826086
lukas krok,tomas andrle,38,11,4.0,76.42105263157895,2026-03-30 20:30:00,0.2894736842105263,0.7105263157894737
lukas krok,tomas barta,45,13,4.0,75.35555555555555,2026-04-13 18:30:00,0.28888888888888886,0.7111111111111111
lukas krok,tomas dousa,35,3,4.514285714285714,87.91428571428571,2026-04-13 19:30:00,0.08571428571428572,0.9142857142857143
lukas krok,vaclav hruska sr,29,11,3.8620689655172415,74.10344827586206,2025-08-30 18:00:00,0.3793103448275862,0.6206896551724138
lukas krok,yurii holovatiuk,58,13,4.189655172413793,79.87931034482759,2026-04-13 21:03:00,0.22413793103448276,0.7758620689655172
lukas krupnik junior,milan zika,20,2,4.2,76.95,2024-06-29 20:30:00,0.1,0.9
lukas malek,marek kostal,26,7,4.076923076923077,76.07692307692308,2025-12-24 13:00:00,0.2692307692307692,0.7307692307692308
lukas malek,marek placek,41,12,3.926829268292683,71.3170731707317,2026-03-16 12:00:00,0.2926829268292683,0.7073170731707317
lukas malek,mihail trinta,71,28,3.8732394366197185,71.94366197183099,2026-03-05 14:30:00,0.39436619718309857,0.6056338028169015
lukas malek,milan longin,47,11,4.191489361702128,78.12765957446808,2026-01-23 13:30:00,0.23404255319148937,0.7659574468085106
lukas malek,milan regner,64,15,4.125,78.125,2025-09-24 11:30:00,0.234375,0.765625
lukas malek,milan smrcek,42,14,3.857142857142857,71.76190476190476,2026-04-01 11:00:00,0.3333333333333333,0.6666666666666667
lukas malek,petr sudek,22,5,4.090909090909091,77.45454545454545,2026-01-28 13:00:00,0.22727272727272727,0.7727272727272727
lukas malek,rotislav hasmanda,75,22,4.026666666666666,75.76,2026-03-03 11:00:00,0.29333333333333333,0.7066666666666667
lukas malek,stanislav olejarcik,28,5,4.142857142857143,78.71428571428571,2025-12-26 13:30:00,0.17857142857142858,0.8214285714285714
lukas malek,tibor kolenic,27,9,4.0,75.4074074074074,2025-12-24 11:30:00,0.3333333333333333,0.6666666666666667
lukas malek,tomas barta,37,14,3.918918918918919,72.35135135135135,2025-12-26 14:00:00,0.3783783783783784,0.6216216216216216
lukas malek,tomas dousa,20,5,4.05,77.85,2025-11-29 11:30:00,0.25,0.75
lukas malek,vladimir cermak,20,3,4.2,77.95,2024-09-06 11:00:00,0.15,0.85
lukas malek,vladimir havlicek,48,12,4.166666666666667,76.625,2026-04-09 12:30:00,0.25,0.75
lukas tonar,marek sedlak,22,6,4.181818181818182,76.68181818181819,2025-08-03 13:30:00,0.2727272727272727,0.7272727272727273
lukas tonar,martin sobisek,89,29,3.943820224719101,73.3932584269663,2026-04-19 21:00:00,0.3258426966292135,0.6741573033707865
lukas tonar,martin sychra,25,7,3.88,73.72,2026-04-19 16:00:00,0.28,0.72
lukas tonar,michal regner,21,7,3.9047619047619047,71.23809523809524,2026-01-18 08:30:00,0.3333333333333333,0.6666666666666667
lukas tonar,michal vondrak,21,6,4.238095238095238,79.04761904761905,2026-04-12 19:00:00,0.2857142857142857,0.7142857142857143
lukas tonar,milan klement,34,13,3.8823529411764706,72.67647058823529,2026-04-12 18:00:00,0.38235294117647056,0.6176470588235294
lukas tonar,milan urban,22,6,3.909090909090909,72.72727272727273,2024-07-21 21:00:00,0.2727272727272727,0.7272727272727273
lukas tonar,patrik pycha,42,18,3.8095238095238093,69.95238095238095,2026-01-06 19:00:00,0.42857142857142855,0.5714285714285714
lukas tonar,radim pavelka,28,7,4.142857142857143,76.28571428571429,2024-06-10 15:00:00,0.25,0.75
lukas tonar,simon kadavy,39,10,4.128205128205129,77.82051282051282,2026-02-10 21:00:00,0.2564102564102564,0.7435897435897436
lukas tonar,tomas holik,33,8,4.03030303030303,75.75757575757575,2025-12-28 19:00:00,0.24242424242424243,0.7575757575757576
lukas zeman,martin huk,44,9,4.159090909090909,79.93181818181819,2026-04-11 18:00:00,0.20454545454545456,0.7954545454545454
lukas zeman,michal vavrecka,66,13,4.212121212121212,81.86363636363636,2026-04-16 07:30:00,0.19696969696969696,0.803030303030303
lukas zeman,michal zahradka,30,9,3.933333333333333,75.46666666666667,2026-03-04 22:00:00,0.3,0.7
lukas zeman,rostyslav kliucuk,22,10,3.727272727272727,70.63636363636364,2025-05-28 22:30:00,0.45454545454545453,0.5454545454545454
lukas zeman,tomas postelt,26,4,4.1923076923076925,81.03846153846153,2026-03-13 00:30:00,0.15384615384615385,0.8461538461538461
lukas zeman,tomas turek,28,6,4.178571428571429,80.46428571428571,2025-11-13 02:30:00,0.21428571428571427,0.7857142857142857
lukas zeman,vratislav petracek,75,8,4.28,82.88,2026-04-16 18:00:00,0.10666666666666667,0.8933333333333333
marcel pikous,marek sedlak,41,5,4.414634146341464,81.41463414634147,2025-10-31 22:00:00,0.12195121951219512,0.8780487804878049
marcel pikous,martin sobisek,43,6,4.27906976744186,77.53488372093024,2026-03-12 18:30:00,0.13953488372093023,0.8604651162790697
marcel pikous,michal regner,59,16,4.016949152542373,76.13559322033899,2026-04-20 22:00:00,0.2711864406779661,0.728813559322034
marcel pikous,michal vavrecka,42,11,4.071428571428571,77.54761904761905,2025-08-14 18:30:00,0.2619047619047619,0.7380952380952381
marcel pikous,milan klement,47,14,4.085106382978723,76.31914893617021,2026-04-04 19:30:00,0.2978723404255319,0.7021276595744681
marcel pikous,oleksandr kolbasenko,29,4,4.344827586206897,83.6896551724138,2026-01-13 15:00:00,0.13793103448275862,0.8620689655172413
marcel pikous,petr sebera,20,6,4.2,77.4,2026-04-20 23:30:00,0.3,0.7
marcel pikous,robin pacha,36,8,4.305555555555555,81.63888888888889,2026-04-04 20:30:00,0.2222222222222222,0.7777777777777778
marcel pikous,rostyslav kliucuk,29,9,3.896551724137931,72.37931034482759,2025-08-30 20:00:00,0.3103448275862069,0.6896551724137931
marcel pikous,sebastian kasnik,31,10,3.967741935483871,73.06451612903226,2026-04-13 17:00:00,0.3225806451612903,0.6774193548387097
marcel pikous,viktor vejvoda,20,8,3.95,73.0,2026-04-17 19:30:00,0.4,0.6
marcel pikous,yirzhi louda,139,32,4.143884892086331,77.59712230215827,2026-04-17 20:00:00,0.2302158273381295,0.7697841726618705
marcel pikous,zbynek pagac,51,12,4.176470588235294,77.68627450980392,2025-06-21 02:30:00,0.23529411764705882,0.7647058823529411
marek cejka,miloslav dvorak,21,9,3.9523809523809526,72.66666666666667,2025-06-13 18:00:00,0.42857142857142855,0.5714285714285714
marek cejka,petr svec,21,3,4.190476190476191,81.71428571428571,2025-05-15 21:30:00,0.14285714285714285,0.8571428571428572
marek cejka,petr svoboda,50,14,4.02,76.92,2025-05-09 19:00:00,0.28,0.72
marek cejka,radim jaros,37,14,3.945945945945946,72.89189189189189,2025-04-27 07:00:00,0.3783783783783784,0.6216216216216216
marek fabini,pavel gireth,47,8,4.148936170212766,79.80851063829788,2026-03-26 18:30:00,0.1702127659574468,0.8297872340425532
marek fabini,tomas postelt,50,12,4.16,80.68,2026-04-08 15:00:00,0.24,0.76
marek fabini,tomas turek,27,6,4.111111111111111,77.74074074074075,2025-09-25 15:30:00,0.2222222222222222,0.7777777777777778
marek fabini,vojtech koubek,33,13,3.757575757575758,70.87878787878788,2026-03-26 15:30:00,0.3939393939393939,0.6060606060606061
marek fabini,zdenek bilek,29,6,4.206896551724138,78.27586206896552,2025-10-30 15:30:00,0.20689655172413793,0.7931034482758621
marek holub,martin pavliska,21,8,3.9523809523809526,73.80952380952381,2026-04-05 13:30:00,0.38095238095238093,0.6190476190476191
marek holub,michal chalupa,26,6,4.1923076923076925,77.11538461538461,2026-04-20 20:30:00,0.23076923076923078,0.7692307692307692
marek holub,zbynek pagac,30,7,4.2,77.4,2026-04-15 19:00:00,0.23333333333333334,0.7666666666666666
marek kostal,miroslav svedik,34,14,3.8529411764705883,72.91176470588235,2025-12-05 14:30:00,0.4117647058823529,0.5882352941176471
marek kostal,patrik pycha,25,9,3.96,73.64,2026-02-20 13:00:00,0.36,0.64
marek kostal,radim pavelka,58,13,4.120689655172414,78.0,2026-03-05 10:30:00,0.22413793103448276,0.7758620689655172
marek kostal,richard krejci,52,15,4.038461538461538,76.86538461538461,2026-01-12 03:30:00,0.28846153846153844,0.7115384615384616
marek kostal,tomas barta,29,1,4.586206896551724,86.51724137931035,2026-03-10 07:00:00,0.034482758620689655,0.9655172413793104
marek kostal,tomas janata,39,8,4.230769230769231,80.76923076923077,2025-12-29 09:00:00,0.20512820512820512,0.7948717948717949
marek kostal,tomas varnuska,38,10,4.105263157894737,76.10526315789474,2026-02-06 09:30:00,0.2631578947368421,0.736842105263158
marek kostal,vladimir cermak,94,26,4.0638297872340425,75.07446808510639,2026-03-10 08:00:00,0.2765957446808511,0.7234042553191489
marek kostal,vladimir havlicek,82,14,4.2317073170731705,79.89024390243902,2025-12-03 07:00:00,0.17073170731707318,0.8292682926829268
marek kostal,vladimr postelt,58,19,3.9310344827586206,73.55172413793103,2026-03-09 03:30:00,0.3275862068965517,0.6724137931034483
marek placek,mihail trinta,46,13,4.086956521739131,75.52173913043478,2026-03-08 12:30:00,0.2826086956521739,0.7173913043478262
marek placek,milan fisera,25,7,4.04,77.68,2026-02-07 20:30:00,0.28,0.72
marek placek,milan longin,20,10,3.75,69.2,2024-12-12 16:30:00,0.5,0.5
marek placek,milan regner,38,12,4.052631578947368,74.57894736842105,2026-01-15 11:30:00,0.3157894736842105,0.6842105263157895
marek placek,milan smrcek,54,12,4.12962962962963,78.9074074074074,2026-04-16 02:00:00,0.2222222222222222,0.7777777777777778
marek placek,miroslav adamec,66,14,4.2272727272727275,78.75757575757575,2025-12-19 02:00:00,0.21212121212121213,0.7878787878787878
marek placek,petr picek,26,5,4.346153846153846,81.07692307692308,2026-04-14 01:00:00,0.19230769230769232,0.8076923076923077
marek placek,rotislav hasmanda,51,18,3.980392156862745,75.17647058823529,2025-09-30 22:30:00,0.35294117647058826,0.6470588235294117
marek placek,tibor kolenic,28,5,4.178571428571429,77.0,2025-08-11 07:15:00,0.17857142857142858,0.8214285714285714
marek placek,tomas andrle,58,13,4.258620689655173,80.03448275862068,2026-04-03 02:30:00,0.22413793103448276,0.7758620689655172
marek placek,tomas dousa,51,9,4.117647058823529,78.88235294117646,2025-04-26 23:30:00,0.17647058823529413,0.8235294117647058
marek placek,tomas janata,30,6,4.166666666666667,79.66666666666667,2025-02-24 17:00:00,0.2,0.8
marek placek,vaclav hruska sr,23,6,4.173913043478261,76.8695652173913,2025-07-27 07:30:00,0.2608695652173913,0.7391304347826086
marek placek,yurii holovatiuk,31,5,4.161290322580645,78.7741935483871,2026-02-21 23:30:00,0.16129032258064516,0.8387096774193549
marek roh,petr svoboda,27,10,3.888888888888889,71.37037037037037,2024-09-08 08:00:00,0.37037037037037035,0.6296296296296297
marek roh,roman laznicka,26,7,3.9615384615384617,73.8076923076923,2025-06-12 21:00:00,0.2692307692307692,0.7307692307692308
marek sedlak,martin sobisek,77,13,4.1558441558441555,77.36363636363636,2025-10-13 16:30:00,0.16883116883116883,0.8311688311688312
marek sedlak,michal regner,64,18,3.953125,74.4375,2025-11-03 16:00:00,0.28125,0.71875
marek sedlak,michal vavrecka,36,11,3.9444444444444446,72.58333333333333,2025-08-14 19:00:00,0.3055555555555556,0.6944444444444444
marek sedlak,milan klement,71,19,4.126760563380282,77.90140845070422,2025-11-03 18:00:00,0.2676056338028169,0.7323943661971831
marek sedlak,milan urban,35,6,4.085714285714285,77.22857142857143,2024-08-20 16:30:00,0.17142857142857143,0.8285714285714285
marek sedlak,patrik pycha,21,8,3.857142857142857,70.71428571428571,2025-09-22 16:30:00,0.38095238095238093,0.6190476190476191
marek sedlak,robin pacha,40,13,4.0,74.25,2025-08-10 03:00:00,0.325,0.675
marek sedlak,rostyslav kliucuk,28,9,4.0,74.85714285714286,2025-09-07 00:30:00,0.32142857142857145,0.6785714285714286
marek sedlak,tomas holik,30,6,4.233333333333333,81.5,2025-09-09 17:30:00,0.2,0.8
marek sedlak,tomas zahradnik,22,6,4.0,75.0,2025-07-07 20:50:00,0.2727272727272727,0.7272727272727273
marek sedlak,yirzhi louda,72,20,4.041666666666667,75.90277777777777,2025-11-05 19:00:00,0.2777777777777778,0.7222222222222222
marek sedlak,zbynek pagac,36,12,4.0,73.61111111111111,2025-06-11 14:00:00,0.3333333333333333,0.6666666666666667
marek zaskodny,michal moravec,28,5,4.178571428571429,81.03571428571429,2024-06-14 16:00:00,0.17857142857142858,0.8214285714285714
martin biolek,miroslav janca,24,8,3.9583333333333335,72.5,2024-07-01 20:30:00,0.3333333333333333,0.6666666666666667
martin biolek,ondrej paril,43,14,3.9069767441860463,72.25581395348837,2026-04-14 19:00:00,0.32558139534883723,0.6744186046511628
martin biolek,pavel wawrosz,32,12,3.78125,71.40625,2024-06-09 14:30:00,0.375,0.625
martin biolek,petr vicherek,49,16,3.877551020408163,72.34693877551021,2024-07-01 18:00:00,0.32653061224489793,0.6734693877551021
martin biolek,radomir revay,48,20,3.875,72.35416666666667,2024-06-11 20:30:00,0.4166666666666667,0.5833333333333333
martin biolek,rene kowal,51,10,4.137254901960785,74.56862745098039,2024-07-01 19:00:00,0.19607843137254902,0.803921568627451
martin biolek,rostislav niezgoda,30,7,4.0,73.9,2024-06-12 15:30:00,0.23333333333333334,0.7666666666666666
martin bittner,michal regner,33,9,4.121212121212121,76.66666666666667,2025-05-11 17:30:00,0.2727272727272727,0.7272727272727273
martin bittner,ondrej svacha,36,8,4.222222222222222,81.66666666666667,2024-08-13 21:00:00,0.2222222222222222,0.7777777777777778
martin bittner,robin pacha,20,8,3.75,69.4,2025-01-31 20:00:00,0.4,0.6
martin bittner,rostyslav kliucuk,36,8,4.277777777777778,81.88888888888889,2025-05-11 15:30:00,0.2222222222222222,0.7777777777777778
martin bittner,yirzhi louda,68,17,4.044117647058823,75.6470588235294,2025-06-26 20:00:00,0.25,0.75
martin bittner,zbynek pagac,26,7,4.1923076923076925,79.1923076923077,2025-04-20 08:00:00,0.2692307692307692,0.7307692307692308
martin cvecek,martin zizka,29,6,4.103448275862069,76.72413793103448,2025-02-17 12:00:00,0.20689655172413793,0.7931034482758621
martin cvecek,milan capek,20,7,3.9,72.35,2025-04-14 07:30:00,0.35,0.65
martin cvecek,petr svoboda,30,7,4.166666666666667,77.83333333333333,2025-06-24 16:00:00,0.23333333333333334,0.7666666666666666
martin cvecek,radim jaros,29,8,4.172413793103448,76.3103448275862,2025-06-20 20:30:00,0.27586206896551724,0.7241379310344828
martin cvecek,zdenek zikmunda,25,9,3.88,72.44,2025-06-20 17:00:00,0.36,0.64
martin huk,matous klimenta,132,29,4.196969696969697,79.43181818181819,2026-04-20 19:30:00,0.2196969696969697,0.7803030303030303
martin huk,michal jezek,98,24,4.13265306122449,78.54081632653062,2026-04-09 14:30:00,0.24489795918367346,0.7551020408163265
martin huk,michal sklenar,20,4,4.4,83.65,2024-04-22 00:00:00,0.2,0.8
martin huk,michal vavrecka,165,33,4.133333333333334,80.0060606060606,2026-04-11 10:30:00,0.2,0.8
martin huk,michal zahradka,177,40,4.146892655367232,78.75706214689265,2026-04-20 21:00:00,0.22598870056497175,0.7740112994350282
martin huk,oleksandr kolbasenko,101,28,4.0,76.14851485148515,2026-03-12 16:00:00,0.27722772277227725,0.7227722772277227
martin huk,ondrej cmerda,25,7,4.04,78.16,2026-04-15 18:30:00,0.28,0.72
martin huk,ondrej svacha,109,20,4.174311926605505,79.05504587155963,2026-04-19 13:30:00,0.1834862385321101,0.8165137614678899
martin huk,petr bradach,51,19,3.9215686274509802,74.25490196078431,2026-03-25 17:30:00,0.37254901960784315,0.6274509803921569
martin huk,petr korp,21,4,4.190476190476191,80.04761904761905,2023-09-27 13:30:00,0.19047619047619047,0.8095238095238095
martin huk,radek rose,91,30,3.923076923076923,73.75824175824175,2026-03-16 15:00:00,0.32967032967032966,0.6703296703296704
martin huk,rostyslav kliucuk,269,80,4.026022304832714,75.98884758364312,2025-09-10 14:30:00,0.29739776951672864,0.7026022304832713
martin huk,sebastian kasnik,26,10,3.9615384615384617,75.15384615384616,2026-02-12 21:30:00,0.38461538461538464,0.6153846153846154
martin huk,tadeas zika,108,29,4.12037037037037,78.87037037037037,2025-06-05 13:30:00,0.26851851851851855,0.7314814814814814
martin huk,tomas postelt,53,10,4.169811320754717,78.33962264150944,2026-04-08 16:30:00,0.18867924528301888,0.8113207547169812
martin huk,tomas prosa,44,10,4.363636363636363,84.72727272727273,2026-04-11 12:00:00,0.22727272727272727,0.7727272727272727
martin huk,tomas turek,245,50,4.069387755102041,78.85306122448979,2025-11-14 14:00:00,0.20408163265306123,0.7959183673469388
martin huk,vojtech koubek,33,7,4.090909090909091,77.60606060606061,2026-01-17 12:30:00,0.21212121212121213,0.7878787878787878
martin huk,vratislav petracek,160,47,4.03125,76.025,2026-04-11 18:30:00,0.29375,0.70625
martin huk,yirzhi louda,34,11,3.9411764705882355,73.55882352941177,2026-04-19 11:00:00,0.3235294117647059,0.6764705882352942
martin huk,zbynek pagac,21,6,4.095238095238095,78.38095238095238,2025-06-13 13:30:00,0.2857142857142857,0.7142857142857143
martin huk,zdenek bilek,29,9,4.0344827586206895,74.6896551724138,2025-12-21 22:30:00,0.3103448275862069,0.6896551724137931
martin kucera,martin mastera,32,11,4.03125,76.15625,2025-03-09 14:30:00,0.34375,0.65625
martin kucera,michal zobac,32,11,3.84375,72.0,2025-06-29 16:00:00,0.34375,0.65625
martin kucera,radek krcal,23,8,4.043478260869565,75.6086956521739,2025-05-24 07:00:00,0.34782608695652173,0.6521739130434783
martin kucera,tomas bartik,39,9,4.153846153846154,77.28205128205128,2025-06-28 20:00:00,0.23076923076923078,0.7692307692307692
martin mastera,michal zobac,39,14,3.8974358974358974,73.64102564102564,2025-06-06 17:30:00,0.358974358974359,0.641025641025641
martin mastera,petr zivny,25,3,4.12,74.64,2024-08-25 07:30:00,0.12,0.88
martin mastera,radek krcal,46,17,3.847826086956522,72.67391304347827,2025-06-27 17:12:00,0.3695652173913043,0.6304347826086957
martin mastera,tomas bartik,33,14,3.727272727272727,68.96969696969697,2025-04-23 17:00:00,0.42424242424242425,0.5757575757575757
martin nypl,oskar spacek,21,5,4.190476190476191,79.71428571428571,2025-08-08 08:00:00,0.23809523809523808,0.7619047619047619
martin nypl,vlastimil svatos,21,6,3.9047619047619047,72.38095238095238,2024-07-07 10:00:00,0.2857142857142857,0.7142857142857143
martin pavliska,richard skacelik,20,6,4.0,75.1,2026-04-17 10:00:00,0.3,0.7
martin pavliska,zbynek pagac,28,8,4.107142857142857,75.25,2026-03-01 11:30:00,0.2857142857142857,0.7142857142857143
martin sobisek,martin sopko,27,10,3.962962962962963,73.44444444444444,2026-04-04 21:00:00,0.37037037037037035,0.6296296296296297
martin sobisek,martin sychra,87,33,3.954022988505747,74.183908045977,2026-04-19 17:14:00,0.3793103448275862,0.6206896551724138
martin sobisek,michal regner,51,16,3.9411764705882355,75.47058823529412,2026-04-07 02:00:00,0.3137254901960784,0.6862745098039216
martin sobisek,michal vavrecka,33,5,4.2727272727272725,82.51515151515152,2025-03-31 16:30:00,0.15151515151515152,0.8484848484848485
martin sobisek,michal vondrak,63,18,4.079365079365079,76.0,2026-04-10 08:00:00,0.2857142857142857,0.7142857142857143
martin sobisek,milan klement,135,47,3.948148148148148,74.02222222222223,2026-04-12 13:30:00,0.34814814814814815,0.6518518518518519
martin sobisek,milan urban,37,10,4.081081081081081,76.32432432432432,2024-09-12 21:00:00,0.2702702702702703,0.7297297297297297
martin sobisek,patrik pycha,93,31,4.0,75.96774193548387,2026-03-29 04:00:00,0.3333333333333333,0.6666666666666667
martin sobisek,petr sebera,38,8,4.157894736842105,78.78947368421052,2026-04-19 19:30:00,0.21052631578947367,0.7894736842105263
martin sobisek,robin pacha,45,11,4.177777777777778,77.5111111111111,2025-11-02 22:30:00,0.24444444444444444,0.7555555555555555
martin sobisek,simon kadavy,99,29,4.03030303030303,75.56565656565657,2026-04-17 02:00:00,0.29292929292929293,0.7070707070707071
martin sobisek,tomas dorko,24,6,4.083333333333333,76.83333333333333,2025-02-27 16:00:00,0.25,0.75
martin sobisek,tomas holik,64,14,4.15625,79.015625,2026-04-12 12:30:00,0.21875,0.78125
martin sobisek,tomas zahradnik,29,8,4.137931034482759,77.51724137931035,2026-02-02 19:30:00,0.27586206896551724,0.7241379310344828
martin sobisek,vladimir cermak,29,8,4.0,74.37931034482759,2026-03-25 04:01:00,0.27586206896551724,0.7241379310344828
martin sobisek,vladislav hampejs,48,12,4.145833333333333,77.0625,2025-12-22 16:30:00,0.25,0.75
martin sobisek,yirzhi louda,55,10,4.2727272727272725,80.18181818181819,2026-01-25 13:30:00,0.18181818181818182,0.8181818181818181
martin sobisek,zbynek pagac,31,15,3.806451612903226,71.45161290322581,2025-03-31 10:00:00,0.4838709677419355,0.5161290322580645
martin sopko,martin sychra,35,12,4.0,74.11428571428571,2026-03-17 20:30:00,0.34285714285714286,0.6571428571428571
martin sopko,patrik pycha,22,11,3.772727272727273,68.77272727272727,2026-04-05 02:30:00,0.5,0.5
martin stefek,michal syroha,20,8,3.9,75.0,2026-04-19 23:30:00,0.4,0.6
martin stefek,michal vedmoch,22,4,4.363636363636363,83.5909090909091,2024-06-07 20:30:00,0.18181818181818182,0.8181818181818181
martin stefek,mihail trinta,24,8,3.9583333333333335,73.58333333333333,2026-02-25 12:00:00,0.3333333333333333,0.6666666666666667
martin stefek,milan cetner,38,12,3.9210526315789473,74.6842105263158,2026-04-08 09:30:00,0.3157894736842105,0.6842105263157895
martin stefek,miroslav tuma,25,6,3.96,75.32,2026-04-14 18:30:00,0.24,0.76
martin stefek,oleg vitrovyj,38,7,4.184210526315789,79.10526315789474,2026-04-20 03:30:00,0.18421052631578946,0.8157894736842105
martin stefek,ondrej homola,29,8,3.9655172413793105,73.37931034482759,2024-06-23 19:00:00,0.27586206896551724,0.7241379310344828
martin stefek,rotislav hasmanda,22,2,4.409090909090909,82.63636363636364,2026-04-16 21:00:00,0.09090909090909091,0.9090909090909091
martin stefek,tomas navrat,39,8,4.230769230769231,80.12820512820512,2024-06-24 18:00:00,0.20512820512820512,0.7948717948717949
martin stefek,vaclav hruska sr,23,8,4.173913043478261,78.8695652173913,2026-04-09 10:00:00,0.34782608695652173,0.6521739130434783
martin sychra,matej volf,21,10,3.8095238095238093,70.28571428571429,2026-02-02 04:00:00,0.47619047619047616,0.5238095238095238
martin sychra,michal regner,27,5,4.0,75.85185185185185,2026-04-20 23:00:00,0.18518518518518517,0.8148148148148149
martin sychra,michal vondrak,42,11,4.071428571428571,76.52380952380952,2026-04-17 11:30:00,0.2619047619047619,0.7380952380952381
martin sychra,mihail trinta,22,7,3.8636363636363638,71.18181818181819,2024-09-22 15:30:00,0.3181818181818182,0.6818181818181819
martin sychra,patrik pycha,114,27,4.087719298245614,75.43859649122807,2026-02-16 00:00:00,0.23684210526315788,0.7631578947368421
martin sychra,pavel fojt,36,11,3.9722222222222223,75.36111111111111,2025-06-02 23:00:00,0.3055555555555556,0.6944444444444444
martin sychra,petr sebera,65,18,4.138461538461539,79.6,2026-04-21 01:30:00,0.27692307692307694,0.7230769230769231
martin sychra,simon kadavy,50,8,4.22,82.48,2026-03-10 00:30:00,0.16,0.84
martin sychra,tomas andrle,23,7,4.043478260869565,74.30434782608695,2025-01-02 00:00:00,0.30434782608695654,0.6956521739130435
martin sychra,tomas dousa,31,5,4.290322580645161,81.74193548387096,2026-03-16 16:30:00,0.16129032258064516,0.8387096774193549
martin sychra,tomas janata,91,26,4.131868131868132,76.56043956043956,2026-03-30 22:00:00,0.2857142857142857,0.7142857142857143
martin sychra,vladimir cermak,74,15,4.216216216216216,78.6891891891892,2026-03-18 00:00:00,0.20270270270270271,0.7972972972972973
martin sychra,vladimr postelt,26,11,3.8076923076923075,71.07692307692308,2025-07-22 13:00:00,0.4230769230769231,0.5769230769230769
martin sychra,vladislav hampejs,25,9,3.96,73.2,2025-10-18 17:00:00,0.36,0.64
martin sychra,yirzhi louda,20,6,4.0,73.2,2026-04-20 21:00:00,0.3,0.7
martin tacinec,matej perny,21,5,4.095238095238095,80.9047619047619,2024-10-19 10:00:00,0.23809523809523808,0.7619047619047619
martin tacinec,miroslav barta,22,7,3.9545454545454546,71.77272727272727,2026-04-11 14:30:00,0.3181818181818182,0.6818181818181819
martin tacinec,tibor kolenic,28,9,3.857142857142857,72.57142857142857,2025-07-13 07:30:00,0.32142857142857145,0.6785714285714286
martin tacinec,vaclav hruska sr,47,19,3.851063829787234,69.91489361702128,2026-04-18 15:00:00,0.40425531914893614,0.5957446808510638
martin zizka,miroslav necas,22,5,4.136363636363637,78.77272727272727,2024-06-11 13:00:00,0.22727272727272727,0.7727272727272727
martin zizka,vaclav svoboda,22,7,4.0,76.04545454545455,2024-04-14 14:30:00,0.3181818181818182,0.6818181818181819
martin zizka,zdenek zikmunda,24,6,4.083333333333333,76.66666666666667,2024-04-04 09:00:00,0.25,0.75
matej perny,pavel kulhanek,25,7,4.04,74.92,2024-10-11 15:00:00,0.28,0.72
matej perny,stanislav olejarcik,20,6,4.2,77.85,2024-12-07 14:00:00,0.3,0.7
matej perny,vaclav hruska sr,52,18,3.923076923076923,74.5,2024-11-16 15:30:00,0.34615384615384615,0.6538461538461539
matej perny,zdenek kasinski,39,10,4.128205128205129,76.87179487179488,2024-11-17 16:00:00,0.2564102564102564,0.7435897435897436
matej pycha,michal syroha,20,11,3.6,62.45,2026-01-19 01:00:00,0.55,0.44999999999999996
matej pycha,milan cetner,21,9,3.9523809523809526,69.0952380952381,2026-01-16 09:00:00,0.42857142857142855,0.5714285714285714
matej pycha,milan chalupnicek,20,6,4.05,75.65,2026-01-16 10:02:00,0.3,0.7
matej pycha,pavel berdych,38,8,4.078947368421052,78.39473684210526,2026-02-08 19:30:00,0.21052631578947367,0.7894736842105263
matej pycha,pavel sprynar,68,23,3.9558823529411766,73.38235294117646,2026-01-14 04:00:00,0.3382352941176471,0.6617647058823529
matej pycha,tomas kucera,27,5,4.185185185185185,76.96296296296296,2026-01-23 00:30:00,0.18518518518518517,0.8148148148148149
matej pycha,tomas regner,26,2,4.115384615384615,76.76923076923077,2025-12-10 00:30:00,0.07692307692307693,0.9230769230769231
matej pycha,vladimir kubat,21,5,4.238095238095238,79.14285714285714,2025-10-22 12:30:00,0.23809523809523808,0.7619047619047619
matej volf,pavel fojt,25,9,3.88,70.08,2026-01-10 20:30:00,0.36,0.64
matej volf,tomas barta,37,13,3.945945945945946,73.51351351351352,2026-04-06 22:00:00,0.35135135135135137,0.6486486486486487
matej volf,tomas dousa,20,7,4.0,72.2,2026-03-31 17:00:00,0.35,0.65
matej volf,tomas janata,36,10,3.9722222222222223,73.27777777777777,2026-04-07 01:00:00,0.2777777777777778,0.7222222222222222
matej volf,vladimir cermak,23,7,4.0,70.82608695652173,2026-01-21 23:30:00,0.30434782608695654,0.6956521739130435
matej volf,vladimr postelt,26,9,3.9615384615384617,72.1923076923077,2026-02-08 02:30:00,0.34615384615384615,0.6538461538461539
matous klimenta,michal jezek,34,5,4.294117647058823,78.91176470588235,2026-02-26 22:30:00,0.14705882352941177,0.8529411764705882
matous klimenta,michal vavrecka,43,10,4.209302325581396,77.09302325581395,2026-04-18 20:00:00,0.23255813953488372,0.7674418604651163
matous klimenta,michal zahradka,46,7,4.413043478260869,82.45652173913044,2026-04-20 18:00:00,0.15217391304347827,0.8478260869565217
matous klimenta,oleksandr kolbasenko,21,8,3.9047619047619047,73.52380952380952,2026-02-11 19:00:00,0.38095238095238093,0.6190476190476191
matous klimenta,ondrej svacha,69,16,4.159420289855072,76.97101449275362,2026-02-20 20:30:00,0.2318840579710145,0.7681159420289855
matous klimenta,petr bradach,27,3,4.407407407407407,84.11111111111111,2026-03-02 19:00:00,0.1111111111111111,0.8888888888888888
matous klimenta,radek rose,54,15,4.148148148148148,77.03703703703704,2026-02-11 20:30:00,0.2777777777777778,0.7222222222222222
matous klimenta,rostyslav kliucuk,129,33,4.069767441860465,76.07751937984496,2025-09-06 23:30:00,0.2558139534883721,0.7441860465116279
matous klimenta,tadeas zika,39,13,4.0256410256410255,77.38461538461539,2025-05-28 21:30:00,0.3333333333333333,0.6666666666666667
matous klimenta,tomas turek,63,14,4.063492063492063,79.01587301587301,2025-06-19 19:00:00,0.2222222222222222,0.7777777777777778
matous klimenta,vratislav petracek,54,11,4.203703703703703,81.0925925925926,2026-02-22 00:00:00,0.2037037037037037,0.7962962962962963
matyas navedla,michal cabis,28,6,4.107142857142857,77.17857142857143,2026-04-20 15:00:00,0.21428571428571427,0.7857142857142857
matyas navedla,michal hrabec,22,8,4.136363636363637,77.86363636363636,2026-04-20 17:00:00,0.36363636363636365,0.6363636363636364
matyas navedla,radim urbaniec,21,8,3.9523809523809526,72.23809523809524,2026-04-01 16:00:00,0.38095238095238093,0.6190476190476191
matyas navedla,radovan polasek,20,3,4.25,78.55,2026-04-20 10:00:00,0.15,0.85
matyas navedla,roman opralka,23,8,3.869565217391304,69.21739130434783,2026-04-08 10:30:00,0.34782608695652173,0.6521739130434783
michal cabis,tadeas zika,20,4,4.3,79.9,2026-04-20 10:30:00,0.2,0.8
michal chalupa,roman hudeczek,22,4,4.409090909090909,83.86363636363636,2026-04-10 16:00:00,0.18181818181818182,0.8181818181818181
michal chalupa,zbynek pagac,44,13,4.0,74.97727272727273,2026-04-19 17:30:00,0.29545454545454547,0.7045454545454546
michal chalupa,zdenek babinec,21,2,4.380952380952381,82.95238095238095,2026-03-24 22:05:00,0.09523809523809523,0.9047619047619048
michal drastich,miloslav kotil,24,6,4.041666666666667,77.25,2024-05-11 20:00:00,0.25,0.75
michal herna,radek limbursky,21,4,4.190476190476191,80.47619047619048,2025-06-26 19:30:00,0.19047619047619047,0.8095238095238095
michal janik,zbynek pagac,39,10,4.076923076923077,75.64102564102564,2024-05-11 18:00:00,0.2564102564102564,0.7435897435897436
michal jezek,michal vavrecka,27,6,4.148148148148148,80.22222222222223,2026-04-09 15:00:00,0.2222222222222222,0.7777777777777778
michal jezek,michal zahradka,61,8,4.377049180327869,82.08196721311475,2026-03-11 18:30:00,0.13114754098360656,0.8688524590163934
michal jezek,oleksandr kolbasenko,28,5,4.0,75.10714285714286,2026-03-17 15:00:00,0.17857142857142858,0.8214285714285714
michal jezek,ondrej svacha,56,13,3.9642857142857144,73.33928571428571,2025-12-26 14:30:00,0.23214285714285715,0.7678571428571428
michal jezek,petr bradach,41,13,4.146341463414634,77.53658536585365,2026-03-16 15:00:00,0.3170731707317073,0.6829268292682926
michal jezek,radek rose,69,19,4.101449275362318,77.8695652173913,2025-12-19 19:30:00,0.2753623188405797,0.7246376811594203
michal jezek,rostyslav kliucuk,109,36,4.018348623853211,76.03669724770643,2025-09-02 14:30:00,0.3302752293577982,0.6697247706422018
michal jezek,tadeas zika,26,7,4.230769230769231,78.07692307692308,2025-03-13 19:30:00,0.2692307692307692,0.7307692307692308
michal jezek,tomas prosa,37,10,4.243243243243243,80.16216216216216,2026-01-08 15:00:00,0.2702702702702703,0.7297297297297297
michal jezek,tomas turek,68,14,4.073529411764706,77.0,2025-11-14 16:30:00,0.20588235294117646,0.7941176470588236
michal jezek,vratislav petracek,28,2,4.321428571428571,81.60714285714286,2026-04-16 16:30:00,0.07142857142857142,0.9285714285714286
michal moravec,ondrej paril,20,7,4.05,75.75,2024-01-18 21:30:00,0.35,0.65
michal moravec,radovan polasek,28,9,4.071428571428571,76.39285714285714,2024-06-27 06:30:00,0.32142857142857145,0.6785714285714286
michal moravec,tadeas zika,29,6,4.137931034482759,78.34482758620689,2024-10-16 00:30:00,0.20689655172413793,0.7931034482758621
michal raska,richard macura,23,2,4.565217391304348,86.8695652173913,2024-06-29 12:30:00,0.08695652173913043,0.9130434782608696
michal raska,zbynek pagac,22,8,3.8181818181818183,71.77272727272727,2024-03-21 07:00:00,0.36363636363636365,0.6363636363636364
michal regner,michal vavrecka,89,18,4.235955056179775,79.57303370786516,2025-09-22 17:30:00,0.20224719101123595,0.797752808988764
michal regner,milan klement,133,33,4.030075187969925,76.23308270676692,2026-04-15 11:30:00,0.24812030075187969,0.7518796992481203
michal regner,ondrej cmerda,41,9,3.975609756097561,72.5609756097561,2026-04-09 00:30:00,0.21951219512195122,0.7804878048780488
michal regner,ondrej svacha,66,21,4.015151515151516,75.04545454545455,2026-04-12 06:30:00,0.3181818181818182,0.6818181818181819
michal regner,petr oliver korp,20,8,3.65,67.95,2023-04-25 22:30:00,0.4,0.6
michal regner,petr saleny,22,9,3.8181818181818183,70.13636363636364,2026-04-04 09:30:00,0.4090909090909091,0.5909090909090908
michal regner,petr sebera,40,19,3.8,71.725,2026-04-21 03:30:00,0.475,0.525
michal regner,radim urbaniec,58,24,3.7586206896551726,69.08620689655173,2026-04-15 12:30:00,0.41379310344827586,0.5862068965517242
michal regner,robin pacha,56,17,3.9107142857142856,73.67857142857143,2026-01-25 04:00:00,0.30357142857142855,0.6964285714285714
michal regner,rostyslav kliucuk,93,29,3.935483870967742,73.38709677419355,2025-09-01 22:00:00,0.3118279569892473,0.6881720430107527
michal regner,sebastian kasnik,30,21,3.433333333333333,63.766666666666666,2026-04-16 01:30:00,0.7,0.30000000000000004
michal regner,simon kadavy,20,5,4.2,80.0,2026-01-13 01:30:00,0.25,0.75
michal regner,tomas franek,26,9,3.923076923076923,72.6923076923077,2026-04-08 23:00:00,0.34615384615384615,0.6538461538461539
michal regner,tomas holik,27,5,4.296296296296297,83.4074074074074,2026-03-14 12:00:00,0.18518518518518517,0.8148148148148149
michal regner,tomas zahradnik,25,7,4.0,74.72,2025-11-18 20:30:00,0.28,0.72
michal regner,tomek batog,28,11,3.75,67.03571428571429,2026-02-25 03:30:00,0.39285714285714285,0.6071428571428572
michal regner,viktor vejvoda,49,16,3.9183673469387754,73.89795918367346,2026-04-18 13:00:00,0.32653061224489793,0.6734693877551021
michal regner,vitek dvorak,29,7,4.137931034482759,77.48275862068965,2026-03-27 02:00:00,0.2413793103448276,0.7586206896551724
michal regner,vratislav petracek,52,14,4.019230769230769,74.61538461538461,2025-03-10 11:00:00,0.2692307692307692,0.7307692307692308
michal regner,yirzhi louda,186,64,3.8978494623655915,72.35483870967742,2026-04-18 12:00:00,0.34408602150537637,0.6559139784946236
michal regner,zbynek pagac,109,45,3.7981651376146788,70.90825688073394,2025-06-20 08:30:00,0.41284403669724773,0.5871559633027523
michal sedlacek,ondrej paril,35,10,4.0,74.8,2026-04-06 17:30:00,0.2857142857142857,0.7142857142857143
michal sedlacek,radomir revay,26,7,4.038461538461538,75.46153846153847,2026-04-02 09:30:00,0.2692307692307692,0.7307692307692308
michal sedlacek,tadeas zika,27,7,4.111111111111111,83.4074074074074,2026-04-16 13:00:00,0.25925925925925924,0.7407407407407407
michal sklenar,rostyslav kliucuk,26,7,4.153846153846154,79.53846153846153,2024-03-04 02:00:00,0.2692307692307692,0.7307692307692308
michal syroha,milan cetner,58,17,4.137931034482759,76.06896551724138,2026-04-18 15:30:00,0.29310344827586204,0.7068965517241379
michal syroha,milan chalupnicek,72,14,4.180555555555555,77.43055555555556,2026-01-31 13:00:00,0.19444444444444445,0.8055555555555556
michal syroha,milan smesny,22,9,3.8636363636363638,73.0,2025-04-23 06:30:00,0.4090909090909091,0.5909090909090908
michal syroha,milan vrabec,24,12,3.6666666666666665,67.95833333333333,2025-12-31 21:30:00,0.5,0.5
michal syroha,milos pospisil,20,3,4.3,78.4,2026-03-21 07:00:00,0.15,0.85
michal syroha,miloslav lubas,42,16,3.880952380952381,70.83333333333333,2025-09-14 10:00:00,0.38095238095238093,0.6190476190476191
michal syroha,miroslav barta,24,7,4.166666666666667,75.75,2026-02-28 07:30:00,0.2916666666666667,0.7083333333333333
michal syroha,miroslav tuma,50,19,3.88,71.74,2026-04-13 17:04:00,0.38,0.62
michal syroha,oleg vitrovyj,59,24,3.7796610169491527,67.1864406779661,2026-04-19 22:30:00,0.4067796610169492,0.5932203389830508
michal syroha,pavel berdych,33,11,3.8181818181818183,69.57575757575758,2025-03-09 12:00:00,0.3333333333333333,0.6666666666666667
michal syroha,pavel sprynar,152,30,4.223684210526316,78.97368421052632,2026-01-14 02:30:00,0.19736842105263158,0.8026315789473684
michal syroha,petr serak,39,9,4.205128205128205,76.28205128205128,2025-11-29 16:00:00,0.23076923076923078,0.7692307692307692
michal syroha,semen kosarev,48,21,3.8541666666666665,70.72916666666667,2026-02-12 23:00:00,0.4375,0.5625
michal syroha,stanislav mazanek,25,8,4.12,77.48,2026-02-13 03:30:00,0.32,0.6799999999999999
michal syroha,stanislav olejarcik,21,8,3.9523809523809526,71.42857142857143,2024-09-07 09:30:00,0.38095238095238093,0.6190476190476191
michal syroha,tomas barta,28,5,4.25,77.57142857142857,2024-02-04 15:00:00,0.17857142857142858,0.8214285714285714
michal syroha,tomas regner,79,43,3.6202531645569622,63.81012658227848,2025-11-29 21:30:00,0.5443037974683544,0.45569620253164556
michal syroha,trojan frantisek,85,39,3.835294117647059,69.92941176470588,2026-04-13 02:00:00,0.4588235294117647,0.5411764705882354
michal syroha,vaclav dolezal,21,6,4.095238095238095,77.52380952380952,2026-04-20 01:30:00,0.2857142857142857,0.7142857142857143
michal syroha,vaclav hruska sr,23,10,3.8260869565217392,69.73913043478261,2026-04-18 17:00:00,0.43478260869565216,0.5652173913043479
michal syroha,vaclav pulkrabek,24,9,3.9583333333333335,73.375,2024-12-26 03:00:00,0.375,0.625
michal syroha,vladimir kubat,63,27,3.7936507936507935,69.39682539682539,2025-08-13 00:00:00,0.42857142857142855,0.5714285714285714
michal vavrecka,michal zahradka,92,23,4.010869565217392,76.80434782608695,2026-04-18 19:30:00,0.25,0.75
michal vavrecka,milan klement,24,5,4.166666666666667,81.25,2025-01-14 22:30:00,0.20833333333333334,0.7916666666666666
michal vavrecka,oleksandr kolbasenko,76,20,4.065789473684211,78.02631578947368,2026-03-21 22:00:00,0.2631578947368421,0.736842105263158
michal vavrecka,ondrej cmerda,29,5,4.241379310344827,80.75862068965517,2026-04-05 19:30:00,0.1724137931034483,0.8275862068965517
michal vavrecka,ondrej svacha,89,20,4.089887640449438,76.92134831460675,2025-12-14 15:00:00,0.2247191011235955,0.7752808988764045
michal vavrecka,radek rose,30,10,3.9,74.8,2026-03-13 20:30:00,0.3333333333333333,0.6666666666666667
michal vavrecka,radim urbaniec,26,9,4.0,77.26923076923077,2026-04-16 21:30:00,0.34615384615384615,0.6538461538461539
michal vavrecka,rostyslav kliucuk,106,35,3.990566037735849,77.49056603773585,2025-08-31 23:00:00,0.330188679245283,0.6698113207547169
michal vavrecka,tomas postelt,63,12,4.2063492063492065,81.9047619047619,2026-04-21 01:30:00,0.19047619047619047,0.8095238095238095
michal vavrecka,tomas prosa,30,9,4.033333333333333,77.33333333333333,2026-04-11 13:30:00,0.3,0.7
michal vavrecka,tomas turek,58,16,4.017241379310345,78.51724137931035,2025-11-17 15:30:00,0.27586206896551724,0.7241379310344828
michal vavrecka,tomas zahradnik,23,7,4.086956521739131,78.56521739130434,2025-10-07 19:00:00,0.30434782608695654,0.6956521739130435
michal vavrecka,vojtech koubek,28,6,4.357142857142857,82.57142857142857,2026-03-17 18:00:00,0.21428571428571427,0.7857142857142857
michal vavrecka,vratislav petracek,245,55,4.155102040816327,78.80816326530612,2026-04-21 00:00:00,0.22448979591836735,0.7755102040816326
michal vavrecka,yirzhi louda,75,15,4.306666666666667,82.37333333333333,2026-04-06 11:00:00,0.2,0.8
michal vavrecka,zbynek pagac,121,40,4.024793388429752,73.76859504132231,2025-06-15 11:00:00,0.3305785123966942,0.6694214876033058
michal vedmoch,mihail trinta,22,9,3.909090909090909,71.77272727272727,2025-11-17 13:30:00,0.4090909090909091,0.5909090909090908
michal vedmoch,pavel fojt,21,7,3.857142857142857,75.0,2026-04-20 22:00:00,0.3333333333333333,0.6666666666666667
michal vedmoch,stanislav olejarcik,36,9,4.222222222222222,77.22222222222223,2026-01-13 12:00:00,0.25,0.75
michal vedmoch,tomas barta,24,7,4.041666666666667,75.58333333333333,2026-03-06 16:30:00,0.2916666666666667,0.7083333333333333
michal vedmoch,tomas dousa,30,10,4.033333333333333,74.06666666666666,2026-03-23 21:00:00,0.3333333333333333,0.6666666666666667
michal vedmoch,vladimr postelt,24,5,4.208333333333333,77.625,2026-04-06 14:00:00,0.20833333333333334,0.7916666666666666
michal vedmoch,yurii holovatiuk,25,7,4.16,76.36,2026-04-06 16:00:00,0.28,0.72
michal vondrak,milan klement,37,6,4.162162162162162,77.89189189189189,2026-04-19 19:00:00,0.16216216216216217,0.8378378378378378
michal vondrak,patrik pycha,34,8,4.088235294117647,75.94117647058823,2026-02-01 21:25:00,0.23529411764705882,0.7647058823529411
michal vondrak,petr sebera,20,8,3.95,74.7,2026-04-14 12:30:00,0.4,0.6
michal vondrak,simon kadavy,35,7,4.114285714285714,78.74285714285715,2026-02-04 22:30:00,0.2,0.8
michal vondrak,tomas janata,20,6,3.95,73.95,2026-03-14 19:00:00,0.3,0.7
michal vondrak,vladimir cermak,21,5,4.0476190476190474,77.19047619047619,2025-10-14 14:00:00,0.23809523809523808,0.7619047619047619
michal vondrak,vladimr postelt,24,4,4.291666666666667,79.70833333333333,2025-07-23 15:30:00,0.16666666666666666,0.8333333333333334
michal zahradka,ondrej svacha,36,9,4.277777777777778,81.44444444444444,2025-12-07 12:30:00,0.25,0.75
michal zahradka,petr bradach,41,9,4.0,73.63414634146342,2026-02-24 18:30:00,0.21951219512195122,0.7804878048780488
michal zahradka,radek rose,36,12,3.8333333333333335,72.80555555555556,2026-03-13 21:30:00,0.3333333333333333,0.6666666666666667
michal zahradka,rostyslav kliucuk,117,28,4.085470085470085,77.35897435897436,2025-04-17 10:00:00,0.23931623931623933,0.7606837606837606
michal zahradka,tadeas zika,69,9,4.304347826086956,82.85507246376811,2025-06-07 20:30:00,0.13043478260869565,0.8695652173913043
michal zahradka,tomas postelt,53,8,4.3584905660377355,84.28301886792453,2026-01-28 08:30:00,0.1509433962264151,0.8490566037735849
michal zahradka,tomas prosa,39,6,4.3076923076923075,82.92307692307692,2026-04-07 14:30:00,0.15384615384615385,0.8461538461538461
michal zahradka,tomas turek,138,26,4.181159420289855,79.28260869565217,2025-11-14 13:00:00,0.18840579710144928,0.8115942028985508
michal zahradka,vojtech koubek,28,7,4.142857142857143,77.46428571428571,2026-01-22 18:00:00,0.25,0.75
michal zahradka,vratislav petracek,87,24,4.137931034482759,78.1264367816092,2026-03-20 20:30:00,0.27586206896551724,0.7241379310344828
michal zahradka,zdenek bilek,23,7,3.9565217391304346,74.17391304347827,2026-02-05 21:30:00,0.30434782608695654,0.6956521739130435
michal zobac,radek krcal,55,11,4.181818181818182,78.65454545454546,2025-05-24 06:00:00,0.2,0.8
michal zobac,tomas bartik,96,29,4.09375,75.4375,2025-06-16 12:00:00,0.3020833333333333,0.6979166666666667
mihail trinta,milan fisera,54,14,4.092592592592593,75.5925925925926,2026-03-09 17:30:00,0.25925925925925924,0.7407407407407407
mihail trinta,milan longin,72,31,3.861111111111111,72.08333333333333,2026-02-17 13:30:00,0.4305555555555556,0.5694444444444444
mihail trinta,milan regner,95,28,4.136842105263158,75.57894736842105,2026-02-27 09:30:00,0.29473684210526313,0.7052631578947368
mihail trinta,milan smrcek,42,15,3.9285714285714284,72.33333333333333,2026-03-05 23:30:00,0.35714285714285715,0.6428571428571428
mihail trinta,miroslav adamec,47,17,4.0,74.63829787234043,2026-01-06 00:30:00,0.3617021276595745,0.6382978723404256
mihail trinta,ondrej kucirek,49,14,4.163265306122449,79.61224489795919,2025-11-17 19:00:00,0.2857142857142857,0.7142857142857143
mihail trinta,ondrej pastorek,32,10,3.9375,72.53125,2025-11-06 04:00:00,0.3125,0.6875
mihail trinta,pavel kulhanek,29,8,4.103448275862069,76.0,2026-01-23 14:30:00,0.27586206896551724,0.7241379310344828
mihail trinta,petr picek,48,17,3.9583333333333335,70.79166666666667,2026-02-06 15:30:00,0.3541666666666667,0.6458333333333333
mihail trinta,petr sudek,28,5,4.214285714285714,81.03571428571429,2026-02-27 10:30:00,0.17857142857142858,0.8214285714285714
mihail trinta,radek bartunek,47,21,3.8297872340425534,72.40425531914893,2026-03-01 12:00:00,0.44680851063829785,0.5531914893617021
mihail trinta,rotislav hasmanda,104,31,4.048076923076923,75.42307692307692,2026-03-03 13:30:00,0.2980769230769231,0.7019230769230769
mihail trinta,stanislav olejarcik,43,8,4.232558139534884,77.88372093023256,2025-12-30 08:00:00,0.18604651162790697,0.813953488372093
mihail trinta,tibor kolenic,96,24,4.135416666666667,78.58333333333333,2025-12-30 09:30:00,0.25,0.75
mihail trinta,tomas dousa,56,10,4.25,79.44642857142857,2025-04-26 22:00:00,0.17857142857142858,0.8214285714285714
mihail trinta,tomas regner,44,14,4.0,74.6590909090909,2026-03-11 10:30:00,0.3181818181818182,0.6818181818181819
mihail trinta,vaclav dolezal,33,7,4.121212121212121,75.54545454545455,2026-02-25 14:30:00,0.21212121212121213,0.7878787878787878
mihail trinta,vaclav hruska sr,34,12,4.0,72.44117647058823,2026-01-07 12:00:00,0.35294117647058826,0.6470588235294117
milan bezdicek,tadeas zika,23,2,4.478260869565218,85.08695652173913,2024-04-05 08:00:00,0.08695652173913043,0.9130434782608696
milan cetner,milan chalupnicek,36,7,4.277777777777778,78.13888888888889,2026-04-20 12:00:00,0.19444444444444445,0.8055555555555556
milan cetner,milos pospisil,33,10,4.0,75.96969696969697,2026-01-17 10:30:00,0.30303030303030304,0.696969696969697
milan cetner,pavel sprynar,50,16,3.96,73.72,2026-01-22 02:00:00,0.32,0.6799999999999999
milan cetner,serhii bohach,21,4,4.142857142857143,81.14285714285714,2026-04-04 10:30:00,0.19047619047619047,0.8095238095238095
milan cetner,vaclav hruska sr,41,14,3.975609756097561,73.7560975609756,2026-04-20 13:00:00,0.34146341463414637,0.6585365853658536
milan chalupnicek,milan smesny,30,5,4.266666666666667,78.83333333333333,2025-10-22 08:30:00,0.16666666666666666,0.8333333333333334
milan chalupnicek,milan vrabec,22,8,4.0,72.36363636363636,2025-10-18 08:30:00,0.36363636363636365,0.6363636363636364
milan chalupnicek,miloslav lubas,44,15,4.0,73.20454545454545,2026-02-05 11:00:00,0.3409090909090909,0.6590909090909092
milan chalupnicek,miroslav tuma,25,5,4.24,79.8,2026-01-01 14:30:00,0.2,0.8
milan chalupnicek,pavel sprynar,122,33,4.057377049180328,75.51639344262296,2026-01-10 14:01:00,0.27049180327868855,0.7295081967213115
milan chalupnicek,petr serak,28,11,3.892857142857143,74.39285714285714,2025-11-10 08:30:00,0.39285714285714285,0.6071428571428572
milan chalupnicek,semen kosarev,24,11,3.7083333333333335,69.375,2026-03-14 11:30:00,0.4583333333333333,0.5416666666666667
milan chalupnicek,stanislav pinc,34,5,4.294117647058823,79.05882352941177,2025-11-20 08:00:00,0.14705882352941177,0.8529411764705882
milan chalupnicek,tomas barta,24,9,4.0,73.79166666666667,2024-04-13 13:00:00,0.375,0.625
milan chalupnicek,tomas regner,42,6,4.261904761904762,78.85714285714286,2025-11-29 09:30:00,0.14285714285714285,0.8571428571428572
milan chalupnicek,trojan frantisek,20,7,3.9,73.35,2026-04-05 09:00:00,0.35,0.65
milan chalupnicek,vaclav hruska sr,38,13,3.9473684210526314,73.0,2026-04-20 11:30:00,0.34210526315789475,0.6578947368421053
milan chalupnicek,vladimir kubat,24,4,4.208333333333333,80.20833333333333,2025-09-26 08:00:00,0.16666666666666666,0.8333333333333334
milan fikar,miloslav kotil,38,11,3.973684210526316,75.15789473684211,2024-08-11 09:00:00,0.2894736842105263,0.7105263157894737
milan fisera,milan smrcek,27,5,4.185185185185185,76.85185185185185,2026-01-07 11:30:00,0.18518518518518517,0.8148148148148149
milan fisera,rotislav hasmanda,22,5,4.0,74.77272727272727,2026-04-16 19:00:00,0.22727272727272727,0.7727272727272727
milan fisera,stanislav olejarcik,21,5,4.428571428571429,79.61904761904762,2026-01-02 22:30:00,0.23809523809523808,0.7619047619047619
milan fisera,tibor kolenic,45,15,3.977777777777778,73.82222222222222,2025-11-29 19:00:00,0.3333333333333333,0.6666666666666667
milan fisera,tomas dousa,33,9,4.121212121212121,76.39393939393939,2025-11-11 22:13:00,0.2727272727272727,0.7272727272727273
milan fisera,tomas janata,23,7,3.9130434782608696,74.1304347826087,2025-11-16 15:30:00,0.30434782608695654,0.6956521739130435
milan flesar,petr svoboda,30,12,3.8333333333333335,71.86666666666666,2025-02-08 16:30:00,0.4,0.6
milan flesar,roman laznicka,20,9,3.8,74.9,2025-06-12 20:00:00,0.45,0.55
milan hvojka senior,miroslav nejedly,42,15,4.095238095238095,75.80952380952381,2025-06-16 09:04:00,0.35714285714285715,0.6428571428571428
milan hvojka senior,petr 	machovec,24,3,4.333333333333333,84.0,2025-06-17 10:00:00,0.125,0.875
milan hvojka senior,petr holas,28,5,4.321428571428571,80.25,2025-06-17 13:00:00,0.17857142857142858,0.8214285714285714
milan klement,milan urban,32,6,4.3125,82.46875,2024-08-18 21:30:00,0.1875,0.8125
milan klement,ondrej svacha,29,8,4.137931034482759,76.96551724137932,2026-04-04 09:05:00,0.27586206896551724,0.7241379310344828
milan klement,patrik pycha,27,13,3.6666666666666665,65.74074074074075,2026-01-01 10:00:00,0.48148148148148145,0.5185185185185186
milan klement,radim urbaniec,30,5,4.066666666666666,76.2,2026-04-15 13:00:00,0.16666666666666666,0.8333333333333334
milan klement,robin pacha,53,9,4.226415094339623,79.13207547169812,2026-04-19 20:00:00,0.16981132075471697,0.8301886792452831
milan klement,rostyslav kliucuk,24,6,4.125,77.45833333333333,2025-09-07 21:00:00,0.25,0.75
milan klement,sebastian kasnik,33,7,4.212121212121212,81.0909090909091,2026-03-24 20:00:00,0.21212121212121213,0.7878787878787878
milan klement,simon kadavy,46,7,4.391304347826087,82.67391304347827,2026-01-20 10:30:00,0.15217391304347827,0.8478260869565217
milan klement,tomas holik,56,1,4.446428571428571,85.75,2026-04-12 10:00:00,0.017857142857142856,0.9821428571428571
milan klement,tomas zahradnik,36,8,4.194444444444445,80.05555555555556,2026-04-09 20:30:00,0.2222222222222222,0.7777777777777778
milan klement,viktor vejvoda,31,5,4.193548387096774,80.2258064516129,2026-04-18 15:30:00,0.16129032258064516,0.8387096774193549
milan klement,yirzhi louda,132,23,4.287878787878788,80.82575757575758,2026-04-19 21:30:00,0.17424242424242425,0.8257575757575757
milan klement,zbynek pagac,27,9,3.962962962962963,74.0,2025-06-20 07:00:00,0.3333333333333333,0.6666666666666667
milan longin,milan regner,37,15,3.864864864864865,72.08108108108108,2025-08-15 10:30:00,0.40540540540540543,0.5945945945945945
milan longin,rotislav hasmanda,52,13,4.134615384615385,76.90384615384616,2026-04-13 12:30:00,0.25,0.75
milan longin,tibor kolenic,23,7,4.086956521739131,76.0,2025-05-29 12:30:00,0.30434782608695654,0.6956521739130435
milan longin,tomas dousa,24,9,3.8333333333333335,72.20833333333333,2024-12-12 15:30:00,0.375,0.625
milan longin,tomas regner,32,9,4.0,73.6875,2026-04-13 13:30:00,0.28125,0.71875
milan longin,vaclav dolezal,27,6,4.185185185185185,78.4074074074074,2026-03-26 14:30:00,0.2222222222222222,0.7777777777777778
milan longin,vaclav hruska sr,48,11,4.166666666666667,76.77083333333333,2026-03-30 15:30:00,0.22916666666666666,0.7708333333333334
milan regner,ondrej pastorek,24,6,4.166666666666667,75.16666666666667,2025-10-16 21:30:00,0.25,0.75
milan regner,pavel kulhanek,21,9,3.9047619047619047,72.0952380952381,2026-03-14 11:00:00,0.42857142857142855,0.5714285714285714
milan regner,petr sudek,49,14,4.061224489795919,74.95918367346938,2026-02-27 08:30:00,0.2857142857142857,0.7142857142857143
milan regner,rotislav hasmanda,27,7,4.037037037037037,75.62962962962963,2026-03-25 14:30:00,0.25925925925925924,0.7407407407407407
milan regner,tomas dousa,28,7,4.142857142857143,79.92857142857143,2024-08-30 15:00:00,0.25,0.75
milan regner,tomas janata,24,6,4.125,76.95833333333333,2024-09-04 15:30:00,0.25,0.75
milan regner,zdenek kasinski,43,11,4.069767441860465,76.95348837209302,2025-11-08 20:00:00,0.2558139534883721,0.7441860465116279
milan smesny,milan vrabec,34,14,3.7058823529411766,67.29411764705883,2026-03-01 09:30:00,0.4117647058823529,0.5882352941176471
milan smesny,miloslav lubas,49,17,3.9591836734693877,72.73469387755102,2025-10-01 12:30:00,0.3469387755102041,0.653061224489796
milan smesny,otto jarkovsky,22,8,3.8636363636363638,69.68181818181819,2024-07-27 08:30:00,0.36363636363636365,0.6363636363636364
milan smesny,pavel sprynar,83,34,3.855421686746988,71.43373493975903,2026-02-21 08:30:00,0.40963855421686746,0.5903614457831325
milan smesny,petr serak,48,11,4.125,75.85416666666667,2025-09-29 09:00:00,0.22916666666666666,0.7708333333333334
milan smesny,vladimir kubat,90,32,3.9444444444444446,72.72222222222223,2026-03-04 13:30:00,0.35555555555555557,0.6444444444444444
milan smrcek,miroslav adamec,57,14,4.087719298245614,76.94736842105263,2026-01-14 03:30:00,0.24561403508771928,0.7543859649122807
milan smrcek,ondrej kucirek,40,13,4.075,75.825,2026-03-31 02:30:00,0.325,0.675
milan smrcek,pavel fojt,29,11,3.9310344827586206,71.72413793103448,2026-04-13 01:00:00,0.3793103448275862,0.6206896551724138
milan smrcek,petr picek,51,25,3.784313725490196,69.31372549019608,2026-04-20 01:00:00,0.49019607843137253,0.5098039215686274
milan smrcek,rotislav hasmanda,63,14,4.079365079365079,76.5079365079365,2026-01-16 01:30:00,0.2222222222222222,0.7777777777777778
milan smrcek,stanislav olejarcik,23,7,4.217391304347826,81.47826086956522,2025-12-19 04:30:00,0.30434782608695654,0.6956521739130435
milan smrcek,tibor kolenic,20,9,3.7,67.15,2025-05-13 01:30:00,0.45,0.55
milan smrcek,tomas andrle,57,11,4.192982456140351,79.01754385964912,2026-04-19 22:30:00,0.19298245614035087,0.8070175438596492
milan smrcek,tomas barta,30,7,4.233333333333333,78.5,2025-05-07 02:30:00,0.23333333333333334,0.7666666666666666
milan smrcek,tomas dousa,29,8,4.103448275862069,75.44827586206897,2026-04-11 11:00:00,0.27586206896551724,0.7241379310344828
milan smrcek,tomas janata,28,8,4.107142857142857,76.85714285714286,2025-01-08 04:30:00,0.2857142857142857,0.7142857142857143
milan smrcek,vaclav dolezal,23,5,4.0,76.34782608695652,2026-04-01 12:30:00,0.21739130434782608,0.782608695652174
milan smrcek,vladimir cermak,25,6,4.16,78.04,2025-03-27 12:00:00,0.24,0.76
milan smrcek,yurii holovatiuk,25,5,4.08,78.44,2026-01-25 07:00:00,0.2,0.8
milan travnik,miloslav kotil,39,15,3.923076923076923,72.07692307692308,2025-06-13 13:09:00,0.38461538461538464,0.6153846153846154
milan travnik,oldrich lzicar,42,13,4.071428571428571,78.5,2025-06-13 10:30:00,0.30952380952380953,0.6904761904761905
milan urban,patrik pycha,36,10,3.9166666666666665,72.33333333333333,2024-09-12 19:00:00,0.2777777777777778,0.7222222222222222
milan urban,robin pacha,28,8,4.071428571428571,77.92857142857143,2024-08-18 18:00:00,0.2857142857142857,0.7142857142857143
milan urban,tomas holik,34,7,4.117647058823529,79.1470588235294,2024-08-26 19:00:00,0.20588235294117646,0.7941176470588236
milan urban,yirzhi louda,29,9,4.0344827586206895,75.93103448275862,2024-09-15 20:30:00,0.3103448275862069,0.6896551724137931
milan vrabec,miroslav klimenta,21,5,4.095238095238095,77.85714285714286,2024-05-22 21:00:00,0.23809523809523808,0.7619047619047619
milan vrabec,pavel sprynar,29,6,4.241379310344827,77.75862068965517,2026-02-21 07:00:00,0.20689655172413793,0.7931034482758621
milan vrabec,petr serak,24,6,4.0,75.08333333333333,2026-03-20 12:00:00,0.25,0.75
milan vrabec,trojan frantisek,25,7,3.96,71.68,2025-01-26 02:00:00,0.28,0.72
milan vrabec,vaclav pulkrabek,28,8,4.071428571428571,76.35714285714286,2024-12-18 02:00:00,0.2857142857142857,0.7142857142857143
milan zika,vlastimil pszczolka,20,6,4.0,72.1,2024-06-29 21:30:00,0.3,0.7
milan zika,zbynek zientek,33,6,4.242424242424242,81.51515151515152,2024-01-06 20:30:00,0.18181818181818182,0.8181818181818181
milancakovsky sr,roman laznicka,24,7,4.0,75.75,2025-06-30 21:03:00,0.2916666666666667,0.7083333333333333
miloslav dvorak,petr svec,44,13,4.113636363636363,76.68181818181819,2025-05-30 18:00:00,0.29545454545454547,0.7045454545454546
miloslav dvorak,petr svoboda,44,12,3.909090909090909,73.1590909090909,2025-02-01 08:30:00,0.2727272727272727,0.7272727272727273
miloslav dvorak,roman laznicka,26,7,4.115384615384615,76.34615384615384,2025-05-17 21:30:00,0.2692307692307692,0.7307692307692308
miloslav kotil,miroslav nejedly,32,14,3.71875,67.0625,2025-02-03 14:00:00,0.4375,0.5625
miloslav kotil,oldrich lzicar,43,11,4.232558139534884,77.97674418604652,2025-06-28 12:30:00,0.2558139534883721,0.7441860465116279
miloslav kotil,ondrej mista,27,7,4.037037037037037,76.96296296296296,2024-09-14 14:30:00,0.25925925925925924,0.7407407407407407
miloslav kotil,petr 	machovec,40,7,4.275,80.675,2024-12-09 10:00:00,0.175,0.825
miloslav kotil,radek limbursky,26,8,3.8846153846153846,73.88461538461539,2024-01-07 08:30:00,0.3076923076923077,0.6923076923076923
miloslav kotil,stepan prazak,33,15,3.727272727272727,68.33333333333333,2025-05-15 09:30:00,0.45454545454545453,0.5454545454545454
miloslav lubas,miroslav tuma,20,7,4.0,71.25,2025-11-01 14:30:00,0.35,0.65
miloslav lubas,pavel berdych,20,6,4.05,73.95,2026-04-05 12:30:00,0.3,0.7
miloslav lubas,pavel sprynar,91,30,3.989010989010989,73.93406593406593,2026-01-28 22:00:00,0.32967032967032966,0.6703296703296704
miloslav lubas,petr serak,24,5,4.333333333333333,77.75,2025-09-26 10:30:00,0.20833333333333334,0.7916666666666666
miloslav lubas,tomas regner,25,12,3.92,70.72,2025-06-17 10:00:00,0.48,0.52
miloslav lubas,vladimir kubat,40,11,4.05,75.975,2025-08-27 12:30:00,0.275,0.725
miroslav adamec,ondrej kucirek,63,19,3.9523809523809526,72.57142857142857,2026-01-09 01:00:00,0.30158730158730157,0.6984126984126984
miroslav adamec,pavel fojt,27,5,4.296296296296297,81.44444444444444,2025-09-15 23:00:00,0.18518518518518517,0.8148148148148149
miroslav adamec,petr picek,32,9,4.0,76.28125,2026-01-05 23:30:00,0.28125,0.71875
miroslav adamec,rotislav hasmanda,45,7,4.155555555555556,78.04444444444445,2026-01-14 00:30:00,0.15555555555555556,0.8444444444444444
miroslav adamec,stanislav olejarcik,26,11,3.8461538461538463,70.92307692307692,2025-12-18 23:00:00,0.4230769230769231,0.5769230769230769
miroslav adamec,tibor kolenic,26,8,4.038461538461538,74.23076923076923,2025-12-12 20:30:00,0.3076923076923077,0.6923076923076923
miroslav adamec,tomas andrle,52,20,3.8653846153846154,72.5,2026-01-01 22:00:00,0.38461538461538464,0.6153846153846154
miroslav adamec,tomas barta,21,5,4.142857142857143,78.0,2025-07-18 01:30:00,0.23809523809523808,0.7619047619047619
miroslav adamec,tomas dousa,27,12,3.7037037037037037,70.33333333333333,2025-04-27 03:30:00,0.4444444444444444,0.5555555555555556
miroslav adamec,vladimir cermak,21,4,4.380952380952381,80.47619047619048,2024-02-29 04:30:00,0.19047619047619047,0.8095238095238095
miroslav barta,pavel kulhanek,28,11,3.8214285714285716,70.21428571428571,2026-04-03 14:30:00,0.39285714285714285,0.6071428571428572
miroslav barta,pavel sprynar,21,5,4.238095238095238,78.57142857142857,2026-01-13 22:30:00,0.23809523809523808,0.7619047619047619
miroslav barta,petr picek,27,5,4.185185185185185,75.92592592592592,2024-06-09 03:30:00,0.18518518518518517,0.8148148148148149
miroslav barta,tibor kolenic,48,13,4.0,75.10416666666667,2024-07-05 21:30:00,0.2708333333333333,0.7291666666666667
miroslav barta,trojan frantisek,32,7,4.1875,75.96875,2024-11-30 11:00:00,0.21875,0.78125
miroslav barta,vaclav hruska sr,29,11,3.8275862068965516,72.3103448275862,2026-04-19 11:30:00,0.3793103448275862,0.6206896551724138
miroslav barta,yurii holovatiuk,23,6,3.8260869565217392,71.17391304347827,2024-11-05 21:00:00,0.2608695652173913,0.7391304347826086
miroslav cyrus,ondrej pros,26,12,3.730769230769231,68.15384615384616,2025-05-31 21:30:00,0.46153846153846156,0.5384615384615384
miroslav cyrus,roman laznicka,41,17,3.7560975609756095,70.04878048780488,2025-05-21 14:00:00,0.4146341463414634,0.5853658536585367
miroslav janca,rene kowal,21,0,4.476190476190476,85.0,2024-07-01 18:30:00,0.0,1.0
miroslav malek,ondrej pros,28,9,3.9642857142857144,73.39285714285714,2025-04-10 09:30:00,0.32142857142857145,0.6785714285714286
miroslav malek,petr svoboda,22,10,3.909090909090909,71.95454545454545,2025-06-16 15:00:00,0.45454545454545453,0.5454545454545454
miroslav necas,petr svoboda,21,6,3.9047619047619047,71.19047619047619,2025-03-28 12:00:00,0.2857142857142857,0.7142857142857143
miroslav necas,radim jaros,29,6,4.241379310344827,82.27586206896552,2025-06-27 18:30:00,0.20689655172413793,0.7931034482758621
miroslav necas,vaclav svoboda,34,4,4.264705882352941,77.58823529411765,2025-05-01 06:30:00,0.11764705882352941,0.8823529411764706
miroslav necas,zdenek zikmunda,23,8,3.9130434782608696,71.26086956521739,2025-05-13 09:30:00,0.34782608695652173,0.6521739130434783
miroslav nejedly,ondrej mista,20,6,3.9,72.8,2025-06-11 09:00:00,0.3,0.7
miroslav nejedly,petr 	machovec,47,15,4.0212765957446805,75.65957446808511,2025-06-30 10:00:00,0.3191489361702128,0.6808510638297872
miroslav nejedly,petr holas,41,14,4.048780487804878,75.36585365853658,2025-06-25 10:00:00,0.34146341463414637,0.6585365853658536
miroslav novotny,pavel berdych,20,5,4.15,77.6,2025-11-29 00:30:00,0.25,0.75
miroslav novotny,radek bartunek,26,7,4.076923076923077,76.11538461538461,2026-02-28 04:00:00,0.2692307692307692,0.7307692307692308
miroslav novotny,tomas regner,24,9,3.8333333333333335,70.16666666666667,2026-02-24 00:30:00,0.375,0.625
miroslav svedik,radim pavelka,22,7,3.8636363636363638,69.63636363636364,2025-10-27 14:00:00,0.3181818181818182,0.6818181818181819
miroslav svedik,vladimir cermak,30,10,3.933333333333333,73.5,2025-11-06 14:00:00,0.3333333333333333,0.6666666666666667
miroslav svedik,vladimir havlicek,43,9,4.209302325581396,76.83720930232558,2025-10-07 13:00:00,0.20930232558139536,0.7906976744186046
miroslav tuma,oleg vitrovyj,33,17,3.696969696969697,68.33333333333333,2026-01-11 19:30:00,0.5151515151515151,0.48484848484848486
miroslav tuma,pavel berdych,48,9,4.125,76.64583333333333,2025-11-17 12:00:00,0.1875,0.8125
miroslav tuma,pavel sprynar,50,13,4.08,75.32,2026-01-01 13:00:00,0.26,0.74
miroslav tuma,petr bruzek,22,10,3.772727272727273,68.81818181818181,2026-03-30 21:03:00,0.45454545454545453,0.5454545454545454
miroslav tuma,semen kosarev,22,7,3.8636363636363638,73.04545454545455,2026-01-13 22:00:00,0.3181818181818182,0.6818181818181819
miroslav tuma,tomas regner,35,9,4.171428571428572,77.02857142857142,2026-02-09 18:30:00,0.2571428571428571,0.7428571428571429
miroslav tuma,trojan frantisek,22,7,4.0,73.9090909090909,2025-12-23 20:00:00,0.3181818181818182,0.6818181818181819
miroslav tuma,vaclav hruska sr,37,14,3.891891891891892,72.78378378378379,2026-04-13 15:30:00,0.3783783783783784,0.6216216216216216
oldrich stehlik,radek vosyka,20,5,4.15,79.7,2025-06-30 16:00:00,0.25,0.75
oldrich vrtal,radim urbaniec,54,12,4.111111111111111,76.48148148148148,2025-03-23 23:00:00,0.2222222222222222,0.7777777777777778
oldrich vrtal,roman hudeczek,42,13,4.0,75.0,2024-05-27 07:30:00,0.30952380952380953,0.6904761904761905
oldrich vrtal,tadeas zika,44,14,4.045454545454546,78.6590909090909,2024-05-14 14:00:00,0.3181818181818182,0.6818181818181819
oldrich vrtal,zbynek pagac,48,14,4.0,75.64583333333333,2025-03-24 02:00:00,0.2916666666666667,0.7083333333333333
oleg vitrovyj,pavel sprynar,39,14,3.9743589743589745,72.41025641025641,2026-01-10 12:30:00,0.358974358974359,0.641025641025641
oleg vitrovyj,petr bruzek,20,3,4.35,82.25,2026-03-04 01:30:00,0.15,0.85
oleg vitrovyj,semen kosarev,26,5,4.230769230769231,78.65384615384616,2025-08-18 23:30:00,0.19230769230769232,0.8076923076923077
oleg vitrovyj,tomas regner,32,7,4.0625,75.125,2026-03-17 02:00:00,0.21875,0.78125
oleg vitrovyj,trojan frantisek,27,9,4.037037037037037,75.85185185185185,2026-04-13 03:00:00,0.3333333333333333,0.6666666666666667
oleg vitrovyj,vaclav dolezal,29,8,4.103448275862069,76.24137931034483,2026-04-20 00:00:00,0.27586206896551724,0.7241379310344828
oleg vitrovyj,vaclav hruska sr,23,8,3.9130434782608696,73.91304347826087,2026-02-07 14:04:00,0.34782608695652173,0.6521739130434783
oleksandr kolbasenko,ondrej svacha,47,9,4.191489361702128,78.59574468085107,2026-03-16 00:30:00,0.19148936170212766,0.8085106382978724
oleksandr kolbasenko,radek rose,23,6,4.0,76.78260869565217,2026-03-11 19:00:00,0.2608695652173913,0.7391304347826086
oleksandr kolbasenko,rostyslav kliucuk,37,13,4.027027027027027,75.70270270270271,2025-09-09 02:30:00,0.35135135135135137,0.6486486486486487
oleksandr kolbasenko,sebastian kasnik,38,8,4.157894736842105,78.02631578947368,2026-02-12 22:00:00,0.21052631578947367,0.7894736842105263
oleksandr kolbasenko,tomas turek,22,5,4.136363636363637,81.4090909090909,2025-11-16 21:00:00,0.22727272727272727,0.7727272727272727
oleksandr kolbasenko,vratislav petracek,57,16,4.12280701754386,80.0,2026-03-21 19:00:00,0.2807017543859649,0.7192982456140351
oleksandr kolbasenko,yirzhi louda,20,6,4.0,75.75,2026-03-14 08:30:00,0.3,0.7
ondrej cmerda,ondrej svacha,35,8,4.2,77.2,2026-04-14 20:00:00,0.22857142857142856,0.7714285714285715
ondrej cmerda,rostyslav kliucuk,31,7,4.354838709677419,83.41935483870968,2025-09-10 17:00:00,0.22580645161290322,0.7741935483870968
ondrej cmerda,sebastian kasnik,40,8,4.175,78.3,2026-04-14 21:00:00,0.2,0.8
ondrej cmerda,tomas zahradnik,31,1,4.612903225806452,87.54838709677419,2026-01-06 22:30:00,0.03225806451612903,0.967741935483871
ondrej cmerda,yirzhi louda,44,11,4.0227272727272725,76.97727272727273,2026-03-03 22:00:00,0.25,0.75
ondrej kucirek,petr picek,68,30,3.764705882352941,68.36764705882354,2026-03-26 00:30:00,0.4411764705882353,0.5588235294117647
ondrej kucirek,radek bartunek,30,15,3.7333333333333334,71.13333333333334,2026-04-18 00:30:00,0.5,0.5
ondrej kucirek,rotislav hasmanda,57,21,3.982456140350877,72.64912280701755,2026-04-16 03:04:00,0.3684210526315789,0.631578947368421
ondrej kucirek,stanislav olejarcik,24,8,3.8333333333333335,71.70833333333333,2025-10-31 01:00:00,0.3333333333333333,0.6666666666666667
ondrej kucirek,tibor kolenic,21,7,3.9047619047619047,72.23809523809524,2025-09-22 21:00:00,0.3333333333333333,0.6666666666666667
ondrej kucirek,tomas andrle,33,11,3.9696969696969697,72.9090909090909,2026-04-02 22:00:00,0.3333333333333333,0.6666666666666667
ondrej kucirek,tomas dousa,21,4,4.428571428571429,83.38095238095238,2024-09-28 00:00:00,0.19047619047619047,0.8095238095238095
ondrej kucirek,tomas janata,29,10,3.9310344827586206,71.72413793103448,2024-08-14 23:00:00,0.3448275862068966,0.6551724137931034
ondrej kucirek,vaclav dolezal,21,6,4.095238095238095,77.33333333333333,2026-04-03 02:00:00,0.2857142857142857,0.7142857142857143
ondrej kucirek,vaclav hruska sr,30,8,4.1,75.76666666666667,2025-06-30 19:00:00,0.26666666666666666,0.7333333333333334
ondrej kucirek,yurii holovatiuk,25,8,3.88,71.52,2025-09-25 00:30:00,0.32,0.6799999999999999
ondrej kus,zbynek pagac,25,5,4.12,77.92,2025-04-20 07:30:00,0.2,0.8
ondrej mista,petr holas,24,8,3.8333333333333335,70.20833333333333,2025-06-12 13:30:00,0.3333333333333333,0.6666666666666667
ondrej mista,radek limbursky,29,8,4.172413793103448,76.51724137931035,2025-06-04 06:00:00,0.27586206896551724,0.7241379310344828
ondrej novak,tomas postelt,32,3,4.40625,87.65625,2025-05-30 19:30:00,0.09375,0.90625
ondrej novak,vojtech koubek,30,10,4.166666666666667,80.16666666666667,2025-08-19 14:30:00,0.3333333333333333,0.6666666666666667
ondrej paril,petr vicherek,26,7,3.923076923076923,71.07692307692308,2024-02-23 19:00:00,0.2692307692307692,0.7307692307692308
ondrej paril,radek benes,40,10,4.025,74.2,2024-03-29 20:30:00,0.25,0.75
ondrej paril,radomir revay,29,7,4.0344827586206895,75.58620689655173,2026-04-02 06:30:00,0.2413793103448276,0.7586206896551724
ondrej paril,radovan polasek,40,8,4.225,77.375,2026-04-09 12:00:00,0.2,0.8
ondrej paril,tadeas zika,50,19,3.88,71.3,2026-04-09 13:30:00,0.38,0.62
ondrej pastorek,petr picek,21,6,4.142857142857143,77.04761904761905,2025-10-14 02:00:00,0.2857142857142857,0.7142857142857143
ondrej pastorek,tomas janata,20,6,3.95,74.55,2024-04-09 01:00:00,0.3,0.7
ondrej pros,petr svec,33,7,4.03030303030303,72.84848484848484,2025-04-17 18:00:00,0.21212121212121213,0.7878787878787878
ondrej pros,petr svoboda,23,14,3.5217391304347827,64.8695652173913,2024-12-24 09:30:00,0.6086956521739131,0.3913043478260869
ondrej pros,radim jaros,22,10,3.772727272727273,69.9090909090909,2025-06-07 13:30:00,0.45454545454545453,0.5454545454545454
ondrej pros,richard vavricka,22,8,3.909090909090909,72.04545454545455,2025-06-14 18:00:00,0.36363636363636365,0.6363636363636364
ondrej pros,vlastimil kaisler,32,9,4.09375,75.875,2025-06-26 09:00:00,0.28125,0.71875
ondrej pros,zdenek zikmunda,23,6,4.130434782608695,77.56521739130434,2025-06-03 08:00:00,0.2608695652173913,0.7391304347826086
ondrej svacha,radek rose,55,17,3.9272727272727272,74.23636363636363,2026-03-11 20:30:00,0.3090909090909091,0.6909090909090909
ondrej svacha,radim urbaniec,25,5,4.12,73.96,2026-04-15 16:30:00,0.2,0.8
ondrej svacha,robin pacha,44,18,3.75,69.68181818181819,2026-03-28 22:30:00,0.4090909090909091,0.5909090909090908
ondrej svacha,rostyslav kliucuk,171,46,4.076023391812866,78.65497076023392,2025-09-02 15:30:00,0.26900584795321636,0.7309941520467836
ondrej svacha,sebastian kasnik,30,8,4.1,76.7,2026-04-14 18:30:00,0.26666666666666666,0.7333333333333334
ondrej svacha,tadeas zika,40,10,4.15,80.4,2025-04-22 02:30:00,0.25,0.75
ondrej svacha,tomas franek,41,10,4.097560975609756,78.1951219512195,2026-04-09 03:00:00,0.24390243902439024,0.7560975609756098
ondrej svacha,tomas turek,46,11,4.065217391304348,77.26086956521739,2025-07-11 19:00:00,0.2391304347826087,0.7608695652173914
ondrej svacha,vratislav petracek,70,17,4.2,78.97142857142858,2026-01-13 17:30:00,0.24285714285714285,0.7571428571428571
ondrej svacha,yirzhi louda,68,22,4.0,74.25,2026-04-19 10:00:00,0.3235294117647059,0.6764705882352942
ondrej svacha,zbynek pagac,40,12,4.0,73.45,2025-06-18 21:30:00,0.3,0.7
oskar spacek,vlastimil svatos,35,8,4.114285714285714,76.48571428571428,2025-01-06 12:00:00,0.22857142857142856,0.7714285714285715
otto jarkovsky,petr serak,22,4,4.363636363636363,82.9090909090909,2024-10-04 12:30:00,0.18181818181818182,0.8181818181818181
otto jarkovsky,vladimir kubat,28,7,4.071428571428571,75.39285714285714,2023-12-11 14:30:00,0.25,0.75
patrik pycha,radim pavelka,87,32,3.9655172413793105,72.94252873563218,2025-11-16 23:00:00,0.367816091954023,0.632183908045977
patrik pycha,richard krejci,38,19,3.6578947368421053,65.1842105263158,2026-04-05 01:00:00,0.5,0.5
patrik pycha,simon kadavy,92,28,3.9782608695652173,74.56521739130434,2026-03-06 01:00:00,0.30434782608695654,0.6956521739130435
patrik pycha,tomas barta,42,14,4.0476190476190474,75.5,2026-04-19 03:00:00,0.3333333333333333,0.6666666666666667
patrik pycha,tomas holik,23,3,4.173913043478261,80.52173913043478,2025-04-24 21:30:00,0.13043478260869565,0.8695652173913043
patrik pycha,tomas janata,56,18,4.071428571428571,75.16071428571429,2026-04-12 00:00:00,0.32142857142857145,0.6785714285714286
patrik pycha,vladimir cermak,89,23,4.134831460674158,75.31460674157303,2026-03-07 23:30:00,0.25842696629213485,0.7415730337078652
patrik pycha,vladimr postelt,54,18,4.018518518518518,73.14814814814815,2026-04-19 01:00:00,0.3333333333333333,0.6666666666666667
patrik pycha,vladislav hampejs,36,10,4.055555555555555,77.36111111111111,2026-01-10 12:00:00,0.2777777777777778,0.7222222222222222
patrik sturma,zbynek zientek,21,2,4.333333333333333,81.52380952380952,2023-09-07 16:30:00,0.09523809523809523,0.9047619047619048
pavel berdych,pavel sprynar,54,17,3.9444444444444446,73.96296296296296,2025-11-06 19:00:00,0.3148148148148148,0.6851851851851851
pavel berdych,semen kosarev,23,8,3.9130434782608696,70.34782608695652,2026-04-19 00:00:00,0.34782608695652173,0.6521739130434783
pavel berdych,trojan frantisek,31,11,3.935483870967742,72.80645161290323,2025-10-12 18:00:00,0.3548387096774194,0.6451612903225806
pavel chvatal,stanislav hudec,25,7,4.0,77.52,2025-05-27 08:30:00,0.28,0.72
pavel chvatal,vitezslav malina,24,7,4.166666666666667,77.54166666666667,2025-01-07 17:00:00,0.2916666666666667,0.7083333333333333
pavel fojt,radim pavelka,51,14,3.980392156862745,74.52941176470588,2026-04-14 21:00:00,0.27450980392156865,0.7254901960784313
pavel fojt,richard krejci,30,12,3.8333333333333335,71.4,2026-01-12 00:00:00,0.4,0.6
pavel fojt,tibor kolenic,20,4,4.15,77.55,2026-01-01 22:00:00,0.2,0.8
pavel fojt,tomas andrle,32,10,4.03125,79.53125,2026-04-09 00:00:00,0.3125,0.6875
pavel fojt,tomas barta,31,10,3.838709677419355,73.19354838709677,2026-01-10 19:30:00,0.3225806451612903,0.6774193548387097
pavel fojt,tomas dousa,31,4,4.258064516129032,78.74193548387096,2026-04-14 19:30:00,0.12903225806451613,0.8709677419354839
pavel fojt,tomas janata,57,23,3.912280701754386,72.59649122807018,2025-11-19 03:00:00,0.40350877192982454,0.5964912280701755
pavel fojt,vladimir cermak,47,11,4.127659574468085,78.53191489361703,2026-02-04 04:00:00,0.23404255319148937,0.7659574468085106
pavel fojt,vladimr postelt,38,13,4.0,72.3157894736842,2026-02-02 22:30:00,0.34210526315789475,0.6578947368421053
pavel gireth,petr bradach,21,8,3.8095238095238093,69.28571428571429,2025-12-18 18:30:00,0.38095238095238093,0.6190476190476191
pavel gireth,tomas postelt,55,8,4.181818181818182,79.18181818181819,2026-04-16 17:00:00,0.14545454545454545,0.8545454545454545
pavel gireth,tomas prosa,22,6,4.090909090909091,76.68181818181819,2025-03-20 16:30:00,0.2727272727272727,0.7272727272727273
pavel gireth,tomas turek,78,19,4.102564102564102,77.51282051282051,2025-09-25 16:30:00,0.24358974358974358,0.7564102564102564
pavel gireth,vojtech koubek,26,11,3.8846153846153846,72.03846153846153,2026-04-16 16:00:00,0.4230769230769231,0.5769230769230769
pavel gireth,zdenek bilek,43,9,4.162790697674419,78.79069767441861,2025-12-04 16:00:00,0.20930232558139536,0.7906976744186046
pavel kulhanek,pavel sprynar,37,13,3.891891891891892,71.27027027027027,2026-01-31 14:00:00,0.35135135135135137,0.6486486486486487
pavel kulhanek,petr picek,37,11,4.027027027027027,75.8108108108108,2024-11-29 15:00:00,0.2972972972972973,0.7027027027027026
pavel kulhanek,tibor kolenic,35,13,3.914285714285714,72.8,2024-11-27 12:00:00,0.37142857142857144,0.6285714285714286
pavel kulhanek,trojan frantisek,20,6,3.9,70.25,2025-10-30 04:30:00,0.3,0.7
pavel kulhanek,vaclav hruska sr,78,19,4.115384615384615,76.46153846153847,2026-04-20 06:30:00,0.24358974358974358,0.7564102564102564
pavel mozol,vladimir kubat,21,5,4.142857142857143,76.9047619047619,2023-05-15 13:30:00,0.23809523809523808,0.7619047619047619
pavel sprynar,petr serak,40,8,4.175,76.725,2025-11-10 10:00:00,0.2,0.8
pavel sprynar,semen kosarev,53,12,4.169811320754717,77.49056603773585,2026-01-16 01:30:00,0.22641509433962265,0.7735849056603774
pavel sprynar,stanislav mazanek,21,7,3.9047619047619047,72.38095238095238,2025-12-09 23:30:00,0.3333333333333333,0.6666666666666667
pavel sprynar,stanislav pinc,20,8,3.7,67.85,2025-12-04 01:30:00,0.4,0.6
pavel sprynar,tomas kucera,25,8,3.96,74.48,2025-12-17 04:30:00,0.32,0.6799999999999999
pavel sprynar,tomas regner,23,8,4.043478260869565,76.52173913043478,2025-01-08 12:30:00,0.34782608695652173,0.6521739130434783
pavel sprynar,trojan frantisek,33,14,3.787878787878788,68.54545454545455,2026-01-22 01:00:00,0.42424242424242425,0.5757575757575757
pavel sprynar,vladimir kubat,67,18,4.149253731343284,77.04477611940298,2026-03-20 08:30:00,0.26865671641791045,0.7313432835820896
pavel wawrosz,petr vicherek,21,7,3.9047619047619047,73.66666666666667,2024-06-28 19:00:00,0.3333333333333333,0.6666666666666667
pavel wawrosz,rene kowal,21,11,3.7142857142857144,70.19047619047619,2024-06-27 21:30:00,0.5238095238095238,0.47619047619047616
pavel wawrosz,rostislav niezgoda,83,22,4.216867469879518,79.51807228915662,2024-06-28 21:30:00,0.26506024096385544,0.7349397590361446
petr 	machovec,petr holas,61,15,4.114754098360656,76.70491803278688,2025-06-29 21:00:00,0.2459016393442623,0.7540983606557377
petr bradach,radek rose,30,13,3.8333333333333335,71.26666666666667,2026-02-11 19:30:00,0.43333333333333335,0.5666666666666667
petr bradach,rostyslav kliucuk,29,9,3.9310344827586206,74.10344827586206,2025-04-14 20:30:00,0.3103448275862069,0.6896551724137931
petr bradach,tomas postelt,24,3,4.208333333333333,78.08333333333333,2026-03-16 17:30:00,0.125,0.875
petr bradach,tomas turek,46,11,4.108695652173913,77.1086956521739,2025-09-08 16:30:00,0.2391304347826087,0.7608695652173914
petr bradach,vratislav petracek,35,16,3.742857142857143,67.11428571428571,2026-03-23 18:00:00,0.45714285714285713,0.5428571428571429
petr bruzek,tomas regner,30,10,3.8666666666666667,70.46666666666667,2026-03-03 23:00:00,0.3333333333333333,0.6666666666666667
petr bruzek,vaclav dolezal,20,4,4.1,77.75,2026-03-04 03:00:00,0.2,0.8
petr bruzek,vaclav hruska sr,25,6,3.88,67.88,2026-03-27 12:00:00,0.24,0.76
petr budinsky,radim pokorny,25,11,3.96,74.88,2025-06-02 11:00:00,0.44,0.56
petr budinsky,richard vavricka,23,8,3.869565217391304,71.65217391304348,2025-03-30 08:00:00,0.34782608695652173,0.6521739130434783
petr jakes,vaclav svoboda,21,6,4.142857142857143,78.9047619047619,2025-03-02 07:30:00,0.2857142857142857,0.7142857142857143
petr jochym,svatoslav stempen,41,11,4.146341463414634,80.63414634146342,2024-06-21 21:00:00,0.2682926829268293,0.7317073170731707
petr korp,rostyslav kliucuk,38,7,4.131578947368421,78.36842105263158,2023-09-30 21:30:00,0.18421052631578946,0.8157894736842105
petr macela,tomas postelt,36,7,4.138888888888889,79.5,2025-09-11 23:00:00,0.19444444444444445,0.8055555555555556
petr macela,tomas turek,21,2,4.285714285714286,84.47619047619048,2025-11-03 17:30:00,0.09523809523809523,0.9047619047619048
petr macela,vojtech koubek,22,12,3.590909090909091,64.5909090909091,2025-08-12 16:00:00,0.5454545454545454,0.4545454545454546
petr macela,zdenek bilek,30,8,4.066666666666666,75.46666666666667,2026-02-23 19:30:00,0.26666666666666666,0.7333333333333334
petr oliver korp,rostyslav kliucuk,33,2,4.454545454545454,87.0909090909091,2023-04-26 01:30:00,0.06060606060606061,0.9393939393939394
petr picek,radek bartunek,41,11,4.024390243902439,73.2439024390244,2026-04-03 23:00:00,0.2682926829268293,0.7317073170731707
petr picek,rotislav hasmanda,56,19,3.9642857142857144,73.23214285714286,2025-12-30 01:30:00,0.3392857142857143,0.6607142857142857
petr picek,stanislav olejarcik,40,12,4.05,75.025,2025-08-15 23:30:00,0.3,0.7
petr picek,tibor kolenic,29,11,3.9655172413793105,72.0,2025-09-20 15:00:00,0.3793103448275862,0.6206896551724138
petr picek,tomas andrle,32,13,3.875,71.59375,2026-04-19 23:30:00,0.40625,0.59375
petr picek,tomas barta,36,11,3.9722222222222223,75.36111111111111,2025-01-06 02:00:00,0.3055555555555556,0.6944444444444444
petr picek,tomas regner,39,11,4.051282051282051,75.48717948717949,2026-04-20 03:30:00,0.28205128205128205,0.717948717948718
petr picek,vaclav dolezal,30,11,3.966666666666667,74.2,2025-12-11 23:30:00,0.36666666666666664,0.6333333333333333
petr picek,vaclav hruska sr,76,32,3.6973684210526314,67.09210526315789,2025-09-27 20:30:00,0.42105263157894735,0.5789473684210527
petr picek,yurii holovatiuk,43,13,4.069767441860465,77.20930232558139,2026-03-08 01:30:00,0.3023255813953488,0.6976744186046512
petr saleny,viktor vejvoda,21,9,3.8095238095238093,72.52380952380952,2026-03-20 17:30:00,0.42857142857142855,0.5714285714285714
petr saleny,yirzhi louda,20,6,4.15,77.0,2026-04-17 07:00:00,0.3,0.7
petr sebera,radim urbaniec,35,12,4.057142857142857,73.88571428571429,2026-04-13 23:00:00,0.34285714285714286,0.6571428571428571
petr sebera,sebastian kasnik,21,5,4.0,72.71428571428571,2026-04-16 04:10:00,0.23809523809523808,0.7619047619047619
petr sebera,simon kadavy,21,6,4.142857142857143,78.14285714285714,2026-04-17 01:00:00,0.2857142857142857,0.7142857142857143
petr sebera,viktor vejvoda,23,13,3.5652173913043477,67.04347826086956,2026-04-19 21:30:00,0.5652173913043478,0.4347826086956522
petr sebera,yirzhi louda,37,8,4.162162162162162,78.32432432432432,2026-04-15 22:00:00,0.21621621621621623,0.7837837837837838
petr serak,tomas regner,22,5,4.090909090909091,75.95454545454545,2024-07-15 10:00:00,0.22727272727272727,0.7727272727272727
petr serak,vladimir kubat,45,16,3.911111111111111,73.06666666666666,2025-09-09 12:30:00,0.35555555555555557,0.6444444444444444
petr sudek,rotislav hasmanda,31,9,4.032258064516129,75.70967741935483,2026-02-18 08:00:00,0.2903225806451613,0.7096774193548387
petr sudek,vaclav hruska sr,42,11,3.9047619047619047,73.16666666666667,2026-04-16 07:30:00,0.2619047619047619,0.7380952380952381
petr svec,petr svoboda,46,12,4.0,73.41304347826087,2025-05-23 15:00:00,0.2608695652173913,0.7391304347826086
petr svec,radim jaros,24,9,3.9166666666666665,72.66666666666667,2025-06-27 19:00:00,0.375,0.625
petr svoboda,radim jaros,36,6,4.277777777777778,80.02777777777777,2025-04-11 21:30:00,0.16666666666666666,0.8333333333333334
petr svoboda,roman laznicka,26,12,3.6538461538461537,66.73076923076923,2025-01-18 12:30:00,0.46153846153846156,0.5384615384615384
petr svoboda,tomas pelikan,21,5,4.095238095238095,76.42857142857143,2025-04-11 19:30:00,0.23809523809523808,0.7619047619047619
petr svoboda,tomas roh,26,8,4.115384615384615,76.6923076923077,2024-12-23 10:16:00,0.3076923076923077,0.6923076923076923
petr vicherek,rene kowal,45,8,4.266666666666667,81.13333333333334,2024-07-01 20:00:00,0.17777777777777778,0.8222222222222222
radek bartunek,stanislav olejarcik,23,3,4.260869565217392,80.17391304347827,2025-12-25 22:30:00,0.13043478260869565,0.8695652173913043
radek bartunek,tomas regner,32,9,4.03125,74.75,2026-04-19 20:00:00,0.28125,0.71875
radek bartunek,vaclav dolezal,28,4,4.357142857142857,81.39285714285714,2026-03-22 03:30:00,0.14285714285714285,0.8571428571428572
radek bartunek,vaclav hruska sr,42,11,4.095238095238095,76.95238095238095,2026-01-29 19:00:00,0.2619047619047619,0.7380952380952381
radek bartunek,yurii holovatiuk,21,5,4.190476190476191,75.85714285714286,2026-03-08 03:00:00,0.23809523809523808,0.7619047619047619
radek fnukal,stanislav hudec,29,7,4.172413793103448,78.65517241379311,2025-04-04 13:30:00,0.2413793103448276,0.7586206896551724
radek krcal,tomas bartik,40,10,4.1,77.8,2025-05-07 14:30:00,0.25,0.75
radek limbursky,vaclav svoboda,34,10,4.0588235294117645,74.73529411764706,2025-06-26 21:30:00,0.29411764705882354,0.7058823529411764
radek limbursky,vladimir stanek,20,6,4.05,76.7,2024-07-22 13:30:00,0.3,0.7
radek rose,rostyslav kliucuk,73,18,4.068493150684931,76.9041095890411,2025-09-02 20:00:00,0.2465753424657534,0.7534246575342466
radek rose,tomas prosa,21,6,4.142857142857143,77.9047619047619,2024-01-13 16:00:00,0.2857142857142857,0.7142857142857143
radek rose,tomas turek,56,12,4.053571428571429,78.75,2025-08-08 16:30:00,0.21428571428571427,0.7857142857142857
radek rose,yirzhi louda,23,6,4.0,74.56521739130434,2026-02-19 19:00:00,0.2608695652173913,0.7391304347826086
radek vosyka,tomas nevrtal,30,6,4.066666666666666,76.16666666666667,2025-04-21 18:00:00,0.2,0.8
radim adam,roman guliak,22,8,4.0,75.5909090909091,2026-04-19 13:00:00,0.36363636363636365,0.6363636363636364
radim jaros,tomas pelikan,23,5,4.217391304347826,79.3913043478261,2025-06-27 21:02:00,0.21739130434782608,0.782608695652174
radim jaros,vaclav svoboda,31,6,4.129032258064516,77.90322580645162,2025-06-28 15:30:00,0.1935483870967742,0.8064516129032258
radim pavelka,richard krejci,59,22,3.9491525423728815,72.54237288135593,2026-02-18 03:30:00,0.3728813559322034,0.6271186440677966
radim pavelka,simon kadavy,29,11,3.896551724137931,72.10344827586206,2025-10-10 19:30:00,0.3793103448275862,0.6206896551724138
radim pavelka,tibor kolenic,46,12,4.130434782608695,75.41304347826087,2025-12-30 08:30:00,0.2608695652173913,0.7391304347826086
radim pavelka,tomas andrle,22,8,3.909090909090909,73.5909090909091,2025-08-18 15:30:00,0.36363636363636365,0.6363636363636364
radim pavelka,tomas barta,60,12,4.233333333333333,77.73333333333333,2026-04-06 01:00:00,0.2,0.8
radim pavelka,tomas dousa,52,10,4.25,78.15384615384616,2026-04-14 20:00:00,0.19230769230769232,0.8076923076923077
radim pavelka,tomas janata,60,22,4.0,74.76666666666667,2026-03-20 00:00:00,0.36666666666666664,0.6333333333333333
radim pavelka,tomas varnuska,27,7,4.185185185185185,78.18518518518519,2026-04-17 08:30:00,0.25925925925925924,0.7407407407407407
radim pavelka,vladimir cermak,66,16,4.0606060606060606,75.28787878787878,2026-04-17 09:03:00,0.24242424242424243,0.7575757575757576
radim pavelka,vladimir havlicek,33,10,4.03030303030303,73.66666666666667,2026-01-21 07:30:00,0.30303030303030304,0.696969696969697
radim pavelka,vladimr postelt,118,21,4.194915254237288,78.22881355932203,2026-04-03 01:30:00,0.17796610169491525,0.8220338983050848
radim uhlar,zbynek pagac,22,8,4.045454545454546,73.36363636363636,2024-06-08 09:00:00,0.36363636363636365,0.6363636363636364
radim urbaniec,roman hudeczek,25,5,4.2,77.08,2026-01-22 19:00:00,0.2,0.8
radim urbaniec,roman opralka,31,6,4.258064516129032,77.70967741935483,2026-04-19 21:30:00,0.1935483870967742,0.8064516129032258
radim urbaniec,rostyslav kliucuk,23,8,3.9565217391304346,75.04347826086956,2025-06-27 19:30:00,0.34782608695652173,0.6521739130434783
radim urbaniec,sebastian kasnik,24,6,4.208333333333333,79.33333333333333,2026-04-14 20:30:00,0.25,0.75
radim urbaniec,tadeas zika,40,13,4.0,75.9,2026-03-07 22:30:00,0.325,0.675
radim urbaniec,yirzhi louda,31,6,4.096774193548387,76.93548387096774,2026-04-12 06:00:00,0.1935483870967742,0.8064516129032258
radim urbaniec,zbynek pagac,102,37,3.9411764705882355,72.96078431372548,2026-04-19 19:30:00,0.3627450980392157,0.6372549019607843
radomir revay,radovan polasek,54,15,4.037037037037037,77.75925925925925,2026-04-19 09:30:00,0.2777777777777778,0.7222222222222222
radomir revay,rene kowal,35,7,4.228571428571429,80.42857142857143,2024-06-11 19:30:00,0.2,0.8
radomir revay,tadeas zika,51,9,4.215686274509804,83.05882352941177,2026-04-20 09:30:00,0.17647058823529413,0.8235294117647058
radomir vavrecka,svatoslav stempen,25,9,3.88,71.2,2024-05-02 19:30:00,0.36,0.64
radovan polasek,tadeas zika,68,18,4.044117647058823,77.23529411764706,2026-04-20 13:00:00,0.2647058823529412,0.7352941176470589
richard krejci,simon kadavy,20,4,4.3,81.25,2025-04-30 01:30:00,0.2,0.8
richard krejci,tomas barta,23,5,4.043478260869565,75.43478260869566,2026-04-05 02:00:00,0.21739130434782608,0.782608695652174
richard krejci,tomas janata,33,8,4.03030303030303,75.45454545454545,2026-01-19 23:30:00,0.24242424242424243,0.7575757575757576
richard krejci,vladimir cermak,40,11,3.975,73.35,2026-01-22 03:00:00,0.275,0.725
richard krejci,vladimr postelt,64,21,4.046875,74.734375,2026-01-16 23:30:00,0.328125,0.671875
robert koczy,svatoslav stempen,28,9,4.0,78.35714285714286,2024-06-15 18:00:00,0.32142857142857145,0.6785714285714286
robin pacha,rostyslav kliucuk,47,8,4.042553191489362,78.70212765957447,2025-09-07 18:00:00,0.1702127659574468,0.8297872340425532
robin pacha,tomas holik,31,6,4.129032258064516,78.64516129032258,2025-12-28 08:30:00,0.1935483870967742,0.8064516129032258
robin pacha,tomas zahradnik,25,7,4.2,79.16,2025-12-03 20:00:00,0.28,0.72
robin pacha,yirzhi louda,109,28,4.110091743119266,78.30275229357798,2026-04-19 19:30:00,0.25688073394495414,0.7431192660550459
roman hudeczek,tadeas zika,39,9,4.256410256410256,81.53846153846153,2024-06-22 20:30:00,0.23076923076923078,0.7692307692307692
roman hudeczek,zbynek pagac,51,17,4.117647058823529,77.43137254901961,2026-04-09 20:00:00,0.3333333333333333,0.6666666666666667
rostyslav kliucuk,tadeas zika,99,23,4.090909090909091,78.72727272727273,2025-03-17 00:00:00,0.23232323232323232,0.7676767676767677
rostyslav kliucuk,tomas franek,21,1,4.333333333333333,80.61904761904762,2025-04-15 23:30:00,0.047619047619047616,0.9523809523809523
rostyslav kliucuk,tomas holik,31,7,4.161290322580645,82.16129032258064,2025-09-05 10:00:00,0.22580645161290322,0.7741935483870968
rostyslav kliucuk,tomas prosa,39,11,4.102564102564102,78.61538461538461,2025-03-15 16:30:00,0.28205128205128205,0.717948717948718
rostyslav kliucuk,tomas turek,187,41,4.122994652406417,80.67379679144385,2025-06-17 13:00:00,0.2192513368983957,0.7807486631016043
rostyslav kliucuk,tomas zahradnik,24,5,4.083333333333333,77.04166666666667,2025-09-08 21:00:00,0.20833333333333334,0.7916666666666666
rostyslav kliucuk,tomek batog,33,8,4.121212121212121,79.48484848484848,2025-07-17 02:30:00,0.24242424242424243,0.7575757575757576
rostyslav kliucuk,vitek dvorak,21,3,4.333333333333333,85.9047619047619,2025-06-04 20:00:00,0.14285714285714285,0.8571428571428572
rostyslav kliucuk,vratislav petracek,103,30,3.9902912621359223,76.35922330097087,2025-06-21 20:00:00,0.2912621359223301,0.7087378640776699
rostyslav kliucuk,yirzhi louda,107,26,4.140186915887851,79.28971962616822,2025-09-07 19:30:00,0.24299065420560748,0.7570093457943925
rostyslav kliucuk,zbynek pagac,103,38,3.8737864077669903,72.3883495145631,2025-06-11 06:00:00,0.36893203883495146,0.6310679611650485
rostyslav kliucuk,zdenek bilek,23,11,3.608695652173913,68.21739130434783,2024-12-14 15:00:00,0.4782608695652174,0.5217391304347826
rotislav hasmanda,stanislav olejarcik,31,10,3.967741935483871,76.41935483870968,2025-12-11 08:30:00,0.3225806451612903,0.6774193548387097
rotislav hasmanda,tibor kolenic,50,16,4.0,74.52,2025-11-24 16:30:00,0.32,0.6799999999999999
rotislav hasmanda,tomas andrle,51,13,4.0,73.6470588235294,2026-01-16 03:00:00,0.2549019607843137,0.7450980392156863
rotislav hasmanda,tomas barta,22,6,4.0,77.0,2025-07-16 06:00:00,0.2727272727272727,0.7272727272727273
rotislav hasmanda,tomas dousa,28,8,4.071428571428571,77.5,2024-10-29 20:30:00,0.2857142857142857,0.7142857142857143
rotislav hasmanda,tomas janata,44,16,4.045454545454546,76.36363636363636,2024-08-15 17:00:00,0.36363636363636365,0.6363636363636364
rotislav hasmanda,tomas regner,28,7,4.107142857142857,76.07142857142857,2026-04-13 11:00:00,0.25,0.75
rotislav hasmanda,vaclav dolezal,38,12,3.8684210526315788,71.07894736842105,2026-03-10 02:30:00,0.3157894736842105,0.6842105263157895
rotislav hasmanda,vaclav hruska sr,115,34,4.052173913043478,75.6608695652174,2026-04-20 12:30:00,0.2956521739130435,0.7043478260869565
rotislav hasmanda,zdenek kasinski,20,5,4.2,76.8,2025-01-25 22:30:00,0.25,0.75
sebastian kasnik,yirzhi louda,43,9,4.069767441860465,75.95348837209302,2026-04-15 23:30:00,0.20930232558139536,0.7906976744186046
semen kosarev,tomas regner,22,5,4.181818181818182,76.9090909090909,2025-10-26 12:00:00,0.22727272727272727,0.7727272727272727
simon kadavy,tomas dorko,22,9,3.909090909090909,73.4090909090909,2025-02-28 14:00:00,0.4090909090909091,0.5909090909090908
simon kadavy,vladimir cermak,24,5,4.333333333333333,81.79166666666667,2026-03-06 02:30:00,0.20833333333333334,0.7916666666666666
simon kadavy,vladimr postelt,30,11,3.933333333333333,74.46666666666667,2025-07-19 00:30:00,0.36666666666666664,0.6333333333333333
stanislav mazanek,vladimir kubat,48,16,4.0625,77.16666666666667,2025-10-08 22:00:00,0.3333333333333333,0.6666666666666667
stanislav olejarcik,tibor kolenic,39,11,4.0,73.3076923076923,2025-12-25 17:00:00,0.28205128205128205,0.717948717948718
stanislav olejarcik,tomas barta,72,19,4.069444444444445,76.36111111111111,2026-01-03 04:30:00,0.2638888888888889,0.7361111111111112
stanislav olejarcik,tomas regner,45,12,4.044444444444444,74.75555555555556,2025-03-31 03:30:00,0.26666666666666666,0.7333333333333334
stanislav olejarcik,vaclav dolezal,27,9,4.0,75.96296296296296,2025-08-16 01:30:00,0.3333333333333333,0.6666666666666667
stanislav olejarcik,vaclav hruska sr,44,9,4.25,78.72727272727273,2025-03-09 18:00:00,0.20454545454545456,0.7954545454545454
stanislav olejarcik,vladimir havlicek,23,6,4.130434782608695,76.73913043478261,2026-01-14 08:00:00,0.2608695652173913,0.7391304347826086
stanislav olejarcik,yurii holovatiuk,32,8,4.03125,75.625,2026-01-05 22:00:00,0.25,0.75
stanislav pinc,vladimir kubat,28,9,3.9642857142857144,73.85714285714286,2024-06-19 06:30:00,0.32142857142857145,0.6785714285714286
svatoslav stempen,vojtech konvicka,26,6,4.1923076923076925,78.34615384615384,2024-04-16 06:00:00,0.23076923076923078,0.7692307692307692
tadeas zika,tomas postelt,45,7,4.333333333333333,83.86666666666666,2025-06-07 21:00:00,0.15555555555555556,0.8444444444444444
tadeas zika,tomas prosa,23,3,4.391304347826087,85.17391304347827,2025-05-17 11:00:00,0.13043478260869565,0.8695652173913043
tadeas zika,tomas turek,145,34,4.075862068965518,78.98620689655172,2025-06-07 07:30:00,0.23448275862068965,0.7655172413793103
tadeas zika,vratislav petracek,74,17,4.148648648648648,79.5,2025-06-07 06:00:00,0.22972972972972974,0.7702702702702703
tadeas zika,zbynek pagac,27,7,4.185185185185185,81.44444444444444,2025-01-26 12:30:00,0.25925925925925924,0.7407407407407407
tadeas zika,zdenek bilek,45,13,3.9555555555555557,75.44444444444444,2025-06-05 17:30:00,0.28888888888888886,0.7111111111111111
tibor kolenic,tomas barta,23,7,4.0,73.52173913043478,2025-07-14 12:00:00,0.30434782608695654,0.6956521739130435
tibor kolenic,tomas dousa,30,3,4.333333333333333,81.4,2025-12-19 17:00:00,0.1,0.9
tibor kolenic,tomas janata,36,8,4.111111111111111,78.30555555555556,2025-12-30 11:30:00,0.2222222222222222,0.7777777777777778
tibor kolenic,vaclav hruska sr,45,23,3.6444444444444444,66.88888888888889,2025-01-05 10:30:00,0.5111111111111111,0.48888888888888893
tibor kolenic,vladimir havlicek,23,7,4.086956521739131,76.0,2025-12-17 07:30:00,0.30434782608695654,0.6956521739130435
tibor kolenic,yurii holovatiuk,34,8,4.0588235294117645,76.1470588235294,2025-12-24 13:30:00,0.23529411764705882,0.7647058823529411
tibor kolenic,zdenek kasinski,29,12,3.689655172413793,69.75862068965517,2024-11-17 18:00:00,0.41379310344827586,0.5862068965517242
tomas andrle,tomas barta,36,13,3.8333333333333335,72.97222222222223,2025-06-15 01:00:00,0.3611111111111111,0.6388888888888888
tomas andrle,tomas dousa,42,13,4.071428571428571,76.78571428571429,2025-02-20 21:00:00,0.30952380952380953,0.6904761904761905
tomas andrle,tomas janata,36,11,3.9166666666666665,74.13888888888889,2025-01-11 03:30:00,0.3055555555555556,0.6944444444444444
tomas andrle,yurii holovatiuk,44,16,3.9545454545454546,73.0,2026-03-30 19:00:00,0.36363636363636365,0.6363636363636364
tomas barta,tomas dousa,70,16,4.185714285714286,80.11428571428571,2026-04-13 21:30:00,0.22857142857142856,0.7714285714285715
tomas barta,tomas janata,55,7,4.381818181818182,82.05454545454545,2026-04-10 14:00:00,0.12727272727272726,0.8727272727272728
tomas barta,vaclav hruska sr,39,12,4.0,73.23076923076923,2025-02-05 13:30:00,0.3076923076923077,0.6923076923076923
tomas barta,vladimir cermak,44,15,4.0,73.20454545454545,2026-03-24 22:07:00,0.3409090909090909,0.6590909090909092
tomas barta,vladimir havlicek,46,9,4.1521739130434785,76.52173913043478,2026-01-07 08:30:00,0.1956521739130435,0.8043478260869565
tomas barta,vladimr postelt,59,13,4.016949152542373,76.66101694915254,2026-04-18 22:30:00,0.22033898305084745,0.7796610169491526
tomas barta,yurii holovatiuk,101,27,4.069306930693069,75.62376237623762,2026-04-13 19:00:00,0.26732673267326734,0.7326732673267327
tomas dousa,tomas janata,37,10,4.054054054054054,75.35135135135135,2026-04-10 17:30:00,0.2702702702702703,0.7297297297297297
tomas dousa,vaclav hruska sr,21,5,4.0,74.85714285714286,2024-07-31 15:00:00,0.23809523809523808,0.7619047619047619
tomas dousa,vladimir cermak,21,8,4.0,74.42857142857143,2026-03-24 20:00:00,0.38095238095238093,0.6190476190476191
tomas dousa,vladimr postelt,34,8,4.0588235294117645,75.67647058823529,2026-03-19 20:00:00,0.23529411764705882,0.7647058823529411
tomas dousa,yurii holovatiuk,42,7,4.071428571428571,77.07142857142857,2026-04-13 18:00:00,0.16666666666666666,0.8333333333333334
tomas franek,yirzhi louda,25,5,4.2,77.72,2026-01-17 02:00:00,0.2,0.8
tomas holik,tomas zahradnik,24,7,4.0,74.375,2025-09-16 19:00:00,0.2916666666666667,0.7083333333333333
tomas holik,yirzhi louda,53,12,4.169811320754717,79.81132075471699,2025-12-28 09:30:00,0.22641509433962265,0.7735849056603774
tomas janata,vladimir cermak,82,24,4.060975609756097,74.3048780487805,2026-04-07 19:30:00,0.2926829268292683,0.7073170731707317
tomas janata,vladimr postelt,50,10,4.14,77.48,2026-01-28 04:30:00,0.2,0.8
tomas kos,tomas postelt,27,5,4.222222222222222,78.85185185185185,2025-09-05 08:30:00,0.18518518518518517,0.8148148148148149
tomas kos,tomas turek,27,11,3.814814814814815,70.48148148148148,2025-09-13 15:00:00,0.4074074074074074,0.5925925925925926
tomas postelt,tomas prosa,41,7,4.463414634146342,86.0,2026-03-18 18:01:00,0.17073170731707318,0.8292682926829268
tomas postelt,tomas turek,150,28,4.153333333333333,78.94666666666667,2025-11-03 02:30:00,0.18666666666666668,0.8133333333333334
tomas postelt,vojtech koubek,121,30,4.074380165289257,77.88429752066116,2026-04-16 14:30:00,0.24793388429752067,0.7520661157024793
tomas postelt,vratislav petracek,77,17,4.233766233766234,80.68831168831169,2026-04-20 22:30:00,0.22077922077922077,0.7792207792207793
tomas postelt,zdenek bilek,96,20,4.166666666666667,79.16666666666667,2025-12-10 15:30:00,0.20833333333333334,0.7916666666666666
tomas prosa,tomas turek,70,13,4.285714285714286,82.05714285714286,2025-10-05 06:30:00,0.18571428571428572,0.8142857142857143
tomas prosa,vojtech koubek,32,13,3.9375,75.09375,2025-02-06 18:00:00,0.40625,0.59375
tomas prosa,vratislav petracek,30,5,4.333333333333333,83.46666666666667,2026-04-10 21:30:00,0.16666666666666666,0.8333333333333334
tomas prosa,zdenek bilek,27,6,4.2592592592592595,81.62962962962963,2025-09-13 12:30:00,0.2222222222222222,0.7777777777777778
tomas regner,trojan frantisek,33,15,3.9696969696969697,72.18181818181819,2026-02-09 00:30:00,0.45454545454545453,0.5454545454545454
tomas regner,vaclav dolezal,45,13,4.066666666666666,74.02222222222223,2026-03-26 10:30:00,0.28888888888888886,0.7111111111111111
tomas regner,vaclav hruska sr,111,42,3.945945945945946,72.34234234234235,2026-01-15 19:30:00,0.3783783783783784,0.6216216216216216
tomas regner,vladimir kubat,45,22,3.7555555555555555,69.33333333333333,2024-10-09 09:00:00,0.4888888888888889,0.5111111111111111
tomas regner,yurii holovatiuk,29,8,4.103448275862069,76.13793103448276,2025-09-02 19:30:00,0.27586206896551724,0.7241379310344828
tomas turek,vojtech koubek,65,20,3.923076923076923,74.29230769230769,2025-11-10 22:30:00,0.3076923076923077,0.6923076923076923
tomas turek,vratislav petracek,157,40,4.057324840764331,76.75796178343948,2025-11-17 16:00:00,0.25477707006369427,0.7452229299363058
tomas turek,zdenek bilek,91,31,3.901098901098901,74.54945054945055,2025-10-22 18:30:00,0.34065934065934067,0.6593406593406593
tomas varnuska,vladimir havlicek,22,8,3.8636363636363638,69.27272727272727,2025-08-19 09:30:00,0.36363636363636365,0.6363636363636364
tomas zahradnik,yirzhi louda,54,17,4.074074074074074,76.42592592592592,2026-04-20 20:30:00,0.3148148148148148,0.6851851851851851
tomek batog,vratislav petracek,23,4,4.304347826086956,80.91304347826087,2024-12-17 02:00:00,0.17391304347826086,0.8260869565217391
tomek batog,zbynek pagac,24,6,4.041666666666667,76.375,2025-04-15 23:00:00,0.25,0.75
vaclav dolezal,vaclav hruska sr,65,16,4.123076923076923,77.61538461538461,2026-03-26 11:30:00,0.24615384615384617,0.7538461538461538
vaclav hruska sr,yurii holovatiuk,34,8,4.205882352941177,76.70588235294117,2025-07-25 18:00:00,0.23529411764705882,0.7647058823529411
vaclav hruska sr,zdenek kasinski,65,21,4.046153846153846,76.64615384615385,2025-11-04 21:30:00,0.3230769230769231,0.676923076923077
vaclav pulkrabek,vladimir kubat,23,11,3.782608695652174,68.65217391304348,2024-11-13 04:06:00,0.4782608695652174,0.5217391304347826
viktor vejvoda,yirzhi louda,48,21,3.8333333333333335,72.14583333333333,2026-04-18 17:14:43,0.4375,0.5625
vitezslav malina,vlastimil kaisler,25,8,4.0,74.48,2025-06-17 08:00:00,0.32,0.6799999999999999
vladimir cermak,vladimir havlicek,64,19,3.953125,72.5625,2025-12-01 10:30:00,0.296875,0.703125
vladimir cermak,vladimr postelt,47,11,4.191489361702128,76.74468085106383,2026-04-15 13:30:00,0.23404255319148937,0.7659574468085106
vojtech koubek,zdenek bilek,70,20,4.042857142857143,75.4,2026-03-05 18:30:00,0.2857142857142857,0.7142857142857143
vratislav petracek,yirzhi louda,33,10,4.0606060606060606,76.6969696969697,2025-05-29 18:00:00,0.30303030303030304,0.696969696969697
vratislav petracek,zbynek pagac,86,21,4.151162790697675,76.53488372093024,2025-05-26 22:30:00,0.2441860465116279,0.7558139534883721
vratislav petracek,zdenek bilek,31,13,3.806451612903226,70.87096774193549,2026-04-20 21:00:00,0.41935483870967744,0.5806451612903225
yirzhi louda,zbynek pagac,76,29,3.8552631578947367,71.14473684210526,2025-06-02 21:00:00,0.3815789473684211,0.618421052631579
zbynek pagac,zdenek babinec,28,8,4.0,72.0,2026-04-19 21:00:00,0.2857142857142857,0.7142857142857143
