player_low,player_high,matches,sweeps,avg_total_sets,avg_ATP,last_match,sweep_rate,non_sweep_rate
abhishek dhawan,bhavesh shah,23,5,4.3478260869565215,80.73913043478261,2025-08-17 21:30:00,0.21739130434782608,0.782608695652174
abhishek dhawan,brad robbins,28,6,4.214285714285714,78.82142857142857,2023-12-14 03:15:00,0.21428571428571427,0.7857142857142857
abhishek dhawan,chen shawn,22,3,4.363636363636363,81.81818181818181,2025-01-14 03:45:00,0.13636363636363635,0.8636363636363636
abhishek dhawan,luis meneses,36,12,4.055555555555555,78.83333333333333,2025-02-13 02:55:00,0.3333333333333333,0.6666666666666667
adam drzyzga,adam kasperski,50,20,3.88,69.68,2023-05-12 10:05:00,0.4,0.6
adam drzyzga,jakub grzegorczyk,41,15,3.926829268292683,71.97560975609755,2023-05-12 13:05:00,0.36585365853658536,0.6341463414634146
adam drzyzga,kacper slawinski,24,6,4.041666666666667,73.04166666666667,2023-05-05 16:35:00,0.25,0.75
adam drzyzga,marek chybinski,30,10,3.933333333333333,73.53333333333333,2023-05-12 11:05:00,0.3333333333333333,0.6666666666666667
adam drzyzga,mariusz adamus,26,7,3.9615384615384617,74.42307692307692,2023-05-11 08:05:00,0.2692307692307692,0.7307692307692308
adam drzyzga,mariusz koczyba,28,8,4.071428571428571,75.14285714285714,2023-04-25 03:20:00,0.2857142857142857,0.7142857142857143
adam duch,andrzej krezel,118,38,4.0,77.77118644067797,2025-11-28 15:00:00,0.3220338983050847,0.6779661016949152
adam duch,artur urbanski,31,10,4.032258064516129,79.64516129032258,2026-03-29 07:05:00,0.3225806451612903,0.6774193548387097
adam duch,blazej gola,73,31,3.767123287671233,71.10958904109589,2026-04-10 14:30:00,0.4246575342465753,0.5753424657534247
adam duch,damian bucko,104,41,3.8846153846153846,73.78846153846153,2026-04-11 15:35:00,0.3942307692307692,0.6057692307692308
adam duch,denys kovtanyuk,43,20,3.6744186046511627,70.76744186046511,2026-03-01 12:05:00,0.46511627906976744,0.5348837209302326
adam duch,fabian sikora,148,49,3.918918918918919,74.91891891891892,2025-12-12 21:00:00,0.3310810810810811,0.6689189189189189
adam duch,gracjan rokita,25,9,3.88,75.0,2026-02-27 16:30:00,0.36,0.64
adam duch,grzegorz jez,61,20,3.918032786885246,75.18032786885246,2025-12-12 23:30:00,0.32786885245901637,0.6721311475409837
adam duch,karol guzi,51,14,4.0,77.49019607843137,2026-04-11 17:35:00,0.27450980392156865,0.7254901960784313
adam duch,krzysztof zapala,66,15,4.2272727272727275,83.5909090909091,2026-04-09 16:00:00,0.22727272727272727,0.7727272727272727
adam duch,marek chybinski,137,52,3.81021897810219,71.7007299270073,2026-04-11 21:05:00,0.3795620437956204,0.6204379562043796
adam duch,mateusz sikon,51,20,3.843137254901961,72.62745098039215,2026-03-29 09:35:00,0.39215686274509803,0.607843137254902
adam duch,michal bracha,35,8,4.314285714285714,81.88571428571429,2025-08-22 20:30:00,0.22857142857142856,0.7714285714285715
adam duch,pawel kos,90,36,3.8222222222222224,72.65555555555555,2026-04-10 16:30:00,0.4,0.6
adam duch,rafal ucinski,82,26,3.975609756097561,75.5609756097561,2025-07-15 14:30:00,0.3170731707317073,0.6829268292682926
adam gdula,blazej warpas,139,49,3.9568345323741005,74.35251798561151,2024-09-18 12:30:00,0.35251798561151076,0.6474820143884892
adam gdula,dawid stapor,172,65,3.9127906976744184,73.29069767441861,2024-09-19 09:30:00,0.37790697674418605,0.622093023255814
adam gdula,emil nowak,71,27,3.9295774647887325,74.22535211267606,2024-01-11 09:05:00,0.38028169014084506,0.619718309859155
adam gdula,filip kociuba,146,62,3.76027397260274,69.67808219178082,2024-09-10 07:00:00,0.4246575342465753,0.5753424657534247
adam gdula,jakub kuzmicz,23,7,3.9130434782608696,72.47826086956522,2023-11-06 12:30:00,0.30434782608695654,0.6956521739130435
adam gdula,karol urbanowicz,26,6,4.076923076923077,74.11538461538461,2023-05-15 06:00:00,0.23076923076923078,0.7692307692307692
adam gdula,kayque valois,94,24,4.127659574468085,77.62765957446808,2024-09-17 13:00:00,0.2553191489361702,0.7446808510638299
adam gdula,maciej kolek,114,41,3.9035087719298245,73.14035087719299,2024-09-19 05:00:00,0.35964912280701755,0.6403508771929824
adam gdula,michal lysakowski,138,42,4.021739130434782,75.42753623188406,2024-09-19 08:00:00,0.30434782608695654,0.6956521739130435
adam gdula,milosz kukawka,61,18,3.9836065573770494,73.14754098360656,2024-09-05 06:00:00,0.29508196721311475,0.7049180327868853
adam gdula,pawel gola,43,11,4.046511627906977,74.65116279069767,2024-09-12 11:00:00,0.2558139534883721,0.7441860465116279
adam gdula,sylwester wloszek,102,51,3.676470588235294,69.15686274509804,2024-09-18 08:00:00,0.5,0.5
adam kasperski,blazej szczepanek,42,17,3.7142857142857144,68.47619047619048,2023-08-15 15:30:00,0.40476190476190477,0.5952380952380952
adam kasperski,jakub grzegorczyk,51,15,4.0588235294117645,75.33333333333333,2023-05-23 14:05:00,0.29411764705882354,0.7058823529411764
adam kasperski,jakub michalski,27,6,4.148148148148148,75.33333333333333,2023-06-16 15:05:00,0.2222222222222222,0.7777777777777778
adam kasperski,kacper slawinski,40,11,3.875,73.05,2023-07-24 14:05:00,0.275,0.725
adam kasperski,marcin lasota,22,5,4.045454545454546,74.81818181818181,2023-08-15 17:30:00,0.22727272727272727,0.7727272727272727
adam kasperski,marek chybinski,44,14,3.8863636363636362,72.0909090909091,2023-07-13 08:05:00,0.3181818181818182,0.6818181818181819
adam kasperski,mariusz adamus,28,9,3.892857142857143,69.71428571428571,2023-05-23 16:05:00,0.32142857142857145,0.6785714285714286
adam kasperski,mariusz koczyba,31,12,3.935483870967742,72.87096774193549,2023-07-14 10:35:00,0.3870967741935484,0.6129032258064516
adam kosacky,adam martin rek,110,27,4.172727272727273,77.58181818181818,2026-01-29 15:30:00,0.24545454545454545,0.7545454545454545
adam kosacky,ales langer,25,7,4.16,76.6,2025-12-06 09:25:00,0.28,0.72
adam kosacky,daniel hyza,54,10,4.222222222222222,80.83333333333333,2026-04-08 22:05:00,0.18518518518518517,0.8148148148148149
adam kosacky,david bochnak,24,8,4.083333333333333,79.70833333333333,2026-04-19 18:55:00,0.3333333333333333,0.6666666666666667
adam kosacky,david sochor,28,4,4.392857142857143,83.67857142857143,2026-02-10 15:55:00,0.14285714285714285,0.8571428571428572
adam kosacky,david vesecky,60,9,4.166666666666667,78.3,2026-04-16 13:20:00,0.15,0.85
adam kosacky,dominik pasek,41,10,4.170731707317073,79.58536585365853,2025-11-29 20:25:00,0.24390243902439024,0.7560975609756098
adam kosacky,filip marat,109,29,4.091743119266055,78.0091743119266,2025-09-21 19:55:00,0.26605504587155965,0.7339449541284404
adam kosacky,horst bauer,36,12,4.0,75.30555555555556,2024-05-10 22:30:00,0.3333333333333333,0.6666666666666667
adam kosacky,jachym sebl,26,10,3.8461538461538463,71.34615384615384,2024-04-17 12:15:00,0.38461538461538464,0.6153846153846154
adam kosacky,jan hendrych,78,14,4.282051282051282,79.42307692307692,2024-12-27 21:20:00,0.1794871794871795,0.8205128205128205
adam kosacky,jan vonasek,32,7,4.21875,78.8125,2026-02-12 07:55:00,0.21875,0.78125
adam kosacky,jonas kulveit,113,29,4.212389380530974,78.92035398230088,2025-12-05 20:50:00,0.25663716814159293,0.7433628318584071
adam kosacky,josef ruzicka,54,14,4.037037037037037,75.46296296296296,2025-03-11 11:05:00,0.25925925925925924,0.7407407407407407
adam kosacky,marek kulisek,118,37,4.0,74.84745762711864,2026-04-05 20:35:00,0.3135593220338983,0.6864406779661016
adam kosacky,martin cerny,99,22,4.111111111111111,75.78787878787878,2026-04-19 19:55:00,0.2222222222222222,0.7777777777777778
adam kosacky,martin dolezal,122,29,4.180327868852459,79.25409836065573,2025-02-07 14:10:00,0.23770491803278687,0.7622950819672132
adam kosacky,martin sulc,38,13,3.973684210526316,72.57894736842105,2025-12-05 22:50:00,0.34210526315789475,0.6578947368421053
adam kosacky,michal brozek,204,54,4.132352941176471,77.83823529411765,2026-04-16 17:20:00,0.2647058823529412,0.7352941176470589
adam kosacky,milos frydl,32,13,3.9375,74.46875,2025-11-30 15:05:00,0.40625,0.59375
adam kosacky,miroslav sochor,37,9,4.054054054054054,76.1891891891892,2026-02-22 13:50:00,0.24324324324324326,0.7567567567567568
adam kosacky,ondrej fiklik,129,35,4.147286821705427,77.9922480620155,2026-03-28 20:25:00,0.2713178294573643,0.7286821705426356
adam kosacky,pavel rissky,25,4,4.32,81.64,2026-03-07 10:55:00,0.16,0.84
adam kosacky,petr korp,53,17,4.0,77.22641509433963,2024-03-06 08:50:00,0.32075471698113206,0.679245283018868
adam kosacky,petr kotrbaty,64,18,4.109375,77.109375,2025-11-24 13:55:00,0.28125,0.71875
adam kosacky,petr semrad,42,14,3.8333333333333335,69.73809523809524,2024-05-26 06:55:00,0.3333333333333333,0.6666666666666667
adam kosacky,vaclav jr hejda,96,20,4.135416666666667,81.17708333333333,2026-02-26 12:55:00,0.20833333333333334,0.7916666666666666
adam kosacky,vaclav nadvornik,25,5,4.04,76.36,2026-04-16 11:50:00,0.2,0.8
adam kosacky,viktor skokan,25,4,4.44,83.4,2025-12-19 20:50:00,0.16,0.84
adam kosacky,vlastimil kolar,40,13,4.0,74.425,2025-09-12 11:55:00,0.325,0.675
adam kosacky,vojtech koutnik,32,6,4.1875,80.0,2024-06-29 14:55:00,0.1875,0.8125
adam kosacky,zdenek muhlhauser,40,7,4.225,79.5,2024-06-29 18:30:00,0.175,0.825
adam kosacky,zdenek zahradka,53,8,4.39622641509434,82.47169811320755,2024-05-10 13:30:00,0.1509433962264151,0.8490566037735849
adam kral,bohuslav budik,70,11,4.2,80.41428571428571,2026-03-13 09:25:00,0.15714285714285714,0.8428571428571429
adam kral,david sabuka,31,6,4.032258064516129,77.38709677419355,2026-04-01 22:00:00,0.1935483870967742,0.8064516129032258
adam kral,filip marat,25,4,4.28,83.48,2026-04-19 07:55:00,0.16,0.84
adam kral,gabor dohnal,20,5,4.15,78.9,2026-03-09 20:55:00,0.25,0.75
adam kral,jakub dvorak,38,10,4.078947368421052,77.97368421052632,2026-04-19 06:55:00,0.2631578947368421,0.736842105263158
adam kral,jan hendrych,43,10,4.023255813953488,76.11627906976744,2026-04-01 20:20:00,0.23255813953488372,0.7674418604651163
adam kral,jaroslav brynych,29,6,4.310344827586207,79.89655172413794,2024-05-23 19:20:00,0.20689655172413793,0.7931034482758621
adam kral,josef pistora,20,7,3.75,68.9,2024-08-31 11:50:00,0.35,0.65
adam kral,josef ruzicka,98,21,4.153061224489796,78.66326530612245,2025-11-29 11:35:00,0.21428571428571427,0.7857142857142857
adam kral,martin dolezal,26,9,3.9615384615384617,75.03846153846153,2026-01-27 08:55:00,0.34615384615384615,0.6538461538461539
adam kral,martin filipek,48,9,4.270833333333333,82.625,2026-04-16 08:55:00,0.1875,0.8125
adam kral,michal nemec,50,12,4.16,78.14,2024-06-03 07:50:00,0.24,0.76
adam kral,milan tlusty,59,11,4.203389830508475,82.11864406779661,2026-04-18 12:25:00,0.1864406779661017,0.8135593220338984
adam kral,ondrej knazik,25,4,4.24,80.28,2026-03-13 07:55:00,0.16,0.84
adam kral,petr chlumsky,25,7,4.08,77.72,2026-04-18 08:55:00,0.28,0.72
adam kral,petr kubat,64,12,4.265625,80.890625,2026-01-25 22:25:00,0.1875,0.8125
adam kral,petr vodal,27,10,4.037037037037037,77.51851851851852,2024-07-06 10:20:00,0.37037037037037035,0.6296296296296297
adam kral,radek muller,68,17,4.132352941176471,79.58823529411765,2026-03-30 18:55:00,0.25,0.75
adam kral,radek slavik,28,7,4.178571428571429,79.92857142857143,2026-02-22 17:25:00,0.25,0.75
adam kral,tomas krejci,24,5,4.208333333333333,83.125,2025-03-20 20:20:00,0.20833333333333334,0.7916666666666666
adam kral,trefny jan,27,11,4.0,74.55555555555556,2025-11-14 09:50:00,0.4074074074074074,0.5925925925925926
adam kral,vojna daniel,94,16,4.351063829787234,85.07446808510639,2026-03-20 15:20:00,0.1702127659574468,0.8297872340425532
adam kral,vojtech dusan,29,7,4.068965517241379,74.65517241379311,2025-08-23 22:30:00,0.2413793103448276,0.7586206896551724
adam kral,vojtech koutnik,62,17,4.129032258064516,78.1774193548387,2026-03-08 10:25:00,0.27419354838709675,0.7258064516129032
adam kral,zbynek vyskocil,26,8,4.115384615384615,78.46153846153847,2024-08-12 19:50:00,0.3076923076923077,0.6923076923076923
adam kral,zdenek zahradka,98,27,4.081632653061225,77.33673469387755,2026-04-19 10:00:00,0.2755102040816326,0.7244897959183674
adam martin rek,ales langer,41,22,3.707317073170732,68.07317073170732,2025-11-28 19:00:00,0.5365853658536586,0.46341463414634143
adam martin rek,dominik pasek,52,12,4.134615384615385,79.21153846153847,2025-10-25 22:00:00,0.23076923076923078,0.7692307692307692
adam martin rek,filip marat,80,22,4.0375,77.5875,2025-12-17 12:05:00,0.275,0.725
adam martin rek,horst bauer,23,5,4.086956521739131,77.73913043478261,2025-09-26 14:30:00,0.21739130434782608,0.782608695652174
adam martin rek,jachym sebl,20,11,3.6,67.35,2023-09-23 10:50:00,0.55,0.44999999999999996
adam martin rek,jan hendrych,62,20,3.9516129032258065,72.5,2026-03-13 19:00:00,0.3225806451612903,0.6774193548387097
adam martin rek,jan vonasek,52,13,4.134615384615385,78.9423076923077,2026-04-15 06:55:00,0.25,0.75
adam martin rek,jonas kulveit,69,23,3.971014492753623,72.98550724637681,2026-03-15 07:55:00,0.3333333333333333,0.6666666666666667
adam martin rek,josef ruzicka,22,3,4.181818181818182,79.68181818181819,2024-11-28 15:20:00,0.13636363636363635,0.8636363636363636
adam martin rek,marek kulisek,24,8,3.875,72.75,2026-04-18 22:30:00,0.3333333333333333,0.6666666666666667
adam martin rek,martin cerny,41,10,4.170731707317073,77.21951219512195,2025-12-26 07:55:00,0.24390243902439024,0.7560975609756098
adam martin rek,martin dolezal,61,16,4.032786885245901,76.54098360655738,2025-12-10 15:35:00,0.26229508196721313,0.7377049180327868
adam martin rek,martin kocvara,31,15,3.6451612903225805,67.74193548387096,2025-11-09 20:20:00,0.4838709677419355,0.5161290322580645
adam martin rek,martin sulc,38,16,3.789473684210526,70.1842105263158,2026-04-17 19:20:00,0.42105263157894735,0.5789473684210527
adam martin rek,michal brozek,41,18,3.682926829268293,69.85365853658537,2026-03-26 16:50:00,0.43902439024390244,0.5609756097560976
adam martin rek,milos frydl,34,10,4.029411764705882,76.8529411764706,2025-11-11 17:20:00,0.29411764705882354,0.7058823529411764
adam martin rek,miroslav sochor,59,17,4.033898305084746,75.11864406779661,2026-04-13 17:25:00,0.288135593220339,0.711864406779661
adam martin rek,ondrej fiklik,40,12,4.125,79.025,2026-04-18 20:55:00,0.3,0.7
adam martin rek,petr kotrbaty,21,9,3.6666666666666665,69.42857142857143,2025-09-22 11:20:00,0.42857142857142855,0.5714285714285714
adam martin rek,petr semrad,23,8,3.8260869565217392,71.08695652173913,2024-05-19 08:25:00,0.34782608695652173,0.6521739130434783
adam martin rek,vaclav jr hejda,73,12,4.328767123287672,81.06849315068493,2026-04-10 16:20:00,0.1643835616438356,0.8356164383561644
adam martin rek,vlastimil kolar,30,12,3.8666666666666667,72.23333333333333,2025-11-12 11:40:00,0.4,0.6
adam martin rek,zdenek zahradka,23,9,3.869565217391304,73.47826086956522,2026-03-13 15:20:00,0.391304347826087,0.6086956521739131
adrian cich,dariusz zoladek,25,8,3.92,73.12,2024-10-03 07:00:00,0.32,0.6799999999999999
adrian cich,igor misztal,21,9,3.8095238095238093,70.23809523809524,2024-07-29 23:00:00,0.42857142857142855,0.5714285714285714
adrian cich,mecik patryk,27,8,4.037037037037037,76.51851851851852,2024-07-23 23:30:00,0.2962962962962963,0.7037037037037037
adrian cich,mleczko mateusz,33,12,3.878787878787879,74.03030303030303,2024-07-24 01:30:00,0.36363636363636365,0.6363636363636364
adrian cich,piotr morawski,25,10,3.84,71.96,2024-07-25 04:30:00,0.4,0.6
adrian gadawski,bronislaw	kurzak,20,4,4.2,80.75,2024-02-12 10:05:00,0.2,0.8
adrian gadawski,darek kleczko,26,6,3.923076923076923,76.0,2024-03-09 09:05:00,0.23076923076923078,0.7692307692307692
adrian gadawski,denys kovtanyuk,40,12,4.075,75.825,2025-01-26 08:30:00,0.3,0.7
adrian gadawski,fabian sikora,47,9,4.148936170212766,77.27659574468085,2025-03-01 14:35:00,0.19148936170212766,0.8085106382978724
adrian gadawski,gracjan rokita,25,2,4.28,82.44,2024-07-27 11:15:00,0.08,0.92
adrian gadawski,jakub nowak,21,5,4.142857142857143,77.28571428571429,2024-10-06 05:30:00,0.23809523809523808,0.7619047619047619
adrian gadawski,tomasz witkowski,28,6,4.142857142857143,78.17857142857143,2024-05-03 16:00:00,0.21428571428571427,0.7857142857142857
adrian panczyk,rafal ucinski,23,6,4.130434782608695,77.34782608695652,2025-03-28 14:45:00,0.2608695652173913,0.7391304347826086
adrian piegza,bartłomiej molka,28,3,4.25,78.75,2024-05-26 08:35:00,0.10714285714285714,0.8928571428571429
adrian piegza,eryk skura,26,2,4.3076923076923075,82.6923076923077,2024-05-26 07:35:00,0.07692307692307693,0.9230769230769231
adrian piegza,marcin stepien,26,7,3.923076923076923,74.0,2024-05-26 06:35:00,0.2692307692307692,0.7307692307692308
adrian wiechec,bronislaw	kurzak,20,4,4.25,78.85,2024-02-22 03:00:00,0.2,0.8
adrian wiechec,darek kleczko,32,10,3.96875,74.125,2024-02-27 13:05:00,0.3125,0.6875
adrian wiechec,denys kovtanyuk,25,8,4.04,74.6,2024-08-14 13:35:00,0.32,0.6799999999999999
adrian wiechec,fabian sikora,21,8,3.857142857142857,71.38095238095238,2024-02-26 20:05:00,0.38095238095238093,0.6190476190476191
adrian wiechec,franciszek jastrzebowski,21,3,4.0,74.19047619047619,2024-02-27 17:05:00,0.14285714285714285,0.8571428571428572
adrian wiechec,mecik patryk,23,6,4.043478260869565,76.65217391304348,2023-11-29 07:35:00,0.2608695652173913,0.7391304347826086
adrian wiechec,tomasz witkowski,21,5,4.0476190476190474,74.0952380952381,2024-02-26 20:35:00,0.23809523809523808,0.7619047619047619
ahmed soliman,christopher beckett,20,4,4.15,79.95,2025-10-14 23:10:00,0.2,0.8
ahmed soliman,vijay kumar,31,8,4.225806451612903,78.64516129032258,2025-09-21 00:35:00,0.25806451612903225,0.7419354838709677
alapat saj,victor chis,26,9,4.0,73.11538461538461,2025-02-07 03:30:00,0.34615384615384615,0.6538461538461539
alberto ibarra,alejandro martinez,79,24,3.9873417721518987,73.86075949367088,2025-10-24 11:40:00,0.3037974683544304,0.6962025316455696
alberto ibarra,alvaro perez lapresta,26,6,4.038461538461538,74.6923076923077,2025-05-13 17:15:00,0.23076923076923078,0.7692307692307692
alberto ibarra,gonzalo rodriguez,33,11,3.9696969696969697,75.51515151515152,2025-03-17 16:10:00,0.3333333333333333,0.6666666666666667
alberto ibarra,juan cayuela,79,29,3.9367088607594938,73.36708860759494,2025-11-26 10:40:00,0.3670886075949367,0.6329113924050633
alberto ibarra,juan lara,67,28,3.7611940298507465,69.73134328358209,2025-05-15 09:40:00,0.417910447761194,0.582089552238806
alberto ibarra,juan m molina,26,10,3.8076923076923075,68.3076923076923,2025-11-24 18:40:00,0.38461538461538464,0.6153846153846154
alberto ibarra,leon jose garcia,73,24,3.9178082191780823,72.67123287671232,2025-11-21 10:50:00,0.3287671232876712,0.6712328767123288
alberto ibarra,pedro j rocamora,75,24,3.973333333333333,73.64,2025-11-21 10:10:00,0.32,0.6799999999999999
alberto ibarra,pedro j. rocamora,26,9,4.038461538461538,76.1923076923077,2023-05-16 06:10:00,0.34615384615384615,0.6538461538461539
alberto ibarra,salvador aracil,49,13,3.979591836734694,71.20408163265306,2023-07-04 06:10:00,0.2653061224489796,0.7346938775510203
alberto ibarra,sanchez juan a,103,36,3.8932038834951457,70.39805825242719,2025-11-30 10:10:00,0.34951456310679613,0.6504854368932038
alberto olmedo,cristian delgado,31,8,4.193548387096774,81.29032258064517,2025-05-06 14:10:00,0.25806451612903225,0.7419354838709677
alberto olmedo,enrique alarcon,35,8,4.142857142857143,80.28571428571429,2024-11-27 08:10:00,0.22857142857142856,0.7714285714285715
alberto olmedo,francisco almagro,26,3,4.269230769230769,80.26923076923077,2024-06-28 10:40:00,0.11538461538461539,0.8846153846153846
alberto olmedo,ismael llamas,21,8,3.9523809523809526,73.76190476190476,2025-05-06 17:20:00,0.38095238095238093,0.6190476190476191
alberto olmedo,jose reverte,61,17,4.065573770491803,78.21311475409836,2025-10-07 17:45:00,0.2786885245901639,0.7213114754098361
alberto olmedo,leoncio fernandez,21,4,4.238095238095238,81.28571428571429,2024-11-27 09:10:00,0.19047619047619047,0.8095238095238095
alberto olmedo,pedro chavez,25,4,4.32,84.0,2023-04-19 15:10:00,0.16,0.84
alberto pomares,eduardo gonzalez,24,10,3.875,72.875,2025-10-01 09:10:00,0.4166666666666667,0.5833333333333333
alberto pomares,miguel chamorro,29,14,3.5517241379310347,65.55172413793103,2025-10-01 10:10:00,0.4827586206896552,0.5172413793103448
alberto ruiz,francisco	cano,21,6,4.095238095238095,77.57142857142857,2025-09-06 08:40:00,0.2857142857142857,0.7142857142857143
alejandro martinez,gonzalo rodriguez,24,5,4.291666666666667,81.16666666666667,2025-03-24 07:40:00,0.20833333333333334,0.7916666666666666
alejandro martinez,ismael llamas,20,3,4.2,79.7,2025-06-10 11:40:00,0.15,0.85
alejandro martinez,juan cayuela,74,17,4.135135135135135,77.0,2025-10-24 06:40:00,0.22972972972972974,0.7702702702702703
alejandro martinez,juan lara,23,4,4.086956521739131,78.69565217391305,2025-05-29 09:50:00,0.17391304347826086,0.8260869565217391
alejandro martinez,leon jose garcia,82,32,3.8536585365853657,70.98780487804878,2025-10-24 09:40:00,0.3902439024390244,0.6097560975609756
alejandro martinez,manuel coro,24,11,3.625,64.91666666666667,2025-05-07 06:10:00,0.4583333333333333,0.5416666666666667
alejandro martinez,pedro j rocamora,51,14,4.03921568627451,76.17647058823529,2025-10-10 09:10:00,0.27450980392156865,0.7254901960784313
alejandro martinez,sanchez juan a,116,29,4.155172413793103,79.03448275862068,2025-10-21 14:10:00,0.25,0.75
aleksandr sapezhnikov,dan chen,23,7,3.9565217391304346,74.8695652173913,2025-09-09 22:40:00,0.30434782608695654,0.6956521739130435
aleksandr sapezhnikov,lu hsu chang,26,7,4.153846153846154,77.65384615384616,2025-10-11 22:45:00,0.2692307692307692,0.7307692307692308
aleksandr sapezhnikov,ray yang,23,5,4.217391304347826,79.26086956521739,2025-08-03 20:10:00,0.21739130434782608,0.782608695652174
aleksei nikonorov,pukk oskar,25,10,3.84,70.44,2025-02-26 17:15:00,0.4,0.6
ales brandtl,david bochnak,35,6,4.257142857142857,82.57142857142857,2025-09-17 20:25:00,0.17142857142857143,0.8285714285714285
ales brandtl,filip jakubsky,26,9,3.8846153846153846,73.46153846153847,2025-06-11 08:55:00,0.34615384615384615,0.6538461538461539
ales brandtl,filip nemec,83,19,4.156626506024097,77.66265060240964,2024-11-01 15:05:00,0.2289156626506024,0.7710843373493976
ales brandtl,jan kocab,31,10,4.032258064516129,75.09677419354838,2025-02-19 07:55:00,0.3225806451612903,0.6774193548387097
ales brandtl,matej beran,34,13,3.9411764705882355,72.17647058823529,2025-08-03 14:30:00,0.38235294117647056,0.6176470588235294
ales brandtl,ondrej fiklik,101,31,3.9702970297029703,75.7128712871287,2025-11-28 14:25:00,0.3069306930693069,0.693069306930693
ales brandtl,pavel benes,33,7,4.242424242424242,79.51515151515152,2025-09-16 12:55:00,0.21212121212121213,0.7878787878787878
ales brandtl,petr vanek,34,6,4.205882352941177,79.73529411764706,2025-10-27 15:25:00,0.17647058823529413,0.8235294117647058
ales brandtl,vaclav hejda,22,8,3.909090909090909,73.68181818181819,2025-08-22 16:25:00,0.36363636363636365,0.6363636363636364
ales brandtl jr,christian kratochvil,23,4,4.260869565217392,81.82608695652173,2026-04-08 12:20:00,0.17391304347826086,0.8260869565217391
ales brandtl jr,dominik lafek,40,9,4.225,79.35,2026-01-21 22:50:00,0.225,0.775
ales brandtl jr,frantisek dvorak,46,10,4.108695652173913,75.21739130434783,2026-03-11 13:50:00,0.21739130434782608,0.782608695652174
ales brandtl jr,jachym sebl,22,8,3.9545454545454546,75.0909090909091,2026-04-08 11:50:00,0.36363636363636365,0.6363636363636364
ales brandtl jr,lukas vich,23,5,4.130434782608695,77.34782608695652,2026-04-02 19:20:00,0.21739130434782608,0.782608695652174
ales brandtl jr,ondrej knazik,65,9,4.323076923076923,81.2,2026-01-30 14:55:00,0.13846153846153847,0.8615384615384616
ales brandtl jr,pavel cibik,42,13,4.071428571428571,75.95238095238095,2026-04-12 09:30:00,0.30952380952380953,0.6904761904761905
ales brandtl jr,pavel vyvial,26,7,3.9615384615384617,75.76923076923077,2025-11-15 01:50:00,0.2692307692307692,0.7307692307692308
ales brandtl jr,petr vodal,32,6,4.375,79.4375,2026-01-08 12:25:00,0.1875,0.8125
ales brandtl jr,tomas cerveny jr,38,7,4.078947368421052,77.0,2026-04-06 09:55:00,0.18421052631578946,0.8157894736842105
ales brandtl jr,tomas rein,36,7,4.138888888888889,77.36111111111111,2026-04-13 08:55:00,0.19444444444444445,0.8055555555555556
ales brandtl jr,trefny jan,30,13,3.7,68.8,2025-11-16 13:50:00,0.43333333333333335,0.5666666666666667
ales brandtl jr,zbynek vyskocil,36,5,4.194444444444445,79.80555555555556,2026-04-10 19:25:00,0.1388888888888889,0.8611111111111112
ales brandtl jr,zdenek dusek,37,7,4.108108108108108,77.02702702702703,2026-04-12 06:50:00,0.1891891891891892,0.8108108108108107
ales hanl,michal spalek,27,3,4.296296296296297,79.70370370370371,2024-10-02 11:25:00,0.1111111111111111,0.8888888888888888
ales hanl,tomas vorisek,35,8,4.171428571428572,77.97142857142858,2024-10-02 11:55:00,0.22857142857142856,0.7714285714285715
ales langer,dominik pasek,30,9,4.033333333333333,76.23333333333333,2025-06-28 06:55:00,0.3,0.7
ales langer,filip kopecky,44,9,4.295454545454546,82.68181818181819,2024-10-29 12:35:00,0.20454545454545456,0.7954545454545454
ales langer,jakub jenicek,39,10,4.102564102564102,78.71794871794872,2024-01-19 08:55:00,0.2564102564102564,0.7435897435897436
ales langer,jan simecek,70,14,4.242857142857143,80.55714285714286,2025-11-19 12:20:00,0.2,0.8
ales langer,jan vonasek,42,10,4.023809523809524,75.14285714285714,2025-12-06 11:00:00,0.23809523809523808,0.7619047619047619
ales langer,jonas kulveit,32,10,3.9375,73.34375,2025-11-29 16:20:00,0.3125,0.6875
ales langer,josef ruzicka,47,15,4.1063829787234045,76.63829787234043,2025-06-02 07:50:00,0.3191489361702128,0.6808510638297872
ales langer,ladislav moravec,21,6,4.0476190476190474,78.33333333333333,2026-04-07 14:00:00,0.2857142857142857,0.7142857142857143
ales langer,marek kulisek,23,7,4.043478260869565,76.08695652173913,2025-10-25 14:05:00,0.30434782608695654,0.6956521739130435
ales langer,martin kocvara,83,15,4.228915662650603,79.78313253012048,2025-11-29 18:50:00,0.18072289156626506,0.8192771084337349
ales langer,martin sulc,49,13,4.122448979591836,77.48979591836735,2026-01-02 15:50:00,0.2653061224489796,0.7346938775510203
ales langer,maxim suvorov,21,4,4.095238095238095,75.52380952380952,2024-10-27 11:55:00,0.19047619047619047,0.8095238095238095
ales langer,michal brozek,46,17,3.9130434782608696,72.97826086956522,2025-10-25 11:55:00,0.3695652173913043,0.6304347826086957
ales langer,milos frydl,22,5,4.136363636363637,77.54545454545455,2025-11-01 15:30:00,0.22727272727272727,0.7727272727272727
ales langer,miroslav sochor,55,12,4.2,79.63636363636364,2025-11-28 16:50:00,0.21818181818181817,0.7818181818181819
ales langer,petr chlumsky,34,5,4.323529411764706,82.70588235294117,2026-04-07 10:55:00,0.14705882352941177,0.8529411764705882
ales langer,robert jamrich,39,8,4.230769230769231,78.92307692307692,2026-04-17 14:10:00,0.20512820512820512,0.7948717948717949
ales langer,vaclav jr hejda,70,8,4.385714285714286,83.8,2026-04-17 12:25:00,0.11428571428571428,0.8857142857142857
ales langer,vlastimil kolar,40,16,3.95,74.225,2025-11-13 14:25:00,0.4,0.6
ales langer,vojtech kosak,23,8,4.0,73.56521739130434,2024-11-18 11:30:00,0.34782608695652173,0.6521739130434783
ales zacharda,jakub rolik,32,7,4.09375,78.15625,2024-08-25 14:20:00,0.21875,0.78125
ales zacharda,jan framberk,33,13,4.090909090909091,75.75757575757575,2025-11-23 19:50:00,0.3939393939393939,0.6060606060606061
ales zacharda,karel kastner,42,13,4.071428571428571,76.42857142857143,2025-07-20 17:25:00,0.30952380952380953,0.6904761904761905
ales zacharda,marek teiml,102,42,3.9607843137254903,73.95098039215686,2025-11-10 21:20:00,0.4117647058823529,0.5882352941176471
ales zacharda,petr libovicky,24,5,4.083333333333333,78.33333333333333,2025-07-17 21:35:00,0.20833333333333334,0.7916666666666666
ales zacharda,roman urban,20,5,4.15,76.9,2025-11-29 20:50:00,0.25,0.75
ales zacharda,vladimir libovicky,58,17,4.120689655172414,76.29310344827586,2025-10-31 17:20:00,0.29310344827586204,0.7068965517241379
ales zacharda,vladimir svoboda,34,14,3.911764705882353,74.55882352941177,2025-08-31 16:20:00,0.4117647058823529,0.5882352941176471
allan salla,timo teras,21,6,4.190476190476191,76.42857142857143,2024-11-28 19:15:00,0.2857142857142857,0.7142857142857143
allan salla,varmo onton,22,8,3.909090909090909,69.22727272727273,2024-11-14 17:45:00,0.36363636363636365,0.6363636363636364
andrej grossu,petr dvorak,26,8,3.923076923076923,72.34615384615384,2025-08-26 16:55:00,0.3076923076923077,0.6923076923076923
andriy moroz,arkadiusz kiejda,37,10,4.054054054054054,75.86486486486487,2025-10-27 10:05:00,0.2702702702702703,0.7297297297297297
andriy moroz,bartosz matachowski,27,8,4.148148148148148,78.77777777777777,2025-10-27 10:45:00,0.2962962962962963,0.7037037037037037
andriy moroz,jakub caban,28,12,3.8214285714285716,70.46428571428571,2025-11-24 19:35:00,0.42857142857142855,0.5714285714285714
andriy moroz,karol guzi,31,9,4.064516129032258,78.25806451612904,2025-10-31 09:05:00,0.2903225806451613,0.7096774193548387
andriy moroz,karol stojek,21,5,4.142857142857143,76.38095238095238,2025-11-28 13:05:00,0.23809523809523808,0.7619047619047619
andriy moroz,krzysztof wenda,22,2,4.2272727272727275,81.13636363636364,2025-02-14 14:05:00,0.09090909090909091,0.9090909090909091
andriy moroz,lukasz buklat,35,6,4.171428571428572,78.48571428571428,2025-11-20 21:15:00,0.17142857142857143,0.8285714285714285
andriy moroz,mateusz michta,25,9,3.92,74.92,2025-09-22 18:05:00,0.36,0.64
andrzej krezel,blazej gola,106,44,3.830188679245283,71.26415094339623,2025-11-24 20:00:00,0.41509433962264153,0.5849056603773585
andrzej krezel,damian bucko,106,25,4.066037735849057,77.88679245283019,2025-11-16 09:05:00,0.2358490566037736,0.7641509433962264
andrzej krezel,denys kovtanyuk,75,21,4.1066666666666665,76.38666666666667,2025-11-16 10:35:00,0.28,0.72
andrzej krezel,fabian sikora,230,59,3.9956521739130433,75.2695652173913,2025-11-26 18:30:00,0.2565217391304348,0.7434782608695651
andrzej krezel,gracjan rokita,59,9,4.254237288135593,79.98305084745763,2025-10-13 16:30:00,0.15254237288135594,0.847457627118644
andrzej krezel,grzegorz jez,94,29,3.9680851063829787,73.90425531914893,2025-11-28 23:30:00,0.30851063829787234,0.6914893617021276
andrzej krezel,jakub nowak,46,11,4.065217391304348,77.19565217391305,2024-10-05 18:05:00,0.2391304347826087,0.7608695652173914
andrzej krezel,jan molenda,25,7,4.04,75.36,2025-04-05 14:00:00,0.28,0.72
andrzej krezel,jerzy pelka,21,9,3.7142857142857144,69.38095238095238,2024-09-26 14:30:00,0.42857142857142855,0.5714285714285714
andrzej krezel,krzysztof zapala,86,30,3.9186046511627906,75.37209302325581,2025-11-28 19:30:00,0.3488372093023256,0.6511627906976745
andrzej krezel,kuba golaszewski,42,18,3.761904761904762,70.78571428571429,2025-10-06 16:00:00,0.42857142857142855,0.5714285714285714
andrzej krezel,marek chybinski,135,50,3.814814814814815,68.36296296296297,2025-11-26 21:30:00,0.37037037037037035,0.6296296296296297
andrzej krezel,mateusz sikon,54,17,4.0,75.72222222222223,2025-10-25 16:00:00,0.3148148148148148,0.6851851851851851
andrzej krezel,michal bracha,69,15,4.086956521739131,74.8840579710145,2025-08-28 16:00:00,0.21739130434782608,0.782608695652174
andrzej krezel,michal piekarczyk,21,3,4.428571428571429,83.38095238095238,2025-08-05 18:00:00,0.14285714285714285,0.8571428571428572
andrzej krezel,pawel kos,110,11,4.281818181818182,81.19090909090909,2025-11-28 16:00:00,0.1,0.9
andrzej krezel,rafal ucinski,168,51,3.9642857142857144,74.39285714285714,2025-07-16 16:00:00,0.30357142857142855,0.6964285714285714
anton veliev,karol guzi,25,4,4.32,81.68,2026-04-16 14:30:00,0.16,0.84
anton veliev,marek chybinski,23,7,4.043478260869565,75.3913043478261,2026-04-16 15:00:00,0.30434782608695654,0.6956521739130435
antonin baros,david sarganek,35,18,3.7714285714285714,70.4,2026-04-17 14:10:00,0.5142857142857142,0.48571428571428577
antonin baros,filip sikora,21,10,3.761904761904762,70.28571428571429,2026-04-16 13:45:00,0.47619047619047616,0.5238095238095238
antonin baros,rene kowal,25,6,4.04,75.32,2026-04-14 19:10:00,0.24,0.76
antonin baros,rostislav niezgoda,35,4,4.171428571428572,79.34285714285714,2026-04-17 17:10:00,0.11428571428571428,0.8857142857142857
antonio diaz,juan cayuela,20,5,4.15,78.0,2024-03-26 09:40:00,0.25,0.75
antonio diaz,juan lara,24,5,4.041666666666667,80.16666666666667,2024-04-11 08:40:00,0.20833333333333334,0.7916666666666666
antonio diaz,pedro j rocamora,29,9,3.9310344827586206,71.44827586206897,2024-04-11 07:40:00,0.3103448275862069,0.6896551724137931
antonio diaz,sanchez juan a,34,5,4.352941176470588,82.29411764705883,2024-04-11 09:20:00,0.14705882352941177,0.8529411764705882
arkadiusz kiejda,bartosz matachowski,21,7,4.095238095238095,76.9047619047619,2025-10-27 08:05:00,0.3333333333333333,0.6666666666666667
arkadiusz kiejda,franciszek jastrzebowski,29,5,4.206896551724138,79.03448275862068,2025-10-16 21:30:00,0.1724137931034483,0.8275862068965517
arkadiusz kiejda,grzegorz sosnowski,25,4,4.28,81.52,2025-10-13 19:35:00,0.16,0.84
arkadiusz kiejda,jakub caban,35,8,4.2,78.42857142857143,2025-11-08 20:05:00,0.22857142857142856,0.7714285714285715
arkadiusz kiejda,kalinikos kreanga,20,5,4.1,74.4,2025-10-13 20:45:00,0.25,0.75
arkadiusz kiejda,karol guzi,52,10,4.076923076923077,80.25,2025-11-16 10:00:00,0.19230769230769232,0.8076923076923077
arkadiusz kiejda,karol stojek,41,7,4.2682926829268295,80.95121951219512,2025-11-08 18:05:00,0.17073170731707318,0.8292682926829268
arkadiusz kiejda,lukasz buklat,57,11,4.12280701754386,77.96491228070175,2025-11-16 11:00:00,0.19298245614035087,0.8070175438596492
arkadiusz kiejda,lukasz latala,20,4,4.15,76.9,2025-10-16 16:30:00,0.2,0.8
arkadiusz kiejda,mateusz michta,28,9,3.892857142857143,73.35714285714286,2025-10-08 18:35:00,0.32142857142857145,0.6785714285714286
arkadiusz kiejda,michal szostak,29,7,4.068965517241379,73.93103448275862,2025-11-09 09:35:00,0.2413793103448276,0.7586206896551724
arkadiusz kiejda,oskar jedrzejowski,23,5,4.130434782608695,78.26086956521739,2025-11-16 06:30:00,0.21739130434782608,0.782608695652174
arkadiusz kiejda,pawel domagala,59,7,4.3559322033898304,83.62711864406779,2025-11-16 12:00:00,0.11864406779661017,0.8813559322033898
arkadiusz kiejda,piotr kedzierski,20,5,4.0,73.5,2025-11-15 09:05:00,0.25,0.75
arkadiusz kiejda,tomasz witkowski,29,6,4.172413793103448,79.10344827586206,2025-10-18 12:00:00,0.20689655172413793,0.7931034482758621
artur stoszko,grzegorz mucha,33,6,4.242424242424242,83.27272727272727,2025-09-19 14:30:00,0.18181818181818182,0.8181818181818181
artur stoszko,grzegorz papciak,22,10,3.6818181818181817,67.9090909090909,2025-06-15 13:30:00,0.45454545454545453,0.5454545454545454
artur stoszko,leszek maduzia,23,2,4.478260869565218,89.73913043478261,2025-06-15 12:00:00,0.08695652173913043,0.9130434782608696
artur stoszko,seweryn nagorzanski,28,4,4.357142857142857,83.46428571428571,2025-10-12 07:00:00,0.14285714285714285,0.8571428571428572
artur urbanski,damian bucko,20,7,4.0,74.65,2026-03-27 18:00:00,0.35,0.65
artur urbanski,fabian sikora,40,12,4.0,74.975,2025-12-06 20:30:00,0.3,0.7
artur urbanski,marek chybinski,38,13,4.052631578947368,73.05263157894737,2026-03-28 22:40:00,0.34210526315789475,0.6578947368421053
artur urbanski,pawel kos,41,9,4.195121951219512,79.97560975609755,2026-03-28 17:00:00,0.21951219512195122,0.7804878048780488
artur urbanski,rafal ucinski,33,14,3.8181818181818183,71.03030303030303,2025-07-09 22:05:00,0.42424242424242425,0.5757575757575757
arturs rudnikovs,vitalijs glazunovs,20,2,4.45,86.25,2023-02-16 07:05:00,0.1,0.9
bahrillo mahmudov,kotlyarevskiy semen,48,10,4.166666666666667,76.625,2025-09-07 20:15:00,0.20833333333333334,0.7916666666666666
bahrillo mahmudov,louis lu,20,5,4.15,78.8,2025-09-07 19:40:00,0.25,0.75
bartek sulkowski,blazej warpas,141,43,3.9858156028368796,77.87234042553192,2025-12-03 11:30:00,0.3049645390070922,0.6950354609929078
bartek sulkowski,dariusz drozdz,26,5,4.230769230769231,81.42307692307692,2025-12-03 13:30:00,0.19230769230769232,0.8076923076923077
bartek sulkowski,dawid jadam,22,11,3.727272727272727,69.77272727272727,2025-11-12 11:00:00,0.5,0.5
bartek sulkowski,dawid stapor,134,57,3.828358208955224,72.4776119402985,2025-12-03 06:30:00,0.4253731343283582,0.5746268656716418
bartek sulkowski,filip kociuba,29,12,3.7586206896551726,68.20689655172414,2024-10-25 13:30:00,0.41379310344827586,0.5862068965517242
bartek sulkowski,jan masternak,22,8,3.909090909090909,76.31818181818181,2025-11-30 22:00:00,0.36363636363636365,0.6363636363636364
bartek sulkowski,maciej kolek,151,65,3.7549668874172184,71.0794701986755,2025-12-02 06:00:00,0.4304635761589404,0.5695364238410596
bartek sulkowski,marcin stepien,103,34,3.9320388349514563,76.03883495145631,2025-12-03 13:00:00,0.3300970873786408,0.6699029126213591
bartek sulkowski,mateusz galus,27,6,4.2592592592592595,80.03703703703704,2025-11-19 11:30:00,0.2222222222222222,0.7777777777777778
bartek sulkowski,michal lysakowski,142,46,4.028169014084507,77.19014084507042,2025-12-02 11:30:00,0.323943661971831,0.676056338028169
bartek sulkowski,milosz kukawka,99,44,3.8181818181818183,71.73737373737374,2025-12-02 10:00:00,0.4444444444444444,0.5555555555555556
bartek sulkowski,pawel gola,51,22,3.764705882352941,71.50980392156863,2025-12-01 13:00:00,0.43137254901960786,0.5686274509803921
bartek sulkowski,stapor rafal,98,37,3.9081632653061225,73.73469387755102,2025-12-03 09:30:00,0.37755102040816324,0.6224489795918368
bartek sulkowski,sylwester wloszek,21,14,3.4761904761904763,65.66666666666667,2025-03-18 13:30:00,0.6666666666666666,0.33333333333333337
bartek wisniewski,kayque valois,41,12,4.024390243902439,73.85365853658537,2023-05-21 02:30:00,0.2926829268292683,0.7073170731707317
bartek wisniewski,maksymilian milos,32,4,4.15625,80.125,2023-05-21 03:30:00,0.125,0.875
bartek wisniewski,marcin raczek,44,8,4.136363636363637,79.70454545454545,2023-05-19 04:30:00,0.18181818181818182,0.8181818181818181
bartek wisniewski,marcin stepien,35,6,4.085714285714285,77.17142857142858,2023-05-18 04:00:00,0.17142857142857143,0.8285714285714285
bartek wisniewski,rafal stapor,41,13,3.7804878048780486,72.1219512195122,2023-05-11 04:30:00,0.3170731707317073,0.6829268292682926
bartlomiej mrugala,bartosz fraczek,22,7,4.0,74.45454545454545,2025-11-10 23:00:00,0.3181818181818182,0.6818181818181819
bartlomiej mrugala,bartłomiej molka,174,48,4.017241379310345,76.45402298850574,2025-11-30 16:05:00,0.27586206896551724,0.7241379310344828
bartlomiej mrugala,dariusz drozdz,127,35,4.078740157480315,78.34645669291339,2025-11-26 10:35:00,0.2755905511811024,0.7244094488188977
bartlomiej mrugala,eryk skura,39,11,4.128205128205129,80.07692307692308,2025-08-21 07:05:00,0.28205128205128205,0.717948717948718
bartlomiej mrugala,jan masternak,73,18,4.1506849315068495,82.23287671232876,2025-12-03 10:05:00,0.2465753424657534,0.7534246575342466
bartlomiej mrugala,kacper nagel,21,3,4.142857142857143,81.66666666666667,2025-02-11 10:05:00,0.14285714285714285,0.8571428571428572
bartlomiej mrugala,kacper turecki,69,14,4.115942028985507,79.0,2025-12-03 09:05:00,0.2028985507246377,0.7971014492753623
bartlomiej mrugala,kamil klocek,23,7,4.086956521739131,76.0,2025-11-27 09:05:00,0.30434782608695654,0.6956521739130435
bartlomiej mrugala,karol sulkowski,258,69,4.050387596899225,77.13953488372093,2025-12-02 15:45:00,0.26744186046511625,0.7325581395348837
bartlomiej mrugala,kolos arkadiusz,45,14,3.9555555555555557,75.57777777777778,2025-10-10 09:05:00,0.3111111111111111,0.6888888888888889
bartlomiej mrugala,krzysztof pawlowski,21,10,3.761904761904762,69.19047619047619,2025-01-29 10:35:00,0.47619047619047616,0.5238095238095238
bartlomiej mrugala,marcin stepien,78,25,4.0,75.37179487179488,2025-12-02 09:05:00,0.32051282051282054,0.6794871794871795
bartlomiej mrugala,mateusz galus,33,6,4.424242424242424,81.15151515151516,2025-12-02 10:05:00,0.18181818181818182,0.8181818181818181
bartlomiej mrugala,mateusz zebala,24,7,3.875,73.33333333333333,2025-11-06 11:35:00,0.2916666666666667,0.7083333333333333
bartlomiej mrugala,milosz kukawka,38,14,3.9210526315789473,73.34210526315789,2025-12-03 14:05:00,0.3684210526315789,0.631578947368421
bartlomiej mrugala,pawel gola,77,21,4.116883116883117,77.11688311688312,2025-12-03 12:05:00,0.2727272727272727,0.7272727272727273
bartlomiej mrugala,stapor rafal,101,37,3.9306930693069306,73.93069306930693,2025-09-10 09:30:00,0.36633663366336633,0.6336633663366337
bartlomiej mrugala,sylwester wloszek,43,14,4.0,77.95348837209302,2025-12-01 12:35:00,0.32558139534883723,0.6744186046511628
bartosz bilski,karol guzi,20,8,3.8,72.4,2026-04-16 21:30:00,0.4,0.6
bartosz fraczek,bartłomiej molka,47,12,4.0,77.51063829787235,2025-09-05 07:35:00,0.2553191489361702,0.7446808510638299
bartosz fraczek,eryk skura,35,4,4.228571428571429,81.71428571428571,2025-08-15 06:05:00,0.11428571428571428,0.8857142857142857
bartosz fraczek,jan masternak,35,8,4.228571428571429,82.62857142857143,2025-11-09 16:30:00,0.22857142857142856,0.7714285714285715
bartosz fraczek,kacper turecki,23,4,4.043478260869565,75.1304347826087,2025-11-10 16:30:00,0.17391304347826086,0.8260869565217391
bartosz fraczek,karol sulkowski,30,9,3.933333333333333,76.66666666666667,2025-11-10 21:00:00,0.3,0.7
bartosz fraczek,kolos arkadiusz,22,3,4.2272727272727275,80.27272727272727,2025-10-03 11:35:00,0.13636363636363635,0.8636363636363636
bartosz fraczek,marcin stepien,20,11,3.7,68.5,2025-11-10 15:00:00,0.55,0.44999999999999996
bartosz matachowski,bartłomiej molka,31,8,4.032258064516129,75.96774193548387,2024-01-21 14:35:00,0.25806451612903225,0.7419354838709677
bartosz matachowski,blazej gola,44,11,4.0227272727272725,73.6590909090909,2025-04-09 20:15:00,0.25,0.75
bartosz matachowski,damian bucko,65,19,4.061538461538461,77.2,2025-04-09 15:35:00,0.2923076923076923,0.7076923076923076
bartosz matachowski,denys kovtanyuk,26,10,4.0,78.3076923076923,2025-04-11 08:35:00,0.38461538461538464,0.6153846153846154
bartosz matachowski,fabian sikora,30,11,3.966666666666667,74.53333333333333,2025-04-11 09:35:00,0.36666666666666664,0.6333333333333333
bartosz matachowski,franciszek jastrzebowski,21,7,4.0,75.76190476190476,2025-11-27 18:30:00,0.3333333333333333,0.6666666666666667
bartosz matachowski,jakub caban,23,5,4.391304347826087,83.08695652173913,2026-04-07 16:00:00,0.21739130434782608,0.782608695652174
bartosz matachowski,jakub nowak,37,7,4.216216216216216,80.0,2024-06-14 19:45:00,0.1891891891891892,0.8108108108108107
bartosz matachowski,karol guzi,59,13,4.11864406779661,79.67796610169492,2025-11-27 21:30:00,0.22033898305084745,0.7796610169491526
bartosz matachowski,karol guzy,28,7,4.071428571428571,78.64285714285714,2023-05-10 11:30:00,0.25,0.75
bartosz matachowski,karol prokop,21,4,4.142857142857143,79.04761904761905,2025-02-21 17:05:00,0.19047619047619047,0.8095238095238095
bartosz matachowski,karol stojek,41,13,4.073170731707317,78.63414634146342,2026-04-07 18:30:00,0.3170731707317073,0.6829268292682926
bartosz matachowski,krzysztof wenda,23,7,3.9565217391304346,74.21739130434783,2025-02-14 07:35:00,0.30434782608695654,0.6956521739130435
bartosz matachowski,krzysztof zapala,35,9,4.142857142857143,80.34285714285714,2024-01-21 20:05:00,0.2571428571428571,0.7428571428571429
bartosz matachowski,michal bracha,35,12,4.057142857142857,77.31428571428572,2025-04-08 15:30:00,0.34285714285714286,0.6571428571428571
bartosz matachowski,michal szostak,21,4,4.095238095238095,76.0,2026-03-18 15:30:00,0.19047619047619047,0.8095238095238095
bartosz matachowski,pawel domagala,41,7,4.317073170731708,83.5609756097561,2026-04-07 22:30:00,0.17073170731707318,0.8292682926829268
bartosz matachowski,pawel kos,62,14,4.17741935483871,79.40322580645162,2025-04-02 19:05:00,0.22580645161290322,0.7741935483870968
bartosz matachowski,piotr kedzierski,49,6,4.26530612244898,83.06122448979592,2026-03-18 22:40:00,0.12244897959183673,0.8775510204081632
bartosz matachowski,rafal ucinski,52,17,3.9423076923076925,75.28846153846153,2025-04-11 08:05:00,0.3269230769230769,0.6730769230769231
bartosz matachowski,tomasz witkowski,34,8,4.205882352941177,78.44117647058823,2026-02-11 22:40:00,0.23529411764705882,0.7647058823529411
bartosz matachowski,wiekiera arkadiusz,38,13,4.052631578947368,79.39473684210526,2026-04-07 17:30:00,0.34210526315789475,0.6578947368421053
bartłomiej molka,blazej gola,46,16,3.9782608695652173,73.58695652173913,2024-03-18 19:35:00,0.34782608695652173,0.6521739130434783
bartłomiej molka,damian bucko,90,16,4.2444444444444445,81.47777777777777,2024-09-29 08:05:00,0.17777777777777778,0.8222222222222222
bartłomiej molka,dariusz drozdz,155,67,3.806451612903226,72.34193548387097,2026-01-22 10:30:00,0.432258064516129,0.567741935483871
bartłomiej molka,dawid pelczar,40,14,3.9,74.6,2024-10-07 20:45:00,0.35,0.65
bartłomiej molka,dawid stapor,29,9,3.8620689655172415,74.62068965517241,2026-04-17 12:40:00,0.3103448275862069,0.6896551724137931
bartłomiej molka,eryk skura,179,40,4.094972067039106,79.87709497206704,2025-11-01 07:35:00,0.22346368715083798,0.776536312849162
bartłomiej molka,jakub nowak,26,4,4.115384615384615,78.73076923076923,2024-03-11 16:00:00,0.15384615384615385,0.8461538461538461
bartłomiej molka,jan masternak,187,51,3.9572192513368982,77.0427807486631,2026-04-16 12:40:00,0.2727272727272727,0.7272727272727273
bartłomiej molka,jan molenda,64,24,3.796875,70.515625,2024-11-01 09:30:00,0.375,0.625
bartłomiej molka,kacper turecki,76,21,4.0394736842105265,75.5657894736842,2025-12-04 07:05:00,0.27631578947368424,0.7236842105263157
bartłomiej molka,kamil klocek,61,24,3.7868852459016393,70.49180327868852,2026-01-22 09:30:00,0.39344262295081966,0.6065573770491803
bartłomiej molka,karol guzi,76,15,4.118421052631579,79.07894736842105,2024-03-18 17:05:00,0.19736842105263158,0.8026315789473684
bartłomiej molka,karol sulkowski,218,93,3.7844036697247705,72.77522935779817,2025-12-18 13:30:00,0.42660550458715596,0.573394495412844
bartłomiej molka,kolos arkadiusz,75,26,3.88,74.13333333333334,2025-10-12 13:35:00,0.3466666666666667,0.6533333333333333
bartłomiej molka,krzysztof pawlowski,32,16,3.71875,69.0,2025-02-17 08:35:00,0.5,0.5
bartłomiej molka,krzysztof zapala,49,8,4.3061224489795915,86.38775510204081,2025-01-04 21:15:00,0.16326530612244897,0.8367346938775511
bartłomiej molka,marcin stepien,220,76,3.9681818181818183,74.33181818181818,2026-04-17 09:00:00,0.34545454545454546,0.6545454545454545
bartłomiej molka,mateusz galus,54,19,3.888888888888889,72.37037037037037,2026-04-09 12:30:00,0.35185185185185186,0.6481481481481481
bartłomiej molka,mateusz zebala,25,12,3.8,73.96,2025-11-05 11:35:00,0.48,0.52
bartłomiej molka,michal bracha,22,5,4.045454545454546,76.0,2024-03-14 19:30:00,0.22727272727272727,0.7727272727272727
bartłomiej molka,michal lysakowski,39,12,3.871794871794872,76.8974358974359,2026-04-17 10:00:00,0.3076923076923077,0.6923076923076923
bartłomiej molka,milosz kukawka,64,23,3.859375,73.953125,2026-01-24 13:05:00,0.359375,0.640625
bartłomiej molka,pawel gola,170,59,3.9176470588235293,75.70588235294117,2026-04-17 11:00:00,0.34705882352941175,0.6529411764705882
bartłomiej molka,pawel kopacki,24,8,4.083333333333333,76.5,2026-04-02 07:00:00,0.3333333333333333,0.6666666666666667
bartłomiej molka,stapor rafal,213,72,3.971830985915493,74.94366197183099,2026-01-24 15:35:00,0.3380281690140845,0.6619718309859155
bartłomiej molka,sylwester wloszek,140,53,3.8642857142857143,76.35,2026-04-17 05:30:00,0.37857142857142856,0.6214285714285714
bartłomiej molka,szymon radlo,20,6,4.05,81.6,2026-04-16 11:00:00,0.3,0.7
benjamin delcambre,christian penalva,28,4,4.321428571428571,82.0,2025-11-27 18:40:00,0.14285714285714285,0.8571428571428572
benjamin delcambre,francisco	cano,20,2,4.3,85.4,2025-10-03 17:50:00,0.1,0.9
benjamin delcambre,jose a tejuelo,53,10,4.2075471698113205,82.71698113207547,2025-11-29 09:10:00,0.18867924528301888,0.8113207547169812
benjamin delcambre,juan pedro sanchez,45,9,4.177777777777778,80.37777777777778,2025-11-29 12:55:00,0.2,0.8
benjamin delcambre,miller montealegre,27,4,4.37037037037037,86.22222222222223,2025-11-29 11:40:00,0.14814814814814814,0.8518518518518519
benjamin delcambre,pablo munoz,21,5,4.142857142857143,78.80952380952381,2025-11-25 07:40:00,0.23809523809523808,0.7619047619047619
benjamin delcambre,reche jose,23,4,3.9130434782608696,75.1304347826087,2025-11-28 08:40:00,0.17391304347826086,0.8260869565217391
benji zhang,louis lu,21,5,4.238095238095238,79.76190476190476,2024-05-29 00:40:00,0.23809523809523808,0.7619047619047619
bilski bartosz,fabian sikora,21,9,3.8095238095238093,68.57142857142857,2025-11-23 08:00:00,0.42857142857142855,0.5714285714285714
blazej gola,damian bucko,122,35,4.008196721311475,75.36065573770492,2026-04-14 19:00:00,0.28688524590163933,0.7131147540983607
blazej gola,denys kovtanyuk,51,23,3.843137254901961,70.27450980392157,2026-01-07 21:00:00,0.45098039215686275,0.5490196078431373
blazej gola,eryk skura,21,4,4.142857142857143,76.47619047619048,2024-03-18 15:05:00,0.19047619047619047,0.8095238095238095
blazej gola,fabian sikora,156,69,3.7564102564102564,68.78846153846153,2025-12-11 15:30:00,0.4423076923076923,0.5576923076923077
blazej gola,gracjan rokita,46,18,3.891304347826087,72.47826086956522,2026-02-23 18:30:00,0.391304347826087,0.6086956521739131
blazej gola,grzegorz jez,85,40,3.7294117647058824,69.55294117647058,2025-12-08 18:35:00,0.47058823529411764,0.5294117647058824
blazej gola,jakub nowak,46,12,4.108695652173913,74.47826086956522,2024-09-12 15:00:00,0.2608695652173913,0.7391304347826086
blazej gola,jan molenda,30,15,3.7666666666666666,69.56666666666666,2025-04-04 17:30:00,0.5,0.5
blazej gola,karol guzi,71,40,3.507042253521127,63.91549295774648,2026-04-15 19:00:00,0.5633802816901409,0.43661971830985913
blazej gola,karol guzy,25,9,4.0,74.12,2023-05-09 21:00:00,0.36,0.64
blazej gola,krzysztof zapala,88,37,3.7954545454545454,71.47727272727273,2026-04-15 22:00:00,0.42045454545454547,0.5795454545454546
blazej gola,kuba golaszewski,29,8,4.0344827586206895,76.55172413793103,2025-10-15 16:05:00,0.27586206896551724,0.7241379310344828
blazej gola,marek chybinski,107,48,3.7757009345794392,68.1588785046729,2026-04-15 21:00:00,0.4485981308411215,0.5514018691588785
blazej gola,mateusz sikon,39,12,4.102564102564102,78.7948717948718,2025-09-23 14:30:00,0.3076923076923077,0.6923076923076923
blazej gola,michal bracha,128,51,3.734375,69.1953125,2025-08-28 17:00:00,0.3984375,0.6015625
blazej gola,pawel kos,139,53,3.856115107913669,71.64028776978417,2026-04-10 22:00:00,0.381294964028777,0.618705035971223
blazej gola,piotr odelski,24,6,4.0,73.75,2024-04-16 22:00:00,0.25,0.75
blazej gola,rafal ucinski,112,56,3.6875,66.59821428571429,2025-07-16 21:00:00,0.5,0.5
blazej szczepanek,kacper slawinski,34,9,3.9705882352941178,76.41176470588235,2023-09-12 22:30:00,0.2647058823529412,0.7352941176470589
blazej szczepanek,marcin lasota,33,11,3.9696969696969697,73.0,2023-08-31 22:30:00,0.3333333333333333,0.6666666666666667
blazej szczepanek,mariusz koczyba,22,3,4.363636363636363,84.36363636363636,2023-08-11 22:30:00,0.13636363636363635,0.8636363636363636
blazej warpas,dariusz drozdz,34,5,4.235294117647059,83.82352941176471,2026-01-21 10:30:00,0.14705882352941177,0.8529411764705882
blazej warpas,dawid jadam,28,6,4.321428571428571,85.96428571428571,2025-11-12 08:00:00,0.21428571428571427,0.7857142857142857
blazej warpas,dawid stapor,424,142,3.931603773584906,75.05424528301887,2026-01-21 09:00:00,0.33490566037735847,0.6650943396226415
blazej warpas,emil nowak,78,28,3.948717948717949,76.1923076923077,2024-01-14 18:05:00,0.358974358974359,0.641025641025641
blazej warpas,filip kociuba,242,85,3.9834710743801653,75.41322314049587,2025-02-17 07:00:00,0.3512396694214876,0.6487603305785123
blazej warpas,jakub kuzmicz,41,13,3.8780487804878048,74.2439024390244,2023-11-26 21:20:00,0.3170731707317073,0.6829268292682926
blazej warpas,jan masternak,67,17,4.059701492537314,78.02985074626865,2026-01-31 12:05:00,0.2537313432835821,0.7462686567164178
blazej warpas,karol urbanowicz,20,6,4.0,76.15,2023-05-15 09:30:00,0.3,0.7
blazej warpas,kayque valois,187,59,3.9732620320855614,73.94652406417113,2024-12-05 08:00:00,0.3155080213903743,0.6844919786096257
blazej warpas,krzysztof pawlowski,32,8,4.09375,80.0625,2025-03-05 09:50:00,0.25,0.75
blazej warpas,maciej kolek,393,142,3.921119592875318,74.72010178117048,2025-12-09 10:00:00,0.361323155216285,0.638676844783715
blazej warpas,marcin stepien,154,45,4.0519480519480515,78.68831168831169,2026-01-31 08:35:00,0.2922077922077922,0.7077922077922079
blazej warpas,mateusz galus,52,20,3.8076923076923075,71.09615384615384,2026-01-21 12:00:00,0.38461538461538464,0.6153846153846154
blazej warpas,michal lysakowski,424,132,4.002358490566038,77.9245283018868,2026-01-31 15:05:00,0.3113207547169811,0.6886792452830188
blazej warpas,milosz kukawka,250,90,3.932,74.304,2026-01-19 09:30:00,0.36,0.64
blazej warpas,pawel gola,134,44,3.985074626865672,75.96268656716418,2026-01-29 07:30:00,0.3283582089552239,0.6716417910447761
blazej warpas,stapor rafal,110,40,3.881818181818182,74.49090909090908,2026-01-31 10:05:00,0.36363636363636365,0.6363636363636364
blazej warpas,sylwester wloszek,205,52,4.082926829268293,80.35609756097561,2026-01-31 09:05:00,0.25365853658536586,0.7463414634146341
blazej warpas,szymon brud,24,11,3.75,70.04166666666667,2025-03-21 09:35:00,0.4583333333333333,0.5416666666666667
bohuslav budik,gabor dohnal,40,5,4.3,82.1,2026-04-18 18:25:00,0.125,0.875
bohuslav budik,jachym sebl,130,34,4.123076923076923,77.56153846153846,2026-04-15 21:55:00,0.26153846153846155,0.7384615384615385
bohuslav budik,jakub dvorak,44,12,4.0,74.79545454545455,2026-03-07 19:10:00,0.2727272727272727,0.7272727272727273
bohuslav budik,jan srnka,21,1,4.333333333333333,80.33333333333333,2025-06-16 07:50:00,0.047619047619047616,0.9523809523809523
bohuslav budik,jan sucharda,23,7,3.9565217391304346,72.21739130434783,2023-11-14 09:55:00,0.30434782608695654,0.6956521739130435
bohuslav budik,josef ruzicka,41,15,3.8048780487804876,68.97560975609755,2025-11-23 09:20:00,0.36585365853658536,0.6341463414634146
bohuslav budik,martin filipek,42,5,4.5,86.14285714285714,2026-04-07 07:55:00,0.11904761904761904,0.8809523809523809
bohuslav budik,martin prusa,39,9,4.102564102564102,75.23076923076923,2024-01-02 16:10:00,0.23076923076923078,0.7692307692307692
bohuslav budik,ondrej knazik,94,17,4.212765957446808,78.37234042553192,2026-04-18 16:25:00,0.18085106382978725,0.8191489361702128
bohuslav budik,petr hnizdo,64,20,3.953125,73.390625,2026-03-16 11:25:00,0.3125,0.6875
bohuslav budik,petr kubat,31,5,4.161290322580645,79.87096774193549,2026-04-15 18:20:00,0.16129032258064516,0.8387096774193549
bohuslav budik,petr priscak,23,4,4.217391304347826,76.73913043478261,2025-10-22 15:50:00,0.17391304347826086,0.8260869565217391
bohuslav budik,radek muller,152,30,4.2368421052631575,79.92105263157895,2026-04-07 10:05:00,0.19736842105263158,0.8026315789473684
bohuslav budik,richard marsik,28,11,3.9642857142857144,72.64285714285714,2024-06-19 14:00:00,0.39285714285714285,0.6071428571428572
bohuslav budik,tomas krejci,36,7,4.194444444444445,76.61111111111111,2025-05-31 15:55:00,0.19444444444444445,0.8055555555555556
bohuslav budik,trefny jan,55,8,4.3090909090909095,81.16363636363636,2025-11-30 07:50:00,0.14545454545454545,0.8545454545454545
bohuslav budik,vojna daniel,66,13,4.090909090909091,76.75757575757575,2026-04-13 20:50:00,0.19696969696969696,0.803030303030303
bohuslav budik,vojtech koutnik,56,19,3.892857142857143,72.98214285714286,2026-03-29 10:00:00,0.3392857142857143,0.6607142857142857
bohuslav budik,vojtech waldhauser,23,6,4.043478260869565,75.47826086956522,2025-02-10 12:20:00,0.2608695652173913,0.7391304347826086
bohuslav budik,zdenek zahradka,64,17,4.046875,76.140625,2025-12-16 09:25:00,0.265625,0.734375
borek moravec,frantisek 	chaloupka,23,7,3.9565217391304346,74.26086956521739,2026-04-13 16:55:00,0.30434782608695654,0.6956521739130435
borek moravec,jan krupnik,23,3,4.434782608695652,81.52173913043478,2026-04-13 16:15:00,0.13043478260869565,0.8695652173913043
borek moravec,kamil kleprlik,34,5,4.323529411764706,80.52941176470588,2026-03-25 14:45:00,0.14705882352941177,0.8529411764705882
borek moravec,tomas krenek,20,9,3.85,71.8,2026-04-07 16:40:00,0.45,0.55
borja melgarejo,heruan escalona,29,9,4.068965517241379,76.93103448275862,2024-11-01 17:10:00,0.3103448275862069,0.6896551724137931
borja melgarejo,jose cano,21,6,4.142857142857143,78.0,2024-11-01 18:45:00,0.2857142857142857,0.7142857142857143
brad robbins,henry chau,26,5,4.423076923076923,83.38461538461539,2024-04-12 00:20:00,0.19230769230769232,0.8076923076923077
brad robbins,luis meneses,37,1,4.351351351351352,82.94594594594595,2023-12-03 21:50:00,0.02702702702702703,0.972972972972973
brad robbins,rich dewitt,25,7,4.08,76.4,2024-04-21 00:00:00,0.28,0.72
bronislaw	kurzak,darek kleczko,60,13,4.116666666666666,75.9,2024-03-13 20:45:00,0.21666666666666667,0.7833333333333333
bronislaw	kurzak,denys kovtanyuk,65,13,4.153846153846154,77.84615384615384,2024-03-21 14:05:00,0.2,0.8
bronislaw	kurzak,fabian sikora,53,1,4.320754716981132,80.33962264150944,2024-04-09 16:00:00,0.018867924528301886,0.9811320754716981
bronislaw	kurzak,franciszek jastrzebowski,24,3,4.208333333333333,78.79166666666667,2024-04-18 20:35:00,0.125,0.875
bronislaw	kurzak,gracjan rokita,59,14,4.067796610169491,75.62711864406779,2024-05-03 02:40:00,0.23728813559322035,0.7627118644067796
bronislaw	kurzak,krzysztof wenda,39,11,4.0,74.43589743589743,2024-05-01 19:35:00,0.28205128205128205,0.717948717948718
bronislaw	kurzak,leszek maduzia,23,2,4.260869565217392,82.3913043478261,2024-05-01 13:05:00,0.08695652173913043,0.9130434782608696
bronislaw	kurzak,michal szostak,47,10,4.23404255319149,78.93617021276596,2024-03-20 21:30:00,0.2127659574468085,0.7872340425531915
bronislaw	kurzak,piotr kedzierski,24,8,3.9583333333333335,73.08333333333333,2023-12-09 20:05:00,0.3333333333333333,0.6666666666666667
bronislaw	kurzak,robert balik,29,7,4.068965517241379,73.89655172413794,2024-05-01 16:35:00,0.2413793103448276,0.7586206896551724
bronislaw	kurzak,ryszard partyka,26,2,4.076923076923077,77.1923076923077,2024-05-01 14:35:00,0.07692307692307693,0.9230769230769231
bronislaw	kurzak,tomasz witkowski,76,9,4.315789473684211,78.61842105263158,2024-04-26 16:00:00,0.11842105263157894,0.881578947368421
bulin zdenek,david mutl,50,10,4.28,79.4,2025-09-11 09:35:00,0.2,0.8
cezary krawczyk,dariusz zoladek,130,32,4.107692307692307,76.27692307692308,2024-09-19 01:00:00,0.24615384615384617,0.7538461538461538
cezary krawczyk,emil michalski,51,18,3.8627450980392157,72.54901960784314,2024-07-05 02:30:00,0.35294117647058826,0.6470588235294117
cezary krawczyk,igor misztal,116,12,4.379310344827586,82.49137931034483,2024-09-19 00:00:00,0.10344827586206896,0.896551724137931
cezary krawczyk,jakub caban,47,15,3.9361702127659575,72.14893617021276,2024-07-16 03:30:00,0.3191489361702128,0.6808510638297872
cezary krawczyk,jerzy kuzmicz,56,16,4.0,73.19642857142857,2024-09-19 02:00:00,0.2857142857142857,0.7142857142857143
cezary krawczyk,krzysztof gola,37,10,4.135135135135135,75.8108108108108,2024-04-13 23:30:00,0.2702702702702703,0.7297297297297297
cezary krawczyk,marek pyzik,89,24,4.022471910112359,73.08988764044943,2024-09-11 04:40:00,0.2696629213483146,0.7303370786516854
cezary krawczyk,mecik patryk,56,18,3.9642857142857144,76.44642857142857,2024-09-15 23:30:00,0.32142857142857145,0.6785714285714286
cezary krawczyk,mleczko mateusz,51,22,3.7450980392156863,70.66666666666667,2024-07-23 01:30:00,0.43137254901960786,0.5686274509803921
cezary krawczyk,piotr morawski,75,14,4.16,78.53333333333333,2024-09-06 01:30:00,0.18666666666666668,0.8133333333333334
cezary krawczyk,szymon ciemiega,43,7,4.232558139534884,79.32558139534883,2024-06-01 00:30:00,0.16279069767441862,0.8372093023255813
chandra ravi,leo malin,23,9,3.9565217391304346,71.21739130434783,2025-07-08 22:35:00,0.391304347826087,0.6086956521739131
chandra ravi,lu hsu chang,26,8,3.8846153846153846,72.5,2025-08-04 22:40:00,0.3076923076923077,0.6923076923076923
chandra ravi,mitesh shah,22,9,3.8636363636363638,71.77272727272727,2025-06-21 21:55:00,0.4090909090909091,0.5909090909090908
chandra ravi,santosh chandrasekaran,42,12,3.9523809523809526,72.54761904761905,2025-07-08 23:10:00,0.2857142857142857,0.7142857142857143
chen jining,christopher beckett,25,6,4.28,79.6,2025-10-31 00:20:00,0.24,0.76
chen jining,denys goncharov,28,9,4.0,74.92857142857143,2025-06-10 00:25:00,0.32142857142857145,0.6785714285714286
chen jining,leo malin,21,8,4.0476190476190474,75.66666666666667,2025-07-31 22:35:00,0.38095238095238093,0.6190476190476191
chen jining,mitesh shah,29,10,3.9310344827586206,73.79310344827586,2025-09-08 22:40:00,0.3448275862068966,0.6551724137931034
chen jining,rags mohanty,39,15,3.948717948717949,73.15384615384616,2025-06-28 21:15:00,0.38461538461538464,0.6153846153846154
chen jining,santosh chandrasekaran,31,12,3.935483870967742,74.80645161290323,2025-10-30 22:40:00,0.3870967741935484,0.6129032258064516
chen jining,victor chis,59,19,4.067796610169491,75.9322033898305,2025-03-29 23:20:00,0.3220338983050847,0.6779661016949152
chen jining,wes wang,26,8,4.038461538461538,76.38461538461539,2024-01-21 22:00:00,0.3076923076923077,0.6923076923076923
chen shawn,luis meneses,23,8,4.043478260869565,77.6086956521739,2025-01-14 02:20:00,0.34782608695652173,0.6521739130434783
christian kratochvil,jachym sebl,32,8,4.125,81.3125,2026-04-19 17:55:00,0.25,0.75
christian kratochvil,jan osmera,26,6,4.1923076923076925,79.07692307692308,2026-04-09 14:30:00,0.23076923076923078,0.7692307692307692
christian kratochvil,josef pistora,20,7,3.95,72.4,2025-04-07 11:20:00,0.35,0.65
christian kratochvil,lukas vich,24,9,4.083333333333333,77.75,2026-03-22 21:25:00,0.375,0.625
christian kratochvil,ondrej knazik,64,19,4.015625,76.0,2026-04-15 13:25:00,0.296875,0.703125
christian kratochvil,pavel cibik,70,15,4.1571428571428575,76.65714285714286,2026-03-22 15:50:00,0.21428571428571427,0.7857142857142857
christian kratochvil,pavel vyvial,31,13,3.838709677419355,72.7741935483871,2025-10-20 11:40:00,0.41935483870967744,0.5806451612903225
christian kratochvil,petr vodal,30,8,3.966666666666667,75.7,2026-04-19 16:20:00,0.26666666666666666,0.7333333333333334
christian kratochvil,stepan koci,30,7,4.1,76.6,2024-04-01 13:20:00,0.23333333333333334,0.7666666666666666
christian kratochvil,tomas cerveny jr,36,10,4.111111111111111,77.33333333333333,2026-04-19 14:50:00,0.2777777777777778,0.7222222222222222
christian kratochvil,tomas krejci,21,6,4.142857142857143,79.85714285714286,2025-07-20 13:10:00,0.2857142857142857,0.7142857142857143
christian kratochvil,tomas rein,25,10,3.92,73.92,2026-04-09 12:55:00,0.4,0.6
christian kratochvil,trefny jan,52,9,4.096153846153846,76.86538461538461,2025-11-25 02:50:00,0.17307692307692307,0.8269230769230769
christian kratochvil,zbynek vyskocil,21,5,4.190476190476191,80.23809523809524,2026-03-25 19:50:00,0.23809523809523808,0.7619047619047619
christian kratochvil,zdenek dusek,34,15,3.8823529411764706,71.44117647058823,2026-03-22 20:25:00,0.4411764705882353,0.5588235294117647
christian penalva,francisco	cano,36,15,3.8055555555555554,71.52777777777777,2025-10-26 08:40:00,0.4166666666666667,0.5833333333333333
christian penalva,pablo garcia,27,6,4.222222222222222,76.74074074074075,2025-10-26 10:10:00,0.2222222222222222,0.7777777777777778
christian penalva,sergio vega,30,3,4.366666666666666,81.03333333333333,2025-11-27 17:10:00,0.1,0.9
christopher beckett,lu hsu chang,23,7,3.9565217391304346,73.34782608695652,2025-10-11 22:10:00,0.30434782608695654,0.6956521739130435
christopher beckett,nader fahimi,28,7,4.142857142857143,78.5,2025-10-22 01:35:00,0.25,0.75
christopher beckett,rags mohanty,25,4,4.4,83.0,2025-10-17 01:55:00,0.16,0.84
christopher beckett,santosh chandrasekaran,28,10,4.035714285714286,74.67857142857143,2025-10-30 23:10:00,0.35714285714285715,0.6428571428571428
christopher beckett,victor chis,23,7,4.130434782608695,76.0,2025-10-18 21:10:00,0.30434782608695654,0.6956521739130435
cristian delgado,enrique alarcon,33,10,3.9393939393939394,76.93939393939394,2024-12-06 15:10:00,0.30303030303030304,0.696969696969697
cristian delgado,jose reverte,44,21,3.75,67.38636363636364,2025-03-14 10:10:00,0.4772727272727273,0.5227272727272727
dalibor velky jnr,jan krupnik,23,4,4.217391304347826,79.73913043478261,2026-04-16 09:15:00,0.17391304347826086,0.8260869565217391
dalibor velky jnr,michal macurak,27,4,4.296296296296297,81.0,2026-03-20 12:40:00,0.14814814814814814,0.8518518518518519
dalibor velky jnr,michal raska,21,2,4.428571428571429,84.61904761904762,2026-04-09 15:45:00,0.09523809523809523,0.9047619047619048
dalibor velky jnr,radek benes,21,3,4.285714285714286,81.38095238095238,2026-04-15 09:40:00,0.14285714285714285,0.8571428571428572
dalibor velky jnr,tomas kindl,27,3,4.407407407407407,85.0,2026-04-16 06:15:00,0.1111111111111111,0.8888888888888888
dalibor velky jnr,tomas krenek,30,8,4.0,76.63333333333334,2026-04-14 10:10:00,0.26666666666666666,0.7333333333333334
daljus kregzde,philip kharchenko,23,7,3.9565217391304346,72.65217391304348,2024-04-03 17:45:00,0.30434782608695654,0.6956521739130435
damian bucko,denys kovtanyuk,32,11,3.90625,74.0,2026-02-15 11:35:00,0.34375,0.65625
damian bucko,eryk skura,71,12,4.23943661971831,80.0,2024-09-29 06:35:00,0.16901408450704225,0.8309859154929577
damian bucko,fabian sikora,112,31,4.035714285714286,76.08928571428571,2025-12-02 18:00:00,0.2767857142857143,0.7232142857142857
damian bucko,gracjan rokita,22,8,3.727272727272727,73.0909090909091,2026-01-17 09:05:00,0.36363636363636365,0.6363636363636364
damian bucko,grzegorz jez,73,19,4.109589041095891,76.72602739726027,2025-12-05 18:05:00,0.2602739726027397,0.7397260273972603
damian bucko,jakub nowak,81,12,4.395061728395062,83.38271604938272,2024-05-04 09:05:00,0.14814814814814814,0.8518518518518519
damian bucko,jan masternak,20,4,3.9,76.0,2024-09-29 10:35:00,0.2,0.8
damian bucko,jan molenda,41,12,3.975609756097561,74.90243902439025,2025-04-04 22:40:00,0.2926829268292683,0.7073170731707317
damian bucko,karol guzi,80,18,4.15,79.1125,2026-04-16 19:00:00,0.225,0.775
damian bucko,karol guzy,50,10,4.2,79.06,2023-05-12 14:00:00,0.2,0.8
damian bucko,karol sulkowski,25,6,3.92,73.64,2024-09-26 07:30:00,0.24,0.76
damian bucko,krzysztof zapala,135,30,4.133333333333334,81.45925925925926,2026-04-16 16:00:00,0.2222222222222222,0.7777777777777778
damian bucko,marcin stepien,53,17,3.981132075471698,73.75471698113208,2024-09-29 09:35:00,0.32075471698113206,0.679245283018868
damian bucko,marek chybinski,136,42,4.0661764705882355,77.53676470588235,2026-04-16 22:30:00,0.3088235294117647,0.6911764705882353
damian bucko,marek kaczorek,21,2,4.333333333333333,82.57142857142857,2023-03-28 15:30:00,0.09523809523809523,0.9047619047619048
damian bucko,mateusz sikon,41,7,4.146341463414634,80.1951219512195,2026-01-23 22:40:00,0.17073170731707318,0.8292682926829268
damian bucko,michal bracha,72,18,4.111111111111111,76.66666666666667,2025-08-22 22:40:00,0.25,0.75
damian bucko,pawel kos,120,33,4.058333333333334,76.29166666666667,2026-03-27 19:30:00,0.275,0.725
damian bucko,piotr odelski,34,9,4.088235294117647,75.29411764705883,2024-04-18 19:30:00,0.2647058823529412,0.7352941176470589
damian bucko,rafal ucinski,123,27,4.130081300813008,78.57723577235772,2025-07-09 15:35:00,0.21951219512195122,0.7804878048780488
damian bucko,stapor rafal,41,10,4.097560975609756,75.48780487804878,2024-09-08 08:05:00,0.24390243902439024,0.7560975609756098
damian bucko,szymon ciosek,23,9,3.9130434782608696,73.3913043478261,2023-10-30 23:10:00,0.391304347826087,0.6086956521739131
dan volhejn,marek kulisek,22,3,4.318181818181818,80.95454545454545,2025-05-14 15:55:00,0.13636363636363635,0.8636363636363636
dan volhejn,ondrej fiklik,36,12,4.027777777777778,76.19444444444444,2025-04-25 18:10:00,0.3333333333333333,0.6666666666666667
daniel hyza,david vesecky,20,9,3.8,70.75,2026-02-05 19:05:00,0.45,0.55
daniel hyza,marek kulisek,65,18,4.046153846153846,76.35384615384615,2026-04-16 20:25:00,0.27692307692307694,0.7230769230769231
daniel hyza,martin cerny,25,7,4.04,75.64,2026-04-08 19:55:00,0.28,0.72
daniel hyza,michal brozek,50,19,3.88,72.26,2026-04-14 21:25:00,0.38,0.62
daniel hyza,ondrej fiklik,66,14,4.121212121212121,77.84848484848484,2026-04-16 21:25:00,0.21212121212121213,0.7878787878787878
daniel hyza,petr kotrbaty,33,10,4.090909090909091,76.9090909090909,2025-08-11 20:40:00,0.30303030303030304,0.696969696969697
daniel vitasek,ivan heuman,22,4,4.090909090909091,76.13636363636364,2026-04-15 06:10:00,0.18181818181818182,0.8181818181818181
daniel vitasek,jakub travnicek,28,10,3.75,70.25,2026-03-22 17:45:00,0.35714285714285715,0.6428571428571428
daniel vitasek,jan krupnik,25,2,4.32,80.92,2026-04-15 08:40:00,0.08,0.92
daniel vitasek,tomas krenek,20,4,4.1,78.85,2026-04-13 07:10:00,0.2,0.8
daniel zelezny,frantisek dvorak,22,3,4.409090909090909,83.45454545454545,2025-04-23 10:50:00,0.13636363636363635,0.8636363636363636
daniel zelezny,gabor dohnal,41,13,4.024390243902439,77.07317073170732,2026-04-13 20:20:00,0.3170731707317073,0.6829268292682926
daniel zelezny,jachym sebl,36,13,3.9722222222222223,73.19444444444444,2026-01-24 12:25:00,0.3611111111111111,0.6388888888888888
daniel zelezny,jean-baptiste cousin,29,8,4.137931034482759,78.24137931034483,2026-04-16 15:55:00,0.27586206896551724,0.7241379310344828
daniel zelezny,josef pistora,28,11,4.0,75.64285714285714,2025-01-15 14:30:00,0.39285714285714285,0.6071428571428572
daniel zelezny,ondrej knazik,51,9,4.196078431372549,80.54901960784314,2026-03-28 14:25:00,0.17647058823529413,0.8235294117647058
daniel zelezny,pavel cibik,28,11,3.9285714285714284,74.32142857142857,2025-11-29 12:20:00,0.39285714285714285,0.6071428571428572
daniel zelezny,petr vodal,53,11,4.283018867924528,81.58490566037736,2026-02-28 15:55:00,0.20754716981132076,0.7924528301886793
daniel zelezny,tomas cerveny jr,22,5,4.2272727272727275,78.5909090909091,2025-01-27 07:50:00,0.22727272727272727,0.7727272727272727
daniel zelezny,trefny jan,46,16,3.9565217391304346,75.26086956521739,2025-08-24 16:40:00,0.34782608695652173,0.6521739130434783
darek kleczko,denys kovtanyuk,97,13,4.298969072164948,81.65979381443299,2024-03-17 19:00:00,0.13402061855670103,0.865979381443299
darek kleczko,fabian sikora,68,10,4.147058823529412,78.30882352941177,2024-03-20 13:05:00,0.14705882352941177,0.8529411764705882
darek kleczko,franciszek jastrzebowski,39,7,4.128205128205129,77.53846153846153,2024-03-21 16:00:00,0.1794871794871795,0.8205128205128205
darek kleczko,gracjan rokita,77,11,4.1688311688311686,79.48051948051948,2024-03-14 16:35:00,0.14285714285714285,0.8571428571428572
darek kleczko,mecik patryk,38,7,3.973684210526316,77.10526315789474,2024-03-04 07:35:00,0.18421052631578946,0.8157894736842105
darek kleczko,michal szostak,57,12,4.105263157894737,78.28070175438596,2024-03-10 07:00:00,0.21052631578947367,0.7894736842105263
darek kleczko,piotr kedzierski,33,8,3.9696969696969697,74.66666666666667,2023-12-25 07:35:00,0.24242424242424243,0.7575757575757576
darek kleczko,robert balik,21,5,3.9047619047619047,71.0952380952381,2024-03-17 20:30:00,0.23809523809523808,0.7619047619047619
darek kleczko,ryszard partyka,33,9,4.0606060606060606,76.33333333333333,2024-03-21 23:10:00,0.2727272727272727,0.7272727272727273
darek kleczko,tomasz witkowski,65,12,4.061538461538461,76.33846153846154,2024-02-06 15:35:00,0.18461538461538463,0.8153846153846154
dariusz drozdz,dawid pelczar,23,4,4.391304347826087,83.47826086956522,2024-10-08 12:35:00,0.17391304347826086,0.8260869565217391
dariusz drozdz,dawid stapor,27,9,3.925925925925926,74.55555555555556,2026-01-21 08:00:00,0.3333333333333333,0.6666666666666667
dariusz drozdz,eryk skura,41,12,4.121951219512195,81.09756097560975,2025-08-10 16:00:00,0.2926829268292683,0.7073170731707317
dariusz drozdz,jan masternak,99,30,4.02020202020202,78.26262626262626,2026-01-22 09:00:00,0.30303030303030304,0.696969696969697
dariusz drozdz,kacper turecki,56,15,4.017857142857143,75.625,2025-11-26 09:35:00,0.26785714285714285,0.7321428571428572
dariusz drozdz,kamil klocek,29,7,4.0344827586206895,78.58620689655173,2026-01-22 07:30:00,0.2413793103448276,0.7586206896551724
dariusz drozdz,karol sulkowski,149,47,3.9932885906040267,76.77852348993288,2025-12-19 13:35:00,0.31543624161073824,0.6845637583892618
dariusz drozdz,kolos arkadiusz,63,21,4.0476190476190474,78.07936507936508,2025-09-24 13:35:00,0.3333333333333333,0.6666666666666667
dariusz drozdz,krzysztof pawlowski,33,11,4.0606060606060606,77.33333333333333,2025-03-07 12:30:00,0.3333333333333333,0.6666666666666667
dariusz drozdz,maciej kolek,21,4,4.0476190476190474,78.52380952380952,2025-12-10 07:30:00,0.19047619047619047,0.8095238095238095
dariusz drozdz,marcin stepien,114,38,3.9649122807017543,74.51754385964912,2026-01-22 06:00:00,0.3333333333333333,0.6666666666666667
dariusz drozdz,mateusz galus,41,14,3.975609756097561,74.1219512195122,2026-01-21 08:30:00,0.34146341463414637,0.6585365853658536
dariusz drozdz,michal lysakowski,36,10,4.222222222222222,81.30555555555556,2026-01-15 11:00:00,0.2777777777777778,0.7222222222222222
dariusz drozdz,milosz kukawka,54,16,3.925925925925926,75.16666666666667,2026-01-19 13:50:00,0.2962962962962963,0.7037037037037037
dariusz drozdz,pawel gola,95,29,4.073684210526316,77.03157894736842,2026-01-22 14:10:00,0.30526315789473685,0.6947368421052631
dariusz drozdz,stapor rafal,132,36,4.121212121212121,78.77272727272727,2026-01-20 12:30:00,0.2727272727272727,0.7272727272727273
dariusz drozdz,sylwester wloszek,44,10,4.113636363636363,78.25,2026-01-21 14:10:00,0.22727272727272727,0.7727272727272727
dariusz scigany,maciej lamer,30,7,4.2,77.73333333333333,2023-05-04 03:50:00,0.23333333333333334,0.7666666666666666
dariusz scigany,mecik patryk,39,7,4.282051282051282,81.41025641025641,2023-05-22 03:50:00,0.1794871794871795,0.8205128205128205
dariusz zoladek,emil michalski,29,10,4.068965517241379,75.44827586206897,2024-07-08 04:30:00,0.3448275862068966,0.6551724137931034
dariusz zoladek,igor misztal,98,22,4.122448979591836,77.35714285714286,2024-09-19 03:30:00,0.22448979591836735,0.7755102040816326
dariusz zoladek,jakub caban,38,12,4.0,74.15789473684211,2024-11-08 03:00:00,0.3157894736842105,0.6842105263157895
dariusz zoladek,jerzy kuzmicz,50,22,3.7,69.46,2024-11-16 19:05:00,0.44,0.56
dariusz zoladek,krzysztof gola,87,29,4.011494252873563,75.77011494252874,2024-04-08 03:00:00,0.3333333333333333,0.6666666666666667
dariusz zoladek,krzysztof witerski,34,11,3.9411764705882355,71.79411764705883,2024-10-10 08:05:00,0.3235294117647059,0.6764705882352942
dariusz zoladek,marek pyzik,88,18,4.181818181818182,76.13636363636364,2024-11-16 18:05:00,0.20454545454545456,0.7954545454545454
dariusz zoladek,mecik patryk,91,24,4.131868131868132,77.56043956043956,2024-09-16 02:40:00,0.26373626373626374,0.7362637362637363
dariusz zoladek,mleczko mateusz,49,16,4.020408163265306,75.08163265306122,2024-07-15 02:00:00,0.32653061224489793,0.6734693877551021
dariusz zoladek,piotr morawski,87,20,4.091954022988506,78.40229885057471,2024-09-05 00:00:00,0.22988505747126436,0.7701149425287357
dariusz zoladek,szymon ciemiega,20,3,4.2,78.45,2024-11-08 01:00:00,0.15,0.85
david bochnak,filip jakubsky,112,24,4.223214285714286,80.47321428571429,2025-08-10 13:10:00,0.21428571428571427,0.7857142857142857
david bochnak,filip nemec,87,22,4.080459770114943,77.45977011494253,2024-10-16 18:40:00,0.25287356321839083,0.7471264367816092
david bochnak,jachym zacharda,117,31,4.102564102564102,76.74358974358974,2026-04-17 16:55:00,0.26495726495726496,0.7350427350427351
david bochnak,jan benak,24,7,4.041666666666667,75.58333333333333,2026-04-03 08:55:00,0.2916666666666667,0.7083333333333333
david bochnak,jan kocab,73,13,4.191780821917808,78.32876712328768,2026-01-02 17:55:00,0.1780821917808219,0.821917808219178
david bochnak,marek fabini,51,13,4.098039215686274,79.70588235294117,2023-10-10 18:55:00,0.2549019607843137,0.7450980392156863
david bochnak,marek kulisek,83,24,4.0120481927710845,74.51807228915662,2026-02-18 23:25:00,0.2891566265060241,0.7108433734939759
david bochnak,martin cerny,64,22,4.0,75.3125,2026-04-19 22:40:00,0.34375,0.65625
david bochnak,martin sulc,36,9,4.083333333333333,78.08333333333333,2024-04-26 20:55:00,0.25,0.75
david bochnak,matej beran,33,10,4.03030303030303,76.57575757575758,2025-07-17 19:25:00,0.30303030303030304,0.696969696969697
david bochnak,ondrej fiklik,155,43,4.096774193548387,77.54838709677419,2026-02-21 09:25:00,0.27741935483870966,0.7225806451612904
david bochnak,ondrej kadavy,126,40,4.0,74.53968253968254,2026-04-17 18:05:00,0.31746031746031744,0.6825396825396826
david bochnak,pavel benes,54,22,3.888888888888889,73.42592592592592,2026-03-15 18:55:00,0.4074074074074074,0.5925925925925926
david bochnak,petr vanek,93,27,4.021505376344086,76.91397849462365,2026-04-19 20:25:00,0.2903225806451613,0.7096774193548387
david bochnak,tomas cerveny,25,9,3.76,70.32,2025-02-13 22:55:00,0.36,0.64
david bochnak,vaclav hejda,31,9,4.129032258064516,78.54838709677419,2025-11-06 17:25:00,0.2903225806451613,0.7096774193548387
david bochnak,vaclav hejda sr,23,4,4.217391304347826,78.73913043478261,2023-05-24 19:55:00,0.17391304347826086,0.8260869565217391
david bochnak,vaclav nadvornik,108,31,4.12037037037037,77.45370370370371,2026-04-11 15:55:00,0.28703703703703703,0.712962962962963
david bochnak,viktor skokan,26,8,3.923076923076923,74.53846153846153,2024-08-11 20:55:00,0.3076923076923077,0.6923076923076923
david bochnak,vit benak,20,9,3.8,69.75,2025-09-12 17:25:00,0.45,0.55
david del olmo,sanchez juan a,22,9,3.8636363636363638,71.77272727272727,2025-11-20 19:20:00,0.4090909090909091,0.5909090909090908
david hons,ladislav vosyka,28,7,4.071428571428571,74.46428571428571,2026-04-15 18:05:00,0.25,0.75
david jicha,filip cernota,172,46,4.023255813953488,78.42441860465117,2026-02-26 21:50:00,0.26744186046511625,0.7325581395348837
david jicha,filip strejc,207,50,4.140096618357488,79.39613526570048,2026-04-05 19:20:00,0.24154589371980675,0.7584541062801933
david jicha,jaromir zlamal,71,22,3.971830985915493,74.43661971830986,2026-04-05 21:50:00,0.30985915492957744,0.6901408450704225
david jicha,lukas soucek,42,13,4.142857142857143,79.21428571428571,2026-03-14 08:55:00,0.30952380952380953,0.6904761904761905
david jicha,martin stusek,241,65,4.0995850622406635,76.68464730290457,2026-04-03 21:50:00,0.2697095435684647,0.7302904564315353
david jicha,michal spalek,103,32,4.0,74.88349514563107,2025-02-11 21:25:00,0.3106796116504854,0.6893203883495146
david jicha,petr dvorak,57,7,4.280701754385965,80.9298245614035,2024-03-14 16:55:00,0.12280701754385964,0.8771929824561404
david jicha,petr silhan,45,14,4.022222222222222,77.33333333333333,2026-03-02 16:25:00,0.3111111111111111,0.6888888888888889
david jicha,tomas beran,48,14,4.0,74.9375,2024-01-14 14:25:00,0.2916666666666667,0.7083333333333333
david jicha,tomas cerveny,36,7,4.222222222222222,80.55555555555556,2024-01-23 21:55:00,0.19444444444444445,0.8055555555555556
david jicha,tomas flicek,32,12,3.9375,75.40625,2026-01-04 11:30:00,0.375,0.625
david jicha,tomas vorisek,330,88,4.075757575757576,76.83636363636364,2026-04-05 18:20:00,0.26666666666666666,0.7333333333333334
david jicha,vaclav podrazil,55,16,4.072727272727272,76.0909090909091,2026-02-20 16:55:00,0.2909090909090909,0.7090909090909091
david mutl,gustav lomsky,51,14,4.078431372549019,74.0,2025-04-11 11:50:00,0.27450980392156865,0.7254901960784313
david mutl,jakub jares,27,12,3.8518518518518516,70.62962962962963,2024-01-27 10:20:00,0.4444444444444444,0.5555555555555556
david mutl,jan framberk,73,20,4.027397260273973,76.17808219178082,2026-01-26 17:50:00,0.273972602739726,0.726027397260274
david mutl,jan prokes,23,7,3.9565217391304346,72.82608695652173,2025-03-27 12:50:00,0.30434782608695654,0.6956521739130435
david mutl,jan spiegel,91,25,4.087912087912088,76.94505494505495,2025-11-12 11:20:00,0.27472527472527475,0.7252747252747253
david mutl,jan zalesky,65,16,4.046153846153846,76.63076923076923,2025-10-22 09:30:00,0.24615384615384617,0.7538461538461538
david mutl,karel kastner,20,3,4.4,84.35,2025-11-29 11:55:00,0.15,0.85
david mutl,michal korycki,54,12,4.12962962962963,76.64814814814815,2025-12-04 12:20:00,0.2222222222222222,0.7777777777777778
david mutl,ondrej sebek,67,18,4.059701492537314,77.83582089552239,2025-12-04 14:20:00,0.26865671641791045,0.7313432835820896
david mutl,pavel vilhelm,56,15,4.053571428571429,74.83928571428571,2025-10-09 07:40:00,0.26785714285714285,0.7321428571428572
david mutl,vaclav nykl,42,13,4.0476190476190474,75.11904761904762,2025-09-15 13:55:00,0.30952380952380953,0.6904761904761905
david mutl,vlastimil kocvara,28,5,4.25,78.57142857142857,2023-11-13 15:05:00,0.17857142857142858,0.8214285714285714
david mutl,vojtech hruska,68,12,4.235294117647059,80.26470588235294,2025-11-03 11:00:00,0.17647058823529413,0.8235294117647058
david nosek,filip musil,21,9,3.761904761904762,69.76190476190476,2025-10-22 10:40:00,0.42857142857142855,0.5714285714285714
david nosek,jakub rolik,54,10,4.277777777777778,82.4074074074074,2025-11-28 19:20:00,0.18518518518518517,0.8148148148148149
david nosek,jaroslav sprongl,30,10,3.933333333333333,73.06666666666666,2025-11-29 20:30:00,0.3333333333333333,0.6666666666666667
david nosek,jaroslav zamyslicky,41,14,3.975609756097561,73.85365853658537,2025-11-17 15:20:00,0.34146341463414637,0.6585365853658536
david nosek,jiri cermak,42,19,3.6666666666666665,67.35714285714286,2025-11-17 12:10:00,0.4523809523809524,0.5476190476190477
david nosek,karel kastner,41,12,4.195121951219512,79.39024390243902,2025-11-11 16:40:00,0.2926829268292683,0.7073170731707317
david nosek,lubos cermak,23,4,4.173913043478261,78.04347826086956,2025-11-27 20:50:00,0.17391304347826086,0.8260869565217391
david nosek,lukas pour,28,6,4.25,80.71428571428571,2025-06-08 06:50:00,0.21428571428571427,0.7857142857142857
david nosek,marek teiml,65,24,3.9846153846153847,73.29230769230769,2025-11-11 16:10:00,0.36923076923076925,0.6307692307692307
david nosek,martin plihal,36,8,4.138888888888889,78.08333333333333,2025-11-12 17:40:00,0.2222222222222222,0.7777777777777778
david nosek,michal nemec,36,13,3.861111111111111,72.44444444444444,2025-11-02 15:20:00,0.3611111111111111,0.6388888888888888
david nosek,pavel vyvial,51,22,3.803921568627451,70.47058823529412,2025-02-05 17:10:00,0.43137254901960786,0.5686274509803921
david nosek,petr litomisky,26,10,3.8461538461538463,72.65384615384616,2025-11-15 17:50:00,0.38461538461538464,0.6153846153846154
david nosek,petr vrastil,25,6,4.04,75.08,2025-11-12 16:10:00,0.24,0.76
david nosek,radek zeman,39,14,3.923076923076923,72.33333333333333,2025-11-28 21:20:00,0.358974358974359,0.641025641025641
david nosek,roman urban,85,26,3.9647058823529413,73.07058823529412,2025-11-29 21:50:00,0.3058823529411765,0.6941176470588235
david nosek,stanislav jansa,22,10,3.6818181818181817,69.5909090909091,2025-11-28 22:50:00,0.45454545454545453,0.5454545454545454
david nosek,tomas kocvara,31,7,4.129032258064516,76.29032258064517,2025-11-15 18:55:00,0.22580645161290322,0.7741935483870968
david nosek,vladimir libovicky,70,16,4.114285714285714,78.04285714285714,2025-11-17 18:50:00,0.22857142857142856,0.7714285714285715
david nosek,vladimir svoboda,41,9,4.048780487804878,74.7560975609756,2025-10-24 14:50:00,0.21951219512195122,0.7804878048780488
david nosek,vojtech strouhal,28,9,3.9642857142857144,74.32142857142857,2025-08-07 15:20:00,0.32142857142857145,0.6785714285714286
david nosek,zdenek bron,32,12,3.875,71.8125,2025-11-08 18:50:00,0.375,0.625
david sabuka,jan hendrych,25,8,3.96,74.44,2026-04-15 17:20:00,0.32,0.6799999999999999
david sabuka,milan tlusty,50,8,4.3,80.36,2026-04-15 15:20:00,0.16,0.84
david sabuka,vojna daniel,24,3,4.25,79.45833333333333,2026-02-08 15:20:00,0.125,0.875
david sabuka,zdenek zahradka,46,10,4.217391304347826,78.56521739130434,2026-04-19 12:20:00,0.21739130434782608,0.782608695652174
david sarganek,filip sikora,26,12,3.730769230769231,71.11538461538461,2026-04-08 14:15:00,0.46153846153846156,0.5384615384615384
david sarganek,petr vicherek,25,9,3.96,71.8,2026-04-07 20:45:00,0.36,0.64
david sarganek,rene kowal,21,5,4.238095238095238,77.47619047619048,2026-03-24 19:10:00,0.23809523809523808,0.7619047619047619
david sarganek,rostislav niezgoda,43,16,3.813953488372093,70.72093023255815,2026-04-17 15:40:00,0.37209302325581395,0.627906976744186
david sochor,david vesecky,20,5,4.15,79.2,2026-02-05 16:55:00,0.25,0.75
david sochor,marek kulisek,30,10,4.033333333333333,76.36666666666666,2026-02-15 15:05:00,0.3333333333333333,0.6666666666666667
david sochor,michal brozek,24,7,4.0,74.08333333333333,2026-01-30 16:25:00,0.2916666666666667,0.7083333333333333
david vesecky,martin cerny,89,29,3.943820224719101,72.58426966292134,2026-04-16 11:20:00,0.3258426966292135,0.6741573033707865
david vesecky,michal brozek,54,12,4.037037037037037,76.25925925925925,2026-03-30 14:25:00,0.2222222222222222,0.7777777777777778
david vesecky,ondrej fiklik,93,30,4.021505376344086,76.21505376344086,2026-03-31 10:25:00,0.3225806451612903,0.6774193548387097
david vesecky,pavel benes,33,8,4.121212121212121,78.39393939393939,2026-04-14 07:55:00,0.24242424242424243,0.7575757575757576
david vesecky,pavel rissky,41,10,4.2439024390243905,80.2439024390244,2026-03-01 10:25:00,0.24390243902439024,0.7560975609756098
david vesecky,petr kotrbaty,23,8,3.9565217391304346,74.69565217391305,2025-11-21 12:55:00,0.34782608695652173,0.6521739130434783
david vesecky,vaclav nadvornik,40,13,4.05,76.1,2026-04-16 10:20:00,0.325,0.675
dawid jadam,maciej kolek,29,9,4.0,78.10344827586206,2025-11-12 09:00:00,0.3103448275862069,0.6896551724137931
dawid jadam,marcin stepien,25,7,4.12,81.0,2025-10-26 15:00:00,0.28,0.72
dawid jadam,michal lysakowski,38,9,4.2631578947368425,84.3157894736842,2025-11-12 13:00:00,0.23684210526315788,0.7631578947368421
dawid jadam,milosz kukawka,24,7,4.0,79.66666666666667,2025-11-12 07:30:00,0.2916666666666667,0.7083333333333333
dawid jadam,stapor rafal,22,1,4.409090909090909,83.5909090909091,2025-11-11 10:30:00,0.045454545454545456,0.9545454545454546
dawid pelczar,jan masternak,23,5,4.217391304347826,83.17391304347827,2024-09-24 11:05:00,0.21739130434782608,0.782608695652174
dawid pelczar,karol sulkowski,24,7,4.125,78.20833333333333,2024-09-27 07:00:00,0.2916666666666667,0.7083333333333333
dawid pelczar,krzysztof pawlowski,24,6,4.166666666666667,76.79166666666667,2024-10-09 07:00:00,0.25,0.75
dawid pelczar,marcin stepien,46,13,4.021739130434782,76.97826086956522,2024-10-09 12:40:00,0.2826086956521739,0.7173913043478262
dawid pelczar,pawel gola,38,9,4.2368421052631575,80.28947368421052,2024-09-26 20:25:00,0.23684210526315788,0.7631578947368421
dawid pelczar,stapor rafal,74,23,3.9594594594594597,75.64864864864865,2024-10-08 20:45:00,0.3108108108108108,0.6891891891891893
dawid pelczar,sylwester wloszek,33,14,3.757575757575758,71.57575757575758,2024-09-03 09:35:00,0.42424242424242425,0.5757575757575757
dawid stapor,emil nowak,116,49,3.7844827586206895,70.81896551724138,2024-01-14 17:05:00,0.4224137931034483,0.5775862068965517
dawid stapor,filip kociuba,239,88,3.8451882845188283,71.88702928870293,2025-02-16 18:30:00,0.3682008368200837,0.6317991631799162
dawid stapor,jakub kuzmicz,30,8,4.0,75.13333333333334,2024-02-15 08:30:00,0.26666666666666666,0.7333333333333334
dawid stapor,jakub lamperski,31,12,3.838709677419355,73.19354838709677,2023-06-15 05:00:00,0.3870967741935484,0.6129032258064516
dawid stapor,jan masternak,60,17,4.033333333333333,77.68333333333334,2026-04-16 10:30:00,0.2833333333333333,0.7166666666666667
dawid stapor,karol urbanowicz,35,7,4.114285714285714,77.22857142857143,2023-05-16 08:30:00,0.2,0.8
dawid stapor,kayque valois,195,67,3.882051282051282,72.58461538461539,2024-12-05 12:30:00,0.3435897435897436,0.6564102564102564
dawid stapor,krzysztof pawlowski,32,11,3.9375,70.84375,2025-03-07 09:30:00,0.34375,0.65625
dawid stapor,maciej kolek,350,139,3.8257142857142856,72.72285714285714,2025-12-10 13:00:00,0.39714285714285713,0.6028571428571429
dawid stapor,marcin stepien,155,38,4.058064516129032,77.58064516129032,2026-04-17 11:30:00,0.24516129032258063,0.7548387096774194
dawid stapor,mateusz galus,62,19,4.096774193548387,76.6774193548387,2026-04-14 09:00:00,0.3064516129032258,0.6935483870967742
dawid stapor,michal lysakowski,407,150,3.9066339066339064,74.01965601965603,2026-04-17 06:00:00,0.36855036855036855,0.6314496314496314
dawid stapor,milosz kukawka,239,102,3.8158995815899583,70.90376569037657,2026-01-12 08:30:00,0.42677824267782427,0.5732217573221757
dawid stapor,pawel gola,155,53,3.9161290322580644,74.0516129032258,2026-04-17 09:30:00,0.3419354838709677,0.6580645161290323
dawid stapor,stapor rafal,100,47,3.77,70.97,2026-01-20 10:30:00,0.47,0.53
dawid stapor,sylwester wloszek,221,68,3.9547511312217196,75.84615384615384,2026-04-17 08:30:00,0.3076923076923077,0.6923076923076923
denis benes,krystof prida,40,14,4.025,74.575,2023-11-17 16:55:00,0.35,0.65
denis benes,martin stusek,28,6,4.107142857142857,79.03571428571429,2023-09-02 21:55:00,0.21428571428571427,0.7857142857142857
denis benes,michal spalek,31,10,3.838709677419355,73.51612903225806,2023-11-17 19:10:00,0.3225806451612903,0.6774193548387097
denis benes,tomas vorisek,47,10,4.1063829787234045,77.70212765957447,2023-11-30 07:55:00,0.2127659574468085,0.7872340425531915
denys kovtanyuk,fabian sikora,200,67,3.945,74.655,2025-11-16 07:35:00,0.335,0.665
denys kovtanyuk,franciszek jastrzebowski,56,13,4.178571428571429,79.125,2024-09-09 17:35:00,0.23214285714285715,0.7678571428571428
denys kovtanyuk,gracjan rokita,134,32,4.201492537313433,79.17164179104478,2026-01-29 18:00:00,0.23880597014925373,0.7611940298507462
denys kovtanyuk,grzegorz jez,47,9,4.297872340425532,80.74468085106383,2025-09-14 12:35:00,0.19148936170212766,0.8085106382978724
denys kovtanyuk,karol guzi,74,20,4.081081081081081,78.87837837837837,2026-03-14 19:05:00,0.2702702702702703,0.7297297297297297
denys kovtanyuk,krzysztof wenda,41,9,4.2682926829268295,81.65853658536585,2024-09-10 12:35:00,0.21951219512195122,0.7804878048780488
denys kovtanyuk,krzysztof zapala,25,4,4.2,79.44,2026-03-01 13:05:00,0.16,0.84
denys kovtanyuk,leszek maduzia,27,6,4.0,75.37037037037037,2024-12-06 20:30:00,0.2222222222222222,0.7777777777777778
denys kovtanyuk,marek chybinski,91,30,3.934065934065934,72.85714285714286,2026-03-14 18:05:00,0.32967032967032966,0.6703296703296704
denys kovtanyuk,mateusz sikon,24,4,4.208333333333333,80.45833333333333,2026-01-24 22:35:00,0.16666666666666666,0.8333333333333334
denys kovtanyuk,mecik patryk,23,5,4.130434782608695,80.3913043478261,2024-08-28 20:45:00,0.21739130434782608,0.782608695652174
denys kovtanyuk,michal bracha,37,12,3.945945945945946,72.67567567567568,2025-08-31 10:35:00,0.32432432432432434,0.6756756756756757
denys kovtanyuk,michal szostak,103,25,4.184466019417476,78.29126213592232,2024-09-06 15:30:00,0.24271844660194175,0.7572815533980582
denys kovtanyuk,pawel kos,72,20,4.0,75.52777777777777,2026-01-30 23:35:00,0.2777777777777778,0.7222222222222222
denys kovtanyuk,piotr kedzierski,48,7,4.375,83.83333333333333,2023-12-16 16:35:00,0.14583333333333334,0.8541666666666666
denys kovtanyuk,piotr zwolinski,26,7,4.076923076923077,78.38461538461539,2024-12-03 17:05:00,0.2692307692307692,0.7307692307692308
denys kovtanyuk,rafal ucinski,83,17,4.228915662650603,80.56626506024097,2025-07-13 12:35:00,0.20481927710843373,0.7951807228915663
denys kovtanyuk,ryszard partyka,32,9,4.15625,78.8125,2024-04-30 17:35:00,0.28125,0.71875
denys kovtanyuk,tomasz witkowski,122,36,4.090163934426229,76.76229508196721,2024-09-10 16:05:00,0.29508196721311475,0.7049180327868853
denys kovtanyuk,zbigniew gudz,23,6,4.217391304347826,77.73913043478261,2023-11-25 19:35:00,0.2608695652173913,0.7391304347826086
dev dassarma,harpreet singh,28,10,3.9285714285714284,71.5,2025-09-27 22:45:00,0.35714285714285715,0.6428571428571428
dev dassarma,kotlyarevskiy semen,33,10,3.9696969696969697,72.93939393939394,2025-05-03 20:15:00,0.30303030303030304,0.696969696969697
dmitri famin,johannes kant,27,8,4.037037037037037,76.77777777777777,2024-12-04 08:45:00,0.2962962962962963,0.7037037037037037
dmitri famin,nikolai danilov,25,6,4.16,81.04,2025-01-22 11:15:00,0.24,0.76
dmitri famin,raul pirson,37,15,3.864864864864865,71.45945945945945,2025-02-07 14:45:00,0.40540540540540543,0.5945945945945945
dmitri krasnov,philip kharchenko,21,8,3.8095238095238093,73.0952380952381,2023-09-26 15:15:00,0.38095238095238093,0.6190476190476191
dmitri krasnov,sander taaber,21,5,4.238095238095238,77.71428571428571,2023-09-19 16:15:00,0.23809523809523808,0.7619047619047619
dmitri kuznetsov,philip kharchenko,20,2,4.45,85.35,2024-04-03 18:30:00,0.1,0.9
dominik lafek,gabor dohnal,127,30,4.15748031496063,77.68503937007874,2026-01-22 20:50:00,0.23622047244094488,0.7637795275590551
dominik lafek,jakub mach,46,20,3.782608695652174,70.3913043478261,2026-01-20 21:20:00,0.43478260869565216,0.5652173913043479
dominik lafek,lukas jirka,28,8,3.892857142857143,70.14285714285714,2025-11-23 22:55:00,0.2857142857142857,0.7142857142857143
dominik lafek,lukas vich,101,32,4.03960396039604,76.7128712871287,2026-01-21 20:50:00,0.31683168316831684,0.6831683168316831
dominik lafek,martin topol,70,17,4.1571428571428575,78.32857142857142,2025-11-30 19:50:00,0.24285714285714285,0.7571428571428571
dominik lafek,martin vodnansky,22,8,3.8636363636363638,70.45454545454545,2024-05-10 19:20:00,0.36363636363636365,0.6363636363636364
dominik lafek,michal nemec,20,6,4.15,77.65,2025-08-30 17:50:00,0.3,0.7
dominik lafek,pavel cibik,122,35,3.9918032786885247,75.8360655737705,2026-01-13 22:25:00,0.28688524590163933,0.7131147540983607
dominik lafek,pavel vyvial,37,9,4.135135135135135,78.86486486486487,2025-10-21 22:50:00,0.24324324324324326,0.7567567567567568
dominik lafek,tomas rein,37,11,4.135135135135135,76.10810810810811,2026-01-14 20:50:00,0.2972972972972973,0.7027027027027026
dominik lafek,vojtech sanc,24,4,4.166666666666667,77.04166666666667,2025-01-19 21:50:00,0.16666666666666666,0.8333333333333334
dominik lafek,zbynek vyskocil,213,50,4.145539906103286,78.68075117370893,2026-01-20 20:50:00,0.2347417840375587,0.7652582159624413
dominik lafek,zdenek dusek,155,44,4.04516129032258,75.89032258064516,2026-01-21 19:20:00,0.2838709677419355,0.7161290322580645
dominik lengal,jan volhejn,20,5,3.95,74.45,2026-04-13 11:35:00,0.25,0.75
dominik lengal,tomas bartik,25,9,3.92,74.28,2026-04-17 13:35:00,0.36,0.64
dominik pasek,filip kopecky,33,14,3.757575757575758,72.45454545454545,2024-03-18 11:00:00,0.42424242424242425,0.5757575757575757
dominik pasek,filip marat,76,19,4.144736842105263,81.13157894736842,2026-02-13 20:30:00,0.25,0.75
dominik pasek,jan hendrych,103,25,4.106796116504855,77.69902912621359,2026-02-28 22:55:00,0.24271844660194175,0.7572815533980582
dominik pasek,jonas kulveit,41,14,4.0,76.4390243902439,2026-04-12 06:55:00,0.34146341463414637,0.6585365853658536
dominik pasek,josef ruzicka,36,14,3.861111111111111,72.55555555555556,2025-08-31 10:00:00,0.3888888888888889,0.6111111111111112
dominik pasek,marek kulisek,37,10,3.891891891891892,72.56756756756756,2025-02-28 21:20:00,0.2702702702702703,0.7297297297297297
dominik pasek,martin cerny,24,6,4.083333333333333,78.375,2025-05-04 19:55:00,0.25,0.75
dominik pasek,martin dolezal,47,7,4.361702127659575,83.74468085106383,2026-04-12 10:00:00,0.14893617021276595,0.851063829787234
dominik pasek,martin sulc,31,9,3.967741935483871,74.06451612903226,2025-08-16 20:50:00,0.2903225806451613,0.7096774193548387
dominik pasek,michal brozek,89,27,4.0,74.98876404494382,2025-02-28 20:50:00,0.30337078651685395,0.696629213483146
dominik pasek,milos frydl,36,9,4.194444444444445,78.44444444444444,2025-11-29 23:05:00,0.25,0.75
dominik pasek,miroslav sochor,31,5,4.258064516129032,82.54838709677419,2025-05-18 09:35:00,0.16129032258064516,0.8387096774193549
dominik pasek,ondrej fiklik,38,10,4.0,75.86842105263158,2025-02-14 22:25:00,0.2631578947368421,0.736842105263158
dominik pasek,petr kotrbaty,22,8,3.909090909090909,72.86363636363636,2025-01-21 21:40:00,0.36363636363636365,0.6363636363636364
dominik pasek,petr vanek,33,7,4.212121212121212,80.15151515151516,2024-07-23 07:55:00,0.21212121212121213,0.7878787878787878
dusan cecotka,jaroslav sindler,35,3,4.371428571428571,84.51428571428572,2026-04-15 08:15:00,0.08571428571428572,0.9142857142857143
dusan cecotka,lukas krupnik junior,27,5,4.333333333333333,85.22222222222223,2026-04-16 13:40:00,0.18518518518518517,0.8148148148148149
dusan cecotka,milan zika,22,2,4.409090909090909,83.86363636363636,2026-04-01 17:15:00,0.09090909090909091,0.9090909090909091
dusan cecotka,patrik sturma,59,9,4.288135593220339,82.10169491525424,2026-04-16 15:40:00,0.15254237288135594,0.847457627118644
dusan cecotka,robert sikora,30,5,4.266666666666667,83.0,2026-04-15 06:15:00,0.16666666666666666,0.8333333333333334
eduardo gonzalez,gabriel sanchez,37,13,3.945945945945946,75.21621621621621,2025-11-25 19:40:00,0.35135135135135137,0.6486486486486487
eduardo gonzalez,hector saaverda,49,15,3.979591836734694,75.71428571428571,2025-10-21 10:10:00,0.30612244897959184,0.6938775510204082
eduardo gonzalez,ivan martin,120,54,3.75,69.11666666666666,2025-11-18 11:40:00,0.45,0.55
eduardo gonzalez,javier benito,134,31,4.231343283582089,82.64179104477611,2025-11-11 15:40:00,0.23134328358208955,0.7686567164179104
eduardo gonzalez,juan c pomares,54,18,3.9814814814814814,74.37037037037037,2025-11-25 16:10:00,0.3333333333333333,0.6666666666666667
eduardo gonzalez,miguel chamorro,282,81,4.0638297872340425,76.91134751773049,2025-11-25 17:40:00,0.2872340425531915,0.7127659574468085
eduardo gonzalez,moises alvarez garcia,93,22,4.118279569892473,78.61290322580645,2025-11-25 15:10:00,0.23655913978494625,0.7634408602150538
eduardo gonzalez,sancho libre,124,48,3.846774193548387,71.37096774193549,2024-10-15 15:10:00,0.3870967741935484,0.6129032258064516
edvinas tamashauskas,grigori maltizov,30,10,4.133333333333334,77.3,2025-01-15 07:45:00,0.3333333333333333,0.6666666666666667
edvinas tamashauskas,mart martin,37,12,3.918918918918919,71.67567567567568,2024-12-27 07:15:00,0.32432432432432434,0.6756756756756757
edvinas tamashauskas,valerii ignatev,20,4,4.2,81.45,2024-08-08 18:20:00,0.2,0.8
edvinas tamashauskas,yevhenii cherkashyn,22,6,4.136363636363637,76.0909090909091,2025-02-05 12:15:00,0.2727272727272727,0.7272727272727273
emil michalski,igor misztal,48,15,3.9375,73.4375,2024-07-09 23:00:00,0.3125,0.6875
emil michalski,jakub caban,20,5,4.05,74.4,2024-07-03 02:30:00,0.25,0.75
emil michalski,jerzy kuzmicz,29,8,4.068965517241379,77.65517241379311,2024-07-10 04:30:00,0.27586206896551724,0.7241379310344828
emil michalski,marek pyzik,47,21,3.6595744680851063,67.85106382978724,2024-07-10 23:30:00,0.44680851063829785,0.5531914893617021
emil michalski,mleczko mateusz,36,14,3.9444444444444446,74.22222222222223,2024-07-11 01:00:00,0.3888888888888889,0.6111111111111112
emil michalski,piotr morawski,34,10,4.0,75.8529411764706,2024-07-10 02:30:00,0.29411764705882354,0.7058823529411764
emil nowak,filip kociuba,58,21,3.9655172413793105,73.98275862068965,2024-01-11 10:35:00,0.3620689655172414,0.6379310344827587
emil nowak,jakub lamperski,26,6,4.115384615384615,80.76923076923077,2023-06-14 07:00:00,0.23076923076923078,0.7692307692307692
emil nowak,jan masternak,44,14,4.0,78.88636363636364,2024-07-10 16:30:00,0.3181818181818182,0.6818181818181819
emil nowak,karol urbanowicz,38,17,3.8421052631578947,72.3157894736842,2023-05-14 06:30:00,0.4473684210526316,0.5526315789473684
emil nowak,kayque valois,93,28,3.967741935483871,73.10752688172043,2024-01-14 13:35:00,0.3010752688172043,0.6989247311827957
emil nowak,maciej kolek,45,10,4.0,76.06666666666666,2024-01-14 21:35:00,0.2222222222222222,0.7777777777777778
emil nowak,michal lysakowski,69,24,3.9130434782608696,73.55072463768116,2024-01-14 15:35:00,0.34782608695652173,0.6521739130434783
emil nowak,milosz kukawka,58,29,3.6551724137931036,65.6896551724138,2023-12-17 22:40:00,0.5,0.5
emil nowak,pawel gola,56,18,4.017857142857143,77.28571428571429,2024-07-11 11:25:00,0.32142857142857145,0.6785714285714286
emil nowak,piotr krukar,20,11,3.6,68.05,2023-09-24 00:30:00,0.55,0.44999999999999996
emil nowak,sylwester wloszek,106,42,3.849056603773585,73.17924528301887,2024-07-11 08:35:00,0.39622641509433965,0.6037735849056604
enrique alarcon,jose reverte,35,9,4.085714285714285,76.28571428571429,2024-12-06 16:10:00,0.2571428571428571,0.7428571428571429
enrique alarcon,pedro chavez,22,2,4.590909090909091,87.86363636363636,2023-05-01 08:10:00,0.09090909090909091,0.9090909090909091
eryk skura,jakub nowak,30,8,3.966666666666667,79.0,2024-02-18 19:35:00,0.26666666666666666,0.7333333333333334
eryk skura,jan masternak,88,24,4.0227272727272725,81.5340909090909,2025-11-01 09:05:00,0.2727272727272727,0.7272727272727273
eryk skura,jan molenda,69,14,4.173913043478261,78.53623188405797,2024-11-03 14:35:00,0.2028985507246377,0.7971014492753623
eryk skura,kacper turecki,30,6,4.1,75.13333333333334,2025-08-21 08:35:00,0.2,0.8
eryk skura,karol guzi,51,11,4.215686274509804,81.01960784313725,2024-03-18 18:05:00,0.21568627450980393,0.7843137254901961
eryk skura,karol sulkowski,58,22,3.8275862068965516,72.75862068965517,2025-11-01 12:45:00,0.3793103448275862,0.6206896551724138
eryk skura,kolos arkadiusz,30,7,4.2,79.56666666666666,2025-08-21 13:55:00,0.23333333333333334,0.7666666666666666
eryk skura,krzysztof zapala,52,11,4.173076923076923,83.17307692307692,2025-01-11 06:00:00,0.21153846153846154,0.7884615384615384
eryk skura,marcin stepien,124,30,4.161290322580645,79.01612903225806,2025-07-31 17:05:00,0.24193548387096775,0.7580645161290323
eryk skura,pawel gola,39,5,4.3076923076923075,80.58974358974359,2025-08-09 10:05:00,0.1282051282051282,0.8717948717948718
eryk skura,rafal ucinski,31,8,4.096774193548387,78.58064516129032,2024-12-26 08:05:00,0.25806451612903225,0.7419354838709677
eryk skura,stapor rafal,99,28,4.02020202020202,75.33333333333333,2025-07-21 16:05:00,0.2828282828282828,0.7171717171717171
eryk skura,sylwester wloszek,25,10,3.88,74.24,2025-02-08 09:30:00,0.4,0.6
fabian sikora,franciszek jastrzebowski,43,8,4.093023255813954,78.18604651162791,2024-05-14 21:40:00,0.18604651162790697,0.813953488372093
fabian sikora,gracjan rokita,168,17,4.357142857142857,82.53571428571429,2025-12-01 19:30:00,0.10119047619047619,0.8988095238095238
fabian sikora,grzegorz jez,116,42,3.8793103448275863,71.5603448275862,2025-12-12 19:30:00,0.3620689655172414,0.6379310344827587
fabian sikora,jakub nowak,67,14,4.253731343283582,79.67164179104478,2024-10-06 12:30:00,0.208955223880597,0.791044776119403
fabian sikora,jan molenda,24,6,3.9583333333333335,73.58333333333333,2025-04-06 10:05:00,0.25,0.75
fabian sikora,jerzy pelka,24,3,4.291666666666667,82.0,2024-09-26 18:00:00,0.125,0.875
fabian sikora,karol guzi,40,11,4.075,78.825,2025-12-12 16:00:00,0.275,0.725
fabian sikora,karol prokop,22,3,4.2272727272727275,79.22727272727273,2024-08-23 18:00:00,0.13636363636363635,0.8636363636363636
fabian sikora,krzysztof wenda,22,4,4.045454545454546,75.81818181818181,2024-05-19 20:35:00,0.18181818181818182,0.8181818181818181
fabian sikora,krzysztof zapala,95,25,4.073684210526316,78.63157894736842,2025-12-11 23:10:00,0.2631578947368421,0.736842105263158
fabian sikora,kuba golaszewski,50,14,4.04,76.26,2025-10-16 20:55:00,0.28,0.72
fabian sikora,marek chybinski,199,76,3.85929648241206,71.15075376884423,2025-12-12 15:00:00,0.38190954773869346,0.6180904522613065
fabian sikora,mateusz sikon,75,31,3.8933333333333335,73.62666666666667,2025-11-23 10:30:00,0.41333333333333333,0.5866666666666667
fabian sikora,michal bracha,107,29,4.046728971962617,75.74766355140187,2025-08-27 18:30:00,0.27102803738317754,0.7289719626168225
fabian sikora,michal piekarczyk,23,7,3.9565217391304346,74.47826086956522,2025-09-28 07:30:00,0.30434782608695654,0.6956521739130435
fabian sikora,michal szostak,76,16,4.157894736842105,78.30263157894737,2024-06-24 18:00:00,0.21052631578947367,0.7894736842105263
fabian sikora,milosz cesarz,21,6,3.9523809523809526,73.23809523809524,2024-03-11 13:05:00,0.2857142857142857,0.7142857142857143
fabian sikora,pawel kos,193,62,3.9274611398963732,72.38341968911917,2025-12-12 18:00:00,0.32124352331606215,0.6787564766839378
fabian sikora,piotr kedzierski,44,20,3.727272727272727,68.88636363636364,2023-12-25 10:15:00,0.45454545454545453,0.5454545454545454
fabian sikora,rafal gajda,22,4,4.454545454545454,84.18181818181819,2025-11-20 15:00:00,0.18181818181818182,0.8181818181818181
fabian sikora,rafal ucinski,238,79,3.899159663865546,73.28571428571429,2025-07-16 19:00:00,0.3319327731092437,0.6680672268907564
fabian sikora,ryszard partyka,34,6,4.205882352941177,77.94117647058823,2024-05-09 19:30:00,0.17647058823529413,0.8235294117647058
fabian sikora,stachera tomasz,25,10,3.88,73.08,2025-12-01 21:00:00,0.4,0.6
fabian sikora,tomasz witkowski,70,11,4.2,78.71428571428571,2024-05-14 16:00:00,0.15714285714285714,0.8428571428571429
fernandez marcos,heruan escalona,20,6,4.15,77.5,2023-09-01 07:40:00,0.3,0.7
fernando martinez,hector puerto,22,3,4.136363636363637,80.36363636363636,2025-10-17 14:40:00,0.13636363636363635,0.8636363636363636
filip cernota,filip strejc,89,7,4.280898876404494,82.89887640449439,2025-12-05 16:55:00,0.07865168539325842,0.9213483146067416
filip cernota,jan urbanek,27,8,4.0,72.70370370370371,2023-11-28 10:25:00,0.2962962962962963,0.7037037037037037
filip cernota,jaromir zlamal,186,50,3.8870967741935485,73.47849462365592,2026-04-09 20:25:00,0.26881720430107525,0.7311827956989247
filip cernota,krystof prida,72,11,4.069444444444445,77.43055555555556,2024-05-05 22:35:00,0.1527777777777778,0.8472222222222222
filip cernota,martin stusek,183,37,4.054644808743169,78.10382513661202,2026-04-09 22:30:00,0.20218579234972678,0.7978142076502732
filip cernota,michal spalek,116,32,4.051724137931035,77.29310344827586,2025-01-08 20:25:00,0.27586206896551724,0.7241379310344828
filip cernota,petr silhan,37,5,4.1891891891891895,83.48648648648648,2026-02-19 19:55:00,0.13513513513513514,0.8648648648648649
filip cernota,tomas vorisek,381,94,3.979002624671916,76.08923884514435,2026-04-09 21:25:00,0.24671916010498687,0.7532808398950132
filip cernota,vaclav podrazil,22,0,4.545454545454546,88.0909090909091,2026-02-13 15:55:00,0.0,1.0
filip jakubsky,filip nemec,70,15,4.257142857142857,80.38571428571429,2024-10-29 07:55:00,0.21428571428571427,0.7857142857142857
filip jakubsky,jachym zacharda,36,9,4.166666666666667,76.86111111111111,2025-08-02 06:55:00,0.25,0.75
filip jakubsky,jan benak,20,6,4.05,74.3,2025-08-01 18:45:00,0.3,0.7
filip jakubsky,jan kocab,34,10,4.0588235294117645,76.73529411764706,2025-08-10 14:25:00,0.29411764705882354,0.7058823529411764
filip jakubsky,matej beran,26,2,4.346153846153846,81.88461538461539,2025-07-17 20:25:00,0.07692307692307693,0.9230769230769231
filip jakubsky,ondrej fiklik,34,9,4.029411764705882,76.6470588235294,2025-08-10 11:10:00,0.2647058823529412,0.7352941176470589
filip jakubsky,ondrej kadavy,47,12,4.0212765957446805,77.2127659574468,2025-08-02 08:25:00,0.2553191489361702,0.7446808510638299
filip jakubsky,pavel benes,30,0,4.466666666666667,87.6,2025-07-31 22:25:00,0.0,1.0
filip jakubsky,petr vanek,22,9,3.8181818181818183,73.4090909090909,2025-07-31 18:55:00,0.4090909090909091,0.5909090909090908
filip jakubsky,tomas cerveny,21,6,3.9523809523809526,76.95238095238095,2025-02-13 20:55:00,0.2857142857142857,0.7142857142857143
filip jakubsky,vaclav hejda,26,8,4.153846153846154,78.23076923076923,2025-07-22 16:25:00,0.3076923076923077,0.6923076923076923
filip jakubsky,vaclav nadvornik,43,11,4.116279069767442,76.16279069767442,2025-02-17 23:10:00,0.2558139534883721,0.7441860465116279
filip kociuba,jakub kuzmicz,26,6,4.0,72.88461538461539,2024-02-15 10:00:00,0.23076923076923078,0.7692307692307692
filip kociuba,jakub lamperski,21,8,3.8095238095238093,71.04761904761905,2023-05-24 08:00:00,0.38095238095238093,0.6190476190476191
filip kociuba,jan masternak,24,10,4.0,73.66666666666667,2024-09-22 05:30:00,0.4166666666666667,0.5833333333333333
filip kociuba,kayque valois,165,60,3.860606060606061,70.67878787878787,2024-12-04 11:00:00,0.36363636363636365,0.6363636363636364
filip kociuba,krzysztof pawlowski,36,12,3.888888888888889,73.61111111111111,2025-02-07 06:30:00,0.3333333333333333,0.6666666666666667
filip kociuba,maciej kolek,196,81,3.7806122448979593,70.24489795918367,2025-02-17 11:00:00,0.413265306122449,0.5867346938775511
filip kociuba,marcin stepien,28,14,3.6785714285714284,67.78571428571429,2025-02-13 06:50:00,0.5,0.5
filip kociuba,mateusz galus,21,9,3.761904761904762,69.76190476190476,2025-02-17 09:00:00,0.42857142857142855,0.5714285714285714
filip kociuba,michal lysakowski,231,103,3.74025974025974,69.8961038961039,2025-02-16 22:30:00,0.4458874458874459,0.5541125541125541
filip kociuba,milosz kukawka,131,66,3.6564885496183206,66.35114503816794,2025-02-17 08:00:00,0.5038167938931297,0.4961832061068703
filip kociuba,pawel gola,98,40,3.795918367346939,70.6938775510204,2025-02-13 07:30:00,0.40816326530612246,0.5918367346938775
filip kociuba,piotr krukar,28,11,3.75,68.60714285714286,2023-10-28 13:00:00,0.39285714285714285,0.6071428571428572
filip kociuba,stapor rafal,28,13,3.8214285714285716,71.35714285714286,2024-12-08 07:00:00,0.4642857142857143,0.5357142857142857
filip kociuba,sylwester wloszek,156,68,3.7948717948717947,71.47435897435898,2025-02-13 14:00:00,0.4358974358974359,0.5641025641025641
filip kopecky,jakub jenicek,33,6,4.242424242424242,82.18181818181819,2024-04-29 10:00:00,0.18181818181818182,0.8181818181818181
filip kopecky,jan hendrych,37,18,3.72972972972973,69.91891891891892,2024-10-13 14:05:00,0.4864864864864865,0.5135135135135135
filip kopecky,jan simecek,44,15,3.9545454545454546,73.22727272727273,2024-03-11 08:25:00,0.3409090909090909,0.6590909090909092
filip kopecky,jonas kulveit,45,10,4.222222222222222,80.17777777777778,2024-04-27 16:50:00,0.2222222222222222,0.7777777777777778
filip kopecky,marek kulisek,51,7,4.215686274509804,80.45098039215686,2024-04-20 22:00:00,0.13725490196078433,0.8627450980392157
filip kopecky,martin kocvara,31,11,4.0,73.29032258064517,2023-08-27 13:55:00,0.3548387096774194,0.6451612903225806
filip kopecky,maxim suvorov,24,6,4.208333333333333,78.20833333333333,2024-04-27 10:00:00,0.25,0.75
filip kopecky,michal brozek,54,17,3.9444444444444446,73.81481481481481,2024-04-12 10:30:00,0.3148148148148148,0.6851851851851851
filip kopecky,miroslav sochor,50,13,4.24,78.78,2024-04-04 11:55:00,0.26,0.74
filip kopecky,ondrej fiklik,42,11,4.142857142857143,77.28571428571429,2024-05-02 13:25:00,0.2619047619047619,0.7380952380952381
filip kopecky,robert jamrich,32,11,3.90625,73.1875,2024-10-11 11:25:00,0.34375,0.65625
filip kopecky,vojtech kosak,20,5,4.0,74.1,2024-01-22 09:25:00,0.25,0.75
filip mandrysz,patrik sturma,29,8,3.9655172413793105,73.65517241379311,2026-04-15 21:15:00,0.27586206896551724,0.7241379310344828
filip marat,horst bauer,40,17,3.875,72.7,2025-08-28 16:10:00,0.425,0.575
filip marat,jan hendrych,109,26,4.128440366972477,79.05504587155963,2026-04-13 15:20:00,0.23853211009174313,0.7614678899082569
filip marat,jan simecek,29,12,3.9655172413793105,75.58620689655173,2025-11-27 15:10:00,0.41379310344827586,0.5862068965517242
filip marat,jan vonasek,32,7,4.0625,77.6875,2026-01-14 08:55:00,0.21875,0.78125
filip marat,jonas kulveit,119,23,4.218487394957983,79.87394957983193,2026-03-21 15:00:00,0.19327731092436976,0.8067226890756303
filip marat,josef ruzicka,93,22,4.139784946236559,78.97849462365592,2025-11-13 13:40:00,0.23655913978494625,0.7634408602150538
filip marat,ladislav moravec,20,9,3.8,69.9,2026-03-12 13:55:00,0.45,0.55
filip marat,martin cerny,42,15,4.119047619047619,76.76190476190476,2025-06-11 19:55:00,0.35714285714285715,0.6428571428571428
filip marat,martin dolezal,118,38,3.9745762711864407,75.51694915254237,2026-03-17 15:20:00,0.3220338983050847,0.6779661016949152
filip marat,martin kocvara,25,6,4.24,79.8,2025-11-15 16:25:00,0.24,0.76
filip marat,michal brozek,86,23,4.0813953488372094,78.03488372093024,2025-12-04 13:25:00,0.26744186046511625,0.7325581395348837
filip marat,milos frydl,45,11,4.266666666666667,81.64444444444445,2025-11-02 15:05:00,0.24444444444444444,0.7555555555555555
filip marat,miroslav sochor,43,10,4.162790697674419,78.79069767441861,2025-12-23 15:50:00,0.23255813953488372,0.7674418604651163
filip marat,petr korp,26,3,4.423076923076923,87.42307692307692,2024-03-04 23:15:00,0.11538461538461539,0.8846153846153846
filip marat,petr semrad,52,14,4.0576923076923075,77.21153846153847,2024-05-15 12:05:00,0.2692307692307692,0.7307692307692308
filip marat,robert jamrich,29,7,4.172413793103448,77.75862068965517,2026-04-07 17:25:00,0.2413793103448276,0.7586206896551724
filip marat,vaclav jr hejda,89,11,4.415730337078652,85.75280898876404,2026-03-23 15:35:00,0.12359550561797752,0.8764044943820225
filip marat,vlastimil kolar,56,17,4.017857142857143,74.44642857142857,2025-11-27 12:55:00,0.30357142857142855,0.6964285714285714
filip marat,zdenek muhlhauser,24,8,3.9166666666666665,73.70833333333333,2024-04-13 19:25:00,0.3333333333333333,0.6666666666666667
filip marat,zdenek zahradka,31,7,4.064516129032258,75.90322580645162,2026-04-19 07:25:00,0.22580645161290322,0.7741935483870968
filip musil,jakub rolik,38,6,4.342105263157895,83.39473684210526,2026-04-17 15:50:00,0.15789473684210525,0.8421052631578947
filip musil,jaroslav brynych,22,5,4.136363636363637,77.68181818181819,2026-04-06 10:50:00,0.22727272727272727,0.7727272727272727
filip musil,michal nemec,97,30,4.020618556701031,75.0618556701031,2026-04-17 17:55:00,0.30927835051546393,0.6907216494845361
filip musil,radek zeman,44,13,4.045454545454546,73.11363636363636,2026-03-15 15:20:00,0.29545454545454547,0.7045454545454546
filip musil,roman urban,21,6,4.142857142857143,75.38095238095238,2025-08-15 12:40:00,0.2857142857142857,0.7142857142857143
filip musil,simon matousch,26,9,4.076923076923077,78.07692307692308,2026-03-14 15:25:00,0.34615384615384615,0.6538461538461539
filip nemec,jan benak,21,10,3.761904761904762,68.04761904761905,2024-10-23 12:55:00,0.47619047619047616,0.5238095238095238
filip nemec,jan kocab,57,14,4.0701754385964914,75.71929824561404,2024-11-06 07:55:00,0.24561403508771928,0.7543859649122807
filip nemec,marek fabini,42,13,4.0,74.26190476190476,2023-10-10 22:20:00,0.30952380952380953,0.6904761904761905
filip nemec,marek kulisek,29,9,3.896551724137931,72.51724137931035,2024-09-25 21:10:00,0.3103448275862069,0.6896551724137931
filip nemec,martin sulc,22,9,3.8181818181818183,69.13636363636364,2024-01-01 12:55:00,0.4090909090909091,0.5909090909090908
filip nemec,matej beran,80,19,4.125,76.2125,2024-11-06 08:55:00,0.2375,0.7625
filip nemec,ondrej fiklik,180,53,4.033333333333333,76.27777777777777,2024-11-06 10:55:00,0.29444444444444445,0.7055555555555555
filip nemec,ondrej kadavy,47,6,4.127659574468085,78.46808510638297,2024-09-26 21:10:00,0.1276595744680851,0.8723404255319149
filip nemec,petr dvorak,38,12,4.0,75.78947368421052,2024-07-27 14:55:00,0.3157894736842105,0.6842105263157895
filip nemec,petr vanek,31,7,4.225806451612903,81.2258064516129,2024-11-01 12:25:00,0.22580645161290322,0.7741935483870968
filip nemec,vaclav nadvornik,27,12,3.814814814814815,69.92592592592592,2024-10-07 11:25:00,0.4444444444444444,0.5555555555555556
filip nemec,viktor skokan,45,7,4.266666666666667,80.6,2024-04-24 10:40:00,0.15555555555555556,0.8444444444444444
filip sikora,rostislav niezgoda,29,12,3.9655172413793105,73.6896551724138,2026-04-16 15:45:00,0.41379310344827586,0.5862068965517242
filip strejc,jaromir zlamal,20,5,4.25,81.25,2026-04-16 20:50:00,0.25,0.75
filip strejc,lukas soucek,65,18,4.046153846153846,77.1076923076923,2026-04-08 16:55:00,0.27692307692307694,0.7230769230769231
filip strejc,martin stusek,124,38,4.040322580645161,77.00806451612904,2026-04-19 18:25:00,0.3064516129032258,0.6935483870967742
filip strejc,michal spalek,64,16,4.109375,78.203125,2025-01-01 23:00:00,0.25,0.75
filip strejc,petr dvorak,44,12,4.0,77.06818181818181,2024-03-14 18:25:00,0.2727272727272727,0.7272727272727273
filip strejc,petr silhan,36,10,4.027777777777778,76.08333333333333,2026-03-23 16:25:00,0.2777777777777778,0.7222222222222222
filip strejc,tomas cerveny,20,6,4.1,78.55,2024-02-26 19:35:00,0.3,0.7
filip strejc,tomas flicek,65,8,4.446153846153846,83.98461538461538,2026-03-26 17:55:00,0.12307692307692308,0.8769230769230769
filip strejc,tomas vorisek,234,62,4.076923076923077,77.71794871794872,2026-04-19 15:25:00,0.26495726495726496,0.7350427350427351
filip strejc,vaclav podrazil,47,13,4.127659574468085,76.93617021276596,2026-02-25 15:55:00,0.2765957446808511,0.7234042553191489
filip strejc,vit benak,30,6,4.366666666666666,82.33333333333333,2026-04-15 18:00:00,0.2,0.8
francisco	cano,jesus medina,23,3,4.391304347826087,82.95652173913044,2025-06-10 16:40:00,0.13043478260869565,0.8695652173913043
francisco	cano,pablo garcia,25,7,4.12,76.24,2025-10-26 10:50:00,0.28,0.72
francisco	cano,pedro campoy,26,4,4.461538461538462,83.0,2025-08-25 17:10:00,0.15384615384615385,0.8461538461538461
francisco	cano,sanchez juan a,33,9,4.212121212121212,79.93939393939394,2024-05-25 07:10:00,0.2727272727272727,0.7272727272727273
francisco almagro,pedro chavez,24,5,4.416666666666667,86.41666666666667,2023-04-24 17:40:00,0.20833333333333334,0.7916666666666666
francisco cascales,juan cayuela,47,9,4.191489361702128,77.02127659574468,2024-12-26 15:40:00,0.19148936170212766,0.8085106382978724
francisco cascales,leon jose garcia,48,10,4.208333333333333,79.39583333333333,2024-12-26 18:25:00,0.20833333333333334,0.7916666666666666
francisco cascales,pedro j rocamora,23,7,4.043478260869565,76.08695652173913,2024-12-11 15:40:00,0.30434782608695654,0.6956521739130435
francisco cascales,sanchez juan a,35,13,3.914285714285714,73.65714285714286,2024-12-26 16:40:00,0.37142857142857144,0.6285714285714286
francisco moya,juan cayuela,29,6,4.068965517241379,75.41379310344827,2025-02-24 07:40:00,0.20689655172413793,0.7931034482758621
francisco moya,leon jose garcia,37,10,4.027027027027027,76.54054054054055,2025-02-24 12:25:00,0.2702702702702703,0.7297297297297297
francisco moya,pedro j rocamora,35,12,4.0,75.08571428571429,2025-03-09 09:40:00,0.34285714285714286,0.6571428571428571
francisco moya,sanchez juan a,57,14,4.12280701754386,76.94736842105263,2025-03-09 10:15:00,0.24561403508771928,0.7543859649122807
francisco salcido,miller montealegre,25,3,4.32,82.32,2025-10-20 18:10:00,0.12,0.88
franciszek jastrzebowski,gracjan rokita,41,13,3.975609756097561,75.85365853658537,2025-05-07 16:05:00,0.3170731707317073,0.6829268292682926
franciszek jastrzebowski,grzegorz mucha,29,4,4.275862068965517,78.72413793103448,2025-07-08 22:45:00,0.13793103448275862,0.8620689655172413
franciszek jastrzebowski,grzegorz papciak,21,6,4.0,76.66666666666667,2025-04-03 16:35:00,0.2857142857142857,0.7142857142857143
franciszek jastrzebowski,jakub caban,59,19,4.0,75.64406779661017,2025-10-22 19:30:00,0.3220338983050847,0.6779661016949152
franciszek jastrzebowski,jakub skorupa,52,11,4.096153846153846,77.0576923076923,2025-10-25 18:35:00,0.21153846153846154,0.7884615384615384
franciszek jastrzebowski,karol guzi,172,51,3.994186046511628,77.36627906976744,2025-11-30 10:35:00,0.29651162790697677,0.7034883720930232
franciszek jastrzebowski,karol stojek,87,24,4.068965517241379,78.98850574712644,2025-11-27 22:40:00,0.27586206896551724,0.7241379310344828
franciszek jastrzebowski,krzysztof wenda,64,22,3.984375,73.40625,2025-01-23 13:05:00,0.34375,0.65625
franciszek jastrzebowski,leszek maduzia,36,8,4.166666666666667,80.36111111111111,2025-06-12 02:00:00,0.2222222222222222,0.7777777777777778
franciszek jastrzebowski,lukasz buklat,28,8,4.0,75.78571428571429,2025-11-27 22:00:00,0.2857142857142857,0.7142857142857143
franciszek jastrzebowski,lukasz latala,107,10,4.336448598130841,84.90654205607477,2025-10-16 20:30:00,0.09345794392523364,0.9065420560747663
franciszek jastrzebowski,mateusz michta,24,5,4.0,74.875,2025-08-31 16:05:00,0.20833333333333334,0.7916666666666666
franciszek jastrzebowski,mecik patryk,39,9,4.0,78.74358974358974,2025-04-07 18:05:00,0.23076923076923078,0.7692307692307692
franciszek jastrzebowski,michal szostak,42,12,4.023809523809524,76.21428571428571,2025-09-05 18:45:00,0.2857142857142857,0.7142857142857143
franciszek jastrzebowski,pawel domagala,77,12,4.207792207792208,78.58441558441558,2025-11-30 07:05:00,0.15584415584415584,0.8441558441558441
franciszek jastrzebowski,piotr zwolinski,29,7,4.172413793103448,78.27586206896552,2025-07-07 10:35:00,0.2413793103448276,0.7586206896551724
franciszek jastrzebowski,ryszard partyka,36,9,4.194444444444445,80.88888888888889,2024-05-06 20:10:00,0.25,0.75
franciszek jastrzebowski,seweryn nagorzanski,38,6,4.2368421052631575,81.23684210526316,2025-07-12 11:15:00,0.15789473684210525,0.8421052631578947
franciszek jastrzebowski,tomasz witkowski,163,43,4.116564417177914,76.59509202453988,2025-11-24 05:30:00,0.26380368098159507,0.7361963190184049
franciszek jastrzebowski,wiekiera arkadiusz,65,17,4.076923076923077,78.72307692307692,2025-11-24 02:00:00,0.26153846153846155,0.7384615384615385
frantisek 	chaloupka,jan krupnik,21,5,4.285714285714286,82.57142857142857,2026-04-13 14:45:00,0.23809523809523808,0.7619047619047619
frantisek 	chaloupka,jan skvrna,20,6,3.95,74.25,2026-04-02 15:45:00,0.3,0.7
frantisek 	chaloupka,kamil kleprlik,33,3,4.212121212121212,80.54545454545455,2026-04-18 18:15:00,0.09090909090909091,0.9090909090909091
frantisek 	chaloupka,radek benes,22,5,4.090909090909091,79.0909090909091,2026-04-18 14:15:00,0.22727272727272727,0.7727272727272727
frantisek balcar,jachym sebl,31,11,3.967741935483871,74.93548387096774,2026-04-05 10:55:00,0.3548387096774194,0.6451612903225806
frantisek balcar,josef ruzicka,29,7,4.206896551724138,81.13793103448276,2025-11-19 08:40:00,0.2413793103448276,0.7586206896551724
frantisek balcar,martin filipek,21,4,4.190476190476191,82.0952380952381,2026-04-14 12:50:00,0.19047619047619047,0.8095238095238095
frantisek balcar,vaclav jr hejda,37,2,4.45945945945946,84.72972972972973,2024-09-20 10:55:00,0.05405405405405406,0.9459459459459459
frantisek balcar,zdenek muhlhauser,28,4,4.285714285714286,80.0,2026-03-09 17:25:00,0.14285714285714285,0.8571428571428572
frantisek balcar,zdenek zahradka,32,13,3.90625,74.65625,2026-03-31 16:50:00,0.40625,0.59375
frantisek camr,petr dvorak,42,14,4.0476190476190474,78.0952380952381,2024-02-16 19:30:00,0.3333333333333333,0.6666666666666667
frantisek camr,tomas beran,35,15,3.742857142857143,70.11428571428571,2024-02-08 08:25:00,0.42857142857142855,0.5714285714285714
frantisek camr,tomas cerveny,38,9,4.052631578947368,77.55263157894737,2024-02-16 17:55:00,0.23684210526315788,0.7631578947368421
frantisek dvorak,jan osmera,20,2,4.4,82.9,2026-03-12 10:25:00,0.1,0.9
frantisek dvorak,michal nemec,35,7,4.314285714285714,79.48571428571428,2025-10-23 10:40:00,0.2,0.8
frantisek dvorak,ondrej knazik,35,8,4.142857142857143,76.82857142857142,2026-04-15 12:20:00,0.22857142857142856,0.7714285714285715
frantisek dvorak,pavel cibik,48,14,4.0,74.64583333333333,2026-04-09 11:50:00,0.2916666666666667,0.7083333333333333
frantisek dvorak,pavel vyvial,24,7,4.0,73.29166666666667,2025-10-23 13:45:00,0.2916666666666667,0.7083333333333333
frantisek dvorak,tomas cerveny jr,54,21,3.962962962962963,73.12962962962963,2026-03-31 10:20:00,0.3888888888888889,0.6111111111111112
frantisek dvorak,tomas rein,71,28,3.915492957746479,72.32394366197182,2026-03-31 12:50:00,0.39436619718309857,0.6056338028169015
frantisek korenek,jakub zahradnicek,30,12,3.9,70.8,2023-04-08 17:52:09,0.4,0.6
frantisek korenek,josef ruzicka,24,5,4.333333333333333,80.625,2023-04-18 09:55:00,0.20833333333333334,0.7916666666666666
gabor dohnal,jachym sebl,50,17,3.92,71.78,2026-02-22 09:55:00,0.34,0.6599999999999999
gabor dohnal,jakub mach,51,12,4.078431372549019,77.29411764705883,2025-12-06 15:50:00,0.23529411764705882,0.7647058823529411
gabor dohnal,jan osmera,21,4,4.0476190476190474,76.14285714285714,2026-02-01 11:55:00,0.19047619047619047,0.8095238095238095
gabor dohnal,jean-baptiste cousin,44,14,4.0,75.27272727272727,2026-04-19 11:55:00,0.3181818181818182,0.6818181818181819
gabor dohnal,josef pistora,21,5,4.095238095238095,73.33333333333333,2024-12-26 14:50:00,0.23809523809523808,0.7619047619047619
gabor dohnal,lukas jirka,29,10,4.0,74.96551724137932,2026-01-10 13:55:00,0.3448275862068966,0.6551724137931034
gabor dohnal,lukas vich,22,7,4.045454545454546,76.0909090909091,2025-09-05 20:10:00,0.3181818181818182,0.6818181818181819
gabor dohnal,marek hluchy,20,8,3.75,69.1,2025-09-30 19:50:00,0.4,0.6
gabor dohnal,martin boltik,31,5,4.258064516129032,79.96774193548387,2025-12-06 19:50:00,0.16129032258064516,0.8387096774193549
gabor dohnal,martin hargas,25,7,4.04,75.0,2026-01-07 20:55:00,0.28,0.72
gabor dohnal,martin topol,39,9,4.102564102564102,77.25641025641026,2025-11-19 01:20:00,0.23076923076923078,0.7692307692307692
gabor dohnal,ondrej knazik,80,21,4.05,77.325,2026-04-19 10:55:00,0.2625,0.7375
gabor dohnal,pavel cibik,35,12,4.0,74.28571428571429,2025-04-04 19:50:00,0.34285714285714286,0.6571428571428571
gabor dohnal,petr hnizdo,20,3,4.2,81.1,2026-04-12 10:50:00,0.15,0.85
gabor dohnal,petr kubat,21,3,4.142857142857143,78.04761904761905,2026-02-15 14:20:00,0.14285714285714285,0.8571428571428572
gabor dohnal,petr priscak,35,10,3.9714285714285715,74.51428571428572,2025-12-15 21:55:00,0.2857142857142857,0.7142857142857143
gabor dohnal,petr vodal,123,30,4.08130081300813,76.7560975609756,2026-02-08 14:25:00,0.24390243902439024,0.7560975609756098
gabor dohnal,radek muller,28,9,4.178571428571429,79.5,2026-04-04 14:55:00,0.32142857142857145,0.6785714285714286
gabor dohnal,tomas krejci,57,15,4.052631578947368,76.89473684210526,2025-09-18 20:10:00,0.2631578947368421,0.736842105263158
gabor dohnal,trefny jan,46,11,4.130434782608695,79.17391304347827,2025-11-30 08:50:00,0.2391304347826087,0.7608695652173914
gabor dohnal,vojtech dusan,46,13,4.108695652173913,76.54347826086956,2025-11-20 23:15:00,0.2826086956521739,0.7173913043478262
gabor dohnal,vojtech koutnik,22,8,3.909090909090909,76.68181818181819,2026-04-04 18:00:00,0.36363636363636365,0.6363636363636364
gabor dohnal,vojtech sanc,27,8,4.074074074074074,77.92592592592592,2025-04-22 19:50:00,0.2962962962962963,0.7037037037037037
gabor dohnal,zbynek vyskocil,80,22,4.125,76.775,2025-11-03 20:50:00,0.275,0.725
gabor dohnal,zdenek dusek,54,14,4.203703703703703,78.55555555555556,2025-10-27 23:50:00,0.25925925925925924,0.7407407407407407
gabriel sanchez,hector saaverda,20,8,3.9,72.35,2025-11-27 10:10:00,0.4,0.6
gabriel sanchez,ivan martin,20,9,3.65,67.5,2025-11-27 10:40:00,0.45,0.55
gabriel sanchez,miguel chamorro,39,13,3.923076923076923,76.25641025641026,2025-11-27 09:10:00,0.3333333333333333,0.6666666666666667
gonzalo rodriguez,juan cayuela,35,13,4.085714285714285,75.65714285714286,2025-02-05 20:55:00,0.37142857142857144,0.6285714285714286
gonzalo rodriguez,juan lara,23,4,4.304347826086956,81.69565217391305,2025-02-04 09:10:00,0.17391304347826086,0.8260869565217391
gonzalo rodriguez,leon jose garcia,39,13,3.9743589743589745,76.53846153846153,2025-02-26 18:45:00,0.3333333333333333,0.6666666666666667
gonzalo rodriguez,pedro j rocamora,40,11,3.975,74.375,2025-03-24 09:40:00,0.275,0.725
gonzalo rodriguez,ricard sabio,22,5,4.2272727272727275,78.27272727272727,2024-11-15 18:10:00,0.22727272727272727,0.7727272727272727
gonzalo rodriguez,sanchez juan a,43,5,4.395348837209302,84.0,2025-03-24 08:40:00,0.11627906976744186,0.8837209302325582
gracjan rokita,grzegorz jez,28,6,4.142857142857143,80.07142857142857,2025-11-19 18:05:00,0.21428571428571427,0.7857142857142857
gracjan rokita,jakub nowak,24,4,4.5,83.375,2024-09-12 18:30:00,0.16666666666666666,0.8333333333333334
gracjan rokita,karol guzi,34,3,4.411764705882353,86.3529411764706,2026-02-27 23:30:00,0.08823529411764706,0.9117647058823529
gracjan rokita,karol prokop,23,10,3.782608695652174,71.08695652173913,2025-01-23 18:05:00,0.43478260869565216,0.5652173913043479
gracjan rokita,krzysztof wenda,31,3,4.161290322580645,77.2258064516129,2025-01-10 21:15:00,0.0967741935483871,0.9032258064516129
gracjan rokita,krzysztof zapala,32,8,4.21875,84.96875,2026-02-27 17:00:00,0.25,0.75
gracjan rokita,leszek maduzia,26,4,4.269230769230769,81.38461538461539,2025-04-11 21:30:00,0.15384615384615385,0.8461538461538461
gracjan rokita,marek chybinski,34,14,3.764705882352941,68.26470588235294,2026-02-27 22:00:00,0.4117647058823529,0.5882352941176471
gracjan rokita,mateusz sikon,20,3,4.25,84.15,2026-01-10 22:35:00,0.15,0.85
gracjan rokita,michal bracha,27,5,4.074074074074074,76.70370370370371,2025-07-21 16:00:00,0.18518518518518517,0.8148148148148149
gracjan rokita,michal szostak,120,8,4.508333333333334,84.99166666666666,2025-04-11 14:30:00,0.06666666666666667,0.9333333333333333
gracjan rokita,pawel kos,63,9,4.317460317460317,81.06349206349206,2026-02-27 18:00:00,0.14285714285714285,0.8571428571428572
gracjan rokita,piotr kedzierski,48,9,4.166666666666667,77.9375,2024-05-28 18:05:00,0.1875,0.8125
gracjan rokita,piotr zwolinski,24,3,4.25,80.125,2024-06-25 19:05:00,0.125,0.875
gracjan rokita,rafal ucinski,39,13,3.923076923076923,71.64102564102564,2025-07-13 06:05:00,0.3333333333333333,0.6666666666666667
gracjan rokita,ryszard partyka,39,13,3.9743589743589745,76.41025641025641,2024-05-11 20:00:00,0.3333333333333333,0.6666666666666667
gracjan rokita,tomasz witkowski,117,11,4.461538461538462,84.32478632478633,2025-04-28 17:05:00,0.09401709401709402,0.905982905982906
gracjan rokita,zbigniew gudz,24,6,3.9583333333333335,73.0,2024-01-13 20:30:00,0.25,0.75
gregorio cascales,heruan escalona,31,6,4.193548387096774,79.0,2024-11-07 18:10:00,0.1935483870967742,0.8064516129032258
grigori maltizov,mihkel puhm,20,8,3.9,72.85,2025-02-24 09:55:00,0.4,0.6
grigori maltizov,stanislav kruti,27,10,3.962962962962963,75.5925925925926,2025-02-24 09:15:00,0.37037037037037035,0.6296296296296297
grigori maltizov,yevhenii cherkashyn,36,11,3.9444444444444446,72.58333333333333,2025-02-24 07:45:00,0.3055555555555556,0.6944444444444444
grzegorz jez,jakub nowak,42,13,4.071428571428571,78.28571428571429,2024-10-05 15:05:00,0.30952380952380953,0.6904761904761905
grzegorz jez,karol guzy,28,8,4.071428571428571,75.78571428571429,2023-05-13 18:30:00,0.2857142857142857,0.7142857142857143
grzegorz jez,krzysztof stala,21,4,4.523809523809524,84.14285714285714,2023-05-13 22:30:00,0.19047619047619047,0.8095238095238095
grzegorz jez,krzysztof zapala,91,25,4.164835164835165,79.57142857142857,2025-12-04 19:05:00,0.27472527472527475,0.7252747252747253
grzegorz jez,marek chybinski,68,28,3.8529411764705883,71.80882352941177,2025-12-12 21:30:00,0.4117647058823529,0.5882352941176471
grzegorz jez,mateusz sikon,39,9,4.205128205128205,82.3076923076923,2025-11-22 23:00:00,0.23076923076923078,0.7692307692307692
grzegorz jez,michal bracha,39,14,3.9743589743589745,73.94871794871794,2025-08-31 08:05:00,0.358974358974359,0.641025641025641
grzegorz jez,pawel kos,109,26,4.1192660550458715,78.68807339449542,2025-12-12 17:00:00,0.23853211009174313,0.7614678899082569
grzegorz jez,rafal ucinski,90,28,4.0,72.04444444444445,2025-07-12 18:00:00,0.3111111111111111,0.6888888888888889
grzegorz jez,sebastian sobczyk,28,6,4.142857142857143,80.32142857142857,2024-05-19 19:05:00,0.21428571428571427,0.7857142857142857
grzegorz mucha,grzegorz papciak,44,10,4.0227272727272725,77.0909090909091,2025-06-15 09:30:00,0.22727272727272727,0.7727272727272727
grzegorz mucha,jakub skorupa,29,8,3.9310344827586206,76.13793103448276,2025-08-08 08:35:00,0.27586206896551724,0.7241379310344828
grzegorz mucha,karol guzi,39,7,4.230769230769231,84.53846153846153,2025-08-31 06:30:00,0.1794871794871795,0.8205128205128205
grzegorz mucha,karol prokop,30,10,4.033333333333333,77.56666666666666,2025-08-31 09:00:00,0.3333333333333333,0.6666666666666667
grzegorz mucha,krzysztof wenda,34,18,3.5588235294117645,65.23529411764706,2025-02-01 01:30:00,0.5294117647058824,0.47058823529411764
grzegorz mucha,leszek maduzia,87,10,4.310344827586207,83.63218390804597,2025-06-15 13:00:00,0.11494252873563218,0.8850574712643678
grzegorz mucha,michal szostak,30,9,4.0,76.43333333333334,2025-08-13 17:05:00,0.3,0.7
grzegorz mucha,seweryn nagorzanski,64,11,4.3125,81.140625,2025-09-19 19:00:00,0.171875,0.828125
grzegorz mucha,tomasz witkowski,26,5,3.9615384615384617,72.84615384615384,2025-06-19 01:00:00,0.19230769230769232,0.8076923076923077
grzegorz papciak,karol guzi,34,7,4.117647058823529,77.94117647058823,2025-05-07 01:30:00,0.20588235294117646,0.7941176470588236
grzegorz papciak,krzysztof wenda,24,8,3.6666666666666665,68.41666666666667,2025-01-08 18:00:00,0.3333333333333333,0.6666666666666667
grzegorz papciak,leszek maduzia,20,2,4.0,75.05,2025-06-15 08:30:00,0.1,0.9
grzegorz papciak,seweryn nagorzanski,34,9,3.9705882352941178,74.97058823529412,2025-05-26 20:05:00,0.2647058823529412,0.7352941176470589
grzegorz papciak,tomasz witkowski,23,5,4.086956521739131,77.3913043478261,2025-05-31 23:00:00,0.21739130434782608,0.782608695652174
grzegorz sosnowski,jakub caban,33,10,4.0,74.66666666666667,2025-11-29 18:05:00,0.30303030303030304,0.696969696969697
grzegorz sosnowski,lukasz buklat,29,9,3.896551724137931,73.89655172413794,2025-11-22 20:35:00,0.3103448275862069,0.6896551724137931
guillermo sanchez,juan cayuela,39,11,4.0,72.46153846153847,2025-09-09 17:20:00,0.28205128205128205,0.717948717948718
guillermo sanchez,leon jose garcia,70,24,4.0,73.12857142857143,2025-09-10 09:50:00,0.34285714285714286,0.6571428571428571
guillermo sanchez,pedro j rocamora,27,7,4.037037037037037,75.37037037037037,2025-08-11 06:40:00,0.25925925925925924,0.7407407407407407
guillermo sanchez,sanchez juan a,49,15,3.877551020408163,72.10204081632654,2025-09-09 14:10:00,0.30612244897959184,0.6938775510204082
gustav lomsky,jakub rolik,20,4,4.25,80.7,2024-05-26 09:25:00,0.2,0.8
gustav lomsky,pavel vilhelm,44,12,4.0,73.88636363636364,2024-10-12 18:50:00,0.2727272727272727,0.7272727272727273
gustav lomsky,pavel vyvial,25,9,3.84,70.08,2024-03-24 18:55:00,0.36,0.64
gustav lomsky,vlastimil kocvara,27,10,3.7777777777777777,68.48148148148148,2024-01-10 21:20:00,0.37037037037037035,0.6296296296296297
hector saaverda,ivan martin,47,22,3.7872340425531914,69.65957446808511,2025-11-27 08:40:00,0.46808510638297873,0.5319148936170213
hector saaverda,miguel chamorro,64,18,3.9375,73.8125,2025-11-27 11:10:00,0.28125,0.71875
heiki magi,liu le,27,7,3.962962962962963,72.5925925925926,2024-06-17 17:45:00,0.25925925925925924,0.7407407407407407
heiki magi,mart martin,20,9,3.95,73.7,2024-12-23 09:45:00,0.45,0.55
heiki magi,philip kharchenko,26,10,3.8461538461538463,69.53846153846153,2024-04-01 05:45:00,0.38461538461538464,0.6153846153846154
heiki magi,sander taaber,20,7,3.95,75.45,2024-06-20 06:45:00,0.35,0.65
heiki magi,sergei provodin,21,6,4.142857142857143,77.80952380952381,2024-06-17 18:15:00,0.2857142857142857,0.7142857142857143
heruan escalona,jose cano,45,13,4.066666666666666,76.0,2024-11-01 15:40:00,0.28888888888888886,0.7111111111111111
heruan escalona,miller montealegre,30,8,4.166666666666667,79.13333333333334,2024-10-09 16:40:00,0.26666666666666666,0.7333333333333334
horst bauer,jan hendrych,79,17,4.215189873417722,78.74683544303798,2025-10-10 17:40:00,0.21518987341772153,0.7848101265822784
horst bauer,josef ruzicka,30,6,4.333333333333333,80.5,2024-12-24 12:55:00,0.2,0.8
horst bauer,mikulas chaloupka,23,5,4.0,75.1304347826087,2025-05-26 16:20:00,0.21739130434782608,0.782608695652174
horst bauer,milan dvorak,60,15,4.15,79.03333333333333,2025-10-14 16:25:00,0.25,0.75
horst bauer,milos frydl,32,7,4.28125,81.46875,2025-10-14 16:55:00,0.21875,0.78125
horst bauer,miroslav sochor,45,16,3.888888888888889,73.08888888888889,2025-09-29 15:10:00,0.35555555555555557,0.6444444444444444
horst bauer,petr moravec,20,6,3.9,73.85,2025-10-10 14:50:00,0.3,0.7
horst bauer,petr semrad,43,15,3.9069767441860463,73.67441860465117,2024-03-05 19:00:00,0.3488372093023256,0.6511627906976745
huber szewczyk,karol guzi,22,4,4.090909090909091,76.86363636363636,2025-11-22 09:00:00,0.18181818181818182,0.8181818181818181
huber szewczyk,michal dabek,40,6,4.225,83.45,2025-12-23 23:40:00,0.15,0.85
igor misztal,jakub caban,54,14,4.12962962962963,77.66666666666667,2024-07-28 01:00:00,0.25925925925925924,0.7407407407407407
igor misztal,jerzy kuzmicz,44,9,4.204545454545454,79.5909090909091,2024-09-19 04:40:00,0.20454545454545456,0.7954545454545454
igor misztal,krzysztof gola,45,20,3.888888888888889,72.04444444444445,2024-04-10 23:00:00,0.4444444444444444,0.5555555555555556
igor misztal,marek pyzik,110,15,4.181818181818182,78.03636363636363,2024-09-11 03:00:00,0.13636363636363635,0.8636363636363636
igor misztal,mecik patryk,81,24,4.049382716049383,77.92592592592592,2024-09-16 01:00:00,0.2962962962962963,0.7037037037037037
igor misztal,mleczko mateusz,57,11,4.140350877192983,79.01754385964912,2024-07-22 01:30:00,0.19298245614035087,0.8070175438596492
igor misztal,piotr morawski,87,15,4.264367816091954,80.73563218390805,2024-09-03 00:30:00,0.1724137931034483,0.8275862068965517
ivan martin,javier benito,77,34,3.8051948051948052,73.02597402597402,2025-02-04 18:45:00,0.44155844155844154,0.5584415584415585
ivan martin,juan c pomares,23,10,3.8260869565217392,67.47826086956522,2025-09-30 16:10:00,0.43478260869565216,0.5652173913043479
ivan martin,juan pedro sanchez,20,4,4.05,77.7,2025-03-04 16:40:00,0.2,0.8
ivan martin,miguel chamorro,143,61,3.7132867132867133,69.95104895104895,2025-11-27 09:40:00,0.42657342657342656,0.5734265734265734
ivan martin,moises alvarez garcia,44,14,3.9318181818181817,74.5,2025-11-18 09:10:00,0.3181818181818182,0.6818181818181819
ivan martin,sancho libre,85,33,3.8588235294117648,70.8,2024-10-15 16:10:00,0.38823529411764707,0.611764705882353
ivo hladik,marek teiml,21,7,4.0476190476190474,75.71428571428571,2025-07-09 17:25:00,0.3333333333333333,0.6666666666666667
jacek bednarz,sebastian sobczyk,23,2,4.3478260869565215,83.43478260869566,2024-11-11 06:00:00,0.08695652173913043,0.9130434782608696
jacek bednarz,szczepan goreczny,23,1,4.391304347826087,85.78260869565217,2025-12-07 09:05:00,0.043478260869565216,0.9565217391304348
jachym sebl,jakub dvorak,25,15,3.48,62.08,2025-09-27 10:00:00,0.6,0.4
jachym sebl,jan osmera,22,5,4.136363636363637,76.5909090909091,2026-04-17 12:50:00,0.22727272727272727,0.7727272727272727
jachym sebl,jean-baptiste cousin,24,7,3.9166666666666665,71.25,2026-04-15 18:50:00,0.2916666666666667,0.7083333333333333
jachym sebl,josef ruzicka,24,11,3.7916666666666665,67.79166666666667,2025-10-01 12:40:00,0.4583333333333333,0.5416666666666667
jachym sebl,martin filipek,35,9,4.057142857142857,79.82857142857142,2026-04-01 13:55:00,0.2571428571428571,0.7428571428571429
jachym sebl,martin hargas,23,8,3.9565217391304346,72.52173913043478,2025-08-14 19:25:00,0.34782608695652173,0.6521739130434783
jachym sebl,ondrej knazik,134,47,4.007462686567164,75.1268656716418,2026-04-01 10:55:00,0.35074626865671643,0.6492537313432836
jachym sebl,petr hnizdo,39,25,3.5128205128205128,64.82051282051282,2026-04-05 11:55:00,0.6410256410256411,0.3589743589743589
jachym sebl,petr kubat,39,15,3.923076923076923,74.84615384615384,2026-04-15 19:20:00,0.38461538461538464,0.6153846153846154
jachym sebl,petr vodal,37,14,3.8378378378378377,73.24324324324324,2026-04-19 14:20:00,0.3783783783783784,0.6216216216216216
jachym sebl,radek muller,74,30,3.9324324324324325,75.0945945945946,2025-12-03 09:20:00,0.40540540540540543,0.5945945945945945
jachym sebl,richard marsik,48,15,3.8958333333333335,73.14583333333333,2024-07-08 08:50:00,0.3125,0.6875
jachym sebl,tomas krejci,47,20,3.851063829787234,71.1063829787234,2025-08-17 09:10:00,0.425531914893617,0.574468085106383
jachym sebl,tomas rein,23,9,3.782608695652174,70.1304347826087,2026-02-14 19:30:00,0.391304347826087,0.6086956521739131
jachym sebl,trefny jan,90,37,3.8444444444444446,72.32222222222222,2025-11-24 22:50:00,0.4111111111111111,0.5888888888888889
jachym sebl,vaclav jr hejda,52,13,4.076923076923077,78.75,2024-07-29 11:20:00,0.25,0.75
jachym sebl,vojna daniel,55,14,4.054545454545455,74.78181818181818,2026-04-05 14:00:00,0.2545454545454545,0.7454545454545455
jachym sebl,vojtech dusan,42,14,3.9523809523809526,74.23809523809524,2025-11-24 19:20:00,0.3333333333333333,0.6666666666666667
jachym sebl,vojtech koutnik,87,26,4.045977011494253,75.5632183908046,2026-04-06 10:25:00,0.2988505747126437,0.7011494252873562
jachym sebl,vojtech waldhauser,24,5,4.083333333333333,77.29166666666667,2026-04-17 13:50:00,0.20833333333333334,0.7916666666666666
jachym sebl,zdenek muhlhauser,34,10,4.0,77.3529411764706,2026-02-22 08:55:00,0.29411764705882354,0.7058823529411764
jachym sebl,zdenek zahradka,118,39,3.983050847457627,74.87288135593221,2025-07-04 12:10:00,0.3305084745762712,0.6694915254237288
jachym zacharda,jan benak,38,9,4.2105263157894735,78.21052631578948,2025-10-10 14:55:00,0.23684210526315788,0.7631578947368421
jachym zacharda,jan kocab,40,17,3.95,72.375,2026-01-02 16:35:00,0.425,0.575
jachym zacharda,ondrej fiklik,21,8,3.857142857142857,71.0952380952381,2025-12-24 07:55:00,0.38095238095238093,0.6190476190476191
jachym zacharda,ondrej kadavy,58,13,4.258620689655173,78.67241379310344,2026-04-17 14:55:00,0.22413793103448276,0.7758620689655172
jachym zacharda,pavel benes,27,6,4.0,74.4074074074074,2025-12-12 17:05:00,0.2222222222222222,0.7777777777777778
jachym zacharda,petr vanek,42,10,4.0476190476190474,77.54761904761905,2026-04-03 22:10:00,0.23809523809523808,0.7619047619047619
jachym zacharda,tomas cerveny,23,7,3.9565217391304346,73.6086956521739,2024-12-20 19:40:00,0.30434782608695654,0.6956521739130435
jachym zacharda,vaclav nadvornik,67,20,4.044776119402985,74.83582089552239,2026-04-03 21:25:00,0.29850746268656714,0.7014925373134329
jachym zacharda,vit benak,21,7,3.9047619047619047,74.0,2025-11-07 16:55:00,0.3333333333333333,0.6666666666666667
jakub caban,karol stojek,59,15,4.033898305084746,79.40677966101696,2026-04-13 21:00:00,0.2542372881355932,0.7457627118644068
jakub caban,krzysztof gola,20,7,3.85,71.25,2024-04-09 00:00:00,0.35,0.65
jakub caban,lukasz buklat,71,16,4.098591549295775,77.47887323943662,2026-04-08 22:50:00,0.22535211267605634,0.7746478873239436
jakub caban,lukasz latala,27,3,4.518518518518518,87.29629629629629,2025-10-12 23:00:00,0.1111111111111111,0.8888888888888888
jakub caban,marek pyzik,32,10,3.90625,70.5,2024-07-03 00:30:00,0.3125,0.6875
jakub caban,mateusz michta,41,15,3.8780487804878048,72.2439024390244,2026-02-09 17:30:00,0.36585365853658536,0.6341463414634146
jakub caban,mecik patryk,51,16,4.019607843137255,76.70588235294117,2025-03-28 05:40:00,0.3137254901960784,0.6862745098039216
jakub caban,mleczko mateusz,20,9,3.8,70.35,2024-06-15 00:30:00,0.45,0.55
jakub caban,pawel domagala,76,14,4.2105263157894735,79.48684210526316,2026-04-13 21:40:00,0.18421052631578946,0.8157894736842105
jakub caban,piotr kedzierski,25,9,4.04,73.8,2026-03-16 21:30:00,0.36,0.64
jakub caban,piotr morawski,28,10,3.857142857142857,72.75,2024-07-28 02:10:00,0.35714285714285715,0.6428571428571428
jakub caban,szymon ciemiega,22,8,3.8636363636363638,74.0909090909091,2024-11-28 03:40:00,0.36363636363636365,0.6363636363636364
jakub caban,tomasz witkowski,60,10,4.216666666666667,80.28333333333333,2026-02-01 12:05:00,0.16666666666666666,0.8333333333333334
jakub caban,wiekiera arkadiusz,46,13,4.130434782608695,82.95652173913044,2026-04-13 15:30:00,0.2826086956521739,0.7173913043478262
jakub chmielowski,jakub kuzmicz,22,6,4.045454545454546,76.68181818181819,2023-09-06 01:00:00,0.2727272727272727,0.7272727272727273
jakub dvorak,josef ruzicka,43,11,4.046511627906977,76.65116279069767,2025-10-18 09:20:00,0.2558139534883721,0.7441860465116279
jakub dvorak,vojna daniel,49,12,4.142857142857143,78.28571428571429,2026-03-31 16:20:00,0.24489795918367346,0.7551020408163265
jakub dvorak,vojtech koutnik,34,10,4.0,74.82352941176471,2025-09-27 06:20:00,0.29411764705882354,0.7058823529411764
jakub dvorak,zdenek muhlhauser,31,13,3.870967741935484,75.09677419354838,2026-04-16 16:25:00,0.41935483870967744,0.5806451612903225
jakub dvorak,zdenek zahradka,97,30,4.020618556701031,74.81443298969072,2026-04-19 08:25:00,0.30927835051546393,0.6907216494845361
jakub grzegorczyk,marek chybinski,24,11,3.75,68.04166666666667,2023-05-12 14:05:00,0.4583333333333333,0.5416666666666667
jakub grzegorczyk,mariusz adamus,27,12,3.7037037037037037,67.88888888888889,2023-05-24 15:35:00,0.4444444444444444,0.5555555555555556
jakub jenicek,jan simecek,35,9,4.228571428571429,78.11428571428571,2024-02-06 11:50:00,0.2571428571428571,0.7428571428571429
jakub jenicek,martin kocvara,21,6,3.9523809523809526,74.0952380952381,2023-12-15 11:20:00,0.2857142857142857,0.7142857142857143
jakub jenicek,miroslav sochor,42,15,3.9285714285714284,73.71428571428571,2024-02-22 08:55:00,0.35714285714285715,0.6428571428571428
jakub jenicek,vojtech kosak,29,7,4.275862068965517,78.6896551724138,2024-01-22 07:55:00,0.2413793103448276,0.7586206896551724
jakub kuzmicz,sylwester wloszek,53,17,4.018867924528302,76.28301886792453,2023-10-18 09:00:00,0.32075471698113206,0.679245283018868
jakub lamperski,sylwester wloszek,29,6,4.0,76.62068965517241,2023-07-20 03:30:00,0.20689655172413793,0.7931034482758621
jakub mach,lukas vich,60,14,4.133333333333334,77.03333333333333,2026-04-08 21:55:00,0.23333333333333334,0.7666666666666666
jakub mach,marek dlask,27,11,3.814814814814815,70.55555555555556,2025-12-17 20:20:00,0.4074074074074074,0.5925925925925926
jakub mach,martin topol,65,21,3.953846153846154,75.0,2025-11-13 23:20:00,0.3230769230769231,0.676923076923077
jakub mach,pavel cibik,44,16,3.8863636363636362,72.47727272727273,2026-04-12 06:20:00,0.36363636363636365,0.6363636363636364
jakub mach,pavel vyvial,23,11,3.8260869565217392,72.95652173913044,2025-11-21 23:15:00,0.4782608695652174,0.5217391304347826
jakub mach,petr vodal,24,9,3.875,72.45833333333333,2025-11-22 15:20:00,0.375,0.625
jakub mach,tomas cerveny jr,26,6,4.076923076923077,73.8076923076923,2026-03-27 21:20:00,0.23076923076923078,0.7692307692307692
jakub mach,tomas rein,64,22,4.0,73.359375,2026-04-15 20:25:00,0.34375,0.65625
jakub mach,vladimir milata,24,6,4.208333333333333,80.41666666666667,2025-05-14 21:40:00,0.25,0.75
jakub mach,zbynek vyskocil,78,30,3.858974358974359,73.57692307692308,2026-04-14 19:50:00,0.38461538461538464,0.6153846153846154
jakub mach,zdenek dusek,26,12,3.6153846153846154,66.15384615384616,2026-04-12 10:00:00,0.46153846153846156,0.5384615384615384
jakub michalski,kacper slawinski,22,5,4.090909090909091,77.31818181818181,2023-06-16 15:35:00,0.22727272727272727,0.7727272727272727
jakub michalski,marek chybinski,21,3,4.142857142857143,75.71428571428571,2023-07-09 16:05:00,0.14285714285714285,0.8571428571428572
jakub michalski,mariusz koczyba,29,9,3.896551724137931,72.13793103448276,2023-07-23 13:35:00,0.3103448275862069,0.6896551724137931
jakub nowak,jan molenda,20,8,3.85,71.6,2024-09-07 17:00:00,0.4,0.6
jakub nowak,jerzy pelka,24,8,4.0,79.25,2024-08-25 15:30:00,0.3333333333333333,0.6666666666666667
jakub nowak,karol guzy,72,10,4.263888888888889,78.77777777777777,2023-05-14 19:30:00,0.1388888888888889,0.8611111111111112
jakub nowak,krzysztof zapala,128,22,4.359375,84.1953125,2024-10-06 06:00:00,0.171875,0.828125
jakub nowak,marcel mroczka,25,7,3.96,73.64,2024-07-24 20:45:00,0.28,0.72
jakub nowak,marek chybinski,45,13,4.044444444444444,76.31111111111112,2024-06-26 22:10:00,0.28888888888888886,0.7111111111111111
jakub nowak,marek kaczorek,30,9,4.1,75.3,2023-03-28 22:30:00,0.3,0.7
jakub nowak,michal bracha,31,7,4.193548387096774,79.16129032258064,2024-08-12 22:30:00,0.22580645161290322,0.7741935483870968
jakub nowak,pawel kos,35,8,4.114285714285714,76.54285714285714,2024-09-12 17:00:00,0.22857142857142856,0.7714285714285715
jakub nowak,piotr odelski,43,12,4.023255813953488,75.13953488372093,2024-04-28 19:05:00,0.27906976744186046,0.7209302325581395
jakub nowak,rafal skotniczny,21,9,4.0,75.57142857142857,2023-07-26 09:05:00,0.42857142857142855,0.5714285714285714
jakub nowak,rafal ucinski,73,24,4.027397260273973,75.73972602739725,2024-09-29 15:35:00,0.3287671232876712,0.6712328767123288
jakub rolik,jan hruska,23,6,4.130434782608695,77.1304347826087,2024-07-16 13:55:00,0.2608695652173913,0.7391304347826086
jakub rolik,jaroslav sprongl,49,9,4.122448979591836,78.04081632653062,2025-11-07 04:50:00,0.1836734693877551,0.8163265306122449
jakub rolik,jaroslav zamyslicky,41,13,4.024390243902439,75.82926829268293,2025-11-07 00:50:00,0.3170731707317073,0.6829268292682926
jakub rolik,jiri cermak,37,9,4.135135135135135,78.51351351351352,2025-04-05 18:30:00,0.24324324324324326,0.7567567567567568
jakub rolik,josef pistora,21,6,4.0476190476190474,78.61904761904762,2025-06-18 14:05:00,0.2857142857142857,0.7142857142857143
jakub rolik,lukas pour,64,9,4.21875,80.265625,2026-04-04 12:55:00,0.140625,0.859375
jakub rolik,marek dlask,30,5,4.333333333333333,81.9,2026-04-12 21:55:00,0.16666666666666666,0.8333333333333334
jakub rolik,marek teiml,43,15,3.9069767441860463,74.4186046511628,2025-09-20 13:25:00,0.3488372093023256,0.6511627906976745
jakub rolik,michal korycki,20,5,4.2,79.8,2026-04-01 13:30:00,0.25,0.75
jakub rolik,michal nemec,115,28,4.156521739130435,79.9304347826087,2026-04-17 16:50:00,0.24347826086956523,0.7565217391304347
jakub rolik,ondrej sebek,30,5,4.266666666666667,81.33333333333333,2026-04-13 11:50:00,0.16666666666666666,0.8333333333333334
jakub rolik,pavel vilhelm,21,4,4.238095238095238,78.19047619047619,2024-07-04 09:30:00,0.19047619047619047,0.8095238095238095
jakub rolik,pavel vyvial,96,27,3.96875,74.89583333333333,2025-11-27 04:50:00,0.28125,0.71875
jakub rolik,petr litomisky,23,4,4.260869565217392,79.56521739130434,2026-01-13 11:20:00,0.17391304347826086,0.8260869565217391
jakub rolik,petr vrastil,24,3,4.333333333333333,82.25,2025-11-20 15:40:00,0.125,0.875
jakub rolik,radek zeman,138,44,4.072463768115942,75.7536231884058,2026-04-14 17:30:00,0.3188405797101449,0.6811594202898551
jakub rolik,roman urban,84,24,4.178571428571429,78.82142857142857,2025-11-20 19:15:00,0.2857142857142857,0.7142857142857143
jakub rolik,simon matousch,86,13,4.348837209302325,82.13953488372093,2025-12-03 15:20:00,0.1511627906976744,0.8488372093023255
jakub rolik,stanislav jansa,52,15,4.096153846153846,78.09615384615384,2025-11-28 21:50:00,0.28846153846153844,0.7115384615384616
jakub rolik,tomas kocvara,63,12,4.333333333333333,84.22222222222223,2026-01-29 14:20:00,0.19047619047619047,0.8095238095238095
jakub rolik,tomas rein,28,9,4.107142857142857,74.78571428571429,2025-02-07 17:50:00,0.32142857142857145,0.6785714285714286
jakub rolik,vladimir libovicky,22,4,4.181818181818182,79.68181818181819,2024-08-18 12:20:00,0.18181818181818182,0.8181818181818181
jakub rolik,vladimir milata,25,7,4.04,76.04,2026-03-15 12:25:00,0.28,0.72
jakub rolik,vladimir svoboda,35,4,4.457142857142857,85.65714285714286,2024-11-30 12:50:00,0.11428571428571428,0.8857142857142857
jakub rolik,yuliya zaleskaya,33,8,4.181818181818182,78.93939393939394,2024-11-22 12:55:00,0.24242424242424243,0.7575757575757576
jakub skorupa,karol guzi,86,20,4.127906976744186,79.72093023255815,2025-10-26 12:15:00,0.23255813953488372,0.7674418604651163
jakub skorupa,krzysztof wenda,45,8,4.066666666666666,76.31111111111112,2024-12-22 11:35:00,0.17777777777777778,0.8222222222222222
jakub skorupa,leszek maduzia,24,4,4.125,77.83333333333333,2025-03-23 12:00:00,0.16666666666666666,0.8333333333333334
jakub skorupa,lukasz latala,20,5,4.2,79.85,2025-10-01 02:40:00,0.25,0.75
jakub skorupa,michal szostak,22,8,3.909090909090909,75.27272727272727,2025-09-28 10:35:00,0.36363636363636365,0.6363636363636364
jakub skorupa,seweryn nagorzanski,20,4,4.3,80.4,2025-05-02 16:00:00,0.2,0.8
jakub skorupa,tomasz witkowski,49,10,4.183673469387755,79.71428571428571,2025-10-02 01:30:00,0.20408163265306123,0.7959183673469388
jakub zahradnicek,martin filipek,23,7,4.130434782608695,78.73913043478261,2023-11-17 22:20:00,0.30434782608695654,0.6956521739130435
jakub zahradnicek,richard marsik,23,6,4.217391304347826,81.52173913043478,2023-11-10 12:55:00,0.2608695652173913,0.7391304347826086
jakub zahradnicek,vojtech koutnik,20,4,4.25,81.05,2024-02-17 16:25:00,0.2,0.8
jan benak,jan kocab,24,7,4.0,75.0,2025-12-10 15:55:00,0.2916666666666667,0.7083333333333333
jan benak,ondrej fiklik,67,18,3.985074626865672,74.08955223880596,2026-03-25 11:50:00,0.26865671641791045,0.7313432835820896
jan benak,ondrej kadavy,20,3,4.25,78.0,2026-04-03 08:25:00,0.15,0.85
jan benak,pavel benes,34,11,3.9705882352941178,76.76470588235294,2026-04-16 17:50:00,0.3235294117647059,0.6764705882352942
jan benak,petr vanek,23,9,3.869565217391304,71.26086956521739,2026-04-01 15:20:00,0.391304347826087,0.6086956521739131
jan benak,vaclav nadvornik,20,5,4.0,76.15,2026-02-13 07:55:00,0.25,0.75
jan eibich,marek dlask,20,4,4.45,82.1,2025-11-10 20:10:00,0.2,0.8
jan eibich,michal nemec,47,15,3.978723404255319,75.44680851063829,2025-11-16 19:50:00,0.3191489361702128,0.6808510638297872
jan eibich,pavel cibik,34,7,4.117647058823529,79.67647058823529,2024-04-14 14:20:00,0.20588235294117646,0.7941176470588236
jan eibich,radek zeman,20,9,3.65,68.75,2026-04-05 13:55:00,0.45,0.55
jan eibich,roman urban,21,6,3.9047619047619047,73.52380952380952,2025-10-25 18:05:00,0.2857142857142857,0.7142857142857143
jan eibich,zdenek dusek,24,8,3.875,71.5,2024-04-23 10:20:00,0.3333333333333333,0.6666666666666667
jan framberk,jan spiegel,32,11,3.84375,72.9375,2025-10-01 06:40:00,0.34375,0.65625
jan framberk,jaroslav sprongl,27,7,4.037037037037037,76.14814814814815,2025-11-28 00:20:00,0.25925925925925924,0.7407407407407407
jan framberk,marek teiml,41,16,3.902439024390244,70.8048780487805,2025-10-27 19:10:00,0.3902439024390244,0.6097560975609756
jan framberk,martin novak,55,11,4.1454545454545455,75.94545454545455,2025-11-21 02:20:00,0.2,0.8
jan framberk,michal korycki,24,6,4.125,76.91666666666667,2026-01-28 11:20:00,0.25,0.75
jan framberk,miloslav hubka,26,3,4.3076923076923075,78.5,2024-09-20 08:50:00,0.11538461538461539,0.8846153846153846
jan framberk,ondrej sebek,104,26,4.173076923076923,78.65384615384616,2026-01-23 13:20:00,0.25,0.75
jan framberk,pavel vilhelm,30,7,3.966666666666667,73.83333333333333,2025-09-25 10:50:00,0.23333333333333334,0.7666666666666666
jan framberk,petr libovicky,58,19,3.9310344827586206,73.91379310344827,2025-11-26 04:55:00,0.3275862068965517,0.6724137931034483
jan framberk,vaclav nykl,80,30,3.8625,72.225,2025-11-27 11:05:00,0.375,0.625
jan framberk,vladimir libovicky,71,19,4.056338028169014,75.25352112676056,2025-11-27 08:50:00,0.2676056338028169,0.7323943661971831
jan framberk,vladimir svoboda,36,12,4.055555555555555,74.83333333333333,2025-11-28 01:50:00,0.3333333333333333,0.6666666666666667
jan framberk,vojtech hruska,26,7,4.269230769230769,79.15384615384616,2026-01-19 18:20:00,0.2692307692307692,0.7307692307692308
jan gembala,jan skvrna,25,3,4.04,75.4,2026-03-29 19:45:00,0.12,0.88
jan hendrych,jiri plachy,49,8,4.142857142857143,75.3265306122449,2025-11-10 19:05:00,0.16326530612244897,0.8367346938775511
jan hendrych,jonas kulveit,63,25,3.857142857142857,72.58730158730158,2025-12-16 20:25:00,0.3968253968253968,0.6031746031746033
jan hendrych,josef ruzicka,64,15,4.171875,77.640625,2025-11-22 08:25:00,0.234375,0.765625
jan hendrych,marek kulisek,53,18,4.018867924528302,76.50943396226415,2025-04-08 20:25:00,0.33962264150943394,0.6603773584905661
jan hendrych,martin cerny,22,10,3.8636363636363638,70.13636363636364,2024-12-30 16:10:00,0.45454545454545453,0.5454545454545454
jan hendrych,martin dolezal,80,17,4.1625,80.1625,2026-03-17 19:05:00,0.2125,0.7875
jan hendrych,martin sulc,53,21,3.9056603773584904,73.16981132075472,2026-01-07 21:20:00,0.39622641509433965,0.6037735849056604
jan hendrych,maxim suvorov,26,11,3.730769230769231,69.42307692307692,2024-10-22 17:55:00,0.4230769230769231,0.5769230769230769
jan hendrych,michal brozek,64,24,3.9375,74.03125,2024-12-27 20:50:00,0.375,0.625
jan hendrych,milan dvorak,65,16,4.076923076923077,76.9076923076923,2026-04-15 15:50:00,0.24615384615384617,0.7538461538461538
jan hendrych,milan tlusty,29,9,4.068965517241379,77.75862068965517,2026-04-15 14:50:00,0.3103448275862069,0.6896551724137931
jan hendrych,milos frydl,80,27,3.925,73.5625,2025-11-18 15:50:00,0.3375,0.6625
jan hendrych,miroslav sochor,43,11,3.9767441860465116,73.65116279069767,2025-09-05 18:15:00,0.2558139534883721,0.7441860465116279
jan hendrych,petr chlumsky,20,7,3.75,69.85,2025-09-17 14:05:00,0.35,0.65
jan hendrych,petr semrad,45,10,4.177777777777778,76.42222222222222,2023-10-27 14:55:00,0.2222222222222222,0.7777777777777778
jan hendrych,petr vanek,31,9,3.935483870967742,75.61290322580645,2024-01-22 20:40:00,0.2903225806451613,0.7096774193548387
jan hendrych,vojna daniel,37,9,4.108108108108108,76.97297297297297,2026-04-06 14:20:00,0.24324324324324326,0.7567567567567568
jan hendrych,zdenek muhlhauser,27,9,3.962962962962963,76.4074074074074,2025-04-11 16:25:00,0.3333333333333333,0.6666666666666667
jan hendrych,zdenek zahradka,60,18,4.066666666666666,75.35,2026-04-13 16:50:00,0.3,0.7
jan hrncir,marek kulisek,59,12,4.1525423728813555,79.35593220338983,2026-04-17 19:50:00,0.2033898305084746,0.7966101694915254
jan hrncir,martin sulc,96,25,4.1875,76.96875,2026-04-17 20:20:00,0.2604166666666667,0.7395833333333333
jan hrncir,michal brozek,22,7,3.909090909090909,72.0909090909091,2026-03-16 22:50:00,0.3181818181818182,0.6818181818181819
jan hrncir,milan dvorak,29,11,3.896551724137931,74.27586206896552,2026-03-06 15:55:00,0.3793103448275862,0.6206896551724138
jan hrncir,ondrej fiklik,38,9,4.2105263157894735,82.73684210526316,2026-04-06 18:20:00,0.23684210526315788,0.7631578947368421
jan kocab,ondrej fiklik,57,15,3.982456140350877,74.3859649122807,2026-03-21 21:25:00,0.2631578947368421,0.736842105263158
jan kocab,ondrej kadavy,35,12,3.8857142857142857,72.85714285714286,2025-12-07 15:55:00,0.34285714285714286,0.6571428571428571
jan kocab,pavel benes,27,5,4.185185185185185,78.70370370370371,2025-12-02 19:35:00,0.18518518518518517,0.8148148148148149
jan kocab,petr dvorak,31,10,4.096774193548387,76.7741935483871,2024-12-26 08:10:00,0.3225806451612903,0.6774193548387097
jan kocab,petr vanek,28,9,3.9642857142857144,75.67857142857143,2026-03-30 18:00:00,0.32142857142857145,0.6785714285714286
jan kocab,tomas cerveny,44,8,4.25,79.31818181818181,2025-02-07 07:55:00,0.18181818181818182,0.8181818181818181
jan kocab,vaclav nadvornik,30,9,3.966666666666667,75.23333333333333,2025-12-06 19:10:00,0.3,0.7
jan krupnik,jan skvrna,26,2,4.384615384615385,83.0,2026-04-15 05:40:00,0.07692307692307693,0.9230769230769231
jan krupnik,radek benes,45,7,4.088888888888889,76.5111111111111,2026-04-17 13:15:00,0.15555555555555556,0.8444444444444444
jan krupnik,radek sedlacek,20,5,4.1,75.5,2026-03-13 13:50:00,0.25,0.75
jan krupnik,tomas krenek,42,11,4.309523809523809,81.69047619047619,2026-04-13 13:10:00,0.2619047619047619,0.7380952380952381
jan masternak,jan molenda,25,5,4.12,79.08,2024-08-14 21:30:00,0.2,0.8
jan masternak,kacper turecki,38,15,3.8947368421052633,72.39473684210526,2025-12-04 14:55:00,0.39473684210526316,0.6052631578947368
jan masternak,kamil klocek,36,10,4.166666666666667,79.52777777777777,2026-01-22 13:40:00,0.2777777777777778,0.7222222222222222
jan masternak,karol sulkowski,108,39,3.9444444444444446,75.12037037037037,2025-12-05 15:45:00,0.3611111111111111,0.6388888888888888
jan masternak,kayque valois,62,22,3.8225806451612905,72.29032258064517,2024-08-31 09:30:00,0.3548387096774194,0.6451612903225806
jan masternak,kolos arkadiusz,38,7,4.2105263157894735,84.84210526315789,2025-10-01 11:45:00,0.18421052631578946,0.8157894736842105
jan masternak,krzysztof pawlowski,27,7,4.0,77.22222222222223,2025-01-29 09:05:00,0.25925925925925924,0.7407407407407407
jan masternak,maciej kolek,41,10,4.146341463414634,79.97560975609755,2025-11-30 22:30:00,0.24390243902439024,0.7560975609756098
jan masternak,marcin stepien,199,67,4.0201005025125625,76.07537688442211,2026-04-19 21:05:00,0.33668341708542715,0.6633165829145728
jan masternak,mateusz galus,32,6,4.21875,80.28125,2026-04-14 10:30:00,0.1875,0.8125
jan masternak,michal lysakowski,108,33,4.046296296296297,79.91666666666667,2026-04-19 19:05:00,0.3055555555555556,0.6944444444444444
jan masternak,milosz kukawka,100,32,3.91,74.78,2026-01-28 10:30:00,0.32,0.6799999999999999
jan masternak,pawel gola,177,51,4.016949152542373,78.68361581920904,2026-04-19 17:35:00,0.288135593220339,0.711864406779661
jan masternak,pawel kopacki,22,8,3.8181818181818183,72.27272727272727,2026-04-03 05:00:00,0.36363636363636365,0.6363636363636364
jan masternak,stapor rafal,148,47,3.9932432432432434,77.12162162162163,2026-01-31 13:05:00,0.31756756756756754,0.6824324324324325
jan masternak,sylwester wloszek,115,34,4.052173913043478,79.88695652173914,2026-04-19 22:45:00,0.2956521739130435,0.7043478260869565
jan molenda,karol guzi,30,13,3.7,68.4,2024-05-01 17:30:00,0.43333333333333335,0.5666666666666667
jan molenda,kayque valois,27,12,3.8518518518518516,71.07407407407408,2023-08-07 23:00:00,0.4444444444444444,0.5555555555555556
jan molenda,krzysztof zapala,36,12,3.8333333333333335,72.41666666666667,2025-01-10 23:40:00,0.3333333333333333,0.6666666666666667
jan molenda,marcin stepien,51,17,3.843137254901961,71.68627450980392,2024-11-03 14:05:00,0.3333333333333333,0.6666666666666667
jan molenda,marek chybinski,22,2,4.136363636363637,75.18181818181819,2025-04-05 19:30:00,0.09090909090909091,0.9090909090909091
jan molenda,rafal ucinski,34,7,4.0588235294117645,75.26470588235294,2025-04-06 06:05:00,0.20588235294117646,0.7941176470588236
jan molenda,stapor rafal,28,13,3.642857142857143,66.28571428571429,2024-11-02 10:00:00,0.4642857142857143,0.5357142857142857
jan osmera,ondrej knazik,21,1,4.619047619047619,88.28571428571429,2026-03-30 13:55:00,0.047619047619047616,0.9523809523809523
jan osmera,pavel cibik,31,7,4.064516129032258,75.41935483870968,2026-04-07 10:20:00,0.22580645161290322,0.7741935483870968
jan osmera,petr vodal,35,6,4.171428571428572,77.82857142857142,2026-02-08 09:50:00,0.17142857142857143,0.8285714285714285
jan osmera,tomas cerveny jr,41,8,4.219512195121951,80.85365853658537,2026-04-17 13:20:00,0.1951219512195122,0.8048780487804879
jan osmera,tomas rein,30,12,4.0,75.46666666666667,2026-04-13 07:25:00,0.4,0.6
jan simecek,josef ruzicka,61,17,4.163934426229508,76.75409836065573,2025-10-17 12:55:00,0.2786885245901639,0.7213114754098361
jan simecek,martin dolezal,22,10,3.772727272727273,68.31818181818181,2025-09-02 11:50:00,0.45454545454545453,0.5454545454545454
jan simecek,michal brozek,53,19,3.943396226415094,72.9245283018868,2025-11-14 00:20:00,0.3584905660377358,0.6415094339622642
jan simecek,miroslav sochor,36,8,4.166666666666667,78.47222222222223,2025-09-03 15:20:00,0.2222222222222222,0.7777777777777778
jan simecek,ondrej fiklik,28,8,4.178571428571429,76.67857142857143,2025-11-14 01:50:00,0.2857142857142857,0.7142857142857143
jan simecek,petr chlumsky,35,10,4.0285714285714285,75.82857142857142,2025-11-27 13:25:00,0.2857142857142857,0.7142857142857143
jan simecek,vaclav jr hejda,43,14,3.953488372093023,73.88372093023256,2025-11-26 13:55:00,0.32558139534883723,0.6744186046511628
jan skvrna,radek benes,51,7,4.215686274509804,80.92156862745098,2026-04-08 13:10:00,0.13725490196078433,0.8627450980392157
jan skvrna,tomas krenek,28,6,4.142857142857143,78.53571428571429,2026-04-08 10:10:00,0.21428571428571427,0.7857142857142857
jan spiegel,ondrej sebek,22,8,3.909090909090909,73.72727272727273,2025-04-02 06:20:00,0.36363636363636365,0.6363636363636364
jan spiegel,pavel vilhelm,46,16,3.9347826086956523,74.06521739130434,2025-04-24 06:50:00,0.34782608695652173,0.6521739130434783
jan spiegel,vojtech hruska,38,16,3.8947368421052633,71.65789473684211,2025-11-03 08:20:00,0.42105263157894735,0.5789473684210527
jan srnka,ondrej knazik,21,5,4.142857142857143,74.71428571428571,2025-12-27 15:05:00,0.23809523809523808,0.7619047619047619
jan sucharda,martin prusa,20,5,4.1,80.25,2023-07-26 08:25:00,0.25,0.75
jan sucharda,zdenek zahradka,20,5,4.1,76.8,2023-09-11 12:55:00,0.25,0.75
jan trefny,ondrej knazik,29,7,4.206896551724138,80.03448275862068,2023-05-14 11:20:00,0.2413793103448276,0.7586206896551724
jan trefny,tomas barsa,22,11,3.6363636363636362,68.31818181818181,2023-05-14 13:20:00,0.5,0.5
jan urbanek,jaromir zlamal,60,14,4.1,77.75,2023-11-28 09:25:00,0.23333333333333334,0.7666666666666666
jan urbanek,krystof prida,37,16,3.7837837837837838,70.37837837837837,2023-11-24 16:55:00,0.43243243243243246,0.5675675675675675
jan urbanek,michal spalek,21,7,3.9047619047619047,71.23809523809524,2023-09-11 18:55:00,0.3333333333333333,0.6666666666666667
jan urbanek,tomas vorisek,38,17,3.763157894736842,67.92105263157895,2023-11-28 11:00:00,0.4473684210526316,0.5526315789473684
jan volhejn,oldrich stehlik,20,7,4.0,75.4,2026-04-13 10:05:00,0.35,0.65
jan volhejn,tomas bartik,23,10,3.782608695652174,71.43478260869566,2026-04-02 11:35:00,0.43478260869565216,0.5652173913043479
jan vonasek,jonas kulveit,22,9,3.772727272727273,69.27272727272727,2025-12-13 22:05:00,0.4090909090909091,0.5909090909090908
jan vonasek,ladislav moravec,20,3,4.15,79.8,2026-03-22 17:25:00,0.15,0.85
jan vonasek,marek kulisek,24,6,4.083333333333333,78.375,2026-04-16 20:55:00,0.25,0.75
jan vonasek,martin cerny,32,8,4.0625,76.9375,2026-03-13 11:55:00,0.25,0.75
jan vonasek,martin sulc,38,10,4.078947368421052,75.60526315789474,2026-04-03 13:20:00,0.2631578947368421,0.736842105263158
jan vonasek,michal brozek,49,15,4.020408163265306,77.0204081632653,2026-04-08 13:25:00,0.30612244897959184,0.6938775510204082
jan vonasek,ondrej fiklik,59,11,4.135593220338983,78.10169491525424,2026-04-17 07:25:00,0.1864406779661017,0.8135593220338984
jan vonasek,vaclav jr hejda,80,8,4.3625,83.0625,2026-04-17 09:55:00,0.1,0.9
jan vonasek,viktor skokan,40,9,4.2,79.8,2026-04-17 08:25:00,0.225,0.775
jan vonasek,vlastimil kolar,26,10,3.923076923076923,74.46153846153847,2025-11-28 09:25:00,0.38461538461538464,0.6153846153846154
jan zalesky,vlastimil kocvara,21,6,4.142857142857143,75.71428571428571,2023-10-09 13:20:00,0.2857142857142857,0.7142857142857143
jaromir zlamal,krystof prida,66,25,3.893939393939394,70.86363636363636,2024-04-23 19:55:00,0.3787878787878788,0.6212121212121212
jaromir zlamal,martin stusek,135,53,3.903703703703704,72.54074074074074,2026-04-16 19:20:00,0.3925925925925926,0.6074074074074074
jaromir zlamal,michal spalek,60,23,3.8666666666666667,72.35,2025-01-14 23:35:00,0.38333333333333336,0.6166666666666667
jaromir zlamal,petr silhan,60,12,4.15,77.91666666666667,2026-02-25 19:55:00,0.2,0.8
jaromir zlamal,tomas vorisek,239,91,3.8410041841004183,71.6276150627615,2026-04-16 22:00:00,0.3807531380753138,0.6192468619246863
jaroslav brynych,marek dlask,40,9,4.225,80.975,2025-05-29 20:20:00,0.225,0.775
jaroslav brynych,martin plihal,27,9,3.6666666666666665,66.25925925925925,2025-04-12 15:50:00,0.3333333333333333,0.6666666666666667
jaroslav brynych,michal nemec,88,30,3.965909090909091,72.94318181818181,2026-04-06 11:50:00,0.3409090909090909,0.6590909090909092
jaroslav brynych,pavel cibik,41,9,4.219512195121951,79.02439024390245,2026-04-03 16:20:00,0.21951219512195122,0.7804878048780488
jaroslav brynych,pavel vyvial,30,12,3.8,69.63333333333334,2025-09-17 13:40:00,0.4,0.6
jaroslav brynych,petr vodal,34,7,4.323529411764706,82.11764705882354,2024-07-20 11:20:00,0.20588235294117646,0.7941176470588236
jaroslav brynych,tomas rein,25,6,4.16,76.4,2025-04-30 19:20:00,0.24,0.76
jaroslav pilner,jiri volek,21,7,4.0,75.80952380952381,2025-11-24 16:25:00,0.3333333333333333,0.6666666666666667
jaroslav pilner,ondrej fiklik,32,11,3.90625,73.5625,2025-10-09 15:10:00,0.34375,0.65625
jaroslav sindler,jiri  matus,36,3,4.222222222222222,80.30555555555556,2026-04-15 05:45:00,0.08333333333333333,0.9166666666666666
jaroslav sindler,michal kocur,20,0,4.35,80.4,2026-04-19 08:10:00,0.0,1.0
jaroslav sindler,milan zika,20,1,4.3,80.25,2026-04-01 15:15:00,0.05,0.95
jaroslav sindler,patrik sturma,41,2,4.2926829268292686,81.04878048780488,2026-04-13 15:10:00,0.04878048780487805,0.9512195121951219
jaroslav sindler,robert sikora,40,8,4.1,78.15,2026-04-15 07:15:00,0.2,0.8
jaroslav sprongl,jaroslav zamyslicky,26,11,3.9615384615384617,76.46153846153847,2025-11-28 01:20:00,0.4230769230769231,0.5769230769230769
jaroslav sprongl,jiri cermak,63,23,3.9206349206349205,73.57142857142857,2025-11-23 19:20:00,0.36507936507936506,0.6349206349206349
jaroslav sprongl,martin plihal,26,6,4.3076923076923075,81.3076923076923,2025-11-11 02:20:00,0.23076923076923078,0.7692307692307692
jaroslav sprongl,michal nemec,25,3,4.28,80.96,2025-05-16 13:10:00,0.12,0.88
jaroslav sprongl,radek zeman,26,9,3.923076923076923,72.53846153846153,2025-04-02 14:50:00,0.34615384615384615,0.6538461538461539
jaroslav sprongl,roman urban,57,22,3.9298245614035086,72.78947368421052,2025-11-29 22:35:00,0.38596491228070173,0.6140350877192983
jaroslav sprongl,tomas kocvara,39,11,4.0256410256410255,76.48717948717949,2025-08-11 11:40:00,0.28205128205128205,0.717948717948718
jaroslav sprongl,vladimir svoboda,39,8,4.256410256410256,79.64102564102564,2025-11-28 02:50:00,0.20512820512820512,0.7948717948717949
jaroslav sprongl,yuliya zaleskaya,45,15,4.0,75.13333333333334,2025-11-20 03:50:00,0.3333333333333333,0.6666666666666667
jaroslav zamyslicky,jiri celler,24,6,4.166666666666667,77.125,2025-07-30 10:25:00,0.25,0.75
jaroslav zamyslicky,jiri cermak,46,15,4.021739130434782,74.52173913043478,2025-11-17 13:10:00,0.32608695652173914,0.6739130434782609
jaroslav zamyslicky,martin plihal,27,8,4.148148148148148,78.18518518518519,2025-11-21 02:50:00,0.2962962962962963,0.7037037037037037
jaroslav zamyslicky,michal nemec,97,31,4.0,75.24742268041237,2025-11-16 18:05:00,0.31958762886597936,0.6804123711340206
jaroslav zamyslicky,pavel vyvial,21,11,3.7142857142857144,67.52380952380952,2025-11-04 11:20:00,0.5238095238095238,0.47619047619047616
jaroslav zamyslicky,roman urban,92,19,4.195652173913044,79.44565217391305,2025-11-28 02:20:00,0.20652173913043478,0.7934782608695652
jaroslav zamyslicky,tomas kocvara,51,13,4.137254901960785,78.43137254901961,2025-11-22 12:20:00,0.2549019607843137,0.7450980392156863
jaroslav zamyslicky,zdenek dusek,34,13,4.0,75.02941176470588,2024-01-03 08:50:00,0.38235294117647056,0.6176470588235294
javier benito,juan pedro sanchez,29,11,4.0,76.82758620689656,2024-11-25 10:45:00,0.3793103448275862,0.6206896551724138
javier benito,miguel chamorro,135,57,3.837037037037037,73.94814814814815,2025-11-11 17:40:00,0.4222222222222222,0.5777777777777777
javier benito,moises alvarez garcia,70,19,4.071428571428571,79.17142857142858,2025-10-28 18:50:00,0.2714285714285714,0.7285714285714286
javier benito,sancho libre,77,33,3.779220779220779,72.58441558441558,2024-06-28 15:40:00,0.42857142857142855,0.5714285714285714
jean-baptiste cousin,lukas vich,21,9,3.761904761904762,71.04761904761905,2026-04-02 18:20:00,0.42857142857142855,0.5714285714285714
jean-baptiste cousin,ondrej knazik,41,9,4.219512195121951,80.53658536585365,2026-04-19 14:00:00,0.21951219512195122,0.7804878048780488
jean-baptiste cousin,petr vodal,61,16,4.229508196721311,79.91803278688525,2026-04-11 12:25:00,0.26229508196721313,0.7377049180327868
jean-baptiste cousin,tomas krejci,28,13,3.8214285714285716,71.32142857142857,2025-08-11 20:50:00,0.4642857142857143,0.5357142857142857
jean-baptiste cousin,tomas rein,23,7,3.8260869565217392,70.08695652173913,2026-03-30 20:50:00,0.30434782608695654,0.6956521739130435
jean-baptiste cousin,trefny jan,28,6,4.142857142857143,78.42857142857143,2025-11-30 14:50:00,0.21428571428571427,0.7857142857142857
jean-baptiste cousin,vojtech koutnik,37,9,4.135135135135135,77.91891891891892,2026-03-28 16:55:00,0.24324324324324326,0.7567567567567568
jean-baptiste cousin,zbynek vyskocil,20,3,4.4,84.55,2026-03-30 19:00:00,0.15,0.85
jean-baptiste cousin,zdenek dusek,25,6,4.12,78.72,2026-03-07 15:00:00,0.24,0.76
jean-baptiste cousin,zdenek muhlhauser,24,6,4.125,76.66666666666667,2026-04-19 11:25:00,0.25,0.75
jerzy kuzmicz,marek pyzik,45,13,3.911111111111111,73.37777777777778,2024-11-16 16:35:00,0.28888888888888886,0.7111111111111111
jerzy kuzmicz,mleczko mateusz,25,11,3.68,68.48,2024-07-23 23:00:00,0.44,0.56
jerzy kuzmicz,piotr morawski,39,11,4.128205128205129,77.12820512820512,2024-09-03 04:10:00,0.28205128205128205,0.717948717948718
jesus medina,pedro campoy,22,7,3.909090909090909,73.22727272727273,2025-07-24 16:40:00,0.3181818181818182,0.6818181818181819
jesus medina,sanchez juan a,29,7,4.103448275862069,75.72413793103448,2024-01-10 10:15:00,0.2413793103448276,0.7586206896551724
jinshou yu,zahid hossain,20,8,3.8,71.2,2025-10-07 00:25:00,0.4,0.6
jiri  matus,patrik sturma,21,5,4.190476190476191,78.28571428571429,2026-04-12 18:45:00,0.23809523809523808,0.7619047619047619
jiri celler,marek dlask,24,7,4.0,76.0,2026-03-03 20:55:00,0.2916666666666667,0.7083333333333333
jiri celler,michal nemec,35,15,3.8285714285714287,71.02857142857142,2026-02-17 22:55:00,0.42857142857142855,0.5714285714285714
jiri celler,radek zeman,23,9,3.9130434782608696,70.65217391304348,2026-03-03 23:25:00,0.391304347826087,0.6086956521739131
jiri celler,zdenek dusek,24,7,3.875,69.95833333333333,2023-05-21 19:50:00,0.2916666666666667,0.7083333333333333
jiri cermak,martin plihal,21,3,4.380952380952381,84.38095238095238,2025-09-28 19:50:00,0.14285714285714285,0.8571428571428572
jiri cermak,pavel vyvial,22,8,3.909090909090909,72.31818181818181,2025-01-22 11:50:00,0.36363636363636365,0.6363636363636364
jiri cermak,petr litomisky,29,10,3.8620689655172415,73.6896551724138,2025-11-10 14:35:00,0.3448275862068966,0.6551724137931034
jiri cermak,petr vrastil,31,6,4.258064516129032,79.7741935483871,2025-09-17 17:50:00,0.1935483870967742,0.8064516129032258
jiri cermak,radek zeman,22,10,3.8181818181818183,70.68181818181819,2025-08-04 19:40:00,0.45454545454545453,0.5454545454545454
jiri cermak,roman urban,91,33,3.923076923076923,71.72527472527473,2025-10-15 13:40:00,0.3626373626373626,0.6373626373626373
jiri cermak,tomas kocvara,60,16,4.15,78.91666666666667,2025-09-26 13:40:00,0.26666666666666666,0.7333333333333334
jiri cermak,vladimir svoboda,30,10,4.0,75.33333333333333,2025-10-30 02:50:00,0.3333333333333333,0.6666666666666667
jiri cermak,zdenek bron,27,8,3.962962962962963,71.37037037037037,2025-09-07 07:10:00,0.2962962962962963,0.7037037037037037
jiri cerny,martin sulc,40,11,4.05,77.55,2026-04-14 15:25:00,0.275,0.725
jiri cerny,milan dvorak,45,13,3.9555555555555557,74.33333333333333,2026-03-31 14:55:00,0.28888888888888886,0.7111111111111111
jiri cerny,miroslav sochor,38,9,4.157894736842105,78.47368421052632,2026-04-14 16:25:00,0.23684210526315788,0.7631578947368421
jiri novotny,petr vicherek,21,4,4.095238095238095,76.19047619047619,2026-04-10 16:15:00,0.19047619047619047,0.8095238095238095
jiri novotny,rostislav niezgoda,23,4,4.217391304347826,78.3913043478261,2026-04-16 14:15:00,0.17391304347826086,0.8260869565217391
jiri plachy,martin dolezal,21,3,4.238095238095238,77.76190476190476,2025-08-11 17:25:00,0.14285714285714285,0.8571428571428572
jiri vanous,radomir benesz,20,9,3.7,70.35,2026-04-18 19:10:00,0.45,0.55
jiri volek,tomas cerveny,32,4,4.0625,75.71875,2024-11-21 19:10:00,0.125,0.875
jiri volek,vaclav hejda,37,14,4.054054054054054,76.24324324324324,2025-10-28 16:25:00,0.3783783783783784,0.6216216216216216
jiri vorac,vojtech sanc,22,4,4.181818181818182,76.86363636363636,2024-04-01 19:55:00,0.18181818181818182,0.8181818181818181
jiri vorac,zdenek dusek,29,7,4.103448275862069,76.24137931034483,2024-03-30 20:05:00,0.2413793103448276,0.7586206896551724
johannes kant,raul pirson,35,13,3.8857142857142857,71.94285714285714,2025-01-24 11:15:00,0.37142857142857144,0.6285714285714286
jokiel patrik,ondrej kus,21,6,4.142857142857143,77.80952380952381,2026-04-18 15:40:00,0.2857142857142857,0.7142857142857143
jonas kulveit,marek kulisek,73,26,3.8904109589041096,71.43835616438356,2025-07-19 19:25:00,0.3561643835616438,0.6438356164383562
jonas kulveit,martin cerny,47,12,4.0212765957446805,73.7872340425532,2025-10-21 11:55:00,0.2553191489361702,0.7446808510638299
jonas kulveit,martin dolezal,56,15,4.107142857142857,76.16071428571429,2026-04-12 09:25:00,0.26785714285714285,0.7321428571428572
jonas kulveit,martin kocvara,51,19,3.8823529411764706,71.0,2025-11-29 17:20:00,0.37254901960784315,0.6274509803921569
jonas kulveit,martin sulc,57,22,3.9473684210526314,71.35087719298245,2026-01-01 18:25:00,0.38596491228070173,0.6140350877192983
jonas kulveit,michal brozek,115,35,3.9478260869565216,73.04347826086956,2025-10-21 14:00:00,0.30434782608695654,0.6956521739130435
jonas kulveit,milos frydl,31,9,4.0,74.58064516129032,2025-11-08 20:55:00,0.2903225806451613,0.7096774193548387
jonas kulveit,miroslav sochor,65,16,4.107692307692307,76.55384615384615,2026-01-09 20:05:00,0.24615384615384617,0.7538461538461538
jonas kulveit,ondrej fiklik,112,27,4.133928571428571,78.79464285714286,2025-08-11 14:05:00,0.24107142857142858,0.7589285714285714
jonas kulveit,petr kotrbaty,31,11,3.903225806451613,69.7741935483871,2025-10-31 12:55:00,0.3548387096774194,0.6451612903225806
jonas kulveit,petr vanek,34,8,4.235294117647059,78.8529411764706,2025-06-29 16:55:00,0.23529411764705882,0.7647058823529411
jonas kulveit,robert jamrich,29,4,4.310344827586207,82.13793103448276,2026-02-20 12:25:00,0.13793103448275862,0.8620689655172413
jonas kulveit,vaclav jr hejda,52,14,4.096153846153846,79.65384615384616,2026-02-20 15:35:00,0.2692307692307692,0.7307692307692308
jonas kulveit,viktor skokan,25,9,3.88,72.88,2025-10-31 13:55:00,0.36,0.64
jonas kulveit,vlastimil kolar,37,18,3.6486486486486487,67.67567567567568,2025-11-28 09:55:00,0.4864864864864865,0.5135135135135135
jose a tejuelo,juan pedro sanchez,82,15,4.2073170731707314,79.71951219512195,2025-11-29 11:10:00,0.18292682926829268,0.8170731707317074
jose a tejuelo,kyrian moledo,22,4,4.2272727272727275,76.27272727272727,2025-11-22 10:40:00,0.18181818181818182,0.8181818181818181
jose a tejuelo,miller montealegre,66,18,4.015151515151516,74.33333333333333,2025-11-29 08:10:00,0.2727272727272727,0.7272727272727273
jose a tejuelo,pablo garcia,26,5,4.1923076923076925,78.3076923076923,2025-11-22 12:20:00,0.19230769230769232,0.8076923076923077
jose a tejuelo,pablo munoz,28,10,4.0,76.60714285714286,2025-11-13 08:10:00,0.35714285714285715,0.6428571428571428
jose a tejuelo,reche jose,45,14,4.133333333333334,77.88888888888889,2025-11-20 12:20:00,0.3111111111111111,0.6888888888888889
jose a tejuelo,stefan ahlstrom,33,12,3.878787878787879,74.21212121212122,2025-10-16 08:40:00,0.36363636363636365,0.6363636363636364
jose cano,miller montealegre,37,9,4.0,77.70270270270271,2025-11-28 16:10:00,0.24324324324324326,0.7567567567567568
jose l. reverte,pedro chavez,22,4,4.409090909090909,85.45454545454545,2023-04-13 17:10:00,0.18181818181818182,0.8181818181818181
jose reverte,leoncio fernandez,34,13,3.8529411764705883,74.55882352941177,2024-12-20 08:10:00,0.38235294117647056,0.6176470588235294
jose reverte,luciano jang,31,6,4.225806451612903,77.61290322580645,2024-05-02 10:00:00,0.1935483870967742,0.8064516129032258
jose reverte,pablo heredia,25,5,4.12,76.12,2025-08-21 15:10:00,0.2,0.8
jose reverte,reche salvador,25,5,4.2,78.28,2024-05-02 08:10:00,0.2,0.8
josef pistora,miroslav hrncal,23,2,4.304347826086956,78.56521739130434,2025-07-17 10:50:00,0.08695652173913043,0.9130434782608696
josef pistora,ondrej knazik,53,13,4.169811320754717,79.05660377358491,2025-03-19 13:50:00,0.24528301886792453,0.7547169811320755
josef pistora,pavel verner,20,6,4.05,76.3,2025-06-03 17:30:00,0.3,0.7
josef pistora,petr vodal,47,7,4.276595744680851,81.02127659574468,2024-12-26 11:50:00,0.14893617021276595,0.851063829787234
josef pistora,tomas krejci,42,13,4.023809523809524,75.80952380952381,2024-08-31 12:20:00,0.30952380952380953,0.6904761904761905
josef pistora,trefny jan,54,22,3.7962962962962963,71.33333333333333,2025-01-15 12:20:00,0.4074074074074074,0.5925925925925926
josef pistora,zbynek vyskocil,21,6,4.238095238095238,82.38095238095238,2025-01-18 14:20:00,0.2857142857142857,0.7142857142857143
josef pistora,zdenek dusek,20,6,4.05,74.3,2024-09-26 13:55:00,0.3,0.7
josef ruzicka,ladislav moravec,24,8,4.041666666666667,74.04166666666667,2025-01-10 07:20:00,0.3333333333333333,0.6666666666666667
josef ruzicka,libor novak,22,6,4.181818181818182,77.4090909090909,2025-02-24 18:30:00,0.2727272727272727,0.7272727272727273
josef ruzicka,martin cerny,21,13,3.5238095238095237,68.19047619047619,2025-01-22 12:25:00,0.6190476190476191,0.38095238095238093
josef ruzicka,martin dolezal,158,34,4.113924050632911,75.67088607594937,2025-11-18 10:25:00,0.21518987341772153,0.7848101265822784
josef ruzicka,martin filipek,37,14,3.7567567567567566,69.10810810810811,2025-11-20 08:20:00,0.3783783783783784,0.6216216216216216
josef ruzicka,michal brozek,24,9,4.041666666666667,76.04166666666667,2025-01-22 13:25:00,0.375,0.625
josef ruzicka,mikulas chaloupka,38,9,4.078947368421052,75.39473684210526,2025-10-20 13:25:00,0.23684210526315788,0.7631578947368421
josef ruzicka,milan tlusty,24,9,3.875,73.16666666666667,2025-10-30 08:50:00,0.375,0.625
josef ruzicka,miroslav sochor,29,13,3.7586206896551726,68.79310344827586,2024-12-24 13:55:00,0.4482758620689655,0.5517241379310345
josef ruzicka,petr chlumsky,54,18,3.9814814814814814,75.9074074074074,2025-10-17 14:30:00,0.3333333333333333,0.6666666666666667
josef ruzicka,petr korp,35,11,4.057142857142857,76.02857142857142,2024-03-06 09:20:00,0.3142857142857143,0.6857142857142857
josef ruzicka,petr kubat,27,14,3.740740740740741,70.5925925925926,2025-11-29 09:55:00,0.5185185185185185,0.4814814814814815
josef ruzicka,petr semrad,76,26,3.9473684210526314,72.4342105263158,2024-08-01 12:55:00,0.34210526315789475,0.6578947368421053
josef ruzicka,radek muller,32,12,3.9375,75.375,2025-11-11 07:55:00,0.375,0.625
josef ruzicka,vaclav jr hejda,107,26,4.168224299065421,80.45794392523365,2025-10-23 07:20:00,0.24299065420560748,0.7570093457943925
josef ruzicka,vojna daniel,55,14,4.181818181818182,78.74545454545455,2025-11-29 09:25:00,0.2545454545454545,0.7454545454545455
josef ruzicka,zdenek muhlhauser,45,12,4.044444444444444,74.57777777777778,2025-06-27 18:40:00,0.26666666666666666,0.7333333333333334
josef ruzicka,zdenek zahradka,116,42,3.8706896551724137,72.04310344827586,2025-11-22 11:40:00,0.3620689655172414,0.6379310344827587
juan c pomares,miguel chamorro,64,16,4.125,77.953125,2025-11-25 18:10:00,0.25,0.75
juan c pomares,sancho libre,27,6,4.222222222222222,80.37037037037037,2024-10-02 17:10:00,0.2222222222222222,0.7777777777777778
juan cayuela,juan lara,103,26,4.145631067961165,80.05825242718447,2025-06-05 07:10:00,0.2524271844660194,0.7475728155339806
juan cayuela,leon jose garcia,81,27,4.049382716049383,75.27160493827161,2025-11-14 08:40:00,0.3333333333333333,0.6666666666666667
juan cayuela,pedro j rocamora,113,43,3.938053097345133,72.88495575221239,2025-11-19 10:40:00,0.3805309734513274,0.6194690265486726
juan cayuela,pedro rodriguez,32,5,4.3125,80.8125,2025-10-11 08:40:00,0.15625,0.84375
juan cayuela,sanchez juan a,155,41,4.129032258064516,77.27096774193548,2025-11-26 08:40:00,0.2645161290322581,0.7354838709677419
juan lara,leoncio fernandez,21,2,4.428571428571429,84.57142857142857,2023-11-26 11:40:00,0.09523809523809523,0.9047619047619048
juan lara,pedro j rocamora,108,45,3.814814814814815,72.43518518518519,2025-06-05 07:40:00,0.4166666666666667,0.5833333333333333
juan lara,pedro j. rocamora,27,8,4.037037037037037,77.81481481481481,2023-05-16 07:40:00,0.2962962962962963,0.7037037037037037
juan lara,ricard sabio,23,10,3.8260869565217392,75.65217391304348,2025-03-25 12:15:00,0.43478260869565216,0.5652173913043479
juan lara,salvador aracil,44,13,4.068181818181818,77.13636363636364,2024-05-19 06:40:00,0.29545454545454547,0.7045454545454546
juan lara,sanchez juan a,54,13,4.092592592592593,77.83333333333333,2025-06-05 10:20:00,0.24074074074074073,0.7592592592592593
juan lara,tapio konttinjarvi,21,4,4.333333333333333,82.71428571428571,2025-04-24 07:10:00,0.19047619047619047,0.8095238095238095
juan m molina,leon jose garcia,26,7,4.076923076923077,75.88461538461539,2025-11-10 11:40:00,0.2692307692307692,0.7307692307692308
juan m molina,sanchez juan a,20,4,4.3,81.2,2025-11-24 15:10:00,0.2,0.8
juan pedro sanchez,miller montealegre,43,12,4.0,75.25581395348837,2025-11-29 07:10:00,0.27906976744186046,0.7209302325581395
juan pedro sanchez,moises alvarez garcia,23,5,4.130434782608695,80.52173913043478,2025-03-20 08:10:00,0.21739130434782608,0.782608695652174
juan pedro sanchez,pablo garcia,20,3,4.15,77.25,2025-11-22 09:40:00,0.15,0.85
juan pedro sanchez,pablo munoz,43,15,3.9767441860465116,75.95348837209302,2025-11-25 09:10:00,0.3488372093023256,0.6511627906976745
juan pedro sanchez,reche jose,28,9,3.9285714285714284,73.17857142857143,2025-11-28 07:10:00,0.32142857142857145,0.6785714285714286
juan pedro sanchez,sanchez juan a,31,7,4.225806451612903,78.48387096774194,2024-01-09 17:40:00,0.22580645161290322,0.7741935483870968
juan pedro sanchez,sancho libre,20,10,3.8,73.3,2024-04-08 09:40:00,0.5,0.5
juan pedro sanchez,stefan ahlstrom,29,10,4.0,74.72413793103448,2025-11-28 08:10:00,0.3448275862068966,0.6551724137931034
judas mimsypohc,kotlyarevskiy semen,51,20,3.8627450980392157,72.7843137254902,2025-08-23 23:30:00,0.39215686274509803,0.607843137254902
judas mimsypohc,louis lu,35,9,4.2,79.34285714285714,2025-06-20 01:50:00,0.2571428571428571,0.7428571428571429
judas mimsypohc,marcin motyka,35,8,4.2,77.88571428571429,2025-08-12 02:55:00,0.22857142857142856,0.7714285714285715
kacper nagel,karol sulkowski,21,3,4.095238095238095,76.76190476190476,2025-02-11 07:05:00,0.14285714285714285,0.8571428571428572
kacper slawinski,marcin lasota,21,5,4.0476190476190474,74.80952380952381,2023-08-31 14:00:00,0.23809523809523808,0.7619047619047619
kacper slawinski,marek chybinski,32,8,4.25,75.875,2023-07-13 15:35:00,0.25,0.75
kacper slawinski,mariusz koczyba,28,7,4.071428571428571,78.71428571428571,2023-08-05 20:35:00,0.25,0.75
kacper turecki,kamil klocek,25,8,4.0,75.08,2025-12-04 13:35:00,0.32,0.6799999999999999
kacper turecki,karol sulkowski,84,21,4.083333333333333,77.42857142857143,2025-12-04 11:05:00,0.25,0.75
kacper turecki,kolos arkadiusz,78,26,3.871794871794872,73.66666666666667,2025-10-09 10:35:00,0.3333333333333333,0.6666666666666667
kacper turecki,mateusz galus,24,13,3.6666666666666665,69.25,2025-12-02 13:05:00,0.5416666666666666,0.45833333333333337
kacper turecki,mateusz zebala,34,15,3.764705882352941,70.52941176470588,2025-11-06 14:35:00,0.4411764705882353,0.5588235294117647
kacper turecki,milosz kukawka,20,6,4.15,78.25,2025-12-03 15:05:00,0.3,0.7
kacper turecki,pawel gola,32,14,3.8125,70.78125,2025-12-03 11:05:00,0.4375,0.5625
kacper turecki,stapor rafal,26,7,4.076923076923077,76.61538461538461,2025-07-21 20:15:00,0.2692307692307692,0.7307692307692308
kacper turecki,sylwester wloszek,23,6,3.9565217391304346,77.08695652173913,2025-12-04 08:35:00,0.2608695652173913,0.7391304347826086
kalinikos kreanga,lukasz buklat,20,7,4.05,75.1,2026-04-02 21:00:00,0.35,0.65
kamil kleprlik,radek benes,23,4,4.043478260869565,77.04347826086956,2026-04-18 15:15:00,0.17391304347826086,0.8260869565217391
kamil klocek,karol sulkowski,35,17,3.742857142857143,71.28571428571429,2025-12-06 06:00:00,0.4857142857142857,0.5142857142857142
kamil klocek,marcin stepien,24,7,4.083333333333333,74.33333333333333,2026-01-22 11:30:00,0.2916666666666667,0.7083333333333333
kamil klocek,milosz kukawka,20,9,3.7,67.5,2026-01-23 10:00:00,0.45,0.55
kamil klocek,pawel gola,31,3,4.258064516129032,78.61290322580645,2026-01-23 14:10:00,0.0967741935483871,0.9032258064516129
kamil klocek,sylwester wloszek,29,9,3.896551724137931,72.0,2026-01-23 06:30:00,0.3103448275862069,0.6896551724137931
karel kastner,marek teiml,84,26,3.988095238095238,74.38095238095238,2025-11-11 18:50:00,0.30952380952380953,0.6904761904761905
karel kastner,martin novak,22,4,4.136363636363637,78.95454545454545,2025-05-06 17:20:00,0.18181818181818182,0.8181818181818181
karel kastner,pavel vyvial,29,17,3.586206896551724,66.75862068965517,2024-08-10 21:50:00,0.5862068965517241,0.4137931034482759
karel kastner,petr libovicky,28,8,4.071428571428571,74.67857142857143,2025-04-28 16:40:00,0.2857142857142857,0.7142857142857143
karel kastner,vladimir libovicky,102,19,4.215686274509804,79.04901960784314,2025-11-04 16:20:00,0.18627450980392157,0.8137254901960784
karel kastner,vladimir svoboda,54,12,4.111111111111111,77.05555555555556,2025-11-29 14:25:00,0.2222222222222222,0.7777777777777778
karel kastner,vojtech strouhal,45,10,4.2444444444444445,80.82222222222222,2025-07-30 16:50:00,0.2222222222222222,0.7777777777777778
karel kastner,zdenek bron,39,13,3.948717948717949,77.05128205128206,2025-11-09 07:50:00,0.3333333333333333,0.6666666666666667
karol guzi,karol prokop,31,9,4.032258064516129,78.3225806451613,2025-08-31 08:00:00,0.2903225806451613,0.7096774193548387
karol guzi,karol stojek,91,24,4.043956043956044,77.36263736263736,2025-11-27 15:10:00,0.26373626373626374,0.7362637362637363
karol guzi,krzysztof wenda,97,35,3.8969072164948453,74.48453608247422,2025-02-10 19:05:00,0.36082474226804123,0.6391752577319587
karol guzi,krzysztof zapala,103,17,4.378640776699029,88.86407766990291,2026-04-16 16:30:00,0.1650485436893204,0.8349514563106796
karol guzi,leszek maduzia,51,10,4.1568627450980395,81.52941176470588,2025-05-27 23:30:00,0.19607843137254902,0.803921568627451
karol guzi,lukasz buklat,63,8,4.253968253968254,82.6984126984127,2025-12-01 17:35:00,0.12698412698412698,0.873015873015873
karol guzi,lukasz latala,115,26,4.130434782608695,79.8695652173913,2025-10-16 22:00:00,0.22608695652173913,0.7739130434782608
karol guzi,maksymilian rus,26,3,4.3076923076923075,83.92307692307692,2025-11-13 23:00:00,0.11538461538461539,0.8846153846153846
karol guzi,marcin stepien,43,9,4.186046511627907,79.46511627906976,2024-01-20 17:30:00,0.20930232558139536,0.7906976744186046
karol guzi,marek chybinski,79,29,3.9746835443037973,75.82278481012658,2026-04-16 20:00:00,0.3670886075949367,0.6329113924050633
karol guzi,mecik patryk,70,17,4.071428571428571,80.9,2025-04-04 06:35:00,0.24285714285714285,0.7571428571428571
karol guzi,michal bracha,21,2,4.142857142857143,78.47619047619048,2024-06-18 16:00:00,0.09523809523809523,0.9047619047619048
karol guzi,michal szostak,56,18,3.982142857142857,77.80357142857143,2025-11-23 10:05:00,0.32142857142857145,0.6785714285714286
karol guzi,oskar jedrzejowski,47,8,4.23404255319149,81.25531914893617,2025-11-23 08:35:00,0.1702127659574468,0.8297872340425532
karol guzi,pawel domagala,80,27,3.9875,75.35,2025-11-30 11:35:00,0.3375,0.6625
karol guzi,pawel kos,46,15,3.891304347826087,74.54347826086956,2026-04-10 16:00:00,0.32608695652173914,0.6739130434782609
karol guzi,piotr kedzierski,29,5,4.241379310344827,82.82758620689656,2025-12-01 19:35:00,0.1724137931034483,0.8275862068965517
karol guzi,piotr zwolinski,38,13,3.973684210526316,77.92105263157895,2025-06-03 17:05:00,0.34210526315789475,0.6578947368421053
karol guzi,seweryn nagorzanski,34,9,4.117647058823529,82.26470588235294,2025-10-17 16:35:00,0.2647058823529412,0.7352941176470589
karol guzi,szumilas wladyslaw,24,4,4.25,84.58333333333333,2025-04-14 17:35:00,0.16666666666666666,0.8333333333333334
karol guzi,tomasz witkowski,187,40,4.128342245989304,81.5187165775401,2025-11-25 15:00:00,0.21390374331550802,0.786096256684492
karol guzi,wiekiera arkadiusz,60,10,4.316666666666666,86.26666666666667,2025-11-29 11:05:00,0.16666666666666666,0.8333333333333334
karol guzy,krzysztof zapala,50,6,4.44,86.64,2023-05-14 22:30:00,0.12,0.88
karol guzy,marek kaczorek,35,11,4.114285714285714,74.6,2023-03-27 14:00:00,0.3142857142857143,0.6857142857142857
karol guzy,pawel kos,25,8,4.08,76.0,2023-05-10 13:00:00,0.32,0.6799999999999999
karol prokop,leszek maduzia,41,6,4.439024390243903,85.02439024390245,2025-06-06 20:05:00,0.14634146341463414,0.8536585365853658
karol prokop,lukasz buklat,26,8,3.9615384615384617,73.92307692307692,2025-08-29 22:00:00,0.3076923076923077,0.6923076923076923
karol prokop,michal szostak,42,7,4.190476190476191,80.88095238095238,2025-08-29 16:00:00,0.16666666666666666,0.8333333333333334
karol prokop,piotr kedzierski,21,8,3.9047619047619047,71.38095238095238,2025-03-22 07:30:00,0.38095238095238093,0.6190476190476191
karol prokop,tomasz witkowski,44,11,4.159090909090909,78.31818181818181,2025-01-17 21:00:00,0.25,0.75
karol stojek,lukasz buklat,56,15,4.035714285714286,76.35714285714286,2026-04-18 06:35:00,0.26785714285714285,0.7321428571428572
karol stojek,lukasz latala,84,16,4.214285714285714,83.20238095238095,2025-10-14 14:30:00,0.19047619047619047,0.8095238095238095
karol stojek,michal szostak,27,9,3.962962962962963,74.96296296296296,2026-04-17 19:10:00,0.3333333333333333,0.6666666666666667
karol stojek,oskar jedrzejowski,23,4,4.130434782608695,79.65217391304348,2026-02-22 11:05:00,0.17391304347826086,0.8260869565217391
karol stojek,pawel domagala,86,17,4.255813953488372,81.56976744186046,2026-04-18 14:35:00,0.19767441860465115,0.8023255813953488
karol stojek,piotr kedzierski,30,7,4.133333333333334,80.03333333333333,2026-04-04 15:05:00,0.23333333333333334,0.7666666666666666
karol stojek,tokar vadim,27,3,4.296296296296297,84.11111111111111,2026-03-04 15:00:00,0.1111111111111111,0.8888888888888888
karol stojek,tomasz witkowski,95,22,4.126315789473685,77.2,2026-02-11 19:00:00,0.23157894736842105,0.7684210526315789
karol stojek,wiekiera arkadiusz,122,31,4.024590163934426,78.77868852459017,2026-04-19 11:15:00,0.2540983606557377,0.7459016393442623
karol sulkowski,kolos arkadiusz,71,23,3.9859154929577465,75.29577464788733,2025-10-10 07:05:00,0.323943661971831,0.676056338028169
karol sulkowski,krzysztof pawlowski,36,12,3.9444444444444446,73.11111111111111,2025-02-17 10:05:00,0.3333333333333333,0.6666666666666667
karol sulkowski,marcin stepien,101,36,3.9405940594059405,73.07920792079207,2025-12-19 07:05:00,0.3564356435643564,0.6435643564356436
karol sulkowski,mateusz galus,45,23,3.6666666666666665,70.8,2025-12-02 11:35:00,0.5111111111111111,0.48888888888888893
karol sulkowski,mateusz zebala,28,9,4.071428571428571,81.03571428571429,2025-11-06 09:35:00,0.32142857142857145,0.6785714285714286
karol sulkowski,milosz kukawka,44,14,3.9545454545454546,74.70454545454545,2025-12-19 12:35:00,0.3181818181818182,0.6818181818181819
karol sulkowski,pawel gola,111,37,3.936936936936937,76.11711711711712,2025-12-05 11:35:00,0.3333333333333333,0.6666666666666667
karol sulkowski,stapor rafal,135,47,3.925925925925926,74.68148148148148,2025-12-19 11:05:00,0.34814814814814815,0.6518518518518519
karol sulkowski,sylwester wloszek,70,22,3.9571428571428573,77.07142857142857,2025-12-17 13:00:00,0.3142857142857143,0.6857142857142857
karol urbanowicz,sylwester wloszek,50,18,3.86,72.5,2023-05-12 11:30:00,0.36,0.64
kayque valois,maciej kolek,157,54,3.929936305732484,74.03821656050955,2024-12-05 11:30:00,0.34394904458598724,0.6560509554140128
kayque valois,maksymilian milos,29,7,3.8620689655172415,75.44827586206897,2023-06-06 01:30:00,0.2413793103448276,0.7586206896551724
kayque valois,marcin stepien,27,9,3.925925925925926,72.62962962962963,2024-10-09 11:00:00,0.3333333333333333,0.6666666666666667
kayque valois,michal lysakowski,208,61,4.019230769230769,74.39903846153847,2024-12-03 07:00:00,0.2932692307692308,0.7067307692307692
kayque valois,milosz kukawka,133,48,3.9398496240601504,72.18796992481202,2024-12-04 09:00:00,0.3609022556390977,0.6390977443609023
kayque valois,pawel gola,75,23,3.9466666666666668,74.12,2024-12-05 14:40:00,0.30666666666666664,0.6933333333333334
kayque valois,piotr krukar,21,6,3.9523809523809526,74.23809523809524,2023-10-28 05:00:00,0.2857142857142857,0.7142857142857143
kayque valois,rafal stapor,27,8,4.037037037037037,74.77777777777777,2023-05-16 04:00:00,0.2962962962962963,0.7037037037037037
kayque valois,stapor rafal,26,9,3.923076923076923,73.07692307692308,2024-11-15 12:05:00,0.34615384615384615,0.6538461538461539
kayque valois,sylwester wloszek,113,38,3.9292035398230087,73.95575221238938,2024-12-05 10:00:00,0.336283185840708,0.663716814159292
kolos arkadiusz,marcin stepien,22,7,3.909090909090909,73.13636363636364,2025-10-11 07:35:00,0.3181818181818182,0.6818181818181819
kolos arkadiusz,pawel gola,27,10,3.814814814814815,69.0,2025-09-26 09:05:00,0.37037037037037035,0.6296296296296297
kolos arkadiusz,stapor rafal,33,14,3.8181818181818183,69.63636363636364,2025-10-12 11:35:00,0.42424242424242425,0.5757575757575757
kotlyarevskiy semen,louis lu,65,23,3.9692307692307693,73.03076923076924,2025-09-07 21:00:00,0.35384615384615387,0.6461538461538461
kotlyarevskiy semen,majmurad ankit,36,12,3.888888888888889,73.5,2025-08-27 00:35:00,0.3333333333333333,0.6666666666666667
kotlyarevskiy semen,marcin motyka,36,16,3.8055555555555554,70.33333333333333,2025-08-19 00:55:00,0.4444444444444444,0.5555555555555556
kotlyarevskiy semen,narendra modi,24,11,3.7916666666666665,70.0,2025-07-26 23:30:00,0.4583333333333333,0.5416666666666667
kotlyarevskiy semen,ricardo brito,26,7,4.115384615384615,76.5,2023-11-03 01:05:00,0.2692307692307692,0.7307692307692308
kotlyarevskiy semen,victor chis,35,12,4.0,73.85714285714286,2025-09-02 00:40:00,0.34285714285714286,0.6571428571428571
krystof prida,martin stusek,57,15,4.0,73.57894736842105,2024-01-30 22:25:00,0.2631578947368421,0.736842105263158
krystof prida,michal spalek,58,14,4.068965517241379,73.87931034482759,2024-05-05 20:55:00,0.2413793103448276,0.7586206896551724
krystof prida,tomas vorisek,138,45,3.9420289855072466,72.45652173913044,2024-05-05 19:55:00,0.32608695652173914,0.6739130434782609
krzysztof gola,marek pyzik,29,11,3.7586206896551726,69.72413793103448,2024-04-11 00:00:00,0.3793103448275862,0.6206896551724138
krzysztof gola,mecik patryk,65,14,4.2,80.13846153846154,2024-04-09 03:00:00,0.2153846153846154,0.7846153846153846
krzysztof gola,mleczko mateusz,29,13,3.689655172413793,66.20689655172414,2024-04-14 01:00:00,0.4482758620689655,0.5517241379310345
krzysztof gola,piotr morawski,32,8,4.09375,77.84375,2024-04-12 23:10:00,0.25,0.75
krzysztof pawlowski,maciej kolek,37,15,3.7567567567567566,70.10810810810811,2025-03-06 14:40:00,0.40540540540540543,0.5945945945945945
krzysztof pawlowski,marcin stepien,57,27,3.789473684210526,69.29824561403508,2025-02-26 06:30:00,0.47368421052631576,0.5263157894736843
krzysztof pawlowski,michal lysakowski,44,17,3.8181818181818183,70.9090909090909,2025-03-06 11:30:00,0.38636363636363635,0.6136363636363636
krzysztof pawlowski,milosz kukawka,58,23,3.8620689655172415,70.51724137931035,2025-03-07 07:00:00,0.39655172413793105,0.603448275862069
krzysztof pawlowski,pawel gola,54,18,3.9074074074074074,72.35185185185185,2025-02-18 06:30:00,0.3333333333333333,0.6666666666666667
krzysztof pawlowski,stapor rafal,57,23,3.8596491228070176,71.54385964912281,2025-02-17 12:05:00,0.40350877192982454,0.5964912280701755
krzysztof pawlowski,sylwester wloszek,45,11,4.111111111111111,80.04444444444445,2025-03-07 10:30:00,0.24444444444444444,0.7555555555555555
krzysztof wenda,leszek maduzia,47,5,4.042553191489362,77.48936170212765,2025-02-14 15:45:00,0.10638297872340426,0.8936170212765957
krzysztof wenda,lukasz buklat,33,10,3.9696969696969697,75.42424242424242,2025-02-15 07:05:00,0.30303030303030304,0.696969696969697
krzysztof wenda,mecik patryk,42,15,3.9523809523809526,74.02380952380952,2025-01-24 14:45:00,0.35714285714285715,0.6428571428571428
krzysztof wenda,michal szostak,47,11,4.1063829787234045,77.97872340425532,2025-02-16 13:30:00,0.23404255319148937,0.7659574468085106
krzysztof wenda,piotr zwolinski,27,3,4.2592592592592595,82.5925925925926,2025-01-28 09:05:00,0.1111111111111111,0.8888888888888888
krzysztof wenda,robert balik,32,5,4.125,75.6875,2024-06-12 20:05:00,0.15625,0.84375
krzysztof wenda,tomasz witkowski,83,14,4.0,73.56626506024097,2025-02-07 09:35:00,0.1686746987951807,0.8313253012048193
krzysztof zapala,kuba golaszewski,28,10,3.9285714285714284,76.75,2025-01-08 19:35:00,0.35714285714285715,0.6428571428571428
krzysztof zapala,marcel mroczka,26,5,4.230769230769231,79.96153846153847,2024-07-23 17:00:00,0.19230769230769232,0.8076923076923077
krzysztof zapala,marcin stepien,33,8,4.212121212121212,79.54545454545455,2025-01-11 09:00:00,0.24242424242424243,0.7575757575757576
krzysztof zapala,marek chybinski,119,48,3.9159663865546217,75.03361344537815,2026-04-16 18:30:00,0.40336134453781514,0.5966386554621849
krzysztof zapala,marek kaczorek,25,6,4.2,79.68,2023-03-21 17:30:00,0.24,0.76
krzysztof zapala,michal bracha,47,16,4.0,77.12765957446808,2025-01-08 20:05:00,0.3404255319148936,0.6595744680851063
krzysztof zapala,nowak jakub,20,6,4.05,79.0,2023-06-15 21:00:00,0.3,0.7
krzysztof zapala,pawel kos,87,38,3.781609195402299,71.2183908045977,2026-03-31 16:00:00,0.4367816091954023,0.5632183908045977
krzysztof zapala,piotr odelski,42,15,3.9047619047619047,74.07142857142857,2024-04-28 15:05:00,0.35714285714285715,0.6428571428571428
krzysztof zapala,rafal ucinski,128,27,4.3203125,84.28125,2025-05-04 10:35:00,0.2109375,0.7890625
kuba golaszewski,marek chybinski,32,14,3.875,71.53125,2025-10-16 19:35:00,0.4375,0.5625
kuba golaszewski,pawel kos,32,16,3.78125,68.71875,2025-10-16 17:05:00,0.5,0.5
kuba golaszewski,rafal ucinski,40,13,4.05,77.7,2025-03-03 21:35:00,0.325,0.675
kyrian moledo,miller montealegre,20,2,4.4,84.3,2025-11-15 09:40:00,0.1,0.9
ladislav moravec,petr chlumsky,25,5,4.28,81.64,2026-04-14 11:55:00,0.2,0.8
ladislav moravec,robert jamrich,31,14,3.903225806451613,74.48387096774194,2026-03-24 15:00:00,0.45161290322580644,0.5483870967741935
ladislav moravec,vaclav jr hejda,46,10,4.130434782608695,78.04347826086956,2026-03-31 10:55:00,0.21739130434782608,0.782608695652174
ladislav vosyka,lubomir vana,21,9,3.761904761904762,71.76190476190476,2026-03-26 22:35:00,0.42857142857142855,0.5714285714285714
ladislav vosyka,michal sokol,21,5,4.095238095238095,77.71428571428571,2026-04-19 21:55:00,0.23809523809523808,0.7619047619047619
lee wang,louis lu,21,9,3.761904761904762,71.38095238095238,2025-10-25 20:40:00,0.42857142857142855,0.5714285714285714
leo malin,mitesh shah,32,7,4.1875,77.90625,2025-10-28 23:40:00,0.21875,0.78125
leon jose garcia,pedro j rocamora,84,31,3.9523809523809526,73.19047619047619,2025-11-21 07:40:00,0.36904761904761907,0.6309523809523809
leon jose garcia,pedro rodriguez,37,9,4.108108108108108,77.35135135135135,2025-10-04 10:30:00,0.24324324324324326,0.7567567567567568
leon jose garcia,sanchez juan a,127,31,4.196850393700787,78.26771653543307,2025-11-14 07:10:00,0.2440944881889764,0.7559055118110236
leoncio fernandez,luciano jang,25,3,4.44,84.72,2024-03-08 10:50:00,0.12,0.88
leoncio fernandez,pedro j rocamora,23,6,4.173913043478261,77.8695652173913,2023-11-26 08:10:00,0.2608695652173913,0.7391304347826086
leszek maduzia,michal szostak,34,6,4.176470588235294,78.3529411764706,2025-06-14 18:05:00,0.17647058823529413,0.8235294117647058
leszek maduzia,ryszard partyka,20,3,4.3,79.75,2024-05-11 18:00:00,0.15,0.85
leszek maduzia,seweryn nagorzanski,23,4,4.130434782608695,78.08695652173913,2025-05-09 18:30:00,0.17391304347826086,0.8260869565217391
leszek maduzia,szumilas wladyslaw,21,5,4.0,75.38095238095238,2025-04-05 12:35:00,0.23809523809523808,0.7619047619047619
leszek maduzia,tomasz witkowski,41,2,4.414634146341464,82.1951219512195,2025-06-01 02:40:00,0.04878048780487805,0.9512195121951219
libor stacho,michal nemec,45,13,4.2,78.44444444444444,2025-11-24 18:25:00,0.28888888888888886,0.7111111111111111
libor stacho,pavel vyvial,20,10,3.7,69.3,2025-11-24 17:50:00,0.5,0.5
libor stacho,simon matousch,25,10,3.92,73.84,2025-11-26 18:55:00,0.4,0.6
liu le,marko mannik,34,5,4.4411764705882355,85.1470588235294,2025-02-20 17:15:00,0.14705882352941177,0.8529411764705882
liu le,markus oliver annuk,30,11,3.9,74.86666666666666,2024-09-24 15:45:00,0.36666666666666664,0.6333333333333333
liu le,mart martin,21,6,4.095238095238095,77.57142857142857,2024-09-24 18:25:00,0.2857142857142857,0.7142857142857143
liu le,sander taaber,28,5,4.214285714285714,78.89285714285714,2025-02-20 16:45:00,0.17857142857142858,0.8214285714285714
liu le,sergei provodin,22,9,3.8181818181818183,71.95454545454545,2025-02-19 19:15:00,0.4090909090909091,0.5909090909090908
louis lu,majmurad ankit,23,6,4.217391304347826,80.43478260869566,2025-09-10 02:40:00,0.2608695652173913,0.7391304347826086
louis lu,santosh chandrasekaran,20,6,4.05,73.0,2025-09-07 20:10:00,0.3,0.7
louis lu,song dahua,39,8,4.282051282051282,81.07692307692308,2025-07-25 03:00:00,0.20512820512820512,0.7948717948717949
lu hsu chang,ray yang,20,6,4.05,75.8,2025-09-22 22:35:00,0.3,0.7
lu hsu chang,santosh chandrasekaran,30,6,4.166666666666667,75.93333333333334,2025-08-05 23:10:00,0.2,0.8
lubos cermak,stanislav jansa,23,7,3.9565217391304346,72.78260869565217,2025-09-22 18:50:00,0.30434782608695654,0.6956521739130435
luciano jang,reche salvador,26,6,4.230769230769231,83.57692307692308,2024-05-02 06:40:00,0.23076923076923078,0.7692307692307692
lukas jirka,martin prusa,29,7,3.9655172413793105,72.37931034482759,2023-08-11 06:20:00,0.2413793103448276,0.7586206896551724
lukas jirka,zbynek vyskocil,28,6,4.178571428571429,75.75,2026-03-10 23:00:00,0.21428571428571427,0.7857142857142857
lukas krupnik junior,milan zika,47,5,4.446808510638298,83.42553191489361,2026-04-19 20:33:49,0.10638297872340426,0.8936170212765957
lukas krupnik junior,patrik sturma,41,5,4.341463414634147,82.48780487804878,2026-04-16 16:45:00,0.12195121951219512,0.8780487804878049
lukas pour,michal nemec,41,8,4.2439024390243905,81.39024390243902,2026-04-04 14:35:00,0.1951219512195122,0.8048780487804879
lukas pour,pavel vyvial,40,12,4.075,77.65,2025-04-13 11:50:00,0.3,0.7
lukas pour,radek zeman,37,11,4.027027027027027,74.21621621621621,2026-04-05 10:20:00,0.2972972972972973,0.7027027027027026
lukas pour,tomas kocvara,23,10,3.8260869565217392,71.43478260869566,2026-01-19 14:20:00,0.43478260869565216,0.5652173913043479
lukas soucek,martin stusek,46,7,4.304347826086956,80.23913043478261,2026-04-08 18:00:00,0.15217391304347827,0.8478260869565217
lukas soucek,tomas flicek,54,7,4.37037037037037,83.27777777777777,2026-03-18 16:55:00,0.12962962962962962,0.8703703703703703
lukas soucek,tomas vorisek,76,26,3.960526315789474,72.80263157894737,2026-04-08 16:25:00,0.34210526315789475,0.6578947368421053
lukas soucek,vaclav podrazil,23,10,3.739130434782609,69.78260869565217,2026-02-25 17:55:00,0.43478260869565216,0.5652173913043479
lukas vich,martin boltik,26,3,4.423076923076923,84.07692307692308,2026-02-21 22:25:00,0.11538461538461539,0.8846153846153846
lukas vich,martin topol,35,6,4.2,80.51428571428572,2025-11-16 21:20:00,0.17142857142857143,0.8285714285714285
lukas vich,michal nemec,24,6,4.0,73.83333333333333,2026-04-13 20:25:00,0.25,0.75
lukas vich,pavel cibik,137,35,4.094890510948905,78.60583941605839,2026-04-08 19:50:00,0.25547445255474455,0.7445255474452555
lukas vich,tomas cerveny jr,29,10,4.0,75.89655172413794,2026-04-02 20:20:00,0.3448275862068966,0.6551724137931034
lukas vich,tomas rein,40,15,4.025,76.225,2026-04-19 21:50:00,0.375,0.625
lukas vich,zbynek vyskocil,166,35,4.174698795180723,79.3132530120482,2026-04-19 18:50:00,0.21084337349397592,0.7891566265060241
lukas vich,zdenek dusek,150,42,4.08,76.94,2026-04-19 20:20:00,0.28,0.72
lukasz buklat,mateusz michta,35,10,4.0,74.22857142857143,2025-10-07 20:45:00,0.2857142857142857,0.7142857142857143
lukasz buklat,mecik patryk,28,6,4.321428571428571,84.14285714285714,2025-04-04 13:05:00,0.21428571428571427,0.7857142857142857
lukasz buklat,michal szostak,40,9,4.075,76.075,2026-04-08 16:30:00,0.225,0.775
lukasz buklat,oskar jedrzejowski,32,9,4.0,75.75,2026-01-03 09:35:00,0.28125,0.71875
lukasz buklat,pawel domagala,51,14,4.098039215686274,76.80392156862744,2026-04-18 12:05:00,0.27450980392156865,0.7254901960784313
lukasz buklat,piotr kedzierski,24,4,4.333333333333333,81.54166666666667,2026-01-19 17:30:00,0.16666666666666666,0.8333333333333334
lukasz buklat,tomasz witkowski,61,6,4.262295081967213,79.26229508196721,2026-01-10 15:45:00,0.09836065573770492,0.9016393442622951
lukasz buklat,wiekiera arkadiusz,31,5,4.225806451612903,83.74193548387096,2026-04-18 14:05:00,0.16129032258064516,0.8387096774193549
lukasz latala,pawel domagala,60,3,4.35,83.96666666666667,2025-10-15 17:30:00,0.05,0.95
lukasz latala,tomasz witkowski,95,6,4.505263157894737,90.76842105263158,2025-10-15 16:00:00,0.06315789473684211,0.9368421052631579
lukasz latala,wiekiera arkadiusz,58,12,4.172413793103448,82.32758620689656,2025-10-15 22:40:00,0.20689655172413793,0.7931034482758621
maciej kolek,marcin stepien,128,52,3.78125,72.9921875,2025-12-10 09:30:00,0.40625,0.59375
maciej kolek,mateusz galus,42,18,3.857142857142857,72.97619047619048,2025-12-08 11:00:00,0.42857142857142855,0.5714285714285714
maciej kolek,michal lysakowski,411,116,4.031630170316301,77.1265206812652,2025-12-10 11:30:00,0.2822384428223844,0.7177615571776156
maciej kolek,milosz kukawka,262,106,3.8282442748091605,72.09541984732824,2025-12-10 06:30:00,0.40458015267175573,0.5954198473282443
maciej kolek,pawel gola,104,36,3.855769230769231,72.58653846153847,2025-12-01 11:00:00,0.34615384615384615,0.6538461538461539
maciej kolek,piotr krukar,31,9,4.096774193548387,76.03225806451613,2023-09-22 12:30:00,0.2903225806451613,0.7096774193548387
maciej kolek,stapor rafal,104,30,3.9711538461538463,76.70192307692308,2025-12-08 12:00:00,0.28846153846153844,0.7115384615384616
maciej kolek,sylwester wloszek,113,43,3.7964601769911503,73.04424778761062,2025-03-17 09:00:00,0.3805309734513274,0.6194690265486726
maciej lamer,mecik patryk,29,7,4.068965517241379,74.55172413793103,2023-05-04 02:50:00,0.2413793103448276,0.7586206896551724
maciej lamer,waldemar glanowski,22,5,4.136363636363637,77.27272727272727,2023-05-04 04:20:00,0.22727272727272727,0.7727272727272727
madis vaarpu,mart ojamaa,32,9,4.09375,76.53125,2024-02-13 14:25:00,0.28125,0.71875
madis vaarpu,martin pakk,22,4,4.0,76.81818181818181,2024-12-17 14:25:00,0.18181818181818182,0.8181818181818181
madis vaarpu,oja brunold,22,5,4.136363636363637,78.86363636363636,2025-02-12 16:15:00,0.22727272727272727,0.7727272727272727
majmurad ankit,marcin motyka,34,10,4.0588235294117645,78.23529411764706,2025-10-08 02:40:00,0.29411764705882354,0.7058823529411764
majmurad ankit,victor chis,32,5,4.375,83.78125,2025-10-08 01:20:00,0.15625,0.84375
maksim vuhka,pukk oskar,22,7,4.0,76.0,2025-01-03 09:15:00,0.3181818181818182,0.6818181818181819
maksymilian milos,marcin raczek,22,2,4.136363636363637,79.22727272727273,2023-05-19 02:00:00,0.09090909090909091,0.9090909090909091
marcin motyka,song dahua,25,5,4.32,79.72,2025-08-12 00:50:00,0.2,0.8
marcin raczek,rafal stapor,20,5,4.1,75.25,2023-05-07 03:30:00,0.25,0.75
marcin stepien,mateusz galus,64,19,3.984375,75.65625,2026-04-13 13:10:00,0.296875,0.703125
marcin stepien,mateusz malik,22,10,3.909090909090909,74.04545454545455,2025-01-04 08:00:00,0.45454545454545453,0.5454545454545454
marcin stepien,michal lysakowski,204,73,3.9362745098039214,74.70098039215686,2026-04-19 15:05:00,0.35784313725490197,0.642156862745098
marcin stepien,milosz kukawka,187,69,3.8823529411764706,73.18181818181819,2026-01-28 09:30:00,0.3689839572192513,0.6310160427807487
marcin stepien,pawel gola,217,78,3.8847926267281108,71.34562211981567,2026-04-19 19:35:00,0.35944700460829493,0.6405529953917051
marcin stepien,rafal stapor,22,6,4.090909090909091,75.72727272727273,2023-05-11 03:00:00,0.2727272727272727,0.7272727272727273
marcin stepien,rafal ucinski,38,11,4.026315789473684,75.55263157894737,2024-12-26 10:15:00,0.2894736842105263,0.7105263157894737
marcin stepien,robert baran,23,1,4.304347826086956,79.52173913043478,2023-03-13 05:00:00,0.043478260869565216,0.9565217391304348
marcin stepien,stapor rafal,296,111,3.9054054054054053,72.20270270270271,2026-01-31 07:05:00,0.375,0.625
marcin stepien,sylwester wloszek,164,57,3.9634146341463414,75.28658536585365,2026-04-19 16:35:00,0.3475609756097561,0.6524390243902439
marcin stepien,szymon radlo,22,6,4.045454545454546,75.86363636363636,2026-04-19 23:45:00,0.2727272727272727,0.7272727272727273
marek chybinski,mariusz adamus,21,5,4.0,73.61904761904762,2023-05-11 13:35:00,0.23809523809523808,0.7619047619047619
marek chybinski,mateusz sikon,46,17,3.9782608695652173,72.84782608695652,2026-01-24 16:05:00,0.3695652173913043,0.6304347826086957
marek chybinski,michal bracha,55,25,3.8363636363636364,70.50909090909092,2025-08-15 17:30:00,0.45454545454545453,0.5454545454545454
marek chybinski,pawel kos,119,47,3.8151260504201683,70.03361344537815,2026-04-10 18:30:00,0.3949579831932773,0.6050420168067228
marek chybinski,rafal ucinski,117,39,3.9743589743589745,72.13675213675214,2025-06-22 08:30:00,0.3333333333333333,0.6666666666666667
marek chybinski,stachera tomasz,26,12,3.8076923076923075,71.38461538461539,2026-03-31 20:00:00,0.46153846153846156,0.5384615384615384
marek dlask,michal nemec,26,6,4.076923076923077,76.88461538461539,2026-04-13 21:55:00,0.23076923076923078,0.7692307692307692
marek dlask,pavel vyvial,36,14,3.8055555555555554,71.19444444444444,2025-11-17 23:10:00,0.3888888888888889,0.6111111111111112
marek dlask,petr vrastil,28,4,4.25,81.53571428571429,2025-10-14 21:50:00,0.14285714285714285,0.8571428571428572
marek dlask,radek zeman,72,16,4.152777777777778,77.75,2026-04-12 20:20:00,0.2222222222222222,0.7777777777777778
marek dlask,roman urban,24,2,4.458333333333333,86.45833333333333,2025-10-14 21:10:00,0.08333333333333333,0.9166666666666666
marek dlask,simon matousch,24,5,4.25,78.875,2025-11-05 23:15:00,0.20833333333333334,0.7916666666666666
marek dlask,stanislav jansa,25,4,4.28,80.72,2025-11-18 19:20:00,0.16,0.84
marek dlask,tomas rein,36,14,3.9444444444444446,76.16666666666667,2025-10-15 22:10:00,0.3888888888888889,0.6111111111111112
marek dlask,vladimir milata,26,10,4.0,76.46153846153847,2026-03-11 22:25:00,0.38461538461538464,0.6153846153846154
marek fabini,marek kulisek,24,11,3.75,69.875,2023-05-21 21:55:00,0.4583333333333333,0.5416666666666667
marek fabini,martin sulc,61,21,3.901639344262295,71.40983606557377,2023-10-18 16:40:00,0.3442622950819672,0.6557377049180328
marek fabini,ondrej fiklik,148,30,4.155405405405405,78.25,2023-10-27 08:55:00,0.20270270270270271,0.7972972972972973
marek fabini,ondrej kadavy,21,6,4.095238095238095,79.42857142857143,2023-10-26 09:55:00,0.2857142857142857,0.7142857142857143
marek fabini,petr kotrbaty,25,11,3.84,69.76,2023-10-24 10:55:00,0.44,0.56
marek fabini,robert jamrich,20,3,4.3,79.95,2023-10-24 14:25:00,0.15,0.85
marek fabini,viktor skokan,47,11,4.085106382978723,76.8936170212766,2023-10-26 07:20:00,0.23404255319148937,0.7659574468085106
marek fabini,vlastimil kolar,25,10,3.92,72.44,2023-10-24 12:25:00,0.4,0.6
marek kulisek,martin cerny,81,25,4.037037037037037,75.17283950617283,2026-03-22 11:10:00,0.30864197530864196,0.691358024691358
marek kulisek,martin kocvara,58,20,3.913793103448276,70.86206896551724,2025-11-15 13:55:00,0.3448275862068966,0.6551724137931034
marek kulisek,martin sulc,115,31,4.095652173913043,76.63478260869566,2026-04-17 21:55:00,0.26956521739130435,0.7304347826086957
marek kulisek,michal brozek,188,62,3.9680851063829787,74.72872340425532,2026-04-14 19:55:00,0.32978723404255317,0.6702127659574468
marek kulisek,milan dvorak,24,10,3.8333333333333335,72.45833333333333,2026-02-13 22:55:00,0.4166666666666667,0.5833333333333333
marek kulisek,milos frydl,21,8,3.9047619047619047,71.28571428571429,2025-11-26 19:50:00,0.38095238095238093,0.6190476190476191
marek kulisek,ondrej fiklik,321,97,4.034267912772585,75.59501557632399,2026-04-18 19:55:00,0.30218068535825543,0.6978193146417446
marek kulisek,ondrej kadavy,26,6,3.8846153846153846,72.23076923076923,2026-01-23 17:55:00,0.23076923076923078,0.7692307692307692
marek kulisek,pavel benes,38,8,4.2105263157894735,80.13157894736842,2026-04-09 17:25:00,0.21052631578947367,0.7894736842105263
marek kulisek,pavel rissky,27,6,4.148148148148148,81.03703703703704,2026-03-29 18:15:00,0.2222222222222222,0.7777777777777778
marek kulisek,petr kotrbaty,102,18,4.215686274509804,80.18627450980392,2025-10-28 20:25:00,0.17647058823529413,0.8235294117647058
marek kulisek,petr vanek,94,21,4.074468085106383,76.43617021276596,2026-04-18 21:25:00,0.22340425531914893,0.7765957446808511
marek kulisek,vaclav hejda,28,10,3.892857142857143,74.17857142857143,2025-11-08 18:55:00,0.35714285714285715,0.6428571428571428
marek kulisek,vaclav nadvornik,30,7,4.1,76.4,2026-03-12 21:25:00,0.23333333333333334,0.7666666666666666
marek pyzik,mecik patryk,50,18,3.88,73.66,2024-08-19 03:00:00,0.36,0.64
marek pyzik,mleczko mateusz,37,18,3.675675675675676,68.1891891891892,2024-07-23 04:00:00,0.4864864864864865,0.5135135135135135
marek pyzik,piotr morawski,52,13,3.980769230769231,74.21153846153847,2024-09-06 03:30:00,0.25,0.75
marek roh,petr pesout,24,6,4.041666666666667,74.83333333333333,2026-04-15 17:45:00,0.25,0.75
marek teiml,pavel vyvial,28,10,3.9285714285714284,73.46428571428571,2024-09-06 20:20:00,0.35714285714285715,0.6428571428571428
marek teiml,petr libovicky,28,6,4.035714285714286,74.25,2025-10-21 20:40:00,0.21428571428571427,0.7857142857142857
marek teiml,roman urban,31,8,4.064516129032258,74.3225806451613,2025-10-31 17:50:00,0.25806451612903225,0.7419354838709677
marek teiml,vladimir libovicky,96,34,3.9583333333333335,73.48958333333333,2025-11-04 17:20:00,0.3541666666666667,0.6458333333333333
marek teiml,vladimir svoboda,61,14,4.163934426229508,77.78688524590164,2025-10-27 15:50:00,0.22950819672131148,0.7704918032786885
marko mannik,sander taaber,34,13,4.029411764705882,74.76470588235294,2025-02-20 19:25:00,0.38235294117647056,0.6176470588235294
markus oliver annuk,sergei provodin,26,5,4.115384615384615,79.61538461538461,2024-10-07 18:15:00,0.19230769230769232,0.8076923076923077
mart martin,stanislav kruti,31,11,3.967741935483871,73.7741935483871,2024-12-28 06:45:00,0.3548387096774194,0.6451612903225806
mart martin,yevhenii cherkashyn,34,13,4.088235294117647,79.29411764705883,2024-12-27 07:45:00,0.38235294117647056,0.6176470588235294
mart ojamaa,raul pirson,36,12,3.888888888888889,71.86111111111111,2024-02-01 08:45:00,0.3333333333333333,0.6666666666666667
mart ojamaa,valdek putkemaa,26,4,4.384615384615385,80.15384615384616,2023-12-20 07:15:00,0.15384615384615385,0.8461538461538461
martin boltik,ondrej knazik,31,8,4.161290322580645,79.64516129032258,2025-05-07 18:50:00,0.25806451612903225,0.7419354838709677
martin boltik,pavel cibik,58,17,4.017241379310345,76.94827586206897,2026-02-28 20:20:00,0.29310344827586204,0.7068965517241379
martin boltik,petr priscak,22,5,4.2272727272727275,83.27272727272727,2025-07-01 18:50:00,0.22727272727272727,0.7727272727272727
martin boltik,tomas krejci,35,6,4.114285714285714,79.74285714285715,2025-07-01 21:35:00,0.17142857142857143,0.8285714285714285
martin boltik,vojtech sanc,53,12,4.169811320754717,78.77358490566037,2025-07-26 18:50:00,0.22641509433962265,0.7735849056603774
martin boltik,zbynek vyskocil,34,7,4.176470588235294,78.58823529411765,2026-04-10 22:30:00,0.20588235294117646,0.7941176470588236
martin boltik,zdenek dusek,49,16,3.9183673469387754,72.26530612244898,2026-03-02 19:50:00,0.32653061224489793,0.6734693877551021
martin cerny,martin sulc,24,4,4.083333333333333,77.95833333333333,2025-05-04 22:30:00,0.16666666666666666,0.8333333333333334
martin cerny,michal brozek,101,32,4.0,74.24752475247524,2026-04-15 14:40:00,0.31683168316831684,0.6831683168316831
martin cerny,ondrej fiklik,101,41,3.8316831683168315,71.41584158415841,2026-04-15 10:55:00,0.40594059405940597,0.594059405940594
martin cerny,pavel benes,46,18,3.891304347826087,73.73913043478261,2026-04-15 13:25:00,0.391304347826087,0.6086956521739131
martin cerny,petr kotrbaty,44,12,4.090909090909091,76.06818181818181,2025-11-24 15:25:00,0.2727272727272727,0.7272727272727273
martin cerny,petr vanek,26,6,4.076923076923077,78.15384615384616,2026-04-19 19:25:00,0.23076923076923078,0.7692307692307692
martin cerny,vaclav jr hejda,42,13,4.071428571428571,77.78571428571429,2025-12-03 13:25:00,0.30952380952380953,0.6904761904761905
martin cerny,vaclav nadvornik,47,13,4.085106382978723,75.36170212765957,2026-04-16 13:50:00,0.2765957446808511,0.7234042553191489
martin cerny,vlastimil kolar,22,11,3.727272727272727,65.45454545454545,2025-10-01 10:10:00,0.5,0.5
martin cerny,vojtech kosak,20,7,4.05,74.75,2026-04-01 08:55:00,0.35,0.65
martin dolezal,martin filipek,26,12,3.730769230769231,69.15384615384616,2026-02-09 11:00:00,0.46153846153846156,0.5384615384615384
martin dolezal,michal brozek,66,12,4.303030303030303,80.34848484848484,2026-02-26 08:50:00,0.18181818181818182,0.8181818181818181
martin dolezal,miroslav sochor,20,5,4.15,77.0,2025-04-13 11:25:00,0.25,0.75
martin dolezal,petr semrad,61,16,4.049180327868853,74.29508196721312,2024-08-01 14:50:00,0.26229508196721313,0.7377049180327868
martin dolezal,robert jamrich,22,7,3.909090909090909,72.77272727272727,2026-03-24 12:55:00,0.3181818181818182,0.6818181818181819
martin dolezal,vaclav jr hejda,115,29,4.069565217391304,77.04347826086956,2026-03-31 12:25:00,0.25217391304347825,0.7478260869565218
martin dolezal,vojna daniel,30,6,4.366666666666666,83.3,2026-01-13 09:25:00,0.2,0.8
martin dolezal,zdenek zahradka,31,7,4.064516129032258,74.25806451612904,2026-02-06 19:05:00,0.22580645161290322,0.7741935483870968
martin dvorak,pavel cibik,22,5,4.2272727272727275,78.13636363636364,2026-03-03 13:20:00,0.22727272727272727,0.7727272727272727
martin dvorak,simon matousch,21,6,4.0,73.66666666666667,2026-03-06 11:00:00,0.2857142857142857,0.7142857142857143
martin dvorak,tomas cerveny jr,20,9,3.8,69.8,2026-03-13 20:20:00,0.45,0.55
martin dvorak,tomas rein,20,6,4.05,71.9,2026-03-30 18:30:00,0.3,0.7
martin filipek,ondrej knazik,22,9,3.9545454545454546,75.63636363636364,2026-04-14 13:20:00,0.4090909090909091,0.5909090909090908
martin filipek,petr kubat,20,4,4.35,85.85,2026-03-08 08:20:00,0.2,0.8
martin filipek,radek muller,30,8,4.1,78.26666666666667,2026-04-08 09:25:00,0.26666666666666666,0.7333333333333334
martin filipek,vojna daniel,24,2,4.541666666666667,90.04166666666667,2026-04-14 11:20:00,0.08333333333333333,0.9166666666666666
martin filipek,vojtech koutnik,21,2,4.285714285714286,82.80952380952381,2026-04-03 16:25:00,0.09523809523809523,0.9047619047619048
martin filipek,zdenek zahradka,31,8,4.193548387096774,79.09677419354838,2026-04-16 08:25:00,0.25806451612903225,0.7419354838709677
martin hargas,vojtech dusan,21,4,4.0,73.19047619047619,2025-11-26 19:40:00,0.19047619047619047,0.8095238095238095
martin juhasz,tomas krejci,32,10,3.9375,71.8125,2024-04-07 21:25:00,0.3125,0.6875
martin kocvara,martin sulc,42,15,4.0,74.5,2025-11-29 16:50:00,0.35714285714285715,0.6428571428571428
martin kocvara,milan dvorak,33,7,4.181818181818182,78.57575757575758,2025-11-19 15:40:00,0.21212121212121213,0.7878787878787878
martin kocvara,milos frydl,22,5,4.136363636363637,78.27272727272727,2025-11-30 11:55:00,0.22727272727272727,0.7727272727272727
martin kocvara,miroslav sochor,44,17,4.0,73.43181818181819,2025-10-19 16:25:00,0.38636363636363635,0.6136363636363636
martin kocvara,ondrej fiklik,85,17,4.188235294117647,78.78823529411764,2025-11-17 21:25:00,0.2,0.8
martin kocvara,ondrej kadavy,20,4,4.15,78.5,2024-05-27 12:55:00,0.2,0.8
martin kocvara,petr kotrbaty,61,21,3.9344262295081966,74.50819672131148,2025-11-05 11:55:00,0.3442622950819672,0.6557377049180328
martin kocvara,robert jamrich,31,12,3.870967741935484,70.80645161290323,2025-11-15 19:30:00,0.3870967741935484,0.6129032258064516
martin kocvara,vaclav jr hejda,45,12,4.088888888888889,75.82222222222222,2025-11-25 12:55:00,0.26666666666666666,0.7333333333333334
martin kocvara,vlastimil kolar,45,16,4.022222222222222,74.04444444444445,2025-11-11 14:25:00,0.35555555555555557,0.6444444444444444
martin lepka,pavel cibik,20,7,4.0,75.1,2023-12-21 20:20:00,0.35,0.65
martin lepka,vojtech sanc,20,7,3.85,71.3,2023-12-18 23:05:00,0.35,0.65
martin novak,ondrej sebek,45,12,4.177777777777778,77.93333333333334,2025-10-24 10:00:00,0.26666666666666666,0.7333333333333334
martin novak,pavel vyvial,28,8,4.178571428571429,77.32142857142857,2025-11-27 01:50:00,0.2857142857142857,0.7142857142857143
martin novak,petr libovicky,68,21,3.9705882352941178,72.17647058823529,2025-11-18 04:20:00,0.3088235294117647,0.6911764705882353
martin novak,simon matousch,24,12,3.75,71.5,2024-04-12 11:20:00,0.5,0.5
martin novak,tomas kocvara,25,5,4.0,76.68,2024-08-22 10:50:00,0.2,0.8
martin novak,vaclav nykl,79,26,4.050632911392405,75.16455696202532,2025-10-23 02:20:00,0.3291139240506329,0.6708860759493671
martin novak,vladimir libovicky,38,17,3.710526315789474,65.6842105263158,2025-11-12 23:50:00,0.4473684210526316,0.5526315789473684
martin novak,vladimir svoboda,39,15,3.923076923076923,73.53846153846153,2025-10-30 03:50:00,0.38461538461538464,0.6153846153846154
martin novak,yuliya zaleskaya,23,5,4.304347826086956,77.82608695652173,2025-11-18 01:20:00,0.21739130434782608,0.782608695652174
martin plihal,michal nemec,92,28,4.032608695652174,76.48913043478261,2025-10-26 17:10:00,0.30434782608695654,0.6956521739130435
martin plihal,petr libovicky,28,11,3.9642857142857144,74.28571428571429,2025-11-11 00:50:00,0.39285714285714285,0.6071428571428572
martin plihal,petr vrastil,23,5,4.260869565217392,79.08695652173913,2025-11-19 20:40:00,0.21739130434782608,0.782608695652174
martin plihal,radek zeman,24,6,4.166666666666667,75.5,2025-10-26 16:10:00,0.25,0.75
martin plihal,roman urban,32,10,3.9375,72.625,2025-11-21 00:20:00,0.3125,0.6875
martin plihal,vladimir svoboda,21,5,4.0476190476190474,74.95238095238095,2025-11-11 03:50:00,0.23809523809523808,0.7619047619047619
martin prusa,radek muller,27,8,4.037037037037037,77.51851851851852,2023-12-21 16:40:00,0.2962962962962963,0.7037037037037037
martin prusa,tomas krejci,24,4,4.25,82.20833333333333,2024-01-08 20:10:00,0.16666666666666666,0.8333333333333334
martin prusa,zdenek zahradka,20,8,3.85,71.45,2023-07-28 08:25:00,0.4,0.6
martin stusek,michal spalek,71,28,3.788732394366197,69.94366197183099,2025-07-02 18:15:00,0.39436619718309857,0.6056338028169015
martin stusek,petr dvorak,53,17,3.9245283018867925,73.47169811320755,2025-01-07 16:35:00,0.32075471698113206,0.679245283018868
martin stusek,petr silhan,78,31,3.923076923076923,72.53846153846153,2026-03-10 19:10:00,0.3974358974358974,0.6025641025641026
martin stusek,tomas beran,47,18,3.8297872340425534,72.1063829787234,2024-08-12 18:25:00,0.3829787234042553,0.6170212765957447
martin stusek,tomas cerveny,27,8,3.888888888888889,74.11111111111111,2024-08-08 18:10:00,0.2962962962962963,0.7037037037037037
martin stusek,tomas flicek,30,10,4.1,78.13333333333334,2026-03-18 17:55:00,0.3333333333333333,0.6666666666666667
martin stusek,tomas vorisek,356,121,3.904494382022472,72.47752808988764,2026-04-19 17:25:00,0.3398876404494382,0.6601123595505618
martin stusek,vaclav podrazil,56,12,4.160714285714286,78.66071428571429,2026-02-20 17:55:00,0.21428571428571427,0.7857142857142857
martin stusek,vit benak,23,3,4.260869565217392,81.6086956521739,2026-04-15 15:55:00,0.13043478260869565,0.8695652173913043
martin sulc,matej beran,21,4,4.190476190476191,77.28571428571429,2026-01-22 20:55:00,0.19047619047619047,0.8095238095238095
martin sulc,maxim suvorov,23,9,3.9130434782608696,71.3913043478261,2024-09-28 19:55:00,0.391304347826087,0.6086956521739131
martin sulc,michal brozek,34,11,4.0,73.08823529411765,2026-03-26 17:50:00,0.3235294117647059,0.6764705882352942
martin sulc,milos frydl,33,17,3.606060606060606,67.06060606060606,2025-11-26 22:30:00,0.5151515151515151,0.48484848484848486
martin sulc,miroslav sochor,102,31,4.0588235294117645,76.18627450980392,2026-04-14 18:50:00,0.30392156862745096,0.696078431372549
martin sulc,ondrej fiklik,112,32,3.9732142857142856,74.03571428571429,2026-04-06 20:50:00,0.2857142857142857,0.7142857142857143
martin sulc,ondrej kadavy,20,8,3.85,69.5,2023-09-29 13:55:00,0.4,0.6
martin sulc,petr kotrbaty,57,17,4.052631578947368,74.35087719298245,2025-11-17 08:50:00,0.2982456140350877,0.7017543859649122
martin sulc,petr vanek,22,1,4.318181818181818,79.5,2026-03-12 17:50:00,0.045454545454545456,0.9545454545454546
martin sulc,robert jamrich,20,6,4.0,74.0,2026-01-22 23:05:00,0.3,0.7
martin sulc,vaclav jr hejda,22,9,3.9545454545454546,74.63636363636364,2026-04-10 17:50:00,0.4090909090909091,0.5909090909090908
martin sulc,viktor skokan,33,9,4.181818181818182,76.06060606060606,2026-03-22 16:55:00,0.2727272727272727,0.7272727272727273
martin sulc,vladimir hnilica,23,8,3.782608695652174,69.95652173913044,2024-08-13 18:25:00,0.34782608695652173,0.6521739130434783
martin sulc,vlastimil kolar,26,13,3.730769230769231,68.26923076923077,2025-07-19 13:55:00,0.5,0.5
martin topol,pavel cibik,73,23,4.027397260273973,76.05479452054794,2025-11-30 20:50:00,0.3150684931506849,0.6849315068493151
martin topol,pavel vyvial,20,8,3.85,72.6,2025-11-19 04:25:00,0.4,0.6
martin topol,tomas krejci,24,10,3.9166666666666665,73.83333333333333,2025-09-08 20:40:00,0.4166666666666667,0.5833333333333333
martin topol,tomas rein,32,9,4.15625,78.71875,2025-11-19 03:50:00,0.28125,0.71875
martin topol,zbynek vyskocil,65,23,3.923076923076923,73.84615384615384,2025-11-30 22:50:00,0.35384615384615387,0.6461538461538461
martin vodnansky,pavel cibik,41,11,4.0,75.41463414634147,2024-05-10 18:50:00,0.2682926829268293,0.7317073170731707
martin vodnansky,zbynek vyskocil,23,8,4.130434782608695,81.08695652173913,2024-05-16 17:50:00,0.34782608695652173,0.6521739130434783
matej beran,ondrej fiklik,64,23,3.96875,76.359375,2026-03-30 10:05:00,0.359375,0.640625
matej beran,vaclav hejda,24,7,3.9166666666666665,72.70833333333333,2025-11-11 17:25:00,0.2916666666666667,0.7083333333333333
matej urbanek,petr dvorak,21,7,4.0,71.71428571428571,2024-01-16 07:55:00,0.3333333333333333,0.6666666666666667
mateusz galus,michal lysakowski,69,26,3.869565217391304,72.47826086956522,2026-04-13 09:30:00,0.37681159420289856,0.6231884057971014
mateusz galus,milosz kukawka,31,11,3.903225806451613,72.35483870967742,2026-01-20 18:00:00,0.3548387096774194,0.6451612903225806
mateusz galus,pawel gola,55,17,3.963636363636364,74.45454545454545,2026-04-13 07:00:00,0.3090909090909091,0.6909090909090909
mateusz galus,stapor rafal,47,18,3.8297872340425534,71.1063829787234,2025-12-16 07:00:00,0.3829787234042553,0.6170212765957447
mateusz galus,sylwester wloszek,52,16,4.038461538461538,75.59615384615384,2026-04-14 11:30:00,0.3076923076923077,0.6923076923076923
mateusz malik,pawel gola,27,12,3.740740740740741,69.03703703703704,2026-01-23 08:00:00,0.4444444444444444,0.5555555555555556
mateusz malik,sylwester wloszek,30,12,3.8666666666666667,70.23333333333333,2026-01-23 13:40:00,0.4,0.6
mateusz michta,pawel domagala,33,7,4.090909090909091,78.42424242424242,2025-10-08 16:35:00,0.21212121212121213,0.7878787878787878
mateusz michta,stachera tomasz,24,6,4.125,77.20833333333333,2026-03-13 22:30:00,0.25,0.75
mateusz michta,tomasz witkowski,25,7,4.0,78.84,2025-04-27 00:00:00,0.28,0.72
mateusz sikon,michal bracha,38,12,4.0,74.94736842105263,2025-08-27 22:30:00,0.3157894736842105,0.6842105263157895
mateusz sikon,pawel kos,54,11,4.12962962962963,78.01851851851852,2026-01-24 21:35:00,0.2037037037037037,0.7962962962962963
matous dura,petr dvorak,27,11,3.740740740740741,70.81481481481481,2024-11-04 19:25:00,0.4074074074074074,0.5925925925925926
maxim suvorov,michal brozek,46,11,4.130434782608695,77.65217391304348,2024-10-30 11:55:00,0.2391304347826087,0.7608695652173914
maxim suvorov,miroslav sochor,22,3,4.136363636363637,78.18181818181819,2024-02-23 11:35:00,0.13636363636363635,0.8636363636363636
maxim suvorov,ondrej fiklik,25,7,4.04,75.24,2024-11-05 07:55:00,0.28,0.72
maxim suvorov,petr kotrbaty,29,8,4.0,74.06896551724138,2024-10-18 10:40:00,0.27586206896551724,0.7241379310344828
maxim suvorov,robert jamrich,20,5,4.25,79.85,2024-02-16 13:25:00,0.25,0.75
mecik patryk,mleczko mateusz,52,10,4.1923076923076925,81.82692307692308,2024-07-24 04:00:00,0.19230769230769232,0.8076923076923077
mecik patryk,piotr morawski,85,13,4.4,84.11764705882354,2024-08-19 04:00:00,0.15294117647058825,0.8470588235294118
mecik patryk,tomasz przebierala,22,5,3.9545454545454546,75.86363636363636,2023-05-15 04:20:00,0.22727272727272727,0.7727272727272727
mecik patryk,tomasz witkowski,64,14,4.15625,79.609375,2025-04-07 17:05:00,0.21875,0.78125
meelis apsolon,stanislav kruti,23,6,4.0,73.8695652173913,2025-02-15 12:45:00,0.2608695652173913,0.7391304347826086
michal bracha,pawel kos,83,29,3.8795180722891565,72.4578313253012,2025-08-28 17:30:00,0.3493975903614458,0.6506024096385542
michal bracha,piotr odelski,22,8,3.8636363636363638,71.86363636363636,2024-04-11 22:30:00,0.36363636363636365,0.6363636363636364
michal bracha,rafal ucinski,97,26,4.144329896907217,78.51546391752578,2025-07-15 16:30:00,0.26804123711340205,0.731958762886598
michal brozek,miroslav sochor,77,21,4.103896103896104,76.05194805194805,2026-03-08 16:50:00,0.2727272727272727,0.7272727272727273
michal brozek,ondrej fiklik,242,68,4.020661157024794,75.52479338842976,2026-04-15 12:55:00,0.2809917355371901,0.71900826446281
michal brozek,pavel benes,31,11,4.032258064516129,75.41935483870968,2026-04-16 16:20:00,0.3548387096774194,0.6451612903225806
michal brozek,pavel rissky,20,7,3.9,72.9,2026-03-01 08:25:00,0.35,0.65
michal brozek,petr kotrbaty,141,46,4.01418439716312,74.8936170212766,2025-11-24 12:55:00,0.3262411347517731,0.6737588652482269
michal brozek,petr vanek,44,14,4.113636363636363,75.52272727272727,2026-04-09 16:55:00,0.3181818181818182,0.6818181818181819
michal brozek,vaclav jr hejda,36,13,3.861111111111111,72.0,2026-02-28 08:50:00,0.3611111111111111,0.6388888888888888
michal brozek,viktor skokan,28,7,4.035714285714286,72.28571428571429,2026-04-11 22:40:00,0.25,0.75
michal brozek,vlastimil kolar,63,23,3.8412698412698414,69.57142857142857,2025-11-20 13:25:00,0.36507936507936506,0.6349206349206349
michal brozek,vojtech kosak,21,13,3.7142857142857144,68.52380952380952,2026-04-08 12:25:00,0.6190476190476191,0.38095238095238093
michal cesak,michal nemec,32,13,3.90625,72.875,2026-04-14 18:00:00,0.40625,0.59375
michal cesak,radek zeman,22,2,4.363636363636363,79.13636363636364,2026-04-14 14:50:00,0.09090909090909091,0.9090909090909091
michal dabek,rafal majdak,23,6,4.086956521739131,77.95652173913044,2026-02-26 16:00:00,0.2608695652173913,0.7391304347826086
michal kocur,milan zika,20,3,4.3,79.6,2026-04-15 17:15:00,0.15,0.85
michal kocur,patrik sturma,20,4,4.3,78.8,2026-04-16 14:10:00,0.2,0.8
michal korycki,michal nemec,21,3,4.190476190476191,79.47619047619048,2026-04-01 11:50:00,0.14285714285714285,0.8571428571428572
michal korycki,ondrej sebek,49,10,4.183673469387755,78.0,2026-04-19 06:20:00,0.20408163265306123,0.7959183673469388
michal korycki,vojtech hruska,21,4,4.238095238095238,79.33333333333333,2025-09-18 07:50:00,0.19047619047619047,0.8095238095238095
michal lysakowski,milosz kukawka,272,83,4.0,76.88602941176471,2026-01-28 08:30:00,0.30514705882352944,0.6948529411764706
michal lysakowski,pawel gola,169,51,4.011834319526627,76.3491124260355,2026-04-19 23:15:00,0.30177514792899407,0.6982248520710059
michal lysakowski,piotr krukar,26,7,4.269230769230769,82.11538461538461,2023-09-22 11:00:00,0.2692307692307692,0.7307692307692308
michal lysakowski,stapor rafal,134,50,3.8656716417910446,74.96268656716418,2026-01-31 08:05:00,0.373134328358209,0.6268656716417911
michal lysakowski,sylwester wloszek,187,71,3.9251336898395723,76.48663101604278,2026-04-19 20:35:00,0.37967914438502676,0.6203208556149733
michal lysakowski,szymon radlo,23,7,4.043478260869565,79.17391304347827,2026-04-19 16:05:00,0.30434782608695654,0.6956521739130435
michal moravec,radek benes,32,6,4.34375,88.1875,2026-04-15 10:40:00,0.1875,0.8125
michal moravec,tomas krenek,24,7,4.166666666666667,77.33333333333333,2026-04-14 11:10:00,0.2916666666666667,0.7083333333333333
michal nemec,pavel cibik,94,30,4.031914893617022,77.31914893617021,2025-11-05 15:20:00,0.3191489361702128,0.6808510638297872
michal nemec,pavel vyvial,23,7,3.9130434782608696,70.6086956521739,2025-11-25 13:50:00,0.30434782608695654,0.6956521739130435
michal nemec,petr libovicky,82,21,4.060975609756097,75.9390243902439,2023-11-05 10:35:00,0.25609756097560976,0.7439024390243902
michal nemec,petr vodal,38,10,4.0,76.05263157894737,2024-07-24 14:00:00,0.2631578947368421,0.736842105263158
michal nemec,radek zeman,127,42,3.952755905511811,74.48818897637796,2026-04-14 16:20:00,0.33070866141732286,0.6692913385826771
michal nemec,roman urban,43,15,3.9069767441860463,72.53488372093024,2025-11-02 10:10:00,0.3488372093023256,0.6511627906976745
michal nemec,simon matousch,56,21,3.9107142857142856,71.73214285714286,2025-11-25 12:20:00,0.375,0.625
michal nemec,stanislav jansa,29,6,4.137931034482759,76.17241379310344,2025-11-22 01:50:00,0.20689655172413793,0.7931034482758621
michal nemec,tomas cerveny jr,32,10,3.90625,70.5,2025-11-12 12:40:00,0.3125,0.6875
michal nemec,tomas kocvara,57,23,3.824561403508772,73.3859649122807,2025-12-25 14:25:00,0.40350877192982454,0.5964912280701755
michal nemec,tomas rein,31,10,3.870967741935484,73.0,2025-11-12 11:40:00,0.3225806451612903,0.6774193548387097
michal nemec,vladimir milata,22,10,3.727272727272727,70.04545454545455,2026-03-15 14:55:00,0.45454545454545453,0.5454545454545454
michal nemec,vladimir svoboda,49,16,4.0,74.38775510204081,2024-05-09 15:50:00,0.32653061224489793,0.6734693877551021
michal nemec,zbynek vyskocil,40,8,4.3,81.325,2025-11-21 22:45:00,0.2,0.8
michal nemec,zdenek dusek,32,12,3.96875,73.5625,2023-11-28 19:20:00,0.375,0.625
michal raska,ondrej kus,30,4,4.266666666666667,81.16666666666667,2026-04-09 14:15:00,0.13333333333333333,0.8666666666666667
michal spalek,petr silhan,20,5,4.2,78.95,2025-01-13 21:55:00,0.25,0.75
michal spalek,tomas beran,21,6,4.0,74.71428571428571,2024-07-19 22:05:00,0.2857142857142857,0.7142857142857143
michal spalek,tomas vorisek,235,77,3.953191489361702,73.70212765957447,2025-02-11 23:10:00,0.3276595744680851,0.672340425531915
michal szostak,oskar jedrzejowski,22,4,4.2272727272727275,80.63636363636364,2026-02-01 15:45:00,0.18181818181818182,0.8181818181818181
michal szostak,pawel domagala,38,8,4.184210526315789,78.57894736842105,2026-04-17 16:00:00,0.21052631578947367,0.7894736842105263
michal szostak,piotr kedzierski,49,13,4.040816326530612,75.71428571428571,2026-03-18 16:00:00,0.2653061224489796,0.7346938775510203
michal szostak,piotr zwolinski,33,2,4.393939393939394,82.87878787878788,2025-06-15 18:45:00,0.06060606060606061,0.9393939393939394
michal szostak,ryszard partyka,24,8,3.8333333333333335,69.83333333333333,2024-04-15 16:35:00,0.3333333333333333,0.6666666666666667
michal szostak,seweryn nagorzanski,27,7,4.111111111111111,77.29629629629629,2025-10-12 10:00:00,0.25925925925925924,0.7407407407407407
michal szostak,tomasz witkowski,124,15,4.258064516129032,80.19354838709677,2026-02-01 09:35:00,0.12096774193548387,0.8790322580645161
michal szostak,wiekiera arkadiusz,23,2,4.391304347826087,85.43478260869566,2026-04-17 17:00:00,0.08695652173913043,0.9130434782608696
miguel chamorro,moises alvarez garcia,107,37,3.9158878504672896,74.59813084112149,2025-11-25 16:40:00,0.34579439252336447,0.6542056074766356
miguel chamorro,sancho libre,126,52,3.8015873015873014,71.68253968253968,2024-10-15 17:10:00,0.4126984126984127,0.5873015873015873
mika mustonen,sanchez juan a,25,6,4.24,78.8,2025-05-17 10:15:00,0.24,0.76
mikulas chaloupka,vojna daniel,37,9,4.216216216216216,80.29729729729729,2025-10-13 09:55:00,0.24324324324324326,0.7567567567567568
mikulas chaloupka,zdenek zahradka,20,5,4.2,77.35,2025-10-26 16:20:00,0.25,0.75
milan dvorak,miroslav sochor,86,16,4.174418604651163,78.17441860465117,2026-03-31 18:05:00,0.18604651162790697,0.813953488372093
milan dvorak,ondrej fiklik,26,7,4.153846153846154,77.1923076923077,2024-01-18 13:25:00,0.2692307692307692,0.7307692307692308
milan dvorak,petr kotrbaty,22,10,3.727272727272727,71.22727272727273,2025-04-24 17:20:00,0.45454545454545453,0.5454545454545454
milan dvorak,petr moravec,31,7,4.290322580645161,79.09677419354838,2026-03-24 19:30:00,0.22580645161290322,0.7741935483870968
milan dvorak,vlastimil kolar,20,4,4.2,77.6,2025-07-21 18:30:00,0.2,0.8
milan dvorak,zdenek zahradka,24,5,4.166666666666667,79.41666666666667,2026-04-09 18:00:00,0.20833333333333334,0.7916666666666666
milan tlusty,vojna daniel,32,11,4.1875,80.25,2026-03-11 21:25:00,0.34375,0.65625
milan tlusty,zdenek zahradka,61,12,4.213114754098361,78.77049180327869,2026-04-18 13:25:00,0.19672131147540983,0.8032786885245902
milan zika,patrik sturma,42,5,4.190476190476191,81.0952380952381,2026-04-15 18:10:00,0.11904761904761904,0.8809523809523809
miller montealegre,reche jose,34,10,4.029411764705882,73.44117647058823,2025-11-20 11:40:00,0.29411764705882354,0.7058823529411764
milos frydl,miroslav sochor,21,5,4.095238095238095,78.23809523809524,2025-11-02 13:25:00,0.23809523809523808,0.7619047619047619
milos frydl,petr semrad,23,5,4.217391304347826,77.6086956521739,2024-08-07 17:50:00,0.21739130434782608,0.782608695652174
milosz kukawka,pawel gola,152,43,4.046052631578948,75.91447368421052,2026-01-28 08:00:00,0.28289473684210525,0.7171052631578947
milosz kukawka,stapor rafal,140,48,3.9357142857142855,72.83571428571429,2026-01-28 13:40:00,0.34285714285714286,0.6571428571428571
milosz kukawka,sylwester wloszek,136,56,3.8823529411764706,74.44117647058823,2026-01-27 08:00:00,0.4117647058823529,0.5882352941176471
miroslav sochor,ondrej fiklik,48,21,3.875,73.70833333333333,2026-03-08 17:50:00,0.4375,0.5625
miroslav sochor,petr kotrbaty,30,12,4.0,72.63333333333334,2025-07-19 14:25:00,0.4,0.6
miroslav sochor,robert jamrich,49,17,3.9591836734693877,75.34693877551021,2026-02-23 16:55:00,0.3469387755102041,0.653061224489796
miroslav sochor,vaclav jr hejda,46,12,4.1521739130434785,79.58695652173913,2026-04-10 14:50:00,0.2608695652173913,0.7391304347826086
miroslav sochor,vlastimil kolar,38,15,3.9210526315789473,73.94736842105263,2025-07-19 12:55:00,0.39473684210526316,0.6052631578947368
mleczko mateusz,piotr morawski,52,18,3.8846153846153846,72.53846153846153,2024-07-24 00:00:00,0.34615384615384615,0.6538461538461539
moises alvarez garcia,sancho libre,49,22,3.63265306122449,69.77551020408163,2024-06-18 17:10:00,0.4489795918367347,0.5510204081632653
nikolai danilov,raul pirson,25,8,4.16,79.12,2025-02-19 12:15:00,0.32,0.6799999999999999
oliver ollman,raul pirson,28,12,3.7142857142857144,70.78571428571429,2024-03-05 07:45:00,0.42857142857142855,0.5714285714285714
oliver ollman,stanislav kruti,25,8,4.0,74.56,2024-06-06 16:45:00,0.32,0.6799999999999999
oliver ollman,toivo tuisk,23,6,4.043478260869565,76.08695652173913,2024-05-24 15:15:00,0.2608695652173913,0.7391304347826086
ondrej fiklik,ondrej kadavy,68,21,4.0,73.76470588235294,2026-02-21 09:55:00,0.3088235294117647,0.6911764705882353
ondrej fiklik,pavel benes,118,31,4.110169491525424,77.70338983050847,2026-04-15 14:10:00,0.2627118644067797,0.7372881355932204
ondrej fiklik,pavel rissky,57,12,4.2105263157894735,80.7719298245614,2026-04-05 07:50:00,0.21052631578947367,0.7894736842105263
ondrej fiklik,petr kotrbaty,235,46,4.170212765957447,79.8340425531915,2025-11-21 15:30:00,0.19574468085106383,0.8042553191489361
ondrej fiklik,petr vanek,150,29,4.24,79.95333333333333,2026-04-18 22:00:00,0.19333333333333333,0.8066666666666666
ondrej fiklik,robert jamrich,39,9,4.102564102564102,76.48717948717949,2026-03-27 14:25:00,0.23076923076923078,0.7692307692307692
ondrej fiklik,vaclav hejda,46,12,4.065217391304348,76.19565217391305,2025-10-26 16:55:00,0.2608695652173913,0.7391304347826086
ondrej fiklik,vaclav jr hejda,29,8,4.103448275862069,77.10344827586206,2026-04-17 07:55:00,0.27586206896551724,0.7241379310344828
ondrej fiklik,vaclav nadvornik,85,21,3.9647058823529413,74.05882352941177,2026-03-17 09:25:00,0.24705882352941178,0.7529411764705882
ondrej fiklik,viktor skokan,110,40,3.9272727272727272,73.83636363636364,2026-04-17 10:25:00,0.36363636363636365,0.6363636363636364
ondrej fiklik,vladislav dotsenko,22,6,3.9545454545454546,73.95454545454545,2025-06-23 11:55:00,0.2727272727272727,0.7272727272727273
ondrej fiklik,vlastimil kolar,57,12,4.140350877192983,76.63157894736842,2025-08-25 14:40:00,0.21052631578947367,0.7894736842105263
ondrej fiklik,vojtech kosak,36,12,3.9722222222222223,74.75,2026-04-08 12:55:00,0.3333333333333333,0.6666666666666667
ondrej kadavy,petr dvorak,22,7,3.8636363636363638,72.27272727272727,2025-02-25 23:40:00,0.3181818181818182,0.6818181818181819
ondrej kadavy,tomas cerveny,35,13,3.7714285714285714,69.97142857142858,2025-02-13 20:25:00,0.37142857142857144,0.6285714285714286
ondrej kadavy,vaclav hejda,24,6,4.375,80.45833333333333,2025-06-24 16:25:00,0.25,0.75
ondrej kadavy,vaclav nadvornik,46,12,4.043478260869565,74.71739130434783,2026-04-11 18:00:00,0.2608695652173913,0.7391304347826086
ondrej kadavy,vaclav podrazil,26,6,4.346153846153846,81.03846153846153,2026-03-16 16:55:00,0.23076923076923078,0.7692307692307692
ondrej kadavy,vit benak,33,13,3.9393939393939394,74.96969696969697,2025-11-07 17:55:00,0.3939393939393939,0.6060606060606061
ondrej knazik,ondrej svarc,21,4,4.238095238095238,79.0,2023-10-27 12:55:00,0.19047619047619047,0.8095238095238095
ondrej knazik,pavel cibik,46,14,3.9782608695652173,74.6086956521739,2025-11-25 19:20:00,0.30434782608695654,0.6956521739130435
ondrej knazik,pavel kocabek,29,5,4.241379310344827,81.75862068965517,2024-02-15 10:25:00,0.1724137931034483,0.8275862068965517
ondrej knazik,petr hnizdo,58,15,4.120689655172414,78.48275862068965,2026-03-15 13:50:00,0.25862068965517243,0.7413793103448276
ondrej knazik,petr kubat,25,8,4.0,76.16,2026-03-16 20:25:00,0.32,0.6799999999999999
ondrej knazik,petr priscak,77,22,3.987012987012987,75.44155844155844,2025-10-22 17:50:00,0.2857142857142857,0.7142857142857143
ondrej knazik,petr vodal,80,23,4.125,78.6,2026-02-28 15:00:00,0.2875,0.7125
ondrej knazik,radek muller,80,21,4.125,78.5375,2026-02-24 11:20:00,0.2625,0.7375
ondrej knazik,simon holik,20,4,4.35,82.25,2026-04-13 12:55:00,0.2,0.8
ondrej knazik,stepan koci,40,10,4.125,78.8,2024-04-21 13:25:00,0.25,0.75
ondrej knazik,tomas barsa,26,3,4.461538461538462,86.07692307692308,2023-12-14 11:50:00,0.11538461538461539,0.8846153846153846
ondrej knazik,tomas cerveny jr,24,6,4.125,74.70833333333333,2026-01-30 12:50:00,0.25,0.75
ondrej knazik,tomas krejci,109,32,4.018348623853211,75.23853211009174,2025-02-22 12:25:00,0.29357798165137616,0.7064220183486238
ondrej knazik,tomas rein,47,15,4.042553191489362,74.68085106382979,2026-01-19 14:55:00,0.3191489361702128,0.6808510638297872
ondrej knazik,trefny jan,196,49,4.11734693877551,77.53571428571429,2025-11-30 11:50:00,0.25,0.75
ondrej knazik,vojna daniel,31,6,4.32258064516129,81.35483870967742,2026-04-15 10:20:00,0.1935483870967742,0.8064516129032258
ondrej knazik,vojtech dusan,27,7,4.185185185185185,79.74074074074075,2025-11-11 20:40:00,0.25925925925925924,0.7407407407407407
ondrej knazik,vojtech koutnik,26,12,3.8461538461538463,73.57692307692308,2026-04-03 18:05:00,0.46153846153846156,0.5384615384615384
ondrej knazik,vojtech sanc,63,12,4.285714285714286,82.01587301587301,2024-11-09 14:50:00,0.19047619047619047,0.8095238095238095
ondrej knazik,zdenek dusek,52,12,4.134615384615385,76.88461538461539,2026-03-07 12:55:00,0.23076923076923078,0.7692307692307692
ondrej sebek,pavel vilhelm,24,4,4.25,80.16666666666667,2025-10-03 07:50:00,0.16666666666666666,0.8333333333333334
ondrej sebek,petr libovicky,28,7,4.035714285714286,76.25,2025-11-06 11:20:00,0.25,0.75
ondrej sebek,vaclav nykl,50,12,4.18,78.1,2025-11-20 12:10:00,0.24,0.76
ondrej sebek,vladimir libovicky,31,5,4.225806451612903,78.12903225806451,2025-11-10 15:05:00,0.16129032258064516,0.8387096774193549
ondrej sebek,vladimir svoboda,30,7,4.3,82.13333333333334,2025-11-18 15:00:00,0.23333333333333334,0.7666666666666666
ondrej svarc,stepan koci,28,7,4.214285714285714,79.78571428571429,2023-10-27 14:25:00,0.25,0.75
orlando espinoza,sanchez juan a,23,6,4.130434782608695,75.82608695652173,2025-05-23 08:10:00,0.2608695652173913,0.7391304347826086
oscar alonso,sanchez juan a,28,12,3.857142857142857,72.42857142857143,2025-05-09 14:40:00,0.42857142857142855,0.5714285714285714
oskar jedrzejowski,pawel domagala,31,9,3.935483870967742,77.83870967741936,2026-02-01 07:05:00,0.2903225806451613,0.7096774193548387
oskar jedrzejowski,piotr kedzierski,21,3,4.190476190476191,80.04761904761905,2026-02-22 13:35:00,0.14285714285714285,0.8571428571428572
patrick keville,victor chis,23,8,3.9565217391304346,74.21739130434783,2024-02-06 03:15:00,0.34782608695652173,0.6521739130434783
patrick keville,wes wang,22,5,4.181818181818182,75.5909090909091,2024-01-14 00:25:00,0.22727272727272727,0.7727272727272727
patrik  klusacek,radim jaros,22,5,4.181818181818182,79.86363636363636,2026-04-19 17:05:00,0.22727272727272727,0.7727272727272727
patrik  klusacek,tomas krcil,20,4,4.15,77.6,2026-04-14 21:45:00,0.2,0.8
patrik sturma,robert sikora,24,3,4.166666666666667,77.83333333333333,2026-04-17 14:15:00,0.125,0.875
pavel benes,petr kotrbaty,20,8,3.9,73.35,2025-10-14 13:55:00,0.4,0.6
pavel benes,petr vanek,53,13,4.056603773584905,76.75471698113208,2026-04-09 18:35:00,0.24528301886792453,0.7547169811320755
pavel benes,vaclav nadvornik,29,5,4.241379310344827,80.41379310344827,2026-04-14 07:25:00,0.1724137931034483,0.8275862068965517
pavel benes,vojtech kosak,30,19,3.533333333333333,63.833333333333336,2026-04-01 08:25:00,0.6333333333333333,0.3666666666666667
pavel cibik,pavel verner,23,8,3.9130434782608696,74.95652173913044,2025-05-02 15:10:00,0.34782608695652173,0.6521739130434783
pavel cibik,pavel vyvial,39,11,3.871794871794872,71.07692307692308,2025-11-15 03:20:00,0.28205128205128205,0.717948717948718
pavel cibik,petr vodal,79,13,4.177215189873418,78.9746835443038,2025-11-29 13:20:00,0.16455696202531644,0.8354430379746836
pavel cibik,simon matousch,32,5,4.28125,81.21875,2026-04-10 20:20:00,0.15625,0.84375
pavel cibik,tomas cerveny jr,69,20,4.159420289855072,77.3768115942029,2026-04-07 11:20:00,0.2898550724637681,0.7101449275362319
pavel cibik,tomas rein,83,31,3.9518072289156625,74.42168674698796,2026-04-07 13:25:00,0.37349397590361444,0.6265060240963856
pavel cibik,vojtech sanc,55,14,4.163636363636364,77.0909090909091,2025-07-26 21:30:00,0.2545454545454545,0.7454545454545455
pavel cibik,zbynek vyskocil,227,65,4.0881057268722465,78.27753303964758,2026-04-01 19:55:00,0.28634361233480177,0.7136563876651982
pavel cibik,zdenek dusek,185,51,4.07027027027027,76.72972972972973,2026-04-12 08:20:00,0.2756756756756757,0.7243243243243243
pavel rissky,petr kotrbaty,24,9,4.041666666666667,74.08333333333333,2025-11-21 11:55:00,0.375,0.625
pavel vilhelm,simon matousch,26,11,3.923076923076923,72.07692307692308,2024-02-22 09:20:00,0.4230769230769231,0.5769230769230769
pavel vilhelm,vojtech strouhal,21,6,4.0476190476190474,76.04761904761905,2024-02-15 11:50:00,0.2857142857142857,0.7142857142857143
pavel vyvial,petr libovicky,24,12,3.625,66.29166666666667,2024-08-27 13:55:00,0.5,0.5
pavel vyvial,petr litomisky,36,10,4.027777777777778,75.22222222222223,2024-10-06 18:50:00,0.2777777777777778,0.7222222222222222
pavel vyvial,petr vrastil,41,10,4.024390243902439,75.04878048780488,2025-04-23 18:40:00,0.24390243902439024,0.7560975609756098
pavel vyvial,radek libovicky,31,9,3.935483870967742,75.80645161290323,2023-12-27 22:25:00,0.2903225806451613,0.7096774193548387
pavel vyvial,radek zeman,34,16,3.764705882352941,70.08823529411765,2025-11-27 03:20:00,0.47058823529411764,0.5294117647058824
pavel vyvial,roman urban,73,22,3.9726027397260273,72.54794520547945,2025-04-23 20:10:00,0.3013698630136986,0.6986301369863014
pavel vyvial,simon matousch,47,16,3.9148936170212765,73.23404255319149,2025-11-25 15:00:00,0.3404255319148936,0.6595744680851063
pavel vyvial,stanislav jansa,23,7,3.9565217391304346,75.91304347826087,2025-11-27 00:20:00,0.30434782608695654,0.6956521739130435
pavel vyvial,tomas cerveny jr,73,25,4.041095890410959,75.4931506849315,2025-11-09 17:20:00,0.3424657534246575,0.6575342465753424
pavel vyvial,tomas rein,52,22,3.8653846153846154,71.17307692307692,2025-11-18 23:20:00,0.4230769230769231,0.5769230769230769
pavel vyvial,vladimir libovicky,35,12,3.742857142857143,68.02857142857142,2024-08-27 12:50:00,0.34285714285714286,0.6571428571428571
pavel vyvial,vladimir svoboda,38,10,4.052631578947368,75.55263157894737,2024-10-29 13:50:00,0.2631578947368421,0.736842105263158
pavel vyvial,vlastimil kocvara,27,10,3.888888888888889,72.18518518518519,2024-01-07 14:30:00,0.37037037037037035,0.6296296296296297
pavel vyvial,zbynek vyskocil,41,16,3.7560975609756095,69.2439024390244,2025-11-21 21:40:00,0.3902439024390244,0.6097560975609756
pavel vyvial,zdenek bron,25,8,4.04,77.08,2024-06-11 15:10:00,0.32,0.6799999999999999
pavel vyvial,zdenek dusek,28,12,3.892857142857143,72.14285714285714,2025-10-21 23:50:00,0.42857142857142855,0.5714285714285714
pawel domagala,piotr kedzierski,38,6,4.2105263157894735,80.86842105263158,2026-04-04 17:05:00,0.15789473684210525,0.8421052631578947
pawel domagala,tomasz witkowski,81,5,4.481481481481482,83.41975308641975,2026-02-01 15:15:00,0.06172839506172839,0.9382716049382716
pawel domagala,wiekiera arkadiusz,63,19,3.9682539682539684,76.0,2026-04-18 09:05:00,0.30158730158730157,0.6984126984126984
pawel gola,stapor rafal,161,60,3.9316770186335406,74.03105590062111,2026-01-29 06:30:00,0.37267080745341613,0.6273291925465838
pawel gola,sylwester wloszek,163,57,3.920245398773006,74.88957055214723,2026-04-19 18:35:00,0.3496932515337423,0.6503067484662577
pawel gola,szymon radlo,22,8,3.6818181818181817,70.18181818181819,2026-04-19 17:05:00,0.36363636363636365,0.6363636363636364
pawel kos,piotr zwolinski,27,8,4.074074074074074,75.44444444444444,2024-05-26 20:45:00,0.2962962962962963,0.7037037037037037
pawel kos,rafal ucinski,125,45,3.888,72.296,2025-07-15 18:00:00,0.36,0.64
pawel kos,sebastian sobczyk,37,6,4.216216216216216,80.13513513513513,2024-02-03 21:15:00,0.16216216216216217,0.8378378378378378
pawel kos,stachera tomasz,21,5,4.142857142857143,78.76190476190476,2026-03-31 19:00:00,0.23809523809523808,0.7619047619047619
pawel kos,tomasz witkowski,29,4,4.206896551724138,79.86206896551724,2024-06-09 01:30:00,0.13793103448275862,0.8620689655172413
pedro campoy,sanchez juan a,21,9,4.0,73.95238095238095,2024-09-09 16:10:00,0.42857142857142855,0.5714285714285714
pedro j rocamora,ricard sabio,22,5,4.136363636363637,78.27272727272727,2024-11-15 20:45:00,0.22727272727272727,0.7727272727272727
pedro j rocamora,salvador aracil,32,10,3.875,70.0625,2024-11-03 10:25:00,0.3125,0.6875
pedro j rocamora,sanchez juan a,110,26,4.127272727272727,76.80909090909091,2025-11-19 09:40:00,0.23636363636363636,0.7636363636363637
pedro j. rocamora,salvador aracil,35,15,3.8285714285714287,70.05714285714286,2023-05-16 08:40:00,0.42857142857142855,0.5714285714285714
pedro rodriguez,sanchez juan a,38,13,3.9473684210526314,73.65789473684211,2025-10-11 11:15:00,0.34210526315789475,0.6578947368421053
peter chvojka,vladislav reska,24,8,4.125,78.70833333333333,2026-04-14 20:45:00,0.3333333333333333,0.6666666666666667
petr chlumsky,robert jamrich,30,8,4.2,81.66666666666667,2026-04-15 07:25:00,0.26666666666666666,0.7333333333333334
petr chlumsky,vaclav jr hejda,42,14,4.023809523809524,77.0952380952381,2026-03-31 14:35:00,0.3333333333333333,0.6666666666666667
petr dvorak,tomas beran,55,16,4.0,74.8,2024-07-10 22:25:00,0.2909090909090909,0.7090909090909091
petr dvorak,tomas cerveny,103,20,4.058252427184466,76.16504854368932,2024-12-26 08:40:00,0.1941747572815534,0.8058252427184466
petr dvorak,tomas vorisek,24,7,4.125,76.125,2024-04-30 18:00:00,0.2916666666666667,0.7083333333333333
petr dvorak,vaclav ezr,24,5,4.25,78.70833333333333,2024-04-22 16:25:00,0.20833333333333334,0.7916666666666666
petr dvorak,vaclav hejda,32,15,3.875,73.75,2025-09-04 16:55:00,0.46875,0.53125
petr dvorak,vaclav podrazil,53,14,4.132075471698113,77.66037735849056,2025-01-07 19:10:00,0.2641509433962264,0.7358490566037736
petr hnizdo,petr vodal,20,12,3.6,63.3,2026-02-28 13:55:00,0.6,0.4
petr hnizdo,radek muller,25,10,3.92,72.2,2026-03-16 07:55:00,0.4,0.6
petr hnizdo,tomas krejci,25,8,4.0,74.92,2025-08-17 10:20:00,0.32,0.6799999999999999
petr hnizdo,trefny jan,20,6,4.2,78.9,2025-08-23 09:55:00,0.3,0.7
petr hnizdo,vojna daniel,24,5,4.125,75.91666666666667,2026-04-05 11:25:00,0.20833333333333334,0.7916666666666666
petr hnizdo,vojtech koutnik,31,8,3.935483870967742,72.87096774193549,2026-03-21 09:55:00,0.25806451612903225,0.7419354838709677
petr korp,vaclav jr hejda,35,12,4.0285714285714285,77.31428571428572,2024-03-06 10:45:00,0.34285714285714286,0.6571428571428571
petr korp,zdenek zahradka,36,9,4.083333333333333,75.88888888888889,2024-03-04 15:35:00,0.25,0.75
petr kotrbaty,petr vanek,34,10,4.117647058823529,79.61764705882354,2025-08-22 18:40:00,0.29411764705882354,0.7058823529411764
petr kotrbaty,robert jamrich,32,12,3.875,71.40625,2025-05-13 12:05:00,0.375,0.625
petr kotrbaty,viktor skokan,22,10,3.909090909090909,73.13636363636364,2025-10-31 15:25:00,0.45454545454545453,0.5454545454545454
petr kotrbaty,vlastimil kolar,87,24,3.9770114942528734,73.9080459770115,2025-11-20 13:55:00,0.27586206896551724,0.7241379310344828
petr kubat,radek muller,25,10,3.92,75.36,2026-02-22 20:25:00,0.4,0.6
petr kubat,tomas krejci,20,1,4.5,86.25,2025-07-13 11:20:00,0.05,0.95
petr kubat,vojna daniel,34,10,4.0588235294117645,75.82352941176471,2026-03-24 16:50:00,0.29411764705882354,0.7058823529411764
petr kubat,vojtech dusan,26,10,4.0,76.07692307692308,2025-11-18 19:40:00,0.38461538461538464,0.6153846153846154
petr kubat,vojtech koutnik,53,12,4.2075471698113205,79.69811320754717,2026-03-29 07:55:00,0.22641509433962265,0.7735849056603774
petr kubat,zdenek muhlhauser,24,7,4.041666666666667,79.5,2026-03-03 18:55:00,0.2916666666666667,0.7083333333333333
petr kubat,zdenek zahradka,45,11,4.066666666666666,74.8,2025-11-27 16:20:00,0.24444444444444444,0.7555555555555555
petr libovicky,vaclav nykl,58,22,3.913793103448276,71.72413793103448,2025-10-03 07:20:00,0.3793103448275862,0.6206896551724138
petr libovicky,vladimir libovicky,41,14,4.048780487804878,77.82926829268293,2025-11-26 02:50:00,0.34146341463414637,0.6585365853658536
petr libovicky,vladimir svoboda,88,25,4.011363636363637,74.27272727272727,2025-11-26 01:50:00,0.2840909090909091,0.7159090909090908
petr litomisky,tomas kocvara,23,4,4.260869565217392,78.0,2026-01-12 11:50:00,0.17391304347826086,0.8260869565217391
petr litomisky,vladimir libovicky,43,12,4.046511627906977,75.55813953488372,2025-11-16 17:50:00,0.27906976744186046,0.7209302325581395
petr litomisky,vladimir svoboda,55,11,4.1454545454545455,77.16363636363636,2025-11-16 18:30:00,0.2,0.8
petr priscak,stepan koci,34,14,3.8823529411764706,74.32352941176471,2024-04-21 12:25:00,0.4117647058823529,0.5882352941176471
petr priscak,tomas krejci,96,26,3.9791666666666665,75.11458333333333,2025-08-06 22:05:00,0.2708333333333333,0.7291666666666667
petr priscak,trefny jan,32,11,3.96875,74.65625,2025-08-13 15:50:00,0.34375,0.65625
petr priscak,vojtech dusan,33,10,4.0,73.0909090909091,2025-10-22 14:50:00,0.30303030303030304,0.696969696969697
petr priscak,vojtech sanc,51,14,4.078431372549019,75.56862745098039,2025-04-22 21:30:00,0.27450980392156865,0.7254901960784313
petr semrad,vaclav jr hejda,34,11,4.0588235294117645,78.88235294117646,2024-08-07 14:40:00,0.3235294117647059,0.6764705882352942
petr silhan,tomas vorisek,91,29,4.0989010989010985,76.10989010989012,2026-03-23 19:40:00,0.31868131868131866,0.6813186813186813
petr silhan,vaclav podrazil,24,9,3.9166666666666665,71.20833333333333,2025-09-02 18:45:00,0.375,0.625
petr vanek,vaclav nadvornik,65,18,4.076923076923077,77.29230769230769,2026-04-03 20:25:00,0.27692307692307694,0.7230769230769231
petr vicherek,rene kowal,20,3,4.05,74.05,2026-04-14 18:10:00,0.15,0.85
petr vicherek,rostislav niezgoda,33,8,4.181818181818182,77.84848484848484,2026-04-14 18:40:00,0.24242424242424243,0.7575757575757576
petr vodal,tomas cerveny jr,49,10,4.244897959183674,80.48979591836735,2026-04-19 17:25:00,0.20408163265306123,0.7959183673469388
petr vodal,tomas krejci,28,12,3.6785714285714284,69.10714285714286,2025-08-17 06:40:00,0.42857142857142855,0.5714285714285714
petr vodal,tomas rein,40,6,4.425,83.675,2026-01-22 13:55:00,0.15,0.85
petr vodal,trefny jan,84,18,4.273809523809524,81.60714285714286,2025-11-30 10:55:00,0.21428571428571427,0.7857142857142857
petr vodal,zdenek dusek,30,8,4.1,75.36666666666666,2026-04-11 12:55:00,0.26666666666666666,0.7333333333333334
petr vrastil,roman urban,91,28,4.087912087912088,75.13186813186813,2025-11-26 23:35:00,0.3076923076923077,0.6923076923076923
petr vrastil,tomas kocvara,20,5,4.0,74.25,2025-11-20 18:45:00,0.25,0.75
piotr kedzierski,tomasz witkowski,68,11,4.205882352941177,78.75,2026-02-10 16:00:00,0.16176470588235295,0.8382352941176471
piotr kedzierski,wiekiera arkadiusz,38,6,4.184210526315789,79.78947368421052,2026-04-03 14:30:00,0.15789473684210525,0.8421052631578947
piotr zwolinski,seweryn nagorzanski,24,3,4.416666666666667,83.125,2025-07-28 19:05:00,0.125,0.875
piotr zwolinski,tomasz tetla,30,8,4.1,76.4,2025-06-03 18:05:00,0.26666666666666666,0.7333333333333334
piotr zwolinski,tomasz witkowski,23,2,4.478260869565218,87.08695652173913,2025-04-29 15:00:00,0.08695652173913043,0.9130434782608696
pukk oskar,stanislav strogov,24,9,3.7916666666666665,70.45833333333333,2025-02-25 10:20:00,0.375,0.625
radek benes,radek sedlacek,25,9,3.96,76.04,2026-04-08 09:40:00,0.36,0.64
radek benes,tomas krenek,78,24,4.076923076923077,77.48717948717949,2026-04-14 06:40:00,0.3076923076923077,0.6923076923076923
radek muller,trefny jan,42,9,4.214285714285714,79.30952380952381,2025-11-25 04:50:00,0.21428571428571427,0.7857142857142857
radek muller,vojna daniel,43,10,4.186046511627907,79.88372093023256,2026-04-08 06:55:00,0.23255813953488372,0.7674418604651163
radek muller,vojtech koutnik,24,5,4.166666666666667,78.95833333333333,2026-04-04 16:25:00,0.20833333333333334,0.7916666666666666
radek muller,zdenek zahradka,30,10,3.933333333333333,73.23333333333333,2026-04-13 15:50:00,0.3333333333333333,0.6666666666666667
radek slavik,vojna daniel,32,10,4.09375,80.4375,2025-12-19 12:55:00,0.3125,0.6875
radek slavik,zdenek zahradka,24,3,4.375,83.375,2026-01-06 17:25:00,0.125,0.875
radek zeman,simon matousch,26,8,4.038461538461538,73.73076923076923,2025-11-14 23:05:00,0.3076923076923077,0.6923076923076923
radek zeman,stanislav jansa,93,22,4.129032258064516,76.98924731182795,2025-11-28 19:50:00,0.23655913978494625,0.7634408602150538
radek zeman,tomas kocvara,28,9,4.035714285714286,75.07142857142857,2025-11-09 14:40:00,0.32142857142857145,0.6785714285714286
radek zeman,vladimir libovicky,22,4,4.136363636363637,79.22727272727273,2025-01-03 15:05:00,0.18181818181818182,0.8181818181818181
radek zeman,vladimir milata,30,10,3.9,70.86666666666666,2026-03-12 20:50:00,0.3333333333333333,0.6666666666666667
radek zeman,vladimir svoboda,28,3,4.321428571428571,81.07142857142857,2025-01-03 12:50:00,0.10714285714285714,0.8928571428571429
rafal ucinski,szymon ciosek,20,3,4.25,81.0,2023-10-29 14:35:00,0.15,0.85
rags mohanty,vijay kumar,20,4,4.25,80.8,2025-10-07 01:25:00,0.2,0.8
raul pirson,valdek putkemaa,21,7,3.8095238095238093,67.52380952380952,2023-12-20 10:25:00,0.3333333333333333,0.6666666666666667
raul pirson,vincent oberle,38,11,4.184210526315789,77.52631578947368,2025-01-17 09:55:00,0.2894736842105263,0.7105263157894737
ray yang,santosh chandrasekaran,22,7,4.090909090909091,77.31818181818181,2025-10-22 01:40:00,0.3181818181818182,0.6818181818181819
rene kowal,rostislav niezgoda,36,8,4.0,74.75,2026-04-14 21:20:00,0.2222222222222222,0.7777777777777778
richard marsik,vojtech koutnik,37,9,4.054054054054054,77.91891891891892,2024-06-29 13:55:00,0.24324324324324326,0.7567567567567568
richard marsik,zdenek zahradka,41,17,3.8780487804878048,73.90243902439025,2024-06-08 06:20:00,0.4146341463414634,0.5853658536585367
robert jamrich,vaclav jr hejda,56,17,4.035714285714286,77.01785714285714,2026-04-17 13:25:00,0.30357142857142855,0.6964285714285714
robert jamrich,vlastimil kolar,59,9,4.203389830508475,79.15254237288136,2025-09-09 11:25:00,0.15254237288135594,0.847457627118644
robert jamrich,zdenek zahradka,20,3,4.15,75.15,2026-04-16 14:25:00,0.15,0.85
roman pokorny,stepan koci,21,4,4.285714285714286,82.71428571428571,2023-12-09 12:20:00,0.19047619047619047,0.8095238095238095
roman urban,simon matousch,41,15,3.926829268292683,70.82926829268293,2025-10-01 14:20:00,0.36585365853658536,0.6341463414634146
roman urban,tomas kocvara,76,22,4.144736842105263,76.92105263157895,2025-11-22 13:50:00,0.2894736842105263,0.7105263157894737
roman urban,yuliya zaleskaya,21,8,3.761904761904762,70.71428571428571,2025-10-21 10:20:00,0.38095238095238093,0.6190476190476191
roman urban,zdenek bron,22,8,3.772727272727273,70.22727272727273,2025-10-12 17:40:00,0.36363636363636365,0.6363636363636364
ryszard partyka,tomasz witkowski,27,9,4.0,74.03703703703704,2024-05-05 16:30:00,0.3333333333333333,0.6666666666666667
sander taaber,varmo onton,21,10,3.761904761904762,68.38095238095238,2024-12-12 19:25:00,0.47619047619047616,0.5238095238095238
santosh chandrasekaran,victor chis,40,16,4.05,76.925,2025-10-28 02:35:00,0.4,0.6
seweryn nagorzanski,szumilas wladyslaw,51,11,4.0588235294117645,77.33333333333333,2025-11-24 19:05:00,0.21568627450980393,0.7843137254901961
simon matousch,stanislav jansa,22,4,4.2727272727272725,77.86363636363636,2025-11-14 21:25:00,0.18181818181818182,0.8181818181818181
simon matousch,tomas cerveny jr,32,10,4.09375,74.6875,2026-02-24 08:55:00,0.3125,0.6875
simon matousch,tomas kocvara,34,16,3.8529411764705883,71.79411764705883,2025-12-03 16:50:00,0.47058823529411764,0.5294117647058824
simon matousch,tomas rein,30,17,3.6333333333333333,65.96666666666667,2026-03-06 09:25:00,0.5666666666666667,0.43333333333333335
simon matousch,vaclav nykl,34,8,4.117647058823529,76.5,2024-04-04 06:20:00,0.23529411764705882,0.7647058823529411
stanislav kruti,toivo tuisk,20,5,4.05,75.55,2024-10-11 18:25:00,0.25,0.75
stanislav kruti,yevhenii cherkashyn,25,9,3.92,73.8,2025-02-24 10:25:00,0.36,0.64
stapor rafal,sylwester wloszek,101,27,4.0594059405940595,76.98019801980197,2026-01-31 14:35:00,0.26732673267326734,0.7326732673267327
stepan koci,tomas krejci,41,15,3.926829268292683,75.5609756097561,2024-04-14 19:55:00,0.36585365853658536,0.6341463414634146
stepan koci,trefny jan,34,11,4.029411764705882,77.17647058823529,2024-04-21 14:10:00,0.3235294117647059,0.6764705882352942
stepan koci,vojtech waldhauser,26,11,3.8461538461538463,71.88461538461539,2024-04-09 20:10:00,0.4230769230769231,0.5769230769230769
sylwester wloszek,szymon radlo,23,5,4.130434782608695,83.8695652173913,2026-04-19 22:05:00,0.21739130434782608,0.782608695652174
timo teras,varmo onton,33,4,4.454545454545454,84.42424242424242,2025-02-19 19:45:00,0.12121212121212122,0.8787878787878788
tokar vadim,wiekiera arkadiusz,24,5,4.083333333333333,78.54166666666667,2026-03-04 23:00:00,0.20833333333333334,0.7916666666666666
tomas barsa,tomas krejci,24,6,4.166666666666667,77.41666666666667,2024-03-20 21:55:00,0.25,0.75
tomas barsa,zbynek vyskocil,32,8,4.1875,79.4375,2026-04-17 20:25:00,0.25,0.75
tomas beran,tomas cerveny,53,17,3.811320754716981,70.41509433962264,2024-02-28 22:25:00,0.32075471698113206,0.679245283018868
tomas beran,tomas vorisek,39,12,4.0256410256410255,75.61538461538461,2024-07-19 19:25:00,0.3076923076923077,0.6923076923076923
tomas beran,vaclav podrazil,20,8,3.9,74.45,2024-07-16 14:55:00,0.4,0.6
tomas cerveny,vaclav ezr,28,6,4.214285714285714,78.96428571428571,2024-06-11 18:05:00,0.21428571428571427,0.7857142857142857
tomas cerveny,vaclav hejda,52,11,4.038461538461538,75.40384615384616,2024-12-10 19:00:00,0.21153846153846154,0.7884615384615384
tomas cerveny jr,tomas rein,71,17,4.028169014084507,73.90140845070422,2026-04-07 10:50:00,0.23943661971830985,0.7605633802816901
tomas cerveny jr,vladimir libovicky,24,10,3.9166666666666665,72.54166666666667,2023-11-02 15:40:00,0.4166666666666667,0.5833333333333333
tomas cerveny jr,zbynek vyskocil,25,8,3.92,75.44,2026-03-15 19:55:00,0.32,0.6799999999999999
tomas cerveny jr,zdenek dusek,34,12,3.8823529411764706,71.76470588235294,2026-03-15 23:00:00,0.35294117647058826,0.6470588235294117
tomas flicek,tomas vorisek,53,18,3.9056603773584904,71.77358490566037,2026-03-26 19:30:00,0.33962264150943394,0.6603773584905661
tomas kocvara,tomas rein,20,7,3.95,72.1,2024-07-27 10:50:00,0.35,0.65
tomas kocvara,vaclav nykl,23,6,4.130434782608695,78.8695652173913,2024-02-21 13:50:00,0.2608695652173913,0.7391304347826086
tomas kocvara,vladimir svoboda,34,6,4.176470588235294,78.82352941176471,2025-11-01 12:20:00,0.17647058823529413,0.8235294117647058
tomas kocvara,yuliya zaleskaya,21,5,4.095238095238095,77.95238095238095,2025-02-11 15:20:00,0.23809523809523808,0.7619047619047619
tomas krejci,trefny jan,73,22,4.095890410958904,76.94520547945206,2025-08-10 08:40:00,0.3013698630136986,0.6986301369863014
tomas krejci,vojtech sanc,91,25,4.065934065934066,75.83516483516483,2025-04-24 22:00:00,0.27472527472527475,0.7252747252747253
tomas krejci,vojtech waldhauser,65,19,4.046153846153846,75.87692307692308,2025-04-09 20:20:00,0.2923076923076923,0.7076923076923076
tomas krejci,zdenek dusek,22,10,3.8181818181818183,70.4090909090909,2025-05-11 14:20:00,0.45454545454545453,0.5454545454545454
tomas rein,trefny jan,25,5,4.12,78.8,2025-11-19 00:50:00,0.2,0.8
tomas rein,yuliya zaleskaya,25,6,4.04,74.56,2024-05-27 13:20:00,0.24,0.76
tomas rein,zbynek vyskocil,56,25,3.7857142857142856,70.01785714285714,2026-04-19 20:50:00,0.44642857142857145,0.5535714285714286
tomas rein,zdenek dusek,27,10,3.888888888888889,70.5925925925926,2026-04-19 18:20:00,0.37037037037037035,0.6296296296296297
tomas vorisek,vaclav podrazil,72,20,4.097222222222222,77.09722222222223,2026-02-20 19:30:00,0.2777777777777778,0.7222222222222222
tomas vorisek,vit benak,37,11,4.054054054054054,77.86486486486487,2026-04-15 14:55:00,0.2972972972972973,0.7027027027027026
tomasz witkowski,wiekiera arkadiusz,77,11,4.259740259740259,81.9090909090909,2026-02-11 15:00:00,0.14285714285714285,0.8571428571428572
tomasz witkowski,zbigniew gudz,32,5,4.25,78.59375,2024-07-17 17:00:00,0.15625,0.84375
trefny jan,vojtech dusan,25,7,4.04,75.24,2025-11-24 21:20:00,0.28,0.72
trefny jan,vojtech waldhauser,25,9,3.84,70.96,2025-01-20 12:20:00,0.36,0.64
vaclav ezr,vaclav hejda,26,6,3.9615384615384617,77.11538461538461,2024-06-11 16:25:00,0.23076923076923078,0.7692307692307692
vaclav jr hejda,viktor skokan,25,6,4.08,77.44,2026-04-17 06:55:00,0.24,0.76
vaclav jr hejda,vlastimil kolar,51,14,4.019607843137255,75.6078431372549,2025-11-19 15:05:00,0.27450980392156865,0.7254901960784313
vaclav jr hejda,vojtech koutnik,35,5,4.228571428571429,81.34285714285714,2024-06-30 15:05:00,0.14285714285714285,0.8571428571428572
vaclav jr hejda,zdenek zahradka,80,25,4.0125,76.5,2026-04-16 10:55:00,0.3125,0.6875
vaclav nykl,vladimir libovicky,33,4,4.151515151515151,78.39393939393939,2025-11-27 09:20:00,0.12121212121212122,0.8787878787878788
vaclav nykl,vladimir svoboda,37,16,3.7567567567567566,70.35135135135135,2025-10-22 22:50:00,0.43243243243243246,0.5675675675675675
vaclav podrazil,vit benak,24,5,4.208333333333333,80.41666666666667,2025-11-07 19:40:00,0.20833333333333334,0.7916666666666666
valerii ignatev,vladimir sastin,25,3,4.12,77.96,2025-01-15 17:15:00,0.12,0.88
valerii ignatev,vootele vaher,28,6,4.142857142857143,80.78571428571429,2024-12-25 16:15:00,0.21428571428571427,0.7857142857142857
victor chis,vijay kumar,20,7,3.9,77.2,2024-06-14 01:10:00,0.35,0.65
vladimir libovicky,vladimir svoboda,115,38,3.982608695652174,72.63478260869566,2025-11-26 04:25:00,0.33043478260869563,0.6695652173913044
vladimir libovicky,vlastimil kocvara,41,9,4.170731707317073,76.1219512195122,2023-11-19 14:30:00,0.21951219512195122,0.7804878048780488
vladimir libovicky,vojtech strouhal,64,13,4.171875,78.109375,2025-08-20 15:20:00,0.203125,0.796875
vladimir libovicky,yuliya zaleskaya,21,6,3.9523809523809526,74.23809523809524,2025-08-13 21:20:00,0.2857142857142857,0.7142857142857143
vladimir libovicky,zdenek bron,63,21,4.031746031746032,74.04761904761905,2025-11-16 19:00:00,0.3333333333333333,0.6666666666666667
vladimir svoboda,yuliya zaleskaya,44,14,4.159090909090909,76.27272727272727,2025-11-20 00:20:00,0.3181818181818182,0.6818181818181819
vladimir svoboda,zdenek bron,53,16,4.037735849056604,75.0754716981132,2025-11-16 17:20:00,0.3018867924528302,0.6981132075471699
vojna daniel,vojtech koutnik,39,12,4.0,74.33333333333333,2026-03-28 19:30:00,0.3076923076923077,0.6923076923076923
vojna daniel,zdenek muhlhauser,32,5,4.34375,83.4375,2026-03-21 10:25:00,0.15625,0.84375
vojna daniel,zdenek zahradka,100,23,4.12,77.21,2026-03-31 15:20:00,0.23,0.77
vojtech dusan,vojtech koutnik,39,13,3.8974358974358974,73.66666666666667,2025-10-01 17:40:00,0.3333333333333333,0.6666666666666667
vojtech dusan,vojtech sanc,20,5,4.1,77.35,2025-04-22 18:50:00,0.25,0.75
vojtech koutnik,zdenek muhlhauser,50,14,4.18,77.78,2026-03-21 11:00:00,0.28,0.72
vojtech koutnik,zdenek zahradka,72,19,4.097222222222222,77.80555555555556,2025-07-19 08:25:00,0.2638888888888889,0.7361111111111112
vojtech sanc,zbynek vyskocil,38,16,3.8421052631578947,71.52631578947368,2024-07-06 18:20:00,0.42105263157894735,0.5789473684210527
vojtech sanc,zdenek dusek,60,24,3.8666666666666667,73.13333333333334,2024-11-26 20:40:00,0.4,0.6
vootele vaher,yevhenii cherkashyn,28,13,3.8214285714285716,70.96428571428571,2025-02-18 15:00:00,0.4642857142857143,0.5357142857142857
zbynek vyskocil,zdenek dusek,211,51,4.184834123222749,79.54502369668246,2026-04-19 21:20:00,0.24170616113744076,0.7582938388625593
zdenek muhlhauser,zdenek zahradka,60,15,4.033333333333333,75.7,2025-06-22 10:00:00,0.25,0.75
