player_low,player_high,matches,sweeps,avg_total_sets,avg_ATP,last_match,sweep_rate,non_sweep_rate
adam dosz,adrian spychala,20,10,3.75,67.9,2026-03-21 05:00:00,0.5,0.5
adam dosz,adrian wiecek,149,42,4.0,76.16107382550335,2026-03-23 13:25:00,0.28187919463087246,0.7181208053691275
adam dosz,amirreza abbasi,105,23,4.171428571428572,80.00952380952381,2026-03-22 11:00:00,0.21904761904761905,0.780952380952381
adam dosz,antoni witkowski,72,29,3.8194444444444446,70.81944444444444,2026-03-20 15:05:00,0.4027777777777778,0.5972222222222222
adam dosz,artur daniel,48,22,3.6875,68.16666666666667,2026-03-21 06:05:00,0.4583333333333333,0.5416666666666667
adam dosz,artur grela,68,19,4.0,74.51470588235294,2026-03-20 16:35:00,0.27941176470588236,0.7205882352941176
adam dosz,bartosz czerwinski,21,6,4.0476190476190474,74.66666666666667,2025-09-01 11:10:00,0.2857142857142857,0.7142857142857143
adam dosz,damian wederlich,49,17,3.8979591836734695,74.6938775510204,2024-12-27 17:25:00,0.3469387755102041,0.653061224489796
adam dosz,damian wojdyla,24,11,3.7083333333333335,67.33333333333333,2024-08-03 16:25:00,0.4583333333333333,0.5416666666666667
adam dosz,daniel bak,28,8,3.8214285714285716,71.0,2024-04-25 16:00:00,0.2857142857142857,0.7142857142857143
adam dosz,filip mlynarski,37,14,3.8378378378378377,70.70270270270271,2025-01-12 14:15:00,0.3783783783783784,0.6216216216216216
adam dosz,grzegorz adamiak,26,7,4.038461538461538,76.03846153846153,2026-03-22 13:25:00,0.2692307692307692,0.7307692307692308
adam dosz,grzegorz felkel,44,16,3.75,70.0909090909091,2026-02-21 12:10:00,0.36363636363636365,0.6363636363636364
adam dosz,jakub folwarski,29,11,3.8275862068965516,71.58620689655173,2024-11-05 14:35:00,0.3793103448275862,0.6206896551724138
adam dosz,jakub kosowski,133,54,3.781954887218045,69.13533834586467,2025-01-14 12:50:00,0.40601503759398494,0.5939849624060151
adam dosz,jan zandecki,100,27,4.06,76.62,2026-02-21 13:25:00,0.27,0.73
adam dosz,josef braun,58,18,4.0344827586206895,74.72413793103448,2026-03-23 16:10:00,0.3103448275862069,0.6896551724137931
adam dosz,kacper petas,41,11,4.048780487804878,76.82926829268293,2026-03-23 07:15:00,0.2682926829268293,0.7317073170731707
adam dosz,maksymilian miastowski,28,7,4.0,76.17857142857143,2026-02-19 12:10:00,0.25,0.75
adam dosz,marcin jadczyk,172,59,3.866279069767442,71.82558139534883,2026-03-23 12:35:00,0.3430232558139535,0.6569767441860466
adam dosz,martin olejnik,64,19,3.96875,74.0625,2026-03-21 14:40:00,0.296875,0.703125
adam dosz,mateusz golebiowski,148,52,3.8783783783783785,72.77027027027027,2025-10-20 13:40:00,0.35135135135135137,0.6486486486486487
adam dosz,michal murawski,29,12,3.7586206896551726,68.27586206896552,2025-10-05 14:05:00,0.41379310344827586,0.5862068965517242
adam dosz,patrik klos,47,18,3.851063829787234,72.8936170212766,2025-01-13 12:10:00,0.3829787234042553,0.6170212765957447
adam dosz,petr david,81,25,3.950617283950617,73.37037037037037,2025-10-19 15:35:00,0.30864197530864196,0.691358024691358
adam dosz,piotr chodorski,98,47,3.704081632653061,69.73469387755102,2026-03-23 11:00:00,0.47959183673469385,0.5204081632653061
adam dosz,piotr cyrnek,35,8,3.9714285714285715,74.11428571428571,2026-03-20 12:10:00,0.22857142857142856,0.7714285714285715
adam dosz,slawomir dosz,287,78,3.8954703832752613,74.4006968641115,2025-10-05 15:35:00,0.27177700348432055,0.7282229965156795
adam dosz,szymon kolasa,28,7,4.071428571428571,77.60714285714286,2025-10-17 14:05:00,0.25,0.75
adam dosz,tomasz kotowski,54,24,3.6481481481481484,68.68518518518519,2024-07-18 08:50:00,0.4444444444444444,0.5555555555555556
adam kasperski,adrian fabis,320,63,4.0875,78.45625,2026-04-18 16:15:00,0.196875,0.803125
adam kasperski,bartlomiej gala,41,16,3.7560975609756095,70.85365853658537,2025-02-15 03:20:00,0.3902439024390244,0.6097560975609756
adam kasperski,bartlomiej wisniewski,225,93,3.7777777777777777,72.32444444444444,2026-04-04 15:50:00,0.41333333333333333,0.5866666666666667
adam kasperski,blazej szczepanek,110,48,3.809090909090909,71.34545454545454,2024-12-29 05:25:00,0.43636363636363634,0.5636363636363637
adam kasperski,blazej warpas,20,4,4.2,78.7,2026-04-06 17:05:00,0.2,0.8
adam kasperski,dariusz szlubowski,31,7,4.129032258064516,77.0,2025-10-10 18:20:00,0.22580645161290322,0.7741935483870968
adam kasperski,dariusz wrobel,75,21,3.933333333333333,73.16,2026-04-07 01:10:00,0.28,0.72
adam kasperski,dawid gala,25,9,3.96,74.56,2025-02-15 01:20:00,0.36,0.64
adam kasperski,igor dabrowski,24,6,4.041666666666667,75.625,2025-06-03 09:45:00,0.25,0.75
adam kasperski,jakub grzegorczyk,106,35,3.9339622641509435,73.69811320754717,2025-02-08 00:05:00,0.330188679245283,0.6698113207547169
adam kasperski,jakub michalski,25,6,4.12,77.92,2024-06-02 02:00:00,0.24,0.76
adam kasperski,jakub nowak,20,6,3.9,70.65,2026-03-15 00:20:00,0.3,0.7
adam kasperski,jaroslaw rolak,234,90,3.8547008547008548,71.63247863247864,2026-04-19 01:00:00,0.38461538461538464,0.6153846153846154
adam kasperski,kacper nagel,24,3,4.25,81.0,2026-04-06 00:10:00,0.125,0.875
adam kasperski,kacper slawinski,121,36,4.016528925619835,76.19834710743801,2026-01-18 02:25:00,0.2975206611570248,0.7024793388429752
adam kasperski,krzysztof kotyl,88,24,3.977272727272727,75.61363636363636,2025-11-19 12:45:00,0.2727272727272727,0.7272727272727273
adam kasperski,krzysztof pawlowski,144,17,4.319444444444445,83.02777777777777,2025-10-24 01:35:00,0.11805555555555555,0.8819444444444444
adam kasperski,marchlewski kacper,26,19,3.3461538461538463,61.11538461538461,2026-03-23 00:45:00,0.7307692307692307,0.2692307692307693
adam kasperski,marcin kowalczyk,148,53,3.8175675675675675,71.39864864864865,2026-04-06 18:40:00,0.3581081081081081,0.6418918918918919
adam kasperski,mariusz koczyba,112,34,4.026785714285714,74.90178571428571,2025-04-02 16:45:00,0.30357142857142855,0.6964285714285714
adam kasperski,mateusz burkacki,142,52,3.908450704225352,72.40140845070422,2026-01-31 19:30:00,0.36619718309859156,0.6338028169014085
adam kasperski,mateusz trela,93,34,3.806451612903226,72.47311827956989,2026-02-09 01:35:00,0.3655913978494624,0.6344086021505376
adam kasperski,michal skorski,125,40,3.928,73.984,2026-04-07 00:20:00,0.32,0.6799999999999999
adam kasperski,michal wojewodka,38,3,4.2894736842105265,84.73684210526316,2026-04-19 00:10:00,0.07894736842105263,0.9210526315789473
adam kasperski,miroslaw piecowski,110,13,4.290909090909091,84.00909090909092,2026-04-05 23:20:00,0.11818181818181818,0.8818181818181818
adam kasperski,oskar jadach,33,9,4.0,75.42424242424242,2025-12-26 02:35:00,0.2727272727272727,0.7272727272727273
adam kasperski,piotr gumulinski,21,8,3.857142857142857,70.28571428571429,2025-12-21 01:10:00,0.38095238095238093,0.6190476190476191
adam kasperski,piotr staniszewski,20,4,4.25,82.2,2026-04-05 01:25:00,0.2,0.8
adam kasperski,piotr strus,53,14,4.132075471698113,78.47169811320755,2025-10-30 18:30:00,0.2641509433962264,0.7358490566037736
adam kasperski,schaniel krzysztof,55,16,4.1454545454545455,77.74545454545455,2024-05-22 03:35:00,0.2909090909090909,0.7090909090909091
adam kasperski,sebastian szostok,23,3,4.3478260869565215,82.0,2026-01-11 00:20:00,0.13043478260869565,0.8695652173913043
adam kasperski,stanislaw wnek,81,19,4.135802469135802,78.74074074074075,2025-11-19 19:40:00,0.2345679012345679,0.7654320987654322
adam kasperski,tomasz lojtek,103,21,4.213592233009709,79.80582524271844,2025-08-06 20:40:00,0.20388349514563106,0.7961165048543689
adam kasperski,witold buczynski,28,13,3.7142857142857144,67.82142857142857,2024-06-17 04:45:00,0.4642857142857143,0.5357142857142857
adam kasperski,wojciech iwasyszyn,88,26,3.9886363636363638,73.89772727272727,2025-10-31 03:20:00,0.29545454545454547,0.7045454545454546
adam kasperski,wojciech kotyl,64,43,3.46875,61.40625,2026-03-09 00:45:00,0.671875,0.328125
adam linek,adrian eliasz,92,27,3.967391304347826,77.3695652173913,2026-04-16 16:35:00,0.29347826086956524,0.7065217391304348
adam linek,adrian myszewski,35,12,3.8285714285714287,72.94285714285714,2026-03-17 11:35:00,0.34285714285714286,0.6571428571428571
adam linek,aleksander lilien,175,69,3.8857142857142857,73.85142857142857,2026-04-16 06:05:00,0.3942857142857143,0.6057142857142856
adam linek,arkadiusz mugowski,183,68,3.80327868852459,73.93442622950819,2026-04-17 06:55:00,0.37158469945355194,0.6284153005464481
adam linek,artur sobel,104,25,4.0576923076923075,78.25961538461539,2026-04-13 15:50:00,0.2403846153846154,0.7596153846153846
adam linek,bartlomiej mleczko,31,10,3.967741935483871,76.2258064516129,2026-04-06 06:30:00,0.3225806451612903,0.6774193548387097
adam linek,bartosz kwodawski,28,12,3.857142857142857,72.53571428571429,2026-02-07 20:00:00,0.42857142857142855,0.5714285714285714
adam linek,blazej cioch,30,10,3.9,73.23333333333333,2026-04-05 23:25:00,0.3333333333333333,0.6666666666666667
adam linek,daniel murawski,29,7,4.0344827586206895,77.51724137931035,2025-11-16 16:30:00,0.2413793103448276,0.7586206896551724
adam linek,dawid kotwica,170,65,3.864705882352941,73.8,2026-04-16 20:05:00,0.38235294117647056,0.6176470588235294
adam linek,dawid poloszczanski,32,8,4.03125,76.21875,2025-12-18 05:30:00,0.25,0.75
adam linek,filip kujawa,155,55,3.870967741935484,75.36774193548388,2026-04-17 03:00:00,0.3548387096774194,0.6451612903225806
adam linek,frantisek krcil,27,12,3.740740740740741,66.96296296296296,2025-11-08 12:05:00,0.4444444444444444,0.5555555555555556
adam linek,grzegorz poliniewicz,129,56,3.7906976744186047,71.43410852713178,2026-04-16 07:45:00,0.43410852713178294,0.5658914728682171
adam linek,igor dabrowski,53,16,4.018867924528302,76.81132075471699,2026-04-16 04:30:00,0.3018867924528302,0.6981132075471699
adam linek,jakub glanowski,85,31,3.988235294117647,81.37647058823529,2026-04-16 15:00:00,0.36470588235294116,0.6352941176470588
adam linek,jakub wozniak,116,40,3.853448275862069,74.69827586206897,2026-02-14 13:20:00,0.3448275862068966,0.6551724137931034
adam linek,jakub zochniak,195,77,3.835897435897436,74.51794871794871,2026-04-17 04:10:00,0.39487179487179486,0.6051282051282052
adam linek,jaroslaw rolak,20,7,3.75,71.3,2024-07-27 14:35:00,0.35,0.65
adam linek,kamil rudomina,148,48,4.027027027027027,77.87162162162163,2026-04-13 16:55:00,0.32432432432432434,0.6756756756756757
adam linek,krzysztof kapik,26,10,3.769230769230769,68.92307692307692,2026-04-13 01:10:00,0.38461538461538464,0.6153846153846154
adam linek,krzysztof kotyl,83,30,3.8795180722891565,74.12048192771084,2026-03-24 04:00:00,0.3614457831325301,0.6385542168674698
adam linek,lukasz pietraszko,62,22,3.870967741935484,71.61290322580645,2026-04-13 18:30:00,0.3548387096774194,0.6451612903225806
adam linek,maciej makajew,33,11,3.909090909090909,73.33333333333333,2026-04-17 12:15:00,0.3333333333333333,0.6666666666666667
adam linek,maciej sinitsky,22,7,3.772727272727273,71.81818181818181,2026-02-26 16:25:00,0.3181818181818182,0.6818181818181819
adam linek,marchlewski kacper,20,10,3.55,65.3,2025-12-21 00:50:00,0.5,0.5
adam linek,marcin balcerzak,33,12,3.8181818181818183,71.18181818181819,2026-04-08 13:55:00,0.36363636363636365,0.6363636363636364
adam linek,mateusz misiak,240,97,3.816666666666667,71.7,2026-04-13 17:45:00,0.4041666666666667,0.5958333333333333
adam linek,mateusz zagajewski,57,26,3.6491228070175437,71.94736842105263,2026-04-17 13:55:00,0.45614035087719296,0.543859649122807
adam linek,michal minda,209,51,4.043062200956938,79.37320574162679,2026-04-17 05:40:00,0.24401913875598086,0.7559808612440191
adam linek,milosz piecowski,78,22,3.9615384615384617,77.87179487179488,2026-04-13 02:20:00,0.28205128205128205,0.717948717948718
adam linek,piotr maruszak,30,10,3.8333333333333335,72.3,2026-04-09 11:50:00,0.3333333333333333,0.6666666666666667
adam linek,piotr szafranek,21,9,3.8095238095238093,71.38095238095238,2026-04-03 06:05:00,0.42857142857142855,0.5714285714285714
adam linek,przemyslaw blocho,76,31,3.736842105263158,71.61842105263158,2026-03-23 01:15:00,0.40789473684210525,0.5921052631578947
adam linek,radoslaw malinowski,27,12,3.6666666666666665,67.77777777777777,2026-03-07 08:55:00,0.4444444444444444,0.5555555555555556
adam linek,sebastian baran,52,28,3.576923076923077,65.63461538461539,2026-02-22 17:40:00,0.5384615384615384,0.46153846153846156
adam linek,szymon radlo,143,45,3.93006993006993,79.3006993006993,2026-01-08 20:20:00,0.3146853146853147,0.6853146853146853
adam linek,szymon seroka,28,14,3.7142857142857144,69.39285714285714,2025-04-17 11:25:00,0.5,0.5
adam linek,tomasz filbrand,50,23,3.8,70.42,2026-03-24 10:25:00,0.46,0.54
adam linek,wojciech gluszek,139,44,3.9424460431654675,75.12949640287769,2026-04-16 17:20:00,0.31654676258992803,0.6834532374100719
adam linek,wojciech gronowski,30,10,3.8,75.1,2026-03-14 08:10:00,0.3333333333333333,0.6666666666666667
adam ruszkiewicz,jakub kaczmarek,21,5,4.142857142857143,80.38095238095238,2026-04-14 04:25:00,0.23809523809523808,0.7619047619047619
adam ruszkiewicz,jakub michalski,37,19,3.6216216216216215,66.64864864864865,2026-04-18 05:05:00,0.5135135135135135,0.4864864864864865
adam ruszkiewicz,krzysztof juszczyk,27,13,3.8518518518518516,70.77777777777777,2026-04-15 19:35:00,0.48148148148148145,0.5185185185185186
adam ruszkiewicz,marian lebek,29,16,3.586206896551724,66.55172413793103,2026-03-24 05:00:00,0.5517241379310345,0.4482758620689655
adam ruszkiewicz,mariusz adamus,22,4,4.181818181818182,80.04545454545455,2026-03-28 07:45:00,0.18181818181818182,0.8181818181818181
adam ruszkiewicz,mariusz koczyba,29,20,3.413793103448276,60.06896551724138,2026-04-15 15:35:00,0.6896551724137931,0.31034482758620685
adam ruszkiewicz,michal kumor,23,10,3.869565217391304,72.17391304347827,2026-01-27 06:35:00,0.43478260869565216,0.5652173913043479
adam ruszkiewicz,robert szymik,28,18,3.4285714285714284,60.67857142857143,2026-04-18 00:45:00,0.6428571428571429,0.3571428571428571
adam ruszkiewicz,roman wiza,26,7,3.9615384615384617,73.34615384615384,2026-04-18 03:30:00,0.2692307692307692,0.7307692307692308
adam staniczek,artur kubiak,52,22,3.8076923076923075,69.75,2026-01-04 03:45:00,0.4230769230769231,0.5769230769230769
adam staniczek,dariusz scigany,70,41,3.557142857142857,64.62857142857143,2025-09-18 23:55:00,0.5857142857142857,0.41428571428571426
adam staniczek,dawid pyrek,30,10,4.0,75.13333333333334,2026-02-27 02:20:00,0.3333333333333333,0.6666666666666667
adam staniczek,henryk tkaczyk,49,21,3.795918367346939,67.93877551020408,2026-03-30 23:35:00,0.42857142857142855,0.5714285714285714
adam staniczek,jacek oracz,20,11,3.75,68.55,2026-03-24 01:25:00,0.55,0.44999999999999996
adam staniczek,jakub cyndera,22,7,4.0,70.18181818181819,2026-04-13 21:35:00,0.3181818181818182,0.6818181818181819
adam staniczek,jerzy michalik,60,21,4.066666666666666,73.73333333333333,2026-04-13 23:10:00,0.35,0.65
adam staniczek,lukasz pyda,22,5,4.2727272727272725,77.27272727272727,2026-01-03 22:35:00,0.22727272727272727,0.7727272727272727
adam staniczek,maciej lamer,71,23,3.971830985915493,73.32394366197182,2026-02-10 00:10:00,0.323943661971831,0.676056338028169
adam staniczek,marian brunner,35,13,3.942857142857143,73.82857142857142,2025-11-26 04:55:00,0.37142857142857144,0.6285714285714286
adam staniczek,michal machelski,48,20,3.9166666666666665,72.875,2026-04-14 02:45:00,0.4166666666666667,0.5833333333333333
adam staniczek,michal wolny,24,10,3.75,68.16666666666667,2026-02-20 22:10:00,0.4166666666666667,0.5833333333333333
adam staniczek,miroslaw lewczuk,78,40,3.6153846153846154,65.3974358974359,2026-04-14 00:30:00,0.5128205128205128,0.4871794871794872
adam staniczek,miroslaw warzecha,42,22,3.7142857142857144,66.85714285714286,2026-04-14 01:35:00,0.5238095238095238,0.47619047619047616
adam staniczek,patryk mecik,24,5,4.25,80.41666666666667,2025-02-28 00:55:00,0.20833333333333334,0.7916666666666666
adam staniczek,pawel chojnacki,22,8,4.045454545454546,76.95454545454545,2026-03-23 22:35:00,0.36363636363636365,0.6363636363636364
adam staniczek,pawel polanski,36,15,3.8055555555555554,70.08333333333333,2026-02-27 03:20:00,0.4166666666666667,0.5833333333333333
adam staniczek,tomasz bluszcz,23,8,4.0,73.21739130434783,2025-11-27 20:10:00,0.34782608695652173,0.6521739130434783
adam staniczek,waldemar glanowski,36,20,3.5833333333333335,65.11111111111111,2026-02-09 22:35:00,0.5555555555555556,0.4444444444444444
adam staniczek,zbigniew nocun,46,17,3.891304347826087,70.26086956521739,2026-02-27 04:20:00,0.3695652173913043,0.6304347826086957
adrian burkacki,marian lebek,23,7,4.086956521739131,75.91304347826087,2026-04-02 06:25:00,0.30434782608695654,0.6956521739130435
adrian eliasz,adrian myszewski,22,3,4.0,77.22727272727273,2026-01-18 15:40:00,0.13636363636363635,0.8636363636363636
adrian eliasz,aleksander lilien,77,29,3.844155844155844,71.07792207792208,2026-04-03 09:00:00,0.37662337662337664,0.6233766233766234
adrian eliasz,arkadiusz mugowski,162,70,3.753086419753086,70.38888888888889,2026-04-18 19:45:00,0.43209876543209874,0.5679012345679013
adrian eliasz,bartlomiej mleczko,67,17,3.970149253731343,74.83582089552239,2026-04-12 14:45:00,0.2537313432835821,0.7462686567164178
adrian eliasz,blazej cioch,38,12,3.9473684210526314,73.8157894736842,2025-09-13 01:00:00,0.3157894736842105,0.6842105263157895
adrian eliasz,daniel murawski,80,22,3.975,74.8375,2026-04-11 12:15:00,0.275,0.725
adrian eliasz,dawid kotwica,139,48,3.971223021582734,72.58273381294964,2026-04-18 23:50:00,0.34532374100719426,0.6546762589928057
adrian eliasz,dawid poloszczanski,91,34,3.901098901098901,72.61538461538461,2026-04-11 09:25:00,0.37362637362637363,0.6263736263736264
adrian eliasz,filip kujawa,51,17,3.8823529411764706,75.45098039215686,2026-04-09 16:55:00,0.3333333333333333,0.6666666666666667
adrian eliasz,grzegorz poliniewicz,103,34,3.8640776699029127,72.33009708737865,2026-02-20 15:20:00,0.3300970873786408,0.6699029126213591
adrian eliasz,igor dabrowski,40,12,4.0,73.55,2026-04-19 11:05:00,0.3,0.7
adrian eliasz,jakub glanowski,110,42,3.8727272727272726,72.7090909090909,2026-04-19 09:30:00,0.38181818181818183,0.6181818181818182
adrian eliasz,jakub wozniak,75,27,3.7866666666666666,69.10666666666667,2026-03-22 15:40:00,0.36,0.64
adrian eliasz,jakub zochniak,140,55,3.8142857142857145,73.36428571428571,2026-04-03 16:35:00,0.39285714285714285,0.6071428571428572
adrian eliasz,kacper makowski,27,3,4.148148148148148,78.96296296296296,2026-04-04 18:35:00,0.1111111111111111,0.8888888888888888
adrian eliasz,kamil rudomina,136,34,4.029411764705882,76.73529411764706,2026-04-09 18:30:00,0.25,0.75
adrian eliasz,krystian kolodziej,24,12,3.6666666666666665,68.125,2024-06-16 16:35:00,0.5,0.5
adrian eliasz,krzysztof guminski,39,8,4.0256410256410255,73.53846153846153,2026-03-28 16:55:00,0.20512820512820512,0.7948717948717949
adrian eliasz,krzysztof kaczmarek,20,9,3.85,71.5,2024-02-18 15:40:00,0.45,0.55
adrian eliasz,krzysztof kotyl,70,38,3.585714285714286,65.85714285714286,2025-12-22 14:25:00,0.5428571428571428,0.4571428571428572
adrian eliasz,krzysztof marcinowski,22,11,3.727272727272727,68.04545454545455,2026-03-14 02:25:00,0.5,0.5
adrian eliasz,lukasz pietraszko,41,18,3.8536585365853657,71.92682926829268,2026-02-13 21:05:00,0.43902439024390244,0.5609756097560976
adrian eliasz,maciej makajew,59,24,3.830508474576271,70.03389830508475,2026-04-03 15:50:00,0.4067796610169492,0.5932203389830508
adrian eliasz,maciej sinitsky,43,13,3.8372093023255816,71.46511627906976,2026-03-15 10:00:00,0.3023255813953488,0.6976744186046512
adrian eliasz,marchlewski kacper,32,18,3.59375,65.4375,2026-03-21 03:20:00,0.5625,0.4375
adrian eliasz,marcin marchlewski,47,16,3.893617021276596,72.48936170212765,2026-02-21 01:35:00,0.3404255319148936,0.6595744680851063
adrian eliasz,mateusz misiak,218,71,3.977064220183486,75.07798165137615,2026-04-02 20:05:00,0.3256880733944954,0.6743119266055047
adrian eliasz,michal minda,135,38,4.066666666666666,77.33333333333333,2026-04-12 08:40:00,0.2814814814814815,0.7185185185185186
adrian eliasz,michal skorski,30,11,3.966666666666667,71.73333333333333,2026-01-18 20:40:00,0.36666666666666664,0.6333333333333333
adrian eliasz,milosz piecowski,56,8,4.285714285714286,82.30357142857143,2026-04-19 01:30:00,0.14285714285714285,0.8571428571428572
adrian eliasz,miroslaw piecowski,23,9,3.9565217391304346,72.17391304347827,2026-01-18 17:15:00,0.391304347826087,0.6086956521739131
adrian eliasz,pawel grela,36,21,3.5833333333333335,67.75,2024-04-27 20:10:00,0.5833333333333334,0.41666666666666663
adrian eliasz,piotr maruszak,88,38,3.7045454545454546,69.17045454545455,2026-04-11 05:00:00,0.4318181818181818,0.5681818181818181
adrian eliasz,piotr staniszewski,24,3,4.083333333333333,77.33333333333333,2026-03-22 14:30:00,0.125,0.875
adrian eliasz,piotr strus,20,7,3.85,72.0,2025-04-12 06:05:00,0.35,0.65
adrian eliasz,przemyslaw perzynski,24,9,3.875,70.875,2025-12-24 13:40:00,0.375,0.625
adrian eliasz,radoslaw malinowski,48,15,3.8958333333333335,72.70833333333333,2026-03-22 00:25:00,0.3125,0.6875
adrian eliasz,sebastian baran,149,81,3.61744966442953,65.04026845637584,2026-04-12 11:05:00,0.5436241610738255,0.4563758389261745
adrian eliasz,szymon radlo,133,31,4.090225563909774,81.17293233082707,2026-01-25 17:40:00,0.23308270676691728,0.7669172932330828
adrian eliasz,szymon seroka,42,18,3.7857142857142856,70.19047619047619,2024-12-29 12:25:00,0.42857142857142855,0.5714285714285714
adrian eliasz,tadeusz piotrowski,67,25,3.91044776119403,72.80597014925372,2026-04-11 14:40:00,0.373134328358209,0.6268656716417911
adrian eliasz,tomasz filbrand,44,18,3.75,68.8409090909091,2025-08-25 15:25:00,0.4090909090909091,0.5909090909090908
adrian eliasz,wojciech gluszek,73,24,3.958904109589041,73.93150684931507,2026-04-16 19:40:00,0.3287671232876712,0.6712328767123288
adrian fabis,bartlomiej mrugala,31,11,3.870967741935484,74.16129032258064,2026-04-15 17:05:00,0.3548387096774194,0.6451612903225806
adrian fabis,bartlomiej wisniewski,266,61,4.06015037593985,79.36466165413533,2026-04-18 10:30:00,0.22932330827067668,0.7706766917293233
adrian fabis,blazej szczepanek,100,24,4.03,78.26,2025-06-15 20:05:00,0.24,0.76
adrian fabis,blazej warpas,21,8,3.761904761904762,73.80952380952381,2026-04-12 20:05:00,0.38095238095238093,0.6190476190476191
adrian fabis,dariusz szlubowski,25,8,4.08,80.4,2026-03-20 18:05:00,0.32,0.6799999999999999
adrian fabis,dariusz wrobel,108,29,4.0,76.14814814814815,2026-04-16 01:10:00,0.26851851851851855,0.7314814814814814
adrian fabis,jakub grzegorczyk,74,10,4.22972972972973,81.95945945945945,2025-02-09 23:10:00,0.13513513513513514,0.8648648648648649
adrian fabis,jakub pruszkowski,21,4,3.9047619047619047,70.9047619047619,2025-12-13 16:50:00,0.19047619047619047,0.8095238095238095
adrian fabis,jaroslaw rolak,231,38,4.1645021645021645,80.12554112554112,2026-04-18 15:30:00,0.1645021645021645,0.8354978354978355
adrian fabis,kacper nagel,23,4,4.086956521739131,73.73913043478261,2026-04-05 23:45:00,0.17391304347826086,0.8260869565217391
adrian fabis,kacper slawinski,108,25,4.0092592592592595,77.55555555555556,2026-02-04 02:10:00,0.23148148148148148,0.7685185185185185
adrian fabis,kamil klocek,20,3,4.1,75.95,2026-04-15 19:50:00,0.15,0.85
adrian fabis,krzysztof kotyl,92,19,4.0978260869565215,79.59782608695652,2025-09-24 00:20:00,0.20652173913043478,0.7934782608695652
adrian fabis,krzysztof pawlowski,121,23,4.115702479338843,80.71900826446281,2025-10-25 00:20:00,0.19008264462809918,0.8099173553719008
adrian fabis,kuba golaszewski,32,10,3.875,73.84375,2026-04-18 18:30:00,0.3125,0.6875
adrian fabis,marchlewski kacper,30,13,3.9,73.36666666666666,2026-03-23 01:35:00,0.43333333333333335,0.5666666666666667
adrian fabis,marcin kowalczyk,181,57,3.9060773480662982,72.51381215469613,2026-04-16 02:00:00,0.3149171270718232,0.6850828729281768
adrian fabis,mariusz koczyba,53,20,3.8679245283018866,72.0,2025-12-05 21:40:00,0.37735849056603776,0.6226415094339622
adrian fabis,mateusz burkacki,140,46,3.8714285714285714,72.68571428571428,2026-01-30 19:40:00,0.32857142857142857,0.6714285714285715
adrian fabis,mateusz trela,98,19,4.13265306122449,81.65306122448979,2026-03-19 01:20:00,0.19387755102040816,0.8061224489795918
adrian fabis,michal skorski,136,41,3.9926470588235294,76.30882352941177,2026-04-13 01:25:00,0.3014705882352941,0.6985294117647058
adrian fabis,michal wojewodka,23,5,4.043478260869565,74.78260869565217,2026-04-18 17:20:00,0.21739130434782608,0.782608695652174
adrian fabis,mikolaj lukaszewski,38,16,3.763157894736842,70.94736842105263,2026-04-03 19:50:00,0.42105263157894735,0.5789473684210527
adrian fabis,miroslaw piecowski,125,31,4.088,78.12,2026-04-13 00:10:00,0.248,0.752
adrian fabis,oskar jadach,35,3,4.371428571428571,82.2,2025-12-26 01:20:00,0.08571428571428572,0.9142857142857143
adrian fabis,piotr gumulinski,32,10,3.9375,73.25,2025-12-14 18:20:00,0.3125,0.6875
adrian fabis,piotr strus,66,20,3.9696969696969697,74.10606060606061,2026-03-12 20:50:00,0.30303030303030304,0.696969696969697
adrian fabis,sebastian szostok,38,9,4.052631578947368,77.92105263157895,2025-12-19 01:20:00,0.23684210526315788,0.7631578947368421
adrian fabis,stanislaw wnek,121,36,3.8925619834710745,74.30578512396694,2026-04-16 00:20:00,0.2975206611570248,0.7024793388429752
adrian fabis,tomasz lojtek,69,8,4.304347826086956,82.1159420289855,2025-08-06 18:20:00,0.11594202898550725,0.8840579710144928
adrian fabis,wojciech iwasyszyn,80,15,4.2125,81.2375,2026-03-20 02:10:00,0.1875,0.8125
adrian fabis,wojciech kotyl,72,15,4.125,78.36111111111111,2025-11-02 20:20:00,0.20833333333333334,0.7916666666666666
adrian myszewski,aleksander lilien,44,10,4.136363636363637,76.52272727272727,2026-03-18 04:25:00,0.22727272727272727,0.7727272727272727
adrian myszewski,arkadiusz mugowski,56,11,4.017857142857143,75.48214285714286,2026-03-09 14:30:00,0.19642857142857142,0.8035714285714286
adrian myszewski,artur sobel,42,8,4.214285714285714,82.11904761904762,2026-03-09 15:40:00,0.19047619047619047,0.8095238095238095
adrian myszewski,bartlomiej mleczko,20,8,4.05,76.8,2026-01-18 04:50:00,0.4,0.6
adrian myszewski,dawid kotwica,24,10,3.75,71.125,2026-02-05 05:10:00,0.4166666666666667,0.5833333333333333
adrian myszewski,filip kujawa,29,8,3.9310344827586206,74.17241379310344,2026-02-05 13:40:00,0.27586206896551724,0.7241379310344828
adrian myszewski,grzegorz poliniewicz,26,10,3.8076923076923075,70.15384615384616,2026-03-10 09:10:00,0.38461538461538464,0.6153846153846154
adrian myszewski,igor dabrowski,46,14,3.9130434782608696,76.8913043478261,2026-03-12 14:55:00,0.30434782608695654,0.6956521739130435
adrian myszewski,jacek przewlocki,24,7,3.9166666666666665,75.625,2026-01-12 13:35:00,0.2916666666666667,0.7083333333333333
adrian myszewski,jakub glanowski,38,9,4.026315789473684,76.89473684210526,2026-03-18 11:35:00,0.23684210526315788,0.7631578947368421
adrian myszewski,jakub zochniak,38,11,3.8684210526315788,74.57894736842105,2026-03-18 13:15:00,0.2894736842105263,0.7105263157894737
adrian myszewski,kamil rudomina,42,12,4.095238095238095,76.83333333333333,2026-03-18 10:50:00,0.2857142857142857,0.7142857142857143
adrian myszewski,krzysztof kotyl,34,2,4.382352941176471,82.52941176470588,2026-03-12 08:20:00,0.058823529411764705,0.9411764705882353
adrian myszewski,maciej sinitsky,22,4,4.045454545454546,77.9090909090909,2026-01-18 12:00:00,0.18181818181818182,0.8181818181818181
adrian myszewski,mateusz misiak,31,12,3.903225806451613,74.96774193548387,2026-03-18 14:55:00,0.3870967741935484,0.6129032258064516
adrian myszewski,mateusz zagajewski,32,9,3.9375,76.90625,2026-03-12 14:05:00,0.28125,0.71875
adrian myszewski,michal minda,84,19,4.0476190476190474,78.3452380952381,2026-03-18 14:05:00,0.2261904761904762,0.7738095238095238
adrian myszewski,szymon radlo,34,7,4.0588235294117645,79.02941176470588,2026-01-22 12:25:00,0.20588235294117646,0.7941176470588236
adrian myszewski,tadeusz piotrowski,33,10,4.0606060606060606,77.27272727272727,2026-01-18 10:25:00,0.30303030303030304,0.696969696969697
adrian myszewski,wojciech gluszek,47,18,3.8297872340425534,71.17021276595744,2026-03-17 14:05:00,0.3829787234042553,0.6170212765957447
adrian panczyk,jakub nowak,28,5,4.321428571428571,85.60714285714286,2026-03-13 17:40:00,0.17857142857142858,0.8214285714285714
adrian panczyk,krzysztof hetnar,22,10,3.8636363636363638,73.36363636363636,2026-03-13 15:20:00,0.45454545454545453,0.5454545454545454
adrian panczyk,marek tkocz,29,15,3.6206896551724137,65.27586206896552,2025-09-25 22:50:00,0.5172413793103449,0.48275862068965514
adrian panczyk,marian lebek,38,13,3.9210526315789473,72.44736842105263,2025-09-26 02:00:00,0.34210526315789475,0.6578947368421053
adrian panczyk,piotr przewlocki,27,7,4.111111111111111,79.74074074074075,2025-09-25 00:25:00,0.25925925925925924,0.7407407407407407
adrian spychala,adrian wiecek,72,19,4.055555555555555,79.125,2026-04-07 05:50:00,0.2638888888888889,0.7361111111111112
adrian spychala,antoni witkowski,27,11,3.740740740740741,67.81481481481481,2026-04-02 11:10:00,0.4074074074074074,0.5925925925925926
adrian spychala,arkadiusz zuk,26,13,3.6923076923076925,70.61538461538461,2024-01-06 03:50:00,0.5,0.5
adrian spychala,artur daniel,222,114,3.5945945945945947,66.1036036036036,2026-04-10 11:35:00,0.5135135135135135,0.4864864864864865
adrian spychala,artur grela,35,10,3.942857142857143,73.0,2026-04-10 07:25:00,0.2857142857142857,0.7142857142857143
adrian spychala,bartosz czerwinski,351,82,4.122507122507122,78.47293447293447,2026-01-14 15:00:00,0.2336182336182336,0.7663817663817664
adrian spychala,damian korczak,62,27,3.774193548387097,71.40322580645162,2024-05-29 11:55:00,0.43548387096774194,0.564516129032258
adrian spychala,damian wojdyla,142,66,3.7183098591549295,68.99295774647888,2025-07-20 16:25:00,0.4647887323943662,0.5352112676056338
adrian spychala,daniel lis,47,21,3.74468085106383,69.04255319148936,2025-12-30 10:30:00,0.44680851063829785,0.5531914893617021
adrian spychala,dawid michna,55,22,3.9454545454545453,75.85454545454546,2026-03-06 07:40:00,0.4,0.6
adrian spychala,filip mlynarski,91,35,3.8351648351648353,70.5934065934066,2025-05-12 14:45:00,0.38461538461538464,0.6153846153846154
adrian spychala,frantisek krcil,74,27,3.8783783783783785,71.6891891891892,2026-02-13 10:55:00,0.36486486486486486,0.6351351351351351
adrian spychala,grzegorz adamiak,94,33,3.872340425531915,71.87234042553192,2026-04-19 08:25:00,0.35106382978723405,0.648936170212766
adrian spychala,grzegorz felkel,62,29,3.693548387096774,67.45161290322581,2026-04-07 09:35:00,0.46774193548387094,0.532258064516129
adrian spychala,grzegorz poliniewicz,72,35,3.7083333333333335,69.26388888888889,2026-04-13 14:25:00,0.4861111111111111,0.5138888888888888
adrian spychala,jakub kosowski,31,20,3.4838709677419355,62.58064516129032,2026-04-02 12:25:00,0.6451612903225806,0.3548387096774194
adrian spychala,jakub kwapis,46,23,3.6956521739130435,69.58695652173913,2026-04-01 09:30:00,0.5,0.5
adrian spychala,jakub maslowski,40,14,3.825,70.35,2025-10-09 14:45:00,0.35,0.65
adrian spychala,jakub witkowski,37,5,4.216216216216216,79.75675675675676,2026-02-26 10:30:00,0.13513513513513514,0.8648648648648649
adrian spychala,jan zandecki,40,14,3.9,75.175,2026-04-06 04:20:00,0.35,0.65
adrian spychala,josef braun,77,37,3.7532467532467533,70.12987012987013,2026-03-26 15:30:00,0.4805194805194805,0.5194805194805194
adrian spychala,kacper glazowski,64,26,3.703125,69.921875,2026-03-19 07:10:00,0.40625,0.59375
adrian spychala,kacper petas,97,35,3.865979381443299,73.12371134020619,2026-03-25 13:45:00,0.36082474226804123,0.6391752577319587
adrian spychala,karol strowski,61,21,3.8360655737704916,71.70491803278688,2026-04-13 13:35:00,0.3442622950819672,0.6557377049180328
adrian spychala,karol wisniewski,93,37,3.827956989247312,71.51612903225806,2026-04-19 06:15:00,0.3978494623655914,0.6021505376344086
adrian spychala,konrad staszczyk,27,9,4.0,75.88888888888889,2024-07-19 14:40:00,0.3333333333333333,0.6666666666666667
adrian spychala,krystian kolodziej,73,33,3.7534246575342465,67.97260273972603,2025-06-01 17:05:00,0.4520547945205479,0.547945205479452
adrian spychala,krzysztof kapik,126,37,4.071428571428571,75.5079365079365,2025-12-10 10:30:00,0.29365079365079366,0.7063492063492063
adrian spychala,krzysztof wloczko,229,81,3.88646288209607,73.40174672489083,2026-04-13 11:40:00,0.3537117903930131,0.6462882096069869
adrian spychala,lukasz jarocki,238,79,3.9789915966386555,74.90336134453781,2026-04-19 10:45:00,0.3319327731092437,0.6680672268907564
adrian spychala,maciej domin,20,9,3.9,72.75,2026-04-19 11:35:00,0.45,0.55
adrian spychala,maciej nowalinski,153,38,3.9869281045751634,75.40522875816994,2026-04-12 12:00:00,0.24836601307189543,0.7516339869281046
adrian spychala,maciej podsiadlo,129,34,4.116279069767442,77.93798449612403,2024-09-13 10:05:00,0.26356589147286824,0.7364341085271318
adrian spychala,maksymilian miastowski,71,28,3.859154929577465,73.01408450704226,2026-04-07 08:25:00,0.39436619718309857,0.6056338028169015
adrian spychala,marcin balcerzak,122,49,3.8360655737704916,72.56557377049181,2026-04-13 07:35:00,0.4016393442622951,0.5983606557377049
adrian spychala,marcin jadczyk,92,43,3.6847826086956523,67.69565217391305,2026-04-12 10:45:00,0.4673913043478261,0.5326086956521738
adrian spychala,marcin litwiniuk,39,19,3.769230769230769,67.94871794871794,2025-04-04 06:15:00,0.48717948717948717,0.5128205128205128
adrian spychala,mateusz golebiowski,97,57,3.577319587628866,63.16494845360825,2026-02-05 15:30:00,0.5876288659793815,0.41237113402061853
adrian spychala,michal galas,21,12,3.5238095238095237,66.80952380952381,2023-06-01 02:40:00,0.5714285714285714,0.4285714285714286
adrian spychala,michal malachowski,56,18,3.9642857142857144,76.17857142857143,2026-01-30 06:15:00,0.32142857142857145,0.6785714285714286
adrian spychala,michal murawski,244,92,3.8442622950819674,72.29508196721312,2026-03-06 15:05:00,0.3770491803278688,0.6229508196721312
adrian spychala,michal olbrycht,22,7,4.0,75.5,2025-08-27 13:10:00,0.3181818181818182,0.6818181818181819
adrian spychala,miroslav sklensky,171,81,3.6666666666666665,67.73099415204679,2026-04-13 09:05:00,0.47368421052631576,0.5263157894736843
adrian spychala,patryk lewandowski,26,7,4.153846153846154,80.11538461538461,2026-04-06 06:15:00,0.2692307692307692,0.7307692307692308
adrian spychala,petr david,38,19,3.710526315789474,68.76315789473684,2026-04-10 14:50:00,0.5,0.5
adrian spychala,piotr chlodnicki,107,42,3.878504672897196,74.57009345794393,2026-04-01 10:20:00,0.3925233644859813,0.6074766355140186
adrian spychala,piotr chodorski,27,17,3.4444444444444446,62.629629629629626,2026-03-25 15:25:00,0.6296296296296297,0.37037037037037035
adrian spychala,rutkowski mateusz,27,10,3.925925925925926,72.96296296296296,2024-02-07 15:40:00,0.37037037037037035,0.6296296296296297
adrian spychala,slawomir dosz,23,10,3.782608695652174,70.95652173913044,2025-09-14 07:55:00,0.43478260869565216,0.5652173913043479
adrian spychala,szymon kolasa,28,11,3.7857142857142856,72.64285714285714,2026-04-10 03:20:00,0.39285714285714285,0.6071428571428572
adrian spychala,szymon seroka,59,20,3.9491525423728815,73.83050847457628,2025-03-25 04:05:00,0.3389830508474576,0.6610169491525424
adrian spychala,szymon sporek,52,25,3.730769230769231,70.6923076923077,2026-04-19 13:15:00,0.4807692307692308,0.5192307692307692
adrian spychala,tomasz filbrand,34,9,3.9705882352941178,76.67647058823529,2025-10-08 15:05:00,0.2647058823529412,0.7352941176470589
adrian wiecek,amirreza abbasi,107,26,4.130841121495327,79.73831775700934,2026-03-31 10:00:00,0.24299065420560748,0.7570093457943925
adrian wiecek,antoni witkowski,65,11,4.138461538461539,81.24615384615385,2026-04-13 14:05:00,0.16923076923076924,0.8307692307692307
adrian wiecek,artur daniel,111,40,3.900900900900901,75.62162162162163,2025-12-22 17:40:00,0.36036036036036034,0.6396396396396397
adrian wiecek,artur grela,234,57,4.085470085470085,78.51282051282051,2026-04-08 15:10:00,0.24358974358974358,0.7564102564102564
adrian wiecek,bartosz czerwinski,52,13,4.153846153846154,80.84615384615384,2025-11-04 18:00:00,0.25,0.75
adrian wiecek,damian wederlich,106,40,3.8867924528301887,74.69811320754717,2025-08-03 07:40:00,0.37735849056603776,0.6226415094339622
adrian wiecek,damian wojdyla,57,17,4.087719298245614,79.05263157894737,2025-07-14 17:00:00,0.2982456140350877,0.7017543859649122
adrian wiecek,daniel bak,30,6,4.266666666666667,82.2,2024-05-17 11:35:00,0.2,0.8
adrian wiecek,daniel lis,21,5,4.190476190476191,82.57142857142857,2025-12-29 18:25:00,0.23809523809523808,0.7619047619047619
adrian wiecek,dawid michna,69,13,4.246376811594203,82.8840579710145,2026-04-07 11:10:00,0.18840579710144928,0.8115942028985508
adrian wiecek,filip mlynarski,72,21,4.111111111111111,79.30555555555556,2025-04-28 09:55:00,0.2916666666666667,0.7083333333333333
adrian wiecek,grzegorz adamiak,26,8,4.153846153846154,81.42307692307692,2025-08-11 17:50:00,0.3076923076923077,0.6923076923076923
adrian wiecek,grzegorz felkel,181,70,3.9337016574585637,75.07734806629834,2026-04-07 12:50:00,0.3867403314917127,0.6132596685082873
adrian wiecek,jakub folwarski,53,11,4.09433962264151,79.11320754716981,2026-03-18 11:25:00,0.20754716981132076,0.7924528301886793
adrian wiecek,jakub kosowski,247,97,3.7813765182186234,75.48582995951416,2026-03-25 14:40:00,0.39271255060728744,0.6072874493927125
adrian wiecek,jakub maslowski,29,7,3.9655172413793105,75.13793103448276,2025-08-11 15:55:00,0.2413793103448276,0.7586206896551724
adrian wiecek,jakub perek,23,7,4.043478260869565,80.21739130434783,2023-06-22 08:20:00,0.30434782608695654,0.6956521739130435
adrian wiecek,jakub stecyszyn,21,8,3.857142857142857,72.61904761904762,2024-03-03 09:50:00,0.38095238095238093,0.6190476190476191
adrian wiecek,jan zandecki,121,27,4.1570247933884295,78.40495867768595,2026-04-06 10:45:00,0.2231404958677686,0.7768595041322314
adrian wiecek,josef braun,121,32,4.107438016528926,78.6198347107438,2026-04-01 15:10:00,0.2644628099173554,0.7355371900826446
adrian wiecek,kacper glazowski,22,4,4.2727272727272725,80.36363636363636,2026-04-06 13:15:00,0.18181818181818182,0.8181818181818181
adrian wiecek,kacper petas,185,53,4.021621621621621,79.22162162162162,2026-04-01 13:40:00,0.2864864864864865,0.7135135135135136
adrian wiecek,kamil nalepa,22,5,4.090909090909091,78.36363636363636,2024-03-03 23:20:00,0.22727272727272727,0.7727272727272727
adrian wiecek,karol strowski,39,11,3.9743589743589745,80.71794871794872,2026-04-13 19:45:00,0.28205128205128205,0.717948717948718
adrian wiecek,konrad kulpa,33,5,4.151515151515151,78.39393939393939,2024-07-05 16:00:00,0.15151515151515152,0.8484848484848485
adrian wiecek,krystian kolodziej,54,10,4.055555555555555,78.31481481481481,2026-04-13 18:15:00,0.18518518518518517,0.8148148148148149
adrian wiecek,krzysztof kapik,27,8,3.8518518518518516,77.4074074074074,2026-04-06 17:50:00,0.2962962962962963,0.7037037037037037
adrian wiecek,krzysztof wloczko,59,16,4.084745762711864,80.22033898305085,2026-04-01 06:15:00,0.2711864406779661,0.728813559322034
adrian wiecek,lukasz jarocki,66,27,3.8484848484848486,73.83333333333333,2026-03-30 17:25:00,0.4090909090909091,0.5909090909090908
adrian wiecek,lukasz nadolski,24,3,4.125,81.0,2025-03-01 11:25:00,0.125,0.875
adrian wiecek,maciej nowalinski,79,10,4.30379746835443,86.10126582278481,2026-04-13 06:40:00,0.12658227848101267,0.8734177215189873
adrian wiecek,maksymilian miastowski,110,25,4.118181818181818,83.4,2026-04-13 13:15:00,0.22727272727272727,0.7727272727272727
adrian wiecek,marcin jadczyk,259,59,4.096525096525096,77.89575289575289,2026-04-13 10:45:00,0.2277992277992278,0.7722007722007722
adrian wiecek,marcin litwiniuk,25,8,4.0,78.52,2025-04-04 05:05:00,0.32,0.6799999999999999
adrian wiecek,martin olejnik,122,32,4.098360655737705,77.65573770491804,2026-04-08 10:45:00,0.26229508196721313,0.7377049180327868
adrian wiecek,mateusz golebiowski,269,71,4.037174721189591,80.07434944237919,2026-02-02 11:25:00,0.26394052044609667,0.7360594795539033
adrian wiecek,michal malachowski,23,11,3.5652173913043477,66.1304347826087,2026-01-07 14:40:00,0.4782608695652174,0.5217391304347826
adrian wiecek,michal murawski,81,32,3.876543209876543,73.37037037037037,2026-03-09 14:40:00,0.3950617283950617,0.6049382716049383
adrian wiecek,miroslav sklensky,53,11,4.226415094339623,80.54716981132076,2026-03-24 12:55:00,0.20754716981132076,0.7924528301886793
adrian wiecek,patrik klos,71,21,4.042253521126761,76.29577464788733,2026-04-08 12:50:00,0.29577464788732394,0.704225352112676
adrian wiecek,patryk lewandowski,40,8,4.2,79.775,2026-04-13 15:55:00,0.2,0.8
adrian wiecek,petr david,174,51,4.022988505747127,76.98850574712644,2026-03-25 12:10:00,0.29310344827586204,0.7068965517241379
adrian wiecek,piotr chlodnicki,26,8,4.0,76.61538461538461,2026-03-11 10:30:00,0.3076923076923077,0.6923076923076923
adrian wiecek,piotr chodorski,134,29,4.104477611940299,80.08955223880596,2026-04-01 10:45:00,0.21641791044776118,0.7835820895522388
adrian wiecek,piotr cyrnek,66,14,4.212121212121212,82.18181818181819,2026-01-06 11:25:00,0.21212121212121213,0.7878787878787878
adrian wiecek,slawomir dosz,125,49,3.904,73.504,2025-06-03 11:10:00,0.392,0.608
adrian wiecek,szymon kolasa,65,16,4.092307692307692,80.0923076923077,2026-04-08 13:40:00,0.24615384615384617,0.7538461538461538
adrian wiecek,tomasz kotowski,61,15,4.147540983606557,80.22950819672131,2024-06-07 16:00:00,0.2459016393442623,0.7540983606557377
alan wos,krystian kolodziej,25,17,3.44,60.84,2026-04-11 19:50:00,0.68,0.31999999999999995
alan wos,marcin marchlewski,23,2,4.173913043478261,74.91304347826087,2026-04-05 11:30:00,0.08695652173913043,0.9130434782608696
aleksander lilien,arkadiusz mugowski,270,119,3.7777777777777777,71.52222222222223,2026-04-16 04:55:00,0.44074074074074077,0.5592592592592592
aleksander lilien,artur sobel,150,39,4.053333333333334,77.53333333333333,2026-04-13 16:35:00,0.26,0.74
aleksander lilien,bartlomiej mleczko,25,11,3.88,74.72,2025-12-15 18:20:00,0.44,0.56
aleksander lilien,bartosz kwodawski,47,15,3.9361702127659575,72.40425531914893,2025-11-21 15:20:00,0.3191489361702128,0.6808510638297872
aleksander lilien,blazej cioch,24,13,3.7083333333333335,68.95833333333333,2025-12-27 02:35:00,0.5416666666666666,0.45833333333333337
aleksander lilien,damian korczak,21,4,4.285714285714286,80.61904761904762,2024-06-13 14:10:00,0.19047619047619047,0.8095238095238095
aleksander lilien,damian swierczek,49,17,3.816326530612245,70.73469387755102,2024-03-21 15:45:00,0.3469387755102041,0.653061224489796
aleksander lilien,damian wojdyla,30,13,3.8333333333333335,72.03333333333333,2025-06-07 05:25:00,0.43333333333333335,0.5666666666666667
aleksander lilien,daniel murawski,49,13,4.020408163265306,77.53061224489795,2026-04-10 09:25:00,0.2653061224489796,0.7346938775510203
aleksander lilien,dawid kotwica,91,41,3.758241758241758,69.27472527472527,2026-04-09 04:30:00,0.45054945054945056,0.5494505494505495
aleksander lilien,filip kujawa,153,63,3.816993464052288,73.26143790849673,2026-04-15 06:30:00,0.4117647058823529,0.5882352941176471
aleksander lilien,grzegorz poliniewicz,241,93,3.8423236514522823,72.83817427385893,2026-04-16 03:25:00,0.38589211618257263,0.6141078838174274
aleksander lilien,igor dabrowski,54,18,4.018518518518518,77.94444444444444,2026-04-16 07:20:00,0.3333333333333333,0.6666666666666667
aleksander lilien,jacek przewlocki,27,14,3.7037037037037037,70.03703703703704,2026-04-07 03:00:00,0.5185185185185185,0.4814814814814815
aleksander lilien,jakub glanowski,109,36,3.963302752293578,78.5137614678899,2026-04-15 12:15:00,0.3302752293577982,0.6697247706422018
aleksander lilien,jakub wozniak,101,40,3.8415841584158414,71.35643564356435,2025-10-09 14:40:00,0.39603960396039606,0.6039603960396039
aleksander lilien,jakub zochniak,251,95,3.8804780876494025,75.24302788844622,2026-04-02 04:55:00,0.3784860557768924,0.6215139442231076
aleksander lilien,kamil rudomina,191,64,3.968586387434555,74.79057591623037,2026-04-13 19:20:00,0.33507853403141363,0.6649214659685864
aleksander lilien,krystian kolodziej,40,22,3.65,66.25,2024-12-08 21:25:00,0.55,0.44999999999999996
aleksander lilien,krzysztof kapik,63,18,4.031746031746032,75.5079365079365,2025-02-13 09:45:00,0.2857142857142857,0.7142857142857143
aleksander lilien,krzysztof kotyl,88,36,3.8181818181818183,72.26136363636364,2026-03-24 05:30:00,0.4090909090909091,0.5909090909090908
aleksander lilien,lukasz pietraszko,79,27,4.025316455696203,74.9113924050633,2026-04-13 17:20:00,0.34177215189873417,0.6582278481012658
aleksander lilien,maciej makajew,41,15,3.8292682926829267,72.09756097560975,2025-12-26 21:40:00,0.36585365853658536,0.6341463414634146
aleksander lilien,marcin balcerzak,36,12,3.9722222222222223,73.83333333333333,2026-04-08 03:25:00,0.3333333333333333,0.6666666666666667
aleksander lilien,mateusz misiak,167,63,3.8922155688622753,72.94610778443113,2026-04-13 15:00:00,0.3772455089820359,0.6227544910179641
aleksander lilien,mateusz zagajewski,72,14,4.236111111111111,81.59722222222223,2026-04-10 11:25:00,0.19444444444444445,0.8055555555555556
aleksander lilien,michal minda,270,85,4.007407407407407,75.81481481481481,2026-04-16 12:15:00,0.3148148148148148,0.6851851851851851
aleksander lilien,mikolaj lukaszewski,22,7,3.8636363636363638,71.36363636363636,2026-02-10 11:30:00,0.3181818181818182,0.6818181818181819
aleksander lilien,milosz piecowski,20,5,4.15,79.65,2026-04-14 13:30:00,0.25,0.75
aleksander lilien,piotr maruszak,23,10,3.8260869565217392,71.91304347826087,2026-04-09 11:00:00,0.43478260869565216,0.5652173913043479
aleksander lilien,piotr sudol,27,7,4.148148148148148,77.29629629629629,2023-12-11 21:00:00,0.25925925925925924,0.7407407407407407
aleksander lilien,przemyslaw blocho,49,12,4.081632653061225,76.71428571428571,2025-11-24 04:50:00,0.24489795918367346,0.7551020408163265
aleksander lilien,radoslaw malinowski,26,11,3.8846153846153846,72.92307692307692,2026-02-10 06:15:00,0.4230769230769231,0.5769230769230769
aleksander lilien,sebastian baran,35,15,3.742857142857143,69.77142857142857,2026-01-03 11:20:00,0.42857142857142855,0.5714285714285714
aleksander lilien,szymon radlo,233,76,3.9742489270386265,77.36909871244636,2026-02-03 10:00:00,0.3261802575107296,0.6738197424892705
aleksander lilien,szymon seroka,96,34,3.90625,73.80208333333333,2025-04-16 15:00:00,0.3541666666666667,0.6458333333333333
aleksander lilien,tomasz filbrand,81,18,4.234567901234568,79.46913580246914,2025-10-07 15:25:00,0.2222222222222222,0.7777777777777778
aleksander lilien,wojciech gluszek,134,46,3.9029850746268657,73.40298507462687,2026-04-16 13:05:00,0.34328358208955223,0.6567164179104478
aleksander lilien,wojciech gronowski,33,12,3.727272727272727,73.06060606060606,2026-03-23 10:00:00,0.36363636363636365,0.6363636363636364
ales rusnak,jaroslav baca,56,20,3.9107142857142856,74.28571428571429,2026-02-05 01:20:00,0.35714285714285715,0.6428571428571428
ales rusnak,marcin kowalczyk,33,12,3.878787878787879,72.87878787878788,2026-02-05 03:00:00,0.36363636363636365,0.6363636363636364
ales rusnak,stanislaw wnek,26,12,3.8846153846153846,73.26923076923077,2026-02-04 18:05:00,0.46153846153846156,0.5384615384615384
amirreza abbasi,antoni witkowski,63,22,4.031746031746032,74.93650793650794,2026-03-20 11:45:00,0.3492063492063492,0.6507936507936508
amirreza abbasi,artur daniel,31,11,3.903225806451613,74.16129032258064,2025-10-19 15:10:00,0.3548387096774194,0.6451612903225806
amirreza abbasi,artur grela,69,27,3.9420289855072466,74.42028985507247,2026-03-20 13:00:00,0.391304347826087,0.6086956521739131
amirreza abbasi,damian wederlich,68,20,4.088235294117647,77.51470588235294,2025-08-03 12:00:00,0.29411764705882354,0.7058823529411764
amirreza abbasi,dawid michna,29,7,4.103448275862069,80.06896551724138,2026-03-30 10:45:00,0.2413793103448276,0.7586206896551724
amirreza abbasi,filip mlynarski,63,19,3.9523809523809526,74.17460317460318,2025-04-13 13:15:00,0.30158730158730157,0.6984126984126984
amirreza abbasi,grzegorz adamiak,40,10,4.075,78.1,2026-03-22 12:35:00,0.25,0.75
amirreza abbasi,grzegorz felkel,69,15,4.130434782608695,76.20289855072464,2025-11-03 13:25:00,0.21739130434782608,0.782608695652174
amirreza abbasi,jakub folwarski,30,9,3.966666666666667,74.96666666666667,2026-03-19 07:15:00,0.3,0.7
amirreza abbasi,jakub kosowski,97,31,3.9690721649484537,77.10309278350516,2025-12-31 16:35:00,0.31958762886597936,0.6804123711340206
amirreza abbasi,jan zandecki,59,20,3.9152542372881354,73.72881355932203,2026-03-30 15:10:00,0.3389830508474576,0.6610169491525424
amirreza abbasi,josef braun,33,10,4.090909090909091,78.96969696969697,2026-03-20 16:10:00,0.30303030303030304,0.696969696969697
amirreza abbasi,kacper petas,41,13,4.0,77.7560975609756,2026-03-31 15:10:00,0.3170731707317073,0.6829268292682926
amirreza abbasi,konrad kulpa,30,8,4.1,78.8,2025-07-20 14:05:00,0.26666666666666666,0.7333333333333334
amirreza abbasi,krzysztof wloczko,25,10,3.92,73.36,2026-03-22 15:30:00,0.4,0.6
amirreza abbasi,lukasz nadolski,22,12,3.6363636363636362,67.5,2025-06-21 13:15:00,0.5454545454545454,0.4545454545454546
amirreza abbasi,maciej nowalinski,27,5,4.2592592592592595,79.18518518518519,2026-04-05 10:45:00,0.18518518518518517,0.8148148148148149
amirreza abbasi,maksymilian miastowski,35,14,4.057142857142857,78.11428571428571,2026-04-05 15:10:00,0.4,0.6
amirreza abbasi,marcin jadczyk,138,45,3.963768115942029,72.64492753623189,2026-03-31 11:35:00,0.32608695652173914,0.6739130434782609
amirreza abbasi,martin olejnik,70,23,3.9714285714285715,73.28571428571429,2026-03-21 13:25:00,0.32857142857142857,0.6714285714285715
amirreza abbasi,mateusz golebiowski,115,41,3.860869565217391,71.94782608695652,2025-12-31 11:25:00,0.3565217391304348,0.6434782608695653
amirreza abbasi,michal murawski,33,11,3.878787878787879,73.48484848484848,2025-10-05 04:00:00,0.3333333333333333,0.6666666666666667
amirreza abbasi,patrik klos,30,14,3.7666666666666666,70.86666666666666,2026-03-30 12:00:00,0.4666666666666667,0.5333333333333333
amirreza abbasi,petr david,64,15,4.1875,80.84375,2026-04-05 12:50:00,0.234375,0.765625
amirreza abbasi,piotr chodorski,80,29,3.8625,72.3625,2026-03-31 14:30:00,0.3625,0.6375
amirreza abbasi,piotr cyrnek,37,6,4.378378378378378,84.37837837837837,2026-03-20 14:40:00,0.16216216216216217,0.8378378378378378
amirreza abbasi,slawomir dosz,75,32,3.7866666666666666,70.46666666666667,2025-10-05 08:25:00,0.4266666666666667,0.5733333333333333
amirreza abbasi,szymon kolasa,35,14,3.8285714285714287,72.71428571428571,2026-03-30 13:40:00,0.4,0.6
amirreza abbasi,tomasz kotowski,34,16,3.7058823529411766,66.0,2024-06-10 10:45:00,0.47058823529411764,0.5294117647058824
andriej fomin,artur kubiak,49,21,3.795918367346939,71.28571428571429,2026-04-19 02:00:00,0.42857142857142855,0.5714285714285714
andriej fomin,henryk tkaczyk,31,16,3.6774193548387095,66.87096774193549,2026-02-21 22:35:00,0.5161290322580645,0.4838709677419355
andriej fomin,jacek oracz,32,15,3.71875,68.53125,2026-04-18 22:25:00,0.46875,0.53125
andriej fomin,jerzy michalik,29,3,4.206896551724138,80.93103448275862,2026-04-13 08:45:00,0.10344827586206896,0.896551724137931
andriej fomin,lukasz pyda,34,5,4.294117647058823,81.29411764705883,2026-04-11 23:10:00,0.14705882352941177,0.8529411764705882
andriej fomin,michal wolny,27,15,3.5925925925925926,66.11111111111111,2026-04-13 07:35:00,0.5555555555555556,0.4444444444444444
andriej fomin,miroslaw warzecha,29,14,3.7241379310344827,69.17241379310344,2026-04-13 05:10:00,0.4827586206896552,0.5172413793103448
andriej fomin,slawomir janus,28,9,3.857142857142857,70.96428571428571,2026-04-13 06:25:00,0.32142857142857145,0.6785714285714286
andriej fomin,witold stechly,32,10,3.9375,74.9375,2026-04-13 03:35:00,0.3125,0.6875
antoni witkowski,artur daniel,29,9,3.896551724137931,71.86206896551724,2026-03-13 07:40:00,0.3103448275862069,0.6896551724137931
antoni witkowski,artur grela,55,12,4.109090909090909,77.47272727272727,2026-04-03 06:40:00,0.21818181818181817,0.7818181818181819
antoni witkowski,damian wederlich,68,24,3.9705882352941178,73.79411764705883,2025-05-16 11:10:00,0.35294117647058826,0.6470588235294117
antoni witkowski,daniel bak,21,11,3.7142857142857144,70.47619047619048,2024-01-21 12:10:00,0.5238095238095238,0.47619047619047616
antoni witkowski,dawid michna,31,9,3.967741935483871,75.64516129032258,2026-03-03 13:50:00,0.2903225806451613,0.7096774193548387
antoni witkowski,filip mlynarski,45,24,3.6666666666666665,66.66666666666667,2025-04-13 10:45:00,0.5333333333333333,0.4666666666666667
antoni witkowski,grzegorz adamiak,30,12,3.9,72.76666666666667,2026-02-01 11:25:00,0.4,0.6
antoni witkowski,grzegorz felkel,40,15,3.875,72.275,2026-04-03 05:15:00,0.375,0.625
antoni witkowski,jakub folwarski,22,10,3.909090909090909,75.54545454545455,2026-04-03 04:05:00,0.45454545454545453,0.5454545454545454
antoni witkowski,jakub kosowski,79,24,3.962025316455696,74.07594936708861,2026-04-14 11:10:00,0.3037974683544304,0.6962025316455696
antoni witkowski,jan zandecki,70,21,4.071428571428571,75.61428571428571,2026-02-20 11:00:00,0.3,0.7
antoni witkowski,josef braun,41,14,3.926829268292683,72.3170731707317,2026-03-26 16:35:00,0.34146341463414637,0.6585365853658536
antoni witkowski,kacper petas,33,11,3.9696969696969697,73.60606060606061,2026-04-14 10:25:00,0.3333333333333333,0.6666666666666667
antoni witkowski,konrad kulpa,20,6,4.05,74.15,2025-05-18 06:15:00,0.3,0.7
antoni witkowski,lukasz nadolski,20,6,3.8,68.25,2025-05-10 08:50:00,0.3,0.7
antoni witkowski,maksymilian miastowski,24,6,4.166666666666667,78.95833333333333,2026-04-14 13:40:00,0.25,0.75
antoni witkowski,marcin jadczyk,135,40,3.9185185185185185,72.36296296296297,2026-04-14 14:50:00,0.2962962962962963,0.7037037037037037
antoni witkowski,martin olejnik,31,8,4.096774193548387,76.61290322580645,2026-02-14 08:40:00,0.25806451612903225,0.7419354838709677
antoni witkowski,mateusz golebiowski,99,31,3.98989898989899,74.08080808080808,2026-02-12 16:35:00,0.31313131313131315,0.6868686868686869
antoni witkowski,michal murawski,22,9,3.8636363636363638,72.5909090909091,2026-02-13 11:00:00,0.4090909090909091,0.5909090909090908
antoni witkowski,patrik klos,31,10,3.903225806451613,71.16129032258064,2026-04-02 14:05:00,0.3225806451612903,0.6774193548387097
antoni witkowski,petr david,46,10,4.086956521739131,76.3695652173913,2026-03-26 12:10:00,0.21739130434782608,0.782608695652174
antoni witkowski,piotr chodorski,58,24,3.793103448275862,70.60344827586206,2026-02-12 15:05:00,0.41379310344827586,0.5862068965517242
antoni witkowski,piotr cyrnek,27,7,4.074074074074074,78.4074074074074,2026-03-20 15:50:00,0.25925925925925924,0.7407407407407407
antoni witkowski,slawomir dosz,51,20,3.823529411764706,70.56862745098039,2025-05-03 09:10:00,0.39215686274509803,0.607843137254902
antoni witkowski,szymon kolasa,27,10,4.0,76.4074074074074,2025-06-14 07:40:00,0.37037037037037035,0.6296296296296297
arkadiusz mugowski,artur sobel,127,42,3.905511811023622,73.10236220472441,2026-04-06 04:30:00,0.33070866141732286,0.6692913385826771
arkadiusz mugowski,artur szoltysek,28,8,3.857142857142857,72.53571428571429,2026-04-18 09:50:00,0.2857142857142857,0.7142857142857143
arkadiusz mugowski,bartek sulkowski,21,8,3.8095238095238093,73.52380952380952,2026-04-14 12:40:00,0.38095238095238093,0.6190476190476191
arkadiusz mugowski,bartlomiej mleczko,58,17,3.9482758620689653,74.6896551724138,2026-04-12 17:25:00,0.29310344827586204,0.7068965517241379
arkadiusz mugowski,bartlomiej wisniewski,22,6,4.0,77.77272727272727,2026-03-07 15:20:00,0.2727272727272727,0.7272727272727273
arkadiusz mugowski,bartosz kwodawski,50,10,4.22,80.28,2026-04-18 18:15:00,0.2,0.8
arkadiusz mugowski,blazej cioch,54,16,4.074074074074074,77.18518518518519,2026-04-12 01:05:00,0.2962962962962963,0.7037037037037037
arkadiusz mugowski,damian swierczek,61,27,3.7049180327868854,70.01639344262296,2024-03-13 23:55:00,0.4426229508196721,0.5573770491803278
arkadiusz mugowski,daniel murawski,79,20,3.9240506329113924,74.53164556962025,2026-04-11 09:50:00,0.25316455696202533,0.7468354430379747
arkadiusz mugowski,dawid kotwica,233,61,4.060085836909871,77.11158798283262,2026-04-12 16:40:00,0.26180257510729615,0.7381974248927039
arkadiusz mugowski,dawid poloszczanski,73,24,4.013698630136986,75.64383561643835,2026-04-18 13:25:00,0.3287671232876712,0.6712328767123288
arkadiusz mugowski,filip kujawa,164,59,3.8536585365853657,74.7560975609756,2026-04-19 06:40:00,0.3597560975609756,0.6402439024390244
arkadiusz mugowski,frantisek krcil,20,5,4.05,75.55,2026-02-28 08:35:00,0.25,0.75
arkadiusz mugowski,gracjan kesic,27,11,3.925925925925926,75.85185185185185,2026-04-19 13:00:00,0.4074074074074074,0.5925925925925926
arkadiusz mugowski,grzegorz poliniewicz,331,126,3.86404833836858,73.75528700906344,2026-04-19 08:15:00,0.3806646525679758,0.6193353474320242
arkadiusz mugowski,igor dabrowski,76,28,3.8684210526315788,73.09210526315789,2026-04-16 08:10:00,0.3684210526315789,0.631578947368421
arkadiusz mugowski,jacek przewlocki,52,22,3.7884615384615383,70.67307692307692,2026-04-07 13:55:00,0.4230769230769231,0.5769230769230769
arkadiusz mugowski,jakub glanowski,158,46,4.120253164556962,79.84177215189874,2026-04-15 07:20:00,0.2911392405063291,0.7088607594936709
arkadiusz mugowski,jakub wozniak,122,50,3.7868852459016393,71.8360655737705,2026-04-11 01:25:00,0.4098360655737705,0.5901639344262295
arkadiusz mugowski,jakub zochniak,431,163,3.8143851508120648,73.51276102088167,2026-04-17 07:45:00,0.37819025522041766,0.6218097447795823
arkadiusz mugowski,jaroslaw rolak,37,6,4.324324324324325,83.1891891891892,2025-08-17 01:00:00,0.16216216216216217,0.8378378378378378
arkadiusz mugowski,kacper makowski,27,17,3.4444444444444446,65.70370370370371,2026-04-11 23:50:00,0.6296296296296297,0.37037037037037035
arkadiusz mugowski,kamil rudomina,293,108,3.887372013651877,74.10238907849829,2026-04-19 03:45:00,0.36860068259385664,0.6313993174061434
arkadiusz mugowski,karol sulkowski,24,8,3.8333333333333335,73.0,2026-04-14 10:10:00,0.3333333333333333,0.6666666666666667
arkadiusz mugowski,krystian kolodziej,36,16,3.8055555555555554,69.0,2025-11-30 03:00:00,0.4444444444444444,0.5555555555555556
arkadiusz mugowski,krzysztof kapik,64,28,3.765625,70.5,2025-11-13 00:25:00,0.4375,0.5625
arkadiusz mugowski,krzysztof kotyl,238,92,3.802521008403361,71.6470588235294,2026-03-14 12:45:00,0.3865546218487395,0.6134453781512605
arkadiusz mugowski,lukasz pietraszko,80,26,4.0125,76.425,2026-04-06 07:20:00,0.325,0.675
arkadiusz mugowski,maciej makajew,55,25,3.7818181818181817,72.76363636363637,2026-04-02 18:10:00,0.45454545454545453,0.5454545454545454
arkadiusz mugowski,maciej sinitsky,43,25,3.558139534883721,66.3953488372093,2026-02-18 16:25:00,0.5813953488372093,0.41860465116279066
arkadiusz mugowski,marchlewski kacper,39,18,3.6923076923076925,70.12820512820512,2025-08-10 08:10:00,0.46153846153846156,0.5384615384615384
arkadiusz mugowski,marcin marchlewski,26,11,3.6538461538461537,67.0,2026-04-19 10:05:00,0.4230769230769231,0.5769230769230769
arkadiusz mugowski,marcin piotrowski,27,7,3.888888888888889,73.77777777777777,2024-05-04 10:25:00,0.25925925925925924,0.7407407407407407
arkadiusz mugowski,mateusz burkacki,45,18,3.8222222222222224,72.97777777777777,2025-12-16 13:35:00,0.4,0.6
arkadiusz mugowski,mateusz misiak,356,130,3.918539325842697,75.62359550561797,2026-04-12 19:25:00,0.3651685393258427,0.6348314606741573
arkadiusz mugowski,mateusz trela,22,11,3.5454545454545454,67.36363636363636,2026-03-14 10:45:00,0.5,0.5
arkadiusz mugowski,mateusz zagajewski,55,23,3.727272727272727,70.69090909090909,2026-04-17 06:05:00,0.41818181818181815,0.5818181818181818
arkadiusz mugowski,michal minda,338,91,4.112426035502959,78.85207100591715,2026-04-17 03:50:00,0.2692307692307692,0.7307692307692308
arkadiusz mugowski,michal skorski,55,16,3.981818181818182,76.61818181818182,2026-02-09 12:45:00,0.2909090909090909,0.7090909090909091
arkadiusz mugowski,mikolaj lukaszewski,39,13,3.9743589743589745,75.07692307692308,2026-03-11 07:30:00,0.3333333333333333,0.6666666666666667
arkadiusz mugowski,milosz piecowski,76,25,3.9210526315789473,75.84210526315789,2026-04-18 15:55:00,0.32894736842105265,0.6710526315789473
arkadiusz mugowski,miroslaw piecowski,24,7,4.0,71.5,2026-02-11 06:25:00,0.2916666666666667,0.7083333333333333
arkadiusz mugowski,nestor wasylkowski,21,3,4.190476190476191,81.0952380952381,2026-04-08 08:10:00,0.14285714285714285,0.8571428571428572
arkadiusz mugowski,pawel grela,29,17,3.4827586206896552,66.44827586206897,2024-05-04 20:10:00,0.5862068965517241,0.4137931034482759
arkadiusz mugowski,piotr maruszak,57,19,3.8421052631578947,73.36842105263158,2026-01-11 05:15:00,0.3333333333333333,0.6666666666666667
arkadiusz mugowski,piotr staniszewski,23,6,3.9565217391304346,74.26086956521739,2026-02-27 07:40:00,0.2608695652173913,0.7391304347826086
arkadiusz mugowski,piotr strus,30,4,4.433333333333334,83.9,2026-03-01 05:30:00,0.13333333333333333,0.8666666666666667
arkadiusz mugowski,piotr sudol,22,10,3.6818181818181817,68.36363636363636,2023-12-15 16:05:00,0.45454545454545453,0.5454545454545454
arkadiusz mugowski,przemyslaw blocho,58,31,3.586206896551724,68.53448275862068,2026-03-31 01:25:00,0.5344827586206896,0.4655172413793104
arkadiusz mugowski,radoslaw malinowski,37,13,3.8378378378378377,73.51351351351352,2026-02-10 05:10:00,0.35135135135135137,0.6486486486486487
arkadiusz mugowski,sebastian baran,106,41,3.9056603773584904,74.74528301886792,2026-04-12 15:05:00,0.3867924528301887,0.6132075471698113
arkadiusz mugowski,szymon brud,20,8,3.75,70.3,2026-03-24 00:20:00,0.4,0.6
arkadiusz mugowski,szymon radlo,314,112,3.8662420382165603,76.21019108280255,2026-02-03 15:40:00,0.35668789808917195,0.6433121019108281
arkadiusz mugowski,szymon seroka,102,43,3.823529411764706,72.96078431372548,2025-03-25 10:50:00,0.4215686274509804,0.5784313725490196
arkadiusz mugowski,szymon skop,24,6,4.083333333333333,79.54166666666667,2026-04-11 00:35:00,0.25,0.75
arkadiusz mugowski,tadeusz piotrowski,65,14,4.2,77.50769230769231,2026-04-11 11:50:00,0.2153846153846154,0.7846153846153846
arkadiusz mugowski,tomasz filbrand,78,25,4.012820512820513,76.0,2026-03-03 14:55:00,0.32051282051282054,0.6794871794871795
arkadiusz mugowski,wojciech gluszek,217,79,3.9631336405529956,75.29032258064517,2026-04-12 20:10:00,0.3640552995391705,0.6359447004608295
arkadiusz mugowski,wojciech gronowski,36,12,3.7222222222222223,71.52777777777777,2026-04-05 10:05:00,0.3333333333333333,0.6666666666666667
arkadiusz mugowski,wojciech iwasyszyn,28,8,4.107142857142857,79.32142857142857,2026-02-27 08:20:00,0.2857142857142857,0.7142857142857143
arkadiusz skupinski,artur kubiak,24,7,4.041666666666667,74.66666666666667,2025-12-24 02:55:00,0.2916666666666667,0.7083333333333333
arkadiusz skupinski,dariusz scigany,71,24,4.014084507042254,76.25352112676056,2025-09-25 17:55:00,0.3380281690140845,0.6619718309859155
arkadiusz skupinski,dawid pyrek,27,8,4.111111111111111,78.88888888888889,2026-04-16 04:20:00,0.2962962962962963,0.7037037037037037
arkadiusz skupinski,jerzy michalik,65,19,3.953846153846154,75.87692307692308,2026-03-23 06:35:00,0.2923076923076923,0.7076923076923076
arkadiusz skupinski,kamil delikatny,32,16,3.75,68.59375,2026-04-08 23:55:00,0.5,0.5
arkadiusz skupinski,maciej lamer,57,18,3.982456140350877,75.91228070175438,2026-03-05 05:20:00,0.3157894736842105,0.6842105263157895
arkadiusz skupinski,marian brunner,47,13,4.127659574468085,77.06382978723404,2026-02-26 05:20:00,0.2765957446808511,0.7234042553191489
arkadiusz skupinski,michal machelski,23,8,3.869565217391304,71.52173913043478,2026-01-29 04:05:00,0.34782608695652173,0.6521739130434783
arkadiusz skupinski,michal wolny,32,9,4.125,78.90625,2026-03-26 04:05:00,0.28125,0.71875
arkadiusz skupinski,miroslaw lewczuk,27,10,3.7777777777777777,71.14814814814815,2025-12-08 08:15:00,0.37037037037037035,0.6296296296296297
arkadiusz skupinski,miroslaw warzecha,48,19,3.7708333333333335,70.08333333333333,2026-04-16 00:20:00,0.3958333333333333,0.6041666666666667
arkadiusz skupinski,patryk mecik,43,8,4.3023255813953485,82.06976744186046,2025-03-13 02:55:00,0.18604651162790697,0.813953488372093
arkadiusz skupinski,pawel polanski,49,21,3.857142857142857,72.85714285714286,2026-04-09 01:55:00,0.42857142857142855,0.5714285714285714
arkadiusz skupinski,slawomir janus,27,9,3.8518518518518516,72.29629629629629,2026-04-15 21:30:00,0.3333333333333333,0.6666666666666667
arkadiusz skupinski,waldemar glanowski,41,14,3.902439024390244,73.39024390243902,2025-11-03 23:25:00,0.34146341463414637,0.6585365853658536
arkadiusz skupinski,zbigniew nocun,66,21,3.9545454545454546,75.0909090909091,2026-03-26 00:55:00,0.3181818181818182,0.6818181818181819
arkadiusz zuk,bartosz czerwinski,23,11,3.782608695652174,73.69565217391305,2024-01-06 19:50:00,0.4782608695652174,0.5217391304347826
arkadiusz zuk,damian korczak,31,13,3.870967741935484,70.6774193548387,2023-10-30 07:30:00,0.41935483870967744,0.5806451612903225
arkadiusz zuk,damian wojdyla,50,12,3.96,74.06,2024-01-23 05:00:00,0.24,0.76
arkadiusz zuk,filip mlynarski,25,11,3.88,72.28,2024-01-23 03:50:00,0.44,0.56
arkadiusz zuk,grzegorz felkel,22,7,4.090909090909091,73.13636363636364,2024-01-23 21:40:00,0.3181818181818182,0.6818181818181819
arkadiusz zuk,konrad staszczyk,27,10,3.925925925925926,72.85185185185185,2024-01-24 01:25:00,0.37037037037037035,0.6296296296296297
arkadiusz zuk,krzysztof kapik,28,9,4.035714285714286,74.21428571428571,2024-01-22 23:45:00,0.32142857142857145,0.6785714285714286
arkadiusz zuk,lukasz jarocki,56,21,3.8392857142857144,72.83928571428571,2024-01-22 19:25:00,0.375,0.625
arkadiusz zuk,maciej podsiadlo,30,8,4.033333333333333,71.9,2023-12-11 12:55:00,0.26666666666666666,0.7333333333333334
arkadiusz zuk,michal galas,20,7,3.9,73.55,2023-06-01 09:20:00,0.35,0.65
arkadiusz zuk,michal murawski,47,24,3.6595744680851063,67.08510638297872,2023-12-17 18:35:00,0.5106382978723404,0.4893617021276596
arkadiusz zuk,piotr chlodnicki,24,10,3.9583333333333335,76.25,2024-01-24 00:35:00,0.4166666666666667,0.5833333333333333
artur daniel,artur grela,54,21,3.7962962962962963,69.22222222222223,2026-04-17 12:25:00,0.3888888888888889,0.6111111111111112
artur daniel,bartosz czerwinski,178,64,3.898876404494382,72.98314606741573,2026-01-09 13:45:00,0.3595505617977528,0.6404494382022472
artur daniel,damian korczak,58,29,3.6379310344827585,66.06896551724138,2024-06-19 22:20:00,0.5,0.5
artur daniel,damian wederlich,34,10,3.8529411764705883,72.17647058823529,2025-07-24 08:00:00,0.29411764705882354,0.7058823529411764
artur daniel,damian wojdyla,130,48,3.8384615384615386,71.23846153846154,2025-07-16 17:25:00,0.36923076923076925,0.6307692307692307
artur daniel,daniel lis,34,11,3.911764705882353,75.23529411764706,2025-08-20 13:35:00,0.3235294117647059,0.6764705882352942
artur daniel,dawid michna,46,16,3.9130434782608696,74.8913043478261,2026-03-05 12:55:00,0.34782608695652173,0.6521739130434783
artur daniel,filip mlynarski,39,19,3.717948717948718,68.0,2024-12-24 10:05:00,0.48717948717948717,0.5128205128205128
artur daniel,frantisek krcil,37,8,4.162162162162162,76.56756756756756,2026-01-22 10:55:00,0.21621621621621623,0.7837837837837838
artur daniel,grzegorz adamiak,104,39,3.855769230769231,71.51923076923077,2026-04-11 11:10:00,0.375,0.625
artur daniel,grzegorz felkel,109,52,3.706422018348624,68.70642201834862,2026-02-21 13:50:00,0.47706422018348627,0.5229357798165137
artur daniel,grzegorz poliniewicz,47,21,3.765957446808511,70.95744680851064,2026-04-10 06:35:00,0.44680851063829785,0.5531914893617021
artur daniel,jakub kosowski,45,17,3.8222222222222224,71.6,2025-12-22 09:00:00,0.37777777777777777,0.6222222222222222
artur daniel,jakub kwapis,40,12,3.95,72.075,2026-03-20 11:20:00,0.3,0.7
artur daniel,jakub maslowski,45,18,3.7111111111111112,67.15555555555555,2025-10-09 11:55:00,0.4,0.6
artur daniel,jakub witkowski,45,15,3.9555555555555557,74.33333333333333,2026-04-16 19:25:00,0.3333333333333333,0.6666666666666667
artur daniel,jan zandecki,75,16,4.12,77.26666666666667,2026-04-17 11:10:00,0.21333333333333335,0.7866666666666666
artur daniel,josef braun,52,22,3.8846153846153846,73.13461538461539,2026-03-05 10:55:00,0.4230769230769231,0.5769230769230769
artur daniel,kacper glazowski,59,17,4.016949152542373,75.16949152542372,2026-03-19 10:55:00,0.288135593220339,0.711864406779661
artur daniel,kacper petas,109,31,3.963302752293578,73.68807339449542,2026-03-25 11:20:00,0.28440366972477066,0.7155963302752293
artur daniel,kamil nalepa,20,11,3.6,64.85,2024-03-26 08:15:00,0.55,0.44999999999999996
artur daniel,karol strowski,66,12,4.015151515151516,74.62121212121212,2026-04-16 17:25:00,0.18181818181818182,0.8181818181818181
artur daniel,karol wisniewski,75,30,3.8133333333333335,68.24,2026-04-16 09:55:00,0.4,0.6
artur daniel,konrad kulpa,20,10,3.7,69.1,2025-05-18 15:10:00,0.5,0.5
artur daniel,konrad staszczyk,24,11,3.625,65.45833333333333,2024-07-19 11:50:00,0.4583333333333333,0.5416666666666667
artur daniel,krystian kolodziej,139,45,3.8489208633093526,70.0431654676259,2026-03-25 19:35:00,0.3237410071942446,0.6762589928057554
artur daniel,krzysztof kapik,124,48,3.870967741935484,71.78225806451613,2026-04-16 12:45:00,0.3870967741935484,0.6129032258064516
artur daniel,krzysztof wloczko,162,58,3.771604938271605,69.65432098765432,2026-04-10 14:30:00,0.35802469135802467,0.6419753086419753
artur daniel,lukasz jarocki,238,85,3.8823529411764706,71.65966386554622,2026-04-09 11:35:00,0.35714285714285715,0.6428571428571428
artur daniel,maciej domin,35,11,4.0,74.82857142857142,2026-01-17 11:00:00,0.3142857142857143,0.6857142857142857
artur daniel,maciej nowalinski,118,30,3.9915254237288136,75.66101694915254,2026-04-17 10:25:00,0.2542372881355932,0.7457627118644068
artur daniel,maciej podsiadlo,77,28,3.9740259740259742,73.58441558441558,2024-09-13 08:30:00,0.36363636363636365,0.6363636363636364
artur daniel,maksymilian miastowski,77,28,3.8701298701298703,72.85714285714286,2026-04-09 14:50:00,0.36363636363636365,0.6363636363636364
artur daniel,marcin balcerzak,58,28,3.603448275862069,63.96551724137931,2026-04-16 14:25:00,0.4827586206896552,0.5172413793103448
artur daniel,marcin jadczyk,142,49,3.9014084507042255,71.41549295774648,2026-04-17 14:50:00,0.34507042253521125,0.6549295774647887
artur daniel,marcin litwiniuk,82,21,3.926829268292683,73.54878048780488,2025-04-04 11:05:00,0.25609756097560976,0.7439024390243902
artur daniel,martin olejnik,24,15,3.5416666666666665,65.25,2026-04-11 12:25:00,0.625,0.375
artur daniel,mateusz czernik,25,12,3.68,67.52,2026-03-07 13:50:00,0.48,0.52
artur daniel,mateusz golebiowski,115,45,3.860869565217391,71.20869565217392,2026-02-06 13:25:00,0.391304347826087,0.6086956521739131
artur daniel,michal krzyzanowski,26,7,4.0,74.8076923076923,2025-12-20 09:50:00,0.2692307692307692,0.7307692307692308
artur daniel,michal malachowski,32,16,3.65625,67.5,2026-04-10 04:20:00,0.5,0.5
artur daniel,michal murawski,196,75,3.826530612244898,72.11224489795919,2026-03-06 14:15:00,0.3826530612244898,0.6173469387755102
artur daniel,michal olbrycht,25,8,3.92,71.76,2026-03-01 19:20:00,0.32,0.6799999999999999
artur daniel,miroslav sklensky,114,36,3.9473684210526314,72.82456140350877,2026-03-20 14:10:00,0.3157894736842105,0.6842105263157895
artur daniel,patrik klos,30,17,3.6,66.36666666666666,2026-04-11 13:40:00,0.5666666666666667,0.43333333333333335
artur daniel,patryk lewandowski,22,7,3.9545454545454546,73.36363636363636,2026-04-03 03:55:00,0.3181818181818182,0.6818181818181819
artur daniel,petr david,54,23,3.7037037037037037,67.27777777777777,2026-04-11 14:50:00,0.42592592592592593,0.5740740740740741
artur daniel,piotr chlodnicki,87,41,3.632183908045977,66.64367816091954,2026-04-17 13:40:00,0.47126436781609193,0.5287356321839081
artur daniel,piotr chodorski,60,26,3.7333333333333334,68.91666666666667,2026-03-25 10:05:00,0.43333333333333335,0.5666666666666667
artur daniel,rutkowski mateusz,25,12,3.68,68.56,2026-04-09 17:00:00,0.48,0.52
artur daniel,slawomir dosz,61,23,3.8360655737704916,70.8360655737705,2025-10-04 13:40:00,0.3770491803278688,0.6229508196721312
artur daniel,szymon kolasa,62,23,3.8870967741935485,72.96774193548387,2026-04-09 13:15:00,0.3709677419354839,0.6290322580645161
artur daniel,szymon seroka,27,11,3.7037037037037037,66.74074074074075,2025-04-24 11:30:00,0.4074074074074074,0.5925925925925926
artur daniel,szymon sporek,45,12,3.888888888888889,72.02222222222223,2026-04-03 09:30:00,0.26666666666666666,0.7333333333333334
artur daniel,tomasz filbrand,40,11,4.1,75.675,2026-02-25 16:55:00,0.275,0.725
artur grela,artur grela,26,13,3.6923076923076925,67.3076923076923,2026-04-08 14:30:00,0.5,0.5
artur grela,bartosz czerwinski,22,8,3.8181818181818183,71.86363636363636,2025-12-10 13:25:00,0.36363636363636365,0.6363636363636364
artur grela,damian wederlich,51,16,3.9607843137254903,73.98039215686275,2025-08-15 15:10:00,0.3137254901960784,0.6862745098039216
artur grela,daniel bak,22,6,4.0,75.4090909090909,2024-05-28 11:35:00,0.2727272727272727,0.7272727272727273
artur grela,dawid michna,47,9,4.191489361702128,80.59574468085107,2026-03-09 15:30:00,0.19148936170212766,0.8085106382978724
artur grela,filip mlynarski,39,10,4.102564102564102,78.3076923076923,2025-04-21 01:10:00,0.2564102564102564,0.7435897435897436
artur grela,grzegorz adamiak,21,5,4.238095238095238,80.66666666666667,2026-01-04 16:10:00,0.23809523809523808,0.7619047619047619
artur grela,grzegorz felkel,145,41,4.041379310344827,75.77241379310345,2026-04-16 11:10:00,0.2827586206896552,0.7172413793103448
artur grela,jakub folwarski,39,12,4.102564102564102,76.07692307692308,2026-04-03 11:10:00,0.3076923076923077,0.6923076923076923
artur grela,jakub kosowski,209,77,3.8660287081339715,72.28708133971291,2026-04-16 14:05:00,0.3684210526315789,0.631578947368421
artur grela,jan zandecki,117,25,4.042735042735043,75.22222222222223,2026-04-17 10:00:00,0.21367521367521367,0.7863247863247863
artur grela,josef braun,86,27,4.023255813953488,74.15116279069767,2026-03-20 15:30:00,0.313953488372093,0.686046511627907
artur grela,kacper petas,113,32,4.035398230088496,76.23893805309734,2026-04-16 07:40:00,0.2831858407079646,0.7168141592920354
artur grela,konrad kulpa,20,6,4.1,76.1,2024-11-23 08:15:00,0.3,0.7
artur grela,krzysztof wloczko,38,11,4.0,75.07894736842105,2026-03-16 08:40:00,0.2894736842105263,0.7105263157894737
artur grela,lukasz jarocki,33,10,3.8484848484848486,70.48484848484848,2026-04-16 12:50:00,0.30303030303030304,0.696969696969697
artur grela,maciej nowalinski,40,13,3.975,75.5,2026-04-17 14:30:00,0.325,0.675
artur grela,maksymilian miastowski,73,18,4.082191780821918,78.32876712328768,2026-04-09 13:40:00,0.2465753424657534,0.7534246575342466
artur grela,marcin jadczyk,193,54,3.9274611398963732,72.41450777202073,2026-04-17 11:35:00,0.27979274611398963,0.7202072538860104
artur grela,martin olejnik,123,54,3.845528455284553,72.8048780487805,2026-04-08 13:15:00,0.43902439024390244,0.5609756097560976
artur grela,mateusz golebiowski,185,74,3.7837837837837838,69.99459459459459,2026-02-11 08:55:00,0.4,0.6
artur grela,michal murawski,65,22,3.9076923076923076,73.9076923076923,2026-03-11 13:00:00,0.3384615384615385,0.6615384615384615
artur grela,miroslav sklensky,26,5,4.384615384615385,81.0,2026-01-13 12:05:00,0.19230769230769232,0.8076923076923077
artur grela,patrik klos,96,38,3.7604166666666665,69.89583333333333,2026-04-08 10:00:00,0.3958333333333333,0.6041666666666667
artur grela,patryk lewandowski,39,11,4.051282051282051,77.1025641025641,2026-04-04 14:30:00,0.28205128205128205,0.717948717948718
artur grela,patryk zatowka,20,7,4.0,77.4,2023-07-23 12:50:00,0.35,0.65
artur grela,petr david,146,48,3.9726027397260273,75.3082191780822,2026-04-16 10:00:00,0.3287671232876712,0.6712328767123288
artur grela,piotr chodorski,104,35,3.9423076923076925,74.1826923076923,2026-03-24 12:10:00,0.33653846153846156,0.6634615384615384
artur grela,piotr cyrnek,49,11,4.020408163265306,75.71428571428571,2026-03-20 11:25:00,0.22448979591836735,0.7755102040816326
artur grela,slawomir dosz,60,20,3.933333333333333,73.03333333333333,2025-08-15 13:40:00,0.3333333333333333,0.6666666666666667
artur grela,szymon kolasa,56,13,4.196428571428571,79.44642857142857,2026-04-10 05:15:00,0.23214285714285715,0.7678571428571428
artur grela,tomas martinko,25,5,3.92,71.0,2026-03-02 13:00:00,0.2,0.8
artur grela,tomasz kotowski,43,19,3.813953488372093,70.02325581395348,2024-06-11 15:35:00,0.4418604651162791,0.5581395348837209
artur grela,vladislav ursu,25,10,3.92,73.08,2024-04-08 14:25:00,0.4,0.6
artur kubiak,cezary pawlik,46,16,3.9130434782608696,73.06521739130434,2026-04-11 02:00:00,0.34782608695652173,0.6521739130434783
artur kubiak,dariusz scigany,61,25,3.8852459016393444,72.78688524590164,2025-08-26 01:35:00,0.4098360655737705,0.5901639344262295
artur kubiak,dawid pyrek,23,5,4.130434782608695,76.82608695652173,2025-11-30 01:25:00,0.21739130434782608,0.782608695652174
artur kubiak,henryk tkaczyk,60,14,4.15,78.5,2026-03-27 23:50:00,0.23333333333333334,0.7666666666666666
artur kubiak,jacek oracz,56,13,4.071428571428571,78.125,2026-04-19 01:10:00,0.23214285714285715,0.7678571428571428
artur kubiak,jerzy michalik,46,10,4.086956521739131,79.45652173913044,2026-03-14 23:25:00,0.21739130434782608,0.782608695652174
artur kubiak,lukasz pyda,61,21,3.7868852459016393,69.70491803278688,2026-04-12 00:25:00,0.3442622950819672,0.6557377049180328
artur kubiak,maciej lamer,46,16,3.891304347826087,71.8695652173913,2026-03-14 00:35:00,0.34782608695652173,0.6521739130434783
artur kubiak,marcin wozniczka,32,8,4.15625,77.4375,2026-04-10 22:00:00,0.25,0.75
artur kubiak,marian brunner,26,6,4.0,71.23076923076923,2025-10-10 04:20:00,0.23076923076923078,0.7692307692307692
artur kubiak,michal machelski,28,10,3.9285714285714284,72.42857142857143,2026-02-15 03:45:00,0.35714285714285715,0.6428571428571428
artur kubiak,michal natkaniec,36,10,4.083333333333333,77.22222222222223,2026-04-18 22:00:00,0.2777777777777778,0.7222222222222222
artur kubiak,michal wolny,40,15,3.9,72.4,2026-04-10 22:50:00,0.375,0.625
artur kubiak,miroslaw lewczuk,51,21,3.803921568627451,70.01960784313725,2026-03-28 02:10:00,0.4117647058823529,0.5882352941176471
artur kubiak,miroslaw warzecha,24,9,3.9166666666666665,73.29166666666667,2026-01-30 23:00:00,0.375,0.625
artur kubiak,patryk mecik,26,3,4.269230769230769,82.5,2025-03-13 00:55:00,0.11538461538461539,0.8846153846153846
artur kubiak,pawel chojnacki,20,8,3.8,73.3,2026-04-11 22:50:00,0.4,0.6
artur kubiak,pawel polanski,62,23,3.870967741935484,72.2258064516129,2026-04-19 00:25:00,0.3709677419354839,0.6290322580645161
artur kubiak,waldemar glanowski,46,21,3.6956521739130435,70.65217391304348,2026-01-17 01:25:00,0.45652173913043476,0.5434782608695652
artur kubiak,zbigniew nocun,44,13,3.977272727272727,74.1590909090909,2026-03-28 23:45:00,0.29545454545454547,0.7045454545454546
artur sobel,artur szoltysek,27,7,3.962962962962963,74.07407407407408,2026-02-09 10:25:00,0.25925925925925924,0.7407407407407407
artur sobel,bartlomiej wisniewski,20,5,4.0,72.1,2023-12-19 18:40:00,0.25,0.75
artur sobel,bartosz kwodawski,43,16,3.7906976744186047,69.86046511627907,2025-12-30 14:30:00,0.37209302325581395,0.627906976744186
artur sobel,daniel murawski,21,3,4.285714285714286,82.42857142857143,2026-04-10 19:40:00,0.14285714285714285,0.8571428571428572
artur sobel,dawid kotwica,49,18,3.9183673469387754,72.08163265306122,2026-04-06 15:00:00,0.3673469387755102,0.6326530612244898
artur sobel,filip kujawa,55,14,4.0181818181818185,77.47272727272727,2026-04-13 04:30:00,0.2545454545454545,0.7454545454545455
artur sobel,frantisek krcil,32,9,4.0,73.28125,2025-09-23 14:40:00,0.28125,0.71875
artur sobel,grzegorz poliniewicz,122,28,4.081967213114754,77.40163934426229,2026-03-30 06:30:00,0.22950819672131148,0.7704918032786885
artur sobel,igor dabrowski,43,16,3.9069767441860463,72.55813953488372,2026-04-13 09:25:00,0.37209302325581395,0.627906976744186
artur sobel,jakub glanowski,61,14,4.163934426229508,83.45901639344262,2026-03-16 11:10:00,0.22950819672131148,0.7704918032786885
artur sobel,jakub wozniak,68,32,3.7058823529411766,69.47058823529412,2026-02-27 20:40:00,0.47058823529411764,0.5294117647058824
artur sobel,jakub zochniak,100,25,4.13,80.05,2026-04-06 19:20:00,0.25,0.75
artur sobel,kamil rudomina,74,18,4.1891891891891895,80.87837837837837,2026-04-13 18:10:00,0.24324324324324326,0.7567567567567568
artur sobel,karol strowski,25,2,4.44,85.32,2025-04-21 09:50:00,0.08,0.92
artur sobel,krzysztof kotyl,63,8,4.412698412698413,85.25396825396825,2026-03-06 09:10:00,0.12698412698412698,0.873015873015873
artur sobel,lukasz pietraszko,160,41,4.13125,78.6,2026-04-13 19:40:00,0.25625,0.74375
artur sobel,maciej makajew,23,5,4.130434782608695,78.17391304347827,2026-03-27 19:30:00,0.21739130434782608,0.782608695652174
artur sobel,marcin balcerzak,46,10,4.1521739130434785,78.80434782608695,2026-04-13 11:00:00,0.21739130434782608,0.782608695652174
artur sobel,mateusz misiak,98,38,3.877551020408163,71.59183673469387,2026-04-13 18:55:00,0.3877551020408163,0.6122448979591837
artur sobel,michal minda,162,42,4.08641975308642,78.20987654320987,2026-04-13 07:45:00,0.25925925925925924,0.7407407407407407
artur sobel,milosz piecowski,37,7,4.1891891891891895,78.70270270270271,2026-03-30 15:25:00,0.1891891891891892,0.8108108108108107
artur sobel,przemyslaw blocho,31,8,4.064516129032258,73.70967741935483,2026-03-23 04:25:00,0.25806451612903225,0.7419354838709677
artur sobel,szymon radlo,75,15,4.053333333333334,78.76,2026-01-27 09:10:00,0.2,0.8
artur sobel,szymon seroka,22,7,3.8636363636363638,73.27272727272727,2025-03-25 12:50:00,0.3181818181818182,0.6818181818181819
artur sobel,tomasz filbrand,39,10,4.051282051282051,78.02564102564102,2025-10-06 17:20:00,0.2564102564102564,0.7435897435897436
artur sobel,wojciech gluszek,129,43,3.9302325581395348,72.8062015503876,2026-03-30 19:40:00,0.3333333333333333,0.6666666666666667
artur sobel,wojciech gronowski,25,9,3.88,72.52,2026-03-23 11:10:00,0.36,0.64
artur szoltysek,bartlomiej mleczko,22,7,3.9545454545454546,74.4090909090909,2026-02-28 11:20:00,0.3181818181818182,0.6818181818181819
artur szoltysek,dawid poloszczanski,34,10,3.9411764705882355,75.91176470588235,2026-04-18 14:20:00,0.29411764705882354,0.7058823529411764
artur szoltysek,filip jablonski,22,4,4.2272727272727275,79.72727272727273,2026-04-04 14:45:00,0.18181818181818182,0.8181818181818181
artur szoltysek,jacek przewlocki,20,2,4.2,78.65,2026-04-07 09:25:00,0.1,0.9
artur szoltysek,maciej sinitsky,34,2,4.294117647058823,80.6470588235294,2026-03-15 15:20:00,0.058823529411764705,0.9411764705882353
artur szoltysek,marek kowol,20,5,4.1,77.6,2026-03-07 14:10:00,0.25,0.75
artur szoltysek,mariusz zwolinski,60,12,4.25,79.41666666666667,2026-03-28 15:20:00,0.2,0.8
artur szoltysek,mateusz misiak,24,6,3.9583333333333335,76.0,2025-12-30 18:45:00,0.25,0.75
artur szoltysek,piotr staniszewski,37,9,4.243243243243243,79.86486486486487,2026-03-15 12:00:00,0.24324324324324326,0.7567567567567568
artur szoltysek,tadeusz piotrowski,75,15,4.1866666666666665,77.45333333333333,2026-03-28 12:50:00,0.2,0.8
bartek sulkowski,jakub zochniak,27,9,3.925925925925926,72.44444444444444,2026-04-14 16:15:00,0.3333333333333333,0.6666666666666667
bartek sulkowski,maciej kolek,39,8,3.923076923076923,74.97435897435898,2026-04-12 10:40:00,0.20512820512820512,0.7948717948717949
bartek sulkowski,mateusz misiak,28,10,3.892857142857143,73.71428571428571,2026-04-14 18:55:00,0.35714285714285715,0.6428571428571428
bartek sulkowski,michal minda,23,6,3.9130434782608696,74.91304347826087,2026-04-15 12:40:00,0.2608695652173913,0.7391304347826086
bartek sulkowski,szymon brud,20,4,4.1,75.65,2026-03-23 01:20:00,0.2,0.8
bartlomiej gala,bartlomiej wisniewski,28,5,4.107142857142857,78.17857142857143,2025-02-04 04:10:00,0.17857142857142858,0.8214285714285714
bartlomiej gala,dawid gala,59,6,4.135593220338983,79.13559322033899,2025-02-14 23:20:00,0.1016949152542373,0.8983050847457628
bartlomiej gala,marcin kowalczyk,21,7,3.857142857142857,68.61904761904762,2025-02-15 02:10:00,0.3333333333333333,0.6666666666666667
bartlomiej gala,mariusz koczyba,25,9,3.8,68.4,2025-02-15 04:35:00,0.36,0.64
bartlomiej gala,michal skorski,22,6,4.090909090909091,77.31818181818181,2024-12-27 00:10:00,0.2727272727272727,0.7272727272727273
bartlomiej gala,tomasz lojtek,28,3,4.357142857142857,83.28571428571429,2025-02-10 20:30:00,0.10714285714285714,0.8928571428571429
bartlomiej mleczko,daniel murawski,49,13,4.122448979591836,78.28571428571429,2026-01-18 07:05:00,0.2653061224489796,0.7346938775510203
bartlomiej mleczko,dawid kotwica,77,22,4.103896103896104,75.64935064935065,2026-04-12 19:45:00,0.2857142857142857,0.7142857142857143
bartlomiej mleczko,dawid poloszczanski,62,26,3.774193548387097,72.2741935483871,2026-03-22 13:35:00,0.41935483870967744,0.5806451612903225
bartlomiej mleczko,filip kujawa,33,10,4.0,77.3030303030303,2026-04-18 03:55:00,0.30303030303030304,0.696969696969697
bartlomiej mleczko,gracjan kesic,22,5,4.045454545454546,76.27272727272727,2026-04-12 10:20:00,0.22727272727272727,0.7727272727272727
bartlomiej mleczko,grzegorz poliniewicz,33,7,4.2727272727272725,80.84848484848484,2026-04-18 08:20:00,0.21212121212121213,0.7878787878787878
bartlomiej mleczko,igor dabrowski,28,5,4.142857142857143,78.64285714285714,2026-04-12 07:10:00,0.17857142857142858,0.8214285714285714
bartlomiej mleczko,jakub glanowski,47,13,4.148936170212766,79.57446808510639,2026-03-29 12:20:00,0.2765957446808511,0.7234042553191489
bartlomiej mleczko,jakub zochniak,47,16,3.8297872340425534,72.40425531914893,2026-04-18 10:20:00,0.3404255319148936,0.6595744680851063
bartlomiej mleczko,jaroslaw rolak,21,7,3.9047619047619047,72.42857142857143,2026-01-25 00:45:00,0.3333333333333333,0.6666666666666667
bartlomiej mleczko,kamil rudomina,50,11,4.16,78.64,2026-04-18 11:55:00,0.22,0.78
bartlomiej mleczko,krzysztof kotyl,23,9,3.869565217391304,72.17391304347827,2026-03-14 16:55:00,0.391304347826087,0.6086956521739131
bartlomiej mleczko,maciej sinitsky,49,16,3.795918367346939,70.06122448979592,2026-03-22 12:20:00,0.32653061224489793,0.6734693877551021
bartlomiej mleczko,marchlewski kacper,26,13,3.6538461538461537,68.07692307692308,2025-11-22 10:50:00,0.5,0.5
bartlomiej mleczko,marcin marchlewski,35,10,4.0285714285714285,77.71428571428571,2026-04-18 14:45:00,0.2857142857142857,0.7142857142857143
bartlomiej mleczko,mateusz misiak,54,20,3.9074074074074074,72.75925925925925,2026-04-12 15:30:00,0.37037037037037035,0.6296296296296297
bartlomiej mleczko,michal minda,34,10,4.0,78.55882352941177,2026-04-12 04:35:00,0.29411764705882354,0.7058823529411764
bartlomiej mleczko,milosz piecowski,32,7,4.15625,78.59375,2026-03-14 18:00:00,0.21875,0.78125
bartlomiej mleczko,miroslaw piecowski,25,8,3.92,73.56,2026-01-25 01:10:00,0.32,0.6799999999999999
bartlomiej mleczko,piotr maruszak,40,15,3.8,72.4,2026-01-25 08:55:00,0.375,0.625
bartlomiej mleczko,piotr staniszewski,27,12,3.6666666666666665,68.88888888888889,2026-03-22 05:10:00,0.4444444444444444,0.5555555555555556
bartlomiej mleczko,sebastian baran,52,18,4.0,74.46153846153847,2026-04-12 16:20:00,0.34615384615384615,0.6538461538461539
bartlomiej mleczko,szymon radlo,43,11,4.0,76.6046511627907,2026-01-05 07:40:00,0.2558139534883721,0.7441860465116279
bartlomiej mleczko,tadeusz piotrowski,45,15,3.933333333333333,73.06666666666666,2026-01-18 07:55:00,0.3333333333333333,0.6666666666666667
bartlomiej mleczko,wojciech gluszek,43,17,3.9069767441860463,73.83720930232558,2026-04-12 18:35:00,0.3953488372093023,0.6046511627906976
bartlomiej mrugala,jaroslaw rolak,35,7,4.0285714285714285,74.28571428571429,2026-04-16 16:25:00,0.2,0.8
bartlomiej mrugala,kuba golaszewski,38,11,4.0,78.07894736842105,2026-04-16 20:40:00,0.2894736842105263,0.7105263157894737
bartlomiej mrugala,marcin kowalczyk,43,20,3.7209302325581395,69.37209302325581,2026-04-16 19:30:00,0.46511627906976744,0.5348837209302326
bartlomiej mrugala,stanislaw wnek,36,12,3.8055555555555554,73.13888888888889,2026-04-16 17:05:00,0.3333333333333333,0.6666666666666667
bartlomiej pacia,daniel morawiec,45,20,3.8222222222222224,71.73333333333333,2026-03-07 14:55:00,0.4444444444444444,0.5555555555555556
bartlomiej pacia,filip witczak,36,6,4.194444444444445,80.63888888888889,2026-04-19 13:30:00,0.16666666666666666,0.8333333333333334
bartlomiej pacia,mista sylwester,49,15,3.9591836734693877,73.26530612244898,2026-01-18 16:55:00,0.30612244897959184,0.6938775510204082
bartlomiej pacia,patryk jedrzejak,32,12,3.96875,73.5625,2026-03-07 17:20:00,0.375,0.625
bartlomiej pacia,rafal wojcik,27,10,3.8518518518518516,72.29629629629629,2026-03-22 13:45:00,0.37037037037037035,0.6296296296296297
bartlomiej pacia,witold buczynski,21,6,3.9523809523809526,73.61904761904762,2026-04-19 10:40:00,0.2857142857142857,0.7142857142857143
bartlomiej wisniewski,blazej szczepanek,241,73,3.95850622406639,76.46058091286307,2025-06-14 16:15:00,0.3029045643153527,0.6970954356846473
bartlomiej wisniewski,dariusz wrobel,59,14,4.084745762711864,77.77966101694915,2026-02-21 06:15:00,0.23728813559322035,0.7627118644067796
bartlomiej wisniewski,dawid gala,27,10,3.8518518518518516,76.70370370370371,2024-12-27 03:50:00,0.37037037037037035,0.6296296296296297
bartlomiej wisniewski,dawid kotwica,53,18,3.943396226415094,73.54716981132076,2026-04-09 11:45:00,0.33962264150943394,0.6603773584905661
bartlomiej wisniewski,dawid poloszczanski,30,5,3.966666666666667,76.9,2026-04-19 09:00:00,0.16666666666666666,0.8333333333333334
bartlomiej wisniewski,igor dabrowski,93,22,4.064516129032258,77.60215053763442,2026-04-16 12:10:00,0.23655913978494625,0.7634408602150538
bartlomiej wisniewski,jacek przewlocki,63,21,3.9206349206349205,75.4920634920635,2026-04-13 09:20:00,0.3333333333333333,0.6666666666666667
bartlomiej wisniewski,jakub grzegorczyk,228,70,3.9035087719298245,73.41228070175438,2025-02-05 23:45:00,0.30701754385964913,0.6929824561403508
bartlomiej wisniewski,jaroslaw rolak,343,74,4.058309037900875,79.13119533527697,2026-04-12 01:00:00,0.21574344023323616,0.7842565597667639
bartlomiej wisniewski,kacper nagel,42,4,4.428571428571429,87.85714285714286,2026-04-03 11:20:00,0.09523809523809523,0.9047619047619048
bartlomiej wisniewski,kacper slawinski,133,55,3.7593984962406015,70.59398496240601,2026-02-04 01:20:00,0.41353383458646614,0.5864661654135339
bartlomiej wisniewski,krystian gaik,56,12,4.178571428571429,78.28571428571429,2026-01-03 10:00:00,0.21428571428571427,0.7857142857142857
bartlomiej wisniewski,krzysztof kotyl,243,45,4.172839506172839,81.16460905349794,2026-04-16 04:35:00,0.18518518518518517,0.8148148148148149
bartlomiej wisniewski,krzysztof pawlowski,49,14,3.9591836734693877,76.91836734693878,2025-10-07 17:05:00,0.2857142857142857,0.7142857142857143
bartlomiej wisniewski,marchlewski kacper,27,5,4.111111111111111,78.11111111111111,2026-03-21 19:55:00,0.18518518518518517,0.8148148148148149
bartlomiej wisniewski,marcin kowalczyk,52,26,3.7115384615384617,70.4423076923077,2025-04-28 22:45:00,0.5,0.5
bartlomiej wisniewski,mariusz koczyba,128,41,3.9765625,73.234375,2025-04-02 18:40:00,0.3203125,0.6796875
bartlomiej wisniewski,mateusz burkacki,217,59,4.009216589861751,76.36866359447005,2025-11-24 06:25:00,0.271889400921659,0.728110599078341
bartlomiej wisniewski,mateusz trela,193,62,3.8963730569948187,74.35233160621762,2026-04-19 07:20:00,0.32124352331606215,0.6787564766839378
bartlomiej wisniewski,michal skorski,197,36,4.091370558375634,79.49746192893402,2026-04-16 09:20:00,0.18274111675126903,0.817258883248731
bartlomiej wisniewski,mikolaj lukaszewski,76,19,4.0131578947368425,78.34210526315789,2026-04-16 13:25:00,0.25,0.75
bartlomiej wisniewski,miroslaw piecowski,41,8,4.195121951219512,77.60975609756098,2026-04-14 14:15:00,0.1951219512195122,0.8048780487804879
bartlomiej wisniewski,oskar jadach,32,16,3.65625,68.90625,2025-04-28 01:05:00,0.5,0.5
bartlomiej wisniewski,piotr staniszewski,50,10,4.1,79.54,2026-04-10 21:10:00,0.2,0.8
bartlomiej wisniewski,piotr strus,69,19,3.927536231884058,74.23188405797102,2026-04-19 04:30:00,0.2753623188405797,0.7246376811594203
bartlomiej wisniewski,przemyslaw blocho,34,9,4.117647058823529,75.44117647058823,2026-03-30 07:05:00,0.2647058823529412,0.7352941176470589
bartlomiej wisniewski,przemyslaw korzec,20,7,3.65,66.1,2024-07-25 17:10:00,0.35,0.65
bartlomiej wisniewski,stanislaw wnek,57,15,3.982456140350877,76.0701754385965,2026-04-16 10:55:00,0.2631578947368421,0.736842105263158
bartlomiej wisniewski,tomasz lojtek,76,18,4.078947368421052,75.88157894736842,2025-06-18 18:20:00,0.23684210526315788,0.7631578947368421
bartlomiej wisniewski,wojciech gluszek,70,24,3.914285714285714,74.57142857142857,2026-04-10 16:00:00,0.34285714285714286,0.6571428571428571
bartlomiej wisniewski,wojciech iwasyszyn,160,40,4.025,77.875,2026-04-14 11:45:00,0.25,0.75
bartlomiej wisniewski,wojciech kotyl,59,11,4.11864406779661,82.16949152542372,2025-11-03 10:00:00,0.1864406779661017,0.8135593220338984
bartosz czerwinski,damian korczak,80,27,3.9375,74.1,2024-06-06 09:15:00,0.3375,0.6625
bartosz czerwinski,damian wojdyla,151,42,4.039735099337748,77.10596026490066,2025-04-07 05:20:00,0.2781456953642384,0.7218543046357616
bartosz czerwinski,daniel lis,42,13,3.9761904761904763,72.69047619047619,2025-12-30 04:30:00,0.30952380952380953,0.6904761904761905
bartosz czerwinski,dawid michna,40,6,4.375,86.25,2025-12-26 19:35:00,0.15,0.85
bartosz czerwinski,filip mlynarski,144,48,3.9444444444444446,71.38194444444444,2025-04-07 03:30:00,0.3333333333333333,0.6666666666666667
bartosz czerwinski,frantisek krcil,70,27,3.842857142857143,72.87142857142857,2026-01-15 10:30:00,0.38571428571428573,0.6142857142857143
bartosz czerwinski,grzegorz adamiak,120,32,4.091666666666667,76.41666666666667,2025-12-21 05:20:00,0.26666666666666666,0.7333333333333334
bartosz czerwinski,grzegorz felkel,71,42,3.5774647887323945,64.45070422535211,2025-12-10 12:35:00,0.5915492957746479,0.4084507042253521
bartosz czerwinski,grzegorz poliniewicz,80,19,4.1375,79.0875,2026-01-16 12:30:00,0.2375,0.7625
bartosz czerwinski,jakub kosowski,31,13,3.903225806451613,71.51612903225806,2025-12-07 13:50:00,0.41935483870967744,0.5806451612903225
bartosz czerwinski,jakub kwapis,32,6,4.25,81.6875,2025-12-26 10:05:00,0.1875,0.8125
bartosz czerwinski,jakub maslowski,41,8,4.097560975609756,77.8048780487805,2025-10-09 09:05:00,0.1951219512195122,0.8048780487804879
bartosz czerwinski,jakub witkowski,35,10,4.171428571428572,82.0,2025-12-11 10:30:00,0.2857142857142857,0.7142857142857143
bartosz czerwinski,jan zandecki,28,9,3.9642857142857144,75.85714285714286,2025-12-26 16:30:00,0.32142857142857145,0.6785714285714286
bartosz czerwinski,josef braun,51,21,3.8627450980392157,69.88235294117646,2025-12-14 14:15:00,0.4117647058823529,0.5882352941176471
bartosz czerwinski,kacper glazowski,55,16,3.981818181818182,75.96363636363637,2026-03-03 12:05:00,0.2909090909090909,0.7090909090909091
bartosz czerwinski,kacper petas,67,18,3.985074626865672,75.55223880597015,2025-11-05 15:00:00,0.26865671641791045,0.7313432835820896
bartosz czerwinski,karol strowski,42,12,4.0,76.0,2026-03-03 12:55:00,0.2857142857142857,0.7142857142857143
bartosz czerwinski,karol wisniewski,91,17,4.230769230769231,82.20879120879121,2026-03-02 06:20:00,0.18681318681318682,0.8131868131868132
bartosz czerwinski,konrad staszczyk,26,9,4.115384615384615,78.07692307692308,2024-02-04 23:20:00,0.34615384615384615,0.6538461538461539
bartosz czerwinski,krystian kolodziej,65,31,3.723076923076923,66.84615384615384,2025-11-04 19:15:00,0.47692307692307695,0.523076923076923
bartosz czerwinski,krzysztof kapik,134,31,4.119402985074627,77.57462686567165,2026-01-16 08:10:00,0.23134328358208955,0.7686567164179104
bartosz czerwinski,krzysztof wloczko,192,64,3.90625,73.296875,2026-03-02 08:55:00,0.3333333333333333,0.6666666666666667
bartosz czerwinski,lukasz jarocki,258,69,4.073643410852713,76.93410852713178,2026-03-03 15:25:00,0.26744186046511625,0.7325581395348837
bartosz czerwinski,lukasz nadolski,30,8,4.0,73.83333333333333,2025-11-24 04:30:00,0.26666666666666666,0.7333333333333334
bartosz czerwinski,maciej nowalinski,83,24,4.048192771084337,76.3132530120482,2026-01-14 11:40:00,0.2891566265060241,0.7108433734939759
bartosz czerwinski,maciej podsiadlo,136,31,4.1911764705882355,78.5220588235294,2024-09-12 10:25:00,0.22794117647058823,0.7720588235294118
bartosz czerwinski,maksymilian miastowski,60,12,4.266666666666667,81.11666666666666,2026-03-03 13:45:00,0.2,0.8
bartosz czerwinski,marcin balcerzak,111,40,3.8378378378378377,72.12612612612612,2026-01-19 08:10:00,0.36036036036036034,0.6396396396396397
bartosz czerwinski,marcin jadczyk,74,33,3.7837837837837838,68.48648648648648,2026-01-12 08:55:00,0.44594594594594594,0.5540540540540541
bartosz czerwinski,marcin litwiniuk,31,14,3.838709677419355,69.74193548387096,2025-04-03 14:00:00,0.45161290322580644,0.5483870967741935
bartosz czerwinski,mateusz golebiowski,85,57,3.4235294117647057,61.023529411764706,2025-12-21 09:50:00,0.6705882352941176,0.3294117647058824
bartosz czerwinski,michal galas,23,5,4.130434782608695,77.78260869565217,2023-05-31 08:30:00,0.21739130434782608,0.782608695652174
bartosz czerwinski,michal malachowski,57,15,4.105263157894737,78.71929824561404,2026-01-19 04:05:00,0.2631578947368421,0.736842105263158
bartosz czerwinski,michal murawski,238,82,3.899159663865546,74.65966386554622,2025-12-14 15:50:00,0.3445378151260504,0.6554621848739496
bartosz czerwinski,miroslav sklensky,158,58,3.9050632911392404,71.5886075949367,2026-03-03 10:55:00,0.3670886075949367,0.6329113924050633
bartosz czerwinski,patrik klos,23,12,3.6956521739130435,66.04347826086956,2025-12-12 06:15:00,0.5217391304347826,0.4782608695652174
bartosz czerwinski,petr david,23,10,3.739130434782609,66.26086956521739,2025-12-10 11:00:00,0.43478260869565216,0.5652173913043479
bartosz czerwinski,piotr chlodnicki,66,19,4.121212121212121,77.84848484848484,2025-07-30 04:15:00,0.2878787878787879,0.7121212121212122
bartosz czerwinski,rutkowski mateusz,38,10,3.8947368421052633,72.89473684210526,2026-01-16 13:45:00,0.2631578947368421,0.736842105263158
bartosz czerwinski,slawomir dosz,25,8,3.96,73.48,2025-01-13 05:35:00,0.32,0.6799999999999999
bartosz czerwinski,szymon kolasa,40,5,4.325,84.675,2025-07-09 08:20:00,0.125,0.875
bartosz czerwinski,szymon seroka,56,23,3.8214285714285716,72.39285714285714,2025-04-07 04:15:00,0.4107142857142857,0.5892857142857143
bartosz czerwinski,szymon sporek,37,12,3.891891891891892,72.89189189189189,2025-12-26 17:20:00,0.32432432432432434,0.6756756756756757
bartosz czerwinski,tomasz filbrand,46,14,4.086956521739131,79.28260869565217,2025-12-28 20:05:00,0.30434782608695654,0.6956521739130435
bartosz kwodawski,dawid kotwica,23,7,3.869565217391304,72.17391304347827,2026-03-15 21:10:00,0.30434782608695654,0.6956521739130435
bartosz kwodawski,grzegorz poliniewicz,33,11,3.8181818181818183,70.27272727272727,2026-03-21 13:45:00,0.3333333333333333,0.6666666666666667
bartosz kwodawski,jakub glanowski,20,10,3.7,68.4,2025-12-06 18:00:00,0.5,0.5
bartosz kwodawski,jakub wozniak,29,14,3.7241379310344827,68.79310344827586,2026-02-21 16:30:00,0.4827586206896552,0.5172413793103448
bartosz kwodawski,jakub zochniak,31,13,3.806451612903226,71.0,2026-04-18 14:00:00,0.41935483870967744,0.5806451612903225
bartosz kwodawski,kamil rudomina,35,13,3.942857142857143,72.05714285714286,2026-04-18 09:55:00,0.37142857142857144,0.6285714285714286
bartosz kwodawski,krzysztof kapik,24,10,3.8333333333333335,72.45833333333333,2024-08-08 09:00:00,0.4166666666666667,0.5833333333333333
bartosz kwodawski,lukasz pietraszko,35,17,3.7714285714285714,69.94285714285714,2025-11-17 18:45:00,0.4857142857142857,0.5142857142857142
bartosz kwodawski,mateusz misiak,38,10,4.184210526315789,77.6842105263158,2026-04-11 15:30:00,0.2631578947368421,0.736842105263158
bartosz kwodawski,michal minda,41,16,3.8780487804878048,72.85365853658537,2026-03-15 19:35:00,0.3902439024390244,0.6097560975609756
bartosz kwodawski,szymon radlo,42,7,4.095238095238095,79.26190476190476,2026-01-31 17:35:00,0.16666666666666666,0.8333333333333334
bartosz kwodawski,szymon seroka,25,12,3.6,67.4,2025-04-16 16:35:00,0.48,0.52
bartosz kwodawski,wojciech gluszek,55,17,4.0181818181818185,74.41818181818182,2026-04-11 19:45:00,0.3090909090909091,0.6909090909090909
blazej cioch,dawid kotwica,83,30,3.927710843373494,73.07228915662651,2026-04-06 00:15:00,0.3614457831325301,0.6385542168674698
blazej cioch,dawid poloszczanski,30,12,3.933333333333333,75.43333333333334,2025-09-06 00:35:00,0.4,0.6
blazej cioch,filip kujawa,31,9,3.967741935483871,76.93548387096774,2026-03-25 00:45:00,0.2903225806451613,0.7096774193548387
blazej cioch,grzegorz poliniewicz,34,13,3.9411764705882355,76.11764705882354,2025-06-03 18:30:00,0.38235294117647056,0.6176470588235294
blazej cioch,jakub glanowski,24,4,4.333333333333333,80.58333333333333,2026-04-05 15:05:00,0.16666666666666666,0.8333333333333334
blazej cioch,jakub wozniak,25,9,3.84,69.96,2025-10-08 00:35:00,0.36,0.64
blazej cioch,jakub zochniak,51,24,3.6862745098039214,69.43137254901961,2026-04-05 17:50:00,0.47058823529411764,0.5294117647058824
blazej cioch,kamil rudomina,43,8,4.116279069767442,77.81395348837209,2025-08-06 00:35:00,0.18604651162790697,0.813953488372093
blazej cioch,krzysztof kotyl,27,16,3.5925925925925926,66.37037037037037,2025-04-21 18:55:00,0.5925925925925926,0.40740740740740744
blazej cioch,mateusz misiak,109,45,3.871559633027523,73.37614678899082,2026-04-11 20:35:00,0.41284403669724773,0.5871559633027523
blazej cioch,michal minda,41,11,4.024390243902439,75.6829268292683,2026-03-10 20:20:00,0.2682926829268293,0.7317073170731707
blazej cioch,piotr maruszak,22,8,3.8181818181818183,71.45454545454545,2025-09-12 18:55:00,0.36363636363636365,0.6363636363636364
blazej cioch,przemyslaw blocho,46,14,3.9130434782608696,72.04347826086956,2026-03-11 02:00:00,0.30434782608695654,0.6956521739130435
blazej cioch,sebastian baran,43,22,3.697674418604651,67.95348837209302,2025-09-05 23:45:00,0.5116279069767442,0.4883720930232558
blazej cioch,szymon radlo,47,15,4.0638297872340425,79.65957446808511,2025-04-15 00:10:00,0.3191489361702128,0.6808510638297872
blazej cioch,wojciech gluszek,28,8,4.035714285714286,74.60714285714286,2026-04-11 19:00:00,0.2857142857142857,0.7142857142857143
blazej szczepanek,igor dabrowski,21,8,3.761904761904762,70.42857142857143,2024-11-29 00:35:00,0.38095238095238093,0.6190476190476191
blazej szczepanek,jakub grzegorczyk,152,31,4.052631578947368,79.01315789473684,2024-12-05 00:10:00,0.20394736842105263,0.7960526315789473
blazej szczepanek,jakub kaczmarek,33,12,3.8181818181818183,73.87878787878788,2024-09-23 10:40:00,0.36363636363636365,0.6363636363636364
blazej szczepanek,jakub nowak,21,4,4.190476190476191,82.47619047619048,2023-12-21 07:40:00,0.19047619047619047,0.8095238095238095
blazej szczepanek,jaroslaw rolak,113,53,3.7610619469026547,69.65486725663717,2025-06-14 17:20:00,0.4690265486725664,0.5309734513274336
blazej szczepanek,kacper slawinski,94,23,3.978723404255319,76.91489361702128,2025-06-15 09:00:00,0.24468085106382978,0.7553191489361702
blazej szczepanek,krystian gaik,20,4,4.1,78.65,2025-06-14 13:00:00,0.2,0.8
blazej szczepanek,krzysztof kotyl,64,17,3.921875,76.125,2025-05-19 02:10:00,0.265625,0.734375
blazej szczepanek,marcin kowalczyk,20,8,3.75,71.5,2024-12-27 23:20:00,0.4,0.6
blazej szczepanek,mariusz baron,25,11,3.68,69.72,2024-09-18 16:40:00,0.44,0.56
blazej szczepanek,mariusz koczyba,76,19,4.144736842105263,78.65789473684211,2024-12-28 02:35:00,0.25,0.75
blazej szczepanek,mateusz burkacki,101,29,4.0,77.54455445544555,2025-06-15 17:45:00,0.2871287128712871,0.7128712871287128
blazej szczepanek,mateusz trela,54,25,3.6666666666666665,71.33333333333333,2024-12-21 04:35:00,0.46296296296296297,0.537037037037037
blazej szczepanek,michal skorski,71,16,4.112676056338028,79.26760563380282,2025-05-19 00:35:00,0.22535211267605634,0.7746478873239436
blazej szczepanek,oskar jadach,24,7,4.0,78.04166666666667,2024-09-20 11:55:00,0.2916666666666667,0.7083333333333333
blazej szczepanek,schaniel krzysztof,31,5,4.258064516129032,82.58064516129032,2024-09-20 13:10:00,0.16129032258064516,0.8387096774193549
blazej szczepanek,tomasz lojtek,55,8,4.109090909090909,78.05454545454545,2024-12-28 01:50:00,0.14545454545454545,0.8545454545454545
blazej szczepanek,witold buczynski,20,1,4.4,82.9,2024-09-10 12:45:00,0.05,0.95
blazej szczepanek,wojciech iwasyszyn,51,8,4.078431372549019,79.17647058823529,2024-12-23 03:50:00,0.1568627450980392,0.8431372549019608
blazej szczepanek,yurij fomin,20,2,4.3,81.65,2024-09-23 12:20:00,0.1,0.9
blazej warpas,jaroslaw rolak,31,14,3.7419354838709675,71.51612903225806,2026-04-17 00:45:00,0.45161290322580644,0.5483870967741935
blazej warpas,milosz kukawka,29,13,3.689655172413793,70.6896551724138,2026-04-15 11:10:00,0.4482758620689655,0.5517241379310345
boguslaw madej,kacper adamus,42,16,3.857142857142857,72.28571428571429,2026-03-31 12:20:00,0.38095238095238093,0.6190476190476191
boguslaw madej,maksymilian rus,22,2,4.5,87.81818181818181,2026-03-31 14:20:00,0.09090909090909091,0.9090909090909091
cezary pawlik,jacek oracz,26,11,3.769230769230769,70.26923076923077,2026-04-18 01:10:00,0.4230769230769231,0.5769230769230769
cezary pawlik,lukasz pyda,28,9,4.035714285714286,74.14285714285714,2026-04-04 00:25:00,0.32142857142857145,0.6785714285714286
cezary pawlik,michal natkaniec,22,9,3.772727272727273,67.86363636363636,2026-03-28 01:45:00,0.4090909090909091,0.5909090909090908
cezary pawlik,michal wolny,20,7,4.1,74.8,2026-04-18 02:00:00,0.35,0.65
cezary pawlik,pawel polanski,33,13,3.757575757575758,70.21212121212122,2026-01-23 22:10:00,0.3939393939393939,0.6060606060606061
damian fira,grzegorz sawicki,38,16,3.9210526315789473,74.34210526315789,2026-04-19 02:20:00,0.42105263157894735,0.5789473684210527
damian fira,jakub michalski,82,38,3.682926829268293,68.82926829268293,2026-04-19 01:30:00,0.4634146341463415,0.5365853658536586
damian fira,jakub nowak,31,7,4.225806451612903,83.29032258064517,2026-04-05 04:40:00,0.22580645161290322,0.7741935483870968
damian fira,krzysztof juszczyk,85,21,4.117647058823529,77.96470588235294,2026-02-15 02:55:00,0.24705882352941178,0.7529411764705882
damian fira,oskar jadach,25,8,4.0,75.0,2026-02-15 05:40:00,0.32,0.6799999999999999
damian fira,piotr gumulinski,20,6,4.0,76.65,2026-03-01 00:30:00,0.3,0.7
damian fira,robert szymik,58,23,3.8793103448275863,73.10344827586206,2026-04-19 03:05:00,0.39655172413793105,0.603448275862069
damian fira,roman wiza,117,30,4.111111111111111,79.68376068376068,2026-04-19 00:20:00,0.2564102564102564,0.7435897435897436
damian fira,sebastian szostok,33,15,3.8484848484848486,70.84848484848484,2025-07-27 05:05:00,0.45454545454545453,0.5454545454545454
damian korczak,damian wojdyla,101,50,3.722772277227723,69.05940594059406,2024-06-17 12:40:00,0.49504950495049505,0.504950495049505
damian korczak,filip mlynarski,45,21,3.7777777777777777,66.84444444444445,2024-06-17 15:00:00,0.4666666666666667,0.5333333333333333
damian korczak,grzegorz felkel,32,15,3.75,65.75,2024-05-02 17:30:00,0.46875,0.53125
damian korczak,konrad staszczyk,41,20,3.7560975609756095,71.14634146341463,2024-03-20 18:35:00,0.4878048780487805,0.5121951219512195
damian korczak,krystian kolodziej,82,42,3.6219512195121952,64.90243902439025,2024-06-19 21:05:00,0.5121951219512195,0.4878048780487805
damian korczak,krzysztof kapik,100,43,3.88,72.9,2024-06-18 09:00:00,0.43,0.5700000000000001
damian korczak,krzysztof wloczko,23,12,3.608695652173913,65.3913043478261,2024-06-19 18:45:00,0.5217391304347826,0.4782608695652174
damian korczak,lukasz jarocki,153,54,3.8823529411764706,72.16339869281046,2024-06-19 17:55:00,0.35294117647058826,0.6470588235294117
damian korczak,maciej podsiadlo,64,35,3.625,65.328125,2024-06-17 05:15:00,0.546875,0.453125
damian korczak,marcin jadczyk,31,15,3.6129032258064515,64.74193548387096,2024-04-11 15:00:00,0.4838709677419355,0.5161290322580645
damian korczak,mateusz rutkowski,20,5,4.0,75.65,2023-04-21 08:10:00,0.25,0.75
damian korczak,michal galas,44,14,3.977272727272727,73.0,2023-05-22 15:10:00,0.3181818181818182,0.6818181818181819
damian korczak,michal murawski,98,48,3.704081632653061,69.04081632653062,2024-03-13 17:15:00,0.4897959183673469,0.5102040816326531
damian korczak,piotr chlodnicki,46,16,3.8260869565217392,73.26086956521739,2024-05-29 07:15:00,0.34782608695652173,0.6521739130434783
damian korczak,radoslaw chrzescian,28,7,4.107142857142857,77.53571428571429,2024-06-16 13:25:00,0.25,0.75
damian korczak,rutkowski mateusz,33,15,3.727272727272727,69.78787878787878,2024-03-22 14:05:00,0.45454545454545453,0.5454545454545454
damian korczak,szymon seroka,54,31,3.574074074074074,66.22222222222223,2024-06-10 20:05:00,0.5740740740740741,0.42592592592592593
damian korczak,tomasz filbrand,43,11,4.093023255813954,77.11627906976744,2024-06-18 10:40:00,0.2558139534883721,0.7441860465116279
damian rybak,henryk tkaczyk,26,13,3.730769230769231,67.88461538461539,2026-03-27 00:55:00,0.5,0.5
damian rybak,pawel chojnacki,26,9,4.038461538461538,74.8076923076923,2026-04-11 21:10:00,0.34615384615384615,0.6538461538461539
damian rybak,pawel polanski,22,14,3.5454545454545454,63.09090909090909,2026-02-11 02:10:00,0.6363636363636364,0.36363636363636365
damian swierczek,grzegorz poliniewicz,80,30,3.95,72.55,2024-03-25 02:25:00,0.375,0.625
damian swierczek,jakub wozniak,25,6,4.04,74.68,2024-03-23 15:40:00,0.24,0.76
damian swierczek,jakub zochniak,57,27,3.6842105263157894,69.45614035087719,2024-03-27 01:05:00,0.47368421052631576,0.5263157894736843
damian swierczek,kamil rudomina,36,14,3.9722222222222223,76.33333333333333,2024-03-26 01:55:00,0.3888888888888889,0.6111111111111112
damian swierczek,krzysztof kapik,21,13,3.5714285714285716,65.23809523809524,2024-02-26 07:10:00,0.6190476190476191,0.38095238095238093
damian swierczek,krzysztof kotyl,28,9,3.9642857142857144,76.32142857142857,2024-03-26 23:30:00,0.32142857142857145,0.6785714285714286
damian swierczek,lukasz pietraszko,23,8,3.9130434782608696,74.26086956521739,2024-03-25 21:00:00,0.34782608695652173,0.6521739130434783
damian swierczek,maciej makajew,20,3,4.05,76.1,2024-01-28 10:15:00,0.15,0.85
damian swierczek,mateusz misiak,30,11,3.9,75.66666666666667,2024-03-23 09:50:00,0.36666666666666664,0.6333333333333333
damian swierczek,mateusz rutkowski,27,13,3.6296296296296298,66.92592592592592,2023-05-19 21:50:00,0.48148148148148145,0.5185185185185186
damian swierczek,michal minda,63,21,3.9682539682539684,77.2063492063492,2024-03-26 19:25:00,0.3333333333333333,0.6666666666666667
damian swierczek,piotr sudol,23,9,3.6956521739130435,68.30434782608695,2023-12-15 13:20:00,0.391304347826087,0.6086956521739131
damian swierczek,sebastian baran,24,7,3.875,70.83333333333333,2024-03-23 07:05:00,0.2916666666666667,0.7083333333333333
damian swierczek,szymon radlo,73,22,4.054794520547945,79.56164383561644,2024-03-27 02:20:00,0.3013698630136986,0.6986301369863014
damian swierczek,szymon seroka,53,32,3.490566037735849,62.41509433962264,2024-03-21 14:30:00,0.6037735849056604,0.39622641509433965
damian swierczek,wojciech gluszek,39,13,4.0,75.17948717948718,2024-03-25 19:50:00,0.3333333333333333,0.6666666666666667
damian wederlich,dawid michna,30,6,4.266666666666667,82.03333333333333,2025-08-01 12:50:00,0.2,0.8
damian wederlich,filip mlynarski,44,17,3.8863636363636362,72.18181818181819,2025-04-20 13:40:00,0.38636363636363635,0.6136363636363636
damian wederlich,grzegorz adamiak,29,8,4.068965517241379,76.58620689655173,2025-08-10 10:45:00,0.27586206896551724,0.7241379310344828
damian wederlich,grzegorz felkel,36,7,4.166666666666667,77.5,2025-08-01 11:10:00,0.19444444444444445,0.8055555555555556
damian wederlich,jakub folwarski,21,4,4.142857142857143,79.71428571428571,2025-08-15 11:35:00,0.19047619047619047,0.8095238095238095
damian wederlich,jakub kosowski,70,25,3.757142857142857,70.55714285714286,2025-07-23 11:35:00,0.35714285714285715,0.6428571428571428
damian wederlich,jan zandecki,82,25,4.012195121951219,75.35365853658537,2025-08-17 10:25:00,0.3048780487804878,0.6951219512195121
damian wederlich,josef braun,47,16,3.8297872340425534,70.85106382978724,2025-08-16 06:15:00,0.3404255319148936,0.6595744680851063
damian wederlich,kacper petas,82,33,3.792682926829268,73.57317073170732,2025-08-10 11:35:00,0.4024390243902439,0.5975609756097561
damian wederlich,konrad kulpa,35,8,4.085714285714285,77.08571428571429,2025-08-17 12:25:00,0.22857142857142856,0.7714285714285715
damian wederlich,lukasz nadolski,20,5,3.9,71.25,2025-08-17 13:40:00,0.25,0.75
damian wederlich,maciej nowalinski,21,5,4.0476190476190474,79.0952380952381,2025-08-02 07:40:00,0.23809523809523808,0.7619047619047619
damian wederlich,maksymilian miastowski,20,8,3.75,76.15,2025-07-22 15:10:00,0.4,0.6
damian wederlich,marcin jadczyk,117,44,3.7948717948717947,70.00854700854701,2025-08-17 14:50:00,0.37606837606837606,0.6239316239316239
damian wederlich,martin olejnik,48,20,3.8333333333333335,72.125,2025-08-15 14:30:00,0.4166666666666667,0.5833333333333333
damian wederlich,mateusz golebiowski,85,38,3.6941176470588237,68.71764705882353,2025-08-03 05:50:00,0.4470588235294118,0.5529411764705883
damian wederlich,michal murawski,32,16,3.75,69.65625,2025-08-17 11:10:00,0.5,0.5
damian wederlich,patrik klos,25,9,4.0,74.36,2025-03-17 15:05:00,0.36,0.64
damian wederlich,petr david,53,14,4.0754716981132075,75.66037735849056,2025-08-16 12:25:00,0.2641509433962264,0.7358490566037736
damian wederlich,piotr chodorski,46,14,4.0,75.91304347826087,2025-08-15 06:15:00,0.30434782608695654,0.6956521739130435
damian wederlich,piotr cyrnek,24,7,4.166666666666667,79.375,2025-06-25 12:25:00,0.2916666666666667,0.7083333333333333
damian wederlich,slawomir dosz,48,16,3.8125,69.9375,2025-08-17 05:05:00,0.3333333333333333,0.6666666666666667
damian wederlich,szymon kolasa,40,13,4.075,77.85,2025-08-10 14:50:00,0.325,0.675
damian wojdyla,daniel lis,32,19,3.625,66.125,2025-01-20 18:50:00,0.59375,0.40625
damian wojdyla,dawid michna,38,15,3.9473684210526314,76.78947368421052,2025-06-02 00:20:00,0.39473684210526316,0.6052631578947368
damian wojdyla,filip mlynarski,250,95,3.856,71.332,2025-05-12 02:00:00,0.38,0.62
damian wojdyla,grzegorz adamiak,49,18,3.9591836734693877,73.48979591836735,2025-06-22 07:30:00,0.3673469387755102,0.6326530612244898
damian wojdyla,grzegorz felkel,100,46,3.73,68.79,2025-07-12 19:30:00,0.46,0.54
damian wojdyla,grzegorz poliniewicz,69,19,4.115942028985507,79.57971014492753,2025-07-18 01:05:00,0.2753623188405797,0.7246376811594203
damian wojdyla,jakub kwapis,21,9,3.8095238095238093,71.33333333333333,2025-06-29 07:05:00,0.42857142857142855,0.5714285714285714
damian wojdyla,jakub maslowski,49,19,3.857142857142857,71.55102040816327,2025-03-07 14:00:00,0.3877551020408163,0.6122448979591837
damian wojdyla,jakub witkowski,81,26,4.0,77.45679012345678,2025-07-01 01:05:00,0.32098765432098764,0.6790123456790124
damian wojdyla,jakub zochniak,34,9,4.147058823529412,79.17647058823529,2025-06-06 15:55:00,0.2647058823529412,0.7352941176470589
damian wojdyla,jan zandecki,29,13,3.8620689655172415,72.20689655172414,2025-07-13 16:00:00,0.4482758620689655,0.5517241379310345
damian wojdyla,josef braun,36,13,3.9444444444444446,72.16666666666667,2025-06-09 07:10:00,0.3611111111111111,0.6388888888888888
damian wojdyla,kacper glazowski,20,9,3.7,69.3,2025-05-08 19:45:00,0.45,0.55
damian wojdyla,kacper petas,75,38,3.6266666666666665,67.12,2025-06-30 17:00:00,0.5066666666666667,0.4933333333333333
damian wojdyla,karol strowski,32,11,4.0,75.125,2025-07-19 05:25:00,0.34375,0.65625
damian wojdyla,karol wisniewski,62,28,3.7096774193548385,67.8225806451613,2023-05-16 13:20:00,0.45161290322580644,0.5483870967741935
damian wojdyla,konrad staszczyk,213,84,3.835680751173709,71.9530516431925,2024-07-22 07:15:00,0.39436619718309857,0.6056338028169015
damian wojdyla,krystian kolodziej,285,86,3.982456140350877,74.77894736842106,2025-07-18 00:15:00,0.3017543859649123,0.6982456140350877
damian wojdyla,krzysztof kapik,406,108,4.071428571428571,76.09852216748769,2025-07-23 01:30:00,0.2660098522167488,0.7339901477832512
damian wojdyla,krzysztof marcinowski,67,26,3.985074626865672,75.59701492537313,2025-06-29 05:50:00,0.3880597014925373,0.6119402985074627
damian wojdyla,krzysztof niemiec,46,16,3.869565217391304,72.67391304347827,2025-06-22 05:25:00,0.34782608695652173,0.6521739130434783
damian wojdyla,krzysztof wloczko,215,69,4.023255813953488,75.89302325581396,2025-07-06 19:30:00,0.3209302325581395,0.6790697674418604
damian wojdyla,lukasz jarocki,312,121,3.891025641025641,72.88782051282051,2025-07-16 19:45:00,0.38782051282051283,0.6121794871794872
damian wojdyla,lukasz nadolski,26,6,4.230769230769231,81.34615384615384,2025-05-04 17:05:00,0.23076923076923078,0.7692307692307692
damian wojdyla,maciej domin,48,11,4.104166666666667,79.6875,2025-07-17 23:25:00,0.22916666666666666,0.7708333333333334
damian wojdyla,maciej nowalinski,152,28,4.2368421052631575,80.72368421052632,2025-07-13 21:35:00,0.18421052631578946,0.8157894736842105
damian wojdyla,maciej podsiadlo,57,26,3.7719298245614037,68.87719298245614,2024-09-13 15:00:00,0.45614035087719296,0.543859649122807
damian wojdyla,maksymilian miastowski,60,17,4.016666666666667,75.36666666666666,2025-06-18 23:25:00,0.2833333333333333,0.7166666666666667
damian wojdyla,marcin jadczyk,110,57,3.6636363636363636,68.33636363636364,2025-07-14 02:00:00,0.5181818181818182,0.4818181818181818
damian wojdyla,marcin litwiniuk,44,17,3.7954545454545454,69.9090909090909,2025-04-02 15:30:00,0.38636363636363635,0.6136363636363636
damian wojdyla,marcin marchlewski,40,12,4.025,75.5,2025-07-12 17:55:00,0.3,0.7
damian wojdyla,mateusz czernik,61,22,3.819672131147541,71.42622950819673,2025-06-20 20:10:00,0.36065573770491804,0.639344262295082
damian wojdyla,mateusz golebiowski,43,30,3.441860465116279,61.48837209302326,2025-04-27 14:30:00,0.6976744186046512,0.3023255813953488
damian wojdyla,mateusz rutkowski,33,15,3.8181818181818183,68.03030303030303,2023-05-23 21:50:00,0.45454545454545453,0.5454545454545454
damian wojdyla,michal galas,49,24,3.63265306122449,66.3265306122449,2023-06-02 11:30:00,0.4897959183673469,0.5102040816326531
damian wojdyla,michal krzyzanowski,50,20,3.88,73.26,2025-07-22 00:40:00,0.4,0.6
damian wojdyla,michal malachowski,21,6,4.0,74.38095238095238,2024-01-30 23:20:00,0.2857142857142857,0.7142857142857143
damian wojdyla,michal murawski,124,59,3.75,70.88709677419355,2025-06-15 17:55:00,0.47580645161290325,0.5241935483870968
damian wojdyla,michal olbrycht,57,19,4.017543859649122,76.49122807017544,2025-07-16 23:25:00,0.3333333333333333,0.6666666666666667
damian wojdyla,milosz sawczak,21,8,3.761904761904762,71.47619047619048,2025-06-06 20:10:00,0.38095238095238093,0.6190476190476191
damian wojdyla,miroslav sklensky,49,28,3.6122448979591835,67.42857142857143,2025-06-09 03:30:00,0.5714285714285714,0.4285714285714286
damian wojdyla,patryk lewandowski,24,4,4.25,77.04166666666667,2025-03-24 13:25:00,0.16666666666666666,0.8333333333333334
damian wojdyla,petr david,58,27,3.6724137931034484,67.53448275862068,2025-07-14 18:15:00,0.46551724137931033,0.5344827586206897
damian wojdyla,piotr chlodnicki,127,45,3.921259842519685,75.56692913385827,2025-06-17 23:50:00,0.3543307086614173,0.6456692913385826
damian wojdyla,piotr chodorski,27,13,3.7777777777777777,72.88888888888889,2025-07-14 15:30:00,0.48148148148148145,0.5185185185185186
damian wojdyla,przemyslaw perzynski,47,12,3.9361702127659575,74.02127659574468,2025-06-30 23:50:00,0.2553191489361702,0.7446808510638299
damian wojdyla,radoslaw chrzescian,50,20,3.88,74.2,2025-06-07 19:50:00,0.4,0.6
damian wojdyla,rutkowski mateusz,186,55,3.9516129032258065,73.88172043010752,2024-03-22 02:10:00,0.2956989247311828,0.7043010752688172
damian wojdyla,slawomir dosz,28,13,3.8214285714285716,68.78571428571429,2025-02-24 20:00:00,0.4642857142857143,0.5357142857142857
damian wojdyla,szymon kolasa,31,13,3.838709677419355,71.90322580645162,2025-04-24 15:05:00,0.41935483870967744,0.5806451612903225
damian wojdyla,szymon radlo,86,38,3.7093023255813953,69.34883720930233,2025-04-27 21:10:00,0.4418604651162791,0.5581395348837209
damian wojdyla,szymon seroka,208,87,3.7788461538461537,71.07211538461539,2025-05-13 01:30:00,0.4182692307692308,0.5817307692307692
damian wojdyla,szymon sporek,68,28,3.8970588235294117,73.58823529411765,2025-07-14 00:45:00,0.4117647058823529,0.5882352941176471
damian wojdyla,tomasz filbrand,185,59,3.9567567567567568,76.03783783783784,2025-07-22 23:25:00,0.31891891891891894,0.681081081081081
daniel bak,jakub kosowski,33,14,3.6666666666666665,64.21212121212122,2024-06-18 12:50:00,0.42424242424242425,0.5757575757575757
daniel bak,jan zandecki,40,10,3.9,72.0,2024-05-17 06:25:00,0.25,0.75
daniel bak,marcin jadczyk,46,10,3.891304347826087,72.04347826086956,2024-06-18 06:50:00,0.21739130434782608,0.782608695652174
daniel bak,mateusz golebiowski,33,7,3.9696969696969697,75.57575757575758,2024-06-19 12:40:00,0.21212121212121213,0.7878787878787878
daniel bak,piotr chodorski,23,6,4.0,73.69565217391305,2024-06-18 16:25:00,0.2608695652173913,0.7391304347826086
daniel bak,piotr cyrnek,71,17,4.014084507042254,75.35211267605634,2024-06-19 15:50:00,0.23943661971830985,0.7605633802816901
daniel bak,tomasz kotowski,28,8,3.75,70.39285714285714,2024-06-12 07:55:00,0.2857142857142857,0.7142857142857143
daniel lis,filip mlynarski,30,15,3.7,68.86666666666666,2024-08-05 18:45:00,0.5,0.5
daniel lis,grzegorz adamiak,36,7,4.25,80.16666666666667,2025-07-03 03:30:00,0.19444444444444445,0.8055555555555556
daniel lis,grzegorz felkel,34,11,3.9705882352941178,75.1470588235294,2025-08-25 17:50:00,0.3235294117647059,0.6764705882352942
daniel lis,kacper petas,20,6,4.0,76.9,2025-08-20 05:20:00,0.3,0.7
daniel lis,krystian kolodziej,23,8,3.782608695652174,69.56521739130434,2025-08-19 16:20:00,0.34782608695652173,0.6521739130434783
daniel lis,krzysztof kapik,24,8,4.0,75.5,2025-08-25 20:35:00,0.3333333333333333,0.6666666666666667
daniel lis,krzysztof wloczko,39,13,3.923076923076923,73.41025641025641,2025-12-30 15:00:00,0.3333333333333333,0.6666666666666667
daniel lis,lukasz jarocki,58,25,3.896551724137931,71.67241379310344,2025-07-02 18:35:00,0.43103448275862066,0.5689655172413793
daniel lis,maciej podsiadlo,40,13,4.0,73.425,2024-08-07 08:45:00,0.325,0.675
daniel lis,marcin jadczyk,27,7,4.074074074074074,73.88888888888889,2025-08-20 10:40:00,0.25925925925925924,0.7407407407407407
daniel lis,michal murawski,54,36,3.4444444444444446,61.51851851851852,2025-08-20 03:05:00,0.6666666666666666,0.33333333333333337
daniel morawiec,filip witczak,139,36,4.100719424460432,79.49640287769785,2026-04-18 16:20:00,0.2589928057553957,0.7410071942446044
daniel morawiec,grzegorz sawicki,28,6,4.035714285714286,79.57142857142857,2025-09-06 16:40:00,0.21428571428571427,0.7857142857142857
daniel morawiec,jakub michalski,48,19,3.8333333333333335,71.95833333333333,2025-07-27 12:20:00,0.3958333333333333,0.6041666666666667
daniel morawiec,jakub pruszkowski,21,6,4.0,77.57142857142857,2026-03-21 14:10:00,0.2857142857142857,0.7142857142857143
daniel morawiec,kacper slawinski,26,10,3.8846153846153846,74.8076923076923,2025-10-04 15:50:00,0.38461538461538464,0.6153846153846154
daniel morawiec,krzysztof juszczyk,30,16,3.566666666666667,66.36666666666666,2026-04-11 11:55:00,0.5333333333333333,0.4666666666666667
daniel morawiec,lukasz bernacki,46,12,4.065217391304348,75.21739130434783,2026-03-21 17:20:00,0.2608695652173913,0.7391304347826086
daniel morawiec,lukasz oracz,53,15,3.943396226415094,74.64150943396227,2026-03-28 13:20:00,0.2830188679245283,0.7169811320754718
daniel morawiec,maciej malecha,34,18,3.588235294117647,66.79411764705883,2025-09-06 13:30:00,0.5294117647058824,0.47058823529411764
daniel morawiec,mariusz adamus,22,3,4.045454545454546,74.04545454545455,2025-07-19 13:10:00,0.13636363636363635,0.8636363636363636
daniel morawiec,michal oracz,58,25,3.7413793103448274,70.53448275862068,2026-03-28 16:05:00,0.43103448275862066,0.5689655172413793
daniel morawiec,mista sylwester,125,47,3.84,71.912,2026-01-18 18:05:00,0.376,0.624
daniel morawiec,oskar jadach,26,4,4.1923076923076925,79.8076923076923,2026-04-18 15:05:00,0.15384615384615385,0.8461538461538461
daniel morawiec,patryk gamrot,49,11,4.142857142857143,81.22448979591837,2026-03-14 16:55:00,0.22448979591836735,0.7755102040816326
daniel morawiec,patryk jedrzejak,75,21,4.026666666666666,78.36,2026-04-04 13:10:00,0.28,0.72
daniel morawiec,pawel gasiorski,24,7,4.125,77.5,2025-04-05 16:20:00,0.2916666666666667,0.7083333333333333
daniel morawiec,piotr gumulinski,29,11,3.9655172413793105,73.86206896551724,2026-03-21 16:30:00,0.3793103448275862,0.6206896551724138
daniel morawiec,rafal wojcik,62,24,3.806451612903226,71.29032258064517,2026-03-28 15:20:00,0.3870967741935484,0.6129032258064516
daniel morawiec,robert szymik,25,11,3.68,69.44,2025-01-12 00:30:00,0.44,0.56
daniel morawiec,roman wiza,22,8,3.772727272727273,72.5909090909091,2025-01-12 01:45:00,0.36363636363636365,0.6363636363636364
daniel morawiec,sebastian szostok,33,7,4.151515151515151,77.27272727272727,2026-04-11 15:05:00,0.21212121212121213,0.7878787878787878
daniel morawiec,witold buczynski,52,26,3.6923076923076925,68.78846153846153,2026-04-18 12:45:00,0.5,0.5
daniel murawski,dawid kotwica,65,25,3.769230769230769,70.4,2026-04-09 09:45:00,0.38461538461538464,0.6153846153846154
daniel murawski,dawid poloszczanski,47,14,4.085106382978723,80.91489361702128,2026-04-11 13:55:00,0.2978723404255319,0.7021276595744681
daniel murawski,filip kujawa,43,13,3.9767441860465116,77.46511627906976,2026-04-09 18:10:00,0.3023255813953488,0.6976744186046512
daniel murawski,grzegorz poliniewicz,46,12,4.0,75.5,2026-02-20 11:35:00,0.2608695652173913,0.7391304347826086
daniel murawski,igor dabrowski,22,6,4.045454545454546,76.27272727272727,2026-02-22 12:20:00,0.2727272727272727,0.7272727272727273
daniel murawski,jakub glanowski,57,16,4.035087719298246,81.59649122807018,2025-10-24 09:50:00,0.2807017543859649,0.7192982456140351
daniel murawski,jakub wozniak,44,7,4.113636363636363,76.56818181818181,2026-04-11 07:20:00,0.1590909090909091,0.8409090909090909
daniel murawski,jakub zochniak,69,19,3.9565217391304346,76.85507246376811,2026-01-02 13:15:00,0.2753623188405797,0.7246376811594203
daniel murawski,kacper makowski,22,2,4.2272727272727275,80.31818181818181,2026-04-10 18:10:00,0.09090909090909091,0.9090909090909091
daniel murawski,kamil rudomina,82,23,4.073170731707317,79.1219512195122,2026-04-09 19:40:00,0.2804878048780488,0.7195121951219512
daniel murawski,krzysztof guminski,25,6,4.04,76.56,2025-11-15 13:20:00,0.24,0.76
daniel murawski,krzysztof marcinowski,20,4,4.05,78.35,2025-11-30 13:45:00,0.2,0.8
daniel murawski,maciej makajew,23,5,4.217391304347826,79.0,2025-08-30 20:10:00,0.21739130434782608,0.782608695652174
daniel murawski,marcin marchlewski,54,14,4.0,76.55555555555556,2026-02-20 21:05:00,0.25925925925925924,0.7407407407407407
daniel murawski,mateusz misiak,63,18,4.063492063492063,76.65079365079364,2025-12-23 18:20:00,0.2857142857142857,0.7142857142857143
daniel murawski,michal minda,77,16,4.103896103896104,79.72727272727273,2026-04-10 12:15:00,0.2077922077922078,0.7922077922077921
daniel murawski,piotr maruszak,239,68,4.02928870292887,77.3347280334728,2026-04-10 15:50:00,0.28451882845188287,0.7154811715481171
daniel murawski,radoslaw malinowski,20,7,3.9,74.2,2026-01-17 12:30:00,0.35,0.65
daniel murawski,sebastian baran,75,31,3.7733333333333334,69.42666666666666,2026-02-22 11:05:00,0.41333333333333333,0.5866666666666667
daniel murawski,szymon radlo,47,10,4.042553191489362,80.25531914893617,2026-01-17 13:45:00,0.2127659574468085,0.7872340425531915
daniel murawski,szymon seroka,32,10,3.875,74.625,2025-01-25 08:35:00,0.3125,0.6875
daniel murawski,tadeusz piotrowski,22,7,4.0,74.86363636363636,2026-04-11 13:05:00,0.3181818181818182,0.6818181818181819
daniel murawski,tomasz filbrand,31,4,4.064516129032258,78.29032258064517,2025-11-08 18:05:00,0.12903225806451613,0.8709677419354839
daniel murawski,wojciech gluszek,49,12,4.061224489795919,78.77551020408163,2025-12-13 16:05:00,0.24489795918367346,0.7551020408163265
dariusz scigany,dawid pyrek,51,16,3.9215686274509802,73.50980392156863,2025-09-26 02:45:00,0.3137254901960784,0.6862745098039216
dariusz scigany,henryk tkaczyk,29,13,3.7241379310344827,66.89655172413794,2025-09-26 05:05:00,0.4482758620689655,0.5517241379310345
dariusz scigany,jacek oracz,20,10,3.65,69.3,2025-09-05 22:50:00,0.5,0.5
dariusz scigany,jerzy michalik,126,51,3.8492063492063493,72.92857142857143,2025-09-26 03:55:00,0.40476190476190477,0.5952380952380952
dariusz scigany,kamil delikatny,26,9,3.8461538461538463,68.42307692307692,2025-09-24 02:45:00,0.34615384615384615,0.6538461538461539
dariusz scigany,maciej lamer,173,80,3.7052023121387285,68.10404624277457,2025-09-26 01:30:00,0.4624277456647399,0.5375722543352601
dariusz scigany,marian brunner,65,23,3.9692307692307693,73.16923076923077,2025-09-24 04:20:00,0.35384615384615387,0.6461538461538461
dariusz scigany,michal machelski,29,21,3.4482758620689653,64.03448275862068,2025-09-19 01:55:00,0.7241379310344828,0.27586206896551724
dariusz scigany,michal wolny,99,43,3.7474747474747474,68.65656565656566,2025-09-02 23:55:00,0.43434343434343436,0.5656565656565656
dariusz scigany,miroslaw lewczuk,134,49,3.888059701492537,72.83582089552239,2025-09-18 03:55:00,0.3656716417910448,0.6343283582089552
dariusz scigany,miroslaw warzecha,78,35,3.782051282051282,69.57692307692308,2025-09-18 01:30:00,0.44871794871794873,0.5512820512820513
dariusz scigany,patryk mecik,123,34,4.040650406504065,77.58536585365853,2025-05-01 01:10:00,0.2764227642276423,0.7235772357723578
dariusz scigany,pawel polanski,113,64,3.566371681415929,64.45132743362832,2025-07-11 21:35:00,0.5663716814159292,0.4336283185840708
dariusz scigany,tomasz bluszcz,30,16,3.6666666666666665,71.03333333333333,2025-09-17 23:55:00,0.5333333333333333,0.4666666666666667
dariusz scigany,tomasz przebierala,38,24,3.526315789473684,64.39473684210526,2025-07-04 02:20:00,0.631578947368421,0.368421052631579
dariusz scigany,waldemar glanowski,145,57,3.8551724137931034,71.98620689655172,2025-09-05 21:10:00,0.3931034482758621,0.6068965517241379
dariusz scigany,zbigniew nocun,120,45,3.875,71.06666666666666,2025-06-10 00:45:00,0.375,0.625
dariusz szlubowski,jaroslaw rolak,28,7,4.214285714285714,79.46428571428571,2026-04-02 16:25:00,0.25,0.75
dariusz szlubowski,krzysztof kotyl,21,8,3.9523809523809526,72.71428571428571,2025-08-18 17:05:00,0.38095238095238093,0.6190476190476191
dariusz szlubowski,marcin kowalczyk,25,10,3.76,71.4,2026-04-02 19:30:00,0.4,0.6
dariusz szlubowski,michal skorski,24,9,3.7916666666666665,71.08333333333333,2026-02-27 20:30:00,0.375,0.625
dariusz szlubowski,piotr strus,24,9,4.0,72.25,2026-02-17 21:40:00,0.375,0.625
dariusz szlubowski,tomasz lojtek,26,13,3.6153846153846154,66.15384615384616,2025-08-18 20:40:00,0.5,0.5
dariusz wrobel,dawid kotwica,31,9,3.935483870967742,75.45161290322581,2026-02-26 02:00:00,0.2903225806451613,0.7096774193548387
dariusz wrobel,dawid poloszczanski,30,7,4.1,77.1,2026-04-18 01:10:00,0.23333333333333334,0.7666666666666666
dariusz wrobel,igor dabrowski,30,7,4.066666666666666,78.1,2026-02-03 02:25:00,0.23333333333333334,0.7666666666666666
dariusz wrobel,jaroslaw rolak,65,19,3.9692307692307693,75.23076923076923,2026-02-11 01:45:00,0.2923076923076923,0.7076923076923076
dariusz wrobel,krzysztof kotyl,48,12,4.0,75.4375,2026-01-28 07:40:00,0.25,0.75
dariusz wrobel,krzysztof pawlowski,40,9,4.125,79.2,2025-10-25 01:35:00,0.225,0.775
dariusz wrobel,marchlewski kacper,21,10,3.6666666666666665,68.95238095238095,2026-03-21 01:45:00,0.47619047619047616,0.5238095238095238
dariusz wrobel,marcin kowalczyk,76,29,3.8026315789473686,70.96052631578948,2026-04-16 00:45:00,0.3815789473684211,0.618421052631579
dariusz wrobel,mateusz burkacki,40,15,3.9,72.0,2025-12-25 04:30:00,0.375,0.625
dariusz wrobel,mateusz misiak,47,14,3.8297872340425534,71.38297872340425,2026-02-26 00:20:00,0.2978723404255319,0.7021276595744681
dariusz wrobel,mateusz trela,43,11,4.023255813953488,77.83720930232558,2026-03-19 02:10:00,0.2558139534883721,0.7441860465116279
dariusz wrobel,michal skorski,34,9,3.9411764705882355,75.26470588235294,2026-04-07 02:20:00,0.2647058823529412,0.7352941176470589
dariusz wrobel,mikolaj lukaszewski,24,8,3.75,68.16666666666667,2026-04-14 00:45:00,0.3333333333333333,0.6666666666666667
dariusz wrobel,milosz kukawka,21,7,4.0476190476190474,79.23809523809524,2026-04-14 01:10:00,0.3333333333333333,0.6666666666666667
dariusz wrobel,milosz piecowski,20,5,4.1,81.55,2026-01-17 02:10:00,0.25,0.75
dariusz wrobel,piotr strus,21,10,3.6666666666666665,65.9047619047619,2026-02-21 08:45:00,0.47619047619047616,0.5238095238095238
dariusz wrobel,przemyslaw blocho,26,12,3.6538461538461537,68.42307692307692,2026-03-17 01:45:00,0.46153846153846156,0.5384615384615384
dariusz wrobel,stanislaw wnek,49,17,3.877551020408163,72.89795918367346,2026-04-16 02:20:00,0.3469387755102041,0.653061224489796
dariusz wrobel,tomasz lojtek,24,10,3.7083333333333335,69.25,2025-08-02 02:00:00,0.4166666666666667,0.5833333333333333
dariusz wrobel,wojciech iwasyszyn,68,16,4.102941176470588,79.17647058823529,2026-01-16 02:35:00,0.23529411764705882,0.7647058823529411
dariusz wrobel,wojciech kotyl,23,8,4.0,74.26086956521739,2025-11-01 01:45:00,0.34782608695652173,0.6521739130434783
david marek,lukasz jarocki,20,9,3.8,70.6,2025-08-23 16:45:00,0.45,0.55
david marek,marcin marchlewski,21,7,4.0476190476190474,74.23809523809524,2026-01-04 10:55:00,0.3333333333333333,0.6666666666666667
dawid dytko,sebastian szostok,25,5,4.16,81.68,2026-04-02 11:55:00,0.2,0.8
dawid gala,tomasz lojtek,25,0,4.4,84.44,2024-12-07 05:00:00,0.0,1.0
dawid jendrysik,rafal idaczyk,25,12,3.68,68.4,2026-04-19 08:00:00,0.48,0.52
dawid jendrysik,witold buczynski,33,9,4.0606060606060606,75.45454545454545,2026-03-19 07:25:00,0.2727272727272727,0.7272727272727273
dawid kotwica,dawid poloszczanski,131,35,4.183206106870229,78.74809160305344,2026-03-07 02:00:00,0.26717557251908397,0.732824427480916
dawid kotwica,filip kujawa,92,38,3.7717391304347827,70.54347826086956,2026-04-03 01:00:00,0.41304347826086957,0.5869565217391304
dawid kotwica,grzegorz poliniewicz,110,44,3.8363636363636364,72.2909090909091,2026-02-10 10:00:00,0.4,0.6
dawid kotwica,igor dabrowski,90,32,3.933333333333333,74.42222222222222,2026-04-19 03:30:00,0.35555555555555557,0.6444444444444444
dawid kotwica,jacek przewlocki,38,12,4.026315789473684,78.6842105263158,2026-04-17 09:20:00,0.3157894736842105,0.6842105263157895
dawid kotwica,jakub glanowski,77,28,3.896103896103896,71.6103896103896,2026-04-19 07:55:00,0.36363636363636365,0.6363636363636364
dawid kotwica,jakub wozniak,105,32,3.9523809523809526,74.71428571428571,2026-03-21 06:15:00,0.3047619047619048,0.6952380952380952
dawid kotwica,jakub zochniak,216,92,3.7546296296296298,70.43055555555556,2026-04-06 23:45:00,0.42592592592592593,0.5740740740740741
dawid kotwica,jaroslaw rolak,85,32,3.976470588235294,73.94117647058823,2026-03-01 02:05:00,0.3764705882352941,0.6235294117647059
dawid kotwica,kamil rudomina,190,67,3.931578947368421,73.6842105263158,2026-04-12 14:35:00,0.3526315789473684,0.6473684210526316
dawid kotwica,krzysztof guminski,21,7,3.9047619047619047,71.47619047619048,2025-11-15 21:10:00,0.3333333333333333,0.6666666666666667
dawid kotwica,krzysztof kotyl,222,77,3.8873873873873874,73.53153153153153,2026-04-19 06:35:00,0.34684684684684686,0.6531531531531531
dawid kotwica,lukasz pietraszko,31,10,4.096774193548387,75.80645161290323,2026-04-06 18:55:00,0.3225806451612903,0.6774193548387097
dawid kotwica,maciej makajew,65,25,3.753846153846154,68.98461538461538,2026-04-03 00:10:00,0.38461538461538464,0.6153846153846154
dawid kotwica,maciej sinitsky,102,32,3.9019607843137254,73.08823529411765,2026-04-19 04:15:00,0.3137254901960784,0.6862745098039216
dawid kotwica,marchlewski kacper,46,20,3.8043478260869565,72.95652173913044,2025-12-20 02:35:00,0.43478260869565216,0.5652173913043479
dawid kotwica,marcin marchlewski,29,14,3.6551724137931036,65.48275862068965,2025-10-11 00:35:00,0.4827586206896552,0.5172413793103448
dawid kotwica,marcin piotrowski,40,20,3.675,66.4,2024-05-04 14:15:00,0.5,0.5
dawid kotwica,mateusz burkacki,51,16,4.078431372549019,76.11764705882354,2025-12-25 16:35:00,0.3137254901960784,0.6862745098039216
dawid kotwica,mateusz misiak,337,140,3.8456973293768546,70.513353115727,2026-04-13 00:40:00,0.41543026706231456,0.5845697329376854
dawid kotwica,mateusz trela,37,8,3.945945945945946,73.48648648648648,2026-04-09 12:35:00,0.21621621621621623,0.7837837837837838
dawid kotwica,mateusz zagajewski,37,11,3.972972972972973,72.97297297297297,2026-03-04 08:05:00,0.2972972972972973,0.7027027027027026
dawid kotwica,michal minda,140,52,3.9285714285714284,73.11428571428571,2026-04-09 03:00:00,0.37142857142857144,0.6285714285714286
dawid kotwica,michal skorski,80,32,3.8375,72.9625,2026-04-09 14:15:00,0.4,0.6
dawid kotwica,mikolaj lukaszewski,33,12,3.8181818181818183,71.36363636363636,2026-04-09 10:55:00,0.36363636363636365,0.6363636363636364
dawid kotwica,milosz piecowski,81,28,3.925925925925926,74.79012345679013,2026-04-19 00:40:00,0.345679012345679,0.654320987654321
dawid kotwica,miroslaw piecowski,63,20,4.015873015873016,75.03174603174604,2025-10-22 11:45:00,0.31746031746031744,0.6825396825396826
dawid kotwica,pawel grela,45,20,3.7111111111111112,69.71111111111111,2024-05-11 15:50:00,0.4444444444444444,0.5555555555555556
dawid kotwica,piotr maruszak,65,15,4.123076923076923,77.32307692307693,2026-01-11 15:00:00,0.23076923076923078,0.7692307692307692
dawid kotwica,piotr staniszewski,66,22,3.9393939393939394,74.75757575757575,2026-03-29 09:50:00,0.3333333333333333,0.6666666666666667
dawid kotwica,piotr strus,71,16,4.169014084507042,78.97183098591549,2026-03-22 08:45:00,0.22535211267605634,0.7746478873239436
dawid kotwica,przemyslaw blocho,107,48,3.7757009345794392,69.55140186915888,2026-04-13 01:30:00,0.4485981308411215,0.5514018691588785
dawid kotwica,radoslaw malinowski,51,24,3.9019607843137254,70.23529411764706,2026-01-09 04:50:00,0.47058823529411764,0.5294117647058824
dawid kotwica,sebastian baran,127,45,3.937007874015748,71.61417322834646,2026-04-12 23:25:00,0.3543307086614173,0.6456692913385826
dawid kotwica,szymon radlo,186,46,4.134408602150538,81.21505376344086,2026-02-05 00:20:00,0.24731182795698925,0.7526881720430108
dawid kotwica,szymon seroka,23,11,3.652173913043478,64.1304347826087,2025-01-25 07:10:00,0.4782608695652174,0.5217391304347826
dawid kotwica,szymon skop,33,14,3.787878787878788,69.6969696969697,2025-12-24 07:50:00,0.42424242424242425,0.5757575757575757
dawid kotwica,tadeusz piotrowski,88,35,3.897727272727273,70.23863636363636,2026-03-29 13:55:00,0.3977272727272727,0.6022727272727273
dawid kotwica,tomasz filbrand,34,19,3.676470588235294,65.55882352941177,2025-09-02 18:30:00,0.5588235294117647,0.4411764705882353
dawid kotwica,tomasz lojtek,31,19,3.5161290322580645,63.354838709677416,2025-06-13 16:45:00,0.6129032258064516,0.3870967741935484
dawid kotwica,wojciech gluszek,135,30,4.222222222222222,80.65185185185184,2026-04-17 20:40:00,0.2222222222222222,0.7777777777777778
dawid kotwica,wojciech gronowski,22,9,3.772727272727273,71.63636363636364,2026-04-19 05:20:00,0.4090909090909091,0.5909090909090908
dawid kotwica,wojciech iwasyszyn,42,15,4.0476190476190474,75.38095238095238,2026-04-17 12:10:00,0.35714285714285715,0.6428571428571428
dawid michna,filip mlynarski,48,11,4.145833333333333,77.9375,2025-04-28 05:00:00,0.22916666666666666,0.7708333333333334
dawid michna,grzegorz adamiak,41,11,4.146341463414634,77.85365853658537,2026-03-29 05:05:00,0.2682926829268293,0.7317073170731707
dawid michna,grzegorz felkel,56,15,4.196428571428571,77.71428571428571,2026-04-07 13:40:00,0.26785714285714285,0.7321428571428572
dawid michna,jakub kosowski,39,14,3.948717948717949,75.38461538461539,2026-02-03 05:20:00,0.358974358974359,0.641025641025641
dawid michna,jan zandecki,47,8,4.25531914893617,80.91489361702128,2026-03-30 11:35:00,0.1702127659574468,0.8297872340425532
dawid michna,josef braun,53,11,4.169811320754717,79.01886792452831,2026-04-08 03:30:00,0.20754716981132076,0.7924528301886793
dawid michna,kacper petas,72,16,4.208333333333333,79.81944444444444,2026-03-03 12:10:00,0.2222222222222222,0.7777777777777778
dawid michna,karol strowski,21,5,4.0476190476190474,80.61904761904762,2026-04-07 19:45:00,0.23809523809523808,0.7619047619047619
dawid michna,karol wisniewski,23,11,3.739130434782609,73.21739130434783,2026-04-08 04:15:00,0.4782608695652174,0.5217391304347826
dawid michna,konrad staszczyk,22,6,4.090909090909091,78.5,2024-01-01 03:25:00,0.2727272727272727,0.7272727272727273
dawid michna,krystian kolodziej,47,12,4.191489361702128,78.68085106382979,2026-04-07 00:40:00,0.2553191489361702,0.7446808510638299
dawid michna,krzysztof kapik,29,9,3.9310344827586206,76.34482758620689,2026-04-07 18:15:00,0.3103448275862069,0.6896551724137931
dawid michna,krzysztof wloczko,52,13,4.134615384615385,78.13461538461539,2026-03-09 05:15:00,0.25,0.75
dawid michna,lukasz jarocki,44,13,4.090909090909091,76.72727272727273,2026-04-07 16:40:00,0.29545454545454547,0.7045454545454546
dawid michna,maciej nowalinski,49,12,4.183673469387755,79.10204081632654,2026-03-28 11:00:00,0.24489795918367346,0.7551020408163265
dawid michna,maksymilian miastowski,59,8,4.4576271186440675,86.44067796610169,2026-04-08 05:20:00,0.13559322033898305,0.864406779661017
dawid michna,marcin balcerzak,24,9,4.041666666666667,78.91666666666667,2026-03-05 15:45:00,0.375,0.625
dawid michna,marcin jadczyk,78,30,3.9871794871794872,75.01282051282051,2026-04-08 07:55:00,0.38461538461538464,0.6153846153846154
dawid michna,martin olejnik,25,12,3.88,71.4,2026-01-06 08:40:00,0.48,0.52
dawid michna,mateusz golebiowski,65,24,3.8923076923076922,72.6923076923077,2026-02-02 13:00:00,0.36923076923076925,0.6307692307692307
dawid michna,michal murawski,47,15,3.9361702127659575,75.0,2026-03-10 13:45:00,0.3191489361702128,0.6808510638297872
dawid michna,miroslav sklensky,31,8,4.032258064516129,75.61290322580645,2026-04-08 06:35:00,0.25806451612903225,0.7419354838709677
dawid michna,petr david,32,5,4.5,83.125,2026-02-03 08:40:00,0.15625,0.84375
dawid michna,piotr chodorski,24,9,3.8333333333333335,72.0,2026-02-10 13:45:00,0.375,0.625
dawid michna,piotr cyrnek,20,4,4.05,76.65,2026-01-06 06:05:00,0.2,0.8
dawid michna,rutkowski mateusz,37,8,4.135135135135135,78.37837837837837,2026-02-01 19:40:00,0.21621621621621623,0.7837837837837838
dawid michna,szymon kolasa,46,9,4.239130434782608,82.0,2026-03-30 14:50:00,0.1956521739130435,0.8043478260869565
dawid michna,szymon sporek,37,7,4.243243243243243,79.43243243243244,2026-03-29 10:25:00,0.1891891891891892,0.8108108108108107
dawid poloszczanski,filip jablonski,24,5,4.375,85.66666666666667,2026-02-21 10:25:00,0.20833333333333334,0.7916666666666666
dawid poloszczanski,grzegorz poliniewicz,38,18,3.789473684210526,69.52631578947368,2026-02-15 07:15:00,0.47368421052631576,0.5263157894736843
dawid poloszczanski,igor dabrowski,71,18,4.169014084507042,80.19718309859155,2026-01-25 10:45:00,0.2535211267605634,0.7464788732394366
dawid poloszczanski,jacek przewlocki,52,14,4.25,82.17307692307692,2026-04-05 09:00:00,0.2692307692307692,0.7307692307692308
dawid poloszczanski,jakub glanowski,50,8,4.3,81.1,2026-04-05 14:20:00,0.16,0.84
dawid poloszczanski,jakub wozniak,39,13,3.948717948717949,75.87179487179488,2026-04-11 03:00:00,0.3333333333333333,0.6666666666666667
dawid poloszczanski,jakub zochniak,55,30,3.618181818181818,68.83636363636364,2025-08-16 14:15:00,0.5454545454545454,0.4545454545454546
dawid poloszczanski,jaroslaw rolak,51,13,4.03921568627451,76.50980392156863,2025-01-04 11:35:00,0.2549019607843137,0.7450980392156863
dawid poloszczanski,kamil rudomina,64,24,3.875,73.671875,2026-02-15 12:20:00,0.375,0.625
dawid poloszczanski,krzysztof guminski,22,10,3.9545454545454546,73.22727272727273,2026-04-18 09:25:00,0.45454545454545453,0.5454545454545454
dawid poloszczanski,krzysztof kotyl,71,21,4.0,77.56338028169014,2026-04-12 07:20:00,0.29577464788732394,0.704225352112676
dawid poloszczanski,maciej sinitsky,100,26,4.13,78.69,2026-04-19 13:05:00,0.26,0.74
dawid poloszczanski,marchlewski kacper,37,12,4.027027027027027,76.0,2026-04-05 11:25:00,0.32432432432432434,0.6756756756756757
dawid poloszczanski,marcin marchlewski,20,7,3.85,70.55,2026-02-21 02:25:00,0.35,0.65
dawid poloszczanski,marcin piotrowski,32,9,4.03125,74.9375,2024-03-23 14:45:00,0.28125,0.71875
dawid poloszczanski,mariusz zwolinski,23,6,4.043478260869565,79.3913043478261,2026-04-04 12:15:00,0.2608695652173913,0.7391304347826086
dawid poloszczanski,mateusz burkacki,27,9,4.037037037037037,77.18518518518519,2026-01-31 13:10:00,0.3333333333333333,0.6666666666666667
dawid poloszczanski,mateusz misiak,78,24,4.128205128205129,80.52564102564102,2026-03-21 12:20:00,0.3076923076923077,0.6923076923076923
dawid poloszczanski,mateusz trela,43,16,3.9302325581395348,75.83720930232558,2026-04-19 04:55:00,0.37209302325581395,0.627906976744186
dawid poloszczanski,michal minda,45,10,4.111111111111111,79.57777777777778,2026-04-18 10:10:00,0.2222222222222222,0.7777777777777778
dawid poloszczanski,miroslaw piecowski,71,23,3.971830985915493,76.15492957746478,2025-08-09 12:10:00,0.323943661971831,0.676056338028169
dawid poloszczanski,pawel grela,42,16,3.9047619047619047,74.23809523809524,2024-05-11 11:25:00,0.38095238095238093,0.6190476190476191
dawid poloszczanski,piotr maruszak,47,14,4.0638297872340425,78.95744680851064,2025-12-12 20:20:00,0.2978723404255319,0.7021276595744681
dawid poloszczanski,piotr staniszewski,109,24,4.2110091743119265,82.55045871559633,2026-04-12 10:35:00,0.22018348623853212,0.7798165137614679
dawid poloszczanski,piotr strus,104,27,4.163461538461538,81.29807692307692,2026-04-19 03:50:00,0.25961538461538464,0.7403846153846154
dawid poloszczanski,radoslaw malinowski,33,12,3.787878787878788,72.75757575757575,2025-12-06 01:35:00,0.36363636363636365,0.6363636363636364
dawid poloszczanski,sebastian baran,115,55,3.773913043478261,69.11304347826086,2026-03-21 08:05:00,0.4782608695652174,0.5217391304347826
dawid poloszczanski,szymon radlo,26,9,4.0,78.6923076923077,2026-01-31 14:00:00,0.34615384615384615,0.6538461538461539
dawid poloszczanski,szymon skop,36,9,4.194444444444445,82.13888888888889,2026-03-28 04:00:00,0.25,0.75
dawid poloszczanski,tadeusz piotrowski,208,85,3.889423076923077,71.51923076923077,2026-04-19 10:10:00,0.40865384615384615,0.5913461538461539
dawid poloszczanski,waclaw suchecki,37,11,4.027027027027027,78.21621621621621,2026-03-28 10:25:00,0.2972972972972973,0.7027027027027026
dawid poloszczanski,wojciech gluszek,39,10,4.128205128205129,76.58974358974359,2026-04-12 12:15:00,0.2564102564102564,0.7435897435897436
dawid pyrek,henryk tkaczyk,37,5,4.243243243243243,80.29729729729729,2026-04-07 19:10:00,0.13513513513513514,0.8648648648648649
dawid pyrek,jacek oracz,22,5,4.136363636363637,76.0909090909091,2026-03-25 01:20:00,0.22727272727272727,0.7727272727272727
dawid pyrek,jerzy michalik,46,13,4.108695652173913,77.73913043478261,2026-04-10 04:40:00,0.2826086956521739,0.7173913043478262
dawid pyrek,kamil delikatny,22,14,3.409090909090909,60.04545454545455,2026-04-10 00:10:00,0.6363636363636364,0.36363636363636365
dawid pyrek,maciej lamer,49,14,3.979591836734694,73.6938775510204,2026-03-13 04:55:00,0.2857142857142857,0.7142857142857143
dawid pyrek,marian brunner,47,14,4.042553191489362,76.27659574468085,2026-04-08 03:30:00,0.2978723404255319,0.7021276595744681
dawid pyrek,michal machelski,31,10,4.129032258064516,78.58064516129032,2026-04-10 01:50:00,0.3225806451612903,0.6774193548387097
dawid pyrek,michal wolny,26,14,3.6538461538461537,66.34615384615384,2026-03-12 04:05:00,0.5384615384615384,0.46153846153846156
dawid pyrek,miroslaw lewczuk,32,13,3.8125,70.8125,2026-01-20 03:20:00,0.40625,0.59375
dawid pyrek,miroslaw warzecha,41,11,3.975609756097561,74.29268292682927,2026-04-16 03:05:00,0.2682926829268293,0.7317073170731707
dawid pyrek,patryk mecik,20,6,4.1,77.65,2025-04-11 03:30:00,0.3,0.7
dawid pyrek,pawel chojnacki,22,2,4.409090909090909,83.13636363636364,2026-04-08 00:45:00,0.09090909090909091,0.9090909090909091
dawid pyrek,pawel polanski,51,24,3.6862745098039214,69.13725490196079,2026-04-08 02:20:00,0.47058823529411764,0.5294117647058824
dawid pyrek,waldemar glanowski,25,14,3.48,63.4,2025-10-03 21:35:00,0.56,0.43999999999999995
dawid pyrek,zbigniew nocun,42,13,3.9523809523809526,72.16666666666667,2026-04-08 05:05:00,0.30952380952380953,0.6904761904761905
dawid rozum,krystian gaik,22,7,4.136363636363637,80.13636363636364,2026-02-07 17:35:00,0.3181818181818182,0.6818181818181819
filip jablonski,mariusz zwolinski,22,5,4.0,75.5,2026-02-01 14:30:00,0.22727272727272727,0.7727272727272727
filip jablonski,piotr staniszewski,28,7,4.142857142857143,77.89285714285714,2026-03-29 14:20:00,0.25,0.75
filip jablonski,tadeusz piotrowski,54,19,3.9444444444444446,72.83333333333333,2026-03-29 11:25:00,0.35185185185185186,0.6481481481481481
filip jablonski,tomasz pisarczyk,21,6,3.9047619047619047,70.66666666666667,2026-04-04 12:20:00,0.2857142857142857,0.7142857142857143
filip kujawa,gracjan kesic,20,6,4.05,77.8,2026-04-19 03:20:00,0.3,0.7
filip kujawa,grzegorz poliniewicz,106,26,4.018867924528302,74.87735849056604,2026-04-19 05:25:00,0.24528301886792453,0.7547169811320755
filip kujawa,igor dabrowski,38,12,4.078947368421052,77.21052631578948,2026-04-13 03:00:00,0.3157894736842105,0.6842105263157895
filip kujawa,jacek przewlocki,24,7,4.125,75.25,2026-03-15 10:20:00,0.2916666666666667,0.7083333333333333
filip kujawa,jakub glanowski,84,30,3.9761904761904763,78.80952380952381,2026-04-15 03:25:00,0.35714285714285715,0.6428571428571428
filip kujawa,jakub wozniak,62,14,4.080645161290323,79.35483870967742,2026-01-31 08:20:00,0.22580645161290322,0.7741935483870968
filip kujawa,jakub zochniak,161,48,3.9440993788819876,75.50931677018633,2026-04-18 07:10:00,0.2981366459627329,0.7018633540372671
filip kujawa,kamil rudomina,179,54,4.06145251396648,76.08938547486034,2026-04-19 08:28:49,0.3016759776536313,0.6983240223463687
filip kujawa,karol sulkowski,23,5,3.9130434782608696,72.3913043478261,2026-04-14 13:05:00,0.21739130434782608,0.782608695652174
filip kujawa,krzysztof kotyl,59,18,3.9491525423728815,75.23728813559322,2026-02-12 17:35:00,0.3050847457627119,0.6949152542372881
filip kujawa,lukasz pietraszko,32,12,3.84375,73.5625,2026-04-13 08:10:00,0.375,0.625
filip kujawa,maciej sinitsky,33,10,3.8484848484848486,70.60606060606061,2026-02-04 19:10:00,0.30303030303030304,0.696969696969697
filip kujawa,marchlewski kacper,21,8,3.761904761904762,71.80952380952381,2025-09-28 12:24:07,0.38095238095238093,0.6190476190476191
filip kujawa,marcin balcerzak,20,12,3.55,65.6,2026-02-09 15:20:00,0.6,0.4
filip kujawa,mateusz misiak,180,71,3.8,71.87222222222222,2026-04-10 01:00:00,0.39444444444444443,0.6055555555555556
filip kujawa,mateusz zagajewski,38,13,3.8684210526315788,72.60526315789474,2026-04-17 07:20:00,0.34210526315789475,0.6578947368421053
filip kujawa,michal minda,124,29,4.112903225806452,78.91129032258064,2026-04-17 10:00:00,0.23387096774193547,0.7661290322580645
filip kujawa,mikolaj lukaszewski,24,9,3.9166666666666665,73.75,2026-01-28 11:55:00,0.375,0.625
filip kujawa,milosz piecowski,69,20,4.057971014492754,78.53623188405797,2026-04-14 12:15:00,0.2898550724637681,0.7101449275362319
filip kujawa,piotr maruszak,22,7,3.9545454545454546,75.5,2026-04-09 20:30:00,0.3181818181818182,0.6818181818181819
filip kujawa,przemyslaw blocho,65,23,3.9076923076923076,74.29230769230769,2026-03-23 02:05:00,0.35384615384615387,0.6461538461538461
filip kujawa,radoslaw malinowski,28,13,3.857142857142857,75.35714285714286,2026-04-18 07:55:00,0.4642857142857143,0.5357142857142857
filip kujawa,sebastian baran,24,12,3.875,73.79166666666667,2026-02-14 19:30:00,0.5,0.5
filip kujawa,szymon radlo,147,35,4.01360544217687,79.68707482993197,2026-02-04 19:55:00,0.23809523809523808,0.7619047619047619
filip kujawa,szymon seroka,21,8,3.761904761904762,72.76190476190476,2025-03-26 13:45:00,0.38095238095238093,0.6190476190476191
filip kujawa,tomasz filbrand,34,10,4.0,74.26470588235294,2026-03-24 16:25:00,0.29411764705882354,0.7058823529411764
filip kujawa,wojciech gluszek,72,29,3.861111111111111,74.41666666666667,2026-03-24 19:10:00,0.4027777777777778,0.5972222222222222
filip kujawa,wojciech gronowski,35,7,4.0,76.08571428571429,2026-04-18 09:20:00,0.2,0.8
filip mlynarski,grzegorz adamiak,158,48,4.044303797468355,74.91772151898734,2025-05-11 11:35:00,0.3037974683544304,0.6962025316455696
filip mlynarski,grzegorz felkel,71,29,3.8450704225352115,71.04225352112677,2025-01-13 14:10:00,0.4084507042253521,0.5915492957746479
filip mlynarski,jakub kosowski,58,16,3.9655172413793105,73.55172413793103,2025-01-27 06:05:00,0.27586206896551724,0.7241379310344828
filip mlynarski,jakub maslowski,27,11,3.814814814814815,71.18518518518519,2025-04-21 07:35:00,0.4074074074074074,0.5925925925925926
filip mlynarski,jakub stecyszyn,20,9,3.95,72.6,2024-03-03 06:35:00,0.45,0.55
filip mlynarski,jakub witkowski,40,8,4.3,79.55,2025-03-03 02:10:00,0.2,0.8
filip mlynarski,jan zandecki,46,17,3.891304347826087,72.93478260869566,2025-05-04 11:10:00,0.3695652173913043,0.6304347826086957
filip mlynarski,josef braun,30,12,3.8333333333333335,70.56666666666666,2025-04-20 14:50:00,0.4,0.6
filip mlynarski,kacper petas,72,32,3.736111111111111,70.18055555555556,2025-05-11 14:30:00,0.4444444444444444,0.5555555555555556
filip mlynarski,kamil nalepa,25,11,3.88,70.8,2024-03-26 10:40:00,0.44,0.56
filip mlynarski,konrad kulpa,25,13,3.64,66.28,2025-05-04 13:40:00,0.52,0.48
filip mlynarski,konrad staszczyk,80,47,3.6,66.5875,2024-07-22 08:30:00,0.5875,0.4125
filip mlynarski,krystian kolodziej,98,56,3.5816326530612246,65.62244897959184,2025-05-12 00:45:00,0.5714285714285714,0.4285714285714286
filip mlynarski,krzysztof kapik,125,49,3.832,68.712,2025-05-12 07:35:00,0.392,0.608
filip mlynarski,krzysztof marcinowski,27,17,3.4814814814814814,62.74074074074074,2025-04-13 00:45:00,0.6296296296296297,0.37037037037037035
filip mlynarski,krzysztof niemiec,26,17,3.4615384615384617,62.61538461538461,2025-05-11 02:00:00,0.6538461538461539,0.34615384615384615
filip mlynarski,krzysztof wloczko,89,28,3.943820224719101,74.71910112359551,2025-05-05 03:30:00,0.3146067415730337,0.6853932584269663
filip mlynarski,lukasz jarocki,157,54,3.929936305732484,72.38216560509554,2025-05-12 09:55:00,0.34394904458598724,0.6560509554140128
filip mlynarski,lukasz nadolski,61,19,4.0,71.37704918032787,2025-05-11 12:25:00,0.3114754098360656,0.6885245901639344
filip mlynarski,maciej nowalinski,54,16,3.962962962962963,74.46296296296296,2025-05-05 00:20:00,0.2962962962962963,0.7037037037037037
filip mlynarski,maciej podsiadlo,56,25,3.8392857142857144,71.14285714285714,2024-08-26 15:00:00,0.44642857142857145,0.5535714285714286
filip mlynarski,maksymilian miastowski,38,14,4.026315789473684,75.94736842105263,2025-04-21 13:10:00,0.3684210526315789,0.631578947368421
filip mlynarski,marcin jadczyk,146,46,3.958904109589041,73.5958904109589,2025-02-16 09:00:00,0.3150684931506849,0.6849315068493151
filip mlynarski,marcin litwiniuk,33,18,3.606060606060606,65.78787878787878,2025-01-26 12:35:00,0.5454545454545454,0.4545454545454546
filip mlynarski,marcin marchlewski,23,11,3.608695652173913,64.0,2025-05-11 01:35:00,0.4782608695652174,0.5217391304347826
filip mlynarski,mateusz czernik,40,20,3.65,65.625,2025-04-07 00:45:00,0.5,0.5
filip mlynarski,mateusz golebiowski,86,43,3.7674418604651163,69.29069767441861,2025-04-27 10:25:00,0.5,0.5
filip mlynarski,michal galas,28,9,4.0,76.25,2023-05-30 07:50:00,0.32142857142857145,0.6785714285714286
filip mlynarski,michal murawski,125,59,3.768,68.304,2025-05-12 10:40:00,0.472,0.528
filip mlynarski,miroslav sklensky,46,29,3.5652173913043477,67.04347826086956,2025-05-12 06:10:00,0.6304347826086957,0.3695652173913043
filip mlynarski,petr david,59,22,3.76271186440678,70.23728813559322,2025-05-11 10:00:00,0.3728813559322034,0.6271186440677966
filip mlynarski,piotr chlodnicki,33,15,3.6363636363636362,65.87878787878788,2025-03-23 13:25:00,0.45454545454545453,0.5454545454545454
filip mlynarski,piotr chodorski,20,4,4.05,74.85,2025-04-14 12:20:00,0.2,0.8
filip mlynarski,piotr cyrnek,20,5,3.9,70.65,2025-05-04 10:25:00,0.25,0.75
filip mlynarski,rutkowski mateusz,74,35,3.7837837837837838,68.66216216216216,2024-03-19 01:50:00,0.47297297297297297,0.527027027027027
filip mlynarski,slawomir dosz,37,10,4.027027027027027,71.97297297297297,2025-03-30 10:00:00,0.2702702702702703,0.7297297297297297
filip mlynarski,szymon kolasa,48,21,3.75,70.08333333333333,2025-04-28 01:35:00,0.4375,0.5625
filip mlynarski,szymon seroka,61,32,3.639344262295082,64.0327868852459,2025-05-05 02:00:00,0.5245901639344263,0.47540983606557374
filip mlynarski,szymon sporek,48,18,3.8958333333333335,71.08333333333333,2025-04-28 02:00:00,0.375,0.625
filip mlynarski,tomasz filbrand,45,14,4.0,75.13333333333334,2025-05-04 02:20:00,0.3111111111111111,0.6888888888888889
filip sikora,jiri skrla,28,4,4.25,80.57142857142857,2025-08-20 02:20:00,0.14285714285714285,0.8571428571428572
filip witczak,grzegorz sawicki,28,6,4.178571428571429,78.07142857142857,2025-09-06 11:30:00,0.21428571428571427,0.7857142857142857
filip witczak,jakub michalski,24,8,3.9583333333333335,75.20833333333333,2025-12-28 17:40:00,0.3333333333333333,0.6666666666666667
filip witczak,krzysztof juszczyk,21,5,3.9523809523809526,74.19047619047619,2026-02-21 12:30:00,0.23809523809523808,0.7619047619047619
filip witczak,lukasz bernacki,45,5,4.266666666666667,82.93333333333334,2026-02-21 13:45:00,0.1111111111111111,0.8888888888888888
filip witczak,lukasz oracz,45,10,4.044444444444444,77.68888888888888,2026-01-31 14:30:00,0.2222222222222222,0.7777777777777778
filip witczak,maciej malecha,29,8,4.068965517241379,78.3103448275862,2026-01-24 13:45:00,0.27586206896551724,0.7241379310344828
filip witczak,mariusz adamus,20,4,4.1,78.4,2026-04-19 08:45:00,0.2,0.8
filip witczak,michal oracz,43,25,3.5813953488372094,68.25581395348837,2026-03-14 13:45:00,0.5813953488372093,0.41860465116279066
filip witczak,mista sylwester,92,25,4.043478260869565,76.02173913043478,2026-01-10 16:55:00,0.2717391304347826,0.7282608695652174
filip witczak,oskar jadach,27,6,3.888888888888889,76.44444444444444,2026-04-19 11:55:00,0.2222222222222222,0.7777777777777778
filip witczak,patryk gamrot,41,7,4.219512195121951,82.90243902439025,2026-03-14 12:30:00,0.17073170731707318,0.8292682926829268
filip witczak,patryk jedrzejak,79,25,3.9873417721518987,76.60759493670886,2026-04-04 16:20:00,0.31645569620253167,0.6835443037974683
filip witczak,piotr gumulinski,27,6,4.185185185185185,80.48148148148148,2026-02-14 13:45:00,0.2222222222222222,0.7777777777777778
filip witczak,rafal wojcik,60,15,4.05,76.56666666666666,2026-03-22 17:20:00,0.25,0.75
filip witczak,sebastian szostok,20,2,4.45,83.8,2026-03-15 14:55:00,0.1,0.9
filip witczak,witold buczynski,41,9,4.121951219512195,77.4390243902439,2026-04-19 09:55:00,0.21951219512195122,0.7804878048780488
frantisek krcil,grzegorz poliniewicz,58,19,4.051724137931035,75.24137931034483,2026-02-24 08:20:00,0.3275862068965517,0.6724137931034483
frantisek krcil,jakub wozniak,26,13,3.576923076923077,64.6923076923077,2025-07-04 14:40:00,0.5,0.5
frantisek krcil,jakub zochniak,23,5,4.086956521739131,77.52173913043478,2026-02-24 10:50:00,0.21739130434782608,0.782608695652174
frantisek krcil,josef braun,36,19,3.6666666666666665,68.19444444444444,2025-12-16 12:05:00,0.5277777777777778,0.4722222222222222
frantisek krcil,kacper glazowski,26,7,4.076923076923077,76.8076923076923,2026-02-02 10:55:00,0.2692307692307692,0.7307692307692308
frantisek krcil,karol strowski,41,16,3.8048780487804876,71.85365853658537,2026-02-13 13:20:00,0.3902439024390244,0.6097560975609756
frantisek krcil,karol wisniewski,31,14,3.806451612903226,70.06451612903226,2026-02-13 11:40:00,0.45161290322580644,0.5483870967741935
frantisek krcil,krzysztof kapik,49,17,3.877551020408163,72.55102040816327,2026-01-15 04:55:00,0.3469387755102041,0.653061224489796
frantisek krcil,krzysztof wloczko,52,23,3.8461538461538463,70.34615384615384,2026-02-13 09:45:00,0.4423076923076923,0.5576923076923077
frantisek krcil,lukasz jarocki,42,17,3.8333333333333335,70.76190476190476,2026-01-06 10:30:00,0.40476190476190477,0.5952380952380952
frantisek krcil,maciej nowalinski,23,8,3.782608695652174,70.69565217391305,2026-01-22 07:10:00,0.34782608695652173,0.6521739130434783
frantisek krcil,marcin balcerzak,56,28,3.7142857142857144,66.96428571428571,2026-02-02 15:00:00,0.5,0.5
frantisek krcil,michal minda,37,14,3.810810810810811,69.21621621621621,2026-02-10 13:15:00,0.3783783783783784,0.6216216216216216
frantisek krcil,michal murawski,48,20,3.8333333333333335,71.64583333333333,2025-10-28 10:55:00,0.4166666666666667,0.5833333333333333
frantisek krcil,miroslav sklensky,53,31,3.6037735849056602,66.75471698113208,2026-02-13 14:10:00,0.5849056603773585,0.41509433962264153
frantisek krcil,szymon seroka,22,10,3.727272727272727,70.9090909090909,2025-04-25 09:55:00,0.45454545454545453,0.5454545454545454
frantisek krcil,tomasz filbrand,26,4,4.3076923076923075,81.15384615384616,2025-10-23 15:05:00,0.15384615384615385,0.8461538461538461
frantisek krcil,wojciech gluszek,20,11,3.65,64.95,2025-06-12 11:00:00,0.55,0.44999999999999996
gracjan kesic,sebastian baran,22,10,3.727272727272727,68.72727272727273,2026-04-12 12:45:00,0.45454545454545453,0.5454545454545454
grzegorz adamiak,grzegorz felkel,66,21,3.984848484848485,73.37878787878788,2026-03-29 04:20:00,0.3181818181818182,0.6818181818181819
grzegorz adamiak,jakub kosowski,26,12,3.8076923076923075,70.73076923076923,2025-12-07 12:10:00,0.46153846153846156,0.5384615384615384
grzegorz adamiak,jan zandecki,44,11,4.113636363636363,75.06818181818181,2026-04-18 12:50:00,0.25,0.75
grzegorz adamiak,josef braun,49,15,3.979591836734694,76.08163265306122,2026-04-18 11:10:00,0.30612244897959184,0.6938775510204082
grzegorz adamiak,kacper petas,89,36,3.831460674157303,72.28089887640449,2025-11-02 15:50:00,0.4044943820224719,0.5955056179775281
grzegorz adamiak,karol strowski,20,3,4.15,77.7,2026-04-03 13:10:00,0.15,0.85
grzegorz adamiak,karol wisniewski,37,11,3.945945945945946,74.89189189189189,2026-04-19 07:15:00,0.2972972972972973,0.7027027027027026
grzegorz adamiak,konrad kulpa,25,14,3.56,64.2,2025-06-22 11:35:00,0.56,0.43999999999999995
grzegorz adamiak,krystian kolodziej,22,9,3.9545454545454546,71.0909090909091,2025-11-02 15:05:00,0.4090909090909091,0.5909090909090908
grzegorz adamiak,krzysztof kapik,22,9,3.727272727272727,68.0909090909091,2025-07-18 14:25:00,0.4090909090909091,0.5909090909090908
grzegorz adamiak,krzysztof wloczko,38,12,4.157894736842105,77.55263157894737,2026-04-03 03:30:00,0.3157894736842105,0.6842105263157895
grzegorz adamiak,lukasz jarocki,81,28,3.9012345679012346,72.93827160493827,2026-04-19 13:40:00,0.345679012345679,0.654320987654321
grzegorz adamiak,lukasz nadolski,63,14,4.063492063492063,75.42857142857143,2025-11-09 15:05:00,0.2222222222222222,0.7777777777777778
grzegorz adamiak,maciej nowalinski,50,19,3.82,72.8,2026-04-12 10:25:00,0.38,0.62
grzegorz adamiak,maciej podsiadlo,75,22,3.8933333333333335,70.53333333333333,2024-08-22 13:25:00,0.29333333333333333,0.7066666666666667
grzegorz adamiak,maksymilian miastowski,40,15,3.975,75.025,2025-09-21 12:25:00,0.375,0.625
grzegorz adamiak,marcin jadczyk,83,30,3.8313253012048194,70.1566265060241,2026-04-12 14:50:00,0.3614457831325301,0.6385542168674698
grzegorz adamiak,marcin litwiniuk,22,8,3.9545454545454546,71.45454545454545,2025-04-04 07:40:00,0.36363636363636365,0.6363636363636364
grzegorz adamiak,martin olejnik,22,7,3.8181818181818183,70.45454545454545,2026-04-18 14:05:00,0.3181818181818182,0.6818181818181819
grzegorz adamiak,mateusz golebiowski,80,40,3.75,69.2,2026-02-07 14:40:00,0.5,0.5
grzegorz adamiak,michal malachowski,33,11,4.03030303030303,76.0,2025-11-09 11:45:00,0.3333333333333333,0.6666666666666667
grzegorz adamiak,michal murawski,102,39,3.872549019607843,70.83333333333333,2026-02-08 13:25:00,0.38235294117647056,0.6176470588235294
grzegorz adamiak,miroslav sklensky,33,10,4.090909090909091,77.87878787878788,2026-03-13 07:10:00,0.30303030303030304,0.696969696969697
grzegorz adamiak,petr david,32,13,3.75,69.125,2026-04-11 14:05:00,0.40625,0.59375
grzegorz adamiak,piotr chlodnicki,25,9,4.0,74.96,2026-04-02 06:10:00,0.36,0.64
grzegorz adamiak,piotr chodorski,20,5,3.95,74.45,2026-01-03 11:45:00,0.25,0.75
grzegorz adamiak,slawomir dosz,37,15,3.810810810810811,69.70270270270271,2025-10-05 10:25:00,0.40540540540540543,0.5945945945945945
grzegorz adamiak,szymon kolasa,38,11,4.026315789473684,75.34210526315789,2026-03-29 06:15:00,0.2894736842105263,0.7105263157894737
grzegorz adamiak,szymon sporek,21,4,4.0,73.28571428571429,2026-04-19 10:25:00,0.19047619047619047,0.8095238095238095
grzegorz felkel,jakub folwarski,33,10,4.0,75.12121212121212,2026-04-03 12:25:00,0.30303030303030304,0.696969696969697
grzegorz felkel,jakub kosowski,176,66,3.8181818181818183,72.04545454545455,2026-04-16 14:50:00,0.375,0.625
grzegorz felkel,jakub maslowski,28,11,3.7142857142857144,71.71428571428571,2025-03-07 11:35:00,0.39285714285714285,0.6071428571428572
grzegorz felkel,jan zandecki,80,29,4.0,74.05,2026-04-16 10:25:00,0.3625,0.6375
grzegorz felkel,josef braun,79,27,4.037974683544304,74.26582278481013,2026-04-15 14:05:00,0.34177215189873417,0.6582278481012658
grzegorz felkel,kacper petas,131,43,3.9160305343511452,72.95419847328245,2026-04-16 05:05:00,0.3282442748091603,0.6717557251908397
grzegorz felkel,karol wisniewski,46,18,3.782608695652174,69.6304347826087,2026-04-07 12:00:00,0.391304347826087,0.6086956521739131
grzegorz felkel,konrad staszczyk,29,15,3.7586206896551726,67.0,2024-01-16 18:00:00,0.5172413793103449,0.48275862068965514
grzegorz felkel,krystian kolodziej,58,34,3.6206896551724137,64.70689655172414,2025-08-06 19:00:00,0.5862068965517241,0.4137931034482759
grzegorz felkel,krzysztof kapik,51,21,3.823529411764706,68.80392156862744,2026-01-15 13:15:00,0.4117647058823529,0.5882352941176471
grzegorz felkel,krzysztof wloczko,62,20,3.9516129032258065,72.08064516129032,2026-03-16 06:05:00,0.3225806451612903,0.6774193548387097
grzegorz felkel,lukasz jarocki,109,48,3.743119266055046,68.5137614678899,2026-04-16 13:40:00,0.44036697247706424,0.5596330275229358
grzegorz felkel,lukasz nadolski,23,10,3.782608695652174,67.56521739130434,2025-11-23 16:10:00,0.43478260869565216,0.5652173913043479
grzegorz felkel,maciej nowalinski,57,27,3.754385964912281,68.66666666666667,2026-04-03 15:10:00,0.47368421052631576,0.5263157894736843
grzegorz felkel,maciej podsiadlo,36,16,3.7222222222222223,66.55555555555556,2024-09-11 06:05:00,0.4444444444444444,0.5555555555555556
grzegorz felkel,maksymilian miastowski,78,17,4.166666666666667,79.52564102564102,2026-04-07 15:10:00,0.21794871794871795,0.782051282051282
grzegorz felkel,marcin jadczyk,195,66,3.887179487179487,71.72307692307692,2026-04-07 10:45:00,0.3384615384615385,0.6615384615384615
grzegorz felkel,martin olejnik,76,21,4.052631578947368,74.8157894736842,2026-04-15 11:25:00,0.27631578947368424,0.7236842105263157
grzegorz felkel,mateusz golebiowski,185,56,4.010810810810811,74.82702702702703,2026-02-06 16:10:00,0.3027027027027027,0.6972972972972973
grzegorz felkel,michal galas,21,10,3.6666666666666665,67.85714285714286,2023-06-01 01:50:00,0.47619047619047616,0.5238095238095238
grzegorz felkel,michal murawski,106,43,3.80188679245283,69.62264150943396,2026-03-09 12:10:00,0.4056603773584906,0.5943396226415094
grzegorz felkel,miroslav sklensky,33,8,4.242424242424242,80.54545454545455,2026-02-15 11:45:00,0.24242424242424243,0.7575757575757576
grzegorz felkel,patrik klos,41,13,4.048780487804878,76.90243902439025,2026-04-15 10:30:00,0.3170731707317073,0.6829268292682926
grzegorz felkel,patryk lewandowski,34,10,4.029411764705882,72.26470588235294,2026-04-06 04:00:00,0.29411764705882354,0.7058823529411764
grzegorz felkel,petr david,96,28,4.072916666666667,77.1875,2026-04-16 12:25:00,0.2916666666666667,0.7083333333333333
grzegorz felkel,piotr chlodnicki,34,22,3.4705882352941178,61.05882352941177,2025-06-24 12:45:00,0.6470588235294118,0.3529411764705882
grzegorz felkel,piotr chodorski,70,27,3.8142857142857145,70.81428571428572,2026-03-24 14:40:00,0.38571428571428573,0.6142857142857143
grzegorz felkel,piotr cyrnek,49,9,4.183673469387755,80.61224489795919,2026-01-05 13:50:00,0.1836734693877551,0.8163265306122449
grzegorz felkel,rutkowski mateusz,26,11,3.8076923076923075,67.15384615384616,2024-01-14 22:10:00,0.4230769230769231,0.5769230769230769
grzegorz felkel,slawomir dosz,44,12,3.977272727272727,74.06818181818181,2025-05-06 10:25:00,0.2727272727272727,0.7272727272727273
grzegorz felkel,szymon kolasa,56,20,3.875,70.28571428571429,2026-03-30 05:05:00,0.35714285714285715,0.6428571428571428
grzegorz felkel,szymon sporek,26,9,3.8461538461538463,69.84615384615384,2026-03-29 12:00:00,0.34615384615384615,0.6538461538461539
grzegorz jurowicz,grzegorz wichowski,47,15,3.872340425531915,73.42553191489361,2026-04-10 13:55:00,0.3191489361702128,0.6808510638297872
grzegorz jurowicz,jakub pruszkowski,22,12,3.6363636363636362,71.18181818181819,2026-03-25 18:05:00,0.5454545454545454,0.4545454545454546
grzegorz jurowicz,jerzy pelka,34,7,4.147058823529412,78.79411764705883,2026-04-09 15:05:00,0.20588235294117646,0.7941176470588236
grzegorz jurowicz,kacper adamus,44,13,3.8863636363636362,73.61363636363636,2026-04-14 13:55:00,0.29545454545454547,0.7045454545454546
grzegorz jurowicz,kacper slawinski,40,19,3.725,71.125,2026-01-26 13:45:00,0.475,0.525
grzegorz jurowicz,lukasz oracz,32,11,3.90625,72.375,2026-04-14 15:55:00,0.34375,0.65625
grzegorz jurowicz,patryk mecik,35,7,4.171428571428572,79.28571428571429,2026-03-23 14:55:00,0.2,0.8
grzegorz jurowicz,rafal skotniczny,47,24,3.6595744680851063,67.40425531914893,2026-03-23 12:30:00,0.5106382978723404,0.4893617021276596
grzegorz jurowicz,sebastian juzek,22,7,3.8636363636363638,72.95454545454545,2026-03-25 15:20:00,0.3181818181818182,0.6818181818181819
grzegorz jurowicz,wojciech tobiasz,36,10,3.9722222222222223,73.91666666666667,2026-03-23 16:55:00,0.2777777777777778,0.7222222222222222
grzegorz jurowicz,yurij fomin,24,10,3.8333333333333335,73.66666666666667,2026-03-23 17:40:00,0.4166666666666667,0.5833333333333333
grzegorz marud,jakub kaczmarek,46,12,4.065217391304348,78.43478260869566,2026-03-03 19:00:00,0.2608695652173913,0.7391304347826086
grzegorz marud,jakub michalski,26,9,3.8461538461538463,70.76923076923077,2026-03-10 04:30:00,0.34615384615384615,0.6538461538461539
grzegorz marud,jakub nowak,81,28,3.9012345679012346,73.91358024691358,2026-04-15 01:10:00,0.345679012345679,0.654320987654321
grzegorz marud,jakub pruszkowski,204,71,3.9607843137254903,75.40686274509804,2026-04-14 04:40:00,0.3480392156862745,0.6519607843137255
grzegorz marud,krzysztof hetnar,21,8,3.8095238095238093,72.14285714285714,2026-03-10 18:35:00,0.38095238095238093,0.6190476190476191
grzegorz marud,lukasz bernacki,21,11,3.761904761904762,71.57142857142857,2025-09-22 05:05:00,0.5238095238095238,0.47619047619047616
grzegorz marud,marek tkocz,44,16,3.8636363636363638,70.61363636363636,2026-04-15 00:25:00,0.36363636363636365,0.6363636363636364
grzegorz marud,marian lebek,27,15,3.5925925925925926,64.85185185185185,2026-03-17 23:50:00,0.5555555555555556,0.4444444444444444
grzegorz marud,mariusz adamus,47,15,4.0638297872340425,76.44680851063829,2026-03-17 23:00:00,0.3191489361702128,0.6808510638297872
grzegorz marud,mariusz baron,210,50,4.066666666666666,76.15238095238095,2026-04-14 22:00:00,0.23809523809523808,0.7619047619047619
grzegorz marud,mariusz koczyba,56,24,3.7857142857142856,70.17857142857143,2026-04-14 19:10:00,0.42857142857142855,0.5714285714285714
grzegorz marud,oliver vincenec,20,3,4.35,81.4,2026-03-18 03:00:00,0.15,0.85
grzegorz marud,oskar jadach,159,51,4.031446540880503,75.84905660377359,2026-02-17 03:20:00,0.32075471698113206,0.679245283018868
grzegorz marud,pawel adamus,22,8,3.9545454545454546,74.81818181818181,2026-02-10 16:35:00,0.36363636363636365,0.6363636363636364
grzegorz marud,piotr gumulinski,202,57,4.1138613861386135,77.88613861386139,2026-04-13 02:20:00,0.28217821782178215,0.7178217821782178
grzegorz marud,przemyslaw blocho,22,12,3.6363636363636362,66.0,2024-11-24 20:10:00,0.5454545454545454,0.4545454545454546
grzegorz marud,robert kostepski,36,15,3.8333333333333335,74.11111111111111,2026-04-14 02:20:00,0.4166666666666667,0.5833333333333333
grzegorz marud,robert szymik,35,16,3.8,68.22857142857143,2026-02-16 04:30:00,0.45714285714285713,0.5428571428571429
grzegorz marud,schaniel krzysztof,187,53,4.090909090909091,76.42245989304813,2026-04-14 00:20:00,0.28342245989304815,0.7165775401069518
grzegorz marud,sebastian szostok,42,7,4.095238095238095,76.95238095238095,2026-04-07 02:20:00,0.16666666666666666,0.8333333333333334
grzegorz marud,tomasz wrzalik,38,8,4.184210526315789,77.28947368421052,2026-04-15 02:00:00,0.21052631578947367,0.7894736842105263
grzegorz marud,wojciech urban,64,22,4.015625,75.921875,2026-04-14 01:30:00,0.34375,0.65625
grzegorz poliniewicz,igor dabrowski,31,11,3.935483870967742,73.48387096774194,2026-04-16 05:15:00,0.3548387096774194,0.6451612903225806
grzegorz poliniewicz,jakub glanowski,102,34,4.009803921568627,80.04901960784314,2026-04-15 06:05:00,0.3333333333333333,0.6666666666666667
grzegorz poliniewicz,jakub kuzmicz,20,6,3.85,73.5,2026-04-17 09:05:00,0.3,0.7
grzegorz poliniewicz,jakub wozniak,86,29,3.9302325581395348,73.83720930232558,2026-02-14 10:55:00,0.3372093023255814,0.6627906976744187
grzegorz poliniewicz,jakub zochniak,375,149,3.8186666666666667,72.64266666666667,2026-04-18 03:05:00,0.3973333333333333,0.6026666666666667
grzegorz poliniewicz,jaroslaw rolak,24,9,3.875,74.95833333333333,2024-09-07 14:35:00,0.375,0.625
grzegorz poliniewicz,kacper glazowski,37,16,3.7567567567567566,70.97297297297297,2026-04-07 03:05:00,0.43243243243243246,0.5675675675675675
grzegorz poliniewicz,kamil rudomina,248,72,4.088709677419355,77.8225806451613,2026-04-19 04:35:00,0.2903225806451613,0.7096774193548387
grzegorz poliniewicz,karol strowski,47,10,4.042553191489362,78.17021276595744,2026-04-13 11:20:00,0.2127659574468085,0.7872340425531915
grzegorz poliniewicz,karol wisniewski,130,39,4.053846153846154,76.71538461538462,2026-04-17 10:40:00,0.3,0.7
grzegorz poliniewicz,konrad staszczyk,28,11,3.75,69.92857142857143,2024-07-21 15:25:00,0.39285714285714285,0.6071428571428572
grzegorz poliniewicz,krystian kolodziej,61,27,3.8360655737704916,69.22950819672131,2025-11-16 19:40:00,0.4426229508196721,0.5573770491803278
grzegorz poliniewicz,krzysztof kapik,144,43,3.9722222222222223,75.09722222222223,2026-04-17 04:35:00,0.2986111111111111,0.7013888888888888
grzegorz poliniewicz,krzysztof kotyl,121,65,3.5950413223140494,67.2396694214876,2026-02-25 07:30:00,0.5371900826446281,0.4628099173553719
grzegorz poliniewicz,krzysztof marcinowski,20,5,4.0,73.05,2026-03-15 10:55:00,0.25,0.75
grzegorz poliniewicz,krzysztof niemiec,20,6,3.8,72.05,2026-02-08 07:10:00,0.3,0.7
grzegorz poliniewicz,krzysztof wloczko,85,25,4.023529411764706,76.68235294117648,2026-04-13 12:45:00,0.29411764705882354,0.7058823529411764
grzegorz poliniewicz,lukasz jarocki,66,23,3.9242424242424243,73.62121212121212,2026-04-13 09:55:00,0.3484848484848485,0.6515151515151515
grzegorz poliniewicz,lukasz pietraszko,93,29,3.978494623655914,75.75268817204301,2026-03-30 07:45:00,0.3118279569892473,0.6881720430107527
grzegorz poliniewicz,maciej domin,26,6,4.1923076923076925,78.03846153846153,2026-04-17 11:30:00,0.23076923076923078,0.7692307692307692
grzegorz poliniewicz,maciej makajew,53,19,3.8867924528301887,74.0377358490566,2025-09-05 13:05:00,0.3584905660377358,0.6415094339622642
grzegorz poliniewicz,maciej nowalinski,48,9,4.083333333333333,77.27083333333333,2026-04-10 08:20:00,0.1875,0.8125
grzegorz poliniewicz,marchlewski kacper,39,18,3.7948717948717947,71.6923076923077,2025-04-27 23:50:00,0.46153846153846156,0.5384615384615384
grzegorz poliniewicz,marcin balcerzak,135,39,3.911111111111111,74.08148148148148,2026-04-17 13:35:00,0.28888888888888886,0.7111111111111111
grzegorz poliniewicz,marcin marchlewski,47,17,3.8085106382978724,71.40425531914893,2026-04-19 03:00:00,0.3617021276595745,0.6382978723404256
grzegorz poliniewicz,mateusz misiak,186,48,4.080645161290323,76.93010752688173,2025-12-17 08:45:00,0.25806451612903225,0.7419354838709677
grzegorz poliniewicz,mateusz zagajewski,40,15,3.8,72.225,2026-03-20 12:25:00,0.375,0.625
grzegorz poliniewicz,michal malachowski,33,6,4.090909090909091,76.42424242424242,2026-04-10 11:30:00,0.18181818181818182,0.8181818181818181
grzegorz poliniewicz,michal minda,237,84,3.9240506329113924,74.40506329113924,2026-04-15 06:55:00,0.35443037974683544,0.6455696202531646
grzegorz poliniewicz,michal murawski,31,9,3.967741935483871,76.70967741935483,2026-02-12 04:30:00,0.2903225806451613,0.7096774193548387
grzegorz poliniewicz,michal skorski,20,10,3.65,66.75,2024-03-21 21:50:00,0.5,0.5
grzegorz poliniewicz,miroslav sklensky,47,22,3.765957446808511,68.40425531914893,2026-04-13 11:55:00,0.46808510638297873,0.5319148936170213
grzegorz poliniewicz,piotr maruszak,45,12,4.022222222222222,74.77777777777777,2026-04-10 14:25:00,0.26666666666666666,0.7333333333333334
grzegorz poliniewicz,piotr strus,22,10,3.727272727272727,68.63636363636364,2023-09-14 20:00:00,0.45454545454545453,0.5454545454545454
grzegorz poliniewicz,piotr sudol,33,12,3.8484848484848486,70.93939393939394,2023-12-14 22:40:00,0.36363636363636365,0.6363636363636364
grzegorz poliniewicz,radoslaw chrzescian,20,4,4.1,79.85,2026-02-22 13:20:00,0.2,0.8
grzegorz poliniewicz,radoslaw malinowski,41,16,3.8292682926829267,71.2439024390244,2026-04-18 05:20:00,0.3902439024390244,0.6097560975609756
grzegorz poliniewicz,sebastian baran,82,36,3.8292682926829267,71.03658536585365,2026-02-14 12:55:00,0.43902439024390244,0.5609756097560976
grzegorz poliniewicz,szymon radlo,290,105,3.8793103448275863,74.52758620689656,2026-02-03 12:50:00,0.3620689655172414,0.6379310344827587
grzegorz poliniewicz,szymon seroka,163,60,3.8404907975460123,71.54601226993866,2025-04-27 16:25:00,0.36809815950920244,0.6319018404907976
grzegorz poliniewicz,szymon sporek,24,4,4.125,79.83333333333333,2026-04-03 12:45:00,0.16666666666666666,0.8333333333333334
grzegorz poliniewicz,tomasz filbrand,106,36,3.990566037735849,75.89622641509433,2026-04-17 14:25:00,0.33962264150943394,0.6603773584905661
grzegorz poliniewicz,wojciech gluszek,132,44,3.9318181818181817,73.22727272727273,2025-12-02 13:40:00,0.3333333333333333,0.6666666666666667
grzegorz poliniewicz,wojciech gronowski,25,5,4.2,79.88,2026-04-12 05:25:00,0.2,0.8
grzegorz sawicki,jakub michalski,86,30,3.9651162790697674,75.0813953488372,2026-04-19 05:05:00,0.3488372093023256,0.6511627906976745
grzegorz sawicki,jakub nowak,49,7,4.183673469387755,81.75510204081633,2026-04-05 01:55:00,0.14285714285714285,0.8571428571428572
grzegorz sawicki,jaroslaw badura,31,9,3.967741935483871,76.64516129032258,2026-04-12 22:00:00,0.2903225806451613,0.7096774193548387
grzegorz sawicki,krzysztof juszczyk,108,34,3.9537037037037037,73.98148148148148,2026-04-13 00:25:00,0.3148148148148148,0.6851851851851851
grzegorz sawicki,lukasz bernacki,24,12,3.8333333333333335,72.33333333333333,2026-03-16 03:00:00,0.5,0.5
grzegorz sawicki,mariusz adamus,36,4,4.388888888888889,83.75,2026-04-12 01:30:00,0.1111111111111111,0.8888888888888888
grzegorz sawicki,mariusz baron,22,6,4.2272727272727275,82.45454545454545,2026-02-01 04:30:00,0.2727272727272727,0.7272727272727273
grzegorz sawicki,michal kumor,22,5,4.2272727272727275,80.68181818181819,2026-01-25 00:30:00,0.22727272727272727,0.7727272727272727
grzegorz sawicki,mista sylwester,40,7,4.35,84.275,2025-12-25 18:35:00,0.175,0.825
grzegorz sawicki,patryk jedrzejak,28,13,3.7857142857142856,72.35714285714286,2025-09-06 13:55:00,0.4642857142857143,0.5357142857142857
grzegorz sawicki,pawel gasiorski,21,8,3.9047619047619047,71.0952380952381,2025-11-22 08:10:00,0.38095238095238093,0.6190476190476191
grzegorz sawicki,pawel slosarczyk,36,11,4.055555555555555,76.36111111111111,2026-04-13 02:00:00,0.3055555555555556,0.6944444444444444
grzegorz sawicki,piotr gumulinski,24,7,4.083333333333333,77.5,2026-04-12 05:05:00,0.2916666666666667,0.7083333333333333
grzegorz sawicki,rafal idaczyk,24,5,4.458333333333333,89.04166666666667,2026-03-21 04:35:00,0.20833333333333334,0.7916666666666666
grzegorz sawicki,rafal ogon,24,10,3.9583333333333335,79.04166666666667,2026-04-13 01:10:00,0.4166666666666667,0.5833333333333333
grzegorz sawicki,rafal wojcik,27,10,3.962962962962963,71.48148148148148,2025-06-29 14:45:00,0.37037037037037035,0.6296296296296297
grzegorz sawicki,robert szymik,43,25,3.6511627906976742,67.34883720930233,2026-04-19 00:45:00,0.5813953488372093,0.41860465116279066
grzegorz sawicki,roman wiza,100,32,4.01,76.63,2026-04-19 03:30:00,0.32,0.6799999999999999
grzegorz sawicki,schaniel krzysztof,31,7,4.387096774193548,84.3225806451613,2026-03-01 00:55:00,0.22580645161290322,0.7741935483870968
grzegorz sawicki,sebastian krupa,21,4,4.238095238095238,82.04761904761905,2026-04-05 22:25:00,0.19047619047619047,0.8095238095238095
grzegorz sawicki,sebastian szostok,25,7,4.08,75.24,2026-02-01 01:20:00,0.28,0.72
grzegorz sawicki,wojciech pytlas,21,5,4.0476190476190474,77.28571428571429,2026-03-29 08:00:00,0.23809523809523808,0.7619047619047619
grzegorz wichowski,jakub kaczmarek,30,13,3.8333333333333335,71.23333333333333,2026-03-16 14:10:00,0.43333333333333335,0.5666666666666667
grzegorz wichowski,jakub nowak,29,10,3.9655172413793105,73.24137931034483,2026-03-16 16:30:00,0.3448275862068966,0.6551724137931034
grzegorz wichowski,jakub pruszkowski,28,5,4.321428571428571,79.03571428571429,2025-10-27 18:05:00,0.17857142857142858,0.8214285714285714
grzegorz wichowski,jerzy pelka,61,14,4.180327868852459,78.75409836065573,2026-04-03 12:20:00,0.22950819672131148,0.7704918032786885
grzegorz wichowski,kacper slawinski,51,17,4.0,73.52941176470588,2026-02-02 15:20:00,0.3333333333333333,0.6666666666666667
grzegorz wichowski,lukasz bernacki,21,7,4.0,74.61904761904762,2025-12-12 18:05:00,0.3333333333333333,0.6666666666666667
grzegorz wichowski,lukasz oracz,32,11,3.875,75.15625,2026-04-17 14:45:00,0.34375,0.65625
grzegorz wichowski,mariusz adamus,52,12,4.25,78.48076923076923,2026-04-10 15:05:00,0.23076923076923078,0.7692307692307692
grzegorz wichowski,mariusz baron,36,12,3.9722222222222223,73.47222222222223,2026-04-10 12:45:00,0.3333333333333333,0.6666666666666667
grzegorz wichowski,oskar jadach,22,9,3.9545454545454546,75.9090909090909,2026-04-03 15:30:00,0.4090909090909091,0.5909090909090908
grzegorz wichowski,patryk mecik,113,41,3.9292035398230087,72.96460176991151,2026-04-13 12:20:00,0.36283185840707965,0.6371681415929203
grzegorz wichowski,piotr gumulinski,23,9,4.0,77.1304347826087,2025-08-29 13:30:00,0.391304347826087,0.6086956521739131
grzegorz wichowski,rafal idaczyk,42,17,3.8333333333333335,70.45238095238095,2026-04-17 16:20:00,0.40476190476190477,0.5952380952380952
grzegorz wichowski,rafal skotniczny,76,29,3.8947368421052633,72.14473684210526,2026-04-17 12:20:00,0.3815789473684211,0.618421052631579
grzegorz wichowski,schaniel krzysztof,47,12,4.127659574468085,76.68085106382979,2026-04-17 15:30:00,0.2553191489361702,0.7446808510638299
grzegorz wichowski,tomasz wrzalik,55,12,4.218181818181818,79.81818181818181,2026-04-10 16:20:00,0.21818181818181817,0.7818181818181819
grzegorz wichowski,waldemar jozala,20,7,3.9,72.4,2026-04-17 09:30:00,0.35,0.65
grzegorz wichowski,witold buczynski,57,18,3.8947368421052633,72.9298245614035,2026-02-27 15:45:00,0.3157894736842105,0.6842105263157895
grzegorz wichowski,wojciech tobiasz,94,30,4.0212765957446805,75.11702127659575,2026-04-17 13:10:00,0.3191489361702128,0.6808510638297872
grzegorz wichowski,yurij fomin,78,15,4.230769230769231,79.76923076923077,2026-04-13 16:20:00,0.19230769230769232,0.8076923076923077
henryk tkaczyk,jacek oracz,49,17,4.1020408163265305,77.22448979591837,2026-03-23 23:00:00,0.3469387755102041,0.653061224489796
henryk tkaczyk,jerzy michalik,55,13,4.036363636363636,74.8,2026-04-03 01:55:00,0.23636363636363636,0.7636363636363637
henryk tkaczyk,kamil delikatny,22,8,3.8181818181818183,71.36363636363636,2026-03-20 05:20:00,0.36363636363636365,0.6363636363636364
henryk tkaczyk,lukasz pyda,46,15,3.9565217391304346,72.91304347826087,2026-03-28 02:35:00,0.32608695652173914,0.6739130434782609
henryk tkaczyk,maciej lamer,48,21,3.7083333333333335,68.5625,2026-04-17 03:55:00,0.4375,0.5625
henryk tkaczyk,marcin wozniczka,24,9,3.8333333333333335,72.29166666666667,2025-12-13 02:10:00,0.375,0.625
henryk tkaczyk,marian brunner,34,7,4.176470588235294,77.79411764705883,2026-04-15 00:45:00,0.20588235294117646,0.7941176470588236
henryk tkaczyk,michal machelski,65,23,3.876923076923077,73.01538461538462,2026-04-16 23:30:00,0.35384615384615387,0.6461538461538461
henryk tkaczyk,michal natkaniec,21,8,3.857142857142857,72.0,2026-03-28 03:20:00,0.38095238095238093,0.6190476190476191
henryk tkaczyk,miroslaw lewczuk,37,10,4.027027027027027,74.27027027027027,2026-03-30 22:00:00,0.2702702702702703,0.7297297297297297
henryk tkaczyk,miroslaw warzecha,20,8,3.85,69.2,2026-03-31 00:55:00,0.4,0.6
henryk tkaczyk,pawel chojnacki,55,22,4.0,74.05454545454545,2026-04-17 01:10:00,0.4,0.6
henryk tkaczyk,pawel polanski,46,18,3.739130434782609,68.21739130434783,2026-04-15 02:20:00,0.391304347826087,0.6086956521739131
henryk tkaczyk,zbigniew nocun,44,11,4.0227272727272725,73.25,2026-04-17 04:40:00,0.25,0.75
igor dabrowski,jacek przewlocki,61,14,4.147540983606557,76.9672131147541,2026-04-10 11:20:00,0.22950819672131148,0.7704918032786885
igor dabrowski,jakub glanowski,44,12,4.0,75.3409090909091,2026-04-19 12:45:00,0.2727272727272727,0.7272727272727273
igor dabrowski,jakub grzegorczyk,20,6,4.05,75.55,2024-12-20 00:35:00,0.3,0.7
igor dabrowski,jakub zochniak,45,14,4.044444444444444,76.53333333333333,2026-04-01 13:55:00,0.3111111111111111,0.6888888888888889
igor dabrowski,jaroslaw rolak,40,12,3.95,74.675,2025-01-04 14:55:00,0.3,0.7
igor dabrowski,kamil rudomina,46,14,3.9347826086956523,74.1086956521739,2026-04-12 12:10:00,0.30434782608695654,0.6956521739130435
igor dabrowski,karol sulkowski,24,7,3.7916666666666665,71.66666666666667,2026-04-13 13:55:00,0.2916666666666667,0.7083333333333333
igor dabrowski,krzysztof kotyl,160,38,4.10625,78.2625,2026-04-19 11:55:00,0.2375,0.7625
igor dabrowski,maciej sinitsky,106,24,4.122641509433962,80.81132075471699,2026-04-19 08:45:00,0.22641509433962265,0.7735849056603774
igor dabrowski,mariusz koczyba,29,7,4.172413793103448,75.20689655172414,2024-12-19 19:25:00,0.2413793103448276,0.7586206896551724
igor dabrowski,mateusz burkacki,76,25,4.0,75.86842105263158,2025-12-30 14:00:00,0.32894736842105265,0.6710526315789473
igor dabrowski,mateusz misiak,42,16,3.761904761904762,71.78571428571429,2026-02-24 02:25:00,0.38095238095238093,0.6190476190476191
igor dabrowski,mateusz trela,68,16,4.102941176470588,78.82352941176471,2026-04-19 09:55:00,0.23529411764705882,0.7647058823529411
igor dabrowski,mateusz zagajewski,58,22,3.793103448275862,71.60344827586206,2026-03-13 08:20:00,0.3793103448275862,0.6206896551724138
igor dabrowski,michal minda,107,23,4.196261682242991,79.46728971962617,2026-04-13 04:10:00,0.21495327102803738,0.7850467289719626
igor dabrowski,michal skorski,81,29,3.9135802469135803,73.5679012345679,2026-04-16 13:50:00,0.35802469135802467,0.6419753086419753
igor dabrowski,mikolaj lukaszewski,65,29,3.8615384615384616,71.84615384615384,2026-04-16 10:30:00,0.4461538461538462,0.5538461538461539
igor dabrowski,milosz piecowski,36,9,4.138888888888889,78.08333333333333,2026-02-01 11:30:00,0.25,0.75
igor dabrowski,miroslaw piecowski,67,15,4.08955223880597,77.08955223880596,2026-03-20 14:50:00,0.22388059701492538,0.7761194029850746
igor dabrowski,piotr staniszewski,113,23,4.176991150442478,81.30088495575221,2026-04-10 10:05:00,0.20353982300884957,0.7964601769911505
igor dabrowski,piotr strus,39,7,4.282051282051282,80.94871794871794,2025-09-13 05:40:00,0.1794871794871795,0.8205128205128205
igor dabrowski,przemyslaw blocho,32,16,3.625,69.4375,2026-03-16 08:05:00,0.5,0.5
igor dabrowski,sebastian baran,23,12,3.6956521739130435,67.6086956521739,2026-02-22 10:00:00,0.5217391304347826,0.4782608695652174
igor dabrowski,szymon radlo,47,20,3.765957446808511,71.97872340425532,2026-01-22 11:35:00,0.425531914893617,0.574468085106383
igor dabrowski,tadeusz piotrowski,81,30,3.814814814814815,69.8395061728395,2026-03-29 07:25:00,0.37037037037037035,0.6296296296296297
igor dabrowski,tomasz lojtek,33,12,3.787878787878788,71.66666666666667,2024-12-14 05:00:00,0.36363636363636365,0.6363636363636364
igor dabrowski,waclaw suchecki,23,2,4.391304347826087,81.6086956521739,2026-04-02 13:50:00,0.08695652173913043,0.9130434782608696
igor dabrowski,wojciech gluszek,52,24,3.769230769230769,71.38461538461539,2026-04-10 12:35:00,0.46153846153846156,0.5384615384615384
igor dabrowski,wojciech gronowski,20,9,3.75,71.95,2026-04-19 07:35:00,0.45,0.55
igor dabrowski,wojciech iwasyszyn,65,15,4.061538461538461,77.44615384615385,2026-03-23 14:50:00,0.23076923076923078,0.7692307692307692
jacek oracz,jerzy michalik,29,11,3.9310344827586206,73.51724137931035,2026-04-03 22:25:00,0.3793103448275862,0.6206896551724138
jacek oracz,lukasz pyda,36,26,3.3055555555555554,59.111111111111114,2026-04-04 21:35:00,0.7222222222222222,0.2777777777777778
jacek oracz,maciej lamer,24,10,3.7916666666666665,67.875,2026-03-13 22:10:00,0.4166666666666667,0.5833333333333333
jacek oracz,marcin wozniczka,22,5,4.181818181818182,81.0,2026-04-18 02:45:00,0.22727272727272727,0.7727272727272727
jacek oracz,michal machelski,35,19,3.6285714285714286,65.42857142857143,2026-03-25 04:30:00,0.5428571428571428,0.4571428571428572
jacek oracz,michal natkaniec,24,16,3.5,64.91666666666667,2026-04-19 00:00:00,0.6666666666666666,0.33333333333333337
jacek oracz,miroslaw lewczuk,26,10,3.8846153846153846,72.5,2026-04-18 00:00:00,0.38461538461538464,0.6153846153846154
jacek oracz,miroslaw warzecha,30,6,4.1,75.96666666666667,2026-03-23 23:50:00,0.2,0.8
jacek oracz,pawel chojnacki,22,7,4.045454545454546,75.13636363636364,2026-03-25 02:10:00,0.3181818181818182,0.6818181818181819
jacek oracz,pawel polanski,24,9,3.8333333333333335,72.20833333333333,2026-04-19 02:45:00,0.375,0.625
jacek oracz,waldemar glanowski,30,11,3.8333333333333335,72.33333333333333,2026-01-03 02:35:00,0.36666666666666664,0.6333333333333333
jacek przewlocki,jakub wozniak,21,7,4.0,74.80952380952381,2026-04-04 06:30:00,0.3333333333333333,0.6666666666666667
jacek przewlocki,jakub zochniak,35,19,3.5714285714285716,69.08571428571429,2026-03-21 14:55:00,0.5428571428571428,0.4571428571428572
jacek przewlocki,kamil rudomina,21,8,3.8095238095238093,71.33333333333333,2026-03-21 12:50:00,0.38095238095238093,0.6190476190476191
jacek przewlocki,krzysztof kotyl,86,14,4.27906976744186,80.26744186046511,2026-04-17 05:50:00,0.16279069767441862,0.8372093023255813
jacek przewlocki,maciej sinitsky,24,5,4.041666666666667,75.83333333333333,2025-10-04 11:00:00,0.20833333333333334,0.7916666666666666
jacek przewlocki,mateusz burkacki,38,12,3.9210526315789473,73.23684210526316,2025-12-08 10:45:00,0.3157894736842105,0.6842105263157895
jacek przewlocki,mateusz misiak,21,6,4.0,75.38095238095238,2025-12-14 10:00:00,0.2857142857142857,0.7142857142857143
jacek przewlocki,mateusz trela,50,10,4.2,80.54,2026-04-13 13:50:00,0.2,0.8
jacek przewlocki,michal minda,60,13,4.116666666666666,78.83333333333333,2026-04-07 11:25:00,0.21666666666666667,0.7833333333333333
jacek przewlocki,michal skorski,40,11,4.05,76.25,2026-03-04 14:50:00,0.275,0.725
jacek przewlocki,mikolaj lukaszewski,33,12,3.8181818181818183,70.12121212121212,2026-04-17 06:15:00,0.36363636363636365,0.6363636363636364
jacek przewlocki,milosz piecowski,26,7,4.038461538461538,77.07692307692308,2026-04-07 10:10:00,0.2692307692307692,0.7307692307692308
jacek przewlocki,miroslaw piecowski,40,12,4.075,75.35,2026-03-20 11:30:00,0.3,0.7
jacek przewlocki,piotr staniszewski,35,6,4.171428571428572,76.8,2026-04-10 09:00:00,0.17142857142857143,0.8285714285714285
jacek przewlocki,piotr strus,33,8,4.121212121212121,76.75757575757575,2026-03-28 07:05:00,0.24242424242424243,0.7575757575757576
jacek przewlocki,tadeusz piotrowski,85,24,4.129411764705883,77.07058823529412,2026-04-04 11:25:00,0.2823529411764706,0.7176470588235294
jacek przewlocki,waclaw suchecki,49,18,3.979591836734694,75.93877551020408,2026-03-28 13:15:00,0.3673469387755102,0.6326530612244898
jacek przewlocki,wojciech gluszek,65,22,3.8923076923076922,72.46153846153847,2026-04-17 10:05:00,0.3384615384615385,0.6615384615384615
jacek przewlocki,wojciech iwasyszyn,46,13,4.021739130434782,75.34782608695652,2026-04-17 13:50:00,0.2826086956521739,0.7173913043478262
jakub chmielowski,krystian kolodziej,30,9,3.8,68.86666666666666,2026-04-19 01:10:00,0.3,0.7
jakub chmielowski,szymon brud,22,5,4.090909090909091,77.5,2026-01-16 20:40:00,0.22727272727272727,0.7727272727272727
jakub chmielowski,tomasz filbrand,30,7,4.066666666666666,79.43333333333334,2026-01-25 21:15:00,0.23333333333333334,0.7666666666666666
jakub cyndera,michal machelski,22,6,3.9545454545454546,74.0909090909091,2026-04-13 22:25:00,0.2727272727272727,0.7272727272727273
jakub cyndera,miroslaw lewczuk,36,8,4.055555555555555,73.77777777777777,2026-04-14 02:00:00,0.2222222222222222,0.7777777777777778
jakub cyndera,miroslaw warzecha,42,18,3.7142857142857144,68.52380952380952,2026-04-14 00:10:00,0.42857142857142855,0.5714285714285714
jakub cyndera,stanislav stelmashchuk,23,5,4.086956521739131,76.0,2026-04-13 20:00:00,0.21739130434782608,0.782608695652174
jakub folwarski,jakub kosowski,50,22,3.78,72.82,2026-04-04 05:05:00,0.44,0.56
jakub folwarski,jan zandecki,21,4,4.142857142857143,78.9047619047619,2025-12-23 09:50:00,0.19047619047619047,0.8095238095238095
jakub folwarski,kacper petas,25,9,4.0,76.44,2026-03-18 09:50:00,0.36,0.64
jakub folwarski,maciej nowalinski,20,9,3.7,69.25,2026-04-03 13:40:00,0.45,0.55
jakub folwarski,marcin jadczyk,51,17,3.8823529411764706,70.68627450980392,2026-04-03 07:00:00,0.3333333333333333,0.6666666666666667
jakub folwarski,martin olejnik,27,11,3.7777777777777777,70.37037037037037,2026-04-04 04:20:00,0.4074074074074074,0.5925925925925926
jakub folwarski,mateusz golebiowski,39,14,3.871794871794872,72.64102564102564,2026-01-30 11:25:00,0.358974358974359,0.641025641025641
jakub folwarski,patryk lewandowski,20,9,3.75,69.9,2026-04-04 08:50:00,0.45,0.55
jakub folwarski,petr david,34,7,4.0588235294117645,76.26470588235294,2026-03-19 06:05:00,0.20588235294117646,0.7941176470588236
jakub folwarski,piotr chodorski,28,7,4.071428571428571,78.57142857142857,2025-09-03 10:45:00,0.25,0.75
jakub folwarski,piotr cyrnek,29,4,4.275862068965517,82.06896551724138,2026-03-19 05:20:00,0.13793103448275862,0.8620689655172413
jakub folwarski,slawomir dosz,20,10,3.7,69.25,2025-08-15 14:50:00,0.5,0.5
jakub glanowski,jakub wozniak,67,28,3.8656716417910446,75.2089552238806,2026-02-28 10:20:00,0.417910447761194,0.582089552238806
jakub glanowski,jakub zochniak,143,41,4.034965034965035,81.16783216783217,2026-04-08 00:35:00,0.2867132867132867,0.7132867132867133
jakub glanowski,kacper makowski,32,8,4.15625,80.09375,2026-04-05 17:25:00,0.25,0.75
jakub glanowski,kamil rudomina,89,39,3.932584269662921,74.53932584269663,2026-04-07 15:50:00,0.43820224719101125,0.5617977528089888
jakub glanowski,karol sulkowski,23,11,3.8260869565217392,74.95652173913044,2026-04-15 10:35:00,0.4782608695652174,0.5217391304347826
jakub glanowski,krzysztof guminski,23,5,4.173913043478261,78.91304347826087,2025-12-06 19:15:00,0.21739130434782608,0.782608695652174
jakub glanowski,krzysztof kaczmarek,23,5,4.217391304347826,77.3913043478261,2024-02-18 16:50:00,0.21739130434782608,0.782608695652174
jakub glanowski,krzysztof kapik,41,18,3.7804878048780486,71.26829268292683,2025-12-15 01:45:00,0.43902439024390244,0.5609756097560976
jakub glanowski,krzysztof kotyl,54,14,4.074074074074074,80.01851851851852,2026-04-19 10:20:00,0.25925925925925924,0.7407407407407407
jakub glanowski,krzysztof niemiec,21,8,3.857142857142857,71.57142857142857,2026-03-29 08:45:00,0.38095238095238093,0.6190476190476191
jakub glanowski,lukasz pietraszko,60,11,4.3,79.55,2026-03-16 12:25:00,0.18333333333333332,0.8166666666666667
jakub glanowski,maciej makajew,31,5,4.354838709677419,82.06451612903226,2025-06-26 13:30:00,0.16129032258064516,0.8387096774193549
jakub glanowski,maciej sinitsky,34,7,3.9705882352941178,77.67647058823529,2026-04-19 07:10:00,0.20588235294117646,0.7941176470588236
jakub glanowski,marcin marchlewski,52,13,4.038461538461538,79.88461538461539,2026-01-31 13:20:00,0.25,0.75
jakub glanowski,marcin piotrowski,20,6,3.95,74.45,2024-04-20 11:25:00,0.3,0.7
jakub glanowski,mateusz misiak,118,43,3.9491525423728815,75.88135593220339,2026-04-09 01:25:00,0.3644067796610169,0.6355932203389831
jakub glanowski,mateusz zagajewski,36,12,3.9444444444444446,79.22222222222223,2026-02-13 10:50:00,0.3333333333333333,0.6666666666666667
jakub glanowski,michal minda,169,40,4.207100591715976,83.58579881656804,2026-04-15 13:55:00,0.23668639053254437,0.7633136094674556
jakub glanowski,mikolaj lukaszewski,25,9,3.96,77.44,2026-04-05 09:50:00,0.36,0.64
jakub glanowski,milosz piecowski,47,13,4.191489361702128,78.82978723404256,2026-04-09 00:35:00,0.2765957446808511,0.7234042553191489
jakub glanowski,piotr maruszak,60,10,4.383333333333334,88.11666666666666,2026-01-24 06:45:00,0.16666666666666666,0.8333333333333334
jakub glanowski,piotr staniszewski,21,4,4.285714285714286,81.61904761904762,2026-03-15 13:15:00,0.19047619047619047,0.8095238095238095
jakub glanowski,przemyslaw blocho,23,10,3.869565217391304,75.04347826086956,2026-02-02 20:20:00,0.43478260869565216,0.5652173913043479
jakub glanowski,radoslaw malinowski,44,11,4.0227272727272725,75.5909090909091,2026-03-07 06:20:00,0.25,0.75
jakub glanowski,sebastian baran,100,35,3.96,74.37,2026-01-31 07:10:00,0.35,0.65
jakub glanowski,szymon radlo,142,39,4.077464788732394,83.83802816901408,2026-01-27 06:15:00,0.2746478873239437,0.7253521126760563
jakub glanowski,szymon seroka,32,9,4.03125,75.53125,2024-12-07 10:40:00,0.28125,0.71875
jakub glanowski,tadeusz piotrowski,37,9,4.135135135135135,79.45945945945945,2026-03-15 14:55:00,0.24324324324324326,0.7567567567567568
jakub glanowski,tomasz filbrand,50,6,4.18,78.9,2026-03-31 09:50:00,0.12,0.88
jakub glanowski,wojciech gluszek,71,26,3.9295774647887325,73.64788732394366,2026-04-16 16:15:00,0.36619718309859156,0.6338028169014085
jakub glanowski,wojciech gronowski,28,9,4.0,75.96428571428571,2026-04-19 11:30:00,0.32142857142857145,0.6785714285714286
jakub grzegorczyk,jakub kaczmarek,28,5,4.178571428571429,82.60714285714286,2024-12-18 12:30:00,0.17857142857142858,0.8214285714285714
jakub grzegorczyk,jakub michalski,20,5,4.0,71.9,2024-11-19 17:20:00,0.25,0.75
jakub grzegorczyk,jakub nowak,27,9,3.888888888888889,71.5925925925926,2024-01-01 22:55:00,0.3333333333333333,0.6666666666666667
jakub grzegorczyk,jakub pruszkowski,25,7,3.92,73.8,2024-12-18 13:45:00,0.28,0.72
jakub grzegorczyk,jaroslaw rolak,113,42,3.8849557522123894,71.929203539823,2025-02-10 01:35:00,0.37168141592920356,0.6283185840707964
jakub grzegorczyk,kacper slawinski,124,21,4.241935483870968,82.96774193548387,2025-02-10 00:20:00,0.1693548387096774,0.8306451612903226
jakub grzegorczyk,krystian gaik,28,5,4.321428571428571,79.75,2025-02-03 19:40:00,0.17857142857142858,0.8214285714285714
jakub grzegorczyk,krzysztof kotyl,52,14,3.980769230769231,74.23076923076923,2025-01-10 01:20:00,0.2692307692307692,0.7307692307692308
jakub grzegorczyk,marcin kowalczyk,36,17,3.75,68.83333333333333,2025-02-10 02:45:00,0.4722222222222222,0.5277777777777778
jakub grzegorczyk,mariusz baron,29,11,3.8620689655172415,69.48275862068965,2024-12-17 14:55:00,0.3793103448275862,0.6206896551724138
jakub grzegorczyk,mariusz koczyba,120,39,3.8666666666666667,71.21666666666667,2025-02-07 23:20:00,0.325,0.675
jakub grzegorczyk,mateusz burkacki,79,24,3.9873417721518987,75.65822784810126,2025-01-23 23:20:00,0.3037974683544304,0.6962025316455696
jakub grzegorczyk,mateusz trela,49,4,4.244897959183674,81.81632653061224,2025-02-09 22:20:00,0.08163265306122448,0.9183673469387755
jakub grzegorczyk,michal skorski,47,14,3.978723404255319,74.55319148936171,2025-01-10 22:10:00,0.2978723404255319,0.7021276595744681
jakub grzegorczyk,oskar jadach,31,4,4.161290322580645,80.09677419354838,2024-12-11 11:10:00,0.12903225806451613,0.8709677419354839
jakub grzegorczyk,piotr strus,30,6,4.233333333333333,80.76666666666667,2025-02-03 17:45:00,0.2,0.8
jakub grzegorczyk,przemyslaw blocho,37,7,4.135135135135135,77.97297297297297,2025-02-03 00:20:00,0.1891891891891892,0.8108108108108107
jakub grzegorczyk,rafal skotniczny,28,12,3.642857142857143,67.03571428571429,2024-12-18 18:05:00,0.42857142857142855,0.5714285714285714
jakub grzegorczyk,schaniel krzysztof,43,18,3.7906976744186047,71.67441860465117,2024-12-06 13:45:00,0.4186046511627907,0.5813953488372092
jakub grzegorczyk,tomasz lojtek,52,6,4.3076923076923075,81.07692307692308,2025-02-09 17:15:00,0.11538461538461539,0.8846153846153846
jakub grzegorczyk,witold buczynski,35,16,3.6285714285714286,65.2,2024-11-05 12:55:00,0.45714285714285713,0.5428571428571429
jakub grzegorczyk,wojciech iwasyszyn,60,12,4.1,77.73333333333333,2025-02-08 01:20:00,0.2,0.8
jakub grzegorczyk,yurij fomin,33,6,4.090909090909091,75.72727272727273,2024-09-23 15:35:00,0.18181818181818182,0.8181818181818181
jakub kaczmarek,jakub michalski,37,10,4.0,77.05405405405405,2026-03-05 05:00:00,0.2702702702702703,0.7297297297297297
jakub kaczmarek,jakub nowak,77,12,4.2727272727272725,83.98701298701299,2026-04-17 04:00:00,0.15584415584415584,0.8441558441558441
jakub kaczmarek,jakub pruszkowski,93,25,4.129032258064516,79.73118279569893,2026-03-03 21:20:00,0.26881720430107525,0.7311827956989247
jakub kaczmarek,jerzy pelka,41,14,4.0,75.39024390243902,2026-04-17 00:00:00,0.34146341463414637,0.6585365853658536
jakub kaczmarek,kacper adamus,24,6,3.9583333333333335,75.125,2026-04-17 01:10:00,0.25,0.75
jakub kaczmarek,kacper slawinski,54,13,3.888888888888889,76.53703703703704,2025-09-23 15:55:00,0.24074074074074073,0.7592592592592593
jakub kaczmarek,krzysztof hetnar,47,28,3.4680851063829787,62.0,2026-04-17 05:10:00,0.5957446808510638,0.4042553191489362
jakub kaczmarek,marek tkocz,22,18,3.227272727272727,54.09090909090909,2026-04-03 02:45:00,0.8181818181818182,0.18181818181818177
jakub kaczmarek,marian lebek,59,19,4.033898305084746,75.67796610169492,2026-04-02 21:10:00,0.3220338983050847,0.6779661016949152
jakub kaczmarek,mariusz adamus,108,17,4.222222222222222,81.05555555555556,2026-04-03 06:45:00,0.1574074074074074,0.8425925925925926
jakub kaczmarek,mariusz baron,98,14,4.479591836734694,88.51020408163265,2026-03-06 05:00:00,0.14285714285714285,0.8571428571428572
jakub kaczmarek,mariusz koczyba,29,11,3.8620689655172415,70.75862068965517,2026-04-16 22:25:00,0.3793103448275862,0.6206896551724138
jakub kaczmarek,michal kumor,80,17,4.0375,78.55,2026-01-30 04:35:00,0.2125,0.7875
jakub kaczmarek,michal paszkiewicz,38,17,3.763157894736842,71.57894736842105,2026-04-17 08:20:00,0.4473684210526316,0.5526315789473684
jakub kaczmarek,milosz cesarz,41,13,4.0,78.1951219512195,2026-04-17 06:45:00,0.3170731707317073,0.6829268292682926
jakub kaczmarek,oskar jadach,50,9,4.16,79.92,2026-03-31 16:25:00,0.18,0.8200000000000001
jakub kaczmarek,patryk mecik,27,9,3.962962962962963,81.14814814814815,2026-04-03 05:10:00,0.3333333333333333,0.6666666666666667
jakub kaczmarek,pawel adamus,23,7,4.043478260869565,77.56521739130434,2026-04-17 06:00:00,0.30434782608695654,0.6956521739130435
jakub kaczmarek,pawel gasiorski,28,6,4.25,82.92857142857143,2026-02-26 19:25:00,0.21428571428571427,0.7857142857142857
jakub kaczmarek,piotr gumulinski,91,17,4.197802197802198,83.37362637362638,2026-04-16 21:10:00,0.18681318681318682,0.8131868131868132
jakub kaczmarek,rafal idaczyk,83,35,3.8674698795180724,74.3855421686747,2026-04-15 07:10:00,0.42168674698795183,0.5783132530120482
jakub kaczmarek,rafal skotniczny,37,12,3.864864864864865,73.08108108108108,2026-02-11 12:30:00,0.32432432432432434,0.6756756756756757
jakub kaczmarek,roman wiza,20,7,3.85,72.45,2025-02-25 18:05:00,0.35,0.65
jakub kaczmarek,schaniel krzysztof,97,25,4.144329896907217,79.65979381443299,2026-04-17 02:45:00,0.25773195876288657,0.7422680412371134
jakub kaczmarek,sebastian szostok,59,11,4.254237288135593,82.32203389830508,2026-04-03 06:00:00,0.1864406779661017,0.8135593220338984
jakub kaczmarek,waldemar jozala,29,10,4.0344827586206895,77.06896551724138,2026-02-19 19:25:00,0.3448275862068966,0.6551724137931034
jakub kaczmarek,witold buczynski,62,11,4.080645161290323,78.83870967741936,2026-03-19 09:45:00,0.1774193548387097,0.8225806451612903
jakub kaczmarek,wojciech iwasyszyn,21,7,3.9047619047619047,74.95238095238095,2024-12-04 13:45:00,0.3333333333333333,0.6666666666666667
jakub kaczmarek,wojciech tobiasz,25,2,4.28,82.08,2026-03-16 16:55:00,0.08,0.92
jakub kaczmarek,yurij fomin,39,11,4.051282051282051,76.56410256410257,2026-03-16 14:55:00,0.28205128205128205,0.717948717948718
jakub kosowski,jan zandecki,115,31,4.052173913043478,75.26086956521739,2026-04-16 13:15:00,0.26956521739130435,0.7304347826086957
jakub kosowski,josef braun,86,22,4.1395348837209305,77.24418604651163,2026-04-15 11:10:00,0.2558139534883721,0.7441860465116279
jakub kosowski,kacper petas,101,37,3.881188118811881,71.39603960396039,2026-04-16 04:20:00,0.36633663366336633,0.6336633663366337
jakub kosowski,krzysztof wloczko,26,8,3.9615384615384617,73.15384615384616,2026-03-16 05:20:00,0.3076923076923077,0.6923076923076923
jakub kosowski,lukasz jarocki,23,10,3.739130434782609,67.17391304347827,2026-04-16 10:45:00,0.43478260869565216,0.5652173913043479
jakub kosowski,maciej nowalinski,36,13,3.8333333333333335,70.13888888888889,2026-04-04 13:40:00,0.3611111111111111,0.6388888888888888
jakub kosowski,maksymilian miastowski,76,23,4.0,76.21052631578948,2026-04-14 12:50:00,0.3026315789473684,0.6973684210526316
jakub kosowski,marcin jadczyk,226,103,3.685840707964602,67.07522123893806,2026-04-14 14:05:00,0.4557522123893805,0.5442477876106195
jakub kosowski,martin olejnik,134,50,3.91044776119403,72.82089552238806,2026-04-15 13:40:00,0.373134328358209,0.6268656716417911
jakub kosowski,mateusz golebiowski,227,79,3.894273127753304,72.62114537444934,2026-02-09 13:00:00,0.34801762114537443,0.6519823788546255
jakub kosowski,michal murawski,53,27,3.7169811320754715,68.84905660377359,2026-03-11 15:30:00,0.5094339622641509,0.49056603773584906
jakub kosowski,patrik klos,61,19,3.9836065573770494,75.91803278688525,2026-04-15 15:10:00,0.3114754098360656,0.6885245901639344
jakub kosowski,patryk lewandowski,38,15,3.8684210526315788,71.05263157894737,2026-04-14 10:00:00,0.39473684210526316,0.6052631578947368
jakub kosowski,petr david,129,32,4.116279069767442,78.51162790697674,2026-04-16 11:35:00,0.24806201550387597,0.751937984496124
jakub kosowski,piotr chodorski,115,41,3.973913043478261,75.96521739130435,2026-03-24 11:25:00,0.3565217391304348,0.6434782608695653
jakub kosowski,piotr cyrnek,73,19,3.9452054794520546,74.16438356164383,2025-12-09 15:50:00,0.2602739726027397,0.7397260273972603
jakub kosowski,slawomir dosz,87,36,3.781609195402299,69.65517241379311,2025-05-31 10:25:00,0.41379310344827586,0.5862068965517242
jakub kosowski,szymon kolasa,44,19,3.7954545454545454,70.95454545454545,2026-02-11 07:15:00,0.4318181818181818,0.5681818181818181
jakub kosowski,tomasz kotowski,50,26,3.56,66.62,2024-07-18 05:35:00,0.52,0.48
jakub krawczyk,wojciech gluszek,20,6,4.05,76.25,2026-01-06 20:40:00,0.3,0.7
jakub kuzmicz,karol wisniewski,26,8,3.9615384615384617,76.07692307692308,2026-04-19 08:00:00,0.3076923076923077,0.6923076923076923
jakub kuzmicz,krystian kolodziej,26,10,3.8846153846153846,74.6923076923077,2026-04-12 01:10:00,0.38461538461538464,0.6153846153846154
jakub kuzmicz,krzysztof kapik,29,6,4.172413793103448,79.6896551724138,2026-04-17 07:55:00,0.20689655172413793,0.7931034482758621
jakub kuzmicz,lukasz jarocki,22,8,3.909090909090909,75.72727272727273,2026-04-16 03:30:00,0.36363636363636365,0.6363636363636364
jakub kuzmicz,patryk jendrzejewski,22,5,4.136363636363637,80.22727272727273,2026-04-10 23:50:00,0.22727272727272727,0.7727272727272727
jakub kuzmicz,rutkowski mateusz,33,4,4.212121212121212,79.51515151515152,2026-04-12 02:20:00,0.12121212121212122,0.8787878787878788
jakub kwapis,kacper petas,20,5,4.15,80.4,2026-03-30 09:05:00,0.25,0.75
jakub kwapis,karol wisniewski,40,18,3.725,69.45,2026-04-01 05:20:00,0.45,0.55
jakub kwapis,krzysztof wloczko,34,11,3.8823529411764706,72.76470588235294,2026-04-01 11:05:00,0.3235294117647059,0.6764705882352942
jakub kwapis,lukasz jarocki,36,21,3.611111111111111,66.27777777777777,2026-04-01 13:35:00,0.5833333333333334,0.41666666666666663
jakub kwapis,maciej nowalinski,20,5,4.2,79.3,2026-04-01 06:35:00,0.25,0.75
jakub kwapis,marcin jadczyk,23,13,3.6956521739130435,66.26086956521739,2026-03-30 10:40:00,0.5652173913043478,0.4347826086956522
jakub kwapis,michal malachowski,34,7,4.147058823529412,76.97058823529412,2025-12-27 08:05:00,0.20588235294117646,0.7941176470588236
jakub kwapis,michal murawski,20,8,3.95,73.9,2025-10-29 07:10:00,0.4,0.6
jakub kwapis,miroslav sklensky,30,12,3.9,71.8,2026-04-01 12:20:00,0.4,0.6
jakub maslowski,kacper petas,27,8,3.962962962962963,73.48148148148148,2025-03-23 16:35:00,0.2962962962962963,0.7037037037037037
jakub maslowski,konrad staszczyk,23,7,4.043478260869565,74.43478260869566,2024-03-17 21:00:00,0.30434782608695654,0.6956521739130435
jakub maslowski,krystian kolodziej,25,6,4.0,74.72,2025-07-01 17:50:00,0.24,0.76
jakub maslowski,krzysztof kapik,26,9,3.923076923076923,73.8076923076923,2025-10-08 15:55:00,0.34615384615384615,0.6538461538461539
jakub maslowski,krzysztof wloczko,28,12,3.892857142857143,74.0,2025-10-09 10:20:00,0.42857142857142855,0.5714285714285714
jakub maslowski,lukasz jarocki,58,24,3.7586206896551726,71.12068965517241,2025-10-09 06:35:00,0.41379310344827586,0.5862068965517242
jakub maslowski,maksymilian miastowski,22,6,4.0,72.81818181818181,2025-09-24 03:30:00,0.2727272727272727,0.7272727272727273
jakub maslowski,marcin jadczyk,26,8,3.923076923076923,73.07692307692308,2025-01-25 06:25:00,0.3076923076923077,0.6923076923076923
jakub maslowski,mateusz golebiowski,20,9,3.8,72.65,2025-03-13 07:20:00,0.45,0.55
jakub maslowski,michal murawski,46,23,3.608695652173913,67.8913043478261,2025-08-05 13:35:00,0.5,0.5
jakub maslowski,piotr chlodnicki,30,10,4.033333333333333,74.76666666666667,2025-03-23 11:25:00,0.3333333333333333,0.6666666666666667
jakub maslowski,rutkowski mateusz,22,10,3.6363636363636362,65.5,2024-03-02 04:35:00,0.45454545454545453,0.5454545454545454
jakub michalski,jakub nowak,72,21,4.125,79.61111111111111,2026-04-05 03:55:00,0.2916666666666667,0.7083333333333333
jakub michalski,jakub pruszkowski,58,18,3.8448275862068964,73.32758620689656,2026-03-24 02:55:00,0.3103448275862069,0.6896551724137931
jakub michalski,jerzy pelka,23,9,3.9565217391304346,73.8695652173913,2026-01-08 16:55:00,0.391304347826087,0.6086956521739131
jakub michalski,kacper slawinski,38,15,3.8684210526315788,73.0,2026-01-08 18:05:00,0.39473684210526316,0.6052631578947368
jakub michalski,krzysztof juszczyk,167,65,3.7724550898203595,69.75449101796407,2026-02-08 00:55:00,0.38922155688622756,0.6107784431137724
jakub michalski,lukasz bernacki,40,15,3.875,72.275,2026-01-08 14:30:00,0.375,0.625
jakub michalski,lukasz oracz,26,6,4.038461538461538,76.73076923076923,2026-03-14 05:40:00,0.23076923076923078,0.7692307692307692
jakub michalski,mariusz adamus,66,22,3.9393939393939394,74.0909090909091,2026-04-12 04:40:00,0.3333333333333333,0.6666666666666667
jakub michalski,mariusz baron,79,15,4.189873417721519,78.53164556962025,2026-03-10 05:20:00,0.189873417721519,0.810126582278481
jakub michalski,mariusz koczyba,30,10,4.066666666666666,78.03333333333333,2025-09-30 04:20:00,0.3333333333333333,0.6666666666666667
jakub michalski,michal kumor,32,15,3.78125,69.5625,2026-01-25 05:40:00,0.46875,0.53125
jakub michalski,michal oracz,22,7,4.090909090909091,77.22727272727273,2025-12-21 00:30:00,0.3181818181818182,0.6818181818181819
jakub michalski,mista sylwester,70,14,4.1571428571428575,78.9,2026-01-01 14:10:00,0.2,0.8
jakub michalski,oskar jadach,37,17,3.72972972972973,70.27027027027027,2026-02-08 02:30:00,0.4594594594594595,0.5405405405405406
jakub michalski,patryk jedrzejak,24,12,3.5833333333333335,66.25,2025-12-28 13:20:00,0.5,0.5
jakub michalski,pawel adamus,21,4,4.190476190476191,81.33333333333333,2026-01-25 02:30:00,0.19047619047619047,0.8095238095238095
jakub michalski,pawel gasiorski,43,10,4.255813953488372,80.02325581395348,2026-02-17 04:35:00,0.23255813953488372,0.7674418604651163
jakub michalski,piotr gumulinski,51,21,3.9019607843137254,72.31372549019608,2026-04-11 23:30:00,0.4117647058823529,0.5882352941176471
jakub michalski,piotr przewlocki,28,11,3.7857142857142856,70.5,2026-04-11 03:55:00,0.39285714285714285,0.6071428571428572
jakub michalski,rafal adach,38,19,3.6315789473684212,66.55263157894737,2026-04-10 23:30:00,0.5,0.5
jakub michalski,rafal idaczyk,43,14,3.9302325581395348,73.76744186046511,2026-02-26 04:35:00,0.32558139534883723,0.6744186046511628
jakub michalski,rafal skotniczny,27,11,3.7777777777777777,70.29629629629629,2025-12-25 14:30:00,0.4074074074074074,0.5925925925925926
jakub michalski,rafal wojcik,35,9,4.057142857142857,76.08571428571429,2026-01-01 17:20:00,0.2571428571428571,0.7428571428571429
jakub michalski,robert szymik,121,72,3.5289256198347108,62.81818181818182,2026-04-18 23:55:00,0.5950413223140496,0.4049586776859504
jakub michalski,roman wiza,184,78,3.7934782608695654,71.06521739130434,2026-04-19 02:45:00,0.42391304347826086,0.5760869565217391
jakub michalski,schaniel krzysztof,77,19,4.077922077922078,75.50649350649351,2026-03-24 05:20:00,0.24675324675324675,0.7532467532467533
jakub michalski,sebastian szostok,69,18,4.043478260869565,75.69565217391305,2026-03-10 01:20:00,0.2608695652173913,0.7391304347826086
jakub michalski,tomasz wrzalik,27,10,4.0,74.77777777777777,2026-03-07 02:30:00,0.37037037037037035,0.6296296296296297
jakub michalski,witold buczynski,58,13,4.224137931034483,78.27586206896552,2026-01-01 15:45:00,0.22413793103448276,0.7758620689655172
jakub michalski,wojciech tobiasz,20,4,4.05,77.65,2025-12-27 13:20:00,0.2,0.8
jakub nowak,jakub pruszkowski,84,27,3.9761904761904763,76.58333333333333,2026-04-10 00:00:00,0.32142857142857145,0.6785714285714286
jakub nowak,jerzy pelka,50,13,4.12,80.18,2026-04-15 05:10:00,0.26,0.74
jakub nowak,kacper adamus,28,8,4.0,77.92857142857143,2026-04-10 01:10:00,0.2857142857142857,0.7142857142857143
jakub nowak,kacper slawinski,42,10,4.0,76.04761904761905,2025-11-01 17:15:00,0.23809523809523808,0.7619047619047619
jakub nowak,krzysztof hetnar,34,10,3.911764705882353,75.6470588235294,2026-04-17 06:25:00,0.29411764705882354,0.7058823529411764
jakub nowak,krzysztof juszczyk,69,22,3.9565217391304346,75.23188405797102,2026-03-21 05:00:00,0.3188405797101449,0.6811594202898551
jakub nowak,lukasz bernacki,29,9,4.068965517241379,77.79310344827586,2025-11-14 00:10:00,0.3103448275862069,0.6896551724137931
jakub nowak,lukasz oracz,23,2,4.304347826086956,81.52173913043478,2026-04-01 13:30:00,0.08695652173913043,0.9130434782608696
jakub nowak,marek tkocz,38,20,3.6315789473684212,65.34210526315789,2026-04-15 02:45:00,0.5263157894736842,0.4736842105263158
jakub nowak,marian lebek,66,24,3.878787878787879,72.56060606060606,2026-02-27 07:30:00,0.36363636363636365,0.6363636363636364
jakub nowak,mariusz adamus,59,6,4.338983050847458,84.11864406779661,2026-02-11 04:35:00,0.1016949152542373,0.8983050847457628
jakub nowak,mariusz baron,129,23,4.348837209302325,85.40310077519379,2026-04-15 00:00:00,0.17829457364341086,0.8217054263565892
jakub nowak,mariusz koczyba,53,26,3.69811320754717,66.33962264150944,2026-04-09 22:25:00,0.49056603773584906,0.5094339622641509
jakub nowak,michal kumor,39,9,4.17948717948718,78.38461538461539,2026-01-29 09:45:00,0.23076923076923078,0.7692307692307692
jakub nowak,milosz cesarz,31,3,4.419354838709677,85.51612903225806,2026-04-17 08:00:00,0.0967741935483871,0.9032258064516129
jakub nowak,mista sylwester,37,5,4.324324324324325,84.83783783783784,2026-01-13 07:00:00,0.13513513513513514,0.8648648648648649
jakub nowak,oliver vincenec,23,5,4.260869565217392,81.43478260869566,2026-04-12 15:05:00,0.21739130434782608,0.782608695652174
jakub nowak,oskar jadach,24,5,4.083333333333333,78.45833333333333,2026-02-17 04:05:00,0.20833333333333334,0.7916666666666666
jakub nowak,patryk jedrzejak,27,14,3.6666666666666665,69.22222222222223,2025-12-06 17:20:00,0.5185185185185185,0.4814814814814815
jakub nowak,pawel adamus,25,2,4.2,80.36,2026-04-17 07:10:00,0.08,0.92
jakub nowak,piotr gumulinski,72,14,4.319444444444445,83.06944444444444,2026-04-14 05:10:00,0.19444444444444445,0.8055555555555556
jakub nowak,piotr przewlocki,45,6,4.4,85.28888888888889,2026-04-12 12:45:00,0.13333333333333333,0.8666666666666667
jakub nowak,rafal idaczyk,41,14,3.975609756097561,75.46341463414635,2026-04-15 06:25:00,0.34146341463414637,0.6585365853658536
jakub nowak,rafal ogon,28,8,4.071428571428571,77.60714285714286,2026-01-12 03:20:00,0.2857142857142857,0.7142857142857143
jakub nowak,rafal skotniczny,38,13,3.8947368421052633,73.84210526315789,2026-03-31 11:55:00,0.34210526315789475,0.6578947368421053
jakub nowak,rafal wojcik,22,5,4.2727272727272725,81.27272727272727,2026-01-01 13:45:00,0.22727272727272727,0.7727272727272727
jakub nowak,robert szymik,28,9,4.035714285714286,73.78571428571429,2026-04-05 01:10:00,0.32142857142857145,0.6785714285714286
jakub nowak,roman wiza,76,24,4.0394736842105265,76.36842105263158,2026-02-22 04:30:00,0.3157894736842105,0.6842105263157895
jakub nowak,schaniel krzysztof,96,23,4.104166666666667,77.67708333333333,2026-04-09 21:10:00,0.23958333333333334,0.7604166666666666
jakub nowak,sebastian krupa,22,4,4.2727272727272725,79.45454545454545,2026-02-26 01:45:00,0.18181818181818182,0.8181818181818181
jakub nowak,sebastian szostok,71,19,4.084507042253521,80.1830985915493,2026-04-12 13:55:00,0.2676056338028169,0.7323943661971831
jakub nowak,tomasz wrzalik,21,3,4.333333333333333,80.76190476190476,2026-04-14 22:25:00,0.14285714285714285,0.8571428571428572
jakub nowak,waldemar jozala,20,8,3.9,73.7,2026-01-20 16:35:00,0.4,0.6
jakub nowak,witold buczynski,56,12,4.160714285714286,79.44642857142857,2026-03-26 12:55:00,0.21428571428571427,0.7857142857142857
jakub nowak,wojciech tobiasz,28,5,4.178571428571429,78.75,2026-03-16 18:05:00,0.17857142857142858,0.8214285714285714
jakub nowak,wojciech urban,35,6,4.057142857142857,79.11428571428571,2026-03-20 05:00:00,0.17142857142857143,0.8285714285714285
jakub pruszkowski,jerzy pelka,50,15,4.06,79.62,2026-03-05 13:45:00,0.3,0.7
jakub pruszkowski,kacper adamus,51,19,3.843137254901961,74.2156862745098,2026-04-09 22:00:00,0.37254901960784315,0.6274509803921569
jakub pruszkowski,kacper slawinski,106,36,3.8962264150943398,74.47169811320755,2026-01-15 17:40:00,0.33962264150943394,0.6603773584905661
jakub pruszkowski,krzysztof hetnar,40,10,4.1,79.075,2026-04-10 08:00:00,0.25,0.75
jakub pruszkowski,krzysztof juszczyk,30,10,3.9,73.26666666666667,2025-09-21 01:55:00,0.3333333333333333,0.6666666666666667
jakub pruszkowski,lukasz bernacki,32,9,4.03125,75.0,2026-03-21 14:55:00,0.28125,0.71875
jakub pruszkowski,lukasz oracz,25,6,4.16,76.76,2026-04-16 08:00:00,0.24,0.76
jakub pruszkowski,marian lebek,28,10,3.9642857142857144,72.82142857142857,2026-04-02 07:35:00,0.35714285714285715,0.6428571428571428
jakub pruszkowski,mariusz adamus,108,34,4.037037037037037,77.93518518518519,2026-04-02 05:35:00,0.3148148148148148,0.6851851851851851
jakub pruszkowski,mariusz baron,255,84,3.9568627450980394,75.86274509803921,2026-04-16 06:25:00,0.32941176470588235,0.6705882352941177
jakub pruszkowski,mariusz koczyba,36,11,4.027777777777778,75.83333333333333,2026-04-10 00:45:00,0.3055555555555556,0.6944444444444444
jakub pruszkowski,michal kumor,38,11,3.973684210526316,73.60526315789474,2026-01-08 07:45:00,0.2894736842105263,0.7105263157894737
jakub pruszkowski,oskar jadach,163,50,3.938650306748466,75.52760736196319,2026-03-31 02:20:00,0.3067484662576687,0.6932515337423313
jakub pruszkowski,patryk mecik,31,16,3.6451612903225805,72.87096774193549,2025-12-26 15:20:00,0.5161290322580645,0.4838709677419355
jakub pruszkowski,pawel adamus,36,10,4.055555555555555,77.94444444444444,2026-04-16 04:00:00,0.2777777777777778,0.7222222222222222
jakub pruszkowski,pawel gasiorski,20,4,4.15,78.4,2025-06-12 12:20:00,0.2,0.8
jakub pruszkowski,piotr gumulinski,267,76,4.112359550561798,78.19475655430712,2026-04-16 04:50:00,0.2846441947565543,0.7153558052434457
jakub pruszkowski,przemyslaw blocho,49,20,3.7551020408163267,70.14285714285714,2024-12-17 15:45:00,0.40816326530612246,0.5918367346938775
jakub pruszkowski,rafal idaczyk,40,16,3.875,76.9,2026-01-21 12:55:00,0.4,0.6
jakub pruszkowski,rafal skotniczny,62,24,3.8548387096774195,72.24193548387096,2026-03-19 14:55:00,0.3870967741935484,0.6129032258064516
jakub pruszkowski,robert kostepski,26,9,4.0,77.34615384615384,2026-04-13 23:30:00,0.34615384615384615,0.6538461538461539
jakub pruszkowski,robert szymik,25,5,4.12,77.2,2026-02-16 02:10:00,0.2,0.8
jakub pruszkowski,roman wiza,21,11,3.8095238095238093,72.71428571428571,2026-01-06 02:55:00,0.5238095238095238,0.47619047619047616
jakub pruszkowski,schaniel krzysztof,255,75,4.066666666666666,78.62745098039215,2026-04-14 01:10:00,0.29411764705882354,0.7058823529411764
jakub pruszkowski,sebastian juzek,20,8,3.85,70.75,2026-03-25 14:30:00,0.4,0.6
jakub pruszkowski,sebastian szostok,99,22,4.1313131313131315,77.71717171717172,2026-04-10 04:00:00,0.2222222222222222,0.7777777777777778
jakub pruszkowski,tomasz wrzalik,26,8,4.038461538461538,79.07692307692308,2025-06-06 13:10:00,0.3076923076923077,0.6923076923076923
jakub pruszkowski,waldemar jozala,25,11,3.76,72.12,2026-01-07 07:45:00,0.44,0.56
jakub pruszkowski,witold buczynski,70,18,3.9571428571428573,74.31428571428572,2026-03-26 18:05:00,0.2571428571428571,0.7428571428571429
jakub pruszkowski,wojciech iwasyszyn,38,5,4.2631578947368425,80.0,2025-03-27 01:20:00,0.13157894736842105,0.868421052631579
jakub pruszkowski,wojciech tobiasz,25,8,3.92,74.56,2025-08-20 16:40:00,0.32,0.6799999999999999
jakub pruszkowski,wojciech urban,66,24,3.9545454545454546,76.92424242424242,2026-04-14 03:55:00,0.36363636363636365,0.6363636363636364
jakub stecyszyn,lukasz nadolski,20,3,4.3,79.15,2023-07-16 06:25:00,0.15,0.85
jakub witkowski,kacper petas,21,10,3.7142857142857144,69.0952380952381,2025-06-30 20:10:00,0.47619047619047616,0.5238095238095238
jakub witkowski,karol strowski,33,12,3.9393939393939394,75.0909090909091,2026-04-16 15:30:00,0.36363636363636365,0.6363636363636364
jakub witkowski,konrad staszczyk,27,7,4.0,74.5925925925926,2024-07-21 11:00:00,0.25925925925925924,0.7407407407407407
jakub witkowski,krystian kolodziej,86,36,3.7906976744186047,71.36046511627907,2026-04-12 02:00:00,0.4186046511627907,0.5813953488372092
jakub witkowski,krzysztof kapik,114,26,4.131578947368421,79.30701754385964,2026-04-09 11:05:00,0.22807017543859648,0.7719298245614035
jakub witkowski,krzysztof wloczko,35,11,3.914285714285714,72.88571428571429,2026-01-12 14:10:00,0.3142857142857143,0.6857142857142857
jakub witkowski,lukasz jarocki,75,27,3.8933333333333335,72.26666666666667,2026-03-18 16:30:00,0.36,0.64
jakub witkowski,maciej domin,33,5,4.303030303030303,84.39393939393939,2026-02-26 16:30:00,0.15151515151515152,0.8484848484848485
jakub witkowski,maciej nowalinski,20,7,3.8,75.1,2026-03-07 14:15:00,0.35,0.65
jakub witkowski,maciej podsiadlo,24,7,3.9166666666666665,75.75,2024-09-09 12:40:00,0.2916666666666667,0.7083333333333333
jakub witkowski,michal olbrycht,35,11,4.114285714285714,79.34285714285714,2026-03-19 02:05:00,0.3142857142857143,0.6857142857142857
jakub witkowski,patryk jendrzejewski,26,5,4.230769230769231,78.57692307692308,2026-04-17 01:05:00,0.19230769230769232,0.8076923076923077
jakub witkowski,piotr chlodnicki,24,6,4.041666666666667,75.91666666666667,2026-04-16 18:15:00,0.25,0.75
jakub witkowski,przemyslaw perzynski,21,9,3.8095238095238093,76.66666666666667,2026-02-05 00:50:00,0.42857142857142855,0.5714285714285714
jakub witkowski,rutkowski mateusz,62,16,3.9838709677419355,76.93548387096774,2026-04-16 23:50:00,0.25806451612903225,0.7419354838709677
jakub witkowski,szymon sporek,20,8,3.75,72.3,2025-06-30 12:45:00,0.4,0.6
jakub witkowski,tomasz filbrand,47,10,4.170212765957447,78.85106382978724,2025-12-27 02:00:00,0.2127659574468085,0.7872340425531915
jakub wozniak,jakub zochniak,113,34,3.938053097345133,75.72566371681415,2026-02-14 15:00:00,0.3008849557522124,0.6991150442477876
jakub wozniak,kamil rudomina,85,31,3.9058823529411764,72.45882352941176,2026-02-14 08:35:00,0.36470588235294116,0.6352941176470588
jakub wozniak,karol strowski,22,6,3.8636363636363638,72.9090909090909,2025-03-06 11:35:00,0.2727272727272727,0.7272727272727273
jakub wozniak,krzysztof kapik,20,10,3.65,65.4,2024-09-18 09:50:00,0.5,0.5
jakub wozniak,krzysztof kotyl,66,29,3.6515151515151514,67.13636363636364,2025-09-26 13:00:00,0.4393939393939394,0.5606060606060606
jakub wozniak,lukasz pietraszko,30,14,3.7333333333333334,69.13333333333334,2026-02-13 16:00:00,0.4666666666666667,0.5333333333333333
jakub wozniak,maciej makajew,36,12,3.861111111111111,72.91666666666667,2026-02-13 21:30:00,0.3333333333333333,0.6666666666666667
jakub wozniak,mateusz misiak,120,34,4.016666666666667,76.4,2026-02-21 18:25:00,0.2833333333333333,0.7166666666666667
jakub wozniak,mateusz zagajewski,42,17,3.7857142857142856,73.47619047619048,2026-03-27 22:35:00,0.40476190476190477,0.5952380952380952
jakub wozniak,michal minda,177,59,3.937853107344633,75.97175141242938,2026-03-22 11:10:00,0.3333333333333333,0.6666666666666667
jakub wozniak,michal skorski,21,9,3.761904761904762,71.14285714285714,2025-10-04 01:25:00,0.42857142857142855,0.5714285714285714
jakub wozniak,milosz piecowski,21,7,3.9047619047619047,74.0952380952381,2026-02-28 12:20:00,0.3333333333333333,0.6666666666666667
jakub wozniak,pawel grela,31,19,3.4838709677419355,64.09677419354838,2024-05-11 09:20:00,0.6129032258064516,0.3870967741935484
jakub wozniak,piotr maruszak,24,6,3.9583333333333335,72.54166666666667,2025-09-11 20:05:00,0.25,0.75
jakub wozniak,radoslaw malinowski,26,14,3.6538461538461537,69.92307692307692,2026-04-04 11:30:00,0.5384615384615384,0.46153846153846156
jakub wozniak,sebastian baran,45,27,3.466666666666667,61.62222222222222,2026-04-04 14:25:00,0.6,0.4
jakub wozniak,szymon radlo,74,25,3.810810810810811,74.85135135135135,2026-01-17 19:15:00,0.33783783783783783,0.6621621621621622
jakub wozniak,szymon seroka,25,14,3.68,68.76,2025-03-12 18:45:00,0.56,0.43999999999999995
jakub wozniak,tadeusz piotrowski,20,7,4.0,72.6,2026-04-11 08:10:00,0.35,0.65
jakub wozniak,tomasz filbrand,40,9,4.05,76.1,2025-06-06 12:15:00,0.225,0.775
jakub wozniak,wojciech gluszek,148,56,3.8378378378378377,72.74324324324324,2026-04-10 19:50:00,0.3783783783783784,0.6216216216216216
jakub zochniak,jaroslaw rolak,31,7,4.129032258064516,77.48387096774194,2023-09-18 18:50:00,0.22580645161290322,0.7741935483870968
jakub zochniak,kacper makowski,25,10,3.84,72.92,2026-04-05 18:35:00,0.4,0.6
jakub zochniak,kamil rudomina,293,103,3.8976109215017063,75.84641638225256,2026-04-18 12:45:00,0.3515358361774744,0.6484641638225256
jakub zochniak,karol strowski,33,10,3.8181818181818183,72.54545454545455,2026-03-12 18:25:00,0.30303030303030304,0.696969696969697
jakub zochniak,konrad staszczyk,22,9,3.9545454545454546,72.13636363636364,2024-03-25 02:15:00,0.4090909090909091,0.5909090909090908
jakub zochniak,krystian kolodziej,83,50,3.4819277108433737,62.855421686746986,2026-04-08 15:55:00,0.6024096385542169,0.3975903614457831
jakub zochniak,krzysztof kapik,169,71,3.804733727810651,71.20118343195266,2026-04-13 02:00:00,0.42011834319526625,0.5798816568047338
jakub zochniak,krzysztof kotyl,215,82,3.869767441860465,73.47906976744186,2026-03-04 08:45:00,0.3813953488372093,0.6186046511627907
jakub zochniak,krzysztof marcinowski,22,9,3.909090909090909,75.18181818181819,2025-11-29 18:30:00,0.4090909090909091,0.5909090909090908
jakub zochniak,lukasz jarocki,33,14,3.8181818181818183,71.03030303030303,2026-04-12 16:00:00,0.42424242424242425,0.5757575757575757
jakub zochniak,lukasz pietraszko,80,25,3.975,75.8,2026-04-06 18:10:00,0.3125,0.6875
jakub zochniak,maciej kolek,21,4,4.0,74.0,2026-04-18 08:45:00,0.19047619047619047,0.8095238095238095
jakub zochniak,maciej makajew,57,20,3.8421052631578947,72.49122807017544,2026-04-03 20:05:00,0.3508771929824561,0.6491228070175439
jakub zochniak,maciej sinitsky,44,16,3.977272727272727,75.97727272727273,2026-02-27 00:45:00,0.36363636363636365,0.6363636363636364
jakub zochniak,marchlewski kacper,40,18,3.65,69.875,2025-09-28 13:00:00,0.45,0.55
jakub zochniak,marcin balcerzak,36,10,3.9166666666666665,74.75,2026-04-01 12:40:00,0.2777777777777778,0.7222222222222222
jakub zochniak,marcin marchlewski,31,8,3.967741935483871,76.0,2026-04-18 09:30:00,0.25806451612903225,0.7419354838709677
jakub zochniak,mateusz misiak,342,112,3.973684210526316,75.96491228070175,2026-04-14 19:40:00,0.32748538011695905,0.672514619883041
jakub zochniak,mateusz zagajewski,50,18,3.9,75.46,2026-04-17 03:25:00,0.36,0.64
jakub zochniak,michal minda,293,112,3.8668941979522184,75.63481228668942,2026-04-17 06:30:00,0.3822525597269625,0.6177474402730375
jakub zochniak,michal olbrycht,26,5,4.1923076923076925,78.8076923076923,2026-04-13 23:50:00,0.19230769230769232,0.8076923076923077
jakub zochniak,michal skorski,40,13,3.875,73.45,2026-01-02 04:20:00,0.325,0.675
jakub zochniak,milosz piecowski,59,26,3.7966101694915255,70.49152542372882,2026-04-15 18:40:00,0.4406779661016949,0.5593220338983051
jakub zochniak,piotr maruszak,46,15,3.8260869565217392,74.06521739130434,2026-01-02 14:05:00,0.32608695652173914,0.6739130434782609
jakub zochniak,piotr staniszewski,20,10,3.7,71.9,2025-11-14 07:05:00,0.5,0.5
jakub zochniak,piotr strus,31,6,4.064516129032258,78.29032258064517,2025-08-30 10:55:00,0.1935483870967742,0.8064516129032258
jakub zochniak,piotr sudol,22,7,3.909090909090909,72.04545454545455,2023-12-14 12:05:00,0.3181818181818182,0.6818181818181819
jakub zochniak,przemyslaw blocho,55,13,4.0181818181818185,78.05454545454545,2026-04-14 17:20:00,0.23636363636363636,0.7636363636363637
jakub zochniak,przemyslaw perzynski,21,6,4.0,77.9047619047619,2026-01-30 19:30:00,0.2857142857142857,0.7142857142857143
jakub zochniak,radoslaw malinowski,30,10,3.8333333333333335,73.6,2026-04-18 04:15:00,0.3333333333333333,0.6666666666666667
jakub zochniak,rutkowski mateusz,63,19,3.9523809523809526,74.55555555555556,2026-04-18 11:30:00,0.30158730158730157,0.6984126984126984
jakub zochniak,sebastian baran,86,34,3.8372093023255816,73.69767441860465,2026-02-14 11:20:00,0.3953488372093023,0.6046511627906976
jakub zochniak,szymon brud,50,11,4.16,81.36,2026-04-15 16:55:00,0.22,0.78
jakub zochniak,szymon radlo,311,120,3.8263665594855305,76.30225080385853,2026-01-28 15:20:00,0.3858520900321543,0.6141479099678457
jakub zochniak,szymon seroka,109,46,3.7981651376146788,70.98165137614679,2025-03-26 10:55:00,0.42201834862385323,0.5779816513761468
jakub zochniak,tadeusz piotrowski,24,14,3.625,69.875,2026-03-21 14:05:00,0.5833333333333334,0.41666666666666663
jakub zochniak,tomasz filbrand,127,37,4.0078740157480315,75.43307086614173,2026-03-31 13:05:00,0.29133858267716534,0.7086614173228347
jakub zochniak,wojciech gluszek,154,55,3.9220779220779223,74.91558441558442,2026-04-15 15:50:00,0.35714285714285715,0.6428571428571428
jakub zochniak,wojciech gronowski,28,12,3.9285714285714284,73.96428571428571,2026-04-05 15:55:00,0.42857142857142855,0.5714285714285714
jakub zochniak,wojciech iwasyszyn,22,5,4.181818181818182,80.22727272727273,2025-08-21 07:30:00,0.22727272727272727,0.7727272727272727
jan zandecki,josef braun,50,18,3.88,71.84,2026-04-18 13:40:00,0.36,0.64
jan zandecki,kacper petas,82,19,4.121951219512195,77.76829268292683,2026-04-16 08:50:00,0.23170731707317074,0.7682926829268293
jan zandecki,konrad kulpa,36,7,4.027777777777778,76.08333333333333,2025-08-17 14:30:00,0.19444444444444445,0.8055555555555556
jan zandecki,krystian kolodziej,23,5,4.173913043478261,76.95652173913044,2026-03-07 21:15:00,0.21739130434782608,0.782608695652174
jan zandecki,krzysztof wloczko,24,10,3.8333333333333335,72.33333333333333,2026-03-08 13:25:00,0.4166666666666667,0.5833333333333333
jan zandecki,lukasz jarocki,36,10,4.027777777777778,74.83333333333333,2026-04-16 12:00:00,0.2777777777777778,0.7222222222222222
jan zandecki,lukasz nadolski,20,5,4.0,74.75,2025-10-12 12:25:00,0.25,0.75
jan zandecki,maciej nowalinski,43,12,4.116279069767442,78.76744186046511,2026-04-17 15:35:00,0.27906976744186046,0.7209302325581395
jan zandecki,maksymilian miastowski,25,12,3.68,68.36,2026-04-06 12:50:00,0.48,0.52
jan zandecki,marcin jadczyk,129,44,3.8372093023255816,70.4186046511628,2026-04-17 14:05:00,0.34108527131782945,0.6589147286821706
jan zandecki,martin olejnik,53,24,3.6792452830188678,66.66037735849056,2026-04-18 10:45:00,0.4528301886792453,0.5471698113207547
jan zandecki,mateusz golebiowski,127,57,3.8188976377952755,70.19685039370079,2026-02-12 15:30:00,0.44881889763779526,0.5511811023622047
jan zandecki,michal murawski,60,21,3.8666666666666667,72.76666666666667,2026-03-09 13:25:00,0.35,0.65
jan zandecki,patrik klos,32,11,3.78125,70.0625,2026-04-18 15:10:00,0.34375,0.65625
jan zandecki,patryk lewandowski,32,6,4.15625,77.40625,2026-04-06 08:25:00,0.1875,0.8125
jan zandecki,petr david,86,22,4.127906976744186,76.76744186046511,2026-04-16 14:30:00,0.2558139534883721,0.7441860465116279
jan zandecki,piotr chodorski,72,23,4.0,75.01388888888889,2026-02-22 08:40:00,0.3194444444444444,0.6805555555555556
jan zandecki,piotr cyrnek,39,1,4.282051282051282,82.74358974358974,2025-12-08 15:05:00,0.02564102564102564,0.9743589743589743
jan zandecki,slawomir dosz,64,20,3.96875,73.046875,2025-08-17 07:40:00,0.3125,0.6875
jan zandecki,szymon kolasa,65,9,4.2615384615384615,78.93846153846154,2026-03-30 12:25:00,0.13846153846153847,0.8615384615384616
jaroslav baca,marcin kowalczyk,34,11,3.7941176470588234,69.02941176470588,2026-02-05 02:35:00,0.3235294117647059,0.6764705882352942
jaroslav baca,stanislaw wnek,27,4,4.037037037037037,75.85185185185185,2026-02-04 20:30:00,0.14814814814814814,0.8518518518518519
jaroslaw badura,pawel slosarczyk,32,8,4.1875,76.84375,2026-04-13 00:45:00,0.25,0.75
jaroslaw badura,rafal ogon,27,9,3.888888888888889,74.37037037037037,2026-04-13 00:00:00,0.3333333333333333,0.6666666666666667
jaroslaw rolak,kacper nagel,23,8,4.130434782608695,76.1304347826087,2026-03-07 19:10:00,0.34782608695652173,0.6521739130434783
jaroslaw rolak,kacper slawinski,70,25,3.8857142857142857,72.85714285714286,2026-02-04 03:00:00,0.35714285714285715,0.6428571428571428
jaroslaw rolak,kamil klocek,23,10,3.782608695652174,68.65217391304348,2026-04-17 02:00:00,0.43478260869565216,0.5652173913043479
jaroslaw rolak,krystian gaik,38,12,4.078947368421052,77.71052631578948,2026-02-07 19:10:00,0.3157894736842105,0.6842105263157895
jaroslaw rolak,krzysztof kotyl,167,20,4.347305389221557,82.31137724550898,2026-04-11 16:55:00,0.11976047904191617,0.8802395209580838
jaroslaw rolak,krzysztof pawlowski,86,18,4.116279069767442,78.51162790697674,2025-10-10 01:35:00,0.20930232558139536,0.7906976744186046
jaroslaw rolak,kuba golaszewski,48,14,4.0625,77.39583333333333,2026-04-19 00:35:00,0.2916666666666667,0.7083333333333333
jaroslaw rolak,marchlewski kacper,35,11,3.914285714285714,71.88571428571429,2026-03-22 02:00:00,0.3142857142857143,0.6857142857142857
jaroslaw rolak,marcin kowalczyk,149,59,3.8053691275167787,70.75167785234899,2026-04-16 17:55:00,0.3959731543624161,0.6040268456375839
jaroslaw rolak,marcin piotrowski,24,9,3.9166666666666665,74.20833333333333,2024-03-23 11:30:00,0.375,0.625
jaroslaw rolak,mariusz koczyba,102,38,3.8823529411764706,72.65686274509804,2025-03-27 21:15:00,0.37254901960784315,0.6274509803921569
jaroslaw rolak,mateusz burkacki,221,76,3.8733031674208145,72.00452488687783,2026-01-31 17:55:00,0.3438914027149321,0.6561085972850679
jaroslaw rolak,mateusz misiak,64,21,3.96875,73.71875,2026-02-28 20:00:00,0.328125,0.671875
jaroslaw rolak,mateusz trela,92,34,3.847826086956522,72.73913043478261,2026-04-07 16:25:00,0.3695652173913043,0.6304347826086957
jaroslaw rolak,michal minda,23,9,3.9130434782608696,72.34782608695652,2024-10-26 14:35:00,0.391304347826087,0.6086956521739131
jaroslaw rolak,michal skorski,93,29,3.946236559139785,74.21505376344086,2025-09-04 16:25:00,0.3118279569892473,0.6881720430107527
jaroslaw rolak,michal wojewodka,23,4,4.260869565217392,80.26086956521739,2026-04-18 23:45:00,0.17391304347826086,0.8260869565217391
jaroslaw rolak,milosz kukawka,23,14,3.5652173913043477,69.30434782608695,2026-04-14 20:15:00,0.6086956521739131,0.3913043478260869
jaroslaw rolak,miroslaw piecowski,42,11,4.095238095238095,77.95238095238095,2026-04-05 01:00:00,0.2619047619047619,0.7380952380952381
jaroslaw rolak,oskar jadach,32,10,3.90625,71.8125,2025-08-08 00:45:00,0.3125,0.6875
jaroslaw rolak,piotr staniszewski,36,4,4.194444444444445,78.36111111111111,2026-04-04 23:45:00,0.1111111111111111,0.8888888888888888
jaroslaw rolak,piotr strus,214,63,4.065420560747664,76.6355140186916,2026-04-14 19:05:00,0.29439252336448596,0.705607476635514
jaroslaw rolak,przemyslaw korzec,24,1,4.25,77.95833333333333,2024-07-25 21:35:00,0.041666666666666664,0.9583333333333334
jaroslaw rolak,sebastian baran,23,9,3.9565217391304346,73.0,2025-10-04 23:25:00,0.391304347826087,0.6086956521739131
jaroslaw rolak,stanislaw wnek,92,32,3.891304347826087,73.6413043478261,2026-04-16 21:35:00,0.34782608695652173,0.6521739130434783
jaroslaw rolak,szymon skop,21,3,4.428571428571429,82.14285714285714,2025-07-08 17:55:00,0.14285714285714285,0.8571428571428572
jaroslaw rolak,tadeusz piotrowski,58,21,3.9482758620689653,74.55172413793103,2025-01-04 14:05:00,0.3620689655172414,0.6379310344827587
jaroslaw rolak,tomasz lojtek,47,6,4.468085106382978,84.51063829787235,2025-08-14 16:25:00,0.1276595744680851,0.8723404255319149
jaroslaw rolak,wojciech gluszek,34,11,3.9411764705882355,73.20588235294117,2026-03-14 16:00:00,0.3235294117647059,0.6764705882352942
jaroslaw rolak,wojciech iwasyszyn,79,25,3.9746835443037973,73.56962025316456,2026-04-07 20:15:00,0.31645569620253167,0.6835443037974683
jaroslaw rolak,wojciech kotyl,58,6,4.293103448275862,83.67241379310344,2025-09-13 17:45:00,0.10344827586206896,0.896551724137931
jerzy michalik,kamil delikatny,30,12,3.8333333333333335,70.9,2026-04-10 00:50:00,0.4,0.6
jerzy michalik,lukasz pyda,20,2,4.4,84.85,2026-04-04 02:45:00,0.1,0.9
jerzy michalik,maciej lamer,135,41,4.029629629629629,77.22222222222223,2026-04-06 04:25:00,0.3037037037037037,0.6962962962962963
jerzy michalik,marian brunner,65,19,4.046153846153846,76.72307692307692,2026-02-04 01:45:00,0.2923076923076923,0.7076923076923076
jerzy michalik,michal machelski,54,22,3.8703703703703702,71.61111111111111,2026-04-13 23:50:00,0.4074074074074074,0.5925925925925926
jerzy michalik,michal wolny,60,12,4.1,77.61666666666666,2026-04-13 03:10:00,0.2,0.8
jerzy michalik,miroslaw lewczuk,91,31,3.989010989010989,73.32967032967034,2026-04-13 22:00:00,0.34065934065934067,0.6593406593406593
jerzy michalik,miroslaw warzecha,69,19,4.0,75.34782608695652,2026-04-14 02:20:00,0.2753623188405797,0.7246376811594203
jerzy michalik,patryk mecik,79,26,4.037974683544304,78.63291139240506,2025-04-30 20:20:00,0.3291139240506329,0.6708860759493671
jerzy michalik,pawel chojnacki,23,5,4.130434782608695,79.52173913043478,2026-03-20 05:40:00,0.21739130434782608,0.782608695652174
jerzy michalik,pawel polanski,88,27,3.9318181818181817,73.72727272727273,2026-03-08 01:00:00,0.3068181818181818,0.6931818181818181
jerzy michalik,slawomir janus,23,8,4.086956521739131,79.47826086956522,2026-04-13 07:10:00,0.34782608695652173,0.6521739130434783
jerzy michalik,tomasz przebierala,25,8,4.0,75.44,2025-07-09 03:30:00,0.32,0.6799999999999999
jerzy michalik,waldemar glanowski,74,27,3.864864864864865,73.36486486486487,2025-12-30 03:20:00,0.36486486486486486,0.6351351351351351
jerzy michalik,witold stechly,33,6,4.212121212121212,83.96969696969697,2026-04-13 04:25:00,0.18181818181818182,0.8181818181818181
jerzy michalik,zbigniew nocun,121,34,4.049586776859504,75.43801652892562,2026-04-03 04:40:00,0.2809917355371901,0.71900826446281
jerzy pelka,kacper adamus,52,18,4.0576923076923075,76.96153846153847,2026-04-16 22:00:00,0.34615384615384615,0.6538461538461539
jerzy pelka,kacper slawinski,67,24,3.8208955223880596,71.83582089552239,2026-01-29 17:20:00,0.3582089552238806,0.6417910447761195
jerzy pelka,krzysztof hetnar,23,10,3.9565217391304346,73.43478260869566,2026-03-13 13:45:00,0.43478260869565216,0.5652173913043479
jerzy pelka,lukasz oracz,29,6,4.275862068965517,80.20689655172414,2026-04-09 11:55:00,0.20689655172413793,0.7931034482758621
jerzy pelka,mariusz adamus,51,7,4.333333333333333,84.33333333333333,2026-04-09 16:20:00,0.13725490196078433,0.8627450980392157
jerzy pelka,mariusz baron,51,10,4.196078431372549,80.94117647058823,2026-03-05 12:55:00,0.19607843137254902,0.803921568627451
jerzy pelka,michal kumor,24,7,3.9166666666666665,72.79166666666667,2025-12-02 23:25:00,0.2916666666666667,0.7083333333333333
jerzy pelka,oskar jadach,22,7,4.136363636363637,78.5909090909091,2026-04-03 14:20:00,0.3181818181818182,0.6818181818181819
jerzy pelka,patryk mecik,32,7,4.09375,77.09375,2026-01-09 17:20:00,0.21875,0.78125
jerzy pelka,piotr gumulinski,27,2,4.333333333333333,80.11111111111111,2026-04-17 02:20:00,0.07407407407407407,0.9259259259259259
jerzy pelka,rafal idaczyk,48,13,4.104166666666667,76.64583333333333,2026-04-15 04:00:00,0.2708333333333333,0.7291666666666667
jerzy pelka,rafal skotniczny,64,23,3.890625,73.09375,2026-04-03 15:05:00,0.359375,0.640625
jerzy pelka,schaniel krzysztof,41,12,4.170731707317073,78.51219512195122,2026-04-16 23:10:00,0.2926829268292683,0.7073170731707317
jerzy pelka,sebastian juzek,20,6,3.95,75.7,2026-03-18 12:30:00,0.3,0.7
jerzy pelka,sebastian szostok,30,6,4.2,78.53333333333333,2026-04-09 13:55:00,0.2,0.8
jerzy pelka,tomasz wrzalik,24,5,4.166666666666667,79.41666666666667,2026-02-20 13:20:00,0.20833333333333334,0.7916666666666666
jerzy pelka,waldemar jozala,28,9,4.071428571428571,76.39285714285714,2025-09-24 16:20:00,0.32142857142857145,0.6785714285714286
jerzy pelka,witold buczynski,53,12,4.0754716981132075,76.26415094339623,2026-03-19 04:35:00,0.22641509433962265,0.7735849056603774
jerzy pelka,wojciech tobiasz,39,12,3.9743589743589745,72.7948717948718,2026-04-03 16:40:00,0.3076923076923077,0.6923076923076923
jerzy pelka,yurij fomin,22,10,3.8181818181818183,70.81818181818181,2026-01-19 16:55:00,0.45454545454545453,0.5454545454545454
josef braun,kacper petas,76,29,3.8289473684210527,72.15789473684211,2026-04-01 12:40:00,0.3815789473684211,0.618421052631579
josef braun,karol strowski,25,9,4.04,72.48,2026-04-08 10:20:00,0.36,0.64
josef braun,karol wisniewski,25,13,3.6,67.28,2026-04-08 08:45:00,0.52,0.48
josef braun,krzysztof wloczko,51,18,3.9215686274509802,73.09803921568627,2026-04-01 07:40:00,0.35294117647058826,0.6470588235294117
josef braun,lukasz jarocki,37,9,4.027027027027027,75.21621621621621,2026-04-08 12:45:00,0.24324324324324326,0.7567567567567568
josef braun,lukasz nadolski,20,9,3.75,66.65,2024-11-30 14:15:00,0.45,0.55
josef braun,maciej nowalinski,33,14,3.6666666666666665,69.93939393939394,2026-03-17 09:20:00,0.42424242424242425,0.5757575757575757
josef braun,maksymilian miastowski,52,12,4.211538461538462,77.65384615384616,2026-04-08 11:30:00,0.23076923076923078,0.7692307692307692
josef braun,marcin jadczyk,145,49,3.9586206896551723,73.53103448275863,2026-04-08 14:00:00,0.33793103448275863,0.6620689655172414
josef braun,martin olejnik,114,33,4.008771929824562,74.1842105263158,2026-04-18 14:50:00,0.2894736842105263,0.7105263157894737
josef braun,mateusz golebiowski,86,24,4.023255813953488,74.88372093023256,2026-02-11 13:20:00,0.27906976744186046,0.7209302325581395
josef braun,michal murawski,64,24,3.828125,70.3125,2026-03-10 12:05:00,0.375,0.625
josef braun,miroslav sklensky,43,16,3.8372093023255816,71.46511627906976,2026-04-08 09:30:00,0.37209302325581395,0.627906976744186
josef braun,patrik klos,37,16,3.918918918918919,72.16216216216216,2026-04-18 12:25:00,0.43243243243243246,0.5675675675675675
josef braun,patryk lewandowski,20,6,4.0,71.3,2026-02-16 13:50:00,0.3,0.7
josef braun,petr david,47,15,3.978723404255319,73.91489361702128,2026-04-15 13:15:00,0.3191489361702128,0.6808510638297872
josef braun,piotr chodorski,46,15,3.8043478260869565,69.91304347826087,2026-04-01 11:35:00,0.32608695652173914,0.6739130434782609
josef braun,slawomir dosz,49,14,4.1020408163265305,75.14285714285714,2025-08-16 07:40:00,0.2857142857142857,0.7142857142857143
josef braun,szymon kolasa,42,16,3.880952380952381,73.19047619047619,2026-01-25 14:15:00,0.38095238095238093,0.6190476190476191
josef braun,tomasz kotowski,31,12,3.903225806451613,71.61290322580645,2024-07-16 11:00:00,0.3870967741935484,0.6129032258064516
kacper adamus,kacper slawinski,35,12,3.8857142857142857,76.77142857142857,2025-12-30 12:30:00,0.34285714285714286,0.6571428571428571
kacper adamus,kamil smolka,35,8,3.9714285714285715,75.28571428571429,2026-04-15 12:20:00,0.22857142857142856,0.7714285714285715
kacper adamus,krzysztof hetnar,40,17,3.75,70.325,2026-04-08 07:10:00,0.425,0.575
kacper adamus,lukasz bernacki,26,7,4.0,78.3076923076923,2026-03-05 23:00:00,0.2692307692307692,0.7307692307692308
kacper adamus,lukasz oracz,44,12,3.909090909090909,75.02272727272727,2026-04-14 11:55:00,0.2727272727272727,0.7272727272727273
kacper adamus,maksymilian rus,34,4,4.352941176470588,84.8529411764706,2026-04-14 15:05:00,0.11764705882352941,0.8823529411764706
kacper adamus,marek tkocz,43,12,4.162790697674419,78.06976744186046,2026-04-10 00:25:00,0.27906976744186046,0.7209302325581395
kacper adamus,marian lebek,45,18,3.888888888888889,71.17777777777778,2026-04-02 22:50:00,0.4,0.6
kacper adamus,mariusz adamus,45,12,4.088888888888889,78.11111111111111,2026-04-15 16:40:00,0.26666666666666666,0.7333333333333334
kacper adamus,mariusz baron,28,5,4.142857142857143,79.57142857142857,2026-04-01 13:10:00,0.17857142857142858,0.8214285714285714
kacper adamus,mariusz koczyba,65,27,3.830769230769231,70.03076923076924,2026-04-17 02:00:00,0.4153846153846154,0.5846153846153845
kacper adamus,mateusz szczepanski,26,12,3.6923076923076925,68.38461538461539,2026-02-06 03:20:00,0.46153846153846156,0.5384615384615384
kacper adamus,michal oracz,26,12,3.6923076923076925,70.1923076923077,2026-01-06 14:55:00,0.46153846153846156,0.5384615384615384
kacper adamus,oskar jadach,33,14,3.878787878787879,72.60606060606061,2026-04-15 14:20:00,0.42424242424242425,0.5757575757575757
kacper adamus,patryk mecik,31,7,4.032258064516129,79.51612903225806,2025-12-31 15:20:00,0.22580645161290322,0.7741935483870968
kacper adamus,piotr gumulinski,36,10,4.166666666666667,77.52777777777777,2026-04-16 22:50:00,0.2777777777777778,0.7222222222222222
kacper adamus,rafal gajda,50,11,4.18,82.92,2026-04-15 13:30:00,0.22,0.78
kacper adamus,rafal idaczyk,22,9,3.8181818181818183,72.45454545454545,2026-02-04 12:30:00,0.4090909090909091,0.5909090909090908
kacper adamus,rafal skotniczny,56,34,3.5,65.32142857142857,2026-04-08 16:40:00,0.6071428571428571,0.3928571428571429
kacper adamus,schaniel krzysztof,33,6,4.090909090909091,76.6969696969697,2026-04-17 00:25:00,0.18181818181818182,0.8181818181818181
kacper adamus,sebastian juzek,55,11,4.072727272727272,77.18181818181819,2026-04-15 15:05:00,0.2,0.8
kacper adamus,sebastian szostok,40,12,4.0,76.475,2026-03-31 13:10:00,0.3,0.7
kacper adamus,witold buczynski,48,22,3.7291666666666665,68.70833333333333,2026-04-14 16:20:00,0.4583333333333333,0.5416666666666667
kacper glazowski,kacper petas,24,6,4.291666666666667,78.875,2026-03-23 12:05:00,0.25,0.75
kacper glazowski,karol strowski,43,16,3.9069767441860463,73.48837209302326,2026-04-07 10:20:00,0.37209302325581395,0.627906976744186
kacper glazowski,karol wisniewski,38,12,3.9473684210526314,73.63157894736842,2026-04-07 04:15:00,0.3157894736842105,0.6842105263157895
kacper glazowski,krystian kolodziej,35,17,3.7142857142857144,65.82857142857142,2026-03-23 20:45:00,0.4857142857142857,0.5142857142857142
kacper glazowski,krzysztof kapik,26,4,4.0,77.61538461538461,2026-01-26 11:40:00,0.15384615384615385,0.8461538461538461
kacper glazowski,krzysztof wloczko,59,28,3.7457627118644066,68.0677966101695,2026-03-23 10:30:00,0.4745762711864407,0.5254237288135593
kacper glazowski,lukasz jarocki,53,20,3.7547169811320753,70.0377358490566,2026-04-07 11:30:00,0.37735849056603776,0.6226415094339622
kacper glazowski,maciej domin,27,8,3.8518518518518516,73.48148148148148,2026-04-06 08:20:00,0.2962962962962963,0.7037037037037037
kacper glazowski,maciej nowalinski,37,7,4.081081081081081,76.13513513513513,2026-03-19 06:00:00,0.1891891891891892,0.8108108108108107
kacper glazowski,maksymilian miastowski,30,7,4.066666666666666,76.5,2026-04-06 15:35:00,0.23333333333333334,0.7666666666666666
kacper glazowski,marcin balcerzak,49,19,3.857142857142857,73.3061224489796,2026-04-07 09:30:00,0.3877551020408163,0.6122448979591837
kacper glazowski,michal malachowski,30,15,3.6666666666666665,68.8,2025-12-12 14:10:00,0.5,0.5
kacper glazowski,michal murawski,30,12,3.7666666666666666,70.56666666666666,2026-03-10 15:25:00,0.4,0.6
kacper glazowski,miroslav sklensky,56,20,3.9642857142857144,72.10714285714286,2026-03-24 12:05:00,0.35714285714285715,0.6428571428571428
kacper glazowski,piotr chlodnicki,29,10,3.8620689655172415,70.79310344827586,2026-03-09 21:10:00,0.3448275862068966,0.6551724137931034
kacper glazowski,tomasz filbrand,22,4,4.136363636363637,76.45454545454545,2026-04-07 12:45:00,0.18181818181818182,0.8181818181818181
kacper makowski,maciej makajew,20,9,3.8,70.2,2026-04-03 23:20:00,0.45,0.55
kacper makowski,michal minda,32,9,4.25,79.65625,2026-03-27 10:50:00,0.28125,0.71875
kacper makowski,piotr maruszak,29,6,4.241379310344827,80.79310344827586,2026-02-08 11:05:00,0.20689655172413793,0.7931034482758621
kacper makowski,sebastian baran,30,8,4.066666666666666,74.83333333333333,2026-04-04 17:50:00,0.26666666666666666,0.7333333333333334
kacper makowski,szymon radlo,30,7,4.1,79.43333333333334,2023-08-12 11:40:00,0.23333333333333334,0.7666666666666666
kacper makowski,szymon seroka,21,7,4.095238095238095,76.80952380952381,2023-08-14 09:00:00,0.3333333333333333,0.6666666666666667
kacper makowski,wojciech gluszek,22,7,4.0,74.54545454545455,2026-03-27 22:10:00,0.3181818181818182,0.6818181818181819
kacper nagel,krzysztof kotyl,21,4,4.285714285714286,80.0,2026-04-03 06:15:00,0.19047619047619047,0.8095238095238095
kacper nagel,krzysztof pawlowski,26,2,4.1923076923076925,80.23076923076923,2025-10-12 15:50:00,0.07692307692307693,0.9230769230769231
kacper nagel,michal skorski,26,7,4.153846153846154,79.65384615384616,2025-11-07 17:25:00,0.2692307692307692,0.7307692307692308
kacper nagel,mikolaj lukaszewski,21,6,3.857142857142857,73.95238095238095,2026-04-03 17:30:00,0.2857142857142857,0.7142857142857143
kacper nagel,miroslaw piecowski,27,4,4.148148148148148,79.07407407407408,2026-04-06 01:25:00,0.14814814814814814,0.8518518518518519
kacper nagel,wojciech iwasyszyn,22,5,4.045454545454546,76.68181818181819,2026-03-10 14:50:00,0.22727272727272727,0.7727272727272727
kacper petas,karol wisniewski,23,9,3.8260869565217392,71.3913043478261,2026-04-15 06:35:00,0.391304347826087,0.6086956521739131
kacper petas,konrad kulpa,24,4,4.125,79.91666666666667,2025-07-20 10:45:00,0.16666666666666666,0.8333333333333334
kacper petas,krystian kolodziej,36,22,3.5833333333333335,66.38888888888889,2025-12-15 16:55:00,0.6111111111111112,0.38888888888888884
kacper petas,krzysztof kapik,34,11,3.823529411764706,71.6470588235294,2026-04-15 11:55:00,0.3235294117647059,0.6764705882352942
kacper petas,krzysztof wloczko,82,25,3.926829268292683,75.45121951219512,2026-04-15 09:05:00,0.3048780487804878,0.6951219512195121
kacper petas,lukasz jarocki,71,23,3.9859154929577465,75.04225352112677,2026-04-15 08:20:00,0.323943661971831,0.676056338028169
kacper petas,lukasz nadolski,33,8,4.151515151515151,77.93939393939394,2025-06-22 13:40:00,0.24242424242424243,0.7575757575757576
kacper petas,maciej nowalinski,81,26,3.9753086419753085,75.92592592592592,2026-04-15 03:55:00,0.32098765432098764,0.6790123456790124
kacper petas,maciej podsiadlo,29,9,4.068965517241379,77.17241379310344,2024-09-05 14:15:00,0.3103448275862069,0.6896551724137931
kacper petas,maksymilian miastowski,107,28,4.05607476635514,77.8411214953271,2026-04-15 10:20:00,0.2616822429906542,0.7383177570093458
kacper petas,marcin jadczyk,138,53,3.847826086956522,71.29710144927536,2026-04-14 13:15:00,0.38405797101449274,0.6159420289855073
kacper petas,marcin litwiniuk,26,12,3.6923076923076925,69.42307692307692,2025-04-04 04:20:00,0.46153846153846156,0.5384615384615384
kacper petas,martin olejnik,50,20,3.9,73.36,2026-04-01 10:25:00,0.4,0.6
kacper petas,mateusz golebiowski,149,73,3.751677852348993,68.3758389261745,2026-02-12 09:50:00,0.4899328859060403,0.5100671140939597
kacper petas,michal malachowski,43,15,4.046511627906977,77.0,2025-08-13 05:00:00,0.3488372093023256,0.6511627906976745
kacper petas,michal murawski,90,34,3.922222222222222,73.91111111111111,2026-02-25 12:10:00,0.37777777777777777,0.6222222222222222
kacper petas,miroslav sklensky,42,14,3.880952380952381,72.83333333333333,2026-04-15 13:10:00,0.3333333333333333,0.6666666666666667
kacper petas,patryk lewandowski,33,9,4.151515151515151,76.21212121212122,2026-04-14 14:30:00,0.2727272727272727,0.7272727272727273
kacper petas,petr david,93,27,4.043010752688172,75.94623655913979,2026-04-16 06:15:00,0.2903225806451613,0.7096774193548387
kacper petas,piotr chlodnicki,29,7,4.068965517241379,77.17241379310344,2026-03-11 15:45:00,0.2413793103448276,0.7586206896551724
kacper petas,piotr chodorski,66,22,3.909090909090909,72.84848484848484,2026-04-01 09:35:00,0.3333333333333333,0.6666666666666667
kacper petas,piotr cyrnek,32,12,3.875,74.84375,2025-12-09 15:05:00,0.375,0.625
kacper petas,rutkowski mateusz,22,8,3.9545454545454546,74.81818181818181,2026-02-17 20:45:00,0.36363636363636365,0.6363636363636364
kacper petas,slawomir dosz,45,14,3.9555555555555557,74.62222222222222,2025-06-01 10:25:00,0.3111111111111111,0.6888888888888889
kacper petas,szymon kolasa,42,13,4.023809523809524,78.02380952380952,2026-02-10 13:25:00,0.30952380952380953,0.6904761904761905
kacper petas,szymon sporek,22,8,3.8181818181818183,71.9090909090909,2026-04-01 11:10:00,0.36363636363636365,0.6363636363636364
kacper slawinski,krzysztof pawlowski,42,10,4.119047619047619,79.83333333333333,2025-10-24 21:10:00,0.23809523809523808,0.7619047619047619
kacper slawinski,lukasz bernacki,34,9,4.0588235294117645,76.20588235294117,2026-01-08 15:20:00,0.2647058823529412,0.7352941176470589
kacper slawinski,lukasz oracz,22,10,3.6363636363636362,68.54545454545455,2026-01-26 15:20:00,0.45454545454545453,0.5454545454545454
kacper slawinski,marcin kowalczyk,62,26,3.725806451612903,68.45161290322581,2026-02-03 19:40:00,0.41935483870967744,0.5806451612903225
kacper slawinski,mariusz adamus,58,16,3.9482758620689653,73.65517241379311,2025-10-08 13:10:00,0.27586206896551724,0.7241379310344828
kacper slawinski,mariusz baron,48,15,3.9375,73.9375,2025-11-27 10:55:00,0.3125,0.6875
kacper slawinski,mariusz koczyba,89,28,4.033707865168539,74.47191011235955,2025-10-05 11:45:00,0.3146067415730337,0.6853932584269663
kacper slawinski,mateusz burkacki,74,16,4.094594594594595,77.4054054054054,2025-12-28 02:25:00,0.21621621621621623,0.7837837837837838
kacper slawinski,mateusz trela,41,15,3.8780487804878048,74.5609756097561,2025-12-13 10:00:00,0.36585365853658536,0.6341463414634146
kacper slawinski,michal kumor,23,13,3.608695652173913,69.47826086956522,2025-07-26 06:45:00,0.5652173913043478,0.4347826086956522
kacper slawinski,michal oracz,28,14,3.5357142857142856,67.89285714285714,2025-10-22 08:45:00,0.5,0.5
kacper slawinski,michal skorski,61,14,3.9836065573770494,75.55737704918033,2026-01-11 20:40:00,0.22950819672131148,0.7704918032786885
kacper slawinski,miroslaw piecowski,22,5,4.136363636363637,76.81818181818181,2026-01-11 19:30:00,0.22727272727272727,0.7727272727272727
kacper slawinski,oskar jadach,69,14,4.115942028985507,82.42028985507247,2025-12-06 21:05:00,0.2028985507246377,0.7971014492753623
kacper slawinski,patryk mecik,39,14,3.8974358974358974,75.0,2026-02-02 16:05:00,0.358974358974359,0.641025641025641
kacper slawinski,piotr gumulinski,53,10,4.150943396226415,79.98113207547169,2025-12-25 11:30:00,0.18867924528301888,0.8113207547169812
kacper slawinski,piotr strus,29,10,3.896551724137931,72.6896551724138,2026-02-03 20:50:00,0.3448275862068966,0.6551724137931034
kacper slawinski,przemyslaw blocho,45,18,3.7333333333333334,73.57777777777778,2025-07-21 07:30:00,0.4,0.6
kacper slawinski,rafal idaczyk,38,22,3.526315789473684,65.13157894736842,2026-01-19 16:30:00,0.5789473684210527,0.42105263157894735
kacper slawinski,rafal skotniczny,98,47,3.673469387755102,68.26530612244898,2026-01-26 18:05:00,0.47959183673469385,0.5204081632653061
kacper slawinski,schaniel krzysztof,64,19,4.0,76.375,2025-12-25 14:00:00,0.296875,0.703125
kacper slawinski,sebastian juzek,31,13,3.806451612903226,72.7741935483871,2026-02-02 17:40:00,0.41935483870967744,0.5806451612903225
kacper slawinski,sebastian szostok,65,14,4.046153846153846,77.2,2026-01-29 16:30:00,0.2153846153846154,0.7846153846153846
kacper slawinski,stanislaw wnek,59,20,3.9152542372881354,73.0677966101695,2026-02-03 18:05:00,0.3389830508474576,0.6610169491525424
kacper slawinski,tomasz lojtek,59,8,4.254237288135593,80.79661016949153,2025-08-04 19:30:00,0.13559322033898305,0.864406779661017
kacper slawinski,tomasz wrzalik,27,7,4.185185185185185,78.96296296296296,2025-09-12 11:55:00,0.25925925925925924,0.7407407407407407
kacper slawinski,waldemar jozala,33,15,3.787878787878788,73.84848484848484,2025-10-23 13:10:00,0.45454545454545453,0.5454545454545454
kacper slawinski,witold buczynski,65,18,3.9076923076923076,75.58461538461539,2025-12-04 17:40:00,0.27692307692307694,0.7230769230769231
kacper slawinski,wojciech iwasyszyn,76,18,4.118421052631579,78.44736842105263,2025-10-13 21:10:00,0.23684210526315788,0.7631578947368421
kacper slawinski,wojciech tobiasz,52,17,3.9423076923076925,74.32692307692308,2026-01-12 14:10:00,0.3269230769230769,0.6730769230769231
kacper slawinski,yurij fomin,54,20,3.7962962962962963,71.03703703703704,2026-02-02 13:20:00,0.37037037037037035,0.6296296296296297
kaczynski piotr,mariusz koczyba,32,12,3.9375,72.59375,2026-04-12 07:10:00,0.375,0.625
kaczynski piotr,wojciech pytlas,25,8,4.0,74.36,2026-04-12 06:00:00,0.32,0.6799999999999999
kamil delikatny,maciej lamer,25,10,3.76,70.16,2026-03-20 00:55:00,0.4,0.6
kamil delikatny,marian brunner,22,6,4.045454545454546,71.77272727272727,2026-02-19 04:05:00,0.2727272727272727,0.7272727272727273
kamil delikatny,miroslaw warzecha,25,7,4.08,75.24,2026-04-09 01:30:00,0.28,0.72
kamil delikatny,pawel polanski,28,12,3.6785714285714284,66.10714285714286,2026-04-09 03:55:00,0.42857142857142855,0.5714285714285714
kamil delikatny,zbigniew nocun,28,9,4.0,72.42857142857143,2026-03-19 02:30:00,0.32142857142857145,0.6785714285714286
kamil klocek,kuba golaszewski,31,9,3.967741935483871,75.03225806451613,2026-04-17 00:20:00,0.2903225806451613,0.7096774193548387
kamil klocek,marcin kowalczyk,21,8,3.9523809523809526,73.57142857142857,2026-04-16 21:10:00,0.38095238095238093,0.6190476190476191
kamil klocek,stanislaw wnek,21,6,4.095238095238095,77.0,2026-04-16 16:00:00,0.2857142857142857,0.7142857142857143
kamil nalepa,marcin jadczyk,23,9,3.9130434782608696,70.91304347826087,2024-02-19 09:50:00,0.391304347826087,0.6086956521739131
kamil rudomina,karol sulkowski,22,8,3.8636363636363638,74.5,2026-04-05 14:15:00,0.36363636363636365,0.6363636363636364
kamil rudomina,krystian kolodziej,23,19,3.260869565217391,56.391304347826086,2026-01-17 00:50:00,0.8260869565217391,0.17391304347826086
kamil rudomina,krzysztof guminski,22,5,4.0,74.18181818181819,2026-01-10 16:55:00,0.22727272727272727,0.7727272727272727
kamil rudomina,krzysztof kapik,47,11,4.085106382978723,76.0,2026-04-12 16:25:00,0.23404255319148937,0.7659574468085106
kamil rudomina,krzysztof kotyl,136,35,4.147058823529412,78.59558823529412,2026-04-14 00:35:00,0.25735294117647056,0.7426470588235294
kamil rudomina,lukasz pietraszko,63,20,4.015873015873016,73.98412698412699,2026-04-13 15:25:00,0.31746031746031744,0.6825396825396826
kamil rudomina,maciej makajew,42,8,4.142857142857143,78.78571428571429,2026-03-27 21:05:00,0.19047619047619047,0.8095238095238095
kamil rudomina,maciej sinitsky,57,12,4.12280701754386,77.54385964912281,2025-11-13 16:00:00,0.21052631578947367,0.7894736842105263
kamil rudomina,marchlewski kacper,86,27,4.034883720930233,76.5813953488372,2025-11-22 14:55:00,0.313953488372093,0.686046511627907
kamil rudomina,marcin marchlewski,31,12,3.838709677419355,69.38709677419355,2026-04-19 09:20:00,0.3870967741935484,0.6129032258064516
kamil rudomina,mateusz burkacki,39,13,3.948717948717949,73.07692307692308,2026-01-30 22:10:00,0.3333333333333333,0.6666666666666667
kamil rudomina,mateusz misiak,326,112,3.914110429447853,73.92944785276073,2026-04-14 23:45:00,0.34355828220858897,0.656441717791411
kamil rudomina,mateusz trela,28,7,4.107142857142857,76.35714285714286,2026-02-15 11:30:00,0.25,0.75
kamil rudomina,mateusz zagajewski,50,18,3.78,68.96,2026-03-20 13:40:00,0.36,0.64
kamil rudomina,michal minda,186,62,4.064516129032258,78.38172043010752,2026-04-03 06:30:00,0.3333333333333333,0.6666666666666667
kamil rudomina,michal skorski,25,8,3.96,73.04,2025-12-14 16:05:00,0.32,0.6799999999999999
kamil rudomina,mikolaj lukaszewski,25,9,3.92,68.96,2026-02-12 12:50:00,0.36,0.64
kamil rudomina,milosz piecowski,68,22,4.0,75.83823529411765,2026-04-12 20:40:00,0.3235294117647059,0.6764705882352942
kamil rudomina,pawel grela,29,10,3.896551724137931,75.89655172413794,2024-05-04 23:40:00,0.3448275862068966,0.6551724137931034
kamil rudomina,piotr maruszak,65,25,3.923076923076923,74.78461538461538,2026-04-09 16:15:00,0.38461538461538464,0.6153846153846154
kamil rudomina,piotr staniszewski,22,7,3.8181818181818183,71.5909090909091,2026-01-23 18:30:00,0.3181818181818182,0.6818181818181819
kamil rudomina,piotr sudol,32,11,3.90625,71.84375,2023-11-28 08:35:00,0.34375,0.65625
kamil rudomina,piotr szafranek,21,7,3.9523809523809526,72.0,2026-04-15 00:35:00,0.3333333333333333,0.6666666666666667
kamil rudomina,przemyslaw blocho,89,34,3.853932584269663,70.68539325842697,2026-04-15 01:00:00,0.38202247191011235,0.6179775280898876
kamil rudomina,przemyslaw perzynski,30,9,4.033333333333333,74.53333333333333,2026-02-06 02:00:00,0.3,0.7
kamil rudomina,sebastian baran,105,59,3.5714285714285716,64.71428571428571,2026-02-14 09:20:00,0.5619047619047619,0.4380952380952381
kamil rudomina,szymon radlo,277,88,4.007220216606498,78.7653429602888,2026-02-03 11:10:00,0.3176895306859206,0.6823104693140793
kamil rudomina,szymon seroka,45,20,3.7777777777777777,70.71111111111111,2025-03-12 17:55:00,0.4444444444444444,0.5555555555555556
kamil rudomina,tadeusz piotrowski,47,11,4.085106382978723,75.80851063829788,2026-03-21 10:00:00,0.23404255319148937,0.7659574468085106
kamil rudomina,tomasz filbrand,54,18,4.0,72.70370370370371,2026-03-31 12:15:00,0.3333333333333333,0.6666666666666667
kamil rudomina,wojciech gluszek,112,40,3.8839285714285716,72.15178571428571,2026-04-11 13:00:00,0.35714285714285715,0.6428571428571428
kamil rudomina,wojciech gronowski,28,6,4.214285714285714,79.46428571428571,2026-04-18 05:25:00,0.21428571428571427,0.7857142857142857
kamil smolka,rafal gajda,21,4,4.428571428571429,83.76190476190476,2026-04-15 14:45:00,0.19047619047619047,0.8095238095238095
kamil smolka,sebastian juzek,49,9,4.142857142857143,77.08163265306122,2026-04-15 16:20:00,0.1836734693877551,0.8163265306122449
karol strowski,karol wisniewski,22,9,3.9545454545454546,77.13636363636364,2026-04-16 13:10:00,0.4090909090909091,0.5909090909090908
karol strowski,krystian kolodziej,82,28,3.9634146341463414,74.6951219512195,2026-04-14 18:35:00,0.34146341463414637,0.6585365853658536
karol strowski,krzysztof kapik,89,22,4.056179775280899,75.69662921348315,2026-04-16 10:20:00,0.24719101123595505,0.752808988764045
karol strowski,krzysztof wloczko,63,15,4.079365079365079,76.11111111111111,2026-04-14 13:10:00,0.23809523809523808,0.7619047619047619
karol strowski,lukasz jarocki,132,49,3.8333333333333335,71.88636363636364,2026-04-13 12:20:00,0.3712121212121212,0.6287878787878788
karol strowski,maciej domin,42,12,3.9523809523809526,75.19047619047619,2026-02-27 19:35:00,0.2857142857142857,0.7142857142857143
karol strowski,maciej nowalinski,41,10,3.951219512195122,73.34146341463415,2026-04-14 10:20:00,0.24390243902439024,0.7560975609756098
karol strowski,maksymilian miastowski,25,9,4.0,78.88,2026-04-08 09:05:00,0.36,0.64
karol strowski,marcin balcerzak,76,26,3.8815789473684212,70.72368421052632,2026-04-16 09:05:00,0.34210526315789475,0.6578947368421053
karol strowski,mateusz edward ufnal,27,6,4.037037037037037,75.70370370370371,2026-04-14 15:30:00,0.2222222222222222,0.7777777777777778
karol strowski,mateusz misiak,21,12,3.5238095238095237,65.80952380952381,2025-04-21 19:20:00,0.5714285714285714,0.4285714285714286
karol strowski,michal malachowski,24,8,4.083333333333333,75.95833333333333,2026-04-10 10:20:00,0.3333333333333333,0.6666666666666667
karol strowski,michal minda,30,11,3.8,73.0,2025-04-21 20:05:00,0.36666666666666664,0.6333333333333333
karol strowski,michal murawski,36,16,3.861111111111111,70.19444444444444,2026-03-10 12:55:00,0.4444444444444444,0.5555555555555556
karol strowski,michal olbrycht,31,7,4.064516129032258,76.19354838709677,2026-04-14 17:25:00,0.22580645161290322,0.7741935483870968
karol strowski,miroslav sklensky,80,20,4.0875,76.1375,2026-04-14 14:45:00,0.25,0.75
karol strowski,piotr chlodnicki,23,4,4.173913043478261,79.6086956521739,2026-04-16 19:45:00,0.17391304347826086,0.8260869565217391
karol strowski,szymon seroka,28,12,3.642857142857143,66.75,2025-05-12 19:45:00,0.42857142857142855,0.5714285714285714
karol strowski,szymon sporek,27,7,4.037037037037037,76.88888888888889,2026-04-03 10:20:00,0.25925925925925924,0.7407407407407407
karol strowski,tomasz filbrand,68,17,4.0,75.04411764705883,2026-04-07 16:20:00,0.25,0.75
karol strowski,wojciech gluszek,31,15,3.6774193548387095,67.2258064516129,2025-04-21 11:00:00,0.4838709677419355,0.5161290322580645
karol sulkowski,krzysztof kotyl,22,6,4.045454545454546,79.0,2026-03-25 13:35:00,0.2727272727272727,0.7272727272727273
karol sulkowski,michal minda,31,3,4.225806451612903,86.87096774193549,2026-04-15 11:25:00,0.0967741935483871,0.9032258064516129
karol wisniewski,konrad staszczyk,23,11,3.652173913043478,69.95652173913044,2023-05-17 04:30:00,0.4782608695652174,0.5217391304347826
karol wisniewski,krystian kolodziej,41,14,3.975609756097561,75.65853658536585,2026-02-15 17:45:00,0.34146341463414637,0.6585365853658536
karol wisniewski,krzysztof kapik,93,26,4.064516129032258,77.74193548387096,2026-04-17 06:10:00,0.27956989247311825,0.7204301075268817
karol wisniewski,krzysztof wloczko,98,31,4.0,75.88775510204081,2026-04-14 09:55:00,0.3163265306122449,0.6836734693877551
karol wisniewski,lukasz jarocki,96,40,3.8229166666666665,73.46875,2026-04-15 05:20:00,0.4166666666666667,0.5833333333333333
karol wisniewski,maciej domin,34,9,4.117647058823529,80.41176470588235,2026-04-17 14:00:00,0.2647058823529412,0.7352941176470589
karol wisniewski,maciej nowalinski,85,18,4.141176470588236,78.21176470588236,2026-04-15 07:55:00,0.21176470588235294,0.788235294117647
karol wisniewski,maksymilian miastowski,37,15,3.810810810810811,72.72972972972973,2026-04-15 04:15:00,0.40540540540540543,0.5945945945945945
karol wisniewski,marcin balcerzak,103,42,3.8737864077669903,73.13592233009709,2026-04-17 12:20:00,0.4077669902912621,0.5922330097087378
karol wisniewski,marcin jadczyk,87,31,3.8850574712643677,71.33333333333333,2026-04-12 05:25:00,0.3563218390804598,0.6436781609195402
karol wisniewski,marcin marchlewski,20,7,4.05,79.1,2026-03-15 13:25:00,0.35,0.65
karol wisniewski,mateusz golebiowski,48,30,3.5416666666666665,63.291666666666664,2026-02-11 05:35:00,0.625,0.375
karol wisniewski,mateusz rutkowski,52,14,4.019230769230769,74.67307692307692,2023-05-17 00:20:00,0.2692307692307692,0.7307692307692308
karol wisniewski,michal galas,36,20,3.5555555555555554,67.66666666666667,2023-05-17 03:00:00,0.5555555555555556,0.4444444444444444
karol wisniewski,michal malachowski,49,13,4.020408163265306,75.87755102040816,2026-04-10 14:00:00,0.2653061224489796,0.7346938775510203
karol wisniewski,michal murawski,40,9,4.175,77.8,2025-12-14 09:00:00,0.225,0.775
karol wisniewski,miroslav sklensky,62,32,3.693548387096774,68.61290322580645,2026-04-15 03:30:00,0.5161290322580645,0.4838709677419355
karol wisniewski,petr david,22,13,3.5,62.45454545454545,2026-04-09 09:10:00,0.5909090909090909,0.40909090909090906
karol wisniewski,piotr chlodnicki,20,10,3.8,72.75,2026-04-16 12:20:00,0.5,0.5
karol wisniewski,szymon radlo,52,17,4.0,76.42307692307692,2023-05-07 04:10:00,0.3269230769230769,0.6730769230769231
karol wisniewski,szymon sporek,26,10,3.923076923076923,72.73076923076923,2026-04-01 04:35:00,0.38461538461538464,0.6153846153846154
konrad kulpa,marcin jadczyk,42,19,3.7142857142857144,67.73809523809524,2025-08-17 11:35:00,0.4523809523809524,0.5476190476190477
konrad kulpa,mateusz golebiowski,29,7,3.9310344827586206,73.96551724137932,2025-07-20 04:00:00,0.2413793103448276,0.7586206896551724
konrad kulpa,piotr chodorski,24,8,3.7916666666666665,75.625,2023-11-03 08:35:00,0.3333333333333333,0.6666666666666667
konrad kulpa,tomasz kotowski,24,0,4.291666666666667,82.33333333333333,2024-06-07 12:00:00,0.0,1.0
konrad staszczyk,krystian kolodziej,51,26,3.627450980392157,66.05882352941177,2024-07-19 21:55:00,0.5098039215686274,0.4901960784313726
konrad staszczyk,krzysztof kapik,131,55,3.7938931297709924,70.69465648854961,2024-07-19 16:15:00,0.4198473282442748,0.5801526717557253
konrad staszczyk,krzysztof marcinowski,49,23,3.7346938775510203,69.79591836734694,2024-07-14 15:00:00,0.46938775510204084,0.5306122448979591
konrad staszczyk,krzysztof niemiec,28,9,3.8214285714285716,73.25,2024-07-14 12:15:00,0.32142857142857145,0.6785714285714286
konrad staszczyk,krzysztof wloczko,26,11,3.8461538461538463,71.5,2024-07-20 20:45:00,0.4230769230769231,0.5769230769230769
konrad staszczyk,lukasz jarocki,61,28,3.6721311475409837,67.73770491803279,2024-07-19 23:05:00,0.45901639344262296,0.540983606557377
konrad staszczyk,maksymilian miastowski,21,7,4.095238095238095,75.0952380952381,2024-03-09 03:00:00,0.3333333333333333,0.6666666666666667
konrad staszczyk,marcin jadczyk,45,19,3.8444444444444446,70.55555555555556,2024-01-01 03:00:00,0.4222222222222222,0.5777777777777777
konrad staszczyk,mateusz rutkowski,20,11,3.7,69.1,2023-05-23 18:00:00,0.55,0.44999999999999996
konrad staszczyk,michal murawski,26,11,3.730769230769231,68.1923076923077,2024-07-22 05:15:00,0.4230769230769231,0.5769230769230769
konrad staszczyk,petr david,20,12,3.45,60.25,2024-03-21 01:50:00,0.6,0.4
konrad staszczyk,piotr chlodnicki,61,24,3.819672131147541,71.21311475409836,2024-03-22 19:50:00,0.39344262295081966,0.6065573770491803
konrad staszczyk,przemyslaw perzynski,28,14,3.7142857142857144,67.35714285714286,2024-03-14 02:15:00,0.5,0.5
konrad staszczyk,radoslaw chrzescian,44,19,3.772727272727273,70.06818181818181,2024-02-28 05:35:00,0.4318181818181818,0.5681818181818181
konrad staszczyk,rutkowski mateusz,200,78,3.785,70.89,2024-03-22 05:50:00,0.39,0.61
konrad staszczyk,szymon radlo,80,31,3.825,72.2,2024-07-18 19:10:00,0.3875,0.6125
konrad staszczyk,szymon seroka,79,35,3.6962025316455698,67.79746835443038,2024-03-25 05:45:00,0.4430379746835443,0.5569620253164558
konrad staszczyk,tomasz filbrand,59,20,3.9661016949152543,74.91525423728814,2024-07-22 12:35:00,0.3389830508474576,0.6610169491525424
krystian gaik,marcin kowalczyk,25,7,4.08,79.44,2026-01-02 22:10:00,0.28,0.72
krystian gaik,mariusz koczyba,34,11,4.029411764705882,73.44117647058823,2025-03-20 20:30:00,0.3235294117647059,0.6764705882352942
krystian gaik,piotr strus,24,6,4.291666666666667,78.625,2025-09-20 13:50:00,0.25,0.75
krystian gaik,tomasz lojtek,38,6,4.2368421052631575,79.28947368421052,2025-08-01 17:55:00,0.15789473684210525,0.8421052631578947
krystian kolodziej,krzysztof kapik,298,64,4.208053691275167,79.61409395973155,2026-04-07 01:05:00,0.21476510067114093,0.785234899328859
krystian kolodziej,krzysztof marcinowski,56,31,3.5714285714285716,63.035714285714285,2025-12-20 19:20:00,0.5535714285714286,0.4464285714285714
krystian kolodziej,krzysztof niemiec,37,22,3.5135135135135136,62.21621621621622,2026-03-14 21:05:00,0.5945945945945946,0.4054054054054054
krystian kolodziej,krzysztof wloczko,114,26,4.052631578947368,76.17543859649123,2026-03-24 16:55:00,0.22807017543859648,0.7719298245614035
krystian kolodziej,lukasz jarocki,315,65,4.161904761904762,78.76507936507936,2026-04-03 20:10:00,0.20634920634920634,0.7936507936507937
krystian kolodziej,maciej domin,119,42,3.957983193277311,75.77310924369748,2026-04-18 17:05:00,0.35294117647058826,0.6470588235294117
krystian kolodziej,maciej nowalinski,121,43,3.8264462809917354,71.10743801652893,2026-03-29 16:45:00,0.35537190082644626,0.6446280991735538
krystian kolodziej,maciej podsiadlo,32,10,3.875,71.8125,2024-09-11 08:30:00,0.3125,0.6875
krystian kolodziej,maksymilian miastowski,32,15,3.8125,69.65625,2026-03-11 18:00:00,0.46875,0.53125
krystian kolodziej,marcin balcerzak,22,15,3.4545454545454546,62.09090909090909,2026-03-15 03:00:00,0.6818181818181818,0.31818181818181823
krystian kolodziej,marcin jadczyk,22,7,3.909090909090909,72.22727272727273,2025-06-30 00:20:00,0.3181818181818182,0.6818181818181819
krystian kolodziej,marcin litwiniuk,29,16,3.586206896551724,64.3103448275862,2025-04-02 17:00:00,0.5517241379310345,0.4482758620689655
krystian kolodziej,marcin marchlewski,103,62,3.533980582524272,61.407766990291265,2026-04-18 19:50:00,0.6019417475728155,0.3980582524271845
krystian kolodziej,mateusz czernik,143,75,3.5734265734265733,64.7062937062937,2026-04-19 00:20:00,0.5244755244755245,0.4755244755244755
krystian kolodziej,mateusz edward ufnal,40,29,3.45,60.95,2026-04-15 15:30:00,0.725,0.275
krystian kolodziej,michal krzyzanowski,26,18,3.4615384615384617,63.30769230769231,2025-12-19 20:25:00,0.6923076923076923,0.3076923076923077
krystian kolodziej,michal minda,34,22,3.4411764705882355,61.794117647058826,2024-02-17 04:15:00,0.6470588235294118,0.3529411764705882
krystian kolodziej,michal murawski,49,21,3.836734693877551,69.71428571428571,2025-06-15 21:35:00,0.42857142857142855,0.5714285714285714
krystian kolodziej,michal olbrycht,81,34,3.740740740740741,67.92592592592592,2026-04-15 16:20:00,0.41975308641975306,0.5802469135802469
krystian kolodziej,milosz sawczak,51,31,3.5098039215686274,64.94117647058823,2026-04-01 18:35:00,0.6078431372549019,0.3921568627450981
krystian kolodziej,miroslav sklensky,28,14,3.7142857142857144,68.75,2026-03-09 12:55:00,0.5,0.5
krystian kolodziej,patryk jendrzejewski,48,14,4.020833333333333,74.39583333333333,2026-04-15 18:35:00,0.2916666666666667,0.7083333333333333
krystian kolodziej,petr david,39,21,3.58974358974359,65.17948717948718,2026-02-22 20:30:00,0.5384615384615384,0.46153846153846156
krystian kolodziej,piotr chlodnicki,97,52,3.6082474226804124,64.71134020618557,2026-04-01 19:45:00,0.5360824742268041,0.4639175257731959
krystian kolodziej,piotr chodorski,36,14,3.7777777777777777,69.80555555555556,2026-03-30 15:55:00,0.3888888888888889,0.6111111111111112
krystian kolodziej,przemyslaw perzynski,31,6,4.096774193548387,75.54838709677419,2026-01-14 20:00:00,0.1935483870967742,0.8064516129032258
krystian kolodziej,radoslaw chrzescian,50,29,3.58,65.06,2026-02-21 00:25:00,0.58,0.42000000000000004
krystian kolodziej,rafal utylski,22,14,3.5454545454545454,65.86363636363636,2026-04-06 18:15:00,0.6363636363636364,0.36363636363636365
krystian kolodziej,rutkowski mateusz,110,49,3.7181818181818183,66.61818181818182,2026-04-15 19:45:00,0.44545454545454544,0.5545454545454546
krystian kolodziej,sebastian baran,31,19,3.4516129032258065,59.774193548387096,2025-11-16 03:00:00,0.6129032258064516,0.3870967741935484
krystian kolodziej,szymon brud,57,36,3.4210526315789473,60.1578947368421,2026-04-04 01:30:00,0.631578947368421,0.368421052631579
krystian kolodziej,szymon kolasa,32,14,3.6875,70.03125,2026-01-23 20:25:00,0.4375,0.5625
krystian kolodziej,szymon radlo,47,19,3.8297872340425534,69.93617021276596,2025-04-11 01:05:00,0.40425531914893614,0.5957446808510638
krystian kolodziej,szymon seroka,128,78,3.5234375,63.15625,2025-05-08 01:30:00,0.609375,0.390625
krystian kolodziej,szymon sporek,151,38,4.0927152317880795,77.64238410596026,2026-04-19 02:00:00,0.25165562913907286,0.7483443708609272
krystian kolodziej,tomasz filbrand,168,46,4.071428571428571,75.97619047619048,2026-04-17 23:50:00,0.27380952380952384,0.7261904761904762
krzysztof guminski,marcin marchlewski,20,12,3.45,61.8,2025-07-05 20:35:00,0.6,0.4
krzysztof guminski,mateusz misiak,34,5,4.117647058823529,78.61764705882354,2026-03-21 10:20:00,0.14705882352941177,0.8529411764705882
krzysztof guminski,michal minda,26,7,4.115384615384615,77.65384615384616,2026-04-18 14:55:00,0.2692307692307692,0.7307692307692308
krzysztof guminski,piotr maruszak,30,6,4.0,73.93333333333334,2025-11-15 14:10:00,0.2,0.8
krzysztof guminski,sebastian baran,39,19,3.6666666666666665,67.1025641025641,2025-12-27 19:15:00,0.48717948717948717,0.5128205128205128
krzysztof guminski,szymon radlo,27,3,4.148148148148148,82.55555555555556,2026-01-31 11:05:00,0.1111111111111111,0.8888888888888888
krzysztof guminski,tadeusz piotrowski,20,4,4.3,82.3,2026-01-17 10:25:00,0.2,0.8
krzysztof hetnar,marek tkocz,32,10,4.0,72.5,2026-03-31 17:10:00,0.3125,0.6875
krzysztof hetnar,marian lebek,45,11,4.022222222222222,76.4,2026-03-31 04:00:00,0.24444444444444444,0.7555555555555555
krzysztof hetnar,mariusz adamus,41,7,4.073170731707317,76.46341463414635,2026-04-03 08:00:00,0.17073170731707318,0.8292682926829268
krzysztof hetnar,mariusz baron,40,11,3.95,71.4,2026-03-12 14:55:00,0.275,0.725
krzysztof hetnar,mariusz koczyba,24,4,4.083333333333333,79.08333333333333,2026-03-31 18:25:00,0.16666666666666666,0.8333333333333334
krzysztof hetnar,mateusz szczepanski,20,7,3.95,74.5,2026-01-28 23:50:00,0.35,0.65
krzysztof hetnar,michal kumor,39,13,3.8461538461538463,69.43589743589743,2026-01-29 03:00:00,0.3333333333333333,0.6666666666666667
krzysztof hetnar,patryk mecik,30,9,3.966666666666667,71.16666666666667,2026-04-03 06:25:00,0.3,0.7
krzysztof hetnar,piotr gumulinski,27,9,4.037037037037037,75.4074074074074,2026-04-10 03:35:00,0.3333333333333333,0.6666666666666667
krzysztof hetnar,piotr przewlocki,23,10,3.8260869565217392,68.6086956521739,2025-12-28 19:25:00,0.43478260869565216,0.5652173913043479
krzysztof hetnar,rafal skotniczny,26,12,3.6923076923076925,70.38461538461539,2026-04-16 15:05:00,0.46153846153846156,0.5384615384615384
krzysztof hetnar,schaniel krzysztof,38,9,4.078947368421052,76.65789473684211,2026-03-13 18:05:00,0.23684210526315788,0.7631578947368421
krzysztof hetnar,sebastian szostok,21,4,4.285714285714286,82.52380952380952,2026-04-10 06:45:00,0.19047619047619047,0.8095238095238095
krzysztof hetnar,witold buczynski,23,9,3.9130434782608696,71.78260869565217,2026-04-16 11:55:00,0.391304347826087,0.6086956521739131
krzysztof juszczyk,lukasz bernacki,43,15,3.9069767441860463,73.76744186046511,2026-03-16 00:35:00,0.3488372093023256,0.6511627906976745
krzysztof juszczyk,mariusz adamus,28,8,4.0,79.60714285714286,2026-04-18 08:00:00,0.2857142857142857,0.7142857142857143
krzysztof juszczyk,mariusz baron,41,11,4.048780487804878,77.0,2026-02-24 18:35:00,0.2682926829268293,0.7317073170731707
krzysztof juszczyk,mariusz koczyba,45,12,3.9555555555555557,71.71111111111111,2026-04-15 17:35:00,0.26666666666666666,0.7333333333333334
krzysztof juszczyk,michal kumor,28,11,3.8214285714285716,68.85714285714286,2026-01-25 02:55:00,0.39285714285714285,0.6071428571428572
krzysztof juszczyk,michal oracz,22,11,3.590909090909091,67.86363636363636,2025-12-21 03:20:00,0.5,0.5
krzysztof juszczyk,oliver vincenec,24,8,3.7916666666666665,70.25,2026-04-15 20:20:00,0.3333333333333333,0.6666666666666667
krzysztof juszczyk,oskar jadach,35,14,3.7714285714285714,70.17142857142858,2026-02-22 16:55:00,0.4,0.6
krzysztof juszczyk,patryk gamrot,23,5,4.130434782608695,76.8695652173913,2026-02-21 16:55:00,0.21739130434782608,0.782608695652174
krzysztof juszczyk,patryk jedrzejak,34,18,3.676470588235294,65.73529411764706,2025-06-22 02:45:00,0.5294117647058824,0.47058823529411764
krzysztof juszczyk,pawel adamus,25,4,4.16,77.72,2026-01-25 00:55:00,0.16,0.84
krzysztof juszczyk,pawel slosarczyk,28,13,3.7857142857142856,67.82142857142857,2026-04-12 21:35:00,0.4642857142857143,0.5357142857142857
krzysztof juszczyk,piotr gumulinski,39,14,3.8974358974358974,74.25641025641026,2026-03-04 20:35:00,0.358974358974359,0.641025641025641
krzysztof juszczyk,piotr przewlocki,41,16,3.8292682926829267,72.63414634146342,2026-02-07 00:55:00,0.3902439024390244,0.6097560975609756
krzysztof juszczyk,rafal adach,38,16,3.8421052631578947,71.05263157894737,2026-04-19 07:35:00,0.42105263157894735,0.5789473684210527
krzysztof juszczyk,rafal idaczyk,24,9,3.75,69.45833333333333,2026-04-19 04:50:00,0.375,0.625
krzysztof juszczyk,rafal ogon,21,10,3.761904761904762,68.52380952380952,2026-04-13 02:45:00,0.47619047619047616,0.5238095238095238
krzysztof juszczyk,robert szymik,105,48,3.704761904761905,66.85714285714286,2026-02-15 01:45:00,0.45714285714285713,0.5428571428571429
krzysztof juszczyk,roman wiza,257,108,3.762645914396887,69.50972762645914,2026-02-15 05:20:00,0.42023346303501946,0.5797665369649805
krzysztof juszczyk,schaniel krzysztof,23,4,4.173913043478261,76.8695652173913,2025-10-26 03:45:00,0.17391304347826086,0.8260869565217391
krzysztof juszczyk,sebastian krupa,31,9,4.064516129032258,75.90322580645162,2026-04-08 20:20:00,0.2903225806451613,0.7096774193548387
krzysztof juszczyk,sebastian szostok,84,27,3.9285714285714284,72.30952380952381,2026-04-11 13:30:00,0.32142857142857145,0.6785714285714286
krzysztof juszczyk,tomasz wrzalik,29,9,3.9655172413793105,74.65517241379311,2026-02-24 17:25:00,0.3103448275862069,0.6896551724137931
krzysztof kapik,krzysztof marcinowski,29,8,4.0344827586206895,76.44827586206897,2025-12-20 21:15:00,0.27586206896551724,0.7241379310344828
krzysztof kapik,krzysztof niemiec,23,9,3.782608695652174,73.34782608695652,2026-02-07 22:35:00,0.391304347826087,0.6086956521739131
krzysztof kapik,krzysztof wloczko,198,56,3.98989898989899,74.8989898989899,2026-04-15 14:25:00,0.2828282828282828,0.7171717171717171
krzysztof kapik,lukasz jarocki,320,94,3.996875,74.325,2026-04-16 08:45:00,0.29375,0.70625
krzysztof kapik,lukasz pietraszko,22,1,4.363636363636363,80.36363636363636,2025-10-27 21:35:00,0.045454545454545456,0.9545454545454546
krzysztof kapik,maciej domin,79,12,4.215189873417722,80.49367088607595,2026-02-26 19:35:00,0.1518987341772152,0.8481012658227848
krzysztof kapik,maciej kolek,29,7,4.103448275862069,78.6896551724138,2026-04-17 07:10:00,0.2413793103448276,0.7586206896551724
krzysztof kapik,maciej makajew,20,11,3.75,69.85,2024-08-30 11:05:00,0.55,0.44999999999999996
krzysztof kapik,maciej nowalinski,124,27,4.169354838709677,79.5241935483871,2026-04-16 05:45:00,0.21774193548387097,0.782258064516129
krzysztof kapik,maciej podsiadlo,60,14,4.05,75.91666666666667,2024-09-12 08:50:00,0.23333333333333334,0.7666666666666666
krzysztof kapik,maksymilian miastowski,42,15,3.9761904761904763,75.52380952380952,2026-04-15 12:45:00,0.35714285714285715,0.6428571428571428
krzysztof kapik,marcin balcerzak,47,19,3.7872340425531914,69.74468085106383,2026-04-17 03:55:00,0.40425531914893614,0.5957446808510638
krzysztof kapik,marcin jadczyk,51,20,3.823529411764706,70.70588235294117,2026-04-16 07:10:00,0.39215686274509803,0.607843137254902
krzysztof kapik,marcin marchlewski,43,15,3.883720930232558,72.06976744186046,2026-02-07 17:00:00,0.3488372093023256,0.6511627906976745
krzysztof kapik,mateusz czernik,47,10,4.085106382978723,75.61702127659575,2026-03-08 20:05:00,0.2127659574468085,0.7872340425531915
krzysztof kapik,mateusz edward ufnal,69,23,3.927536231884058,72.94202898550725,2026-03-26 00:50:00,0.3333333333333333,0.6666666666666667
krzysztof kapik,mateusz misiak,37,9,4.216216216216216,78.43243243243244,2025-12-02 02:30:00,0.24324324324324326,0.7567567567567568
krzysztof kapik,mateusz rutkowski,38,15,3.8947368421052633,73.21052631578948,2023-05-23 21:10:00,0.39473684210526316,0.6052631578947368
krzysztof kapik,michal galas,36,13,3.9444444444444446,76.83333333333333,2023-05-22 05:30:00,0.3611111111111111,0.6388888888888888
krzysztof kapik,michal krzyzanowski,32,10,3.90625,74.53125,2025-09-04 23:50:00,0.3125,0.6875
krzysztof kapik,michal malachowski,28,10,3.9642857142857144,75.14285714285714,2026-04-09 14:45:00,0.35714285714285715,0.6428571428571428
krzysztof kapik,michal minda,71,31,3.732394366197183,68.8169014084507,2024-08-29 22:55:00,0.43661971830985913,0.5633802816901409
krzysztof kapik,michal murawski,110,39,3.981818181818182,73.2090909090909,2026-01-26 15:25:00,0.35454545454545455,0.6454545454545455
krzysztof kapik,michal olbrycht,101,24,4.118811881188119,77.16831683168317,2026-04-07 23:50:00,0.2376237623762376,0.7623762376237624
krzysztof kapik,milosz sawczak,23,7,4.043478260869565,74.6086956521739,2026-04-01 00:15:00,0.30434782608695654,0.6956521739130435
krzysztof kapik,miroslav sklensky,59,24,3.864406779661017,70.76271186440678,2026-04-15 09:55:00,0.4067796610169492,0.5932203389830508
krzysztof kapik,patryk jendrzejewski,51,15,4.019607843137255,75.76470588235294,2026-04-01 23:50:00,0.29411764705882354,0.7058823529411764
krzysztof kapik,petr david,38,22,3.4473684210526314,63.28947368421053,2026-02-22 17:25:00,0.5789473684210527,0.42105263157894735
krzysztof kapik,piotr chlodnicki,93,25,4.053763440860215,77.12903225806451,2026-04-16 09:30:00,0.26881720430107525,0.7311827956989247
krzysztof kapik,piotr chodorski,24,11,3.7916666666666665,68.875,2026-02-10 17:20:00,0.4583333333333333,0.5416666666666667
krzysztof kapik,przemyslaw perzynski,64,20,3.921875,74.75,2026-01-30 02:30:00,0.3125,0.6875
krzysztof kapik,radoslaw chrzescian,53,14,3.981132075471698,76.47169811320755,2026-01-03 18:05:00,0.2641509433962264,0.7358490566037736
krzysztof kapik,rafal utylski,22,9,3.8181818181818183,72.13636363636364,2026-04-06 19:00:00,0.4090909090909091,0.5909090909090908
krzysztof kapik,rutkowski mateusz,200,70,3.975,73.985,2026-04-12 17:55:00,0.35,0.65
krzysztof kapik,szymon brud,62,18,3.967741935483871,74.41935483870968,2026-03-23 02:35:00,0.2903225806451613,0.7096774193548387
krzysztof kapik,szymon kolasa,25,9,3.92,74.64,2025-08-24 19:05:00,0.36,0.64
krzysztof kapik,szymon radlo,108,26,4.111111111111111,77.47222222222223,2025-03-27 01:15:00,0.24074074074074073,0.7592592592592593
krzysztof kapik,szymon seroka,256,106,3.8203125,70.66015625,2025-05-09 01:05:00,0.4140625,0.5859375
krzysztof kapik,szymon sporek,79,18,4.151898734177215,79.30379746835443,2026-02-17 18:30:00,0.22784810126582278,0.7721518987341772
krzysztof kapik,tomasz filbrand,265,76,4.064150943396227,77.73584905660377,2026-04-08 01:05:00,0.28679245283018867,0.7132075471698114
krzysztof kapik,wojciech gluszek,38,14,3.8684210526315788,73.8157894736842,2025-11-23 18:55:00,0.3684210526315789,0.631578947368421
krzysztof kotyl,krzysztof pawlowski,47,8,4.276595744680851,82.27659574468085,2025-09-16 21:55:00,0.1702127659574468,0.8297872340425532
krzysztof kotyl,maciej makajew,33,12,3.8484848484848486,72.54545454545455,2025-12-26 14:25:00,0.36363636363636365,0.6363636363636364
krzysztof kotyl,maciej sinitsky,57,13,3.9473684210526314,73.33333333333333,2026-04-19 05:45:00,0.22807017543859648,0.7719298245614035
krzysztof kotyl,marchlewski kacper,34,12,3.911764705882353,73.88235294117646,2025-11-22 09:35:00,0.35294117647058826,0.6470588235294117
krzysztof kotyl,marcin kowalczyk,46,15,3.869565217391304,71.21739130434783,2025-08-18 21:35:00,0.32608695652173914,0.6739130434782609
krzysztof kotyl,mariusz koczyba,58,13,4.103448275862069,77.08620689655173,2025-03-14 17:00:00,0.22413793103448276,0.7758620689655172
krzysztof kotyl,mateusz burkacki,178,36,4.286516853932584,81.02808988764045,2026-02-10 08:30:00,0.20224719101123595,0.797752808988764
krzysztof kotyl,mateusz misiak,210,94,3.7666666666666666,69.28571428571429,2026-04-13 23:20:00,0.44761904761904764,0.5523809523809524
krzysztof kotyl,mateusz trela,152,23,4.2368421052631575,81.625,2026-04-19 13:10:00,0.1513157894736842,0.8486842105263158
krzysztof kotyl,mateusz zagajewski,46,19,3.8043478260869565,71.97826086956522,2026-03-12 09:10:00,0.41304347826086957,0.5869565217391304
krzysztof kotyl,michal minda,147,35,4.074829931972789,77.59183673469387,2026-03-24 06:15:00,0.23809523809523808,0.7619047619047619
krzysztof kotyl,michal skorski,250,44,4.216,80.508,2026-04-16 03:00:00,0.176,0.8240000000000001
krzysztof kotyl,mikolaj lukaszewski,127,49,3.8346456692913384,71.7244094488189,2026-04-17 07:05:00,0.3858267716535433,0.6141732283464567
krzysztof kotyl,milosz piecowski,36,4,4.194444444444445,80.25,2026-03-14 19:15:00,0.1111111111111111,0.8888888888888888
krzysztof kotyl,miroslaw piecowski,73,22,4.013698630136986,75.15068493150685,2026-04-07 05:25:00,0.3013698630136986,0.6986301369863014
krzysztof kotyl,pawel grela,27,10,3.925925925925926,73.62962962962963,2024-05-03 20:30:00,0.37037037037037035,0.6296296296296297
krzysztof kotyl,piotr staniszewski,59,9,4.322033898305085,82.30508474576271,2026-04-12 08:10:00,0.15254237288135594,0.847457627118644
krzysztof kotyl,piotr strus,102,23,4.107843137254902,78.25490196078431,2026-03-15 05:30:00,0.22549019607843138,0.7745098039215687
krzysztof kotyl,przemyslaw blocho,51,22,3.6470588235294117,66.66666666666667,2026-04-14 01:25:00,0.43137254901960786,0.5686274509803921
krzysztof kotyl,przemyslaw korzec,32,2,4.15625,76.9375,2024-06-28 19:35:00,0.0625,0.9375
krzysztof kotyl,sebastian baran,54,22,3.7037037037037037,67.5,2025-08-23 17:00:00,0.4074074074074074,0.5925925925925926
krzysztof kotyl,stanislaw wnek,25,6,4.0,75.88,2026-03-25 10:20:00,0.24,0.76
krzysztof kotyl,szymon radlo,142,36,4.070422535211268,80.48591549295774,2026-01-29 15:15:00,0.2535211267605634,0.7464788732394366
krzysztof kotyl,tadeusz piotrowski,47,20,3.7872340425531914,70.34042553191489,2026-04-12 03:00:00,0.425531914893617,0.574468085106383
krzysztof kotyl,tomasz lojtek,104,13,4.413461538461538,81.33653846153847,2025-08-18 19:50:00,0.125,0.875
krzysztof kotyl,wojciech gluszek,153,67,3.738562091503268,69.56862745098039,2026-04-11 09:00:00,0.43790849673202614,0.5620915032679739
krzysztof kotyl,wojciech gronowski,22,8,3.8181818181818183,71.54545454545455,2026-04-19 09:05:00,0.36363636363636365,0.6363636363636364
krzysztof kotyl,wojciech iwasyszyn,166,31,4.204819277108434,79.74096385542168,2026-04-17 06:40:00,0.18674698795180722,0.8132530120481928
krzysztof kotyl,wojciech kotyl,49,11,4.142857142857143,79.26530612244898,2026-04-11 14:15:00,0.22448979591836735,0.7755102040816326
krzysztof marcinowski,krzysztof niemiec,116,35,3.9741379310344827,74.03448275862068,2026-03-14 12:05:00,0.3017241379310345,0.6982758620689655
krzysztof marcinowski,lukasz jarocki,28,5,4.285714285714286,78.46428571428571,2025-07-24 17:00:00,0.17857142857142858,0.8214285714285714
krzysztof marcinowski,marcin marchlewski,70,16,4.1571428571428575,78.01428571428572,2026-01-25 15:00:00,0.22857142857142856,0.7714285714285715
krzysztof marcinowski,mateusz czernik,31,8,4.032258064516129,73.64516129032258,2026-01-25 14:10:00,0.25806451612903225,0.7419354838709677
krzysztof marcinowski,michal krzyzanowski,27,13,3.740740740740741,69.62962962962963,2025-12-21 11:40:00,0.48148148148148145,0.5185185185185186
krzysztof marcinowski,piotr chlodnicki,22,7,3.9545454545454546,74.45454545454545,2024-06-23 11:50:00,0.3181818181818182,0.6818181818181819
krzysztof marcinowski,piotr maruszak,23,5,3.9565217391304346,74.21739130434783,2026-01-25 04:30:00,0.21739130434782608,0.782608695652174
krzysztof marcinowski,rutkowski mateusz,46,13,4.173913043478261,76.97826086956522,2024-02-23 02:15:00,0.2826086956521739,0.7173913043478262
krzysztof marcinowski,szymon radlo,20,5,3.95,76.25,2025-09-28 09:05:00,0.25,0.75
krzysztof marcinowski,szymon seroka,27,10,3.888888888888889,71.92592592592592,2025-04-13 01:35:00,0.37037037037037035,0.6296296296296297
krzysztof marcinowski,tomasz filbrand,36,8,4.138888888888889,77.16666666666667,2026-01-25 10:55:00,0.2222222222222222,0.7777777777777778
krzysztof niemiec,marcin marchlewski,69,16,4.101449275362318,77.46376811594203,2026-03-14 17:45:00,0.2318840579710145,0.7681159420289855
krzysztof niemiec,mateusz czernik,32,11,3.84375,72.78125,2026-03-14 18:30:00,0.34375,0.65625
krzysztof niemiec,michal krzyzanowski,21,10,3.761904761904762,69.47619047619048,2025-12-21 10:55:00,0.47619047619047616,0.5238095238095238
krzysztof niemiec,piotr chlodnicki,41,10,4.0,74.8780487804878,2024-06-28 18:20:00,0.24390243902439024,0.7560975609756098
krzysztof niemiec,piotr maruszak,21,7,3.857142857142857,72.0,2025-12-20 15:00:00,0.3333333333333333,0.6666666666666667
krzysztof niemiec,radoslaw chrzescian,22,4,4.181818181818182,76.9090909090909,2026-03-29 12:35:00,0.18181818181818182,0.8181818181818181
krzysztof niemiec,rutkowski mateusz,24,8,4.041666666666667,76.41666666666667,2026-02-06 20:25:00,0.3333333333333333,0.6666666666666667
krzysztof niemiec,tomasz filbrand,24,8,3.7916666666666665,72.75,2026-01-16 02:05:00,0.3333333333333333,0.6666666666666667
krzysztof pawlowski,marcin kowalczyk,75,27,3.8933333333333335,73.44,2025-10-28 02:35:00,0.36,0.64
krzysztof pawlowski,mateusz burkacki,49,14,3.8979591836734695,73.73469387755102,2025-10-27 18:30:00,0.2857142857142857,0.7142857142857143
krzysztof pawlowski,michal skorski,66,18,4.045454545454546,77.31818181818181,2025-10-24 19:30:00,0.2727272727272727,0.7272727272727273
krzysztof pawlowski,miroslaw piecowski,34,5,4.176470588235294,79.52941176470588,2025-10-17 00:20:00,0.14705882352941177,0.8529411764705882
krzysztof pawlowski,piotr strus,35,11,3.9714285714285715,74.17142857142858,2025-10-23 19:05:00,0.3142857142857143,0.6857142857142857
krzysztof pawlowski,schaniel krzysztof,24,11,3.7916666666666665,70.70833333333333,2025-03-10 05:40:00,0.4583333333333333,0.5416666666666667
krzysztof pawlowski,stanislaw wnek,68,23,3.9558823529411766,76.05882352941177,2025-10-28 01:20:00,0.3382352941176471,0.6617647058823529
krzysztof pawlowski,tomasz lojtek,34,8,4.029411764705882,73.52941176470588,2025-08-18 16:45:00,0.23529411764705882,0.7647058823529411
krzysztof pawlowski,wojciech iwasyszyn,41,12,4.024390243902439,76.65853658536585,2025-10-28 03:20:00,0.2926829268292683,0.7073170731707317
krzysztof pawlowski,wojciech kotyl,44,13,4.068181818181818,77.5909090909091,2025-10-12 18:10:00,0.29545454545454547,0.7045454545454546
krzysztof wloczko,lukasz jarocki,244,85,3.9221311475409837,73.56967213114754,2026-04-14 03:30:00,0.3483606557377049,0.6516393442622951
krzysztof wloczko,maciej domin,37,12,3.972972972972973,73.78378378378379,2026-01-31 09:50:00,0.32432432432432434,0.6756756756756757
krzysztof wloczko,maciej nowalinski,189,33,4.169312169312169,79.80952380952381,2026-04-14 14:00:00,0.1746031746031746,0.8253968253968254
krzysztof wloczko,maciej podsiadlo,59,24,3.864406779661017,70.27118644067797,2024-09-06 06:30:00,0.4067796610169492,0.5932203389830508
krzysztof wloczko,maksymilian miastowski,84,29,3.9523809523809526,74.67857142857143,2026-04-15 11:30:00,0.34523809523809523,0.6547619047619048
krzysztof wloczko,marcin balcerzak,112,45,3.767857142857143,69.125,2026-04-13 08:45:00,0.4017857142857143,0.5982142857142857
krzysztof wloczko,marcin jadczyk,55,20,3.8,69.69090909090909,2026-03-30 06:10:00,0.36363636363636365,0.6363636363636364
krzysztof wloczko,marcin litwiniuk,21,8,3.857142857142857,69.0,2025-04-04 08:50:00,0.38095238095238093,0.6190476190476191
krzysztof wloczko,mateusz golebiowski,82,37,3.682926829268293,68.01219512195122,2026-01-30 13:25:00,0.45121951219512196,0.5487804878048781
krzysztof wloczko,michal malachowski,57,22,3.807017543859649,70.9298245614035,2026-04-10 07:10:00,0.38596491228070173,0.6140350877192983
krzysztof wloczko,michal murawski,115,31,3.973913043478261,75.67826086956522,2026-03-08 11:45:00,0.26956521739130435,0.7304347826086957
krzysztof wloczko,miroslav sklensky,124,46,3.9274193548387095,72.8225806451613,2026-04-15 10:40:00,0.3709677419354839,0.6290322580645161
krzysztof wloczko,patryk lewandowski,20,5,4.3,79.45,2026-04-03 07:55:00,0.25,0.75
krzysztof wloczko,petr david,37,14,3.810810810810811,70.70270270270271,2026-04-10 10:25:00,0.3783783783783784,0.6216216216216216
krzysztof wloczko,piotr chlodnicki,63,26,3.8095238095238093,70.44444444444444,2026-04-01 11:55:00,0.4126984126984127,0.5873015873015873
krzysztof wloczko,piotr chodorski,29,10,3.9655172413793105,74.17241379310344,2026-04-01 04:20:00,0.3448275862068966,0.6551724137931034
krzysztof wloczko,rutkowski mateusz,27,10,4.0,72.14814814814815,2026-04-02 15:05:00,0.37037037037037035,0.6296296296296297
krzysztof wloczko,szymon kolasa,32,13,3.78125,70.6875,2025-10-17 13:15:00,0.40625,0.59375
krzysztof wloczko,szymon seroka,69,31,3.710144927536232,68.89855072463769,2025-04-27 21:35:00,0.4492753623188406,0.5507246376811594
krzysztof wloczko,szymon sporek,33,14,3.727272727272727,69.78787878787878,2026-04-03 04:15:00,0.42424242424242425,0.5757575757575757
krzysztof wloczko,tomasz filbrand,54,16,3.9444444444444446,73.24074074074075,2025-11-27 19:15:00,0.2962962962962963,0.7037037037037037
kuba golaszewski,marcin kowalczyk,44,19,3.8181818181818183,69.45454545454545,2026-04-16 16:45:00,0.4318181818181818,0.5681818181818181
kuba golaszewski,stanislaw wnek,35,8,4.085714285714285,78.37142857142857,2026-04-16 19:50:00,0.22857142857142856,0.7714285714285715
lukasz bernacki,mariusz adamus,20,8,3.95,74.7,2026-03-15 04:10:00,0.4,0.6
lukasz bernacki,mariusz baron,26,7,4.0,74.26923076923077,2025-09-21 23:55:00,0.2692307692307692,0.7307692307692308
lukasz bernacki,mariusz koczyba,48,14,3.9375,72.0625,2026-03-22 05:00:00,0.2916666666666667,0.7083333333333333
lukasz bernacki,michal oracz,29,15,3.7241379310344827,70.06896551724138,2026-02-08 15:20:00,0.5172413793103449,0.48275862068965514
lukasz bernacki,mista sylwester,34,13,3.911764705882353,73.97058823529412,2026-01-03 16:30:00,0.38235294117647056,0.6176470588235294
lukasz bernacki,oskar jadach,25,6,4.12,80.88,2026-03-21 16:05:00,0.24,0.76
lukasz bernacki,patryk jedrzejak,36,16,3.75,71.16666666666667,2026-02-08 16:30:00,0.4444444444444444,0.5555555555555556
lukasz bernacki,piotr gumulinski,29,6,4.137931034482759,77.44827586206897,2026-03-21 13:45:00,0.20689655172413793,0.7931034482758621
lukasz bernacki,rafal wojcik,22,4,4.318181818181818,82.36363636363636,2026-02-22 16:05:00,0.18181818181818182,0.8181818181818181
lukasz bernacki,robert szymik,25,7,4.0,74.08,2025-11-23 04:05:00,0.28,0.72
lukasz bernacki,roman wiza,40,14,3.825,73.05,2025-11-23 02:30:00,0.35,0.65
lukasz bernacki,schaniel krzysztof,27,12,3.888888888888889,73.66666666666667,2026-03-05 23:50:00,0.4444444444444444,0.5555555555555556
lukasz bernacki,witold buczynski,22,4,4.181818181818182,80.18181818181819,2026-03-21 12:55:00,0.18181818181818182,0.8181818181818181
lukasz jarocki,maciej domin,54,13,4.055555555555555,74.14814814814815,2026-02-15 17:25:00,0.24074074074074073,0.7592592592592593
lukasz jarocki,maciej nowalinski,160,31,4.20625,78.925,2026-04-16 05:00:00,0.19375,0.80625
lukasz jarocki,maciej podsiadlo,133,48,3.924812030075188,72.74436090225564,2024-09-13 06:55:00,0.3609022556390977,0.6390977443609023
lukasz jarocki,maksymilian miastowski,67,24,3.8955223880597014,73.86567164179104,2026-04-15 03:05:00,0.3582089552238806,0.6417910447761195
lukasz jarocki,marcin balcerzak,87,42,3.6666666666666665,67.27586206896552,2026-04-16 07:35:00,0.4827586206896552,0.5172413793103448
lukasz jarocki,marcin jadczyk,76,36,3.6710526315789473,67.05263157894737,2026-04-16 06:10:00,0.47368421052631576,0.5263157894736843
lukasz jarocki,marcin litwiniuk,35,16,3.8285714285714287,70.8,2025-03-14 13:50:00,0.45714285714285713,0.5428571428571429
lukasz jarocki,marcin marchlewski,25,12,3.56,66.16,2025-12-05 21:10:00,0.48,0.52
lukasz jarocki,mateusz czernik,47,19,3.9148936170212765,71.87234042553192,2026-04-19 12:50:00,0.40425531914893614,0.5957446808510638
lukasz jarocki,mateusz edward ufnal,20,8,3.85,73.3,2026-03-24 20:25:00,0.4,0.6
lukasz jarocki,mateusz golebiowski,56,29,3.6785714285714284,66.23214285714286,2026-02-07 10:35:00,0.5178571428571429,0.4821428571428571
lukasz jarocki,mateusz rutkowski,27,9,3.888888888888889,71.18518518518519,2023-05-17 02:40:00,0.3333333333333333,0.6666666666666667
lukasz jarocki,michal galas,82,21,4.121951219512195,77.26829268292683,2023-06-02 05:50:00,0.25609756097560976,0.7439024390243902
lukasz jarocki,michal krzyzanowski,23,10,3.869565217391304,69.91304347826087,2025-09-05 19:15:00,0.43478260869565216,0.5652173913043479
lukasz jarocki,michal malachowski,44,14,4.0,76.52272727272727,2026-04-09 07:55:00,0.3181818181818182,0.6818181818181819
lukasz jarocki,michal murawski,241,93,3.858921161825726,71.61825726141079,2026-03-08 15:30:00,0.38589211618257263,0.6141078838174274
lukasz jarocki,michal olbrycht,57,29,3.6666666666666665,68.50877192982456,2026-04-07 20:10:00,0.5087719298245614,0.49122807017543857
lukasz jarocki,milosz sawczak,26,11,3.8461538461538463,72.5,2026-04-02 09:05:00,0.4230769230769231,0.5769230769230769
lukasz jarocki,miroslav sklensky,113,45,3.7964601769911503,71.10619469026548,2026-04-15 07:35:00,0.39823008849557523,0.6017699115044248
lukasz jarocki,patryk jendrzejewski,20,8,4.0,74.55,2026-04-01 19:25:00,0.4,0.6
lukasz jarocki,petr david,60,30,3.683333333333333,66.96666666666667,2026-04-16 15:10:00,0.5,0.5
lukasz jarocki,piotr chlodnicki,122,47,3.918032786885246,72.8688524590164,2026-04-02 13:10:00,0.38524590163934425,0.6147540983606558
lukasz jarocki,piotr chodorski,44,21,3.75,70.72727272727273,2026-03-30 16:40:00,0.4772727272727273,0.5227272727272727
lukasz jarocki,przemyslaw perzynski,23,7,3.8260869565217392,70.30434782608695,2026-01-14 17:20:00,0.30434782608695654,0.6956521739130435
lukasz jarocki,radoslaw chrzescian,25,6,3.96,72.36,2026-01-06 05:15:00,0.24,0.76
lukasz jarocki,rutkowski mateusz,57,21,3.912280701754386,73.0,2026-04-12 21:10:00,0.3684210526315789,0.631578947368421
lukasz jarocki,slawomir dosz,22,13,3.5,64.4090909090909,2025-05-05 04:20:00,0.5909090909090909,0.40909090909090906
lukasz jarocki,szymon brud,20,6,3.85,74.65,2026-03-22 19:20:00,0.3,0.7
lukasz jarocki,szymon kolasa,35,9,4.114285714285714,79.77142857142857,2026-04-09 14:30:00,0.2571428571428571,0.7428571428571429
lukasz jarocki,szymon seroka,115,35,4.008695652173913,73.87826086956522,2025-05-12 19:00:00,0.30434782608695654,0.6956521739130435
lukasz jarocki,szymon sporek,83,26,4.036144578313253,75.12048192771084,2026-04-19 12:00:00,0.3132530120481928,0.6867469879518072
lukasz jarocki,tomasz filbrand,132,42,4.0,76.47727272727273,2026-04-07 15:05:00,0.3181818181818182,0.6818181818181819
lukasz nadolski,marcin jadczyk,38,13,3.8421052631578947,70.8157894736842,2025-08-17 10:45:00,0.34210526315789475,0.6578947368421053
lukasz oracz,mariusz adamus,27,4,4.296296296296297,81.92592592592592,2026-04-10 13:30:00,0.14814814814814814,0.8518518518518519
lukasz oracz,mariusz baron,23,9,3.8260869565217392,71.3913043478261,2026-04-16 03:35:00,0.391304347826087,0.6086956521739131
lukasz oracz,michal oracz,126,34,4.103174603174603,78.46031746031746,2026-04-06 15:05:00,0.2698412698412698,0.7301587301587302
lukasz oracz,mista sylwester,39,7,4.282051282051282,81.46153846153847,2026-01-10 12:55:00,0.1794871794871795,0.8205128205128205
lukasz oracz,oliver vincenec,25,6,3.92,71.52,2026-04-06 14:20:00,0.24,0.76
lukasz oracz,patryk jedrzejak,45,14,3.9555555555555557,76.4,2026-04-05 12:20:00,0.3111111111111111,0.6888888888888889
lukasz oracz,piotr gumulinski,29,8,4.0344827586206895,76.86206896551724,2026-04-16 05:35:00,0.27586206896551724,0.7241379310344828
lukasz oracz,rafal idaczyk,21,6,4.0476190476190474,76.71428571428571,2026-04-17 11:55:00,0.2857142857142857,0.7142857142857143
lukasz oracz,rafal skotniczny,24,5,4.25,82.75,2026-04-17 13:30:00,0.20833333333333334,0.7916666666666666
lukasz oracz,rafal wojcik,29,8,3.9310344827586206,73.79310344827586,2026-03-28 16:30:00,0.27586206896551724,0.7241379310344828
lukasz oracz,schaniel krzysztof,25,7,4.0,75.84,2026-04-17 17:05:00,0.28,0.72
lukasz oracz,sebastian szostok,30,8,4.166666666666667,80.66666666666667,2026-04-09 15:55:00,0.26666666666666666,0.7333333333333334
lukasz oracz,witold buczynski,39,15,3.8205128205128207,75.25641025641026,2026-04-14 14:45:00,0.38461538461538464,0.6153846153846154
lukasz oracz,wojciech tobiasz,37,13,3.8378378378378377,71.13513513513513,2026-04-17 15:55:00,0.35135135135135137,0.6486486486486487
lukasz pietraszko,maciej makajew,20,4,4.2,77.75,2025-12-26 07:05:00,0.2,0.8
lukasz pietraszko,marcin balcerzak,33,11,4.0,74.36363636363636,2026-04-13 11:50:00,0.3333333333333333,0.6666666666666667
lukasz pietraszko,mateusz misiak,55,18,3.963636363636364,74.16363636363636,2026-04-13 16:15:00,0.32727272727272727,0.6727272727272727
lukasz pietraszko,michal minda,83,24,4.048192771084337,76.56626506024097,2026-04-13 06:30:00,0.2891566265060241,0.7108433734939759
lukasz pietraszko,milosz piecowski,21,6,4.0476190476190474,77.52380952380952,2026-03-30 16:55:00,0.2857142857142857,0.7142857142857143
lukasz pietraszko,piotr maruszak,21,6,4.190476190476191,79.23809523809524,2024-11-17 13:15:00,0.2857142857142857,0.7142857142857143
lukasz pietraszko,sebastian baran,26,8,3.923076923076923,71.34615384615384,2024-12-08 16:25:00,0.3076923076923077,0.6923076923076923
lukasz pietraszko,szymon radlo,70,17,4.057142857142857,78.01428571428572,2025-12-09 07:05:00,0.24285714285714285,0.7571428571428571
lukasz pietraszko,szymon seroka,35,16,3.7142857142857144,67.8,2025-04-07 09:30:00,0.45714285714285713,0.5428571428571429
lukasz pietraszko,tomasz filbrand,24,8,3.8333333333333335,70.875,2025-10-06 16:35:00,0.3333333333333333,0.6666666666666667
lukasz pietraszko,wojciech gluszek,57,20,3.9649122807017543,74.35087719298245,2026-03-30 15:50:00,0.3508771929824561,0.6491228070175439
lukasz pyda,pawel polanski,22,10,3.772727272727273,68.81818181818181,2026-03-08 00:10:00,0.45454545454545453,0.5454545454545454
maciej domin,marcin marchlewski,39,11,4.128205128205129,76.38461538461539,2026-04-18 20:40:00,0.28205128205128205,0.717948717948718
maciej domin,mateusz czernik,54,19,3.8703703703703702,73.0925925925926,2026-04-19 10:00:00,0.35185185185185186,0.6481481481481481
maciej domin,michal olbrycht,32,5,4.25,81.25,2026-02-27 18:00:00,0.15625,0.84375
maciej domin,milosz sawczak,39,12,4.0256410256410255,75.2051282051282,2025-09-03 23:25:00,0.3076923076923077,0.6923076923076923
maciej domin,piotr chlodnicki,32,8,4.09375,77.625,2025-08-18 02:00:00,0.25,0.75
maciej domin,radoslaw chrzescian,23,6,3.869565217391304,74.91304347826087,2026-01-03 17:25:00,0.2608695652173913,0.7391304347826086
maciej domin,rutkowski mateusz,30,7,4.1,76.53333333333333,2026-02-26 18:25:00,0.23333333333333334,0.7666666666666666
maciej domin,szymon brud,29,2,4.379310344827586,83.27586206896552,2025-11-21 16:05:00,0.06896551724137931,0.9310344827586207
maciej domin,szymon sporek,60,12,4.116666666666666,81.85,2026-04-18 16:25:00,0.2,0.8
maciej domin,tomasz filbrand,48,17,3.8541666666666665,73.75,2026-04-17 15:05:00,0.3541666666666667,0.6458333333333333
maciej kolek,mateusz misiak,20,7,3.95,73.25,2026-04-08 16:35:00,0.35,0.65
maciej kolek,milosz piecowski,22,2,4.181818181818182,81.54545454545455,2026-04-08 19:20:00,0.09090909090909091,0.9090909090909091
maciej kolek,rutkowski mateusz,33,8,4.03030303030303,76.12121212121212,2026-04-11 21:10:00,0.24242424242424243,0.7575757575757576
maciej kolek,szymon brud,22,5,3.9545454545454546,73.5909090909091,2026-04-17 14:20:00,0.22727272727272727,0.7727272727272727
maciej lamer,marian brunner,78,30,3.8974358974358974,72.17948717948718,2026-03-18 00:55:00,0.38461538461538464,0.6153846153846154
maciej lamer,michal machelski,41,17,3.8536585365853657,71.26829268292683,2026-04-17 05:05:00,0.4146341463414634,0.5853658536585367
maciej lamer,michal wolny,69,14,4.27536231884058,80.2463768115942,2026-02-07 01:00:00,0.2028985507246377,0.7971014492753623
maciej lamer,miroslaw lewczuk,126,46,3.880952380952381,72.43650793650794,2026-03-07 00:10:00,0.36507936507936506,0.6349206349206349
maciej lamer,miroslaw warzecha,69,33,3.608695652173913,66.07246376811594,2026-04-06 06:00:00,0.4782608695652174,0.5217391304347826
maciej lamer,patryk mecik,106,39,3.792452830188679,70.85849056603773,2025-04-11 01:10:00,0.36792452830188677,0.6320754716981132
maciej lamer,pawel chojnacki,20,4,4.15,78.15,2026-04-17 02:45:00,0.2,0.8
maciej lamer,pawel polanski,118,58,3.6779661016949152,66.72881355932203,2026-04-02 02:45:00,0.4915254237288136,0.5084745762711864
maciej lamer,tomasz bluszcz,25,7,4.12,80.32,2025-11-13 19:45:00,0.28,0.72
maciej lamer,tomasz przebierala,34,14,3.7941176470588234,68.79411764705883,2025-07-08 23:30:00,0.4117647058823529,0.5882352941176471
maciej lamer,waldemar glanowski,107,41,3.925233644859813,73.26168224299066,2026-02-10 01:45:00,0.38317757009345793,0.6168224299065421
maciej lamer,zbigniew nocun,126,38,3.9126984126984126,71.22222222222223,2026-04-17 01:30:00,0.30158730158730157,0.6984126984126984
maciej makajew,mateusz misiak,79,28,3.9240506329113924,73.9113924050633,2026-04-02 16:35:00,0.35443037974683544,0.6455696202531646
maciej makajew,michal minda,67,18,4.134328358208955,78.07462686567165,2026-01-29 13:40:00,0.26865671641791045,0.7313432835820896
maciej makajew,piotr maruszak,35,11,3.8857142857142857,73.05714285714286,2026-01-25 00:25:00,0.3142857142857143,0.6857142857142857
maciej makajew,radoslaw malinowski,21,5,4.238095238095238,76.95238095238095,2026-04-18 00:35:00,0.23809523809523808,0.7619047619047619
maciej makajew,sebastian baran,54,26,3.6666666666666665,66.16666666666667,2026-02-14 17:20:00,0.48148148148148145,0.5185185185185186
maciej makajew,szymon radlo,59,15,4.101694915254237,81.1864406779661,2026-01-29 17:15:00,0.2542372881355932,0.7457627118644068
maciej makajew,szymon seroka,37,18,3.7567567567567566,68.37837837837837,2025-01-25 06:00:00,0.4864864864864865,0.5135135135135135
maciej makajew,tomasz filbrand,29,12,3.896551724137931,70.72413793103448,2025-07-09 18:30:00,0.41379310344827586,0.5862068965517242
maciej makajew,wojciech gluszek,52,17,3.9038461538461537,71.0,2026-03-26 16:50:00,0.3269230769230769,0.6730769230769231
maciej malecha,michal oracz,22,14,3.3636363636363638,61.72727272727273,2026-03-29 11:55:00,0.6363636363636364,0.36363636363636365
maciej malecha,mista sylwester,35,15,3.8,71.88571428571429,2025-12-21 14:10:00,0.42857142857142855,0.5714285714285714
maciej malecha,patryk jedrzejak,30,9,4.033333333333333,71.93333333333334,2026-03-29 14:45:00,0.3,0.7
maciej malecha,rafal wojcik,22,6,4.181818181818182,77.77272727272727,2026-03-29 17:05:00,0.2727272727272727,0.7272727272727273
maciej nowalinski,maksymilian miastowski,67,17,4.17910447761194,80.25373134328358,2026-04-15 07:10:00,0.2537313432835821,0.7462686567164178
maciej nowalinski,marcin balcerzak,60,18,3.8333333333333335,70.81666666666666,2026-04-16 08:20:00,0.3,0.7
maciej nowalinski,marcin jadczyk,75,13,4.12,76.76,2026-04-17 13:15:00,0.17333333333333334,0.8266666666666667
maciej nowalinski,marcin marchlewski,28,8,4.0,76.39285714285714,2026-03-15 11:25:00,0.2857142857142857,0.7142857142857143
maciej nowalinski,mateusz czernik,34,18,3.676470588235294,69.41176470588235,2026-03-15 13:00:00,0.5294117647058824,0.47058823529411764
maciej nowalinski,mateusz golebiowski,106,34,3.9716981132075473,74.40566037735849,2026-02-07 11:25:00,0.32075471698113206,0.679245283018868
maciej nowalinski,michal malachowski,38,7,4.157894736842105,78.23684210526316,2026-04-10 03:05:00,0.18421052631578946,0.8157894736842105
maciej nowalinski,michal murawski,105,36,3.9238095238095236,75.14285714285714,2026-03-08 14:15:00,0.34285714285714286,0.6571428571428571
maciej nowalinski,michal olbrycht,22,6,4.181818181818182,78.0909090909091,2026-03-29 19:50:00,0.2727272727272727,0.7272727272727273
maciej nowalinski,miroslav sklensky,66,20,3.9545454545454546,75.27272727272727,2026-04-15 06:10:00,0.30303030303030304,0.696969696969697
maciej nowalinski,petr david,50,19,3.82,72.04,2026-04-10 13:40:00,0.38,0.62
maciej nowalinski,piotr chlodnicki,33,11,3.9696969696969697,75.24242424242425,2026-04-17 12:00:00,0.3333333333333333,0.6666666666666667
maciej nowalinski,piotr chodorski,22,8,3.8636363636363638,70.5,2026-03-31 06:15:00,0.36363636363636365,0.6363636363636364
maciej nowalinski,szymon kolasa,24,6,4.041666666666667,75.25,2026-03-28 12:35:00,0.25,0.75
maciej nowalinski,szymon seroka,48,13,4.0,76.70833333333333,2025-05-09 00:15:00,0.2708333333333333,0.7291666666666667
maciej nowalinski,szymon sporek,44,12,4.0,75.36363636363636,2026-04-02 12:00:00,0.2727272727272727,0.7272727272727273
maciej nowalinski,tomasz filbrand,43,10,4.116279069767442,78.27906976744185,2025-10-30 20:00:00,0.23255813953488372,0.7674418604651163
maciej podsiadlo,mateusz rutkowski,20,6,3.95,71.8,2023-05-21 19:00:00,0.3,0.7
maciej podsiadlo,michal galas,32,15,3.65625,70.09375,2023-06-02 13:40:00,0.46875,0.53125
maciej podsiadlo,michal murawski,121,62,3.644628099173554,65.72727272727273,2024-09-13 16:35:00,0.512396694214876,0.487603305785124
maciej podsiadlo,miroslav sklensky,50,21,3.78,67.46,2024-09-05 12:40:00,0.42,0.5800000000000001
maciej podsiadlo,piotr chlodnicki,44,18,3.8636363636363638,71.8409090909091,2024-09-06 09:40:00,0.4090909090909091,0.5909090909090908
maciej podsiadlo,szymon seroka,29,7,4.137931034482759,77.24137931034483,2024-04-18 11:25:00,0.2413793103448276,0.7586206896551724
maciej sinitsky,marchlewski kacper,26,11,3.730769230769231,68.57692307692308,2025-11-23 13:10:00,0.4230769230769231,0.5769230769230769
maciej sinitsky,mateusz burkacki,21,7,3.8095238095238093,70.0,2025-12-14 12:00:00,0.3333333333333333,0.6666666666666667
maciej sinitsky,mateusz misiak,100,53,3.64,66.88,2026-02-27 01:35:00,0.53,0.47
maciej sinitsky,mateusz trela,28,8,3.892857142857143,74.10714285714286,2026-02-02 13:10:00,0.2857142857142857,0.7142857142857143
maciej sinitsky,michal minda,20,4,4.3,80.1,2026-02-15 04:25:00,0.2,0.8
maciej sinitsky,milosz piecowski,42,13,3.9047619047619047,75.61904761904762,2026-02-12 01:10:00,0.30952380952380953,0.6904761904761905
maciej sinitsky,miroslaw piecowski,78,23,3.9615384615384617,74.92307692307692,2025-06-14 05:15:00,0.2948717948717949,0.7051282051282051
maciej sinitsky,piotr staniszewski,184,32,4.184782608695652,82.65760869565217,2026-04-12 14:20:00,0.17391304347826086,0.8260869565217391
maciej sinitsky,piotr strus,22,9,3.8636363636363638,71.54545454545455,2026-03-15 08:45:00,0.4090909090909091,0.5909090909090908
maciej sinitsky,sebastian baran,33,23,3.484848484848485,61.93939393939394,2025-10-04 06:10:00,0.696969696969697,0.303030303030303
maciej sinitsky,szymon radlo,31,9,3.935483870967742,79.25806451612904,2026-02-05 02:00:00,0.2903225806451613,0.7096774193548387
maciej sinitsky,tadeusz piotrowski,99,56,3.5757575757575757,64.38383838383838,2026-04-19 13:55:00,0.5656565656565656,0.43434343434343436
maciej sinitsky,wojciech gluszek,33,15,3.8181818181818183,69.81818181818181,2026-04-12 11:00:00,0.45454545454545453,0.5454545454545454
maciej sinitsky,wojciech iwasyszyn,26,7,3.9615384615384617,76.6923076923077,2026-02-02 14:00:00,0.2692307692307692,0.7307692307692308
maksymilian miastowski,marcin balcerzak,31,15,3.7096774193548385,71.03225806451613,2026-02-09 04:30:00,0.4838709677419355,0.5161290322580645
maksymilian miastowski,marcin jadczyk,88,30,3.9545454545454546,75.5,2026-04-14 10:45:00,0.3409090909090909,0.6590909090909092
maksymilian miastowski,martin olejnik,21,8,3.857142857142857,72.80952380952381,2026-04-04 14:05:00,0.38095238095238093,0.6190476190476191
maksymilian miastowski,mateusz golebiowski,101,42,3.762376237623762,70.10891089108911,2026-02-11 10:30:00,0.4158415841584158,0.5841584158415842
maksymilian miastowski,michal malachowski,31,9,3.967741935483871,75.41935483870968,2026-01-21 15:00:00,0.2903225806451613,0.7096774193548387
maksymilian miastowski,michal murawski,63,25,3.873015873015873,71.95238095238095,2026-02-17 13:50:00,0.3968253968253968,0.6031746031746033
maksymilian miastowski,miroslav sklensky,42,10,4.119047619047619,78.73809523809524,2026-04-15 14:00:00,0.23809523809523808,0.7619047619047619
maksymilian miastowski,patryk lewandowski,32,10,4.09375,75.59375,2026-04-14 15:10:00,0.3125,0.6875
maksymilian miastowski,petr david,32,9,3.96875,74.71875,2026-04-09 11:10:00,0.28125,0.71875
maksymilian miastowski,piotr chlodnicki,54,22,3.8518518518518516,73.25925925925925,2026-03-11 16:30:00,0.4074074074074074,0.5925925925925926
maksymilian miastowski,piotr chodorski,43,17,3.744186046511628,71.37209302325581,2026-03-25 11:40:00,0.3953488372093023,0.6046511627906976
maksymilian miastowski,rutkowski mateusz,27,10,3.8518518518518516,70.48148148148148,2026-03-12 02:05:00,0.37037037037037035,0.6296296296296297
maksymilian miastowski,slawomir dosz,25,12,3.76,69.84,2025-05-02 11:10:00,0.48,0.52
maksymilian miastowski,szymon kolasa,35,7,4.114285714285714,79.45714285714286,2026-04-09 10:25:00,0.2,0.8
maksymilian miastowski,szymon sporek,37,14,3.945945945945946,75.97297297297297,2026-02-18 11:25:00,0.3783783783783784,0.6216216216216216
marchlewski kacper,mateusz burkacki,32,11,3.8125,69.5,2025-11-23 15:35:00,0.34375,0.65625
marchlewski kacper,mateusz misiak,30,15,3.6,67.66666666666667,2025-05-04 23:50:00,0.5,0.5
marchlewski kacper,miroslaw piecowski,21,8,3.9523809523809526,75.71428571428571,2026-03-23 02:00:00,0.38095238095238093,0.6190476190476191
marchlewski kacper,piotr staniszewski,26,10,3.6538461538461537,67.46153846153847,2026-04-05 04:10:00,0.38461538461538464,0.6153846153846154
marchlewski kacper,sebastian baran,47,26,3.574468085106383,65.06382978723404,2026-04-04 23:50:00,0.5531914893617021,0.44680851063829785
marchlewski kacper,szymon radlo,69,37,3.652173913043478,70.27536231884058,2025-08-31 11:45:00,0.5362318840579711,0.46376811594202894
marchlewski kacper,tadeusz piotrowski,20,10,3.8,70.9,2025-12-21 14:50:00,0.5,0.5
marcin balcerzak,michal malachowski,43,20,3.697674418604651,68.27906976744185,2026-04-09 09:05:00,0.46511627906976744,0.5348837209302326
marcin balcerzak,michal minda,38,11,4.052631578947368,76.0,2026-04-08 09:50:00,0.2894736842105263,0.7105263157894737
marcin balcerzak,michal murawski,57,27,3.6842105263157894,71.52631578947368,2026-03-05 05:35:00,0.47368421052631576,0.5263157894736843
marcin balcerzak,miroslav sklensky,92,56,3.5217391304347827,62.21739130434783,2026-04-13 05:00:00,0.6086956521739131,0.3913043478260869
marcin balcerzak,piotr chlodnicki,26,7,4.115384615384615,77.07692307692308,2026-04-16 13:35:00,0.2692307692307692,0.7307692307692308
marcin balcerzak,szymon seroka,28,10,3.9285714285714284,72.85714285714286,2025-04-24 10:40:00,0.35714285714285715,0.6428571428571428
marcin balcerzak,tomasz filbrand,25,11,3.76,69.08,2026-04-17 11:05:00,0.44,0.56
marcin jadczyk,marcin litwiniuk,32,6,4.0625,75.0625,2025-01-26 05:40:00,0.1875,0.8125
marcin jadczyk,martin olejnik,93,26,3.989247311827957,73.72043010752688,2026-03-11 15:05:00,0.27956989247311825,0.7204301075268817
marcin jadczyk,mateusz golebiowski,290,80,3.989655172413793,73.72758620689655,2026-02-09 14:15:00,0.27586206896551724,0.7241379310344828
marcin jadczyk,mateusz rutkowski,29,20,3.3793103448275863,59.241379310344826,2023-05-19 02:10:00,0.6896551724137931,0.31034482758620685
marcin jadczyk,michal galas,24,15,3.4583333333333335,61.125,2023-06-01 00:00:00,0.625,0.375
marcin jadczyk,michal gawlas,20,8,4.05,76.8,2025-02-22 14:15:00,0.4,0.6
marcin jadczyk,michal murawski,108,39,3.9074074074074074,73.27777777777777,2026-03-11 14:15:00,0.3611111111111111,0.6388888888888888
marcin jadczyk,miroslav sklensky,52,21,3.9038461538461537,72.8076923076923,2026-04-08 12:20:00,0.40384615384615385,0.5961538461538461
marcin jadczyk,patrik klos,80,20,4.1125,74.85,2026-04-02 07:15:00,0.25,0.75
marcin jadczyk,patryk lewandowski,36,16,3.8333333333333335,69.5,2026-04-14 11:35:00,0.4444444444444444,0.5555555555555556
marcin jadczyk,petr david,163,35,4.067484662576687,75.56441717791411,2026-04-10 07:00:00,0.2147239263803681,0.7852760736196319
marcin jadczyk,piotr chlodnicki,27,16,3.5555555555555554,64.11111111111111,2026-04-17 10:45:00,0.5925925925925926,0.40740740740740744
marcin jadczyk,piotr chodorski,124,52,3.7661290322580645,71.16129032258064,2026-03-31 13:15:00,0.41935483870967744,0.5806451612903225
marcin jadczyk,piotr cyrnek,53,11,3.981132075471698,75.11320754716981,2026-03-20 08:00:00,0.20754716981132076,0.7924528301886793
marcin jadczyk,rutkowski mateusz,41,24,3.5121951219512195,62.48780487804878,2024-01-01 03:50:00,0.5853658536585366,0.41463414634146345
marcin jadczyk,slawomir dosz,120,35,3.9,71.53333333333333,2025-10-05 12:00:00,0.2916666666666667,0.7083333333333333
marcin jadczyk,szymon kolasa,80,25,3.95,73.225,2026-04-10 07:50:00,0.3125,0.6875
marcin jadczyk,szymon radlo,33,16,3.606060606060606,67.0909090909091,2023-12-25 21:25:00,0.48484848484848486,0.5151515151515151
marcin jadczyk,szymon sporek,21,10,3.5714285714285716,64.71428571428571,2026-04-02 08:50:00,0.47619047619047616,0.5238095238095238
marcin jadczyk,tomasz kotowski,68,20,4.029411764705882,75.36764705882354,2024-07-17 09:10:00,0.29411764705882354,0.7058823529411764
marcin jadczyk,vladislav ursu,23,10,3.608695652173913,66.21739130434783,2024-04-09 16:30:00,0.43478260869565216,0.5652173913043479
marcin kowalczyk,mariusz koczyba,97,30,4.051546391752577,76.08247422680412,2025-04-02 17:55:00,0.30927835051546393,0.6907216494845361
marcin kowalczyk,mateusz burkacki,79,35,3.848101265822785,70.07594936708861,2026-02-09 20:30:00,0.4430379746835443,0.5569620253164558
marcin kowalczyk,mateusz trela,80,42,3.6375,67.0125,2026-04-07 19:30:00,0.525,0.475
marcin kowalczyk,michal skorski,77,34,3.8181818181818183,71.41558441558442,2026-04-06 16:45:00,0.44155844155844154,0.5584415584415585
marcin kowalczyk,mikolaj lukaszewski,36,15,3.7777777777777777,69.08333333333333,2026-04-13 17:55:00,0.4166666666666667,0.5833333333333333
marcin kowalczyk,milosz kukawka,20,12,3.55,65.0,2026-04-14 21:10:00,0.6,0.4
marcin kowalczyk,miroslaw piecowski,20,10,3.6,69.15,2026-01-02 17:00:00,0.5,0.5
marcin kowalczyk,oskar jadach,24,6,4.0,75.75,2025-11-21 18:55:00,0.25,0.75
marcin kowalczyk,piotr strus,125,38,4.048,75.88,2026-04-14 16:45:00,0.304,0.696
marcin kowalczyk,przemyslaw blocho,29,14,3.8620689655172415,69.37931034482759,2026-04-13 16:55:00,0.4827586206896552,0.5172413793103448
marcin kowalczyk,przemyslaw gorski,26,16,3.5384615384615383,62.5,2025-12-11 03:00:00,0.6153846153846154,0.3846153846153846
marcin kowalczyk,stanislaw wnek,131,60,3.6793893129770994,67.36641221374046,2026-04-16 18:40:00,0.4580152671755725,0.5419847328244275
marcin kowalczyk,tomasz lojtek,74,19,4.013513513513513,74.21621621621621,2025-08-18 19:05:00,0.25675675675675674,0.7432432432432432
marcin kowalczyk,wojciech iwasyszyn,76,22,4.0131578947368425,74.96052631578948,2026-04-07 21:10:00,0.2894736842105263,0.7105263157894737
marcin kowalczyk,wojciech kotyl,43,19,3.7209302325581395,66.13953488372093,2025-11-03 20:05:00,0.4418604651162791,0.5581395348837209
marcin litwiniuk,mateusz golebiowski,22,7,3.772727272727273,66.95454545454545,2024-09-19 16:45:00,0.3181818181818182,0.6818181818181819
marcin litwiniuk,michal murawski,31,9,3.838709677419355,71.35483870967742,2025-04-03 03:30:00,0.2903225806451613,0.7096774193548387
marcin marchlewski,mateusz czernik,80,17,4.0375,76.65,2026-04-18 16:45:00,0.2125,0.7875
marcin marchlewski,mateusz misiak,27,13,3.6666666666666665,67.62962962962963,2025-11-09 13:45:00,0.48148148148148145,0.5185185185185186
marcin marchlewski,michal krzyzanowski,23,8,3.782608695652174,68.69565217391305,2025-12-21 15:00:00,0.34782608695652173,0.6521739130434783
marcin marchlewski,piotr chlodnicki,23,3,3.9565217391304346,74.6086956521739,2025-08-29 17:00:00,0.13043478260869565,0.8695652173913043
marcin marchlewski,piotr maruszak,59,14,3.9661016949152543,76.45762711864407,2026-01-25 05:15:00,0.23728813559322035,0.7627118644067796
marcin marchlewski,radoslaw chrzescian,39,7,3.948717948717949,73.02564102564102,2026-04-19 11:20:00,0.1794871794871795,0.8205128205128205
marcin marchlewski,rafal utylski,23,9,3.869565217391304,73.78260869565217,2026-04-05 09:30:00,0.391304347826087,0.6086956521739131
marcin marchlewski,rutkowski mateusz,22,11,3.772727272727273,72.13636363636364,2026-04-18 13:35:00,0.5,0.5
marcin marchlewski,sebastian baran,44,20,3.75,69.47727272727273,2026-02-01 05:15:00,0.45454545454545453,0.5454545454545454
marcin marchlewski,szymon brud,37,10,4.0,76.72972972972973,2026-02-21 00:20:00,0.2702702702702703,0.7297297297297297
marcin marchlewski,szymon radlo,30,7,4.066666666666666,78.9,2025-11-08 11:40:00,0.23333333333333334,0.7666666666666666
marcin marchlewski,szymon seroka,45,17,3.8222222222222224,68.91111111111111,2025-04-27 00:20:00,0.37777777777777777,0.6222222222222222
marcin marchlewski,szymon sporek,58,11,4.086206896551724,78.8103448275862,2026-04-18 19:05:00,0.1896551724137931,0.8103448275862069
marcin marchlewski,tomasz filbrand,69,14,4.043478260869565,78.42028985507247,2026-04-17 19:00:00,0.2028985507246377,0.7971014492753623
marcin piotrowski,sebastian baran,23,5,4.260869565217392,77.65217391304348,2024-05-04 05:15:00,0.21739130434782608,0.782608695652174
marcin piotrowski,tadeusz piotrowski,80,36,3.6,68.5,2024-03-23 17:15:00,0.45,0.55
marcin wozniczka,michal wolny,21,6,4.095238095238095,74.85714285714286,2026-04-17 21:35:00,0.2857142857142857,0.7142857142857143
marcin wozniczka,waldemar glanowski,26,9,4.0,73.1923076923077,2026-01-24 03:00:00,0.34615384615384615,0.6538461538461539
marek tkocz,marian lebek,68,4,4.411764705882353,80.19117647058823,2026-04-03 01:35:00,0.058823529411764705,0.9411764705882353
marek tkocz,mariusz adamus,39,16,3.8461538461538463,72.23076923076923,2026-04-01 00:45:00,0.41025641025641024,0.5897435897435898
marek tkocz,mariusz baron,25,8,3.92,72.76,2026-04-14 23:10:00,0.32,0.6799999999999999
marek tkocz,mariusz koczyba,54,18,3.8333333333333335,71.74074074074075,2026-04-14 18:25:00,0.3333333333333333,0.6666666666666667
marek tkocz,michal kumor,32,2,4.34375,79.75,2026-01-28 05:25:00,0.0625,0.9375
marek tkocz,oliver vincenec,26,9,4.0,74.03846153846153,2026-03-25 07:25:00,0.34615384615384615,0.6538461538461539
marek tkocz,pawel slosarczyk,23,15,3.5217391304347827,58.82608695652174,2026-03-16 00:10:00,0.6521739130434783,0.34782608695652173
marek tkocz,piotr gumulinski,24,5,4.291666666666667,82.16666666666667,2026-04-01 00:00:00,0.20833333333333334,0.7916666666666666
marek tkocz,piotr przewlocki,20,1,4.45,82.1,2026-03-18 05:25:00,0.05,0.95
marek tkocz,schaniel krzysztof,24,5,4.166666666666667,77.875,2026-04-10 01:35:00,0.20833333333333334,0.7916666666666666
marek tkocz,sebastian szostok,22,9,3.772727272727273,72.63636363636364,2026-03-25 03:45:00,0.4090909090909091,0.5909090909090908
marek tkocz,tomasz wrzalik,23,12,3.6956521739130435,66.47826086956522,2026-04-14 21:35:00,0.5217391304347826,0.4782608695652174
marek tkocz,wojciech pytlas,22,9,3.8636363636363638,72.0,2026-04-09 17:10:00,0.4090909090909091,0.5909090909090908
marek tkocz,wojciech urban,29,5,4.172413793103448,79.6896551724138,2026-04-02 23:10:00,0.1724137931034483,0.8275862068965517
marian brunner,michal machelski,36,8,4.166666666666667,78.27777777777777,2026-04-01 00:45:00,0.2222222222222222,0.7777777777777778
marian brunner,michal wolny,43,14,3.953488372093023,74.72093023255815,2026-01-29 04:30:00,0.32558139534883723,0.6744186046511628
marian brunner,miroslaw lewczuk,43,18,3.883720930232558,72.0,2025-12-26 04:30:00,0.4186046511627907,0.5813953488372092
marian brunner,miroslaw warzecha,60,21,3.95,72.96666666666667,2026-02-26 03:45:00,0.35,0.65
marian brunner,patryk mecik,43,11,4.1395348837209305,79.74418604651163,2025-04-11 04:20:00,0.2558139534883721,0.7441860465116279
marian brunner,pawel chojnacki,30,10,3.966666666666667,73.73333333333333,2026-04-15 01:55:00,0.3333333333333333,0.6666666666666667
marian brunner,pawel polanski,76,32,3.789473684210526,68.5,2026-04-15 03:05:00,0.42105263157894735,0.5789473684210527
marian brunner,waldemar glanowski,37,12,3.810810810810811,70.35135135135135,2025-09-16 02:00:00,0.32432432432432434,0.6756756756756757
marian brunner,zbigniew nocun,68,24,3.9558823529411766,71.29411764705883,2026-04-14 23:55:00,0.35294117647058826,0.6470588235294117
marian lebek,mariusz adamus,61,21,3.8688524590163933,71.67213114754098,2026-04-02 03:35:00,0.3442622950819672,0.6557377049180328
marian lebek,mariusz baron,47,11,4.0638297872340425,76.12765957446808,2026-02-25 02:35:00,0.23404255319148937,0.7659574468085106
marian lebek,mariusz koczyba,52,24,3.75,69.13461538461539,2026-04-02 23:35:00,0.46153846153846156,0.5384615384615384
marian lebek,mateusz szczepanski,25,8,3.92,73.32,2026-02-12 06:10:00,0.32,0.6799999999999999
marian lebek,michal kumor,55,20,3.7818181818181817,68.85454545454546,2025-12-26 09:20:00,0.36363636363636365,0.6363636363636364
marian lebek,michal paszkiewicz,34,9,4.029411764705882,72.79411764705883,2026-04-01 08:20:00,0.2647058823529412,0.7352941176470589
marian lebek,milosz cesarz,24,11,3.7083333333333335,65.79166666666667,2026-03-31 08:20:00,0.4583333333333333,0.5416666666666667
marian lebek,oliver vincenec,28,11,3.892857142857143,71.25,2026-03-26 18:10:00,0.39285714285714285,0.6071428571428572
marian lebek,pawel slosarczyk,29,12,3.793103448275862,67.10344827586206,2025-12-12 03:45:00,0.41379310344827586,0.5862068965517242
marian lebek,piotr gumulinski,29,6,4.137931034482759,76.37931034482759,2026-04-01 04:00:00,0.20689655172413793,0.7931034482758621
marian lebek,piotr przewlocki,49,10,4.142857142857143,76.22448979591837,2026-04-02 05:10:00,0.20408163265306123,0.7959183673469388
marian lebek,rafal idaczyk,27,13,3.740740740740741,70.14814814814815,2026-03-25 07:45:00,0.48148148148148145,0.5185185185185186
marian lebek,schaniel krzysztof,35,8,4.085714285714285,79.2,2026-03-25 01:45:00,0.22857142857142856,0.7714285714285715
marian lebek,sebastian szostok,32,6,4.125,77.53125,2026-04-01 06:00:00,0.1875,0.8125
marian lebek,tomasz wrzalik,20,2,4.25,79.3,2026-02-25 01:25:00,0.1,0.9
marian lebek,wojciech urban,29,10,3.896551724137931,73.89655172413794,2026-04-03 02:20:00,0.3448275862068966,0.6551724137931034
mariusz adamus,mariusz baron,119,26,4.159663865546219,77.99159663865547,2026-04-10 14:20:00,0.2184873949579832,0.7815126050420168
mariusz adamus,mariusz koczyba,46,17,3.869565217391304,71.1304347826087,2026-03-28 09:00:00,0.3695652173913043,0.6304347826086957
mariusz adamus,mateusz szczepanski,26,12,3.8076923076923075,70.65384615384616,2026-02-11 06:35:00,0.46153846153846156,0.5384615384615384
mariusz adamus,michal kumor,83,20,4.096385542168675,77.60240963855422,2026-01-29 05:25:00,0.24096385542168675,0.7590361445783133
mariusz adamus,michal paszkiewicz,25,4,4.28,81.6,2026-04-11 08:00:00,0.16,0.84
mariusz adamus,milosz cesarz,21,5,4.142857142857143,78.42857142857143,2026-04-18 04:00:00,0.23809523809523808,0.7619047619047619
mariusz adamus,oliver vincenec,28,9,4.0,73.17857142857143,2026-04-19 10:20:00,0.32142857142857145,0.6785714285714286
mariusz adamus,oskar jadach,56,11,4.142857142857143,79.60714285714286,2026-04-19 09:30:00,0.19642857142857142,0.8035714285714286
mariusz adamus,patryk mecik,35,5,4.371428571428571,82.11428571428571,2026-04-03 03:35:00,0.14285714285714285,0.8571428571428572
mariusz adamus,pawel gasiorski,55,10,4.163636363636364,77.49090909090908,2026-03-25 20:10:00,0.18181818181818182,0.8181818181818181
mariusz adamus,pawel slosarczyk,30,6,4.166666666666667,79.73333333333333,2026-02-01 23:00:00,0.2,0.8
mariusz adamus,piotr gumulinski,87,14,4.287356321839081,81.52873563218391,2026-04-12 02:20:00,0.16091954022988506,0.8390804597701149
mariusz adamus,piotr przewlocki,33,10,4.03030303030303,76.24242424242425,2026-04-02 06:45:00,0.30303030303030304,0.696969696969697
mariusz adamus,przemyslaw blocho,33,14,3.757575757575758,69.0909090909091,2024-12-02 15:45:00,0.42424242424242425,0.5757575757575757
mariusz adamus,rafal idaczyk,66,16,4.166666666666667,79.1969696969697,2026-03-10 09:00:00,0.24242424242424243,0.7575757575757576
mariusz adamus,rafal ogon,27,5,4.148148148148148,78.03703703703704,2026-02-02 03:20:00,0.18518518518518517,0.8148148148148149
mariusz adamus,rafal skotniczny,44,12,4.045454545454546,74.52272727272727,2025-10-25 06:45:00,0.2727272727272727,0.7272727272727273
mariusz adamus,roman wiza,28,7,4.071428571428571,77.67857142857143,2026-04-12 00:20:00,0.25,0.75
mariusz adamus,schaniel krzysztof,122,24,4.213114754098361,80.6311475409836,2026-03-24 23:00:00,0.19672131147540983,0.8032786885245902
mariusz adamus,sebastian szostok,69,12,4.202898550724638,79.56521739130434,2026-04-09 13:10:00,0.17391304347826086,0.8260869565217391
mariusz adamus,tomasz wrzalik,38,6,4.368421052631579,84.13157894736842,2026-04-10 12:20:00,0.15789473684210525,0.8421052631578947
mariusz adamus,waldemar jozala,35,6,4.4,84.2,2026-03-25 21:45:00,0.17142857142857143,0.8285714285714285
mariusz adamus,witold buczynski,86,14,4.244186046511628,80.6046511627907,2026-04-19 07:10:00,0.16279069767441862,0.8372093023255813
mariusz adamus,wojciech iwasyszyn,22,7,4.045454545454546,76.77272727272727,2024-12-02 12:55:00,0.3181818181818182,0.6818181818181819
mariusz adamus,wojciech pytlas,28,4,4.142857142857143,78.5,2026-04-11 06:45:00,0.14285714285714285,0.8571428571428572
mariusz adamus,wojciech tobiasz,28,7,4.107142857142857,79.32142857142857,2026-03-20 16:05:00,0.25,0.75
mariusz adamus,wojciech urban,21,8,3.761904761904762,72.9047619047619,2026-04-02 04:25:00,0.38095238095238093,0.6190476190476191
mariusz adamus,yurij fomin,29,5,4.241379310344827,80.17241379310344,2025-11-21 05:50:00,0.1724137931034483,0.8275862068965517
mariusz baron,mariusz koczyba,52,24,3.826923076923077,69.6923076923077,2026-04-14 16:00:00,0.46153846153846156,0.5384615384615384
mariusz baron,michal kumor,53,18,4.018867924528302,76.56603773584905,2026-01-30 07:45:00,0.33962264150943394,0.6603773584905661
mariusz baron,milosz cesarz,26,4,4.1923076923076925,79.42307692307692,2026-03-06 06:10:00,0.15384615384615385,0.8461538461538461
mariusz baron,mista sylwester,21,6,4.095238095238095,76.0,2025-12-27 12:30:00,0.2857142857142857,0.7142857142857143
mariusz baron,oliver vincenec,22,6,4.136363636363637,75.45454545454545,2026-04-09 08:00:00,0.2727272727272727,0.7272727272727273
mariusz baron,oskar jadach,133,37,4.06015037593985,76.43609022556392,2026-03-31 03:05:00,0.2781954887218045,0.7218045112781954
mariusz baron,pawel adamus,37,8,4.297297297297297,83.89189189189189,2026-04-16 05:10:00,0.21621621621621623,0.7837837837837838
mariusz baron,pawel gasiorski,32,13,3.84375,70.25,2025-12-17 17:00:00,0.40625,0.59375
mariusz baron,piotr gumulinski,231,54,4.225108225108225,81.83982683982684,2026-04-16 07:35:00,0.23376623376623376,0.7662337662337663
mariusz baron,piotr przewlocki,26,4,4.3076923076923075,80.96153846153847,2026-01-31 06:05:00,0.15384615384615385,0.8461538461538461
mariusz baron,przemyslaw blocho,48,25,3.75,69.89583333333333,2024-12-17 12:55:00,0.5208333333333334,0.47916666666666663
mariusz baron,rafal idaczyk,71,25,4.042253521126761,78.21126760563381,2026-02-05 17:20:00,0.352112676056338,0.647887323943662
mariusz baron,rafal skotniczny,49,16,4.040816326530612,73.24489795918367,2026-03-24 18:05:00,0.32653061224489793,0.6734693877551021
mariusz baron,robert kostepski,30,5,4.233333333333333,78.76666666666667,2026-04-14 00:45:00,0.16666666666666666,0.8333333333333334
mariusz baron,robert szymik,27,10,3.888888888888889,70.4074074074074,2026-02-16 05:20:00,0.37037037037037035,0.6296296296296297
mariusz baron,roman wiza,29,11,3.8275862068965516,70.55172413793103,2026-02-28 02:10:00,0.3793103448275862,0.6206896551724138
mariusz baron,schaniel krzysztof,288,74,4.159722222222222,79.28819444444444,2026-04-14 04:20:00,0.2569444444444444,0.7430555555555556
mariusz baron,sebastian szostok,74,15,4.22972972972973,82.82432432432432,2026-04-06 03:05:00,0.20270270270270271,0.7972972972972973
mariusz baron,tomasz wrzalik,33,9,4.090909090909091,77.15151515151516,2026-04-15 00:45:00,0.2727272727272727,0.7272727272727273
mariusz baron,waldemar jozala,33,13,3.909090909090909,73.78787878787878,2025-12-17 18:10:00,0.3939393939393939,0.6060606060606061
mariusz baron,witold buczynski,58,12,4.120689655172414,77.39655172413794,2026-03-26 14:30:00,0.20689655172413793,0.7931034482758621
mariusz baron,wojciech tobiasz,39,10,4.0256410256410255,75.35897435897436,2026-01-01 06:35:00,0.2564102564102564,0.7435897435897436
mariusz baron,wojciech urban,69,23,3.9855072463768115,76.6376811594203,2026-04-13 23:55:00,0.3333333333333333,0.6666666666666667
mariusz koczyba,mateusz burkacki,70,25,3.9,72.7,2025-03-27 22:10:00,0.35714285714285715,0.6428571428571428
mariusz koczyba,mateusz szczepanski,21,7,3.9523809523809526,73.52380952380952,2026-02-06 00:35:00,0.3333333333333333,0.6666666666666667
mariusz koczyba,mateusz trela,77,27,3.948051948051948,73.18181818181819,2025-10-25 10:30:00,0.35064935064935066,0.6493506493506493
mariusz koczyba,michal kumor,20,12,3.65,65.3,2026-01-21 18:35:00,0.6,0.4
mariusz koczyba,michal skorski,73,32,3.780821917808219,70.27397260273973,2025-01-11 03:20:00,0.4383561643835616,0.5616438356164384
mariusz koczyba,oliver vincenec,39,9,4.102564102564102,76.97435897435898,2026-04-15 18:45:00,0.23076923076923078,0.7692307692307692
mariusz koczyba,oskar jadach,52,19,3.980769230769231,75.96153846153847,2026-03-31 19:10:00,0.36538461538461536,0.6346153846153846
mariusz koczyba,pawel gasiorski,27,4,4.222222222222222,78.55555555555556,2026-04-15 20:00:00,0.14814814814814814,0.8518518518518519
mariusz koczyba,piotr gumulinski,59,21,3.9322033898305087,74.27118644067797,2026-04-16 23:35:00,0.3559322033898305,0.6440677966101696
mariusz koczyba,piotr przewlocki,23,5,4.217391304347826,76.95652173913044,2025-12-24 21:00:00,0.21739130434782608,0.782608695652174
mariusz koczyba,piotr strus,58,15,4.086206896551724,76.60344827586206,2025-03-27 18:30:00,0.25862068965517243,0.7413793103448276
mariusz koczyba,przemyslaw korzec,26,10,3.923076923076923,71.23076923076923,2024-06-27 22:20:00,0.38461538461538464,0.6153846153846154
mariusz koczyba,robert szymik,39,9,4.102564102564102,75.17948717948718,2025-10-05 12:35:00,0.23076923076923078,0.7692307692307692
mariusz koczyba,roman wiza,25,8,4.0,76.68,2026-03-12 22:35:00,0.32,0.6799999999999999
mariusz koczyba,schaniel krzysztof,55,21,3.890909090909091,73.32727272727273,2026-04-16 21:35:00,0.38181818181818183,0.6181818181818182
mariusz koczyba,sebastian krupa,30,15,3.6333333333333333,64.26666666666667,2026-04-08 18:45:00,0.5,0.5
mariusz koczyba,sebastian szostok,25,9,4.0,73.12,2026-03-24 19:25:00,0.36,0.64
mariusz koczyba,tomasz lojtek,153,58,3.9215686274509802,72.82352941176471,2025-03-21 17:45:00,0.3790849673202614,0.6209150326797386
mariusz koczyba,waldemar jozala,26,10,3.8076923076923075,71.53846153846153,2026-04-08 16:25:00,0.38461538461538464,0.6153846153846154
mariusz koczyba,wojciech iwasyszyn,37,12,3.972972972972973,73.89189189189189,2025-03-08 02:10:00,0.32432432432432434,0.6756756756756757
mariusz koczyba,wojciech pytlas,54,13,4.222222222222222,79.07407407407408,2026-04-16 20:00:00,0.24074074074074073,0.7592592592592593
mariusz koczyba,wojciech urban,23,10,3.869565217391304,74.43478260869566,2026-04-03 00:45:00,0.43478260869565216,0.5652173913043479
mariusz koczyba,yurij fomin,25,14,3.72,70.8,2024-06-26 22:20:00,0.56,0.43999999999999995
mariusz zwolinski,piotr staniszewski,34,1,4.382352941176471,83.17647058823529,2026-02-01 10:25:00,0.029411764705882353,0.9705882352941176
mariusz zwolinski,tadeusz piotrowski,62,18,3.9516129032258065,73.04838709677419,2026-04-04 09:25:00,0.2903225806451613,0.7096774193548387
martin olejnik,mateusz golebiowski,89,28,4.022471910112359,74.7752808988764,2026-01-28 16:35:00,0.3146067415730337,0.6853932584269663
martin olejnik,michal murawski,25,10,3.92,72.56,2026-03-11 16:35:00,0.4,0.6
martin olejnik,patrik klos,29,5,4.172413793103448,78.37931034482759,2026-04-18 11:35:00,0.1724137931034483,0.8275862068965517
martin olejnik,patryk lewandowski,20,6,3.95,72.75,2026-04-04 13:15:00,0.3,0.7
martin olejnik,petr david,83,26,4.096385542168675,77.46987951807229,2026-04-15 10:50:00,0.3132530120481928,0.6867469879518072
martin olejnik,piotr chodorski,69,33,3.6666666666666665,67.21739130434783,2026-04-01 07:15:00,0.4782608695652174,0.5217391304347826
martin olejnik,piotr cyrnek,38,10,4.131578947368421,78.86842105263158,2026-01-06 12:10:00,0.2631578947368421,0.736842105263158
martin olejnik,slawomir dosz,38,15,3.9473684210526314,73.13157894736842,2025-08-15 10:25:00,0.39473684210526316,0.6052631578947368
martin olejnik,szymon kolasa,33,8,4.212121212121212,78.27272727272727,2026-04-08 14:50:00,0.24242424242424243,0.7575757575757576
martin olejnik,tomasz kotowski,32,10,3.96875,74.4375,2024-06-11 11:10:00,0.3125,0.6875
mateusz burkacki,mateusz misiak,27,12,3.8518518518518516,72.14814814814815,2025-12-15 07:15:00,0.4444444444444444,0.5555555555555556
mateusz burkacki,mateusz trela,106,37,3.839622641509434,72.91509433962264,2026-02-10 07:40:00,0.3490566037735849,0.6509433962264151
mateusz burkacki,michal minda,23,9,3.9565217391304346,74.34782608695652,2025-11-30 10:00:00,0.391304347826087,0.6086956521739131
mateusz burkacki,michal skorski,155,51,3.890322580645161,74.65161290322581,2026-02-05 08:30:00,0.32903225806451614,0.6709677419354838
mateusz burkacki,mikolaj lukaszewski,67,32,3.671641791044776,67.8955223880597,2026-02-10 12:20:00,0.47761194029850745,0.5223880597014925
mateusz burkacki,miroslaw piecowski,55,23,3.7818181818181817,71.10909090909091,2025-12-28 01:35:00,0.41818181818181815,0.5818181818181818
mateusz burkacki,piotr staniszewski,57,15,4.017543859649122,76.94736842105263,2026-02-01 07:55:00,0.2631578947368421,0.736842105263158
mateusz burkacki,piotr strus,84,24,4.142857142857143,78.89285714285714,2025-12-25 11:00:00,0.2857142857142857,0.7142857142857143
mateusz burkacki,przemyslaw blocho,25,6,3.96,71.76,2025-11-10 18:05:00,0.24,0.76
mateusz burkacki,stanislaw wnek,41,15,3.707317073170732,70.6829268292683,2026-02-09 18:05:00,0.36585365853658536,0.6341463414634146
mateusz burkacki,szymon radlo,26,6,4.038461538461538,78.8076923076923,2026-01-31 16:50:00,0.23076923076923078,0.7692307692307692
mateusz burkacki,tadeusz piotrowski,22,9,3.727272727272727,67.5909090909091,2026-02-01 07:05:00,0.4090909090909091,0.5909090909090908
mateusz burkacki,tomasz lojtek,34,19,3.676470588235294,68.76470588235294,2025-01-17 21:15:00,0.5588235294117647,0.4411764705882353
mateusz burkacki,wojciech gluszek,37,21,3.6216216216216215,65.91891891891892,2026-02-10 11:05:00,0.5675675675675675,0.43243243243243246
mateusz burkacki,wojciech iwasyszyn,75,21,4.053333333333334,75.94666666666667,2025-12-30 11:05:00,0.28,0.72
mateusz burkacki,wojciech kotyl,38,13,3.9210526315789473,73.36842105263158,2025-11-03 18:30:00,0.34210526315789475,0.6578947368421053
mateusz czernik,michal krzyzanowski,33,17,3.727272727272727,67.21212121212122,2025-10-26 11:40:00,0.5151515151515151,0.48484848484848486
mateusz czernik,michal olbrycht,35,8,4.085714285714285,75.91428571428571,2026-03-28 02:05:00,0.22857142857142856,0.7714285714285715
mateusz czernik,piotr chlodnicki,23,6,3.9130434782608696,73.21739130434783,2025-08-31 00:20:00,0.2608695652173913,0.7391304347826086
mateusz czernik,rutkowski mateusz,26,7,3.9615384615384617,73.76923076923077,2026-04-05 19:05:00,0.2692307692307692,0.7307692307692308
mateusz czernik,szymon seroka,23,10,3.6956521739130435,70.73913043478261,2025-04-05 00:40:00,0.43478260869565216,0.5652173913043479
mateusz czernik,szymon sporek,200,57,4.04,77.955,2026-04-19 01:35:00,0.285,0.7150000000000001
mateusz czernik,tomasz filbrand,41,11,4.024390243902439,76.0,2026-04-18 00:40:00,0.2682926829268293,0.7317073170731707
mateusz edward ufnal,michal olbrycht,25,12,3.8,71.56,2026-04-16 01:05:00,0.48,0.52
mateusz edward ufnal,patryk jendrzejewski,27,5,4.222222222222222,79.81481481481481,2026-04-16 00:40:00,0.18518518518518517,0.8148148148148149
mateusz edward ufnal,rutkowski mateusz,36,14,3.8055555555555554,71.19444444444444,2026-04-15 23:50:00,0.3888888888888889,0.6111111111111112
mateusz edward ufnal,tomasz filbrand,49,15,3.938775510204082,75.38775510204081,2026-03-25 00:50:00,0.30612244897959184,0.6938775510204082
mateusz golebiowski,mateusz rutkowski,20,10,3.55,61.25,2023-04-30 16:40:00,0.5,0.5
mateusz golebiowski,michal malachowski,21,10,3.619047619047619,65.04761904761905,2026-01-07 13:00:00,0.47619047619047616,0.5238095238095238
mateusz golebiowski,michal murawski,130,89,3.4384615384615387,61.23076923076923,2026-02-12 13:00:00,0.6846153846153846,0.3153846153846154
mateusz golebiowski,miroslav sklensky,41,14,3.951219512195122,72.6829268292683,2025-12-19 14:40:00,0.34146341463414637,0.6585365853658536
mateusz golebiowski,patrik klos,62,23,3.838709677419355,70.6774193548387,2025-12-11 15:30:00,0.3709677419354839,0.6290322580645161
mateusz golebiowski,patryk lewandowski,29,15,3.6551724137931036,67.06896551724138,2026-01-19 07:15:00,0.5172413793103449,0.48275862068965514
mateusz golebiowski,petr david,143,38,4.034965034965035,75.79020979020979,2026-02-12 11:25:00,0.26573426573426573,0.7342657342657343
mateusz golebiowski,piotr chodorski,124,39,4.048387096774194,76.61290322580645,2026-02-12 14:15:00,0.31451612903225806,0.685483870967742
mateusz golebiowski,piotr cyrnek,60,16,4.033333333333333,77.43333333333334,2026-01-06 15:50:00,0.26666666666666666,0.7333333333333334
mateusz golebiowski,slawomir dosz,109,34,3.981651376146789,73.86238532110092,2025-10-05 14:30:00,0.3119266055045872,0.6880733944954128
mateusz golebiowski,szymon kolasa,62,21,4.0,73.04838709677419,2026-02-09 15:30:00,0.3387096774193548,0.6612903225806452
mateusz golebiowski,tomasz kotowski,52,18,3.9423076923076925,73.23076923076923,2024-06-12 10:10:00,0.34615384615384615,0.6538461538461539
mateusz golebiowski,vladislav ursu,29,9,3.7586206896551726,70.27586206896552,2024-04-08 12:00:00,0.3103448275862069,0.6896551724137931
mateusz misiak,michal minda,203,66,3.9704433497536944,74.4679802955665,2026-03-29 15:50:00,0.3251231527093596,0.6748768472906403
mateusz misiak,michal skorski,57,22,3.807017543859649,69.70175438596492,2026-01-25 19:55:00,0.38596491228070173,0.6140350877192983
mateusz misiak,mikolaj lukaszewski,31,17,3.6774193548387095,65.25806451612904,2026-01-19 01:15:00,0.5483870967741935,0.4516129032258065
mateusz misiak,milosz piecowski,154,42,4.064935064935065,76.83116883116882,2026-04-16 01:25:00,0.2727272727272727,0.7272727272727273
mateusz misiak,miroslaw piecowski,22,6,4.045454545454546,77.86363636363636,2025-03-22 18:25:00,0.2727272727272727,0.7272727272727273
mateusz misiak,pawel grela,21,10,3.6666666666666665,67.0952380952381,2024-05-05 07:15:00,0.47619047619047616,0.5238095238095238
mateusz misiak,piotr maruszak,56,22,3.9107142857142856,74.98214285714286,2025-12-13 02:00:00,0.39285714285714285,0.6071428571428572
mateusz misiak,piotr strus,41,13,3.975609756097561,75.8048780487805,2025-08-09 08:10:00,0.3170731707317073,0.6829268292682926
mateusz misiak,piotr szafranek,30,6,4.3,79.9,2026-04-15 23:45:00,0.2,0.8
mateusz misiak,przemyslaw blocho,189,70,3.9153439153439153,73.14814814814815,2026-04-15 00:10:00,0.37037037037037035,0.6296296296296297
mateusz misiak,przemyslaw perzynski,39,15,3.769230769230769,71.61538461538461,2026-02-05 16:00:00,0.38461538461538464,0.6153846153846154
mateusz misiak,radoslaw malinowski,57,29,3.6666666666666665,68.91228070175438,2026-02-10 02:25:00,0.5087719298245614,0.49122807017543857
mateusz misiak,sebastian baran,94,35,3.851063829787234,71.34042553191489,2026-04-13 01:05:00,0.3723404255319149,0.6276595744680851
mateusz misiak,szymon brud,48,13,4.083333333333333,77.29166666666667,2026-04-16 00:10:00,0.2708333333333333,0.7291666666666667
mateusz misiak,szymon radlo,246,89,3.8495934959349594,74.3821138211382,2026-02-03 19:30:00,0.3617886178861789,0.6382113821138211
mateusz misiak,szymon seroka,55,22,3.8363636363636364,72.45454545454545,2025-04-16 20:05:00,0.4,0.6
mateusz misiak,tadeusz piotrowski,25,9,3.92,72.32,2025-12-17 07:05:00,0.36,0.64
mateusz misiak,tomasz filbrand,53,21,3.830188679245283,71.28301886792453,2025-12-27 01:10:00,0.39622641509433965,0.6037735849056604
mateusz misiak,tomasz lojtek,22,13,3.5,61.27272727272727,2023-11-01 21:50:00,0.5909090909090909,0.40909090909090906
mateusz misiak,wojciech gluszek,177,67,3.9152542372881354,73.77401129943503,2026-04-12 17:00:00,0.3785310734463277,0.6214689265536724
mateusz rutkowski,michal galas,27,8,4.0,73.29629629629629,2023-05-21 04:10:00,0.2962962962962963,0.7037037037037037
mateusz rutkowski,michal murawski,24,7,4.083333333333333,77.58333333333333,2023-05-02 09:20:00,0.2916666666666667,0.7083333333333333
mateusz rutkowski,mikolaj szalinski,29,11,3.793103448275862,70.6896551724138,2023-04-05 20:00:00,0.3793103448275862,0.6206896551724138
mateusz rutkowski,szymon radlo,42,13,3.9523809523809526,75.30952380952381,2023-05-21 14:10:00,0.30952380952380953,0.6904761904761905
mateusz rutkowski,szymon seroka,33,16,3.727272727272727,69.06060606060606,2023-05-23 18:40:00,0.48484848484848486,0.5151515151515151
mateusz szczepanski,michal kumor,25,8,3.88,76.64,2026-01-30 09:00:00,0.32,0.6799999999999999
mateusz trela,michal skorski,150,30,4.206666666666667,82.28,2026-04-16 04:10:00,0.2,0.8
mateusz trela,mikolaj lukaszewski,67,23,3.7761194029850746,71.98507462686567,2026-04-16 06:40:00,0.34328358208955223,0.6567164179104478
mateusz trela,miroslaw piecowski,39,13,3.923076923076923,73.17948717948718,2026-04-14 10:30:00,0.3333333333333333,0.6666666666666667
mateusz trela,piotr staniszewski,42,9,4.023809523809524,77.92857142857143,2026-04-05 07:45:00,0.21428571428571427,0.7857142857142857
mateusz trela,piotr strus,43,11,3.9767441860465116,73.34883720930233,2026-04-19 06:05:00,0.2558139534883721,0.7441860465116279
mateusz trela,przemyslaw blocho,38,26,3.3421052631578947,62.73684210526316,2026-04-13 06:40:00,0.6842105263157895,0.3157894736842105
mateusz trela,tadeusz piotrowski,27,11,3.925925925925926,72.18518518518519,2026-04-19 08:35:00,0.4074074074074074,0.5925925925925926
mateusz trela,tomasz lojtek,67,14,4.104477611940299,77.55223880597015,2025-08-18 17:30:00,0.208955223880597,0.791044776119403
mateusz trela,wojciech gluszek,40,19,3.7,68.3,2026-03-30 09:20:00,0.475,0.525
mateusz trela,wojciech iwasyszyn,74,15,4.175675675675675,80.3108108108108,2026-04-14 13:00:00,0.20270270270270271,0.7972972972972973
mateusz zagajewski,michal minda,131,46,3.8931297709923665,73.93893129770993,2026-04-17 04:55:00,0.3511450381679389,0.6488549618320612
mateusz zagajewski,michal skorski,24,8,3.9166666666666665,75.25,2026-03-04 11:30:00,0.3333333333333333,0.6666666666666667
mateusz zagajewski,mikolaj lukaszewski,24,11,3.7916666666666665,69.91666666666667,2026-03-12 04:50:00,0.4583333333333333,0.5416666666666667
mateusz zagajewski,szymon radlo,45,15,3.888888888888889,76.02222222222223,2026-01-22 14:30:00,0.3333333333333333,0.6666666666666667
mateusz zagajewski,wojciech gluszek,42,21,3.6666666666666665,69.76190476190476,2026-03-27 18:55:00,0.5,0.5
mateusz zagajewski,wojciech iwasyszyn,22,8,3.8636363636363638,74.0,2025-10-31 10:20:00,0.36363636363636365,0.6363636363636364
michal galas,michal murawski,63,32,3.6984126984126986,68.2063492063492,2023-05-31 10:00:00,0.5079365079365079,0.4920634920634921
michal galas,piotr chlodnicki,27,13,3.6296296296296298,69.14814814814815,2023-05-26 07:00:00,0.48148148148148145,0.5185185185185186
michal krzyzanowski,piotr chlodnicki,29,14,3.7586206896551726,71.96551724137932,2025-07-03 09:30:00,0.4827586206896552,0.5172413793103448
michal kumor,michal paszkiewicz,41,17,3.8780487804878048,74.1219512195122,2026-01-21 22:10:00,0.4146341463414634,0.5853658536585367
michal kumor,milosz cesarz,26,11,3.8076923076923075,69.96153846153847,2026-01-30 05:25:00,0.4230769230769231,0.5769230769230769
michal kumor,oskar jadach,28,10,3.8214285714285716,70.57142857142857,2025-08-26 04:50:00,0.35714285714285715,0.6428571428571428
michal kumor,pawel adamus,21,7,3.8095238095238093,71.0952380952381,2026-01-25 04:55:00,0.3333333333333333,0.6666666666666667
michal kumor,pawel slosarczyk,22,5,4.090909090909091,74.04545454545455,2026-01-02 08:35:00,0.22727272727272727,0.7727272727272727
michal kumor,piotr gumulinski,39,16,3.8205128205128207,73.02564102564102,2026-01-22 03:20:00,0.41025641025641024,0.5897435897435898
michal kumor,piotr przewlocki,37,5,4.378378378378378,86.24324324324324,2025-12-26 08:35:00,0.13513513513513514,0.8648648648648649
michal kumor,rafal idaczyk,58,23,3.896551724137931,73.46551724137932,2026-01-29 08:10:00,0.39655172413793105,0.603448275862069
michal kumor,rafal ogon,23,5,4.086956521739131,79.1304347826087,2025-11-01 07:45:00,0.21739130434782608,0.782608695652174
michal kumor,rafal skotniczny,25,11,3.92,69.92,2025-10-25 04:25:00,0.44,0.56
michal kumor,roman wiza,21,6,3.9523809523809526,72.66666666666667,2025-08-31 00:45:00,0.2857142857142857,0.7142857142857143
michal kumor,schaniel krzysztof,36,14,3.7777777777777777,69.36111111111111,2025-12-15 03:45:00,0.3888888888888889,0.6111111111111112
michal kumor,sebastian szostok,42,13,4.023809523809524,75.5,2025-12-23 04:35:00,0.30952380952380953,0.6904761904761905
michal kumor,wojciech pytlas,20,5,4.15,75.35,2026-01-06 09:00:00,0.25,0.75
michal machelski,miroslaw lewczuk,55,15,4.072727272727272,74.83636363636364,2026-04-14 01:10:00,0.2727272727272727,0.7272727272727273
michal machelski,miroslaw warzecha,56,20,3.9107142857142856,71.46428571428571,2026-04-13 21:10:00,0.35714285714285715,0.6428571428571428
michal machelski,pawel chojnacki,32,12,3.875,71.8125,2026-04-17 03:30:00,0.375,0.625
michal machelski,pawel polanski,35,14,3.857142857142857,72.45714285714286,2026-04-01 05:05:00,0.4,0.6
michal machelski,waldemar glanowski,22,12,3.6818181818181817,67.4090909090909,2026-02-09 23:25:00,0.5454545454545454,0.4545454545454546
michal machelski,zbigniew nocun,39,13,3.8974358974358974,71.38461538461539,2026-04-17 02:20:00,0.3333333333333333,0.6666666666666667
michal malachowski,michal murawski,49,22,3.673469387755102,68.61224489795919,2025-11-09 14:40:00,0.4489795918367347,0.5510204081632653
michal malachowski,miroslav sklensky,36,14,3.8055555555555554,69.88888888888889,2026-04-09 10:20:00,0.3888888888888889,0.6111111111111112
michal minda,michal skorski,36,10,4.055555555555555,77.72222222222223,2025-12-10 06:25:00,0.2777777777777778,0.7222222222222222
michal minda,mikolaj lukaszewski,21,8,3.9523809523809526,74.19047619047619,2026-03-16 12:45:00,0.38095238095238093,0.6190476190476191
michal minda,milosz piecowski,46,10,4.108695652173913,78.76086956521739,2026-04-14 04:30:00,0.21739130434782608,0.782608695652174
michal minda,piotr maruszak,48,17,3.9166666666666665,76.3125,2026-04-11 07:35:00,0.3541666666666667,0.6458333333333333
michal minda,piotr strus,31,7,4.032258064516129,77.87096774193549,2026-04-18 03:50:00,0.22580645161290322,0.7741935483870968
michal minda,piotr sudol,32,10,4.0625,75.28125,2023-12-15 14:55:00,0.3125,0.6875
michal minda,przemyslaw blocho,33,13,3.757575757575758,71.36363636363636,2026-03-10 16:25:00,0.3939393939393939,0.6060606060606061
michal minda,radoslaw malinowski,39,17,3.8461538461538463,70.87179487179488,2026-02-10 08:45:00,0.4358974358974359,0.5641025641025641
michal minda,sebastian baran,92,27,3.9565217391304346,73.58695652173913,2026-02-28 05:35:00,0.29347826086956524,0.7065217391304348
michal minda,szymon radlo,251,59,4.091633466135458,84.0996015936255,2026-01-28 08:20:00,0.2350597609561753,0.7649402390438247
michal minda,szymon seroka,96,47,3.75,70.32291666666667,2025-03-11 05:30:00,0.4895833333333333,0.5104166666666667
michal minda,szymon twardowski,20,5,3.95,74.45,2025-03-22 12:05:00,0.25,0.75
michal minda,tadeusz piotrowski,37,12,3.918918918918919,72.86486486486487,2026-03-22 13:40:00,0.32432432432432434,0.6756756756756757
michal minda,tomasz filbrand,89,25,3.9213483146067416,72.32584269662921,2026-03-31 10:35:00,0.2808988764044944,0.7191011235955056
michal minda,wojciech gluszek,200,57,4.03,75.895,2026-04-16 14:40:00,0.285,0.7150000000000001
michal minda,wojciech gronowski,41,12,4.0,75.3170731707317,2026-03-23 12:50:00,0.2926829268292683,0.7073170731707317
michal minda,wojciech iwasyszyn,30,6,4.166666666666667,79.2,2026-03-10 13:10:00,0.2,0.8
michal murawski,michal olbrycht,21,7,3.8095238095238093,69.38095238095238,2025-02-26 05:15:00,0.3333333333333333,0.6666666666666667
michal murawski,miroslav sklensky,103,43,3.8155339805825244,69.44660194174757,2026-03-10 10:55:00,0.4174757281553398,0.5825242718446602
michal murawski,patrik klos,20,13,3.55,62.1,2025-12-17 09:25:00,0.65,0.35
michal murawski,patryk lewandowski,23,9,3.8260869565217392,71.65217391304348,2026-02-18 16:10:00,0.391304347826087,0.6086956521739131
michal murawski,petr david,36,17,3.75,68.63888888888889,2026-03-11 11:25:00,0.4722222222222222,0.5277777777777778
michal murawski,piotr chlodnicki,58,29,3.6206896551724137,67.86206896551724,2025-07-04 14:25:00,0.5,0.5
michal murawski,piotr chodorski,39,16,3.923076923076923,72.0,2026-03-05 11:45:00,0.41025641025641024,0.5897435897435898
michal murawski,slawomir dosz,43,25,3.5813953488372094,64.86046511627907,2025-10-05 13:15:00,0.5813953488372093,0.41860465116279066
michal murawski,szymon kolasa,38,10,4.078947368421052,78.86842105263158,2026-02-09 13:25:00,0.2631578947368421,0.736842105263158
michal murawski,szymon seroka,58,31,3.6724137931034484,67.41379310344827,2025-05-04 17:55:00,0.5344827586206896,0.4655172413793104
michal murawski,szymon sporek,28,12,3.7142857142857144,69.92857142857143,2026-02-17 14:40:00,0.42857142857142855,0.5714285714285714
michal murawski,tomasz filbrand,36,7,4.055555555555555,78.94444444444444,2025-06-06 03:55:00,0.19444444444444445,0.8055555555555556
michal natkaniec,miroslaw lewczuk,23,10,3.9130434782608696,74.43478260869566,2026-03-28 01:00:00,0.43478260869565216,0.5652173913043479
michal natkaniec,waldemar glanowski,32,16,3.75,69.3125,2026-01-16 23:50:00,0.5,0.5
michal olbrycht,patryk jendrzejewski,32,6,4.09375,77.21875,2026-04-15 23:25:00,0.1875,0.8125
michal olbrycht,piotr chlodnicki,26,7,4.115384615384615,78.5,2025-07-09 19:00:00,0.2692307692307692,0.7307692307692308
michal olbrycht,rutkowski mateusz,49,10,4.040816326530612,75.91836734693878,2026-04-16 00:15:00,0.20408163265306123,0.7959183673469388
michal olbrycht,szymon sporek,44,7,4.204545454545454,79.75,2026-03-29 17:05:00,0.1590909090909091,0.8409090909090909
michal olbrycht,tomasz filbrand,82,25,4.0,75.8170731707317,2026-04-08 00:15:00,0.3048780487804878,0.6951219512195121
michal oracz,mista sylwester,45,20,3.7111111111111112,69.71111111111111,2026-01-06 12:55:00,0.4444444444444444,0.5555555555555556
michal oracz,patryk jedrzejak,39,11,3.948717948717949,75.8974358974359,2026-04-05 16:20:00,0.28205128205128205,0.717948717948718
michal oracz,rafal skotniczny,20,9,3.75,72.1,2026-01-06 16:05:00,0.45,0.55
michal oracz,rafal wojcik,33,15,3.8484848484848486,72.51515151515152,2026-03-29 12:45:00,0.45454545454545453,0.5454545454545454
michal oracz,roman wiza,21,12,3.5714285714285716,67.28571428571429,2025-12-21 01:45:00,0.5714285714285714,0.4285714285714286
michal oracz,sebastian szostok,21,8,3.9523809523809526,73.80952380952381,2026-03-28 14:55:00,0.38095238095238093,0.6190476190476191
michal oracz,witold buczynski,34,10,4.0588235294117645,77.02941176470588,2026-04-05 13:55:00,0.29411764705882354,0.7058823529411764
michal oracz,wojciech tobiasz,23,8,4.043478260869565,76.26086956521739,2026-04-06 11:55:00,0.34782608695652173,0.6521739130434783
michal paszkiewicz,milosz cesarz,22,6,4.090909090909091,79.04545454545455,2026-04-17 05:35:00,0.2727272727272727,0.7272727272727273
michal paszkiewicz,piotr gumulinski,20,4,4.15,78.75,2026-04-10 07:35:00,0.2,0.8
michal paszkiewicz,rafal idaczyk,23,12,3.652173913043478,69.34782608695652,2026-04-15 04:50:00,0.5217391304347826,0.4782608695652174
michal skorski,mikolaj lukaszewski,84,29,3.8095238095238093,72.41666666666667,2026-04-16 11:20:00,0.34523809523809523,0.6547619047619048
michal skorski,miroslaw piecowski,92,23,4.119565217391305,78.84782608695652,2026-04-12 23:20:00,0.25,0.75
michal skorski,piotr strus,44,16,3.9318181818181817,75.02272727272727,2025-12-23 20:50:00,0.36363636363636365,0.6363636363636364
michal skorski,przemyslaw blocho,28,11,3.7142857142857144,69.64285714285714,2026-01-21 06:50:00,0.39285714285714285,0.6071428571428572
michal skorski,stanislaw wnek,59,13,4.1525423728813555,79.52542372881356,2026-04-16 12:35:00,0.22033898305084745,0.7796610169491526
michal skorski,szymon radlo,32,8,3.96875,76.96875,2026-01-05 05:10:00,0.25,0.75
michal skorski,tomasz lojtek,90,27,4.055555555555555,76.17777777777778,2025-08-08 19:05:00,0.3,0.7
michal skorski,wojciech gluszek,56,24,3.892857142857143,74.92857142857143,2026-03-31 10:05:00,0.42857142857142855,0.5714285714285714
michal skorski,wojciech iwasyszyn,89,18,4.168539325842697,79.53932584269663,2026-03-31 13:50:00,0.20224719101123595,0.797752808988764
michal skorski,wojciech kotyl,24,7,4.0,75.16666666666667,2025-11-03 20:50:00,0.2916666666666667,0.7083333333333333
michal wolny,miroslaw lewczuk,69,23,3.927536231884058,73.57971014492753,2026-04-18 00:45:00,0.3333333333333333,0.6666666666666667
michal wolny,miroslaw warzecha,82,24,3.975609756097561,74.13414634146342,2026-04-13 08:20:00,0.2926829268292683,0.7073170731707317
michal wolny,patryk mecik,57,15,4.175438596491228,78.66666666666667,2025-04-11 02:45:00,0.2631578947368421,0.736842105263158
michal wolny,pawel polanski,54,15,3.7962962962962963,70.22222222222223,2026-01-29 00:30:00,0.2777777777777778,0.7222222222222222
michal wolny,slawomir janus,32,10,4.09375,75.875,2026-04-13 04:50:00,0.3125,0.6875
michal wolny,waldemar glanowski,84,15,4.130952380952381,78.45238095238095,2026-02-07 03:20:00,0.17857142857142858,0.8214285714285714
michal wolny,witold stechly,33,14,3.8181818181818183,71.93939393939394,2026-04-13 05:35:00,0.42424242424242425,0.5757575757575757
michal wolny,zbigniew nocun,56,10,4.142857142857143,77.44642857142857,2026-04-03 01:30:00,0.17857142857142858,0.8214285714285714
mikolaj lukaszewski,milosz kukawka,21,6,4.0,75.71428571428571,2026-04-15 13:25:00,0.2857142857142857,0.7142857142857143
mikolaj lukaszewski,miroslaw piecowski,48,13,3.9791666666666665,75.04166666666667,2026-04-07 10:30:00,0.2708333333333333,0.7291666666666667
mikolaj lukaszewski,piotr staniszewski,22,8,3.8181818181818183,71.0,2026-03-27 08:15:00,0.36363636363636365,0.6363636363636364
mikolaj lukaszewski,przemyslaw blocho,24,8,3.7916666666666665,70.95833333333333,2026-04-13 19:05:00,0.3333333333333333,0.6666666666666667
mikolaj lukaszewski,stanislaw wnek,31,8,3.935483870967742,75.87096774193549,2026-04-16 14:15:00,0.25806451612903225,0.7419354838709677
mikolaj lukaszewski,stapor rafal,23,10,3.6956521739130435,69.69565217391305,2026-04-16 05:00:00,0.43478260869565216,0.5652173913043479
mikolaj lukaszewski,wojciech gluszek,60,25,3.816666666666667,72.38333333333334,2026-04-03 20:40:00,0.4166666666666667,0.5833333333333333
mikolaj lukaszewski,wojciech iwasyszyn,54,11,4.166666666666667,79.55555555555556,2026-04-17 05:25:00,0.2037037037037037,0.7962962962962963
mikolaj szalinski,szymon radlo,30,10,4.0,75.4,2023-04-06 23:20:00,0.3333333333333333,0.6666666666666667
milosz kukawka,stapor rafal,27,10,3.8518518518518516,70.88888888888889,2026-04-15 09:20:00,0.37037037037037035,0.6296296296296297
milosz piecowski,piotr szafranek,20,8,3.75,67.7,2026-04-16 00:35:00,0.4,0.6
milosz piecowski,przemyslaw blocho,48,13,4.104166666666667,78.20833333333333,2026-03-30 23:45:00,0.2708333333333333,0.7291666666666667
milosz piecowski,przemyslaw perzynski,20,5,4.15,77.95,2025-12-25 15:25:00,0.25,0.75
milosz piecowski,radoslaw malinowski,20,7,4.1,79.2,2026-01-17 03:00:00,0.35,0.65
milosz piecowski,sebastian baran,24,8,3.875,71.91666666666667,2026-01-24 15:20:00,0.3333333333333333,0.6666666666666667
milosz piecowski,szymon radlo,40,9,4.15,82.05,2026-01-13 18:20:00,0.225,0.775
milosz piecowski,tadeusz piotrowski,23,5,4.173913043478261,79.26086956521739,2026-03-22 06:40:00,0.21739130434782608,0.782608695652174
milosz piecowski,wojciech gluszek,61,21,4.016393442622951,78.67213114754098,2026-04-15 19:40:00,0.3442622950819672,0.6557377049180328
milosz piecowski,wojciech gronowski,22,9,4.0,76.81818181818181,2026-03-22 10:55:00,0.4090909090909091,0.5909090909090908
milosz sawczak,piotr chlodnicki,20,6,3.9,74.0,2026-04-02 10:40:00,0.3,0.7
milosz sawczak,tomasz filbrand,23,4,3.9565217391304346,73.1304347826087,2026-03-31 23:50:00,0.17391304347826086,0.8260869565217391
miroslav sklensky,piotr chlodnicki,34,13,3.9411764705882355,72.82352941176471,2026-04-01 13:10:00,0.38235294117647056,0.6176470588235294
miroslav sklensky,szymon kolasa,21,11,3.8095238095238093,73.85714285714286,2025-09-05 09:05:00,0.5238095238095238,0.47619047619047616
miroslav sklensky,szymon seroka,20,12,3.6,63.7,2025-03-21 13:45:00,0.6,0.4
miroslav sklensky,tomasz filbrand,22,9,3.8181818181818183,69.68181818181819,2026-03-17 15:25:00,0.4090909090909091,0.5909090909090908
miroslaw lewczuk,miroslaw warzecha,97,36,3.979381443298969,73.57731958762886,2026-04-13 22:50:00,0.3711340206185567,0.6288659793814433
miroslaw lewczuk,patryk mecik,46,13,3.9782608695652173,74.32608695652173,2025-03-21 05:20:00,0.2826086956521739,0.7173913043478262
miroslaw lewczuk,pawel polanski,70,33,3.7285714285714286,70.31428571428572,2026-03-22 03:20:00,0.4714285714285714,0.5285714285714286
miroslaw lewczuk,stanislav stelmashchuk,20,9,3.7,69.9,2026-04-13 19:10:00,0.45,0.55
miroslaw lewczuk,tomasz bluszcz,27,8,4.037037037037037,75.07407407407408,2025-10-16 19:10:00,0.2962962962962963,0.7037037037037037
miroslaw lewczuk,waldemar glanowski,83,36,3.7951807228915664,69.91566265060241,2026-02-10 03:00:00,0.43373493975903615,0.5662650602409638
miroslaw lewczuk,zbigniew nocun,65,19,4.030769230769231,74.84615384615384,2026-03-21 22:10:00,0.2923076923076923,0.7076923076923076
miroslaw piecowski,piotr staniszewski,89,13,4.224719101123595,82.10112359550561,2026-04-05 00:10:00,0.14606741573033707,0.8539325842696629
miroslaw piecowski,piotr strus,39,7,4.333333333333333,82.84615384615384,2025-12-23 17:45:00,0.1794871794871795,0.8205128205128205
miroslaw piecowski,sebastian baran,22,11,3.6818181818181817,67.54545454545455,2026-02-07 02:00:00,0.5,0.5
miroslaw piecowski,stanislaw wnek,34,11,4.029411764705882,73.94117647058823,2026-04-13 01:00:00,0.3235294117647059,0.6764705882352942
miroslaw piecowski,tadeusz piotrowski,67,21,3.925373134328358,72.5223880597015,2025-07-13 04:10:00,0.31343283582089554,0.6865671641791045
miroslaw piecowski,wojciech gluszek,34,13,3.8529411764705883,69.70588235294117,2026-03-31 09:00:00,0.38235294117647056,0.6176470588235294
miroslaw piecowski,wojciech iwasyszyn,57,21,3.8596491228070176,72.40350877192982,2026-04-14 09:00:00,0.3684210526315789,0.631578947368421
miroslaw warzecha,patryk mecik,32,14,3.6875,67.8125,2025-05-01 02:45:00,0.4375,0.5625
miroslaw warzecha,pawel polanski,62,25,3.806451612903226,70.12903225806451,2026-04-09 04:40:00,0.4032258064516129,0.5967741935483871
miroslaw warzecha,slawomir janus,59,22,3.8135593220338984,69.37288135593221,2026-04-15 18:20:00,0.3728813559322034,0.6271186440677966
miroslaw warzecha,stanislav stelmashchuk,26,10,3.8461538461538463,70.42307692307692,2026-04-13 16:50:00,0.38461538461538464,0.6153846153846154
miroslaw warzecha,waldemar glanowski,54,13,4.2592592592592595,78.85185185185185,2026-01-05 22:35:00,0.24074074074074073,0.7592592592592593
miroslaw warzecha,witold stechly,52,22,3.8076923076923075,72.11538461538461,2026-04-16 02:20:00,0.4230769230769231,0.5769230769230769
miroslaw warzecha,zbigniew nocun,69,26,3.9130434782608696,71.1159420289855,2026-04-01 23:30:00,0.37681159420289856,0.6231884057971014
mista sylwester,oskar jadach,22,10,3.8636363636363638,74.36363636363636,2026-01-18 15:45:00,0.45454545454545453,0.5454545454545454
mista sylwester,patryk gamrot,48,13,4.145833333333333,79.9375,2026-01-10 15:45:00,0.2708333333333333,0.7291666666666667
mista sylwester,patryk jedrzejak,68,31,3.75,67.63235294117646,2026-01-18 12:55:00,0.45588235294117646,0.5441176470588236
mista sylwester,pawel gasiorski,39,19,3.7948717948717947,70.66666666666667,2026-01-14 20:10:00,0.48717948717948717,0.5128205128205128
mista sylwester,rafal idaczyk,21,4,4.285714285714286,80.9047619047619,2026-01-13 08:10:00,0.19047619047619047,0.8095238095238095
mista sylwester,rafal wojcik,89,29,4.033707865168539,77.73033707865169,2026-01-18 14:30:00,0.3258426966292135,0.6741573033707865
mista sylwester,witold buczynski,68,23,4.044117647058823,76.11764705882354,2026-01-01 16:55:00,0.3382352941176471,0.6617647058823529
nestor wasylkowski,tomasz pisarczyk,59,12,4.220338983050848,80.20338983050847,2026-04-08 14:40:00,0.2033898305084746,0.7966101694915254
oliver vincenec,piotr gumulinski,23,8,4.0,73.95652173913044,2026-04-09 05:35:00,0.34782608695652173,0.6521739130434783
oliver vincenec,piotr przewlocki,21,3,4.238095238095238,80.33333333333333,2026-04-12 14:20:00,0.14285714285714285,0.8571428571428572
oliver vincenec,wojciech pytlas,21,8,3.9523809523809526,74.23809523809524,2026-04-15 18:00:00,0.38095238095238093,0.6190476190476191
oliver vincenec,wojciech urban,24,6,4.0,75.625,2026-04-09 06:45:00,0.25,0.75
ondrej bajger,patrik klos,31,12,3.774193548387097,71.41935483870968,2024-12-30 07:25:00,0.3870967741935484,0.6129032258064516
ondrej bajger,piotr chodorski,22,3,4.2727272727272725,80.77272727272727,2023-09-25 13:55:00,0.13636363636363635,0.8636363636363636
oskar jadach,patryk jedrzejak,36,9,4.0,74.55555555555556,2026-04-05 14:45:00,0.25,0.75
oskar jadach,patryk mecik,20,2,4.25,80.55,2026-02-22 18:05:00,0.1,0.9
oskar jadach,pawel adamus,20,2,4.35,85.9,2026-04-04 14:20:00,0.1,0.9
oskar jadach,piotr gumulinski,176,38,4.215909090909091,79.67613636363636,2026-04-01 01:10:00,0.2159090909090909,0.7840909090909091
oskar jadach,przemyslaw blocho,29,11,3.793103448275862,72.96551724137932,2025-01-04 21:05:00,0.3793103448275862,0.6206896551724138
oskar jadach,rafal idaczyk,35,10,3.942857142857143,74.14285714285714,2026-02-05 13:45:00,0.2857142857142857,0.7142857142857143
oskar jadach,rafal skotniczny,37,10,4.108108108108108,76.70270270270271,2026-04-03 12:45:00,0.2702702702702703,0.7297297297297297
oskar jadach,robert szymik,40,9,4.15,76.425,2026-02-16 01:20:00,0.225,0.775
oskar jadach,roman wiza,25,10,3.84,72.88,2026-02-15 01:20:00,0.4,0.6
oskar jadach,schaniel krzysztof,138,34,4.1231884057971016,78.1086956521739,2026-03-30 00:20:00,0.2463768115942029,0.7536231884057971
oskar jadach,sebastian szostok,63,14,4.142857142857143,79.0,2026-03-15 17:40:00,0.2222222222222222,0.7777777777777778
oskar jadach,tomasz wrzalik,26,5,4.269230769230769,80.8076923076923,2026-04-18 16:40:00,0.19230769230769232,0.8076923076923077
oskar jadach,witold buczynski,42,8,4.190476190476191,78.19047619047619,2026-04-19 05:30:00,0.19047619047619047,0.8095238095238095
oskar jadach,wojciech iwasyszyn,43,11,4.116279069767442,76.34883720930233,2025-04-08 03:35:00,0.2558139534883721,0.7441860465116279
oskar jadach,wojciech kotyl,20,7,3.8,70.45,2025-04-21 00:35:00,0.35,0.65
oskar jadach,wojciech tobiasz,25,8,3.92,76.16,2026-04-03 11:30:00,0.32,0.6799999999999999
patrik klos,petr david,37,9,4.1891891891891895,78.24324324324324,2026-04-15 14:30:00,0.24324324324324326,0.7567567567567568
patrik klos,piotr chodorski,38,19,3.6578947368421053,68.42105263157895,2025-12-17 07:15:00,0.5,0.5
patrik klos,slawomir dosz,37,10,3.918918918918919,73.83783783783784,2025-02-25 14:15:00,0.2702702702702703,0.7297297297297297
patryk gamrot,patryk jedrzejak,33,6,4.181818181818182,80.45454545454545,2026-03-14 14:10:00,0.18181818181818182,0.8181818181818181
patryk gamrot,rafal wojcik,26,7,4.115384615384615,82.8076923076923,2026-02-21 14:30:00,0.2692307692307692,0.7307692307692308
patryk gamrot,witold buczynski,25,4,4.16,80.52,2025-12-20 14:55:00,0.16,0.84
patryk jedrzejak,rafal wojcik,52,19,3.8076923076923075,71.11538461538461,2026-03-29 15:35:00,0.36538461538461536,0.6346153846153846
patryk jedrzejak,roman wiza,32,20,3.46875,63.875,2025-06-21 23:55:00,0.625,0.375
patryk jedrzejak,sebastian szostok,38,18,3.736842105263158,70.78947368421052,2026-03-15 14:10:00,0.47368421052631576,0.5263157894736843
patryk jedrzejak,witold buczynski,39,19,3.717948717948718,66.2051282051282,2026-04-05 13:10:00,0.48717948717948717,0.5128205128205128
patryk jedrzejak,wojciech tobiasz,22,9,3.8636363636363638,71.54545454545455,2026-01-11 14:55:00,0.4090909090909091,0.5909090909090908
patryk jendrzejewski,rutkowski mateusz,73,20,4.054794520547945,75.91780821917808,2026-04-17 00:15:00,0.273972602739726,0.726027397260274
patryk lewandowski,petr david,26,10,4.0,74.23076923076923,2026-04-05 11:10:00,0.38461538461538464,0.6153846153846154
patryk mecik,pawel polanski,70,28,3.8285714285714287,71.9,2025-03-27 06:05:00,0.4,0.6
patryk mecik,piotr gumulinski,23,6,4.043478260869565,78.47826086956522,2026-03-26 08:10:00,0.2608695652173913,0.7391304347826086
patryk mecik,rafal idaczyk,33,10,4.0606060606060606,76.03030303030303,2025-12-14 09:20:00,0.30303030303030304,0.696969696969697
patryk mecik,rafal skotniczny,39,16,3.7948717948717947,71.56410256410257,2026-04-13 13:30:00,0.41025641025641024,0.5897435897435898
patryk mecik,schaniel krzysztof,25,8,3.92,75.56,2026-01-16 16:55:00,0.32,0.6799999999999999
patryk mecik,sebastian szostok,24,7,4.083333333333333,76.5,2026-04-03 08:45:00,0.2916666666666667,0.7083333333333333
patryk mecik,tomasz przebierala,22,8,3.6818181818181817,68.86363636363636,2025-03-14 04:30:00,0.36363636363636365,0.6363636363636364
patryk mecik,tomasz wrzalik,24,6,4.041666666666667,75.0,2026-01-02 17:20:00,0.25,0.75
patryk mecik,waldemar glanowski,92,19,4.173913043478261,79.70652173913044,2025-05-01 04:20:00,0.20652173913043478,0.7934782608695652
patryk mecik,witold buczynski,43,9,4.255813953488372,80.79069767441861,2025-12-31 14:30:00,0.20930232558139536,0.7906976744186046
patryk mecik,wojciech tobiasz,56,9,4.357142857142857,83.76785714285714,2026-04-13 16:40:00,0.16071428571428573,0.8392857142857143
patryk mecik,yurij fomin,51,16,4.019607843137255,77.88235294117646,2026-04-13 15:05:00,0.3137254901960784,0.6862745098039216
patryk mecik,zbigniew nocun,116,41,3.8793103448275863,73.16379310344827,2025-05-01 03:30:00,0.35344827586206895,0.646551724137931
pawel adamus,piotr gumulinski,40,8,4.275,79.65,2026-04-16 08:20:00,0.2,0.8
pawel adamus,roman wiza,26,8,4.076923076923077,78.0,2026-01-18 02:10:00,0.3076923076923077,0.6923076923076923
pawel adamus,schaniel krzysztof,33,5,4.363636363636363,82.54545454545455,2026-03-27 14:30:00,0.15151515151515152,0.8484848484848485
pawel adamus,sebastian szostok,22,5,4.090909090909091,76.5909090909091,2026-04-10 06:00:00,0.22727272727272727,0.7727272727272727
pawel adamus,witold buczynski,21,4,4.0476190476190474,76.04761904761905,2026-03-24 17:40:00,0.19047619047619047,0.8095238095238095
pawel chojnacki,pawel polanski,42,8,4.214285714285714,79.11904761904762,2026-04-15 04:40:00,0.19047619047619047,0.8095238095238095
pawel chojnacki,zbigniew nocun,28,12,3.8214285714285716,70.5,2026-04-17 00:20:00,0.42857142857142855,0.5714285714285714
pawel gasiorski,rafal idaczyk,29,13,3.8620689655172415,73.3103448275862,2025-10-08 04:00:00,0.4482758620689655,0.5517241379310345
pawel gasiorski,schaniel krzysztof,39,11,4.0256410256410255,76.02564102564102,2025-10-15 18:25:00,0.28205128205128205,0.717948717948718
pawel gasiorski,waldemar jozala,39,18,3.7948717948717947,71.07692307692308,2026-04-08 19:10:00,0.46153846153846156,0.5384615384615384
pawel gasiorski,witold buczynski,41,12,4.048780487804878,76.17073170731707,2026-04-19 13:10:00,0.2926829268292683,0.7073170731707317
pawel grela,sebastian baran,72,46,3.5277777777777777,63.111111111111114,2024-05-10 21:45:00,0.6388888888888888,0.36111111111111116
pawel grela,szymon radlo,38,15,3.736842105263158,70.6842105263158,2024-05-05 02:30:00,0.39473684210526316,0.6052631578947368
pawel kurek,wojciech wojtaszczyk,22,5,4.045454545454546,75.04545454545455,2026-04-05 07:35:00,0.22727272727272727,0.7727272727272727
pawel polanski,waldemar glanowski,70,29,3.7714285714285714,69.85714285714286,2026-01-23 23:50:00,0.4142857142857143,0.5857142857142856
pawel polanski,zbigniew nocun,148,49,3.925675675675676,72.72297297297297,2026-04-15 01:30:00,0.3310810810810811,0.6689189189189189
pawel slosarczyk,piotr przewlocki,32,9,3.9375,74.28125,2026-03-29 01:40:00,0.28125,0.71875
pawel slosarczyk,rafal ogon,28,7,4.178571428571429,80.5,2026-04-12 22:25:00,0.25,0.75
petr david,piotr chodorski,100,35,4.01,75.32,2026-03-05 15:50:00,0.35,0.65
petr david,piotr cyrnek,48,10,4.020833333333333,75.8125,2026-03-19 14:40:00,0.20833333333333334,0.7916666666666666
petr david,slawomir dosz,56,18,3.9464285714285716,72.78571428571429,2025-08-16 10:25:00,0.32142857142857145,0.6785714285714286
petr david,szymon kolasa,37,11,4.108108108108108,77.16216216216216,2026-04-10 04:05:00,0.2972972972972973,0.7027027027027026
petr david,tomasz kotowski,43,14,4.023255813953488,74.48837209302326,2024-07-18 07:35:00,0.32558139534883723,0.6744186046511628
piotr chlodnicki,rutkowski mateusz,47,22,3.6808510638297873,69.63829787234043,2026-03-31 18:15:00,0.46808510638297873,0.5319148936170213
piotr chlodnicki,szymon kolasa,25,4,4.28,78.56,2025-08-18 01:10:00,0.16,0.84
piotr chlodnicki,szymon seroka,25,14,3.64,70.52,2025-02-27 19:35:00,0.56,0.43999999999999995
piotr chlodnicki,szymon sporek,48,15,3.875,74.22916666666667,2025-08-31 01:10:00,0.3125,0.6875
piotr chlodnicki,tomasz filbrand,39,9,3.948717948717949,74.82051282051282,2026-03-31 20:40:00,0.23076923076923078,0.7692307692307692
piotr chodorski,piotr cyrnek,33,10,3.9393939393939394,77.42424242424242,2025-10-14 14:50:00,0.30303030303030304,0.696969696969697
piotr chodorski,slawomir dosz,59,30,3.610169491525424,66.54237288135593,2025-08-15 05:05:00,0.5084745762711864,0.4915254237288136
piotr chodorski,szymon kolasa,24,9,3.9583333333333335,75.58333333333333,2026-02-11 11:00:00,0.375,0.625
piotr chodorski,tomasz kotowski,60,17,3.966666666666667,74.2,2024-07-17 14:50:00,0.2833333333333333,0.7166666666666667
piotr cyrnek,slawomir dosz,23,7,3.782608695652174,71.04347826086956,2025-05-05 14:50:00,0.30434782608695654,0.6956521739130435
piotr cyrnek,tomasz kotowski,20,5,4.0,76.25,2024-07-18 06:25:00,0.25,0.75
piotr gumulinski,piotr przewlocki,21,5,4.095238095238095,77.0952380952381,2026-03-26 07:25:00,0.23809523809523808,0.7619047619047619
piotr gumulinski,przemyslaw blocho,40,18,3.8,70.9,2024-12-01 19:20:00,0.45,0.55
piotr gumulinski,rafal idaczyk,37,12,3.945945945945946,74.89189189189189,2026-04-14 04:00:00,0.32432432432432434,0.6756756756756757
piotr gumulinski,rafal skotniczny,32,8,4.125,78.25,2025-08-27 12:45:00,0.25,0.75
piotr gumulinski,robert szymik,39,11,4.128205128205129,77.66666666666667,2026-04-12 00:45:00,0.28205128205128205,0.717948717948718
piotr gumulinski,roman wiza,34,9,4.088235294117647,78.11764705882354,2026-04-12 03:30:00,0.2647058823529412,0.7352941176470589
piotr gumulinski,schaniel krzysztof,226,59,4.115044247787611,78.31858407079646,2026-04-17 01:35:00,0.2610619469026549,0.7389380530973451
piotr gumulinski,sebastian szostok,121,29,4.066115702479339,77.61157024793388,2026-04-10 05:10:00,0.2396694214876033,0.7603305785123967
piotr gumulinski,witold buczynski,28,8,4.25,79.64285714285714,2026-03-21 18:05:00,0.2857142857142857,0.7142857142857143
piotr gumulinski,wojciech iwasyszyn,23,6,4.086956521739131,76.52173913043478,2024-12-11 14:55:00,0.2608695652173913,0.7391304347826086
piotr gumulinski,wojciech tobiasz,29,3,4.344827586206897,85.96551724137932,2025-12-15 15:20:00,0.10344827586206896,0.896551724137931
piotr gumulinski,wojciech urban,66,18,4.196969696969697,80.45454545454545,2026-04-13 05:05:00,0.2727272727272727,0.7272727272727273
piotr maruszak,radoslaw malinowski,24,6,4.208333333333333,80.08333333333333,2025-12-06 08:10:00,0.25,0.75
piotr maruszak,sebastian baran,89,35,3.808988764044944,71.65168539325843,2026-01-24 04:55:00,0.39325842696629215,0.6067415730337078
piotr maruszak,szymon radlo,50,22,3.68,73.1,2026-01-25 01:15:00,0.44,0.56
piotr maruszak,szymon seroka,31,9,4.032258064516129,76.09677419354838,2025-01-25 09:45:00,0.2903225806451613,0.7096774193548387
piotr maruszak,tomasz filbrand,35,15,3.8285714285714287,73.08571428571429,2025-11-09 17:25:00,0.42857142857142855,0.5714285714285714
piotr maruszak,wojciech gluszek,40,15,3.825,71.45,2026-02-07 10:00:00,0.375,0.625
piotr przewlocki,rafal ogon,22,3,4.2727272727272725,80.77272727272727,2025-10-19 19:10:00,0.13636363636363635,0.8636363636363636
piotr przewlocki,robert szymik,23,12,3.782608695652174,71.1304347826087,2026-04-10 23:55:00,0.5217391304347826,0.4782608695652174
piotr przewlocki,roman wiza,43,15,3.883720930232558,72.88372093023256,2026-04-11 02:45:00,0.3488372093023256,0.6511627906976745
piotr przewlocki,sebastian krupa,23,5,4.173913043478261,77.65217391304348,2026-04-02 00:00:00,0.21739130434782608,0.782608695652174
piotr przewlocki,sebastian szostok,26,6,4.153846153846154,78.88461538461539,2026-04-12 11:30:00,0.23076923076923078,0.7692307692307692
piotr staniszewski,piotr strus,33,8,4.151515151515151,78.48484848484848,2026-03-15 04:50:00,0.24242424242424243,0.7575757575757576
piotr staniszewski,tadeusz piotrowski,122,35,3.9672131147540983,74.59016393442623,2026-04-12 11:25:00,0.28688524590163933,0.7131147540983607
piotr staniszewski,wojciech gluszek,25,3,4.24,78.04,2026-04-12 13:30:00,0.12,0.88
piotr staniszewski,wojciech iwasyszyn,32,5,4.3125,82.25,2026-02-27 13:10:00,0.15625,0.84375
piotr strus,przemyslaw korzec,41,19,3.6341463414634148,67.63414634146342,2024-07-23 18:00:00,0.4634146341463415,0.5365853658536586
piotr strus,stanislaw wnek,53,13,4.0754716981132075,76.33962264150944,2026-04-14 20:40:00,0.24528301886792453,0.7547169811320755
piotr strus,tadeusz piotrowski,120,36,4.066666666666666,75.98333333333333,2026-04-19 06:55:00,0.3,0.7
piotr strus,tomasz lojtek,45,15,3.977777777777778,74.6,2025-02-21 21:40:00,0.3333333333333333,0.6666666666666667
piotr strus,waclaw suchecki,27,7,4.185185185185185,76.66666666666667,2026-03-28 08:45:00,0.25925925925925924,0.7407407407407407
piotr strus,wojciech gluszek,30,12,3.8333333333333335,71.36666666666666,2026-03-10 21:40:00,0.4,0.6
piotr strus,wojciech iwasyszyn,25,4,4.28,82.04,2026-04-07 17:30:00,0.16,0.84
piotr strus,wojciech kotyl,23,7,4.043478260869565,77.08695652173913,2026-04-11 07:45:00,0.30434782608695654,0.6956521739130435
piotr sudol,szymon radlo,21,6,3.9523809523809526,75.33333333333333,2023-12-14 21:50:00,0.2857142857142857,0.7142857142857143
piotr sudol,wojciech gluszek,27,12,3.7777777777777777,68.14814814814815,2023-12-11 13:20:00,0.4444444444444444,0.5555555555555556
przemyslaw blocho,rafal idaczyk,20,12,3.55,63.35,2024-12-03 17:40:00,0.6,0.4
przemyslaw blocho,schaniel krzysztof,27,9,3.962962962962963,73.81481481481481,2024-12-01 23:40:00,0.3333333333333333,0.6666666666666667
przemyslaw blocho,sebastian szostok,27,8,3.925925925925926,72.74074074074075,2024-10-21 03:05:00,0.2962962962962963,0.7037037037037037
przemyslaw blocho,szymon radlo,30,11,3.7333333333333334,71.3,2026-02-03 16:25:00,0.36666666666666664,0.6333333333333333
przemyslaw blocho,wojciech gluszek,53,20,3.830188679245283,71.94339622641509,2026-03-09 19:10:00,0.37735849056603776,0.6226415094339622
przemyslaw blocho,wojciech iwasyszyn,43,13,3.9767441860465116,75.37209302325581,2026-03-30 06:40:00,0.3023255813953488,0.6976744186046512
przemyslaw korzec,tomasz lojtek,43,6,4.325581395348837,80.16279069767442,2024-06-28 17:35:00,0.13953488372093023,0.8604651162790697
przemyslaw perzynski,rutkowski mateusz,37,11,3.945945945945946,73.08108108108108,2026-02-05 02:30:00,0.2972972972972973,0.7027027027027026
przemyslaw perzynski,tomasz filbrand,45,7,4.177777777777778,78.86666666666666,2026-01-15 02:05:00,0.15555555555555556,0.8444444444444444
przemyslaw perzynski,wojciech gluszek,25,5,3.96,76.88,2026-02-05 19:55:00,0.2,0.8
radoslaw chrzescian,rutkowski mateusz,24,12,3.75,72.375,2026-04-18 15:05:00,0.5,0.5
radoslaw chrzescian,szymon radlo,26,8,3.8846153846153846,74.53846153846153,2025-09-28 14:45:00,0.3076923076923077,0.6923076923076923
radoslaw chrzescian,szymon seroka,26,10,3.8076923076923075,71.76923076923077,2024-04-19 10:25:00,0.38461538461538464,0.6153846153846154
radoslaw chrzescian,tomasz filbrand,36,10,4.111111111111111,77.55555555555556,2025-11-28 01:15:00,0.2777777777777778,0.7222222222222222
radoslaw malinowski,sebastian baran,44,16,3.9318181818181817,73.0,2026-04-04 12:45:00,0.36363636363636365,0.6363636363636364
radoslaw malinowski,szymon radlo,40,15,3.9,74.8,2026-01-17 15:25:00,0.375,0.625
radoslaw malinowski,tomasz filbrand,29,10,3.9310344827586206,75.55172413793103,2025-11-09 02:10:00,0.3448275862068966,0.6551724137931034
radoslaw malinowski,wojciech gluszek,25,6,4.16,75.28,2026-02-07 18:00:00,0.24,0.76
rafal adach,robert szymik,38,16,3.8157894736842106,67.3157894736842,2026-04-11 00:45:00,0.42105263157894735,0.5789473684210527
rafal adach,roman wiza,48,20,4.0,75.0625,2026-04-11 03:30:00,0.4166666666666667,0.5833333333333333
rafal gajda,rafal skotniczny,22,6,4.045454545454546,75.77272727272727,2026-04-16 12:20:00,0.2727272727272727,0.7272727272727273
rafal gajda,sebastian juzek,25,6,4.04,77.72,2026-04-15 11:55:00,0.24,0.76
rafal idaczyk,rafal skotniczny,51,22,3.843137254901961,70.80392156862744,2026-04-17 15:05:00,0.43137254901960786,0.5686274509803921
rafal idaczyk,schaniel krzysztof,57,16,4.035087719298246,76.40350877192982,2026-04-17 12:45:00,0.2807017543859649,0.7192982456140351
rafal idaczyk,sebastian szostok,42,8,4.166666666666667,78.45238095238095,2026-04-11 12:20:00,0.19047619047619047,0.8095238095238095
rafal idaczyk,waldemar jozala,32,16,3.6875,67.625,2026-04-17 10:20:00,0.5,0.5
rafal idaczyk,witold buczynski,37,14,3.8378378378378377,72.78378378378379,2026-02-27 12:55:00,0.3783783783783784,0.6216216216216216
rafal idaczyk,wojciech tobiasz,33,11,3.9696969696969697,73.24242424242425,2026-04-17 13:55:00,0.3333333333333333,0.6666666666666667
rafal idaczyk,yurij fomin,23,4,4.217391304347826,80.0,2026-01-19 14:10:00,0.17391304347826086,0.8260869565217391
rafal skotniczny,schaniel krzysztof,79,23,4.012658227848101,76.55696202531645,2026-04-17 14:20:00,0.2911392405063291,0.7088607594936709
rafal skotniczny,sebastian juzek,23,9,3.869565217391304,75.52173913043478,2026-04-08 15:05:00,0.391304347826087,0.6086956521739131
rafal skotniczny,sebastian szostok,27,8,4.037037037037037,75.07407407407408,2026-03-31 13:55:00,0.2962962962962963,0.7037037037037037
rafal skotniczny,waldemar jozala,30,15,3.7,67.4,2026-04-17 06:20:00,0.5,0.5
rafal skotniczny,witold buczynski,75,26,3.92,73.90666666666667,2026-04-16 13:30:00,0.3466666666666667,0.6533333333333333
rafal skotniczny,wojciech iwasyszyn,28,7,4.178571428571429,75.53571428571429,2024-12-11 13:00:00,0.25,0.75
rafal skotniczny,wojciech tobiasz,55,17,3.963636363636364,73.92727272727272,2026-04-17 16:40:00,0.3090909090909091,0.6909090909090909
rafal skotniczny,yurij fomin,60,22,3.9,73.88333333333334,2026-04-13 11:55:00,0.36666666666666664,0.6333333333333333
rafal wojcik,schaniel krzysztof,21,7,3.9523809523809526,76.28571428571429,2025-05-02 11:30:00,0.3333333333333333,0.6666666666666667
rafal wojcik,witold buczynski,52,17,4.038461538461538,76.25,2026-03-28 18:05:00,0.3269230769230769,0.6730769230769231
robert kostepski,schaniel krzysztof,21,7,3.857142857142857,72.33333333333333,2026-04-14 03:30:00,0.3333333333333333,0.6666666666666667
robert kostepski,wojciech urban,23,5,4.304347826086956,83.65217391304348,2026-04-14 05:05:00,0.21739130434782608,0.782608695652174
robert szymik,roman wiza,141,58,3.801418439716312,69.08510638297872,2026-04-19 04:20:00,0.41134751773049644,0.5886524822695036
robert szymik,schaniel krzysztof,32,7,4.28125,80.5,2025-11-11 05:20:00,0.21875,0.78125
robert szymik,sebastian szostok,23,4,4.260869565217392,81.08695652173913,2026-02-19 08:10:00,0.17391304347826086,0.8260869565217391
robert szymik,tomasz wrzalik,20,5,3.9,71.25,2026-03-07 01:20:00,0.25,0.75
roman wiza,schaniel krzysztof,30,15,3.7666666666666666,70.03333333333333,2026-03-29 01:00:00,0.5,0.5
roman wiza,sebastian szostok,73,25,3.8767123287671232,74.6027397260274,2026-01-04 02:10:00,0.3424657534246575,0.6575342465753424
roman wiza,tomasz wrzalik,24,7,4.125,77.79166666666667,2026-03-07 04:05:00,0.2916666666666667,0.7083333333333333
rutkowski mateusz,szymon radlo,60,16,3.8833333333333333,75.66666666666667,2024-03-20 05:00:00,0.26666666666666666,0.7333333333333334
rutkowski mateusz,szymon seroka,62,29,3.7419354838709675,68.48387096774194,2024-03-18 00:35:00,0.46774193548387094,0.532258064516129
rutkowski mateusz,tomasz filbrand,91,27,3.989010989010989,74.37362637362638,2026-04-07 23:25:00,0.2967032967032967,0.7032967032967032
schaniel krzysztof,sebastian szostok,73,13,4.219178082191781,80.4931506849315,2026-04-07 00:20:00,0.1780821917808219,0.821917808219178
schaniel krzysztof,tomasz wrzalik,41,12,3.975609756097561,75.07317073170732,2026-02-24 23:00:00,0.2926829268292683,0.7073170731707317
schaniel krzysztof,waldemar jozala,40,14,3.95,74.0,2026-03-27 15:20:00,0.35,0.65
schaniel krzysztof,witold buczynski,91,31,3.989010989010989,76.61538461538461,2026-03-26 16:55:00,0.34065934065934067,0.6593406593406593
schaniel krzysztof,wojciech iwasyszyn,30,9,3.966666666666667,75.66666666666667,2024-11-27 13:45:00,0.3,0.7
schaniel krzysztof,wojciech tobiasz,43,12,4.1395348837209305,76.09302325581395,2026-04-17 11:30:00,0.27906976744186046,0.7209302325581395
schaniel krzysztof,wojciech urban,63,18,4.079365079365079,79.31746031746032,2026-04-14 02:45:00,0.2857142857142857,0.7142857142857143
schaniel krzysztof,yurij fomin,28,6,4.321428571428571,81.67857142857143,2025-08-19 16:20:00,0.21428571428571427,0.7857142857142857
sebastian baran,szymon radlo,127,60,3.763779527559055,73.60629921259843,2025-12-27 04:50:00,0.47244094488188976,0.5275590551181102
sebastian baran,szymon seroka,29,14,3.7586206896551726,68.24137931034483,2025-03-09 08:35:00,0.4827586206896552,0.5172413793103448
sebastian baran,szymon twardowski,22,6,3.772727272727273,69.0,2025-08-23 17:50:00,0.2727272727272727,0.7272727272727273
sebastian baran,tadeusz piotrowski,34,8,4.029411764705882,73.70588235294117,2026-01-31 15:40:00,0.23529411764705882,0.7647058823529411
sebastian baran,tomasz filbrand,31,11,3.935483870967742,73.93548387096774,2025-11-08 01:40:00,0.3548387096774194,0.6451612903225806
sebastian baran,wojciech gluszek,30,16,3.6666666666666665,67.13333333333334,2026-04-12 17:50:00,0.5333333333333333,0.4666666666666667
sebastian szostok,witold buczynski,37,11,4.081081081081081,77.51351351351352,2026-03-28 16:55:00,0.2972972972972973,0.7027027027027026
sebastian szostok,wojciech iwasyszyn,22,4,4.181818181818182,78.04545454545455,2025-12-19 03:20:00,0.18181818181818182,0.8181818181818181
sebastian szostok,wojciech tobiasz,21,7,3.9047619047619047,73.80952380952381,2026-03-16 10:05:00,0.3333333333333333,0.6666666666666667
sebastian szostok,wojciech urban,20,7,3.95,72.6,2026-04-07 01:30:00,0.35,0.65
slawomir dosz,szymon kolasa,33,15,3.787878787878788,68.6969696969697,2025-06-03 14:50:00,0.45454545454545453,0.5454545454545454
slawomir dosz,tomasz kotowski,27,12,3.814814814814815,70.14814814814815,2024-07-18 10:00:00,0.4444444444444444,0.5555555555555556
slawomir janus,witold stechly,32,12,3.71875,69.71875,2026-04-13 08:00:00,0.375,0.625
stanislaw wnek,tomasz lojtek,21,9,3.761904761904762,70.52380952380952,2025-08-06 16:25:00,0.42857142857142855,0.5714285714285714
stanislaw wnek,wojciech iwasyszyn,41,8,4.219512195121951,80.95121951219512,2026-04-07 16:00:00,0.1951219512195122,0.8048780487804879
szymon brud,szymon sporek,20,4,4.0,78.05,2025-12-14 20:05:00,0.2,0.8
szymon brud,tomasz filbrand,30,8,3.966666666666667,74.86666666666666,2026-03-24 18:20:00,0.26666666666666666,0.7333333333333334
szymon kolasa,szymon sporek,26,8,3.9615384615384617,76.3076923076923,2026-03-29 14:30:00,0.3076923076923077,0.6923076923076923
szymon radlo,szymon seroka,95,36,3.9789473684210526,75.37894736842105,2025-04-27 17:55:00,0.37894736842105264,0.6210526315789473
szymon radlo,tomasz filbrand,83,18,4.180722891566265,79.93975903614458,2026-01-28 10:50:00,0.21686746987951808,0.7831325301204819
szymon radlo,wojciech gluszek,84,30,3.869047619047619,76.20238095238095,2026-02-03 20:40:00,0.35714285714285715,0.6428571428571428
szymon radlo,wojciech gronowski,31,11,3.838709677419355,74.83870967741936,2026-01-27 08:20:00,0.3548387096774194,0.6451612903225806
szymon seroka,szymon sporek,34,18,3.6470588235294117,68.8529411764706,2025-04-29 18:15:00,0.5294117647058824,0.47058823529411764
szymon seroka,tomasz filbrand,126,45,3.9682539682539684,73.75396825396825,2025-05-04 00:20:00,0.35714285714285715,0.6428571428571428
szymon seroka,wojciech gluszek,41,16,3.902439024390244,72.63414634146342,2025-01-15 10:50:00,0.3902439024390244,0.6097560975609756
szymon skop,tadeusz piotrowski,36,11,4.0,72.69444444444444,2026-03-28 09:10:00,0.3055555555555556,0.6944444444444444
szymon sporek,tomasz filbrand,46,12,4.043478260869565,77.30434782608695,2026-04-18 01:05:00,0.2608695652173913,0.7391304347826086
tadeusz piotrowski,tomasz pisarczyk,31,10,3.935483870967742,71.93548387096774,2026-03-29 10:10:00,0.3225806451612903,0.6774193548387097
tadeusz piotrowski,waclaw suchecki,60,24,3.85,71.13333333333334,2026-03-28 15:40:00,0.4,0.6
tadeusz piotrowski,wojciech gluszek,48,20,3.75,70.6875,2026-04-12 09:25:00,0.4166666666666667,0.5833333333333333
tomasz filbrand,wojciech gluszek,78,24,4.0,75.03846153846153,2026-03-24 20:40:00,0.3076923076923077,0.6923076923076923
tomasz kotowski,vladislav ursu,22,3,4.2272727272727275,78.0,2024-04-09 14:10:00,0.13636363636363635,0.8636363636363636
tomasz lojtek,wojciech iwasyszyn,52,11,4.153846153846154,78.73076923076923,2025-06-20 17:30:00,0.21153846153846154,0.7884615384615384
tomasz lojtek,wojciech kotyl,20,8,3.9,68.95,2025-05-26 16:25:00,0.4,0.6
tomasz lojtek,yurij fomin,33,12,3.9696969696969697,73.87878787878788,2024-09-13 21:35:00,0.36363636363636365,0.6363636363636364
tomasz przebierala,zbigniew nocun,29,11,3.7586206896551726,65.93103448275862,2025-06-13 01:30:00,0.3793103448275862,0.6206896551724138
tomasz wrzalik,wojciech tobiasz,40,8,4.1,76.425,2026-02-20 16:30:00,0.2,0.8
waclaw suchecki,wojciech gluszek,26,8,4.153846153846154,78.65384615384616,2026-02-26 16:50:00,0.3076923076923077,0.6923076923076923
waldemar glanowski,zbigniew nocun,88,32,3.8636363636363638,71.07954545454545,2026-01-11 02:10:00,0.36363636363636365,0.6363636363636364
waldemar jozala,witold buczynski,39,13,3.9743589743589745,73.38461538461539,2025-10-01 17:05:00,0.3333333333333333,0.6666666666666667
witold buczynski,wojciech iwasyszyn,25,9,3.76,66.8,2024-12-30 12:55:00,0.36,0.64
witold buczynski,wojciech tobiasz,44,10,4.113636363636363,77.0909090909091,2026-02-27 16:55:00,0.22727272727272727,0.7727272727272727
witold buczynski,yurij fomin,43,17,3.953488372093023,74.81395348837209,2026-02-23 13:45:00,0.3953488372093023,0.6046511627906976
wojciech gluszek,wojciech gronowski,22,8,3.772727272727273,68.31818181818181,2026-04-17 18:20:00,0.36363636363636365,0.6363636363636364
wojciech gluszek,wojciech iwasyszyn,30,14,3.7333333333333334,69.4,2026-04-17 13:00:00,0.4666666666666667,0.5333333333333333
wojciech iwasyszyn,wojciech kotyl,29,8,3.9655172413793105,72.44827586206897,2025-05-22 02:45:00,0.27586206896551724,0.7241379310344828
wojciech iwasyszyn,yurij fomin,32,17,3.75,69.875,2024-12-16 17:20:00,0.53125,0.46875
wojciech tobiasz,yurij fomin,41,11,4.073170731707317,74.1951219512195,2026-04-13 13:55:00,0.2682926829268293,0.7317073170731707
