player_low,player_high,matches,sweeps,avg_total_sets,avg_ATP,last_match,sweep_rate,non_sweep_rate
adam pavlik,jan simecek jnr,32,5,4.25,80.0625,2026-03-18 21:58:50,0.15625,0.84375
adam pavlik,jiri tichy,33,11,4.03030303030303,74.9090909090909,2026-04-13 17:15:00,0.3333333333333333,0.6666666666666667
adam pavlik,marek cizek,26,7,4.115384615384615,79.84615384615384,2026-03-18 21:00:00,0.2692307692307692,0.7307692307692308
adam pavlik,ondrej karpisek,22,3,4.136363636363637,75.22727272727273,2026-04-13 18:15:00,0.13636363636363635,0.8636363636363636
adam pavlik,pavel hala,21,8,3.8095238095238093,69.71428571428571,2026-04-15 14:00:00,0.38095238095238093,0.6190476190476191
adam pavlik,petr provaznik,28,7,4.178571428571429,77.89285714285714,2026-04-15 16:28:41,0.25,0.75
adam pavlik,roman merkl,33,2,4.575757575757576,86.3030303030303,2026-03-01 08:30:00,0.06060606060606061,0.9393939393939394
adam pavlik,tomas hanke,21,1,4.476190476190476,84.42857142857143,2026-04-10 16:33:43,0.047619047619047616,0.9523809523809523
adam pavlik,tomas kanka,23,8,3.9565217391304346,74.30434782608695,2026-04-10 15:30:00,0.34782608695652173,0.6521739130434783
adam radkovsky,david sabuka,22,5,4.045454545454546,75.95454545454545,2026-04-03 17:15:00,0.22727272727272727,0.7727272727272727
adam radkovsky,tomas hanke,23,8,4.0,72.95652173913044,2025-10-12 13:15:00,0.34782608695652173,0.6521739130434783
alan sys,martin vorel,34,6,4.117647058823529,78.6470588235294,2025-07-29 07:30:00,0.17647058823529413,0.8235294117647058
alan sys,oleh plyska,20,7,4.0,75.15,2025-07-29 06:30:00,0.35,0.65
aleksey krutko,alexander tuzhylin,74,58,3.2162162162162162,54.87837837837838,2024-07-28 04:25:00,0.7837837837837838,0.21621621621621623
aleksey krutko,dmytro rehotun,129,43,3.9612403100775193,74.55038759689923,2025-12-17 18:25:00,0.3333333333333333,0.6666666666666667
aleksey krutko,eduard rubtsov,37,23,3.5405405405405403,63.945945945945944,2025-01-17 04:25:00,0.6216216216216216,0.3783783783783784
aleksey krutko,evgeniy pismenniy,78,32,3.8846153846153846,75.3076923076923,2024-07-28 00:25:00,0.41025641025641024,0.5897435897435898
aleksey krutko,kostiantyn hrynenko,37,21,3.675675675675676,67.0,2025-12-19 22:55:00,0.5675675675675675,0.43243243243243246
aleksey krutko,oleksandr naida,102,24,4.117647058823529,76.49019607843137,2025-12-20 17:55:00,0.23529411764705882,0.7647058823529411
aleksey krutko,oleksandr v kovalchuk,33,14,3.757575757575758,69.36363636363636,2025-01-17 01:25:00,0.42424242424242425,0.5757575757575757
aleksey krutko,oleksii shyndel,75,23,4.04,74.89333333333333,2025-12-20 19:55:00,0.30666666666666664,0.6933333333333334
aleksey krutko,roman cherevko,80,25,3.95,75.4375,2024-07-27 22:25:00,0.3125,0.6875
aleksey krutko,roman gnoevoy,95,24,4.0,74.52631578947368,2025-12-20 21:25:00,0.25263157894736843,0.7473684210526316
aleksey krutko,spartak abalmaz,52,11,4.173076923076923,79.07692307692308,2025-11-15 19:05:00,0.21153846153846154,0.7884615384615384
aleksey krutko,valeriy melnik,82,34,3.6951219512195124,69.2439024390244,2024-07-28 02:25:00,0.4146341463414634,0.5853658536585367
aleksey krutko,vitalii khamurda,103,52,3.6990291262135924,68.41747572815534,2025-12-20 14:55:00,0.5048543689320388,0.49514563106796117
aleksey krutko,yevhen masko,78,25,3.8974358974358974,75.87179487179488,2024-07-27 23:25:00,0.32051282051282054,0.6794871794871795
ales brandtl,david sabuka,24,8,3.6666666666666665,70.20833333333333,2024-10-25 10:45:00,0.3333333333333333,0.6666666666666667
ales brandtl,ondrej karpisek,20,5,4.2,76.8,2024-09-29 17:30:00,0.25,0.75
alexander govorunets,andrii derevianko,46,10,4.239130434782608,78.80434782608695,2025-04-29 19:50:00,0.21739130434782608,0.782608695652174
alexander govorunets,artem yurkov,57,6,4.315789473684211,83.28070175438596,2025-04-29 15:50:00,0.10526315789473684,0.8947368421052632
alexander govorunets,dmytro neborak,27,11,3.925925925925926,74.22222222222223,2025-03-04 19:20:00,0.4074074074074074,0.5925925925925926
alexander govorunets,maksym mrykh,47,6,4.23404255319149,82.51063829787235,2025-04-29 16:50:00,0.1276595744680851,0.8723404255319149
alexander govorunets,oleh napirko,68,17,3.9558823529411766,73.0,2025-05-04 06:35:00,0.25,0.75
alexander govorunets,oleksandr ivchuk,36,14,3.9166666666666665,73.05555555555556,2025-04-15 19:50:00,0.3888888888888889,0.6111111111111112
alexander govorunets,oleksandr seliuchenko,26,7,4.230769230769231,80.11538461538461,2025-01-10 12:10:00,0.2692307692307692,0.7307692307692308
alexander govorunets,orest hura,71,16,4.098591549295775,76.95774647887323,2025-05-04 10:05:00,0.22535211267605634,0.7746478873239436
alexander govorunets,roman konkulovskyi,27,5,4.111111111111111,76.37037037037037,2025-03-21 21:00:00,0.18518518518518517,0.8148148148148149
alexander govorunets,serhii berezynskyi,59,19,3.9491525423728815,73.37288135593221,2025-03-23 11:35:00,0.3220338983050847,0.6779661016949152
alexander govorunets,valerii vlasenko,40,6,4.175,80.425,2024-08-28 09:20:00,0.15,0.85
alexander govorunets,viktor slozka,26,11,3.769230769230769,69.76923076923077,2025-03-23 06:05:00,0.4230769230769231,0.5769230769230769
alexander govorunets,vitalii boyko,24,8,3.9166666666666665,72.45833333333333,2025-05-04 04:35:00,0.3333333333333333,0.6666666666666667
alexander govorunets,vitaliy zharskiy,51,18,3.980392156862745,75.54901960784314,2024-05-19 09:35:00,0.35294117647058826,0.6470588235294117
alexander tkachenko,dmytro neborak,44,13,4.136363636363637,77.36363636363636,2026-04-18 07:30:00,0.29545454545454547,0.7045454545454546
alexander tkachenko,ivan arkhipov,44,14,4.0227272727272725,75.06818181818181,2026-04-18 09:58:32,0.3181818181818182,0.6818181818181819
alexander tkachenko,oleksandr bondarchuk,26,10,3.8846153846153846,73.76923076923077,2026-04-18 06:00:00,0.38461538461538464,0.6153846153846154
alexander tkachenko,oleksandr shkurupii,27,8,4.074074074074074,80.85185185185185,2026-04-10 11:05:00,0.2962962962962963,0.7037037037037037
alexander tkachenko,roman zholubak,32,8,4.03125,75.15625,2026-04-04 12:50:00,0.25,0.75
alexander tuzhylin,evgeniy pismenniy,274,125,3.72992700729927,69.45620437956204,2026-04-12 18:55:00,0.4562043795620438,0.5437956204379562
alexander tuzhylin,roman cherevko,296,108,3.891891891891892,72.89864864864865,2026-04-12 20:25:00,0.36486486486486486,0.6351351351351351
alexander tuzhylin,roman reznychenko,215,132,3.488372093023256,61.96279069767442,2026-04-12 14:55:00,0.6139534883720931,0.38604651162790693
alexander tuzhylin,valeriy melnik,290,95,3.975862068965517,74.84137931034483,2026-04-11 18:25:00,0.3275862068965517,0.6724137931034483
alexander tuzhylin,yevhen masko,285,110,3.754385964912281,69.85263157894737,2026-04-11 20:25:00,0.38596491228070173,0.6140350877192983
anatolii dulich,denys maltsev,55,11,4.2,78.49090909090908,2026-01-28 05:55:00,0.2,0.8
anatolii dulich,gil taras,21,8,3.9523809523809526,76.47619047619048,2026-01-18 07:55:00,0.38095238095238093,0.6190476190476191
anatolii dulich,maksym khomenko,32,8,4.0,72.53125,2025-10-04 14:25:00,0.25,0.75
anatolii dulich,oleh savenkov,47,14,3.8297872340425534,69.51063829787235,2026-02-28 18:55:00,0.2978723404255319,0.7021276595744681
anatolii dulich,serhii kryvoshyi,37,13,4.054054054054054,73.97297297297297,2026-03-05 13:55:00,0.35135135135135137,0.6486486486486487
anatolii dulich,serhii prus,43,12,3.883720930232558,73.20930232558139,2026-02-07 18:55:00,0.27906976744186046,0.7209302325581395
anatolii dulich,volodymyr ivasiv,40,11,4.075,75.85,2026-03-21 15:25:00,0.275,0.725
anatolii dulich,yurii parahailo,21,7,4.0,71.71428571428571,2025-04-09 10:35:00,0.3333333333333333,0.6666666666666667
anatolii kovalenko,stefan yakimenko,21,8,4.0,74.28571428571429,2026-03-03 10:00:00,0.38095238095238093,0.6190476190476191
anatolii kuzmenko,dmytro tsurkalenko,42,14,3.9285714285714284,74.47619047619048,2026-03-15 06:00:00,0.3333333333333333,0.6666666666666667
anatolii kuzmenko,myhailo levytskii,30,6,4.166666666666667,77.1,2026-03-15 07:30:00,0.2,0.8
anatolii kuzmenko,oleh torianyk,47,17,3.9574468085106385,74.08510638297872,2026-01-31 15:00:00,0.3617021276595745,0.6382978723404256
anatolii kuzmenko,petr kolesnik,24,8,4.083333333333333,77.70833333333333,2025-10-31 06:00:00,0.3333333333333333,0.6666666666666667
anatolii kuzmenko,vadym kononenko,22,8,3.8181818181818183,70.9090909090909,2025-11-22 17:00:00,0.36363636363636365,0.6363636363636364
anatolii nazarov,andrii derevianko,120,27,4.133333333333334,78.825,2026-04-20 20:50:00,0.225,0.775
anatolii nazarov,artem yurkov,39,4,4.3076923076923075,84.02564102564102,2024-11-04 14:40:00,0.10256410256410256,0.8974358974358975
anatolii nazarov,daniil habrelyan,24,11,3.875,69.33333333333333,2025-12-30 08:50:00,0.4583333333333333,0.5416666666666667
anatolii nazarov,ivan efimenko,31,8,4.129032258064516,75.58064516129032,2024-10-26 08:50:00,0.25806451612903225,0.7419354838709677
anatolii nazarov,maksym mrykh,46,9,4.282608695652174,80.8695652173913,2025-03-06 09:00:00,0.1956521739130435,0.8043478260869565
anatolii nazarov,mykhailo sokur,179,39,4.173184357541899,78.62569832402235,2026-04-16 15:20:00,0.21787709497206703,0.782122905027933
anatolii nazarov,oleh kuzyshyn,139,37,4.093525179856115,75.71223021582733,2026-04-10 15:50:00,0.26618705035971224,0.7338129496402878
anatolii nazarov,oleksandr kolbasenko,23,4,4.086956521739131,74.95652173913044,2024-12-24 09:30:00,0.17391304347826086,0.8260869565217391
anatolii nazarov,oleksandr seliuchenko,20,2,4.3,83.4,2026-04-20 18:50:00,0.1,0.9
anatolii nazarov,oleksandr strutinskiy,120,46,3.825,71.375,2026-04-20 17:20:00,0.38333333333333336,0.6166666666666667
anatolii nazarov,oleksandr zhyrnov,49,15,3.979591836734694,74.0204081632653,2026-04-16 20:50:00,0.30612244897959184,0.6938775510204082
anatolii nazarov,oleksii nadporozhskyi,24,6,4.083333333333333,79.83333333333333,2025-12-31 14:05:00,0.25,0.75
anatolii nazarov,vadym ishchuk,134,45,3.9328358208955225,75.26865671641791,2026-04-13 20:50:00,0.3358208955223881,0.664179104477612
anatolii nazarov,valerii merzlikin,237,81,3.9831223628691985,74.65400843881856,2026-04-16 18:50:00,0.34177215189873417,0.6582278481012658
anatolii nazarov,viktor evtodiy,37,13,4.0,73.8108108108108,2025-02-25 07:20:00,0.35135135135135137,0.6486486486486487
anatolii nazarov,volodymyr savoliuk,90,17,4.211111111111111,77.74444444444444,2026-04-20 15:20:00,0.18888888888888888,0.8111111111111111
anatolii nazarov,yehor riadynskyi,79,25,3.949367088607595,74.77215189873418,2026-04-20 19:50:00,0.31645569620253167,0.6835443037974683
anatolii nazarov,yevhen skorobahatyi,39,19,3.769230769230769,71.87179487179488,2026-04-10 19:20:00,0.48717948717948717,0.5128205128205128
anatolii nikolenko,bohdan plakhtyi,109,34,4.018348623853211,74.3211009174312,2026-03-05 06:25:00,0.3119266055045872,0.6880733944954128
anatolii nikolenko,bohdan pyrtyk,101,27,4.0594059405940595,75.05940594059406,2026-04-15 07:55:00,0.26732673267326734,0.7326732673267327
anatolii nikolenko,ivan krivoy,85,25,3.9647058823529413,73.18823529411765,2026-04-20 07:55:00,0.29411764705882354,0.7058823529411764
anatolii nikolenko,mykhailo hlaholev,35,10,4.142857142857143,75.68571428571428,2025-07-16 04:55:00,0.2857142857142857,0.7142857142857143
anatolii nikolenko,mykola kulynych,112,38,3.892857142857143,71.25,2025-12-30 08:25:00,0.3392857142857143,0.6607142857142857
anatolii nikolenko,mykolay treschetka,83,22,4.096385542168675,75.67469879518072,2026-04-20 04:55:00,0.26506024096385544,0.7349397590361446
anatolii nikolenko,oleg gil,92,28,3.9456521739130435,73.72826086956522,2025-09-30 04:55:00,0.30434782608695654,0.6956521739130435
anatolii nikolenko,oleh maksymkiv,30,9,3.966666666666667,74.26666666666667,2026-04-15 10:55:00,0.3,0.7
anatolii nikolenko,oleksandr maslovskyi,107,33,3.94392523364486,73.29906542056075,2026-04-20 11:25:00,0.308411214953271,0.691588785046729
anatolii nikolenko,vasil salivonchyk,38,12,4.105263157894737,76.34210526315789,2026-04-20 05:55:00,0.3157894736842105,0.6842105263157895
anatolii nikolenko,viktor kodola,104,25,4.0,74.26923076923077,2026-04-15 08:55:00,0.2403846153846154,0.7596153846153846
anatolii nikolenko,vsevolod kheresko,20,8,4.05,74.2,2026-04-14 17:55:00,0.4,0.6
anatolii nikolenko,yuriy melnyk,26,11,3.769230769230769,71.11538461538461,2026-04-15 05:25:00,0.4230769230769231,0.5769230769230769
anatoliy lysyi,dmytro novik,23,12,3.652173913043478,66.0,2026-02-09 08:30:00,0.5217391304347826,0.4782608695652174
anatoliy lysyi,ihor sorochan,48,15,3.875,72.1875,2026-04-20 05:30:00,0.3125,0.6875
anatoliy lysyi,mykola antikuz,40,5,4.15,79.075,2025-05-04 12:30:00,0.125,0.875
anatoliy lysyi,oleg shvydkyi,23,5,5.0,116.08695652173913,2026-03-23 09:30:00,0.21739130434782608,0.782608695652174
anatoliy lysyi,oleksandr badanin,32,10,4.09375,76.59375,2026-04-10 10:34:17,0.3125,0.6875
anatoliy lysyi,oleksandr levytskyi,22,7,3.8636363636363638,70.86363636363636,2026-04-18 16:58:51,0.3181818181818182,0.6818181818181819
anatoliy lysyi,serhii honcharenko,45,13,4.0,75.06666666666666,2026-04-20 10:33:39,0.28888888888888886,0.7111111111111111
anatoliy lysyi,vasyl matviichuk,64,15,4.015625,74.328125,2026-04-17 12:00:00,0.234375,0.765625
anatoliy lysyi,viacheslav simchuk,27,12,3.7037037037037037,69.22222222222223,2026-04-19 05:28:55,0.4444444444444444,0.5555555555555556
anatoliy lysyi,viktor hyriavyi,57,17,4.052631578947368,73.82456140350877,2026-03-27 09:30:00,0.2982456140350877,0.7017543859649122
anatoliy lysyi,volodymyr khyzhnyak,22,8,3.727272727272727,69.04545454545455,2026-04-10 06:30:00,0.36363636363636365,0.6363636363636364
anatoliy lysyi,yurii urezchenko,31,6,4.225806451612903,80.45161290322581,2026-03-24 07:30:00,0.1935483870967742,0.8064516129032258
anatoliy lysyi,yurii zvolynskyi,32,5,4.125,76.84375,2026-04-19 08:30:01,0.15625,0.84375
andrey pereiaslov,andrii lushchyk,22,3,4.318181818181818,81.72727272727273,2026-02-05 18:20:00,0.13636363636363635,0.8636363636363636
andrey pereiaslov,dmytro prylepa,29,9,4.0,75.41379310344827,2026-02-19 13:30:00,0.3103448275862069,0.6896551724137931
andrey pereiaslov,ivan fedoryshyn,39,14,4.0256410256410255,75.43589743589743,2026-03-05 13:30:00,0.358974358974359,0.641025641025641
andrey pereiaslov,maksym baday,28,9,3.9642857142857144,76.17857142857143,2026-02-05 14:30:00,0.32142857142857145,0.6785714285714286
andrey pereiaslov,maksym hubenko,27,14,3.740740740740741,71.37037037037037,2026-02-19 15:30:00,0.5185185185185185,0.4814814814814815
andrey pereiaslov,roman tveritinov,20,7,3.85,71.85,2026-01-29 14:30:00,0.35,0.65
andrey pereiaslov,serhii chuhai,51,13,4.235294117647059,80.23529411764706,2026-02-05 15:30:00,0.2549019607843137,0.7450980392156863
andrey troyan,andrii martyniuk,68,20,4.029411764705882,75.25,2026-04-16 13:10:00,0.29411764705882354,0.7058823529411764
andrey troyan,dmytro khairov,134,54,3.8059701492537314,69.90298507462687,2026-04-08 05:30:00,0.40298507462686567,0.5970149253731343
andrey troyan,dmytro prokopenko,20,9,3.85,71.35,2024-06-13 11:20:00,0.45,0.55
andrey troyan,ihor vasylyshyn,53,17,4.0754716981132075,75.24528301886792,2025-08-23 08:50:00,0.32075471698113206,0.679245283018868
andrey troyan,maksym tiutiunnyk,29,7,4.068965517241379,77.17241379310344,2026-03-20 10:05:00,0.2413793103448276,0.7586206896551724
andrey troyan,oleg varlamov,21,10,3.6666666666666665,67.33333333333333,2026-02-26 06:00:00,0.47619047619047616,0.5238095238095238
andrey troyan,oleh karpenko,67,18,4.074626865671642,75.67164179104478,2026-04-15 11:00:00,0.26865671641791045,0.7313432835820896
andrey troyan,oleh volynets,147,51,3.9591836734693877,72.98639455782313,2026-04-12 11:35:00,0.3469387755102041,0.653061224489796
andrey troyan,oleksandr chemodurov,50,11,4.16,75.82,2026-04-16 11:40:00,0.22,0.78
andrey troyan,oleksandr mytsyk,85,21,4.070588235294117,74.68235294117648,2025-11-21 17:50:00,0.24705882352941178,0.7529411764705882
andrey troyan,oleksandr shyshman,32,6,4.125,76.6875,2026-03-31 05:30:00,0.1875,0.8125
andrey troyan,oleksandr tymofeev,98,30,4.0,74.75510204081633,2026-04-05 07:35:00,0.30612244897959184,0.6938775510204082
andrey troyan,ruslan solomko,22,12,3.5454545454545454,65.45454545454545,2026-04-13 10:05:00,0.5454545454545454,0.4545454545454546
andrey troyan,serhii kyienko,21,9,3.9047619047619047,73.0952380952381,2026-04-11 06:05:00,0.42857142857142855,0.5714285714285714
andrey troyan,stepan grygorenko,76,38,3.6447368421052633,66.69736842105263,2025-11-22 08:50:00,0.5,0.5
andrey troyan,valerii kolesnykov,31,11,3.903225806451613,71.38709677419355,2026-03-17 06:00:00,0.3548387096774194,0.6451612903225806
andrey troyan,vasily kondratenko,73,20,4.095890410958904,77.34246575342466,2025-02-09 12:05:00,0.273972602739726,0.726027397260274
andrey troyan,yaroslav kovshun,199,61,3.9899497487437188,74.321608040201,2026-04-15 08:30:00,0.3065326633165829,0.6934673366834171
andrey troyan,yurii volkov,301,102,3.9667774086378738,73.31229235880399,2026-04-16 15:10:00,0.3388704318936877,0.6611295681063123
andrey troyan,zdrobylko bohdan,106,28,4.1415094339622645,76.95283018867924,2026-02-04 08:05:00,0.2641509433962264,0.7358490566037736
andrii baklykov,bohdan kohut,24,7,3.8333333333333335,73.20833333333333,2024-01-31 11:05:00,0.2916666666666667,0.7083333333333333
andrii baklykov,denys pesternikov,28,8,4.0,75.78571428571429,2024-03-13 12:05:00,0.2857142857142857,0.7142857142857143
andrii baklykov,ivan kozachuk,28,6,4.071428571428571,75.64285714285714,2024-03-30 08:35:00,0.21428571428571427,0.7857142857142857
andrii baklykov,mykhailo kistechko,29,8,3.8620689655172415,75.13793103448276,2024-03-13 05:35:00,0.27586206896551724,0.7241379310344828
andrii baklykov,roman zholubak,28,16,3.642857142857143,66.42857142857143,2024-03-13 11:05:00,0.5714285714285714,0.4285714285714286
andrii baklykov,serhii rak,30,5,4.133333333333334,79.23333333333333,2024-03-30 10:53:51,0.16666666666666666,0.8333333333333334
andrii baklykov,volodymyr plishylo,20,7,3.9,71.3,2024-03-30 09:35:00,0.35,0.65
andrii datsenko,anton tur,269,67,4.074349442379182,76.12267657992565,2025-07-22 15:30:00,0.24907063197026022,0.7509293680297398
andrii datsenko,dmytro neborak,109,31,4.0,75.5137614678899,2025-11-11 17:30:00,0.28440366972477066,0.7155963302752293
andrii datsenko,ivan arkhipov,38,14,3.8684210526315788,72.76315789473684,2025-10-31 11:05:00,0.3684210526315789,0.631578947368421
andrii datsenko,ivan fedoryshyn,56,29,3.6785714285714284,65.71428571428571,2025-03-25 13:30:00,0.5178571428571429,0.4821428571428571
andrii datsenko,maksym baday,83,34,3.819277108433735,69.39759036144578,2025-03-25 16:00:00,0.40963855421686746,0.5903614457831325
andrii datsenko,oleg pavlyuk,55,17,4.036363636363636,76.23636363636363,2025-09-12 07:00:00,0.3090909090909091,0.6909090909090909
andrii datsenko,oleksandr bielskyi,44,14,4.0227272727272725,74.02272727272727,2025-04-03 11:10:00,0.3181818181818182,0.6818181818181819
andrii datsenko,oleksandr bondarchuk,125,36,4.048,75.936,2025-10-31 08:35:00,0.288,0.712
andrii datsenko,oleksandr shkurupii,137,30,4.160583941605839,79.56934306569343,2025-11-11 18:30:00,0.21897810218978103,0.781021897810219
andrii datsenko,oleksandr zhurba,396,149,3.8636363636363638,71.92676767676768,2025-11-11 16:30:00,0.37626262626262624,0.6237373737373737
andrii datsenko,roman cherevko,40,16,3.975,75.825,2025-02-14 08:50:00,0.4,0.6
andrii datsenko,roman zholubak,102,42,3.8529411764705883,71.61764705882354,2025-10-17 17:50:00,0.4117647058823529,0.5882352941176471
andrii datsenko,yevhen masko,40,8,4.25,80.35,2025-07-25 11:50:00,0.2,0.8
andrii datsenko,yevhenii honchar,181,51,4.005524861878453,73.65745856353591,2025-01-03 10:50:00,0.281767955801105,0.718232044198895
andrii dekhtiarenko,dmytro patalakha,75,20,4.1066666666666665,77.86666666666666,2026-03-22 12:50:00,0.26666666666666666,0.7333333333333334
andrii dekhtiarenko,eduard populovskyi,116,37,3.9741379310344827,74.39655172413794,2026-02-15 11:20:00,0.31896551724137934,0.6810344827586207
andrii dekhtiarenko,ihor emets,21,5,4.0476190476190474,75.66666666666667,2025-05-02 04:30:00,0.23809523809523808,0.7619047619047619
andrii dekhtiarenko,ihor vasylyshyn,29,8,3.9655172413793105,75.96551724137932,2025-12-21 12:50:00,0.27586206896551724,0.7241379310344828
andrii dekhtiarenko,oleksandr mytsyk,32,10,4.0625,76.625,2026-03-22 06:50:00,0.3125,0.6875
andrii dekhtiarenko,oleksandr shyshman,32,2,4.5,85.15625,2025-08-10 08:50:00,0.0625,0.9375
andrii dekhtiarenko,oleksandr tymofeev,38,13,3.9210526315789473,73.55263157894737,2026-03-22 09:50:00,0.34210526315789475,0.6578947368421053
andrii dekhtiarenko,sergii skhabitskiy,23,9,3.869565217391304,74.43478260869566,2026-03-22 08:20:00,0.391304347826087,0.6086956521739131
andrii dekhtiarenko,serhii hovorunets,37,13,3.864864864864865,71.75675675675676,2024-12-22 07:20:00,0.35135135135135137,0.6486486486486487
andrii dekhtiarenko,vasiliy smyk,59,18,4.084745762711864,76.52542372881356,2026-03-22 11:20:00,0.3050847457627119,0.6949152542372881
andrii dekhtiarenko,vasily kondratenko,36,13,3.9444444444444446,74.75,2025-12-28 11:50:00,0.3611111111111111,0.6388888888888888
andrii dekhtiarenko,volodymyr melnykov,40,14,3.925,74.4,2026-01-31 21:50:00,0.35,0.65
andrii derevianko,artem yurkov,218,55,4.073394495412844,77.62385321100918,2025-12-12 12:40:00,0.25229357798165136,0.7477064220183487
andrii derevianko,dmytro neborak,43,17,3.8372093023255816,72.4186046511628,2025-10-07 21:50:00,0.3953488372093023,0.6046511627906976
andrii derevianko,ivan demianchuk,25,4,4.16,78.48,2026-03-05 19:50:00,0.16,0.84
andrii derevianko,ivan efimenko,28,9,4.107142857142857,76.17857142857143,2024-10-26 07:20:00,0.32142857142857145,0.6785714285714286
andrii derevianko,maksym mrykh,190,62,3.9263157894736844,73.3578947368421,2025-12-08 13:10:00,0.3263157894736842,0.6736842105263158
andrii derevianko,mykhailo sokur,68,13,4.25,79.72058823529412,2026-04-17 05:50:00,0.19117647058823528,0.8088235294117647
andrii derevianko,oleh kuzyshyn,52,13,4.076923076923077,75.5576923076923,2026-04-11 05:50:00,0.25,0.75
andrii derevianko,oleksandr borysiuk,31,6,4.258064516129032,78.45161290322581,2025-06-04 09:20:00,0.1935483870967742,0.8064516129032258
andrii derevianko,oleksandr ivchuk,97,21,4.092783505154639,78.20618556701031,2025-12-10 08:50:00,0.21649484536082475,0.7835051546391752
andrii derevianko,oleksandr kolbasenko,66,17,4.015151515151516,75.45454545454545,2025-12-01 16:10:00,0.25757575757575757,0.7424242424242424
andrii derevianko,oleksandr seliuchenko,50,11,4.08,77.38,2026-04-20 14:50:00,0.22,0.78
andrii derevianko,oleksandr strutinskiy,61,20,4.0,74.27868852459017,2026-04-20 19:20:00,0.32786885245901637,0.6721311475409837
andrii derevianko,oleksandr zhyrnov,48,18,3.9166666666666665,74.64583333333333,2026-04-16 19:20:00,0.375,0.625
andrii derevianko,oleksii nadporozhskyi,83,22,4.120481927710843,77.03614457831326,2026-04-09 17:10:00,0.26506024096385544,0.7349397590361446
andrii derevianko,pavlo babenko,75,20,4.1066666666666665,76.89333333333333,2025-12-10 09:50:00,0.26666666666666666,0.7333333333333334
andrii derevianko,vadym ishchuk,50,12,4.12,78.0,2026-04-14 11:50:00,0.24,0.76
andrii derevianko,valerii merzlikin,92,21,4.173913043478261,77.67391304347827,2026-04-17 11:20:00,0.22826086956521738,0.7717391304347826
andrii derevianko,vitalii s marushchak,37,7,3.972972972972973,72.70270270270271,2025-12-12 13:40:00,0.1891891891891892,0.8108108108108107
andrii derevianko,vladimir voronenko,108,38,3.9166666666666665,73.54629629629629,2025-12-12 16:10:00,0.35185185185185186,0.6481481481481481
andrii derevianko,vladyslav mishchenko,39,13,4.0,73.66666666666667,2025-12-12 15:10:00,0.3333333333333333,0.6666666666666667
andrii derevianko,volodymyr bilobrov,24,4,4.166666666666667,76.79166666666667,2024-05-12 12:10:00,0.16666666666666666,0.8333333333333334
andrii derevianko,yehor riadynskyi,47,16,3.851063829787234,72.02127659574468,2026-04-20 17:50:00,0.3404255319148936,0.6595744680851063
andrii derevianko,yevhen skorobahatyi,39,11,4.0,75.46153846153847,2026-04-17 12:20:00,0.28205128205128205,0.717948717948718
andrii derevianko,yuriy leymanovskiy,20,10,3.65,68.5,2025-10-29 12:50:00,0.5,0.5
andrii grebeniuk,anton molochko,141,40,4.0212765957446805,75.18439716312056,2026-01-09 13:50:00,0.28368794326241137,0.7163120567375887
andrii grebeniuk,kiril yurchenko,36,12,4.0,72.94444444444444,2024-09-10 10:05:00,0.3333333333333333,0.6666666666666667
andrii grebeniuk,mykyta zavada,34,13,3.7941176470588234,70.70588235294117,2025-09-11 16:20:00,0.38235294117647056,0.6176470588235294
andrii grebeniuk,nazar danyliuk,129,43,3.945736434108527,71.8062015503876,2026-01-09 08:50:00,0.3333333333333333,0.6666666666666667
andrii grebeniuk,oleksandr zhurba,24,6,4.0,75.29166666666667,2026-04-18 11:23:32,0.25,0.75
andrii grebeniuk,roman zholubak,110,44,3.8,69.14545454545454,2026-04-18 09:50:00,0.4,0.6
andrii grebeniuk,vasily verbyany,68,31,3.764705882352941,67.3970588235294,2025-11-11 09:35:00,0.45588235294117646,0.5441176470588236
andrii grebeniuk,vitalii levshyn,118,38,3.983050847457627,73.34745762711864,2026-04-18 08:20:00,0.3220338983050847,0.6779661016949152
andrii homylko,andrii peretiatko,36,10,4.0,75.66666666666667,2025-09-04 18:55:00,0.2777777777777778,0.7222222222222222
andrii homylko,danylo us,48,13,4.166666666666667,77.75,2026-03-19 04:05:00,0.2708333333333333,0.7291666666666667
andrii homylko,dmitriy kim,59,19,3.9491525423728815,73.1864406779661,2026-03-18 22:35:00,0.3220338983050847,0.6779661016949152
andrii homylko,dmytro mishchenko,84,32,3.869047619047619,71.47619047619048,2025-02-05 16:25:00,0.38095238095238093,0.6190476190476191
andrii homylko,hryhorii kulishov,169,53,4.023668639053255,73.76331360946746,2025-06-24 03:35:00,0.3136094674556213,0.6863905325443787
andrii homylko,mykola polysynskyi,212,54,4.080188679245283,76.19339622641509,2026-03-26 23:25:00,0.25471698113207547,0.7452830188679245
andrii homylko,oleksandr maslov,105,29,4.057142857142857,76.9047619047619,2026-03-27 04:55:00,0.2761904761904762,0.7238095238095238
andrii homylko,oleksandr melashenko,104,31,3.9903846153846154,75.9326923076923,2026-02-17 18:25:00,0.2980769230769231,0.7019230769230769
andrii homylko,oleksii shyndel,111,37,3.90990990990991,73.14414414414415,2025-05-16 02:05:00,0.3333333333333333,0.6666666666666667
andrii homylko,pavlo volkov,41,19,3.731707317073171,66.4390243902439,2024-09-19 14:55:00,0.4634146341463415,0.5365853658536586
andrii homylko,ruslan yaremenko,61,14,4.131147540983607,78.39344262295081,2025-06-19 20:25:00,0.22950819672131148,0.7704918032786885
andrii homylko,serhii chuliukov,99,21,4.090909090909091,76.71717171717172,2025-07-31 00:35:00,0.21212121212121213,0.7878787878787878
andrii homylko,serhii khandetskyi,216,67,3.9305555555555554,73.05555555555556,2026-03-27 00:55:00,0.3101851851851852,0.6898148148148149
andrii homylko,serhii pitsyk,67,25,3.8955223880597014,72.19402985074628,2026-03-02 14:25:00,0.373134328358209,0.6268656716417911
andrii homylko,viktor sharpay,95,37,3.8210526315789473,71.8,2026-02-23 22:35:00,0.3894736842105263,0.6105263157894737
andrii homylko,yaroslav stepanchuk,86,22,4.069767441860465,76.01162790697674,2026-03-27 01:55:00,0.2558139534883721,0.7441860465116279
andrii homylko,yevhenii sokoltsov,69,21,3.9855072463768115,74.1159420289855,2026-03-27 02:55:00,0.30434782608695654,0.6956521739130435
andrii hrytsai,artem yurkov,34,5,4.323529411764706,84.79411764705883,2026-04-20 16:10:00,0.14705882352941177,0.8529411764705882
andrii hrytsai,pavlo babenko,23,6,4.043478260869565,79.04347826086956,2026-04-20 12:40:00,0.2608695652173913,0.7391304347826086
andrii hrytsai,vitalii s marushchak,23,5,4.0,76.0,2026-04-20 17:10:00,0.21739130434782608,0.782608695652174
andrii kotiash,dmytro patalakha,24,9,3.875,72.83333333333333,2026-04-05 05:50:00,0.375,0.625
andrii kotiash,eduard populovskyi,40,9,4.2,80.4,2026-04-19 07:20:00,0.225,0.775
andrii kotiash,oleksandr mytsyk,43,18,3.7674418604651163,67.51162790697674,2026-04-16 09:30:00,0.4186046511627907,0.5813953488372092
andrii kotiash,sergii skhabitskiy,36,11,4.0,74.5,2026-04-16 05:00:00,0.3055555555555556,0.6944444444444444
andrii kotiash,serhii lyzohub,25,8,4.2,77.76,2026-04-07 08:35:00,0.32,0.6799999999999999
andrii kotiash,vasiliy smyk,42,12,4.0,76.5952380952381,2026-04-19 11:50:00,0.2857142857142857,0.7142857142857143
andrii kotiash,vasily kondratenko,22,4,4.318181818181818,81.18181818181819,2026-02-19 08:20:00,0.18181818181818182,0.8181818181818181
andrii kotyk,andrii shamrai,42,10,4.142857142857143,79.52380952380952,2025-09-18 19:57:12,0.23809523809523808,0.7619047619047619
andrii kotyk,andrii zeniuk,101,34,3.9306930693069306,72.0,2025-12-06 07:35:00,0.33663366336633666,0.6633663366336633
andrii kotyk,denys pesternikov,224,62,4.080357142857143,75.44196428571429,2025-12-24 09:00:00,0.2767857142857143,0.7232142857142857
andrii kotyk,dmytro zeniuk,127,36,4.0,75.07874015748031,2025-12-22 14:55:00,0.28346456692913385,0.7165354330708662
andrii kotyk,ivan kozachuk,193,64,3.989637305699482,72.64248704663213,2025-12-22 17:55:00,0.3316062176165803,0.6683937823834196
andrii kotyk,mykhailo kistechko,182,71,3.8351648351648353,70.66483516483517,2025-10-04 10:05:00,0.3901098901098901,0.6098901098901099
andrii kotyk,oleh bandurka,154,49,3.9285714285714284,72.37662337662337,2026-01-04 09:55:00,0.3181818181818182,0.6818181818181819
andrii kotyk,ruslan haiseniuk,24,8,4.0,76.08333333333333,2026-02-08 09:35:00,0.3333333333333333,0.6666666666666667
andrii kotyk,vasily verbyany,21,4,4.190476190476191,78.04761904761905,2025-07-22 05:55:00,0.19047619047619047,0.8095238095238095
andrii kotyk,volodymyr plishylo,76,24,3.9078947368421053,71.21052631578948,2025-12-06 12:35:00,0.3157894736842105,0.6842105263157895
andrii kovrikov,artem chepurnyi,208,62,3.9903846153846154,75.84134615384616,2025-06-28 02:55:00,0.2980769230769231,0.7019230769230769
andrii kovrikov,oleg gavrilyuk,21,9,3.7142857142857144,63.76190476190476,2025-06-28 01:25:00,0.42857142857142855,0.5714285714285714
andrii kovrikov,oleksandr dukhovenko,204,82,3.8627450980392157,71.31372549019608,2025-06-27 23:25:00,0.4019607843137255,0.5980392156862745
andrii kovrikov,oleksandr mishchenko,123,29,4.121951219512195,80.52845528455285,2025-07-03 03:55:00,0.23577235772357724,0.7642276422764227
andrii kovrikov,oleksii hrymovskyi,197,66,4.01015228426396,75.1015228426396,2025-07-02 22:25:00,0.3350253807106599,0.6649746192893401
andrii kovrikov,pavlo babenko,128,30,4.171875,79.4375,2025-01-25 16:25:00,0.234375,0.765625
andrii kovrikov,roman reznychenko,70,25,3.914285714285714,72.87142857142857,2024-12-16 02:55:00,0.35714285714285715,0.6428571428571428
andrii kovrikov,serhii chelpanov,48,24,3.7291666666666665,68.89583333333333,2025-06-02 03:25:00,0.5,0.5
andrii kovrikov,yevhenii kryvorotko,53,19,3.9056603773584904,72.67924528301887,2025-06-21 21:25:00,0.3584905660377358,0.6415094339622642
andrii kurtenko,dmitriy zaporozhets,38,11,4.131578947368421,76.5,2024-07-10 18:50:00,0.2894736842105263,0.7105263157894737
andrii kurtenko,ihor emets,55,13,4.163636363636364,77.94545454545455,2026-04-10 08:20:00,0.23636363636363636,0.7636363636363637
andrii kurtenko,kostiantyn klymenko,87,33,3.8735632183908044,70.39080459770115,2026-04-19 20:20:00,0.3793103448275862,0.6206896551724138
andrii kurtenko,oleksandr leonenko,37,9,3.945945945945946,75.70270270270271,2026-04-20 06:20:00,0.24324324324324326,0.7567567567567568
andrii kurtenko,oleksandr lipeiko,21,6,4.095238095238095,74.23809523809524,2026-04-13 05:30:00,0.2857142857142857,0.7142857142857143
andrii kurtenko,oleksandr osadchyi,78,30,3.782051282051282,69.2948717948718,2026-04-13 09:30:00,0.38461538461538464,0.6153846153846154
andrii kurtenko,oleksandr shyshman,21,9,3.8095238095238093,69.28571428571429,2025-05-15 08:00:00,0.42857142857142855,0.5714285714285714
andrii kurtenko,sergii skhabitskiy,31,8,4.064516129032258,73.54838709677419,2026-04-19 14:50:00,0.25806451612903225,0.7419354838709677
andrii kurtenko,serhii hovorunets,50,20,3.96,74.54,2026-04-16 06:20:00,0.4,0.6
andrii kurtenko,serhii lyzohub,24,8,3.9166666666666665,71.20833333333333,2025-05-18 19:50:00,0.3333333333333333,0.6666666666666667
andrii kurtenko,serhii semenets,56,19,4.053571428571429,74.85714285714286,2026-04-01 20:20:00,0.3392857142857143,0.6607142857142857
andrii kurtenko,serhii solomko,146,53,3.910958904109589,72.28082191780823,2026-04-19 18:50:00,0.363013698630137,0.636986301369863
andrii kurtenko,stefan yakimenko,84,30,3.892857142857143,72.07142857142857,2026-04-20 07:20:00,0.35714285714285715,0.6428571428571428
andrii kurtenko,vasiliy smyk,42,10,4.166666666666667,79.0952380952381,2026-04-07 11:40:00,0.23809523809523808,0.7619047619047619
andrii kurtenko,vasily kondratenko,22,6,4.181818181818182,78.68181818181819,2026-04-05 20:50:00,0.2727272727272727,0.7272727272727273
andrii kurtenko,vitalii mukhin,77,25,4.012987012987013,74.35064935064935,2025-12-11 13:40:00,0.3246753246753247,0.6753246753246753
andrii kurtenko,volodymyr melnykov,69,18,4.101449275362318,75.95652173913044,2025-11-17 09:50:00,0.2608695652173913,0.7391304347826086
andrii lifanov,vitalii husiev,23,10,3.652173913043478,68.69565217391305,2026-04-20 14:05:00,0.43478260869565216,0.5652173913043479
andrii lifanov,vitalii sydorenko,20,5,4.2,79.05,2026-04-16 12:35:00,0.25,0.75
andrii lushchyk,andrii vasylets,111,33,3.990990990990991,74.02702702702703,2026-04-15 16:00:00,0.2972972972972973,0.7027027027027026
andrii lushchyk,anton tur,31,16,3.6451612903225805,68.12903225806451,2025-02-03 17:30:00,0.5161290322580645,0.4838709677419355
andrii lushchyk,artem kasyanov,95,23,4.042105263157895,75.3578947368421,2026-03-13 15:30:00,0.24210526315789474,0.7578947368421053
andrii lushchyk,bogdan panchenko,67,21,4.014925373134329,73.1044776119403,2026-03-04 15:00:00,0.31343283582089554,0.6865671641791045
andrii lushchyk,dmitro kuzmenko,33,9,4.0606060606060606,73.39393939393939,2026-01-01 16:30:00,0.2727272727272727,0.7272727272727273
andrii lushchyk,dmytro prylepa,83,29,3.9397590361445785,72.04819277108433,2026-04-17 14:00:00,0.3493975903614458,0.6506024096385542
andrii lushchyk,evhenii hrytsenko,50,20,3.82,70.46,2025-05-28 12:30:00,0.4,0.6
andrii lushchyk,ivan fedoryshyn,170,64,3.9176470588235293,74.54117647058824,2026-04-17 15:30:00,0.3764705882352941,0.6235294117647059
andrii lushchyk,maksym baday,139,58,3.8129496402877696,71.0,2026-04-15 14:00:00,0.4172661870503597,0.5827338129496402
andrii lushchyk,maksym hubenko,105,24,4.142857142857143,76.58095238095238,2026-04-10 15:00:00,0.22857142857142856,0.7714285714285715
andrii lushchyk,oleh kurylenko,45,11,4.066666666666666,73.93333333333334,2026-02-11 17:30:00,0.24444444444444444,0.7555555555555555
andrii lushchyk,oleksandr lyman,21,12,3.5238095238095237,62.04761904761905,2026-02-01 06:30:00,0.5714285714285714,0.4285714285714286
andrii lushchyk,oleksandr syksa,35,17,3.7714285714285714,71.62857142857143,2026-04-05 05:30:00,0.4857142857142857,0.5142857142857142
andrii lushchyk,oleksandr ziakun,35,10,4.057142857142857,78.17142857142858,2026-02-11 15:00:00,0.2857142857142857,0.7142857142857143
andrii lushchyk,roman tveritinov,59,29,3.6440677966101696,67.76271186440678,2026-04-17 13:00:00,0.4915254237288136,0.5084745762711864
andrii lushchyk,serhii aristarkhov,169,51,3.970414201183432,73.49704142011835,2026-04-05 09:30:00,0.30177514792899407,0.6982248520710059
andrii lushchyk,serhii chuhai,171,29,4.1988304093567255,78.58479532163743,2026-04-17 17:55:14,0.1695906432748538,0.8304093567251463
andrii lushchyk,serhii miroshnychenko,22,11,3.727272727272727,69.54545454545455,2025-11-28 15:00:00,0.5,0.5
andrii lushchyk,volodymyr tatarnykov,79,22,3.962025316455696,73.9873417721519,2026-03-01 08:30:00,0.27848101265822783,0.7215189873417722
andrii martyniuk,dmytro khairov,33,8,4.212121212121212,79.12121212121212,2026-03-19 10:00:00,0.24242424242424243,0.7575757575757576
andrii martyniuk,oleh volynets,23,8,3.9565217391304346,73.73913043478261,2026-04-16 11:10:00,0.34782608695652173,0.6521739130434783
andrii martyniuk,oleksandr mytsyk,39,10,4.051282051282051,75.6923076923077,2026-03-14 17:20:00,0.2564102564102564,0.7435897435897436
andrii martyniuk,sergii skhabitskiy,24,7,3.9583333333333335,72.5,2026-03-08 12:20:00,0.2916666666666667,0.7083333333333333
andrii martyniuk,vasily kondratenko,36,10,4.083333333333333,74.0,2025-12-14 12:20:00,0.2777777777777778,0.7222222222222222
andrii martyniuk,yaroslav kovshun,45,13,3.977777777777778,74.62222222222222,2025-03-25 16:40:00,0.28888888888888886,0.7111111111111111
andrii martyniuk,yurii volkov,70,21,4.1,76.2,2026-04-16 16:40:00,0.3,0.7
andrii melchenko,daniil habrelyan,27,5,4.333333333333333,80.37037037037037,2025-06-15 12:05:00,0.18518518518518517,0.8148148148148149
andrii melchenko,maksym tiutiunnyk,20,11,3.6,66.6,2025-07-05 12:10:00,0.55,0.44999999999999996
andrii melchenko,oleh volynets,22,5,3.909090909090909,72.04545454545455,2026-03-28 06:05:00,0.22727272727272727,0.7727272727272727
andrii melchenko,pavlo lavrynenko,36,5,4.25,79.63888888888889,2025-07-12 11:40:00,0.1388888888888889,0.8611111111111112
andrii melchenko,yaroslav makovka,22,3,4.363636363636363,84.36363636363636,2026-03-28 07:35:00,0.13636363636363635,0.8636363636363636
andrii nakliutskyi,maksim baranov,68,19,4.117647058823529,76.45588235294117,2025-06-19 07:35:00,0.27941176470588236,0.7205882352941176
andrii nakliutskyi,nazarii sydorak,65,24,3.9076923076923076,73.35384615384615,2024-10-03 07:05:00,0.36923076923076925,0.6307692307692307
andrii nakliutskyi,oleh napirko,28,12,3.892857142857143,73.57142857142857,2025-06-18 14:35:00,0.42857142857142855,0.5714285714285714
andrii nakliutskyi,roman konkulovskyi,53,20,3.8679245283018866,70.43396226415095,2025-03-20 09:05:00,0.37735849056603776,0.6226415094339622
andrii nakliutskyi,valerii vlasenko,26,7,4.076923076923077,78.46153846153847,2025-06-05 06:05:00,0.2692307692307692,0.7307692307692308
andrii nakliutskyi,viktor slozka,86,21,4.116279069767442,77.62790697674419,2025-06-19 11:35:00,0.2441860465116279,0.7558139534883721
andrii nakliutskyi,vitaliy zharskiy,23,8,3.869565217391304,70.3913043478261,2025-05-22 05:35:00,0.34782608695652173,0.6521739130434783
andrii nakliutskyi,volodymyr kaidakov,56,19,3.982142857142857,74.41071428571429,2025-04-17 09:35:00,0.3392857142857143,0.6607142857142857
andrii nakliutskyi,volodymyr kuzmych,29,7,4.172413793103448,77.41379310344827,2024-10-03 08:35:00,0.2413793103448276,0.7586206896551724
andrii obishchenko,daniil habrelyan,20,6,4.05,72.65,2025-12-07 10:30:00,0.3,0.7
andrii obishchenko,oleh volynets,24,6,4.083333333333333,75.70833333333333,2026-01-29 07:00:00,0.25,0.75
andrii peretiatko,anton yakovenko,64,27,3.796875,70.546875,2026-04-15 17:25:00,0.421875,0.578125
andrii peretiatko,danylo us,31,11,3.967741935483871,74.64516129032258,2026-04-10 01:35:00,0.3548387096774194,0.6451612903225806
andrii peretiatko,dmitriy kim,246,83,3.9390243902439024,72.89430894308943,2026-04-20 22:05:00,0.33739837398373984,0.6626016260162602
andrii peretiatko,eldar alekperov,20,5,3.95,73.25,2026-04-03 02:05:00,0.25,0.75
andrii peretiatko,hryhorii kulishov,94,27,4.085106382978723,77.46808510638297,2026-04-20 23:35:00,0.2872340425531915,0.7127659574468085
andrii peretiatko,kostiantyn kovalchuk,54,9,4.296296296296297,81.14814814814815,2024-08-20 00:25:00,0.16666666666666666,0.8333333333333334
andrii peretiatko,mykola polysynskyi,101,30,4.03960396039604,74.2871287128713,2025-09-04 15:25:00,0.297029702970297,0.7029702970297029
andrii peretiatko,oleksandr maslov,30,8,4.2,79.1,2026-03-05 03:35:00,0.26666666666666666,0.7333333333333334
andrii peretiatko,oleksandr melashenko,110,32,4.090909090909091,77.74545454545455,2026-02-09 03:35:00,0.2909090909090909,0.7090909090909091
andrii peretiatko,oleksii shyndel,22,7,3.9545454545454546,71.5909090909091,2025-05-15 22:05:00,0.3181818181818182,0.6818181818181819
andrii peretiatko,ruslan yaremenko,94,36,3.925531914893617,72.64893617021276,2025-12-18 16:25:00,0.3829787234042553,0.6170212765957447
andrii peretiatko,serhii chuliukov,83,25,4.144578313253012,77.51807228915662,2026-04-21 01:35:00,0.30120481927710846,0.6987951807228916
andrii peretiatko,serhii khandetskyi,22,7,4.090909090909091,77.5909090909091,2025-09-04 13:25:00,0.3181818181818182,0.6818181818181819
andrii peretiatko,serhii pitsyk,73,21,4.054794520547945,76.41095890410959,2026-04-19 23:35:00,0.2876712328767123,0.7123287671232876
andrii peretiatko,viktor sharpay,38,13,3.973684210526316,74.44736842105263,2026-01-05 22:05:00,0.34210526315789475,0.6578947368421053
andrii peretiatko,vitalii kobets,86,29,3.988372093023256,73.86046511627907,2026-03-20 05:05:00,0.3372093023255814,0.6627906976744187
andrii peretiatko,yaroslav stepanchuk,124,28,4.145161290322581,78.59677419354838,2026-04-09 21:05:00,0.22580645161290322,0.7741935483870968
andrii peretiatko,yevhen bielokon,37,10,4.081081081081081,75.67567567567568,2024-07-04 21:05:00,0.2702702702702703,0.7297297297297297
andrii peretiatko,yevhenii sokoltsov,115,49,3.8260869565217392,69.87826086956522,2026-04-21 03:35:00,0.4260869565217391,0.5739130434782609
andrii regush,bohdan chaikovskyi,34,10,3.9411764705882355,75.05882352941177,2026-04-06 20:15:00,0.29411764705882354,0.7058823529411764
andrii regush,denis mykytuk,51,15,3.9411764705882355,75.0,2025-07-11 08:35:00,0.29411764705882354,0.7058823529411764
andrii regush,gregor gallo,56,19,3.9285714285714284,73.57142857142857,2026-04-10 05:35:00,0.3392857142857143,0.6607142857142857
andrii regush,maksim baranov,54,16,4.092592592592593,76.37037037037037,2025-09-18 06:50:50,0.2962962962962963,0.7037037037037037
andrii regush,myroslav loboda,74,29,3.9054054054054053,72.33783783783784,2026-04-10 07:05:00,0.3918918918918919,0.6081081081081081
andrii regush,oleksandr hainovskyi,51,22,3.803921568627451,71.3921568627451,2025-05-15 12:05:00,0.43137254901960786,0.5686274509803921
andrii regush,roman konkulovskyi,41,14,3.975609756097561,74.3170731707317,2026-04-01 17:05:00,0.34146341463414637,0.6585365853658536
andrii regush,serhii maksymiv,38,9,4.052631578947368,76.84210526315789,2026-04-01 16:05:00,0.23684210526315788,0.7631578947368421
andrii regush,viktor slozka,73,23,4.041095890410959,76.38356164383562,2026-03-27 10:35:00,0.3150684931506849,0.6849315068493151
andrii regush,vitaliy zharskiy,62,23,4.016129032258065,75.75806451612904,2026-04-01 18:05:00,0.3709677419354839,0.6290322580645161
andrii regush,volodymyr kaidakov,45,12,4.066666666666666,75.66666666666667,2026-03-27 06:05:00,0.26666666666666666,0.7333333333333334
andrii regush,volodymyr korobko,33,14,3.8484848484848486,73.36363636363636,2025-12-30 22:00:00,0.42424242424242425,0.5757575757575757
andrii regush,volodymyr okopnyi,77,13,4.220779220779221,81.14285714285714,2026-04-10 09:05:00,0.16883116883116883,0.8311688311688312
andrii regush,yaroslav vorsulyak,20,11,3.65,68.85,2026-04-10 08:05:00,0.55,0.44999999999999996
andrii shamrai,anton molochko,45,17,3.933333333333333,75.33333333333333,2025-09-20 04:55:00,0.37777777777777777,0.6222222222222222
andrii shamrai,denys pesternikov,43,14,3.9069767441860463,74.37209302325581,2025-09-18 23:59:19,0.32558139534883723,0.6744186046511628
andrii shamrai,dmytro zeniuk,35,12,4.0,75.91428571428571,2025-09-29 16:05:00,0.34285714285714286,0.6571428571428571
andrii shamrai,ivan kozachuk,38,5,4.184210526315789,79.05263157894737,2025-09-19 01:39:32,0.13157894736842105,0.868421052631579
andrii shamrai,mykhailo kistechko,44,20,3.772727272727273,70.79545454545455,2025-09-18 22:25:00,0.45454545454545453,0.5454545454545454
andrii shamrai,nazar danyliuk,52,12,4.173076923076923,80.26923076923077,2025-09-29 12:05:00,0.23076923076923078,0.7692307692307692
andrii shamrai,oleh bandurka,27,10,4.0,74.77777777777777,2025-09-25 12:25:00,0.37037037037037035,0.6296296296296297
andrii shamrai,roman zholubak,41,6,4.2439024390243905,81.41463414634147,2025-09-30 05:05:00,0.14634146341463414,0.8536585365853658
andrii shamrai,vasily verbyany,40,9,4.1,75.525,2025-09-30 07:05:00,0.225,0.775
andrii shamrai,vitalii levshyn,50,17,4.02,74.64,2025-09-30 08:05:00,0.34,0.6599999999999999
andrii sydorenko 1979,evgeniy khurtak,36,12,3.9444444444444446,71.5,2024-07-29 13:05:00,0.3333333333333333,0.6666666666666667
andrii sydorenko 1979,hennadii buianover,111,36,4.018018018018018,74.64864864864865,2026-04-19 19:05:00,0.32432432432432434,0.6756756756756757
andrii sydorenko 1979,patrik pycha,23,10,3.869565217391304,71.47826086956522,2026-04-19 13:35:00,0.43478260869565216,0.5652173913043479
andrii sydorenko 1979,vadim reva,91,33,3.89010989010989,71.54945054945055,2026-04-01 15:05:00,0.3626373626373626,0.6373626373626373
andrii sydorenko 1979,valentyn chumak,71,24,3.9014084507042255,72.09859154929578,2025-12-10 16:35:00,0.3380281690140845,0.6619718309859155
andrii sydorenko 1979,valerii lukianevych,113,34,3.9911504424778763,73.61061946902655,2026-04-09 15:05:00,0.3008849557522124,0.6991150442477876
andrii sydorenko 1979,viktor leonov,27,10,3.7777777777777777,71.66666666666667,2026-04-19 16:05:00,0.37037037037037035,0.6296296296296297
andrii sydorenko 1979,volodymyr kruglyak,46,20,3.8260869565217392,69.82608695652173,2026-04-09 18:35:00,0.43478260869565216,0.5652173913043479
andrii vasylets,artem kasyanov,44,15,4.045454545454546,75.61363636363636,2026-03-12 17:00:00,0.3409090909090909,0.6590909090909092
andrii vasylets,bogdan panchenko,47,12,4.0638297872340425,78.2127659574468,2026-03-07 15:00:00,0.2553191489361702,0.7446808510638299
andrii vasylets,dmitro kuzmenko,38,10,4.157894736842105,76.55263157894737,2026-02-14 18:35:00,0.2631578947368421,0.736842105263158
andrii vasylets,dmytro prylepa,37,11,3.945945945945946,75.86486486486487,2026-04-04 13:30:00,0.2972972972972973,0.7027027027027026
andrii vasylets,evhenii hrytsenko,76,24,3.9210526315789473,73.48684210526316,2025-05-28 16:00:00,0.3157894736842105,0.6842105263157895
andrii vasylets,ihor torhachov,31,9,3.903225806451613,70.64516129032258,2025-11-02 17:30:00,0.2903225806451613,0.7096774193548387
andrii vasylets,maksym hubenko,44,13,4.0227272727272725,76.52272727272727,2026-04-18 12:00:00,0.29545454545454547,0.7045454545454546
andrii vasylets,oleh kurylenko,74,22,3.945945945945946,74.0,2026-04-11 15:00:00,0.2972972972972973,0.7027027027027026
andrii vasylets,oleksandr lyman,98,28,4.030612244897959,76.22448979591837,2026-04-11 12:00:00,0.2857142857142857,0.7142857142857143
andrii vasylets,oleksandr ziakun,49,14,4.183673469387755,79.44897959183673,2026-03-07 17:00:00,0.2857142857142857,0.7142857142857143
andrii vasylets,roman tveritinov,30,16,3.6666666666666665,66.36666666666666,2026-02-04 14:00:00,0.5333333333333333,0.4666666666666667
andrii vasylets,serhii aristarkhov,143,57,3.8531468531468533,71.1958041958042,2026-04-18 13:30:00,0.3986013986013986,0.6013986013986015
andrii vasylets,serhii chuhai,26,4,4.153846153846154,80.92307692307692,2026-04-15 12:00:00,0.15384615384615385,0.8461538461538461
andrii vasylets,serhii maliuk,25,8,3.96,71.68,2024-09-25 16:00:00,0.32,0.6799999999999999
andrii vasylets,serhii miroshnychenko,74,25,3.9594594594594597,72.75675675675676,2026-04-04 12:00:00,0.33783783783783783,0.6621621621621622
andrii vasylets,serhii priadko,30,17,3.6,64.33333333333333,2025-11-02 18:19:30,0.5666666666666667,0.43333333333333335
andrii vasylets,volodymyr tatarnykov,66,20,3.909090909090909,72.66666666666667,2026-04-18 16:30:00,0.30303030303030304,0.696969696969697
andrii zeniuk,denys pesternikov,152,50,4.026315789473684,73.92763157894737,2026-04-19 20:15:00,0.32894736842105265,0.6710526315789473
andrii zeniuk,dmytro zeniuk,207,50,4.053140096618358,76.18357487922705,2026-01-02 18:35:00,0.24154589371980675,0.7584541062801933
andrii zeniuk,ivan kozachuk,199,57,4.035175879396985,74.77889447236181,2026-04-20 12:25:00,0.2864321608040201,0.7135678391959799
andrii zeniuk,mykhailo kistechko,114,45,3.824561403508772,69.65789473684211,2026-01-17 05:35:00,0.39473684210526316,0.6052631578947368
andrii zeniuk,oleh bandurka,126,48,3.8968253968253967,71.0079365079365,2026-04-20 13:25:00,0.38095238095238093,0.6190476190476191
andrii zeniuk,serhii rak,67,26,3.925373134328358,72.74626865671642,2026-04-20 15:25:00,0.3880597014925373,0.6119402985074627
andrii zeniuk,volodymyr plishylo,158,51,4.018987341772152,74.35443037974683,2026-04-09 22:00:00,0.3227848101265823,0.6772151898734178
andriy chermenskyi,eduard rubtsov,20,5,4.05,76.55,2026-04-09 19:55:00,0.25,0.75
andriy chermenskyi,oleksandr mishchenko,22,12,3.590909090909091,67.4090909090909,2026-04-16 16:55:00,0.5454545454545454,0.4545454545454546
andriy chermenskyi,oleksandr v kovalchuk,25,10,3.92,72.8,2026-04-16 19:55:00,0.4,0.6
andriy didyk,bohdan plakhtyi,34,8,4.117647058823529,74.44117647058823,2026-02-20 07:55:00,0.23529411764705882,0.7647058823529411
andriy didyk,denys kozoriz,59,23,3.8813559322033897,69.7457627118644,2026-04-08 04:25:00,0.3898305084745763,0.6101694915254237
andriy didyk,dmitriy belanchik,21,4,4.095238095238095,74.04761904761905,2026-04-01 04:55:00,0.19047619047619047,0.8095238095238095
andriy didyk,hryhoriy oliynyk,20,7,4.0,71.4,2026-04-16 10:25:00,0.35,0.65
andriy didyk,ivan krivoy,31,12,3.967741935483871,73.51612903225806,2026-02-20 09:25:00,0.3870967741935484,0.6129032258064516
andriy didyk,mykhailo hlaholev,26,7,4.038461538461538,72.8076923076923,2025-07-18 06:25:00,0.2692307692307692,0.7307692307692308
andriy didyk,mykola kulynych,21,6,4.0,73.9047619047619,2025-11-10 18:25:00,0.2857142857142857,0.7142857142857143
andriy didyk,oleh martynenko,51,17,3.9019607843137254,71.23529411764706,2026-03-12 19:55:00,0.3333333333333333,0.6666666666666667
andriy didyk,oleh volyk,22,12,3.6363636363636362,66.18181818181819,2025-04-24 08:25:00,0.5454545454545454,0.4545454545454546
andriy didyk,orest melnik,46,14,3.9565217391304346,71.52173913043478,2026-04-16 08:55:00,0.30434782608695654,0.6956521739130435
andriy didyk,roman mazur,31,12,3.967741935483871,72.19354838709677,2026-04-16 07:25:00,0.3870967741935484,0.6129032258064516
andriy didyk,serhii kryvoshyi,72,30,3.736111111111111,67.04166666666667,2026-04-16 05:55:00,0.4166666666666667,0.5833333333333333
anton molochko,bohdan kohut,53,14,3.8867924528301887,72.58490566037736,2026-04-20 16:05:00,0.2641509433962264,0.7358490566037736
anton molochko,dmytro zeniuk,60,18,3.966666666666667,74.68333333333334,2026-03-12 21:15:00,0.3,0.7
anton molochko,kiril yurchenko,122,42,3.9754098360655736,74.85245901639344,2024-09-17 05:35:00,0.3442622950819672,0.6557377049180328
anton molochko,mykyta zavada,49,20,3.857142857142857,72.81632653061224,2025-11-01 07:20:00,0.40816326530612246,0.5918367346938775
anton molochko,nazar danyliuk,453,138,3.993377483443709,74.42825607064017,2026-04-20 15:05:00,0.304635761589404,0.695364238410596
anton molochko,nazar tretyak,34,14,3.9705882352941178,74.44117647058823,2024-06-17 17:35:00,0.4117647058823529,0.5882352941176471
anton molochko,oleksandr zhurba,37,11,3.891891891891892,72.16216216216216,2026-03-27 09:50:00,0.2972972972972973,0.7027027027027026
anton molochko,roman zholubak,284,110,3.8556338028169015,70.66197183098592,2026-03-27 13:50:00,0.3873239436619718,0.6126760563380282
anton molochko,vadym hryban,55,16,4.0,74.49090909090908,2026-04-15 05:05:00,0.2909090909090909,0.7090909090909091
anton molochko,vasily verbyany,299,98,3.9899665551839463,73.94314381270902,2026-04-20 17:35:00,0.3277591973244147,0.6722408026755853
anton molochko,vitalii levshyn,336,115,3.9613095238095237,73.86011904761905,2026-04-07 05:35:00,0.34226190476190477,0.6577380952380952
anton shypilov,mykyta smyrnov,60,13,4.133333333333334,79.98333333333333,2026-04-19 05:05:00,0.21666666666666667,0.7833333333333333
anton shypilov,nazar kovalchuk,28,7,4.035714285714286,77.21428571428571,2026-04-18 13:35:00,0.25,0.75
anton shypilov,oleh napirko,35,9,4.085714285714285,76.82857142857142,2026-02-11 10:35:00,0.2571428571428571,0.7428571428571429
anton shypilov,oleksii mitla,64,9,4.3125,83.78125,2026-04-19 09:35:00,0.140625,0.859375
anton shypilov,orest hura,30,6,4.066666666666666,79.23333333333333,2026-02-11 08:05:00,0.2,0.8
anton shypilov,ruslan haiseniuk,24,5,4.166666666666667,76.95833333333333,2026-04-17 21:30:00,0.20833333333333334,0.7916666666666666
anton shypilov,ruslan lazebny,22,7,3.8636363636363638,72.81818181818181,2026-04-16 01:15:00,0.3181818181818182,0.6818181818181819
anton shypilov,serhii kalenyk,40,8,4.15,77.9,2026-04-16 03:15:00,0.2,0.8
anton shypilov,valerii vlasenko,48,8,4.125,79.6875,2026-04-19 07:05:00,0.16666666666666666,0.8333333333333334
anton shypilov,vitalii boyko,21,5,4.0476190476190474,76.76190476190476,2026-04-19 10:35:00,0.23809523809523808,0.7619047619047619
anton tur,dmytro neborak,28,8,3.9285714285714284,72.89285714285714,2026-04-06 14:30:00,0.2857142857142857,0.7142857142857143
anton tur,ivan fedoryshyn,86,39,3.744186046511628,69.19767441860465,2025-12-03 16:30:00,0.45348837209302323,0.5465116279069768
anton tur,maksym baday,113,45,3.8672566371681416,71.42477876106194,2025-12-03 13:30:00,0.39823008849557523,0.6017699115044248
anton tur,oleksandr shkurupii,73,21,4.082191780821918,78.46575342465754,2026-04-13 16:00:00,0.2876712328767123,0.7123287671232876
anton tur,oleksandr zhurba,291,121,3.725085910652921,67.96563573883161,2026-04-13 12:00:00,0.41580756013745707,0.5841924398625429
anton tur,serhii chuhai,46,12,4.0,74.91304347826087,2025-12-03 14:30:00,0.2608695652173913,0.7391304347826086
anton tur,yevhenii honchar,120,36,3.941666666666667,73.425,2024-08-12 16:30:00,0.3,0.7
anton yakovenko,dmitriy kim,81,26,3.9876543209876543,74.06172839506173,2026-04-15 15:55:00,0.32098765432098764,0.6790123456790124
anton yakovenko,hryhorii kulishov,28,7,4.035714285714286,76.67857142857143,2026-04-15 18:25:00,0.25,0.75
anton yakovenko,kovalenko vladislav,36,10,4.0,73.36111111111111,2025-09-10 16:05:00,0.2777777777777778,0.7222222222222222
anton yakovenko,mykola polysynskyi,33,12,3.909090909090909,72.72727272727273,2025-03-03 03:05:00,0.36363636363636365,0.6363636363636364
anton yakovenko,oleksandr maslov,20,7,4.0,74.9,2026-02-13 04:05:00,0.35,0.65
anton yakovenko,oleksandr melashenko,32,11,3.90625,73.03125,2025-03-02 22:35:00,0.34375,0.65625
anton yakovenko,ruslan serhyenko,46,15,3.9782608695652173,73.65217391304348,2025-09-23 17:05:00,0.32608695652173914,0.6739130434782609
anton yakovenko,ruslan yaremenko,51,19,3.8823529411764706,71.80392156862744,2025-12-18 17:25:00,0.37254901960784315,0.6274509803921569
anton yakovenko,serhii chuliukov,20,3,4.1,79.85,2026-04-15 13:55:00,0.15,0.85
anton yakovenko,serhii pitsyk,40,10,4.2,78.85,2026-04-09 01:05:00,0.25,0.75
anton yakovenko,valentyn chumak,40,14,3.9,72.475,2026-03-03 14:35:00,0.35,0.65
anton yakovenko,vitalii kaganovych,33,8,4.181818181818182,76.60606060606061,2026-03-03 20:35:00,0.24242424242424243,0.7575757575757576
anton yakovenko,vitalii kobets,33,14,3.696969696969697,67.36363636363636,2026-03-16 23:35:00,0.42424242424242425,0.5757575757575757
anton yakovenko,vitalii sydorenko,42,8,4.095238095238095,75.57142857142857,2025-09-23 15:05:00,0.19047619047619047,0.8095238095238095
anton yakovenko,volodymyr hainiuk,54,19,3.962962962962963,74.42592592592592,2025-09-23 13:35:00,0.35185185185185186,0.6481481481481481
anton yakovenko,yaroslav stepanchuk,44,13,4.113636363636363,74.97727272727273,2026-04-06 20:25:00,0.29545454545454547,0.7045454545454546
anton yakovenko,yevhen bielokon,42,14,4.023809523809524,75.02380952380952,2025-09-18 14:34:25,0.3333333333333333,0.6666666666666667
anton yakovenko,yevhenii sokoltsov,36,9,4.027777777777778,74.72222222222223,2026-04-09 03:05:00,0.25,0.75
antonin jaros,dominik horak,31,9,4.064516129032258,77.03225806451613,2026-03-05 09:23:52,0.2903225806451613,0.7096774193548387
antonin jaros,marek drbohlav,54,10,4.092592592592593,77.11111111111111,2026-03-20 09:43:37,0.18518518518518517,0.8148148148148149
antonin jaros,michal makara,44,5,4.2727272727272725,80.9090909090909,2026-01-19 08:30:00,0.11363636363636363,0.8863636363636364
antonin jaros,roman durovic,23,4,4.173913043478261,78.56521739130434,2026-01-28 09:30:00,0.17391304347826086,0.8260869565217391
antonin pospisil,antonin skyba,24,10,3.875,73.41666666666667,2025-02-03 14:45:00,0.4166666666666667,0.5833333333333333
antonin pospisil,pavel moulis,25,4,4.24,80.4,2025-01-30 16:15:00,0.16,0.84
antonin pospisil,rostislav novosad,22,4,4.363636363636363,82.13636363636364,2025-01-20 14:05:00,0.18181818181818182,0.8181818181818181
antonin skyba,artur akopyan,35,10,4.114285714285714,76.88571428571429,2026-04-16 08:28:35,0.2857142857142857,0.7142857142857143
antonin skyba,josef pavelka,25,2,4.6,87.28,2024-10-10 11:30:00,0.08,0.92
antonin skyba,marcel pikous,20,4,4.4,83.05,2026-04-20 05:30:00,0.2,0.8
antonin skyba,martin holub,20,8,3.9,73.45,2026-04-20 07:30:00,0.4,0.6
antonin skyba,pavel moulis,23,5,4.130434782608695,78.30434782608695,2025-06-26 06:00:00,0.21739130434782608,0.782608695652174
antonin skyba,rostislav novosad,21,5,4.285714285714286,80.04761904761905,2025-01-30 11:30:00,0.23809523809523808,0.7619047619047619
antonin skyba,vaclav coubal,37,13,3.945945945945946,74.51351351351352,2026-03-30 10:00:00,0.35135135135135137,0.6486486486486487
antonin skyba,vit kilian,38,5,4.2105263157894735,79.0,2026-03-02 10:30:00,0.13157894736842105,0.868421052631579
antonin spurny,martin vorel,22,2,4.136363636363637,79.95454545454545,2024-12-20 13:37:52,0.09090909090909091,0.9090909090909091
arsenii lobanov,daniil habrelyan,55,19,4.0181818181818185,75.43636363636364,2026-04-11 10:35:00,0.34545454545454546,0.6545454545454545
arsenii lobanov,ivan nitchenko,28,5,4.178571428571429,80.46428571428571,2025-07-05 14:40:00,0.17857142857142858,0.8214285714285714
arsenii lobanov,maksym tiutiunnyk,49,9,4.122448979591836,75.95918367346938,2025-07-05 16:10:00,0.1836734693877551,0.8163265306122449
arsenii lobanov,oleg varlamov,47,16,3.9361702127659575,73.29787234042553,2025-07-26 14:10:00,0.3404255319148936,0.6595744680851063
arsenii lobanov,oleksandr zhyrnov,20,5,4.1,76.55,2025-08-31 05:30:00,0.25,0.75
arsenii lobanov,pavlo lavrynenko,33,5,4.0606060606060606,76.24242424242425,2025-07-26 11:10:00,0.15151515151515152,0.8484848484848485
arsenii lobanov,yaroslav makovka,32,10,3.9375,71.53125,2026-03-21 07:35:00,0.3125,0.6875
arsenyi lobanov,daniil habrelyan,20,5,4.2,78.75,2024-06-28 16:20:00,0.25,0.75
artem artem trofymchuk,ivan pytsko,25,7,4.12,78.04,2024-09-23 07:35:00,0.28,0.72
artem artem trofymchuk,volodymyr ivasiv,23,6,4.260869565217392,85.65217391304348,2024-09-23 04:35:00,0.2608695652173913,0.7391304347826086
artem artem trofymchuk,yaroslav tebenko,20,7,3.85,74.95,2024-09-23 09:05:00,0.35,0.65
artem chepurnyi,eduard rubtsov,82,37,3.7804878048780486,71.4390243902439,2026-03-24 22:25:00,0.45121951219512196,0.5487804878048781
artem chepurnyi,oleg gavrilyuk,62,26,3.8548387096774195,71.98387096774194,2026-04-11 21:55:00,0.41935483870967744,0.5806451612903225
artem chepurnyi,oleksandr dukhovenko,283,120,3.8268551236749118,70.44876325088339,2026-04-18 21:55:00,0.42402826855123676,0.5759717314487632
artem chepurnyi,oleksandr mishchenko,232,74,3.9956896551724137,75.09482758620689,2026-04-18 22:55:00,0.31896551724137934,0.6810344827586207
artem chepurnyi,oleksandr v kovalchuk,89,28,3.966292134831461,74.50561797752809,2026-03-18 02:35:00,0.3146067415730337,0.6853932584269663
artem chepurnyi,oleksii hrymovskyi,263,84,3.9277566539923954,74.48288973384031,2026-04-19 00:55:00,0.3193916349809886,0.6806083650190113
artem chepurnyi,pavel plakushchyi,64,19,4.0,74.265625,2026-04-19 04:25:00,0.296875,0.703125
artem chepurnyi,pavlo babenko,132,35,4.075757575757576,77.9090909090909,2025-01-27 00:25:00,0.26515151515151514,0.7348484848484849
artem chepurnyi,roman reznychenko,72,17,4.097222222222222,77.5,2024-12-16 04:55:00,0.2361111111111111,0.7638888888888888
artem chepurnyi,serhii chelpanov,119,47,3.8739495798319328,72.0672268907563,2026-04-17 19:25:00,0.3949579831932773,0.6050420168067228
artem chepurnyi,spartak abalmaz,67,25,3.8955223880597014,72.80597014925372,2026-02-05 04:25:00,0.373134328358209,0.6268656716417911
artem chepurnyi,yevhenii kryvorotko,92,29,4.032608695652174,76.27173913043478,2026-04-19 02:55:00,0.31521739130434784,0.6847826086956521
artem kasyanov,bogdan panchenko,59,25,3.847457627118644,69.69491525423729,2026-02-05 06:30:00,0.423728813559322,0.576271186440678
artem kasyanov,dmytro prylepa,53,18,3.943396226415094,73.88679245283019,2026-02-24 10:30:00,0.33962264150943394,0.6603773584905661
artem kasyanov,evhenii hrytsenko,30,3,4.2,76.16666666666667,2025-06-01 11:00:00,0.1,0.9
artem kasyanov,ivan fedoryshyn,131,48,3.8473282442748094,72.19847328244275,2026-03-13 18:04:14,0.366412213740458,0.633587786259542
artem kasyanov,maksym baday,120,37,3.9916666666666667,73.98333333333333,2026-03-15 06:30:00,0.30833333333333335,0.6916666666666667
artem kasyanov,maksym hubenko,102,30,3.9901960784313726,74.8529411764706,2026-02-24 06:30:00,0.29411764705882354,0.7058823529411764
artem kasyanov,oleh kurylenko,26,5,3.9615384615384617,73.34615384615384,2026-02-06 10:00:00,0.19230769230769232,0.8076923076923077
artem kasyanov,oleksandr syksa,70,27,3.9285714285714284,75.52857142857142,2026-03-08 07:30:00,0.38571428571428573,0.6142857142857143
artem kasyanov,oleksandr ziakun,24,8,4.0,75.04166666666667,2026-02-05 08:30:00,0.3333333333333333,0.6666666666666667
artem kasyanov,roman tveritinov,41,23,3.6097560975609757,65.8780487804878,2026-02-24 07:30:00,0.5609756097560976,0.4390243902439024
artem kasyanov,serhii aristarkhov,62,22,3.903225806451613,71.96774193548387,2026-03-15 07:30:00,0.3548387096774194,0.6451612903225806
artem kasyanov,serhii chuhai,146,39,4.075342465753424,76.22602739726027,2026-03-13 13:00:00,0.2671232876712329,0.7328767123287672
artem kasyanov,serhii miroshnychenko,30,15,3.6,65.7,2026-02-06 07:00:00,0.5,0.5
artem kasyanov,volodymyr tatarnykov,31,12,3.806451612903226,70.09677419354838,2026-03-01 10:00:00,0.3870967741935484,0.6129032258064516
artem trofymchuk,denis mykytuk,46,6,4.260869565217392,82.26086956521739,2024-07-03 20:30:00,0.13043478260869565,0.8695652173913043
artem trofymchuk,ivan pytsko,65,9,4.276923076923077,84.16923076923077,2024-06-30 12:05:00,0.13846153846153847,0.8615384615384616
artem trofymchuk,myroslav loboda,41,11,4.073170731707317,77.63414634146342,2024-05-10 05:05:00,0.2682926829268293,0.7317073170731707
artem trofymchuk,oleksandr hainovskyi,29,7,4.103448275862069,78.03448275862068,2024-07-04 03:00:00,0.2413793103448276,0.7586206896551724
artem trofymchuk,oleksandr strutinskiy,41,7,4.170731707317073,78.48780487804878,2024-06-30 00:00:00,0.17073170731707318,0.8292682926829268
artem trofymchuk,rostyslav fedyna,36,14,4.027777777777778,80.0,2024-06-30 14:05:00,0.3888888888888889,0.6111111111111112
artem trofymchuk,volodymyr ivasiv,36,6,4.361111111111111,82.83333333333333,2024-06-30 17:35:00,0.16666666666666666,0.8333333333333334
artem trofymchuk,volodymyr korobko,41,14,3.975609756097561,74.1951219512195,2024-07-03 23:30:00,0.34146341463414637,0.6585365853658536
artem trofymchuk,yaroslav tebenko,66,16,4.136363636363637,79.66666666666667,2024-06-30 18:35:00,0.24242424242424243,0.7575757575757576
artem yurkov,dmytro neborak,62,20,4.048387096774194,77.03225806451613,2025-09-30 21:50:00,0.3225806451612903,0.6774193548387097
artem yurkov,evgeniy gudimenko,43,9,4.162790697674419,78.90697674418605,2025-12-17 13:50:00,0.20930232558139536,0.7906976744186046
artem yurkov,ivan efimenko,29,7,4.172413793103448,77.17241379310344,2024-10-26 05:50:00,0.2413793103448276,0.7586206896551724
artem yurkov,maksym mrykh,296,30,4.35472972972973,86.55405405405405,2026-01-05 14:40:00,0.10135135135135136,0.8986486486486487
artem yurkov,mykhailo sokur,25,2,4.48,85.76,2024-07-19 09:05:00,0.08,0.92
artem yurkov,mykyta zinov,30,8,4.1,77.56666666666666,2026-04-08 12:50:00,0.26666666666666666,0.7333333333333334
artem yurkov,oleksandr borysiuk,40,6,4.3,81.35,2025-06-04 07:20:00,0.15,0.85
artem yurkov,oleksandr ivchuk,174,44,4.051724137931035,76.46551724137932,2026-04-15 09:50:00,0.25287356321839083,0.7471264367816092
artem yurkov,oleksandr kolbasenko,150,29,4.246666666666667,81.15333333333334,2026-04-20 11:10:00,0.19333333333333333,0.8066666666666666
artem yurkov,oleksandr seliuchenko,81,18,4.197530864197531,80.53086419753086,2026-03-06 12:40:00,0.2222222222222222,0.7777777777777778
artem yurkov,oleksii nadporozhskyi,139,36,4.028776978417266,76.58273381294964,2025-10-27 17:10:00,0.2589928057553957,0.7410071942446044
artem yurkov,pavlo babenko,143,18,4.363636363636363,84.4965034965035,2026-04-20 17:40:00,0.1258741258741259,0.8741258741258742
artem yurkov,vitalii s marushchak,91,24,4.164835164835165,78.6043956043956,2026-04-20 14:10:00,0.26373626373626374,0.7362637362637363
artem yurkov,vladimir voronenko,180,37,4.183333333333334,79.90555555555555,2026-04-20 12:10:00,0.20555555555555555,0.7944444444444445
artem yurkov,vladyslav mishchenko,116,15,4.387931034482759,83.65517241379311,2026-04-13 11:10:00,0.12931034482758622,0.8706896551724138
artem yurkov,volodymyr savoliuk,23,5,4.0,76.1304347826087,2026-03-11 08:20:00,0.21739130434782608,0.782608695652174
artem yurkov,yuriy leymanovskiy,32,11,4.0,76.71875,2026-01-28 07:20:00,0.34375,0.65625
artiom borodii,bohdan plakhtyi,56,14,4.160714285714286,77.80357142857143,2026-03-26 14:25:00,0.25,0.75
artiom borodii,ivan krivoy,41,11,4.073170731707317,78.21951219512195,2026-03-23 05:55:00,0.2682926829268293,0.7317073170731707
artiom borodii,mykolay treschetka,53,5,4.377358490566038,83.50943396226415,2026-03-26 16:25:00,0.09433962264150944,0.9056603773584906
artiom borodii,oleh maksymkiv,48,8,4.270833333333333,79.25,2026-03-22 12:55:00,0.16666666666666666,0.8333333333333334
artiom borodii,vasil salivonchyk,37,4,4.216216216216216,76.94594594594595,2026-03-23 06:55:00,0.10810810810810811,0.8918918918918919
artur akopyan,jakub dedek,35,7,4.2,78.74285714285715,2025-03-09 14:30:00,0.2,0.8
artur akopyan,jakub dufek jnr,30,7,4.166666666666667,77.7,2026-04-02 12:00:00,0.23333333333333334,0.7666666666666666
artur akopyan,jan seeman,23,6,4.0,75.17391304347827,2025-07-28 09:30:00,0.2608695652173913,0.7391304347826086
artur akopyan,jan vrnak,40,15,3.975,72.625,2026-03-26 09:13:18,0.375,0.625
artur akopyan,marcel pikous,90,24,4.055555555555555,75.22222222222223,2026-03-25 06:30:00,0.26666666666666666,0.7333333333333334
artur akopyan,martin holub,140,17,4.285714285714286,81.77142857142857,2026-04-09 18:45:00,0.12142857142857143,0.8785714285714286
artur akopyan,milan cuba,28,5,4.035714285714286,73.71428571428571,2026-04-01 20:58:48,0.17857142857142858,0.8214285714285714
artur akopyan,milan vydra,24,10,3.8333333333333335,73.54166666666667,2026-03-15 14:30:00,0.4166666666666667,0.5833333333333333
artur akopyan,miroslav cervenka,23,8,4.086956521739131,74.34782608695652,2026-04-16 08:00:00,0.34782608695652173,0.6521739130434783
artur akopyan,tomas holik,20,7,3.95,71.75,2026-02-26 12:00:00,0.35,0.65
artur akopyan,vaclav coubal,29,6,4.172413793103448,78.10344827586206,2026-03-29 14:00:00,0.20689655172413793,0.7931034482758621
artur akopyan,vit kilian,50,5,4.46,85.62,2026-03-22 07:30:00,0.1,0.9
artur babychev,maksym bukata,24,4,4.291666666666667,80.0,2025-07-24 07:30:00,0.16666666666666666,0.8333333333333334
artur babychev,roman boklah,23,8,4.0,74.43478260869566,2025-07-24 11:30:00,0.34782608695652173,0.6521739130434783
artur babychev,tymofii kasianov,24,6,4.083333333333333,77.25,2025-05-10 07:30:00,0.25,0.75
artur babychev,valerii romanenko,21,6,3.857142857142857,71.23809523809524,2025-07-24 06:30:00,0.2857142857142857,0.7142857142857143
artur babychev,vitalii ananiev,36,11,4.111111111111111,78.05555555555556,2025-07-12 09:00:00,0.3055555555555556,0.6944444444444444
artur babychev,vitalii klymenko,35,10,4.0285714285714285,74.28571428571429,2025-06-28 09:30:00,0.2857142857142857,0.7142857142857143
artur babychev,yurii priadko,32,19,3.59375,66.21875,2025-07-19 11:30:00,0.59375,0.40625
bogdan l panchenko,maksym hubenko,20,9,3.75,68.4,2025-09-17 17:21:26,0.45,0.55
bogdan l panchenko,serhii aristarkhov,20,6,4.2,76.15,2024-11-21 18:01:27,0.3,0.7
bogdan panchenko,dmitro kuzmenko,103,30,4.087378640776699,75.98058252427184,2026-03-12 12:30:00,0.2912621359223301,0.7087378640776699
bogdan panchenko,dmytro prylepa,165,52,3.981818181818182,74.50909090909092,2026-03-11 06:00:00,0.3151515151515151,0.6848484848484848
bogdan panchenko,evhenii hrytsenko,22,7,4.0,74.63636363636364,2025-06-01 05:30:00,0.3181818181818182,0.6818181818181819
bogdan panchenko,ivan fedoryshyn,72,26,3.9444444444444446,74.16666666666667,2026-01-25 06:00:00,0.3611111111111111,0.6388888888888888
bogdan panchenko,maksym baday,50,19,3.72,69.82,2026-01-25 10:30:00,0.38,0.62
bogdan panchenko,maksym hubenko,188,70,3.9893617021276597,75.30851063829788,2026-03-12 06:30:00,0.3723404255319149,0.6276595744680851
bogdan panchenko,oleh kurylenko,147,41,4.034013605442177,74.71428571428571,2026-03-11 12:30:00,0.2789115646258503,0.7210884353741497
bogdan panchenko,oleksandr lyman,23,12,3.5217391304347827,62.47826086956522,2026-03-11 07:00:00,0.5217391304347826,0.4782608695652174
bogdan panchenko,oleksandr syksa,185,48,4.043243243243243,75.96216216216216,2026-03-09 06:00:00,0.2594594594594595,0.7405405405405405
bogdan panchenko,oleksandr ziakun,75,21,4.0,74.21333333333334,2026-03-12 08:30:00,0.28,0.72
bogdan panchenko,roman tveritinov,196,108,3.576530612244898,66.26020408163265,2026-03-11 11:00:00,0.5510204081632653,0.44897959183673475
bogdan panchenko,serhii aristarkhov,81,22,4.061728395061729,75.75308641975309,2026-03-07 17:30:00,0.2716049382716049,0.7283950617283951
bogdan panchenko,serhii chuhai,102,38,3.9313725490196076,71.62745098039215,2026-03-04 18:40:16,0.37254901960784315,0.6274509803921569
bogdan panchenko,serhii maliuk,29,15,3.6206896551724137,66.24137931034483,2025-12-23 06:00:00,0.5172413793103449,0.48275862068965514
bogdan panchenko,serhii miroshnychenko,132,53,3.7954545454545454,69.52272727272727,2026-03-12 07:30:00,0.4015151515151515,0.5984848484848485
bogdan panchenko,volodymyr tatarnykov,38,13,3.9210526315789473,72.57894736842105,2026-02-01 05:30:00,0.34210526315789475,0.6578947368421053
bohdan chaikovskyi,gregor gallo,21,8,3.9047619047619047,71.28571428571429,2026-04-01 15:35:00,0.38095238095238093,0.6190476190476191
bohdan chaikovskyi,roman konkulovskyi,55,16,4.0181818181818185,75.30909090909091,2026-04-19 00:15:00,0.2909090909090909,0.7090909090909091
bohdan chaikovskyi,serhii maksymiv,36,11,3.9444444444444446,72.08333333333333,2026-04-18 22:15:00,0.3055555555555556,0.6944444444444444
bohdan chaikovskyi,vitaliy zharskiy,44,13,4.0,73.5,2026-04-19 02:45:00,0.29545454545454547,0.7045454545454546
bohdan kohut,denys pesternikov,45,17,3.8666666666666667,72.08888888888889,2026-01-10 10:35:00,0.37777777777777777,0.6222222222222222
bohdan kohut,dmytro zeniuk,37,12,3.972972972972973,76.8108108108108,2026-03-12 23:15:00,0.32432432432432434,0.6756756756756757
bohdan kohut,mykhailo kistechko,34,11,3.8823529411764706,75.05882352941177,2024-02-21 08:35:00,0.3235294117647059,0.6764705882352942
bohdan kohut,nazar danyliuk,54,16,3.888888888888889,75.0,2026-04-20 17:05:00,0.2962962962962963,0.7037037037037037
bohdan kohut,nazarii hrytsyienko,21,5,4.0476190476190474,75.14285714285714,2024-02-21 07:35:00,0.23809523809523808,0.7619047619047619
bohdan kohut,oleh bandurka,21,9,3.761904761904762,70.0952380952381,2026-01-10 06:35:00,0.42857142857142855,0.5714285714285714
bohdan kohut,roman zholubak,38,15,3.8947368421052633,73.57894736842105,2026-04-18 07:50:00,0.39473684210526316,0.6052631578947368
bohdan kohut,vadym hryban,49,20,3.836734693877551,73.34693877551021,2026-04-15 06:05:00,0.40816326530612246,0.5918367346938775
bohdan kohut,vasily verbyany,57,22,3.9473684210526314,73.54385964912281,2026-04-20 15:35:00,0.38596491228070173,0.6140350877192983
bohdan plakhtyi,bohdan pyrtyk,55,16,4.0181818181818185,73.61818181818182,2026-03-05 10:25:00,0.2909090909090909,0.7090909090909091
bohdan plakhtyi,denys kozoriz,33,19,3.5757575757575757,63.96969696969697,2025-12-20 06:55:00,0.5757575757575758,0.4242424242424242
bohdan plakhtyi,hryhoriy oliynyk,25,14,3.52,62.16,2026-02-27 11:55:00,0.56,0.43999999999999995
bohdan plakhtyi,ivan krivoy,221,59,4.104072398190045,75.95927601809954,2026-03-30 10:25:00,0.2669683257918552,0.7330316742081449
bohdan plakhtyi,mykhailo hlaholev,59,19,3.983050847457627,73.01694915254237,2025-07-31 09:25:00,0.3220338983050847,0.6779661016949152
bohdan plakhtyi,mykhailo vivatenko,29,7,3.9655172413793105,74.13793103448276,2025-12-18 17:25:00,0.2413793103448276,0.7586206896551724
bohdan plakhtyi,mykola kulynych,73,20,4.082191780821918,74.5068493150685,2025-12-28 17:25:00,0.273972602739726,0.726027397260274
bohdan plakhtyi,mykolay treschetka,226,52,4.115044247787611,75.42477876106194,2026-03-30 08:55:00,0.23008849557522124,0.7699115044247787
bohdan plakhtyi,oleg gil,97,29,3.9381443298969074,72.77319587628865,2025-09-29 07:25:00,0.29896907216494845,0.7010309278350515
bohdan plakhtyi,oleh maksymkiv,56,16,4.0,72.78571428571429,2026-03-30 05:55:00,0.2857142857142857,0.7142857142857143
bohdan plakhtyi,oleh martynenko,62,22,3.9193548387096775,72.20967741935483,2025-11-06 07:55:00,0.3548387096774194,0.6451612903225806
bohdan plakhtyi,oleksandr maslovskyi,107,35,3.94392523364486,73.17757009345794,2026-03-30 07:25:00,0.32710280373831774,0.6728971962616823
bohdan plakhtyi,oleksii shalopa,22,4,4.318181818181818,78.22727272727273,2025-11-14 14:35:00,0.18181818181818182,0.8181818181818181
bohdan plakhtyi,orest melnik,35,8,4.085714285714285,76.71428571428571,2026-03-20 08:25:00,0.22857142857142856,0.7714285714285715
bohdan plakhtyi,vasil salivonchyk,133,31,4.06015037593985,73.73684210526316,2026-03-30 04:25:00,0.23308270676691728,0.7669172932330828
bohdan plakhtyi,viktor kodola,94,27,4.074468085106383,75.17021276595744,2026-03-05 08:25:00,0.2872340425531915,0.7127659574468085
bohdan pyrtyk,ivan krivoy,41,14,4.0,74.73170731707317,2025-11-24 05:55:00,0.34146341463414637,0.6585365853658536
bohdan pyrtyk,mykhailo urban,36,12,3.861111111111111,71.5,2024-10-29 10:55:00,0.3333333333333333,0.6666666666666667
bohdan pyrtyk,mykola kulynych,96,28,4.052083333333333,76.02083333333333,2025-12-30 06:55:00,0.2916666666666667,0.7083333333333333
bohdan pyrtyk,mykolay treschetka,30,9,4.033333333333333,73.9,2025-11-13 09:25:00,0.3,0.7
bohdan pyrtyk,oleg gil,64,16,4.171875,78.421875,2025-09-15 11:25:00,0.25,0.75
bohdan pyrtyk,oleksandr maslovskyi,64,20,3.953125,73.71875,2026-03-12 12:25:00,0.3125,0.6875
bohdan pyrtyk,vasil salivonchyk,29,10,3.9655172413793105,74.06896551724138,2025-11-24 06:55:00,0.3448275862068966,0.6551724137931034
bohdan pyrtyk,viktor kodola,51,15,4.019607843137255,75.88235294117646,2026-04-15 05:55:00,0.29411764705882354,0.7058823529411764
cecillia frema,viktor kodola,20,9,3.7,71.15,2026-04-15 10:25:00,0.45,0.55
daniil habrelyan,evhenii hrytsenko,44,13,4.0,74.45454545454545,2026-02-14 11:40:00,0.29545454545454547,0.7045454545454546
daniil habrelyan,ivan nitchenko,59,19,3.9661016949152543,74.37288135593221,2026-02-07 11:40:00,0.3220338983050847,0.6779661016949152
daniil habrelyan,maksym tiutiunnyk,93,26,4.043010752688172,74.59139784946237,2026-03-29 10:30:00,0.27956989247311825,0.7204301075268817
daniil habrelyan,mykhailo sokur,24,5,4.166666666666667,78.0,2025-12-12 12:20:00,0.20833333333333334,0.7916666666666666
daniil habrelyan,mykyta zinov,27,12,3.7777777777777777,70.25925925925925,2025-09-26 11:20:00,0.4444444444444444,0.5555555555555556
daniil habrelyan,oleg varlamov,90,26,4.088888888888889,75.37777777777778,2026-02-01 10:30:00,0.28888888888888886,0.7111111111111111
daniil habrelyan,oleh kuzyshyn,32,10,3.90625,70.5625,2026-03-29 04:30:00,0.3125,0.6875
daniil habrelyan,oleh volynets,30,9,4.1,74.33333333333333,2026-04-11 05:35:00,0.3,0.7
daniil habrelyan,oleksandr strutinskiy,20,9,3.8,67.65,2025-12-27 13:20:00,0.45,0.55
daniil habrelyan,oleksandr zhyrnov,58,21,4.155172413793103,85.89655172413794,2026-04-12 06:00:00,0.3620689655172414,0.6379310344827587
daniil habrelyan,pavlo lavrynenko,80,22,4.0625,73.925,2026-01-18 10:00:00,0.275,0.725
daniil habrelyan,roman pomin,33,11,3.8484848484848486,69.78787878787878,2026-02-14 15:40:00,0.3333333333333333,0.6666666666666667
daniil habrelyan,valentyn lutsenko,24,7,4.125,75.54166666666667,2024-10-11 20:20:00,0.2916666666666667,0.7083333333333333
daniil habrelyan,valerii merzlikin,45,19,3.7777777777777777,69.33333333333333,2026-03-28 16:10:00,0.4222222222222222,0.5777777777777777
daniil habrelyan,volodymyr bilobrov,33,16,3.6666666666666665,66.18181818181819,2025-09-07 08:30:00,0.48484848484848486,0.5151515151515151
daniil habrelyan,yaroslav kovshun,27,6,4.111111111111111,78.66666666666667,2026-01-11 10:30:00,0.2222222222222222,0.7777777777777778
daniil habrelyan,yaroslav makovka,67,25,4.0,73.56716417910448,2026-03-29 06:00:00,0.373134328358209,0.6268656716417911
daniil habrelyan,yevhen skorobahatyi,46,20,3.739130434782609,69.6086956521739,2025-12-30 13:20:00,0.43478260869565216,0.5652173913043479
daniil osipenko,dmytro rehotun,23,7,4.173913043478261,78.26086956521739,2025-02-20 18:55:00,0.30434782608695654,0.6956521739130435
daniil osipenko,eduard rubtsov,34,12,3.9411764705882355,74.76470588235294,2025-04-09 21:55:00,0.35294117647058826,0.6470588235294117
daniil osipenko,oleksandr v kovalchuk,25,7,3.92,73.52,2025-04-09 22:55:00,0.28,0.72
daniil osipenko,spartak abalmaz,23,9,3.8260869565217392,71.17391304347827,2025-04-09 01:55:00,0.391304347826087,0.6086956521739131
danylo us,dmitriy kim,46,10,4.130434782608695,78.8695652173913,2026-04-13 01:05:00,0.21739130434782608,0.782608695652174
danylo us,dmytro derevynskyi,27,8,3.888888888888889,75.29629629629629,2026-01-03 01:05:00,0.2962962962962963,0.7037037037037037
danylo us,maxim marchuk,26,8,4.0,78.34615384615384,2026-01-11 01:35:00,0.3076923076923077,0.6923076923076923
danylo us,mykola polysynskyi,50,18,3.9,73.0,2026-04-20 17:25:00,0.36,0.64
danylo us,oleksandr gomilko,28,10,3.857142857142857,72.92857142857143,2026-01-10 22:35:00,0.35714285714285715,0.6428571428571428
danylo us,oleksandr maslov,39,10,3.9743589743589745,76.66666666666667,2026-03-13 02:55:00,0.2564102564102564,0.7435897435897436
danylo us,oleksandr melashenko,44,11,4.113636363636363,79.47727272727273,2026-02-01 22:25:00,0.25,0.75
danylo us,serhii khandetskyi,37,10,4.216216216216216,77.78378378378379,2026-04-20 18:25:00,0.2702702702702703,0.7297297297297297
danylo us,serhii pitsyk,26,4,4.115384615384615,78.07692307692308,2026-04-15 22:35:00,0.15384615384615385,0.8461538461538461
danylo us,viktor sharpay,25,6,4.16,78.24,2026-02-10 01:05:00,0.24,0.76
danylo us,yan krol,27,6,4.148148148148148,78.96296296296296,2026-01-11 05:05:00,0.2222222222222222,0.7777777777777778
danylo us,yaroslav stepanchuk,39,11,4.153846153846154,80.7948717948718,2026-04-15 21:05:00,0.28205128205128205,0.717948717948718
david brichacek,lukas provaznik,20,4,4.25,79.55,2026-04-12 16:00:00,0.2,0.8
david chmelik,josef pavelka,22,9,3.8181818181818183,70.63636363636364,2024-10-28 09:26:40,0.4090909090909091,0.5909090909090908
david chmelik,milan cuba,20,4,4.1,77.65,2025-02-09 19:00:00,0.2,0.8
david sabuka,jachym juppa,40,8,4.1,78.525,2026-04-18 19:00:00,0.2,0.8
david sabuka,jan herink,28,3,4.357142857142857,81.0,2025-11-20 10:45:00,0.10714285714285714,0.8928571428571429
david sabuka,karel farsky,34,11,4.0588235294117645,75.73529411764706,2026-03-26 21:44:11,0.3235294117647059,0.6764705882352942
david sabuka,ladislav tuma,42,12,4.0476190476190474,76.4047619047619,2025-06-12 17:30:00,0.2857142857142857,0.7142857142857143
david sabuka,leon kolman,65,10,4.230769230769231,79.56923076923077,2026-04-17 13:03:49,0.15384615384615385,0.8461538461538461
david sabuka,libor stacho,71,4,4.408450704225352,83.14084507042253,2025-03-26 12:30:00,0.056338028169014086,0.9436619718309859
david sabuka,matej stach,32,7,4.09375,76.96875,2026-04-17 09:30:00,0.21875,0.78125
david sabuka,oleh plyska,64,16,4.0625,76.875,2025-10-29 10:40:36,0.25,0.75
david sabuka,ondrej chadima,26,8,4.038461538461538,76.03846153846153,2026-04-15 12:54:45,0.3076923076923077,0.6923076923076923
david sabuka,ondrej karpisek,65,22,3.953846153846154,74.50769230769231,2026-04-05 18:45:00,0.3384615384615385,0.6615384615384615
david sabuka,petr kotrbacek,21,5,4.0476190476190474,76.76190476190476,2025-04-05 18:30:00,0.23809523809523808,0.7619047619047619
david sabuka,petr maly,20,4,4.3,83.2,2026-01-09 19:00:00,0.2,0.8
david sabuka,roman merkl,20,4,4.3,81.7,2026-03-27 13:29:29,0.2,0.8
david sabuka,tadeas bertho,20,4,4.15,78.4,2026-04-15 10:45:00,0.2,0.8
david sabuka,tomas hanke,54,18,4.0,75.11111111111111,2026-01-25 08:15:00,0.3333333333333333,0.6666666666666667
david sabuka,vladimir lopata,27,6,4.222222222222222,79.66666666666667,2026-03-19 13:59:05,0.2222222222222222,0.7777777777777778
david sabuka,zdenek kuksa,20,6,4.1,76.8,2026-04-06 11:45:00,0.3,0.7
denis mykytuk,ivan pytsko,57,16,3.9473684210526314,74.01754385964912,2024-07-29 09:05:00,0.2807017543859649,0.7192982456140351
denis mykytuk,mykola slozka,24,9,3.7916666666666665,71.79166666666667,2024-11-22 08:35:00,0.375,0.625
denis mykytuk,myroslav loboda,134,34,4.067164179104478,76.86567164179104,2025-10-03 05:05:00,0.2537313432835821,0.7462686567164178
denis mykytuk,oleh chulanov,23,5,4.043478260869565,76.6086956521739,2025-02-28 10:35:00,0.21739130434782608,0.782608695652174
denis mykytuk,oleksandr budnikov,47,16,4.042553191489362,74.36170212765957,2025-10-02 13:35:00,0.3404255319148936,0.6595744680851063
denis mykytuk,oleksandr hainovskyi,129,28,4.217054263565892,82.13953488372093,2025-05-15 17:35:00,0.21705426356589147,0.7829457364341086
denis mykytuk,oleksandr strutinskiy,70,21,4.071428571428571,74.21428571428571,2025-06-20 07:35:00,0.3,0.7
denis mykytuk,rostyslav fedyna,29,7,4.206896551724138,76.34482758620689,2024-09-13 09:35:00,0.2413793103448276,0.7586206896551724
denis mykytuk,serhii maksymiv,22,6,4.181818181818182,79.13636363636364,2025-10-03 08:35:00,0.2727272727272727,0.7272727272727273
denis mykytuk,volodymyr ivasiv,51,13,4.078431372549019,75.68627450980392,2025-08-08 09:35:00,0.2549019607843137,0.7450980392156863
denis mykytuk,volodymyr kaidakov,88,28,3.965909090909091,76.42045454545455,2025-10-03 07:05:00,0.3181818181818182,0.6818181818181819
denis mykytuk,volodymyr korobko,130,49,3.9153846153846152,72.96923076923076,2025-09-18 00:00:00,0.3769230769230769,0.6230769230769231
denis mykytuk,volodymyr okopnyi,148,44,4.081081081081081,80.75,2025-10-02 19:05:00,0.2972972972972973,0.7027027027027026
denis mykytuk,yaroslav tebenko,62,18,3.9838709677419355,75.80645161290323,2025-01-10 08:35:00,0.2903225806451613,0.7096774193548387
denis mykytuk,yaroslav vorsulyak,25,5,4.12,78.2,2025-08-28 12:05:00,0.2,0.8
denys kantarevych,denys maltsev,33,6,4.151515151515151,77.36363636363636,2025-11-19 08:35:00,0.18181818181818182,0.8181818181818181
denys kantarevych,ivan pytsko,53,22,3.9056603773584904,72.81132075471699,2026-01-12 10:35:00,0.41509433962264153,0.5849056603773585
denys kantarevych,maksym khomenko,43,14,4.488372093023256,93.72093023255815,2026-01-16 18:55:00,0.32558139534883723,0.6744186046511628
denys kantarevych,mykhailo potapov,29,4,4.241379310344827,82.37931034482759,2026-01-04 00:00:00,0.13793103448275862,0.8620689655172413
denys kantarevych,oleksii golubiev,25,11,3.84,74.36,2026-01-05 05:35:00,0.44,0.56
denys kantarevych,oles kotsyumbas,26,8,4.0,77.23076923076923,2025-10-22 06:35:00,0.3076923076923077,0.6923076923076923
denys kantarevych,yaroslav tebenko,47,11,4.170212765957447,79.36170212765957,2026-01-16 17:25:00,0.23404255319148937,0.7659574468085106
denys khavanskyi,serhii semenets,28,15,3.642857142857143,66.42857142857143,2026-04-08 19:20:00,0.5357142857142857,0.4642857142857143
denys khavanskyi,serhii solomko,23,10,3.739130434782609,68.78260869565217,2026-04-20 12:20:00,0.43478260869565216,0.5652173913043479
denys khavanskyi,vladyslav stukalov,33,8,4.090909090909091,74.0909090909091,2025-12-06 12:00:00,0.24242424242424243,0.7575757575757576
denys kovtanyuk,oleksandr kolos,25,8,4.0,76.28,2026-04-18 11:30:00,0.32,0.6799999999999999
denys kovtanyuk,roman boklah,23,11,3.782608695652174,67.56521739130434,2026-04-12 12:00:00,0.4782608695652174,0.5217391304347826
denys kovtanyuk,vitalii klymenko,22,10,3.8181818181818183,69.4090909090909,2026-04-18 06:00:00,0.45454545454545453,0.5454545454545454
denys kozoriz,dmitriy belanchik,20,8,3.85,70.8,2026-03-05 16:55:00,0.4,0.6
denys kozoriz,mykhailo vivatenko,27,9,3.925925925925926,72.18518518518519,2026-03-06 06:25:00,0.3333333333333333,0.6666666666666667
denys kozoriz,mykolay treschetka,22,12,3.5454545454545454,64.86363636363636,2025-12-19 05:55:00,0.5454545454545454,0.4545454545454546
denys kozoriz,oleh martynenko,40,13,3.95,73.9,2026-03-06 07:25:00,0.325,0.675
denys kozoriz,orest melnik,39,11,3.9743589743589745,71.7948717948718,2026-04-07 13:55:00,0.28205128205128205,0.717948717948718
denys kozoriz,roman mazur,22,7,3.8636363636363638,68.04545454545455,2026-04-08 06:55:00,0.3181818181818182,0.6818181818181819
denys kozoriz,serhii kryvoshyi,56,25,3.8214285714285716,67.44642857142857,2026-04-08 05:25:00,0.44642857142857145,0.5535714285714286
denys maltsev,dmytro shchegelskyi,33,7,4.090909090909091,76.75757575757575,2026-03-26 21:45:00,0.21212121212121213,0.7878787878787878
denys maltsev,eduard bernatskyi,42,12,4.119047619047619,77.85714285714286,2025-09-24 04:35:00,0.2857142857142857,0.7142857142857143
denys maltsev,gil taras,40,10,4.125,75.775,2026-01-25 05:55:00,0.25,0.75
denys maltsev,ivan fashchevskyi,28,9,4.035714285714286,76.10714285714286,2026-04-08 11:35:00,0.32142857142857145,0.6785714285714286
denys maltsev,ivan pytsko,38,10,4.078947368421052,77.8157894736842,2026-03-04 09:35:00,0.2631578947368421,0.736842105263158
denys maltsev,kyrylo tkachenko,25,7,4.2,79.8,2025-09-30 13:55:00,0.28,0.72
denys maltsev,maksym khomenko,91,32,3.9450549450549453,71.03296703296704,2026-03-28 01:45:00,0.3516483516483517,0.6483516483516483
denys maltsev,mykhailo hlaholev,23,8,3.9565217391304346,74.26086956521739,2025-01-25 11:55:00,0.34782608695652173,0.6521739130434783
denys maltsev,mykhailo potapov,23,3,4.260869565217392,77.69565217391305,2026-02-10 18:25:00,0.13043478260869565,0.8695652173913043
denys maltsev,mykola kulynych,30,8,4.133333333333334,77.66666666666667,2024-06-20 05:55:00,0.26666666666666666,0.7333333333333334
denys maltsev,mykola slozka,29,9,4.0,76.6896551724138,2026-04-01 06:05:00,0.3103448275862069,0.6896551724137931
denys maltsev,oleh hudyma,21,7,4.142857142857143,75.57142857142857,2026-03-24 13:05:00,0.3333333333333333,0.6666666666666667
denys maltsev,oleh savenkov,86,19,4.093023255813954,75.87209302325581,2026-02-15 10:55:00,0.22093023255813954,0.7790697674418605
denys maltsev,oleksii golubiev,41,13,3.8780487804878048,71.8780487804878,2026-04-14 06:05:00,0.3170731707317073,0.6829268292682926
denys maltsev,oles kotsyumbas,27,6,4.296296296296297,80.81481481481481,2025-10-23 07:35:00,0.2222222222222222,0.7777777777777778
denys maltsev,orest melnik,40,12,4.05,76.975,2025-09-04 05:55:00,0.3,0.7
denys maltsev,pavlo chyzh,46,12,3.9565217391304346,74.8913043478261,2025-10-29 08:55:00,0.2608695652173913,0.7391304347826086
denys maltsev,roman bihun,31,7,4.161290322580645,77.61290322580645,2026-01-10 07:25:00,0.22580645161290322,0.7741935483870968
denys maltsev,roman mazur,43,9,4.186046511627907,78.06976744186046,2025-10-08 07:25:00,0.20930232558139536,0.7906976744186046
denys maltsev,roman oliinyk,33,12,3.9393939393939394,77.15151515151516,2024-12-28 12:25:00,0.36363636363636365,0.6363636363636364
denys maltsev,rostyslav fylypiv,81,28,3.9012345679012346,71.07407407407408,2025-07-06 04:55:00,0.345679012345679,0.654320987654321
denys maltsev,ruslan andrishak,26,9,3.8846153846153846,71.34615384615384,2025-11-23 07:25:00,0.34615384615384615,0.6538461538461539
denys maltsev,serhii kryvoshyi,59,21,3.8983050847457625,71.0,2025-10-29 05:55:00,0.3559322033898305,0.6440677966101696
denys maltsev,serhii prus,58,27,3.810344827586207,70.15517241379311,2026-02-15 05:25:00,0.46551724137931033,0.5344827586206897
denys maltsev,viktor kodola,34,16,3.676470588235294,66.08823529411765,2024-06-20 09:55:00,0.47058823529411764,0.5294117647058824
denys maltsev,vladyslav kovalchuk,23,5,4.130434782608695,74.08695652173913,2026-04-14 08:05:00,0.21739130434782608,0.782608695652174
denys maltsev,volodymyr ivasiv,111,31,4.009009009009009,76.04504504504504,2026-03-22 02:30:00,0.27927927927927926,0.7207207207207207
denys maltsev,yaroslav tebenko,48,14,4.104166666666667,76.3125,2026-04-14 11:35:00,0.2916666666666667,0.7083333333333333
denys nemchenko,oleksandr mishchenko,31,21,3.4193548387096775,64.09677419354838,2024-03-29 04:25:00,0.6774193548387096,0.32258064516129037
denys nemchenko,oleksandr v kovalchuk,32,16,3.75,68.25,2024-03-28 23:55:00,0.5,0.5
denys nemchenko,pavel plakushchyi,23,11,3.652173913043478,70.04347826086956,2024-03-29 01:25:00,0.4782608695652174,0.5217391304347826
denys nemchenko,serhii chelpanov,23,12,3.6956521739130435,68.04347826086956,2024-03-28 22:25:00,0.5217391304347826,0.4782608695652174
denys nemchenko,spartak abalmaz,20,6,3.85,72.75,2024-03-27 23:55:00,0.3,0.7
denys pesternikov,denys shcherbak,26,10,3.923076923076923,72.46153846153847,2026-04-18 11:05:00,0.38461538461538464,0.6153846153846154
denys pesternikov,dmytro zeniuk,184,60,3.972826086956522,73.40217391304348,2026-01-02 03:30:00,0.32608695652173914,0.6739130434782609
denys pesternikov,ivan kozachuk,338,100,4.017751479289941,74.80177514792899,2026-04-20 00:15:00,0.2958579881656805,0.7041420118343196
denys pesternikov,mykhailo kistechko,290,109,3.8448275862068964,72.02758620689656,2025-11-08 08:35:00,0.3758620689655172,0.6241379310344828
denys pesternikov,nazar kovalchuk,28,8,4.035714285714286,77.0,2026-04-19 22:15:00,0.2857142857142857,0.7142857142857143
denys pesternikov,nazarii hrytsyienko,24,11,3.6666666666666665,68.16666666666667,2024-03-05 00:00:00,0.4583333333333333,0.5416666666666667
denys pesternikov,oleh bandurka,283,73,4.049469964664311,75.14840989399293,2026-04-14 06:55:00,0.2579505300353357,0.7420494699646643
denys pesternikov,roman zholubak,64,12,4.0625,74.34375,2025-12-15 01:30:00,0.1875,0.8125
denys pesternikov,ruslan haiseniuk,21,8,3.857142857142857,71.76190476190476,2026-01-23 04:00:00,0.38095238095238093,0.6190476190476191
denys pesternikov,serhii rak,94,27,4.053191489361702,74.54255319148936,2026-04-20 02:45:00,0.2872340425531915,0.7127659574468085
denys pesternikov,vasily verbyany,63,22,3.9682539682539684,73.19047619047619,2025-12-15 00:30:00,0.3492063492063492,0.6507936507936508
denys pesternikov,volodymyr plishylo,143,47,3.895104895104895,71.87412587412588,2026-04-10 02:30:00,0.32867132867132864,0.6713286713286714
denys pesternikov,yaroslav kravets,31,11,3.838709677419355,69.96774193548387,2026-04-18 09:05:00,0.3548387096774194,0.6451612903225806
denys shcherbak,ivan kozachuk,27,6,4.037037037037037,74.03703703703704,2026-04-20 15:55:00,0.2222222222222222,0.7777777777777778
denys shcherbak,ivan romaniak,20,7,4.1,74.8,2026-04-18 10:05:00,0.35,0.65
denys shcherbak,serhii rak,28,10,3.8214285714285716,71.82142857142857,2026-04-20 18:25:00,0.35714285714285715,0.6428571428571428
dmitriy belanchik,kyrylo tkachenko,33,10,4.090909090909091,77.78787878787878,2025-09-09 16:55:00,0.30303030303030304,0.696969696969697
dmitriy belanchik,maksym khomenko,25,8,4.08,74.56,2025-03-22 17:25:00,0.32,0.6799999999999999
dmitriy belanchik,mykhailo hlaholev,32,13,3.9375,72.84375,2025-07-18 09:25:00,0.40625,0.59375
dmitriy belanchik,orest melnik,23,11,3.739130434782609,69.34782608695652,2026-04-01 11:25:00,0.4782608695652174,0.5217391304347826
dmitriy belanchik,serhii kryvoshyi,31,7,4.096774193548387,75.6774193548387,2026-04-01 05:55:00,0.22580645161290322,0.7741935483870968
dmitriy belanchik,serhii prus,36,11,4.166666666666667,74.77777777777777,2026-02-28 09:25:00,0.3055555555555556,0.6944444444444444
dmitriy belanchik,yurii parahailo,27,7,3.925925925925926,73.55555555555556,2024-04-08 08:25:00,0.25925925925925924,0.7407407407407407
dmitriy kim,eldar alekperov,22,7,3.9545454545454546,75.0909090909091,2026-04-02 23:35:00,0.3181818181818182,0.6818181818181819
dmitriy kim,hryhorii kulishov,145,37,3.986206896551724,75.87586206896552,2026-04-21 02:05:00,0.25517241379310346,0.7448275862068965
dmitriy kim,kostiantyn kovalchuk,76,22,3.9473684210526314,74.86842105263158,2024-08-20 01:55:00,0.2894736842105263,0.7105263157894737
dmitriy kim,mykola polysynskyi,117,29,4.042735042735043,75.41025641025641,2026-04-15 04:05:00,0.24786324786324787,0.7521367521367521
dmitriy kim,oleksandr maslov,54,11,4.148148148148148,78.03703703703704,2026-03-09 17:55:00,0.2037037037037037,0.7962962962962963
dmitriy kim,oleksandr melashenko,133,40,4.007518796992481,75.63157894736842,2026-02-09 04:35:00,0.3007518796992481,0.6992481203007519
dmitriy kim,ruslan yaremenko,134,35,4.007462686567164,76.02985074626865,2025-12-18 04:05:00,0.26119402985074625,0.7388059701492538
dmitriy kim,serhii chuliukov,105,24,4.095238095238095,78.4952380952381,2026-04-21 00:05:00,0.22857142857142856,0.7714285714285715
dmitriy kim,serhii pitsyk,83,25,3.927710843373494,74.55421686746988,2026-04-20 01:35:00,0.30120481927710846,0.6987951807228916
dmitriy kim,viktor sharpay,78,27,3.948717948717949,74.61538461538461,2026-01-06 02:05:00,0.34615384615384615,0.6538461538461539
dmitriy kim,vitalii husiev,31,8,4.064516129032258,74.80645161290323,2024-05-20 21:05:00,0.25806451612903225,0.7419354838709677
dmitriy kim,vitalii kobets,134,41,3.9402985074626864,74.09701492537313,2026-04-14 22:05:00,0.30597014925373134,0.6940298507462687
dmitriy kim,yaroslav stepanchuk,158,39,4.069620253164557,76.09493670886076,2026-04-10 02:35:00,0.2468354430379747,0.7531645569620253
dmitriy kim,yevhen bielokon,46,12,4.021739130434782,74.6304347826087,2024-07-08 22:35:00,0.2608695652173913,0.7391304347826086
dmitriy kim,yevhenii sokoltsov,154,43,4.012987012987013,74.54545454545455,2026-04-20 23:05:00,0.2792207792207792,0.7207792207792207
dmitriy zaporozhets,ihor emets,29,7,4.068965517241379,75.10344827586206,2024-07-11 07:50:00,0.2413793103448276,0.7586206896551724
dmitriy zaporozhets,oleksandr tymofeev,34,8,4.205882352941177,80.17647058823529,2024-07-16 15:40:00,0.23529411764705882,0.7647058823529411
dmitriy zaporozhets,serhii hovorunets,22,10,3.772727272727273,69.04545454545455,2024-07-05 08:05:00,0.45454545454545453,0.5454545454545454
dmitriy zaporozhets,serhii solomko,53,13,4.0754716981132075,74.64150943396227,2024-07-11 12:50:00,0.24528301886792453,0.7547169811320755
dmitriy zaporozhets,vitalii mukhin,47,15,3.9574468085106385,73.04255319148936,2024-07-11 08:50:00,0.3191489361702128,0.6808510638297872
dmitriy zaporozhets,volodymyr melnykov,33,10,3.878787878787879,71.36363636363636,2024-07-16 14:40:00,0.30303030303030304,0.696969696969697
dmitro kuzmenko,dmytro prylepa,77,27,3.844155844155844,70.37662337662337,2026-03-30 05:00:00,0.35064935064935066,0.6493506493506493
dmitro kuzmenko,evhenii hrytsenko,44,16,3.8636363636363638,71.72727272727273,2025-05-04 09:30:00,0.36363636363636365,0.6363636363636364
dmitro kuzmenko,ihor torhachov,27,9,3.925925925925926,71.55555555555556,2026-02-18 07:30:00,0.3333333333333333,0.6666666666666667
dmitro kuzmenko,ivan fedoryshyn,22,14,3.409090909090909,62.09090909090909,2026-03-23 07:00:00,0.6363636363636364,0.36363636363636365
dmitro kuzmenko,maksym hubenko,73,32,3.8219178082191783,70.97260273972603,2026-04-17 07:00:00,0.4383561643835616,0.5616438356164384
dmitro kuzmenko,oleh kurylenko,159,55,3.8867924528301887,72.88050314465409,2026-04-20 07:00:00,0.34591194968553457,0.6540880503144655
dmitro kuzmenko,oleksandr lyman,59,18,4.101694915254237,77.20338983050847,2026-04-15 11:00:00,0.3050847457627119,0.6949152542372881
dmitro kuzmenko,oleksandr syksa,116,32,4.008620689655173,76.75,2026-04-14 06:00:00,0.27586206896551724,0.7241379310344828
dmitro kuzmenko,oleksandr ziakun,100,29,3.99,76.05,2026-04-20 09:00:00,0.29,0.71
dmitro kuzmenko,roman tveritinov,138,64,3.681159420289855,70.1159420289855,2026-04-20 11:00:00,0.463768115942029,0.536231884057971
dmitro kuzmenko,roman zaporozhets,23,9,3.9130434782608696,73.21739130434783,2025-03-18 06:30:00,0.391304347826087,0.6086956521739131
dmitro kuzmenko,serhii aristarkhov,79,29,3.848101265822785,70.87341772151899,2026-02-14 13:00:00,0.3670886075949367,0.6329113924050633
dmitro kuzmenko,serhii chuhai,43,28,3.441860465116279,61.604651162790695,2026-04-20 08:00:00,0.6511627906976745,0.34883720930232553
dmitro kuzmenko,serhii maliuk,44,19,3.840909090909091,68.86363636363636,2026-04-17 05:00:00,0.4318181818181818,0.5681818181818181
dmitro kuzmenko,serhii miroshnychenko,107,36,3.9906542056074765,73.54205607476635,2026-04-20 05:30:00,0.3364485981308411,0.6635514018691588
dmitro kuzmenko,serhii priadko,25,5,4.16,79.48,2026-01-07 09:00:00,0.2,0.8
dmitro kuzmenko,viktor ziakun,21,8,3.8095238095238093,70.57142857142857,2026-03-31 06:30:00,0.38095238095238093,0.6190476190476191
dmitro kuzmenko,volodymyr tatarnykov,37,14,3.864864864864865,71.37837837837837,2026-02-14 17:30:00,0.3783783783783784,0.6216216216216216
dmytro baistriuchenko,dmytro yurkov,71,27,3.8450704225352115,71.3943661971831,2024-11-07 10:00:00,0.38028169014084506,0.619718309859155
dmytro baistriuchenko,roman horokh,107,33,4.02803738317757,76.24299065420561,2024-11-03 10:30:00,0.308411214953271,0.691588785046729
dmytro baistriuchenko,serhii ponomarenko,92,23,4.0,74.44565217391305,2024-11-07 09:30:00,0.25,0.75
dmytro baistriuchenko,vadim komar,23,4,4.130434782608695,78.91304347826087,2024-11-07 11:00:00,0.17391304347826086,0.8260869565217391
dmytro chernyshov,dmytro rehotun,21,8,3.8095238095238093,72.42857142857143,2024-04-16 21:25:00,0.38095238095238093,0.6190476190476191
dmytro chernyshov,maksym tytskyi,26,14,3.6153846153846154,68.5,2024-05-04 01:25:00,0.5384615384615384,0.46153846153846156
dmytro chernyshov,oleksandr mishchenko,26,6,3.8846153846153846,72.26923076923077,2024-05-03 03:55:00,0.23076923076923078,0.7692307692307692
dmytro chernyshov,oleksandr v kovalchuk,32,8,4.0625,76.8125,2024-05-04 03:55:00,0.25,0.75
dmytro chernyshov,serhii chelpanov,21,7,3.9047619047619047,70.85714285714286,2024-05-03 23:25:00,0.3333333333333333,0.6666666666666667
dmytro chernyshov,spartak abalmaz,28,5,4.357142857142857,79.75,2024-05-04 02:55:00,0.17857142857142858,0.8214285714285714
dmytro derevynskyi,dmytro rehotun,40,8,4.2,78.55,2026-02-03 23:55:00,0.2,0.8
dmytro derevynskyi,kostiantyn hrynenko,245,70,4.040816326530612,75.78367346938775,2026-04-17 01:25:00,0.2857142857142857,0.7142857142857143
dmytro derevynskyi,maxim marchuk,114,25,4.0964912280701755,77.2719298245614,2026-03-08 00:35:00,0.21929824561403508,0.7807017543859649
dmytro derevynskyi,mykhailo diachenko,65,12,4.123076923076923,76.44615384615385,2024-05-15 18:05:00,0.18461538461538463,0.8153846153846154
dmytro derevynskyi,oleksandr buberenko,76,16,4.276315789473684,78.60526315789474,2025-02-26 16:55:00,0.21052631578947367,0.7894736842105263
dmytro derevynskyi,oleksandr gomilko,116,28,4.2155172413793105,79.64655172413794,2026-03-08 02:35:00,0.2413793103448276,0.7586206896551724
dmytro derevynskyi,oleksandr kovalchuk,33,10,4.03030303030303,76.81818181818181,2024-03-20 15:05:00,0.30303030303030304,0.696969696969697
dmytro derevynskyi,oleksandr melashenko,39,9,4.0256410256410255,76.48717948717949,2026-04-21 01:25:00,0.23076923076923078,0.7692307692307692
dmytro derevynskyi,oleksandr naida,145,38,4.082758620689655,76.35862068965517,2026-04-21 03:55:00,0.2620689655172414,0.7379310344827585
dmytro derevynskyi,oleksii shyndel,41,13,4.048780487804878,74.65853658536585,2026-04-12 23:55:00,0.3170731707317073,0.6829268292682926
dmytro derevynskyi,roman gnoevoy,212,41,4.188679245283019,80.08490566037736,2026-04-20 23:25:00,0.19339622641509435,0.8066037735849056
dmytro derevynskyi,spartak abalmaz,24,4,4.083333333333333,77.66666666666667,2026-04-20 21:25:00,0.16666666666666666,0.8333333333333334
dmytro derevynskyi,valentyn lobas,122,33,4.032786885245901,75.28688524590164,2026-02-21 23:35:00,0.27049180327868855,0.7295081967213115
dmytro derevynskyi,vitalii khamurda,179,51,3.9497206703910615,75.37988826815642,2026-03-29 17:55:00,0.2849162011173184,0.7150837988826816
dmytro derevynskyi,volodymyr vysotskyi,33,5,3.9393939393939394,73.87878787878788,2024-12-31 00:25:00,0.15151515151515152,0.8484848484848485
dmytro derevynskyi,yan krol,107,29,4.02803738317757,76.00934579439253,2026-03-07 23:05:00,0.27102803738317754,0.7289719626168225
dmytro derevynskyi,yaroslav buberenko,30,14,3.7666666666666666,71.43333333333334,2024-09-17 02:25:00,0.4666666666666667,0.5333333333333333
dmytro derevynskyi,yuriy kolesnik,21,2,4.285714285714286,80.0,2024-07-23 16:25:00,0.09523809523809523,0.9047619047619048
dmytro khairov,ihor vasylyshyn,27,5,4.296296296296297,78.62962962962963,2025-08-23 10:20:00,0.18518518518518517,0.8148148148148149
dmytro khairov,oleh karpenko,46,16,3.9130434782608696,74.97826086956522,2026-04-07 09:05:00,0.34782608695652173,0.6521739130434783
dmytro khairov,oleh volynets,39,6,4.205128205128205,79.48717948717949,2026-04-08 07:00:00,0.15384615384615385,0.8461538461538461
dmytro khairov,oleksandr mytsyk,56,18,3.875,72.94642857142857,2025-11-21 18:50:00,0.32142857142857145,0.6785714285714286
dmytro khairov,oleksandr tymofeev,48,12,4.395833333333333,86.1875,2026-04-05 06:05:00,0.25,0.75
dmytro khairov,sergii skhabitskiy,20,8,3.8,69.25,2025-03-28 11:30:00,0.4,0.6
dmytro khairov,stepan grygorenko,25,6,4.2,77.0,2025-12-14 10:05:00,0.24,0.76
dmytro khairov,vasiliy smyk,22,5,4.181818181818182,78.45454545454545,2025-01-31 15:10:00,0.22727272727272727,0.7727272727272727
dmytro khairov,vasily kondratenko,52,17,3.923076923076923,73.3076923076923,2025-02-04 14:10:00,0.3269230769230769,0.6730769230769231
dmytro khairov,yaroslav kovshun,102,31,4.117647058823529,80.58823529411765,2026-02-23 09:35:00,0.30392156862745096,0.696078431372549
dmytro khairov,yurii volkov,119,41,3.9159663865546217,71.68067226890756,2026-04-08 09:00:00,0.3445378151260504,0.6554621848739496
dmytro khairov,zdrobylko bohdan,36,13,4.055555555555555,74.41666666666667,2026-02-04 13:05:00,0.3611111111111111,0.6388888888888888
dmytro kryshtal,dmytro yurkov,47,8,4.148936170212766,77.95744680851064,2026-04-08 15:30:00,0.1702127659574468,0.8297872340425532
dmytro kryshtal,roman horokh,55,19,4.0181818181818185,73.85454545454546,2026-04-20 14:30:00,0.34545454545454546,0.6545454545454545
dmytro kryshtal,serhii balabei,39,8,4.205128205128205,79.07692307692308,2026-04-20 12:30:00,0.20512820512820512,0.7948717948717949
dmytro kryshtal,serhii ponomarenko,46,26,3.5652173913043477,66.56521739130434,2026-04-19 15:00:00,0.5652173913043478,0.4347826086956522
dmytro kryshtal,vadim komar,23,4,4.130434782608695,76.3913043478261,2026-03-13 15:30:00,0.17391304347826086,0.8260869565217391
dmytro kunchurov,kostiantyn klymenko,20,10,3.65,69.7,2025-01-03 08:30:00,0.5,0.5
dmytro kunchurov,kostiantyn tsoi,153,42,4.091503267973856,76.08496732026144,2026-04-18 06:35:00,0.27450980392156865,0.7254901960784313
dmytro kunchurov,maksym studinikin,23,9,3.739130434782609,69.26086956521739,2025-06-21 06:30:00,0.391304347826087,0.6086956521739131
dmytro kunchurov,mykhailo chumak,22,12,3.590909090909091,65.13636363636364,2024-12-29 09:05:00,0.5454545454545454,0.4545454545454546
dmytro kunchurov,oleg pereguda,24,8,3.9583333333333335,74.58333333333333,2025-04-14 09:30:00,0.3333333333333333,0.6666666666666667
dmytro kunchurov,oleh miklukha,41,10,4.073170731707317,76.39024390243902,2026-04-16 11:05:00,0.24390243902439024,0.7560975609756098
dmytro kunchurov,oleh ponomarenko,187,67,3.893048128342246,72.71657754010695,2026-04-18 08:35:00,0.3582887700534759,0.6417112299465241
dmytro kunchurov,oleh stopin,76,27,3.9342105263157894,73.53947368421052,2026-04-18 05:35:00,0.35526315789473684,0.6447368421052632
dmytro kunchurov,oleksandr bryzhevatyi,36,13,3.8055555555555554,70.94444444444444,2025-05-28 08:30:00,0.3611111111111111,0.6388888888888888
dmytro kunchurov,oleksandr osadchyi,33,15,3.727272727272727,69.75757575757575,2025-01-03 07:00:00,0.45454545454545453,0.5454545454545454
dmytro kunchurov,serhii semenets,84,30,3.880952380952381,72.98809523809524,2025-01-15 07:30:00,0.35714285714285715,0.6428571428571428
dmytro kunchurov,stanislav kucera,24,8,4.041666666666667,75.66666666666667,2026-04-16 05:35:00,0.3333333333333333,0.6666666666666667
dmytro kunchurov,stefan yakimenko,24,11,3.875,72.58333333333333,2025-01-06 10:30:00,0.4583333333333333,0.5416666666666667
dmytro kunchurov,vladyslav stukalov,143,45,4.013986013986014,73.82517482517483,2025-06-11 05:30:00,0.3146853146853147,0.6853146853146853
dmytro mishchenko,hryhorii kulishov,83,30,4.0120481927710845,74.79518072289157,2025-01-09 00:55:00,0.3614457831325301,0.6385542168674698
dmytro mishchenko,kostiantyn hrynenko,25,8,3.96,75.28,2025-05-10 03:35:00,0.32,0.6799999999999999
dmytro mishchenko,maxim marchuk,51,13,4.0,75.31372549019608,2025-05-17 23:35:00,0.2549019607843137,0.7450980392156863
dmytro mishchenko,mykola polysynskyi,64,24,3.921875,73.28125,2024-08-13 22:05:00,0.375,0.625
dmytro mishchenko,oleksandr gomilko,50,11,4.2,80.12,2025-05-18 01:35:00,0.22,0.78
dmytro mishchenko,oleksii shyndel,50,11,4.1,76.62,2025-05-17 22:05:00,0.22,0.78
dmytro mishchenko,pavlo volkov,20,6,4.0,74.5,2024-09-19 01:35:00,0.3,0.7
dmytro mishchenko,serhii chuliukov,47,13,4.1063829787234045,76.06382978723404,2025-02-05 15:25:00,0.2765957446808511,0.7234042553191489
dmytro mishchenko,serhii khandetskyi,40,15,3.875,70.6,2025-01-30 03:05:00,0.375,0.625
dmytro mishchenko,yan krol,50,14,4.08,75.56,2025-05-18 00:35:00,0.28,0.72
dmytro neborak,evgeniy gudimenko,31,4,4.258064516129032,79.09677419354838,2025-01-08 11:20:00,0.12903225806451613,0.8709677419354839
dmytro neborak,ivan arkhipov,79,20,4.177215189873418,78.9113924050633,2026-04-18 08:30:00,0.25316455696202533,0.7468354430379747
dmytro neborak,maksym mrykh,56,16,4.0,75.05357142857143,2025-10-07 15:50:00,0.2857142857142857,0.7142857142857143
dmytro neborak,mykyta zavada,28,9,4.035714285714286,73.75,2026-04-20 15:30:00,0.32142857142857145,0.6785714285714286
dmytro neborak,nazar petukh,31,11,3.967741935483871,72.83870967741936,2026-04-20 17:30:00,0.3548387096774194,0.6451612903225806
dmytro neborak,oleg pavlyuk,22,6,4.045454545454546,77.13636363636364,2026-03-07 08:50:00,0.2727272727272727,0.7272727272727273
dmytro neborak,oleksandr bielskyi,25,7,4.12,76.6,2025-05-23 08:35:00,0.28,0.72
dmytro neborak,oleksandr bondarchuk,111,30,3.990990990990991,74.31531531531532,2026-04-18 09:46:30,0.2702702702702703,0.7297297297297297
dmytro neborak,oleksandr borysiuk,34,8,4.117647058823529,77.88235294117646,2024-12-04 07:20:00,0.23529411764705882,0.7647058823529411
dmytro neborak,oleksandr ivchuk,88,29,3.9431818181818183,75.75,2026-04-17 12:40:00,0.32954545454545453,0.6704545454545454
dmytro neborak,oleksandr seliuchenko,57,14,4.12280701754386,79.3157894736842,2024-12-11 10:50:00,0.24561403508771928,0.7543859649122807
dmytro neborak,oleksandr shkurupii,137,31,4.145985401459854,78.18978102189782,2026-04-10 10:05:00,0.22627737226277372,0.7737226277372262
dmytro neborak,oleksandr zhurba,116,60,3.6810344827586206,67.17241379310344,2026-04-20 16:30:00,0.5172413793103449,0.48275862068965514
dmytro neborak,roman zholubak,68,21,4.029411764705882,73.92647058823529,2026-03-14 09:20:00,0.3088235294117647,0.6911764705882353
dmytro neborak,vladimir voronenko,22,6,4.136363636363637,75.36363636363636,2025-01-29 08:50:00,0.2727272727272727,0.7272727272727273
dmytro neborak,yevhen masko,24,11,3.7916666666666665,70.625,2025-07-25 06:20:00,0.4583333333333333,0.5416666666666667
dmytro novik,serhii honcharenko,30,15,3.7666666666666666,69.13333333333334,2026-03-30 07:00:00,0.5,0.5
dmytro novik,vasyl matviichuk,24,13,3.7916666666666665,69.66666666666667,2026-02-05 07:00:00,0.5416666666666666,0.45833333333333337
dmytro patalakha,eduard populovskyi,102,27,4.107843137254902,77.12745098039215,2026-02-07 15:50:00,0.2647058823529412,0.7352941176470589
dmytro patalakha,ihor vasylyshyn,29,5,4.103448275862069,76.65517241379311,2026-02-22 06:50:00,0.1724137931034483,0.8275862068965517
dmytro patalakha,oleksandr mytsyk,34,12,3.9411764705882355,74.91176470588235,2026-04-05 12:20:00,0.35294117647058826,0.6470588235294117
dmytro patalakha,oleksandr shyshman,20,5,3.8,69.9,2025-12-14 07:05:00,0.25,0.75
dmytro patalakha,oleksandr tymofeev,32,10,3.90625,73.4375,2026-03-22 11:50:00,0.3125,0.6875
dmytro patalakha,vasiliy smyk,59,17,4.0508474576271185,77.20338983050847,2026-04-05 09:50:00,0.288135593220339,0.711864406779661
dmytro patalakha,vasily kondratenko,27,7,4.074074074074074,74.74074074074075,2025-12-28 08:50:00,0.25925925925925924,0.7407407407407407
dmytro patalakha,volodymyr melnykov,25,7,4.08,74.56,2025-05-25 08:50:00,0.28,0.72
dmytro prylepa,evhenii hrytsenko,33,12,4.03030303030303,74.3030303030303,2025-06-01 09:00:00,0.36363636363636365,0.6363636363636364
dmytro prylepa,ivan fedoryshyn,112,36,3.9017857142857144,73.66071428571429,2026-04-19 05:30:00,0.32142857142857145,0.6785714285714286
dmytro prylepa,maksym baday,80,20,3.9625,74.3375,2026-02-15 06:00:00,0.25,0.75
dmytro prylepa,maksym hubenko,197,62,4.071065989847716,77.09644670050761,2026-04-16 10:30:00,0.3147208121827411,0.6852791878172588
dmytro prylepa,oleh kurylenko,86,18,4.0813953488372094,76.94186046511628,2026-04-16 06:00:00,0.20930232558139536,0.7906976744186046
dmytro prylepa,oleksandr syksa,145,41,4.062068965517241,77.93793103448276,2026-04-19 11:00:00,0.2827586206896552,0.7172413793103448
dmytro prylepa,roman tveritinov,168,63,3.6607142857142856,71.17857142857143,2026-04-19 08:00:00,0.375,0.625
dmytro prylepa,serhii aristarkhov,79,28,4.0,72.81012658227849,2026-04-19 07:00:00,0.35443037974683544,0.6455696202531646
dmytro prylepa,serhii chuhai,135,34,4.037037037037037,73.19259259259259,2026-04-16 04:30:00,0.2518518518518518,0.7481481481481482
dmytro prylepa,serhii miroshnychenko,93,28,3.956989247311828,74.17204301075269,2026-04-16 09:00:00,0.3010752688172043,0.6989247311827957
dmytro prylepa,volodymyr tatarnykov,45,12,4.022222222222222,74.57777777777778,2026-04-19 09:00:00,0.26666666666666666,0.7333333333333334
dmytro rehotun,eduard rubtsov,114,40,4.026315789473684,74.65789473684211,2025-11-21 01:25:00,0.3508771929824561,0.6491228070175439
dmytro rehotun,igor shyndel,33,10,4.0606060606060606,76.24242424242425,2024-06-15 15:55:00,0.30303030303030304,0.696969696969697
dmytro rehotun,kostiantyn hrynenko,49,16,3.9591836734693877,73.91836734693878,2026-03-10 14:55:00,0.32653061224489793,0.6734693877551021
dmytro rehotun,maksym tytskyi,96,42,3.7395833333333335,68.85416666666667,2024-11-08 01:55:00,0.4375,0.5625
dmytro rehotun,oleksandr kovalchuk,47,18,3.8085106382978724,72.97872340425532,2024-10-03 19:55:00,0.3829787234042553,0.6170212765957447
dmytro rehotun,oleksandr mishchenko,23,12,3.739130434782609,66.69565217391305,2025-11-21 02:55:00,0.5217391304347826,0.4782608695652174
dmytro rehotun,oleksandr naida,119,34,4.084033613445378,76.78991596638656,2026-03-10 18:25:00,0.2857142857142857,0.7142857142857143
dmytro rehotun,oleksandr v kovalchuk,69,19,4.0,75.76811594202898,2025-11-20 23:55:00,0.2753623188405797,0.7246376811594203
dmytro rehotun,oleksii shyndel,79,28,3.9240506329113924,73.24050632911393,2026-03-10 16:55:00,0.35443037974683544,0.6455696202531646
dmytro rehotun,pavel plakushchyi,35,11,4.0,75.71428571428571,2025-06-19 21:25:00,0.3142857142857143,0.6857142857142857
dmytro rehotun,roman gnoevoy,131,33,4.106870229007634,76.83206106870229,2026-03-10 20:25:00,0.25190839694656486,0.7480916030534351
dmytro rehotun,serhii chelpanov,29,13,3.8275862068965516,68.62068965517241,2025-07-30 22:55:00,0.4482758620689655,0.5517241379310345
dmytro rehotun,spartak abalmaz,106,25,4.122641509433962,76.15094339622641,2026-02-25 13:35:00,0.2358490566037736,0.7641509433962264
dmytro rehotun,valentyn lobas,39,6,4.0256410256410255,74.28205128205128,2025-12-31 17:25:00,0.15384615384615385,0.8461538461538461
dmytro rehotun,vitalii khamurda,146,49,3.856164383561644,73.36301369863014,2026-03-10 19:25:00,0.3356164383561644,0.6643835616438356
dmytro rehotun,yevhenii kryvorotko,25,12,3.56,64.64,2025-01-03 17:25:00,0.48,0.52
dmytro rehotun,yurii kurishchenko,39,6,4.153846153846154,77.02564102564102,2024-11-30 20:55:00,0.15384615384615385,0.8461538461538461
dmytro shchegelskyi,eduard bernatskyi,132,33,4.136363636363637,77.64393939393939,2025-09-08 11:35:00,0.25,0.75
dmytro shchegelskyi,ivan pytsko,61,10,4.213114754098361,80.59016393442623,2026-01-26 12:35:00,0.16393442622950818,0.8360655737704918
dmytro shchegelskyi,kyrylo tkachenko,26,8,4.153846153846154,75.53846153846153,2024-05-30 06:25:00,0.3076923076923077,0.6923076923076923
dmytro shchegelskyi,maksym khomenko,52,10,4.1923076923076925,77.40384615384616,2026-04-19 17:05:00,0.19230769230769232,0.8076923076923077
dmytro shchegelskyi,mykhailo potapov,78,9,4.371794871794871,83.06410256410257,2026-01-02 10:05:00,0.11538461538461539,0.8846153846153846
dmytro shchegelskyi,mykhailo syniavskyi,25,9,3.84,69.96,2024-08-21 11:25:00,0.36,0.64
dmytro shchegelskyi,mykola slozka,110,34,4.0636363636363635,77.18181818181819,2026-03-25 05:35:00,0.3090909090909091,0.6909090909090909
dmytro shchegelskyi,oleksandr budnikov,33,7,4.181818181818182,79.27272727272727,2026-04-20 09:05:00,0.21212121212121213,0.7878787878787878
dmytro shchegelskyi,oles kotsyumbas,135,24,4.303703703703704,82.96296296296296,2025-10-25 21:30:00,0.17777777777777778,0.8222222222222222
dmytro shchegelskyi,pavlo chyzh,28,7,4.214285714285714,78.57142857142857,2024-06-19 06:55:00,0.25,0.75
dmytro shchegelskyi,rostyslav fylypiv,40,9,4.2,82.0,2025-01-04 17:25:00,0.225,0.775
dmytro shchegelskyi,ruslan novak,58,15,4.120689655172414,77.62068965517241,2026-04-20 05:35:00,0.25862068965517243,0.7413793103448276
dmytro shchegelskyi,serhii kryvoshyi,20,3,4.25,81.15,2024-10-06 10:55:00,0.15,0.85
dmytro shchegelskyi,serhii prus,29,8,4.172413793103448,75.72413793103448,2025-03-31 20:00:00,0.27586206896551724,0.7241379310344828
dmytro shchegelskyi,vasyl moshovskyi,35,10,3.8857142857142857,71.45714285714286,2026-03-29 17:35:00,0.2857142857142857,0.7142857142857143
dmytro shchegelskyi,vladyslav kovalchuk,168,39,4.184523809523809,78.98214285714286,2026-03-29 16:05:00,0.23214285714285715,0.7678571428571428
dmytro shchegelskyi,volodymyr ivasiv,103,30,4.019417475728155,76.22330097087378,2026-04-20 11:05:00,0.2912621359223301,0.7087378640776699
dmytro shchegelskyi,volodymyr korobko,32,7,4.03125,73.90625,2026-04-12 01:00:00,0.21875,0.78125
dmytro shchegelskyi,yaroslav tebenko,67,15,4.268656716417911,79.53731343283582,2026-03-25 10:05:00,0.22388059701492538,0.7761194029850746
dmytro shchegelskyi,yaroslav vorsulyak,77,15,4.116883116883117,76.74025974025975,2026-04-12 17:05:00,0.19480519480519481,0.8051948051948052
dmytro shchegelskyi,yurii parahailo,121,23,4.214876033057851,78.25619834710744,2026-04-20 07:05:00,0.19008264462809918,0.8099173553719008
dmytro tsurkalenko,myhailo levytskii,23,8,3.9130434782608696,73.0,2026-03-15 08:30:00,0.34782608695652173,0.6521739130434783
dmytro tsurkalenko,oleh torianyk,28,7,4.107142857142857,78.03571428571429,2026-01-31 13:30:00,0.25,0.75
dmytro yurkov,igor shyndel,67,29,3.701492537313433,67.76119402985074,2026-02-15 08:00:00,0.43283582089552236,0.5671641791044777
dmytro yurkov,illia hubariev,52,32,3.519230769230769,63.21153846153846,2025-10-26 09:30:00,0.6153846153846154,0.3846153846153846
dmytro yurkov,myhailo levytskii,36,24,3.4166666666666665,61.416666666666664,2025-08-07 13:30:00,0.6666666666666666,0.33333333333333337
dmytro yurkov,petr kolesnik,22,10,3.727272727272727,67.68181818181819,2025-07-04 12:30:00,0.45454545454545453,0.5454545454545454
dmytro yurkov,roman horokh,414,137,3.949275362318841,72.3768115942029,2026-04-08 13:00:00,0.3309178743961353,0.6690821256038647
dmytro yurkov,serhii balabei,252,99,3.857142857142857,70.46428571428571,2026-04-08 16:30:00,0.39285714285714285,0.6071428571428572
dmytro yurkov,serhii kiilo,76,31,3.8157894736842106,69.77631578947368,2026-04-07 07:00:00,0.40789473684210525,0.5921052631578947
dmytro yurkov,serhii kushnirenko,40,22,3.5,63.4,2026-04-03 17:03:54,0.55,0.44999999999999996
dmytro yurkov,serhii ponomarenko,284,168,3.4788732394366195,62.33802816901409,2026-04-08 14:00:00,0.5915492957746479,0.4084507042253521
dmytro yurkov,vadim komar,244,64,4.05327868852459,77.24180327868852,2026-03-13 16:30:00,0.26229508196721313,0.7377049180327868
dmytro zeniuk,ivan kozachuk,196,70,3.9591836734693877,73.02551020408163,2026-01-02 17:05:00,0.35714285714285715,0.6428571428571428
dmytro zeniuk,mykhailo kistechko,147,44,3.9727891156462585,73.40136054421768,2025-11-01 09:35:00,0.29931972789115646,0.7006802721088435
dmytro zeniuk,nazar danyliuk,72,15,4.166666666666667,77.83333333333333,2026-03-13 01:15:00,0.20833333333333334,0.7916666666666666
dmytro zeniuk,oleh bandurka,138,42,3.9855072463768115,73.73188405797102,2026-01-02 13:05:00,0.30434782608695654,0.6956521739130435
dmytro zeniuk,roman zholubak,35,16,3.742857142857143,67.97142857142858,2025-12-16 11:35:00,0.45714285714285713,0.5428571428571429
dmytro zeniuk,serhii rak,51,21,3.823529411764706,71.19607843137256,2026-01-02 15:05:00,0.4117647058823529,0.5882352941176471
dmytro zeniuk,vadym hryban,29,6,4.206896551724138,78.75862068965517,2026-03-13 02:45:00,0.20689655172413793,0.7931034482758621
dmytro zeniuk,vasily verbyany,82,26,3.9146341463414633,74.5609756097561,2026-03-13 03:45:00,0.3170731707317073,0.6829268292682926
dmytro zeniuk,vitalii levshyn,38,15,3.8421052631578947,71.71052631578948,2026-03-02 18:35:00,0.39473684210526316,0.6052631578947368
dmytro zeniuk,volodymyr plishylo,160,60,3.88125,71.83125,2026-01-02 19:35:00,0.375,0.625
dominik horak,filip vesely,28,5,4.214285714285714,79.42857142857143,2026-03-05 06:15:00,0.17857142857142858,0.8214285714285714
dominik horak,jan rochowanski,24,3,4.291666666666667,83.33333333333333,2026-02-18 09:35:24,0.125,0.875
dominik horak,lukas adam,33,7,4.212121212121212,83.6969696969697,2025-09-10 17:10:00,0.21212121212121213,0.7878787878787878
dominik horak,lukas provaznik,23,9,3.9565217391304346,74.30434782608695,2026-03-23 16:15:00,0.391304347826087,0.6086956521739131
dominik horak,lukas rulc,35,5,4.228571428571429,80.77142857142857,2026-03-09 06:30:00,0.14285714285714285,0.8571428571428572
dominik horak,marek drbohlav,128,25,4.171875,78.8203125,2026-04-16 07:45:00,0.1953125,0.8046875
dominik horak,matej mezera,25,7,4.12,80.4,2025-02-27 16:15:00,0.28,0.72
dominik horak,matyas navedla,20,3,4.35,81.55,2025-04-24 08:25:03,0.15,0.85
dominik horak,michal makara,79,13,4.2405063291139244,81.0379746835443,2026-01-05 06:15:00,0.16455696202531644,0.8354430379746836
dominik horak,miloslav ullman,26,2,4.538461538461538,85.65384615384616,2026-03-09 09:00:00,0.07692307692307693,0.9230769230769231
dominik horak,ondrej mezera,37,7,4.243243243243243,81.48648648648648,2026-04-09 08:23:31,0.1891891891891892,0.8108108108108107
dominik horak,roman durovic,40,7,4.225,82.3,2026-02-11 06:15:00,0.175,0.825
dominik horak,vojtech grubr,29,8,4.103448275862069,79.10344827586206,2026-02-11 09:50:00,0.27586206896551724,0.7241379310344828
dominik marasek,jan priklopil,25,4,4.36,81.48,2026-01-23 17:38:42,0.16,0.84
dominik marasek,libor smazik,27,9,4.0,73.70370370370371,2026-04-14 15:30:00,0.3333333333333333,0.6666666666666667
dominik marasek,lukas provaznik,35,4,4.457142857142857,85.31428571428572,2026-04-16 19:45:00,0.11428571428571428,0.8857142857142857
dominik marasek,ondrej mezera,27,1,4.592592592592593,88.81481481481481,2026-03-02 14:15:00,0.037037037037037035,0.962962962962963
dominik marasek,pavel hala,43,8,4.162790697674419,77.93023255813954,2026-04-15 16:58:38,0.18604651162790697,0.813953488372093
dominik marasek,petr provaznik,27,7,4.037037037037037,76.48148148148148,2026-04-20 19:15:00,0.25925925925925924,0.7407407407407407
eduard bernatskyi,ivan pytsko,56,18,4.0,74.58928571428571,2025-09-24 07:35:00,0.32142857142857145,0.6785714285714286
eduard bernatskyi,maksym khomenko,22,8,3.772727272727273,71.54545454545455,2025-09-24 10:35:00,0.36363636363636365,0.6363636363636364
eduard bernatskyi,mykhailo potapov,72,19,4.138888888888889,77.02777777777777,2025-08-19 19:05:00,0.2638888888888889,0.7361111111111112
eduard bernatskyi,mykhailo syniavskyi,24,8,3.7916666666666665,70.16666666666667,2024-08-15 04:55:00,0.3333333333333333,0.6666666666666667
eduard bernatskyi,mykola slozka,50,15,3.88,72.86,2025-09-08 10:05:00,0.3,0.7
eduard bernatskyi,oleh savenkov,32,9,3.96875,73.625,2025-07-12 17:25:00,0.28125,0.71875
eduard bernatskyi,oles kotsyumbas,128,33,4.0859375,78.0859375,2025-09-24 06:05:00,0.2578125,0.7421875
eduard bernatskyi,roman mazur,29,9,4.0,75.20689655172414,2025-08-17 05:55:00,0.3103448275862069,0.6896551724137931
eduard bernatskyi,rostyslav fylypiv,32,9,4.125,76.5625,2025-02-16 10:55:00,0.28125,0.71875
eduard bernatskyi,serhii kryvoshyi,45,12,4.155555555555556,78.95555555555555,2025-02-16 08:55:00,0.26666666666666666,0.7333333333333334
eduard bernatskyi,serhii prus,35,14,3.857142857142857,71.48571428571428,2025-08-17 09:55:00,0.4,0.6
eduard bernatskyi,vasyl moshovskyi,24,6,4.208333333333333,78.83333333333333,2025-01-23 13:55:00,0.25,0.75
eduard bernatskyi,vladyslav kovalchuk,93,22,4.161290322580645,78.0752688172043,2025-09-08 08:05:00,0.23655913978494625,0.7634408602150538
eduard bernatskyi,volodymyr ivasiv,52,13,4.153846153846154,79.4423076923077,2025-09-08 05:05:00,0.25,0.75
eduard bernatskyi,yaroslav tebenko,56,25,3.732142857142857,69.66071428571429,2025-09-23 17:05:00,0.44642857142857145,0.5535714285714286
eduard bernatskyi,yaroslav vorsulyak,31,8,4.064516129032258,75.19354838709677,2025-08-25 04:35:00,0.25806451612903225,0.7419354838709677
eduard bernatskyi,yurii parahailo,40,16,4.0,74.575,2025-09-08 06:05:00,0.4,0.6
eduard populovskyi,ihor emets,27,8,4.111111111111111,77.88888888888889,2026-04-20 05:35:00,0.2962962962962963,0.7037037037037037
eduard populovskyi,ihor vasylyshyn,37,10,3.972972972972973,76.27027027027027,2026-01-11 08:20:00,0.2702702702702703,0.7297297297297297
eduard populovskyi,oleksandr lipeiko,29,5,4.241379310344827,81.27586206896552,2026-04-20 08:35:00,0.1724137931034483,0.8275862068965517
eduard populovskyi,oleksandr mytsyk,81,21,4.308641975308642,88.11111111111111,2026-04-20 12:05:00,0.25925925925925924,0.7407407407407407
eduard populovskyi,oleksandr shyshman,48,19,3.9375,72.70833333333333,2026-03-31 11:00:00,0.3958333333333333,0.6041666666666667
eduard populovskyi,oleksandr tymofeev,51,9,4.313725490196078,80.90196078431373,2026-04-19 09:20:00,0.17647058823529413,0.8235294117647058
eduard populovskyi,sergii skhabitskiy,63,17,4.095238095238095,74.85714285714286,2026-04-20 06:35:00,0.2698412698412698,0.7301587301587302
eduard populovskyi,serhii hovorunets,30,10,4.0,74.0,2024-12-22 12:20:00,0.3333333333333333,0.6666666666666667
eduard populovskyi,serhii lyzohub,23,12,3.6956521739130435,67.47826086956522,2026-03-31 10:00:00,0.5217391304347826,0.4782608695652174
eduard populovskyi,vadym kucheriavyi,24,10,3.9583333333333335,74.33333333333333,2025-10-26 09:20:00,0.4166666666666667,0.5833333333333333
eduard populovskyi,vasiliy smyk,107,33,3.97196261682243,73.7196261682243,2026-04-19 06:20:00,0.308411214953271,0.691588785046729
eduard populovskyi,vasily kondratenko,68,27,3.838235294117647,71.01470588235294,2025-12-31 07:20:00,0.39705882352941174,0.6029411764705883
eduard populovskyi,volodymyr melnykov,55,18,3.981818181818182,74.85454545454546,2026-01-31 19:50:00,0.32727272727272727,0.6727272727272727
eduard populovskyi,zdrobylko bohdan,25,6,4.04,75.84,2026-04-19 12:50:00,0.24,0.76
eduard rubtsov,igor shyndel,27,3,4.296296296296297,79.18518518518519,2024-06-15 18:25:00,0.1111111111111111,0.8888888888888888
eduard rubtsov,maksym tytskyi,70,28,3.7714285714285714,67.47142857142858,2024-11-08 04:55:00,0.4,0.6
eduard rubtsov,oleg gavrilyuk,24,8,3.6666666666666665,68.20833333333333,2026-01-25 22:25:00,0.3333333333333333,0.6666666666666667
eduard rubtsov,oleksandr kovalchuk,49,14,3.979591836734694,73.40816326530613,2024-10-03 15:25:00,0.2857142857142857,0.7142857142857143
eduard rubtsov,oleksandr mishchenko,108,29,4.074074074074074,75.5,2026-04-14 22:55:00,0.26851851851851855,0.7314814814814814
eduard rubtsov,oleksandr v kovalchuk,178,55,3.938202247191011,75.01685393258427,2026-04-15 01:55:00,0.3089887640449438,0.6910112359550562
eduard rubtsov,oleksii hrymovskyi,31,15,3.5806451612903225,64.3225806451613,2026-04-09 14:25:00,0.4838709677419355,0.5161290322580645
eduard rubtsov,pavel plakushchyi,93,28,3.967741935483871,73.13978494623656,2026-01-25 03:25:00,0.3010752688172043,0.6989247311827957
eduard rubtsov,serhii chelpanov,89,28,3.9887640449438204,73.33707865168539,2026-04-15 03:25:00,0.3146067415730337,0.6853932584269663
eduard rubtsov,spartak abalmaz,198,53,4.075757575757576,76.42424242424242,2026-04-20 03:55:00,0.2676767676767677,0.7323232323232323
eduard rubtsov,valentyn lobas,30,9,4.066666666666666,74.43333333333334,2024-12-28 17:35:00,0.3,0.7
eduard rubtsov,viacheslav kovalenko,21,6,4.095238095238095,79.23809523809524,2026-04-15 00:25:00,0.2857142857142857,0.7142857142857143
eduard rubtsov,yevhenii kryvorotko,29,8,3.9310344827586206,72.58620689655173,2026-01-25 01:25:00,0.27586206896551724,0.7241379310344828
eduard rubtsov,yurii kurishchenko,36,10,4.083333333333333,74.0,2024-11-30 18:25:00,0.2777777777777778,0.7222222222222222
eduard shymanskyi,hryhorii prokopenko,52,9,4.25,81.76923076923077,2025-01-16 10:00:00,0.17307692307692307,0.8269230769230769
eduard shymanskyi,mykola antikuz,70,21,4.071428571428571,76.04285714285714,2025-01-18 16:00:00,0.3,0.7
eduard shymanskyi,oleksandr badanin,31,7,4.193548387096774,79.25806451612904,2025-01-24 09:00:00,0.22580645161290322,0.7741935483870968
eduard shymanskyi,oleksandr maslovets,28,9,4.035714285714286,75.96428571428571,2024-10-31 18:00:00,0.32142857142857145,0.6785714285714286
eduard shymanskyi,roman hryhoriev,42,10,4.023809523809524,75.78571428571429,2024-12-18 11:03:14,0.23809523809523808,0.7619047619047619
eduard shymanskyi,vasyl matviichuk,36,9,4.166666666666667,77.66666666666667,2025-01-16 09:00:00,0.25,0.75
eduard shymanskyi,viktor hyriavyi,55,7,4.181818181818182,75.63636363636364,2025-01-24 10:00:00,0.12727272727272726,0.8727272727272728
eldar alekperov,serhii chuliukov,21,2,4.333333333333333,79.47619047619048,2026-03-31 02:35:00,0.09523809523809523,0.9047619047619048
ernst honcharov,oleh torianyk,36,4,4.361111111111111,83.63888888888889,2025-02-08 09:00:00,0.1111111111111111,0.8888888888888888
ernst honcharov,petr kolesnik,21,5,4.095238095238095,77.52380952380952,2025-01-10 11:10:46,0.23809523809523808,0.7619047619047619
ernst honcharov,vadym kononenko,35,6,4.142857142857143,78.02857142857142,2025-02-07 08:30:00,0.17142857142857143,0.8285714285714285
evgeniy gudimenko,maksym mrykh,44,11,4.0,75.86363636363636,2025-06-11 07:20:00,0.25,0.75
evgeniy gudimenko,oleksandr borysiuk,27,6,4.0,76.85185185185185,2024-11-30 07:20:00,0.2222222222222222,0.7777777777777778
evgeniy gudimenko,oleksandr ivchuk,62,13,4.161290322580645,77.87096774193549,2025-12-17 11:50:00,0.20967741935483872,0.7903225806451613
evgeniy gudimenko,oleksandr seliuchenko,54,10,4.277777777777778,79.74074074074075,2024-12-07 10:50:00,0.18518518518518517,0.8148148148148149
evgeniy gudimenko,vladimir voronenko,31,10,4.129032258064516,76.70967741935483,2025-12-15 14:40:00,0.3225806451612903,0.6774193548387097
evgeniy khurtak,hennadii buianover,43,13,3.9767441860465116,75.81395348837209,2024-07-25 18:05:00,0.3023255813953488,0.6976744186046512
evgeniy khurtak,vadim reva,31,11,3.838709677419355,72.45161290322581,2024-07-29 14:35:00,0.3548387096774194,0.6451612903225806
evgeniy khurtak,valentyn chumak,47,13,4.042553191489362,76.59574468085107,2024-07-29 15:35:00,0.2765957446808511,0.7234042553191489
evgeniy khurtak,valerii lukianevych,40,12,3.975,74.525,2024-07-29 16:35:00,0.3,0.7
evgeniy pismenniy,roman cherevko,305,71,4.19016393442623,80.16065573770491,2026-04-19 13:55:00,0.23278688524590163,0.7672131147540984
evgeniy pismenniy,roman reznychenko,231,62,4.151515151515151,78.83549783549783,2026-04-19 17:25:00,0.2683982683982684,0.7316017316017316
evgeniy pismenniy,valeriy melnik,307,113,3.9218241042345277,74.22801302931596,2026-04-19 15:25:00,0.36807817589576547,0.6319218241042346
evgeniy pismenniy,yevhen masko,298,93,3.912751677852349,74.31543624161074,2026-04-19 16:25:00,0.31208053691275167,0.6879194630872483
evhenii hrytsenko,ivan nitchenko,39,12,3.8974358974358974,69.8974358974359,2026-03-27 13:05:00,0.3076923076923077,0.6923076923076923
evhenii hrytsenko,maksym hubenko,23,7,3.9130434782608696,74.47826086956522,2025-06-01 07:00:00,0.30434782608695654,0.6956521739130435
evhenii hrytsenko,maksym tiutiunnyk,24,10,3.875,73.54166666666667,2026-04-09 16:40:00,0.4166666666666667,0.5833333333333333
evhenii hrytsenko,oleg varlamov,39,16,3.8461538461538463,73.25641025641026,2026-04-15 17:40:00,0.41025641025641024,0.5897435897435898
evhenii hrytsenko,oleh kurylenko,48,14,3.9583333333333335,76.27083333333333,2025-05-12 15:30:00,0.2916666666666667,0.7083333333333333
evhenii hrytsenko,oleh kuzyshyn,24,7,3.9583333333333335,74.25,2026-04-15 12:10:00,0.2916666666666667,0.7083333333333333
evhenii hrytsenko,oleksandr lyman,20,10,3.7,69.3,2024-10-02 13:30:00,0.5,0.5
evhenii hrytsenko,oleksandr syksa,22,8,3.9545454545454546,74.0,2025-02-22 14:00:00,0.36363636363636365,0.6363636363636364
evhenii hrytsenko,oleksandr zhyrnov,45,13,4.044444444444444,74.68888888888888,2026-04-15 16:10:00,0.28888888888888886,0.7111111111111111
evhenii hrytsenko,oleksandr ziakun,21,1,4.571428571428571,88.57142857142857,2025-03-23 08:00:00,0.047619047619047616,0.9523809523809523
evhenii hrytsenko,pavlo lavrynenko,20,6,4.25,78.45,2026-01-18 08:30:00,0.3,0.7
evhenii hrytsenko,roman tveritinov,37,15,3.7837837837837838,71.67567567567568,2025-05-18 10:30:00,0.40540540540540543,0.5945945945945945
evhenii hrytsenko,serhii aristarkhov,120,44,3.8833333333333333,71.11666666666666,2025-06-01 08:00:00,0.36666666666666664,0.6333333333333333
evhenii hrytsenko,serhii maliuk,27,15,3.5925925925925926,67.81481481481481,2024-09-25 14:30:00,0.5555555555555556,0.4444444444444444
evhenii hrytsenko,serhii miroshnychenko,21,5,4.095238095238095,76.42857142857143,2025-04-30 15:30:00,0.23809523809523808,0.7619047619047619
evhenii hrytsenko,valerii merzlikin,25,5,4.04,78.48,2026-04-17 06:20:00,0.2,0.8
evhenii hrytsenko,volodymyr tatarnykov,41,10,4.024390243902439,73.21951219512195,2025-04-27 10:30:00,0.24390243902439024,0.7560975609756098
evhenii hrytsenko,yevhenii holoborodko,20,1,4.45,85.75,2026-04-11 13:40:00,0.05,0.95
evzen ondracek,ladislav hendrych,30,12,3.7666666666666666,68.9,2026-04-15 20:59:39,0.4,0.6
evzen ondracek,ladislav tuma,41,8,4.170731707317073,76.73170731707317,2026-04-16 14:00:00,0.1951219512195122,0.8048780487804879
evzen ondracek,oleh plyska,21,7,3.9523809523809526,73.9047619047619,2025-07-12 07:00:00,0.3333333333333333,0.6666666666666667
fedir chashchin,kovalenko vladislav,43,13,3.883720930232558,72.44186046511628,2026-01-12 16:35:00,0.3023255813953488,0.6976744186046512
fedir chashchin,roman yushko,36,8,4.083333333333333,74.22222222222223,2025-04-14 14:35:00,0.2222222222222222,0.7777777777777778
fedir chashchin,ruslan serhyenko,39,11,3.9743589743589745,73.53846153846153,2026-02-18 14:05:00,0.28205128205128205,0.717948717948718
fedir chashchin,viktor leonov,21,7,3.8095238095238093,72.76190476190476,2024-12-15 15:25:00,0.3333333333333333,0.6666666666666667
fedir chashchin,vitalii kaganovych,30,7,3.966666666666667,75.1,2026-03-03 15:05:00,0.23333333333333334,0.7666666666666666
fedir chashchin,vitalii ryndia,46,13,4.043478260869565,77.67391304347827,2025-04-03 20:25:00,0.2826086956521739,0.7173913043478262
fedir chashchin,vitalii sydorenko,23,4,4.086956521739131,74.73913043478261,2026-02-18 17:35:00,0.17391304347826086,0.8260869565217391
fedir chashchin,volodymyr vasiukov,21,8,3.857142857142857,72.0,2024-12-15 19:25:00,0.38095238095238093,0.6190476190476191
filip dusil,miroslav hajek,23,8,3.869565217391304,71.56521739130434,2025-10-24 08:27:22,0.34782608695652173,0.6521739130434783
filip kujawa,jan seeman,20,5,4.0,75.15,2025-12-31 10:15:00,0.25,0.75
filip kujawa,karel jirousek,21,4,4.428571428571429,84.47619047619048,2026-03-03 06:30:00,0.19047619047619047,0.8095238095238095
filip kujawa,martin vorel,21,6,3.9523809523809526,71.9047619047619,2026-04-04 05:30:00,0.2857142857142857,0.7142857142857143
filip vesely,libor smazik,32,11,3.96875,72.71875,2026-03-12 12:45:00,0.34375,0.65625
filip vesely,ludek stoces,20,4,4.1,76.4,2025-01-02 08:00:00,0.2,0.8
filip vesely,lukas provaznik,45,13,4.155555555555556,76.97777777777777,2026-03-01 07:45:00,0.28888888888888886,0.7111111111111111
filip vesely,marek drbohlav,51,17,4.0,72.54901960784314,2026-03-05 09:53:42,0.3333333333333333,0.6666666666666667
filip vesely,marek vyskocil,31,9,4.096774193548387,74.48387096774194,2026-03-11 13:24:59,0.2903225806451613,0.7096774193548387
filip vesely,martin skyba,20,8,3.85,71.1,2025-06-09 10:45:00,0.4,0.6
filip vesely,matej mezera,35,9,4.2,77.62857142857143,2025-04-07 13:00:00,0.2571428571428571,0.7428571428571429
filip vesely,michal makara,89,16,4.224719101123595,79.0,2025-10-14 05:30:00,0.1797752808988764,0.8202247191011236
filip vesely,miroslav hajek,43,8,4.162790697674419,78.44186046511628,2026-03-12 11:45:00,0.18604651162790697,0.813953488372093
filip vesely,ondrej mezera,62,12,4.17741935483871,77.88709677419355,2026-03-12 13:23:36,0.1935483870967742,0.8064516129032258
filip vesely,pavel sourek,23,6,4.173913043478261,78.82608695652173,2026-03-08 18:30:00,0.2608695652173913,0.7391304347826086
filip vesely,petr semrad,21,6,4.190476190476191,76.95238095238095,2026-03-11 10:15:00,0.2857142857142857,0.7142857142857143
filip vesely,tomas hucko,24,10,3.7083333333333335,69.29166666666667,2026-01-08 07:30:00,0.4166666666666667,0.5833333333333333
filip vesely,zdenek vasatko,23,10,3.6956521739130435,66.82608695652173,2025-08-05 09:30:00,0.43478260869565216,0.5652173913043479
frantisek schmidtmayer,jachym juppa,41,6,4.073170731707317,74.3170731707317,2026-03-13 18:15:00,0.14634146341463414,0.8536585365853658
frantisek schmidtmayer,jan herink,30,5,4.266666666666667,80.06666666666666,2025-12-15 15:30:00,0.16666666666666666,0.8333333333333334
frantisek schmidtmayer,jiri tichy,21,7,3.9523809523809526,73.42857142857143,2026-03-16 22:03:26,0.3333333333333333,0.6666666666666667
frantisek schmidtmayer,ludek stoces,20,5,4.35,81.85,2024-08-10 15:15:00,0.25,0.75
frantisek schmidtmayer,marek cizek,30,5,4.133333333333334,77.86666666666666,2026-03-13 19:15:00,0.16666666666666666,0.8333333333333334
frantisek schmidtmayer,martin bruk,25,10,3.84,72.76,2025-03-13 15:15:00,0.4,0.6
frantisek schmidtmayer,martin drabek,31,3,4.354838709677419,82.90322580645162,2026-03-16 19:30:00,0.0967741935483871,0.9032258064516129
frantisek schmidtmayer,miroslav hajek,25,3,4.24,82.4,2025-08-17 12:30:00,0.12,0.88
frantisek schmidtmayer,ondrej homola,20,6,3.95,74.65,2026-01-09 17:00:00,0.3,0.7
frantisek schmidtmayer,ondrej karpisek,37,13,4.0,76.0,2026-02-01 21:00:00,0.35135135135135137,0.6486486486486487
frantisek schmidtmayer,ondrej mezera,35,7,4.2,78.17142857142858,2025-08-08 15:30:00,0.2,0.8
frantisek schmidtmayer,pavel hala,22,7,4.0,74.5,2025-11-27 14:45:00,0.3181818181818182,0.6818181818181819
frantisek schmidtmayer,petr abraham,33,14,3.909090909090909,72.96969696969697,2026-03-17 14:30:00,0.42424242424242425,0.5757575757575757
frantisek schmidtmayer,petr provaznik,28,8,3.8214285714285716,72.75,2026-01-29 15:00:00,0.2857142857142857,0.7142857142857143
frantisek schmidtmayer,roman merkl,21,8,3.9047619047619047,72.85714285714286,2025-08-06 16:55:00,0.38095238095238093,0.6190476190476191
frantisek schmidtmayer,tomas hanke,32,10,4.09375,76.96875,2025-12-22 21:18:29,0.3125,0.6875
frantisek schmidtmayer,vit herrmann,28,11,3.9285714285714284,73.60714285714286,2026-04-11 15:30:00,0.39285714285714285,0.6071428571428572
frantisek schmidtmayer,vlastimil honemann,21,3,4.238095238095238,77.14285714285714,2025-01-20 15:45:00,0.14285714285714285,0.8571428571428572
gil taras,maksym khomenko,25,8,4.52,101.68,2025-10-05 06:55:00,0.32,0.6799999999999999
gil taras,oleh savenkov,34,11,4.088235294117647,74.82352941176471,2026-04-19 04:25:00,0.3235294117647059,0.6764705882352942
gil taras,volodymyr ivasiv,25,6,3.96,71.28,2026-01-03 05:55:00,0.24,0.76
gregor gallo,maksim baranov,60,22,3.95,72.31666666666666,2025-09-17 17:05:00,0.36666666666666664,0.6333333333333333
gregor gallo,oleh napirko,49,24,3.7142857142857144,67.51020408163265,2025-10-15 16:05:00,0.4897959183673469,0.5102040816326531
gregor gallo,oleksandr borysiuk,24,11,3.7083333333333335,70.0,2025-09-04 04:35:00,0.4583333333333333,0.5416666666666667
gregor gallo,orest hura,66,19,3.9545454545454546,76.62121212121212,2025-10-16 06:05:00,0.2878787878787879,0.7121212121212122
gregor gallo,roman konkulovskyi,61,16,4.114754098360656,75.95081967213115,2026-04-01 13:05:00,0.26229508196721313,0.7377049180327868
gregor gallo,ruslan haiseniuk,28,8,4.107142857142857,77.71428571428571,2025-09-27 17:35:00,0.2857142857142857,0.7142857142857143
gregor gallo,serhii berezynskyi,23,6,4.043478260869565,73.6086956521739,2025-09-27 13:35:00,0.2608695652173913,0.7391304347826086
gregor gallo,serhii maksymiv,37,9,4.081081081081081,75.21621621621621,2026-04-01 18:35:00,0.24324324324324326,0.7567567567567568
gregor gallo,valerii vlasenko,72,21,3.9722222222222223,74.44444444444444,2025-11-06 07:35:00,0.2916666666666667,0.7083333333333333
gregor gallo,viktor slozka,93,31,3.935483870967742,73.29032258064517,2026-04-19 23:00:00,0.3333333333333333,0.6666666666666667
gregor gallo,vitalii boyko,24,7,3.875,71.5,2025-09-27 19:05:00,0.2916666666666667,0.7083333333333333
gregor gallo,vitaliy zharskiy,91,28,3.978021978021978,72.76923076923077,2026-04-01 16:35:00,0.3076923076923077,0.6923076923076923
gregor gallo,volodymyr kaidakov,44,14,3.977272727272727,73.54545454545455,2026-04-02 13:35:00,0.3181818181818182,0.6818181818181819
grigory kuzmenko,orest hura,21,2,4.476190476190476,85.42857142857143,2024-07-20 02:30:00,0.09523809523809523,0.9047619047619048
hennadii buianover,illia marynkevych,20,2,4.35,79.9,2024-10-21 14:05:00,0.1,0.9
hennadii buianover,patrik pycha,29,11,3.8275862068965516,71.65517241379311,2026-04-19 14:35:00,0.3793103448275862,0.6206896551724138
hennadii buianover,serhii paksiutov,31,7,4.193548387096774,78.12903225806451,2026-03-08 20:05:00,0.22580645161290322,0.7741935483870968
hennadii buianover,vadim reva,121,32,4.0,73.71900826446281,2026-04-15 19:05:00,0.2644628099173554,0.7355371900826446
hennadii buianover,valentyn chumak,70,17,4.0,75.9,2025-10-29 17:05:00,0.24285714285714285,0.7571428571428571
hennadii buianover,valerii lukianevych,145,43,4.006896551724138,74.11724137931034,2026-04-15 12:35:00,0.296551724137931,0.703448275862069
hennadii buianover,viktor leonov,28,15,3.5357142857142856,65.85714285714286,2026-04-19 18:05:00,0.5357142857142857,0.4642857142857143
hennadii buianover,volodymyr kruglyak,71,23,3.9577464788732395,73.14084507042253,2026-04-15 16:35:00,0.323943661971831,0.676056338028169
hryhorii kulishov,mykola polysynskyi,115,30,4.095652173913043,76.87826086956522,2025-07-22 02:35:00,0.2608695652173913,0.7391304347826086
hryhorii kulishov,oleksandr maslov,27,6,4.296296296296297,81.96296296296296,2026-03-05 01:35:00,0.2222222222222222,0.7777777777777778
hryhorii kulishov,oleksandr melashenko,32,9,4.09375,75.6875,2025-12-29 01:05:00,0.28125,0.71875
hryhorii kulishov,oleksii shyndel,112,41,3.8482142857142856,72.16071428571429,2025-03-20 15:25:00,0.36607142857142855,0.6339285714285714
hryhorii kulishov,pavlo volkov,38,17,3.763157894736842,67.26315789473684,2024-09-19 16:25:00,0.4473684210526316,0.5526315789473684
hryhorii kulishov,ruslan yaremenko,79,25,4.025316455696203,75.0379746835443,2025-12-16 02:05:00,0.31645569620253167,0.6835443037974683
hryhorii kulishov,serhii chuliukov,215,64,4.0,76.15813953488372,2026-04-21 03:05:00,0.29767441860465116,0.7023255813953488
hryhorii kulishov,serhii khandetskyi,111,22,4.081081081081081,78.66666666666667,2025-03-20 18:55:00,0.1981981981981982,0.8018018018018018
hryhorii kulishov,serhii pitsyk,50,19,3.96,74.82,2026-04-20 00:35:00,0.38,0.62
hryhorii kulishov,viktor sharpay,66,20,4.03030303030303,75.75757575757575,2026-01-06 04:35:00,0.30303030303030304,0.696969696969697
hryhorii kulishov,vitalii kobets,110,44,3.9363636363636365,74.7,2026-03-17 01:35:00,0.4,0.6
hryhorii kulishov,yaroslav stepanchuk,33,6,4.121212121212121,77.87878787878788,2026-03-22 23:35:00,0.18181818181818182,0.8181818181818181
hryhorii kulishov,yevhenii sokoltsov,75,30,3.8666666666666667,71.78666666666666,2026-04-21 01:05:00,0.4,0.6
hryhorii prokopenko,mykola antikuz,64,16,3.96875,74.6875,2025-05-07 06:30:00,0.25,0.75
hryhorii prokopenko,oleg shvydkyi,22,10,3.772727272727273,69.68181818181819,2026-01-23 07:30:00,0.45454545454545453,0.5454545454545454
hryhorii prokopenko,oleksandr badanin,55,12,4.109090909090909,77.10909090909091,2025-12-30 11:35:00,0.21818181818181817,0.7818181818181819
hryhorii prokopenko,oleksandr hoholev,31,11,3.903225806451613,72.06451612903226,2025-10-16 07:00:00,0.3548387096774194,0.6451612903225806
hryhorii prokopenko,roman hryhoriev,47,11,4.1063829787234045,79.42553191489361,2025-06-25 07:00:00,0.23404255319148937,0.7659574468085106
hryhorii prokopenko,serhii honcharenko,69,25,3.8840579710144927,72.6376811594203,2026-01-26 07:30:00,0.36231884057971014,0.6376811594202898
hryhorii prokopenko,vasyl matviichuk,97,34,4.041237113402062,74.27835051546391,2026-01-26 11:04:25,0.35051546391752575,0.6494845360824743
hryhorii prokopenko,viktor hyriavyi,62,20,3.9838709677419355,74.98387096774194,2026-01-23 06:30:00,0.3225806451612903,0.6774193548387097
hryhorii prokopenko,yurii urezchenko,48,11,4.104166666666667,77.0625,2026-01-26 09:30:00,0.22916666666666666,0.7708333333333334
hryhorii prokopenko,yurii zvolynskyi,27,13,3.7037037037037037,67.11111111111111,2026-01-06 11:35:00,0.48148148148148145,0.5185185185185186
hryhoriy oliynyk,kyrylo tkachenko,21,3,4.380952380952381,83.19047619047619,2026-04-02 15:55:00,0.14285714285714285,0.8571428571428572
hryhoriy oliynyk,mykhailo hlaholev,26,8,4.076923076923077,72.6923076923077,2025-07-15 17:55:00,0.3076923076923077,0.6923076923076923
hryhoriy oliynyk,oleh martynenko,24,8,4.0,75.375,2026-04-02 17:25:00,0.3333333333333333,0.6666666666666667
hryhoriy oliynyk,orest melnik,25,9,3.88,69.0,2026-04-16 06:55:00,0.36,0.64
igor shyndel,illia hubariev,46,24,3.5869565217391304,65.76086956521739,2025-11-01 06:30:00,0.5217391304347826,0.4782608695652174
igor shyndel,maksym tytskyi,33,14,3.727272727272727,68.6969696969697,2024-05-31 17:55:00,0.42424242424242425,0.5757575757575757
igor shyndel,oleksandr kovalchuk,24,7,4.041666666666667,74.75,2024-06-15 19:25:00,0.2916666666666667,0.7083333333333333
igor shyndel,roman horokh,96,31,4.010416666666667,74.91666666666667,2026-02-08 16:30:00,0.3229166666666667,0.6770833333333333
igor shyndel,serhii balabei,30,9,4.0,73.86666666666666,2026-02-08 13:30:00,0.3,0.7
igor shyndel,serhii ponomarenko,65,35,3.6,65.24615384615385,2026-02-15 06:30:00,0.5384615384615384,0.46153846153846156
igor shyndel,spartak abalmaz,29,10,4.103448275862069,76.51724137931035,2024-06-15 17:25:00,0.3448275862068966,0.6551724137931034
igor shyndel,vadim komar,66,23,3.8484848484848486,70.81818181818181,2026-01-03 17:30:00,0.3484848484848485,0.6515151515151515
igor shyndel,vitalii khamurda,28,11,3.857142857142857,71.03571428571429,2024-06-01 17:25:00,0.39285714285714285,0.6071428571428572
igor shyndel,yurii kurishchenko,34,9,4.088235294117647,75.11764705882354,2024-06-15 13:55:00,0.2647058823529412,0.7352941176470589
ihor burak,vladyslav stukalov,20,9,3.8,68.5,2026-04-19 14:10:00,0.45,0.55
ihor dubinin,ihor sorochan,27,9,3.888888888888889,73.55555555555556,2026-04-12 14:30:00,0.3333333333333333,0.6666666666666667
ihor dubinin,mykola antikuz,64,22,3.875,72.625,2025-05-13 07:00:00,0.34375,0.65625
ihor dubinin,mykola pohorilyi,41,15,3.902439024390244,72.46341463414635,2026-04-10 13:00:00,0.36585365853658536,0.6341463414634146
ihor dubinin,oleh torianyk,32,7,4.0625,76.625,2026-04-16 16:00:00,0.21875,0.78125
ihor dubinin,oleksandr badanin,38,11,4.026315789473684,77.26315789473684,2025-09-05 10:30:00,0.2894736842105263,0.7105263157894737
ihor dubinin,oleksandr hoholev,71,23,4.0,75.14084507042253,2026-04-10 12:00:00,0.323943661971831,0.676056338028169
ihor dubinin,oleksandr levytskyi,45,12,4.133333333333334,78.6,2026-03-31 16:30:00,0.26666666666666666,0.7333333333333334
ihor dubinin,pavlo shulhachyk,35,11,4.0,75.85714285714286,2026-03-04 13:00:00,0.3142857142857143,0.6857142857142857
ihor dubinin,roman hryhoriev,83,23,4.156626506024097,80.01204819277109,2026-04-16 12:00:00,0.27710843373493976,0.7228915662650602
ihor dubinin,serhii honcharenko,86,26,3.953488372093023,75.79069767441861,2026-01-23 17:30:00,0.3023255813953488,0.6976744186046512
ihor dubinin,vadym kononenko,24,5,3.9166666666666665,72.58333333333333,2026-01-08 15:30:00,0.20833333333333334,0.7916666666666666
ihor dubinin,vasyl matviichuk,60,20,3.933333333333333,72.36666666666666,2026-01-15 14:00:00,0.3333333333333333,0.6666666666666667
ihor dubinin,viktor hyriavyi,20,10,3.7,69.1,2026-01-15 16:30:00,0.5,0.5
ihor dubinin,yurii urezchenko,46,16,4.0,73.71739130434783,2025-12-22 13:00:00,0.34782608695652173,0.6521739130434783
ihor emets,kostiantyn klymenko,79,41,3.6455696202531644,65.25316455696202,2026-04-10 09:50:00,0.5189873417721519,0.4810126582278481
ihor emets,oleh karpenko,36,13,3.9166666666666665,72.41666666666667,2026-03-30 05:35:00,0.3611111111111111,0.6388888888888888
ihor emets,oleksandr bryzhevatyi,22,2,4.5,83.04545454545455,2024-09-13 06:35:00,0.09090909090909091,0.9090909090909091
ihor emets,oleksandr leonenko,25,9,4.0,75.88,2026-03-09 09:20:00,0.36,0.64
ihor emets,oleksandr lipeiko,43,18,3.813953488372093,71.0,2026-04-20 07:35:00,0.4186046511627907,0.5813953488372092
ihor emets,oleksandr mytsyk,64,26,3.828125,70.40625,2026-04-20 10:05:00,0.40625,0.59375
ihor emets,oleksandr osadchyi,56,16,4.053571428571429,75.83928571428571,2026-03-09 11:50:00,0.2857142857142857,0.7142857142857143
ihor emets,oleksandr shyshman,32,13,3.84375,69.25,2026-01-21 12:05:00,0.40625,0.59375
ihor emets,sergii skhabitskiy,75,23,4.0,73.93333333333334,2026-04-20 11:05:00,0.30666666666666664,0.6933333333333334
ihor emets,serhii hovorunets,35,12,3.8857142857142857,75.22857142857143,2026-03-05 12:50:00,0.34285714285714286,0.6571428571428571
ihor emets,serhii lyzohub,56,18,4.017857142857143,73.94642857142857,2026-03-18 10:05:00,0.32142857142857145,0.6785714285714286
ihor emets,serhii semenets,32,8,4.0625,73.65625,2026-03-05 10:50:00,0.25,0.75
ihor emets,serhii solomko,84,36,3.7976190476190474,68.85714285714286,2026-03-05 07:20:00,0.42857142857142855,0.5714285714285714
ihor emets,stefan yakimenko,73,22,4.041095890410959,75.93150684931507,2026-02-27 12:35:00,0.3013698630136986,0.6986301369863014
ihor emets,valerii kolesnykov,40,9,4.075,78.125,2026-04-16 09:00:00,0.225,0.775
ihor emets,vasiliy smyk,24,8,4.041666666666667,73.375,2026-04-14 13:10:00,0.3333333333333333,0.6666666666666667
ihor emets,vitalii mukhin,56,15,4.071428571428571,75.51785714285714,2025-06-12 05:50:00,0.26785714285714285,0.7321428571428572
ihor emets,volodymyr melnykov,80,26,3.9875,74.025,2026-02-09 10:30:00,0.325,0.675
ihor serdiuk,ihor torhachov,41,12,3.975609756097561,76.53658536585365,2026-04-11 07:00:00,0.2926829268292683,0.7073170731707317
ihor serdiuk,roman boklah,71,26,3.9014084507042255,72.56338028169014,2026-04-19 15:30:00,0.36619718309859156,0.6338028169014085
ihor serdiuk,serhii priadko,44,11,4.045454545454546,76.38636363636364,2026-04-19 16:30:00,0.25,0.75
ihor serdiuk,viktor ziakun,43,15,3.9302325581395348,71.23255813953489,2026-04-19 14:00:00,0.3488372093023256,0.6511627906976745
ihor serdiuk,vitalii ananiev,46,14,4.1521739130434785,79.17391304347827,2026-04-19 13:00:00,0.30434782608695654,0.6956521739130435
ihor serdiuk,vitalii klymenko,34,10,3.9705882352941178,72.97058823529412,2026-04-18 09:00:00,0.29411764705882354,0.7058823529411764
ihor serdiuk,yurii priadko,35,8,4.142857142857143,78.71428571428571,2026-03-28 09:00:00,0.22857142857142856,0.7714285714285715
ihor sorochan,mykola antikuz,35,9,4.142857142857143,77.08571428571429,2025-05-19 07:30:00,0.2571428571428571,0.7428571428571429
ihor sorochan,mykola pohorilyi,23,9,3.9130434782608696,70.65217391304348,2026-03-30 13:00:00,0.391304347826087,0.6086956521739131
ihor sorochan,oleg shvydkyi,24,13,3.6666666666666665,67.33333333333333,2025-08-25 06:30:00,0.5416666666666666,0.45833333333333337
ihor sorochan,oleksandr levytskyi,25,12,3.72,66.2,2026-03-23 14:00:00,0.48,0.52
ihor sorochan,pavlo shulhachyk,26,14,3.4615384615384617,63.80769230769231,2026-04-03 10:28:30,0.5384615384615384,0.46153846153846156
ihor sorochan,roman hryhoriev,29,9,3.7586206896551726,72.48275862068965,2026-03-23 17:59:26,0.3103448275862069,0.6896551724137931
ihor sorochan,sergii sideltsev,20,8,3.95,74.75,2026-04-12 12:30:00,0.4,0.6
ihor sorochan,serhii honcharenko,52,18,3.826923076923077,70.0576923076923,2026-04-20 08:30:00,0.34615384615384615,0.6538461538461539
ihor sorochan,vasyl matviichuk,55,24,3.8727272727272726,69.83636363636364,2026-02-08 08:30:00,0.43636363636363634,0.5636363636363637
ihor sorochan,viktor hyriavyi,31,12,3.806451612903226,71.48387096774194,2026-01-02 08:30:00,0.3870967741935484,0.6129032258064516
ihor sorochan,yurii zvolynskyi,38,9,4.078947368421052,76.6842105263158,2026-03-26 10:59:43,0.23684210526315788,0.7631578947368421
ihor sukovatyi,roman konkulovskyi,22,10,3.6818181818181817,70.27272727272727,2026-04-19 02:15:00,0.45454545454545453,0.5454545454545454
ihor syniavskyi,mykhailo potapov,41,11,4.121951219512195,75.6829268292683,2024-08-21 07:35:00,0.2682926829268293,0.7317073170731707
ihor syniavskyi,mykola slozka,42,9,4.142857142857143,78.57142857142857,2024-08-21 04:35:00,0.21428571428571427,0.7857142857142857
ihor syniavskyi,oles kotsyumbas,31,9,4.096774193548387,78.2258064516129,2024-08-21 09:05:00,0.2903225806451613,0.7096774193548387
ihor syniavskyi,serhii prus,32,10,3.96875,71.40625,2024-07-16 12:35:00,0.3125,0.6875
ihor syniavskyi,vladyslav kovalchuk,26,4,4.230769230769231,81.1923076923077,2024-08-21 10:35:00,0.15384615384615385,0.8461538461538461
ihor syniavskyi,yurii parahailo,43,15,3.953488372093023,73.90697674418605,2024-07-22 05:35:00,0.3488372093023256,0.6511627906976745
ihor torhachov,oleh kurylenko,60,21,3.9166666666666665,71.91666666666667,2026-02-04 12:30:00,0.35,0.65
ihor torhachov,oleksandr lyman,163,64,3.852760736196319,70.79754601226993,2026-02-18 10:30:00,0.39263803680981596,0.6073619631901841
ihor torhachov,oleksandr ziakun,73,21,4.013698630136986,76.54794520547945,2026-02-18 08:30:00,0.2876712328767123,0.7123287671232876
ihor torhachov,roman boklah,106,35,4.037735849056604,74.16981132075472,2026-04-16 15:30:00,0.330188679245283,0.6698113207547169
ihor torhachov,roman zaporozhets,74,26,3.9594594594594597,72.64864864864865,2025-03-15 06:30:00,0.35135135135135137,0.6486486486486487
ihor torhachov,serhii maliuk,50,27,3.7,66.3,2026-01-20 08:00:00,0.54,0.45999999999999996
ihor torhachov,serhii miroshnychenko,70,31,3.7285714285714286,68.24285714285715,2026-02-18 12:30:00,0.44285714285714284,0.5571428571428572
ihor torhachov,serhii priadko,228,59,4.035087719298246,76.16228070175438,2026-04-16 17:34:03,0.25877192982456143,0.7412280701754386
ihor torhachov,viktor ziakun,193,56,4.005181347150259,74.47668393782384,2026-04-16 13:00:00,0.29015544041450775,0.7098445595854923
ihor torhachov,vitalii ananiev,42,19,3.857142857142857,71.97619047619048,2026-04-16 14:00:00,0.4523809523809524,0.5476190476190477
ihor torhachov,yurii priadko,31,10,3.903225806451613,73.16129032258064,2026-04-04 08:30:00,0.3225806451612903,0.6774193548387097
ihor vasylyshyn,oleksandr mytsyk,26,6,4.038461538461538,76.61538461538461,2026-03-28 16:20:00,0.23076923076923078,0.7692307692307692
ihor vasylyshyn,oleksandr tymofeev,47,14,3.9574468085106385,74.95744680851064,2026-03-29 08:50:00,0.2978723404255319,0.7021276595744681
ihor vasylyshyn,vasiliy smyk,27,12,3.740740740740741,69.48148148148148,2026-03-29 10:20:00,0.4444444444444444,0.5555555555555556
ihor vasylyshyn,vasily kondratenko,23,4,4.0,76.82608695652173,2025-12-21 09:50:00,0.17391304347826086,0.8260869565217391
ihor vasylyshyn,yaroslav kovshun,50,17,3.9,74.96,2025-08-23 11:50:00,0.34,0.6599999999999999
ihor vasylyshyn,yurii volkov,64,27,3.84375,71.765625,2025-08-22 18:50:00,0.421875,0.578125
illia hubarev,roman horokh,24,10,3.7083333333333335,72.5,2024-12-29 06:00:00,0.4166666666666667,0.5833333333333333
illia hubariev,roman horokh,80,30,3.8375,71.8875,2025-11-02 06:00:00,0.375,0.625
illia hubariev,serhii balabei,24,6,3.8333333333333335,71.25,2025-09-27 16:30:00,0.25,0.75
illia hubariev,serhii ponomarenko,63,25,3.7936507936507935,68.82539682539682,2025-11-02 11:35:00,0.3968253968253968,0.6031746031746033
illia hubariev,vadim komar,55,26,3.581818181818182,65.81818181818181,2025-11-01 09:00:00,0.4727272727272727,0.5272727272727273
illia marynkevych,vadim reva,21,10,3.761904761904762,69.47619047619048,2024-10-21 19:35:00,0.47619047619047616,0.5238095238095238
illia marynkevych,valentyn chumak,23,8,4.0,74.21739130434783,2024-10-21 18:05:00,0.34782608695652173,0.6521739130434783
iurii hrekh,myroslav loboda,21,8,3.857142857142857,72.04761904761905,2026-04-20 20:45:00,0.38095238095238093,0.6190476190476191
ivan arkhipov,oleksandr bondarchuk,58,21,3.9482758620689653,74.94827586206897,2026-04-18 07:00:00,0.3620689655172414,0.6379310344827587
ivan arkhipov,oleksandr shkurupii,46,15,4.043478260869565,77.54347826086956,2026-04-04 09:50:00,0.32608695652173914,0.6739130434782609
ivan arkhipov,oleksandr zhurba,21,7,4.142857142857143,79.80952380952381,2026-04-04 05:50:00,0.3333333333333333,0.6666666666666667
ivan arkhipov,roman zholubak,48,23,3.75,67.54166666666667,2026-04-04 07:50:00,0.4791666666666667,0.5208333333333333
ivan efimenko,maksym mrykh,26,5,4.0,74.53846153846153,2024-10-26 10:20:00,0.19230769230769232,0.8076923076923077
ivan efimenko,oleh kuzyshyn,24,4,3.9583333333333335,75.08333333333333,2024-10-21 19:20:00,0.16666666666666666,0.8333333333333334
ivan efimenko,oleksandr kolbasenko,21,7,4.095238095238095,77.33333333333333,2024-10-14 13:10:00,0.3333333333333333,0.6666666666666667
ivan efimenko,oleksii nadporozhskyi,22,6,3.9545454545454546,71.54545454545455,2024-08-18 16:10:00,0.2727272727272727,0.7272727272727273
ivan efimenko,valerii merzlikin,41,15,3.926829268292683,72.3170731707317,2024-10-21 15:50:00,0.36585365853658536,0.6341463414634146
ivan fashchevskyi,oleh savenkov,30,3,4.433333333333334,81.66666666666667,2026-04-19 06:25:00,0.1,0.9
ivan fashchevskyi,serhii prus,22,8,3.909090909090909,70.86363636363636,2026-04-12 04:55:00,0.36363636363636365,0.6363636363636364
ivan fedoryshyn,maksym baday,305,90,4.019672131147541,75.66229508196722,2026-04-15 17:38:55,0.29508196721311475,0.7049180327868853
ivan fedoryshyn,maksym hubenko,169,56,3.9585798816568047,75.88757396449704,2026-04-10 13:30:00,0.33136094674556216,0.6686390532544378
ivan fedoryshyn,oleksandr syksa,83,39,3.602409638554217,67.25301204819277,2026-04-19 06:30:00,0.46987951807228917,0.5301204819277108
ivan fedoryshyn,oleksandr zhurba,45,31,3.3333333333333335,57.266666666666666,2025-03-25 16:30:00,0.6888888888888889,0.3111111111111111
ivan fedoryshyn,roman tveritinov,87,43,3.6436781609195403,67.32183908045977,2026-04-19 11:30:00,0.4942528735632184,0.5057471264367817
ivan fedoryshyn,serhii aristarkhov,54,14,4.0,76.37037037037037,2026-04-19 09:30:00,0.25925925925925924,0.7407407407407407
ivan fedoryshyn,serhii chuhai,288,103,3.857638888888889,71.66319444444444,2026-04-15 13:30:00,0.3576388888888889,0.6423611111111112
ivan kozachuk,ivan romaniak,26,14,3.6538461538461537,67.5,2026-04-19 20:45:00,0.5384615384615384,0.46153846153846156
ivan kozachuk,mykhailo kistechko,230,75,4.0,74.2304347826087,2025-11-08 07:35:00,0.32608695652173914,0.6739130434782609
ivan kozachuk,nazar kovalchuk,34,11,3.9411764705882355,73.97058823529412,2026-04-20 16:55:00,0.3235294117647059,0.6764705882352942
ivan kozachuk,oleh bandurka,257,91,3.922178988326848,71.47859922178988,2026-04-20 17:55:00,0.3540856031128405,0.6459143968871595
ivan kozachuk,ruslan haiseniuk,22,8,3.772727272727273,67.31818181818181,2026-02-16 03:15:00,0.36363636363636365,0.6363636363636364
ivan kozachuk,serhii rak,140,46,3.95,73.82142857142857,2026-04-20 14:25:00,0.32857142857142857,0.6714285714285715
ivan kozachuk,vasily verbyany,40,11,4.0,73.775,2025-11-14 01:30:00,0.275,0.725
ivan kozachuk,volodymyr plishylo,202,68,3.9603960396039604,72.51485148514851,2026-04-10 00:00:00,0.33663366336633666,0.6633663366336633
ivan kozachuk,yaroslav kravets,33,10,4.0,72.6969696969697,2026-04-18 10:35:00,0.30303030303030304,0.696969696969697
ivan krivoy,mykhailo hlaholev,47,10,4.127659574468085,77.14893617021276,2025-07-31 05:25:00,0.2127659574468085,0.7872340425531915
ivan krivoy,mykhailo vivatenko,21,4,4.0476190476190474,74.9047619047619,2026-04-17 09:25:00,0.19047619047619047,0.8095238095238095
ivan krivoy,mykola kulynych,60,12,4.133333333333334,77.91666666666667,2025-12-21 18:55:00,0.2,0.8
ivan krivoy,mykolay treschetka,230,34,4.178260869565217,77.77826086956522,2026-04-20 06:55:00,0.14782608695652175,0.8521739130434782
ivan krivoy,oleg gil,80,22,4.0625,74.625,2025-09-22 05:25:00,0.275,0.725
ivan krivoy,oleh maksymkiv,40,12,4.075,78.275,2026-04-19 11:55:00,0.3,0.7
ivan krivoy,oleh martynenko,47,15,4.042553191489362,75.63829787234043,2026-04-10 05:55:00,0.3191489361702128,0.6808510638297872
ivan krivoy,oleksandr maslovskyi,77,20,4.103896103896104,76.83116883116882,2026-04-20 05:25:00,0.2597402597402597,0.7402597402597403
ivan krivoy,oleksii shalopa,21,7,3.9523809523809526,73.9047619047619,2025-10-19 14:25:00,0.3333333333333333,0.6666666666666667
ivan krivoy,vasil salivonchyk,139,19,4.23021582733813,79.06474820143885,2026-04-20 08:55:00,0.1366906474820144,0.8633093525179856
ivan krivoy,viktor kodola,59,13,4.084745762711864,74.77966101694915,2025-11-08 07:25:00,0.22033898305084745,0.7796610169491526
ivan nitchenko,maksym tiutiunnyk,39,10,4.0,73.8974358974359,2026-02-21 14:10:00,0.2564102564102564,0.7435897435897436
ivan nitchenko,mykyta zinov,24,10,3.8333333333333335,68.16666666666667,2025-09-10 16:10:00,0.4166666666666667,0.5833333333333333
ivan nitchenko,oleg varlamov,49,14,3.9183673469387754,74.93877551020408,2026-03-14 14:10:00,0.2857142857142857,0.7142857142857143
ivan nitchenko,oleksandr zhyrnov,30,10,3.933333333333333,74.56666666666666,2026-04-03 06:20:00,0.3333333333333333,0.6666666666666667
ivan nitchenko,pavlo lavrynenko,28,8,4.035714285714286,77.0,2025-12-20 13:40:00,0.2857142857142857,0.7142857142857143
ivan nitchenko,valerii merzlikin,21,9,3.761904761904762,65.38095238095238,2026-04-07 09:20:00,0.42857142857142855,0.5714285714285714
ivan nitchenko,yaroslav makovka,21,3,3.9523809523809526,74.71428571428571,2026-02-28 16:10:00,0.14285714285714285,0.8571428571428572
ivan nitchenko,yevhen skorobahatyi,22,5,4.2272727272727275,79.4090909090909,2026-03-13 10:50:00,0.22727272727272727,0.7727272727272727
ivan pytsko,maksym khomenko,40,16,3.875,69.325,2026-01-26 09:05:00,0.4,0.6
ivan pytsko,mykhailo potapov,91,23,4.0,73.65934065934066,2026-02-11 09:25:00,0.25274725274725274,0.7472527472527473
ivan pytsko,mykola slozka,131,29,4.099236641221374,77.81679389312977,2026-03-04 10:35:00,0.22137404580152673,0.7786259541984732
ivan pytsko,myroslav loboda,67,21,3.8656716417910446,72.8955223880597,2024-11-11 08:05:00,0.31343283582089554,0.6865671641791045
ivan pytsko,oleh hudyma,24,4,4.291666666666667,79.66666666666667,2026-01-31 13:25:00,0.16666666666666666,0.8333333333333334
ivan pytsko,oleksandr budnikov,56,16,4.017857142857143,73.48214285714286,2025-05-14 09:05:00,0.2857142857142857,0.7142857142857143
ivan pytsko,oleksandr strutinskiy,64,25,3.859375,70.171875,2024-08-05 10:35:00,0.390625,0.609375
ivan pytsko,oleksii golubiev,25,9,3.92,72.64,2026-03-04 11:35:00,0.36,0.64
ivan pytsko,oles kotsyumbas,78,29,3.871794871794872,72.08974358974359,2025-10-23 09:35:00,0.3717948717948718,0.6282051282051282
ivan pytsko,rostyslav fedyna,67,26,3.8656716417910446,71.3731343283582,2024-09-23 11:35:00,0.3880597014925373,0.6119402985074627
ivan pytsko,ruslan novak,27,12,3.7777777777777777,70.66666666666667,2026-01-19 12:35:00,0.4444444444444444,0.5555555555555556
ivan pytsko,vladyslav kovalchuk,37,9,4.054054054054054,76.83783783783784,2026-01-26 06:05:00,0.24324324324324326,0.7567567567567568
ivan pytsko,volodymyr ivasiv,84,24,4.059523809523809,76.26190476190476,2025-05-21 10:35:00,0.2857142857142857,0.7142857142857143
ivan pytsko,volodymyr korobko,24,11,3.7083333333333335,68.83333333333333,2026-01-10 23:30:00,0.4583333333333333,0.5416666666666667
ivan pytsko,yaroslav tebenko,258,70,4.0813953488372094,76.7984496124031,2026-03-04 08:03:47,0.2713178294573643,0.7286821705426356
ivan pytsko,yaroslav vorsulyak,53,15,4.0,74.49056603773585,2025-12-24 16:25:00,0.2830188679245283,0.7169811320754718
ivan pytsko,yurii parahailo,52,12,4.134615384615385,76.3076923076923,2026-01-26 07:05:00,0.23076923076923078,0.7692307692307692
ivan romaniak,oleh bandurka,20,5,4.2,78.0,2026-04-14 04:55:00,0.25,0.75
ivan romaniak,serhii rak,27,9,3.888888888888889,72.88888888888889,2026-04-19 23:45:00,0.3333333333333333,0.6666666666666667
jachym juppa,karel farsky,27,11,3.925925925925926,75.70370370370371,2026-01-27 18:15:00,0.4074074074074074,0.5925925925925926
jachym juppa,ladislav tuma,28,4,4.321428571428571,80.67857142857143,2025-12-11 16:00:00,0.14285714285714285,0.8571428571428572
jachym juppa,leon kolman,35,2,4.285714285714286,79.94285714285714,2026-04-19 15:45:00,0.05714285714285714,0.9428571428571428
jachym juppa,martin vorel,20,6,3.9,72.25,2026-01-11 06:30:00,0.3,0.7
jachym juppa,ondrej chadima,41,6,4.146341463414634,78.90243902439025,2026-03-14 21:23:41,0.14634146341463414,0.8536585365853658
jachym juppa,ondrej karpisek,48,11,3.9375,74.625,2026-03-31 13:30:00,0.22916666666666666,0.7708333333333334
jachym juppa,petr abraham,50,15,3.98,75.88,2026-02-07 09:37:00,0.3,0.7
jachym juppa,petr maly,26,5,4.038461538461538,74.5,2026-04-19 16:44:50,0.19230769230769232,0.8076923076923077
jachym juppa,tadeas bertho,21,0,4.380952380952381,81.57142857142857,2026-03-07 17:00:00,0.0,1.0
jachym juppa,tomas hanke,34,3,4.529411764705882,83.82352941176471,2026-02-13 17:18:05,0.08823529411764706,0.9117647058823529
jachym juppa,vit herrmann,20,5,3.9,73.3,2026-04-19 13:15:00,0.25,0.75
jachym juppa,zdenek kuksa,22,5,4.045454545454546,76.5909090909091,2026-01-16 14:45:00,0.22727272727272727,0.7727272727272727
jakub dedek,martin holub,43,10,4.069767441860465,76.44186046511628,2025-04-09 19:00:00,0.23255813953488372,0.7674418604651163
jakub dufek,jan krames sr,20,4,4.25,82.2,2026-04-19 20:18:37,0.2,0.8
jakub dufek jnr,martin holub,32,5,4.125,78.5,2026-04-13 12:58:52,0.15625,0.84375
jakub nemecek snr,tomas hanke,22,2,4.136363636363637,76.0909090909091,2025-10-12 17:05:00,0.09090909090909091,0.9090909090909091
jakub nemecek snr,vit herrmann,24,7,4.0,74.20833333333333,2026-02-01 13:18:12,0.2916666666666667,0.7083333333333333
jakub simek,miroslav hajek,26,5,4.115384615384615,79.65384615384616,2026-03-19 10:45:00,0.19230769230769232,0.8076923076923077
jakub simek,ondrej mezera,26,0,4.461538461538462,89.23076923076923,2026-03-27 15:15:00,0.0,1.0
jakub simek,pavel hala,24,5,4.375,82.04166666666667,2025-12-16 13:55:00,0.20833333333333334,0.7916666666666666
jakub simek,petr provaznik,34,8,4.235294117647059,78.76470588235294,2026-02-24 14:30:00,0.23529411764705882,0.7647058823529411
jan blazek,jan krojidlo,28,3,4.464285714285714,87.21428571428571,2026-04-08 12:28:37,0.10714285714285714,0.8928571428571429
jan blazek,jaroslav puk,47,12,3.9574468085106385,75.97872340425532,2026-03-05 13:00:00,0.2553191489361702,0.7446808510638299
jan blazek,marian melisek,39,10,4.051282051282051,74.41025641025641,2026-03-24 14:30:00,0.2564102564102564,0.7435897435897436
jan blazek,martin obraz,49,11,4.183673469387755,77.6734693877551,2026-04-17 13:30:00,0.22448979591836735,0.7755102040816326
jan blazek,martin vorel,41,8,4.170731707317073,79.2439024390244,2026-04-16 09:30:00,0.1951219512195122,0.8048780487804879
jan blazek,oleh plyska,30,6,4.233333333333333,79.53333333333333,2026-04-16 11:00:00,0.2,0.8
jan blazek,ondrej chadima,29,5,4.068965517241379,75.96551724137932,2025-09-03 11:45:00,0.1724137931034483,0.8275862068965517
jan blazek,pavel moulis,29,4,4.206896551724138,78.58620689655173,2026-03-06 12:30:00,0.13793103448275862,0.8620689655172413
jan blazek,petr fiser,29,2,4.379310344827586,83.03448275862068,2026-04-02 13:15:00,0.06896551724137931,0.9310344827586207
jan blazek,tadeas bertho,22,4,4.2272727272727275,79.18181818181819,2025-12-01 10:30:00,0.18181818181818182,0.8181818181818181
jan blazek,vaclav coubal,27,5,4.185185185185185,78.44444444444444,2025-12-29 17:35:00,0.18518518518518517,0.8148148148148149
jan fiala,jan krames sr,22,4,4.136363636363637,77.45454545454545,2025-02-01 10:45:00,0.18181818181818182,0.8181818181818181
jan fiala,lukas veigl,21,5,4.095238095238095,78.71428571428571,2025-02-09 07:45:00,0.23809523809523808,0.7619047619047619
jan fiala,radovan pisa,29,1,4.275862068965517,81.3103448275862,2025-02-14 16:15:00,0.034482758620689655,0.9655172413793104
jan fiala,stepan rejent,32,6,4.25,79.5625,2025-01-31 18:15:00,0.1875,0.8125
jan herink,martin drabek,34,5,4.117647058823529,78.32352941176471,2025-01-03 10:45:00,0.14705882352941177,0.8529411764705882
jan herink,matej stach,36,11,3.9166666666666665,73.66666666666667,2025-12-11 12:15:00,0.3055555555555556,0.6944444444444444
jan herink,miroslav hajek,41,4,4.341463414634147,82.8048780487805,2026-01-28 19:15:00,0.0975609756097561,0.9024390243902439
jan herink,ondrej mezera,34,5,4.294117647058823,84.6470588235294,2025-07-21 09:45:00,0.14705882352941177,0.8529411764705882
jan herink,pavel hala,42,10,4.071428571428571,77.28571428571429,2026-03-31 17:45:00,0.23809523809523808,0.7619047619047619
jan herink,petr provaznik,25,6,4.12,77.56,2026-03-09 20:45:00,0.24,0.76
jan herink,roman merkl,26,1,4.461538461538462,85.23076923076923,2026-02-01 07:45:00,0.038461538461538464,0.9615384615384616
jan herink,tomas kanka,24,6,4.083333333333333,75.83333333333333,2025-12-18 12:15:00,0.25,0.75
jan herink,vladimir lopata,22,2,4.363636363636363,82.72727272727273,2025-12-22 11:45:00,0.09090909090909091,0.9090909090909091
jan krames jr.,josef chalupa,28,3,4.321428571428571,80.46428571428571,2026-04-12 06:45:00,0.10714285714285714,0.8928571428571429
jan krames jr.,lukas heinzl,45,11,4.177777777777778,80.73333333333333,2026-04-19 07:45:00,0.24444444444444444,0.7555555555555555
jan krames jr.,lukas veigl,33,6,4.393939393939394,85.87878787878788,2026-03-27 21:20:30,0.18181818181818182,0.8181818181818181
jan krames jr.,miloslav ullman,20,6,3.95,76.4,2026-04-17 20:19:19,0.3,0.7
jan krames jr.,radovan pisa,28,4,4.392857142857143,81.64285714285714,2026-04-02 20:14:26,0.14285714285714285,0.8571428571428572
jan krames jr.,stepan rejent,28,6,4.107142857142857,79.10714285714286,2026-03-27 19:15:00,0.21428571428571427,0.7857142857142857
jan krames jr.,tomas liska,25,3,4.16,80.28,2026-04-11 11:15:00,0.12,0.88
jan krames sr,josef chalupa,48,16,3.9375,72.33333333333333,2026-04-14 18:15:00,0.3333333333333333,0.6666666666666667
jan krames sr,lukas adam,37,6,4.108108108108108,76.27027027027027,2026-04-10 19:00:00,0.16216216216216217,0.8378378378378378
jan krames sr,lukas heinzl,83,14,4.253012048192771,83.0,2026-04-18 19:15:00,0.1686746987951807,0.8313253012048193
jan krames sr,lukas rulc,87,8,4.310344827586207,81.41379310344827,2026-01-25 13:45:00,0.09195402298850575,0.9080459770114943
jan krames sr,lukas veigl,66,12,4.333333333333333,82.6969696969697,2026-04-18 18:15:00,0.18181818181818182,0.8181818181818181
jan krames sr,michal makara,28,2,4.321428571428571,83.0,2026-03-29 20:58:39,0.07142857142857142,0.9285714285714286
jan krames sr,miloslav ullman,84,5,4.2976190476190474,80.73809523809524,2026-04-10 18:00:00,0.05952380952380952,0.9404761904761905
jan krames sr,oleg matus,30,6,4.3,83.76666666666667,2026-04-18 17:15:00,0.2,0.8
jan krames sr,pavel fencl,56,10,4.196428571428571,76.44642857142857,2025-07-27 11:15:00,0.17857142857142858,0.8214285714285714
jan krames sr,radovan pisa,129,33,4.007751937984496,75.62015503875969,2026-04-09 18:30:00,0.2558139534883721,0.7441860465116279
jan krames sr,stepan rejent,167,18,4.263473053892215,80.21556886227545,2026-04-10 19:30:00,0.10778443113772455,0.8922155688622755
jan krames sr,tibor kolenic,68,8,4.367647058823529,81.20588235294117,2025-08-31 09:15:00,0.11764705882352941,0.8823529411764706
jan krames sr,tomas liska,129,9,4.372093023255814,81.8062015503876,2026-04-19 17:15:00,0.06976744186046512,0.9302325581395349
jan krames sr,vojtech grubr,37,8,4.1891891891891895,79.86486486486487,2026-04-09 20:43:57,0.21621621621621623,0.7837837837837838
jan krojidlo,jaroslav puk,24,6,4.166666666666667,81.58333333333333,2026-01-07 10:15:00,0.25,0.75
jan krojidlo,ladislav hendrych,22,1,4.409090909090909,86.13636363636364,2026-02-17 18:45:00,0.045454545454545456,0.9545454545454546
jan krojidlo,marian melisek,46,8,4.1521739130434785,80.5,2026-04-18 16:44:31,0.17391304347826086,0.8260869565217391
jan krojidlo,martin obraz,41,7,4.170731707317073,79.0,2026-04-07 12:29:00,0.17073170731707318,0.8292682926829268
jan krojidlo,martin vorel,70,14,4.171428571428572,81.62857142857143,2026-04-15 11:00:00,0.2,0.8
jan krojidlo,oleh plyska,32,9,4.0625,77.15625,2026-04-18 14:30:00,0.28125,0.71875
jan krojidlo,ondrej chadima,32,4,4.40625,84.0,2026-03-01 12:30:00,0.125,0.875
jan krojidlo,pavel moulis,38,5,4.2631578947368425,82.10526315789474,2026-01-13 08:15:00,0.13157894736842105,0.868421052631579
jan krojidlo,petr fiser,21,1,4.619047619047619,86.28571428571429,2025-11-16 12:30:00,0.047619047619047616,0.9523809523809523
jan krojidlo,tadeas bertho,70,4,4.428571428571429,84.72857142857143,2026-03-30 08:33:45,0.05714285714285714,0.9428571428571428
jan pina,milan cuba,46,11,4.130434782608695,76.23913043478261,2025-11-24 19:00:00,0.2391304347826087,0.7608695652173914
jan priklopil,martin bruk,31,7,4.161290322580645,81.2258064516129,2026-04-01 16:39:09,0.22580645161290322,0.7741935483870968
jan priklopil,miroslav hajek,23,6,4.086956521739131,76.43478260869566,2026-02-11 10:30:00,0.2608695652173913,0.7391304347826086
jan priklopil,ondrej mezera,28,5,4.214285714285714,81.03571428571429,2026-03-28 06:15:00,0.17857142857142858,0.8214285714285714
jan priklopil,pavel hala,49,11,4.326530612244898,84.08163265306122,2026-03-28 09:44:40,0.22448979591836735,0.7755102040816326
jan priklopil,petr provaznik,47,11,4.0638297872340425,77.80851063829788,2026-04-02 17:04:36,0.23404255319148937,0.7659574468085106
jan priklopil,roman merkl,44,7,4.2272727272727275,79.43181818181819,2026-04-02 14:30:00,0.1590909090909091,0.8409090909090909
jan priklopil,tomas kanka,37,11,4.135135135135135,77.91891891891892,2026-04-11 07:45:00,0.2972972972972973,0.7027027027027026
jan rochowanski,josef chalupa,30,7,4.033333333333333,78.16666666666667,2026-04-14 19:15:00,0.23333333333333334,0.7666666666666666
jan rochowanski,lukas adam,30,11,3.966666666666667,74.0,2025-12-11 09:45:00,0.36666666666666664,0.6333333333333333
jan rochowanski,lukas rulc,24,2,4.416666666666667,82.91666666666667,2026-04-20 12:54:28,0.08333333333333333,0.9166666666666666
jan rochowanski,marek drbohlav,25,8,3.92,73.72,2026-02-18 08:45:00,0.32,0.6799999999999999
jan rochowanski,tomas liska,33,8,4.212121212121212,79.33333333333333,2026-04-20 10:45:00,0.24242424242424243,0.7575757575757576
jan seeman,josef hanacek,20,2,4.45,83.85,2026-02-22 19:00:00,0.1,0.9
jan simecek jnr,jiri tichy,32,6,4.21875,80.15625,2026-02-26 21:38:50,0.1875,0.8125
jan simecek jnr,marek cizek,33,7,4.151515151515151,79.06060606060606,2026-03-18 19:30:00,0.21212121212121213,0.7878787878787878
jan simecek jnr,ondrej karpisek,27,6,4.148148148148148,80.55555555555556,2026-03-19 18:30:00,0.2222222222222222,0.7777777777777778
jan simecek jnr,pavel hala,26,5,4.115384615384615,76.84615384615384,2026-02-27 21:58:54,0.19230769230769232,0.8076923076923077
jan simecek jnr,petr orlowski,29,3,4.206896551724138,79.03448275862068,2026-03-29 08:18:45,0.10344827586206896,0.896551724137931
jan simecek jnr,roman merkl,37,4,4.405405405405405,87.16216216216216,2026-03-29 07:45:00,0.10810810810810811,0.8918918918918919
jan simecek jnr,tomas hanke,28,7,4.142857142857143,76.85714285714286,2026-02-12 18:15:00,0.25,0.75
jan simecek jnr,tomas kanka,21,8,3.7142857142857144,69.85714285714286,2026-03-01 09:00:00,0.38095238095238093,0.6190476190476191
jan vasek,ladislav hendrych,38,9,4.0,74.26315789473684,2026-04-15 18:30:00,0.23684210526315788,0.7631578947368421
jan vasek,martin stehlik,28,5,4.285714285714286,80.32142857142857,2025-08-27 20:21:01,0.17857142857142858,0.8214285714285714
jan vrnak,marcel pikous,29,3,4.413793103448276,82.65517241379311,2026-04-09 08:00:00,0.10344827586206896,0.896551724137931
jan vrnak,martin holub,49,8,4.183673469387755,78.48979591836735,2026-03-31 18:30:00,0.16326530612244897,0.8367346938775511
jaroslav glogar,lukas adam,30,4,4.333333333333333,80.86666666666666,2025-10-22 07:15:00,0.13333333333333333,0.8666666666666667
jaroslav puk,martin obraz,80,20,4.1625,78.5375,2026-04-02 08:44:04,0.25,0.75
jaroslav puk,martin vorel,91,18,4.21978021978022,80.28571428571429,2026-04-02 06:30:00,0.1978021978021978,0.8021978021978022
jaroslav puk,oleh plyska,44,9,4.159090909090909,75.70454545454545,2026-02-26 08:30:00,0.20454545454545456,0.7954545454545454
jaroslav puk,pavel moulis,39,7,4.153846153846154,82.64102564102564,2026-04-14 12:00:00,0.1794871794871795,0.8205128205128205
jaroslav puk,tadeas bertho,32,4,4.28125,80.46875,2026-04-10 11:30:00,0.125,0.875
jaroslav puk,vaclav coubal,20,7,3.95,73.0,2025-04-23 10:30:00,0.35,0.65
jiri tichy,miroslav hajek,36,4,4.25,80.69444444444444,2025-12-17 20:15:00,0.1111111111111111,0.8888888888888888
jiri tichy,ondrej karpisek,34,8,3.9705882352941178,73.26470588235294,2026-04-13 19:45:00,0.23529411764705882,0.7647058823529411
jiri tichy,petr orlowski,23,6,3.9565217391304346,75.78260869565217,2026-04-16 18:00:00,0.2608695652173913,0.7391304347826086
jiri tichy,roman merkl,26,8,3.923076923076923,75.15384615384616,2026-02-22 08:15:00,0.3076923076923077,0.6923076923076923
josef chalupa,lukas adam,74,10,4.283783783783784,80.45945945945945,2026-03-17 09:48:31,0.13513513513513514,0.8648648648648649
josef chalupa,lukas heinzl,49,12,4.163265306122449,80.36734693877551,2026-04-04 08:43:38,0.24489795918367346,0.7551020408163265
josef chalupa,lukas rulc,39,9,4.128205128205129,76.8974358974359,2026-04-02 20:43:37,0.23076923076923078,0.7692307692307692
josef chalupa,lukas veigl,49,9,4.326530612244898,83.85714285714286,2026-03-30 07:45:00,0.1836734693877551,0.8163265306122449
josef chalupa,miloslav ullman,29,5,4.241379310344827,80.34482758620689,2026-04-04 05:45:00,0.1724137931034483,0.8275862068965517
josef chalupa,oleg matus,40,8,4.225,80.625,2026-04-12 05:45:00,0.2,0.8
josef chalupa,radovan pisa,37,12,3.918918918918919,73.83783783783784,2026-04-04 06:15:00,0.32432432432432434,0.6756756756756757
josef chalupa,stepan rejent,37,6,4.162162162162162,79.27027027027027,2026-01-13 15:15:00,0.16216216216216217,0.8378378378378378
josef chalupa,tibor kolenic,33,7,4.151515151515151,78.0,2025-09-03 05:30:00,0.21212121212121213,0.7878787878787878
josef chalupa,tomas liska,50,7,4.28,81.86,2026-02-11 07:30:00,0.14,0.86
josef chalupa,vladislav dotsenko,36,6,4.361111111111111,83.80555555555556,2026-03-31 06:45:00,0.16666666666666666,0.8333333333333334
josef chalupa,volodymyr butko,22,4,4.318181818181818,80.95454545454545,2026-02-17 08:30:00,0.18181818181818182,0.8181818181818181
josef hanacek,karel polak,23,5,4.173913043478261,80.8695652173913,2026-02-22 20:30:00,0.21739130434782608,0.782608695652174
josef hanacek,martin stehlik,35,10,4.057142857142857,75.37142857142857,2026-02-21 12:15:00,0.2857142857142857,0.7142857142857143
josef hondlik,ladislav tuma,33,4,4.393939393939394,82.87878787878788,2026-02-03 17:41:51,0.12121212121212122,0.8787878787878788
josef pavelka,milan cuba,25,3,4.68,93.12,2024-10-20 20:27:16,0.12,0.88
josef pavelka,pavel moulis,35,5,4.457142857142857,84.62857142857143,2024-10-31 12:30:00,0.14285714285714285,0.8571428571428572
josef pavelka,rostislav novosad,32,3,4.6875,91.15625,2024-10-31 11:30:00,0.09375,0.90625
josef pavelka,vit kilian,39,2,4.666666666666667,86.97435897435898,2024-10-31 14:10:00,0.05128205128205128,0.9487179487179487
josef zabransky,lukas heinzl,32,11,3.9375,75.5625,2025-03-18 21:20:00,0.34375,0.65625
josef zabransky,oleg matus,23,8,3.9130434782608696,75.1304347826087,2025-03-18 20:45:00,0.34782608695652173,0.6521739130434783
josef zabransky,zdenek sedivy,31,6,4.096774193548387,77.58064516129032,2025-02-19 20:15:00,0.1935483870967742,0.8064516129032258
karel farsky,ladislav tuma,30,7,4.033333333333333,77.96666666666667,2026-04-16 16:29:11,0.23333333333333334,0.7666666666666666
karel farsky,martin vorel,22,6,4.090909090909091,74.9090909090909,2026-04-04 07:30:00,0.2727272727272727,0.7272727272727273
karel farsky,petr abraham,26,11,3.8846153846153846,70.92307692307692,2026-03-17 16:00:00,0.4230769230769231,0.5769230769230769
karel farsky,tomas hanke,33,6,4.2727272727272725,79.93939393939394,2025-12-13 08:45:00,0.18181818181818182,0.8181818181818181
karel farsky,zdenek kuksa,20,3,4.1,78.7,2026-04-04 08:34:34,0.15,0.85
karel jirousek,martin vorel,23,3,4.260869565217392,82.21739130434783,2026-04-15 11:30:00,0.13043478260869565,0.8695652173913043
karel jirousek,milan vydra,20,3,4.35,86.0,2025-09-16 15:00:00,0.15,0.85
karel jirousek,pavel moulis,28,5,4.214285714285714,79.78571428571429,2026-04-14 12:38:48,0.17857142857142858,0.8214285714285714
karel polak,martin stehlik,20,5,4.0,76.2,2026-02-21 10:15:00,0.25,0.75
kiril yurchenko,nazar danyliuk,133,44,3.962406015037594,73.67669172932331,2024-09-17 09:35:00,0.3308270676691729,0.6691729323308271
kiril yurchenko,nazar tretyak,28,9,3.857142857142857,75.07142857142857,2024-06-18 08:05:00,0.32142857142857145,0.6785714285714286
kiril yurchenko,roman zholubak,73,30,3.7945205479452055,71.0958904109589,2024-09-17 11:35:00,0.410958904109589,0.589041095890411
kiril yurchenko,vasily verbyany,61,17,4.098360655737705,76.37704918032787,2024-09-17 07:35:00,0.2786885245901639,0.7213114754098361
kiril yurchenko,vitalii levshyn,83,26,3.9759036144578315,74.28915662650603,2024-08-23 09:20:00,0.3132530120481928,0.6867469879518072
kostiantyn hrynenko,maxim marchuk,109,31,4.018348623853211,75.06422018348624,2026-04-03 23:35:00,0.28440366972477066,0.7155963302752293
kostiantyn hrynenko,mykhailo diachenko,59,11,4.084745762711864,76.23728813559322,2024-05-14 21:05:00,0.1864406779661017,0.8135593220338984
kostiantyn hrynenko,oleksandr buberenko,69,13,4.202898550724638,76.26086956521739,2025-02-26 20:55:00,0.18840579710144928,0.8115942028985508
kostiantyn hrynenko,oleksandr gomilko,117,36,4.05982905982906,76.05128205128206,2026-04-03 21:35:00,0.3076923076923077,0.6923076923076923
kostiantyn hrynenko,oleksandr kovalchuk,34,16,3.7058823529411766,71.20588235294117,2024-03-20 14:05:00,0.47058823529411764,0.5294117647058824
kostiantyn hrynenko,oleksandr melashenko,25,4,4.24,81.28,2026-04-17 03:25:00,0.16,0.84
kostiantyn hrynenko,oleksandr naida,138,45,3.920289855072464,73.1231884057971,2026-04-17 02:25:00,0.32608695652173914,0.6739130434782609
kostiantyn hrynenko,oleksii shyndel,62,21,4.048387096774194,74.35483870967742,2026-04-13 03:25:00,0.3387096774193548,0.6612903225806452
kostiantyn hrynenko,roman gnoevoy,189,53,3.9576719576719577,74.28571428571429,2026-04-16 23:55:00,0.2804232804232804,0.7195767195767195
kostiantyn hrynenko,spartak abalmaz,27,10,3.925925925925926,75.11111111111111,2026-04-16 21:55:00,0.37037037037037035,0.6296296296296297
kostiantyn hrynenko,valentyn lobas,106,31,4.037735849056604,75.95283018867924,2026-04-04 02:05:00,0.29245283018867924,0.7075471698113207
kostiantyn hrynenko,vitalii khamurda,159,43,4.050314465408805,75.29559748427673,2026-03-29 13:25:00,0.27044025157232704,0.729559748427673
kostiantyn hrynenko,yan krol,103,27,4.106796116504855,77.23300970873787,2026-04-04 03:05:00,0.2621359223300971,0.7378640776699029
kostiantyn hrynenko,yaroslav buberenko,32,7,4.34375,81.5,2024-09-17 23:55:00,0.21875,0.78125
kostiantyn klymenko,oleh ponomarenko,22,3,4.181818181818182,74.9090909090909,2026-03-09 10:00:00,0.13636363636363635,0.8636363636363636
kostiantyn klymenko,oleksandr bryzhevatyi,32,8,4.0625,73.09375,2025-11-13 09:20:00,0.25,0.75
kostiantyn klymenko,oleksandr leonenko,108,33,3.962962962962963,73.97222222222223,2026-04-19 21:50:00,0.3055555555555556,0.6944444444444444
kostiantyn klymenko,oleksandr lipeiko,43,17,3.953488372093023,72.62790697674419,2026-03-24 15:40:00,0.3953488372093023,0.6046511627906976
kostiantyn klymenko,oleksandr osadchyi,176,41,4.159090909090909,76.1590909090909,2026-04-12 21:20:00,0.23295454545454544,0.7670454545454546
kostiantyn klymenko,serhii hovorunets,75,24,3.973333333333333,72.0,2026-04-16 11:20:00,0.32,0.6799999999999999
kostiantyn klymenko,serhii lyzohub,41,11,4.0,73.60975609756098,2026-01-26 10:05:00,0.2682926829268293,0.7317073170731707
kostiantyn klymenko,serhii semenets,155,47,3.9548387096774196,72.94193548387096,2026-04-12 15:50:00,0.3032258064516129,0.6967741935483871
kostiantyn klymenko,serhii solomko,181,57,4.016574585635359,74.30939226519337,2026-04-20 06:50:00,0.3149171270718232,0.6850828729281768
kostiantyn klymenko,stefan yakimenko,199,55,4.085427135678392,75.59798994974874,2026-04-20 08:50:00,0.27638190954773867,0.7236180904522613
kostiantyn klymenko,vasiliy smyk,21,10,3.8095238095238093,69.85714285714286,2026-04-05 06:20:00,0.47619047619047616,0.5238095238095238
kostiantyn klymenko,vasily kondratenko,20,8,3.9,72.25,2026-03-09 08:00:00,0.4,0.6
kostiantyn klymenko,vitalii mukhin,66,19,4.0,73.62121212121212,2025-07-17 08:50:00,0.2878787878787879,0.7121212121212122
kostiantyn klymenko,vladyslav stukalov,29,3,4.344827586206897,81.6896551724138,2025-09-29 12:50:00,0.10344827586206896,0.896551724137931
kostiantyn klymenko,volodymyr melnykov,41,18,3.8536585365853657,70.5609756097561,2026-04-13 06:50:00,0.43902439024390244,0.5609756097560976
kostiantyn kovalchuk,oleksandr melashenko,40,12,4.0,75.175,2024-08-20 03:25:00,0.3,0.7
kostiantyn kovalchuk,ruslan yaremenko,30,8,4.0,72.56666666666666,2024-08-19 21:25:00,0.26666666666666666,0.7333333333333334
kostiantyn kovalchuk,vitalii husiev,28,3,4.464285714285714,86.78571428571429,2024-05-20 23:05:00,0.10714285714285714,0.8928571428571429
kostiantyn kovalchuk,vitalii kobets,25,6,4.0,75.44,2024-07-27 01:05:00,0.24,0.76
kostiantyn kovalchuk,yaroslav stepanchuk,42,16,3.7857142857142856,70.88095238095238,2024-07-28 23:05:00,0.38095238095238093,0.6190476190476191
kostiantyn kovalchuk,yevhen bielokon,49,12,4.122448979591836,77.63265306122449,2024-07-08 21:05:00,0.24489795918367346,0.7551020408163265
kostiantyn kovalchuk,yevhenii sokoltsov,64,20,3.984375,74.0625,2024-07-26 23:05:00,0.3125,0.6875
kostiantyn tsoi,maksym studinikin,20,6,4.15,74.55,2025-10-11 08:00:00,0.3,0.7
kostiantyn tsoi,maksym tkalich,35,9,4.171428571428572,77.25714285714285,2026-04-18 05:05:00,0.2571428571428571,0.7428571428571429
kostiantyn tsoi,oleg pereguda,24,5,4.041666666666667,72.70833333333333,2025-05-24 05:30:00,0.20833333333333334,0.7916666666666666
kostiantyn tsoi,oleh miklukha,39,11,4.102564102564102,77.61538461538461,2026-01-03 10:30:00,0.28205128205128205,0.717948717948718
kostiantyn tsoi,oleh ponomarenko,148,68,3.7905405405405403,69.10135135135135,2026-04-18 09:35:00,0.4594594594594595,0.5405405405405406
kostiantyn tsoi,oleh stopin,67,28,3.7761194029850746,69.43283582089552,2026-04-18 11:05:00,0.417910447761194,0.582089552238806
kostiantyn tsoi,oleksandr bryzhevatyi,27,17,3.4814814814814814,60.407407407407405,2024-10-23 07:05:00,0.6296296296296297,0.37037037037037035
kostiantyn tsoi,oleksandr osadchyi,22,14,3.5454545454545454,64.13636363636364,2024-12-30 06:30:00,0.6363636363636364,0.36363636363636365
kostiantyn tsoi,serhii semenets,71,38,3.6619718309859155,65.54929577464789,2025-01-15 12:00:00,0.5352112676056338,0.46478873239436624
kostiantyn tsoi,vladyslav stukalov,115,59,3.6695652173913045,66.35652173913043,2025-04-20 10:05:00,0.5130434782608696,0.4869565217391304
kovalenko vladislav,oleksandr maslov,20,4,4.25,81.15,2025-04-08 17:05:00,0.2,0.8
kovalenko vladislav,roman yushko,31,6,4.193548387096774,78.29032258064517,2025-04-17 18:05:00,0.1935483870967742,0.8064516129032258
kovalenko vladislav,ruslan serhyenko,119,42,3.957983193277311,73.43697478991596,2026-01-20 17:35:00,0.35294117647058826,0.6470588235294117
kovalenko vladislav,valentyn chumak,71,22,3.943661971830986,73.52112676056338,2026-01-20 19:05:00,0.30985915492957744,0.6901408450704225
kovalenko vladislav,viktor sharpay,25,10,3.92,73.32,2025-02-25 20:25:00,0.4,0.6
kovalenko vladislav,vitalii husiev,37,11,4.162162162162162,79.70270270270271,2026-01-20 20:05:00,0.2972972972972973,0.7027027027027026
kovalenko vladislav,vitalii kaganovych,75,22,3.9066666666666667,73.4,2026-01-05 15:05:00,0.29333333333333333,0.7066666666666667
kovalenko vladislav,vitalii peltek,22,5,4.136363636363637,77.31818181818181,2024-08-13 12:35:00,0.22727272727272727,0.7727272727272727
kovalenko vladislav,vitalii ryndia,82,35,3.7804878048780486,70.14634146341463,2025-04-04 14:05:00,0.4268292682926829,0.5731707317073171
kovalenko vladislav,vitalii sydorenko,109,45,3.779816513761468,70.38532110091744,2026-01-20 13:35:00,0.41284403669724773,0.5871559633027523
kovalenko vladislav,volodymyr hainiuk,82,30,3.975609756097561,73.8048780487805,2026-01-20 15:35:00,0.36585365853658536,0.6341463414634146
kovalenko vladislav,volodymyr vasiukov,20,3,3.9,74.15,2026-04-19 18:35:00,0.15,0.85
kovalenko vladislav,yevhen bielokon,45,9,4.133333333333334,76.08888888888889,2026-01-08 17:55:00,0.2,0.8
kovalenko vladislav,yurii reva,41,8,4.170731707317073,77.95121951219512,2025-02-25 14:25:00,0.1951219512195122,0.8048780487804879
kyrylo tkachenko,maksym khomenko,35,10,3.9714285714285715,72.82857142857142,2025-06-21 18:25:00,0.2857142857142857,0.7142857142857143
kyrylo tkachenko,mykhailo hlaholev,38,12,4.026315789473684,73.84210526315789,2025-04-24 11:25:00,0.3157894736842105,0.6842105263157895
kyrylo tkachenko,oleh martynenko,20,7,3.8,69.95,2026-04-02 12:25:00,0.35,0.65
kyrylo tkachenko,pavlo chyzh,50,19,3.92,72.62,2026-04-12 11:55:00,0.38,0.62
kyrylo tkachenko,roman oliinyk,40,12,3.975,73.5,2025-03-19 15:25:00,0.3,0.7
kyrylo tkachenko,rostyslav fylypiv,57,23,3.9298245614035086,73.9298245614035,2025-05-23 12:55:00,0.40350877192982454,0.5964912280701755
kyrylo tkachenko,volodymyr ivasiv,30,5,4.166666666666667,77.33333333333333,2025-11-21 19:25:00,0.16666666666666666,0.8333333333333334
ladislav dlask,martin obraz,25,6,4.2,78.56,2025-05-13 10:45:00,0.24,0.76
ladislav dlask,martin vorel,35,4,4.485714285714286,85.02857142857142,2025-06-06 10:45:00,0.11428571428571428,0.8857142857142857
ladislav dlask,oleh plyska,38,8,4.2368421052631575,80.05263157894737,2025-06-30 12:39:31,0.21052631578947367,0.7894736842105263
ladislav hendrych,ladislav tuma,24,9,3.75,68.125,2026-03-20 18:30:00,0.375,0.625
ladislav hendrych,martin stehlik,36,9,4.083333333333333,77.11111111111111,2025-12-10 21:27:23,0.25,0.75
ladislav hendrych,martin vorel,21,4,4.238095238095238,80.42857142857143,2025-12-30 09:25:46,0.19047619047619047,0.8095238095238095
ladislav hendrych,milan cuba,22,6,3.8636363636363638,70.04545454545455,2024-12-27 20:30:00,0.2727272727272727,0.7272727272727273
ladislav hendrych,ondrej chadima,25,2,4.44,83.96,2026-04-18 11:00:00,0.08,0.92
ladislav hendrych,petr maly,29,9,4.0,75.44827586206897,2026-04-15 18:00:00,0.3103448275862069,0.6896551724137931
ladislav hendrych,stepan kalensky,37,9,4.297297297297297,78.86486486486487,2026-04-17 18:00:00,0.24324324324324326,0.7567567567567568
ladislav hendrych,tadeas bertho,23,1,4.391304347826087,82.17391304347827,2026-04-18 11:30:00,0.043478260869565216,0.9565217391304348
ladislav tuma,libor stacho,34,6,4.205882352941177,79.23529411764706,2025-03-14 19:30:00,0.17647058823529413,0.8235294117647058
ladislav tuma,martin vorel,41,11,3.8292682926829267,72.39024390243902,2026-03-27 17:29:42,0.2682926829268293,0.7317073170731707
ladislav tuma,oleh plyska,37,8,4.108108108108108,75.62162162162163,2026-02-26 10:03:40,0.21621621621621623,0.7837837837837838
ladislav tuma,ondrej karpisek,49,9,4.142857142857143,77.73469387755102,2025-12-10 16:00:00,0.1836734693877551,0.8163265306122449
ladislav tuma,petr abraham,53,12,4.113207547169812,78.69811320754717,2026-03-19 17:59:24,0.22641509433962265,0.7735849056603774
ladislav tuma,petr kotrbacek,66,14,4.212121212121212,78.45454545454545,2026-04-07 16:00:00,0.21212121212121213,0.7878787878787878
ladislav tuma,radek slunecko,20,5,4.1,74.95,2026-02-15 14:45:00,0.25,0.75
ladislav tuma,tadeas bertho,25,2,4.36,80.48,2026-03-19 17:00:00,0.08,0.92
ladislav tuma,tomas stejskal,43,8,4.1395348837209305,77.27906976744185,2026-04-06 19:15:00,0.18604651162790697,0.813953488372093
leon kolman,oleh plyska,26,7,4.0,75.5,2025-07-19 09:15:00,0.2692307692307692,0.7307692307692308
leon kolman,tomas hanke,21,4,4.142857142857143,79.38095238095238,2026-02-13 16:45:00,0.19047619047619047,0.8095238095238095
leon kolman,zdenek kuksa,23,3,4.173913043478261,80.04347826086956,2026-02-02 07:30:00,0.13043478260869565,0.8695652173913043
libor smazik,lukas provaznik,37,7,4.351351351351352,81.75675675675676,2026-03-16 16:45:00,0.1891891891891892,0.8108108108108107
libor smazik,marek vyskocil,39,4,4.230769230769231,78.92307692307692,2026-04-13 09:15:00,0.10256410256410256,0.8974358974358975
libor smazik,martin kubat,20,7,3.7,70.45,2025-08-26 09:45:00,0.35,0.65
libor smazik,matej mezera,21,4,4.380952380952381,80.0,2025-04-06 10:15:00,0.19047619047619047,0.8095238095238095
libor smazik,michal makara,31,9,4.032258064516129,75.7741935483871,2026-01-26 12:45:00,0.2903225806451613,0.7096774193548387
libor smazik,ondrej mezera,61,12,4.262295081967213,82.93442622950819,2026-04-10 11:15:00,0.19672131147540983,0.8032786885245902
libor smazik,pavel hala,20,3,4.15,76.1,2025-11-13 16:15:00,0.15,0.85
libor smazik,petr semrad,27,14,3.740740740740741,68.70370370370371,2026-04-14 15:00:00,0.5185185185185185,0.4814814814814815
libor smazik,zdenek vasatko,37,18,3.6216216216216215,66.21621621621621,2026-03-24 12:00:00,0.4864864864864865,0.5135135135135135
libor stacho,martin obraz,24,6,4.083333333333333,76.95833333333333,2025-03-26 10:30:00,0.25,0.75
libor stacho,martin vorel,21,4,4.380952380952381,81.14285714285714,2025-03-24 13:00:00,0.19047619047619047,0.8095238095238095
libor stacho,oleh plyska,42,7,4.309523809523809,81.0952380952381,2025-03-24 11:00:00,0.16666666666666666,0.8333333333333334
libor stacho,radek slunecko,22,3,4.318181818181818,81.81818181818181,2025-03-07 12:45:00,0.13636363636363635,0.8636363636363636
libor stacho,tomas hanke,27,6,4.148148148148148,77.07407407407408,2025-01-21 21:35:39,0.2222222222222222,0.7777777777777778
ludek stoces,lukas provaznik,28,2,4.5,84.46428571428571,2026-02-14 13:50:00,0.07142857142857142,0.9285714285714286
ludek stoces,miroslav hajek,59,13,4.237288135593221,77.89830508474576,2026-02-03 22:10:00,0.22033898305084745,0.7796610169491526
ludek stoces,ondrej mezera,29,1,4.551724137931035,86.65517241379311,2026-01-21 21:26:32,0.034482758620689655,0.9655172413793104
ludek stoces,pavel hala,41,11,4.195121951219512,79.82926829268293,2026-03-04 19:00:00,0.2682926829268293,0.7317073170731707
ludek stoces,petr provaznik,21,1,4.476190476190476,86.47619047619048,2026-03-20 21:49:03,0.047619047619047616,0.9523809523809523
ludek stoces,tomas hucko,33,9,4.151515151515151,78.33333333333333,2026-02-14 11:45:00,0.2727272727272727,0.7272727272727273
lukas adam,lukas heinzl,60,7,4.416666666666667,84.28333333333333,2026-04-17 13:04:45,0.11666666666666667,0.8833333333333333
lukas adam,lukas rulc,72,9,4.375,82.05555555555556,2026-03-20 12:00:00,0.125,0.875
lukas adam,lukas veigl,44,7,4.113636363636363,78.61363636363636,2026-01-23 21:37:24,0.1590909090909091,0.8409090909090909
lukas adam,michal makara,27,5,4.185185185185185,79.48148148148148,2026-04-14 10:15:00,0.18518518518518517,0.8148148148148149
lukas adam,michal stefaniak,23,6,4.173913043478261,78.43478260869566,2026-02-03 06:45:00,0.2608695652173913,0.7391304347826086
lukas adam,miloslav ullman,36,5,4.361111111111111,82.19444444444444,2026-04-10 21:03:38,0.1388888888888889,0.8611111111111112
lukas adam,oleg matus,24,6,4.083333333333333,77.33333333333333,2026-04-17 09:15:00,0.25,0.75
lukas adam,pavel fencl,21,6,4.0,73.38095238095238,2025-09-10 15:30:00,0.2857142857142857,0.7142857142857143
lukas adam,pavel rochowanski,23,1,4.304347826086956,80.52173913043478,2025-08-08 06:15:00,0.043478260869565216,0.9565217391304348
lukas adam,radovan pisa,62,15,4.161290322580645,78.79032258064517,2026-04-09 12:21:59,0.24193548387096775,0.7580645161290323
lukas adam,roman durovic,32,8,4.09375,78.3125,2026-01-23 11:30:00,0.25,0.75
lukas adam,stepan rejent,38,9,4.2105263157894735,80.86842105263158,2026-04-20 16:19:09,0.23684210526315788,0.7631578947368421
lukas adam,tibor kolenic,30,9,4.133333333333334,76.93333333333334,2025-09-03 09:05:00,0.3,0.7
lukas adam,tomas liska,107,9,4.4392523364485985,86.54205607476635,2026-04-14 12:43:25,0.08411214953271028,0.9158878504672897
lukas adam,vladislav dotsenko,25,2,4.36,88.36,2026-03-25 11:45:00,0.08,0.92
lukas adam,vojtech grubr,32,4,4.4375,84.9375,2026-04-20 14:15:00,0.125,0.875
lukas heinzl,lukas rulc,25,1,4.48,85.12,2026-04-03 20:00:00,0.04,0.96
lukas heinzl,lukas veigl,36,6,4.111111111111111,80.02777777777777,2026-04-18 17:45:00,0.16666666666666666,0.8333333333333334
lukas heinzl,miloslav ullman,27,1,4.296296296296297,80.29629629629629,2026-04-04 06:45:00,0.037037037037037035,0.962962962962963
lukas heinzl,oleg matus,50,13,4.1,77.96,2026-04-19 06:45:00,0.26,0.74
lukas heinzl,pavel fencl,25,4,4.44,83.36,2025-08-24 11:15:00,0.16,0.84
lukas heinzl,radovan pisa,73,9,4.315068493150685,81.32876712328768,2026-04-09 21:13:41,0.1232876712328767,0.8767123287671232
lukas heinzl,stepan rejent,51,10,4.176470588235294,79.37254901960785,2026-04-05 18:00:00,0.19607843137254902,0.803921568627451
lukas heinzl,tibor kolenic,37,15,3.7837837837837838,72.37837837837837,2025-08-30 05:15:00,0.40540540540540543,0.5945945945945945
lukas heinzl,tomas liska,67,6,4.298507462686567,83.02985074626865,2026-04-05 19:00:00,0.08955223880597014,0.9104477611940298
lukas heinzl,vladislav dotsenko,39,2,4.461538461538462,87.1025641025641,2026-04-14 13:45:00,0.05128205128205128,0.9487179487179487
lukas heinzl,volodymyr butko,33,9,3.9696969696969697,73.51515151515152,2026-03-01 18:45:00,0.2727272727272727,0.7272727272727273
lukas heinzl,zdenek sedivy,40,4,4.225,80.325,2026-04-12 19:30:00,0.1,0.9
lukas krupnik junior,marcel pikous,26,10,3.8846153846153846,72.73076923076923,2026-04-18 14:45:00,0.38461538461538464,0.6153846153846154
lukas krupnik junior,martin holub,34,3,4.382352941176471,82.1470588235294,2026-04-18 15:45:00,0.08823529411764706,0.9117647058823529
lukas provaznik,marek drbohlav,36,8,4.222222222222222,80.08333333333333,2026-03-22 12:45:00,0.2222222222222222,0.7777777777777778
lukas provaznik,martin melisek,21,2,4.0476190476190474,74.19047619047619,2025-08-02 13:15:00,0.09523809523809523,0.9047619047619048
lukas provaznik,martin vana,23,2,4.434782608695652,81.82608695652173,2026-04-20 16:00:00,0.08695652173913043,0.9130434782608696
lukas provaznik,matej mezera,48,10,4.145833333333333,79.4375,2025-03-08 15:45:00,0.20833333333333334,0.7916666666666666
lukas provaznik,matyas navedla,26,7,4.115384615384615,77.0,2024-07-14 19:30:00,0.2692307692307692,0.7307692307692308
lukas provaznik,michal makara,60,11,4.216666666666667,80.26666666666667,2025-08-17 10:45:00,0.18333333333333332,0.8166666666666667
lukas provaznik,miroslav hajek,59,7,4.305084745762712,80.71186440677967,2026-04-13 13:45:00,0.11864406779661017,0.8813559322033898
lukas provaznik,ondrej malecek,24,4,4.291666666666667,82.0,2024-07-18 06:15:00,0.16666666666666666,0.8333333333333334
lukas provaznik,ondrej mezera,72,9,4.375,82.83333333333333,2026-04-13 15:15:00,0.125,0.875
lukas provaznik,pavel hala,37,12,4.081081081081081,75.29729729729729,2026-01-25 09:00:00,0.32432432432432434,0.6756756756756757
lukas provaznik,samuel koscelansky,39,6,4.358974358974359,82.6923076923077,2026-02-03 21:42:55,0.15384615384615385,0.8461538461538461
lukas provaznik,tomas hucko,27,7,3.888888888888889,73.22222222222223,2026-02-14 10:45:00,0.25925925925925924,0.7407407407407407
lukas provaznik,zdenek vasatko,20,5,3.95,72.85,2026-04-10 13:45:00,0.25,0.75
lukas rulc,lukas veigl,76,11,4.223684210526316,81.88157894736842,2026-04-05 07:30:00,0.14473684210526316,0.8552631578947368
lukas rulc,marek drbohlav,40,10,3.95,72.225,2026-03-11 08:15:00,0.25,0.75
lukas rulc,matyas navedla,21,3,4.142857142857143,80.52380952380952,2025-05-26 15:15:00,0.14285714285714285,0.8571428571428572
lukas rulc,michal makara,64,10,4.203125,77.90625,2026-04-18 10:15:00,0.15625,0.84375
lukas rulc,michal stefaniak,21,5,4.285714285714286,80.9047619047619,2026-04-20 10:15:00,0.23809523809523808,0.7619047619047619
lukas rulc,miloslav ullman,68,8,4.3088235294117645,82.51470588235294,2026-04-12 12:28:54,0.11764705882352941,0.8823529411764706
lukas rulc,ondrej malecek,52,5,4.326923076923077,80.73076923076923,2024-06-30 13:15:00,0.09615384615384616,0.9038461538461539
lukas rulc,pavel fencl,42,4,4.380952380952381,82.14285714285714,2025-09-07 10:15:00,0.09523809523809523,0.9047619047619048
lukas rulc,radovan pisa,86,18,4.127906976744186,77.06976744186046,2026-04-04 19:45:00,0.20930232558139536,0.7906976744186046
lukas rulc,roman durovic,26,6,4.1923076923076925,79.76923076923077,2026-04-18 11:15:00,0.23076923076923078,0.7692307692307692
lukas rulc,stepan rejent,122,22,4.229508196721311,80.09016393442623,2026-04-04 17:15:00,0.18032786885245902,0.819672131147541
lukas rulc,tibor kolenic,28,1,4.392857142857143,82.32142857142857,2025-08-31 11:15:00,0.03571428571428571,0.9642857142857143
lukas rulc,tomas liska,144,21,4.319444444444445,81.73611111111111,2026-04-20 11:45:00,0.14583333333333334,0.8541666666666666
lukas rulc,vojtech grubr,29,6,4.137931034482759,81.20689655172414,2026-04-17 05:15:00,0.20689655172413793,0.7931034482758621
lukas veigl,marek drbohlav,28,5,4.25,81.46428571428571,2026-02-10 09:22:09,0.17857142857142858,0.8214285714285714
lukas veigl,michal makara,42,10,4.238095238095238,81.11904761904762,2026-04-19 12:30:24,0.23809523809523808,0.7619047619047619
lukas veigl,miloslav ullman,55,6,4.3090909090909095,80.6,2026-04-05 05:30:00,0.10909090909090909,0.8909090909090909
lukas veigl,oleg matus,24,8,4.041666666666667,80.45833333333333,2026-04-18 19:45:00,0.3333333333333333,0.6666666666666667
lukas veigl,ondrej malecek,26,2,4.576923076923077,86.73076923076923,2024-04-21 06:45:00,0.07692307692307693,0.9230769230769231
lukas veigl,pavel fencl,23,4,4.304347826086956,84.1304347826087,2026-02-01 10:30:00,0.17391304347826086,0.8260869565217391
lukas veigl,radovan pisa,90,25,4.055555555555555,78.61111111111111,2026-04-04 17:45:00,0.2777777777777778,0.7222222222222222
lukas veigl,roman durovic,26,3,4.230769230769231,79.26923076923077,2026-02-13 07:45:00,0.11538461538461539,0.8846153846153846
lukas veigl,stepan rejent,90,17,4.222222222222222,81.07777777777778,2026-04-04 19:15:00,0.18888888888888888,0.8111111111111111
lukas veigl,tomas liska,95,6,4.389473684210526,84.84210526315789,2026-04-19 09:30:00,0.06315789473684211,0.9368421052631579
lukas veigl,vojtech grubr,26,1,4.423076923076923,85.5,2026-04-15 17:15:00,0.038461538461538464,0.9615384615384616
maksim baranov,myroslav loboda,42,15,4.071428571428571,78.38095238095238,2025-08-25 06:55:00,0.35714285714285715,0.6428571428571428
maksim baranov,nazarii sydorak,67,24,3.8059701492537314,70.44776119402985,2024-10-24 09:46:08,0.3582089552238806,0.6417910447761195
maksim baranov,oleh napirko,109,30,4.045871559633028,75.26605504587155,2025-09-18 04:50:56,0.27522935779816515,0.7247706422018348
maksim baranov,oleksandr borysiuk,30,9,4.1,79.1,2025-09-04 10:35:00,0.3,0.7
maksim baranov,oleksandr budnikov,25,7,4.12,78.16,2025-08-25 04:55:00,0.28,0.72
maksim baranov,oleksandr hainovskyi,62,9,4.129032258064516,77.87096774193549,2025-04-17 12:35:00,0.14516129032258066,0.8548387096774194
maksim baranov,oleksandr strutinskiy,26,7,4.1923076923076925,79.53846153846153,2025-05-22 01:30:00,0.2692307692307692,0.7307692307692308
maksim baranov,orest hura,84,10,4.404761904761905,82.85714285714286,2025-09-17 12:35:00,0.11904761904761904,0.8809523809523809
maksim baranov,roman konkulovskyi,88,35,3.852272727272727,72.77272727272727,2025-03-13 09:35:00,0.3977272727272727,0.6022727272727273
maksim baranov,ruslan haiseniuk,24,9,4.0,74.29166666666667,2025-08-02 01:30:00,0.375,0.625
maksim baranov,serhii berezynskyi,34,8,4.0588235294117645,74.91176470588235,2025-07-30 18:05:00,0.23529411764705882,0.7647058823529411
maksim baranov,valerii vlasenko,88,14,4.2727272727272725,82.88636363636364,2025-09-04 07:05:00,0.1590909090909091,0.8409090909090909
maksim baranov,viktor slozka,181,39,4.193370165745856,80.49171270718232,2025-09-18 09:29:38,0.2154696132596685,0.7845303867403315
maksim baranov,vitalii boyko,35,15,3.857142857142857,72.48571428571428,2025-07-12 01:00:00,0.42857142857142855,0.5714285714285714
maksim baranov,vitaliy zharskiy,45,11,4.111111111111111,76.2,2025-09-18 10:23:47,0.24444444444444444,0.7555555555555555
maksim baranov,volodymyr ivasiv,46,18,3.9347826086956523,73.71739130434783,2024-05-13 00:00:00,0.391304347826087,0.6086956521739131
maksim baranov,volodymyr kaidakov,78,21,4.076923076923077,76.67948717948718,2025-07-04 08:35:00,0.2692307692307692,0.7307692307692308
maksim baranov,volodymyr korobko,56,23,3.7142857142857144,70.55357142857143,2025-06-01 15:55:00,0.4107142857142857,0.5892857142857143
maksim baranov,volodymyr kuzmych,41,10,3.8780487804878048,73.14634146341463,2025-04-03 16:35:00,0.24390243902439024,0.7560975609756098
maksim baranov,volodymyr okopnyi,49,10,4.244897959183674,80.65306122448979,2025-08-25 10:25:00,0.20408163265306123,0.7959183673469388
maksym baday,maksym hubenko,124,37,4.008064516129032,76.2741935483871,2026-04-10 16:30:00,0.29838709677419356,0.7016129032258065
maksym baday,oleksandr syksa,74,33,3.675675675675676,67.63513513513513,2026-04-12 11:00:00,0.44594594594594594,0.5540540540540541
maksym baday,oleksandr zhurba,76,54,3.3421052631578947,58.64473684210526,2025-03-25 17:30:00,0.7105263157894737,0.2894736842105263
maksym baday,roman tveritinov,50,27,3.52,65.76,2026-04-12 05:30:00,0.54,0.45999999999999996
maksym baday,serhii aristarkhov,47,18,3.6595744680851063,66.72340425531915,2026-04-12 07:00:00,0.3829787234042553,0.6170212765957447
maksym baday,serhii chuhai,249,51,4.192771084337349,79.01204819277109,2026-04-15 16:30:00,0.20481927710843373,0.7951807228915663
maksym bukata,oleksandr kolos,22,10,3.6363636363636362,66.22727272727273,2025-11-08 08:30:00,0.45454545454545453,0.5454545454545454
maksym bukata,vitalii klymenko,21,8,3.857142857142857,73.19047619047619,2025-11-08 05:30:00,0.38095238095238093,0.6190476190476191
maksym hubenko,oleh kurylenko,90,33,3.9,73.22222222222223,2026-04-17 05:30:00,0.36666666666666664,0.6333333333333333
maksym hubenko,oleksandr syksa,199,53,4.1206030150753765,79.48241206030151,2026-04-18 17:09:40,0.2663316582914573,0.7336683417085428
maksym hubenko,oleksandr ziakun,55,21,3.8727272727272726,73.25454545454545,2026-04-17 09:00:00,0.38181818181818183,0.6181818181818182
maksym hubenko,roman tveritinov,221,88,3.841628959276018,71.15837104072398,2026-04-16 09:30:00,0.39819004524886875,0.6018099547511313
maksym hubenko,serhii aristarkhov,87,32,4.114942528735632,83.44827586206897,2026-04-18 14:30:00,0.367816091954023,0.632183908045977
maksym hubenko,serhii chuhai,194,65,3.963917525773196,73.4639175257732,2026-04-16 08:30:00,0.33505154639175255,0.6649484536082475
maksym hubenko,serhii miroshnychenko,97,41,3.783505154639175,70.24742268041237,2026-04-17 11:00:00,0.422680412371134,0.5773195876288659
maksym hubenko,volodymyr tatarnykov,35,10,4.0285714285714285,75.37142857142857,2026-04-18 13:00:00,0.2857142857142857,0.7142857142857143
maksym khomenko,mykhailo hlaholev,25,12,3.72,67.76,2025-01-25 08:55:00,0.48,0.52
maksym khomenko,myroslav loboda,22,4,4.045454545454546,72.45454545454545,2026-02-25 23:30:00,0.18181818181818182,0.8181818181818181
maksym khomenko,oleh savenkov,51,15,3.9215686274509802,71.74509803921569,2025-07-29 15:35:00,0.29411764705882354,0.7058823529411764
maksym khomenko,oleksandr budnikov,27,7,4.222222222222222,80.25925925925925,2026-04-19 12:35:00,0.25925925925925924,0.7407407407407407
maksym khomenko,oles kotsyumbas,33,8,4.181818181818182,76.36363636363636,2025-10-15 09:35:00,0.24242424242424243,0.7575757575757576
maksym khomenko,pavlo chyzh,41,8,4.073170731707317,75.46341463414635,2025-06-29 06:55:00,0.1951219512195122,0.8048780487804879
maksym khomenko,roman mazur,29,13,3.6551724137931036,65.13793103448276,2025-08-24 07:55:00,0.4482758620689655,0.5517241379310345
maksym khomenko,rostyslav fylypiv,54,25,3.9444444444444446,72.14814814814815,2025-07-06 06:55:00,0.46296296296296297,0.537037037037037
maksym khomenko,ruslan novak,28,10,3.9285714285714284,73.07142857142857,2026-04-19 14:35:00,0.35714285714285715,0.6428571428571428
maksym khomenko,serhii kryvoshyi,20,6,4.1,73.0,2025-07-05 15:25:00,0.3,0.7
maksym khomenko,vladyslav kovalchuk,34,9,4.147058823529412,77.52941176470588,2026-03-09 08:05:00,0.2647058823529412,0.7352941176470589
maksym khomenko,volodymyr ivasiv,121,28,4.099173553719008,76.3305785123967,2026-04-19 18:05:00,0.23140495867768596,0.768595041322314
maksym khomenko,volodymyr korobko,25,10,3.72,68.52,2026-04-11 22:30:00,0.4,0.6
maksym khomenko,yaroslav tebenko,35,11,4.057142857142857,75.25714285714285,2026-03-27 23:45:00,0.3142857142857143,0.6857142857142857
maksym khomenko,yaroslav vorsulyak,36,13,3.9444444444444446,71.52777777777777,2026-04-13 11:05:00,0.3611111111111111,0.6388888888888888
maksym khomenko,yurii parahailo,53,15,3.981132075471698,72.54716981132076,2026-04-19 16:05:00,0.2830188679245283,0.7169811320754718
maksym mrykh,mykhailo sokur,36,10,3.9722222222222223,75.80555555555556,2025-04-20 16:20:00,0.2777777777777778,0.7222222222222222
maksym mrykh,oleksandr borysiuk,44,14,4.0227272727272725,75.6590909090909,2025-06-04 06:20:00,0.3181818181818182,0.6818181818181819
maksym mrykh,oleksandr ivchuk,131,45,3.946564885496183,73.42748091603053,2025-12-03 12:20:00,0.3435114503816794,0.6564885496183206
maksym mrykh,oleksandr kolbasenko,115,29,4.060869565217391,75.35652173913043,2025-12-29 12:10:00,0.25217391304347825,0.7478260869565218
maksym mrykh,oleksandr seliuchenko,77,20,4.090909090909091,77.74025974025975,2024-12-30 18:10:00,0.2597402597402597,0.7402597402597403
maksym mrykh,oleksii nadporozhskyi,130,35,4.030769230769231,76.58461538461539,2025-10-17 16:10:00,0.2692307692307692,0.7307692307692308
maksym mrykh,pavlo babenko,85,15,4.2,82.28235294117647,2026-01-05 12:10:00,0.17647058823529413,0.8235294117647058
maksym mrykh,vitalii s marushchak,43,14,4.093023255813954,77.23255813953489,2025-12-26 14:40:00,0.32558139534883723,0.6744186046511628
maksym mrykh,vladimir voronenko,128,37,4.0390625,75.890625,2026-01-05 13:40:00,0.2890625,0.7109375
maksym mrykh,vladyslav mishchenko,76,18,4.118421052631579,76.61842105263158,2025-12-29 13:40:00,0.23684210526315788,0.7631578947368421
maksym mrykh,yuriy leymanovskiy,28,10,3.9285714285714284,74.03571428571429,2025-10-15 08:50:00,0.35714285714285715,0.6428571428571428
maksym studinikin,maksym tkalich,31,4,4.419354838709677,83.45161290322581,2026-03-08 13:40:00,0.12903225806451613,0.8709677419354839
maksym studinikin,oleh miklukha,59,17,3.983050847457627,75.64406779661017,2026-04-03 06:00:00,0.288135593220339,0.711864406779661
maksym studinikin,oleh ponomarenko,68,31,3.7205882352941178,69.23529411764706,2026-04-06 06:30:00,0.45588235294117646,0.5441176470588236
maksym studinikin,oleksandr ovsiienko,91,34,3.934065934065934,73.48351648351648,2026-04-20 11:30:00,0.37362637362637363,0.6263736263736264
maksym studinikin,sergey osipov,31,9,4.096774193548387,76.64516129032258,2026-04-03 11:30:00,0.2903225806451613,0.7096774193548387
maksym studinikin,stanislav kucera,34,14,3.764705882352941,68.97058823529412,2025-11-17 07:30:00,0.4117647058823529,0.5882352941176471
maksym studinikin,vitalii korniichuk,60,16,4.066666666666666,76.43333333333334,2026-04-20 07:30:00,0.26666666666666666,0.7333333333333334
maksym studinikin,vladyslav stukalov,53,18,4.0,74.52830188679245,2026-04-20 05:30:00,0.33962264150943394,0.6603773584905661
maksym studinikin,volodymyr myrzak,33,5,4.333333333333333,78.81818181818181,2025-10-09 09:35:00,0.15151515151515152,0.8484848484848485
maksym tiutiunnyk,mykhailo sokur,25,10,3.8,70.36,2025-10-05 07:30:00,0.4,0.6
maksym tiutiunnyk,oleg varlamov,68,24,3.9411764705882355,73.36764705882354,2026-04-19 08:00:00,0.35294117647058826,0.6470588235294117
maksym tiutiunnyk,oleh kuzyshyn,21,8,3.761904761904762,70.38095238095238,2026-03-29 08:30:00,0.38095238095238093,0.6190476190476191
maksym tiutiunnyk,oleh volynets,21,6,4.190476190476191,78.71428571428571,2026-03-20 08:35:00,0.2857142857142857,0.7142857142857143
maksym tiutiunnyk,oleksandr zhyrnov,34,6,4.0588235294117645,74.94117647058823,2026-04-09 15:40:00,0.17647058823529413,0.8235294117647058
maksym tiutiunnyk,pavlo lavrynenko,73,16,4.164383561643835,79.0,2026-01-03 16:40:00,0.2191780821917808,0.7808219178082192
maksym tiutiunnyk,roman pomin,22,6,4.0,75.18181818181819,2026-02-14 14:10:00,0.2727272727272727,0.7272727272727273
maksym tiutiunnyk,valentyn lutsenko,33,11,3.909090909090909,73.42424242424242,2024-10-20 10:35:53,0.3333333333333333,0.6666666666666667
maksym tiutiunnyk,valerii merzlikin,32,10,3.875,72.53125,2026-03-29 09:30:00,0.3125,0.6875
maksym tiutiunnyk,yaroslav kovshun,35,4,4.428571428571429,84.51428571428572,2025-12-31 12:35:00,0.11428571428571428,0.8857142857142857
maksym tiutiunnyk,yaroslav makovka,66,26,3.9242424242424243,74.0,2026-04-19 10:00:00,0.3939393939393939,0.6060606060606061
maksym tiutiunnyk,yevhen skorobahatyi,23,10,3.782608695652174,71.34782608695652,2026-04-18 14:40:00,0.43478260869565216,0.5652173913043479
maksym tiutiunnyk,yurii volkov,20,11,3.6,67.0,2024-09-15 17:20:00,0.55,0.44999999999999996
maksym tkalich,oleh miklukha,37,12,3.972972972972973,77.10810810810811,2026-02-21 07:00:00,0.32432432432432434,0.6756756756756757
maksym tkalich,oleh ponomarenko,42,10,4.142857142857143,75.21428571428571,2026-04-18 11:35:00,0.23809523809523808,0.7619047619047619
maksym tytskyi,oleksandr kovalchuk,61,25,3.819672131147541,71.55737704918033,2024-10-03 13:25:00,0.4098360655737705,0.5901639344262295
maksym tytskyi,oleksandr mishchenko,26,21,3.269230769230769,58.5,2024-11-10 14:55:00,0.8076923076923077,0.1923076923076923
maksym tytskyi,oleksandr v kovalchuk,47,16,3.893617021276596,68.95744680851064,2024-11-10 16:55:00,0.3404255319148936,0.6595744680851063
maksym tytskyi,pavel plakushchyi,25,11,3.72,68.8,2024-11-10 18:25:00,0.44,0.56
maksym tytskyi,roman gnoevoy,28,11,3.7857142857142856,73.60714285714286,2024-06-21 13:55:00,0.39285714285714285,0.6071428571428572
maksym tytskyi,serhii chelpanov,29,15,3.689655172413793,66.10344827586206,2024-10-29 19:35:00,0.5172413793103449,0.48275862068965514
maksym tytskyi,spartak abalmaz,82,32,3.841463414634146,71.41463414634147,2024-11-07 23:25:00,0.3902439024390244,0.6097560975609756
maksym tytskyi,valentyn lobas,33,15,3.6666666666666665,66.15151515151516,2024-11-08 00:55:00,0.45454545454545453,0.5454545454545454
maksym tytskyi,vitalii khamurda,40,18,3.8,70.3,2024-08-18 19:25:00,0.45,0.55
maksym tytskyi,yevhenii kryvorotko,27,11,3.814814814814815,69.96296296296296,2024-11-10 20:25:00,0.4074074074074074,0.5925925925925926
maksym tytskyi,yurii kurishchenko,40,15,3.825,71.15,2024-10-13 16:05:00,0.375,0.625
marcel pikous,martin holub,101,16,4.287128712871287,79.54455445544555,2026-04-20 07:00:00,0.15841584158415842,0.8415841584158416
marcel pikous,michal snizek,23,9,3.9130434782608696,74.26086956521739,2026-04-20 08:00:00,0.391304347826087,0.6086956521739131
marcel pikous,milan cuba,37,5,4.27027027027027,80.02702702702703,2026-04-05 16:00:00,0.13513513513513514,0.8648648648648649
marcel pikous,vaclav coubal,41,14,4.0,74.39024390243902,2026-04-07 17:45:00,0.34146341463414637,0.6585365853658536
marcel pikous,vit kilian,36,11,4.0,74.22222222222223,2026-03-22 08:30:00,0.3055555555555556,0.6944444444444444
marcel pikous,yirzhi louda,22,5,4.2272727272727275,79.9090909090909,2026-04-04 14:00:00,0.22727272727272727,0.7727272727272727
marek cizek,martin bruk,21,3,4.095238095238095,83.28571428571429,2025-11-02 18:14:48,0.14285714285714285,0.8571428571428572
marek cizek,martin drabek,38,4,4.394736842105263,83.44736842105263,2026-03-10 21:38:45,0.10526315789473684,0.8947368421052632
marek cizek,ondrej karpisek,23,7,3.8260869565217392,71.0,2026-04-05 20:14:45,0.30434782608695654,0.6956521739130435
marek cizek,pavel hala,37,5,4.243243243243243,79.64864864864865,2026-03-27 19:00:00,0.13513513513513514,0.8648648648648649
marek cizek,petr orlowski,23,6,4.173913043478261,77.47826086956522,2025-09-05 18:45:00,0.2608695652173913,0.7391304347826086
marek cizek,roman merkl,27,7,4.074074074074074,74.66666666666667,2026-04-06 13:45:00,0.25925925925925924,0.7407407407407407
marek cizek,tomas hanke,28,6,4.214285714285714,80.35714285714286,2026-01-05 21:00:00,0.21428571428571427,0.7857142857142857
marek drbohlav,matej mezera,48,11,4.208333333333333,78.64583333333333,2025-03-07 08:30:00,0.22916666666666666,0.7708333333333334
marek drbohlav,matyas navedla,48,14,3.9791666666666665,76.375,2025-05-15 07:15:00,0.2916666666666667,0.7083333333333333
marek drbohlav,michal makara,153,25,4.261437908496732,80.49019607843137,2026-02-06 06:45:00,0.16339869281045752,0.8366013071895425
marek drbohlav,miloslav ullman,24,8,4.0,74.58333333333333,2026-03-09 07:00:00,0.3333333333333333,0.6666666666666667
marek drbohlav,miroslav hajek,25,4,4.16,78.48,2026-04-16 08:19:03,0.16,0.84
marek drbohlav,ondrej kadavy,29,6,4.310344827586207,81.75862068965517,2026-01-29 08:45:00,0.20689655172413793,0.7931034482758621
marek drbohlav,ondrej mezera,75,11,4.346666666666667,82.16,2026-04-15 08:14:20,0.14666666666666667,0.8533333333333333
marek drbohlav,roman durovic,94,24,4.148936170212766,77.84042553191489,2026-03-04 07:15:00,0.2553191489361702,0.7446808510638299
marek drbohlav,vlastimil honemann,27,6,4.074074074074074,76.70370370370371,2024-06-09 18:30:00,0.2222222222222222,0.7777777777777778
marek drbohlav,vojtech grubr,43,10,4.348837209302325,82.69767441860465,2026-03-04 09:25:31,0.23255813953488372,0.7674418604651163
marek vyskocil,matej stach,21,4,4.142857142857143,77.0,2026-04-13 10:45:00,0.19047619047619047,0.8095238095238095
marek vyskocil,miroslav hajek,43,3,4.325581395348837,82.95348837209302,2026-03-26 10:30:00,0.06976744186046512,0.9302325581395349
marek vyskocil,ondrej mezera,61,5,4.39344262295082,85.04918032786885,2026-03-09 12:15:00,0.08196721311475409,0.9180327868852459
marek vyskocil,tomas hucko,21,7,3.9047619047619047,71.9047619047619,2026-02-17 12:45:00,0.3333333333333333,0.6666666666666667
marek vyskocil,zdenek vasatko,28,8,3.9285714285714284,74.14285714285714,2026-04-10 15:15:00,0.2857142857142857,0.7142857142857143
marian melisek,martin obraz,35,8,4.114285714285714,78.22857142857143,2026-04-06 05:15:00,0.22857142857142856,0.7714285714285715
marian melisek,martin stehlik,33,8,4.0606060606060606,77.21212121212122,2026-03-22 18:08:27,0.24242424242424243,0.7575757575757576
marian melisek,martin vorel,49,4,4.285714285714286,80.51020408163265,2026-04-15 12:28:45,0.08163265306122448,0.9183673469387755
marian melisek,milan cuba,22,5,4.090909090909091,78.13636363636364,2025-05-03 09:30:00,0.22727272727272727,0.7727272727272727
marian melisek,oleh plyska,26,8,4.076923076923077,78.0,2026-04-18 16:00:00,0.3076923076923077,0.6923076923076923
marian melisek,ondrej chadima,27,3,4.333333333333333,79.88888888888889,2025-09-03 12:25:27,0.1111111111111111,0.8888888888888888
marian melisek,pavel moulis,55,7,4.254545454545455,81.01818181818182,2026-04-14 10:00:00,0.12727272727272726,0.8727272727272728
marian melisek,petr fiser,41,9,4.170731707317073,77.97560975609755,2026-03-20 14:15:00,0.21951219512195122,0.7804878048780488
marian melisek,tadeas bertho,33,4,4.212121212121212,79.03030303030303,2025-10-20 10:15:00,0.12121212121212122,0.8787878787878788
marian melisek,vaclav coubal,24,10,3.8333333333333335,71.0,2025-04-11 11:30:00,0.4166666666666667,0.5833333333333333
martin bouska,tomas hlavacek,30,10,4.033333333333333,75.63333333333334,2025-12-03 07:15:00,0.3333333333333333,0.6666666666666667
martin bouska,volodymyr butko,42,12,4.071428571428571,76.69047619047619,2026-03-06 06:15:00,0.2857142857142857,0.7142857142857143
martin bouska,zdenek sedivy,43,7,4.255813953488372,81.93023255813954,2025-11-15 06:15:00,0.16279069767441862,0.8372093023255813
martin bruk,martin drabek,20,3,4.1,78.7,2025-04-04 18:15:00,0.15,0.85
martin bruk,matej stach,25,5,4.2,78.84,2026-04-13 09:45:00,0.2,0.8
martin bruk,miroslav hajek,44,8,4.25,80.79545454545455,2026-03-03 19:00:00,0.18181818181818182,0.8181818181818181
martin bruk,ondrej mezera,32,5,4.28125,81.8125,2026-02-06 11:45:00,0.15625,0.84375
martin bruk,pavel hala,25,4,4.24,82.84,2026-02-08 12:15:00,0.16,0.84
martin bruk,petr provaznik,29,8,4.172413793103448,79.72413793103448,2026-03-05 15:00:00,0.27586206896551724,0.7241379310344828
martin bruk,roman merkl,25,4,4.36,83.2,2026-02-11 11:45:00,0.16,0.84
martin bruk,tomas hucko,21,2,4.380952380952381,79.52380952380952,2025-12-28 22:06:21,0.09523809523809523,0.9047619047619048
martin drabek,miroslav hajek,44,5,4.340909090909091,81.88636363636364,2025-03-31 20:14:57,0.11363636363636363,0.8863636363636364
martin drabek,ondrej mezera,24,4,4.041666666666667,78.625,2025-05-20 20:13:21,0.16666666666666666,0.8333333333333334
martin drabek,petr provaznik,24,5,4.333333333333333,82.20833333333333,2025-06-24 20:50:00,0.20833333333333334,0.7916666666666666
martin drabek,roman merkl,35,6,4.257142857142857,80.28571428571429,2026-03-02 21:33:23,0.17142857142857143,0.8285714285714285
martin drabek,vit herrmann,20,1,4.45,83.6,2026-01-13 19:30:00,0.05,0.95
martin holub,michal snizek,21,3,4.190476190476191,81.04761904761905,2026-04-20 06:00:00,0.14285714285714285,0.8571428571428572
martin holub,milan vydra,24,5,4.125,78.125,2026-04-18 16:15:53,0.20833333333333334,0.7916666666666666
martin holub,vaclav coubal,43,14,3.883720930232558,73.09302325581395,2026-03-31 20:00:00,0.32558139534883723,0.6744186046511628
martin holub,vit kilian,43,6,4.209302325581396,77.09302325581395,2026-03-13 10:30:00,0.13953488372093023,0.8604651162790697
martin holub,yirzhi louda,33,5,4.303030303030303,80.0909090909091,2025-09-24 15:00:00,0.15151515151515152,0.8484848484848485
martin kubat,miroslav hajek,37,7,4.1891891891891895,78.83783783783784,2025-10-01 18:00:00,0.1891891891891892,0.8108108108108107
martin kubat,ondrej mezera,33,5,4.363636363636363,82.21212121212122,2025-08-28 05:30:00,0.15151515151515152,0.8484848484848485
martin kubat,roman merkl,20,6,4.05,78.0,2025-07-30 05:30:00,0.3,0.7
martin kubat,zdenek vasatko,30,9,3.966666666666667,73.23333333333333,2025-08-28 07:30:00,0.3,0.7
martin melisek,miroslav hajek,30,6,4.133333333333334,78.03333333333333,2025-08-03 10:00:00,0.2,0.8
martin melisek,ondrej mezera,46,3,4.413043478260869,84.43478260869566,2025-08-03 11:30:00,0.06521739130434782,0.9347826086956522
martin melisek,petr provaznik,31,6,4.290322580645161,79.48387096774194,2025-07-16 05:30:00,0.1935483870967742,0.8064516129032258
martin obraz,martin vorel,127,15,4.3858267716535435,83.37007874015748,2026-04-07 12:00:00,0.11811023622047244,0.8818897637795275
martin obraz,miroslav vaclavik,32,4,4.40625,81.84375,2026-04-06 07:15:00,0.125,0.875
martin obraz,oleh plyska,81,24,4.0246913580246915,75.85185185185185,2026-04-06 08:54:06,0.2962962962962963,0.7037037037037037
martin obraz,ondrej chadima,27,8,4.0,78.03703703703704,2025-07-18 11:30:00,0.2962962962962963,0.7037037037037037
martin obraz,pavel moulis,65,27,3.953846153846154,73.0923076923077,2026-03-06 10:30:00,0.4153846153846154,0.5846153846153845
martin obraz,tadeas bertho,53,3,4.339622641509434,82.41509433962264,2026-04-08 09:03:46,0.05660377358490566,0.9433962264150944
martin obraz,vaclav coubal,25,9,3.88,73.04,2025-04-01 10:00:00,0.36,0.64
martin skyba,michal makara,31,11,4.0,75.3225806451613,2025-06-09 09:15:00,0.3548387096774194,0.6451612903225806
martin skyba,miroslav hajek,20,4,4.2,78.5,2026-03-30 18:45:00,0.2,0.8
martin stehlik,martin vorel,22,6,4.181818181818182,80.04545454545455,2025-08-27 18:15:00,0.2727272727272727,0.7272727272727273
martin stehlik,milan cuba,58,13,4.086206896551724,77.39655172413794,2026-04-19 19:30:00,0.22413793103448276,0.7758620689655172
martin stehlik,oleh plyska,27,3,4.185185185185185,77.77777777777777,2026-02-08 17:00:00,0.1111111111111111,0.8888888888888888
martin stehlik,ondrej chadima,40,3,4.375,83.1,2025-01-26 18:30:00,0.075,0.925
martin stehlik,pavel moulis,32,11,3.875,70.9375,2026-03-01 14:30:00,0.34375,0.65625
martin stehlik,petr fiser,21,3,4.285714285714286,79.95238095238095,2025-12-28 16:30:00,0.14285714285714285,0.8571428571428572
martin stehlik,vaclav coubal,34,5,4.411764705882353,83.44117647058823,2026-04-07 18:15:00,0.14705882352941177,0.8529411764705882
martin stehlik,viktor kucala,37,11,4.108108108108108,77.86486486486487,2026-04-12 14:45:00,0.2972972972972973,0.7027027027027026
martin vana,michal makara,29,9,4.068965517241379,76.37931034482759,2025-06-30 13:45:00,0.3103448275862069,0.6896551724137931
martin vana,ondrej mezera,21,5,4.190476190476191,78.0,2026-01-31 12:15:00,0.23809523809523808,0.7619047619047619
martin vorel,miroslav vaclavik,22,5,3.9545454545454546,77.18181818181819,2026-04-20 05:45:00,0.22727272727272727,0.7727272727272727
martin vorel,oleh plyska,138,35,4.094202898550725,76.77536231884058,2026-04-20 06:15:00,0.2536231884057971,0.7463768115942029
martin vorel,ondrej chadima,50,7,4.34,82.14,2026-02-08 12:30:00,0.14,0.86
martin vorel,pavel moulis,36,6,4.138888888888889,77.63888888888889,2026-01-27 09:00:00,0.16666666666666666,0.8333333333333334
martin vorel,tadeas bertho,90,9,4.4,83.36666666666666,2026-04-20 08:43:38,0.1,0.9
martin vorel,tomas hanke,27,4,4.2592592592592595,80.03703703703704,2025-09-21 19:00:00,0.14814814814814814,0.8518518518518519
martin vorel,vaclav coubal,20,5,4.05,76.0,2025-04-23 12:00:00,0.25,0.75
martin vorel,zdenek kuksa,40,6,4.2,78.7,2026-04-17 07:00:00,0.15,0.85
martin vorel,zdenek petran,22,6,4.090909090909091,77.27272727272727,2024-08-25 19:30:00,0.2727272727272727,0.7272727272727273
matej kovarik,vojtech grubr,22,4,4.2727272727272725,82.36363636363636,2026-04-10 08:19:13,0.18181818181818182,0.8181818181818181
matej mezera,matyas navedla,29,11,4.0,75.51724137931035,2024-11-07 21:07:37,0.3793103448275862,0.6206896551724138
matej mezera,michal makara,72,11,4.333333333333333,81.625,2025-04-01 13:15:00,0.1527777777777778,0.8472222222222222
matej mezera,samuel koscelansky,22,0,4.590909090909091,89.68181818181819,2024-12-15 21:50:00,0.0,1.0
matej mezera,zdenek vasatko,24,5,4.25,79.04166666666667,2025-04-07 10:00:00,0.20833333333333334,0.7916666666666666
matej stach,miroslav hajek,40,10,4.075,73.925,2026-04-05 10:45:00,0.25,0.75
matej stach,ondrej mezera,33,4,4.363636363636363,81.96969696969697,2026-03-20 12:15:00,0.12121212121212122,0.8787878787878788
matej stach,roman merkl,21,6,3.9523809523809526,74.0,2026-01-24 19:00:00,0.2857142857142857,0.7142857142857143
matej stach,vladimir lopata,22,3,4.2272727272727275,76.36363636363636,2026-04-01 11:00:00,0.13636363636363635,0.8636363636363636
matyas navedla,michal makara,39,2,4.615384615384615,85.33333333333333,2025-06-20 06:15:00,0.05128205128205128,0.9487179487179487
matyas navedla,roman durovic,22,4,4.318181818181818,80.9090909090909,2025-05-15 05:15:00,0.18181818181818182,0.8181818181818181
matyas navedla,stepan rejent,23,5,4.173913043478261,77.8695652173913,2025-05-20 17:10:00,0.21739130434782608,0.782608695652174
maxim marchuk,oleksandr buberenko,25,11,3.76,70.0,2025-03-02 03:05:00,0.44,0.56
maxim marchuk,oleksandr gomilko,229,47,4.148471615720524,79.26637554585153,2026-04-19 01:05:00,0.2052401746724891,0.7947598253275109
maxim marchuk,oleksandr melashenko,43,11,4.1395348837209305,76.67441860465117,2026-04-10 21:35:00,0.2558139534883721,0.7441860465116279
maxim marchuk,oleksii shyndel,40,11,4.1,78.5,2025-08-20 15:25:00,0.275,0.725
maxim marchuk,serhii khandetskyi,33,6,4.151515151515151,79.06060606060606,2024-12-08 01:35:00,0.18181818181818182,0.8181818181818181
maxim marchuk,valentyn lobas,33,1,4.303030303030303,81.9090909090909,2026-04-18 21:05:00,0.030303030303030304,0.9696969696969697
maxim marchuk,vitalii khamurda,26,8,3.8076923076923075,72.0,2026-04-19 02:35:00,0.3076923076923077,0.6923076923076923
maxim marchuk,yan krol,194,57,4.020618556701031,75.79896907216495,2026-04-18 23:05:00,0.29381443298969073,0.7061855670103092
maxim marchuk,yaroslav buberenko,37,8,4.216216216216216,81.13513513513513,2024-09-15 02:05:00,0.21621621621621623,0.7837837837837838
michal makara,miloslav ullman,39,10,3.948717948717949,71.82051282051282,2026-04-12 10:30:00,0.2564102564102564,0.7435897435897436
michal makara,ondrej kadavy,39,3,4.384615384615385,81.71794871794872,2026-04-14 11:15:00,0.07692307692307693,0.9230769230769231
michal makara,ondrej mezera,71,15,4.225352112676056,80.50704225352112,2026-02-02 13:19:00,0.2112676056338028,0.7887323943661972
michal makara,petr semrad,22,4,4.2727272727272725,79.0909090909091,2025-12-10 14:15:00,0.18181818181818182,0.8181818181818181
michal makara,radovan pisa,35,1,4.428571428571429,84.11428571428571,2026-04-16 12:53:41,0.02857142857142857,0.9714285714285714
michal makara,roman durovic,66,18,4.106060606060606,81.01515151515152,2026-04-18 09:45:00,0.2727272727272727,0.7272727272727273
michal makara,stepan rejent,68,12,4.147058823529412,78.47058823529412,2026-04-09 16:44:22,0.17647058823529413,0.8235294117647058
michal makara,tomas liska,60,9,4.266666666666667,81.31666666666666,2026-04-19 12:00:00,0.15,0.85
michal makara,vojtech grubr,39,2,4.512820512820513,87.74358974358974,2026-03-30 14:45:00,0.05128205128205128,0.9487179487179487
michal makara,zdenek vasatko,27,7,4.111111111111111,77.66666666666667,2025-12-10 15:45:00,0.25925925925925924,0.7407407407407407
michal stefaniak,tomas liska,25,8,4.16,79.12,2026-04-20 09:15:00,0.32,0.6799999999999999
mikhail taranko,pavel hala,29,5,4.068965517241379,75.3103448275862,2025-12-26 09:45:00,0.1724137931034483,0.8275862068965517
mikhail taranko,roman merkl,32,5,4.34375,82.75,2026-03-29 08:48:37,0.15625,0.84375
mikhail taranko,tomas kanka,20,5,3.9,71.7,2026-04-11 06:15:00,0.25,0.75
milan cuba,pavel moulis,43,12,4.069767441860465,75.74418604651163,2026-03-01 17:00:00,0.27906976744186046,0.7209302325581395
milan cuba,stepan kalensky,40,12,4.05,74.8,2025-04-18 11:00:00,0.3,0.7
milan cuba,vaclav coubal,47,14,3.978723404255319,74.7872340425532,2026-04-13 19:30:00,0.2978723404255319,0.7021276595744681
milan vydra,pavel moulis,22,5,4.181818181818182,78.86363636363636,2026-03-01 17:38:36,0.22727272727272727,0.7727272727272727
milan vydra,vit kilian,27,5,4.185185185185185,78.11111111111111,2026-02-23 15:00:00,0.18518518518518517,0.8148148148148149
miloslav ullman,pavel fencl,21,3,4.333333333333333,81.28571428571429,2025-08-23 07:15:00,0.14285714285714285,0.8571428571428572
miloslav ullman,radovan pisa,62,4,4.338709677419355,82.33870967741936,2026-04-04 08:13:28,0.06451612903225806,0.935483870967742
miloslav ullman,roman durovic,23,2,4.478260869565218,85.73913043478261,2026-04-17 18:45:00,0.08695652173913043,0.9130434782608696
miloslav ullman,stepan rejent,71,14,4.126760563380282,78.21126760563381,2026-04-10 18:30:00,0.19718309859154928,0.8028169014084507
miloslav ullman,tibor kolenic,34,4,4.382352941176471,83.02941176470588,2025-08-23 06:15:00,0.11764705882352941,0.8823529411764706
miloslav ullman,tomas liska,89,10,4.213483146067416,80.1685393258427,2026-04-12 11:30:00,0.11235955056179775,0.8876404494382022
miloslav ullman,vojtech grubr,32,7,4.15625,83.375,2026-03-24 18:30:00,0.21875,0.78125
miroslav hajek,ondrej mezera,138,13,4.333333333333333,83.5072463768116,2026-04-15 06:15:00,0.09420289855072464,0.9057971014492754
miroslav hajek,pavel hala,70,6,4.385714285714286,82.54285714285714,2026-01-28 21:47:33,0.08571428571428572,0.9142857142857143
miroslav hajek,pavel sourek,25,4,4.08,77.36,2026-03-25 18:45:00,0.16,0.84
miroslav hajek,petr provaznik,94,21,4.223404255319149,77.90425531914893,2026-03-03 22:08:22,0.22340425531914893,0.7765957446808511
miroslav hajek,petr semrad,28,8,4.0,74.96428571428571,2026-04-08 15:45:00,0.2857142857142857,0.7142857142857143
miroslav hajek,roman merkl,83,13,4.216867469879518,79.49397590361446,2025-07-30 13:15:00,0.1566265060240964,0.8433734939759037
miroslav hajek,tomas hucko,77,17,4.1688311688311686,79.3896103896104,2026-04-05 09:45:00,0.22077922077922077,0.7792207792207793
miroslav hajek,tomas kanka,31,8,4.0,73.83870967741936,2026-02-02 16:15:00,0.25806451612903225,0.7419354838709677
miroslav hajek,vlastimil honemann,42,8,4.333333333333333,81.69047619047619,2025-01-25 09:45:00,0.19047619047619047,0.8095238095238095
miroslav vaclavik,oleh plyska,20,3,4.25,80.6,2026-04-20 07:15:00,0.15,0.85
miroslav vaclavik,pavel moulis,27,8,4.037037037037037,76.62962962962963,2026-03-05 12:30:00,0.2962962962962963,0.7037037037037037
myhailo levytskii,nikita priadko,63,23,3.9206349206349205,73.25396825396825,2024-08-15 15:30:00,0.36507936507936506,0.6349206349206349
myhailo levytskii,oleh torianyk,58,19,3.9310344827586206,72.89655172413794,2026-04-16 16:59:22,0.3275862068965517,0.6724137931034483
myhailo levytskii,oleksii tiutiunnyk,22,5,4.136363636363637,77.5909090909091,2026-03-29 08:00:00,0.22727272727272727,0.7727272727272727
myhailo levytskii,petr kolesnik,78,24,4.012820512820513,75.06410256410257,2026-04-16 15:30:00,0.3076923076923077,0.6923076923076923
myhailo levytskii,roman horokh,31,21,3.3870967741935485,62.806451612903224,2026-01-27 15:00:00,0.6774193548387096,0.32258064516129037
myhailo levytskii,serhii balabei,69,30,3.782608695652174,68.81159420289855,2026-01-27 16:00:00,0.43478260869565216,0.5652173913043479
myhailo levytskii,serhii kiilo,80,27,3.975,75.875,2026-03-28 13:00:00,0.3375,0.6625
myhailo levytskii,serhii kushnirenko,43,18,3.9069767441860463,72.79069767441861,2026-03-29 10:30:00,0.4186046511627907,0.5813953488372092
myhailo levytskii,vadym kononenko,62,13,4.064516129032258,76.75806451612904,2025-12-04 15:30:00,0.20967741935483872,0.7903225806451613
mykhailo chumak,oleh ponomarenko,21,8,3.9523809523809526,71.76190476190476,2025-11-02 06:05:00,0.38095238095238093,0.6190476190476191
mykhailo chumak,vladyslav stukalov,21,5,4.142857142857143,75.80952380952381,2025-11-02 10:35:00,0.23809523809523808,0.7619047619047619
mykhailo diachenko,oleksandr buberenko,28,6,4.071428571428571,76.5,2024-05-01 22:35:00,0.21428571428571427,0.7857142857142857
mykhailo diachenko,oleksandr kovalchuk,32,11,3.84375,74.5625,2024-03-20 19:05:00,0.34375,0.65625
mykhailo diachenko,roman gnoevoy,30,10,3.966666666666667,72.7,2024-05-15 19:35:00,0.3333333333333333,0.6666666666666667
mykhailo diachenko,valentyn lobas,49,13,4.020408163265306,74.44897959183673,2024-05-08 13:25:00,0.2653061224489796,0.7346938775510203
mykhailo diachenko,vitalii khamurda,21,6,3.857142857142857,70.19047619047619,2024-05-15 13:05:00,0.2857142857142857,0.7142857142857143
mykhailo hlaholev,mykola kulynych,37,14,3.918918918918919,74.37837837837837,2025-07-16 10:25:00,0.3783783783783784,0.6216216216216216
mykhailo hlaholev,mykolay treschetka,53,12,4.188679245283019,77.79245283018868,2025-07-31 11:25:00,0.22641509433962265,0.7735849056603774
mykhailo hlaholev,oleg gil,32,20,3.5,63.65625,2025-07-16 09:25:00,0.625,0.375
mykhailo hlaholev,oleh martynenko,49,16,3.877551020408163,70.53061224489795,2025-07-02 17:25:00,0.32653061224489793,0.6734693877551021
mykhailo hlaholev,orest melnik,50,14,4.04,76.4,2025-07-24 07:55:00,0.28,0.72
mykhailo hlaholev,roman oliinyk,27,10,3.925925925925926,74.22222222222223,2025-03-20 06:25:00,0.37037037037037035,0.6296296296296297
mykhailo hlaholev,serhii kryvoshyi,26,13,3.6538461538461537,65.23076923076923,2025-07-18 11:25:00,0.5,0.5
mykhailo hlaholev,vasil salivonchyk,30,11,3.8,69.0,2025-07-31 06:25:00,0.36666666666666664,0.6333333333333333
mykhailo hlaholev,viktor kodola,31,7,4.0,73.87096774193549,2025-07-31 07:25:00,0.22580645161290322,0.7741935483870968
mykhailo khalenko,oleh stopin,20,3,4.3,77.35,2025-12-07 14:40:00,0.15,0.85
mykhailo khalenko,serhii semenets,29,7,4.103448275862069,75.62068965517241,2026-04-14 05:00:00,0.2413793103448276,0.7586206896551724
mykhailo khalenko,vladyslav stukalov,38,14,3.8947368421052633,71.42105263157895,2026-04-15 07:35:00,0.3684210526315789,0.631578947368421
mykhailo kistechko,nazarii hrytsyienko,27,9,4.074074074074074,75.74074074074075,2024-03-04 23:00:00,0.3333333333333333,0.6666666666666667
mykhailo kistechko,oleh bandurka,232,70,3.9439655172413794,73.4396551724138,2026-01-17 10:05:00,0.3017241379310345,0.6982758620689655
mykhailo kistechko,roman zholubak,76,27,3.8947368421052633,70.26315789473684,2025-07-29 10:55:00,0.35526315789473684,0.6447368421052632
mykhailo kistechko,serhii rak,20,7,3.95,71.5,2024-05-03 15:05:00,0.35,0.65
mykhailo kistechko,vasily verbyany,66,24,3.9545454545454546,73.4090909090909,2025-07-21 14:55:00,0.36363636363636365,0.6363636363636364
mykhailo kistechko,volodymyr plishylo,79,25,3.911392405063291,72.68354430379746,2025-11-01 12:05:00,0.31645569620253167,0.6835443037974683
mykhailo potapov,mykola slozka,66,16,4.090909090909091,76.86363636363636,2026-03-16 23:00:00,0.24242424242424243,0.7575757575757576
mykhailo potapov,oleh hudyma,24,1,4.416666666666667,82.125,2025-11-11 16:05:00,0.041666666666666664,0.9583333333333334
mykhailo potapov,oles kotsyumbas,103,21,4.223300970873787,80.4368932038835,2025-10-16 20:30:00,0.20388349514563106,0.7961165048543689
mykhailo potapov,serhii prus,46,11,3.9565217391304346,73.23913043478261,2025-04-01 00:00:00,0.2391304347826087,0.7608695652173914
mykhailo potapov,vasyl moshovskyi,36,6,4.166666666666667,76.11111111111111,2026-02-11 11:55:00,0.16666666666666666,0.8333333333333334
mykhailo potapov,vladyslav kovalchuk,67,14,4.1940298507462686,77.29850746268657,2026-03-16 22:00:00,0.208955223880597,0.791044776119403
mykhailo potapov,yaroslav tebenko,73,17,4.178082191780822,77.98630136986301,2026-03-17 02:00:00,0.2328767123287671,0.7671232876712328
mykhailo potapov,yaroslav vorsulyak,30,7,4.133333333333334,78.63333333333334,2026-01-02 12:05:00,0.23333333333333334,0.7666666666666666
mykhailo potapov,yurii parahailo,77,13,4.181818181818182,79.72727272727273,2026-01-01 14:35:00,0.16883116883116883,0.8311688311688312
mykhailo senyk,oleksii anatoliiovych kulbach,23,4,4.130434782608695,79.04347826086956,2026-04-11 09:25:00,0.17391304347826086,0.8260869565217391
mykhailo senyk,viktor sydorchuk,24,8,3.9583333333333335,75.625,2026-04-16 10:35:00,0.3333333333333333,0.6666666666666667
mykhailo sokur,oleg varlamov,31,10,3.870967741935484,71.25806451612904,2025-11-21 11:50:00,0.3225806451612903,0.6774193548387097
mykhailo sokur,oleh kuzyshyn,98,37,3.8979591836734695,71.5,2026-03-15 10:35:00,0.37755102040816324,0.6224489795918368
mykhailo sokur,oleksandr strutinskiy,112,38,3.9642857142857144,72.71428571428571,2026-04-14 07:50:00,0.3392857142857143,0.6607142857142857
mykhailo sokur,oleksandr zhyrnov,47,11,4.1063829787234045,77.08510638297872,2026-04-16 16:20:00,0.23404255319148937,0.7659574468085106
mykhailo sokur,vadym ishchuk,95,23,4.042105263157895,77.2421052631579,2026-04-14 09:50:00,0.24210526315789474,0.7578947368421053
mykhailo sokur,valerii merzlikin,195,57,4.030769230769231,75.03076923076924,2026-04-17 07:20:00,0.2923076923076923,0.7076923076923076
mykhailo sokur,viktor evtodiy,25,6,4.08,76.28,2025-02-25 10:50:00,0.24,0.76
mykhailo sokur,volodymyr savoliuk,96,28,4.0625,75.95833333333333,2026-04-07 10:50:00,0.2916666666666667,0.7083333333333333
mykhailo sokur,yehor riadynskyi,45,11,4.111111111111111,77.44444444444444,2026-04-17 08:50:00,0.24444444444444444,0.7555555555555555
mykhailo sokur,yevhen skorobahatyi,35,8,4.257142857142857,79.05714285714286,2026-04-17 10:20:00,0.22857142857142856,0.7714285714285715
mykhailo syniavskyi,rostyslav fylypiv,38,13,4.052631578947368,71.28947368421052,2024-07-24 04:55:00,0.34210526315789475,0.6578947368421053
mykhailo syniavskyi,serhii kryvoshyi,20,7,4.0,74.7,2024-08-21 07:55:00,0.35,0.65
mykhailo urban,mykola kulynych,30,12,3.8,71.5,2024-10-16 07:25:00,0.4,0.6
mykhailo vivatenko,mykolay treschetka,21,9,3.761904761904762,68.76190476190476,2026-04-17 07:25:00,0.42857142857142855,0.5714285714285714
mykhailo vivatenko,oleh martynenko,22,3,4.2272727272727275,75.0,2026-04-03 08:55:00,0.13636363636363635,0.8636363636363636
mykhailo vivatenko,oleksandr maslovskyi,27,9,4.037037037037037,72.29629629629629,2026-04-17 05:25:00,0.3333333333333333,0.6666666666666667
mykola antikuz,oleg shvydkyi,65,20,4.061538461538461,74.01538461538462,2025-05-19 09:00:00,0.3076923076923077,0.6923076923076923
mykola antikuz,oleksandr badanin,150,12,4.153333333333333,77.32,2025-05-19 10:15:18,0.08,0.92
mykola antikuz,oleksandr levytskyi,48,14,3.9791666666666665,73.625,2025-05-18 12:30:00,0.2916666666666667,0.7083333333333333
mykola antikuz,oleksandr maslovets,46,13,4.108695652173913,76.52173913043478,2024-10-31 17:30:00,0.2826086956521739,0.7173913043478262
mykola antikuz,roman hryhoriev,128,37,4.09375,76.28125,2025-05-08 16:00:00,0.2890625,0.7109375
mykola antikuz,serhii honcharenko,175,50,4.017142857142857,75.02285714285715,2025-05-19 06:00:00,0.2857142857142857,0.7142857142857143
mykola antikuz,vasyl matviichuk,209,52,4.014354066985646,74.52631578947368,2025-05-16 12:00:00,0.24880382775119617,0.7511961722488039
mykola antikuz,viacheslav yarovyi,47,9,4.0212765957446805,75.38297872340425,2025-04-26 06:00:00,0.19148936170212766,0.8085106382978724
mykola antikuz,viktor hyriavyi,71,23,4.042253521126761,74.33802816901408,2025-05-16 16:00:00,0.323943661971831,0.676056338028169
mykola antikuz,yurii urezchenko,98,22,4.122448979591836,77.4795918367347,2025-05-13 09:58:51,0.22448979591836735,0.7755102040816326
mykola chornobai,oleh ponomarenko,23,6,4.173913043478261,77.78260869565217,2026-04-14 10:43:44,0.2608695652173913,0.7391304347826086
mykola kulynych,mykolay treschetka,50,17,3.9,72.42,2025-11-07 14:55:00,0.34,0.6599999999999999
mykola kulynych,oleg gil,90,41,3.811111111111111,70.52222222222223,2025-09-30 08:25:00,0.45555555555555555,0.5444444444444445
mykola kulynych,oleksandr maslovskyi,78,31,3.858974358974359,72.23076923076923,2025-12-28 18:55:00,0.3974358974358974,0.6025641025641026
mykola kulynych,orest melnik,49,16,4.061224489795919,75.26530612244898,2025-10-03 15:25:00,0.32653061224489793,0.6734693877551021
mykola kulynych,roman oliinyk,27,10,3.925925925925926,72.62962962962963,2025-01-03 09:55:00,0.37037037037037035,0.6296296296296297
mykola kulynych,vasil salivonchyk,43,17,3.86046511627907,70.51162790697674,2025-12-28 14:25:00,0.3953488372093023,0.6046511627906976
mykola kulynych,viktor kodola,84,25,3.9285714285714284,73.8452380952381,2025-12-30 11:25:00,0.2976190476190476,0.7023809523809523
mykola pohorilyi,oleh torianyk,30,5,4.266666666666667,80.56666666666666,2026-04-12 08:30:00,0.16666666666666666,0.8333333333333334
mykola pohorilyi,pavlo shulhachyk,26,12,3.6923076923076925,65.5,2026-03-12 08:00:00,0.46153846153846156,0.5384615384615384
mykola pohorilyi,petr kolesnik,28,11,3.892857142857143,73.25,2026-04-12 07:00:00,0.39285714285714285,0.6071428571428572
mykola pohorilyi,serhii honcharenko,43,17,3.9302325581395348,73.25581395348837,2026-01-30 07:30:00,0.3953488372093023,0.6046511627906976
mykola pohorilyi,vasyl matviichuk,44,14,4.0227272727272725,74.56818181818181,2026-01-14 07:00:00,0.3181818181818182,0.6818181818181819
mykola pohorilyi,viacheslav simchuk,20,5,4.1,77.0,2026-03-31 09:00:00,0.25,0.75
mykola pohorilyi,viktor hyriavyi,23,9,3.782608695652174,67.0,2026-01-02 06:00:00,0.391304347826087,0.6086956521739131
mykola pohorilyi,yurii urezchenko,32,12,3.9375,73.65625,2025-12-23 07:30:00,0.375,0.625
mykola pohorilyi,yurii zvolynskyi,34,14,3.7941176470588234,71.58823529411765,2026-03-31 06:00:00,0.4117647058823529,0.5882352941176471
mykola polysynskyi,oleksandr maslov,112,23,4.196428571428571,80.22321428571429,2026-03-30 14:25:00,0.20535714285714285,0.7946428571428572
mykola polysynskyi,oleksandr melashenko,133,33,4.172932330827067,79.52631578947368,2026-02-20 05:25:00,0.24812030075187969,0.7518796992481203
mykola polysynskyi,oleksii shyndel,74,20,4.013513513513513,74.74324324324324,2026-04-20 19:55:00,0.2702702702702703,0.7297297297297297
mykola polysynskyi,pavlo volkov,27,9,3.888888888888889,72.33333333333333,2024-08-14 00:05:00,0.3333333333333333,0.6666666666666667
mykola polysynskyi,ruslan yaremenko,70,23,4.014285714285714,74.71428571428571,2025-06-26 21:05:00,0.32857142857142857,0.6714285714285715
mykola polysynskyi,serhii chuliukov,80,21,4.2,77.9875,2026-03-31 23:35:00,0.2625,0.7375
mykola polysynskyi,serhii khandetskyi,189,47,4.063492063492063,76.73544973544973,2026-04-20 15:25:00,0.24867724867724866,0.7513227513227514
mykola polysynskyi,serhii pitsyk,103,26,4.135922330097087,77.36893203883496,2026-04-15 21:35:00,0.2524271844660194,0.7475728155339806
mykola polysynskyi,viktor sharpay,86,21,4.186046511627907,78.48837209302326,2026-02-24 03:05:00,0.2441860465116279,0.7558139534883721
mykola polysynskyi,vitalii kobets,21,13,3.5714285714285716,68.66666666666667,2026-04-20 18:55:00,0.6190476190476191,0.38095238095238093
mykola polysynskyi,yaroslav stepanchuk,113,28,4.106194690265487,78.20353982300885,2026-04-16 01:05:00,0.24778761061946902,0.752212389380531
mykola polysynskyi,yevhenii sokoltsov,88,24,4.1022727272727275,77.5340909090909,2026-04-14 21:35:00,0.2727272727272727,0.7272727272727273
mykola slozka,myroslav loboda,23,9,3.869565217391304,70.69565217391305,2024-11-22 11:04:42,0.391304347826087,0.6086956521739131
mykola slozka,oleh hudyma,25,4,4.24,79.64,2026-03-24 14:35:00,0.16,0.84
mykola slozka,oleh savenkov,29,10,4.0,73.55172413793103,2026-03-01 10:55:00,0.3448275862068966,0.6551724137931034
mykola slozka,oleksandr budnikov,41,7,4.146341463414634,76.95121951219512,2025-05-11 01:00:00,0.17073170731707318,0.8292682926829268
mykola slozka,oleksandr strutinskiy,33,13,3.878787878787879,70.9090909090909,2025-07-14 06:05:00,0.3939393939393939,0.6060606060606061
mykola slozka,oles kotsyumbas,101,27,4.079207920792079,77.38613861386139,2025-10-26 14:05:00,0.26732673267326734,0.7326732673267327
mykola slozka,roman mazur,20,5,4.05,75.7,2024-05-04 12:55:00,0.25,0.75
mykola slozka,ruslan novak,70,23,3.9285714285714284,72.01428571428572,2026-01-19 11:05:00,0.32857142857142857,0.6714285714285715
mykola slozka,serhii kryvoshyi,24,3,4.333333333333333,81.70833333333333,2024-06-19 10:05:00,0.125,0.875
mykola slozka,serhii prus,28,4,4.178571428571429,79.32142857142857,2026-02-21 15:55:00,0.14285714285714285,0.8571428571428572
mykola slozka,vasyl moshovskyi,32,11,3.875,73.28125,2026-04-01 11:35:00,0.34375,0.65625
mykola slozka,vladyslav kovalchuk,152,30,4.217105263157895,80.26973684210526,2026-04-21 02:30:00,0.19736842105263158,0.8026315789473684
mykola slozka,volodymyr ivasiv,139,33,4.086330935251799,75.80575539568345,2025-11-24 09:35:00,0.23741007194244604,0.762589928057554
mykola slozka,volodymyr korobko,40,14,3.875,74.8,2026-04-21 00:00:00,0.35,0.65
mykola slozka,yaroslav tebenko,121,34,4.066115702479339,77.07438016528926,2026-04-20 20:00:00,0.2809917355371901,0.71900826446281
mykola slozka,yaroslav vorsulyak,75,24,4.04,75.56,2025-12-08 07:05:00,0.32,0.6799999999999999
mykola slozka,yurii parahailo,168,50,3.988095238095238,74.61904761904762,2026-01-26 05:35:00,0.2976190476190476,0.7023809523809523
mykolay treschetka,oleg gil,70,17,4.171428571428572,77.61428571428571,2025-09-29 09:25:00,0.24285714285714285,0.7571428571428571
mykolay treschetka,oleh maksymkiv,55,18,4.0,72.72727272727273,2026-04-19 15:55:00,0.32727272727272727,0.6727272727272727
mykolay treschetka,oleh martynenko,38,17,3.9210526315789473,72.92105263157895,2026-04-10 04:55:00,0.4473684210526316,0.5526315789473684
mykolay treschetka,oleksandr maslovskyi,93,33,3.956989247311828,72.6236559139785,2026-04-20 09:25:00,0.3548387096774194,0.6451612903225806
mykolay treschetka,oleksii shalopa,25,7,4.08,75.76,2025-10-19 15:25:00,0.28,0.72
mykolay treschetka,vasil salivonchyk,140,39,4.078571428571428,75.20714285714286,2026-04-20 10:25:00,0.2785714285714286,0.7214285714285714
mykolay treschetka,viktor kodola,72,26,4.013888888888889,74.22222222222223,2025-11-20 11:25:00,0.3611111111111111,0.6388888888888888
mykyta fiialko,ruslan serhyenko,27,10,3.888888888888889,71.77777777777777,2026-03-16 18:35:00,0.37037037037037035,0.6296296296296297
mykyta fiialko,vitalii husiev,32,9,4.0625,75.15625,2026-03-24 20:35:00,0.28125,0.71875
mykyta fiialko,vitalii kaganovych,29,14,3.7586206896551726,69.6896551724138,2026-03-23 14:05:00,0.4827586206896552,0.5172413793103448
mykyta fiialko,vitalii sydorenko,24,9,4.041666666666667,77.20833333333333,2026-03-24 15:35:00,0.375,0.625
mykyta fiialko,volodymyr hainiuk,34,12,3.9411764705882355,72.6470588235294,2026-03-24 14:35:00,0.35294117647058826,0.6470588235294117
mykyta fiialko,yevhen bielokon,25,14,3.68,67.08,2026-03-10 15:35:00,0.56,0.43999999999999995
mykyta smyrnov,nazar kovalchuk,33,10,4.0,75.60606060606061,2026-04-18 12:35:00,0.30303030303030304,0.696969696969697
mykyta smyrnov,oleh napirko,32,11,3.9375,73.75,2026-02-11 07:35:00,0.34375,0.65625
mykyta smyrnov,oleksii mitla,54,12,4.2407407407407405,80.48148148148148,2026-04-19 11:35:00,0.2222222222222222,0.7777777777777778
mykyta smyrnov,orest hura,29,7,4.275862068965517,78.55172413793103,2026-02-11 12:05:00,0.2413793103448276,0.7586206896551724
mykyta smyrnov,ruslan haiseniuk,25,10,4.0,76.92,2026-04-11 19:05:00,0.4,0.6
mykyta smyrnov,ruslan lazebny,22,7,3.772727272727273,70.0,2026-04-15 22:45:00,0.3181818181818182,0.6818181818181819
mykyta smyrnov,serhii kalenyk,38,12,3.9473684210526314,73.42105263157895,2026-04-15 23:45:00,0.3157894736842105,0.6842105263157895
mykyta smyrnov,valerii vlasenko,45,7,4.266666666666667,79.06666666666666,2026-04-19 08:05:00,0.15555555555555556,0.8444444444444444
mykyta zavada,nazar danyliuk,60,27,3.816666666666667,71.43333333333334,2025-11-01 10:50:00,0.45,0.55
mykyta zavada,oleksandr shkurupii,51,21,3.803921568627451,72.15686274509804,2026-04-14 15:00:00,0.4117647058823529,0.5882352941176471
mykyta zavada,oleksandr zhurba,66,22,3.893939393939394,71.24242424242425,2026-04-20 17:00:00,0.3333333333333333,0.6666666666666667
mykyta zavada,roman zholubak,49,20,3.877551020408163,69.83673469387755,2025-12-12 16:50:00,0.40816326530612246,0.5918367346938775
mykyta zavada,vasily verbyany,22,8,3.9545454545454546,72.72727272727273,2025-08-05 07:35:00,0.36363636363636365,0.6363636363636364
mykyta zavada,vitalii levshyn,46,11,4.1521739130434785,77.71739130434783,2025-11-01 11:50:00,0.2391304347826087,0.7608695652173914
mykyta zinov,pavlo babenko,23,7,4.173913043478261,79.34782608695652,2026-04-08 07:20:00,0.30434782608695654,0.6956521739130435
myroslav loboda,oleksandr budnikov,80,31,3.8625,71.45,2026-02-13 08:05:00,0.3875,0.6125
myroslav loboda,oleksandr hainovskyi,107,45,3.822429906542056,71.32710280373831,2025-05-15 16:05:00,0.4205607476635514,0.5794392523364487
myroslav loboda,oleksandr strutinskiy,27,10,3.962962962962963,73.88888888888889,2025-06-06 08:05:00,0.37037037037037035,0.6296296296296297
myroslav loboda,rostyslav fedyna,33,9,3.9393939393939394,72.54545454545455,2024-09-23 05:05:00,0.2727272727272727,0.7272727272727273
myroslav loboda,serhii maksymiv,43,15,3.9302325581395348,72.25581395348837,2026-02-28 03:45:00,0.3488372093023256,0.6511627906976745
myroslav loboda,viktor slozka,37,9,4.081081081081081,78.78378378378379,2026-04-21 01:15:00,0.24324324324324326,0.7567567567567568
myroslav loboda,volodymyr ivasiv,104,27,4.048076923076923,76.13461538461539,2026-02-05 15:35:00,0.25961538461538464,0.7403846153846154
myroslav loboda,volodymyr kaidakov,91,22,4.142857142857143,78.72527472527473,2026-04-17 07:05:00,0.24175824175824176,0.7582417582417582
myroslav loboda,volodymyr korobko,105,44,3.8285714285714287,69.35238095238095,2025-12-25 17:05:00,0.41904761904761906,0.5809523809523809
myroslav loboda,volodymyr okopnyi,168,53,4.0476190476190474,76.88690476190476,2026-04-21 02:15:00,0.31547619047619047,0.6845238095238095
myroslav loboda,yaroslav tebenko,82,20,4.0,74.54878048780488,2025-01-10 07:35:00,0.24390243902439024,0.7560975609756098
myroslav loboda,yaroslav vorsulyak,77,24,4.038961038961039,76.59740259740259,2026-04-10 05:05:00,0.3116883116883117,0.6883116883116883
nazar danyliuk,nazar tretyak,37,15,3.7837837837837838,70.37837837837837,2024-06-17 13:35:00,0.40540540540540543,0.5945945945945945
nazar danyliuk,oleksandr zhurba,31,8,4.032258064516129,74.87096774193549,2026-02-06 07:20:00,0.25806451612903225,0.7419354838709677
nazar danyliuk,roman zholubak,293,124,3.7918088737201363,71.05119453924915,2026-02-06 12:20:00,0.4232081911262799,0.5767918088737201
nazar danyliuk,vadym hryban,55,17,4.090909090909091,75.8,2026-04-15 07:05:00,0.3090909090909091,0.6909090909090909
nazar danyliuk,vasily verbyany,311,98,3.9839228295819935,74.2379421221865,2026-04-20 16:35:00,0.31511254019292606,0.684887459807074
nazar danyliuk,vitalii levshyn,369,122,3.970189701897019,72.9159891598916,2026-04-07 09:35:00,0.33062330623306235,0.6693766937669376
nazar kovalchuk,oleh bandurka,22,9,3.909090909090909,72.18181818181819,2026-04-20 14:55:00,0.4090909090909091,0.5909090909090908
nazar kovalchuk,oleksii mitla,25,4,4.24,80.4,2026-04-18 17:35:00,0.16,0.84
nazar kovalchuk,serhii kalenyk,42,12,3.9523809523809526,74.69047619047619,2026-04-15 21:45:00,0.2857142857142857,0.7142857142857143
nazar kovalchuk,serhii rak,36,16,3.8333333333333335,71.5,2026-04-20 12:55:00,0.4444444444444444,0.5555555555555556
nazar petukh,oleksandr shkurupii,28,11,3.8214285714285716,72.53571428571429,2026-04-14 16:00:00,0.39285714285714285,0.6071428571428572
nazar petukh,oleksandr zhurba,28,9,3.8214285714285716,71.07142857142857,2026-04-20 15:00:00,0.32142857142857145,0.6785714285714286
nazar tretyak,roman zholubak,20,5,4.0,74.15,2024-06-17 15:35:00,0.25,0.75
nazar tretyak,vitalii levshyn,29,7,4.172413793103448,76.55172413793103,2024-06-14 07:50:00,0.2413793103448276,0.7586206896551724
nazarii sydorak,oleh napirko,40,13,3.825,72.125,2024-10-23 02:30:00,0.325,0.675
nazarii sydorak,orest hura,20,6,3.9,72.4,2024-10-16 14:35:00,0.3,0.7
nazarii sydorak,roman konkulovskyi,82,26,3.951219512195122,73.52439024390245,2024-10-17 08:05:00,0.3170731707317073,0.6829268292682926
nazarii sydorak,valerii vlasenko,34,10,3.9705882352941178,72.88235294117646,2024-10-24 05:05:00,0.29411764705882354,0.7058823529411764
nazarii sydorak,viktor slozka,103,32,3.9611650485436893,73.80582524271844,2024-10-24 07:35:00,0.3106796116504854,0.6893203883495146
nazarii sydorak,volodymyr kaidakov,68,26,3.8676470588235294,71.42647058823529,2024-09-26 05:05:00,0.38235294117647056,0.6176470588235294
nazarii sydorak,volodymyr kuzmych,54,14,4.148148148148148,77.85185185185185,2024-10-24 06:35:00,0.25925925925925924,0.7407407407407407
nazarii sydorak,volodymyr okopnyi,36,11,3.9444444444444446,74.72222222222223,2024-05-09 09:05:00,0.3055555555555556,0.6944444444444444
nikita priadko,petr kolesnik,56,13,4.160714285714286,78.33928571428571,2024-08-02 07:57:45,0.23214285714285715,0.7678571428571428
nikita priadko,ruslan dereha,26,5,4.153846153846154,75.1923076923077,2024-07-03 09:00:00,0.19230769230769232,0.8076923076923077
nikita priadko,serhii balabei,43,13,4.116279069767442,76.44186046511628,2024-08-23 07:53:38,0.3023255813953488,0.6976744186046512
nikita priadko,serhii kiilo,39,6,4.256410256410256,82.02564102564102,2024-08-23 09:00:00,0.15384615384615385,0.8461538461538461
nikita priadko,vadym kononenko,38,10,4.105263157894737,78.71052631578948,2024-08-23 10:30:00,0.2631578947368421,0.736842105263158
o henna kovalchuk,oleh savenkov,26,7,4.115384615384615,75.88461538461539,2025-02-01 18:25:00,0.2692307692307692,0.7307692307692308
o henna kovalchuk,oles kotsyumbas,21,6,4.0,77.19047619047619,2024-06-19 05:35:00,0.2857142857142857,0.7142857142857143
o henna kovalchuk,serhii kryvoshyi,20,9,3.8,72.25,2025-02-22 19:25:00,0.45,0.55
oleg gavrilyuk,oleksandr dukhovenko,99,36,3.919191919191919,71.0,2026-04-12 02:25:00,0.36363636363636365,0.6363636363636364
oleg gavrilyuk,oleksandr mishchenko,65,21,3.9384615384615387,74.44615384615385,2026-04-16 20:25:00,0.3230769230769231,0.676923076923077
oleg gavrilyuk,oleksandr v kovalchuk,27,4,4.296296296296297,80.77777777777777,2026-04-16 15:25:00,0.14814814814814814,0.8518518518518519
oleg gavrilyuk,oleksii hrymovskyi,77,31,3.844155844155844,72.42857142857143,2026-04-05 02:55:00,0.4025974025974026,0.5974025974025974
oleg gavrilyuk,pavel plakushchyi,73,20,4.041095890410959,75.12328767123287,2026-04-06 02:25:00,0.273972602739726,0.726027397260274
oleg gavrilyuk,serhii chelpanov,53,13,4.226415094339623,79.0377358490566,2026-04-11 23:55:00,0.24528301886792453,0.7547169811320755
oleg gavrilyuk,spartak abalmaz,22,4,4.0,75.18181818181819,2025-11-23 03:55:00,0.18181818181818182,0.8181818181818181
oleg gavrilyuk,yevhenii kryvorotko,61,27,3.8688524590163933,71.04918032786885,2026-04-12 01:25:00,0.4426229508196721,0.5573770491803278
oleg gil,oleh martynenko,25,4,4.16,76.88,2025-08-15 06:25:00,0.16,0.84
oleg gil,oleksandr maslovskyi,63,24,3.888888888888889,73.17460317460318,2025-09-29 05:25:00,0.38095238095238093,0.6190476190476191
oleg gil,orest melnik,24,11,3.75,67.08333333333333,2024-11-18 08:25:00,0.4583333333333333,0.5416666666666667
oleg gil,vasil salivonchyk,28,6,4.071428571428571,76.32142857142857,2025-09-29 06:25:00,0.21428571428571427,0.7857142857142857
oleg gil,viktor kodola,57,17,4.087719298245614,75.75438596491227,2025-09-17 16:25:00,0.2982456140350877,0.7017543859649122
oleg matus,radovan pisa,30,5,4.266666666666667,81.6,2026-04-03 10:15:00,0.16666666666666666,0.8333333333333334
oleg matus,vladislav dotsenko,33,7,4.151515151515151,78.24242424242425,2026-04-14 15:15:00,0.21212121212121213,0.7878787878787878
oleg matus,zdenek sedivy,28,4,4.285714285714286,82.07142857142857,2026-04-03 09:15:00,0.14285714285714285,0.8571428571428572
oleg pavlyuk,oleksandr bondarchuk,39,13,3.871794871794872,73.7948717948718,2025-09-12 08:00:00,0.3333333333333333,0.6666666666666667
oleg pavlyuk,oleksandr zhurba,22,11,3.772727272727273,70.54545454545455,2025-03-21 10:00:00,0.5,0.5
oleg pavlyuk,roman zholubak,43,12,3.9767441860465116,73.4186046511628,2026-03-07 12:21:43,0.27906976744186046,0.7209302325581395
oleg pavlyuk,yevhenii honchar,34,11,4.029411764705882,75.1470588235294,2024-12-21 08:35:00,0.3235294117647059,0.6764705882352942
oleg pereguda,oleh ponomarenko,26,8,3.8076923076923075,69.46153846153847,2025-09-20 10:05:00,0.3076923076923077,0.6923076923076923
oleg pereguda,vladyslav stukalov,23,9,3.652173913043478,67.1304347826087,2025-12-28 15:40:00,0.391304347826087,0.6086956521739131
oleg shvydkyi,oleksandr badanin,52,19,3.8461538461538463,71.6923076923077,2026-03-22 07:00:00,0.36538461538461536,0.6346153846153846
oleg shvydkyi,oleksandr hoholev,34,15,3.7941176470588234,68.58823529411765,2026-03-04 09:00:00,0.4411764705882353,0.5588235294117647
oleg shvydkyi,oleksandr levytskyi,24,8,3.9166666666666665,72.0,2026-02-02 13:30:00,0.3333333333333333,0.6666666666666667
oleg shvydkyi,oleksandr maslovets,31,7,4.0,73.90322580645162,2024-10-25 17:00:00,0.22580645161290322,0.7741935483870968
oleg shvydkyi,roman hryhoriev,47,15,3.978723404255319,74.72340425531915,2025-09-14 17:00:00,0.3191489361702128,0.6808510638297872
oleg shvydkyi,serhii honcharenko,39,12,3.871794871794872,70.61538461538461,2026-03-23 08:30:00,0.3076923076923077,0.6923076923076923
oleg shvydkyi,vasyl matviichuk,68,18,4.088235294117647,74.48529411764706,2026-01-23 06:00:00,0.2647058823529412,0.7352941176470589
oleg shvydkyi,viktor hyriavyi,31,4,4.225806451612903,77.6774193548387,2026-01-23 11:35:00,0.12903225806451613,0.8709677419354839
oleg shvydkyi,yurii urezchenko,29,8,4.0344827586206895,77.3103448275862,2026-04-08 06:30:00,0.27586206896551724,0.7241379310344828
oleg shvydkyi,yurii zvolynskyi,20,8,3.85,71.6,2026-01-01 09:30:00,0.4,0.6
oleg varlamov,oleh kuzyshyn,21,6,4.190476190476191,79.0,2026-04-15 13:40:00,0.2857142857142857,0.7142857142857143
oleg varlamov,oleh volynets,21,7,4.095238095238095,77.76190476190476,2026-02-26 10:30:00,0.3333333333333333,0.6666666666666667
oleg varlamov,oleksandr strutinskiy,21,8,4.0,73.61904761904762,2025-11-21 09:20:00,0.38095238095238093,0.6190476190476191
oleg varlamov,oleksandr zhyrnov,42,11,4.071428571428571,75.5,2026-04-15 12:40:00,0.2619047619047619,0.7380952380952381
oleg varlamov,pavlo lavrynenko,51,13,4.098039215686274,78.0,2026-01-18 05:30:00,0.2549019607843137,0.7450980392156863
oleg varlamov,valentyn lutsenko,21,7,3.8095238095238093,71.14285714285714,2024-10-05 11:40:00,0.3333333333333333,0.6666666666666667
oleg varlamov,valerii merzlikin,42,11,4.142857142857143,77.66666666666667,2026-04-05 08:00:00,0.2619047619047619,0.7380952380952381
oleg varlamov,yaroslav kovshun,38,11,4.026315789473684,74.28947368421052,2026-01-21 12:40:00,0.2894736842105263,0.7105263157894737
oleg varlamov,yaroslav makovka,41,14,4.0,73.26829268292683,2026-04-19 11:00:00,0.34146341463414637,0.6585365853658536
oleg varlamov,yevhen skorobahatyi,28,7,4.107142857142857,78.14285714285714,2026-04-18 13:10:00,0.25,0.75
oleh bandurka,roman zholubak,44,9,4.159090909090909,76.1590909090909,2025-09-29 13:55:00,0.20454545454545456,0.7954545454545454
oleh bandurka,serhii rak,84,41,3.6785714285714284,66.20238095238095,2026-04-20 16:25:00,0.4880952380952381,0.5119047619047619
oleh bandurka,vasily verbyany,51,14,3.980392156862745,74.15686274509804,2025-10-31 00:30:00,0.27450980392156865,0.7254901960784313
oleh bandurka,volodymyr plishylo,108,40,3.861111111111111,71.96296296296296,2026-03-27 13:05:00,0.37037037037037035,0.6296296296296297
oleh bandurka,yaroslav kravets,35,3,4.257142857142857,86.71428571428571,2026-04-11 07:05:00,0.08571428571428572,0.9142857142857143
oleh chulanov,oleksandr hainovskyi,38,11,4.052631578947368,76.42105263157895,2025-02-28 07:35:00,0.2894736842105263,0.7105263157894737
oleh chulanov,volodymyr ivasiv,20,6,3.95,74.8,2024-10-18 11:35:00,0.3,0.7
oleh chulanov,volodymyr kaidakov,32,10,4.0,73.0,2024-10-18 06:35:00,0.3125,0.6875
oleh chulanov,volodymyr korobko,40,10,4.05,76.425,2025-02-28 06:35:00,0.25,0.75
oleh chulanov,volodymyr okopnyi,30,4,4.433333333333334,82.26666666666667,2024-11-07 14:05:00,0.13333333333333333,0.8666666666666667
oleh hudyma,oles kotsyumbas,23,8,3.9565217391304346,72.1304347826087,2025-10-14 16:05:00,0.34782608695652173,0.6521739130434783
oleh hudyma,serhii prus,28,12,3.857142857142857,71.28571428571429,2025-09-13 16:25:00,0.42857142857142855,0.5714285714285714
oleh hudyma,yurii parahailo,25,8,4.0,72.4,2026-01-18 13:35:00,0.32,0.6799999999999999
oleh kapeliukha,rostyslav fedyna,24,6,4.125,77.25,2024-09-16 06:35:00,0.25,0.75
oleh karpenko,oleh volynets,26,10,3.769230769230769,68.42307692307692,2026-04-08 05:00:00,0.38461538461538464,0.6153846153846154
oleh karpenko,oleksandr lipeiko,57,18,4.0701754385964914,77.3157894736842,2026-04-02 08:00:00,0.3157894736842105,0.6842105263157895
oleh karpenko,oleksandr mytsyk,107,26,4.08411214953271,76.13084112149532,2026-04-02 11:30:00,0.24299065420560748,0.7570093457943925
oleh karpenko,oleksandr shyshman,43,10,4.162790697674419,76.25581395348837,2026-03-31 07:00:00,0.23255813953488372,0.7674418604651163
oleh karpenko,oleksandr tymofeev,45,11,4.155555555555556,77.46666666666667,2026-02-12 14:10:00,0.24444444444444444,0.7555555555555555
oleh karpenko,sergii skhabitskiy,114,35,4.06140350877193,76.12280701754386,2026-04-02 06:00:00,0.30701754385964913,0.6929824561403508
oleh karpenko,serhii lyzohub,48,19,3.9166666666666665,71.79166666666667,2026-04-15 08:00:00,0.3958333333333333,0.6041666666666667
oleh karpenko,valerii kolesnykov,53,17,4.018867924528302,75.0377358490566,2026-03-30 06:35:00,0.32075471698113206,0.679245283018868
oleh karpenko,valeriy kolesnykov,24,1,4.458333333333333,81.25,2024-12-26 11:30:00,0.041666666666666664,0.9583333333333334
oleh karpenko,vasiliy smyk,55,15,4.1454545454545455,78.52727272727273,2026-03-24 15:10:00,0.2727272727272727,0.7272727272727273
oleh karpenko,vasily kondratenko,56,14,4.071428571428571,75.01785714285714,2025-08-29 11:00:00,0.25,0.75
oleh karpenko,volodymyr melnykov,40,9,4.1,79.1,2026-03-24 18:40:00,0.225,0.775
oleh karpenko,yaroslav kovshun,48,16,3.9166666666666665,74.72916666666667,2026-04-15 07:00:00,0.3333333333333333,0.6666666666666667
oleh karpenko,yurii volkov,63,24,3.8095238095238093,70.01587301587301,2026-04-15 09:00:00,0.38095238095238093,0.6190476190476191
oleh karpenko,zdrobylko bohdan,47,13,4.170212765957447,77.46808510638297,2026-02-20 07:30:00,0.2765957446808511,0.7234042553191489
oleh kurylenko,oleksandr lyman,120,32,4.1,76.175,2026-04-15 08:30:00,0.26666666666666666,0.7333333333333334
oleh kurylenko,oleksandr syksa,122,38,4.0,76.04918032786885,2026-04-13 09:00:00,0.3114754098360656,0.6885245901639344
oleh kurylenko,oleksandr ziakun,141,39,4.049645390070922,77.05673758865248,2026-04-20 10:30:00,0.2765957446808511,0.7234042553191489
oleh kurylenko,roman tveritinov,151,74,3.629139072847682,68.09933774834437,2026-04-20 08:30:00,0.4900662251655629,0.509933774834437
oleh kurylenko,roman zaporozhets,66,26,3.8333333333333335,70.78787878787878,2025-03-18 09:00:00,0.3939393939393939,0.6060606060606061
oleh kurylenko,serhii aristarkhov,74,34,3.675675675675676,67.89189189189189,2026-04-11 12:30:00,0.4594594594594595,0.5405405405405406
oleh kurylenko,serhii chuhai,29,10,3.8620689655172415,69.65517241379311,2026-04-20 05:00:00,0.3448275862068966,0.6551724137931034
oleh kurylenko,serhii maliuk,82,24,3.975609756097561,73.40243902439025,2026-04-17 11:30:00,0.2926829268292683,0.7073170731707317
oleh kurylenko,serhii miroshnychenko,173,55,3.9710982658959537,74.09826589595376,2026-04-17 06:30:00,0.3179190751445087,0.6820809248554913
oleh kurylenko,serhii priadko,77,27,3.883116883116883,71.93506493506493,2026-02-04 11:00:00,0.35064935064935066,0.6493506493506493
oleh kurylenko,viktor ziakun,46,16,3.760869565217391,69.3913043478261,2026-04-08 06:30:00,0.34782608695652173,0.6521739130434783
oleh kurylenko,volodymyr tatarnykov,27,10,4.074074074074074,76.0,2026-04-11 14:00:00,0.37037037037037035,0.6296296296296297
oleh kuzyshyn,oleksandr strutinskiy,53,25,3.7735849056603774,69.24528301886792,2026-04-11 07:50:00,0.4716981132075472,0.5283018867924528
oleh kuzyshyn,oleksandr zhyrnov,26,6,4.115384615384615,79.76923076923077,2026-04-15 10:40:00,0.23076923076923078,0.7692307692307692
oleh kuzyshyn,pavlo lavrynenko,20,7,3.8,72.55,2026-01-18 11:30:00,0.35,0.65
oleh kuzyshyn,vadym ishchuk,85,31,3.9176470588235293,72.23529411764706,2026-04-11 11:20:00,0.36470588235294116,0.6352941176470588
oleh kuzyshyn,valerii merzlikin,163,49,3.9693251533742333,73.68711656441718,2026-03-29 06:30:00,0.3006134969325153,0.6993865030674846
oleh kuzyshyn,viktor evtodiy,52,16,4.038461538461538,75.84615384615384,2025-02-25 12:50:00,0.3076923076923077,0.6923076923076923
oleh kuzyshyn,volodymyr bilobrov,22,9,3.727272727272727,69.77272727272727,2025-12-28 08:30:00,0.4090909090909091,0.5909090909090908
oleh kuzyshyn,volodymyr savoliuk,56,17,4.0,74.51785714285714,2025-09-02 05:50:00,0.30357142857142855,0.6964285714285714
oleh kuzyshyn,yaroslav makovka,26,11,3.8846153846153846,70.84615384615384,2026-03-29 10:00:00,0.4230769230769231,0.5769230769230769
oleh kuzyshyn,yevhen skorobahatyi,21,9,3.8095238095238093,70.85714285714286,2026-04-11 09:50:00,0.42857142857142855,0.5714285714285714
oleh maksymkiv,oleksandr maslovskyi,31,11,4.0,72.70967741935483,2026-04-19 17:25:00,0.3548387096774194,0.6451612903225806
oleh maksymkiv,vasil salivonchyk,39,9,4.282051282051282,81.43589743589743,2026-04-19 18:25:00,0.23076923076923078,0.7692307692307692
oleh maksymkiv,viktor kodola,22,8,3.8181818181818183,69.81818181818181,2026-04-15 04:25:00,0.36363636363636365,0.6363636363636364
oleh martynenko,orest melnik,65,18,4.123076923076923,77.4,2026-03-12 13:55:00,0.27692307692307694,0.7230769230769231
oleh martynenko,serhii kryvoshyi,39,15,3.8974358974358974,71.56410256410257,2026-03-12 17:55:00,0.38461538461538464,0.6153846153846154
oleh martynenko,vasil salivonchyk,22,12,3.590909090909091,67.45454545454545,2025-08-22 09:55:00,0.5454545454545454,0.4545454545454546
oleh martynenko,viktor kodola,30,8,3.966666666666667,71.26666666666667,2025-10-03 06:25:00,0.26666666666666666,0.7333333333333334
oleh miklukha,oleh ponomarenko,91,19,4.087912087912088,75.31868131868131,2026-04-16 05:05:00,0.2087912087912088,0.7912087912087912
oleh miklukha,oleh stopin,22,6,4.2272727272727275,76.77272727272727,2026-03-13 11:30:00,0.2727272727272727,0.7272727272727273
oleh miklukha,oleksandr ovsiienko,32,8,4.1875,78.0,2026-04-06 06:00:00,0.25,0.75
oleh miklukha,sergey osipov,28,9,4.035714285714286,76.75,2026-04-03 07:30:00,0.32142857142857145,0.6785714285714286
oleh miklukha,vitalii korniichuk,33,10,4.121212121212121,79.0909090909091,2026-04-06 10:30:00,0.30303030303030304,0.696969696969697
oleh miklukha,vladyslav stukalov,75,34,3.8133333333333335,71.56,2026-04-06 09:00:00,0.4533333333333333,0.5466666666666666
oleh napirko,oleksii mitla,23,8,3.9130434782608696,72.43478260869566,2026-02-11 12:35:00,0.34782608695652173,0.6521739130434783
oleh napirko,orest hura,300,63,4.12,79.65333333333334,2026-02-11 06:35:00,0.21,0.79
oleh napirko,roman konkulovskyi,92,39,3.8043478260869565,70.1195652173913,2025-12-03 05:25:00,0.42391304347826086,0.5760869565217391
oleh napirko,ruslan haiseniuk,146,51,3.9246575342465753,73.03424657534246,2026-02-07 00:00:00,0.3493150684931507,0.6506849315068493
oleh napirko,serhii berezynskyi,146,38,4.0,73.36301369863014,2026-02-10 03:00:00,0.2602739726027397,0.7397260273972603
oleh napirko,valerii vlasenko,224,55,4.089285714285714,76.66964285714286,2026-02-03 15:35:00,0.24553571428571427,0.7544642857142857
oleh napirko,viktor slozka,132,50,3.8484848484848486,71.81818181818181,2025-10-09 09:35:00,0.3787878787878788,0.6212121212121212
oleh napirko,vitalii boyko,183,74,3.8961748633879782,72.08196721311475,2026-02-07 18:05:00,0.40437158469945356,0.5956284153005464
oleh napirko,vitaliy zharskiy,122,45,3.8934426229508197,72.37704918032787,2025-10-16 08:35:00,0.36885245901639346,0.6311475409836065
oleh napirko,volodymyr kaidakov,28,9,3.75,71.46428571428571,2025-03-20 10:35:00,0.32142857142857145,0.6785714285714286
oleh napirko,volodymyr kuzmych,26,9,3.769230769230769,71.57692307692308,2024-11-17 06:35:00,0.34615384615384615,0.6538461538461539
oleh napirko,volodymyr plishylo,51,17,3.8627450980392157,71.45098039215686,2025-11-15 18:05:00,0.3333333333333333,0.6666666666666667
oleh napirko,yaroslav kravets,32,7,4.0,74.84375,2025-11-23 07:35:00,0.21875,0.78125
oleh plyska,ondrej chadima,48,14,4.041666666666667,77.27083333333333,2025-09-02 11:45:00,0.2916666666666667,0.7083333333333333
oleh plyska,petr kotrbacek,23,3,4.130434782608695,81.0,2026-04-11 09:03:29,0.13043478260869565,0.8695652173913043
oleh plyska,radek slunecko,31,4,4.387096774193548,83.3225806451613,2026-04-09 11:30:00,0.12903225806451613,0.8709677419354839
oleh plyska,stepan kalensky,29,6,4.206896551724138,78.82758620689656,2026-04-12 09:19:05,0.20689655172413793,0.7931034482758621
oleh plyska,tadeas bertho,64,12,4.1875,78.703125,2026-04-20 05:15:00,0.1875,0.8125
oleh plyska,tomas hanke,34,8,4.029411764705882,74.52941176470588,2025-07-04 10:30:00,0.23529411764705882,0.7647058823529411
oleh plyska,tomas stejskal,33,14,3.757575757575758,69.03030303030303,2026-01-25 21:40:38,0.42424242424242425,0.5757575757575757
oleh plyska,viktor kucala,21,5,3.9523809523809526,74.76190476190476,2026-02-08 14:30:00,0.23809523809523808,0.7619047619047619
oleh plyska,zdenek kuksa,32,12,3.90625,72.4375,2026-04-17 07:30:00,0.375,0.625
oleh ponomarenko,oleh stopin,103,34,3.883495145631068,70.36893203883496,2026-04-18 07:35:00,0.3300970873786408,0.6699029126213591
oleh ponomarenko,oleksandr bryzhevatyi,59,19,3.9661016949152543,72.88135593220339,2025-10-22 12:05:00,0.3220338983050847,0.6779661016949152
oleh ponomarenko,oleksandr leonenko,22,9,3.9545454545454546,74.0909090909091,2026-02-19 09:00:00,0.4090909090909091,0.5909090909090908
oleh ponomarenko,oleksandr osadchyi,38,20,3.6315789473684212,66.57894736842105,2025-11-12 08:30:00,0.5263157894736842,0.4736842105263158
oleh ponomarenko,oleksandr ovsiienko,46,12,4.0,73.0,2026-04-06 10:00:00,0.2608695652173913,0.7391304347826086
oleh ponomarenko,sergey osipov,28,7,4.035714285714286,72.96428571428571,2026-04-18 06:05:00,0.25,0.75
oleh ponomarenko,serhii semenets,90,34,3.922222222222222,71.17777777777778,2025-10-26 16:10:00,0.37777777777777777,0.6222222222222222
oleh ponomarenko,stanislav kucera,23,12,3.5652173913043477,65.8695652173913,2026-04-16 10:35:00,0.5217391304347826,0.4782608695652174
oleh ponomarenko,stefan yakimenko,28,7,3.892857142857143,73.67857142857143,2025-01-26 09:05:00,0.25,0.75
oleh ponomarenko,vitalii korniichuk,48,17,4.020833333333333,70.72916666666667,2026-04-06 08:30:00,0.3541666666666667,0.6458333333333333
oleh ponomarenko,vladyslav stukalov,198,66,3.9646464646464645,73.6010101010101,2026-04-06 11:00:00,0.3333333333333333,0.6666666666666667
oleh savenkov,oles kotsyumbas,26,5,4.3076923076923075,81.15384615384616,2025-10-10 15:55:00,0.19230769230769232,0.8076923076923077
oleh savenkov,roman mazur,56,18,4.053571428571429,73.875,2025-11-05 09:25:00,0.32142857142857145,0.6785714285714286
oleh savenkov,rostyslav fylypiv,50,13,4.04,73.66,2025-06-29 09:55:00,0.26,0.74
oleh savenkov,ruslan andrishak,22,5,4.136363636363637,77.45454545454545,2025-11-23 12:25:00,0.22727272727272727,0.7727272727272727
oleh savenkov,serhii kryvoshyi,77,29,3.857142857142857,69.28571428571429,2025-11-02 10:55:00,0.37662337662337664,0.6233766233766234
oleh savenkov,serhii prus,53,14,4.113207547169812,76.22641509433963,2026-04-12 10:25:00,0.2641509433962264,0.7358490566037736
oleh savenkov,volodymyr ivasiv,84,15,4.142857142857143,75.72619047619048,2026-01-03 10:55:00,0.17857142857142858,0.8214285714285714
oleh stopin,oleksandr bryzhevatyi,30,7,4.133333333333334,76.46666666666667,2025-09-28 07:35:00,0.23333333333333334,0.7666666666666666
oleh stopin,oleksandr osadchyi,25,8,3.92,71.32,2025-09-06 07:35:00,0.32,0.6799999999999999
oleh stopin,serhii baranskyi,22,11,3.727272727272727,70.22727272727273,2026-03-29 14:10:00,0.5,0.5
oleh stopin,serhii semenets,53,14,4.056603773584905,75.79245283018868,2025-08-09 06:05:00,0.2641509433962264,0.7358490566037736
oleh stopin,vladyslav stukalov,94,26,4.0212765957446805,74.15957446808511,2026-03-22 12:40:00,0.2765957446808511,0.7234042553191489
oleh torianyk,oleksandr hoholev,38,14,3.9473684210526314,71.8157894736842,2026-04-17 06:00:00,0.3684210526315789,0.631578947368421
oleh torianyk,oleksandr soloviov,48,17,3.8958333333333335,72.0,2025-08-02 08:30:00,0.3541666666666667,0.6458333333333333
oleh torianyk,petr kolesnik,76,19,4.052631578947368,75.35526315789474,2026-04-17 10:39:42,0.25,0.75
oleh torianyk,roman hryhoriev,55,20,3.9454545454545453,74.23636363636363,2026-04-16 15:00:00,0.36363636363636365,0.6363636363636364
oleh torianyk,serhii danylov,20,3,4.25,80.55,2025-11-17 18:30:00,0.15,0.85
oleh torianyk,serhii kushnirenko,27,12,3.7037037037037037,67.22222222222223,2026-04-05 07:00:00,0.4444444444444444,0.5555555555555556
oleh torianyk,vadym kononenko,58,20,3.9655172413793105,71.72413793103448,2025-12-11 14:30:00,0.3448275862068966,0.6551724137931034
oleh torianyk,valentyn kurliuk,48,15,4.0625,75.35416666666667,2025-11-20 14:30:00,0.3125,0.6875
oleh volynets,oleksandr chemodurov,39,12,4.128205128205129,76.33333333333333,2026-04-16 17:40:00,0.3076923076923077,0.6923076923076923
oleh volynets,oleksandr mytsyk,20,6,3.9,71.15,2025-10-01 12:05:00,0.3,0.7
oleh volynets,oleksandr shyshman,23,6,4.304347826086956,78.0,2026-02-05 12:00:00,0.2608695652173913,0.7391304347826086
oleh volynets,oleksandr tymofeev,31,12,3.838709677419355,70.25806451612904,2026-03-10 16:10:00,0.3870967741935484,0.6129032258064516
oleh volynets,pavlo lavrynenko,41,12,4.024390243902439,76.46341463414635,2025-01-25 13:10:00,0.2926829268292683,0.7073170731707317
oleh volynets,serhii kyienko,30,7,4.133333333333334,78.1,2026-04-04 12:05:00,0.23333333333333334,0.7666666666666666
oleh volynets,stepan grygorenko,53,19,3.8867924528301887,71.9245283018868,2025-12-19 07:05:00,0.3584905660377358,0.6415094339622642
oleh volynets,valerii kolesnykov,21,5,4.190476190476191,78.38095238095238,2026-03-17 09:00:00,0.23809523809523808,0.7619047619047619
oleh volynets,yaroslav kovshun,87,29,3.896551724137931,73.08045977011494,2026-02-05 09:30:00,0.3333333333333333,0.6666666666666667
oleh volynets,yaroslav makovka,35,9,4.0,72.6,2026-03-28 11:35:00,0.2571428571428571,0.7428571428571429
oleh volynets,yurii volkov,139,38,4.115107913669065,76.69064748201438,2026-04-16 12:10:00,0.2733812949640288,0.7266187050359711
oleh volynets,zdrobylko bohdan,68,13,4.235294117647059,79.47058823529412,2026-02-03 17:10:00,0.19117647058823528,0.8088235294117647
oleksandr badanin,oleksandr hoholev,53,14,4.056603773584905,75.0377358490566,2026-01-27 10:30:00,0.2641509433962264,0.7358490566037736
oleksandr badanin,oleksandr levytskyi,36,14,3.888888888888889,70.75,2026-02-28 10:30:00,0.3888888888888889,0.6111111111111112
oleksandr badanin,oleksandr maslovets,23,5,4.086956521739131,77.8695652173913,2024-10-21 16:00:00,0.21739130434782608,0.782608695652174
oleksandr badanin,roman hryhoriev,50,16,4.06,76.9,2025-08-18 15:00:00,0.32,0.6799999999999999
oleksandr badanin,serhii honcharenko,141,56,3.8297872340425534,70.87234042553192,2026-04-16 10:09:10,0.3971631205673759,0.6028368794326241
oleksandr badanin,vasyl matviichuk,58,14,3.896551724137931,73.01724137931035,2024-05-10 10:00:00,0.2413793103448276,0.7586206896551724
oleksandr badanin,viacheslav simchuk,22,7,4.0,75.27272727272727,2026-04-06 07:00:00,0.3181818181818182,0.6818181818181819
oleksandr badanin,viacheslav yarovyi,38,8,4.052631578947368,75.39473684210526,2026-04-10 06:00:00,0.21052631578947367,0.7894736842105263
oleksandr badanin,viktor hyriavyi,77,25,4.038961038961039,75.74025974025975,2026-04-01 10:33:38,0.3246753246753247,0.6753246753246753
oleksandr badanin,yurii urezchenko,118,17,4.110169491525424,76.39830508474576,2026-04-14 08:00:00,0.1440677966101695,0.8559322033898304
oleksandr bielskyi,oleksandr bondarchuk,32,12,3.875,71.21875,2025-05-23 10:05:00,0.375,0.625
oleksandr bielskyi,roman zholubak,31,15,3.7419354838709675,69.03225806451613,2025-03-21 07:30:00,0.4838709677419355,0.5161290322580645
oleksandr bielskyi,yevhenii honchar,23,10,3.782608695652174,70.73913043478261,2025-01-03 06:50:00,0.43478260869565216,0.5652173913043479
oleksandr bondarchuk,oleksandr shkurupii,54,19,4.0,75.48148148148148,2026-04-10 09:05:00,0.35185185185185186,0.6481481481481481
oleksandr bondarchuk,oleksandr zhurba,55,22,3.8363636363636364,69.65454545454546,2026-03-21 07:20:00,0.4,0.6
oleksandr bondarchuk,roman cherevko,23,9,3.9130434782608696,73.26086956521739,2025-02-14 09:50:00,0.391304347826087,0.6086956521739131
oleksandr bondarchuk,roman zholubak,90,35,3.8777777777777778,72.03333333333333,2026-03-21 10:20:00,0.3888888888888889,0.6111111111111112
oleksandr bondarchuk,yevhen masko,34,12,3.9411764705882355,74.70588235294117,2025-07-25 10:50:00,0.35294117647058826,0.6470588235294117
oleksandr bondarchuk,yevhenii honchar,45,16,3.8666666666666667,72.57777777777778,2025-01-03 12:20:00,0.35555555555555557,0.6444444444444444
oleksandr borysiuk,oleksandr ivchuk,50,16,3.96,73.06,2025-06-04 11:20:00,0.32,0.6799999999999999
oleksandr borysiuk,oleksandr seliuchenko,41,12,4.097560975609756,77.39024390243902,2025-01-10 16:40:00,0.2926829268292683,0.7073170731707317
oleksandr borysiuk,valerii vlasenko,23,4,4.260869565217392,81.47826086956522,2025-09-04 09:05:00,0.17391304347826086,0.8260869565217391
oleksandr borysiuk,viktor slozka,41,16,3.7560975609756095,68.95121951219512,2025-09-04 06:05:00,0.3902439024390244,0.6097560975609756
oleksandr borysiuk,vitaliy zharskiy,32,7,4.1875,78.90625,2025-08-14 10:35:00,0.21875,0.78125
oleksandr borysiuk,vladimir voronenko,32,6,4.09375,78.15625,2025-02-21 13:10:00,0.1875,0.8125
oleksandr bryzhevatyi,oleksandr osadchyi,45,18,3.7333333333333334,68.8,2025-11-19 11:04:03,0.4,0.6
oleksandr bryzhevatyi,serhii semenets,41,12,3.902439024390244,72.21951219512195,2025-11-27 08:05:00,0.2926829268292683,0.7073170731707317
oleksandr bryzhevatyi,stefan yakimenko,41,9,4.073170731707317,76.70731707317073,2025-11-13 10:50:00,0.21951219512195122,0.7804878048780488
oleksandr bryzhevatyi,vladyslav stukalov,55,20,3.8727272727272726,69.27272727272727,2025-11-19 06:35:00,0.36363636363636365,0.6363636363636364
oleksandr buberenko,oleksandr gomilko,27,5,4.296296296296297,81.07407407407408,2025-03-02 04:05:00,0.18518518518518517,0.8148148148148149
oleksandr buberenko,oleksandr naida,34,12,3.911764705882353,72.17647058823529,2025-02-26 17:55:00,0.35294117647058826,0.6470588235294117
oleksandr buberenko,roman gnoevoy,58,13,4.120689655172414,76.24137931034483,2025-02-26 15:25:00,0.22413793103448276,0.7758620689655172
oleksandr buberenko,valentyn lobas,36,10,4.083333333333333,74.0,2024-10-15 23:05:00,0.2777777777777778,0.7222222222222222
oleksandr buberenko,vitalii khamurda,44,15,3.8636363636363638,72.72727272727273,2025-02-26 18:55:00,0.3409090909090909,0.6590909090909092
oleksandr buberenko,yan krol,23,7,4.086956521739131,76.3913043478261,2025-03-01 22:35:00,0.30434782608695654,0.6956521739130435
oleksandr budnikov,oleksandr hainovskyi,35,15,3.742857142857143,70.11428571428571,2024-06-14 08:35:00,0.42857142857142855,0.5714285714285714
oleksandr budnikov,oleksandr strutinskiy,55,16,4.0,74.14545454545454,2025-06-20 09:35:00,0.2909090909090909,0.7090909090909091
oleksandr budnikov,serhii maksymiv,32,15,3.75,69.6875,2025-10-24 04:35:00,0.46875,0.53125
oleksandr budnikov,vladyslav kovalchuk,30,8,4.266666666666667,79.63333333333334,2026-03-29 14:35:00,0.26666666666666666,0.7333333333333334
oleksandr budnikov,volodymyr ivasiv,127,40,4.015748031496063,74.38582677165354,2026-04-20 04:35:00,0.31496062992125984,0.6850393700787402
oleksandr budnikov,volodymyr kaidakov,45,13,4.088888888888889,78.66666666666667,2026-02-13 06:35:00,0.28888888888888886,0.7111111111111111
oleksandr budnikov,volodymyr korobko,49,18,3.9183673469387754,74.3061224489796,2025-12-28 04:00:00,0.3673469387755102,0.6326530612244898
oleksandr budnikov,volodymyr okopnyi,84,18,4.226190476190476,80.85714285714286,2026-02-13 10:05:00,0.21428571428571427,0.7857142857142857
oleksandr budnikov,yaroslav tebenko,37,9,4.027027027027027,74.94594594594595,2025-05-12 21:00:00,0.24324324324324326,0.7567567567567568
oleksandr budnikov,yaroslav vorsulyak,69,20,3.9855072463768115,74.3913043478261,2026-04-06 10:05:00,0.2898550724637681,0.7101449275362319
oleksandr budnikov,yurii parahailo,51,16,3.9215686274509802,72.49019607843137,2026-04-20 10:35:00,0.3137254901960784,0.6862745098039216
oleksandr chemodurov,yurii volkov,41,15,4.073170731707317,75.78048780487805,2026-04-16 13:40:00,0.36585365853658536,0.6341463414634146
oleksandr chemodurov,zdrobylko bohdan,30,10,4.0,76.33333333333333,2026-01-28 07:05:00,0.3333333333333333,0.6666666666666667
oleksandr dukhovenko,oleksandr mishchenko,211,94,3.7298578199052135,69.40758293838863,2026-04-19 03:25:00,0.44549763033175355,0.5545023696682465
oleksandr dukhovenko,oleksandr v kovalchuk,23,13,3.652173913043478,67.26086956521739,2026-02-27 18:55:00,0.5652173913043478,0.4347826086956522
oleksandr dukhovenko,oleksii hrymovskyi,284,123,3.7711267605633805,68.23591549295774,2026-04-18 23:55:00,0.43309859154929575,0.5669014084507042
oleksandr dukhovenko,pavel plakushchyi,73,35,3.7260273972602738,68.28767123287672,2026-04-19 02:25:00,0.4794520547945205,0.5205479452054795
oleksandr dukhovenko,pavlo babenko,122,47,3.8688524590163933,72.69672131147541,2025-01-27 04:55:00,0.38524590163934425,0.6147540983606558
oleksandr dukhovenko,roman reznychenko,80,27,4.0125,75.1,2026-01-25 15:55:00,0.3375,0.6625
oleksandr dukhovenko,serhii chelpanov,107,43,3.897196261682243,71.8785046728972,2026-04-17 17:55:00,0.40186915887850466,0.5981308411214954
oleksandr dukhovenko,yevhenii kryvorotko,125,50,3.888,70.872,2026-04-19 01:25:00,0.4,0.6
oleksandr gomilko,oleksandr melashenko,45,12,4.022222222222222,73.71111111111111,2026-04-11 01:05:00,0.26666666666666666,0.7333333333333334
oleksandr gomilko,oleksii shyndel,33,12,3.8181818181818183,75.12121212121212,2025-05-31 21:05:00,0.36363636363636365,0.6363636363636364
oleksandr gomilko,serhii khandetskyi,29,4,4.206896551724138,81.96551724137932,2024-12-08 02:35:00,0.13793103448275862,0.8620689655172413
oleksandr gomilko,valentyn lobas,33,10,4.03030303030303,75.9090909090909,2026-04-19 03:05:00,0.30303030303030304,0.696969696969697
oleksandr gomilko,vitalii khamurda,26,7,3.923076923076923,73.84615384615384,2026-04-18 21:35:00,0.2692307692307692,0.7307692307692308
oleksandr gomilko,yan krol,200,49,4.125,78.315,2026-04-18 01:35:00,0.245,0.755
oleksandr gomilko,yaroslav buberenko,36,8,4.222222222222222,80.36111111111111,2024-09-15 00:05:00,0.2222222222222222,0.7777777777777778
oleksandr hainovskyi,oleksandr strutinskiy,63,29,3.857142857142857,70.71428571428571,2025-03-28 08:05:00,0.4603174603174603,0.5396825396825398
oleksandr hainovskyi,volodymyr ivasiv,103,32,4.009708737864078,74.03883495145631,2025-02-07 08:05:00,0.3106796116504854,0.6893203883495146
oleksandr hainovskyi,volodymyr kaidakov,61,15,4.213114754098361,80.04918032786885,2025-05-14 22:00:00,0.2459016393442623,0.7540983606557377
oleksandr hainovskyi,volodymyr korobko,176,52,3.9431818181818183,73.08522727272727,2025-05-11 15:55:00,0.29545454545454547,0.7045454545454546
oleksandr hainovskyi,volodymyr okopnyi,118,37,3.983050847457627,75.52542372881356,2025-05-14 23:00:00,0.3135593220338983,0.6864406779661016
oleksandr hoholev,oleksandr levytskyi,36,10,4.055555555555555,76.97222222222223,2026-03-31 15:30:00,0.2777777777777778,0.7222222222222222
oleksandr hoholev,oleksandr maslovets,34,11,3.9705882352941178,72.20588235294117,2024-10-25 15:00:00,0.3235294117647059,0.6764705882352942
oleksandr hoholev,oleksandr soloviov,22,7,3.909090909090909,73.0,2025-04-17 09:00:00,0.3181818181818182,0.6818181818181819
oleksandr hoholev,roman hryhoriev,63,14,4.126984126984127,78.04761904761905,2026-04-07 16:00:00,0.2222222222222222,0.7777777777777778
oleksandr hoholev,serhii honcharenko,64,20,4.03125,73.75,2026-01-27 09:30:00,0.3125,0.6875
oleksandr hoholev,vadym kononenko,26,6,4.0,73.46153846153847,2026-01-12 15:30:00,0.23076923076923078,0.7692307692307692
oleksandr hoholev,valentyn kurliuk,45,10,4.2,76.82222222222222,2026-04-02 09:30:00,0.2222222222222222,0.7777777777777778
oleksandr hoholev,vasyl matviichuk,45,15,3.8666666666666667,70.37777777777778,2026-04-15 09:58:44,0.3333333333333333,0.6666666666666667
oleksandr hoholev,viktor hyriavyi,42,11,4.095238095238095,75.0,2025-09-05 05:30:00,0.2619047619047619,0.7380952380952381
oleksandr hoholev,yurii urezchenko,54,18,3.9074074074074074,72.16666666666667,2026-04-15 06:00:00,0.3333333333333333,0.6666666666666667
oleksandr ivchuk,oleksandr seliuchenko,82,18,4.121951219512195,78.14634146341463,2024-12-11 12:20:00,0.21951219512195122,0.7804878048780488
oleksandr ivchuk,pavlo babenko,112,29,4.044642857142857,75.48214285714286,2026-04-15 11:29:17,0.25892857142857145,0.7410714285714286
oleksandr ivchuk,vitalii s marushchak,40,12,3.975,72.5,2026-04-14 15:50:00,0.3,0.7
oleksandr ivchuk,vladimir voronenko,46,15,4.043478260869565,75.56521739130434,2026-03-11 08:50:00,0.32608695652173914,0.6739130434782609
oleksandr ivchuk,vladyslav mishchenko,20,7,3.9,73.05,2026-02-25 13:20:00,0.35,0.65
oleksandr kolbasenko,oleksandr seliuchenko,20,6,3.9,73.15,2025-01-10 15:40:00,0.3,0.7
oleksandr kolbasenko,oleksii nadporozhskyi,84,24,4.071428571428571,76.05952380952381,2025-10-20 17:10:00,0.2857142857142857,0.7142857142857143
oleksandr kolbasenko,vitalii s marushchak,21,6,4.0476190476190474,74.04761904761905,2026-04-20 13:10:00,0.2857142857142857,0.7142857142857143
oleksandr kolbasenko,vladimir voronenko,94,32,3.9680851063829787,72.87234042553192,2026-04-17 09:05:00,0.3404255319148936,0.6595744680851063
oleksandr kolbasenko,vladyslav mishchenko,63,20,4.142857142857143,75.4920634920635,2026-04-13 16:40:00,0.31746031746031744,0.6825396825396826
oleksandr kolos,roman boklah,37,11,3.945945945945946,72.43243243243244,2026-04-11 06:00:00,0.2972972972972973,0.7027027027027026
oleksandr kolos,vitalii klymenko,29,6,4.275862068965517,77.48275862068965,2026-01-19 16:00:00,0.20689655172413793,0.7931034482758621
oleksandr kolos,yurii priadko,26,8,3.9615384615384617,73.03846153846153,2026-01-19 17:30:00,0.3076923076923077,0.6923076923076923
oleksandr kovalchuk,oleksandr mishchenko,39,6,4.0256410256410255,77.94871794871794,2024-08-29 16:25:00,0.15384615384615385,0.8461538461538461
oleksandr kovalchuk,oleksandr v kovalchuk,47,14,3.978723404255319,75.63829787234043,2024-09-28 15:35:00,0.2978723404255319,0.7021276595744681
oleksandr kovalchuk,pavel plakushchyi,36,9,3.9444444444444446,73.27777777777777,2024-09-12 17:55:00,0.25,0.75
oleksandr kovalchuk,serhii chelpanov,44,19,3.8181818181818183,70.36363636363636,2024-09-28 17:05:00,0.4318181818181818,0.5681818181818181
oleksandr kovalchuk,spartak abalmaz,71,22,3.971830985915493,76.1830985915493,2024-09-27 13:05:00,0.30985915492957744,0.6901408450704225
oleksandr kovalchuk,valentyn lobas,36,12,3.9166666666666665,72.30555555555556,2024-09-20 02:55:00,0.3333333333333333,0.6666666666666667
oleksandr kovalchuk,yurii kurishchenko,28,13,3.8214285714285716,70.75,2024-09-20 16:25:00,0.4642857142857143,0.5357142857142857
oleksandr leonenko,oleksandr osadchyi,94,22,4.202127659574468,79.14893617021276,2026-04-09 12:20:00,0.23404255319148937,0.7659574468085106
oleksandr leonenko,sergii skhabitskiy,23,7,3.9130434782608696,72.30434782608695,2026-04-19 17:50:00,0.30434782608695654,0.6956521739130435
oleksandr leonenko,serhii hovorunets,50,13,4.16,75.96,2026-04-02 09:50:00,0.26,0.74
oleksandr leonenko,serhii lyzohub,34,10,4.029411764705882,75.97058823529412,2026-01-09 12:35:00,0.29411764705882354,0.7058823529411764
oleksandr leonenko,serhii semenets,110,34,4.045454545454546,76.33636363636364,2026-04-09 10:20:00,0.3090909090909091,0.6909090909090909
oleksandr leonenko,serhii solomko,122,35,4.081967213114754,78.43442622950819,2026-04-20 08:20:00,0.28688524590163933,0.7131147540983607
oleksandr leonenko,stefan yakimenko,99,17,4.282828282828283,80.0,2026-04-20 11:50:00,0.1717171717171717,0.8282828282828283
oleksandr leonenko,vitalii mukhin,20,7,3.95,73.8,2025-10-13 05:05:00,0.35,0.65
oleksandr leonenko,vladyslav stukalov,30,12,3.9,73.36666666666666,2026-02-19 08:00:00,0.4,0.6
oleksandr leonenko,volodymyr melnykov,21,5,4.0,76.42857142857143,2026-04-13 08:20:00,0.23809523809523808,0.7619047619047619
oleksandr levytskyi,pavlo shulhachyk,32,10,3.90625,73.28125,2026-04-18 12:00:00,0.3125,0.6875
oleksandr levytskyi,roman hryhoriev,56,18,3.875,72.83928571428571,2026-03-31 13:00:00,0.32142857142857145,0.6785714285714286
oleksandr levytskyi,serhii honcharenko,51,20,3.9019607843137254,71.27450980392157,2025-12-29 14:00:00,0.39215686274509803,0.607843137254902
oleksandr levytskyi,vasyl matviichuk,43,11,4.023255813953488,73.86046511627907,2026-02-08 10:00:00,0.2558139534883721,0.7441860465116279
oleksandr levytskyi,viktor hyriavyi,32,13,3.875,70.125,2026-02-15 16:30:00,0.40625,0.59375
oleksandr levytskyi,yurii urezchenko,29,15,3.586206896551724,64.6896551724138,2026-03-29 12:30:00,0.5172413793103449,0.48275862068965514
oleksandr levytskyi,yurii zvolynskyi,20,5,4.1,76.05,2026-04-18 16:30:00,0.25,0.75
oleksandr lipeiko,oleksandr mytsyk,69,20,3.9565217391304346,74.98550724637681,2026-04-20 06:05:00,0.2898550724637681,0.7101449275362319
oleksandr lipeiko,oleksandr osadchyi,45,17,3.933333333333333,72.66666666666667,2026-04-13 07:00:00,0.37777777777777777,0.6222222222222222
oleksandr lipeiko,oleksandr shyshman,27,6,4.074074074074074,76.03703703703704,2026-01-23 06:35:00,0.2222222222222222,0.7777777777777778
oleksandr lipeiko,oleksandr tymofeev,22,6,4.045454545454546,76.68181818181819,2026-03-21 20:50:00,0.2727272727272727,0.7272727272727273
oleksandr lipeiko,sergii skhabitskiy,76,30,3.8684210526315788,72.21052631578948,2026-04-20 09:35:00,0.39473684210526316,0.6052631578947368
oleksandr lipeiko,serhii lyzohub,22,7,4.181818181818182,76.36363636363636,2026-03-13 08:05:00,0.3181818181818182,0.6818181818181819
oleksandr lipeiko,stefan yakimenko,45,16,3.977777777777778,75.04444444444445,2026-02-28 21:50:00,0.35555555555555557,0.6444444444444444
oleksandr lipeiko,valerii kolesnykov,29,7,4.137931034482759,76.89655172413794,2026-04-13 09:00:00,0.2413793103448276,0.7586206896551724
oleksandr lipeiko,vasiliy smyk,34,4,4.382352941176471,81.17647058823529,2026-04-14 17:10:00,0.11764705882352941,0.8823529411764706
oleksandr lipeiko,vasily kondratenko,35,13,3.8857142857142857,71.37142857142857,2025-12-31 10:20:00,0.37142857142857144,0.6285714285714286
oleksandr lipeiko,volodymyr melnykov,31,5,4.129032258064516,77.7741935483871,2026-03-12 12:10:00,0.16129032258064516,0.8387096774193549
oleksandr lyman,oleksandr syksa,22,4,4.2727272727272725,80.0,2026-04-10 08:00:00,0.18181818181818182,0.8181818181818181
oleksandr lyman,oleksandr ziakun,133,27,4.195488721804511,79.51127819548873,2026-04-15 04:30:00,0.20300751879699247,0.7969924812030076
oleksandr lyman,roman boklah,29,15,3.5517241379310347,63.06896551724138,2026-01-01 06:30:00,0.5172413793103449,0.48275862068965514
oleksandr lyman,roman tveritinov,28,8,3.9642857142857144,76.67857142857143,2026-04-10 11:00:00,0.2857142857142857,0.7142857142857143
oleksandr lyman,roman zaporozhets,105,30,4.019047619047619,74.86666666666666,2025-03-18 08:00:00,0.2857142857142857,0.7142857142857143
oleksandr lyman,serhii aristarkhov,38,18,3.736842105263158,67.02631578947368,2026-04-11 17:04:34,0.47368421052631576,0.5263157894736843
oleksandr lyman,serhii maliuk,87,28,4.022988505747127,73.7816091954023,2026-04-15 10:00:00,0.3218390804597701,0.6781609195402298
oleksandr lyman,serhii miroshnychenko,128,55,3.78125,68.59375,2026-04-10 05:30:00,0.4296875,0.5703125
oleksandr lyman,serhii priadko,175,68,3.8685714285714288,71.42857142857143,2026-02-04 12:00:00,0.38857142857142857,0.6114285714285714
oleksandr lyman,viktor ziakun,129,51,3.751937984496124,69.25581395348837,2026-04-08 11:00:00,0.3953488372093023,0.6046511627906976
oleksandr lyman,volodymyr tatarnykov,33,9,3.909090909090909,71.96969696969697,2026-04-11 13:00:00,0.2727272727272727,0.7272727272727273
oleksandr maslov,oleksandr melashenko,58,10,4.258620689655173,80.89655172413794,2026-02-20 01:25:00,0.1724137931034483,0.8275862068965517
oleksandr maslov,ruslan serhyenko,26,9,3.8846153846153846,73.38461538461539,2025-04-07 15:35:00,0.34615384615384615,0.6538461538461539
oleksandr maslov,serhii khandetskyi,86,28,4.069767441860465,75.6046511627907,2026-03-27 02:25:00,0.32558139534883723,0.6744186046511628
oleksandr maslov,serhii pitsyk,30,5,4.2,77.83333333333333,2026-03-04 23:35:00,0.16666666666666666,0.8333333333333334
oleksandr maslov,viktor sharpay,91,17,4.186813186813187,79.46153846153847,2026-02-24 04:05:00,0.18681318681318682,0.8131868131868132
oleksandr maslov,vitalii kaganovych,25,6,4.04,74.12,2025-12-09 18:55:00,0.24,0.76
oleksandr maslov,vitalii ryndia,31,10,4.032258064516129,75.41935483870968,2025-03-20 16:35:00,0.3225806451612903,0.6774193548387097
oleksandr maslov,volodymyr hainiuk,22,7,3.9545454545454546,74.22727272727273,2025-04-08 16:05:00,0.3181818181818182,0.6818181818181819
oleksandr maslov,yaroslav stepanchuk,62,23,3.8548387096774195,71.43548387096774,2026-03-27 03:55:00,0.3709677419354839,0.6290322580645161
oleksandr maslov,yurii reva,22,4,4.181818181818182,79.54545454545455,2025-04-01 20:25:00,0.18181818181818182,0.8181818181818181
oleksandr maslovets,roman hryhoriev,48,14,4.0625,77.41666666666667,2024-10-05 09:30:00,0.2916666666666667,0.7083333333333333
oleksandr maslovets,serhii honcharenko,46,12,3.9782608695652173,74.47826086956522,2024-10-25 16:30:00,0.2608695652173913,0.7391304347826086
oleksandr maslovets,valentyn kurliuk,32,7,4.0,77.40625,2024-09-16 10:00:00,0.21875,0.78125
oleksandr maslovets,viktor hyriavyi,39,15,3.8461538461538463,70.8974358974359,2024-09-25 16:30:00,0.38461538461538464,0.6153846153846154
oleksandr maslovets,volodymyr ryzhenko,34,10,4.029411764705882,73.91176470588235,2024-10-04 16:30:00,0.29411764705882354,0.7058823529411764
oleksandr maslovets,yurii urezchenko,23,10,3.8260869565217392,70.91304347826087,2024-10-21 17:00:00,0.43478260869565216,0.5652173913043479
oleksandr maslovskyi,vasil salivonchyk,67,23,3.8656716417910446,71.98507462686567,2026-04-20 07:25:00,0.34328358208955223,0.6567164179104478
oleksandr maslovskyi,viktor kodola,66,27,3.8636363636363638,70.56060606060606,2026-04-14 12:55:00,0.4090909090909091,0.5909090909090908
oleksandr melashenko,ruslan yaremenko,76,21,4.092105263157895,77.21052631578948,2025-11-17 01:05:00,0.27631578947368424,0.7236842105263157
oleksandr melashenko,serhii khandetskyi,52,15,3.980769230769231,73.75,2026-02-20 00:25:00,0.28846153846153844,0.7115384615384616
oleksandr melashenko,serhii pitsyk,57,13,4.017543859649122,76.64912280701755,2026-02-08 22:05:00,0.22807017543859648,0.7719298245614035
oleksandr melashenko,viktor sharpay,49,15,3.857142857142857,76.44897959183673,2026-02-19 23:25:00,0.30612244897959184,0.6938775510204082
oleksandr melashenko,yan krol,46,12,4.130434782608695,79.17391304347827,2026-04-11 03:05:00,0.2608695652173913,0.7391304347826086
oleksandr melashenko,yaroslav stepanchuk,98,23,4.163265306122449,79.78571428571429,2026-02-16 04:55:00,0.23469387755102042,0.7653061224489796
oleksandr melashenko,yevhenii sokoltsov,65,16,4.123076923076923,79.6923076923077,2025-06-16 16:55:00,0.24615384615384617,0.7538461538461538
oleksandr mishchenko,oleksandr v kovalchuk,195,57,4.0,74.84615384615384,2026-04-16 18:55:00,0.2923076923076923,0.7076923076923076
oleksandr mishchenko,oleksii hrymovskyi,200,68,3.955,73.79,2026-04-19 01:55:00,0.34,0.6599999999999999
oleksandr mishchenko,pavel plakushchyi,158,62,3.8544303797468356,71.66455696202532,2026-04-19 00:25:00,0.3924050632911392,0.6075949367088608
oleksandr mishchenko,pavlo babenko,73,21,4.054794520547945,77.83561643835617,2025-01-29 15:25:00,0.2876712328767123,0.7123287671232876
oleksandr mishchenko,serhii chelpanov,200,51,4.1,75.93,2026-04-14 21:55:00,0.255,0.745
oleksandr mishchenko,spartak abalmaz,144,57,3.888888888888889,71.25694444444444,2026-01-09 17:25:00,0.3958333333333333,0.6041666666666667
oleksandr mishchenko,viacheslav kovalenko,20,11,3.55,67.2,2026-04-16 14:55:00,0.55,0.44999999999999996
oleksandr mishchenko,yevhenii kryvorotko,89,21,4.067415730337078,75.48314606741573,2026-04-18 21:25:00,0.23595505617977527,0.7640449438202247
oleksandr mytsyk,oleksandr shyshman,73,25,3.9726027397260273,73.91780821917808,2026-01-26 07:05:00,0.3424657534246575,0.6575342465753424
oleksandr mytsyk,oleksandr tymofeev,74,15,4.283783783783784,79.01351351351352,2026-03-28 20:50:00,0.20270270270270271,0.7972972972972973
oleksandr mytsyk,sergii skhabitskiy,196,64,3.979591836734694,74.4438775510204,2026-04-20 08:05:00,0.32653061224489793,0.6734693877551021
oleksandr mytsyk,serhii lyzohub,77,17,4.077922077922078,77.31168831168831,2026-03-18 08:05:00,0.22077922077922077,0.7792207792207793
oleksandr mytsyk,valerii kolesnykov,73,15,4.232876712328767,78.58904109589041,2026-04-16 05:30:00,0.2054794520547945,0.7945205479452055
oleksandr mytsyk,valeriy kolesnykov,21,8,3.9523809523809526,70.52380952380952,2025-01-02 13:40:00,0.38095238095238093,0.6190476190476191
oleksandr mytsyk,vasiliy smyk,91,27,4.065934065934066,76.1978021978022,2026-04-14 11:40:00,0.2967032967032967,0.7032967032967032
oleksandr mytsyk,vasily kondratenko,109,35,3.944954128440367,75.10091743119266,2025-12-31 13:50:00,0.3211009174311927,0.6788990825688073
oleksandr mytsyk,volodymyr melnykov,71,12,4.084507042253521,76.07042253521126,2026-03-28 19:50:00,0.16901408450704225,0.8309859154929577
oleksandr mytsyk,yaroslav kovshun,62,24,3.8870967741935485,72.3225806451613,2025-11-21 22:50:00,0.3870967741935484,0.6129032258064516
oleksandr mytsyk,yurii volkov,82,24,4.036585365853658,74.76829268292683,2025-12-11 10:30:00,0.2926829268292683,0.7073170731707317
oleksandr mytsyk,zdrobylko bohdan,46,11,4.1521739130434785,77.47826086956522,2026-04-12 06:50:00,0.2391304347826087,0.7608695652173914
oleksandr naida,oleksii shyndel,116,38,4.0,74.5603448275862,2026-04-12 21:55:00,0.3275862068965517,0.6724137931034483
oleksandr naida,roman gnoevoy,234,68,4.042735042735043,75.34188034188034,2026-04-20 22:25:00,0.2905982905982906,0.7094017094017093
oleksandr naida,spartak abalmaz,45,10,4.222222222222222,79.71111111111111,2026-04-21 01:55:00,0.2222222222222222,0.7777777777777778
oleksandr naida,valentyn lobas,39,18,3.8461538461538463,70.94871794871794,2025-12-31 16:25:00,0.46153846153846156,0.5384615384615384
oleksandr naida,vitalii khamurda,208,71,3.918269230769231,72.6875,2026-04-07 13:55:00,0.34134615384615385,0.6586538461538461
oleksandr naida,volodymyr vysotskyi,25,9,3.84,69.04,2024-12-31 05:25:00,0.36,0.64
oleksandr osadchyi,serhii hovorunets,67,33,3.701492537313433,66.80597014925372,2026-04-02 07:50:00,0.4925373134328358,0.5074626865671642
oleksandr osadchyi,serhii lyzohub,26,6,4.115384615384615,74.38461538461539,2025-05-19 12:50:00,0.23076923076923078,0.7692307692307692
oleksandr osadchyi,serhii semenets,149,50,3.9261744966442955,71.09395973154362,2026-04-12 16:50:00,0.33557046979865773,0.6644295302013423
oleksandr osadchyi,serhii solomko,151,46,3.993377483443709,73.03311258278146,2026-04-12 20:20:00,0.304635761589404,0.695364238410596
oleksandr osadchyi,stefan yakimenko,168,63,3.880952380952381,69.71428571428571,2026-04-09 11:20:00,0.375,0.625
oleksandr osadchyi,vitalii mukhin,40,14,3.875,70.675,2025-09-13 08:05:00,0.35,0.65
oleksandr osadchyi,vladyslav stukalov,49,8,4.204081632653061,77.59183673469387,2026-01-31 10:35:00,0.16326530612244897,0.8367346938775511
oleksandr osadchyi,volodymyr melnykov,30,9,4.066666666666666,75.73333333333333,2026-04-12 14:50:00,0.3,0.7
oleksandr ovsiienko,sergey osipov,31,7,4.258064516129032,78.93548387096774,2026-03-31 16:10:00,0.22580645161290322,0.7741935483870968
oleksandr ovsiienko,vitalii korniichuk,52,16,4.019230769230769,74.5576923076923,2026-04-20 06:00:00,0.3076923076923077,0.6923076923076923
oleksandr ovsiienko,vladyslav stukalov,37,11,3.864864864864865,71.02702702702703,2026-04-20 08:00:00,0.2972972972972973,0.7027027027027026
oleksandr ovsiienko,volodymyr myrzak,32,16,3.75,68.15625,2025-10-09 06:05:00,0.5,0.5
oleksandr seliuchenko,oleksii nadporozhskyi,22,6,4.181818181818182,77.45454545454545,2024-12-30 12:40:00,0.2727272727272727,0.7272727272727273
oleksandr seliuchenko,vladimir voronenko,33,7,4.121212121212121,77.6969696969697,2026-02-09 15:40:00,0.21212121212121213,0.7878787878787878
oleksandr shkurupii,oleksandr zhurba,171,55,3.9415204678362574,74.61988304093568,2026-04-14 17:30:00,0.3216374269005848,0.6783625730994152
oleksandr shkurupii,roman zholubak,48,18,3.9375,74.58333333333333,2026-04-04 10:50:00,0.375,0.625
oleksandr shyshman,sergii skhabitskiy,69,25,3.8840579710144927,71.31884057971014,2026-01-26 09:35:00,0.36231884057971014,0.6376811594202898
oleksandr shyshman,serhii lyzohub,35,13,3.8857142857142857,71.48571428571428,2026-03-31 08:00:00,0.37142857142857144,0.6285714285714286
oleksandr shyshman,valerii kolesnykov,42,7,4.190476190476191,77.38095238095238,2026-03-07 07:00:00,0.16666666666666666,0.8333333333333334
oleksandr shyshman,vasiliy smyk,36,10,4.0,74.5,2025-10-26 08:20:00,0.2777777777777778,0.7222222222222222
oleksandr shyshman,vasily kondratenko,35,12,4.0,74.14285714285714,2025-10-26 13:50:00,0.34285714285714286,0.6571428571428571
oleksandr shyshman,volodymyr melnykov,35,12,3.8857142857142857,74.17142857142858,2026-01-07 06:00:00,0.34285714285714286,0.6571428571428571
oleksandr shyshman,yurii volkov,26,10,3.8461538461538463,71.07692307692308,2026-02-12 08:00:00,0.38461538461538464,0.6153846153846154
oleksandr shyshman,zdrobylko bohdan,39,13,4.0256410256410255,73.53846153846153,2026-02-04 07:05:00,0.3333333333333333,0.6666666666666667
oleksandr soloviov,roman hryhoriev,27,12,3.8518518518518516,71.25925925925925,2025-06-21 10:30:00,0.4444444444444444,0.5555555555555556
oleksandr strutinskiy,oleksandr zhyrnov,37,17,3.810810810810811,70.29729729729729,2026-04-03 12:50:00,0.4594594594594595,0.5405405405405406
oleksandr strutinskiy,rostyslav fedyna,32,9,4.0,73.6875,2024-08-05 09:05:00,0.28125,0.71875
oleksandr strutinskiy,vadym ishchuk,62,22,3.9516129032258065,72.2741935483871,2026-04-14 10:50:00,0.3548387096774194,0.6451612903225806
oleksandr strutinskiy,valerii merzlikin,115,44,3.8086956521739133,69.35652173913043,2026-04-03 06:50:00,0.3826086956521739,0.6173913043478261
oleksandr strutinskiy,volodymyr ivasiv,63,19,4.079365079365079,75.80952380952381,2025-07-14 07:35:00,0.30158730158730157,0.6984126984126984
oleksandr strutinskiy,volodymyr korobko,56,22,3.75,68.98214285714286,2025-07-13 01:00:00,0.39285714285714285,0.6071428571428572
oleksandr strutinskiy,volodymyr okopnyi,30,10,3.933333333333333,70.53333333333333,2025-06-13 06:35:00,0.3333333333333333,0.6666666666666667
oleksandr strutinskiy,volodymyr savoliuk,53,15,3.981132075471698,74.11320754716981,2026-04-20 18:20:00,0.2830188679245283,0.7169811320754718
oleksandr strutinskiy,yaroslav tebenko,60,18,4.033333333333333,74.16666666666667,2025-01-03 06:35:00,0.3,0.7
oleksandr strutinskiy,yehor riadynskyi,56,21,3.9642857142857144,73.17857142857143,2026-04-20 15:50:00,0.375,0.625
oleksandr strutinskiy,yevhen skorobahatyi,23,8,3.869565217391304,69.08695652173913,2026-04-10 20:50:00,0.34782608695652173,0.6521739130434783
oleksandr syksa,oleksandr ziakun,80,15,4.2875,81.85,2026-04-14 04:30:00,0.1875,0.8125
oleksandr syksa,roman tveritinov,218,122,3.481651376146789,66.84862385321101,2026-04-19 10:00:00,0.5596330275229358,0.44036697247706424
oleksandr syksa,serhii aristarkhov,59,12,4.135593220338983,77.44067796610169,2026-04-19 08:30:00,0.2033898305084746,0.7966101694915254
oleksandr syksa,serhii chuhai,115,50,3.791304347826087,68.91304347826087,2026-04-14 07:30:00,0.43478260869565216,0.5652173913043479
oleksandr syksa,serhii maliuk,39,6,4.17948717948718,78.07692307692308,2026-04-09 11:00:00,0.15384615384615385,0.8461538461538461
oleksandr syksa,serhii miroshnychenko,117,38,4.0256410256410255,74.4957264957265,2026-04-13 05:30:00,0.3247863247863248,0.6752136752136753
oleksandr syksa,volodymyr tatarnykov,31,6,4.258064516129032,78.12903225806451,2026-04-19 04:30:00,0.1935483870967742,0.8064516129032258
oleksandr tymofeev,sergii skhabitskiy,67,25,3.8656716417910446,70.80597014925372,2026-04-04 17:50:00,0.373134328358209,0.6268656716417911
oleksandr tymofeev,serhii hovorunets,21,8,3.9047619047619047,70.71428571428571,2024-12-21 16:50:00,0.38095238095238093,0.6190476190476191
oleksandr tymofeev,serhii solomko,20,8,3.7,70.05,2024-08-21 16:20:00,0.4,0.6
oleksandr tymofeev,stepan grygorenko,20,12,3.5,63.75,2025-08-31 06:05:00,0.6,0.4
oleksandr tymofeev,vasiliy smyk,73,26,3.9452054794520546,74.16438356164383,2026-04-19 08:20:00,0.3561643835616438,0.6438356164383562
oleksandr tymofeev,vasily kondratenko,56,19,3.857142857142857,72.71428571428571,2025-12-30 18:20:00,0.3392857142857143,0.6607142857142857
oleksandr tymofeev,volodymyr melnykov,44,12,4.113636363636363,76.61363636363636,2026-03-29 12:50:00,0.2727272727272727,0.7272727272727273
oleksandr tymofeev,yaroslav kovshun,82,25,4.012195121951219,76.03658536585365,2025-11-21 19:20:00,0.3048780487804878,0.6951219512195121
oleksandr tymofeev,yurii volkov,86,28,3.953488372093023,73.52325581395348,2026-03-03 16:10:00,0.32558139534883723,0.6744186046511628
oleksandr tymofeev,zdrobylko bohdan,64,17,4.359375,88.234375,2026-04-19 06:50:00,0.265625,0.734375
oleksandr v kovalchuk,oleksii hrymovskyi,36,13,3.888888888888889,73.94444444444444,2026-04-09 18:25:00,0.3611111111111111,0.6388888888888888
oleksandr v kovalchuk,pavel plakushchyi,157,41,4.038216560509555,75.77070063694268,2026-02-27 16:55:00,0.2611464968152866,0.7388535031847134
oleksandr v kovalchuk,pavlo babenko,22,3,4.409090909090909,83.68181818181819,2025-01-29 20:55:00,0.13636363636363635,0.8636363636363636
oleksandr v kovalchuk,serhii chelpanov,175,60,3.9771428571428573,73.99428571428571,2026-04-14 23:55:00,0.34285714285714286,0.6571428571428571
oleksandr v kovalchuk,spartak abalmaz,219,54,4.095890410958904,77.8310502283105,2026-03-24 00:55:00,0.2465753424657534,0.7534246575342466
oleksandr v kovalchuk,viacheslav kovalenko,25,5,4.2,78.08,2026-04-16 13:25:00,0.2,0.8
oleksandr v kovalchuk,yevhenii kryvorotko,31,13,3.838709677419355,73.51612903225806,2026-02-27 15:25:00,0.41935483870967744,0.5806451612903225
oleksandr zhurba,roman zholubak,115,43,3.8521739130434782,71.47826086956522,2026-04-18 08:50:00,0.3739130434782609,0.6260869565217391
oleksandr zhurba,vitalii levshyn,76,22,4.026315789473684,74.96052631578948,2026-04-18 07:20:00,0.2894736842105263,0.7105263157894737
oleksandr zhurba,yevhen masko,22,8,3.8636363636363638,71.63636363636364,2025-03-27 17:20:00,0.36363636363636365,0.6363636363636364
oleksandr zhurba,yevhenii honchar,155,56,3.8,70.59354838709677,2024-11-22 18:10:00,0.36129032258064514,0.6387096774193548
oleksandr zhyrnov,pavlo lavrynenko,39,11,4.076923076923077,77.07692307692308,2026-01-17 16:40:00,0.28205128205128205,0.717948717948718
oleksandr zhyrnov,vadym ishchuk,33,9,4.121212121212121,77.96969696969697,2026-03-31 10:20:00,0.2727272727272727,0.7272727272727273
oleksandr zhyrnov,valerii merzlikin,50,16,4.0,75.2,2026-04-16 14:50:00,0.32,0.6799999999999999
oleksandr zhyrnov,volodymyr savoliuk,20,8,3.9,70.7,2026-03-16 19:50:00,0.4,0.6
oleksandr zhyrnov,yehor riadynskyi,37,12,4.0,74.78378378378379,2026-04-16 17:50:00,0.32432432432432434,0.6756756756756757
oleksandr zhyrnov,yevhen skorobahatyi,37,10,4.027027027027027,75.35135135135135,2026-02-20 12:10:00,0.2702702702702703,0.7297297297297297
oleksandr ziakun,roman tveritinov,95,30,3.9263157894736844,75.74736842105263,2026-04-20 04:30:00,0.3157894736842105,0.6842105263157895
oleksandr ziakun,roman zaporozhets,83,14,4.253012048192771,80.49397590361446,2025-03-18 10:00:00,0.1686746987951807,0.8313253012048193
oleksandr ziakun,serhii aristarkhov,55,19,3.909090909090909,72.6,2026-03-14 16:00:00,0.34545454545454546,0.6545454545454545
oleksandr ziakun,serhii chuhai,24,11,3.75,68.04166666666667,2026-04-20 06:00:00,0.4583333333333333,0.5416666666666667
oleksandr ziakun,serhii maliuk,86,12,4.267441860465116,80.56976744186046,2026-04-17 06:00:00,0.13953488372093023,0.8604651162790697
oleksandr ziakun,serhii miroshnychenko,127,27,4.149606299212598,78.49606299212599,2026-04-20 07:30:00,0.2125984251968504,0.7874015748031495
oleksandr ziakun,serhii priadko,88,20,4.079545454545454,78.93181818181819,2026-01-27 08:30:00,0.22727272727272727,0.7727272727272727
oleksandr ziakun,viktor ziakun,54,13,4.2407407407407405,80.68518518518519,2026-04-08 04:30:00,0.24074074074074073,0.7592592592592593
oleksandr ziakun,volodymyr tatarnykov,41,8,4.048780487804878,73.70731707317073,2026-03-14 17:30:00,0.1951219512195122,0.8048780487804879
oleksii golubiev,yaroslav tebenko,37,10,4.0,76.51351351351352,2026-04-14 07:35:00,0.2702702702702703,0.7297297297297297
oleksii hrymovskyi,pavel plakushchyi,58,25,3.8620689655172415,70.6896551724138,2026-04-18 22:25:00,0.43103448275862066,0.5689655172413793
oleksii hrymovskyi,pavlo babenko,125,28,4.112,78.4,2025-01-27 03:55:00,0.224,0.776
oleksii hrymovskyi,roman reznychenko,67,20,4.134328358208955,77.97014925373135,2024-07-30 16:05:00,0.29850746268656714,0.7014925373134329
oleksii hrymovskyi,serhii chelpanov,99,28,4.05050505050505,76.36363636363636,2026-04-17 14:55:00,0.2828282828282828,0.7171717171717171
oleksii hrymovskyi,viacheslav kovalenko,26,9,4.0,77.11538461538461,2026-04-09 16:25:00,0.34615384615384615,0.6538461538461539
oleksii hrymovskyi,yevhenii kryvorotko,100,31,4.02,75.61,2026-04-19 03:55:00,0.31,0.69
oleksii mitla,orest hura,21,5,4.190476190476191,82.52380952380952,2026-02-10 19:05:00,0.23809523809523808,0.7619047619047619
oleksii mitla,ruslan haiseniuk,23,2,4.217391304347826,77.8695652173913,2026-04-17 20:00:00,0.08695652173913043,0.9130434782608696
oleksii mitla,ruslan lazebny,25,11,3.8,71.8,2026-04-16 00:15:00,0.44,0.56
oleksii mitla,serhii kalenyk,40,10,4.075,75.8,2026-04-16 01:45:00,0.25,0.75
oleksii mitla,valerii vlasenko,46,6,4.304347826086956,82.41304347826087,2026-04-19 05:35:00,0.13043478260869565,0.8695652173913043
oleksii nadporozhskyi,vladimir voronenko,91,19,4.241758241758242,78.82417582417582,2025-10-27 11:40:00,0.2087912087912088,0.7912087912087912
oleksii nadporozhskyi,vladyslav mishchenko,55,17,4.054545454545455,74.92727272727272,2025-10-24 14:10:00,0.3090909090909091,0.6909090909090909
oleksii shyndel,pavlo volkov,31,7,4.193548387096774,78.48387096774194,2024-09-19 13:25:00,0.22580645161290322,0.7741935483870968
oleksii shyndel,roman gnoevoy,109,32,4.055045871559633,75.79816513761467,2026-04-13 01:25:00,0.29357798165137616,0.7064220183486238
oleksii shyndel,ruslan yaremenko,26,9,3.9615384615384617,72.11538461538461,2025-02-18 14:25:00,0.34615384615384615,0.6538461538461539
oleksii shyndel,serhii chuliukov,120,34,3.975,75.05833333333334,2026-04-01 02:05:00,0.2833333333333333,0.7166666666666667
oleksii shyndel,serhii khandetskyi,143,49,3.923076923076923,72.4895104895105,2026-04-20 14:25:00,0.34265734265734266,0.6573426573426573
oleksii shyndel,spartak abalmaz,29,6,4.137931034482759,77.20689655172414,2026-04-13 02:25:00,0.20689655172413793,0.7931034482758621
oleksii shyndel,vitalii khamurda,97,39,3.752577319587629,70.64948453608247,2026-03-24 15:25:00,0.4020618556701031,0.5979381443298969
oleksii shyndel,yaroslav buberenko,21,7,4.0,75.57142857142857,2024-04-07 01:35:00,0.3333333333333333,0.6666666666666667
oleksii shyndel,yevhenii sokoltsov,69,18,4.072463768115942,75.66666666666667,2026-04-15 01:05:00,0.2608695652173913,0.7391304347826086
oles kotsyumbas,ruslan novak,23,3,4.0,75.69565217391305,2025-10-26 01:30:00,0.13043478260869565,0.8695652173913043
oles kotsyumbas,serhii kryvoshyi,27,3,4.185185185185185,79.33333333333333,2024-12-21 16:25:00,0.1111111111111111,0.8888888888888888
oles kotsyumbas,serhii prus,27,8,4.037037037037037,76.48148148148148,2025-09-13 13:25:00,0.2962962962962963,0.7037037037037037
oles kotsyumbas,vasyl moshovskyi,44,12,4.159090909090909,81.29545454545455,2025-01-23 19:25:00,0.2727272727272727,0.7272727272727273
oles kotsyumbas,vladyslav kovalchuk,117,15,4.3760683760683765,84.62393162393163,2025-10-20 05:35:00,0.1282051282051282,0.8717948717948718
oles kotsyumbas,volodymyr ivasiv,45,9,4.088888888888889,77.13333333333334,2025-10-13 04:35:00,0.2,0.8
oles kotsyumbas,yaroslav tebenko,90,20,4.222222222222222,80.85555555555555,2025-10-22 05:35:00,0.2222222222222222,0.7777777777777778
oles kotsyumbas,yaroslav vorsulyak,36,10,3.9722222222222223,74.86111111111111,2025-10-23 06:35:00,0.2777777777777778,0.7222222222222222
oles kotsyumbas,yurii parahailo,87,23,4.103448275862069,76.42528735632185,2025-10-26 16:35:00,0.26436781609195403,0.735632183908046
ondrej chadima,ondrej karpisek,27,5,4.185185185185185,78.44444444444444,2026-03-04 16:30:00,0.18518518518518517,0.8148148148148149
ondrej chadima,petr abraham,26,6,4.153846153846154,77.5,2026-02-28 18:03:58,0.23076923076923078,0.7692307692307692
ondrej chadima,petr fiser,23,5,4.260869565217392,81.8695652173913,2025-07-13 17:05:00,0.21739130434782608,0.782608695652174
ondrej chadima,petr maly,24,5,4.041666666666667,74.54166666666667,2026-02-08 10:30:00,0.20833333333333334,0.7916666666666666
ondrej chadima,tadeas bertho,42,7,4.285714285714286,80.83333333333333,2026-04-18 09:30:00,0.16666666666666666,0.8333333333333334
ondrej chadima,vaclav coubal,23,1,4.260869565217392,81.04347826086956,2025-01-03 13:00:00,0.043478260869565216,0.9565217391304348
ondrej chadima,vit herrmann,26,6,4.153846153846154,77.15384615384616,2026-04-18 13:04:05,0.23076923076923078,0.7692307692307692
ondrej homola,ondrej karpisek,29,8,4.103448275862069,79.96551724137932,2026-03-04 15:30:00,0.27586206896551724,0.7241379310344828
ondrej kadavy,roman durovic,25,6,4.24,79.52,2026-03-26 07:00:00,0.24,0.76
ondrej karpisek,ondrej mezera,21,1,4.190476190476191,81.71428571428571,2025-09-08 17:30:00,0.047619047619047616,0.9523809523809523
ondrej karpisek,pavel hala,25,6,3.96,75.6,2026-03-27 21:00:00,0.24,0.76
ondrej karpisek,petr kotrbacek,27,10,3.962962962962963,74.4074074074074,2025-01-16 16:30:00,0.37037037037037035,0.6296296296296297
ondrej karpisek,petr orlowski,27,5,4.037037037037037,74.62962962962963,2026-03-19 20:30:00,0.18518518518518517,0.8148148148148149
ondrej karpisek,petr provaznik,28,10,4.071428571428571,76.39285714285714,2026-03-05 16:00:00,0.35714285714285715,0.6428571428571428
ondrej karpisek,roman merkl,35,7,4.114285714285714,79.65714285714286,2026-02-05 19:30:00,0.2,0.8
ondrej karpisek,tomas hanke,58,12,4.275862068965517,81.12068965517241,2026-02-10 20:45:00,0.20689655172413793,0.7931034482758621
ondrej karpisek,vladimir lopata,22,6,4.318181818181818,79.54545454545455,2026-04-08 15:30:00,0.2727272727272727,0.7272727272727273
ondrej malecek,stepan rejent,21,4,4.285714285714286,79.47619047619048,2024-06-30 16:15:38,0.19047619047619047,0.8095238095238095
ondrej malecek,tomas liska,29,12,3.9310344827586206,73.17241379310344,2024-05-24 07:00:00,0.41379310344827586,0.5862068965517242
ondrej mezera,pavel hala,56,6,4.321428571428571,83.46428571428571,2026-03-28 07:15:00,0.10714285714285714,0.8928571428571429
ondrej mezera,pavel oplt,20,0,4.6,86.8,2026-03-27 14:15:00,0.0,1.0
ondrej mezera,petr provaznik,67,12,4.343283582089552,82.74626865671642,2026-02-16 16:30:00,0.1791044776119403,0.8208955223880597
ondrej mezera,petr semrad,34,9,4.117647058823529,78.29411764705883,2026-04-10 10:45:00,0.2647058823529412,0.7352941176470589
ondrej mezera,roman durovic,32,7,4.3125,82.65625,2026-01-20 13:50:00,0.21875,0.78125
ondrej mezera,roman merkl,43,3,4.604651162790698,90.11627906976744,2025-09-14 08:25:00,0.06976744186046512,0.9302325581395349
ondrej mezera,samuel koscelansky,21,3,4.380952380952381,83.14285714285714,2025-06-22 15:15:00,0.14285714285714285,0.8571428571428572
ondrej mezera,tomas hrstka,23,5,4.130434782608695,77.73913043478261,2025-09-08 09:05:00,0.21739130434782608,0.782608695652174
ondrej mezera,tomas hucko,45,7,4.4,85.08888888888889,2026-03-17 11:45:00,0.15555555555555556,0.8444444444444444
ondrej mezera,tomas kanka,36,6,4.416666666666667,84.91666666666667,2026-01-30 12:45:00,0.16666666666666666,0.8333333333333334
ondrej mezera,vlastimil honemann,45,5,4.311111111111111,82.37777777777778,2025-02-03 11:15:00,0.1111111111111111,0.8888888888888888
ondrej mezera,zdenek vasatko,49,12,4.1020408163265305,76.77551020408163,2026-03-23 16:45:00,0.24489795918367346,0.7551020408163265
orest hura,roman konkulovskyi,75,18,4.133333333333334,78.72,2025-12-02 18:01:54,0.24,0.76
orest hura,ruslan haiseniuk,137,41,4.036496350364963,74.81751824817518,2026-02-07 19:35:00,0.29927007299270075,0.7007299270072993
orest hura,serhii berezynskyi,126,37,3.9682539682539684,75.2936507936508,2026-02-07 17:35:00,0.29365079365079366,0.7063492063492063
orest hura,valerii vlasenko,208,27,4.350961538461538,85.6201923076923,2026-02-04 06:35:00,0.12980769230769232,0.8701923076923077
orest hura,viktor slozka,105,17,4.238095238095238,82.01904761904763,2025-10-09 07:05:00,0.1619047619047619,0.8380952380952381
orest hura,vitalii boyko,158,33,4.139240506329114,78.51898734177215,2026-02-06 23:30:00,0.2088607594936709,0.7911392405063291
orest hura,vitaliy zharskiy,118,27,4.110169491525424,78.19491525423729,2025-10-16 07:05:00,0.2288135593220339,0.771186440677966
orest hura,volodymyr kaidakov,21,3,4.285714285714286,82.33333333333333,2025-04-08 20:00:00,0.14285714285714285,0.8571428571428572
orest hura,volodymyr plishylo,41,9,4.146341463414634,79.0,2025-11-15 17:05:00,0.21951219512195122,0.7804878048780488
orest hura,yaroslav kravets,25,8,3.88,71.0,2025-11-23 12:05:00,0.32,0.6799999999999999
orest melnik,roman oliinyk,33,12,3.878787878787879,73.78787878787878,2024-12-20 07:55:00,0.36363636363636365,0.6363636363636364
orest melnik,serhii kryvoshyi,52,29,3.6153846153846154,64.61538461538461,2026-04-15 18:25:00,0.5576923076923077,0.4423076923076923
orest melnik,viktor kodola,61,22,3.819672131147541,70.0,2025-09-25 07:25:00,0.36065573770491804,0.639344262295082
patrik pycha,vadim reva,28,8,4.071428571428571,76.57142857142857,2026-04-15 16:05:00,0.2857142857142857,0.7142857142857143
patrik pycha,valerii lukianevych,36,5,4.305555555555555,79.38888888888889,2026-04-15 14:05:00,0.1388888888888889,0.8611111111111112
patrik pycha,volodymyr kruglyak,22,10,3.8636363636363638,69.81818181818181,2026-04-15 13:05:00,0.45454545454545453,0.5454545454545454
pavel fencl,radovan pisa,26,4,4.230769230769231,80.5,2025-08-24 09:45:00,0.15384615384615385,0.8461538461538461
pavel fencl,stepan rejent,80,24,4.0,74.4875,2025-09-07 11:15:00,0.3,0.7
pavel fencl,tibor kolenic,27,2,4.333333333333333,80.25925925925925,2025-08-23 05:45:00,0.07407407407407407,0.9259259259259259
pavel fencl,tomas liska,33,6,4.121212121212121,75.6969696969697,2025-09-07 12:10:40,0.18181818181818182,0.8181818181818181
pavel hala,petr orlowski,25,9,3.96,74.04,2026-04-19 06:30:00,0.36,0.64
pavel hala,petr provaznik,67,15,4.014925373134329,74.25373134328358,2026-04-15 15:30:00,0.22388059701492538,0.7761194029850746
pavel hala,roman merkl,73,20,4.0,74.13698630136986,2026-04-19 08:59:21,0.273972602739726,0.726027397260274
pavel hala,tomas hanke,23,6,4.173913043478261,79.65217391304348,2026-03-31 18:15:00,0.2608695652173913,0.7391304347826086
pavel hala,tomas hucko,40,14,3.925,74.425,2026-04-04 16:48:35,0.35,0.65
pavel hala,tomas kanka,56,20,4.0,76.375,2026-03-23 15:30:00,0.35714285714285715,0.6428571428571428
pavel hala,vlastimil honemann,30,3,4.466666666666667,85.8,2025-01-27 15:45:00,0.1,0.9
pavel moulis,petr fiser,24,6,4.166666666666667,77.875,2026-04-15 13:45:00,0.25,0.75
pavel moulis,rostislav novosad,40,3,4.475,83.575,2025-01-29 08:30:00,0.075,0.925
pavel moulis,tadeas bertho,54,5,4.314814814814815,82.12962962962963,2026-01-30 21:30:30,0.09259259259259259,0.9074074074074074
pavel moulis,vaclav coubal,66,21,3.984848484848485,76.53030303030303,2026-04-10 07:00:00,0.3181818181818182,0.6818181818181819
pavel moulis,vit kilian,37,13,3.891891891891892,72.1891891891892,2026-02-04 15:00:00,0.35135135135135137,0.6486486486486487
pavel plakushchyi,serhii chelpanov,133,44,3.992481203007519,74.06766917293233,2026-04-17 13:25:00,0.3308270676691729,0.6691729323308271
pavel plakushchyi,spartak abalmaz,126,35,4.087301587301587,76.83333333333333,2026-01-09 20:25:00,0.2777777777777778,0.7222222222222222
pavel plakushchyi,yevhenii kryvorotko,52,22,3.8653846153846154,70.98076923076923,2026-04-18 23:25:00,0.4230769230769231,0.5769230769230769
pavel sourek,petr semrad,22,2,5.090909090909091,108.77272727272727,2026-03-21 15:15:00,0.09090909090909091,0.9090909090909091
pavlo babenko,roman reznychenko,68,15,4.264705882352941,80.92647058823529,2024-07-30 13:05:00,0.22058823529411764,0.7794117647058824
pavlo babenko,serhii chelpanov,22,7,3.6363636363636362,68.13636363636364,2025-01-27 02:25:00,0.3181818181818182,0.6818181818181819
pavlo babenko,vitalii s marushchak,51,12,4.215686274509804,78.98039215686275,2026-04-20 11:40:00,0.23529411764705882,0.7647058823529411
pavlo babenko,vladimir voronenko,28,6,4.071428571428571,75.32142857142857,2026-04-20 13:40:00,0.21428571428571427,0.7857142857142857
pavlo babenko,vladyslav mishchenko,20,8,3.9,74.95,2026-04-13 15:40:00,0.4,0.6
pavlo chyzh,roman mazur,21,7,4.0476190476190474,76.04761904761905,2025-10-16 10:40:00,0.3333333333333333,0.6666666666666667
pavlo chyzh,roman oliinyk,32,6,4.125,76.59375,2024-12-19 17:25:00,0.1875,0.8125
pavlo chyzh,rostyslav fylypiv,61,19,4.081967213114754,75.85245901639344,2025-06-29 08:25:00,0.3114754098360656,0.6885245901639344
pavlo chyzh,serhii kryvoshyi,27,9,4.037037037037037,74.25925925925925,2026-01-07 05:55:00,0.3333333333333333,0.6666666666666667
pavlo chyzh,volodymyr ivasiv,49,19,3.877551020408163,71.20408163265306,2025-12-24 06:55:00,0.3877551020408163,0.6122448979591837
pavlo lavrynenko,roman pomin,33,5,4.2727272727272725,79.72727272727273,2025-12-20 16:40:00,0.15151515151515152,0.8484848484848485
pavlo lavrynenko,valentyn lutsenko,26,10,3.8076923076923075,72.1923076923077,2024-10-20 06:35:00,0.38461538461538464,0.6153846153846154
pavlo lavrynenko,volodymyr bilobrov,22,4,4.090909090909091,78.13636363636364,2025-10-18 13:40:00,0.18181818181818182,0.8181818181818181
pavlo lavrynenko,yaroslav makovka,67,11,4.268656716417911,80.85074626865672,2026-01-18 07:00:00,0.16417910447761194,0.835820895522388
pavlo lavrynenko,yevhen skorobahatyi,30,11,3.8333333333333335,73.16666666666667,2025-10-12 09:30:00,0.36666666666666664,0.6333333333333333
pavlo shulhachyk,roman hryhoriev,23,8,4.043478260869565,75.34782608695652,2025-12-26 14:00:00,0.34782608695652173,0.6521739130434783
pavlo shulhachyk,serhii honcharenko,32,13,3.75,68.09375,2026-01-27 06:30:00,0.40625,0.59375
pavlo shulhachyk,vasyl matviichuk,30,14,3.8,70.06666666666666,2026-02-08 07:00:00,0.4666666666666667,0.5333333333333333
pavlo volkov,serhii khandetskyi,24,9,3.875,73.25,2024-09-19 19:25:00,0.375,0.625
petr abraham,petr maly,23,5,4.260869565217392,78.78260869565217,2026-03-15 14:00:52,0.21739130434782608,0.782608695652174
petr abraham,tomas hanke,31,8,4.032258064516129,76.6774193548387,2026-01-18 15:00:00,0.25806451612903225,0.7419354838709677
petr abraham,vit herrmann,31,8,4.0,72.3225806451613,2026-03-22 16:45:00,0.25806451612903225,0.7419354838709677
petr hlina,vit kilian,27,10,3.888888888888889,72.37037037037037,2025-05-22 07:30:00,0.37037037037037035,0.6296296296296297
petr kolesnik,ruslan dereha,33,9,4.090909090909091,75.36363636363636,2024-07-03 10:00:00,0.2727272727272727,0.7272727272727273
petr kolesnik,serhii balabei,54,14,4.037037037037037,76.5,2025-09-17 17:27:48,0.25925925925925924,0.7407407407407407
petr kolesnik,serhii kiilo,42,12,4.166666666666667,79.4047619047619,2026-01-09 09:00:00,0.2857142857142857,0.7142857142857143
petr kolesnik,vadym kononenko,54,11,4.222222222222222,78.31481481481481,2026-01-08 14:30:00,0.2037037037037037,0.7962962962962963
petr kotrbacek,tomas stejskal,26,7,4.076923076923077,76.6923076923077,2026-03-16 18:08:27,0.2692307692307692,0.7307692307692308
petr maly,vit herrmann,27,7,4.111111111111111,79.29629629629629,2026-04-19 15:15:00,0.25925925925925924,0.7407407407407407
petr orlowski,roman merkl,41,8,4.2682926829268295,80.8780487804878,2026-04-19 05:30:00,0.1951219512195122,0.8048780487804879
petr orlowski,tomas hanke,31,8,4.193548387096774,79.12903225806451,2026-01-25 09:55:00,0.25806451612903225,0.7419354838709677
petr provaznik,roman merkl,49,13,4.1020408163265305,76.83673469387755,2026-04-02 15:30:00,0.2653061224489796,0.7346938775510203
petr provaznik,tomas hanke,22,3,4.2272727272727275,79.36363636363636,2026-04-17 15:15:00,0.13636363636363635,0.8636363636363636
petr provaznik,tomas kanka,28,9,4.0,72.85714285714286,2026-04-17 13:15:00,0.32142857142857145,0.6785714285714286
petr provaznik,vladimir lopata,22,5,4.2272727272727275,79.4090909090909,2026-01-12 18:10:00,0.22727272727272727,0.7727272727272727
petr provaznik,vlastimil honemann,22,3,4.181818181818182,76.4090909090909,2025-01-31 09:00:00,0.13636363636363635,0.8636363636363636
radovan pisa,stepan rejent,124,21,4.193548387096774,78.30645161290323,2026-04-08 21:03:41,0.1693548387096774,0.8306451612903226
radovan pisa,tibor kolenic,50,7,4.34,82.6,2026-02-19 07:15:00,0.14,0.86
radovan pisa,tomas liska,117,16,4.2905982905982905,81.23931623931624,2026-04-16 11:15:00,0.13675213675213677,0.8632478632478633
radovan pisa,vojtech grubr,39,5,4.333333333333333,82.35897435897436,2026-04-09 09:45:00,0.1282051282051282,0.8717948717948718
roman bihun,rostyslav fylypiv,30,5,4.366666666666666,80.3,2025-07-04 15:55:00,0.16666666666666666,0.8333333333333334
roman bihun,volodymyr ivasiv,22,6,4.0,75.13636363636364,2026-03-29 10:55:00,0.2727272727272727,0.7272727272727273
roman boklah,serhii priadko,102,32,3.9607843137254903,73.63725490196079,2026-04-16 13:30:00,0.3137254901960784,0.6862745098039216
roman boklah,valerii romanenko,34,8,4.235294117647059,79.32352941176471,2026-04-12 15:00:00,0.23529411764705882,0.7647058823529411
roman boklah,viktor ziakun,104,50,3.798076923076923,73.36538461538461,2026-04-19 12:30:00,0.4807692307692308,0.5192307692307692
roman boklah,vitalii ananiev,88,23,4.011363636363637,74.8409090909091,2026-04-19 17:20:49,0.26136363636363635,0.7386363636363636
roman boklah,vitalii klymenko,61,12,4.065573770491803,76.36065573770492,2026-03-19 13:00:00,0.19672131147540983,0.8032786885245902
roman boklah,yurii priadko,76,23,4.065789473684211,77.44736842105263,2026-03-07 11:00:00,0.3026315789473684,0.6973684210526316
roman cherevko,roman reznychenko,239,60,4.138075313807532,79.00836820083683,2026-04-18 15:55:00,0.2510460251046025,0.7489539748953975
roman cherevko,roman zholubak,29,14,3.7241379310344827,66.96551724137932,2025-02-14 11:50:00,0.4827586206896552,0.5172413793103448
roman cherevko,valeriy melnik,308,113,3.938311688311688,75.61363636363636,2026-04-19 16:55:00,0.36688311688311687,0.6331168831168832
roman cherevko,yevhen masko,337,100,3.913946587537092,74.87833827893175,2026-04-19 18:24:34,0.29673590504451036,0.7032640949554896
roman durovic,stepan rejent,31,8,4.0,75.09677419354838,2026-04-08 18:30:00,0.25806451612903225,0.7419354838709677
roman durovic,tomas liska,30,5,4.1,77.2,2026-04-08 20:33:49,0.16666666666666666,0.8333333333333334
roman durovic,vojtech grubr,38,4,4.394736842105263,84.3157894736842,2026-03-18 14:15:00,0.10526315789473684,0.8947368421052632
roman gnoevoy,spartak abalmaz,61,19,4.0,74.8360655737705,2026-04-21 00:25:00,0.3114754098360656,0.6885245901639344
roman gnoevoy,valentyn lobas,97,26,4.103092783505154,76.5360824742268,2025-12-31 15:25:00,0.26804123711340205,0.731958762886598
roman gnoevoy,vitalii khamurda,285,84,4.049122807017544,75.89122807017544,2026-04-07 19:25:00,0.29473684210526313,0.7052631578947368
roman gnoevoy,volodymyr vysotskyi,20,4,4.3,81.2,2024-12-31 03:25:00,0.2,0.8
roman gnoevoy,yuriy kolesnik,21,4,4.285714285714286,82.33333333333333,2024-07-23 14:25:00,0.19047619047619047,0.8095238095238095
roman horokh,serhii balabei,289,91,3.98961937716263,73.42214532871972,2026-04-20 16:00:00,0.314878892733564,0.685121107266436
roman horokh,serhii boiko,21,5,3.9047619047619047,76.23809523809524,2024-10-15 10:00:00,0.23809523809523808,0.7619047619047619
roman horokh,serhii kiilo,74,30,3.810810810810811,70.71621621621621,2026-04-20 12:00:00,0.40540540540540543,0.5945945945945945
roman horokh,serhii kushnirenko,50,23,3.76,68.4,2026-04-20 17:28:45,0.46,0.54
roman horokh,serhii ponomarenko,367,148,3.8310626702997275,70.31880108991825,2026-04-19 16:00:00,0.4032697547683924,0.5967302452316077
roman horokh,vadim komar,274,71,4.072992700729927,76.5036496350365,2026-03-11 09:00:00,0.2591240875912409,0.7408759124087592
roman horokh,vitalii marushchak,22,9,3.909090909090909,71.5,2024-05-31 08:00:00,0.4090909090909091,0.5909090909090908
roman hryhoriev,serhii honcharenko,75,21,4.08,76.65333333333334,2025-12-03 14:30:00,0.28,0.72
roman hryhoriev,vadym kononenko,21,7,3.8095238095238093,67.57142857142857,2025-10-24 15:00:00,0.3333333333333333,0.6666666666666667
roman hryhoriev,valentyn kurliuk,42,13,4.0476190476190474,75.04761904761905,2026-03-31 16:00:00,0.30952380952380953,0.6904761904761905
roman hryhoriev,vasyl matviichuk,95,24,4.08421052631579,76.13684210526316,2026-04-17 15:00:00,0.25263157894736843,0.7473684210526316
roman hryhoriev,volodymyr ryzhenko,34,9,3.9705882352941178,75.67647058823529,2025-09-28 17:30:00,0.2647058823529412,0.7352941176470589
roman hryhoriev,yurii urezchenko,33,13,3.878787878787879,72.72727272727273,2025-10-22 13:30:00,0.3939393939393939,0.6060606060606061
roman konkulovskyi,serhii berezynskyi,31,14,3.5806451612903225,64.96774193548387,2025-02-15 01:00:00,0.45161290322580644,0.5483870967741935
roman konkulovskyi,serhii maksymiv,46,11,4.065217391304348,74.17391304347827,2026-04-19 01:15:00,0.2391304347826087,0.7608695652173914
roman konkulovskyi,valerii vlasenko,69,19,4.130434782608695,77.1304347826087,2025-12-03 09:55:00,0.2753623188405797,0.7246376811594203
roman konkulovskyi,viktor slozka,135,46,3.948148148148148,73.3037037037037,2026-02-05 11:05:00,0.34074074074074073,0.6592592592592592
roman konkulovskyi,vitalii boyko,23,6,4.130434782608695,75.3913043478261,2025-11-30 11:35:00,0.2608695652173913,0.7391304347826086
roman konkulovskyi,vitaliy zharskiy,79,22,3.9873417721518987,77.30379746835443,2026-04-18 22:45:00,0.27848101265822783,0.7215189873417722
roman konkulovskyi,volodymyr kaidakov,95,30,3.9473684210526314,73.89473684210526,2026-01-01 06:05:00,0.3157894736842105,0.6842105263157895
roman konkulovskyi,volodymyr kuzmych,45,18,3.8666666666666667,73.2,2024-12-04 17:35:00,0.4,0.6
roman konkulovskyi,volodymyr okopnyi,50,18,3.98,74.66,2026-01-01 07:05:00,0.36,0.64
roman mazur,rostyslav fylypiv,38,11,3.9473684210526314,72.0,2025-07-10 16:25:00,0.2894736842105263,0.7105263157894737
roman mazur,serhii kryvoshyi,94,16,4.127659574468085,76.75531914893617,2026-04-16 11:25:00,0.1702127659574468,0.8297872340425532
roman mazur,serhii prus,21,10,3.761904761904762,66.71428571428571,2026-03-26 06:25:00,0.47619047619047616,0.5238095238095238
roman mazur,volodymyr ivasiv,44,12,3.9545454545454546,74.54545454545455,2026-03-25 14:25:00,0.2727272727272727,0.7272727272727273
roman merkl,tomas hanke,22,3,4.636363636363637,86.0909090909091,2026-01-25 07:45:00,0.13636363636363635,0.8636363636363636
roman merkl,tomas hucko,20,6,4.15,74.65,2025-08-31 11:30:00,0.3,0.7
roman merkl,tomas kanka,39,3,4.487179487179487,84.48717948717949,2026-04-02 16:34:37,0.07692307692307693,0.9230769230769231
roman merkl,vlastimil honemann,29,6,4.206896551724138,79.75862068965517,2025-01-31 10:10:00,0.20689655172413793,0.7931034482758621
roman oliinyk,viktor kodola,29,15,3.5517241379310347,62.310344827586206,2024-10-15 10:55:00,0.5172413793103449,0.48275862068965514
roman pomin,yaroslav makovka,28,12,3.75,72.46428571428571,2026-03-07 14:10:00,0.42857142857142855,0.5714285714285714
roman reznychenko,valeriy melnik,234,96,3.782051282051282,70.67094017094017,2026-04-19 18:54:36,0.41025641025641024,0.5897435897435898
roman reznychenko,yevhen masko,239,94,3.8284518828451883,70.60669456066945,2026-04-19 13:25:00,0.39330543933054396,0.606694560669456
roman sveshnykov,serhii honcharenko,20,7,3.95,72.8,2026-03-29 13:00:00,0.35,0.65
roman tveritinov,serhii aristarkhov,106,50,3.6037735849056602,66.4622641509434,2026-04-19 05:00:00,0.4716981132075472,0.5283018867924528
roman tveritinov,serhii chuhai,109,62,3.522935779816514,64.85321100917432,2026-04-20 10:00:00,0.5688073394495413,0.4311926605504587
roman tveritinov,serhii maliuk,44,16,3.7954545454545454,72.56818181818181,2026-04-09 07:00:00,0.36363636363636365,0.6363636363636364
roman tveritinov,serhii miroshnychenko,138,70,3.601449275362319,66.52173913043478,2026-04-20 06:30:00,0.5072463768115942,0.49275362318840576
roman tveritinov,volodymyr tatarnykov,52,15,3.9615384615384617,76.15384615384616,2026-04-19 06:00:00,0.28846153846153844,0.7115384615384616
roman yushko,ruslan serhyenko,27,10,3.814814814814815,70.66666666666667,2025-04-14 15:35:00,0.37037037037037035,0.6296296296296297
roman yushko,vadim reva,22,7,3.8181818181818183,71.5,2025-06-29 19:35:00,0.3181818181818182,0.6818181818181819
roman yushko,viktor leonov,25,8,3.88,71.2,2025-06-29 13:05:00,0.32,0.6799999999999999
roman yushko,vitalii ryndia,28,10,3.857142857142857,71.46428571428571,2024-09-01 16:05:00,0.35714285714285715,0.6428571428571428
roman yushko,vitalii sydorenko,22,4,4.090909090909091,76.5909090909091,2025-04-16 15:25:00,0.18181818181818182,0.8181818181818181
roman zaporozhets,serhii maliuk,54,16,4.148148148148148,76.0,2025-03-18 12:00:00,0.2962962962962963,0.7037037037037037
roman zaporozhets,serhii miroshnychenko,54,20,3.925925925925926,72.25925925925925,2025-02-18 09:00:00,0.37037037037037035,0.6296296296296297
roman zaporozhets,serhii priadko,86,23,4.104651162790698,76.68604651162791,2025-03-22 06:30:00,0.26744186046511625,0.7325581395348837
roman zaporozhets,viktor ziakun,52,18,3.980769230769231,74.17307692307692,2025-03-22 08:00:00,0.34615384615384615,0.6538461538461539
roman zholubak,vasily verbyany,190,51,4.036842105263158,75.17894736842105,2025-12-30 06:05:00,0.26842105263157895,0.7315789473684211
roman zholubak,vitalii levshyn,249,101,3.7991967871485945,70.18473895582329,2026-04-18 06:20:00,0.40562248995983935,0.5943775100401607
roman zholubak,yevhen masko,25,12,3.76,70.32,2025-07-25 08:20:00,0.48,0.52
roman zholubak,yevhenii honchar,45,13,3.933333333333333,72.55555555555556,2025-01-03 08:50:00,0.28888888888888886,0.7111111111111111
rostislav novosad,vit kilian,26,7,4.076923076923077,75.0,2025-01-29 09:28:24,0.2692307692307692,0.7307692307692308
rostyslav fedyna,volodymyr ivasiv,37,11,4.054054054054054,71.8108108108108,2024-09-23 10:05:00,0.2972972972972973,0.7027027027027026
rostyslav fedyna,yaroslav tebenko,60,18,4.083333333333333,75.48333333333333,2024-09-23 08:05:00,0.3,0.7
rostyslav fylypiv,ruslan andrishak,26,9,3.730769230769231,67.38461538461539,2025-07-06 09:25:00,0.34615384615384615,0.6538461538461539
rostyslav fylypiv,serhii kryvoshyi,51,18,3.823529411764706,67.86274509803921,2025-07-11 11:25:00,0.35294117647058826,0.6470588235294117
rostyslav fylypiv,serhii prus,20,6,3.95,71.5,2025-07-11 07:25:00,0.3,0.7
rostyslav fylypiv,volodymyr ivasiv,74,24,4.0,74.56756756756756,2025-05-25 09:25:00,0.32432432432432434,0.6756756756756757
ruslan andrishak,serhii kryvoshyi,20,8,3.8,69.4,2026-02-21 10:25:00,0.4,0.6
ruslan andrishak,volodymyr ivasiv,21,5,4.142857142857143,78.95238095238095,2025-11-16 11:55:00,0.23809523809523808,0.7619047619047619
ruslan dereha,serhii balabei,20,5,3.95,72.6,2024-06-26 17:00:00,0.25,0.75
ruslan dereha,serhii kiilo,20,1,4.5,83.3,2024-06-19 17:00:00,0.05,0.95
ruslan haiseniuk,serhii berezynskyi,69,22,4.0144927536231885,75.47826086956522,2026-02-13 21:00:00,0.3188405797101449,0.6811594202898551
ruslan haiseniuk,serhii kalenyk,28,10,4.035714285714286,76.39285714285714,2026-04-12 04:35:00,0.35714285714285715,0.6428571428571428
ruslan haiseniuk,valerii vlasenko,107,30,4.0,73.30841121495327,2026-04-18 02:00:00,0.2803738317757009,0.719626168224299
ruslan haiseniuk,viktor slozka,20,12,3.55,66.8,2025-09-27 00:00:00,0.6,0.4
ruslan haiseniuk,vitalii boyko,147,36,4.061224489795919,76.08843537414965,2026-04-18 00:30:00,0.24489795918367346,0.7551020408163265
ruslan haiseniuk,vitaliy zharskiy,33,14,3.757575757575758,69.78787878787878,2025-08-10 04:35:00,0.42424242424242425,0.5757575757575757
ruslan haiseniuk,volodymyr plishylo,41,13,3.926829268292683,71.02439024390245,2026-04-17 23:00:00,0.3170731707317073,0.6829268292682926
ruslan haiseniuk,yaroslav kravets,23,10,3.8260869565217392,70.30434782608695,2025-11-23 11:05:00,0.43478260869565216,0.5652173913043479
ruslan novak,vladyslav kovalchuk,76,24,3.9473684210526314,73.34210526315789,2026-03-09 06:05:00,0.3157894736842105,0.6842105263157895
ruslan novak,volodymyr ivasiv,73,25,3.9863013698630136,74.10958904109589,2026-04-20 06:35:00,0.3424657534246575,0.6575342465753424
ruslan novak,yaroslav tebenko,24,5,4.291666666666667,79.58333333333333,2026-02-15 02:30:00,0.20833333333333334,0.7916666666666666
ruslan novak,yaroslav vorsulyak,20,3,4.05,77.15,2026-04-06 08:35:00,0.15,0.85
ruslan novak,yurii parahailo,83,32,3.8313253012048194,71.4578313253012,2026-04-20 09:35:00,0.3855421686746988,0.6144578313253012
ruslan serhyenko,valentyn chumak,62,18,4.064516129032258,75.80645161290323,2026-04-14 15:35:00,0.2903225806451613,0.7096774193548387
ruslan serhyenko,viktor sharpay,30,12,3.8666666666666667,73.5,2025-03-18 15:05:00,0.4,0.6
ruslan serhyenko,vitalii husiev,63,22,3.9682539682539684,73.34920634920636,2026-04-02 13:55:00,0.3492063492063492,0.6507936507936508
ruslan serhyenko,vitalii kaganovych,68,19,4.117647058823529,76.3970588235294,2026-04-14 12:35:00,0.27941176470588236,0.7205882352941176
ruslan serhyenko,vitalii peltek,30,9,4.133333333333334,77.86666666666666,2024-08-12 13:35:00,0.3,0.7
ruslan serhyenko,vitalii ryndia,79,22,4.113924050632911,75.65822784810126,2025-04-03 14:55:00,0.27848101265822783,0.7215189873417722
ruslan serhyenko,vitalii sydorenko,141,36,4.177304964539007,78.09929078014184,2026-04-16 16:35:00,0.2553191489361702,0.7446808510638299
ruslan serhyenko,volodymyr hainiuk,131,40,4.0458015267175576,74.64885496183206,2026-04-14 14:05:00,0.3053435114503817,0.6946564885496183
ruslan serhyenko,yevhen bielokon,65,22,3.9076923076923076,72.33846153846154,2026-04-16 13:05:00,0.3384615384615385,0.6615384615384615
ruslan serhyenko,yurii reva,66,19,3.9545454545454546,73.3030303030303,2025-04-01 18:25:00,0.2878787878787879,0.7121212121212122
ruslan yaremenko,serhii chuliukov,57,16,4.052631578947368,75.54385964912281,2025-12-18 15:25:00,0.2807017543859649,0.7192982456140351
ruslan yaremenko,serhii khandetskyi,23,9,3.9130434782608696,74.69565217391305,2025-06-19 15:25:00,0.391304347826087,0.6086956521739131
ruslan yaremenko,serhii pitsyk,43,16,3.9302325581395348,72.90697674418605,2025-12-18 02:05:00,0.37209302325581395,0.627906976744186
ruslan yaremenko,vitalii kobets,68,12,4.279411764705882,81.20588235294117,2025-12-18 21:25:00,0.17647058823529413,0.8235294117647058
ruslan yaremenko,volodymyr hainiuk,22,5,4.136363636363637,80.95454545454545,2025-08-26 19:35:00,0.22727272727272727,0.7727272727272727
ruslan yaremenko,yaroslav stepanchuk,59,19,3.9322033898305087,72.76271186440678,2025-11-11 03:35:00,0.3220338983050847,0.6779661016949152
ruslan yaremenko,yevhen bielokon,31,8,4.032258064516129,76.48387096774194,2025-08-19 16:35:00,0.25806451612903225,0.7419354838709677
ruslan yaremenko,yevhenii sokoltsov,86,30,3.9069767441860463,72.33720930232558,2025-12-18 19:25:00,0.3488372093023256,0.6511627906976745
samuel koscelansky,tomas hucko,23,8,3.9130434782608696,73.21739130434783,2025-11-29 13:25:08,0.34782608695652173,0.6521739130434783
sergii skhabitskiy,serhii lyzohub,92,30,4.021739130434782,72.30434782608695,2026-03-18 06:05:00,0.32608695652173914,0.6739130434782609
sergii skhabitskiy,stefan yakimenko,22,11,3.772727272727273,69.54545454545455,2026-04-19 19:20:00,0.5,0.5
sergii skhabitskiy,valerii kolesnykov,83,18,4.192771084337349,76.49397590361446,2026-04-16 08:00:00,0.21686746987951808,0.7831325301204819
sergii skhabitskiy,valeriy kolesnykov,25,8,3.96,74.16,2025-01-02 11:40:00,0.32,0.6799999999999999
sergii skhabitskiy,vasiliy smyk,123,32,4.040650406504065,75.8780487804878,2026-04-14 15:10:00,0.2601626016260163,0.7398373983739837
sergii skhabitskiy,vasily kondratenko,118,31,4.076271186440678,77.05084745762711,2026-04-05 17:50:00,0.2627118644067797,0.7372881355932204
sergii skhabitskiy,volodymyr melnykov,89,27,3.9775280898876404,74.35955056179775,2026-03-12 17:40:00,0.30337078651685395,0.696629213483146
sergii skhabitskiy,yaroslav kovshun,29,13,3.8620689655172415,71.79310344827586,2024-08-11 16:50:00,0.4482758620689655,0.5517241379310345
sergii skhabitskiy,zdrobylko bohdan,34,9,4.117647058823529,75.79411764705883,2026-04-12 09:20:00,0.2647058823529412,0.7352941176470589
serhii aristarkhov,serhii chuhai,52,24,3.75,68.15384615384616,2025-11-13 14:00:00,0.46153846153846156,0.5384615384615384
serhii aristarkhov,serhii miroshnychenko,59,22,3.9152542372881354,71.54237288135593,2026-04-04 13:00:00,0.3728813559322034,0.6271186440677966
serhii aristarkhov,volodymyr tatarnykov,164,51,3.975609756097561,74.25,2026-04-19 10:30:00,0.31097560975609756,0.6890243902439024
serhii balabei,serhii kiilo,100,27,4.04,77.46,2026-04-20 15:00:00,0.27,0.73
serhii balabei,serhii kushnirenko,47,19,3.851063829787234,73.2127659574468,2026-04-20 14:00:00,0.40425531914893614,0.5957446808510638
serhii balabei,serhii ponomarenko,170,92,3.6294117647058823,65.31176470588235,2026-04-19 17:09:54,0.5411764705882353,0.45882352941176474
serhii balabei,vadim komar,167,35,4.161676646706587,79.21556886227545,2026-03-13 14:30:00,0.20958083832335328,0.7904191616766467
serhii balabei,vadym kononenko,38,15,3.8421052631578947,73.44736842105263,2025-10-21 16:00:00,0.39473684210526316,0.6052631578947368
serhii baranskyi,vladyslav stukalov,32,9,4.0,73.59375,2026-03-15 15:10:00,0.28125,0.71875
serhii berezynskyi,valerii vlasenko,77,31,3.7662337662337664,70.27272727272727,2026-01-18 10:05:00,0.4025974025974026,0.5974025974025974
serhii berezynskyi,viktor slozka,36,14,3.861111111111111,69.80555555555556,2025-10-02 08:35:00,0.3888888888888889,0.6111111111111112
serhii berezynskyi,vitalii boyko,81,24,3.9753086419753085,75.32098765432099,2026-02-14 19:05:00,0.2962962962962963,0.7037037037037037
serhii berezynskyi,vitaliy zharskiy,74,32,3.810810810810811,67.87837837837837,2025-10-02 10:35:00,0.43243243243243246,0.5675675675675675
serhii berezynskyi,volodymyr plishylo,25,9,4.0,71.88,2025-11-15 19:05:00,0.36,0.64
serhii boiko,serhii ponomarenko,21,3,4.380952380952381,81.42857142857143,2024-10-15 08:00:00,0.14285714285714285,0.8571428571428572
serhii chelpanov,spartak abalmaz,136,37,4.0,73.5220588235294,2026-02-05 16:25:00,0.27205882352941174,0.7279411764705883
serhii chelpanov,yevhenii kryvorotko,47,11,4.0638297872340425,74.95744680851064,2026-04-17 16:25:00,0.23404255319148937,0.7659574468085106
serhii chuhai,serhii miroshnychenko,29,11,3.8275862068965516,68.65517241379311,2026-04-20 11:30:00,0.3793103448275862,0.6206896551724138
serhii chuliukov,serhii khandetskyi,109,27,4.155963302752293,78.93577981651376,2026-04-01 03:05:00,0.24770642201834864,0.7522935779816513
serhii chuliukov,serhii pitsyk,55,15,4.0181818181818185,77.0909090909091,2026-04-19 22:05:00,0.2727272727272727,0.7272727272727273
serhii chuliukov,viktor sharpay,35,10,3.942857142857143,72.91428571428571,2026-01-06 03:35:00,0.2857142857142857,0.7142857142857143
serhii chuliukov,vitalii kobets,93,24,4.043010752688172,75.24731182795699,2026-04-01 01:05:00,0.25806451612903225,0.7419354838709677
serhii chuliukov,yevhenii sokoltsov,91,26,4.087912087912088,77.58241758241758,2026-04-20 21:05:00,0.2857142857142857,0.7142857142857143
serhii honcharenko,valentyn kurliuk,27,9,3.925925925925926,72.55555555555556,2026-04-20 09:30:00,0.3333333333333333,0.6666666666666667
serhii honcharenko,vasyl matviichuk,201,58,3.9502487562189055,73.27860696517413,2026-02-16 11:35:00,0.2885572139303483,0.7114427860696517
serhii honcharenko,viacheslav simchuk,40,12,4.05,75.85,2026-03-26 11:28:33,0.3,0.7
serhii honcharenko,viacheslav yarovyi,33,8,4.03030303030303,76.0,2025-09-07 17:30:00,0.24242424242424243,0.7575757575757576
serhii honcharenko,vihen saakian,22,7,4.045454545454546,73.5909090909091,2026-04-20 06:00:00,0.3181818181818182,0.6818181818181819
serhii honcharenko,viktor hyriavyi,119,37,3.966386554621849,73.27731092436974,2026-03-27 06:30:00,0.31092436974789917,0.6890756302521008
serhii honcharenko,volodymyr khyzhnyak,20,8,3.8,70.6,2026-04-16 05:30:00,0.4,0.6
serhii honcharenko,yurii urezchenko,162,49,3.993827160493827,74.4320987654321,2026-03-30 06:00:00,0.30246913580246915,0.6975308641975309
serhii honcharenko,yurii zvolynskyi,61,14,4.245901639344262,80.45901639344262,2026-03-26 10:00:00,0.22950819672131148,0.7704918032786885
serhii hovorunets,serhii semenets,67,20,4.08955223880597,74.53731343283582,2026-03-19 08:50:00,0.29850746268656714,0.7014925373134329
serhii hovorunets,serhii solomko,130,44,3.953846153846154,74.23846153846154,2026-04-16 12:50:00,0.3384615384615385,0.6615384615384615
serhii hovorunets,stefan yakimenko,68,23,3.9705882352941178,73.82352941176471,2026-04-16 07:20:00,0.3382352941176471,0.6617647058823529
serhii hovorunets,vitalii mukhin,67,20,3.985074626865672,73.95522388059702,2025-07-17 05:50:00,0.29850746268656714,0.7014925373134329
serhii hovorunets,volodymyr melnykov,32,11,3.9375,74.375,2025-12-11 08:50:00,0.34375,0.65625
serhii kalenyk,valerii vlasenko,29,6,4.206896551724138,78.58620689655173,2026-04-11 18:05:00,0.20689655172413793,0.7931034482758621
serhii khandetskyi,serhii pitsyk,60,13,4.116666666666666,76.51666666666667,2026-04-16 00:35:00,0.21666666666666667,0.7833333333333333
serhii khandetskyi,viktor sharpay,65,26,3.8153846153846156,70.93846153846154,2026-02-24 00:35:00,0.4,0.6
serhii khandetskyi,yaroslav stepanchuk,57,18,3.982456140350877,73.7719298245614,2026-04-16 03:35:00,0.3157894736842105,0.6842105263157895
serhii khandetskyi,yevhenii sokoltsov,74,25,3.945945945945946,73.0,2026-04-15 03:05:00,0.33783783783783783,0.6621621621621622
serhii kiilo,serhii kushnirenko,22,4,4.318181818181818,79.81818181818181,2026-04-20 16:30:00,0.18181818181818182,0.8181818181818181
serhii kiilo,serhii ponomarenko,28,15,3.607142857142857,69.92857142857143,2026-04-15 12:30:00,0.5357142857142857,0.4642857142857143
serhii kiilo,vadim komar,54,19,3.962962962962963,75.74074074074075,2026-03-02 08:30:00,0.35185185185185186,0.6481481481481481
serhii kiilo,vadym kononenko,27,9,4.037037037037037,74.37037037037037,2025-10-21 15:00:00,0.3333333333333333,0.6666666666666667
serhii kryvoshyi,serhii prus,48,18,3.9791666666666665,72.91666666666667,2026-03-26 09:55:00,0.375,0.625
serhii kryvoshyi,volodymyr dobrovolskyi,21,7,3.9047619047619047,72.14285714285714,2026-04-16 09:55:00,0.3333333333333333,0.6666666666666667
serhii kryvoshyi,volodymyr ivasiv,57,22,3.8596491228070176,71.19298245614036,2026-03-26 05:25:00,0.38596491228070173,0.6140350877192983
serhii kushnirenko,serhii ponomarenko,28,14,3.5357142857142856,64.03571428571429,2026-04-19 14:00:00,0.5,0.5
serhii kyienko,yurii volkov,35,14,3.8,68.05714285714286,2026-04-11 08:05:00,0.4,0.6
serhii lyzohub,serhii semenets,30,6,4.033333333333333,74.4,2025-11-11 11:00:00,0.2,0.8
serhii lyzohub,serhii solomko,29,9,4.0,72.06896551724138,2025-07-22 11:30:00,0.3103448275862069,0.6896551724137931
serhii lyzohub,stefan yakimenko,27,6,4.037037037037037,74.92592592592592,2026-03-04 12:35:00,0.2222222222222222,0.7777777777777778
serhii lyzohub,valerii kolesnykov,42,13,3.9285714285714284,72.11904761904762,2026-03-16 10:05:00,0.30952380952380953,0.6904761904761905
serhii lyzohub,vasily kondratenko,21,6,4.0,73.80952380952381,2025-11-09 13:50:00,0.2857142857142857,0.7142857142857143
serhii lyzohub,volodymyr melnykov,53,13,4.132075471698113,75.79245283018868,2026-03-09 08:05:00,0.24528301886792453,0.7547169811320755
serhii maksymiv,viktor slozka,26,7,4.076923076923077,75.0,2026-02-05 06:05:00,0.2692307692307692,0.7307692307692308
serhii maksymiv,vitaliy zharskiy,52,18,4.019230769230769,74.40384615384616,2026-04-18 21:15:00,0.34615384615384615,0.6538461538461539
serhii maksymiv,volodymyr kaidakov,49,18,3.8979591836734695,72.40816326530613,2025-12-04 12:05:00,0.3673469387755102,0.6326530612244898
serhii maksymiv,volodymyr okopnyi,40,9,4.15,76.425,2025-11-13 08:05:00,0.225,0.775
serhii maliuk,serhii miroshnychenko,75,29,3.8666666666666667,72.49333333333334,2026-04-17 10:00:00,0.38666666666666666,0.6133333333333333
serhii maliuk,serhii priadko,73,26,3.904109589041096,72.0958904109589,2026-01-20 06:30:00,0.3561643835616438,0.6438356164383562
serhii maliuk,viktor ziakun,57,25,3.754385964912281,70.12280701754386,2026-04-08 08:30:00,0.43859649122807015,0.5614035087719298
serhii miroshnychenko,serhii priadko,80,29,3.875,70.75,2026-02-04 05:30:00,0.3625,0.6375
serhii miroshnychenko,viktor ziakun,39,22,3.5128205128205128,63.56410256410256,2026-04-08 10:00:00,0.5641025641025641,0.4358974358974359
serhii miroshnychenko,volodymyr tatarnykov,26,8,4.115384615384615,75.46153846153847,2025-12-06 17:30:00,0.3076923076923077,0.6923076923076923
serhii paksiutov,vadim reva,32,5,4.125,77.125,2026-03-22 14:35:00,0.15625,0.84375
serhii paksiutov,valerii lukianevych,39,14,3.7948717948717947,71.17948717948718,2026-04-05 19:35:00,0.358974358974359,0.641025641025641
serhii paksiutov,volodymyr kruglyak,20,4,4.0,74.5,2026-03-08 16:05:00,0.2,0.8
serhii pitsyk,viktor sharpay,21,5,4.0476190476190474,76.47619047619048,2026-02-17 00:35:00,0.23809523809523808,0.7619047619047619
serhii pitsyk,vitalii kobets,40,14,3.85,71.2,2026-04-16 04:05:00,0.35,0.65
serhii pitsyk,yaroslav stepanchuk,48,7,4.25,80.20833333333333,2026-04-16 02:35:00,0.14583333333333334,0.8541666666666666
serhii pitsyk,yevhenii sokoltsov,47,13,3.978723404255319,73.85106382978724,2026-04-08 21:05:00,0.2765957446808511,0.7234042553191489
serhii ponomarenko,vadim komar,172,93,3.5755813953488373,66.79651162790698,2026-03-13 13:30:00,0.5406976744186046,0.4593023255813954
serhii ponomarenko,vitalii marushchak,21,8,3.9047619047619047,73.47619047619048,2024-05-31 10:30:00,0.38095238095238093,0.6190476190476191
serhii priadko,viktor ziakun,194,64,3.9536082474226806,74.04639175257732,2026-04-19 17:46:50,0.32989690721649484,0.6701030927835052
serhii priadko,vitalii ananiev,40,20,3.625,66.5,2026-04-19 12:00:00,0.5,0.5
serhii prus,vasyl moshovskyi,35,10,4.0285714285714285,73.94285714285714,2026-03-14 18:55:00,0.2857142857142857,0.7142857142857143
serhii prus,vladyslav kovalchuk,21,4,4.190476190476191,76.95238095238095,2025-03-26 11:35:00,0.19047619047619047,0.8095238095238095
serhii prus,volodymyr ivasiv,37,20,3.6216216216216215,66.8108108108108,2026-03-28 18:55:00,0.5405405405405406,0.45945945945945943
serhii prus,yurii parahailo,43,12,4.116279069767442,78.18604651162791,2025-03-03 02:00:00,0.27906976744186046,0.7209302325581395
serhii rak,vitalii boyko,22,8,3.909090909090909,72.22727272727273,2025-12-19 21:30:00,0.36363636363636365,0.6363636363636364
serhii rak,volodymyr plishylo,97,24,4.072164948453608,75.79381443298969,2026-04-09 20:00:00,0.24742268041237114,0.7525773195876289
serhii rak,yaroslav kravets,27,7,4.037037037037037,74.22222222222223,2026-04-18 07:35:00,0.25925925925925924,0.7407407407407407
serhii semenets,serhii solomko,141,43,3.978723404255319,73.61702127659575,2026-04-12 21:50:00,0.3049645390070922,0.6950354609929078
serhii semenets,stefan yakimenko,148,53,4.02027027027027,74.20945945945945,2026-04-12 19:50:00,0.3581081081081081,0.6418918918918919
serhii semenets,vitalii mukhin,25,4,4.08,76.44,2025-10-22 11:05:00,0.16,0.84
serhii semenets,vladyslav stukalov,118,38,3.983050847457627,72.36440677966101,2026-04-20 07:00:00,0.3220338983050847,0.6779661016949152
serhii semenets,volodymyr melnykov,26,7,4.153846153846154,75.65384615384616,2026-04-12 17:50:00,0.2692307692307692,0.7307692307692308
serhii solomko,stefan yakimenko,208,71,3.9903846153846154,74.30288461538461,2026-04-20 10:20:00,0.34134615384615385,0.6586538461538461
serhii solomko,vasiliy smyk,36,10,4.0,72.61111111111111,2025-10-11 19:50:00,0.2777777777777778,0.7222222222222222
serhii solomko,vasily kondratenko,36,11,4.0,74.58333333333333,2026-04-05 16:20:00,0.3055555555555556,0.6944444444444444
serhii solomko,vitalii mukhin,131,34,4.076335877862595,75.52671755725191,2025-07-17 11:50:00,0.2595419847328244,0.7404580152671756
serhii solomko,volodymyr melnykov,93,26,4.010752688172043,74.02150537634408,2026-04-13 10:20:00,0.27956989247311825,0.7204301075268817
spartak abalmaz,vitalii khamurda,56,12,4.232142857142857,78.5,2026-04-07 18:25:00,0.21428571428571427,0.7857142857142857
spartak abalmaz,yevhenii kryvorotko,29,7,4.0344827586206895,73.79310344827586,2026-01-09 18:55:00,0.2413793103448276,0.7586206896551724
spartak abalmaz,yurii kurishchenko,32,6,4.09375,79.78125,2024-11-29 20:35:00,0.1875,0.8125
stefan yakimenko,vasiliy smyk,27,9,3.962962962962963,74.74074074074075,2026-03-01 07:20:00,0.3333333333333333,0.6666666666666667
stefan yakimenko,vasily kondratenko,22,6,4.0,73.63636363636364,2026-02-11 21:50:00,0.2727272727272727,0.7272727272727273
stefan yakimenko,vitalii mukhin,77,28,4.0,73.42857142857143,2025-07-17 07:20:00,0.36363636363636365,0.6363636363636364
stefan yakimenko,vladyslav stukalov,35,9,4.085714285714285,76.34285714285714,2025-11-18 14:10:00,0.2571428571428571,0.7428571428571429
stefan yakimenko,volodymyr melnykov,40,14,3.95,71.225,2026-04-13 09:20:00,0.35,0.65
stepan grygorenko,vasily kondratenko,24,4,4.208333333333333,78.83333333333333,2025-01-28 07:05:00,0.16666666666666666,0.8333333333333334
stepan grygorenko,yaroslav kovshun,65,23,3.8923076923076922,73.9076923076923,2026-01-15 14:10:00,0.35384615384615387,0.6461538461538461
stepan grygorenko,yurii volkov,78,20,4.076923076923077,76.6025641025641,2025-12-19 08:35:00,0.2564102564102564,0.7435897435897436
stepan grygorenko,zdrobylko bohdan,38,7,4.157894736842105,76.5,2025-11-27 18:10:00,0.18421052631578946,0.8157894736842105
stepan rejent,tibor kolenic,43,10,4.186046511627907,79.44186046511628,2026-02-18 18:45:00,0.23255813953488372,0.7674418604651163
stepan rejent,tomas liska,135,14,4.362962962962963,83.21481481481482,2026-04-08 20:00:00,0.1037037037037037,0.8962962962962963
stepan rejent,vojtech grubr,45,5,4.466666666666667,85.86666666666666,2026-04-20 15:15:00,0.1111111111111111,0.8888888888888888
tadeas bertho,zdenek kuksa,33,2,4.363636363636363,83.48484848484848,2026-04-17 06:00:00,0.06060606060606061,0.9393939393939394
tibor kolenic,tomas liska,44,8,4.068181818181818,76.20454545454545,2025-08-25 08:00:00,0.18181818181818182,0.8181818181818181
tomas hlavacek,volodymyr butko,30,9,4.0,75.93333333333334,2025-12-03 08:45:00,0.3,0.7
tomas hlavacek,zdenek sedivy,29,7,4.103448275862069,77.51724137931035,2025-12-19 07:45:00,0.2413793103448276,0.7586206896551724
tomas holik,vaclav coubal,27,4,4.333333333333333,81.62962962962963,2026-01-29 12:00:00,0.14814814814814814,0.8518518518518519
tomas hucko,zdenek vasatko,20,5,4.15,74.3,2026-04-04 14:15:00,0.25,0.75
tomas liska,vojtech grubr,70,8,4.442857142857143,87.0,2026-04-17 06:15:00,0.11428571428571428,0.8857142857142857
tomas podrazsky,viktor kucala,20,3,4.2,81.0,2026-03-13 22:20:00,0.15,0.85
tymofii kasianov,vitalii klymenko,31,11,4.064516129032258,75.48387096774194,2025-12-30 13:00:00,0.3548387096774194,0.6451612903225806
vaclav coubal,vit kilian,21,7,4.0,74.28571428571429,2026-03-13 13:28:54,0.3333333333333333,0.6666666666666667
vadim reva,valentyn chumak,66,15,4.151515151515151,77.66666666666667,2025-11-18 14:35:00,0.22727272727272727,0.7727272727272727
vadim reva,valerii lukianevych,120,38,4.033333333333333,75.3,2026-04-15 17:05:00,0.31666666666666665,0.6833333333333333
vadim reva,viktor leonov,35,12,3.914285714285714,71.68571428571428,2026-03-08 16:35:00,0.34285714285714286,0.6571428571428571
vadim reva,volodymyr kruglyak,63,22,3.9365079365079363,72.7936507936508,2026-04-15 15:05:00,0.3492063492063492,0.6507936507936508
vadym hryban,vasily verbyany,51,11,4.098039215686274,76.49019607843137,2026-04-15 08:05:00,0.21568627450980393,0.7843137254901961
vadym ishchuk,valerii merzlikin,129,30,4.093023255813954,76.3875968992248,2026-04-07 12:20:00,0.23255813953488372,0.7674418604651163
vadym ishchuk,viktor evtodiy,30,10,3.966666666666667,75.6,2025-01-14 06:50:00,0.3333333333333333,0.6666666666666667
vadym ishchuk,volodymyr savoliuk,56,9,4.25,80.25,2026-04-07 07:50:00,0.16071428571428573,0.8392857142857143
vadym ishchuk,yehor riadynskyi,33,13,3.878787878787879,71.48484848484848,2026-04-13 19:50:00,0.3939393939393939,0.6060606060606061
vadym kononenko,valentyn kurliuk,32,13,3.875,70.46875,2025-10-09 13:30:00,0.40625,0.59375
valentyn chumak,valerii lukianevych,76,22,3.973684210526316,73.80263157894737,2025-11-18 15:35:00,0.2894736842105263,0.7105263157894737
valentyn chumak,viktor leonov,21,6,4.190476190476191,76.95238095238095,2025-04-01 13:35:00,0.2857142857142857,0.7142857142857143
valentyn chumak,vitalii husiev,30,9,4.066666666666666,76.1,2026-04-20 16:05:00,0.3,0.7
valentyn chumak,vitalii kaganovych,74,14,4.175675675675675,78.55405405405405,2026-04-20 19:05:00,0.1891891891891892,0.8108108108108107
valentyn chumak,vitalii ryndia,23,9,3.782608695652174,70.52173913043478,2025-04-04 17:05:00,0.391304347826087,0.6086956521739131
valentyn chumak,vitalii sydorenko,74,17,4.148648648648648,76.78378378378379,2026-04-14 17:35:00,0.22972972972972974,0.7702702702702703
valentyn chumak,volodymyr hainiuk,71,17,4.070422535211268,75.43661971830986,2026-04-20 13:35:00,0.23943661971830985,0.7605633802816901
valentyn chumak,yevhen bielokon,51,11,4.03921568627451,75.72549019607843,2026-04-20 15:05:00,0.21568627450980393,0.7843137254901961
valentyn kurliuk,vasyl matviichuk,23,9,3.739130434782609,68.47826086956522,2025-12-23 08:00:00,0.391304347826087,0.6086956521739131
valentyn kurliuk,volodymyr ryzhenko,33,7,4.121212121212121,77.51515151515152,2025-09-21 16:30:00,0.21212121212121213,0.7878787878787878
valentyn lobas,vitalii khamurda,110,46,3.8,71.24545454545455,2026-04-18 22:35:00,0.41818181818181815,0.5818181818181818
valentyn lobas,yan krol,34,10,3.9705882352941178,72.88235294117646,2026-04-19 00:05:00,0.29411764705882354,0.7058823529411764
valentyn lutsenko,yaroslav makovka,32,8,4.21875,80.96875,2024-10-20 05:36:03,0.25,0.75
valerii kolesnykov,vasiliy smyk,23,7,4.043478260869565,73.8695652173913,2026-03-29 12:20:00,0.30434782608695654,0.6956521739130435
valerii kolesnykov,vasily kondratenko,42,12,4.023809523809524,78.23809523809524,2025-11-29 17:20:00,0.2857142857142857,0.7142857142857143
valerii kolesnykov,volodymyr melnykov,41,14,4.024390243902439,76.58536585365853,2026-03-29 11:20:00,0.34146341463414637,0.6585365853658536
valerii kolesnykov,yurii volkov,20,4,4.2,78.4,2026-03-12 12:05:00,0.2,0.8
valerii lukianevych,viktor leonov,35,6,4.2,78.77142857142857,2026-04-05 18:05:00,0.17142857142857143,0.8285714285714285
valerii lukianevych,volodymyr kruglyak,71,25,3.9014084507042255,73.04225352112677,2026-04-15 18:35:00,0.352112676056338,0.647887323943662
valerii merzlikin,viktor evtodiy,54,18,4.074074074074074,75.61111111111111,2025-02-25 11:50:00,0.3333333333333333,0.6666666666666667
valerii merzlikin,volodymyr bilobrov,26,7,4.115384615384615,74.1923076923077,2024-05-12 10:40:00,0.2692307692307692,0.7307692307692308
valerii merzlikin,volodymyr savoliuk,98,33,3.9591836734693877,72.90816326530613,2026-04-07 06:50:00,0.336734693877551,0.6632653061224489
valerii merzlikin,yehor riadynskyi,62,11,4.258064516129032,80.91935483870968,2026-04-17 12:50:00,0.1774193548387097,0.8225806451612903
valerii merzlikin,yevhen skorobahatyi,35,8,3.9714285714285715,74.54285714285714,2026-02-06 10:35:00,0.22857142857142856,0.7714285714285715
valerii romanenko,vitalii ananiev,42,15,3.9047619047619047,73.23809523809524,2026-03-19 13:30:00,0.35714285714285715,0.6428571428571428
valerii romanenko,vitalii klymenko,31,12,3.838709677419355,70.87096774193549,2026-03-20 13:00:00,0.3870967741935484,0.6129032258064516
valerii romanenko,yurii priadko,35,9,4.0285714285714285,74.57142857142857,2026-02-14 08:00:00,0.2571428571428571,0.7428571428571429
valerii vlasenko,viktor slozka,123,28,4.154471544715447,78.95121951219512,2025-11-11 21:30:00,0.22764227642276422,0.7723577235772358
valerii vlasenko,vitalii boyko,120,35,4.158333333333333,79.60833333333333,2026-04-19 09:05:00,0.2916666666666667,0.7083333333333333
valerii vlasenko,vitaliy zharskiy,102,29,4.0588235294117645,76.43137254901961,2025-10-29 01:30:00,0.28431372549019607,0.7156862745098039
valerii vlasenko,volodymyr kaidakov,47,9,4.212765957446808,80.57446808510639,2025-11-12 00:30:00,0.19148936170212766,0.8085106382978724
valerii vlasenko,volodymyr kuzmych,21,6,4.0476190476190474,78.0,2024-11-20 15:35:00,0.2857142857142857,0.7142857142857143
valerii vlasenko,volodymyr plishylo,26,3,4.3076923076923075,79.76923076923077,2026-04-19 11:05:00,0.11538461538461539,0.8846153846153846
valeriy melnik,yevhen masko,315,122,3.7555555555555555,70.72063492063492,2026-04-19 17:55:00,0.3873015873015873,0.6126984126984127
vasil salivonchyk,viktor kodola,23,7,4.0,76.34782608695652,2025-11-08 05:25:00,0.30434782608695654,0.6956521739130435
vasiliy smyk,vasily kondratenko,101,23,4.138613861386139,80.29702970297029,2025-12-28 07:50:00,0.22772277227722773,0.7722772277227723
vasiliy smyk,vitalii mukhin,22,6,3.9545454545454546,73.77272727272727,2025-06-30 10:20:00,0.2727272727272727,0.7272727272727273
vasiliy smyk,volodymyr melnykov,57,9,4.245614035087719,80.59649122807018,2026-03-29 09:20:00,0.15789473684210525,0.8421052631578947
vasiliy smyk,yaroslav kovshun,29,9,4.0344827586206895,76.79310344827586,2024-05-07 17:10:00,0.3103448275862069,0.6896551724137931
vasiliy smyk,zdrobylko bohdan,29,11,4.068965517241379,77.65517241379311,2026-04-19 10:50:00,0.3793103448275862,0.6206896551724138
vasily kondratenko,volodymyr melnykov,40,16,3.925,73.0,2025-08-28 05:00:00,0.4,0.6
vasily kondratenko,yaroslav kovshun,63,20,4.015873015873016,74.06349206349206,2025-02-11 15:50:24,0.31746031746031744,0.6825396825396826
vasily kondratenko,yurii volkov,66,32,3.696969696969697,67.53030303030303,2025-02-11 21:50:00,0.48484848484848486,0.5151515151515151
vasily verbyany,vitalii levshyn,230,94,3.873913043478261,71.12173913043478,2026-04-07 07:35:00,0.40869565217391307,0.5913043478260869
vasyl laskavyi,vitalii klymenko,21,5,3.9523809523809526,74.80952380952381,2026-03-20 14:00:00,0.23809523809523808,0.7619047619047619
vasyl matviichuk,viacheslav simchuk,37,9,4.027027027027027,76.21621621621621,2026-02-11 09:00:00,0.24324324324324326,0.7567567567567568
vasyl matviichuk,viacheslav yarovyi,31,8,4.064516129032258,74.54838709677419,2025-11-28 10:30:00,0.25806451612903225,0.7419354838709677
vasyl matviichuk,viktor hyriavyi,134,39,3.962686567164179,72.05970149253731,2026-04-17 17:40:16,0.291044776119403,0.708955223880597
vasyl matviichuk,volodymyr khyzhnyak,27,7,4.0,72.81481481481481,2026-01-28 08:00:00,0.25925925925925924,0.7407407407407407
vasyl matviichuk,yurii urezchenko,125,39,4.024,74.704,2026-04-15 09:00:00,0.312,0.688
vasyl matviichuk,yurii zvolynskyi,52,16,3.9615384615384617,75.03846153846153,2026-02-11 11:26:59,0.3076923076923077,0.6923076923076923
vasyl moshovskyi,vladyslav kovalchuk,34,9,4.147058823529412,76.70588235294117,2026-04-20 21:00:00,0.2647058823529412,0.7352941176470589
vasyl moshovskyi,yurii parahailo,38,11,3.9210526315789473,73.28947368421052,2026-03-29 19:05:00,0.2894736842105263,0.7105263157894737
viacheslav simchuk,viktor hyriavyi,25,8,4.04,74.36,2026-04-01 08:00:00,0.32,0.6799999999999999
viacheslav simchuk,yurii urezchenko,21,9,3.8095238095238093,72.66666666666667,2025-12-01 09:00:00,0.42857142857142855,0.5714285714285714
viacheslav simchuk,yurii zvolynskyi,93,30,3.956989247311828,71.96774193548387,2026-04-19 10:28:59,0.3225806451612903,0.6774193548387097
viacheslav yarovyi,viktor hyriavyi,33,8,4.787878787878788,103.36363636363636,2025-11-19 15:00:00,0.24242424242424243,0.7575757575757576
viacheslav yarovyi,yurii urezchenko,48,15,3.9583333333333335,74.9375,2025-06-10 06:30:00,0.3125,0.6875
vihen saakian,yurii urezchenko,23,11,3.782608695652174,72.26086956521739,2026-04-15 05:00:00,0.4782608695652174,0.5217391304347826
viktor hyriavyi,volodymyr khyzhnyak,38,8,4.2105263157894735,78.15789473684211,2026-04-13 05:00:00,0.21052631578947367,0.7894736842105263
viktor hyriavyi,yurii urezchenko,89,19,4.134831460674158,76.80898876404494,2026-03-17 07:30:00,0.21348314606741572,0.7865168539325843
viktor hyriavyi,yurii zvolynskyi,26,9,4.038461538461538,74.57692307692308,2026-04-13 10:29:17,0.34615384615384615,0.6538461538461539
viktor kodola,vsevolod kheresko,20,4,4.3,80.95,2026-04-14 14:55:00,0.2,0.8
viktor leonov,volodymyr vasiukov,27,4,4.222222222222222,79.51851851851852,2026-04-19 13:05:00,0.14814814814814814,0.8518518518518519
viktor sharpay,vitalii kaganovych,24,10,3.7916666666666665,70.79166666666667,2025-03-03 16:25:00,0.4166666666666667,0.5833333333333333
viktor sharpay,vitalii kobets,30,13,3.8666666666666667,73.6,2026-01-06 00:05:00,0.43333333333333335,0.5666666666666667
viktor sharpay,vitalii ryndia,28,6,4.214285714285714,77.53571428571429,2025-03-04 17:35:00,0.21428571428571427,0.7857142857142857
viktor sharpay,vitalii sydorenko,25,7,4.12,78.52,2025-03-15 14:05:00,0.28,0.72
viktor sharpay,volodymyr hainiuk,29,9,4.0344827586206895,76.0,2025-04-17 03:05:00,0.3103448275862069,0.6896551724137931
viktor sharpay,yaroslav stepanchuk,44,9,4.204545454545454,79.36363636363636,2026-02-24 02:05:00,0.20454545454545456,0.7954545454545454
viktor sharpay,yurii reva,26,9,3.8846153846153846,73.34615384615384,2025-03-18 13:35:00,0.34615384615384615,0.6538461538461539
viktor slozka,vitalii boyko,27,10,3.888888888888889,71.85185185185185,2025-09-26 20:30:00,0.37037037037037035,0.6296296296296297
viktor slozka,vitaliy zharskiy,91,28,4.054945054945055,75.93406593406593,2026-02-05 07:05:00,0.3076923076923077,0.6923076923076923
viktor slozka,volodymyr kaidakov,186,47,4.102150537634409,77.70430107526882,2026-04-17 05:35:00,0.25268817204301075,0.7473118279569892
viktor slozka,volodymyr kuzmych,65,20,4.046153846153846,76.58461538461539,2024-12-04 14:05:00,0.3076923076923077,0.6923076923076923
viktor slozka,volodymyr okopnyi,83,20,4.108433734939759,77.6987951807229,2026-04-20 23:15:00,0.24096385542168675,0.7590361445783133
viktor slozka,yaroslav vorsulyak,25,8,4.04,75.0,2026-03-25 22:00:00,0.32,0.6799999999999999
viktor ziakun,vitalii ananiev,41,15,3.8536585365853657,71.29268292682927,2026-04-19 16:00:00,0.36585365853658536,0.6341463414634146
vitalii ananiev,vitalii klymenko,90,30,3.9555555555555557,73.44444444444444,2026-03-19 18:06:39,0.3333333333333333,0.6666666666666667
vitalii ananiev,yurii priadko,84,26,3.9642857142857144,72.67857142857143,2026-04-05 13:00:00,0.30952380952380953,0.6904761904761905
vitalii boyko,vitaliy zharskiy,48,21,3.7291666666666665,70.25,2025-03-09 11:35:00,0.4375,0.5625
vitalii boyko,volodymyr plishylo,56,13,3.982142857142857,74.53571428571429,2026-04-19 04:35:00,0.23214285714285715,0.7678571428571428
vitalii boyko,yaroslav kravets,21,8,3.619047619047619,66.42857142857143,2025-11-23 05:35:00,0.38095238095238093,0.6190476190476191
vitalii husiev,vitalii kaganovych,38,11,4.078947368421052,75.44736842105263,2026-04-20 18:05:00,0.2894736842105263,0.7105263157894737
vitalii husiev,vitalii kobets,25,5,4.2,78.44,2024-03-12 00:35:00,0.2,0.8
vitalii husiev,vitalii ryndia,24,14,3.5416666666666665,66.70833333333333,2024-11-28 14:05:00,0.5833333333333334,0.41666666666666663
vitalii husiev,vitalii sydorenko,78,18,4.256410256410256,78.55128205128206,2026-04-16 14:35:00,0.23076923076923078,0.7692307692307692
vitalii husiev,volodymyr hainiuk,128,32,4.1328125,77.59375,2026-04-20 19:35:00,0.25,0.75
vitalii husiev,yevhen bielokon,57,11,4.2631578947368425,80.80701754385964,2026-04-20 13:05:00,0.19298245614035087,0.8070175438596492
vitalii husiev,yevhenii sokoltsov,37,8,4.081081081081081,75.4054054054054,2024-05-21 02:35:00,0.21621621621621623,0.7837837837837838
vitalii husiev,yurii reva,36,8,4.111111111111111,77.47222222222223,2024-11-25 17:05:00,0.2222222222222222,0.7777777777777778
vitalii kaganovych,vitalii ryndia,45,7,4.177777777777778,77.66666666666667,2025-04-04 15:35:00,0.15555555555555556,0.8444444444444444
vitalii kaganovych,vitalii sydorenko,75,28,3.88,72.32,2026-04-14 16:35:00,0.37333333333333335,0.6266666666666667
vitalii kaganovych,volodymyr hainiuk,84,31,3.9047619047619047,73.27380952380952,2026-04-20 14:35:00,0.36904761904761907,0.6309523809523809
vitalii kaganovych,yevhen bielokon,53,13,3.943396226415094,72.90566037735849,2026-04-20 16:35:00,0.24528301886792453,0.7547169811320755
vitalii khamurda,volodymyr vysotskyi,26,11,3.769230769230769,69.3076923076923,2024-12-31 01:25:00,0.4230769230769231,0.5769230769230769
vitalii khamurda,yan krol,31,12,3.806451612903226,71.19354838709677,2026-04-19 04:05:00,0.3870967741935484,0.6129032258064516
vitalii klymenko,yurii priadko,72,23,3.9166666666666665,71.01388888888889,2026-03-07 05:30:00,0.3194444444444444,0.6805555555555556
vitalii kobets,yaroslav stepanchuk,43,13,4.046511627906977,74.55813953488372,2026-04-15 23:05:00,0.3023255813953488,0.6976744186046512
vitalii kobets,yevhenii sokoltsov,80,24,4.025,74.15,2026-04-14 23:35:00,0.3,0.7
vitalii korniichuk,vladyslav stukalov,39,10,4.102564102564102,76.56410256410257,2026-04-20 09:00:00,0.2564102564102564,0.7435897435897436
vitalii mukhin,volodymyr melnykov,48,15,3.9791666666666665,72.54166666666667,2025-05-08 11:50:00,0.3125,0.6875
vitalii peltek,vitalii ryndia,39,11,3.9743589743589745,75.17948717948718,2024-08-13 14:05:00,0.28205128205128205,0.717948717948718
vitalii peltek,vitalii sydorenko,32,10,3.96875,73.3125,2024-08-13 18:35:00,0.3125,0.6875
vitalii peltek,yurii reva,34,12,4.117647058823529,77.67647058823529,2024-08-13 15:35:00,0.35294117647058826,0.6470588235294117
vitalii ryndia,vitalii sydorenko,81,25,3.9876543209876543,73.8395061728395,2025-04-04 12:35:00,0.30864197530864196,0.691358024691358
vitalii ryndia,volodymyr hainiuk,52,21,3.8461538461538463,72.25,2025-02-27 16:35:00,0.40384615384615385,0.5961538461538461
vitalii ryndia,yurii reva,78,24,4.038461538461538,76.2051282051282,2025-03-04 18:35:00,0.3076923076923077,0.6923076923076923
vitalii s marushchak,vladimir voronenko,45,16,3.933333333333333,73.08888888888889,2026-04-20 15:10:00,0.35555555555555557,0.6444444444444444
vitalii s marushchak,vladyslav mishchenko,37,11,3.945945945945946,75.94594594594595,2026-04-13 13:10:00,0.2972972972972973,0.7027027027027026
vitalii sydorenko,volodymyr hainiuk,145,42,4.048275862068966,75.60689655172413,2026-04-14 13:05:00,0.2896551724137931,0.7103448275862069
vitalii sydorenko,yevhen bielokon,60,18,4.033333333333333,75.3,2026-04-16 18:05:00,0.3,0.7
vitalii sydorenko,yurii reva,91,23,4.065934065934066,75.13186813186813,2025-03-11 17:35:00,0.25274725274725274,0.7472527472527473
vitaliy zharskiy,volodymyr kaidakov,37,18,3.7567567567567566,69.08108108108108,2025-12-04 08:05:00,0.4864864864864865,0.5135135135135135
vladimir voronenko,vladyslav mishchenko,72,21,3.986111111111111,74.58333333333333,2026-04-10 13:40:00,0.2916666666666667,0.7083333333333333
vladislav dotsenko,volodymyr butko,25,6,4.0,77.56,2026-03-06 08:45:00,0.24,0.76
vladislav dotsenko,zdenek sedivy,22,0,4.454545454545454,87.86363636363636,2026-04-12 18:30:00,0.0,1.0
vladyslav kovalchuk,volodymyr ivasiv,101,29,4.02970297029703,74.8019801980198,2026-03-30 07:05:00,0.2871287128712871,0.7128712871287128
vladyslav kovalchuk,volodymyr korobko,44,15,3.9318181818181817,72.81818181818181,2026-04-17 00:45:00,0.3409090909090909,0.6590909090909092
vladyslav kovalchuk,yaroslav tebenko,52,16,4.019230769230769,74.9423076923077,2026-04-21 00:30:00,0.3076923076923077,0.6923076923076923
vladyslav kovalchuk,yaroslav vorsulyak,73,16,4.123287671232877,77.21917808219177,2026-01-02 07:35:00,0.2191780821917808,0.7808219178082192
vladyslav kovalchuk,yurii parahailo,134,43,4.0,75.03731343283582,2026-03-30 10:35:00,0.3208955223880597,0.6791044776119404
vladyslav stukalov,yevhenii korotin,27,5,4.185185185185185,76.74074074074075,2026-04-19 17:10:00,0.18518518518518517,0.8148148148148149
volodymyr bilobrov,yaroslav makovka,25,6,4.2,79.08,2026-03-08 11:00:00,0.24,0.76
volodymyr bilobrov,yevhen skorobahatyi,21,7,3.9047619047619047,75.14285714285714,2025-09-07 04:30:00,0.3333333333333333,0.6666666666666667
volodymyr butko,zdenek sedivy,48,5,4.416666666666667,83.10416666666667,2026-02-02 20:15:00,0.10416666666666667,0.8958333333333334
volodymyr hainiuk,yevhen bielokon,81,24,3.9876543209876543,74.91358024691358,2026-04-20 17:35:00,0.2962962962962963,0.7037037037037037
volodymyr hainiuk,yevhenii sokoltsov,23,9,3.782608695652174,69.47826086956522,2025-04-16 22:35:00,0.391304347826087,0.6086956521739131
volodymyr hainiuk,yurii reva,85,27,3.9411764705882355,73.3529411764706,2025-04-01 14:25:00,0.3176470588235294,0.6823529411764706
volodymyr ivasiv,volodymyr kaidakov,24,3,4.5,84.875,2026-01-23 08:05:00,0.125,0.875
volodymyr ivasiv,volodymyr korobko,148,55,3.864864864864865,72.55405405405405,2026-04-12 02:00:00,0.3716216216216216,0.6283783783783784
volodymyr ivasiv,volodymyr okopnyi,78,20,4.1923076923076925,81.57692307692308,2026-02-06 10:05:00,0.2564102564102564,0.7435897435897436
volodymyr ivasiv,yaroslav tebenko,80,22,4.0625,75.3125,2026-02-15 01:00:00,0.275,0.725
volodymyr ivasiv,yaroslav vorsulyak,100,22,4.01,73.95,2026-04-13 10:05:00,0.22,0.78
volodymyr ivasiv,yurii parahailo,126,35,4.007936507936508,74.21428571428571,2026-04-20 08:35:00,0.2777777777777778,0.7222222222222222
volodymyr kaidakov,volodymyr korobko,61,16,4.016393442622951,77.98360655737704,2025-12-30 23:30:00,0.26229508196721313,0.7377049180327868
volodymyr kaidakov,volodymyr kuzmych,48,15,4.0,75.10416666666667,2025-08-07 15:35:00,0.3125,0.6875
volodymyr kaidakov,volodymyr okopnyi,189,43,4.216931216931217,81.37037037037037,2026-04-17 09:05:00,0.2275132275132275,0.7724867724867726
volodymyr kaidakov,yaroslav vorsulyak,45,10,4.177777777777778,81.95555555555555,2026-03-25 23:00:00,0.2222222222222222,0.7777777777777778
volodymyr khyzhnyak,yurii urezchenko,39,9,4.205128205128205,79.8974358974359,2026-03-23 11:03:44,0.23076923076923078,0.7692307692307692
volodymyr korobko,volodymyr okopnyi,117,44,3.9914529914529915,75.87179487179488,2025-12-31 01:30:00,0.37606837606837606,0.6239316239316239
volodymyr korobko,yaroslav tebenko,49,19,3.8979591836734695,72.48979591836735,2026-04-21 02:00:00,0.3877551020408163,0.6122448979591837
volodymyr korobko,yaroslav vorsulyak,28,11,3.857142857142857,69.25,2026-03-26 21:15:00,0.39285714285714285,0.6071428571428572
volodymyr korobko,yurii parahailo,47,22,3.723404255319149,68.63829787234043,2026-04-12 00:00:00,0.46808510638297873,0.5319148936170213
volodymyr kuzmych,volodymyr okopnyi,26,8,4.076923076923077,79.38461538461539,2025-08-07 13:05:00,0.3076923076923077,0.6923076923076923
volodymyr okopnyi,yaroslav vorsulyak,75,24,4.133333333333334,81.0,2026-04-10 06:05:00,0.32,0.6799999999999999
volodymyr plishylo,yaroslav kravets,43,7,4.255813953488372,81.67441860465117,2026-03-28 11:35:00,0.16279069767441862,0.8372093023255813
volodymyr savoliuk,yehor riadynskyi,32,7,4.09375,76.0625,2026-04-20 21:50:00,0.21875,0.78125
yan krol,yaroslav buberenko,20,5,4.2,78.55,2024-09-14 22:05:00,0.25,0.75
yaroslav kovshun,yaroslav makovka,25,9,3.88,71.48,2026-01-11 06:00:00,0.36,0.64
yaroslav kovshun,yurii volkov,181,55,4.027624309392265,74.92817679558011,2026-04-15 10:30:00,0.30386740331491713,0.6961325966850829
yaroslav kovshun,zdrobylko bohdan,63,18,4.158730158730159,87.61904761904762,2025-11-22 09:20:00,0.2857142857142857,0.7142857142857143
yaroslav stepanchuk,yevhen bielokon,29,13,3.8275862068965516,74.62068965517241,2024-07-01 03:05:00,0.4482758620689655,0.5517241379310345
yaroslav stepanchuk,yevhenii sokoltsov,75,28,3.933333333333333,74.06666666666666,2026-03-26 23:55:00,0.37333333333333335,0.6266666666666667
yaroslav tebenko,yaroslav vorsulyak,35,9,4.0,76.17142857142858,2025-11-03 12:05:00,0.2571428571428571,0.7428571428571429
yaroslav tebenko,yurii parahailo,49,14,4.020408163265306,74.48979591836735,2026-02-14 21:00:00,0.2857142857142857,0.7142857142857143
yaroslav vorsulyak,yurii parahailo,81,23,4.074074074074074,75.81481481481481,2026-04-13 06:35:00,0.2839506172839506,0.7160493827160495
yevhen bielokon,yevhenii sokoltsov,42,8,4.238095238095238,80.88095238095238,2024-07-09 00:05:00,0.19047619047619047,0.8095238095238095
yevhenii kryvorotko,yurii kurishchenko,20,4,4.15,78.15,2024-10-13 14:05:00,0.2,0.8
yurii urezchenko,yurii zvolynskyi,22,14,3.4545454545454546,61.04545454545455,2026-03-02 13:00:00,0.6363636363636364,0.36363636363636365
yurii volkov,zdrobylko bohdan,88,25,4.079545454545454,75.04545454545455,2026-02-04 09:05:00,0.2840909090909091,0.7159090909090908
