date,game_id,player,player_id,position,is_pitcher,is_starter,team,opponent,side,singles,doubles,triples,home_runs,plate_appearances,hits,walks,strikeouts,stolen_bases,runs,rbi,hrr,total_bases,innings_pitched,outs,strikeouts_pitching,walks_pitching,hits_allowed,home_runs_allowed,earned_runs,whip,pitches,runs_allowed,k_per_out,k_per_9
2026-03-25,954de5c5-4314-5097-86d2-42c1a2a7d978,Casey Schmitt,e4311142-3ace-57e1-a7f1-cdc5d6796151,1B,False,True,San Francisco Giants,New York Yankees,home,0,0,0,0,4,0,0,0,0,0,0,0,0,,,,,,,,,,,,
2026-03-25,954de5c5-4314-5097-86d2-42c1a2a7d978,JT Brubaker,38205866-ae17-547a-b000-5b6b1cb1e0e7,P,True,False,San Francisco Giants,New York Yankees,home,,,,,,,,,,,,,,2,6,2,1,1,0,0,,22,0,0.3333333333333333,9.0
2026-03-25,954de5c5-4314-5097-86d2-42c1a2a7d978,Heliot Ramos,521d9176-c734-5b63-9285-a4ab783f6edd,LF,False,True,San Francisco Giants,New York Yankees,home,1,0,0,0,4,1,0,2,0,0,0,1,1,,,,,,,,,,,,
2026-03-25,954de5c5-4314-5097-86d2-42c1a2a7d978,Logan Webb,f3fbba67-e293-5bf9-a06b-eeaf8ef74a49,P,True,True,San Francisco Giants,New York Yankees,home,,,,,,,,,,,,,,5,15,7,1,9,0,6,,86,7,0.4666666666666667,12.6
2026-03-25,954de5c5-4314-5097-86d2-42c1a2a7d978,Keaton Winn,99b4c5de-929d-5557-ac30-13ec44ddb0bd,P,True,False,San Francisco Giants,New York Yankees,home,,,,,,,,,,,,,,1,3,2,1,0,0,0,,19,0,0.6666666666666666,18.0
2026-03-25,954de5c5-4314-5097-86d2-42c1a2a7d978,Patrick Bailey,7497fb23-555e-57a8-86b0-f3106d26ac72,C,False,True,San Francisco Giants,New York Yankees,home,0,0,0,0,3,0,0,1,0,0,0,0,0,,,,,,,,,,,,
2026-03-25,954de5c5-4314-5097-86d2-42c1a2a7d978,Matt Chapman,2c47b345-ac3d-53c1-b77e-6c5fa7a469bb,3B,False,True,San Francisco Giants,New York Yankees,home,0,0,0,0,4,0,1,0,0,0,0,0,0,,,,,,,,,,,,
2026-03-25,954de5c5-4314-5097-86d2-42c1a2a7d978,Caleb Kilian,70c33a7e-9125-5928-9ee2-a792ac2793ee,P,True,False,San Francisco Giants,New York Yankees,home,,,,,,,,,,,,,,1,3,1,0,0,0,0,,10,0,0.3333333333333333,9.0
2026-03-25,954de5c5-4314-5097-86d2-42c1a2a7d978,Jung Hoo Lee,5233b094-55d5-5790-9af1-e92aeb0a3f2a,RF,False,True,San Francisco Giants,New York Yankees,home,0,0,0,0,4,0,0,0,0,0,0,0,0,,,,,,,,,,,,
2026-03-25,954de5c5-4314-5097-86d2-42c1a2a7d978,Rafael Devers,c9835c18-6f1f-57cd-a2ff-0ff6d821b16c,DH,False,False,San Francisco Giants,New York Yankees,home,1,0,0,0,4,1,0,0,0,0,0,1,1,,,,,,,,,,,,
2026-03-25,954de5c5-4314-5097-86d2-42c1a2a7d978,Harrison Bader,91a8ec44-ffa8-5211-b6b0-96ba26567032,CF,False,True,San Francisco Giants,New York Yankees,home,0,0,0,0,3,0,0,2,0,0,0,0,0,,,,,,,,,,,,
2026-03-25,954de5c5-4314-5097-86d2-42c1a2a7d978,Willy Adames,78cc8077-60d2-554c-b37f-99c3e17b50a1,SS,False,True,San Francisco Giants,New York Yankees,home,0,0,0,0,4,0,0,1,0,0,0,0,0,,,,,,,,,,,,
2026-03-25,954de5c5-4314-5097-86d2-42c1a2a7d978,Luis Arraez,b0939c49-253b-5c8b-b011-386ee0b6e0bc,2B,False,True,San Francisco Giants,New York Yankees,home,1,0,0,0,4,1,1,0,0,0,0,1,1,,,,,,,,,,,,
2026-03-25,954de5c5-4314-5097-86d2-42c1a2a7d978,José Caballero,3f93b7e1-37f4-53fe-bb17-5a7915995b76,SS,False,True,New York Yankees,San Francisco Giants,away,1,0,0,0,4,1,0,0,0,1,1,3,1,,,,,,,,,,,,
2026-03-25,954de5c5-4314-5097-86d2-42c1a2a7d978,Aaron Judge,e0e52a0f-4e54-5f0c-b584-6ec85c33c7f7,RF,False,True,New York Yankees,San Francisco Giants,away,0,0,0,0,5,0,0,4,0,0,0,0,0,,,,,,,,,,,,
2026-03-25,954de5c5-4314-5097-86d2-42c1a2a7d978,Ryan McMahon,d0d749e6-fb57-548c-9393-e889a94c8291,3B,False,True,New York Yankees,San Francisco Giants,away,1,0,0,0,4,1,1,2,0,1,2,4,1,,,,,,,,,,,,
2026-03-25,954de5c5-4314-5097-86d2-42c1a2a7d978,Austin Wells,2e880dd6-2476-55d3-990b-4d3f66d3f496,C,False,True,New York Yankees,San Francisco Giants,away,2,0,0,0,4,2,1,0,0,1,0,3,2,,,,,,,,,,,,
2026-03-25,954de5c5-4314-5097-86d2-42c1a2a7d978,Ben Rice,f7714f04-8c9d-5c9a-b8bb-0f423271af17,1B,False,True,New York Yankees,San Francisco Giants,away,1,0,0,0,5,1,1,2,0,1,0,2,1,,,,,,,,,,,,
2026-03-25,954de5c5-4314-5097-86d2-42c1a2a7d978,Brent Headrick,bbf3b86d-c5c5-5f37-a0c5-be6d962c31e1,P,True,False,New York Yankees,San Francisco Giants,away,,,,,,,,,,,,,,1,3,1,1,1,0,0,,15,0,0.3333333333333333,9.0
2026-03-25,954de5c5-4314-5097-86d2-42c1a2a7d978,Cody Bellinger,04e3eefb-9d41-548f-ba06-60abe4b82454,LF,False,True,New York Yankees,San Francisco Giants,away,1,0,0,0,5,1,0,2,0,1,0,2,1,,,,,,,,,,,,
2026-03-25,954de5c5-4314-5097-86d2-42c1a2a7d978,Giancarlo Stanton,3d9084cc-f18f-50e5-944a-c1eaa74fa2a2,DH,False,False,New York Yankees,San Francisco Giants,away,2,0,0,0,4,2,0,1,0,1,1,4,2,,,,,,,,,,,,
2026-03-25,954de5c5-4314-5097-86d2-42c1a2a7d978,Jazz Chisholm Jr.,bce3e6ee-1f99-5f80-90fb-c8d538c9d546,2B,False,True,New York Yankees,San Francisco Giants,away,1,0,0,0,4,1,0,0,1,1,0,2,1,,,,,,,,,,,,
2026-03-25,954de5c5-4314-5097-86d2-42c1a2a7d978,Max Fried,b15a3262-815d-5ccd-bdce-d39b2a483637,P,True,True,New York Yankees,San Francisco Giants,away,,,,,,,,,,,,,,6.1,19,4,1,2,0,0,,86,0,0.21052631578947367,5.684210526315789
2026-03-25,954de5c5-4314-5097-86d2-42c1a2a7d978,Jake Bird,d2ef55af-9ebd-515d-b27b-ccb1e987a57a,P,True,False,New York Yankees,San Francisco Giants,away,,,,,,,,,,,,,,0.2,2,1,0,0,0,0,,7,0,0.5,13.5
2026-03-25,954de5c5-4314-5097-86d2-42c1a2a7d978,Camilo Doval,500f93ca-4d1a-5dcb-a2ab-d8efb6dcc204,P,True,False,New York Yankees,San Francisco Giants,away,,,,,,,,,,,,,,1,3,0,0,0,0,0,,13,0,0.0,0.0
2026-03-25,954de5c5-4314-5097-86d2-42c1a2a7d978,Trent Grisham,6c818210-215a-5a0f-94c1-d805ae6b416f,CF,False,True,New York Yankees,San Francisco Giants,away,0,0,1,0,5,1,0,1,0,0,2,3,3,,,,,,,,,,,,
2026-03-26,089f2ff8-4d1a-521d-a068-62668dcc99fc,Bo Bichette,33496f7a-3b83-59ef-b119-01d0d2437f28,3B,False,True,New York Mets,Pittsburgh Pirates,home,0,0,0,0,5,0,0,3,0,0,1,1,0,,,,,,,,,,,,
2026-03-26,089f2ff8-4d1a-521d-a068-62668dcc99fc,Francisco Alvarez,f87397a4-f111-5de9-bdd5-ccb027f66a9c,C,False,True,New York Mets,Pittsburgh Pirates,home,1,0,0,1,5,2,0,0,0,2,1,5,5,,,,,,,,,,,,
2026-03-26,089f2ff8-4d1a-521d-a068-62668dcc99fc,Tobias Myers,c08513fe-42b7-58d5-9c38-93726a5d42a5,P,True,False,New York Mets,Pittsburgh Pirates,home,,,,,,,,,,,,,,3,9,1,0,1,1,1,,39,1,0.1111111111111111,3.0
2026-03-26,089f2ff8-4d1a-521d-a068-62668dcc99fc,Brett Baty,aa321d05-4b90-5b2d-823f-5fe77a11ec6c,DH,False,False,New York Mets,Pittsburgh Pirates,home,0,0,1,0,5,1,0,2,0,1,3,5,3,,,,,,,,,,,,
2026-03-26,089f2ff8-4d1a-521d-a068-62668dcc99fc,Carson Benge,631e3061-0f1e-5f0c-b1d3-ebbdfd16f053,RF,False,True,New York Mets,Pittsburgh Pirates,home,0,0,0,1,5,1,2,2,1,2,1,4,4,,,,,,,,,,,,
2026-03-26,089f2ff8-4d1a-521d-a068-62668dcc99fc,Marcus Semien,ea54830a-4412-565e-8199-20eca49f0dd0,2B,False,True,New York Mets,Pittsburgh Pirates,home,1,1,0,0,5,2,0,1,0,0,1,3,3,,,,,,,,,,,,
2026-03-26,089f2ff8-4d1a-521d-a068-62668dcc99fc,Freddy Peralta,2d596cce-160a-5447-a2e5-5747d5c22a77,P,True,True,New York Mets,Pittsburgh Pirates,home,,,,,,,,,,,,,,5,15,7,0,6,2,4,,80,4,0.4666666666666667,12.6
2026-03-26,089f2ff8-4d1a-521d-a068-62668dcc99fc,Francisco Lindor,027d2171-f1d0-509a-ba45-6add806d11b3,SS,False,True,New York Mets,Pittsburgh Pirates,home,0,0,0,0,5,0,3,0,0,3,0,3,0,,,,,,,,,,,,
2026-03-26,089f2ff8-4d1a-521d-a068-62668dcc99fc,Juan Soto,c49ab650-1d5f-5066-83e1-ff734f609942,LF,False,True,New York Mets,Pittsburgh Pirates,home,2,0,0,0,5,2,1,0,0,1,1,4,2,,,,,,,,,,,,
2026-03-26,089f2ff8-4d1a-521d-a068-62668dcc99fc,Jorge Polanco,ba2c9110-367c-5ea1-afd1-bbfc264fde7c,1B,False,True,New York Mets,Pittsburgh Pirates,home,1,0,0,0,5,1,2,1,0,1,1,3,1,,,,,,,,,,,,
2026-03-26,089f2ff8-4d1a-521d-a068-62668dcc99fc,Luis García,baa208d8-722e-5538-8130-3d9bc63869a0,P,True,False,New York Mets,Pittsburgh Pirates,home,,,,,,,,,,,,,,1,3,2,0,3,0,2,,20,2,0.6666666666666666,18.0
2026-03-26,089f2ff8-4d1a-521d-a068-62668dcc99fc,Luis Robert Jr.,05a8b0c4-5ecd-5186-a573-bcc4d6072f9b,CF,False,True,New York Mets,Pittsburgh Pirates,home,2,0,0,0,5,2,1,1,0,1,2,5,2,,,,,,,,,,,,
2026-03-26,089f2ff8-4d1a-521d-a068-62668dcc99fc,Paul Skenes,f3321636-a860-5fa2-9744-03cf78378efd,P,True,True,Pittsburgh Pirates,New York Mets,away,,,,,,,,,,,,,,0.2,2,1,2,4,0,5,,37,5,0.5,13.5
2026-03-26,089f2ff8-4d1a-521d-a068-62668dcc99fc,Spencer Horwitz,d94f34aa-a84a-53a8-b552-cc31e58a6ff4,1B,False,True,Pittsburgh Pirates,New York Mets,away,0,0,0,0,4,0,0,1,0,0,0,0,0,,,,,,,,,,,,
2026-03-26,089f2ff8-4d1a-521d-a068-62668dcc99fc,Brandon Lowe,01a36894-6133-59b2-8a70-8948f1acd43b,2B,False,True,Pittsburgh Pirates,New York Mets,away,0,0,0,2,4,2,0,0,0,2,3,7,8,,,,,,,,,,,,
2026-03-26,089f2ff8-4d1a-521d-a068-62668dcc99fc,Bryan Reynolds,141b2899-de5b-5dc9-b9f4-e519b8211bb2,LF,False,True,Pittsburgh Pirates,New York Mets,away,1,0,0,0,4,1,0,2,0,0,0,1,1,,,,,,,,,,,,
2026-03-26,089f2ff8-4d1a-521d-a068-62668dcc99fc,Oneil Cruz,508aae39-e756-5c0b-aceb-61dcb5848fe3,CF,False,True,Pittsburgh Pirates,New York Mets,away,1,0,0,0,5,1,0,3,0,1,0,2,1,,,,,,,,,,,,
2026-03-26,089f2ff8-4d1a-521d-a068-62668dcc99fc,Gregory Soto,b138fbb2-8c7e-57d8-8888-1b12c05f2f78,P,True,False,Pittsburgh Pirates,New York Mets,away,,,,,,,,,,,,,,1,3,2,0,0,0,0,,8,0,0.6666666666666666,18.0
2026-03-26,089f2ff8-4d1a-521d-a068-62668dcc99fc,Mason Montgomery,bf255648-f3aa-5cc8-887d-d43df9b2d453,P,True,False,Pittsburgh Pirates,New York Mets,away,,,,,,,,,,,,,,1.1,4,2,3,1,0,2,,42,2,0.5,13.5
2026-03-26,089f2ff8-4d1a-521d-a068-62668dcc99fc,Jared Triolo,b3830745-d362-5cb9-9a24-395ac01a9fa6,SS,False,True,Pittsburgh Pirates,New York Mets,away,0,1,0,0,4,1,0,1,0,1,0,2,2,,,,,,,,,,,,
2026-03-26,089f2ff8-4d1a-521d-a068-62668dcc99fc,Yohan Ramírez,e44b5811-3bad-5c98-8894-3a41b359705c,P,True,False,Pittsburgh Pirates,New York Mets,away,,,,,,,,,,,,,,2.1,7,3,1,1,0,0,,37,0,0.42857142857142855,11.571428571428571
2026-03-26,089f2ff8-4d1a-521d-a068-62668dcc99fc,Isaac Mattson,8e8ee4ae-fa01-5f8d-a428-70b224343805,P,True,False,Pittsburgh Pirates,New York Mets,away,,,,,,,,,,,,,,0.2,2,1,2,3,0,2,,36,2,0.5,13.5
2026-03-26,089f2ff8-4d1a-521d-a068-62668dcc99fc,Dennis Santana,e472520d-2660-5d3d-bc45-5ed27573556d,P,True,False,Pittsburgh Pirates,New York Mets,away,,,,,,,,,,,,,,1,3,1,1,0,0,0,,18,0,0.3333333333333333,9.0
2026-03-26,089f2ff8-4d1a-521d-a068-62668dcc99fc,Henry Davis,0f944710-fb93-58f9-bdbf-2ecc18548deb,C,False,True,Pittsburgh Pirates,New York Mets,away,0,1,0,0,4,1,0,0,0,0,1,2,2,,,,,,,,,,,,
2026-03-26,089f2ff8-4d1a-521d-a068-62668dcc99fc,Justin Lawrence,ea05ee5a-4383-5989-ae85-5a30169627c9,P,True,False,Pittsburgh Pirates,New York Mets,away,,,,,,,,,,,,,,1,3,0,0,2,2,2,,14,2,0.0,0.0
2026-03-26,089f2ff8-4d1a-521d-a068-62668dcc99fc,Ryan O'Hearn,bffaa283-7254-53ef-91d3-5520a44d1888,RF,False,True,Pittsburgh Pirates,New York Mets,away,1,0,0,1,4,2,0,1,0,2,1,5,5,,,,,,,,,,,,
2026-03-26,089f2ff8-4d1a-521d-a068-62668dcc99fc,Nick Gonzales,874ea46d-0569-5ecc-85e6-b448bfe30555,3B,False,True,Pittsburgh Pirates,New York Mets,away,1,1,0,0,4,2,0,1,0,1,2,5,3,,,,,,,,,,,,
2026-03-26,089f2ff8-4d1a-521d-a068-62668dcc99fc,Marcell Ozuna,bef29d2e-a08c-5c3f-8b74-f3c204725a37,DH,False,False,Pittsburgh Pirates,New York Mets,away,0,0,0,0,4,0,0,1,0,0,0,0,0,,,,,,,,,,,,
2026-03-26,982ae3b0-1ea7-5d26-a160-cf402bd68e16,Luis Rengifo,34a19134-3072-5658-be7e-16d1c8533083,3B,False,False,Milwaukee Brewers,Chicago White Sox,home,0,0,0,0,2,0,0,0,0,0,0,0,0,,,,,,,,,,,,
2026-03-26,982ae3b0-1ea7-5d26-a160-cf402bd68e16,Joey Ortiz,ebc5a190-639c-5d2c-916f-f393fd5d2c1e,SS,False,True,Milwaukee Brewers,Chicago White Sox,home,2,0,0,0,3,2,0,0,0,2,2,6,2,,,,,,,,,,,,
2026-03-26,982ae3b0-1ea7-5d26-a160-cf402bd68e16,Christian Yelich,cdd2ad99-f99b-5497-9f00-d1e35f210d18,DH,False,False,Milwaukee Brewers,Chicago White Sox,home,2,0,0,0,5,2,1,0,0,2,1,5,2,,,,,,,,,,,,
2026-03-26,982ae3b0-1ea7-5d26-a160-cf402bd68e16,Jake Bauers,1edd13e9-ec6a-5f79-8552-5d5fc7103f60,1B,False,True,Milwaukee Brewers,Chicago White Sox,home,1,0,0,1,5,2,0,2,0,2,3,7,5,,,,,,,,,,,,
2026-03-26,982ae3b0-1ea7-5d26-a160-cf402bd68e16,Sal Frelick,fbeddaa0-1580-5140-bb70-6bb9ea57a062,RF,False,True,Milwaukee Brewers,Chicago White Sox,home,0,0,0,1,5,1,2,0,0,2,2,5,4,,,,,,,,,,,,
2026-03-26,982ae3b0-1ea7-5d26-a160-cf402bd68e16,Grant Anderson,3f3ea281-a8a6-568e-aec9-0bf46ea07edf,P,True,False,Milwaukee Brewers,Chicago White Sox,home,,,,,,,,,,,,,,1,3,1,0,0,0,0,,7,0,0.3333333333333333,9.0
2026-03-26,982ae3b0-1ea7-5d26-a160-cf402bd68e16,Andrew Vaughn,b3581b74-f59a-5e18-98d1-2f2893fe2284,1B,False,True,Milwaukee Brewers,Chicago White Sox,home,1,0,0,0,4,1,0,0,0,0,1,2,1,,,,,,,,,,,,
2026-03-26,982ae3b0-1ea7-5d26-a160-cf402bd68e16,Brandon Lockridge,508f1db4-170c-5cee-ad21-ceb0fed85917,LF,False,False,Milwaukee Brewers,Chicago White Sox,home,0,0,0,0,1,0,0,0,0,2,0,2,0,,,,,,,,,,,,
2026-03-26,982ae3b0-1ea7-5d26-a160-cf402bd68e16,Aaron Ashby,a179f3a3-8e06-5673-b70c-d3a3a48bb33f,P,True,False,Milwaukee Brewers,Chicago White Sox,home,,,,,,,,,,,,,,1,3,2,0,0,0,0,,11,0,0.6666666666666666,18.0
2026-03-26,982ae3b0-1ea7-5d26-a160-cf402bd68e16,Garrett Mitchell,b17ada3b-673f-55c3-b967-d8543791af21,CF,False,True,Milwaukee Brewers,Chicago White Sox,home,0,0,0,0,4,0,2,0,0,1,1,2,0,,,,,,,,,,,,
2026-03-26,982ae3b0-1ea7-5d26-a160-cf402bd68e16,David Hamilton,02280a6a-1789-5079-b10f-1509ff8850e3,SS,False,True,Milwaukee Brewers,Chicago White Sox,home,1,0,0,0,5,1,2,0,1,2,1,4,1,,,,,,,,,,,,
2026-03-26,982ae3b0-1ea7-5d26-a160-cf402bd68e16,Blake Perkins,02511963-abbe-57ce-8d51-ad04cd9689b7,CF,False,False,Milwaukee Brewers,Chicago White Sox,home,0,0,0,0,1,0,0,0,0,0,0,0,0,,,,,,,,,,,,
2026-03-26,982ae3b0-1ea7-5d26-a160-cf402bd68e16,Jake Woodford,019c0850-9365-5b72-8973-f02b736df705,P,True,False,Milwaukee Brewers,Chicago White Sox,home,,,,,,,,,,,,,,1,3,3,0,1,1,1,,16,1,1.0,27.0
2026-03-26,982ae3b0-1ea7-5d26-a160-cf402bd68e16,William Contreras,3453e023-6f8f-5212-8105-189c90757865,C,False,True,Milwaukee Brewers,Chicago White Sox,home,0,1,0,0,5,1,2,0,0,1,3,5,2,,,,,,,,,,,,
2026-03-26,982ae3b0-1ea7-5d26-a160-cf402bd68e16,Brice Turang,8b7764c4-ff5a-5daf-9dc5-044259e0b377,2B,False,True,Milwaukee Brewers,Chicago White Sox,home,1,1,0,0,5,2,1,1,0,0,0,2,3,,,,,,,,,,,,
2026-03-26,982ae3b0-1ea7-5d26-a160-cf402bd68e16,Jacob Misiorowski,5ab2fcc4-c51c-5cdd-b52d-1913dcc31726,P,True,True,Milwaukee Brewers,Chicago White Sox,home,,,,,,,,,,,,,,5,15,11,3,2,1,1,,94,1,0.7333333333333333,19.8
2026-03-26,982ae3b0-1ea7-5d26-a160-cf402bd68e16,DL Hall,04d83ed6-df90-5751-a202-d96d250bd2bb,P,True,False,Milwaukee Brewers,Chicago White Sox,home,,,,,,,,,,,,,,1,3,3,2,1,0,0,,27,0,1.0,27.0
2026-03-26,982ae3b0-1ea7-5d26-a160-cf402bd68e16,Lenyn Sosa,63526b54-bb98-5442-a5ec-b6f09cb03c58,DH,False,False,Chicago White Sox,Milwaukee Brewers,away,0,0,0,0,2,0,0,1,0,0,0,0,0,,,,,,,,,,,,
2026-03-26,982ae3b0-1ea7-5d26-a160-cf402bd68e16,Tristan Peters,574e45bf-8e75-5762-ba59-2684060d441c,PH,False,False,Chicago White Sox,Milwaukee Brewers,away,0,0,0,0,1,0,0,1,0,0,0,0,0,,,,,,,,,,,,
2026-03-26,982ae3b0-1ea7-5d26-a160-cf402bd68e16,Luisangel Acuña,02ae1abb-7737-5f3c-97fa-343ed56b2a95,CF,False,True,Chicago White Sox,Milwaukee Brewers,away,1,0,0,0,3,1,0,0,0,0,0,1,1,,,,,,,,,,,,
2026-03-26,982ae3b0-1ea7-5d26-a160-cf402bd68e16,Shane Smith,101cf790-ebec-5450-98e5-8708c7d748d9,P,True,True,Chicago White Sox,Milwaukee Brewers,away,,,,,,,,,,,,,,1.2,5,2,2,3,0,3,,54,4,0.4,10.799999999999999
2026-03-26,982ae3b0-1ea7-5d26-a160-cf402bd68e16,Munetaka Murakami,5ef6bdd4-00f0-5b87-b02a-2ad78752c1aa,1B,False,True,Chicago White Sox,Milwaukee Brewers,away,0,0,0,1,4,1,2,0,0,1,1,3,4,,,,,,,,,,,,
2026-03-26,982ae3b0-1ea7-5d26-a160-cf402bd68e16,Jedixson Paez,76db45e5-42d3-5470-8efe-02b441f547e7,P,True,False,Chicago White Sox,Milwaukee Brewers,away,,,,,,,,,,,,,,1.1,4,0,2,2,1,3,,36,3,0.0,0.0
2026-03-26,982ae3b0-1ea7-5d26-a160-cf402bd68e16,Chase Meidroth,b8e78229-a743-53a4-9be9-92e7b52d24ee,2B,False,True,Chicago White Sox,Milwaukee Brewers,away,0,0,0,1,4,1,2,1,0,1,1,3,4,,,,,,,,,,,,
2026-03-26,982ae3b0-1ea7-5d26-a160-cf402bd68e16,Colson Montgomery,e16341a7-cdfb-58eb-93e1-88a182b5acbb,SS,False,True,Chicago White Sox,Milwaukee Brewers,away,0,0,0,0,4,0,0,3,0,0,0,0,0,,,,,,,,,,,,
2026-03-26,982ae3b0-1ea7-5d26-a160-cf402bd68e16,Austin Hays,f66b4ccd-b4ce-5914-9cc5-790cbd311cac,LF,False,True,Chicago White Sox,Milwaukee Brewers,away,1,0,0,0,4,1,0,2,0,0,0,1,1,,,,,,,,,,,,
2026-03-26,982ae3b0-1ea7-5d26-a160-cf402bd68e16,Reese McGuire,d2eb512b-a5c2-5e72-9f5e-4afe623df4f6,PH,False,False,Chicago White Sox,Milwaukee Brewers,away,0,0,0,0,1,0,0,1,0,0,0,0,0,,,,,,,,,,,,
2026-03-26,982ae3b0-1ea7-5d26-a160-cf402bd68e16,Edgar Quero,3a107cbc-e2a4-581e-a7a7-4062370df3ac,C,False,True,Chicago White Sox,Milwaukee Brewers,away,0,0,0,0,3,0,0,2,0,0,0,0,0,,,,,,,,,,,,
2026-03-26,982ae3b0-1ea7-5d26-a160-cf402bd68e16,Andrew Benintendi,c40737a9-be3f-59a6-bd2b-9b112bd2d62c,DH,False,False,Chicago White Sox,Milwaukee Brewers,away,0,0,0,0,2,0,0,2,0,0,0,0,0,,,,,,,,,,,,
2026-03-26,982ae3b0-1ea7-5d26-a160-cf402bd68e16,Jordan Leasure,d51a1ac2-63d5-5405-b9fc-358ea7a4f4f2,P,True,False,Chicago White Sox,Milwaukee Brewers,away,,,,,,,,,,,,,,1,3,0,0,0,0,0,,11,0,0.0,0.0
2026-03-26,982ae3b0-1ea7-5d26-a160-cf402bd68e16,Sean Newcomb,c03e558f-dd6f-5180-8a00-f64b635bf442,P,True,False,Chicago White Sox,Milwaukee Brewers,away,,,,,,,,,,,,,,2.1,7,1,1,3,0,2,,33,2,0.14285714285714285,3.8571428571428568
2026-03-26,982ae3b0-1ea7-5d26-a160-cf402bd68e16,Jordan Hicks,66d7d9b2-6764-5c4c-a5d1-31cc86354598,P,True,False,Chicago White Sox,Milwaukee Brewers,away,,,,,,,,,,,,,,0.2,2,0,4,2,0,3,,34,3,0.0,0.0
2026-03-26,982ae3b0-1ea7-5d26-a160-cf402bd68e16,Everson Pereira,737ee719-b640-52d5-8a87-e3ebc4690cd3,RF,False,True,Chicago White Sox,Milwaukee Brewers,away,0,0,0,0,3,0,0,3,0,0,0,0,0,,,,,,,,,,,,
2026-03-26,982ae3b0-1ea7-5d26-a160-cf402bd68e16,Derek Hill,4b2fe8d0-5868-548f-8cbb-605feabbba95,PH,False,False,Chicago White Sox,Milwaukee Brewers,away,0,0,0,0,1,0,0,1,0,0,0,0,0,,,,,,,,,,,,
2026-03-26,982ae3b0-1ea7-5d26-a160-cf402bd68e16,Miguel Vargas,62addef8-7bda-57cd-a2aa-6821f9ad6427,3B,False,True,Chicago White Sox,Milwaukee Brewers,away,0,0,0,0,4,0,1,3,0,0,0,0,0,,,,,,,,,,,,
2026-03-26,982ae3b0-1ea7-5d26-a160-cf402bd68e16,Tyler Gilbert,c61dc1fb-cc7f-5ab1-963a-226f3bcfe9b4,P,True,False,Chicago White Sox,Milwaukee Brewers,away,,,,,,,,,,,,,,1,3,0,1,2,1,2,,18,2,0.0,0.0
2026-03-26,185661b7-58be-54c7-abea-af6cadf33c5a,Michael Conforto,90e43863-2a50-529e-b3b9-ef4aeb4736de,RF,False,False,Chicago Cubs,Washington Nationals,home,0,0,0,0,1,0,0,1,0,0,0,0,0,,,,,,,,,,,,
2026-03-26,185661b7-58be-54c7-abea-af6cadf33c5a,Hoby Milner,bbd22cf6-c5e7-555d-a190-f9f2eb837f9d,P,True,False,Chicago Cubs,Washington Nationals,home,,,,,,,,,,,,,,1,3,0,0,1,0,0,,11,0,0.0,0.0
2026-03-26,185661b7-58be-54c7-abea-af6cadf33c5a,Ian Happ,b809f60b-8331-5fd0-ab24-ee3b8538eabe,LF,False,True,Chicago Cubs,Washington Nationals,home,1,0,0,0,5,1,0,3,0,0,0,1,1,,,,,,,,,,,,
2026-03-26,185661b7-58be-54c7-abea-af6cadf33c5a,Alex Bregman,57215789-8702-5d78-8c77-21a23c10f033,3B,False,True,Chicago Cubs,Washington Nationals,home,1,0,0,0,5,1,1,1,0,0,0,1,1,,,,,,,,,,,,
2026-03-26,185661b7-58be-54c7-abea-af6cadf33c5a,Michael Busch,6b4e85c9-9b0c-5203-9474-01388c3cb9e8,1B,False,True,Chicago Cubs,Washington Nationals,home,1,2,0,0,5,3,1,0,0,2,1,6,5,,,,,,,,,,,,
2026-03-26,185661b7-58be-54c7-abea-af6cadf33c5a,Carson Kelly,43b2a60b-2ced-5c09-beab-347f4863ab11,C,False,True,Chicago Cubs,Washington Nationals,home,1,0,0,0,4,1,1,0,0,0,0,1,1,,,,,,,,,,,,
2026-03-26,185661b7-58be-54c7-abea-af6cadf33c5a,Pete Crow-Armstrong,6e75f4ef-3025-5851-bb55-3a587c5f54a5,CF,False,True,Chicago Cubs,Washington Nationals,home,2,0,0,0,5,2,0,2,0,0,2,4,2,,,,,,,,,,,,
2026-03-26,185661b7-58be-54c7-abea-af6cadf33c5a,Jacob Webb,ca8696cb-c1cb-5236-87ba-e060231053af,P,True,False,Chicago Cubs,Washington Nationals,home,,,,,,,,,,,,,,1,3,2,0,1,1,0,,15,2,0.6666666666666666,18.0
2026-03-26,185661b7-58be-54c7-abea-af6cadf33c5a,Moisés Ballesteros,c41e0ec5-9f1c-57a3-96c5-193ca0c2275e,DH,False,False,Chicago Cubs,Washington Nationals,home,0,0,0,0,4,0,1,1,0,0,0,0,0,,,,,,,,,,,,
2026-03-26,185661b7-58be-54c7-abea-af6cadf33c5a,Matthew Boyd,7a468e1a-37af-5d13-b572-d81ae627787b,P,True,True,Chicago Cubs,Washington Nationals,home,,,,,,,,,,,,,,3.2,11,7,1,6,1,6,,63,6,0.6363636363636364,17.181818181818183
2026-03-26,185661b7-58be-54c7-abea-af6cadf33c5a,Dansby Swanson,e20a9fc7-6766-5d06-b4c8-8cf51b6d7308,SS,False,True,Chicago Cubs,Washington Nationals,home,0,0,0,0,4,0,2,0,0,1,1,2,0,,,,,,,,,,,,
2026-03-26,185661b7-58be-54c7-abea-af6cadf33c5a,Nico Hoerner,b69bc55a-ea5c-59ee-bf5a-3a765fe9aa2a,2B,False,True,Chicago Cubs,Washington Nationals,home,0,0,0,0,4,0,0,1,0,1,0,1,0,,,,,,,,,,,,
2026-03-26,185661b7-58be-54c7-abea-af6cadf33c5a,Ben Brown,ac8b0e21-6d0a-5954-942c-a1b4c8382f01,P,True,False,Chicago Cubs,Washington Nationals,home,,,,,,,,,,,,,,3.1,10,3,1,3,1,2,,49,2,0.3,8.1
2026-03-26,185661b7-58be-54c7-abea-af6cadf33c5a,Matt Shaw,0e584e95-3d75-5986-9cb2-4451b4d945cf,RF,False,True,Chicago Cubs,Washington Nationals,home,0,0,0,0,3,0,0,0,0,0,0,0,0,,,,,,,,,,,,
2026-03-26,185661b7-58be-54c7-abea-af6cadf33c5a,Brady House,9feee2d5-f011-5be3-91f0-b7e2597e0107,3B,False,True,Washington Nationals,Chicago Cubs,away,1,0,0,1,5,2,0,2,0,2,2,6,5,,,,,,,,,,,,
2026-03-26,185661b7-58be-54c7-abea-af6cadf33c5a,CJ Abrams,41388dc3-6936-557e-b1ee-d12bd42cb0ef,SS,False,True,Washington Nationals,Chicago Cubs,away,1,0,0,0,4,1,0,1,0,0,2,3,1,,,,,,,,,,,,
2026-03-26,185661b7-58be-54c7-abea-af6cadf33c5a,Nasim Nuñez,30523871-5578-5f5a-850f-d3e42eaec507,2B,False,True,Washington Nationals,Chicago Cubs,away,0,0,0,0,4,0,1,1,1,1,1,2,0,,,,,,,,,,,,
2026-03-26,185661b7-58be-54c7-abea-af6cadf33c5a,Andrés Chaparro,529b64b4-978f-58d1-b54b-9506e97859f0,1B,False,True,Washington Nationals,Chicago Cubs,away,1,1,0,0,3,2,0,0,0,1,0,3,3,,,,,,,,,,,,
2026-03-26,185661b7-58be-54c7-abea-af6cadf33c5a,Joey Wiemer,25dc5f48-c6df-51d8-9751-71b23bc9ae81,RF,False,True,Washington Nationals,Chicago Cubs,away,2,0,0,1,4,3,1,0,0,2,1,6,6,,,,,,,,,,,,
2026-03-26,185661b7-58be-54c7-abea-af6cadf33c5a,PJ Poulin,2aa6d4e2-dd19-565e-bf81-e69997422391,P,True,False,Washington Nationals,Chicago Cubs,away,,,,,,,,,,,,,,1,3,0,1,1,0,0,,24,0,0.0,0.0
2026-03-26,185661b7-58be-54c7-abea-af6cadf33c5a,Clayton Beeter,168cbdf2-0cbc-523b-b71b-7d1cbd6ca75f,P,True,False,Washington Nationals,Chicago Cubs,away,,,,,,,,,,,,,,1,3,1,2,0,0,0,,24,0,0.3333333333333333,9.0
2026-03-26,185661b7-58be-54c7-abea-af6cadf33c5a,Brad Lord,018ef96e-0dfa-57b7-92a2-398fea8a9576,P,True,False,Washington Nationals,Chicago Cubs,away,,,,,,,,,,,,,,2.1,7,1,0,4,0,1,,47,1,0.14285714285714285,3.8571428571428568
2026-03-26,185661b7-58be-54c7-abea-af6cadf33c5a,Daylen Lile,3b2cb564-a3bb-5ec4-8464-227b212049f9,DH,False,False,Washington Nationals,Chicago Cubs,away,1,0,0,0,5,1,0,2,0,1,1,3,1,,,,,,,,,,,,
2026-03-26,185661b7-58be-54c7-abea-af6cadf33c5a,Cionel Pérez,d2691e4c-4847-5ed0-8a86-e5bb2072e5be,P,True,False,Washington Nationals,Chicago Cubs,away,,,,,,,,,,,,,,1,3,2,0,0,0,0,,12,0,0.6666666666666666,18.0
2026-03-26,185661b7-58be-54c7-abea-af6cadf33c5a,James Wood,3089b190-81f6-5e6c-ba91-a8d4cdf0be3a,LF,False,True,Washington Nationals,Chicago Cubs,away,0,0,0,0,5,0,0,4,0,0,0,0,0,,,,,,,,,,,,
2026-03-26,185661b7-58be-54c7-abea-af6cadf33c5a,Cade Cavalli,802d91c6-b4e2-5c8d-90dd-d67f67a4445d,P,True,True,Washington Nationals,Chicago Cubs,away,,,,,,,,,,,,,,3.2,11,5,3,3,0,2,,75,3,0.45454545454545453,12.272727272727273
2026-03-26,185661b7-58be-54c7-abea-af6cadf33c5a,Jacob Young,d263f19b-c5d6-523a-bc57-bce7884eb99a,CF,False,True,Washington Nationals,Chicago Cubs,away,0,0,0,1,4,1,0,1,0,1,2,4,4,,,,,,,,,,,,
2026-03-26,185661b7-58be-54c7-abea-af6cadf33c5a,Keibert Ruiz,a4dd05cb-9c56-52ce-9bc2-926ec2042d88,C,False,True,Washington Nationals,Chicago Cubs,away,1,0,0,0,4,1,0,1,0,1,0,2,1,,,,,,,,,,,,
2026-03-26,185661b7-58be-54c7-abea-af6cadf33c5a,Luis García Jr.,a615adb8-655d-531d-a63e-5a267e66845b,1B,False,False,Washington Nationals,Chicago Cubs,away,0,0,0,0,2,0,0,0,0,1,0,1,0,,,,,,,,,,,,
2026-03-26,55e926f3-5544-5ad7-9e3b-a5a1ae54e377,Samuel Basallo,e2832358-42f4-5d2e-b14c-498693dbb679,DH,False,False,Baltimore Orioles,Minnesota Twins,home,1,0,0,0,4,1,0,1,0,1,0,2,1,,,,,,,,,,,,
2026-03-26,55e926f3-5544-5ad7-9e3b-a5a1ae54e377,Trevor Rogers,260848e5-5162-5401-9b90-270af671dd36,P,True,True,Baltimore Orioles,Minnesota Twins,home,,,,,,,,,,,,,,7,21,5,4,3,0,0,,88,0,0.23809523809523808,6.428571428571429
2026-03-26,55e926f3-5544-5ad7-9e3b-a5a1ae54e377,Tyler Wells,ba8493f7-6b96-5522-ae17-16c50d1b7d46,P,True,False,Baltimore Orioles,Minnesota Twins,home,,,,,,,,,,,,,,1,3,1,0,1,0,1,,14,1,0.3333333333333333,9.0
2026-03-26,55e926f3-5544-5ad7-9e3b-a5a1ae54e377,Gunnar Henderson,8dd2ac6f-561c-5af1-b076-5e81f0f4e199,SS,False,True,Baltimore Orioles,Minnesota Twins,home,0,0,0,0,4,0,0,2,0,0,0,0,0,,,,,,,,,,,,
2026-03-26,55e926f3-5544-5ad7-9e3b-a5a1ae54e377,Taylor Ward,ecd13d9a-09c8-5341-a9c1-42cd969b9bfd,LF,False,True,Baltimore Orioles,Minnesota Twins,home,0,0,0,0,4,0,0,0,0,0,0,0,0,,,,,,,,,,,,
2026-03-26,55e926f3-5544-5ad7-9e3b-a5a1ae54e377,Adley Rutschman,641d20de-7b25-5610-a12b-aa8c9cf6fdb5,C,False,True,Baltimore Orioles,Minnesota Twins,home,1,1,0,0,4,2,0,0,0,0,0,2,3,,,,,,,,,,,,
2026-03-26,55e926f3-5544-5ad7-9e3b-a5a1ae54e377,Tyler O'Neill,22618000-6c22-5a37-9298-4ff8d51174b1,RF,False,True,Baltimore Orioles,Minnesota Twins,home,1,0,0,0,3,1,1,0,0,1,0,2,1,,,,,,,,,,,,
2026-03-26,55e926f3-5544-5ad7-9e3b-a5a1ae54e377,Blaze Alexander,06fa37f7-11f0-5e44-b028-6e4b58efaaa5,2B,False,True,Baltimore Orioles,Minnesota Twins,home,1,0,0,0,3,1,0,1,0,0,1,2,1,,,,,,,,,,,,
2026-03-26,55e926f3-5544-5ad7-9e3b-a5a1ae54e377,Pete Alonso,a706e53c-3e74-5675-9f67-a2114ac0ab94,1B,False,True,Baltimore Orioles,Minnesota Twins,home,0,0,0,0,4,0,1,2,0,0,0,0,0,,,,,,,,,,,,
2026-03-26,55e926f3-5544-5ad7-9e3b-a5a1ae54e377,Ryan Helsley,d8806a3d-2869-5dd9-80b2-e0ac87e90cda,P,True,False,Baltimore Orioles,Minnesota Twins,home,,,,,,,,,,,,,,1,3,3,0,1,0,0,,19,0,1.0,27.0
2026-03-26,55e926f3-5544-5ad7-9e3b-a5a1ae54e377,Colton Cowser,7c1a36d9-f8ba-5ebe-9fd2-58b788cc84b6,CF,False,True,Baltimore Orioles,Minnesota Twins,home,0,0,0,0,3,0,0,1,0,0,1,1,0,,,,,,,,,,,,
2026-03-26,55e926f3-5544-5ad7-9e3b-a5a1ae54e377,Coby Mayo,3fa3b427-6995-5a99-b9df-39c34bfe5217,3B,False,True,Baltimore Orioles,Minnesota Twins,home,0,0,0,0,3,0,1,1,1,0,0,0,0,,,,,,,,,,,,
2026-03-26,55e926f3-5544-5ad7-9e3b-a5a1ae54e377,Justin Topa,f695595b-b683-55e9-8396-d2c651a30ad9,P,True,False,Minnesota Twins,Baltimore Orioles,away,,,,,,,,,,,,,,1,3,0,0,2,0,1,,18,1,0.0,0.0
2026-03-26,55e926f3-5544-5ad7-9e3b-a5a1ae54e377,Victor Caratini,118b5526-726c-567a-b410-9c4d39d4dfe8,1B,False,True,Minnesota Twins,Baltimore Orioles,away,1,0,0,0,4,1,1,0,0,0,0,1,1,,,,,,,,,,,,
2026-03-26,55e926f3-5544-5ad7-9e3b-a5a1ae54e377,Kody Clemens,388afaec-b241-58d7-8b05-1e0292aaa5ce,LF,False,False,Minnesota Twins,Baltimore Orioles,away,0,0,0,0,1,0,0,0,0,0,0,0,0,,,,,,,,,,,,
2026-03-26,55e926f3-5544-5ad7-9e3b-a5a1ae54e377,Brooks Lee,9e5151e5-7ca3-54b5-906a-035ac2bd117b,SS,False,True,Minnesota Twins,Baltimore Orioles,away,0,0,0,0,3,0,0,2,0,0,0,0,0,,,,,,,,,,,,
2026-03-26,55e926f3-5544-5ad7-9e3b-a5a1ae54e377,Austin Martin,2b621d0f-36d2-5e85-800f-c9ea62645109,LF,False,True,Minnesota Twins,Baltimore Orioles,away,1,0,0,0,3,1,0,0,1,0,0,1,1,,,,,,,,,,,,
2026-03-26,55e926f3-5544-5ad7-9e3b-a5a1ae54e377,Josh Bell,9c4f9447-e182-53d1-9468-d5eed9b0e0f7,DH,False,False,Minnesota Twins,Baltimore Orioles,away,0,0,0,0,4,0,1,3,0,0,0,0,0,,,,,,,,,,,,
2026-03-26,55e926f3-5544-5ad7-9e3b-a5a1ae54e377,Ryan Jeffers,9fa0a7d3-5db7-5110-b162-2933bae5edac,C,False,True,Minnesota Twins,Baltimore Orioles,away,1,0,0,0,4,1,0,1,0,0,0,1,1,,,,,,,,,,,,
2026-03-26,55e926f3-5544-5ad7-9e3b-a5a1ae54e377,James Outman,ecd5e641-3869-57f2-af87-7b030fcc7f7b,PR,False,False,Minnesota Twins,Baltimore Orioles,away,0,0,0,0,0,0,0,0,0,0,0,0,0,,,,,,,,,,,,
2026-03-26,55e926f3-5544-5ad7-9e3b-a5a1ae54e377,Taylor Rogers,c74a9c59-bc65-5c6a-9529-7f69ff407ca5,P,True,False,Minnesota Twins,Baltimore Orioles,away,,,,,,,,,,,,,,1,3,1,0,1,0,0,,10,0,0.3333333333333333,9.0
2026-03-26,55e926f3-5544-5ad7-9e3b-a5a1ae54e377,Kody Funderburk,194f8ff2-a54d-5d6f-b29f-4ada5ae3629b,P,True,False,Minnesota Twins,Baltimore Orioles,away,,,,,,,,,,,,,,0.2,2,0,1,1,0,1,,17,1,0.0,0.0
2026-03-26,55e926f3-5544-5ad7-9e3b-a5a1ae54e377,Royce Lewis,ed8d10fa-59d5-527e-9c7f-0eb7ba2f1a36,3B,False,True,Minnesota Twins,Baltimore Orioles,away,0,0,0,0,3,0,0,0,0,0,0,0,0,,,,,,,,,,,,
2026-03-26,55e926f3-5544-5ad7-9e3b-a5a1ae54e377,Trevor Larnach,acc8d7d3-6cc6-5ddb-82f7-c51950746185,PH,False,False,Minnesota Twins,Baltimore Orioles,away,0,0,0,0,1,0,0,1,0,0,0,0,0,,,,,,,,,,,,
2026-03-26,55e926f3-5544-5ad7-9e3b-a5a1ae54e377,Byron Buxton,f324ed45-2be1-5593-9601-8a1caeabe988,CF,False,True,Minnesota Twins,Baltimore Orioles,away,0,0,1,0,4,1,0,1,0,1,0,2,3,,,,,,,,,,,,
2026-03-26,55e926f3-5544-5ad7-9e3b-a5a1ae54e377,Joe Ryan,a541cdbd-7ec7-5134-80d1-b806a38f4b2c,P,True,True,Minnesota Twins,Baltimore Orioles,away,,,,,,,,,,,,,,5.1,16,7,2,1,0,0,,85,0,0.4375,11.8125
2026-03-26,55e926f3-5544-5ad7-9e3b-a5a1ae54e377,Matt Wallner,d29b50b9-0e28-5d0d-b368-6cecc0a7d512,RF,False,True,Minnesota Twins,Baltimore Orioles,away,0,0,0,0,4,0,2,1,0,0,0,0,0,,,,,,,,,,,,
2026-03-26,55e926f3-5544-5ad7-9e3b-a5a1ae54e377,Luke Keaschall,cd5f4708-4e8f-5a0f-8347-a323178f906f,2B,False,True,Minnesota Twins,Baltimore Orioles,away,1,0,0,0,4,1,0,0,0,0,1,2,1,,,,,,,,,,,,
2026-03-26,b4a7eb95-c971-5718-8326-0d0a91571b1c,Elly De La Cruz,7fd536ef-9553-5c83-9d6b-4584793b4a26,SS,False,True,Cincinnati Reds,Boston Red Sox,home,1,0,0,0,4,1,0,2,0,0,0,1,1,,,,,,,,,,,,
2026-03-26,b4a7eb95-c971-5718-8326-0d0a91571b1c,Dane Myers,4afd868e-eb1d-5af8-bff0-99ce9b1bf670,PH,False,False,Cincinnati Reds,Boston Red Sox,home,0,0,0,0,1,0,0,0,0,0,0,0,0,,,,,,,,,,,,
2026-03-26,b4a7eb95-c971-5718-8326-0d0a91571b1c,Sal Stewart,87ada644-a3be-5013-bfc9-a696f4bfb4ee,1B,False,True,Cincinnati Reds,Boston Red Sox,home,1,2,0,0,4,3,0,0,0,0,0,3,5,,,,,,,,,,,,
2026-03-26,b4a7eb95-c971-5718-8326-0d0a91571b1c,Pierce Johnson,aa72972c-95f9-58b9-b589-36f13f6e6dc6,P,True,False,Cincinnati Reds,Boston Red Sox,home,,,,,,,,,,,,,,0.1,1,0,0,2,0,1,,9,1,0.0,0.0
2026-03-26,b4a7eb95-c971-5718-8326-0d0a91571b1c,Noelvi Marte,b4539c2e-2482-5e59-a810-3b07072fa874,RF,False,True,Cincinnati Reds,Boston Red Sox,home,0,0,0,0,2,0,0,2,0,0,0,0,0,,,,,,,,,,,,
2026-03-26,b4a7eb95-c971-5718-8326-0d0a91571b1c,Matt McLain,f7624c99-f5cf-56e9-8b5d-cdc4402e8af7,2B,False,True,Cincinnati Reds,Boston Red Sox,home,0,0,0,0,4,0,1,1,0,0,0,0,0,,,,,,,,,,,,
2026-03-26,b4a7eb95-c971-5718-8326-0d0a91571b1c,Ke'Bryan Hayes,5ac4617a-322b-54c3-97a6-21a85177db00,3B,False,True,Cincinnati Reds,Boston Red Sox,home,0,0,0,0,3,0,0,0,0,0,0,0,0,,,,,,,,,,,,
2026-03-26,b4a7eb95-c971-5718-8326-0d0a91571b1c,Will Benson,3af6fc09-0d15-5805-832b-1e331a51fd8f,RF,False,False,Cincinnati Reds,Boston Red Sox,home,0,0,0,0,1,0,0,1,0,0,0,0,0,,,,,,,,,,,,
2026-03-26,b4a7eb95-c971-5718-8326-0d0a91571b1c,TJ Friedl,0a711a2b-282c-5649-94b9-8b048f484f0b,CF,False,True,Cincinnati Reds,Boston Red Sox,home,0,0,0,0,4,0,0,1,0,0,0,0,0,,,,,,,,,,,,
2026-03-26,b4a7eb95-c971-5718-8326-0d0a91571b1c,Spencer Steer,2e1a3d24-542e-5cd2-b6ac-11416bb79c96,LF,False,True,Cincinnati Reds,Boston Red Sox,home,0,0,0,0,4,0,1,2,0,0,0,0,0,,,,,,,,,,,,
2026-03-26,b4a7eb95-c971-5718-8326-0d0a91571b1c,Connor Phillips,329f0ee2-9252-5cba-b8d8-9be8c0af3d16,P,True,False,Cincinnati Reds,Boston Red Sox,home,,,,,,,,,,,,,,0.2,2,1,1,2,0,2,,16,2,0.5,13.5
2026-03-26,b4a7eb95-c971-5718-8326-0d0a91571b1c,Graham Ashcraft,ae98a0ca-c804-56c2-9e38-be2f024c449c,P,True,False,Cincinnati Reds,Boston Red Sox,home,,,,,,,,,,,,,,0.2,2,1,1,0,0,0,,14,0,0.5,13.5
2026-03-26,b4a7eb95-c971-5718-8326-0d0a91571b1c,Tyler Stephenson,84ffb64d-831d-5b54-bb2d-dbc37cb5cb5c,C,False,True,Cincinnati Reds,Boston Red Sox,home,0,0,0,0,4,0,1,0,0,0,0,0,0,,,,,,,,,,,,
2026-03-26,b4a7eb95-c971-5718-8326-0d0a91571b1c,Eugenio Suárez,09da9ec7-2b7c-5ea9-b2f8-9cdd0fdb7f8b,DH,False,False,Cincinnati Reds,Boston Red Sox,home,0,0,0,0,4,0,0,3,0,0,0,0,0,,,,,,,,,,,,
2026-03-26,b4a7eb95-c971-5718-8326-0d0a91571b1c,Sam Moll,1cbefb65-74f2-5448-b353-d021fbe984dd,P,True,False,Cincinnati Reds,Boston Red Sox,home,,,,,,,,,,,,,,1,3,1,0,0,0,0,,6,0,0.3333333333333333,9.0
2026-03-26,b4a7eb95-c971-5718-8326-0d0a91571b1c,Brock Burke,b138f008-4777-5189-a7cc-178fb793ea9d,P,True,False,Cincinnati Reds,Boston Red Sox,home,,,,,,,,,,,,,,0.1,1,0,0,1,0,0,,3,0,0.0,0.0
2026-03-26,b4a7eb95-c971-5718-8326-0d0a91571b1c,Andrew Abbott,73c409b5-2bee-5db0-81a3-47111c3524d8,P,True,True,Cincinnati Reds,Boston Red Sox,home,,,,,,,,,,,,,,6,18,4,1,7,0,0,,83,0,0.2222222222222222,6.0
2026-03-26,b4a7eb95-c971-5718-8326-0d0a91571b1c,Roman Anthony,c29e1084-a051-5de5-86f7-09b1a3bd64af,LF,False,True,Boston Red Sox,Cincinnati Reds,away,3,0,0,0,5,3,1,1,0,1,0,4,3,,,,,,,,,,,,
2026-03-26,b4a7eb95-c971-5718-8326-0d0a91571b1c,Willson Contreras,34477b91-95c5-5159-8fc0-73e01ae1d6d9,1B,False,True,Boston Red Sox,Cincinnati Reds,away,0,0,0,0,5,0,1,1,0,0,0,0,0,,,,,,,,,,,,
2026-03-26,b4a7eb95-c971-5718-8326-0d0a91571b1c,Trevor Story,cd09b8ad-73fb-5669-8db1-98c5b8a8164a,SS,False,True,Boston Red Sox,Cincinnati Reds,away,1,0,0,0,5,1,0,1,0,0,1,2,1,,,,,,,,,,,,
2026-03-26,b4a7eb95-c971-5718-8326-0d0a91571b1c,Wilyer Abreu,e89e04e9-6e91-5ee7-ae12-04853566c53f,RF,False,True,Boston Red Sox,Cincinnati Reds,away,1,0,0,0,4,1,0,1,0,0,0,1,1,,,,,,,,,,,,
2026-03-26,b4a7eb95-c971-5718-8326-0d0a91571b1c,Garrett Whitlock,cdcc8bf3-76ab-5410-92b5-aa4315b42024,P,True,False,Boston Red Sox,Cincinnati Reds,away,,,,,,,,,,,,,,1,3,2,0,1,0,0,,18,0,0.6666666666666666,18.0
2026-03-26,b4a7eb95-c971-5718-8326-0d0a91571b1c,Isiah Kiner-Falefa,7d4df642-4724-5921-84b3-9bd76c769f38,2B,False,True,Boston Red Sox,Cincinnati Reds,away,0,0,0,0,2,0,0,1,0,0,0,0,0,,,,,,,,,,,,
2026-03-26,b4a7eb95-c971-5718-8326-0d0a91571b1c,Garrett Crochet,4b4ace8a-1e13-5132-bc3a-39e3f6a8ca33,P,True,True,Boston Red Sox,Cincinnati Reds,away,,,,,,,,,,,,,,6,18,8,2,3,0,0,,80,0,0.4444444444444444,12.0
2026-03-26,b4a7eb95-c971-5718-8326-0d0a91571b1c,Justin Slaten,73553363-7fba-5e17-b5b9-76266815ed0d,P,True,False,Boston Red Sox,Cincinnati Reds,away,,,,,,,,,,,,,,1,3,2,1,0,0,0,,17,0,0.6666666666666666,18.0
2026-03-26,b4a7eb95-c971-5718-8326-0d0a91571b1c,Caleb Durbin,bd9f542f-cb6e-5ce8-b85a-8ff891d266f7,3B,False,True,Boston Red Sox,Cincinnati Reds,away,0,0,0,0,4,0,1,0,0,0,0,0,0,,,,,,,,,,,,
2026-03-26,b4a7eb95-c971-5718-8326-0d0a91571b1c,Carlos Narváez,1322ee1c-36ba-5e0c-a487-1a0e94fe483b,C,False,True,Boston Red Sox,Cincinnati Reds,away,1,0,0,0,4,1,0,1,0,0,0,1,1,,,,,,,,,,,,
2026-03-26,b4a7eb95-c971-5718-8326-0d0a91571b1c,Jarren Duran,3ac99586-15b6-50c1-816f-075959ebead2,DH,False,False,Boston Red Sox,Cincinnati Reds,away,2,0,0,0,5,2,0,1,1,0,1,3,2,,,,,,,,,,,,
2026-03-26,b4a7eb95-c971-5718-8326-0d0a91571b1c,Ceddanne Rafaela,15788154-f587-5625-bece-d4a10d870640,CF,False,True,Boston Red Sox,Cincinnati Reds,away,2,0,0,0,4,2,0,0,0,0,1,3,2,,,,,,,,,,,,
2026-03-26,b4a7eb95-c971-5718-8326-0d0a91571b1c,Marcelo Mayer,143aaf24-c832-5e23-b59f-4934230805d1,2B,False,False,Boston Red Sox,Cincinnati Reds,away,1,1,0,0,2,2,0,0,0,2,0,4,3,,,,,,,,,,,,
2026-03-26,b4a7eb95-c971-5718-8326-0d0a91571b1c,Aroldis Chapman,59f9eac9-af6c-538a-bb7d-cebe17553900,P,True,False,Boston Red Sox,Cincinnati Reds,away,,,,,,,,,,,,,,1,3,0,0,0,0,0,,11,0,0.0,0.0
2026-03-26,a8508cc7-da56-5117-b781-014342e8b79e,Freddy Fermin,37406aad-ae18-5be2-8439-0a0b3ab54a22,C,False,True,San Diego Padres,Detroit Tigers,home,0,0,0,0,4,0,1,1,0,0,0,0,0,,,,,,,,,,,,
2026-03-26,a8508cc7-da56-5117-b781-014342e8b79e,David Morgan,1522e4d5-1ec8-5d0f-b690-72da93f4eb13,P,True,False,San Diego Padres,Detroit Tigers,home,,,,,,,,,,,,,,1,3,1,1,1,0,0,,19,0,0.3333333333333333,9.0
2026-03-26,a8508cc7-da56-5117-b781-014342e8b79e,Wandy Peralta,a4a3f6aa-e899-5b8e-b540-0ed13e5902e1,P,True,False,San Diego Padres,Detroit Tigers,home,,,,,,,,,,,,,,1,3,0,0,1,0,0,,15,0,0.0,0.0
2026-03-26,a8508cc7-da56-5117-b781-014342e8b79e,Nick Castellanos,95dea803-893e-5754-9f60-c470b45cd25b,1B,False,False,San Diego Padres,Detroit Tigers,home,0,0,0,0,1,0,0,0,0,0,0,0,0,,,,,,,,,,,,
2026-03-26,a8508cc7-da56-5117-b781-014342e8b79e,Jackson Merrill,0b80ef12-9566-5b94-973d-d1151b0e69ac,CF,False,True,San Diego Padres,Detroit Tigers,home,0,0,0,0,4,0,0,3,0,0,0,0,0,,,,,,,,,,,,
2026-03-26,a8508cc7-da56-5117-b781-014342e8b79e,Bradgley Rodriguez,8092bd40-b0b9-55be-8319-2473dec40230,P,True,False,San Diego Padres,Detroit Tigers,home,,,,,,,,,,,,,,2,6,3,0,0,0,0,,20,0,0.5,13.5
2026-03-26,a8508cc7-da56-5117-b781-014342e8b79e,Gavin Sheets,5f058b73-019c-573c-b5f2-d01f2e56cd0b,1B,False,True,San Diego Padres,Detroit Tigers,home,0,0,0,0,3,0,0,0,0,0,0,0,0,,,,,,,,,,,,
2026-03-26,a8508cc7-da56-5117-b781-014342e8b79e,Ramón Laureano,dabca3a1-56c7-5218-8ab7-31a707ea9795,LF,False,True,San Diego Padres,Detroit Tigers,home,0,0,0,1,4,1,0,1,0,1,1,3,4,,,,,,,,,,,,
2026-03-26,a8508cc7-da56-5117-b781-014342e8b79e,Manny Machado,a9385e18-b1c3-52e8-b03b-b70d1f8a34af,3B,False,True,San Diego Padres,Detroit Tigers,home,1,0,0,0,4,1,1,1,0,0,0,1,1,,,,,,,,,,,,
2026-03-26,a8508cc7-da56-5117-b781-014342e8b79e,Nick Pivetta,3fe1fd39-a3ae-547b-9069-929eb9e91d54,P,True,True,San Diego Padres,Detroit Tigers,home,,,,,,,,,,,,,,3,9,4,3,7,0,6,,69,6,0.4444444444444444,12.0
2026-03-26,a8508cc7-da56-5117-b781-014342e8b79e,Miguel Andujar,48554c1a-0b60-5739-aad2-0ff058b6d880,DH,False,False,San Diego Padres,Detroit Tigers,home,0,0,0,0,4,0,1,0,0,0,0,0,0,,,,,,,,,,,,
2026-03-26,a8508cc7-da56-5117-b781-014342e8b79e,Fernando Tatis Jr.,ac1ed075-5e29-5566-994f-09b1af7af1b9,RF,False,True,San Diego Padres,Detroit Tigers,home,1,0,0,0,4,1,0,0,0,1,0,2,1,,,,,,,,,,,,
2026-03-26,a8508cc7-da56-5117-b781-014342e8b79e,Xander Bogaerts,c2029f6d-a0ef-5980-850b-3d9f8f0ec784,SS,False,True,San Diego Padres,Detroit Tigers,home,1,1,0,0,4,2,0,0,0,0,1,3,3,,,,,,,,,,,,
2026-03-26,a8508cc7-da56-5117-b781-014342e8b79e,Ron Marinaccio,94b4c4ed-724a-50f0-8035-92f01e4aa182,P,True,False,San Diego Padres,Detroit Tigers,home,,,,,,,,,,,,,,2,6,2,0,3,1,2,,43,2,0.3333333333333333,9.0
2026-03-26,a8508cc7-da56-5117-b781-014342e8b79e,Jake Cronenworth,5c3d6bb2-760f-5036-8bd3-805107557a37,2B,False,True,San Diego Padres,Detroit Tigers,home,0,0,0,0,4,0,0,1,0,0,0,0,0,,,,,,,,,,,,
2026-03-26,a8508cc7-da56-5117-b781-014342e8b79e,Tarik Skubal,392be415-70ab-5f6e-93f7-c4cb08339b2b,P,True,True,Detroit Tigers,San Diego Padres,away,,,,,,,,,,,,,,6,18,6,0,3,0,0,,74,1,0.3333333333333333,9.0
2026-03-26,a8508cc7-da56-5117-b781-014342e8b79e,Drew Anderson,f7e48447-09b1-5a8d-8427-35c519041f6a,P,True,False,Detroit Tigers,San Diego Padres,away,,,,,,,,,,,,,,1.1,4,0,2,2,1,1,,36,1,0.0,0.0
2026-03-26,a8508cc7-da56-5117-b781-014342e8b79e,Javier Báez,17c08cde-e81d-5b40-8f69-31e92ae85ff7,SS,False,True,Detroit Tigers,San Diego Padres,away,1,0,0,0,4,1,1,1,0,0,0,1,1,,,,,,,,,,,,
2026-03-26,a8508cc7-da56-5117-b781-014342e8b79e,Riley Greene,bbee493e-0329-5be6-8cd9-78d86c4bba58,LF,False,True,Detroit Tigers,San Diego Padres,away,0,0,0,0,5,0,1,2,0,1,0,1,0,,,,,,,,,,,,
2026-03-26,a8508cc7-da56-5117-b781-014342e8b79e,Tyler Holton,89032a74-1422-5c27-86cd-461d059aad94,P,True,False,Detroit Tigers,San Diego Padres,away,,,,,,,,,,,,,,0.2,2,0,1,0,0,0,,11,0,0.0,0.0
2026-03-26,a8508cc7-da56-5117-b781-014342e8b79e,Kevin McGonigle,564bb172-7dfb-573e-b0f7-7f5cbdd0d547,3B,False,True,Detroit Tigers,San Diego Padres,away,2,2,0,0,5,4,0,0,0,2,2,8,6,,,,,,,,,,,,
2026-03-26,a8508cc7-da56-5117-b781-014342e8b79e,Kerry Carpenter,fcfcc870-05a3-58ad-ae0a-2ed6a6964125,RF,False,True,Detroit Tigers,San Diego Padres,away,0,0,0,0,5,0,0,2,0,0,0,0,0,,,,,,,,,,,,
2026-03-26,a8508cc7-da56-5117-b781-014342e8b79e,Spencer Torkelson,c12eb080-7e57-5145-9dc7-97b7b4c97921,1B,False,True,Detroit Tigers,San Diego Padres,away,1,0,0,0,5,1,1,2,0,2,1,4,1,,,,,,,,,,,,
2026-03-26,a8508cc7-da56-5117-b781-014342e8b79e,Gleyber Torres,7bd07245-7bf0-5980-8c77-8a40271534aa,2B,False,True,Detroit Tigers,San Diego Padres,away,1,0,0,0,5,1,1,0,0,1,0,2,1,,,,,,,,,,,,
2026-03-26,a8508cc7-da56-5117-b781-014342e8b79e,Parker Meadows,c0c33d53-e475-503d-b1cb-5aa6430b3660,CF,False,True,Detroit Tigers,San Diego Padres,away,1,0,0,0,4,1,0,1,0,0,2,3,1,,,,,,,,,,,,
2026-03-26,a8508cc7-da56-5117-b781-014342e8b79e,Dillon Dingler,ddcd399c-63b6-5add-9222-5d69a6f9b45d,C,False,True,Detroit Tigers,San Diego Padres,away,1,0,0,1,5,2,0,1,0,1,3,6,5,,,,,,,,,,,,
2026-03-26,a8508cc7-da56-5117-b781-014342e8b79e,Will Vest,7505a594-8278-57ea-99ed-a082764a1b01,P,True,False,Detroit Tigers,San Diego Padres,away,,,,,,,,,,,,,,1,3,1,0,0,0,0,,7,0,0.3333333333333333,9.0
2026-03-26,a8508cc7-da56-5117-b781-014342e8b79e,Colt Keith,cadc4708-5d0a-56ac-84d0-feced1704a81,DH,False,False,Detroit Tigers,San Diego Padres,away,2,0,0,0,5,2,0,1,0,1,0,3,2,,,,,,,,,,,,
2026-03-26,b44d057d-c809-583f-8b61-bb6994e7a5f8,Isaac Paredes,c94533e4-26a4-59a8-ae9e-1b0d54853c93,1B,False,True,Houston Astros,Los Angeles Angels,home,0,0,0,0,4,0,1,1,0,0,0,0,0,,,,,,,,,,,,
2026-03-26,b44d057d-c809-583f-8b61-bb6994e7a5f8,Nick Allen,d47542cc-ed4c-5335-840e-aeecb6811ad7,SS,False,False,Houston Astros,Los Angeles Angels,home,0,0,0,0,1,0,0,1,0,0,0,0,0,,,,,,,,,,,,
2026-03-26,b44d057d-c809-583f-8b61-bb6994e7a5f8,Cam Smith,6c7292a3-abca-5a73-9e4b-cec25e9d20b8,RF,False,True,Houston Astros,Los Angeles Angels,home,0,0,0,0,4,0,1,2,1,0,0,0,0,,,,,,,,,,,,
2026-03-26,b44d057d-c809-583f-8b61-bb6994e7a5f8,Christian Roa,fa3a62e0-2bc5-5c00-8d80-09f3553a6e66,P,True,False,Houston Astros,Los Angeles Angels,home,,,,,,,,,,,,,,1,3,1,2,1,1,1,,33,1,0.3333333333333333,9.0
2026-03-26,b44d057d-c809-583f-8b61-bb6994e7a5f8,Hunter Brown,d2a35b37-6cff-5611-b274-5500442532ef,P,True,True,Houston Astros,Los Angeles Angels,home,,,,,,,,,,,,,,4.2,14,9,4,4,0,0,,102,0,0.6428571428571429,17.357142857142858
2026-03-26,b44d057d-c809-583f-8b61-bb6994e7a5f8,Jake Meyers,f60436a8-53cf-5fa1-8caa-50928a25c6d9,CF,False,True,Houston Astros,Los Angeles Angels,home,0,0,0,0,4,0,1,1,0,0,0,0,0,,,,,,,,,,,,
2026-03-26,b44d057d-c809-583f-8b61-bb6994e7a5f8,AJ Blubaugh,4d6a4525-5979-5429-9481-9e4f708a7bb1,P,True,False,Houston Astros,Los Angeles Angels,home,,,,,,,,,,,,,,2.1,7,3,0,2,1,1,,41,1,0.42857142857142855,11.571428571428571
2026-03-26,b44d057d-c809-583f-8b61-bb6994e7a5f8,Jose Altuve,99c9db0b-d7a9-5462-94f3-28f3661714ab,2B,False,True,Houston Astros,Los Angeles Angels,home,0,0,0,0,4,0,1,0,0,0,0,0,0,,,,,,,,,,,,
2026-03-26,b44d057d-c809-583f-8b61-bb6994e7a5f8,Joey Loperfido,575dbf4d-f194-5748-94af-45ae60e8431c,LF,False,True,Houston Astros,Los Angeles Angels,home,1,1,0,0,4,2,0,0,0,0,0,2,3,,,,,,,,,,,,
2026-03-26,b44d057d-c809-583f-8b61-bb6994e7a5f8,Bryan King,e86f116b-cd36-5b04-8bcd-160d3e7a25e6,P,True,False,Houston Astros,Los Angeles Angels,home,,,,,,,,,,,,,,1,3,1,0,2,0,1,,17,1,0.3333333333333333,9.0
2026-03-26,b44d057d-c809-583f-8b61-bb6994e7a5f8,Carlos Correa,9d0ef881-40b5-538c-9843-6585303e16f4,3B,False,True,Houston Astros,Los Angeles Angels,home,0,0,0,0,4,0,0,1,0,0,0,0,0,,,,,,,,,,,,
2026-03-26,b44d057d-c809-583f-8b61-bb6994e7a5f8,Christian Walker,4ebdbcc5-84ea-5866-b7b6-1d61cbac193f,1B,False,True,Houston Astros,Los Angeles Angels,home,0,1,0,0,3,1,0,0,0,0,0,1,2,,,,,,,,,,,,
2026-03-26,b44d057d-c809-583f-8b61-bb6994e7a5f8,Yainer Diaz,dd446d48-8097-51f2-82cf-f7fabad1dd74,C,False,True,Houston Astros,Los Angeles Angels,home,0,0,0,0,4,0,1,2,0,0,0,0,0,,,,,,,,,,,,
2026-03-26,b44d057d-c809-583f-8b61-bb6994e7a5f8,Yordan Alvarez,b4e60652-8d7e-569f-8e5a-4aa9a713da9c,DH,False,False,Houston Astros,Los Angeles Angels,home,0,0,0,0,4,0,1,1,0,0,0,0,0,,,,,,,,,,,,
2026-03-26,b44d057d-c809-583f-8b61-bb6994e7a5f8,Oswald Peraza,98bdfab1-07ea-5c61-bd44-7c17670a08b1,2B,False,True,Los Angeles Angels,Houston Astros,away,1,0,0,0,4,1,0,2,0,0,1,2,1,,,,,,,,,,,,
2026-03-26,b44d057d-c809-583f-8b61-bb6994e7a5f8,Zach Neto,01ac6fe3-6ace-59c9-a15b-1ad3a0af1eb1,SS,False,True,Los Angeles Angels,Houston Astros,away,0,0,0,0,5,0,0,1,0,0,0,0,0,,,,,,,,,,,,
2026-03-26,b44d057d-c809-583f-8b61-bb6994e7a5f8,Jorge Soler,ebc19873-2e2c-5767-9b19-409c5e887630,DH,False,False,Los Angeles Angels,Houston Astros,away,1,0,0,0,5,1,0,2,0,0,0,1,1,,,,,,,,,,,,
2026-03-26,b44d057d-c809-583f-8b61-bb6994e7a5f8,Yoán Moncada,59501cf0-fc05-5b1c-b3f0-78b4422a24da,3B,False,True,Los Angeles Angels,Houston Astros,away,1,0,0,0,5,1,2,1,0,0,0,1,1,,,,,,,,,,,,
2026-03-26,b44d057d-c809-583f-8b61-bb6994e7a5f8,Chase Silseth,d97ead67-961e-54b5-ab86-134f7d2172e2,P,True,False,Los Angeles Angels,Houston Astros,away,,,,,,,,,,,,,,0.1,1,0,0,0,0,0,,1,0,0.0,0.0
2026-03-26,b44d057d-c809-583f-8b61-bb6994e7a5f8,José Soriano,c9cc3b6d-f223-5329-bf0f-4455116c1f2a,P,True,True,Los Angeles Angels,Houston Astros,away,,,,,,,,,,,,,,6,18,7,4,2,0,0,,91,0,0.3888888888888889,10.5
2026-03-26,b44d057d-c809-583f-8b61-bb6994e7a5f8,Drew Pomeranz,fc9feb99-8c05-5f66-9cda-83f9269f8bf5,P,True,False,Los Angeles Angels,Houston Astros,away,,,,,,,,,,,,,,1,3,0,0,0,0,0,,12,0,0.0,0.0
2026-03-26,b44d057d-c809-583f-8b61-bb6994e7a5f8,Mike Trout,062d3e7f-e32e-55bc-aa40-403df7f9ec05,CF,False,True,Los Angeles Angels,Houston Astros,away,0,0,0,1,5,1,3,1,1,1,1,3,4,,,,,,,,,,,,
2026-03-26,b44d057d-c809-583f-8b61-bb6994e7a5f8,Jo Adell,c3ca91f9-2d30-5cf8-aae3-a5e7339f5788,LF,False,True,Los Angeles Angels,Houston Astros,away,2,0,0,0,5,2,1,0,0,1,0,3,2,,,,,,,,,,,,
2026-03-26,b44d057d-c809-583f-8b61-bb6994e7a5f8,Nolan Schanuel,88862c38-1493-5b40-9c6b-6660a4ce4654,1B,False,True,Los Angeles Angels,Houston Astros,away,0,0,0,1,5,1,0,3,0,1,1,3,4,,,,,,,,,,,,
2026-03-26,b44d057d-c809-583f-8b61-bb6994e7a5f8,Josh Lowe,ef406577-04d5-511f-9202-5f9a1b54addb,LF,False,True,Los Angeles Angels,Houston Astros,away,0,0,0,0,4,0,0,2,0,0,0,0,0,,,,,,,,,,,,
2026-03-26,b44d057d-c809-583f-8b61-bb6994e7a5f8,Bryce Teodosio,2e92cd67-6ffe-5f76-b1f5-83b535ba679a,RF,False,False,Los Angeles Angels,Houston Astros,away,0,0,0,0,1,0,0,0,0,0,0,0,0,,,,,,,,,,,,
2026-03-26,b44d057d-c809-583f-8b61-bb6994e7a5f8,Walbert Urena,1610dba3-fe1c-5146-9f90-676faf3be1ce,P,True,False,Los Angeles Angels,Houston Astros,away,,,,,,,,,,,,,,0.2,2,1,1,1,0,0,,14,0,0.5,13.5
2026-03-26,b44d057d-c809-583f-8b61-bb6994e7a5f8,Logan O'Hoppe,5338530a-7eeb-53b6-9744-b4577b90a65e,C,False,True,Los Angeles Angels,Houston Astros,away,2,0,0,0,4,2,0,2,0,0,0,2,2,,,,,,,,,,,,
2026-03-26,b44d057d-c809-583f-8b61-bb6994e7a5f8,Jordan Romano,99ca4c88-8bc1-5d13-93cb-6fda2c9141e3,P,True,False,Los Angeles Angels,Houston Astros,away,,,,,,,,,,,,,,1,3,1,1,0,0,0,,12,0,0.3333333333333333,9.0
2026-03-26,c599042f-cd91-531e-b348-5028383a8fee,Nolan Gorman,be501aad-9273-5dd4-a194-dcbebb3849ba,3B,False,True,St. Louis Cardinals,Tampa Bay Rays,home,1,0,0,0,4,1,0,1,0,1,2,4,1,,,,,,,,,,,,
2026-03-26,c599042f-cd91-531e-b348-5028383a8fee,Matt Svanson,88304b64-9d4b-50f4-91e1-07fd0bab795d,P,True,False,St. Louis Cardinals,Tampa Bay Rays,home,,,,,,,,,,,,,,0.1,1,0,0,3,0,3,,16,3,0.0,0.0
2026-03-26,c599042f-cd91-531e-b348-5028383a8fee,Jordan Walker,e10767c9-8f24-56db-9597-f92e37c6514d,RF,False,True,St. Louis Cardinals,Tampa Bay Rays,home,0,1,0,0,4,1,0,0,0,1,0,2,2,,,,,,,,,,,,
2026-03-26,c599042f-cd91-531e-b348-5028383a8fee,Nathan Church,b5df23ff-260a-5bc9-b5d7-884ca21ef688,LF,False,True,St. Louis Cardinals,Tampa Bay Rays,home,3,0,0,0,4,3,0,0,0,1,2,6,3,,,,,,,,,,,,
2026-03-26,c599042f-cd91-531e-b348-5028383a8fee,Victor Scott II,4505d0dc-de10-56ef-ab3f-29ed1056473f,CF,False,True,St. Louis Cardinals,Tampa Bay Rays,home,3,0,0,0,4,3,0,0,2,1,0,4,3,,,,,,,,,,,,
2026-03-26,c599042f-cd91-531e-b348-5028383a8fee,Chris Roycroft,6a12d86f-76a9-555d-be29-7e1afe5d29ac,P,True,False,St. Louis Cardinals,Tampa Bay Rays,home,,,,,,,,,,,,,,0.1,1,0,0,3,0,1,,13,1,0.0,0.0
2026-03-26,c599042f-cd91-531e-b348-5028383a8fee,JoJo Romero,e2a9f27c-148d-5202-bb6b-c34a5ba5ecee,P,True,False,St. Louis Cardinals,Tampa Bay Rays,home,,,,,,,,,,,,,,0.2,2,0,0,2,0,0,,9,0,0.0,0.0
2026-03-26,c599042f-cd91-531e-b348-5028383a8fee,JJ Wetherholt,c0507a84-2f5c-53c7-8260-93f2e7bc2162,2B,False,True,St. Louis Cardinals,Tampa Bay Rays,home,0,0,0,1,5,1,0,1,0,1,2,4,4,,,,,,,,,,,,
2026-03-26,c599042f-cd91-531e-b348-5028383a8fee,Justin Bruihl,133de3fb-6d64-5e4e-8774-81d2b394a7f0,P,True,False,St. Louis Cardinals,Tampa Bay Rays,home,,,,,,,,,,,,,,0.1,1,0,1,1,0,2,,9,2,0.0,0.0
2026-03-26,c599042f-cd91-531e-b348-5028383a8fee,Alec Burleson,68452ca8-6fdd-5413-a220-a1e5177c8deb,1B,False,True,St. Louis Cardinals,Tampa Bay Rays,home,2,0,0,1,5,3,1,0,0,2,2,7,6,,,,,,,,,,,,
2026-03-26,c599042f-cd91-531e-b348-5028383a8fee,Riley O'Brien,7d05e862-eaea-58b0-8549-ac099c30e7cd,P,True,False,St. Louis Cardinals,Tampa Bay Rays,home,,,,,,,,,,,,,,1.1,4,2,0,1,0,0,,17,0,0.5,13.5
2026-03-26,c599042f-cd91-531e-b348-5028383a8fee,Matthew Liberatore,29934490-8067-543d-be06-ad5bb8ed0024,P,True,True,St. Louis Cardinals,Tampa Bay Rays,home,,,,,,,,,,,,,,5,15,2,2,7,1,1,,78,1,0.13333333333333333,3.6
2026-03-26,c599042f-cd91-531e-b348-5028383a8fee,Pedro Pagés,719006eb-d990-515a-9cb3-2a4186659958,C,False,True,St. Louis Cardinals,Tampa Bay Rays,home,1,0,0,0,4,1,0,0,0,1,0,2,1,,,,,,,,,,,,
2026-03-26,c599042f-cd91-531e-b348-5028383a8fee,Ramón Urías,e3463798-6a26-51fa-b4b3-22832aefe3ff,3B,False,False,St. Louis Cardinals,Tampa Bay Rays,home,0,0,0,0,0,0,0,0,0,0,0,0,0,,,,,,,,,,,,
2026-03-26,c599042f-cd91-531e-b348-5028383a8fee,Ryne Stanek,8e7700b0-aad6-5c4a-90df-68e5c18db9a8,P,True,False,St. Louis Cardinals,Tampa Bay Rays,home,,,,,,,,,,,,,,1,3,1,3,0,0,0,,26,0,0.3333333333333333,9.0
2026-03-26,c599042f-cd91-531e-b348-5028383a8fee,Masyn Winn,ddea3cbf-3275-5d72-a43d-5899f5fa2390,SS,False,True,St. Louis Cardinals,Tampa Bay Rays,home,0,1,0,0,5,1,0,1,0,1,0,2,2,,,,,,,,,,,,
2026-03-26,c599042f-cd91-531e-b348-5028383a8fee,Iván Herrera,2b86e80e-433d-54c4-a2c1-a0d16d28e3dc,DH,False,False,St. Louis Cardinals,Tampa Bay Rays,home,0,0,0,0,5,0,0,0,0,0,1,1,0,,,,,,,,,,,,
2026-03-26,c599042f-cd91-531e-b348-5028383a8fee,Richie Palacios,f73a8757-1504-5ae4-bcf4-884ea15f5174,2B,False,False,Tampa Bay Rays,St. Louis Cardinals,away,0,0,0,0,2,0,0,1,0,0,0,0,0,,,,,,,,,,,,
2026-03-26,c599042f-cd91-531e-b348-5028383a8fee,Carson Williams,2f38b1e0-2b43-5a13-aa76-446260f08a38,SS,False,True,Tampa Bay Rays,St. Louis Cardinals,away,1,0,0,0,5,1,0,1,0,1,0,2,1,,,,,,,,,,,,
2026-03-26,c599042f-cd91-531e-b348-5028383a8fee,Ryan Vilade,7f7f7e5d-479b-5d2a-a4bc-2c1278490861,LF,False,True,Tampa Bay Rays,St. Louis Cardinals,away,0,0,0,0,3,0,0,0,0,0,0,0,0,,,,,,,,,,,,
2026-03-26,c599042f-cd91-531e-b348-5028383a8fee,Jake Fraley,9f4bcb6d-0f3d-580f-985b-cc730b0a26e5,RF,False,False,Tampa Bay Rays,St. Louis Cardinals,away,1,0,0,0,1,1,0,0,0,0,0,1,1,,,,,,,,,,,,
2026-03-26,c599042f-cd91-531e-b348-5028383a8fee,Chandler Simpson,e8a47c28-d0c4-55d9-8402-e290b94ba76d,LF,False,False,Tampa Bay Rays,St. Louis Cardinals,away,1,0,0,0,3,1,0,0,0,1,1,3,1,,,,,,,,,,,,
2026-03-26,c599042f-cd91-531e-b348-5028383a8fee,Jonny DeLuca,18e76306-3c90-58e3-8beb-27a4572e4c71,RF,False,True,Tampa Bay Rays,St. Louis Cardinals,away,2,0,0,0,4,2,0,0,0,0,2,4,2,,,,,,,,,,,,
2026-03-26,c599042f-cd91-531e-b348-5028383a8fee,Ian Seymour,c83440e7-b158-502b-90d5-a0fdc594c962,P,True,False,Tampa Bay Rays,St. Louis Cardinals,away,,,,,,,,,,,,,,0,0,0,0,5,0,5,,21,5,,
2026-03-26,c599042f-cd91-531e-b348-5028383a8fee,Garrett Cleavinger,6aa2d35e-ad97-5f5e-a2b8-71cdceaf0b31,P,True,False,Tampa Bay Rays,St. Louis Cardinals,away,,,,,,,,,,,,,,0.1,1,0,0,2,0,2,,9,2,0.0,0.0
2026-03-26,c599042f-cd91-531e-b348-5028383a8fee,Hunter Feduccia,d884053e-cef3-576f-bd4e-54920955e8fe,C,False,False,Tampa Bay Rays,St. Louis Cardinals,away,0,0,0,0,1,0,0,1,0,0,0,0,0,,,,,,,,,,,,
2026-03-26,c599042f-cd91-531e-b348-5028383a8fee,Jonathan Aranda,f3e0ad1f-94c2-5388-8f31-9baa1e72f471,1B,False,True,Tampa Bay Rays,St. Louis Cardinals,away,1,0,0,1,6,2,1,1,0,1,2,5,5,,,,,,,,,,,,
2026-03-26,c599042f-cd91-531e-b348-5028383a8fee,Nick Fortes,f24e024c-1c51-502c-8866-34dbafb91126,C,False,True,Tampa Bay Rays,St. Louis Cardinals,away,3,0,0,0,4,3,0,0,0,1,1,5,3,,,,,,,,,,,,
2026-03-26,c599042f-cd91-531e-b348-5028383a8fee,Griffin Jax,50145c2b-9b4f-5f05-8527-7ad883e0e3b1,P,True,False,Tampa Bay Rays,St. Louis Cardinals,away,,,,,,,,,,,,,,0.2,2,0,0,1,1,1,,14,1,0.0,0.0
2026-03-26,c599042f-cd91-531e-b348-5028383a8fee,Yandy Díaz,382a432b-7569-5972-a70e-6270ec94a244,DH,False,False,Tampa Bay Rays,St. Louis Cardinals,away,3,0,0,0,6,3,1,0,0,1,0,4,3,,,,,,,,,,,,
2026-03-26,c599042f-cd91-531e-b348-5028383a8fee,Ben Williamson,ac1660ef-9f73-5523-b351-97539670590b,2B,False,True,Tampa Bay Rays,St. Louis Cardinals,away,3,0,0,0,4,3,0,0,0,1,1,5,3,,,,,,,,,,,,
2026-03-26,c599042f-cd91-531e-b348-5028383a8fee,Junior Caminero,00646ce3-90a0-5f44-9b75-d7f277143ba5,3B,False,True,Tampa Bay Rays,St. Louis Cardinals,away,1,0,0,0,6,1,4,1,0,1,0,2,1,,,,,,,,,,,,
2026-03-26,c599042f-cd91-531e-b348-5028383a8fee,Yoendrys Gómez,626d56c2-e478-5409-8de4-eb4e138b153c,P,True,False,Tampa Bay Rays,St. Louis Cardinals,away,,,,,,,,,,,,,,2,6,1,1,2,0,0,,28,0,0.16666666666666666,4.5
2026-03-26,c599042f-cd91-531e-b348-5028383a8fee,Drew Rasmussen,fbe91629-4cb1-527e-88c1-8be87c16ec57,P,True,True,Tampa Bay Rays,St. Louis Cardinals,away,,,,,,,,,,,,,,5,15,2,0,4,1,1,,73,1,0.13333333333333333,3.6
2026-03-26,c599042f-cd91-531e-b348-5028383a8fee,Cedric Mullins,88cf2c8c-311c-568d-90a3-428db492786f,CF,False,True,Tampa Bay Rays,St. Louis Cardinals,away,0,0,0,0,5,0,0,0,0,0,0,0,0,,,,,,,,,,,,
2026-03-26,e59634ec-a84b-5b10-b65f-afa9e0d936e2,Brandon Marsh,428a913a-6990-5ebc-a53f-fe331b036c25,LF,False,True,Philadelphia Phillies,Texas Rangers,home,0,2,0,0,4,2,0,1,0,0,0,2,4,,,,,,,,,,,,
2026-03-26,e59634ec-a84b-5b10-b65f-afa9e0d936e2,Justin Crawford,656815ea-b9fd-59e0-8461-3bdf7f7e3131,CF,False,True,Philadelphia Phillies,Texas Rangers,home,2,0,0,0,4,2,0,0,0,1,0,3,2,,,,,,,,,,,,
2026-03-26,e59634ec-a84b-5b10-b65f-afa9e0d936e2,Cristopher Sánchez,a7504add-9ed5-5359-9bac-3c3e12272909,P,True,True,Philadelphia Phillies,Texas Rangers,home,,,,,,,,,,,,,,6,18,10,0,3,0,0,,87,0,0.5555555555555556,15.0
2026-03-26,e59634ec-a84b-5b10-b65f-afa9e0d936e2,Bryce Harper,c9b6441c-da6d-5f6d-bb63-857c121017fa,1B,False,True,Philadelphia Phillies,Texas Rangers,home,0,0,0,0,4,0,0,2,0,0,0,0,0,,,,,,,,,,,,
2026-03-26,e59634ec-a84b-5b10-b65f-afa9e0d936e2,J.T. Realmuto,0d9765bd-d345-5aaf-b9ad-1a15792ac037,C,False,True,Philadelphia Phillies,Texas Rangers,home,0,0,0,0,4,0,0,3,0,0,0,0,0,,,,,,,,,,,,
2026-03-26,e59634ec-a84b-5b10-b65f-afa9e0d936e2,Jhoan Duran,cbc3e25d-643b-56fc-9abf-1dbb02b584f3,P,True,False,Philadelphia Phillies,Texas Rangers,home,,,,,,,,,,,,,,0.2,2,1,0,1,0,0,,12,0,0.5,13.5
2026-03-26,e59634ec-a84b-5b10-b65f-afa9e0d936e2,Alec Bohm,9bbc34c0-5769-5c7f-8cf4-607f25730d26,3B,False,True,Philadelphia Phillies,Texas Rangers,home,0,0,0,1,4,1,1,0,0,1,3,5,4,,,,,,,,,,,,
2026-03-26,e59634ec-a84b-5b10-b65f-afa9e0d936e2,Jonathan Bowlan,1cdb12e1-607f-5f88-a956-1e42c389d1a3,P,True,False,Philadelphia Phillies,Texas Rangers,home,,,,,,,,,,,,,,1,3,0,0,1,0,0,,8,0,0.0,0.0
2026-03-26,e59634ec-a84b-5b10-b65f-afa9e0d936e2,Bryson Stott,c063d114-6426-54da-a28d-bd4eb1d1d948,2B,False,True,Philadelphia Phillies,Texas Rangers,home,2,0,0,0,4,2,0,1,1,0,0,2,2,,,,,,,,,,,,
2026-03-26,e59634ec-a84b-5b10-b65f-afa9e0d936e2,Kyle Schwarber,a60a2cbf-f012-56e9-acc4-184d76ff8219,DH,False,False,Philadelphia Phillies,Texas Rangers,home,0,0,0,1,4,1,0,1,0,1,2,4,4,,,,,,,,,,,,
2026-03-26,e59634ec-a84b-5b10-b65f-afa9e0d936e2,Zach Pop,70072dca-1ce1-564d-ac94-30a6d1fcddc5,P,True,False,Philadelphia Phillies,Texas Rangers,home,,,,,,,,,,,,,,1,3,0,1,0,0,0,,21,0,0.0,0.0
2026-03-26,e59634ec-a84b-5b10-b65f-afa9e0d936e2,Adolis García,2c62b85f-73e6-5aff-af94-15901f508fb2,RF,False,True,Philadelphia Phillies,Texas Rangers,home,0,0,0,0,4,0,0,2,0,0,0,0,0,,,,,,,,,,,,
2026-03-26,e59634ec-a84b-5b10-b65f-afa9e0d936e2,Trea Turner,f38b6d42-2ac2-5480-adbc-729df0f14126,SS,False,True,Philadelphia Phillies,Texas Rangers,home,2,0,0,0,4,2,0,0,0,2,0,4,2,,,,,,,,,,,,
2026-03-26,e59634ec-a84b-5b10-b65f-afa9e0d936e2,Kyle Backhus,793823ac-a817-5e7e-92a0-81c19eb4fc41,P,True,False,Philadelphia Phillies,Texas Rangers,home,,,,,,,,,,,,,,0.1,1,0,0,3,1,3,,20,3,0.0,0.0
2026-03-26,e59634ec-a84b-5b10-b65f-afa9e0d936e2,Evan Carter,f35e83f3-06d6-5c07-b669-1e0cd310d86e,CF,False,False,Texas Rangers,Philadelphia Phillies,away,0,0,0,0,2,0,0,0,0,0,0,0,0,,,,,,,,,,,,
2026-03-26,e59634ec-a84b-5b10-b65f-afa9e0d936e2,Wyatt Langford,882a170b-e284-5079-9ca4-351da4aad0f2,LF,False,True,Texas Rangers,Philadelphia Phillies,away,0,0,0,0,4,0,0,2,0,0,0,0,0,,,,,,,,,,,,
2026-03-26,e59634ec-a84b-5b10-b65f-afa9e0d936e2,Jake Burger,405e9f4a-6c45-52e5-92ca-d856c0888e10,1B,False,True,Texas Rangers,Philadelphia Phillies,away,2,0,0,1,4,3,0,1,0,1,2,6,6,,,,,,,,,,,,
2026-03-26,e59634ec-a84b-5b10-b65f-afa9e0d936e2,Tyler Alexander,aa46bcb4-ff17-53b7-ae2b-4a1721bcd92b,P,True,False,Texas Rangers,Philadelphia Phillies,away,,,,,,,,,,,,,,1,3,0,0,0,0,0,,9,0,0.0,0.0
2026-03-26,e59634ec-a84b-5b10-b65f-afa9e0d936e2,Joc Pederson,a8accc9b-5d7c-5c48-b5dc-24a6f0b7b652,DH,False,False,Texas Rangers,Philadelphia Phillies,away,0,0,0,0,1,0,0,0,0,0,0,0,0,,,,,,,,,,,,
2026-03-26,e59634ec-a84b-5b10-b65f-afa9e0d936e2,Jalen Beeks,1b0188a9-51e8-5aab-98ab-689bb43d883c,P,True,False,Texas Rangers,Philadelphia Phillies,away,,,,,,,,,,,,,,1.1,4,2,0,1,0,0,,28,0,0.5,13.5
2026-03-26,e59634ec-a84b-5b10-b65f-afa9e0d936e2,Corey Seager,0a8aa1ff-7f96-5ea3-91c5-f80c15eed600,SS,False,True,Texas Rangers,Philadelphia Phillies,away,2,0,0,0,4,2,0,1,0,1,0,3,2,,,,,,,,,,,,
2026-03-26,e59634ec-a84b-5b10-b65f-afa9e0d936e2,Josh Jung,c0339e5b-fadd-5807-97d2-084bf40ec3f0,3B,False,True,Texas Rangers,Philadelphia Phillies,away,0,0,0,0,4,0,0,1,0,0,0,0,0,,,,,,,,,,,,
2026-03-26,e59634ec-a84b-5b10-b65f-afa9e0d936e2,Andrew McCutchen,22ae9ba7-a153-55b1-9737-6b114127a2a3,DH,False,False,Texas Rangers,Philadelphia Phillies,away,0,1,0,0,2,1,0,1,0,0,0,1,2,,,,,,,,,,,,
2026-03-26,e59634ec-a84b-5b10-b65f-afa9e0d936e2,Kyle Higashioka,aed03174-10a2-5ebe-adfa-83b14b307c24,PH,False,False,Texas Rangers,Philadelphia Phillies,away,1,0,0,0,1,1,0,0,0,1,0,2,1,,,,,,,,,,,,
2026-03-26,e59634ec-a84b-5b10-b65f-afa9e0d936e2,Ezequiel Duran,3e6051c8-4c13-582e-ad57-c600a7c2174b,PH,False,False,Texas Rangers,Philadelphia Phillies,away,0,0,0,0,1,0,0,1,0,0,0,0,0,,,,,,,,,,,,
2026-03-26,e59634ec-a84b-5b10-b65f-afa9e0d936e2,Brandon Nimmo,8954e7a7-4f31-5f8f-9888-a809b7b43d88,RF,False,True,Texas Rangers,Philadelphia Phillies,away,0,0,0,0,4,0,1,1,0,0,0,0,0,,,,,,,,,,,,
2026-03-26,e59634ec-a84b-5b10-b65f-afa9e0d936e2,Josh Smith,b7d79367-f94a-515d-b182-46692bc3d8c5,2B,False,True,Texas Rangers,Philadelphia Phillies,away,0,0,0,0,3,0,0,1,0,0,0,0,0,,,,,,,,,,,,
2026-03-26,e59634ec-a84b-5b10-b65f-afa9e0d936e2,Sam Haggerty,93c872f8-31f7-553c-8c85-82ababe848a2,LF,False,True,Texas Rangers,Philadelphia Phillies,away,0,0,0,0,2,0,0,2,0,0,0,0,0,,,,,,,,,,,,
2026-03-26,e59634ec-a84b-5b10-b65f-afa9e0d936e2,Danny Jansen,40547d59-1eb3-5e24-9ee7-9609f66e218a,C,False,True,Texas Rangers,Philadelphia Phillies,away,1,0,0,0,4,1,0,0,0,0,1,2,1,,,,,,,,,,,,
2026-03-26,e59634ec-a84b-5b10-b65f-afa9e0d936e2,Nathan Eovaldi,60d39418-0db3-5830-b7b6-0728ca0cc06c,P,True,True,Texas Rangers,Philadelphia Phillies,away,,,,,,,,,,,,,,4.2,14,7,0,8,2,5,,80,5,0.5,13.5
2026-03-26,e59634ec-a84b-5b10-b65f-afa9e0d936e2,Carter Baumler,ed63b150-d1bd-5660-9d12-bec1f723e014,P,True,False,Texas Rangers,Philadelphia Phillies,away,,,,,,,,,,,,,,1,3,1,1,1,0,0,,26,0,0.3333333333333333,9.0
2026-03-26,6f376784-1db4-5b9f-9c10-c887b39e5fca,Will Smith,a99e1cc5-b7ce-57f3-b25f-a35eb434a138,C,False,True,Los Angeles Dodgers,Arizona Diamondbacks,home,1,0,0,1,4,2,0,0,0,1,3,6,5,,,,,,,,,,,,
2026-03-26,6f376784-1db4-5b9f-9c10-c887b39e5fca,Kyle Tucker,2de01d55-4dd3-5bc3-b8e2-7859bbfdb79f,RF,False,True,Los Angeles Dodgers,Arizona Diamondbacks,home,0,1,0,0,5,1,1,0,0,1,1,3,2,,,,,,,,,,,,
2026-03-26,6f376784-1db4-5b9f-9c10-c887b39e5fca,Max Muncy,8d258a66-1273-5363-89c6-87933a281e74,3B,False,True,Los Angeles Dodgers,Arizona Diamondbacks,home,1,0,0,0,4,1,2,1,0,1,0,2,1,,,,,,,,,,,,
2026-03-26,6f376784-1db4-5b9f-9c10-c887b39e5fca,Freddie Freeman,6ddad2d6-c3a0-5592-8632-a05db59af193,1B,False,True,Los Angeles Dodgers,Arizona Diamondbacks,home,0,0,0,0,5,0,1,0,0,0,0,0,0,,,,,,,,,,,,
2026-03-26,6f376784-1db4-5b9f-9c10-c887b39e5fca,Tanner Scott,6e873ad9-8cda-5a19-8663-0e88694246cd,P,True,False,Los Angeles Dodgers,Arizona Diamondbacks,home,,,,,,,,,,,,,,1,3,0,0,0,0,0,,8,0,0.0,0.0
2026-03-26,6f376784-1db4-5b9f-9c10-c887b39e5fca,Shohei Ohtani,c4531087-0c95-5e6e-8d3c-604e0b0fc776,DH,False,False,Los Angeles Dodgers,Arizona Diamondbacks,home,1,0,0,0,5,1,1,0,0,1,0,2,1,,,,,,,,,,,,
2026-03-26,6f376784-1db4-5b9f-9c10-c887b39e5fca,Will Klein,9b1be778-68a0-5cb7-abbf-427e9b848cb0,P,True,False,Los Angeles Dodgers,Arizona Diamondbacks,home,,,,,,,,,,,,,,1,3,1,0,0,0,0,,9,0,0.3333333333333333,9.0
2026-03-26,6f376784-1db4-5b9f-9c10-c887b39e5fca,Teoscar Hernández,963905ee-cf72-5886-afd2-4e77a95c6134,LF,False,True,Los Angeles Dodgers,Arizona Diamondbacks,home,1,0,0,0,4,1,0,0,0,1,0,2,1,,,,,,,,,,,,
2026-03-26,6f376784-1db4-5b9f-9c10-c887b39e5fca,Andy Pages,1057dfe8-f4c3-58d4-be2b-63d4efdf2228,CF,False,True,Los Angeles Dodgers,Arizona Diamondbacks,home,1,0,0,1,4,2,0,1,0,1,3,6,5,,,,,,,,,,,,
2026-03-26,6f376784-1db4-5b9f-9c10-c887b39e5fca,Mookie Betts,93f6ca91-7be2-55cc-8e42-a295fae94395,SS,False,True,Los Angeles Dodgers,Arizona Diamondbacks,home,1,0,0,0,5,1,0,1,0,1,1,3,1,,,,,,,,,,,,
2026-03-26,6f376784-1db4-5b9f-9c10-c887b39e5fca,Miguel Rojas,daef22b8-e349-5c2a-baf6-493ad8567907,2B,False,True,Los Angeles Dodgers,Arizona Diamondbacks,home,1,0,0,0,4,1,0,1,0,1,0,2,1,,,,,,,,,,,,
2026-03-26,6f376784-1db4-5b9f-9c10-c887b39e5fca,Blake Treinen,58320a8c-05ae-5e90-bc89-759f1d31b613,P,True,False,Los Angeles Dodgers,Arizona Diamondbacks,home,,,,,,,,,,,,,,1,3,1,0,1,0,0,,15,0,0.3333333333333333,9.0
2026-03-26,6f376784-1db4-5b9f-9c10-c887b39e5fca,Yoshinobu Yamamoto,09306b1c-20e2-5e3d-89f8-cc7f8f145f4c,P,True,True,Los Angeles Dodgers,Arizona Diamondbacks,home,,,,,,,,,,,,,,6,18,6,0,5,1,2,,95,2,0.3333333333333333,9.0
2026-03-26,6f376784-1db4-5b9f-9c10-c887b39e5fca,Andrew Hoffmann,3c0cd34a-8ec8-5613-ac20-8b419aa79725,P,True,False,Arizona Diamondbacks,Los Angeles Dodgers,away,,,,,,,,,,,,,,1.2,5,0,2,1,0,0,,33,0,0.0,0.0
2026-03-26,6f376784-1db4-5b9f-9c10-c887b39e5fca,Jordan Lawlar,efc1a492-55fc-5064-9cad-53d91802c077,LF,False,True,Arizona Diamondbacks,Los Angeles Dodgers,away,0,1,0,0,3,1,0,1,0,0,0,1,2,,,,,,,,,,,,
2026-03-26,6f376784-1db4-5b9f-9c10-c887b39e5fca,Juan Morillo,cd151ec4-bdc0-50ea-bac1-6dee6b1199a9,P,True,False,Arizona Diamondbacks,Los Angeles Dodgers,away,,,,,,,,,,,,,,1,3,1,1,1,0,0,,17,0,0.3333333333333333,9.0
2026-03-26,6f376784-1db4-5b9f-9c10-c887b39e5fca,Tim Tawa,cc27f63f-70a0-5138-9eeb-093814a1bc06,DH,False,False,Arizona Diamondbacks,Los Angeles Dodgers,away,1,0,0,0,3,1,0,1,0,0,0,1,1,,,,,,,,,,,,
2026-03-26,6f376784-1db4-5b9f-9c10-c887b39e5fca,Nolan Arenado,aa4157df-7915-5251-83c1-0c1f931c43f0,3B,False,True,Arizona Diamondbacks,Los Angeles Dodgers,away,1,0,0,0,3,1,0,1,0,0,0,1,1,,,,,,,,,,,,
2026-03-26,6f376784-1db4-5b9f-9c10-c887b39e5fca,Ketel Marte,c81e5c80-cc33-537b-b75e-e43d4baeefd8,2B,False,True,Arizona Diamondbacks,Los Angeles Dodgers,away,0,0,0,0,4,0,0,1,0,0,0,0,0,,,,,,,,,,,,
2026-03-26,6f376784-1db4-5b9f-9c10-c887b39e5fca,Geraldo Perdomo,f16aabac-5df9-5d25-854f-705f0f9b265a,SS,False,True,Arizona Diamondbacks,Los Angeles Dodgers,away,1,0,0,1,4,2,0,1,0,1,2,5,5,,,,,,,,,,,,
2026-03-26,6f376784-1db4-5b9f-9c10-c887b39e5fca,Gabriel Moreno,18e63c5c-4632-5dbc-9084-71bfa57a99c7,C,False,True,Arizona Diamondbacks,Los Angeles Dodgers,away,0,0,0,0,4,0,0,1,0,0,0,0,0,,,,,,,,,,,,
2026-03-26,6f376784-1db4-5b9f-9c10-c887b39e5fca,Corbin Carroll,3b6210c9-3db8-5b34-9af5-e972d0b61b99,RF,False,True,Arizona Diamondbacks,Los Angeles Dodgers,away,1,0,0,0,4,1,0,0,0,1,0,2,1,,,,,,,,,,,,
2026-03-26,6f376784-1db4-5b9f-9c10-c887b39e5fca,Taylor Clarke,ee4ac798-96a7-5034-946b-19e82de3d346,P,True,False,Arizona Diamondbacks,Los Angeles Dodgers,away,,,,,,,,,,,,,,0.1,1,0,0,3,1,4,,16,4,0.0,0.0
2026-03-26,6f376784-1db4-5b9f-9c10-c887b39e5fca,Zac Gallen,bf97bf9a-5f0c-5816-97a4-b1c241ff9088,P,True,True,Arizona Diamondbacks,Los Angeles Dodgers,away,,,,,,,,,,,,,,4,12,2,2,5,1,4,,76,4,0.16666666666666666,4.5
2026-03-26,6f376784-1db4-5b9f-9c10-c887b39e5fca,Ryan Thompson,645085dd-3250-5066-a496-2e05bd6fab72,P,True,False,Arizona Diamondbacks,Los Angeles Dodgers,away,,,,,,,,,,,,,,1,3,1,0,0,0,0,,11,0,0.3333333333333333,9.0
2026-03-26,6f376784-1db4-5b9f-9c10-c887b39e5fca,Carlos Santana,1e382352-f767-5763-bb8c-059aceb7ca11,1B,False,True,Arizona Diamondbacks,Los Angeles Dodgers,away,0,0,0,0,3,0,0,1,0,0,0,0,0,,,,,,,,,,,,
2026-03-26,6f376784-1db4-5b9f-9c10-c887b39e5fca,Alek Thomas,877bcfe1-8864-5209-ac98-f3513aa34d93,CF,False,True,Arizona Diamondbacks,Los Angeles Dodgers,away,0,0,0,0,3,0,0,1,0,0,0,0,0,,,,,,,,,,,,
2026-03-26,2694e692-b058-57f7-8ec2-cc79241658a7,Josh Naylor,b882f91d-40d1-58ad-bd6a-b321477642c0,1B,False,True,Seattle Mariners,Cleveland Guardians,home,0,0,0,0,4,0,0,0,0,0,0,0,0,,,,,,,,,,,,
2026-03-26,2694e692-b058-57f7-8ec2-cc79241658a7,Cole Young,bef5f9c5-6df7-5ede-9aac-4b5ba8731f4b,2B,False,True,Seattle Mariners,Cleveland Guardians,home,0,0,0,0,3,0,0,3,0,0,0,0,0,,,,,,,,,,,,
2026-03-26,2694e692-b058-57f7-8ec2-cc79241658a7,Jose A. Ferrer,809651af-1bb9-5a30-ba76-7760606da2fb,P,True,False,Seattle Mariners,Cleveland Guardians,home,,,,,,,,,,,,,,0.2,2,0,0,2,0,0,,11,0,0.0,0.0
2026-03-26,2694e692-b058-57f7-8ec2-cc79241658a7,Randy Arozarena,0f2b9cc8-a738-5f1e-be0e-5c0ae5a3ac57,LF,False,True,Seattle Mariners,Cleveland Guardians,home,0,1,0,0,4,1,0,1,0,0,0,1,2,,,,,,,,,,,,
2026-03-26,2694e692-b058-57f7-8ec2-cc79241658a7,Casey Legumina,8e36214c-00d3-5fb9-9a64-0f104c6e400d,P,True,False,Seattle Mariners,Cleveland Guardians,home,,,,,,,,,,,,,,1,3,2,1,1,0,0,,29,0,0.6666666666666666,18.0
2026-03-26,2694e692-b058-57f7-8ec2-cc79241658a7,Dominic Canzone,73e2b2be-5ea8-5904-9683-089b46807bab,DH,False,False,Seattle Mariners,Cleveland Guardians,home,0,0,0,2,4,2,0,0,0,2,2,6,8,,,,,,,,,,,,
2026-03-26,2694e692-b058-57f7-8ec2-cc79241658a7,Cal Raleigh,21b31397-a06c-5238-83b3-90eee447e28e,C,False,True,Seattle Mariners,Cleveland Guardians,home,0,0,0,0,4,0,1,3,0,0,0,0,0,,,,,,,,,,,,
2026-03-26,2694e692-b058-57f7-8ec2-cc79241658a7,Logan Gilbert,8a640625-71a1-5037-8332-4427ea90660f,P,True,True,Seattle Mariners,Cleveland Guardians,home,,,,,,,,,,,,,,5.1,16,7,0,5,1,3,,86,3,0.4375,11.8125
2026-03-26,2694e692-b058-57f7-8ec2-cc79241658a7,Brendan Donovan,9d05e499-95d1-5224-b19c-323801b2463e,3B,False,True,Seattle Mariners,Cleveland Guardians,home,0,1,0,1,4,2,0,1,0,1,1,4,6,,,,,,,,,,,,
2026-03-26,2694e692-b058-57f7-8ec2-cc79241658a7,Cooper Criswell,5ebbadaa-4ae9-599b-9e8e-0e9d87d2d703,P,True,False,Seattle Mariners,Cleveland Guardians,home,,,,,,,,,,,,,,1,3,1,1,1,1,1,,17,1,0.3333333333333333,9.0
2026-03-26,2694e692-b058-57f7-8ec2-cc79241658a7,Gabe Speier,d17c5e2e-ffd7-50dd-a3d3-19ec8384fe62,P,True,False,Seattle Mariners,Cleveland Guardians,home,,,,,,,,,,,,,,1,3,1,0,3,0,2,,20,2,0.3333333333333333,9.0
2026-03-26,2694e692-b058-57f7-8ec2-cc79241658a7,Leo Rivas,13efd7e6-1b6a-509b-8348-f3f74df6fce9,SS,False,True,Seattle Mariners,Cleveland Guardians,home,0,0,0,0,3,0,1,1,0,0,0,0,0,,,,,,,,,,,,
2026-03-26,2694e692-b058-57f7-8ec2-cc79241658a7,Julio Rodríguez,fffe4545-0e86-5407-906a-645035a15435,CF,False,True,Seattle Mariners,Cleveland Guardians,home,0,0,0,0,4,0,0,3,0,0,0,0,0,,,,,,,,,,,,
2026-03-26,2694e692-b058-57f7-8ec2-cc79241658a7,Luke Raley,27e77a8c-1c02-50cc-b8c2-06d1e891fc5d,RF,False,True,Seattle Mariners,Cleveland Guardians,home,0,0,0,1,4,1,0,2,0,1,1,3,4,,,,,,,,,,,,
2026-03-26,2694e692-b058-57f7-8ec2-cc79241658a7,Shawn Armstrong,5f0c6f60-ac3b-5ec3-b62e-f70dbe817109,P,True,False,Cleveland Guardians,Seattle Mariners,away,,,,,,,,,,,,,,0.2,2,2,0,1,1,1,,10,1,1.0,27.0
2026-03-26,2694e692-b058-57f7-8ec2-cc79241658a7,Chase DeLauter,6df4c8fa-ba98-5c7a-ad19-cf86a2049392,RF,False,True,Cleveland Guardians,Seattle Mariners,away,1,0,0,2,5,3,0,1,0,3,2,8,9,,,,,,,,,,,,
2026-03-26,2694e692-b058-57f7-8ec2-cc79241658a7,Connor Brogdon,1d981dc9-5de4-5f4c-8190-945b936250eb,P,True,False,Cleveland Guardians,Seattle Mariners,away,,,,,,,,,,,,,,1,3,1,0,1,0,0,,16,0,0.3333333333333333,9.0
2026-03-26,2694e692-b058-57f7-8ec2-cc79241658a7,Daniel Schneemann,44aa2c31-5c71-54d6-bd89-c75f77599832,CF,False,True,Cleveland Guardians,Seattle Mariners,away,0,1,0,0,2,1,0,1,0,1,0,2,2,,,,,,,,,,,,
2026-03-26,2694e692-b058-57f7-8ec2-cc79241658a7,Brayan Rocchio,19d4d33d-50bf-55d7-9885-40f4738e6983,2B,False,True,Cleveland Guardians,Seattle Mariners,away,1,1,0,0,4,2,0,1,0,1,2,5,3,,,,,,,,,,,,
2026-03-26,2694e692-b058-57f7-8ec2-cc79241658a7,Gabriel Arias,da74b797-d096-5ec7-bb84-6b0e693536f3,SS,False,True,Cleveland Guardians,Seattle Mariners,away,1,0,0,0,4,1,0,1,0,0,0,1,1,,,,,,,,,,,,
2026-03-26,2694e692-b058-57f7-8ec2-cc79241658a7,Bo Naylor,569c32a2-118a-5902-a55f-3e350c57a8af,C,False,True,Cleveland Guardians,Seattle Mariners,away,0,0,0,0,5,0,0,1,0,0,0,0,0,,,,,,,,,,,,
2026-03-26,2694e692-b058-57f7-8ec2-cc79241658a7,Cade Smith,431e2150-8e44-5087-a282-49c837584e2b,P,True,False,Cleveland Guardians,Seattle Mariners,away,,,,,,,,,,,,,,1,3,1,0,0,0,0,,13,0,0.3333333333333333,9.0
2026-03-26,2694e692-b058-57f7-8ec2-cc79241658a7,José Ramírez,edd283fa-acd6-56e6-a171-35d869385530,3B,False,True,Cleveland Guardians,Seattle Mariners,away,0,1,0,0,5,1,0,2,1,0,2,3,2,,,,,,,,,,,,
2026-03-26,2694e692-b058-57f7-8ec2-cc79241658a7,Steven Kwan,64af661f-a572-5a07-8797-70964b4dbcb2,CF,False,True,Cleveland Guardians,Seattle Mariners,away,0,0,0,0,5,0,0,2,0,0,0,0,0,,,,,,,,,,,,
2026-03-26,2694e692-b058-57f7-8ec2-cc79241658a7,Angel Martínez,a1a79e19-4dd8-5d43-8cf7-324e82cc4a92,LF,False,False,Cleveland Guardians,Seattle Mariners,away,0,0,0,0,2,0,0,1,0,0,0,0,0,,,,,,,,,,,,
2026-03-26,2694e692-b058-57f7-8ec2-cc79241658a7,Kyle Manzardo,1f4ed7ba-eda9-5a00-b87f-9c005e0a44a8,DH,False,False,Cleveland Guardians,Seattle Mariners,away,1,0,0,0,5,1,1,1,0,0,0,1,1,,,,,,,,,,,,
2026-03-26,2694e692-b058-57f7-8ec2-cc79241658a7,Erik Sabrowski,f440cc49-e1e7-5622-8971-bc07b4313d0d,P,True,False,Cleveland Guardians,Seattle Mariners,away,,,,,,,,,,,,,,1.1,4,3,0,0,0,0,,16,0,0.75,20.25
2026-03-26,2694e692-b058-57f7-8ec2-cc79241658a7,Tanner Bibee,c61004d6-b9ea-59d4-b6a6-c887c844fb6e,P,True,True,Cleveland Guardians,Seattle Mariners,away,,,,,,,,,,,,,,5,15,7,2,4,3,3,,78,3,0.4666666666666667,12.6
2026-03-26,2694e692-b058-57f7-8ec2-cc79241658a7,Rhys Hoskins,1c22ec74-00f6-5b13-b698-eeaaf10c7523,1B,False,True,Cleveland Guardians,Seattle Mariners,away,2,1,0,0,4,3,1,0,0,1,0,4,4,,,,,,,,,,,,
2026-03-27,71bf7295-07b8-5e16-b768-a8095ea6386a,Casey Schmitt,e4311142-3ace-57e1-a7f1-cdc5d6796151,1B,False,True,San Francisco Giants,New York Yankees,home,0,0,0,0,3,0,0,1,0,0,0,0,0,,,,,,,,,,,,
2026-03-27,71bf7295-07b8-5e16-b768-a8095ea6386a,Heliot Ramos,521d9176-c734-5b63-9285-a4ab783f6edd,LF,False,True,San Francisco Giants,New York Yankees,home,0,1,0,0,3,1,0,2,0,0,0,1,2,,,,,,,,,,,,
2026-03-27,71bf7295-07b8-5e16-b768-a8095ea6386a,Ryan Walker,9692f352-63be-5068-b624-e61be6dd9643,P,True,False,San Francisco Giants,New York Yankees,home,,,,,,,,,,,,,,0.1,1,1,1,1,0,0,,12,0,1.0,27.0
2026-03-27,71bf7295-07b8-5e16-b768-a8095ea6386a,José Buttó,557504c9-e688-59fa-8309-19867e81887a,P,True,False,San Francisco Giants,New York Yankees,home,,,,,,,,,,,,,,0.2,2,2,0,2,1,1,,17,1,1.0,27.0
2026-03-27,71bf7295-07b8-5e16-b768-a8095ea6386a,Patrick Bailey,7497fb23-555e-57a8-86b0-f3106d26ac72,C,False,True,San Francisco Giants,New York Yankees,home,0,0,0,0,3,0,0,1,0,0,0,0,0,,,,,,,,,,,,
2026-03-27,71bf7295-07b8-5e16-b768-a8095ea6386a,Matt Chapman,2c47b345-ac3d-53c1-b77e-6c5fa7a469bb,3B,False,True,San Francisco Giants,New York Yankees,home,0,0,0,0,4,0,2,1,0,0,0,0,0,,,,,,,,,,,,
2026-03-27,71bf7295-07b8-5e16-b768-a8095ea6386a,Ryan Borucki,a704f31f-a733-515e-a72b-c7063003b288,P,True,False,San Francisco Giants,New York Yankees,home,,,,,,,,,,,,,,0.2,2,0,1,0,0,0,,12,0,0.0,0.0
2026-03-27,71bf7295-07b8-5e16-b768-a8095ea6386a,Jung Hoo Lee,5233b094-55d5-5790-9af1-e92aeb0a3f2a,RF,False,True,San Francisco Giants,New York Yankees,home,0,0,0,0,3,0,0,1,0,0,0,0,0,,,,,,,,,,,,
2026-03-27,71bf7295-07b8-5e16-b768-a8095ea6386a,Rafael Devers,c9835c18-6f1f-57cd-a2ff-0ff6d821b16c,DH,False,False,San Francisco Giants,New York Yankees,home,0,0,0,0,4,0,0,3,0,0,0,0,0,,,,,,,,,,,,
2026-03-27,71bf7295-07b8-5e16-b768-a8095ea6386a,Harrison Bader,91a8ec44-ffa8-5211-b6b0-96ba26567032,CF,False,True,San Francisco Giants,New York Yankees,home,0,0,0,0,3,0,0,1,0,0,0,0,0,,,,,,,,,,,,
2026-03-27,71bf7295-07b8-5e16-b768-a8095ea6386a,Willy Adames,78cc8077-60d2-554c-b37f-99c3e17b50a1,SS,False,True,San Francisco Giants,New York Yankees,home,0,0,0,0,3,0,0,3,0,0,0,0,0,,,,,,,,,,,,
2026-03-27,71bf7295-07b8-5e16-b768-a8095ea6386a,Robbie Ray,be061368-7ddb-5a71-a564-c446e516590f,P,True,True,San Francisco Giants,New York Yankees,home,,,,,,,,,,,,,,5.1,16,4,0,5,1,2,,89,2,0.25,6.75
2026-03-27,71bf7295-07b8-5e16-b768-a8095ea6386a,Erik Miller,6abd12b9-6260-590a-8919-c32a4b913990,P,True,False,San Francisco Giants,New York Yankees,home,,,,,,,,,,,,,,1,3,0,0,0,0,0,,10,0,0.0,0.0
2026-03-27,71bf7295-07b8-5e16-b768-a8095ea6386a,Luis Arraez,b0939c49-253b-5c8b-b011-386ee0b6e0bc,2B,False,True,San Francisco Giants,New York Yankees,home,0,0,0,0,4,0,0,0,0,0,0,0,0,,,,,,,,,,,,
2026-03-27,71bf7295-07b8-5e16-b768-a8095ea6386a,Matt Gage,79ab18d4-d05e-5433-9b36-3615c6d9c396,P,True,False,San Francisco Giants,New York Yankees,home,,,,,,,,,,,,,,1,3,0,1,0,0,0,,14,0,0.0,0.0
2026-03-27,71bf7295-07b8-5e16-b768-a8095ea6386a,José Caballero,3f93b7e1-37f4-53fe-bb17-5a7915995b76,SS,False,True,New York Yankees,San Francisco Giants,away,2,0,0,0,4,2,0,0,1,0,0,2,2,,,,,,,,,,,,
2026-03-27,71bf7295-07b8-5e16-b768-a8095ea6386a,Randal Grichuk,e524f871-8bd6-58ff-95f9-a86b2ab2af66,LF,False,True,New York Yankees,San Francisco Giants,away,0,0,0,0,2,0,0,0,0,0,0,0,0,,,,,,,,,,,,
2026-03-27,71bf7295-07b8-5e16-b768-a8095ea6386a,Amed Rosario,18dd22ed-d387-5bf0-957d-c3cff4edde3c,3B,False,True,New York Yankees,San Francisco Giants,away,0,0,0,0,2,0,0,0,0,0,0,0,0,,,,,,,,,,,,
2026-03-27,71bf7295-07b8-5e16-b768-a8095ea6386a,Aaron Judge,e0e52a0f-4e54-5f0c-b584-6ec85c33c7f7,RF,False,True,New York Yankees,San Francisco Giants,away,0,0,0,1,4,1,0,2,0,1,2,4,4,,,,,,,,,,,,
2026-03-27,71bf7295-07b8-5e16-b768-a8095ea6386a,Ryan McMahon,d0d749e6-fb57-548c-9393-e889a94c8291,3B,False,False,New York Yankees,San Francisco Giants,away,0,0,0,0,2,0,1,1,0,0,0,0,0,,,,,,,,,,,,
2026-03-27,71bf7295-07b8-5e16-b768-a8095ea6386a,Tim Hill,384dc4b2-51ff-5793-aac7-63641d20da3f,P,True,False,New York Yankees,San Francisco Giants,away,,,,,,,,,,,,,,1,3,2,0,0,0,0,,12,0,0.6666666666666666,18.0
2026-03-27,71bf7295-07b8-5e16-b768-a8095ea6386a,Paul Goldschmidt,f846be2d-cc6b-5f1a-b6f1-d5c84b8ed6a2,1B,False,True,New York Yankees,San Francisco Giants,away,0,1,0,0,5,1,0,0,0,1,0,2,2,,,,,,,,,,,,
2026-03-27,71bf7295-07b8-5e16-b768-a8095ea6386a,Austin Wells,2e880dd6-2476-55d3-990b-4d3f66d3f496,C,False,True,New York Yankees,San Francisco Giants,away,0,0,0,0,4,0,0,1,0,0,0,0,0,,,,,,,,,,,,
2026-03-27,71bf7295-07b8-5e16-b768-a8095ea6386a,Fernando Cruz,d385d787-f0ae-5bba-bf3f-b2fc35d2781a,P,True,False,New York Yankees,San Francisco Giants,away,,,,,,,,,,,,,,0.2,2,0,1,0,0,0,,10,0,0.0,0.0
2026-03-27,71bf7295-07b8-5e16-b768-a8095ea6386a,Cody Bellinger,04e3eefb-9d41-548f-ba06-60abe4b82454,LF,False,True,New York Yankees,San Francisco Giants,away,1,0,0,0,4,1,1,0,0,0,0,1,1,,,,,,,,,,,,
2026-03-27,71bf7295-07b8-5e16-b768-a8095ea6386a,Giancarlo Stanton,3d9084cc-f18f-50e5-944a-c1eaa74fa2a2,DH,False,False,New York Yankees,San Francisco Giants,away,1,0,0,1,4,2,0,1,0,1,1,4,5,,,,,,,,,,,,
2026-03-27,71bf7295-07b8-5e16-b768-a8095ea6386a,Jazz Chisholm Jr.,bce3e6ee-1f99-5f80-90fb-c8d538c9d546,2B,False,True,New York Yankees,San Francisco Giants,away,1,0,0,0,4,1,0,2,0,0,0,1,1,,,,,,,,,,,,
2026-03-27,71bf7295-07b8-5e16-b768-a8095ea6386a,Camilo Doval,500f93ca-4d1a-5dcb-a2ab-d8efb6dcc204,P,True,False,New York Yankees,San Francisco Giants,away,,,,,,,,,,,,,,1,3,3,0,0,0,0,,12,0,1.0,27.0
2026-03-27,71bf7295-07b8-5e16-b768-a8095ea6386a,Trent Grisham,6c818210-215a-5a0f-94c1-d805ae6b416f,CF,False,False,New York Yankees,San Francisco Giants,away,0,0,0,0,2,0,1,0,0,0,0,0,0,,,,,,,,,,,,
2026-03-27,71bf7295-07b8-5e16-b768-a8095ea6386a,David Bednar,ee6f3fb6-e2c4-5de3-b7ed-9df513957989,P,True,False,New York Yankees,San Francisco Giants,away,,,,,,,,,,,,,,1,3,0,1,0,0,0,,19,0,0.0,0.0
2026-03-27,71bf7295-07b8-5e16-b768-a8095ea6386a,Cam Schlittler,9cb33611-8908-54d9-ad1c-286244aeb890,P,True,True,New York Yankees,San Francisco Giants,away,,,,,,,,,,,,,,5.1,16,8,0,1,0,0,,68,0,0.5,13.5
2026-03-27,73b3f4e6-02a9-5221-9069-11990467b679,Louis Varland,43a301da-e095-5382-ac97-cdfd89964564,P,True,False,Toronto Blue Jays,Athletics,home,,,,,,,,,,,,,,1,3,1,1,1,0,0,,16,0,0.3333333333333333,9.0
2026-03-27,73b3f4e6-02a9-5221-9069-11990467b679,Ernie Clement,988f69d3-1ea5-5410-b27c-6ff47e783156,2B,False,True,Toronto Blue Jays,Athletics,home,0,2,0,0,4,2,0,0,0,1,0,3,4,,,,,,,,,,,,
2026-03-27,73b3f4e6-02a9-5221-9069-11990467b679,Daulton Varsho,c87cf210-4b8f-50d7-bfd9-fa6cf7616329,CF,False,True,Toronto Blue Jays,Athletics,home,0,0,0,0,4,0,0,1,0,0,0,0,0,,,,,,,,,,,,
2026-03-27,73b3f4e6-02a9-5221-9069-11990467b679,Kevin Gausman,d7370b86-c09c-5d4c-a1f0-2ed401f4c682,P,True,True,Toronto Blue Jays,Athletics,home,,,,,,,,,,,,,,6,18,11,0,1,1,1,,83,1,0.6111111111111112,16.5
2026-03-27,73b3f4e6-02a9-5221-9069-11990467b679,Andrés Giménez,0fa89082-0ded-58c2-8fab-9feb8319955a,SS,False,True,Toronto Blue Jays,Athletics,home,1,0,1,0,4,2,1,0,0,0,3,5,4,,,,,,,,,,,,
2026-03-27,73b3f4e6-02a9-5221-9069-11990467b679,Jeff Hoffman,8a30ae2b-cedf-55fd-9f14-4f21591af7ee,P,True,False,Toronto Blue Jays,Athletics,home,,,,,,,,,,,,,,1,3,4,0,1,1,1,,22,1,1.3333333333333333,36.0
2026-03-27,73b3f4e6-02a9-5221-9069-11990467b679,Nathan Lukes,0f9ba003-89a6-5719-aa08-c6f05477a4e5,RF,False,True,Toronto Blue Jays,Athletics,home,0,0,0,0,4,0,1,0,0,0,0,0,0,,,,,,,,,,,,
2026-03-27,73b3f4e6-02a9-5221-9069-11990467b679,Addison Barger,acbb27ca-7bd0-5f3b-8d74-1400045fb79c,RF,False,True,Toronto Blue Jays,Athletics,home,0,0,0,0,4,0,0,1,0,0,0,0,0,,,,,,,,,,,,
2026-03-27,73b3f4e6-02a9-5221-9069-11990467b679,George Springer,b12c925d-b511-5331-a994-839ab4c086ad,DH,False,False,Toronto Blue Jays,Athletics,home,0,0,0,0,4,0,0,0,0,0,0,0,0,,,,,,,,,,,,
2026-03-27,73b3f4e6-02a9-5221-9069-11990467b679,Tyler Rogers,c9270751-0889-57fe-8766-f58a19b2dbda,P,True,False,Toronto Blue Jays,Athletics,home,,,,,,,,,,,,,,1,3,0,1,0,0,0,,13,0,0.0,0.0
2026-03-27,73b3f4e6-02a9-5221-9069-11990467b679,Vladimir Guerrero Jr.,c652a6fb-0803-556b-a03b-9fed12cedf9b,1B,False,True,Toronto Blue Jays,Athletics,home,1,0,0,0,4,1,1,0,0,0,0,1,1,,,,,,,,,,,,
2026-03-27,73b3f4e6-02a9-5221-9069-11990467b679,Myles Straw,51c4113b-ff8e-5728-b588-d6a0be2f776a,LF,False,False,Toronto Blue Jays,Athletics,home,0,0,0,0,0,0,0,0,0,0,0,0,0,,,,,,,,,,,,
2026-03-27,73b3f4e6-02a9-5221-9069-11990467b679,Alejandro Kirk,8676c14f-6022-5f84-8f02-86c9aceff281,C,False,True,Toronto Blue Jays,Athletics,home,0,0,0,0,4,0,0,0,0,0,0,0,0,,,,,,,,,,,,
2026-03-27,73b3f4e6-02a9-5221-9069-11990467b679,Kazuma Okamoto,d79d11dd-a762-5962-aed1-9e87c656e5fc,3B,False,True,Toronto Blue Jays,Athletics,home,2,0,0,0,4,2,1,1,0,2,0,4,2,,,,,,,,,,,,
2026-03-27,73b3f4e6-02a9-5221-9069-11990467b679,Lawrence Butler,84b3c88a-5eef-5848-9e2c-a9f0eabd6386,CF,False,True,Athletics,Toronto Blue Jays,away,0,0,0,0,3,0,0,1,0,0,0,0,0,,,,,,,,,,,,
2026-03-27,73b3f4e6-02a9-5221-9069-11990467b679,Luis Severino,f3e77bdd-d33f-5f7c-86fc-83501e27e5a5,P,True,True,Athletics,Toronto Blue Jays,away,,,,,,,,,,,,,,5,15,3,3,3,0,2,,84,2,0.2,5.4
2026-03-27,73b3f4e6-02a9-5221-9069-11990467b679,Brent Rooker,9d82601b-b14e-5a63-a224-362d63a93501,DH,False,False,Athletics,Toronto Blue Jays,away,0,0,0,0,4,0,0,3,0,0,0,0,0,,,,,,,,,,,,
2026-03-27,73b3f4e6-02a9-5221-9069-11990467b679,Jeff McNeil,3ef9318f-5a03-5a7f-8df9-f326e49cfb1e,2B,False,True,Athletics,Toronto Blue Jays,away,0,0,0,0,3,0,1,1,0,0,0,0,0,,,,,,,,,,,,
2026-03-27,73b3f4e6-02a9-5221-9069-11990467b679,Justin Sterner,88c53013-e5f7-5271-bb17-7e64ce8a9cf9,P,True,False,Athletics,Toronto Blue Jays,away,,,,,,,,,,,,,,0.2,2,0,0,3,0,1,,15,1,0.0,0.0
2026-03-27,73b3f4e6-02a9-5221-9069-11990467b679,Scott Barlow,d4592618-113b-5443-8c2c-302d9651a818,P,True,False,Athletics,Toronto Blue Jays,away,,,,,,,,,,,,,,1.2,5,0,0,1,0,0,,15,0,0.0,0.0
2026-03-27,73b3f4e6-02a9-5221-9069-11990467b679,Carlos Cortes,b10e4d13-0c9b-592c-99f9-974bebe386f0,RF,False,False,Athletics,Toronto Blue Jays,away,0,0,0,0,1,0,0,0,0,0,0,0,0,,,,,,,,,,,,
2026-03-27,73b3f4e6-02a9-5221-9069-11990467b679,Max Muncy,499ef8b1-1d5e-5c2f-82bf-73bceec786a2,3B,False,True,Athletics,Toronto Blue Jays,away,0,0,0,0,3,0,0,2,0,0,0,0,0,,,,,,,,,,,,
2026-03-27,73b3f4e6-02a9-5221-9069-11990467b679,Denzel Clarke,55034696-f1db-58f8-9342-c21b5cfe6dc1,CF,False,True,Athletics,Toronto Blue Jays,away,0,0,0,0,2,0,0,1,0,0,0,0,0,,,,,,,,,,,,
2026-03-27,73b3f4e6-02a9-5221-9069-11990467b679,Tyler Soderstrom,1a12af09-5e6b-518c-9285-c9f3e9156573,LF,False,True,Athletics,Toronto Blue Jays,away,0,0,0,0,4,0,1,2,0,0,0,0,0,,,,,,,,,,,,
2026-03-27,73b3f4e6-02a9-5221-9069-11990467b679,Nick Kurtz,0ee3ade6-1739-552d-b4eb-8eb38b8ba6a0,1B,False,True,Athletics,Toronto Blue Jays,away,0,0,0,0,4,0,0,3,0,0,0,0,0,,,,,,,,,,,,
2026-03-27,73b3f4e6-02a9-5221-9069-11990467b679,Hogan Harris,a9269342-dc5e-51d7-a959-d0c967ea3679,P,True,False,Athletics,Toronto Blue Jays,away,,,,,,,,,,,,,,1.1,4,0,1,0,0,0,,17,0,0.0,0.0
2026-03-27,73b3f4e6-02a9-5221-9069-11990467b679,Shea Langeliers,3de34bb4-e20b-541b-ba54-b22612a81656,C,False,True,Athletics,Toronto Blue Jays,away,1,0,0,2,4,3,0,1,0,2,2,7,9,,,,,,,,,,,,
2026-03-27,73b3f4e6-02a9-5221-9069-11990467b679,Jacob Wilson,bbc991c4-1055-56ae-af55-57b957f437a3,SS,False,True,Athletics,Toronto Blue Jays,away,0,0,0,0,4,0,0,2,0,0,0,0,0,,,,,,,,,,,,
2026-03-27,221fb092-5d42-5fdc-8df1-e245c1aa2529,Griffin Conine,e3341070-8797-525f-ac18-fe883727cad8,RF,False,False,Miami Marlins,Colorado Rockies,home,0,0,0,0,1,0,0,0,0,0,0,0,0,,,,,,,,,,,,
2026-03-27,221fb092-5d42-5fdc-8df1-e245c1aa2529,Pete Fairbanks,71b3e27a-054a-5ba4-9a8f-f19ec5e37249,P,True,False,Miami Marlins,Colorado Rockies,home,,,,,,,,,,,,,,1,3,1,0,1,0,0,,12,0,0.3333333333333333,9.0
2026-03-27,221fb092-5d42-5fdc-8df1-e245c1aa2529,Heriberto Hernández,4be49799-348b-535b-b44d-1a42d82eb903,LF,False,True,Miami Marlins,Colorado Rockies,home,0,0,0,0,4,0,0,0,0,0,0,0,0,,,,,,,,,,,,
2026-03-27,221fb092-5d42-5fdc-8df1-e245c1aa2529,Sandy Alcantara,ff45d73c-8c81-5f15-af71-8955fedab81a,P,True,True,Miami Marlins,Colorado Rockies,home,,,,,,,,,,,,,,7,21,5,2,4,0,0,,73,1,0.23809523809523808,6.428571428571429
2026-03-27,221fb092-5d42-5fdc-8df1-e245c1aa2529,Jakob Marsee,0af43782-4c0c-52a9-94e2-9d9a6da68ce7,CF,False,True,Miami Marlins,Colorado Rockies,home,0,1,0,0,4,1,0,0,1,0,0,1,2,,,,,,,,,,,,
2026-03-27,221fb092-5d42-5fdc-8df1-e245c1aa2529,Javier Sanoja,acccf65d-36f3-5f61-99bf-e798a2a4f76d,LF,False,True,Miami Marlins,Colorado Rockies,home,3,0,0,0,3,3,0,0,0,0,1,4,3,,,,,,,,,,,,
2026-03-27,221fb092-5d42-5fdc-8df1-e245c1aa2529,Xavier Edwards,c495c968-61ae-5861-89a0-df7170538ff7,2B,False,True,Miami Marlins,Colorado Rockies,home,1,0,0,0,4,1,0,0,0,1,0,2,1,,,,,,,,,,,,
2026-03-27,221fb092-5d42-5fdc-8df1-e245c1aa2529,Graham Pauley,606dcc64-c72e-5d4a-9d8c-d61117112980,3B,False,False,Miami Marlins,Colorado Rockies,home,0,0,0,0,0,0,0,0,0,0,0,0,0,,,,,,,,,,,,
2026-03-27,221fb092-5d42-5fdc-8df1-e245c1aa2529,Anthony Bender,4cbf6703-1158-5b61-bc32-4c4a3e028233,P,True,False,Miami Marlins,Colorado Rockies,home,,,,,,,,,,,,,,0.1,1,1,0,1,0,0,,12,0,1.0,27.0
2026-03-27,221fb092-5d42-5fdc-8df1-e245c1aa2529,Owen Caissie,6ae28905-0bc7-52c6-ba9c-af2410655745,DH,False,False,Miami Marlins,Colorado Rockies,home,0,1,0,0,4,1,0,2,0,1,1,3,2,,,,,,,,,,,,
2026-03-27,221fb092-5d42-5fdc-8df1-e245c1aa2529,Agustín Ramírez,c2ec4144-0214-50b3-8140-01ede6f247c1,C,False,True,Miami Marlins,Colorado Rockies,home,0,0,0,0,4,0,1,0,0,0,0,0,0,,,,,,,,,,,,
2026-03-27,221fb092-5d42-5fdc-8df1-e245c1aa2529,Connor Norby,5ca1b2d6-2131-5835-989f-db6fc411a6b8,1B,False,True,Miami Marlins,Colorado Rockies,home,1,1,0,0,4,2,0,0,0,0,0,2,3,,,,,,,,,,,,
2026-03-27,221fb092-5d42-5fdc-8df1-e245c1aa2529,Andrew Nardi,2478f896-56e6-548d-ae94-b92ae1afd232,P,True,False,Miami Marlins,Colorado Rockies,home,,,,,,,,,,,,,,0.2,2,2,0,1,0,0,,11,0,1.0,27.0
2026-03-27,221fb092-5d42-5fdc-8df1-e245c1aa2529,Austin Slater,c3be49f3-e4ef-52f8-b306-784ed1be703e,RF,False,True,Miami Marlins,Colorado Rockies,home,0,0,0,0,3,0,0,1,0,0,0,0,0,,,,,,,,,,,,
2026-03-27,221fb092-5d42-5fdc-8df1-e245c1aa2529,Otto Lopez,5fd2366a-e489-58b4-8ad3-0c6eaaff57c9,SS,False,True,Miami Marlins,Colorado Rockies,home,0,0,0,0,4,0,1,1,0,0,0,0,0,,,,,,,,,,,,
2026-03-27,221fb092-5d42-5fdc-8df1-e245c1aa2529,Jimmy Herget,af57bba4-faef-5755-b526-5734d3736690,P,True,False,Colorado Rockies,Miami Marlins,away,,,,,,,,,,,,,,1.1,4,1,0,2,0,0,,20,0,0.25,6.75
2026-03-27,221fb092-5d42-5fdc-8df1-e245c1aa2529,Jake McCarthy,6997ae3d-a342-5d04-a267-91d371938d45,LF,False,True,Colorado Rockies,Miami Marlins,away,1,0,0,0,3,1,0,1,1,0,0,1,1,,,,,,,,,,,,
2026-03-27,221fb092-5d42-5fdc-8df1-e245c1aa2529,Braxton Fulford,b59a8154-324c-5982-abd7-0653bdad225f,DH,False,False,Colorado Rockies,Miami Marlins,away,0,0,0,0,1,0,0,1,0,0,0,0,0,,,,,,,,,,,,
2026-03-27,221fb092-5d42-5fdc-8df1-e245c1aa2529,Kyle Freeland,959b4f31-bf93-5a03-9fdb-dd6decc91a03,P,True,True,Colorado Rockies,Miami Marlins,away,,,,,,,,,,,,,,4.1,13,2,2,5,0,2,,81,2,0.15384615384615385,4.153846153846154
2026-03-27,221fb092-5d42-5fdc-8df1-e245c1aa2529,Willi Castro,1f049a5e-1a31-56fd-813c-95bc75d37525,LF,False,True,Colorado Rockies,Miami Marlins,away,0,0,0,0,4,0,0,2,0,1,0,1,0,,,,,,,,,,,,
2026-03-27,221fb092-5d42-5fdc-8df1-e245c1aa2529,Brennan Bernardino,49be5cd4-ea2a-532b-b638-5b81dadbb065,P,True,False,Colorado Rockies,Miami Marlins,away,,,,,,,,,,,,,,0.1,1,0,0,0,0,0,,2,0,0.0,0.0
2026-03-27,221fb092-5d42-5fdc-8df1-e245c1aa2529,Juan Mejia,888f8471-638b-5610-a1b5-cc61e50f60e8,P,True,False,Colorado Rockies,Miami Marlins,away,,,,,,,,,,,,,,2,6,1,0,1,0,0,,22,0,0.16666666666666666,4.5
2026-03-27,221fb092-5d42-5fdc-8df1-e245c1aa2529,Edouard Julien,acdd1046-d6e4-53f4-90bb-fde2916b38bf,DH,False,False,Colorado Rockies,Miami Marlins,away,0,0,0,0,2,0,0,1,0,0,0,0,0,,,,,,,,,,,,
2026-03-27,221fb092-5d42-5fdc-8df1-e245c1aa2529,Ryan Ritter,a5ac4133-e9c5-51c2-8d69-e70b0625b1ed,2B,False,False,Colorado Rockies,Miami Marlins,away,0,0,0,0,1,0,0,1,0,0,0,0,0,,,,,,,,,,,,
2026-03-27,221fb092-5d42-5fdc-8df1-e245c1aa2529,Hunter Goodman,6144567b-eae1-58fa-9b5d-d2351f51c9e5,C,False,True,Colorado Rockies,Miami Marlins,away,2,0,0,0,4,2,0,0,0,0,0,2,2,,,,,,,,,,,,
2026-03-27,221fb092-5d42-5fdc-8df1-e245c1aa2529,Jordan Beck,04d7ca3f-26de-5185-b982-e8a46a8c16e5,RF,False,True,Colorado Rockies,Miami Marlins,away,1,0,0,0,4,1,1,0,0,0,1,2,1,,,,,,,,,,,,
2026-03-27,221fb092-5d42-5fdc-8df1-e245c1aa2529,Brett Sullivan,472c8c37-5a62-5577-b307-c676e02d7f52,PR,False,False,Colorado Rockies,Miami Marlins,away,0,0,0,0,0,0,0,0,0,0,0,0,0,,,,,,,,,,,,
2026-03-27,221fb092-5d42-5fdc-8df1-e245c1aa2529,Brenton Doyle,35509183-6eb7-5366-8a93-d9e7405d24ff,CF,False,True,Colorado Rockies,Miami Marlins,away,0,0,0,0,4,0,0,2,0,0,0,0,0,,,,,,,,,,,,
2026-03-27,221fb092-5d42-5fdc-8df1-e245c1aa2529,Ezequiel Tovar,973d0ea7-2ba4-58b5-95ce-ce6704416d1a,SS,False,True,Colorado Rockies,Miami Marlins,away,1,0,0,0,4,1,0,1,0,0,0,1,1,,,,,,,,,,,,
2026-03-27,221fb092-5d42-5fdc-8df1-e245c1aa2529,TJ Rumfield,8fbfa07a-ea2e-592e-9520-5bf531ada10d,1B,False,True,Colorado Rockies,Miami Marlins,away,1,0,0,0,4,1,1,0,0,0,0,1,1,,,,,,,,,,,,
2026-03-27,221fb092-5d42-5fdc-8df1-e245c1aa2529,Kyle Karros,5aeefc0d-9862-57c9-b58f-ab21c2ce4404,3B,False,True,Colorado Rockies,Miami Marlins,away,1,0,0,0,3,1,0,0,0,0,0,1,1,,,,,,,,,,,,
2026-03-27,d82a1cd8-69a4-5f40-aa36-1c564bcd9294,Jonah Heim,32bb2e46-6246-54f8-ab11-2bc1428519db,C,False,True,Atlanta Braves,Kansas City Royals,home,0,0,0,0,4,0,2,0,0,1,0,1,0,,,,,,,,,,,,
2026-03-27,d82a1cd8-69a4-5f40-aa36-1c564bcd9294,Dylan Lee,b6a9d913-8436-591d-a9cd-80087848a2ad,P,True,False,Atlanta Braves,Kansas City Royals,home,,,,,,,,,,,,,,1,3,0,0,0,0,0,,9,0,0.0,0.0
2026-03-27,d82a1cd8-69a4-5f40-aa36-1c564bcd9294,Robert Suarez,210de3d9-d0ff-5632-a4a4-6ab9221794db,P,True,False,Atlanta Braves,Kansas City Royals,home,,,,,,,,,,,,,,1,3,1,0,2,0,0,,17,0,0.3333333333333333,9.0
2026-03-27,d82a1cd8-69a4-5f40-aa36-1c564bcd9294,Michael Harris II,cff14015-b6ae-555e-a442-60e9ddb08b61,CF,False,True,Atlanta Braves,Kansas City Royals,home,0,0,0,1,4,1,0,1,0,1,2,4,4,,,,,,,,,,,,
2026-03-27,d82a1cd8-69a4-5f40-aa36-1c564bcd9294,Mauricio Dubón,47d09ee0-3ea8-5df2-b34c-c6fd76faa3fb,SS,False,True,Atlanta Braves,Kansas City Royals,home,0,1,0,0,4,1,0,2,0,0,2,3,2,,,,,,,,,,,,
2026-03-27,d82a1cd8-69a4-5f40-aa36-1c564bcd9294,Drake Baldwin,1e5f1f08-e9ec-57db-b15f-c1ec8d14d85e,DH,False,False,Atlanta Braves,Kansas City Royals,home,0,0,0,1,5,1,1,0,0,1,1,3,4,,,,,,,,,,,,
2026-03-27,d82a1cd8-69a4-5f40-aa36-1c564bcd9294,Chris Sale,244f9d1d-499e-5795-a396-ac19bbad7805,P,True,True,Atlanta Braves,Kansas City Royals,home,,,,,,,,,,,,,,6,18,6,3,3,0,0,,88,0,0.3333333333333333,9.0
2026-03-27,d82a1cd8-69a4-5f40-aa36-1c564bcd9294,Matt Olson,fa607d2a-7f47-5352-8330-cb074e809054,1B,False,True,Atlanta Braves,Kansas City Royals,home,1,1,0,0,4,2,0,2,0,1,0,3,3,,,,,,,,,,,,
2026-03-27,d82a1cd8-69a4-5f40-aa36-1c564bcd9294,Ronald Acuña Jr.,bf408b79-82a4-5a4a-bb2f-6bdbef2af3cc,RF,False,True,Atlanta Braves,Kansas City Royals,home,0,0,0,0,5,0,0,3,0,0,0,0,0,,,,,,,,,,,,
2026-03-27,d82a1cd8-69a4-5f40-aa36-1c564bcd9294,Tyler Kinley,42de22d0-6456-596f-848b-5cf21ea6f7cc,P,True,False,Atlanta Braves,Kansas City Royals,home,,,,,,,,,,,,,,1,3,1,0,0,0,0,,13,0,0.3333333333333333,9.0
2026-03-27,d82a1cd8-69a4-5f40-aa36-1c564bcd9294,Eli White,834441df-51be-58ee-b9ae-8897115e2079,LF,False,True,Atlanta Braves,Kansas City Royals,home,1,0,0,0,4,1,0,2,0,0,0,1,1,,,,,,,,,,,,
2026-03-27,d82a1cd8-69a4-5f40-aa36-1c564bcd9294,Ozzie Albies,360c17ce-8588-52bd-b86a-6621a43f1bac,2B,False,True,Atlanta Braves,Kansas City Royals,home,1,0,0,1,4,2,0,0,0,1,1,4,5,,,,,,,,,,,,
2026-03-27,d82a1cd8-69a4-5f40-aa36-1c564bcd9294,Austin Riley,3ae0fd65-efd0-5a3b-872b-7150b0c699aa,3B,False,True,Atlanta Braves,Kansas City Royals,home,3,0,0,0,4,3,1,0,0,1,0,4,3,,,,,,,,,,,,
2026-03-27,d82a1cd8-69a4-5f40-aa36-1c564bcd9294,Carter Jensen,add60a5c-95dc-503b-a5b7-79f454562e86,DH,False,False,Kansas City Royals,Atlanta Braves,away,0,0,0,0,3,0,0,1,0,0,0,0,0,,,,,,,,,,,,
2026-03-27,d82a1cd8-69a4-5f40-aa36-1c564bcd9294,Cole Ragans,a53c9d07-1bea-5212-bfd0-ea15f560bdf8,P,True,True,Kansas City Royals,Atlanta Braves,away,,,,,,,,,,,,,,4,12,5,4,6,3,4,,90,4,0.4166666666666667,11.25
2026-03-27,d82a1cd8-69a4-5f40-aa36-1c564bcd9294,Jonathan India,20949af5-dd03-55d6-a8f3-4a565f24fa02,2B,False,True,Kansas City Royals,Atlanta Braves,away,0,0,0,0,4,0,1,1,0,0,0,0,0,,,,,,,,,,,,
2026-03-27,d82a1cd8-69a4-5f40-aa36-1c564bcd9294,Isaac Collins,c926f529-9700-5e4c-b204-5e60f55503df,LF,False,True,Kansas City Royals,Atlanta Braves,away,0,0,0,0,3,0,0,0,0,0,0,0,0,,,,,,,,,,,,
2026-03-27,d82a1cd8-69a4-5f40-aa36-1c564bcd9294,Salvador Perez,fd9f5eef-c0a3-5e7e-9097-e558c01c50b1,C,False,True,Kansas City Royals,Atlanta Braves,away,1,0,0,0,4,1,0,0,0,0,0,1,1,,,,,,,,,,,,
2026-03-27,d82a1cd8-69a4-5f40-aa36-1c564bcd9294,Starling Marte,5d70b9e7-89bf-591f-995a-1a0d74f841a2,RF,False,True,Kansas City Royals,Atlanta Braves,away,0,0,0,0,3,0,0,1,0,0,0,0,0,,,,,,,,,,,,
2026-03-27,d82a1cd8-69a4-5f40-aa36-1c564bcd9294,Vinnie Pasquantino,160d1ebf-e65f-5f8e-a25b-00b8001bc198,1B,False,True,Kansas City Royals,Atlanta Braves,away,0,0,0,0,4,0,0,0,0,0,0,0,0,,,,,,,,,,,,
2026-03-27,d82a1cd8-69a4-5f40-aa36-1c564bcd9294,Bailey Falter,95b450a7-ef38-546e-844a-f334af274676,P,True,False,Kansas City Royals,Atlanta Braves,away,,,,,,,,,,,,,,3,9,4,0,5,0,2,,48,2,0.4444444444444444,12.0
2026-03-27,d82a1cd8-69a4-5f40-aa36-1c564bcd9294,Maikel Garcia,31857688-327f-5f07-8b02-bc706fd384b8,3B,False,True,Kansas City Royals,Atlanta Braves,away,1,0,0,0,4,1,1,1,1,0,0,1,1,,,,,,,,,,,,
2026-03-27,d82a1cd8-69a4-5f40-aa36-1c564bcd9294,Lane Thomas,92cdc2c8-b253-592c-b50a-1e77572b6053,CF,False,True,Kansas City Royals,Atlanta Braves,away,1,0,0,0,4,1,1,2,0,0,0,1,1,,,,,,,,,,,,
2026-03-27,d82a1cd8-69a4-5f40-aa36-1c564bcd9294,Alex Lange,1b2bab6d-3544-540b-8d29-30e54038bb92,P,True,False,Kansas City Royals,Atlanta Braves,away,,,,,,,,,,,,,,1,3,1,0,0,0,0,,11,0,0.3333333333333333,9.0
2026-03-27,d82a1cd8-69a4-5f40-aa36-1c564bcd9294,Jac Caglianone,ec14685d-e1f1-5cf3-8532-ae72ed66c00b,PH,False,False,Kansas City Royals,Atlanta Braves,away,0,0,0,0,1,0,0,1,0,0,0,0,0,,,,,,,,,,,,
2026-03-27,d82a1cd8-69a4-5f40-aa36-1c564bcd9294,Bobby Witt Jr.,355275f4-ce4a-5c49-a0e4-cadfa2e8a083,SS,False,True,Kansas City Royals,Atlanta Braves,away,2,0,0,0,4,2,0,1,0,0,0,2,2,,,,,,,,,,,,
2026-03-27,c18a0674-4176-5b5b-b3ec-8f29af94913d,Isaac Paredes,c94533e4-26a4-59a8-ae9e-1b0d54853c93,DH,False,False,Houston Astros,Los Angeles Angels,home,0,0,0,0,4,0,0,2,0,0,0,0,0,,,,,,,,,,,,
2026-03-27,c18a0674-4176-5b5b-b3ec-8f29af94913d,Ryan Weiss,7a1bc0e6-8750-5ec3-931f-5a0f6a5b6fad,P,True,False,Houston Astros,Los Angeles Angels,home,,,,,,,,,,,,,,1,3,2,1,2,1,1,,22,1,0.6666666666666666,18.0
2026-03-27,c18a0674-4176-5b5b-b3ec-8f29af94913d,Cam Smith,6c7292a3-abca-5a73-9e4b-cec25e9d20b8,RF,False,True,Houston Astros,Los Angeles Angels,home,0,0,0,0,4,0,0,2,0,0,0,0,0,,,,,,,,,,,,
2026-03-27,c18a0674-4176-5b5b-b3ec-8f29af94913d,Steven Okert,bbee3817-3c94-5f70-bf14-8f8f4a22a1f6,P,True,False,Houston Astros,Los Angeles Angels,home,,,,,,,,,,,,,,1.2,5,3,0,0,0,0,,20,0,0.6,16.2
2026-03-27,c18a0674-4176-5b5b-b3ec-8f29af94913d,Brice Matthews,bee000c4-433a-55d5-b97f-a284fe330fee,CF,False,True,Houston Astros,Los Angeles Angels,home,0,1,0,0,3,1,0,2,0,0,0,1,2,,,,,,,,,,,,
2026-03-27,c18a0674-4176-5b5b-b3ec-8f29af94913d,Jose Altuve,99c9db0b-d7a9-5462-94f3-28f3661714ab,2B,False,True,Houston Astros,Los Angeles Angels,home,1,0,0,0,4,1,1,1,1,0,0,1,1,,,,,,,,,,,,
2026-03-27,c18a0674-4176-5b5b-b3ec-8f29af94913d,Joey Loperfido,575dbf4d-f194-5748-94af-45ae60e8431c,PH,False,False,Houston Astros,Los Angeles Angels,home,0,0,0,0,1,0,0,1,0,0,0,0,0,,,,,,,,,,,,
2026-03-27,c18a0674-4176-5b5b-b3ec-8f29af94913d,Jeremy Peña,06bd24b4-6dff-5b6b-982d-35d5821ce7c8,SS,False,True,Houston Astros,Los Angeles Angels,home,2,0,0,0,5,2,0,0,1,1,0,3,2,,,,,,,,,,,,
2026-03-27,c18a0674-4176-5b5b-b3ec-8f29af94913d,Mike Burrows,9b441d1c-b318-510c-bb08-ddf362122140,P,True,True,Houston Astros,Los Angeles Angels,home,,,,,,,,,,,,,,5.2,17,6,2,9,2,5,,94,5,0.35294117647058826,9.529411764705882
2026-03-27,c18a0674-4176-5b5b-b3ec-8f29af94913d,Carlos Correa,9d0ef881-40b5-538c-9843-6585303e16f4,3B,False,True,Houston Astros,Los Angeles Angels,home,2,0,0,0,4,2,1,0,0,0,0,2,2,,,,,,,,,,,,
2026-03-27,c18a0674-4176-5b5b-b3ec-8f29af94913d,Roddery Muñoz,54f7d6c7-d909-56f2-9204-936e6b19849a,P,True,False,Houston Astros,Los Angeles Angels,home,,,,,,,,,,,,,,0.2,2,0,3,0,0,0,,26,0,0.0,0.0
2026-03-27,c18a0674-4176-5b5b-b3ec-8f29af94913d,Christian Walker,4ebdbcc5-84ea-5866-b7b6-1d61cbac193f,1B,False,True,Houston Astros,Los Angeles Angels,home,0,0,0,0,4,0,1,0,0,0,0,0,0,,,,,,,,,,,,
2026-03-27,c18a0674-4176-5b5b-b3ec-8f29af94913d,Yainer Diaz,dd446d48-8097-51f2-82cf-f7fabad1dd74,C,False,True,Houston Astros,Los Angeles Angels,home,1,0,0,0,4,1,0,1,0,0,0,1,1,,,,,,,,,,,,
2026-03-27,c18a0674-4176-5b5b-b3ec-8f29af94913d,Yordan Alvarez,b4e60652-8d7e-569f-8e5a-4aa9a713da9c,LF,False,True,Houston Astros,Los Angeles Angels,home,0,0,0,1,5,1,0,1,0,1,1,3,4,,,,,,,,,,,,
2026-03-27,c18a0674-4176-5b5b-b3ec-8f29af94913d,Oswald Peraza,98bdfab1-07ea-5c61-bd44-7c17670a08b1,2B,False,True,Los Angeles Angels,Houston Astros,away,0,0,0,0,4,0,1,2,0,0,0,0,0,,,,,,,,,,,,
2026-03-27,c18a0674-4176-5b5b-b3ec-8f29af94913d,Zach Neto,01ac6fe3-6ace-59c9-a15b-1ad3a0af1eb1,SS,False,True,Los Angeles Angels,Houston Astros,away,0,1,0,1,5,2,0,1,0,2,1,5,6,,,,,,,,,,,,
2026-03-27,c18a0674-4176-5b5b-b3ec-8f29af94913d,Jorge Soler,ebc19873-2e2c-5767-9b19-409c5e887630,DH,False,False,Los Angeles Angels,Houston Astros,away,0,0,0,0,5,0,1,2,0,0,0,0,0,,,,,,,,,,,,
2026-03-27,c18a0674-4176-5b5b-b3ec-8f29af94913d,Yoán Moncada,59501cf0-fc05-5b1c-b3f0-78b4422a24da,3B,False,True,Los Angeles Angels,Houston Astros,away,0,0,0,0,5,0,1,1,0,1,0,1,0,,,,,,,,,,,,
2026-03-27,c18a0674-4176-5b5b-b3ec-8f29af94913d,Chase Silseth,d97ead67-961e-54b5-ab86-134f7d2172e2,P,True,False,Los Angeles Angels,Houston Astros,away,,,,,,,,,,,,,,0.2,2,0,0,0,0,0,,10,0,0.0,0.0
2026-03-27,c18a0674-4176-5b5b-b3ec-8f29af94913d,Mike Trout,062d3e7f-e32e-55bc-aa40-403df7f9ec05,CF,False,True,Los Angeles Angels,Houston Astros,away,2,0,0,1,5,3,1,0,0,1,1,5,6,,,,,,,,,,,,
2026-03-27,c18a0674-4176-5b5b-b3ec-8f29af94913d,Jo Adell,c3ca91f9-2d30-5cf8-aae3-a5e7339f5788,LF,False,True,Los Angeles Angels,Houston Astros,away,1,0,0,0,5,1,0,2,0,1,0,2,1,,,,,,,,,,,,
2026-03-27,c18a0674-4176-5b5b-b3ec-8f29af94913d,Sam Bachman,cf9060ab-bd03-5198-a0a5-175b17f19e62,P,True,False,Los Angeles Angels,Houston Astros,away,,,,,,,,,,,,,,1,3,3,2,0,0,0,,27,0,1.0,27.0
2026-03-27,c18a0674-4176-5b5b-b3ec-8f29af94913d,Ryan Zeferjahn,1c701ecc-f73c-5d02-8d31-8c3301ff60cb,P,True,False,Los Angeles Angels,Houston Astros,away,,,,,,,,,,,,,,2,6,2,0,0,0,0,,23,0,0.3333333333333333,9.0
2026-03-27,c18a0674-4176-5b5b-b3ec-8f29af94913d,Nolan Schanuel,88862c38-1493-5b40-9c6b-6660a4ce4654,1B,False,True,Los Angeles Angels,Houston Astros,away,2,0,0,0,5,2,2,0,0,0,0,2,2,,,,,,,,,,,,
2026-03-27,c18a0674-4176-5b5b-b3ec-8f29af94913d,Josh Lowe,ef406577-04d5-511f-9202-5f9a1b54addb,LF,False,True,Los Angeles Angels,Houston Astros,away,0,1,0,1,4,2,0,1,0,1,3,6,6,,,,,,,,,,,,
2026-03-27,c18a0674-4176-5b5b-b3ec-8f29af94913d,Yusei Kikuchi,a256cdd9-c402-5f95-9758-dd44612ce418,P,True,True,Los Angeles Angels,Houston Astros,away,,,,,,,,,,,,,,4.1,13,3,1,8,1,2,,86,2,0.23076923076923078,6.230769230769231
2026-03-27,c18a0674-4176-5b5b-b3ec-8f29af94913d,Bryce Teodosio,2e92cd67-6ffe-5f76-b1f5-83b535ba679a,RF,False,False,Los Angeles Angels,Houston Astros,away,0,0,0,0,0,0,0,0,0,0,0,0,0,,,,,,,,,,,,
2026-03-27,c18a0674-4176-5b5b-b3ec-8f29af94913d,Logan O'Hoppe,5338530a-7eeb-53b6-9744-b4577b90a65e,C,False,True,Los Angeles Angels,Houston Astros,away,1,0,0,0,4,1,0,2,0,0,0,1,1,,,,,,,,,,,,
2026-03-27,c18a0674-4176-5b5b-b3ec-8f29af94913d,Jordan Romano,99ca4c88-8bc1-5d13-93cb-6fda2c9141e3,P,True,False,Los Angeles Angels,Houston Astros,away,,,,,,,,,,,,,,1,3,2,0,0,0,0,,13,0,0.6666666666666666,18.0
2026-03-27,13ee38c7-b5c6-5f9e-ad1e-8240afef95fb,Luis Campusano,53ca9cba-a25a-5d0c-ab42-71331575f812,C,False,True,San Diego Padres,Detroit Tigers,home,0,0,0,0,3,0,0,3,0,0,0,0,0,,,,,,,,,,,,
2026-03-27,13ee38c7-b5c6-5f9e-ad1e-8240afef95fb,Michael King,c459251e-8c5c-5c34-af46-0be4058157f5,P,True,True,San Diego Padres,Detroit Tigers,home,,,,,,,,,,,,,,5,15,6,4,1,0,0,,82,1,0.4,10.8
2026-03-27,13ee38c7-b5c6-5f9e-ad1e-8240afef95fb,David Morgan,1522e4d5-1ec8-5d0f-b690-72da93f4eb13,P,True,False,San Diego Padres,Detroit Tigers,home,,,,,,,,,,,,,,1,3,0,1,1,0,0,,12,0,0.0,0.0
2026-03-27,13ee38c7-b5c6-5f9e-ad1e-8240afef95fb,Wandy Peralta,a4a3f6aa-e899-5b8e-b540-0ed13e5902e1,P,True,False,San Diego Padres,Detroit Tigers,home,,,,,,,,,,,,,,0.1,1,0,0,2,0,0,,17,0,0.0,0.0
2026-03-27,13ee38c7-b5c6-5f9e-ad1e-8240afef95fb,Nick Castellanos,95dea803-893e-5754-9f60-c470b45cd25b,PH,False,False,San Diego Padres,Detroit Tigers,home,0,0,0,0,1,0,0,1,0,0,0,0,0,,,,,,,,,,,,
2026-03-27,13ee38c7-b5c6-5f9e-ad1e-8240afef95fb,Jackson Merrill,0b80ef12-9566-5b94-973d-d1151b0e69ac,CF,False,True,San Diego Padres,Detroit Tigers,home,1,1,0,0,4,2,1,0,0,1,0,3,3,,,,,,,,,,,,
2026-03-27,13ee38c7-b5c6-5f9e-ad1e-8240afef95fb,Jeremiah Estrada,ee6fb957-7f4c-5dfe-ae02-b44359338c92,P,True,False,San Diego Padres,Detroit Tigers,home,,,,,,,,,,,,,,0.2,2,2,3,1,0,4,,27,4,1.0,27.0
2026-03-27,13ee38c7-b5c6-5f9e-ad1e-8240afef95fb,Gavin Sheets,5f058b73-019c-573c-b5f2-d01f2e56cd0b,PH,False,False,San Diego Padres,Detroit Tigers,home,0,0,0,0,1,0,0,1,0,0,0,0,0,,,,,,,,,,,,
2026-03-27,13ee38c7-b5c6-5f9e-ad1e-8240afef95fb,Ramón Laureano,dabca3a1-56c7-5218-8ab7-31a707ea9795,LF,False,True,San Diego Padres,Detroit Tigers,home,0,1,0,0,4,1,0,1,0,0,1,2,2,,,,,,,,,,,,
2026-03-27,13ee38c7-b5c6-5f9e-ad1e-8240afef95fb,Adrian Morejon,311a75d7-a828-50c4-b614-a72d2ff657a3,P,True,False,San Diego Padres,Detroit Tigers,home,,,,,,,,,,,,,,2,6,1,0,1,0,0,,23,0,0.16666666666666666,4.5
2026-03-27,13ee38c7-b5c6-5f9e-ad1e-8240afef95fb,Manny Machado,a9385e18-b1c3-52e8-b03b-b70d1f8a34af,3B,False,True,San Diego Padres,Detroit Tigers,home,0,1,0,0,4,1,1,0,0,1,0,2,2,,,,,,,,,,,,
2026-03-27,13ee38c7-b5c6-5f9e-ad1e-8240afef95fb,Miguel Andujar,48554c1a-0b60-5739-aad2-0ff058b6d880,DH,False,False,San Diego Padres,Detroit Tigers,home,1,0,0,0,4,1,0,1,0,0,1,2,1,,,,,,,,,,,,
2026-03-27,13ee38c7-b5c6-5f9e-ad1e-8240afef95fb,Ty France,e151e020-3f09-5095-83ad-b79d0d4dcfc2,1B,False,True,San Diego Padres,Detroit Tigers,home,0,0,0,0,3,0,0,2,0,0,0,0,0,,,,,,,,,,,,
2026-03-27,13ee38c7-b5c6-5f9e-ad1e-8240afef95fb,Fernando Tatis Jr.,ac1ed075-5e29-5566-994f-09b1af7af1b9,RF,False,True,San Diego Padres,Detroit Tigers,home,0,0,0,0,4,0,0,1,0,0,0,0,0,,,,,,,,,,,,
2026-03-27,13ee38c7-b5c6-5f9e-ad1e-8240afef95fb,Xander Bogaerts,c2029f6d-a0ef-5980-850b-3d9f8f0ec784,SS,False,True,San Diego Padres,Detroit Tigers,home,1,0,0,0,4,1,0,0,0,0,0,1,1,,,,,,,,,,,,
2026-03-27,13ee38c7-b5c6-5f9e-ad1e-8240afef95fb,Jake Cronenworth,5c3d6bb2-760f-5036-8bd3-805107557a37,2B,False,True,San Diego Padres,Detroit Tigers,home,2,0,0,0,4,2,0,2,0,0,0,2,2,,,,,,,,,,,,
2026-03-27,13ee38c7-b5c6-5f9e-ad1e-8240afef95fb,Framber Valdez,766442ee-1ecf-58ea-83ee-db358ca34dd6,P,True,True,Detroit Tigers,San Diego Padres,away,,,,,,,,,,,,,,6,18,5,1,7,0,1,,83,2,0.2777777777777778,7.5
2026-03-27,13ee38c7-b5c6-5f9e-ad1e-8240afef95fb,Zach McKinstry,fac18760-19d9-5b9e-9954-2f9442ed2b6a,2B,False,True,Detroit Tigers,San Diego Padres,away,1,0,0,0,2,1,0,0,0,0,0,1,1,,,,,,,,,,,,
2026-03-27,13ee38c7-b5c6-5f9e-ad1e-8240afef95fb,Jahmai Jones,f37c716e-e0f5-5725-aba6-6f855690f0c8,PH,False,False,Detroit Tigers,San Diego Padres,away,0,0,0,0,1,0,0,0,0,0,0,0,0,,,,,,,,,,,,
2026-03-27,13ee38c7-b5c6-5f9e-ad1e-8240afef95fb,Javier Báez,17c08cde-e81d-5b40-8f69-31e92ae85ff7,2B,False,True,Detroit Tigers,San Diego Padres,away,0,0,0,0,4,0,0,1,0,0,0,0,0,,,,,,,,,,,,
2026-03-27,13ee38c7-b5c6-5f9e-ad1e-8240afef95fb,Riley Greene,bbee493e-0329-5be6-8cd9-78d86c4bba58,LF,False,True,Detroit Tigers,San Diego Padres,away,1,0,0,0,5,1,0,0,0,1,1,3,1,,,,,,,,,,,,
2026-03-27,13ee38c7-b5c6-5f9e-ad1e-8240afef95fb,Kevin McGonigle,564bb172-7dfb-573e-b0f7-7f5cbdd0d547,SS,False,True,Detroit Tigers,San Diego Padres,away,1,0,0,0,4,1,1,0,0,0,2,3,1,,,,,,,,,,,,
2026-03-27,13ee38c7-b5c6-5f9e-ad1e-8240afef95fb,Kerry Carpenter,fcfcc870-05a3-58ad-ae0a-2ed6a6964125,RF,False,True,Detroit Tigers,San Diego Padres,away,0,0,0,0,5,0,2,3,0,1,0,1,0,,,,,,,,,,,,
2026-03-27,13ee38c7-b5c6-5f9e-ad1e-8240afef95fb,Kyle Finnegan,0a6158d8-6cc7-58ea-b56c-45fed333f327,P,True,False,Detroit Tigers,San Diego Padres,away,,,,,,,,,,,,,,1,3,2,1,0,0,0,,20,0,0.6666666666666666,18.0
2026-03-27,13ee38c7-b5c6-5f9e-ad1e-8240afef95fb,Kenley Jansen,921a5787-c4d6-5ff2-b887-1b9808d8533a,P,True,False,Detroit Tigers,San Diego Padres,away,,,,,,,,,,,,,,1,3,3,0,0,0,0,,11,0,1.0,27.0
2026-03-27,13ee38c7-b5c6-5f9e-ad1e-8240afef95fb,Spencer Torkelson,c12eb080-7e57-5145-9dc7-97b7b4c97921,1B,False,True,Detroit Tigers,San Diego Padres,away,1,0,0,0,4,1,0,2,0,0,1,2,1,,,,,,,,,,,,
2026-03-27,13ee38c7-b5c6-5f9e-ad1e-8240afef95fb,Gleyber Torres,7bd07245-7bf0-5980-8c77-8a40271534aa,DH,False,False,Detroit Tigers,San Diego Padres,away,1,0,0,0,5,1,3,1,0,2,0,3,1,,,,,,,,,,,,
2026-03-27,13ee38c7-b5c6-5f9e-ad1e-8240afef95fb,Enmanuel De Jesus,3e1d8d47-3c70-5063-bc60-72aa374012c5,P,True,False,Detroit Tigers,San Diego Padres,away,,,,,,,,,,,,,,1,3,2,0,1,0,0,,13,0,0.6666666666666666,18.0
2026-03-27,13ee38c7-b5c6-5f9e-ad1e-8240afef95fb,Matt Vierling,89a3e61c-5176-5488-8084-f6d7dcdbeb37,CF,False,False,Detroit Tigers,San Diego Padres,away,0,0,0,0,2,0,0,0,0,0,0,0,0,,,,,,,,,,,,
2026-03-27,13ee38c7-b5c6-5f9e-ad1e-8240afef95fb,Parker Meadows,c0c33d53-e475-503d-b1cb-5aa6430b3660,CF,False,True,Detroit Tigers,San Diego Padres,away,0,0,0,0,2,0,1,1,1,0,0,0,0,,,,,,,,,,,,
2026-03-27,13ee38c7-b5c6-5f9e-ad1e-8240afef95fb,Dillon Dingler,ddcd399c-63b6-5add-9222-5d69a6f9b45d,C,False,True,Detroit Tigers,San Diego Padres,away,1,0,0,0,4,1,0,1,0,0,1,2,1,,,,,,,,,,,,
2026-03-27,13ee38c7-b5c6-5f9e-ad1e-8240afef95fb,Colt Keith,cadc4708-5d0a-56ac-84d0-feced1704a81,3B,False,False,Detroit Tigers,San Diego Padres,away,0,0,0,0,2,0,1,0,0,1,0,1,0,,,,,,,,,,,,
2026-03-27,a25e94e6-32e7-52a8-8221-139ce8480c22,Josh Naylor,b882f91d-40d1-58ad-bd6a-b321477642c0,1B,False,True,Seattle Mariners,Cleveland Guardians,home,0,0,0,0,4,0,0,0,0,0,0,0,0,,,,,,,,,,,,
2026-03-27,a25e94e6-32e7-52a8-8221-139ce8480c22,Cole Young,bef5f9c5-6df7-5ede-9aac-4b5ba8731f4b,2B,False,True,Seattle Mariners,Cleveland Guardians,home,0,0,0,1,3,1,0,1,0,1,3,5,4,,,,,,,,,,,,
2026-03-27,a25e94e6-32e7-52a8-8221-139ce8480c22,Randy Arozarena,0f2b9cc8-a738-5f1e-be0e-5c0ae5a3ac57,LF,False,True,Seattle Mariners,Cleveland Guardians,home,0,0,0,0,4,0,3,0,1,2,0,2,0,,,,,,,,,,,,
2026-03-27,a25e94e6-32e7-52a8-8221-139ce8480c22,Dominic Canzone,73e2b2be-5ea8-5904-9683-089b46807bab,DH,False,False,Seattle Mariners,Cleveland Guardians,home,0,0,0,0,3,0,1,0,0,1,0,1,0,,,,,,,,,,,,
2026-03-27,a25e94e6-32e7-52a8-8221-139ce8480c22,Cal Raleigh,21b31397-a06c-5238-83b3-90eee447e28e,C,False,True,Seattle Mariners,Cleveland Guardians,home,0,0,0,0,4,0,0,4,0,0,0,0,0,,,,,,,,,,,,
2026-03-27,a25e94e6-32e7-52a8-8221-139ce8480c22,Matt Brash,ec511bae-9c6c-5e83-aa0a-db29cda0e223,P,True,False,Seattle Mariners,Cleveland Guardians,home,,,,,,,,,,,,,,1,3,0,0,1,0,0,,17,0,0.0,0.0
2026-03-27,a25e94e6-32e7-52a8-8221-139ce8480c22,Brendan Donovan,9d05e499-95d1-5224-b19c-323801b2463e,3B,False,True,Seattle Mariners,Cleveland Guardians,home,0,0,0,0,4,0,2,1,0,0,0,0,0,,,,,,,,,,,,
2026-03-27,a25e94e6-32e7-52a8-8221-139ce8480c22,George Kirby,5ebe17d3-1f36-5476-8e9b-51db22efa8c5,P,True,True,Seattle Mariners,Cleveland Guardians,home,,,,,,,,,,,,,,6,18,6,2,2,1,1,,90,1,0.3333333333333333,9.0
2026-03-27,a25e94e6-32e7-52a8-8221-139ce8480c22,Andrés Muñoz,b7e7201a-7b53-5610-a084-2f818e1e7483,P,True,False,Seattle Mariners,Cleveland Guardians,home,,,,,,,,,,,,,,1,3,2,0,1,0,0,,17,0,0.6666666666666666,18.0
2026-03-27,a25e94e6-32e7-52a8-8221-139ce8480c22,Leo Rivas,13efd7e6-1b6a-509b-8348-f3f74df6fce9,SS,False,True,Seattle Mariners,Cleveland Guardians,home,0,0,1,0,3,1,0,1,0,0,0,1,3,,,,,,,,,,,,
2026-03-27,a25e94e6-32e7-52a8-8221-139ce8480c22,Julio Rodríguez,fffe4545-0e86-5407-906a-645035a15435,CF,False,True,Seattle Mariners,Cleveland Guardians,home,0,0,0,0,4,0,1,2,0,0,0,0,0,,,,,,,,,,,,
2026-03-27,a25e94e6-32e7-52a8-8221-139ce8480c22,Eduard Bazardo,c59ea29b-45e3-5f5d-8eab-5e27543e83cd,P,True,False,Seattle Mariners,Cleveland Guardians,home,,,,,,,,,,,,,,1,3,1,1,0,0,0,,17,0,0.3333333333333333,9.0
2026-03-27,a25e94e6-32e7-52a8-8221-139ce8480c22,Luke Raley,27e77a8c-1c02-50cc-b8c2-06d1e891fc5d,RF,False,True,Seattle Mariners,Cleveland Guardians,home,0,0,0,1,4,1,0,1,0,1,2,4,4,,,,,,,,,,,,
2026-03-27,a25e94e6-32e7-52a8-8221-139ce8480c22,Chase DeLauter,6df4c8fa-ba98-5c7a-ad19-cf86a2049392,RF,False,True,Cleveland Guardians,Seattle Mariners,away,0,0,0,1,4,1,0,1,0,1,1,3,4,,,,,,,,,,,,
2026-03-27,a25e94e6-32e7-52a8-8221-139ce8480c22,Brayan Rocchio,19d4d33d-50bf-55d7-9885-40f4738e6983,2B,False,True,Cleveland Guardians,Seattle Mariners,away,0,0,0,0,3,0,0,0,0,0,0,0,0,,,,,,,,,,,,
2026-03-27,a25e94e6-32e7-52a8-8221-139ce8480c22,Gabriel Arias,da74b797-d096-5ec7-bb84-6b0e693536f3,SS,False,True,Cleveland Guardians,Seattle Mariners,away,0,0,0,0,3,0,0,2,0,0,0,0,0,,,,,,,,,,,,
2026-03-27,a25e94e6-32e7-52a8-8221-139ce8480c22,Colin Holderman,fec97e32-5565-5ded-b188-8b4281f88f08,P,True,False,Cleveland Guardians,Seattle Mariners,away,,,,,,,,,,,,,,1,3,1,1,1,1,2,,27,2,0.3333333333333333,9.0
2026-03-27,a25e94e6-32e7-52a8-8221-139ce8480c22,Bo Naylor,569c32a2-118a-5902-a55f-3e350c57a8af,C,False,True,Cleveland Guardians,Seattle Mariners,away,1,0,0,0,4,1,1,0,0,0,0,1,1,,,,,,,,,,,,
2026-03-27,a25e94e6-32e7-52a8-8221-139ce8480c22,José Ramírez,edd283fa-acd6-56e6-a171-35d869385530,3B,False,True,Cleveland Guardians,Seattle Mariners,away,0,0,0,0,4,0,0,0,0,0,0,0,0,,,,,,,,,,,,
2026-03-27,a25e94e6-32e7-52a8-8221-139ce8480c22,Steven Kwan,64af661f-a572-5a07-8797-70964b4dbcb2,CF,False,True,Cleveland Guardians,Seattle Mariners,away,2,0,0,0,4,2,0,0,0,0,0,2,2,,,,,,,,,,,,
2026-03-27,a25e94e6-32e7-52a8-8221-139ce8480c22,Peyton Pallette,4f2a60b1-6ced-5a28-8ee3-8303b092a9de,P,True,False,Cleveland Guardians,Seattle Mariners,away,,,,,,,,,,,,,,2,6,2,0,0,0,0,,21,0,0.3333333333333333,9.0
2026-03-27,a25e94e6-32e7-52a8-8221-139ce8480c22,Kyle Manzardo,1f4ed7ba-eda9-5a00-b87f-9c005e0a44a8,DH,False,False,Cleveland Guardians,Seattle Mariners,away,0,0,0,0,4,0,0,4,0,0,0,0,0,,,,,,,,,,,,
2026-03-27,a25e94e6-32e7-52a8-8221-139ce8480c22,Gavin Williams,156bc1ff-0f10-5ace-87e9-867777537784,P,True,True,Cleveland Guardians,Seattle Mariners,away,,,,,,,,,,,,,,5,15,7,6,2,1,3,,89,3,0.4666666666666667,12.6
2026-03-27,a25e94e6-32e7-52a8-8221-139ce8480c22,Rhys Hoskins,1c22ec74-00f6-5b13-b698-eeaaf10c7523,1B,False,True,Cleveland Guardians,Seattle Mariners,away,0,0,0,0,4,0,1,2,0,0,0,0,0,,,,,,,,,,,,
2026-03-27,a25e94e6-32e7-52a8-8221-139ce8480c22,CJ Kayfus,82e69c91-8664-5911-94b2-f61af3a0f314,LF,False,True,Cleveland Guardians,Seattle Mariners,away,0,0,0,0,4,0,1,0,0,0,0,0,0,,,,,,,,,,,,
2026-03-27,46311ce7-f8eb-545a-a215-0e36660c282b,Ben Casparius,e65cd772-7cf2-5f9b-a805-8a78f9ea86d0,P,True,False,Los Angeles Dodgers,Arizona Diamondbacks,home,,,,,,,,,,,,,,0.2,2,1,1,1,0,0,,24,0,0.5,13.5
2026-03-27,46311ce7-f8eb-545a-a215-0e36660c282b,Will Smith,a99e1cc5-b7ce-57f3-b25f-a35eb434a138,C,False,True,Los Angeles Dodgers,Arizona Diamondbacks,home,0,0,0,0,3,0,0,0,0,0,0,0,0,,,,,,,,,,,,
2026-03-27,46311ce7-f8eb-545a-a215-0e36660c282b,Alex Vesia,0d1c034e-4fd3-536d-943b-763c44bb1684,P,True,False,Los Angeles Dodgers,Arizona Diamondbacks,home,,,,,,,,,,,,,,1,3,0,0,1,0,0,,16,0,0.0,0.0
2026-03-27,46311ce7-f8eb-545a-a215-0e36660c282b,Kyle Tucker,2de01d55-4dd3-5bc3-b8e2-7859bbfdb79f,RF,False,True,Los Angeles Dodgers,Arizona Diamondbacks,home,1,0,0,0,4,1,1,2,1,1,1,3,1,,,,,,,,,,,,
2026-03-27,46311ce7-f8eb-545a-a215-0e36660c282b,Max Muncy,8d258a66-1273-5363-89c6-87933a281e74,3B,False,True,Los Angeles Dodgers,Arizona Diamondbacks,home,0,0,0,0,3,0,1,1,0,0,0,0,0,,,,,,,,,,,,
2026-03-27,46311ce7-f8eb-545a-a215-0e36660c282b,Freddie Freeman,6ddad2d6-c3a0-5592-8632-a05db59af193,1B,False,True,Los Angeles Dodgers,Arizona Diamondbacks,home,0,0,0,0,4,0,0,0,0,0,0,0,0,,,,,,,,,,,,
2026-03-27,46311ce7-f8eb-545a-a215-0e36660c282b,Edgardo Henriquez,dacef558-1255-5f2b-819c-8fc3f6464d4d,P,True,False,Los Angeles Dodgers,Arizona Diamondbacks,home,,,,,,,,,,,,,,1,3,1,0,0,0,0,,13,0,0.3333333333333333,9.0
2026-03-27,46311ce7-f8eb-545a-a215-0e36660c282b,Tanner Scott,6e873ad9-8cda-5a19-8663-0e88694246cd,P,True,False,Los Angeles Dodgers,Arizona Diamondbacks,home,,,,,,,,,,,,,,0.1,1,1,0,0,0,0,,6,0,1.0,27.0
2026-03-27,46311ce7-f8eb-545a-a215-0e36660c282b,Shohei Ohtani,c4531087-0c95-5e6e-8d3c-604e0b0fc776,DH,False,False,Los Angeles Dodgers,Arizona Diamondbacks,home,0,0,0,0,4,0,1,1,0,1,0,1,0,,,,,,,,,,,,
2026-03-27,46311ce7-f8eb-545a-a215-0e36660c282b,Teoscar Hernández,963905ee-cf72-5886-afd2-4e77a95c6134,LF,False,True,Los Angeles Dodgers,Arizona Diamondbacks,home,0,0,0,0,3,0,0,1,0,0,0,0,0,,,,,,,,,,,,
2026-03-27,46311ce7-f8eb-545a-a215-0e36660c282b,Andy Pages,1057dfe8-f4c3-58d4-be2b-63d4efdf2228,CF,False,True,Los Angeles Dodgers,Arizona Diamondbacks,home,0,0,0,0,3,0,0,0,0,0,0,0,0,,,,,,,,,,,,
2026-03-27,46311ce7-f8eb-545a-a215-0e36660c282b,Edwin Díaz,db69f7af-a25a-5a9e-805b-35535e3b45ed,P,True,False,Los Angeles Dodgers,Arizona Diamondbacks,home,,,,,,,,,,,,,,1,3,2,1,0,0,0,,17,0,0.6666666666666666,18.0
2026-03-27,46311ce7-f8eb-545a-a215-0e36660c282b,Mookie Betts,93f6ca91-7be2-55cc-8e42-a295fae94395,SS,False,True,Los Angeles Dodgers,Arizona Diamondbacks,home,0,0,0,1,4,1,0,0,0,1,3,5,4,,,,,,,,,,,,
2026-03-27,46311ce7-f8eb-545a-a215-0e36660c282b,Emmet Sheehan,2b9bb718-5153-580e-b34b-3daf3fa2179f,P,True,True,Los Angeles Dodgers,Arizona Diamondbacks,home,,,,,,,,,,,,,,3.1,10,6,2,5,1,4,,83,4,0.6,16.2
2026-03-27,46311ce7-f8eb-545a-a215-0e36660c282b,Jack Dreyer,484819ba-27e1-5084-a8c3-a36e35b180f4,P,True,False,Los Angeles Dodgers,Arizona Diamondbacks,home,,,,,,,,,,,,,,1.2,5,1,0,1,0,0,,26,0,0.2,5.3999999999999995
2026-03-27,46311ce7-f8eb-545a-a215-0e36660c282b,Alex Freeland,ba5ee049-6fb5-5806-9480-5a14650880ba,2B,False,True,Los Angeles Dodgers,Arizona Diamondbacks,home,0,1,0,1,3,2,0,0,0,2,1,5,6,,,,,,,,,,,,
2026-03-27,46311ce7-f8eb-545a-a215-0e36660c282b,Jordan Lawlar,efc1a492-55fc-5064-9cad-53d91802c077,LF,False,True,Arizona Diamondbacks,Los Angeles Dodgers,away,0,0,0,0,4,0,0,2,0,0,0,0,0,,,,,,,,,,,,
2026-03-27,46311ce7-f8eb-545a-a215-0e36660c282b,Nolan Arenado,aa4157df-7915-5251-83c1-0c1f931c43f0,3B,False,True,Arizona Diamondbacks,Los Angeles Dodgers,away,0,0,0,0,4,0,0,4,0,0,0,0,0,,,,,,,,,,,,
2026-03-27,46311ce7-f8eb-545a-a215-0e36660c282b,Kevin Ginkel,2bc38bf7-08a1-5ad8-853f-9acf889b8f52,P,True,False,Arizona Diamondbacks,Los Angeles Dodgers,away,,,,,,,,,,,,,,1,3,0,0,2,0,1,,21,1,0.0,0.0
2026-03-27,46311ce7-f8eb-545a-a215-0e36660c282b,Ketel Marte,c81e5c80-cc33-537b-b75e-e43d4baeefd8,2B,False,True,Arizona Diamondbacks,Los Angeles Dodgers,away,1,0,0,1,5,2,0,1,0,1,1,4,5,,,,,,,,,,,,
2026-03-27,46311ce7-f8eb-545a-a215-0e36660c282b,Jonathan Loáisiga,9f25160c-63b2-530c-b4be-73537c9b4a28,P,True,False,Arizona Diamondbacks,Los Angeles Dodgers,away,,,,,,,,,,,,,,1.1,4,1,0,0,0,0,,14,0,0.25,6.75
2026-03-27,46311ce7-f8eb-545a-a215-0e36660c282b,Ryne Nelson,551b806d-aaa1-5389-aa45-c1b6e77c5b8c,P,True,True,Arizona Diamondbacks,Los Angeles Dodgers,away,,,,,,,,,,,,,,4.2,14,4,3,2,2,4,,83,4,0.2857142857142857,7.7142857142857135
2026-03-27,46311ce7-f8eb-545a-a215-0e36660c282b,Geraldo Perdomo,f16aabac-5df9-5d25-854f-705f0f9b265a,SS,False,True,Arizona Diamondbacks,Los Angeles Dodgers,away,0,1,0,0,4,1,0,1,0,0,0,1,2,,,,,,,,,,,,
2026-03-27,46311ce7-f8eb-545a-a215-0e36660c282b,Gabriel Moreno,18e63c5c-4632-5dbc-9084-71bfa57a99c7,C,False,True,Arizona Diamondbacks,Los Angeles Dodgers,away,2,0,0,0,4,2,0,0,0,1,0,3,2,,,,,,,,,,,,
2026-03-27,46311ce7-f8eb-545a-a215-0e36660c282b,Corbin Carroll,3b6210c9-3db8-5b34-9af5-e972d0b61b99,RF,False,True,Arizona Diamondbacks,Los Angeles Dodgers,away,0,0,0,0,4,0,0,2,0,0,0,0,0,,,,,,,,,,,,
2026-03-27,46311ce7-f8eb-545a-a215-0e36660c282b,Ryan Thompson,645085dd-3250-5066-a496-2e05bd6fab72,P,True,False,Arizona Diamondbacks,Los Angeles Dodgers,away,,,,,,,,,,,,,,1,3,0,0,0,0,0,,7,0,0.0,0.0
2026-03-27,46311ce7-f8eb-545a-a215-0e36660c282b,Carlos Santana,1e382352-f767-5763-bb8c-059aceb7ca11,1B,False,True,Arizona Diamondbacks,Los Angeles Dodgers,away,0,1,0,0,4,1,1,1,0,1,0,2,2,,,,,,,,,,,,
2026-03-27,46311ce7-f8eb-545a-a215-0e36660c282b,Pavin Smith,7a9ee74d-272e-57b5-a5fb-709f08676a95,DH,False,False,Arizona Diamondbacks,Los Angeles Dodgers,away,0,0,0,0,4,0,2,0,0,1,0,1,0,,,,,,,,,,,,
2026-03-27,46311ce7-f8eb-545a-a215-0e36660c282b,Alek Thomas,877bcfe1-8864-5209-ac98-f3513aa34d93,CF,False,True,Arizona Diamondbacks,Los Angeles Dodgers,away,0,2,0,0,4,2,1,1,1,0,3,5,4,,,,,,,,,,,,
2026-03-28,51df0d93-150b-5014-80ad-07549e3553af,Michael McGreevy,912aa3b4-4b1b-57c7-91ce-f5ef07c2dbc7,P,True,True,St. Louis Cardinals,Tampa Bay Rays,home,,,,,,,,,,,,,,6,18,5,2,0,0,0,,96,0,0.2777777777777778,7.5
2026-03-28,51df0d93-150b-5014-80ad-07549e3553af,Nolan Gorman,be501aad-9273-5dd4-a194-dcbebb3849ba,DH,False,False,St. Louis Cardinals,Tampa Bay Rays,home,1,0,0,0,4,1,0,1,0,0,1,2,1,,,,,,,,,,,,
2026-03-28,51df0d93-150b-5014-80ad-07549e3553af,Matt Svanson,88304b64-9d4b-50f4-91e1-07fd0bab795d,P,True,False,St. Louis Cardinals,Tampa Bay Rays,home,,,,,,,,,,,,,,0.2,2,0,1,2,0,3,,20,3,0.0,0.0
2026-03-28,51df0d93-150b-5014-80ad-07549e3553af,Jordan Walker,e10767c9-8f24-56db-9597-f92e37c6514d,RF,False,True,St. Louis Cardinals,Tampa Bay Rays,home,0,0,0,0,4,0,2,0,0,2,0,2,0,,,,,,,,,,,,
2026-03-28,51df0d93-150b-5014-80ad-07549e3553af,Nathan Church,b5df23ff-260a-5bc9-b5d7-884ca21ef688,LF,False,True,St. Louis Cardinals,Tampa Bay Rays,home,0,0,0,0,4,0,0,1,0,1,0,1,0,,,,,,,,,,,,
2026-03-28,51df0d93-150b-5014-80ad-07549e3553af,Victor Scott II,4505d0dc-de10-56ef-ab3f-29ed1056473f,CF,False,True,St. Louis Cardinals,Tampa Bay Rays,home,0,0,0,0,4,0,0,1,0,1,0,1,0,,,,,,,,,,,,
2026-03-28,51df0d93-150b-5014-80ad-07549e3553af,José Fermín,1a68501f-5654-55ab-9262-74e5a153a9f7,PR,False,False,St. Louis Cardinals,Tampa Bay Rays,home,0,0,0,0,0,0,0,0,0,0,0,0,0,,,,,,,,,,,,
2026-03-28,51df0d93-150b-5014-80ad-07549e3553af,JoJo Romero,e2a9f27c-148d-5202-bb6b-c34a5ba5ecee,P,True,False,St. Louis Cardinals,Tampa Bay Rays,home,,,,,,,,,,,,,,1,3,1,0,0,0,0,,17,0,0.3333333333333333,9.0
2026-03-28,51df0d93-150b-5014-80ad-07549e3553af,JJ Wetherholt,c0507a84-2f5c-53c7-8260-93f2e7bc2162,2B,False,True,St. Louis Cardinals,Tampa Bay Rays,home,2,0,0,0,5,2,0,0,1,1,2,5,2,,,,,,,,,,,,
2026-03-28,51df0d93-150b-5014-80ad-07549e3553af,Alec Burleson,68452ca8-6fdd-5413-a220-a1e5177c8deb,1B,False,True,St. Louis Cardinals,Tampa Bay Rays,home,1,0,0,0,4,1,0,0,1,1,2,4,1,,,,,,,,,,,,
2026-03-28,51df0d93-150b-5014-80ad-07549e3553af,Riley O'Brien,7d05e862-eaea-58b0-8549-ac099c30e7cd,P,True,False,St. Louis Cardinals,Tampa Bay Rays,home,,,,,,,,,,,,,,1,3,0,0,2,0,0,,9,0,0.0,0.0
2026-03-28,51df0d93-150b-5014-80ad-07549e3553af,Pedro Pagés,719006eb-d990-515a-9cb3-2a4186659958,C,False,False,St. Louis Cardinals,Tampa Bay Rays,home,0,0,0,0,0,0,0,0,0,0,0,0,0,,,,,,,,,,,,
2026-03-28,51df0d93-150b-5014-80ad-07549e3553af,Ramón Urías,e3463798-6a26-51fa-b4b3-22832aefe3ff,3B,False,True,St. Louis Cardinals,Tampa Bay Rays,home,0,1,0,0,4,1,0,2,0,0,0,1,2,,,,,,,,,,,,
2026-03-28,51df0d93-150b-5014-80ad-07549e3553af,Ryne Stanek,8e7700b0-aad6-5c4a-90df-68e5c18db9a8,P,True,False,St. Louis Cardinals,Tampa Bay Rays,home,,,,,,,,,,,,,,1.1,4,2,0,3,0,1,,27,2,0.5,13.5
2026-03-28,51df0d93-150b-5014-80ad-07549e3553af,Masyn Winn,ddea3cbf-3275-5d72-a43d-5899f5fa2390,SS,False,True,St. Louis Cardinals,Tampa Bay Rays,home,0,0,0,0,4,0,0,2,0,0,0,0,0,,,,,,,,,,,,
2026-03-28,51df0d93-150b-5014-80ad-07549e3553af,Iván Herrera,2b86e80e-433d-54c4-a2c1-a0d16d28e3dc,C,False,True,St. Louis Cardinals,Tampa Bay Rays,home,0,1,0,0,4,1,0,1,0,0,1,2,2,,,,,,,,,,,,
2026-03-28,51df0d93-150b-5014-80ad-07549e3553af,Richie Palacios,f73a8757-1504-5ae4-bcf4-884ea15f5174,2B,False,True,Tampa Bay Rays,St. Louis Cardinals,away,0,0,0,0,2,0,0,0,0,0,0,0,0,,,,,,,,,,,,
2026-03-28,51df0d93-150b-5014-80ad-07549e3553af,Carson Williams,2f38b1e0-2b43-5a13-aa76-446260f08a38,SS,False,True,Tampa Bay Rays,St. Louis Cardinals,away,1,0,0,0,4,1,0,1,0,1,2,4,1,,,,,,,,,,,,
2026-03-28,51df0d93-150b-5014-80ad-07549e3553af,Jake Fraley,9f4bcb6d-0f3d-580f-985b-cc730b0a26e5,RF,False,True,Tampa Bay Rays,St. Louis Cardinals,away,0,0,0,0,5,0,0,2,0,0,0,0,0,,,,,,,,,,,,
2026-03-28,51df0d93-150b-5014-80ad-07549e3553af,Chandler Simpson,e8a47c28-d0c4-55d9-8402-e290b94ba76d,LF,False,True,Tampa Bay Rays,St. Louis Cardinals,away,2,0,0,0,4,2,0,1,0,1,0,3,2,,,,,,,,,,,,
2026-03-28,51df0d93-150b-5014-80ad-07549e3553af,Jonny DeLuca,18e76306-3c90-58e3-8beb-27a4572e4c71,DH,False,False,Tampa Bay Rays,St. Louis Cardinals,away,0,0,0,0,0,0,0,0,0,0,0,0,0,,,,,,,,,,,,
2026-03-28,51df0d93-150b-5014-80ad-07549e3553af,Cole Sulser,a53c99ec-52df-5446-94e1-6fc1b13f4fef,P,True,False,Tampa Bay Rays,St. Louis Cardinals,away,,,,,,,,,,,,,,2,6,2,1,2,0,1,,41,2,0.3333333333333333,9.0
2026-03-28,51df0d93-150b-5014-80ad-07549e3553af,Hunter Feduccia,d884053e-cef3-576f-bd4e-54920955e8fe,C,False,True,Tampa Bay Rays,St. Louis Cardinals,away,0,0,0,0,2,0,0,2,0,0,0,0,0,,,,,,,,,,,,
2026-03-28,51df0d93-150b-5014-80ad-07549e3553af,Jonathan Aranda,f3e0ad1f-94c2-5388-8f31-9baa1e72f471,1B,False,True,Tampa Bay Rays,St. Louis Cardinals,away,1,0,0,0,5,1,2,1,0,1,0,2,1,,,,,,,,,,,,
2026-03-28,51df0d93-150b-5014-80ad-07549e3553af,Nick Fortes,f24e024c-1c51-502c-8866-34dbafb91126,C,False,False,Tampa Bay Rays,St. Louis Cardinals,away,1,0,0,0,2,1,0,0,0,0,1,2,1,,,,,,,,,,,,
2026-03-28,51df0d93-150b-5014-80ad-07549e3553af,Griffin Jax,50145c2b-9b4f-5f05-8527-7ad883e0e3b1,P,True,False,Tampa Bay Rays,St. Louis Cardinals,away,,,,,,,,,,,,,,0.1,1,0,1,1,0,1,,9,2,0.0,0.0
2026-03-28,51df0d93-150b-5014-80ad-07549e3553af,Yandy Díaz,382a432b-7569-5972-a70e-6270ec94a244,DH,False,False,Tampa Bay Rays,St. Louis Cardinals,away,1,0,0,0,5,1,0,1,0,0,1,2,1,,,,,,,,,,,,
2026-03-28,51df0d93-150b-5014-80ad-07549e3553af,Ben Williamson,ac1660ef-9f73-5523-b351-97539670590b,2B,False,False,Tampa Bay Rays,St. Louis Cardinals,away,0,0,0,0,2,0,0,0,0,1,0,1,0,,,,,,,,,,,,
2026-03-28,51df0d93-150b-5014-80ad-07549e3553af,Bryan Baker,7a01b0da-fab6-5b88-b784-f7bb9c401c72,P,True,False,Tampa Bay Rays,St. Louis Cardinals,away,,,,,,,,,,,,,,1,3,2,0,0,0,0,,13,0,0.6666666666666666,18.0
2026-03-28,51df0d93-150b-5014-80ad-07549e3553af,Junior Caminero,00646ce3-90a0-5f44-9b75-d7f277143ba5,3B,False,True,Tampa Bay Rays,St. Louis Cardinals,away,1,0,0,0,4,1,1,0,0,1,0,2,1,,,,,,,,,,,,
2026-03-28,51df0d93-150b-5014-80ad-07549e3553af,Cedric Mullins,88cf2c8c-311c-568d-90a3-428db492786f,CF,False,True,Tampa Bay Rays,St. Louis Cardinals,away,0,0,0,0,4,0,0,0,0,0,0,0,0,,,,,,,,,,,,
2026-03-28,51df0d93-150b-5014-80ad-07549e3553af,Joe Boyle,c702f936-ac2d-5ab9-baee-41e24edf07ea,P,True,True,Tampa Bay Rays,St. Louis Cardinals,away,,,,,,,,,,,,,,6,18,4,0,3,0,2,,75,2,0.2222222222222222,6.0
2026-03-28,46b5849e-2041-5223-9799-92fa42eb133e,Cade Horton,9e892f74-18dc-5f09-a1de-54d3bffb0cbb,P,True,True,Chicago Cubs,Washington Nationals,home,,,,,,,,,,,,,,6.1,19,4,1,4,1,2,,75,2,0.21052631578947367,5.684210526315789
2026-03-28,46b5849e-2041-5223-9799-92fa42eb133e,Ian Happ,b809f60b-8331-5fd0-ab24-ee3b8538eabe,LF,False,True,Chicago Cubs,Washington Nationals,home,0,0,0,1,5,1,0,1,0,1,3,5,4,,,,,,,,,,,,
2026-03-28,46b5849e-2041-5223-9799-92fa42eb133e,Caleb Thielbar,5cac6e8e-95bf-5d54-9e61-33e7074e8b01,P,True,False,Chicago Cubs,Washington Nationals,home,,,,,,,,,,,,,,1,3,1,1,0,0,0,,16,0,0.3333333333333333,9.0
2026-03-28,46b5849e-2041-5223-9799-92fa42eb133e,Alex Bregman,57215789-8702-5d78-8c77-21a23c10f033,3B,False,True,Chicago Cubs,Washington Nationals,home,0,0,0,0,5,0,0,1,0,0,0,0,0,,,,,,,,,,,,
2026-03-28,46b5849e-2041-5223-9799-92fa42eb133e,Michael Busch,6b4e85c9-9b0c-5203-9474-01388c3cb9e8,1B,False,True,Chicago Cubs,Washington Nationals,home,1,0,0,0,5,1,1,0,0,1,0,2,1,,,,,,,,,,,,
2026-03-28,46b5849e-2041-5223-9799-92fa42eb133e,Carson Kelly,43b2a60b-2ced-5c09-beab-347f4863ab11,DH,False,False,Chicago Cubs,Washington Nationals,home,0,0,0,0,1,0,1,0,0,0,1,1,0,,,,,,,,,,,,
2026-03-28,46b5849e-2041-5223-9799-92fa42eb133e,Pete Crow-Armstrong,6e75f4ef-3025-5851-bb55-3a587c5f54a5,CF,False,True,Chicago Cubs,Washington Nationals,home,2,0,0,0,5,2,1,1,2,2,0,4,2,,,,,,,,,,,,
2026-03-28,46b5849e-2041-5223-9799-92fa42eb133e,Jacob Webb,ca8696cb-c1cb-5236-87ba-e060231053af,P,True,False,Chicago Cubs,Washington Nationals,home,,,,,,,,,,,,,,1,3,0,2,0,0,0,,16,0,0.0,0.0
2026-03-28,46b5849e-2041-5223-9799-92fa42eb133e,Miguel Amaya,e5766d16-6afe-5cc0-b276-b0992a1ce5e2,C,False,True,Chicago Cubs,Washington Nationals,home,1,0,0,1,4,2,0,1,0,2,2,6,5,,,,,,,,,,,,
2026-03-28,46b5849e-2041-5223-9799-92fa42eb133e,Moisés Ballesteros,c41e0ec5-9f1c-57a3-96c5-193ca0c2275e,DH,False,False,Chicago Cubs,Washington Nationals,home,1,0,0,0,3,1,0,2,0,1,0,2,1,,,,,,,,,,,,
2026-03-28,46b5849e-2041-5223-9799-92fa42eb133e,Dansby Swanson,e20a9fc7-6766-5d06-b4c8-8cf51b6d7308,SS,False,True,Chicago Cubs,Washington Nationals,home,0,0,0,0,4,0,1,0,0,1,0,1,0,,,,,,,,,,,,
2026-03-28,46b5849e-2041-5223-9799-92fa42eb133e,Phil Maton,d98006c2-9f61-5d93-b102-2c9f2c8c4cc9,P,True,False,Chicago Cubs,Washington Nationals,home,,,,,,,,,,,,,,0.2,2,1,0,0,0,0,,9,0,0.5,13.5
2026-03-28,46b5849e-2041-5223-9799-92fa42eb133e,Nico Hoerner,b69bc55a-ea5c-59ee-bf5a-3a765fe9aa2a,2B,False,True,Chicago Cubs,Washington Nationals,home,0,1,0,0,5,1,2,0,1,1,1,3,2,,,,,,,,,,,,
2026-03-28,46b5849e-2041-5223-9799-92fa42eb133e,Matt Shaw,0e584e95-3d75-5986-9cb2-4451b4d945cf,RF,False,True,Chicago Cubs,Washington Nationals,home,1,0,0,0,4,1,0,1,0,1,1,3,1,,,,,,,,,,,,
2026-03-28,46b5849e-2041-5223-9799-92fa42eb133e,Brady House,9feee2d5-f011-5be3-91f0-b7e2597e0107,3B,False,True,Washington Nationals,Chicago Cubs,away,0,0,0,0,4,0,1,2,0,1,0,1,0,,,,,,,,,,,,
2026-03-28,46b5849e-2041-5223-9799-92fa42eb133e,Nasim Nuñez,30523871-5578-5f5a-850f-d3e42eaec507,SS,False,True,Washington Nationals,Chicago Cubs,away,1,0,0,0,3,1,0,1,0,0,1,2,1,,,,,,,,,,,,
2026-03-28,46b5849e-2041-5223-9799-92fa42eb133e,Andre Granillo,6b2d9df2-91e3-53c5-94f2-5c984afe5372,P,True,False,Washington Nationals,Chicago Cubs,away,,,,,,,,,,,,,,0.2,2,0,1,1,0,2,,18,2,0.0,0.0
2026-03-28,46b5849e-2041-5223-9799-92fa42eb133e,Andrés Chaparro,529b64b4-978f-58d1-b54b-9506e97859f0,DH,False,False,Washington Nationals,Chicago Cubs,away,0,0,0,0,1,0,1,0,0,0,0,0,0,,,,,,,,,,,,
2026-03-28,46b5849e-2041-5223-9799-92fa42eb133e,Drew Millas,4ed01cdc-a11e-5925-ae16-e8eef2ecabea,C,False,True,Washington Nationals,Chicago Cubs,away,0,0,0,0,4,0,1,1,0,0,0,0,0,,,,,,,,,,,,
2026-03-28,46b5849e-2041-5223-9799-92fa42eb133e,Miles Mikolas,139b7d6a-919f-5448-bfdc-c928cffd84ca,P,True,True,Washington Nationals,Chicago Cubs,away,,,,,,,,,,,,,,5,15,4,3,6,1,4,,97,6,0.26666666666666666,7.2
2026-03-28,46b5849e-2041-5223-9799-92fa42eb133e,Jorbit Vivas,fdbd86ba-3c8c-5410-8547-5624b69d521e,2B,False,True,Washington Nationals,Chicago Cubs,away,0,0,0,0,3,0,0,0,0,0,0,0,0,,,,,,,,,,,,
2026-03-28,46b5849e-2041-5223-9799-92fa42eb133e,Ken Waldichuk,a79b5252-42c0-51db-8a1a-dd91ca5f8506,P,True,False,Washington Nationals,Chicago Cubs,away,,,,,,,,,,,,,,1.1,4,2,2,2,1,2,,32,2,0.5,13.5
2026-03-28,46b5849e-2041-5223-9799-92fa42eb133e,Cole Henry,68434c49-54d6-5fc8-9d57-d1431b1ae69c,P,True,False,Washington Nationals,Chicago Cubs,away,,,,,,,,,,,,,,1,3,1,0,0,0,0,,11,0,0.3333333333333333,9.0
2026-03-28,46b5849e-2041-5223-9799-92fa42eb133e,Daylen Lile,3b2cb564-a3bb-5ec4-8464-227b212049f9,LF,False,True,Washington Nationals,Chicago Cubs,away,1,0,0,0,4,1,1,0,0,0,0,1,1,,,,,,,,,,,,
2026-03-28,46b5849e-2041-5223-9799-92fa42eb133e,José Tena,f88f88e8-a622-5f2d-95ca-0973e791aca0,DH,False,False,Washington Nationals,Chicago Cubs,away,0,0,0,0,2,0,0,0,0,0,0,0,0,,,,,,,,,,,,
2026-03-28,46b5849e-2041-5223-9799-92fa42eb133e,James Wood,3089b190-81f6-5e6c-ba91-a8d4cdf0be3a,RF,False,True,Washington Nationals,Chicago Cubs,away,0,0,0,1,4,1,0,1,0,1,1,3,4,,,,,,,,,,,,
2026-03-28,46b5849e-2041-5223-9799-92fa42eb133e,Jacob Young,d263f19b-c5d6-523a-bc57-bce7884eb99a,CF,False,True,Washington Nationals,Chicago Cubs,away,0,0,0,0,3,0,0,1,0,0,0,0,0,,,,,,,,,,,,
2026-03-28,46b5849e-2041-5223-9799-92fa42eb133e,Luis García Jr.,a615adb8-655d-531d-a63e-5a267e66845b,1B,False,True,Washington Nationals,Chicago Cubs,away,1,0,0,0,4,1,0,0,0,0,0,1,1,,,,,,,,,,,,
2026-03-28,83b844cb-2288-56e0-a036-3a56b3a0682c,Spencer Miles,58ef192a-29d2-5ab4-b3c3-e23d56fe1dd3,P,True,False,Toronto Blue Jays,Athletics,home,,,,,,,,,,,,,,1,3,1,1,0,0,0,,16,0,0.3333333333333333,9.0
2026-03-28,83b844cb-2288-56e0-a036-3a56b3a0682c,Tommy Nance,e74d4474-8c98-5fef-8972-71eef86e19f6,P,True,False,Toronto Blue Jays,Athletics,home,,,,,,,,,,,,,,1.1,4,1,0,0,0,0,,11,0,0.25,6.75
2026-03-28,83b844cb-2288-56e0-a036-3a56b3a0682c,Louis Varland,43a301da-e095-5382-ac97-cdfd89964564,P,True,False,Toronto Blue Jays,Athletics,home,,,,,,,,,,,,,,1,3,1,1,1,0,0,,14,1,0.3333333333333333,9.0
2026-03-28,83b844cb-2288-56e0-a036-3a56b3a0682c,Brendon Little,c8e0f7f5-bee7-54d5-95e8-690e3210fa3f,P,True,False,Toronto Blue Jays,Athletics,home,,,,,,,,,,,,,,0.2,2,2,1,2,1,3,,23,3,1.0,27.0
2026-03-28,83b844cb-2288-56e0-a036-3a56b3a0682c,Ernie Clement,988f69d3-1ea5-5410-b27c-6ff47e783156,2B,False,True,Toronto Blue Jays,Athletics,home,2,0,0,0,6,2,0,0,0,0,1,3,2,,,,,,,,,,,,
2026-03-28,83b844cb-2288-56e0-a036-3a56b3a0682c,Daulton Varsho,c87cf210-4b8f-50d7-bfd9-fa6cf7616329,CF,False,True,Toronto Blue Jays,Athletics,home,2,0,0,0,6,2,2,0,0,1,1,4,2,,,,,,,,,,,,
2026-03-28,83b844cb-2288-56e0-a036-3a56b3a0682c,Andrés Giménez,0fa89082-0ded-58c2-8fab-9feb8319955a,SS,False,True,Toronto Blue Jays,Athletics,home,4,0,0,0,5,4,0,0,1,0,1,5,4,,,,,,,,,,,,
2026-03-28,83b844cb-2288-56e0-a036-3a56b3a0682c,Dylan Cease,cc3d2bc9-9164-54cb-ba96-182514d7acc1,P,True,True,Toronto Blue Jays,Athletics,home,,,,,,,,,,,,,,5.1,16,12,2,3,0,1,,90,1,0.75,20.25
2026-03-28,83b844cb-2288-56e0-a036-3a56b3a0682c,Davis Schneider,eac368f3-49d7-52aa-8a4a-5ada98dd9f58,LF,False,True,Toronto Blue Jays,Athletics,home,0,0,0,0,3,0,0,1,0,0,0,0,0,,,,,,,,,,,,
2026-03-28,83b844cb-2288-56e0-a036-3a56b3a0682c,Nathan Lukes,0f9ba003-89a6-5719-aa08-c6f05477a4e5,PR,False,False,Toronto Blue Jays,Athletics,home,0,0,0,0,0,0,0,0,0,1,0,1,0,,,,,,,,,,,,
2026-03-28,83b844cb-2288-56e0-a036-3a56b3a0682c,Addison Barger,acbb27ca-7bd0-5f3b-8d74-1400045fb79c,RF,False,False,Toronto Blue Jays,Athletics,home,0,0,0,0,3,0,1,0,0,0,1,1,0,,,,,,,,,,,,
2026-03-28,83b844cb-2288-56e0-a036-3a56b3a0682c,George Springer,b12c925d-b511-5331-a994-839ab4c086ad,DH,False,False,Toronto Blue Jays,Athletics,home,0,1,0,0,6,1,0,3,0,0,1,2,2,,,,,,,,,,,,
2026-03-28,83b844cb-2288-56e0-a036-3a56b3a0682c,Mason Fluharty,355806ec-5636-5f28-a2f9-8f47f66f8c1b,P,True,False,Toronto Blue Jays,Athletics,home,,,,,,,,,,,,,,0,0,0,0,2,0,2,,9,2,,
2026-03-28,83b844cb-2288-56e0-a036-3a56b3a0682c,Braydon Fisher,b15b9955-da2a-5033-9ac6-6dc1d732925d,P,True,False,Toronto Blue Jays,Athletics,home,,,,,,,,,,,,,,0.2,2,0,0,0,0,0,,4,0,0.0,0.0
2026-03-28,83b844cb-2288-56e0-a036-3a56b3a0682c,Tyler Rogers,c9270751-0889-57fe-8766-f58a19b2dbda,P,True,False,Toronto Blue Jays,Athletics,home,,,,,,,,,,,,,,1,3,2,0,0,0,0,,7,0,0.6666666666666666,18.0
2026-03-28,83b844cb-2288-56e0-a036-3a56b3a0682c,Vladimir Guerrero Jr.,c652a6fb-0803-556b-a03b-9fed12cedf9b,1B,False,True,Toronto Blue Jays,Athletics,home,1,0,0,0,6,1,3,0,0,1,1,3,1,,,,,,,,,,,,
2026-03-28,83b844cb-2288-56e0-a036-3a56b3a0682c,Jesús Sánchez,62480674-d120-5cd2-bdd3-05c3cbecd240,LF,False,False,Toronto Blue Jays,Athletics,home,1,0,0,0,3,1,0,0,0,2,1,4,1,,,,,,,,,,,,
2026-03-28,83b844cb-2288-56e0-a036-3a56b3a0682c,Myles Straw,51c4113b-ff8e-5728-b588-d6a0be2f776a,RF,False,True,Toronto Blue Jays,Athletics,home,1,0,0,0,2,1,0,0,0,1,0,2,1,,,,,,,,,,,,
2026-03-28,83b844cb-2288-56e0-a036-3a56b3a0682c,Alejandro Kirk,8676c14f-6022-5f84-8f02-86c9aceff281,C,False,True,Toronto Blue Jays,Athletics,home,0,0,0,1,6,1,1,1,0,2,1,4,4,,,,,,,,,,,,
2026-03-28,83b844cb-2288-56e0-a036-3a56b3a0682c,Kazuma Okamoto,d79d11dd-a762-5962-aed1-9e87c656e5fc,3B,False,True,Toronto Blue Jays,Athletics,home,1,0,0,0,6,1,1,2,0,0,0,1,1,,,,,,,,,,,,
2026-03-28,83b844cb-2288-56e0-a036-3a56b3a0682c,Brent Rooker,9d82601b-b14e-5a63-a224-362d63a93501,DH,False,False,Athletics,Toronto Blue Jays,away,1,0,0,0,5,1,0,3,0,0,1,2,1,,,,,,,,,,,,
2026-03-28,83b844cb-2288-56e0-a036-3a56b3a0682c,Jeff McNeil,3ef9318f-5a03-5a7f-8df9-f326e49cfb1e,RF,False,True,Athletics,Toronto Blue Jays,away,1,0,0,0,5,1,0,1,1,1,0,2,1,,,,,,,,,,,,
2026-03-28,83b844cb-2288-56e0-a036-3a56b3a0682c,Scott Barlow,d4592618-113b-5443-8c2c-302d9651a818,P,True,False,Athletics,Toronto Blue Jays,away,,,,,,,,,,,,,,1,3,1,1,1,0,0,,14,1,0.3333333333333333,9.0
2026-03-28,83b844cb-2288-56e0-a036-3a56b3a0682c,Carlos Cortes,b10e4d13-0c9b-592c-99f9-974bebe386f0,RF,False,True,Athletics,Toronto Blue Jays,away,0,0,0,0,2,0,0,1,0,0,0,0,0,,,,,,,,,,,,
2026-03-28,83b844cb-2288-56e0-a036-3a56b3a0682c,Michael Kelly,8364c84b-4702-5754-9b11-261a5a00aa16,P,True,False,Athletics,Toronto Blue Jays,away,,,,,,,,,,,,,,1.1,4,1,0,2,1,1,,15,1,0.25,6.75
2026-03-28,83b844cb-2288-56e0-a036-3a56b3a0682c,Max Muncy,499ef8b1-1d5e-5c2f-82bf-73bceec786a2,3B,False,True,Athletics,Toronto Blue Jays,away,1,0,0,0,5,1,0,3,1,1,0,2,1,,,,,,,,,,,,
2026-03-28,83b844cb-2288-56e0-a036-3a56b3a0682c,Denzel Clarke,55034696-f1db-58f8-9342-c21b5cfe6dc1,CF,False,True,Athletics,Toronto Blue Jays,away,1,0,0,0,5,1,0,3,0,1,1,3,1,,,,,,,,,,,,
2026-03-28,83b844cb-2288-56e0-a036-3a56b3a0682c,Tyler Soderstrom,1a12af09-5e6b-518c-9285-c9f3e9156573,LF,False,True,Athletics,Toronto Blue Jays,away,1,1,0,0,5,2,0,2,0,0,1,3,3,,,,,,,,,,,,
2026-03-28,83b844cb-2288-56e0-a036-3a56b3a0682c,Elvis Alvarado,ad6fc5eb-250b-51ca-8385-a9e11ebf07be,P,True,False,Athletics,Toronto Blue Jays,away,,,,,,,,,,,,,,1,3,2,2,1,0,2,,26,2,0.6666666666666666,18.0
2026-03-28,83b844cb-2288-56e0-a036-3a56b3a0682c,Darell Hernaiz,5d2fcaf4-b36e-566e-b677-c7bd72404047,SS,False,False,Athletics,Toronto Blue Jays,away,0,0,0,0,0,0,0,0,0,0,0,0,0,,,,,,,,,,,,
2026-03-28,83b844cb-2288-56e0-a036-3a56b3a0682c,Nick Kurtz,0ee3ade6-1739-552d-b4eb-8eb38b8ba6a0,1B,False,True,Athletics,Toronto Blue Jays,away,0,0,0,0,5,0,3,2,1,3,0,3,0,,,,,,,,,,,,
2026-03-28,83b844cb-2288-56e0-a036-3a56b3a0682c,Hogan Harris,a9269342-dc5e-51d7-a959-d0c967ea3679,P,True,False,Athletics,Toronto Blue Jays,away,,,,,,,,,,,,,,0.2,2,0,1,2,0,0,,19,0,0.0,0.0
2026-03-28,83b844cb-2288-56e0-a036-3a56b3a0682c,Luis Medina,39f49f33-26d1-5ef0-ad45-465b5699ade9,P,True,False,Athletics,Toronto Blue Jays,away,,,,,,,,,,,,,,0.1,1,1,1,1,0,0,,10,1,1.0,27.0
2026-03-28,83b844cb-2288-56e0-a036-3a56b3a0682c,Shea Langeliers,3de34bb4-e20b-541b-ba54-b22612a81656,C,False,True,Athletics,Toronto Blue Jays,away,1,0,0,1,5,2,1,1,0,1,4,7,5,,,,,,,,,,,,
2026-03-28,83b844cb-2288-56e0-a036-3a56b3a0682c,Mark Leiter Jr.,02bb1eaf-b760-5bf8-98a1-b15859a368d4,P,True,False,Athletics,Toronto Blue Jays,away,,,,,,,,,,,,,,0.2,2,0,0,2,0,1,,17,1,0.0,0.0
2026-03-28,83b844cb-2288-56e0-a036-3a56b3a0682c,Andy Ibáñez,5f0fddfb-0e64-523a-84e5-5dc41735e837,2B,False,False,Athletics,Toronto Blue Jays,away,0,0,0,0,3,0,1,1,0,0,0,0,0,,,,,,,,,,,,
2026-03-28,83b844cb-2288-56e0-a036-3a56b3a0682c,Jeffrey Springs,cbbbec48-1512-50e8-9a7c-84a3f6f796bd,P,True,True,Athletics,Toronto Blue Jays,away,,,,,,,,,,,,,,5.1,16,2,3,5,0,2,,83,2,0.125,3.375
2026-03-28,83b844cb-2288-56e0-a036-3a56b3a0682c,Jacob Wilson,bbc991c4-1055-56ae-af55-57b957f437a3,SS,False,True,Athletics,Toronto Blue Jays,away,0,0,0,0,5,0,0,2,0,0,0,0,0,,,,,,,,,,,,
2026-03-28,31e49793-25f1-5c24-8584-06fa339561b2,Jeremiah Jackson,79a8c5e7-b511-5a4a-a093-00ac948ae519,2B,False,True,Baltimore Orioles,Minnesota Twins,home,2,0,0,0,4,2,0,1,0,0,1,3,2,,,,,,,,,,,,
2026-03-28,31e49793-25f1-5c24-8584-06fa339561b2,Samuel Basallo,e2832358-42f4-5d2e-b14c-498693dbb679,DH,False,False,Baltimore Orioles,Minnesota Twins,home,0,0,0,0,4,0,1,2,0,0,0,0,0,,,,,,,,,,,,
2026-03-28,31e49793-25f1-5c24-8584-06fa339561b2,Gunnar Henderson,8dd2ac6f-561c-5af1-b076-5e81f0f4e199,SS,False,True,Baltimore Orioles,Minnesota Twins,home,0,0,0,0,5,0,0,3,1,0,0,0,0,,,,,,,,,,,,
2026-03-28,31e49793-25f1-5c24-8584-06fa339561b2,Leody Taveras,3ec5beae-5884-53b2-80db-f719fafea82c,CF,False,False,Baltimore Orioles,Minnesota Twins,home,0,0,0,0,1,0,0,1,0,0,0,0,0,,,,,,,,,,,,
2026-03-28,31e49793-25f1-5c24-8584-06fa339561b2,Taylor Ward,ecd13d9a-09c8-5341-a9c1-42cd969b9bfd,LF,False,True,Baltimore Orioles,Minnesota Twins,home,0,0,0,0,5,0,2,2,0,0,0,0,0,,,,,,,,,,,,
2026-03-28,31e49793-25f1-5c24-8584-06fa339561b2,Kyle Bradish,66e75bda-3aeb-54f0-a9ef-a69a0800b3a2,P,True,True,Baltimore Orioles,Minnesota Twins,home,,,,,,,,,,,,,,4.2,14,4,3,2,1,2,,83,3,0.2857142857142857,7.7142857142857135
2026-03-28,31e49793-25f1-5c24-8584-06fa339561b2,Dylan Beavers,6713c09d-171a-5996-8551-2d6cbdcc460f,RF,False,True,Baltimore Orioles,Minnesota Twins,home,0,0,0,0,2,0,0,1,0,0,0,0,0,,,,,,,,,,,,
2026-03-28,31e49793-25f1-5c24-8584-06fa339561b2,Ryan Mountcastle,e4a14345-13f9-5c20-aa4e-811e01ab47be,PH,False,False,Baltimore Orioles,Minnesota Twins,home,1,0,0,0,1,1,0,0,0,0,0,1,1,,,,,,,,,,,,
2026-03-28,31e49793-25f1-5c24-8584-06fa339561b2,Adley Rutschman,641d20de-7b25-5610-a12b-aa8c9cf6fdb5,C,False,True,Baltimore Orioles,Minnesota Twins,home,0,0,0,0,4,0,2,1,0,0,0,0,0,,,,,,,,,,,,
2026-03-28,31e49793-25f1-5c24-8584-06fa339561b2,Yaramil Hiraldo,d32539bd-0e1c-50e1-a08d-67430a42b23e,P,True,False,Baltimore Orioles,Minnesota Twins,home,,,,,,,,,,,,,,0.1,1,1,0,0,0,0,,3,0,1.0,27.0
2026-03-28,31e49793-25f1-5c24-8584-06fa339561b2,Tyler O'Neill,22618000-6c22-5a37-9298-4ff8d51174b1,RF,False,False,Baltimore Orioles,Minnesota Twins,home,0,0,0,0,2,0,0,1,0,0,0,0,0,,,,,,,,,,,,
2026-03-28,31e49793-25f1-5c24-8584-06fa339561b2,Anthony Nunez,e21e4fcc-ccb4-515c-bf3a-fb9b09d362ee,P,True,False,Baltimore Orioles,Minnesota Twins,home,,,,,,,,,,,,,,2,6,3,0,0,0,0,,22,0,0.5,13.5
2026-03-28,31e49793-25f1-5c24-8584-06fa339561b2,Pete Alonso,a706e53c-3e74-5675-9f67-a2114ac0ab94,1B,False,True,Baltimore Orioles,Minnesota Twins,home,1,0,0,0,5,1,0,2,0,0,0,1,1,,,,,,,,,,,,
2026-03-28,31e49793-25f1-5c24-8584-06fa339561b2,Yennier Cano,9afc79b0-0758-5ecf-9c65-0be52b7b0603,P,True,False,Baltimore Orioles,Minnesota Twins,home,,,,,,,,,,,,,,0.1,1,1,0,1,0,0,,8,0,1.0,27.0
2026-03-28,31e49793-25f1-5c24-8584-06fa339561b2,Dietrich Enns,ef9207e2-4db6-5311-b1e8-2264567c81af,P,True,False,Baltimore Orioles,Minnesota Twins,home,,,,,,,,,,,,,,1.2,5,1,1,1,0,1,,33,1,0.2,5.3999999999999995
2026-03-28,31e49793-25f1-5c24-8584-06fa339561b2,Colton Cowser,7c1a36d9-f8ba-5ebe-9fd2-58b788cc84b6,CF,False,True,Baltimore Orioles,Minnesota Twins,home,0,1,0,0,2,1,0,1,0,1,0,2,2,,,,,,,,,,,,
2026-03-28,31e49793-25f1-5c24-8584-06fa339561b2,Coby Mayo,3fa3b427-6995-5a99-b9df-39c34bfe5217,3B,False,True,Baltimore Orioles,Minnesota Twins,home,0,0,0,0,4,0,1,1,0,0,0,0,0,,,,,,,,,,,,
2026-03-28,31e49793-25f1-5c24-8584-06fa339561b2,Taj Bradley,059cc2ae-9eca-5eb3-a86d-85149c0a3399,P,True,True,Minnesota Twins,Baltimore Orioles,away,,,,,,,,,,,,,,4.1,13,9,3,3,0,1,,92,1,0.6923076923076923,18.692307692307693
2026-03-28,31e49793-25f1-5c24-8584-06fa339561b2,Justin Topa,f695595b-b683-55e9-8396-d2c651a30ad9,P,True,False,Minnesota Twins,Baltimore Orioles,away,,,,,,,,,,,,,,1,3,1,0,0,0,0,,12,0,0.3333333333333333,9.0
2026-03-28,31e49793-25f1-5c24-8584-06fa339561b2,Kody Clemens,388afaec-b241-58d7-8b05-1e0292aaa5ce,1B,False,True,Minnesota Twins,Baltimore Orioles,away,1,0,0,0,4,1,0,2,0,0,1,2,1,,,,,,,,,,,,
2026-03-28,31e49793-25f1-5c24-8584-06fa339561b2,Brooks Lee,9e5151e5-7ca3-54b5-906a-035ac2bd117b,SS,False,True,Minnesota Twins,Baltimore Orioles,away,0,0,0,0,3,0,0,1,0,0,0,0,0,,,,,,,,,,,,
2026-03-28,31e49793-25f1-5c24-8584-06fa339561b2,Anthony Banda,ca44db94-5d9e-525f-a405-9de2e4448bbf,P,True,False,Minnesota Twins,Baltimore Orioles,away,,,,,,,,,,,,,,0.2,2,2,1,0,0,0,,15,0,1.0,27.0
2026-03-28,31e49793-25f1-5c24-8584-06fa339561b2,Josh Bell,9c4f9447-e182-53d1-9468-d5eed9b0e0f7,DH,False,False,Minnesota Twins,Baltimore Orioles,away,0,0,0,0,4,0,0,1,0,0,1,1,0,,,,,,,,,,,,
2026-03-28,31e49793-25f1-5c24-8584-06fa339561b2,Ryan Jeffers,9fa0a7d3-5db7-5110-b162-2933bae5edac,C,False,True,Minnesota Twins,Baltimore Orioles,away,0,0,0,0,4,0,1,2,0,0,0,0,0,,,,,,,,,,,,
2026-03-28,31e49793-25f1-5c24-8584-06fa339561b2,James Outman,ecd5e641-3869-57f2-af87-7b030fcc7f7b,LF,False,False,Minnesota Twins,Baltimore Orioles,away,0,0,0,0,1,0,0,0,0,0,0,0,0,,,,,,,,,,,,
2026-03-28,31e49793-25f1-5c24-8584-06fa339561b2,Cole Sands,aaee493c-5d22-52fe-8a1f-8b87a0750522,P,True,False,Minnesota Twins,Baltimore Orioles,away,,,,,,,,,,,,,,1,3,2,1,0,0,0,,16,0,0.6666666666666666,18.0
2026-03-28,31e49793-25f1-5c24-8584-06fa339561b2,Kody Funderburk,194f8ff2-a54d-5d6f-b29f-4ada5ae3629b,P,True,False,Minnesota Twins,Baltimore Orioles,away,,,,,,,,,,,,,,0.2,2,2,0,2,0,0,,13,0,1.0,27.0
2026-03-28,31e49793-25f1-5c24-8584-06fa339561b2,Royce Lewis,ed8d10fa-59d5-527e-9c7f-0eb7ba2f1a36,3B,False,True,Minnesota Twins,Baltimore Orioles,away,0,0,0,1,4,1,1,1,1,2,2,5,4,,,,,,,,,,,,
2026-03-28,31e49793-25f1-5c24-8584-06fa339561b2,Trevor Larnach,acc8d7d3-6cc6-5ddb-82f7-c51950746185,LF,False,True,Minnesota Twins,Baltimore Orioles,away,0,0,0,0,3,0,1,0,0,1,0,1,0,,,,,,,,,,,,
2026-03-28,31e49793-25f1-5c24-8584-06fa339561b2,Byron Buxton,f324ed45-2be1-5593-9601-8a1caeabe988,CF,False,True,Minnesota Twins,Baltimore Orioles,away,2,0,0,0,4,2,0,1,0,1,0,3,2,,,,,,,,,,,,
2026-03-28,31e49793-25f1-5c24-8584-06fa339561b2,Matt Wallner,d29b50b9-0e28-5d0d-b368-6cecc0a7d512,RF,False,True,Minnesota Twins,Baltimore Orioles,away,0,0,0,0,4,0,1,1,0,0,0,0,0,,,,,,,,,,,,
2026-03-28,31e49793-25f1-5c24-8584-06fa339561b2,Eric Orze,bf0a6099-e6a8-5e3c-992f-bf9bf6aca93d,P,True,False,Minnesota Twins,Baltimore Orioles,away,,,,,,,,,,,,,,1.1,4,0,1,0,0,0,,21,0,0.0,0.0
2026-03-28,31e49793-25f1-5c24-8584-06fa339561b2,Luke Keaschall,cd5f4708-4e8f-5a0f-8347-a323178f906f,2B,False,True,Minnesota Twins,Baltimore Orioles,away,0,0,0,0,4,0,0,1,0,0,0,0,0,,,,,,,,,,,,
2026-03-28,067d3856-fc83-51b3-a0b5-876a83f62da0,Brandon Marsh,428a913a-6990-5ebc-a53f-fe331b036c25,LF,False,True,Philadelphia Phillies,Texas Rangers,home,1,0,0,0,4,1,0,1,0,0,2,3,1,,,,,,,,,,,,
2026-03-28,067d3856-fc83-51b3-a0b5-876a83f62da0,José Alvarado,d1837532-3287-57d6-8c2e-0d4e7348acef,P,True,False,Philadelphia Phillies,Texas Rangers,home,,,,,,,,,,,,,,1,3,2,0,1,0,0,,18,0,0.6666666666666666,18.0
2026-03-28,067d3856-fc83-51b3-a0b5-876a83f62da0,Justin Crawford,656815ea-b9fd-59e0-8461-3bdf7f7e3131,CF,False,True,Philadelphia Phillies,Texas Rangers,home,0,0,0,0,3,0,1,1,0,0,0,0,0,,,,,,,,,,,,
2026-03-28,067d3856-fc83-51b3-a0b5-876a83f62da0,Bryce Harper,c9b6441c-da6d-5f6d-bb63-857c121017fa,1B,False,True,Philadelphia Phillies,Texas Rangers,home,1,0,0,0,5,1,0,0,0,0,1,2,1,,,,,,,,,,,,
2026-03-28,067d3856-fc83-51b3-a0b5-876a83f62da0,J.T. Realmuto,0d9765bd-d345-5aaf-b9ad-1a15792ac037,C,False,True,Philadelphia Phillies,Texas Rangers,home,1,0,0,0,4,1,0,2,0,1,0,2,1,,,,,,,,,,,,
2026-03-28,067d3856-fc83-51b3-a0b5-876a83f62da0,Jhoan Duran,cbc3e25d-643b-56fc-9abf-1dbb02b584f3,P,True,False,Philadelphia Phillies,Texas Rangers,home,,,,,,,,,,,,,,1,3,2,0,2,0,1,,22,2,0.6666666666666666,18.0
2026-03-28,067d3856-fc83-51b3-a0b5-876a83f62da0,Edmundo Sosa,4fbe024f-4d5b-5042-8ca2-06f8ecd6d580,2B,False,False,Philadelphia Phillies,Texas Rangers,home,0,0,0,0,1,0,1,0,0,1,0,1,0,,,,,,,,,,,,
2026-03-28,067d3856-fc83-51b3-a0b5-876a83f62da0,Alec Bohm,9bbc34c0-5769-5c7f-8cf4-607f25730d26,3B,False,True,Philadelphia Phillies,Texas Rangers,home,1,0,0,0,5,1,0,0,0,1,0,2,1,,,,,,,,,,,,
2026-03-28,067d3856-fc83-51b3-a0b5-876a83f62da0,Tim Mayza,0601d6fa-5723-5116-a76f-298c86d49662,P,True,False,Philadelphia Phillies,Texas Rangers,home,,,,,,,,,,,,,,2,6,2,1,1,0,0,,32,0,0.3333333333333333,9.0
2026-03-28,067d3856-fc83-51b3-a0b5-876a83f62da0,Bryson Stott,c063d114-6426-54da-a28d-bd4eb1d1d948,2B,False,True,Philadelphia Phillies,Texas Rangers,home,0,0,0,0,3,0,1,0,0,0,0,0,0,,,,,,,,,,,,
2026-03-28,067d3856-fc83-51b3-a0b5-876a83f62da0,Kyle Schwarber,a60a2cbf-f012-56e9-acc4-184d76ff8219,DH,False,False,Philadelphia Phillies,Texas Rangers,home,0,0,0,0,5,0,0,4,0,0,0,0,0,,,,,,,,,,,,
2026-03-28,067d3856-fc83-51b3-a0b5-876a83f62da0,Otto Kemp,0bee2d6f-b61f-5378-8451-2de962a9d75c,PH,False,False,Philadelphia Phillies,Texas Rangers,home,0,0,0,0,1,0,0,0,0,0,0,0,0,,,,,,,,,,,,
2026-03-28,067d3856-fc83-51b3-a0b5-876a83f62da0,Tanner Banks,624b586b-5e1a-59c6-bfb3-3751272c2fb3,P,True,False,Philadelphia Phillies,Texas Rangers,home,,,,,,,,,,,,,,1,3,0,0,1,0,0,,10,0,0.0,0.0
2026-03-28,067d3856-fc83-51b3-a0b5-876a83f62da0,Adolis García,2c62b85f-73e6-5aff-af94-15901f508fb2,RF,False,True,Philadelphia Phillies,Texas Rangers,home,0,1,0,0,4,1,0,1,0,1,1,3,2,,,,,,,,,,,,
2026-03-28,067d3856-fc83-51b3-a0b5-876a83f62da0,Aaron Nola,30fcc27e-bc10-5865-a3e7-9cb3e186515b,P,True,True,Philadelphia Phillies,Texas Rangers,home,,,,,,,,,,,,,,5,15,7,2,5,2,3,,91,3,0.4666666666666667,12.6
2026-03-28,067d3856-fc83-51b3-a0b5-876a83f62da0,Trea Turner,f38b6d42-2ac2-5480-adbc-729df0f14126,SS,False,True,Philadelphia Phillies,Texas Rangers,home,0,0,0,0,5,0,0,2,0,0,0,0,0,,,,,,,,,,,,
2026-03-28,067d3856-fc83-51b3-a0b5-876a83f62da0,Evan Carter,f35e83f3-06d6-5c07-b669-1e0cd310d86e,CF,False,True,Texas Rangers,Philadelphia Phillies,away,1,0,0,0,4,1,0,1,0,0,0,1,1,,,,,,,,,,,,
2026-03-28,067d3856-fc83-51b3-a0b5-876a83f62da0,Wyatt Langford,882a170b-e284-5079-9ca4-351da4aad0f2,LF,False,True,Texas Rangers,Philadelphia Phillies,away,1,0,0,0,5,1,0,1,0,1,0,2,1,,,,,,,,,,,,
2026-03-28,067d3856-fc83-51b3-a0b5-876a83f62da0,Jake Burger,405e9f4a-6c45-52e5-92ca-d856c0888e10,1B,False,True,Texas Rangers,Philadelphia Phillies,away,1,0,0,1,5,2,0,3,0,1,2,5,5,,,,,,,,,,,,
2026-03-28,067d3856-fc83-51b3-a0b5-876a83f62da0,Tyler Alexander,aa46bcb4-ff17-53b7-ae2b-4a1721bcd92b,P,True,False,Texas Rangers,Philadelphia Phillies,away,,,,,,,,,,,,,,1,3,1,0,1,0,0,,21,1,0.3333333333333333,9.0
2026-03-28,067d3856-fc83-51b3-a0b5-876a83f62da0,Joc Pederson,a8accc9b-5d7c-5c48-b5dc-24a6f0b7b652,DH,False,False,Texas Rangers,Philadelphia Phillies,away,0,0,0,0,2,0,1,0,0,0,0,0,0,,,,,,,,,,,,
2026-03-28,067d3856-fc83-51b3-a0b5-876a83f62da0,Jacob Latz,f9230adb-f4e9-5750-b5b4-7e0777a7cf39,P,True,True,Texas Rangers,Philadelphia Phillies,away,,,,,,,,,,,,,,4,12,3,1,0,0,0,,68,0,0.25,6.75
2026-03-28,067d3856-fc83-51b3-a0b5-876a83f62da0,Jalen Beeks,1b0188a9-51e8-5aab-98ab-689bb43d883c,P,True,False,Texas Rangers,Philadelphia Phillies,away,,,,,,,,,,,,,,1,3,1,0,0,0,0,,7,0,0.3333333333333333,9.0
2026-03-28,067d3856-fc83-51b3-a0b5-876a83f62da0,Corey Seager,0a8aa1ff-7f96-5ea3-91c5-f80c15eed600,SS,False,True,Texas Rangers,Philadelphia Phillies,away,1,0,0,1,5,2,1,2,0,1,1,4,5,,,,,,,,,,,,
2026-03-28,067d3856-fc83-51b3-a0b5-876a83f62da0,Robert Garcia,2e78c30e-9db1-5ac6-b461-c7aa7ac70de9,P,True,False,Texas Rangers,Philadelphia Phillies,away,,,,,,,,,,,,,,0.2,2,1,1,1,0,0,,18,2,0.5,13.5
2026-03-28,067d3856-fc83-51b3-a0b5-876a83f62da0,Josh Jung,c0339e5b-fadd-5807-97d2-084bf40ec3f0,3B,False,True,Texas Rangers,Philadelphia Phillies,away,0,0,0,0,4,0,0,1,0,0,0,0,0,,,,,,,,,,,,
2026-03-28,067d3856-fc83-51b3-a0b5-876a83f62da0,Andrew McCutchen,22ae9ba7-a153-55b1-9737-6b114127a2a3,DH,False,False,Texas Rangers,Philadelphia Phillies,away,1,0,0,0,3,1,0,0,0,0,1,2,1,,,,,,,,,,,,
2026-03-28,067d3856-fc83-51b3-a0b5-876a83f62da0,Brandon Nimmo,8954e7a7-4f31-5f8f-9888-a809b7b43d88,RF,False,True,Texas Rangers,Philadelphia Phillies,away,2,0,0,0,5,2,0,1,1,2,0,4,2,,,,,,,,,,,,
2026-03-28,067d3856-fc83-51b3-a0b5-876a83f62da0,Josh Smith,b7d79367-f94a-515d-b182-46692bc3d8c5,2B,False,True,Texas Rangers,Philadelphia Phillies,away,1,0,0,0,5,1,1,1,0,0,0,1,1,,,,,,,,,,,,
2026-03-28,067d3856-fc83-51b3-a0b5-876a83f62da0,Danny Jansen,40547d59-1eb3-5e24-9ee7-9609f66e218a,C,False,True,Texas Rangers,Philadelphia Phillies,away,0,0,0,0,4,0,0,3,0,0,0,0,0,,,,,,,,,,,,
2026-03-28,067d3856-fc83-51b3-a0b5-876a83f62da0,Jakob Junis,2333aae5-bf92-5f43-9e5f-276fd335d73d,P,True,False,Texas Rangers,Philadelphia Phillies,away,,,,,,,,,,,,,,2,6,2,0,0,0,0,,23,0,0.3333333333333333,9.0
2026-03-28,067d3856-fc83-51b3-a0b5-876a83f62da0,Cole Winn,4104cc07-5e4a-58a3-9b5f-e374581c9e62,P,True,False,Texas Rangers,Philadelphia Phillies,away,,,,,,,,,,,,,,1,3,2,1,1,0,0,,19,0,0.6666666666666666,18.0
2026-03-28,067d3856-fc83-51b3-a0b5-876a83f62da0,Chris Martin,ea587fcb-6ef3-5160-bb1c-eab899cc407f,P,True,False,Texas Rangers,Philadelphia Phillies,away,,,,,,,,,,,,,,0.1,1,1,0,2,0,0,,12,1,1.0,27.0
2026-03-28,dcdce67f-6b9d-5a0e-88da-424a005730bf,Elly De La Cruz,7fd536ef-9553-5c83-9d6b-4584793b4a26,SS,False,True,Cincinnati Reds,Boston Red Sox,home,0,0,0,1,6,1,2,2,0,1,1,3,4,,,,,,,,,,,,
2026-03-28,dcdce67f-6b9d-5a0e-88da-424a005730bf,Dane Myers,4afd868e-eb1d-5af8-bff0-99ce9b1bf670,CF,False,False,Cincinnati Reds,Boston Red Sox,home,1,0,0,0,1,1,0,0,0,0,1,2,1,,,,,,,,,,,,
2026-03-28,dcdce67f-6b9d-5a0e-88da-424a005730bf,Sal Stewart,87ada644-a3be-5013-bfc9-a696f4bfb4ee,1B,False,True,Cincinnati Reds,Boston Red Sox,home,1,0,0,1,5,2,1,0,0,1,2,5,5,,,,,,,,,,,,
2026-03-28,dcdce67f-6b9d-5a0e-88da-424a005730bf,Pierce Johnson,aa72972c-95f9-58b9-b589-36f13f6e6dc6,P,True,False,Cincinnati Reds,Boston Red Sox,home,,,,,,,,,,,,,,0.2,2,0,0,1,0,0,,7,0,0.0,0.0
2026-03-28,dcdce67f-6b9d-5a0e-88da-424a005730bf,Emilio Pagán,0a6a074b-e2af-563b-b13e-42cc1819afec,P,True,False,Cincinnati Reds,Boston Red Sox,home,,,,,,,,,,,,,,1.1,4,2,0,1,1,1,,22,1,0.5,13.5
2026-03-28,dcdce67f-6b9d-5a0e-88da-424a005730bf,Noelvi Marte,b4539c2e-2482-5e59-a810-3b07072fa874,RF,False,False,Cincinnati Reds,Boston Red Sox,home,0,0,0,0,1,0,0,1,0,0,0,0,0,,,,,,,,,,,,
2026-03-28,dcdce67f-6b9d-5a0e-88da-424a005730bf,Tony Santillan,25ef2f7a-b7fa-5b8e-a059-f3fa3b9d4117,P,True,False,Cincinnati Reds,Boston Red Sox,home,,,,,,,,,,,,,,1,3,3,2,0,0,0,,25,0,1.0,27.0
2026-03-28,dcdce67f-6b9d-5a0e-88da-424a005730bf,Nathaniel Lowe,4bc7650f-1ad3-5a2c-a3b7-6a07ed97b9f7,1B,False,False,Cincinnati Reds,Boston Red Sox,home,0,0,0,0,1,0,0,0,0,0,0,0,0,,,,,,,,,,,,
2026-03-28,dcdce67f-6b9d-5a0e-88da-424a005730bf,Brady Singer,e3503df0-40e3-5a33-8591-3b95c75b998a,P,True,True,Cincinnati Reds,Boston Red Sox,home,,,,,,,,,,,,,,4,12,5,2,5,1,3,,74,3,0.4166666666666667,11.25
2026-03-28,dcdce67f-6b9d-5a0e-88da-424a005730bf,Matt McLain,f7624c99-f5cf-56e9-8b5d-cdc4402e8af7,2B,False,True,Cincinnati Reds,Boston Red Sox,home,2,1,0,0,6,3,2,0,0,1,1,5,4,,,,,,,,,,,,
2026-03-28,dcdce67f-6b9d-5a0e-88da-424a005730bf,Ke'Bryan Hayes,5ac4617a-322b-54c3-97a6-21a85177db00,3B,False,True,Cincinnati Reds,Boston Red Sox,home,0,0,0,0,4,0,0,0,0,1,0,1,0,,,,,,,,,,,,
2026-03-28,dcdce67f-6b9d-5a0e-88da-424a005730bf,Will Benson,3af6fc09-0d15-5805-832b-1e331a51fd8f,RF,False,True,Cincinnati Reds,Boston Red Sox,home,1,0,0,0,4,1,1,1,0,0,0,1,1,,,,,,,,,,,,
2026-03-28,dcdce67f-6b9d-5a0e-88da-424a005730bf,TJ Friedl,0a711a2b-282c-5649-94b9-8b048f484f0b,LF,False,True,Cincinnati Reds,Boston Red Sox,home,1,0,0,0,6,1,0,4,1,2,0,3,1,,,,,,,,,,,,
2026-03-28,dcdce67f-6b9d-5a0e-88da-424a005730bf,Spencer Steer,2e1a3d24-542e-5cd2-b6ac-11416bb79c96,3B,False,True,Cincinnati Reds,Boston Red Sox,home,0,0,0,0,5,0,1,1,0,0,0,0,0,,,,,,,,,,,,
2026-03-28,dcdce67f-6b9d-5a0e-88da-424a005730bf,Connor Phillips,329f0ee2-9252-5cba-b8d8-9be8c0af3d16,P,True,False,Cincinnati Reds,Boston Red Sox,home,,,,,,,,,,,,,,2,6,3,0,0,0,0,,23,0,0.5,13.5
2026-03-28,dcdce67f-6b9d-5a0e-88da-424a005730bf,Jose Trevino,3930dcf9-e9c2-536d-822f-07c8c4203342,C,False,True,Cincinnati Reds,Boston Red Sox,home,0,0,0,0,5,0,0,2,0,0,0,0,0,,,,,,,,,,,,
2026-03-28,dcdce67f-6b9d-5a0e-88da-424a005730bf,Graham Ashcraft,ae98a0ca-c804-56c2-9e38-be2f024c449c,P,True,False,Cincinnati Reds,Boston Red Sox,home,,,,,,,,,,,,,,1,3,2,1,1,0,1,,19,1,0.6666666666666666,18.0
2026-03-28,dcdce67f-6b9d-5a0e-88da-424a005730bf,Eugenio Suárez,09da9ec7-2b7c-5ea9-b2f8-9cdd0fdb7f8b,DH,False,False,Cincinnati Reds,Boston Red Sox,home,1,0,0,0,5,1,0,1,0,0,1,2,1,,,,,,,,,,,,
2026-03-28,dcdce67f-6b9d-5a0e-88da-424a005730bf,Sam Moll,1cbefb65-74f2-5448-b353-d021fbe984dd,P,True,False,Cincinnati Reds,Boston Red Sox,home,,,,,,,,,,,,,,1,3,0,0,0,0,0,,15,0,0.0,0.0
2026-03-28,dcdce67f-6b9d-5a0e-88da-424a005730bf,Roman Anthony,c29e1084-a051-5de5-86f7-09b1a3bd64af,LF,False,True,Boston Red Sox,Cincinnati Reds,away,1,0,0,0,6,1,1,2,0,0,1,2,1,,,,,,,,,,,,
2026-03-28,dcdce67f-6b9d-5a0e-88da-424a005730bf,Willson Contreras,34477b91-95c5-5159-8fc0-73e01ae1d6d9,1B,False,True,Boston Red Sox,Cincinnati Reds,away,0,0,0,0,5,0,2,2,0,0,0,0,0,,,,,,,,,,,,
2026-03-28,dcdce67f-6b9d-5a0e-88da-424a005730bf,Greg Weissert,faea39b8-a624-5a6f-8b3d-3d1b4a74906a,P,True,False,Boston Red Sox,Cincinnati Reds,away,,,,,,,,,,,,,,1,3,2,1,2,1,1,,27,1,0.6666666666666666,18.0
2026-03-28,dcdce67f-6b9d-5a0e-88da-424a005730bf,Connor Wong,9e2dbb5f-e618-5fca-8203-a8f6b0d73260,C,False,False,Boston Red Sox,Cincinnati Reds,away,0,0,0,0,1,0,0,1,0,0,0,0,0,,,,,,,,,,,,
2026-03-28,dcdce67f-6b9d-5a0e-88da-424a005730bf,Trevor Story,cd09b8ad-73fb-5669-8db1-98c5b8a8164a,SS,False,True,Boston Red Sox,Cincinnati Reds,away,0,0,0,1,6,1,0,4,0,1,1,3,4,,,,,,,,,,,,
2026-03-28,dcdce67f-6b9d-5a0e-88da-424a005730bf,Wilyer Abreu,e89e04e9-6e91-5ee7-ae12-04853566c53f,RF,False,True,Boston Red Sox,Cincinnati Reds,away,0,1,0,1,5,2,0,0,0,1,2,5,6,,,,,,,,,,,,
2026-03-28,dcdce67f-6b9d-5a0e-88da-424a005730bf,Garrett Whitlock,cdcc8bf3-76ab-5410-92b5-aa4315b42024,P,True,False,Boston Red Sox,Cincinnati Reds,away,,,,,,,,,,,,,,1,3,1,0,0,0,0,,6,0,0.3333333333333333,9.0
2026-03-28,dcdce67f-6b9d-5a0e-88da-424a005730bf,Sonny Gray,efe84c2e-5922-5441-be48-e3dd53ed6a5a,P,True,True,Boston Red Sox,Cincinnati Reds,away,,,,,,,,,,,,,,4,12,5,1,6,1,3,,80,4,0.4166666666666667,11.25
2026-03-28,dcdce67f-6b9d-5a0e-88da-424a005730bf,Justin Slaten,73553363-7fba-5e17-b5b9-76266815ed0d,P,True,False,Boston Red Sox,Cincinnati Reds,away,,,,,,,,,,,,,,0.1,1,1,1,1,0,0,,11,1,1.0,27.0
2026-03-28,dcdce67f-6b9d-5a0e-88da-424a005730bf,Caleb Durbin,bd9f542f-cb6e-5ce8-b85a-8ff891d266f7,3B,False,True,Boston Red Sox,Cincinnati Reds,away,0,0,0,0,5,0,0,1,0,0,0,0,0,,,,,,,,,,,,
2026-03-28,dcdce67f-6b9d-5a0e-88da-424a005730bf,Carlos Narváez,1322ee1c-36ba-5e0c-a487-1a0e94fe483b,C,False,True,Boston Red Sox,Cincinnati Reds,away,2,0,0,0,3,2,0,0,0,1,0,3,2,,,,,,,,,,,,
2026-03-28,dcdce67f-6b9d-5a0e-88da-424a005730bf,Jarren Duran,3ac99586-15b6-50c1-816f-075959ebead2,DH,False,False,Boston Red Sox,Cincinnati Reds,away,0,0,0,0,5,0,1,1,1,1,0,1,0,,,,,,,,,,,,
2026-03-28,dcdce67f-6b9d-5a0e-88da-424a005730bf,Ceddanne Rafaela,15788154-f587-5625-bece-d4a10d870640,CF,False,True,Boston Red Sox,Cincinnati Reds,away,1,0,0,0,5,1,0,1,0,1,0,2,1,,,,,,,,,,,,
2026-03-28,dcdce67f-6b9d-5a0e-88da-424a005730bf,Masataka Yoshida,ba7252d5-bd01-5d4a-afe2-2252480e2987,PH,False,False,Boston Red Sox,Cincinnati Reds,away,0,0,0,0,1,0,1,0,0,0,0,0,0,,,,,,,,,,,,
2026-03-28,dcdce67f-6b9d-5a0e-88da-424a005730bf,Danny Coulombe,da39f1d2-559c-5f90-a815-758e9ae145bb,P,True,False,Boston Red Sox,Cincinnati Reds,away,,,,,,,,,,,,,,0.2,2,1,1,1,0,0,,14,0,0.5,13.5
2026-03-28,dcdce67f-6b9d-5a0e-88da-424a005730bf,Marcelo Mayer,143aaf24-c832-5e23-b59f-4934230805d1,2B,False,True,Boston Red Sox,Cincinnati Reds,away,0,1,0,0,5,1,0,3,0,0,0,1,2,,,,,,,,,,,,
2026-03-28,dcdce67f-6b9d-5a0e-88da-424a005730bf,Aroldis Chapman,59f9eac9-af6c-538a-bb7d-cebe17553900,P,True,False,Boston Red Sox,Cincinnati Reds,away,,,,,,,,,,,,,,1,3,1,0,0,0,0,,9,0,0.3333333333333333,9.0
2026-03-28,dcdce67f-6b9d-5a0e-88da-424a005730bf,Ryan Watson,77282720-39a0-57ea-88d2-f156575d121d,P,True,False,Boston Red Sox,Cincinnati Reds,away,,,,,,,,,,,,,,2.1,7,1,3,0,0,0,,51,0,0.14285714285714285,3.8571428571428568
2026-03-28,62135866-f5d7-5335-9243-ec2e97ac2041,Griffin Conine,e3341070-8797-525f-ac18-fe883727cad8,LF,False,True,Miami Marlins,Colorado Rockies,home,1,0,0,0,4,1,0,1,1,0,0,1,1,,,,,,,,,,,,
2026-03-28,62135866-f5d7-5335-9243-ec2e97ac2041,Pete Fairbanks,71b3e27a-054a-5ba4-9a8f-f19ec5e37249,P,True,False,Miami Marlins,Colorado Rockies,home,,,,,,,,,,,,,,1,3,1,0,0,0,0,,9,0,0.3333333333333333,9.0
2026-03-28,62135866-f5d7-5335-9243-ec2e97ac2041,Jakob Marsee,0af43782-4c0c-52a9-94e2-9d9a6da68ce7,CF,False,True,Miami Marlins,Colorado Rockies,home,0,0,0,0,4,0,0,3,0,0,0,0,0,,,,,,,,,,,,
2026-03-28,62135866-f5d7-5335-9243-ec2e97ac2041,Calvin Faucher,c8a18109-5049-5421-abbc-a265039766c8,P,True,False,Miami Marlins,Colorado Rockies,home,,,,,,,,,,,,,,1,3,1,0,1,0,0,,12,0,0.3333333333333333,9.0
2026-03-28,62135866-f5d7-5335-9243-ec2e97ac2041,Xavier Edwards,c495c968-61ae-5861-89a0-df7170538ff7,2B,False,True,Miami Marlins,Colorado Rockies,home,1,0,0,0,4,1,0,0,0,1,0,2,1,,,,,,,,,,,,
2026-03-28,62135866-f5d7-5335-9243-ec2e97ac2041,Graham Pauley,606dcc64-c72e-5d4a-9d8c-d61117112980,3B,False,True,Miami Marlins,Colorado Rockies,home,1,0,0,0,4,1,0,2,0,0,0,1,1,,,,,,,,,,,,
2026-03-28,62135866-f5d7-5335-9243-ec2e97ac2041,Liam Hicks,0d5739d9-0891-5f5a-b4f5-07b6afa2f305,C,False,True,Miami Marlins,Colorado Rockies,home,0,0,0,1,4,1,0,0,0,1,3,5,4,,,,,,,,,,,,
2026-03-28,62135866-f5d7-5335-9243-ec2e97ac2041,Owen Caissie,6ae28905-0bc7-52c6-ba9c-af2410655745,RF,False,True,Miami Marlins,Colorado Rockies,home,2,1,0,0,4,3,0,0,1,0,1,4,4,,,,,,,,,,,,
2026-03-28,62135866-f5d7-5335-9243-ec2e97ac2041,Agustín Ramírez,c2ec4144-0214-50b3-8140-01ede6f247c1,DH,False,False,Miami Marlins,Colorado Rockies,home,2,0,0,0,4,2,1,0,1,1,0,3,2,,,,,,,,,,,,
2026-03-28,62135866-f5d7-5335-9243-ec2e97ac2041,Connor Norby,5ca1b2d6-2131-5835-989f-db6fc411a6b8,1B,False,True,Miami Marlins,Colorado Rockies,home,0,0,0,0,4,0,0,1,0,0,0,0,0,,,,,,,,,,,,
2026-03-28,62135866-f5d7-5335-9243-ec2e97ac2041,Eury Pérez,63c581d7-2996-52ea-98bd-082b54dbc7ee,P,True,True,Miami Marlins,Colorado Rockies,home,,,,,,,,,,,,,,7,21,8,1,5,2,3,,93,3,0.38095238095238093,10.285714285714286
2026-03-28,62135866-f5d7-5335-9243-ec2e97ac2041,Otto Lopez,5fd2366a-e489-58b4-8ad3-0c6eaaff57c9,SS,False,True,Miami Marlins,Colorado Rockies,home,1,0,0,0,4,1,0,0,1,1,0,2,1,,,,,,,,,,,,
2026-03-28,62135866-f5d7-5335-9243-ec2e97ac2041,Jake McCarthy,6997ae3d-a342-5d04-a267-91d371938d45,RF,False,True,Colorado Rockies,Miami Marlins,away,0,0,0,0,4,0,0,1,0,0,0,0,0,,,,,,,,,,,,
2026-03-28,62135866-f5d7-5335-9243-ec2e97ac2041,Troy Johnston,09dd2789-8b43-5f74-a5fd-89e6f73d1d86,RF,False,True,Colorado Rockies,Miami Marlins,away,1,0,0,0,3,1,0,1,0,0,0,1,1,,,,,,,,,,,,
2026-03-28,62135866-f5d7-5335-9243-ec2e97ac2041,Willi Castro,1f049a5e-1a31-56fd-813c-95bc75d37525,LF,False,True,Colorado Rockies,Miami Marlins,away,1,0,0,0,4,1,0,1,0,1,0,2,1,,,,,,,,,,,,
2026-03-28,62135866-f5d7-5335-9243-ec2e97ac2041,Brennan Bernardino,49be5cd4-ea2a-532b-b638-5b81dadbb065,P,True,False,Colorado Rockies,Miami Marlins,away,,,,,,,,,,,,,,0.2,2,0,0,1,0,0,,12,0,0.0,0.0
2026-03-28,62135866-f5d7-5335-9243-ec2e97ac2041,Edouard Julien,acdd1046-d6e4-53f4-90bb-fde2916b38bf,DH,False,False,Colorado Rockies,Miami Marlins,away,0,1,0,0,3,1,0,1,0,0,0,1,2,,,,,,,,,,,,
2026-03-28,62135866-f5d7-5335-9243-ec2e97ac2041,Ryan Ritter,a5ac4133-e9c5-51c2-8d69-e70b0625b1ed,2B,False,False,Colorado Rockies,Miami Marlins,away,0,0,0,0,1,0,0,1,0,0,0,0,0,,,,,,,,,,,,
2026-03-28,62135866-f5d7-5335-9243-ec2e97ac2041,Hunter Goodman,6144567b-eae1-58fa-9b5d-d2351f51c9e5,C,False,True,Colorado Rockies,Miami Marlins,away,1,0,0,0,4,1,0,1,0,0,0,1,1,,,,,,,,,,,,
2026-03-28,62135866-f5d7-5335-9243-ec2e97ac2041,Zach Agnos,4bad8986-95e0-54ce-baf1-c93f3d03b6ee,P,True,False,Colorado Rockies,Miami Marlins,away,,,,,,,,,,,,,,1.1,4,2,1,0,0,0,,30,0,0.5,13.5
2026-03-28,62135866-f5d7-5335-9243-ec2e97ac2041,Brenton Doyle,35509183-6eb7-5366-8a93-d9e7405d24ff,CF,False,True,Colorado Rockies,Miami Marlins,away,0,0,0,0,4,0,1,0,1,0,0,0,0,,,,,,,,,,,,
2026-03-28,62135866-f5d7-5335-9243-ec2e97ac2041,Michael Lorenzen,26b7ff49-145a-5107-8d4d-fe86a69c7aff,P,True,True,Colorado Rockies,Miami Marlins,away,,,,,,,,,,,,,,4.1,13,4,0,7,1,3,,93,3,0.3076923076923077,8.307692307692308
2026-03-28,62135866-f5d7-5335-9243-ec2e97ac2041,Ezequiel Tovar,973d0ea7-2ba4-58b5-95ce-ce6704416d1a,SS,False,True,Colorado Rockies,Miami Marlins,away,0,0,0,1,4,1,0,1,0,1,2,4,4,,,,,,,,,,,,
2026-03-28,62135866-f5d7-5335-9243-ec2e97ac2041,TJ Rumfield,8fbfa07a-ea2e-592e-9520-5bf531ada10d,1B,False,True,Colorado Rockies,Miami Marlins,away,0,0,0,1,4,1,0,1,0,1,1,3,4,,,,,,,,,,,,
2026-03-28,62135866-f5d7-5335-9243-ec2e97ac2041,Jaden Hill,62f6d8ee-f3a0-53d1-9b8b-110daba56068,P,True,False,Colorado Rockies,Miami Marlins,away,,,,,,,,,,,,,,1.2,5,1,0,2,0,1,,23,1,0.2,5.3999999999999995
2026-03-28,62135866-f5d7-5335-9243-ec2e97ac2041,Kyle Karros,5aeefc0d-9862-57c9-b58f-ab21c2ce4404,3B,False,True,Colorado Rockies,Miami Marlins,away,0,0,0,0,3,0,0,2,1,0,0,0,0,,,,,,,,,,,,
2026-03-28,581a816a-431b-5961-81d9-23a44795d2fa,Luis Torrens,5e3e8f7f-e1be-5314-a232-9a77a9237e0e,C,False,False,New York Mets,Pittsburgh Pirates,home,1,0,0,0,1,1,0,0,0,0,1,2,1,,,,,,,,,,,,
2026-03-28,581a816a-431b-5961-81d9-23a44795d2fa,Bo Bichette,33496f7a-3b83-59ef-b119-01d0d2437f28,3B,False,True,New York Mets,Pittsburgh Pirates,home,1,0,0,0,5,1,0,2,0,1,0,2,1,,,,,,,,,,,,
2026-03-28,581a816a-431b-5961-81d9-23a44795d2fa,Tyrone Taylor,8fc7ace9-e93d-58ba-b637-cdf5daaef922,PR,False,False,New York Mets,Pittsburgh Pirates,home,0,0,0,0,0,0,0,0,0,0,0,0,0,,,,,,,,,,,,
2026-03-28,581a816a-431b-5961-81d9-23a44795d2fa,Francisco Alvarez,f87397a4-f111-5de9-bdd5-ccb027f66a9c,C,False,True,New York Mets,Pittsburgh Pirates,home,0,0,0,0,3,0,1,1,0,0,0,0,0,,,,,,,,,,,,
2026-03-28,581a816a-431b-5961-81d9-23a44795d2fa,Mark Vientos,a659963f-2607-5990-8edb-583d390591c8,PH,False,False,New York Mets,Pittsburgh Pirates,home,1,0,0,0,1,1,0,0,0,0,0,1,1,,,,,,,,,,,,
2026-03-28,581a816a-431b-5961-81d9-23a44795d2fa,Brett Baty,aa321d05-4b90-5b2d-823f-5fe77a11ec6c,DH,False,False,New York Mets,Pittsburgh Pirates,home,1,0,0,0,4,1,0,1,1,1,0,2,1,,,,,,,,,,,,
2026-03-28,581a816a-431b-5961-81d9-23a44795d2fa,Huascar Brazobán,5dd5dec5-24b4-580c-bba6-fefb17c0dfd7,P,True,False,New York Mets,Pittsburgh Pirates,home,,,,,,,,,,,,,,0.2,2,1,0,0,0,0,,4,0,0.5,13.5
2026-03-28,581a816a-431b-5961-81d9-23a44795d2fa,Richard Lovelady,382fd23a-b370-5cf8-b5a6-a3735cacac73,P,True,False,New York Mets,Pittsburgh Pirates,home,,,,,,,,,,,,,,1,3,1,0,2,0,0,,21,1,0.3333333333333333,9.0
2026-03-28,581a816a-431b-5961-81d9-23a44795d2fa,Luke Weaver,e3e9cf69-f591-52dc-96f0-b9c349cc8846,P,True,False,New York Mets,Pittsburgh Pirates,home,,,,,,,,,,,,,,1,3,0,0,1,0,0,,16,0,0.0,0.0
2026-03-28,581a816a-431b-5961-81d9-23a44795d2fa,Carson Benge,631e3061-0f1e-5f0c-b1d3-ebbdfd16f053,RF,False,True,New York Mets,Pittsburgh Pirates,home,0,0,0,0,3,0,0,2,0,0,0,0,0,,,,,,,,,,,,
2026-03-28,581a816a-431b-5961-81d9-23a44795d2fa,Devin Williams,74f7d0c0-cfaf-5657-a8e5-d5f399074ad8,P,True,False,New York Mets,Pittsburgh Pirates,home,,,,,,,,,,,,,,1,3,2,1,1,0,0,,19,0,0.6666666666666666,18.0
2026-03-28,581a816a-431b-5961-81d9-23a44795d2fa,Marcus Semien,ea54830a-4412-565e-8199-20eca49f0dd0,2B,False,True,New York Mets,Pittsburgh Pirates,home,0,0,0,0,4,0,0,1,0,0,0,0,0,,,,,,,,,,,,
2026-03-28,581a816a-431b-5961-81d9-23a44795d2fa,David Peterson,a581b102-d8dd-507d-8847-f452b715b2d7,P,True,True,New York Mets,Pittsburgh Pirates,home,,,,,,,,,,,,,,5.1,16,3,2,6,0,0,,76,0,0.1875,5.0625
2026-03-28,581a816a-431b-5961-81d9-23a44795d2fa,Francisco Lindor,027d2171-f1d0-509a-ba45-6add806d11b3,SS,False,True,New York Mets,Pittsburgh Pirates,home,0,0,0,0,5,0,0,1,0,0,0,0,0,,,,,,,,,,,,
2026-03-28,581a816a-431b-5961-81d9-23a44795d2fa,Juan Soto,c49ab650-1d5f-5066-83e1-ff734f609942,LF,False,True,New York Mets,Pittsburgh Pirates,home,1,0,0,0,5,1,0,0,0,0,0,1,1,,,,,,,,,,,,
2026-03-28,581a816a-431b-5961-81d9-23a44795d2fa,Brooks Raley,5b54c500-4f01-517f-8257-18e74b6bbd35,P,True,False,New York Mets,Pittsburgh Pirates,home,,,,,,,,,,,,,,1,3,2,0,0,0,0,,11,0,0.6666666666666666,18.0
2026-03-28,581a816a-431b-5961-81d9-23a44795d2fa,Jorge Polanco,ba2c9110-367c-5ea1-afd1-bbfc264fde7c,1B,False,True,New York Mets,Pittsburgh Pirates,home,0,0,0,0,5,0,3,0,0,1,0,1,0,,,,,,,,,,,,
2026-03-28,581a816a-431b-5961-81d9-23a44795d2fa,Luis García,baa208d8-722e-5538-8130-3d9bc63869a0,P,True,False,New York Mets,Pittsburgh Pirates,home,,,,,,,,,,,,,,1,3,0,1,2,0,0,,19,1,0.0,0.0
2026-03-28,581a816a-431b-5961-81d9-23a44795d2fa,Luis Robert Jr.,05a8b0c4-5ecd-5186-a573-bcc4d6072f9b,CF,False,True,New York Mets,Pittsburgh Pirates,home,0,0,0,1,5,1,1,0,0,1,3,5,4,,,,,,,,,,,,
2026-03-28,581a816a-431b-5961-81d9-23a44795d2fa,Jared Young,ce1f44d6-8333-5027-9abb-99714bc858e7,RF,False,False,New York Mets,Pittsburgh Pirates,home,0,0,0,0,0,0,0,0,0,0,0,0,0,,,,,,,,,,,,
2026-03-28,581a816a-431b-5961-81d9-23a44795d2fa,Nick Yorke,1ec28c26-6eac-5cd2-a2ff-00200609c539,RF,False,True,Pittsburgh Pirates,New York Mets,away,1,0,0,0,5,1,0,1,0,0,0,1,1,,,,,,,,,,,,
2026-03-28,581a816a-431b-5961-81d9-23a44795d2fa,Brandon Lowe,01a36894-6133-59b2-8a70-8948f1acd43b,2B,False,True,Pittsburgh Pirates,New York Mets,away,1,0,0,0,5,1,0,1,0,0,0,1,1,,,,,,,,,,,,
2026-03-28,581a816a-431b-5961-81d9-23a44795d2fa,Joey Bart,c6f87aba-136b-52a1-a62d-fc18d3372db4,C,False,True,Pittsburgh Pirates,New York Mets,away,1,0,0,0,3,1,0,1,0,0,0,1,1,,,,,,,,,,,,
2026-03-28,581a816a-431b-5961-81d9-23a44795d2fa,Bryan Reynolds,141b2899-de5b-5dc9-b9f4-e519b8211bb2,LF,False,True,Pittsburgh Pirates,New York Mets,away,2,0,0,0,6,2,1,2,0,1,1,4,2,,,,,,,,,,,,
2026-03-28,581a816a-431b-5961-81d9-23a44795d2fa,Oneil Cruz,508aae39-e756-5c0b-aceb-61dcb5848fe3,PH,False,False,Pittsburgh Pirates,New York Mets,away,0,0,0,0,1,0,0,1,0,0,0,0,0,,,,,,,,,,,,
2026-03-28,581a816a-431b-5961-81d9-23a44795d2fa,Gregory Soto,b138fbb2-8c7e-57d8-8888-1b12c05f2f78,P,True,False,Pittsburgh Pirates,New York Mets,away,,,,,,,,,,,,,,1.1,4,3,1,0,0,0,,27,0,0.75,20.25
2026-03-28,581a816a-431b-5961-81d9-23a44795d2fa,Jared Triolo,b3830745-d362-5cb9-9a24-395ac01a9fa6,SS,False,True,Pittsburgh Pirates,New York Mets,away,1,0,0,0,6,1,0,0,0,0,0,1,1,,,,,,,,,,,,
2026-03-28,581a816a-431b-5961-81d9-23a44795d2fa,Jake Mangum,28a2c33a-c9b3-5e75-a2ba-70873536bb5e,CF,False,True,Pittsburgh Pirates,New York Mets,away,1,1,0,0,5,2,0,0,0,1,0,3,3,,,,,,,,,,,,
2026-03-28,581a816a-431b-5961-81d9-23a44795d2fa,Mitch Keller,efed14de-1304-5d09-bd06-99d1822e73d9,P,True,True,Pittsburgh Pirates,New York Mets,away,,,,,,,,,,,,,,6,18,3,0,3,0,0,,77,0,0.16666666666666666,4.5
2026-03-28,581a816a-431b-5961-81d9-23a44795d2fa,Billy Cook,5b749f94-01ec-5c92-96f9-666b6cb896c7,RF,False,False,Pittsburgh Pirates,New York Mets,away,0,0,0,0,0,0,0,0,0,0,0,0,0,,,,,,,,,,,,
2026-03-28,581a816a-431b-5961-81d9-23a44795d2fa,Dennis Santana,e472520d-2660-5d3d-bc45-5ed27573556d,P,True,False,Pittsburgh Pirates,New York Mets,away,,,,,,,,,,,,,,1,3,0,1,0,0,0,,18,0,0.0,0.0
2026-03-28,581a816a-431b-5961-81d9-23a44795d2fa,Henry Davis,0f944710-fb93-58f9-bdbf-2ecc18548deb,C,False,False,Pittsburgh Pirates,New York Mets,away,0,0,0,0,1,0,1,0,0,0,0,0,0,,,,,,,,,,,,
2026-03-28,581a816a-431b-5961-81d9-23a44795d2fa,Justin Lawrence,ea05ee5a-4383-5989-ae85-5a30169627c9,P,True,False,Pittsburgh Pirates,New York Mets,away,,,,,,,,,,,,,,0.2,2,2,2,0,0,0,,23,0,1.0,27.0
2026-03-28,581a816a-431b-5961-81d9-23a44795d2fa,Hunter Barco,a75bfa04-177d-5bc6-999f-eb0239047775,P,True,False,Pittsburgh Pirates,New York Mets,away,,,,,,,,,,,,,,1,3,0,1,3,1,2,,24,4,0.0,0.0
2026-03-28,581a816a-431b-5961-81d9-23a44795d2fa,Ryan O'Hearn,bffaa283-7254-53ef-91d3-5520a44d1888,1B,False,True,Pittsburgh Pirates,New York Mets,away,1,0,0,0,6,1,1,0,0,0,0,1,1,,,,,,,,,,,,
2026-03-28,581a816a-431b-5961-81d9-23a44795d2fa,Nick Gonzales,874ea46d-0569-5ecc-85e6-b448bfe30555,3B,False,True,Pittsburgh Pirates,New York Mets,away,2,0,0,0,6,2,0,3,0,0,1,3,2,,,,,,,,,,,,
2026-03-28,581a816a-431b-5961-81d9-23a44795d2fa,Marcell Ozuna,bef29d2e-a08c-5c3f-8b74-f3c204725a37,DH,False,False,Pittsburgh Pirates,New York Mets,away,1,0,0,0,6,1,1,0,0,0,0,1,1,,,,,,,,,,,,
2026-03-28,1cb55f6f-b187-54f7-8f1d-3d1083cedf3e,Chad Patrick,07d269f1-363e-54eb-b704-7da30e241cbb,P,True,True,Milwaukee Brewers,Chicago White Sox,home,,,,,,,,,,,,,,4.1,13,4,1,5,1,1,,74,1,0.3076923076923077,8.307692307692308
2026-03-28,1cb55f6f-b187-54f7-8f1d-3d1083cedf3e,Joey Ortiz,ebc5a190-639c-5d2c-916f-f393fd5d2c1e,SS,False,True,Milwaukee Brewers,Chicago White Sox,home,2,0,0,0,4,2,0,1,2,0,1,3,2,,,,,,,,,,,,
2026-03-28,1cb55f6f-b187-54f7-8f1d-3d1083cedf3e,Christian Yelich,cdd2ad99-f99b-5497-9f00-d1e35f210d18,DH,False,False,Milwaukee Brewers,Chicago White Sox,home,3,0,0,0,5,3,0,2,1,1,1,5,3,,,,,,,,,,,,
2026-03-28,1cb55f6f-b187-54f7-8f1d-3d1083cedf3e,Jake Bauers,1edd13e9-ec6a-5f79-8552-5d5fc7103f60,1B,False,True,Milwaukee Brewers,Chicago White Sox,home,1,0,0,0,5,1,0,2,0,1,0,2,1,,,,,,,,,,,,
2026-03-28,1cb55f6f-b187-54f7-8f1d-3d1083cedf3e,Sal Frelick,fbeddaa0-1580-5140-bb70-6bb9ea57a062,RF,False,True,Milwaukee Brewers,Chicago White Sox,home,0,0,0,0,4,0,0,2,0,0,0,0,0,,,,,,,,,,,,
2026-03-28,1cb55f6f-b187-54f7-8f1d-3d1083cedf3e,Abner Uribe,972f6b83-1d18-51f9-ada6-ff947e2760b7,P,True,False,Milwaukee Brewers,Chicago White Sox,home,,,,,,,,,,,,,,1,3,2,0,0,0,0,,14,0,0.6666666666666666,18.0
2026-03-28,1cb55f6f-b187-54f7-8f1d-3d1083cedf3e,Brandon Lockridge,508f1db4-170c-5cee-ad21-ceb0fed85917,LF,False,True,Milwaukee Brewers,Chicago White Sox,home,1,0,0,0,4,1,1,1,0,0,1,2,1,,,,,,,,,,,,
2026-03-28,1cb55f6f-b187-54f7-8f1d-3d1083cedf3e,Aaron Ashby,a179f3a3-8e06-5673-b70c-d3a3a48bb33f,P,True,False,Milwaukee Brewers,Chicago White Sox,home,,,,,,,,,,,,,,1.2,5,4,2,0,0,0,,33,0,0.8,21.599999999999998
2026-03-28,1cb55f6f-b187-54f7-8f1d-3d1083cedf3e,Garrett Mitchell,b17ada3b-673f-55c3-b967-d8543791af21,CF,False,True,Milwaukee Brewers,Chicago White Sox,home,2,0,0,0,5,2,1,1,2,1,2,5,2,,,,,,,,,,,,
2026-03-28,1cb55f6f-b187-54f7-8f1d-3d1083cedf3e,David Hamilton,02280a6a-1789-5079-b10f-1509ff8850e3,3B,False,True,Milwaukee Brewers,Chicago White Sox,home,0,0,0,0,4,0,2,0,2,1,0,1,0,,,,,,,,,,,,
2026-03-28,1cb55f6f-b187-54f7-8f1d-3d1083cedf3e,William Contreras,3453e023-6f8f-5212-8105-189c90757865,C,False,True,Milwaukee Brewers,Chicago White Sox,home,0,0,0,0,5,0,1,0,0,0,0,0,0,,,,,,,,,,,,
2026-03-28,1cb55f6f-b187-54f7-8f1d-3d1083cedf3e,Brice Turang,8b7764c4-ff5a-5daf-9dc5-044259e0b377,2B,False,True,Milwaukee Brewers,Chicago White Sox,home,1,2,0,0,5,3,0,0,0,2,0,5,5,,,,,,,,,,,,
2026-03-28,1cb55f6f-b187-54f7-8f1d-3d1083cedf3e,DL Hall,04d83ed6-df90-5751-a202-d96d250bd2bb,P,True,False,Milwaukee Brewers,Chicago White Sox,home,,,,,,,,,,,,,,1,3,1,1,0,0,0,,18,0,0.3333333333333333,9.0
2026-03-28,1cb55f6f-b187-54f7-8f1d-3d1083cedf3e,Angel Zerpa,c8473f75-9a45-5bfa-9b70-5d34263ddf18,P,True,False,Milwaukee Brewers,Chicago White Sox,home,,,,,,,,,,,,,,1,3,0,0,2,0,0,,17,0,0.0,0.0
2026-03-28,1cb55f6f-b187-54f7-8f1d-3d1083cedf3e,Lenyn Sosa,63526b54-bb98-5442-a5ec-b6f09cb03c58,DH,False,False,Chicago White Sox,Milwaukee Brewers,away,0,0,0,0,4,0,0,2,0,0,0,0,0,,,,,,,,,,,,
2026-03-28,1cb55f6f-b187-54f7-8f1d-3d1083cedf3e,Tristan Peters,574e45bf-8e75-5762-ba59-2684060d441c,CF,False,True,Chicago White Sox,Milwaukee Brewers,away,0,1,0,0,2,1,0,1,0,0,0,1,2,,,,,,,,,,,,
2026-03-28,1cb55f6f-b187-54f7-8f1d-3d1083cedf3e,Luisangel Acuña,02ae1abb-7737-5f3c-97fa-343ed56b2a95,CF,False,True,Chicago White Sox,Milwaukee Brewers,away,0,0,0,0,4,0,0,0,0,0,0,0,0,,,,,,,,,,,,
2026-03-28,1cb55f6f-b187-54f7-8f1d-3d1083cedf3e,Munetaka Murakami,5ef6bdd4-00f0-5b87-b02a-2ad78752c1aa,1B,False,True,Chicago White Sox,Milwaukee Brewers,away,0,0,0,1,4,1,1,1,0,1,1,3,4,,,,,,,,,,,,
2026-03-28,1cb55f6f-b187-54f7-8f1d-3d1083cedf3e,Jedixson Paez,76db45e5-42d3-5470-8efe-02b441f547e7,P,True,False,Chicago White Sox,Milwaukee Brewers,away,,,,,,,,,,,,,,0.1,1,0,0,0,0,0,,1,0,0.0,0.0
2026-03-28,1cb55f6f-b187-54f7-8f1d-3d1083cedf3e,Chase Meidroth,b8e78229-a743-53a4-9be9-92e7b52d24ee,2B,False,True,Chicago White Sox,Milwaukee Brewers,away,1,1,0,0,4,2,0,0,0,0,0,2,3,,,,,,,,,,,,
2026-03-28,1cb55f6f-b187-54f7-8f1d-3d1083cedf3e,Grant Taylor,11686577-42f6-53e3-981a-46181cd1ba91,P,True,False,Chicago White Sox,Milwaukee Brewers,away,,,,,,,,,,,,,,1,3,1,1,2,0,1,,26,1,0.3333333333333333,9.0
2026-03-28,1cb55f6f-b187-54f7-8f1d-3d1083cedf3e,Colson Montgomery,e16341a7-cdfb-58eb-93e1-88a182b5acbb,SS,False,True,Chicago White Sox,Milwaukee Brewers,away,1,0,0,0,4,1,1,1,0,0,0,1,1,,,,,,,,,,,,
2026-03-28,1cb55f6f-b187-54f7-8f1d-3d1083cedf3e,Austin Hays,f66b4ccd-b4ce-5914-9cc5-790cbd311cac,LF,False,False,Chicago White Sox,Milwaukee Brewers,away,0,1,0,0,2,1,0,0,0,0,0,1,2,,,,,,,,,,,,
2026-03-28,1cb55f6f-b187-54f7-8f1d-3d1083cedf3e,Seranthony Domínguez,bdefbbc2-8201-5f7b-8b57-91738da5cf78,P,True,False,Chicago White Sox,Milwaukee Brewers,away,,,,,,,,,,,,,,1,3,0,0,1,0,0,,13,0,0.0,0.0
2026-03-28,1cb55f6f-b187-54f7-8f1d-3d1083cedf3e,Chris Murphy,c220eb80-5a39-5327-8378-60be42067d78,P,True,False,Chicago White Sox,Milwaukee Brewers,away,,,,,,,,,,,,,,1,3,1,1,0,0,0,,15,0,0.3333333333333333,9.0
2026-03-28,1cb55f6f-b187-54f7-8f1d-3d1083cedf3e,Reese McGuire,d2eb512b-a5c2-5e72-9f5e-4afe623df4f6,C,False,True,Chicago White Sox,Milwaukee Brewers,away,0,0,0,0,3,0,0,2,0,0,0,0,0,,,,,,,,,,,,
2026-03-28,1cb55f6f-b187-54f7-8f1d-3d1083cedf3e,Edgar Quero,3a107cbc-e2a4-581e-a7a7-4062370df3ac,PH,False,False,Chicago White Sox,Milwaukee Brewers,away,0,0,0,0,1,0,0,1,0,0,0,0,0,,,,,,,,,,,,
2026-03-28,1cb55f6f-b187-54f7-8f1d-3d1083cedf3e,Andrew Benintendi,c40737a9-be3f-59a6-bd2b-9b112bd2d62c,LF,False,True,Chicago White Sox,Milwaukee Brewers,away,1,0,0,0,2,1,0,0,0,0,0,1,1,,,,,,,,,,,,
2026-03-28,1cb55f6f-b187-54f7-8f1d-3d1083cedf3e,Sean Burke,269267cf-7db3-50af-b5b7-cce9df1a6efe,P,True,True,Chicago White Sox,Milwaukee Brewers,away,,,,,,,,,,,,,,4,12,5,1,7,0,3,,91,4,0.4166666666666667,11.25
2026-03-28,1cb55f6f-b187-54f7-8f1d-3d1083cedf3e,Bryan Hudson,e9a3576d-6bce-5b77-acba-80405f9e0c78,P,True,False,Chicago White Sox,Milwaukee Brewers,away,,,,,,,,,,,,,,0.2,2,2,2,2,0,1,,33,1,1.0,27.0
2026-03-28,1cb55f6f-b187-54f7-8f1d-3d1083cedf3e,Everson Pereira,737ee719-b640-52d5-8a87-e3ebc4690cd3,RF,False,True,Chicago White Sox,Milwaukee Brewers,away,0,0,0,0,4,0,1,2,0,0,0,0,0,,,,,,,,,,,,
2026-03-28,1cb55f6f-b187-54f7-8f1d-3d1083cedf3e,Miguel Vargas,62addef8-7bda-57cd-a2aa-6821f9ad6427,3B,False,False,Chicago White Sox,Milwaukee Brewers,away,0,0,0,0,2,0,1,1,0,0,0,0,0,,,,,,,,,,,,
2026-03-28,3491fc6c-14fb-5951-84bc-9eaafea8bedf,Isaac Paredes,c94533e4-26a4-59a8-ae9e-1b0d54853c93,3B,False,True,Houston Astros,Los Angeles Angels,home,0,1,0,0,5,1,1,1,0,2,2,5,2,,,,,,,,,,,,
2026-03-28,3491fc6c-14fb-5951-84bc-9eaafea8bedf,Bryan Abreu,679a7fe9-1603-5710-ba17-ce4ca61dfa79,P,True,False,Houston Astros,Los Angeles Angels,home,,,,,,,,,,,,,,1,3,3,2,1,1,3,,26,3,1.0,27.0
2026-03-28,3491fc6c-14fb-5951-84bc-9eaafea8bedf,Nick Allen,d47542cc-ed4c-5335-840e-aeecb6811ad7,2B,False,False,Houston Astros,Los Angeles Angels,home,0,0,0,0,0,0,0,0,0,0,0,0,0,,,,,,,,,,,,
2026-03-28,3491fc6c-14fb-5951-84bc-9eaafea8bedf,Kai-Wei Teng,cc9220fe-0567-544a-81b1-84992549a6bf,P,True,False,Houston Astros,Los Angeles Angels,home,,,,,,,,,,,,,,2.1,7,2,1,1,0,0,,39,0,0.2857142857142857,7.7142857142857135
2026-03-28,3491fc6c-14fb-5951-84bc-9eaafea8bedf,Cam Smith,6c7292a3-abca-5a73-9e4b-cec25e9d20b8,RF,False,True,Houston Astros,Los Angeles Angels,home,1,0,0,0,5,1,1,1,0,1,0,2,1,,,,,,,,,,,,
2026-03-28,3491fc6c-14fb-5951-84bc-9eaafea8bedf,Jake Meyers,f60436a8-53cf-5fa1-8caa-50928a25c6d9,CF,False,True,Houston Astros,Los Angeles Angels,home,1,1,0,0,5,2,0,1,1,2,2,6,3,,,,,,,,,,,,
2026-03-28,3491fc6c-14fb-5951-84bc-9eaafea8bedf,Brice Matthews,bee000c4-433a-55d5-b97f-a284fe330fee,LF,False,True,Houston Astros,Los Angeles Angels,home,0,0,0,0,2,0,0,2,0,0,0,0,0,,,,,,,,,,,,
2026-03-28,3491fc6c-14fb-5951-84bc-9eaafea8bedf,Jose Altuve,99c9db0b-d7a9-5462-94f3-28f3661714ab,2B,False,True,Houston Astros,Los Angeles Angels,home,1,0,0,0,5,1,1,2,0,1,0,2,1,,,,,,,,,,,,
2026-03-28,3491fc6c-14fb-5951-84bc-9eaafea8bedf,Joey Loperfido,575dbf4d-f194-5748-94af-45ae60e8431c,LF,False,False,Houston Astros,Los Angeles Angels,home,1,0,0,0,2,1,0,0,0,1,0,2,1,,,,,,,,,,,,
2026-03-28,3491fc6c-14fb-5951-84bc-9eaafea8bedf,Cristian Javier,37e6f9eb-cca1-5438-99ae-f798727787bc,P,True,True,Houston Astros,Los Angeles Angels,home,,,,,,,,,,,,,,4.2,14,1,4,4,2,6,,74,6,0.07142857142857142,1.9285714285714284
2026-03-28,3491fc6c-14fb-5951-84bc-9eaafea8bedf,Bryan King,e86f116b-cd36-5b04-8bcd-160d3e7a25e6,P,True,False,Houston Astros,Los Angeles Angels,home,,,,,,,,,,,,,,1,3,2,1,0,0,0,,17,0,0.6666666666666666,18.0
2026-03-28,3491fc6c-14fb-5951-84bc-9eaafea8bedf,Carlos Correa,9d0ef881-40b5-538c-9843-6585303e16f4,SS,False,True,Houston Astros,Los Angeles Angels,home,2,0,0,0,5,2,0,1,0,1,2,5,2,,,,,,,,,,,,
2026-03-28,3491fc6c-14fb-5951-84bc-9eaafea8bedf,Christian Walker,4ebdbcc5-84ea-5866-b7b6-1d61cbac193f,1B,False,True,Houston Astros,Los Angeles Angels,home,1,1,0,0,5,2,1,1,0,1,1,4,3,,,,,,,,,,,,
2026-03-28,3491fc6c-14fb-5951-84bc-9eaafea8bedf,Yainer Diaz,dd446d48-8097-51f2-82cf-f7fabad1dd74,C,False,True,Houston Astros,Los Angeles Angels,home,1,0,0,0,5,1,0,2,0,1,2,4,1,,,,,,,,,,,,
2026-03-28,3491fc6c-14fb-5951-84bc-9eaafea8bedf,Yordan Alvarez,b4e60652-8d7e-569f-8e5a-4aa9a713da9c,DH,False,False,Houston Astros,Los Angeles Angels,home,1,1,0,0,5,2,1,1,0,1,0,3,3,,,,,,,,,,,,
2026-03-28,3491fc6c-14fb-5951-84bc-9eaafea8bedf,Oswald Peraza,98bdfab1-07ea-5c61-bd44-7c17670a08b1,2B,False,True,Los Angeles Angels,Houston Astros,away,2,0,0,1,4,3,0,1,0,2,1,6,6,,,,,,,,,,,,
2026-03-28,3491fc6c-14fb-5951-84bc-9eaafea8bedf,Zach Neto,01ac6fe3-6ace-59c9-a15b-1ad3a0af1eb1,SS,False,True,Los Angeles Angels,Houston Astros,away,0,0,0,0,5,0,2,1,1,2,0,2,0,,,,,,,,,,,,
2026-03-28,3491fc6c-14fb-5951-84bc-9eaafea8bedf,Jorge Soler,ebc19873-2e2c-5767-9b19-409c5e887630,DH,False,False,Los Angeles Angels,Houston Astros,away,0,0,0,1,5,1,3,1,0,1,2,4,4,,,,,,,,,,,,
2026-03-28,3491fc6c-14fb-5951-84bc-9eaafea8bedf,Yoán Moncada,59501cf0-fc05-5b1c-b3f0-78b4422a24da,3B,False,True,Los Angeles Angels,Houston Astros,away,0,0,0,0,4,0,0,1,0,0,0,0,0,,,,,,,,,,,,
2026-03-28,3491fc6c-14fb-5951-84bc-9eaafea8bedf,Mike Trout,062d3e7f-e32e-55bc-aa40-403df7f9ec05,CF,False,True,Los Angeles Angels,Houston Astros,away,1,0,0,0,5,1,2,0,0,2,1,4,1,,,,,,,,,,,,
2026-03-28,3491fc6c-14fb-5951-84bc-9eaafea8bedf,Jo Adell,c3ca91f9-2d30-5cf8-aae3-a5e7339f5788,RF,False,True,Los Angeles Angels,Houston Astros,away,0,0,0,0,4,0,0,0,0,0,0,0,0,,,,,,,,,,,,
2026-03-28,3491fc6c-14fb-5951-84bc-9eaafea8bedf,Joey Lucchesi,871f9e50-a0bf-53e3-a89e-a177e600eed5,P,True,False,Los Angeles Angels,Houston Astros,away,,,,,,,,,,,,,,0.1,1,0,2,3,0,2,,25,2,0.0,0.0
2026-03-28,3491fc6c-14fb-5951-84bc-9eaafea8bedf,Nolan Schanuel,88862c38-1493-5b40-9c6b-6660a4ce4654,1B,False,True,Los Angeles Angels,Houston Astros,away,0,0,0,1,5,1,0,1,0,1,3,5,4,,,,,,,,,,,,
2026-03-28,3491fc6c-14fb-5951-84bc-9eaafea8bedf,Josh Lowe,ef406577-04d5-511f-9202-5f9a1b54addb,LF,False,True,Los Angeles Angels,Houston Astros,away,0,0,0,0,4,0,1,2,0,0,0,0,0,,,,,,,,,,,,
2026-03-28,3491fc6c-14fb-5951-84bc-9eaafea8bedf,Walbert Urena,1610dba3-fe1c-5146-9f90-676faf3be1ce,P,True,False,Los Angeles Angels,Houston Astros,away,,,,,,,,,,,,,,1,3,1,2,4,0,0,,48,6,0.3333333333333333,9.0
2026-03-28,3491fc6c-14fb-5951-84bc-9eaafea8bedf,Logan O'Hoppe,5338530a-7eeb-53b6-9744-b4577b90a65e,C,False,True,Los Angeles Angels,Houston Astros,away,0,0,0,0,4,0,0,1,0,1,0,1,0,,,,,,,,,,,,
2026-03-28,3491fc6c-14fb-5951-84bc-9eaafea8bedf,Reid Detmers,acf13e64-5338-5a7c-b6f7-e9333f249763,P,True,True,Los Angeles Angels,Houston Astros,away,,,,,,,,,,,,,,4.2,14,9,0,6,0,3,,95,3,0.6428571428571429,17.357142857142858
2026-03-28,3491fc6c-14fb-5951-84bc-9eaafea8bedf,Brent Suter,9d9b0acd-c71b-52d6-aa60-5ecb1985ca9d,P,True,False,Los Angeles Angels,Houston Astros,away,,,,,,,,,,,,,,2,6,2,1,0,0,0,,24,0,0.3333333333333333,9.0
2026-03-28,3bdf32ba-4b7c-5c34-a9dc-1e6d7c942ff8,Dylan Lee,b6a9d913-8436-591d-a9cd-80087848a2ad,P,True,False,Atlanta Braves,Kansas City Royals,home,,,,,,,,,,,,,,1,3,2,0,1,0,0,,18,0,0.6666666666666666,18.0
2026-03-28,3bdf32ba-4b7c-5c34-a9dc-1e6d7c942ff8,Michael Harris II,cff14015-b6ae-555e-a442-60e9ddb08b61,CF,False,True,Atlanta Braves,Kansas City Royals,home,3,0,0,0,4,3,0,1,0,1,1,5,3,,,,,,,,,,,,
2026-03-28,3bdf32ba-4b7c-5c34-a9dc-1e6d7c942ff8,Jorge Mateo,9599b336-e628-59ce-ad5c-a8e26c743dc4,PR,False,False,Atlanta Braves,Kansas City Royals,home,0,0,0,0,0,0,0,0,0,1,0,1,0,,,,,,,,,,,,
2026-03-28,3bdf32ba-4b7c-5c34-a9dc-1e6d7c942ff8,Mauricio Dubón,47d09ee0-3ea8-5df2-b34c-c6fd76faa3fb,SS,False,True,Atlanta Braves,Kansas City Royals,home,0,0,0,0,3,0,1,0,0,0,0,0,0,,,,,,,,,,,,
2026-03-28,3bdf32ba-4b7c-5c34-a9dc-1e6d7c942ff8,Drake Baldwin,1e5f1f08-e9ec-57db-b15f-c1ec8d14d85e,C,False,True,Atlanta Braves,Kansas City Royals,home,0,0,0,0,4,0,1,1,0,1,0,1,0,,,,,,,,,,,,
2026-03-28,3bdf32ba-4b7c-5c34-a9dc-1e6d7c942ff8,Joel Payamps,61e551cc-547a-5e52-a0b2-2b9114ea0c6b,P,True,False,Atlanta Braves,Kansas City Royals,home,,,,,,,,,,,,,,0.1,1,0,1,1,0,1,,15,1,0.0,0.0
2026-03-28,3bdf32ba-4b7c-5c34-a9dc-1e6d7c942ff8,Osvaldo Bido,7d01f99d-881f-5c78-81dc-ca8e967ab527,P,True,False,Atlanta Braves,Kansas City Royals,home,,,,,,,,,,,,,,1,3,3,0,0,0,0,,16,0,1.0,27.0
2026-03-28,3bdf32ba-4b7c-5c34-a9dc-1e6d7c942ff8,Matt Olson,fa607d2a-7f47-5352-8330-cb074e809054,1B,False,True,Atlanta Braves,Kansas City Royals,home,1,0,0,0,4,1,0,3,0,0,0,1,1,,,,,,,,,,,,
2026-03-28,3bdf32ba-4b7c-5c34-a9dc-1e6d7c942ff8,Dominic Smith,a71b9e93-42ca-5a21-9c07-6aa70b6b9bae,DH,False,False,Atlanta Braves,Kansas City Royals,home,0,0,0,1,4,1,0,1,0,1,4,6,4,,,,,,,,,,,,
2026-03-28,3bdf32ba-4b7c-5c34-a9dc-1e6d7c942ff8,Ronald Acuña Jr.,bf408b79-82a4-5a4a-bb2f-6bdbef2af3cc,RF,False,True,Atlanta Braves,Kansas City Royals,home,1,0,0,0,4,1,1,0,0,0,0,1,1,,,,,,,,,,,,
2026-03-28,3bdf32ba-4b7c-5c34-a9dc-1e6d7c942ff8,Aaron Bummer,691827dd-52ff-5305-aa35-49eeb2907693,P,True,False,Atlanta Braves,Kansas City Royals,home,,,,,,,,,,,,,,0.2,2,0,0,0,0,0,,12,0,0.0,0.0
2026-03-28,3bdf32ba-4b7c-5c34-a9dc-1e6d7c942ff8,Reynaldo López,6a84d7bc-7ed4-5fa4-9aaa-a01abdd81b6b,P,True,True,Atlanta Braves,Kansas City Royals,home,,,,,,,,,,,,,,6,18,3,2,3,1,1,,77,1,0.16666666666666666,4.5
2026-03-28,3bdf32ba-4b7c-5c34-a9dc-1e6d7c942ff8,Eli White,834441df-51be-58ee-b9ae-8897115e2079,PR,False,False,Atlanta Braves,Kansas City Royals,home,0,0,0,0,0,0,0,0,0,1,0,1,0,,,,,,,,,,,,
2026-03-28,3bdf32ba-4b7c-5c34-a9dc-1e6d7c942ff8,Ozzie Albies,360c17ce-8588-52bd-b86a-6621a43f1bac,2B,False,True,Atlanta Braves,Kansas City Royals,home,0,0,0,0,4,0,1,0,0,1,0,1,0,,,,,,,,,,,,
2026-03-28,3bdf32ba-4b7c-5c34-a9dc-1e6d7c942ff8,Austin Riley,3ae0fd65-efd0-5a3b-872b-7150b0c699aa,3B,False,True,Atlanta Braves,Kansas City Royals,home,1,0,0,0,4,1,0,2,0,0,0,1,1,,,,,,,,,,,,
2026-03-28,3bdf32ba-4b7c-5c34-a9dc-1e6d7c942ff8,Mike Yastrzemski,1a244f8f-82ee-555a-b1af-aa44b0f2ff31,LF,False,True,Atlanta Braves,Kansas City Royals,home,2,0,0,0,4,2,0,0,0,0,1,3,2,,,,,,,,,,,,
2026-03-28,3bdf32ba-4b7c-5c34-a9dc-1e6d7c942ff8,Carter Jensen,add60a5c-95dc-503b-a5b7-79f454562e86,DH,False,False,Kansas City Royals,Atlanta Braves,away,0,0,0,0,3,0,1,1,0,0,0,0,0,,,,,,,,,,,,
2026-03-28,3bdf32ba-4b7c-5c34-a9dc-1e6d7c942ff8,Jonathan India,20949af5-dd03-55d6-a8f3-4a565f24fa02,2B,False,True,Kansas City Royals,Atlanta Braves,away,0,0,0,0,4,0,0,2,0,0,0,0,0,,,,,,,,,,,,
2026-03-28,3bdf32ba-4b7c-5c34-a9dc-1e6d7c942ff8,Tyler Tolbert,80f5c0bc-8e2b-5c02-8d22-b4e7680f8f1a,2B,False,False,Kansas City Royals,Atlanta Braves,away,0,0,0,0,1,0,0,1,0,0,0,0,0,,,,,,,,,,,,
2026-03-28,3bdf32ba-4b7c-5c34-a9dc-1e6d7c942ff8,Isaac Collins,c926f529-9700-5e4c-b204-5e60f55503df,LF,False,True,Kansas City Royals,Atlanta Braves,away,0,0,0,0,4,0,1,2,0,0,0,0,0,,,,,,,,,,,,
2026-03-28,3bdf32ba-4b7c-5c34-a9dc-1e6d7c942ff8,Salvador Perez,fd9f5eef-c0a3-5e7e-9097-e558c01c50b1,C,False,True,Kansas City Royals,Atlanta Braves,away,0,0,0,1,4,1,0,0,0,1,1,3,4,,,,,,,,,,,,
2026-03-28,3bdf32ba-4b7c-5c34-a9dc-1e6d7c942ff8,Lucas Erceg,5cc0897c-ad12-5040-91d3-b7b20c9ae0a6,P,True,False,Kansas City Royals,Atlanta Braves,away,,,,,,,,,,,,,,1,3,0,1,1,0,0,,12,0,0.0,0.0
2026-03-28,3bdf32ba-4b7c-5c34-a9dc-1e6d7c942ff8,Matt Strahm,0266d0bc-ec47-5b30-a8cd-d7a2b46b4ea6,P,True,False,Kansas City Royals,Atlanta Braves,away,,,,,,,,,,,,,,1,3,1,0,1,0,0,,13,0,0.3333333333333333,9.0
2026-03-28,3bdf32ba-4b7c-5c34-a9dc-1e6d7c942ff8,Carlos Estévez,611e27da-6b54-554d-a437-57589135f000,P,True,False,Kansas City Royals,Atlanta Braves,away,0,0,0,0,0,0,0,0,0,0,0,0,0,0.1,1,0,2,4,1,6,,27,6,0.0,0.0
2026-03-28,3bdf32ba-4b7c-5c34-a9dc-1e6d7c942ff8,Vinnie Pasquantino,160d1ebf-e65f-5f8e-a25b-00b8001bc198,1B,False,True,Kansas City Royals,Atlanta Braves,away,0,0,0,0,4,0,0,1,0,0,1,1,0,,,,,,,,,,,,
2026-03-28,3bdf32ba-4b7c-5c34-a9dc-1e6d7c942ff8,Kyle Isbel,cf2183c9-e138-5f3a-8d67-6dedd3b07bfb,CF,False,True,Kansas City Royals,Atlanta Braves,away,1,0,0,0,3,1,0,0,1,0,0,1,1,,,,,,,,,,,,
2026-03-28,3bdf32ba-4b7c-5c34-a9dc-1e6d7c942ff8,Michael Wacha,a9ec8092-b211-5193-8320-69a4a711a894,P,True,True,Kansas City Royals,Atlanta Braves,away,,,,,,,,,,,,,,6,18,7,1,3,0,0,,80,0,0.3888888888888889,10.5
2026-03-28,3bdf32ba-4b7c-5c34-a9dc-1e6d7c942ff8,Maikel Garcia,31857688-327f-5f07-8b02-bc706fd384b8,3B,False,True,Kansas City Royals,Atlanta Braves,away,0,0,0,0,4,0,1,0,0,1,0,1,0,,,,,,,,,,,,
2026-03-28,3bdf32ba-4b7c-5c34-a9dc-1e6d7c942ff8,Lane Thomas,92cdc2c8-b253-592c-b50a-1e77572b6053,RF,False,False,Kansas City Royals,Atlanta Braves,away,0,0,0,0,1,0,0,0,0,0,0,0,0,,,,,,,,,,,,
2026-03-28,3bdf32ba-4b7c-5c34-a9dc-1e6d7c942ff8,Jac Caglianone,ec14685d-e1f1-5cf3-8532-ae72ed66c00b,RF,False,True,Kansas City Royals,Atlanta Braves,away,1,1,0,0,3,2,0,0,0,0,0,2,3,,,,,,,,,,,,
2026-03-28,3bdf32ba-4b7c-5c34-a9dc-1e6d7c942ff8,Bobby Witt Jr.,355275f4-ce4a-5c49-a0e4-cadfa2e8a083,SS,False,True,Kansas City Royals,Atlanta Braves,away,1,0,0,0,4,1,0,1,1,0,0,1,1,,,,,,,,,,,,
2026-03-28,1860a6b6-a108-51c3-bf2a-13c555ff34e1,Casey Schmitt,e4311142-3ace-57e1-a7f1-cdc5d6796151,1B,False,True,San Francisco Giants,New York Yankees,home,0,0,0,0,3,0,0,1,0,0,0,0,0,,,,,,,,,,,,
2026-03-28,1860a6b6-a108-51c3-bf2a-13c555ff34e1,JT Brubaker,38205866-ae17-547a-b000-5b6b1cb1e0e7,P,True,False,San Francisco Giants,New York Yankees,home,,,,,,,,,,,,,,0.1,1,0,0,0,0,0,,2,0,0.0,0.0
2026-03-28,1860a6b6-a108-51c3-bf2a-13c555ff34e1,Heliot Ramos,521d9176-c734-5b63-9285-a4ab783f6edd,LF,False,True,San Francisco Giants,New York Yankees,home,1,0,0,0,4,1,1,1,0,0,0,1,1,,,,,,,,,,,,
2026-03-28,1860a6b6-a108-51c3-bf2a-13c555ff34e1,Tyler Mahle,784bfea5-0d16-52ca-90d9-5741a8022995,P,True,True,San Francisco Giants,New York Yankees,home,,,,,,,,,,,,,,4,12,5,1,5,0,2,,80,2,0.4166666666666667,11.25
2026-03-28,1860a6b6-a108-51c3-bf2a-13c555ff34e1,Ryan Walker,9692f352-63be-5068-b624-e61be6dd9643,P,True,False,San Francisco Giants,New York Yankees,home,,,,,,,,,,,,,,1,3,1,0,0,0,0,,15,0,0.3333333333333333,9.0
2026-03-28,1860a6b6-a108-51c3-bf2a-13c555ff34e1,Keaton Winn,99b4c5de-929d-5557-ac30-13ec44ddb0bd,P,True,False,San Francisco Giants,New York Yankees,home,,,,,,,,,,,,,,1,3,1,0,0,0,0,,9,0,0.3333333333333333,9.0
2026-03-28,1860a6b6-a108-51c3-bf2a-13c555ff34e1,Patrick Bailey,7497fb23-555e-57a8-86b0-f3106d26ac72,C,False,True,San Francisco Giants,New York Yankees,home,0,0,0,0,4,0,1,0,0,0,0,0,0,,,,,,,,,,,,
2026-03-28,1860a6b6-a108-51c3-bf2a-13c555ff34e1,Matt Chapman,2c47b345-ac3d-53c1-b77e-6c5fa7a469bb,3B,False,True,San Francisco Giants,New York Yankees,home,1,0,0,0,4,1,0,1,0,0,1,2,1,,,,,,,,,,,,
2026-03-28,1860a6b6-a108-51c3-bf2a-13c555ff34e1,Ryan Borucki,a704f31f-a733-515e-a72b-c7063003b288,P,True,False,San Francisco Giants,New York Yankees,home,,,,,,,,,,,,,,1,3,1,0,1,1,1,,15,1,0.3333333333333333,9.0
2026-03-28,1860a6b6-a108-51c3-bf2a-13c555ff34e1,Jung Hoo Lee,5233b094-55d5-5790-9af1-e92aeb0a3f2a,RF,False,True,San Francisco Giants,New York Yankees,home,0,1,0,0,4,1,1,1,0,1,0,2,2,,,,,,,,,,,,
2026-03-28,1860a6b6-a108-51c3-bf2a-13c555ff34e1,Rafael Devers,c9835c18-6f1f-57cd-a2ff-0ff6d821b16c,DH,False,False,San Francisco Giants,New York Yankees,home,1,1,0,0,4,2,0,1,0,0,0,2,3,,,,,,,,,,,,
2026-03-28,1860a6b6-a108-51c3-bf2a-13c555ff34e1,Jared Oliva,2b576ab0-f6e4-5614-bc17-d1885ec2d815,PR,False,False,San Francisco Giants,New York Yankees,home,0,0,0,0,0,0,0,0,0,0,0,0,0,,,,,,,,,,,,
2026-03-28,1860a6b6-a108-51c3-bf2a-13c555ff34e1,Harrison Bader,91a8ec44-ffa8-5211-b6b0-96ba26567032,CF,False,True,San Francisco Giants,New York Yankees,home,1,0,0,0,4,1,0,1,0,0,0,1,1,,,,,,,,,,,,
2026-03-28,1860a6b6-a108-51c3-bf2a-13c555ff34e1,Willy Adames,78cc8077-60d2-554c-b37f-99c3e17b50a1,SS,False,True,San Francisco Giants,New York Yankees,home,1,0,0,0,4,1,0,1,0,0,0,1,1,,,,,,,,,,,,
2026-03-28,1860a6b6-a108-51c3-bf2a-13c555ff34e1,Erik Miller,6abd12b9-6260-590a-8919-c32a4b913990,P,True,False,San Francisco Giants,New York Yankees,home,,,,,,,,,,,,,,0.2,2,1,1,1,0,0,,20,0,0.5,13.5
2026-03-28,1860a6b6-a108-51c3-bf2a-13c555ff34e1,Luis Arraez,b0939c49-253b-5c8b-b011-386ee0b6e0bc,2B,False,True,San Francisco Giants,New York Yankees,home,2,0,0,0,4,2,0,1,1,0,0,2,2,,,,,,,,,,,,
2026-03-28,1860a6b6-a108-51c3-bf2a-13c555ff34e1,Matt Gage,79ab18d4-d05e-5433-9b36-3615c6d9c396,P,True,False,San Francisco Giants,New York Yankees,home,,,,,,,,,,,,,,1,3,1,0,0,0,0,,8,0,0.3333333333333333,9.0
2026-03-28,1860a6b6-a108-51c3-bf2a-13c555ff34e1,José Caballero,3f93b7e1-37f4-53fe-bb17-5a7915995b76,SS,False,True,New York Yankees,San Francisco Giants,away,0,0,0,0,4,0,0,3,0,0,0,0,0,,,,,,,,,,,,
2026-03-28,1860a6b6-a108-51c3-bf2a-13c555ff34e1,Aaron Judge,e0e52a0f-4e54-5f0c-b584-6ec85c33c7f7,RF,False,True,New York Yankees,San Francisco Giants,away,0,0,0,1,4,1,0,1,0,1,1,3,4,,,,,,,,,,,,
2026-03-28,1860a6b6-a108-51c3-bf2a-13c555ff34e1,Ryan McMahon,d0d749e6-fb57-548c-9393-e889a94c8291,3B,False,True,New York Yankees,San Francisco Giants,away,0,0,0,0,4,0,0,0,0,0,0,0,0,,,,,,,,,,,,
2026-03-28,1860a6b6-a108-51c3-bf2a-13c555ff34e1,Tim Hill,384dc4b2-51ff-5793-aac7-63641d20da3f,P,True,False,New York Yankees,San Francisco Giants,away,,,,,,,,,,,,,,1.1,4,1,0,1,0,0,,11,0,0.25,6.75
2026-03-28,1860a6b6-a108-51c3-bf2a-13c555ff34e1,Austin Wells,2e880dd6-2476-55d3-990b-4d3f66d3f496,C,False,True,New York Yankees,San Francisco Giants,away,0,0,0,0,3,0,0,2,0,0,0,0,0,,,,,,,,,,,,
2026-03-28,1860a6b6-a108-51c3-bf2a-13c555ff34e1,Ben Rice,f7714f04-8c9d-5c9a-b8bb-0f423271af17,1B,False,True,New York Yankees,San Francisco Giants,away,0,1,0,0,4,1,0,1,0,0,2,3,2,,,,,,,,,,,,
2026-03-28,1860a6b6-a108-51c3-bf2a-13c555ff34e1,Brent Headrick,bbf3b86d-c5c5-5f37-a0c5-be6d962c31e1,P,True,False,New York Yankees,San Francisco Giants,away,,,,,,,,,,,,,,0.2,2,1,0,1,0,0,,14,0,0.5,13.5
2026-03-28,1860a6b6-a108-51c3-bf2a-13c555ff34e1,Will Warren,3c80f0b5-6cd7-5e62-96d3-ee9a158703ef,P,True,True,New York Yankees,San Francisco Giants,away,,,,,,,,,,,,,,4.1,13,3,2,5,0,1,,83,1,0.23076923076923078,6.230769230769231
2026-03-28,1860a6b6-a108-51c3-bf2a-13c555ff34e1,Cody Bellinger,04e3eefb-9d41-548f-ba06-60abe4b82454,LF,False,True,New York Yankees,San Francisco Giants,away,1,0,1,0,4,2,1,0,0,1,0,3,4,,,,,,,,,,,,
2026-03-28,1860a6b6-a108-51c3-bf2a-13c555ff34e1,Giancarlo Stanton,3d9084cc-f18f-50e5-944a-c1eaa74fa2a2,DH,False,False,New York Yankees,San Francisco Giants,away,2,0,0,0,4,2,0,1,0,0,0,2,2,,,,,,,,,,,,
2026-03-28,1860a6b6-a108-51c3-bf2a-13c555ff34e1,Jazz Chisholm Jr.,bce3e6ee-1f99-5f80-90fb-c8d538c9d546,2B,False,True,New York Yankees,San Francisco Giants,away,0,0,0,0,4,0,0,2,0,0,0,0,0,,,,,,,,,,,,
2026-03-28,1860a6b6-a108-51c3-bf2a-13c555ff34e1,Jake Bird,d2ef55af-9ebd-515d-b27b-ccb1e987a57a,P,True,False,New York Yankees,San Francisco Giants,away,,,,,,,,,,,,,,1.2,5,2,0,1,0,0,,18,0,0.4,10.799999999999999
2026-03-28,1860a6b6-a108-51c3-bf2a-13c555ff34e1,Trent Grisham,6c818210-215a-5a0f-94c1-d805ae6b416f,CF,False,True,New York Yankees,San Francisco Giants,away,1,0,0,0,4,1,1,0,1,1,0,2,1,,,,,,,,,,,,
2026-03-28,1860a6b6-a108-51c3-bf2a-13c555ff34e1,David Bednar,ee6f3fb6-e2c4-5de3-b7ed-9df513957989,P,True,False,New York Yankees,San Francisco Giants,away,,,,,,,,,,,,,,1,3,1,1,1,0,0,,20,0,0.3333333333333333,9.0
2026-03-28,0a9cedc0-04b7-5264-8db3-a340726fa946,Freddy Fermin,37406aad-ae18-5be2-8439-0a0b3ab54a22,C,False,True,San Diego Padres,Detroit Tigers,home,1,0,0,0,3,1,0,1,0,1,0,2,1,,,,,,,,,,,,
2026-03-28,0a9cedc0-04b7-5264-8db3-a340726fa946,Mason Miller,aa48482d-99f3-59cc-89f4-84b9eb7d405e,P,True,False,San Diego Padres,Detroit Tigers,home,,,,,,,,,,,,,,1,3,2,1,0,0,0,,18,0,0.6666666666666666,18.0
2026-03-28,0a9cedc0-04b7-5264-8db3-a340726fa946,Nick Castellanos,95dea803-893e-5754-9f60-c470b45cd25b,DH,False,False,San Diego Padres,Detroit Tigers,home,1,0,0,0,4,1,0,0,0,0,0,1,1,,,,,,,,,,,,
2026-03-28,0a9cedc0-04b7-5264-8db3-a340726fa946,Jackson Merrill,0b80ef12-9566-5b94-973d-d1151b0e69ac,CF,False,True,San Diego Padres,Detroit Tigers,home,0,0,0,0,4,0,0,0,0,0,1,1,0,,,,,,,,,,,,
2026-03-28,0a9cedc0-04b7-5264-8db3-a340726fa946,Gavin Sheets,5f058b73-019c-573c-b5f2-d01f2e56cd0b,1B,False,True,San Diego Padres,Detroit Tigers,home,0,0,0,0,4,0,0,2,0,0,0,0,0,,,,,,,,,,,,
2026-03-28,0a9cedc0-04b7-5264-8db3-a340726fa946,Ramón Laureano,dabca3a1-56c7-5218-8ab7-31a707ea9795,LF,False,True,San Diego Padres,Detroit Tigers,home,3,0,0,0,4,3,0,0,1,0,0,3,3,,,,,,,,,,,,
2026-03-28,0a9cedc0-04b7-5264-8db3-a340726fa946,Manny Machado,a9385e18-b1c3-52e8-b03b-b70d1f8a34af,3B,False,True,San Diego Padres,Detroit Tigers,home,0,0,0,0,4,0,2,1,0,0,0,0,0,,,,,,,,,,,,
2026-03-28,0a9cedc0-04b7-5264-8db3-a340726fa946,Fernando Tatis Jr.,ac1ed075-5e29-5566-994f-09b1af7af1b9,RF,False,True,San Diego Padres,Detroit Tigers,home,1,0,0,0,4,1,1,2,1,0,1,2,1,,,,,,,,,,,,
2026-03-28,0a9cedc0-04b7-5264-8db3-a340726fa946,Bryce Johnson,e031aea2-0e42-54c2-9fa8-94c54f276d42,LF,False,False,San Diego Padres,Detroit Tigers,home,0,0,0,0,0,0,0,0,0,0,0,0,0,,,,,,,,,,,,
2026-03-28,0a9cedc0-04b7-5264-8db3-a340726fa946,Xander Bogaerts,c2029f6d-a0ef-5980-850b-3d9f8f0ec784,SS,False,True,San Diego Padres,Detroit Tigers,home,0,0,0,0,4,0,0,0,0,0,0,0,0,,,,,,,,,,,,
2026-03-28,0a9cedc0-04b7-5264-8db3-a340726fa946,Kyle Hart,b864e329-896f-5ad4-a90a-1feee57c0b76,P,True,False,San Diego Padres,Detroit Tigers,home,,,,,,,,,,,,,,2,6,3,0,0,0,0,,23,0,0.5,13.5
2026-03-28,0a9cedc0-04b7-5264-8db3-a340726fa946,Jake Cronenworth,5c3d6bb2-760f-5036-8bd3-805107557a37,2B,False,True,San Diego Padres,Detroit Tigers,home,1,0,0,0,4,1,1,0,0,2,0,3,1,,,,,,,,,,,,
2026-03-28,0a9cedc0-04b7-5264-8db3-a340726fa946,Randy Vásquez,002db510-3cfc-5c2a-b0c2-ed47c0da0a47,P,True,True,San Diego Padres,Detroit Tigers,home,,,,,,,,,,,,,,6,18,8,3,2,0,0,,91,0,0.4444444444444444,12.0
2026-03-28,0a9cedc0-04b7-5264-8db3-a340726fa946,Brant Hurter,39cfef9d-dfdf-5ab3-969a-8125225bba98,P,True,False,Detroit Tigers,San Diego Padres,away,,,,,,,,,,,,,,1,3,1,0,2,0,0,,12,0,0.3333333333333333,9.0
2026-03-28,0a9cedc0-04b7-5264-8db3-a340726fa946,Zach McKinstry,fac18760-19d9-5b9e-9954-2f9442ed2b6a,RF,False,True,Detroit Tigers,San Diego Padres,away,0,0,0,0,2,0,0,1,0,0,0,0,0,,,,,,,,,,,,
2026-03-28,0a9cedc0-04b7-5264-8db3-a340726fa946,Jahmai Jones,f37c716e-e0f5-5725-aba6-6f855690f0c8,RF,False,False,Detroit Tigers,San Diego Padres,away,0,0,0,0,1,0,0,0,0,0,0,0,0,,,,,,,,,,,,
2026-03-28,0a9cedc0-04b7-5264-8db3-a340726fa946,Riley Greene,bbee493e-0329-5be6-8cd9-78d86c4bba58,LF,False,True,Detroit Tigers,San Diego Padres,away,0,0,0,0,4,0,1,1,0,0,0,0,0,,,,,,,,,,,,
2026-03-28,0a9cedc0-04b7-5264-8db3-a340726fa946,Kevin McGonigle,564bb172-7dfb-573e-b0f7-7f5cbdd0d547,SS,False,True,Detroit Tigers,San Diego Padres,away,0,0,0,0,4,0,0,3,0,0,0,0,0,,,,,,,,,,,,
2026-03-28,0a9cedc0-04b7-5264-8db3-a340726fa946,Kerry Carpenter,fcfcc870-05a3-58ad-ae0a-2ed6a6964125,DH,False,False,Detroit Tigers,San Diego Padres,away,0,0,0,0,3,0,0,1,0,0,0,0,0,,,,,,,,,,,,
2026-03-28,0a9cedc0-04b7-5264-8db3-a340726fa946,Jack Flaherty,4302dca6-411b-5372-91d4-84f17afc7f6b,P,True,True,Detroit Tigers,San Diego Padres,away,,,,,,,,,,,,,,4.1,13,2,4,4,0,2,,89,3,0.15384615384615385,4.153846153846154
2026-03-28,0a9cedc0-04b7-5264-8db3-a340726fa946,Spencer Torkelson,c12eb080-7e57-5145-9dc7-97b7b4c97921,1B,False,True,Detroit Tigers,San Diego Padres,away,0,0,0,0,4,0,1,1,0,0,0,0,0,,,,,,,,,,,,
2026-03-28,0a9cedc0-04b7-5264-8db3-a340726fa946,Connor Seabold,31b1fd7f-72ea-525d-b95f-a97b979ffa9e,P,True,False,Detroit Tigers,San Diego Padres,away,,,,,,,,,,,,,,2.1,7,3,0,1,0,0,,50,0,0.42857142857142855,11.571428571428571
2026-03-28,0a9cedc0-04b7-5264-8db3-a340726fa946,Jake Rogers,a453eaa6-83a1-5a3d-a91f-ed4bebd865c9,C,False,True,Detroit Tigers,San Diego Padres,away,0,0,0,0,3,0,0,1,0,0,0,0,0,,,,,,,,,,,,
2026-03-28,0a9cedc0-04b7-5264-8db3-a340726fa946,Gleyber Torres,7bd07245-7bf0-5980-8c77-8a40271534aa,2B,False,True,Detroit Tigers,San Diego Padres,away,0,0,0,0,4,0,1,2,0,0,0,0,0,,,,,,,,,,,,
2026-03-28,0a9cedc0-04b7-5264-8db3-a340726fa946,Matt Vierling,89a3e61c-5176-5488-8084-f6d7dcdbeb37,CF,False,True,Detroit Tigers,San Diego Padres,away,0,0,0,0,3,0,0,2,0,0,0,0,0,,,,,,,,,,,,
2026-03-28,0a9cedc0-04b7-5264-8db3-a340726fa946,Dillon Dingler,ddcd399c-63b6-5add-9222-5d69a6f9b45d,DH,False,False,Detroit Tigers,San Diego Padres,away,0,0,0,0,1,0,0,0,0,0,0,0,0,,,,,,,,,,,,
2026-03-28,0a9cedc0-04b7-5264-8db3-a340726fa946,Will Vest,7505a594-8278-57ea-99ed-a082764a1b01,P,True,False,Detroit Tigers,San Diego Padres,away,,,,,,,,,,,,,,0.1,1,0,0,0,0,0,,4,0,0.0,0.0
2026-03-28,0a9cedc0-04b7-5264-8db3-a340726fa946,Colt Keith,cadc4708-5d0a-56ac-84d0-feced1704a81,3B,False,True,Detroit Tigers,San Diego Padres,away,1,1,0,0,4,2,1,1,0,0,0,2,3,,,,,,,,,,,,
2026-03-28,9a07f856-598c-5743-aac9-03c3fd85edd3,Will Smith,a99e1cc5-b7ce-57f3-b25f-a35eb434a138,C,False,True,Los Angeles Dodgers,Arizona Diamondbacks,home,0,0,0,1,4,1,0,1,0,1,2,4,4,,,,,,,,,,,,
2026-03-28,9a07f856-598c-5743-aac9-03c3fd85edd3,Tyler Glasnow,5983fe8a-6a02-5be5-8f9e-14ea532abbf8,P,True,True,Los Angeles Dodgers,Arizona Diamondbacks,home,,,,,,,,,,,,,,6,18,6,1,4,0,2,,90,2,0.3333333333333333,9.0
2026-03-28,9a07f856-598c-5743-aac9-03c3fd85edd3,Alex Vesia,0d1c034e-4fd3-536d-943b-763c44bb1684,P,True,False,Los Angeles Dodgers,Arizona Diamondbacks,home,,,,,,,,,,,,,,1,3,0,0,0,0,0,,12,0,0.0,0.0
2026-03-28,9a07f856-598c-5743-aac9-03c3fd85edd3,Kyle Tucker,2de01d55-4dd3-5bc3-b8e2-7859bbfdb79f,RF,False,True,Los Angeles Dodgers,Arizona Diamondbacks,home,0,0,0,0,4,0,0,2,1,1,0,1,0,,,,,,,,,,,,
2026-03-28,9a07f856-598c-5743-aac9-03c3fd85edd3,Max Muncy,8d258a66-1273-5363-89c6-87933a281e74,3B,False,False,Los Angeles Dodgers,Arizona Diamondbacks,home,0,0,0,0,1,0,0,0,0,0,0,0,0,,,,,,,,,,,,
2026-03-28,9a07f856-598c-5743-aac9-03c3fd85edd3,Freddie Freeman,6ddad2d6-c3a0-5592-8632-a05db59af193,1B,False,True,Los Angeles Dodgers,Arizona Diamondbacks,home,2,1,0,0,4,3,0,0,0,0,1,4,4,,,,,,,,,,,,
2026-03-28,9a07f856-598c-5743-aac9-03c3fd85edd3,Santiago Espinal,a6051a2b-8e43-5f32-94c1-a080049150ea,3B,False,True,Los Angeles Dodgers,Arizona Diamondbacks,home,0,0,0,0,2,0,0,1,0,0,0,0,0,,,,,,,,,,,,
2026-03-28,9a07f856-598c-5743-aac9-03c3fd85edd3,Shohei Ohtani,c4531087-0c95-5e6e-8d3c-604e0b0fc776,DH,False,False,Los Angeles Dodgers,Arizona Diamondbacks,home,0,0,0,0,4,0,2,0,0,0,0,0,0,,,,,,,,,,,,
2026-03-28,9a07f856-598c-5743-aac9-03c3fd85edd3,Will Klein,9b1be778-68a0-5cb7-abbf-427e9b848cb0,P,True,False,Los Angeles Dodgers,Arizona Diamondbacks,home,,,,,,,,,,,,,,1,3,1,0,1,0,0,,15,0,0.3333333333333333,9.0
2026-03-28,9a07f856-598c-5743-aac9-03c3fd85edd3,Teoscar Hernández,963905ee-cf72-5886-afd2-4e77a95c6134,LF,False,True,Los Angeles Dodgers,Arizona Diamondbacks,home,0,0,0,0,3,0,0,2,0,0,0,0,0,,,,,,,,,,,,
2026-03-28,9a07f856-598c-5743-aac9-03c3fd85edd3,Andy Pages,1057dfe8-f4c3-58d4-be2b-63d4efdf2228,CF,False,True,Los Angeles Dodgers,Arizona Diamondbacks,home,0,0,0,0,3,0,0,0,0,0,0,0,0,,,,,,,,,,,,
2026-03-28,9a07f856-598c-5743-aac9-03c3fd85edd3,Edwin Díaz,db69f7af-a25a-5a9e-805b-35535e3b45ed,P,True,False,Los Angeles Dodgers,Arizona Diamondbacks,home,,,,,,,,,,,,,,1,3,0,0,0,0,0,,10,0,0.0,0.0
2026-03-28,9a07f856-598c-5743-aac9-03c3fd85edd3,Mookie Betts,93f6ca91-7be2-55cc-8e42-a295fae94395,SS,False,True,Los Angeles Dodgers,Arizona Diamondbacks,home,0,0,0,0,4,0,1,0,0,1,0,1,0,,,,,,,,,,,,
2026-03-28,9a07f856-598c-5743-aac9-03c3fd85edd3,Miguel Rojas,daef22b8-e349-5c2a-baf6-493ad8567907,2B,False,True,Los Angeles Dodgers,Arizona Diamondbacks,home,2,0,0,0,2,2,0,0,0,0,0,2,2,,,,,,,,,,,,
2026-03-28,9a07f856-598c-5743-aac9-03c3fd85edd3,Alex Freeland,ba5ee049-6fb5-5806-9480-5a14650880ba,2B,False,False,Los Angeles Dodgers,Arizona Diamondbacks,home,0,0,0,0,1,0,0,0,0,0,0,0,0,,,,,,,,,,,,
2026-03-28,9a07f856-598c-5743-aac9-03c3fd85edd3,Eduardo Rodriguez,f4447981-3674-5cdb-ad06-30d7c6b84025,P,True,True,Arizona Diamondbacks,Los Angeles Dodgers,away,,,,,,,,,,,,,,5,15,5,2,4,0,0,,79,1,0.3333333333333333,9.0
2026-03-28,9a07f856-598c-5743-aac9-03c3fd85edd3,Juan Morillo,cd151ec4-bdc0-50ea-bac1-6dee6b1199a9,P,True,False,Arizona Diamondbacks,Los Angeles Dodgers,away,,,,,,,,,,,,,,0.2,2,0,1,1,1,2,,22,2,0.0,0.0
2026-03-28,9a07f856-598c-5743-aac9-03c3fd85edd3,Nolan Arenado,aa4157df-7915-5251-83c1-0c1f931c43f0,3B,False,True,Arizona Diamondbacks,Los Angeles Dodgers,away,0,0,0,0,4,0,0,0,0,0,0,0,0,,,,,,,,,,,,
2026-03-28,9a07f856-598c-5743-aac9-03c3fd85edd3,Joe Ross,55e3c59f-7287-51c5-86ba-5037f9da9e49,P,True,False,Arizona Diamondbacks,Los Angeles Dodgers,away,,,,,,,,,,,,,,1,3,0,0,0,0,0,,14,0,0.0,0.0
2026-03-28,9a07f856-598c-5743-aac9-03c3fd85edd3,Ketel Marte,c81e5c80-cc33-537b-b75e-e43d4baeefd8,2B,False,True,Arizona Diamondbacks,Los Angeles Dodgers,away,1,0,0,0,4,1,1,0,0,0,0,1,1,,,,,,,,,,,,
2026-03-28,9a07f856-598c-5743-aac9-03c3fd85edd3,Jonathan Loáisiga,9f25160c-63b2-530c-b4be-73537c9b4a28,P,True,False,Arizona Diamondbacks,Los Angeles Dodgers,away,,,,,,,,,,,,,,1,3,1,0,1,0,0,,18,0,0.3333333333333333,9.0
2026-03-28,9a07f856-598c-5743-aac9-03c3fd85edd3,Geraldo Perdomo,f16aabac-5df9-5d25-854f-705f0f9b265a,SS,False,True,Arizona Diamondbacks,Los Angeles Dodgers,away,1,0,0,0,4,1,0,0,1,0,0,1,1,,,,,,,,,,,,
2026-03-28,9a07f856-598c-5743-aac9-03c3fd85edd3,Paul Sewald,7dc315ea-efc2-5c83-be43-b52bb30e7944,P,True,False,Arizona Diamondbacks,Los Angeles Dodgers,away,,,,,,,,,,,,,,0.1,1,0,0,0,0,0,,5,0,0.0,0.0
2026-03-28,9a07f856-598c-5743-aac9-03c3fd85edd3,Corbin Carroll,3b6210c9-3db8-5b34-9af5-e972d0b61b99,RF,False,True,Arizona Diamondbacks,Los Angeles Dodgers,away,1,0,0,0,4,1,0,0,0,1,1,3,1,,,,,,,,,,,,
2026-03-28,9a07f856-598c-5743-aac9-03c3fd85edd3,James McCann,03983b89-44f4-5d46-a8af-e1aeb9219a7a,C,False,True,Arizona Diamondbacks,Los Angeles Dodgers,away,0,0,0,0,3,0,0,2,0,0,0,0,0,,,,,,,,,,,,
2026-03-28,9a07f856-598c-5743-aac9-03c3fd85edd3,Carlos Santana,1e382352-f767-5763-bb8c-059aceb7ca11,1B,False,True,Arizona Diamondbacks,Los Angeles Dodgers,away,0,0,0,0,3,0,0,1,0,0,0,0,0,,,,,,,,,,,,
2026-03-28,9a07f856-598c-5743-aac9-03c3fd85edd3,Pavin Smith,7a9ee74d-272e-57b5-a5fb-709f08676a95,DH,False,False,Arizona Diamondbacks,Los Angeles Dodgers,away,1,0,0,0,4,1,0,2,0,0,1,2,1,,,,,,,,,,,,
2026-03-28,9a07f856-598c-5743-aac9-03c3fd85edd3,Jorge Barrosa,a7bb2eb0-3405-55cc-a5f2-d51828ea32dd,LF,False,True,Arizona Diamondbacks,Los Angeles Dodgers,away,0,1,0,0,3,1,0,2,0,1,0,2,2,,,,,,,,,,,,
2026-03-28,9a07f856-598c-5743-aac9-03c3fd85edd3,Alek Thomas,877bcfe1-8864-5209-ac98-f3513aa34d93,CF,False,True,Arizona Diamondbacks,Los Angeles Dodgers,away,0,0,0,0,4,0,0,0,0,0,0,0,0,,,,,,,,,,,,
2026-03-28,2fd22196-c27f-5015-91e4-ab3ac0c941ee,Josh Naylor,b882f91d-40d1-58ad-bd6a-b321477642c0,1B,False,True,Seattle Mariners,Cleveland Guardians,home,0,0,0,0,5,0,2,2,0,0,0,0,0,,,,,,,,,,,,
2026-03-28,2fd22196-c27f-5015-91e4-ab3ac0c941ee,Victor Robles,624bfac4-c5ea-531f-b4e4-f7be2a78a1bc,RF,False,True,Seattle Mariners,Cleveland Guardians,home,1,1,0,0,3,2,0,0,1,0,1,3,3,,,,,,,,,,,,
2026-03-28,2fd22196-c27f-5015-91e4-ab3ac0c941ee,Cole Young,bef5f9c5-6df7-5ede-9aac-4b5ba8731f4b,2B,False,True,Seattle Mariners,Cleveland Guardians,home,0,1,0,0,5,1,0,3,0,1,0,2,2,,,,,,,,,,,,
2026-03-28,2fd22196-c27f-5015-91e4-ab3ac0c941ee,Randy Arozarena,0f2b9cc8-a738-5f1e-be0e-5c0ae5a3ac57,LF,False,True,Seattle Mariners,Cleveland Guardians,home,1,0,0,0,5,1,1,0,0,2,0,3,1,,,,,,,,,,,,
2026-03-28,2fd22196-c27f-5015-91e4-ab3ac0c941ee,Casey Legumina,8e36214c-00d3-5fb9-9a64-0f104c6e400d,P,True,False,Seattle Mariners,Cleveland Guardians,home,,,,,,,,,,,,,,1,3,1,0,1,0,0,,23,0,0.3333333333333333,9.0
2026-03-28,2fd22196-c27f-5015-91e4-ab3ac0c941ee,Dominic Canzone,73e2b2be-5ea8-5904-9683-089b46807bab,DH,False,False,Seattle Mariners,Cleveland Guardians,home,0,0,0,0,1,0,0,0,0,0,0,0,0,,,,,,,,,,,,
2026-03-28,2fd22196-c27f-5015-91e4-ab3ac0c941ee,Cal Raleigh,21b31397-a06c-5238-83b3-90eee447e28e,C,False,True,Seattle Mariners,Cleveland Guardians,home,1,0,0,0,5,1,1,2,1,0,0,1,1,,,,,,,,,,,,
2026-03-28,2fd22196-c27f-5015-91e4-ab3ac0c941ee,Rob Refsnyder,d50036b6-f9c6-5e61-b1e5-98692a43657e,DH,False,False,Seattle Mariners,Cleveland Guardians,home,0,0,0,0,2,0,0,0,0,0,0,0,0,,,,,,,,,,,,
2026-03-28,2fd22196-c27f-5015-91e4-ab3ac0c941ee,Cole Wilcox,7d63c225-4e37-5df0-912b-553a335878e3,P,True,False,Seattle Mariners,Cleveland Guardians,home,,,,,,,,,,,,,,1,3,1,0,0,0,0,,10,0,0.3333333333333333,9.0
2026-03-28,2fd22196-c27f-5015-91e4-ab3ac0c941ee,Bryan Woo,e98227ba-8212-5ac6-ba45-ff52d454c190,P,True,True,Seattle Mariners,Cleveland Guardians,home,,,,,,,,,,,,,,6,18,9,1,4,0,2,,83,2,0.5,13.5
2026-03-28,2fd22196-c27f-5015-91e4-ab3ac0c941ee,Brendan Donovan,9d05e499-95d1-5224-b19c-323801b2463e,3B,False,True,Seattle Mariners,Cleveland Guardians,home,2,0,0,0,5,2,0,1,1,1,0,3,2,,,,,,,,,,,,
2026-03-28,2fd22196-c27f-5015-91e4-ab3ac0c941ee,Ryan Bliss,48618b1b-04f9-530f-a016-937d1e6f7edd,DH,False,False,Seattle Mariners,Cleveland Guardians,home,0,0,0,0,2,0,0,2,0,0,0,0,0,,,,,,,,,,,,
2026-03-28,2fd22196-c27f-5015-91e4-ab3ac0c941ee,Andrés Muñoz,b7e7201a-7b53-5610-a084-2f818e1e7483,P,True,False,Seattle Mariners,Cleveland Guardians,home,,,,,,,,,,,,,,1,3,1,0,2,1,2,,20,3,0.3333333333333333,9.0
2026-03-28,2fd22196-c27f-5015-91e4-ab3ac0c941ee,Gabe Speier,d17c5e2e-ffd7-50dd-a3d3-19ec8384fe62,P,True,False,Seattle Mariners,Cleveland Guardians,home,,,,,,,,,,,,,,0.1,1,0,0,0,0,0,,3,0,0.0,0.0
2026-03-28,2fd22196-c27f-5015-91e4-ab3ac0c941ee,Leo Rivas,13efd7e6-1b6a-509b-8348-f3f74df6fce9,SS,False,True,Seattle Mariners,Cleveland Guardians,home,0,0,0,0,5,0,1,1,0,0,0,0,0,,,,,,,,,,,,
2026-03-28,2fd22196-c27f-5015-91e4-ab3ac0c941ee,Julio Rodríguez,fffe4545-0e86-5407-906a-645035a15435,CF,False,True,Seattle Mariners,Cleveland Guardians,home,1,0,0,0,5,1,1,1,0,0,1,2,1,,,,,,,,,,,,
2026-03-28,2fd22196-c27f-5015-91e4-ab3ac0c941ee,Eduard Bazardo,c59ea29b-45e3-5f5d-8eab-5e27543e83cd,P,True,False,Seattle Mariners,Cleveland Guardians,home,,,,,,,,,,,,,,0.2,2,1,2,1,0,1,,24,1,0.5,13.5
2026-03-28,2fd22196-c27f-5015-91e4-ab3ac0c941ee,Luke Raley,27e77a8c-1c02-50cc-b8c2-06d1e891fc5d,RF,False,False,Seattle Mariners,Cleveland Guardians,home,0,0,0,1,2,1,1,0,0,1,2,4,4,,,,,,,,,,,,
2026-03-28,2fd22196-c27f-5015-91e4-ab3ac0c941ee,Shawn Armstrong,5f0c6f60-ac3b-5ec3-b62e-f70dbe817109,P,True,False,Cleveland Guardians,Seattle Mariners,away,,,,,,,,,,,,,,1.1,4,1,1,0,0,0,,19,0,0.25,6.75
2026-03-28,2fd22196-c27f-5015-91e4-ab3ac0c941ee,Chase DeLauter,6df4c8fa-ba98-5c7a-ad19-cf86a2049392,DH,False,False,Cleveland Guardians,Seattle Mariners,away,0,0,0,1,5,1,0,3,0,1,2,4,4,,,,,,,,,,,,
2026-03-28,2fd22196-c27f-5015-91e4-ab3ac0c941ee,Connor Brogdon,1d981dc9-5de4-5f4c-8190-945b936250eb,P,True,False,Cleveland Guardians,Seattle Mariners,away,,,,,,,,,,,,,,1,3,2,0,1,1,1,,17,2,0.6666666666666666,18.0
2026-03-28,2fd22196-c27f-5015-91e4-ab3ac0c941ee,Daniel Schneemann,44aa2c31-5c71-54d6-bd89-c75f77599832,2B,False,True,Cleveland Guardians,Seattle Mariners,away,0,0,0,0,4,0,0,0,0,0,0,0,0,,,,,,,,,,,,
2026-03-28,2fd22196-c27f-5015-91e4-ab3ac0c941ee,Brayan Rocchio,19d4d33d-50bf-55d7-9885-40f4738e6983,SS,False,True,Cleveland Guardians,Seattle Mariners,away,0,0,0,0,4,0,2,0,0,2,0,2,0,,,,,,,,,,,,
2026-03-28,2fd22196-c27f-5015-91e4-ab3ac0c941ee,Matt Festa,2150658a-9ae0-5b5d-941b-54a1af3be65c,P,True,False,Cleveland Guardians,Seattle Mariners,away,,,,,,,,,,,,,,1.2,5,1,0,0,0,0,,14,0,0.2,5.3999999999999995
2026-03-28,2fd22196-c27f-5015-91e4-ab3ac0c941ee,David Fry,d0cdb034-814f-5d43-a16a-052464de2541,C,False,True,Cleveland Guardians,Seattle Mariners,away,1,1,0,0,5,2,0,3,0,0,0,2,3,,,,,,,,,,,,
2026-03-28,2fd22196-c27f-5015-91e4-ab3ac0c941ee,Cade Smith,431e2150-8e44-5087-a282-49c837584e2b,P,True,False,Cleveland Guardians,Seattle Mariners,away,,,,,,,,,,,,,,1,3,2,1,2,0,1,,28,1,0.6666666666666666,18.0
2026-03-28,2fd22196-c27f-5015-91e4-ab3ac0c941ee,José Ramírez,edd283fa-acd6-56e6-a171-35d869385530,3B,False,True,Cleveland Guardians,Seattle Mariners,away,0,1,0,0,5,1,0,0,0,1,1,3,2,,,,,,,,,,,,
2026-03-28,2fd22196-c27f-5015-91e4-ab3ac0c941ee,Steven Kwan,64af661f-a572-5a07-8797-70964b4dbcb2,CF,False,True,Cleveland Guardians,Seattle Mariners,away,2,0,0,0,5,2,0,0,0,1,1,4,2,,,,,,,,,,,,
2026-03-28,2fd22196-c27f-5015-91e4-ab3ac0c941ee,Angel Martínez,a1a79e19-4dd8-5d43-8cf7-324e82cc4a92,LF,False,True,Cleveland Guardians,Seattle Mariners,away,0,1,0,0,4,1,0,2,0,0,0,1,2,,,,,,,,,,,,
2026-03-28,2fd22196-c27f-5015-91e4-ab3ac0c941ee,Kyle Manzardo,1f4ed7ba-eda9-5a00-b87f-9c005e0a44a8,1B,False,True,Cleveland Guardians,Seattle Mariners,away,1,0,0,0,5,1,0,3,0,0,1,2,1,,,,,,,,,,,,
2026-03-28,2fd22196-c27f-5015-91e4-ab3ac0c941ee,Joey Cantillo,0c281b3c-78e6-5a8a-9def-25c03e7366a8,P,True,True,Cleveland Guardians,Seattle Mariners,away,,,,,,,,,,,,,,3.2,11,5,3,4,0,2,,91,2,0.45454545454545453,12.272727272727273
2026-03-28,2fd22196-c27f-5015-91e4-ab3ac0c941ee,Erik Sabrowski,f440cc49-e1e7-5622-8971-bc07b4313d0d,P,True,False,Cleveland Guardians,Seattle Mariners,away,,,,,,,,,,,,,,0.2,2,1,2,0,0,0,,20,0,0.5,13.5
2026-03-28,2fd22196-c27f-5015-91e4-ab3ac0c941ee,Tim Herrin,6165b4a1-ab46-5b99-b9bc-6d2d6743f203,P,True,False,Cleveland Guardians,Seattle Mariners,away,,,,,,,,,,,,,,0.2,2,0,0,2,0,0,,19,0,0.0,0.0
2026-03-28,2fd22196-c27f-5015-91e4-ab3ac0c941ee,CJ Kayfus,82e69c91-8664-5911-94b2-f61af3a0f314,RF,False,True,Cleveland Guardians,Seattle Mariners,away,0,0,0,0,4,0,1,2,0,1,0,1,0,,,,,,,,,,,,
2026-03-29,f777118a-defb-568b-9fa4-ef9812394477,Michael Harris II,cff14015-b6ae-555e-a442-60e9ddb08b61,CF,False,True,Atlanta Braves,Kansas City Royals,home,0,0,0,0,3,0,0,0,0,0,0,0,0,,,,,,,,,,,,
2026-03-29,f777118a-defb-568b-9fa4-ef9812394477,Jorge Mateo,9599b336-e628-59ce-ad5c-a8e26c743dc4,SS,False,True,Atlanta Braves,Kansas City Royals,home,0,0,0,0,3,0,0,1,0,0,0,0,0,,,,,,,,,,,,
2026-03-29,f777118a-defb-568b-9fa4-ef9812394477,Didier Fuentes,c04ab598-c5b0-5a9c-af1b-9b8c1a30864f,P,True,False,Atlanta Braves,Kansas City Royals,home,,,,,,,,,,,,,,4,12,4,1,2,0,1,,56,1,0.3333333333333333,9.0
2026-03-29,f777118a-defb-568b-9fa4-ef9812394477,Drake Baldwin,1e5f1f08-e9ec-57db-b15f-c1ec8d14d85e,C,False,True,Atlanta Braves,Kansas City Royals,home,1,0,0,1,4,2,0,1,0,1,1,4,5,,,,,,,,,,,,
2026-03-29,f777118a-defb-568b-9fa4-ef9812394477,Matt Olson,fa607d2a-7f47-5352-8330-cb074e809054,1B,False,True,Atlanta Braves,Kansas City Royals,home,0,0,0,0,4,0,0,1,0,0,0,0,0,,,,,,,,,,,,
2026-03-29,f777118a-defb-568b-9fa4-ef9812394477,Dominic Smith,a71b9e93-42ca-5a21-9c07-6aa70b6b9bae,DH,False,False,Atlanta Braves,Kansas City Royals,home,1,0,0,0,2,1,0,0,0,0,0,1,1,,,,,,,,,,,,
2026-03-29,f777118a-defb-568b-9fa4-ef9812394477,Ronald Acuña Jr.,bf408b79-82a4-5a4a-bb2f-6bdbef2af3cc,RF,False,True,Atlanta Braves,Kansas City Royals,home,0,0,0,0,4,0,0,0,0,0,0,0,0,,,,,,,,,,,,
2026-03-29,f777118a-defb-568b-9fa4-ef9812394477,Kyle Farmer,61bebf05-06b8-51d1-953e-aea34317e2f1,DH,False,False,Atlanta Braves,Kansas City Royals,home,0,0,0,0,1,0,0,0,0,0,0,0,0,,,,,,,,,,,,
2026-03-29,f777118a-defb-568b-9fa4-ef9812394477,Ozzie Albies,360c17ce-8588-52bd-b86a-6621a43f1bac,2B,False,True,Atlanta Braves,Kansas City Royals,home,2,0,0,0,4,2,0,0,0,0,0,2,2,,,,,,,,,,,,
2026-03-29,f777118a-defb-568b-9fa4-ef9812394477,Austin Riley,3ae0fd65-efd0-5a3b-872b-7150b0c699aa,3B,False,True,Atlanta Braves,Kansas City Royals,home,0,0,0,0,4,0,0,1,0,0,0,0,0,,,,,,,,,,,,
2026-03-29,f777118a-defb-568b-9fa4-ef9812394477,Grant Holmes,5b36c172-4049-5be9-bc9f-d019e3581985,P,True,True,Atlanta Braves,Kansas City Royals,home,,,,,,,,,,,,,,5,15,4,2,5,1,3,,76,3,0.26666666666666666,7.2
2026-03-29,f777118a-defb-568b-9fa4-ef9812394477,Mike Yastrzemski,1a244f8f-82ee-555a-b1af-aa44b0f2ff31,LF,False,True,Atlanta Braves,Kansas City Royals,home,1,1,0,0,4,2,0,1,0,0,0,2,3,,,,,,,,,,,,
2026-03-29,f777118a-defb-568b-9fa4-ef9812394477,Carter Jensen,add60a5c-95dc-503b-a5b7-79f454562e86,C,False,True,Kansas City Royals,Atlanta Braves,away,0,0,0,1,4,1,0,2,0,1,2,4,4,,,,,,,,,,,,
2026-03-29,f777118a-defb-568b-9fa4-ef9812394477,Isaac Collins,c926f529-9700-5e4c-b204-5e60f55503df,LF,False,False,Kansas City Royals,Atlanta Braves,away,0,0,0,0,0,0,0,0,0,0,0,0,0,,,,,,,,,,,,
2026-03-29,f777118a-defb-568b-9fa4-ef9812394477,Salvador Perez,fd9f5eef-c0a3-5e7e-9097-e558c01c50b1,DH,False,False,Kansas City Royals,Atlanta Braves,away,0,0,0,0,4,0,0,1,0,0,0,0,0,,,,,,,,,,,,
2026-03-29,f777118a-defb-568b-9fa4-ef9812394477,Nick Loftin,7decf98a-4daf-5621-aed4-0ed96927b001,2B,False,True,Kansas City Royals,Atlanta Braves,away,0,1,0,0,4,1,0,0,0,2,0,3,2,,,,,,,,,,,,
2026-03-29,f777118a-defb-568b-9fa4-ef9812394477,Lucas Erceg,5cc0897c-ad12-5040-91d3-b7b20c9ae0a6,P,True,False,Kansas City Royals,Atlanta Braves,away,,,,,,,,,,,,,,1,3,1,0,1,0,0,,12,0,0.3333333333333333,9.0
2026-03-29,f777118a-defb-568b-9fa4-ef9812394477,Matt Strahm,0266d0bc-ec47-5b30-a8cd-d7a2b46b4ea6,P,True,False,Kansas City Royals,Atlanta Braves,away,,,,,,,,,,,,,,0.2,2,0,0,0,0,0,,4,0,0.0,0.0
2026-03-29,f777118a-defb-568b-9fa4-ef9812394477,Vinnie Pasquantino,160d1ebf-e65f-5f8e-a25b-00b8001bc198,1B,False,True,Kansas City Royals,Atlanta Braves,away,2,0,0,0,4,2,0,0,0,0,1,3,2,,,,,,,,,,,,
2026-03-29,f777118a-defb-568b-9fa4-ef9812394477,Kyle Isbel,cf2183c9-e138-5f3a-8d67-6dedd3b07bfb,CF,False,True,Kansas City Royals,Atlanta Braves,away,1,0,0,0,4,1,0,2,0,0,0,1,1,,,,,,,,,,,,
2026-03-29,f777118a-defb-568b-9fa4-ef9812394477,Maikel Garcia,31857688-327f-5f07-8b02-bc706fd384b8,3B,False,True,Kansas City Royals,Atlanta Braves,away,1,0,0,0,5,1,1,0,0,0,0,1,1,,,,,,,,,,,,
2026-03-29,f777118a-defb-568b-9fa4-ef9812394477,Seth Lugo,8f019519-10ce-5ed5-b3d3-19a984eaf721,P,True,True,Kansas City Royals,Atlanta Braves,away,,,,,,,,,,,,,,6.1,19,3,0,5,0,0,,77,0,0.15789473684210525,4.2631578947368425
2026-03-29,f777118a-defb-568b-9fa4-ef9812394477,Lane Thomas,92cdc2c8-b253-592c-b50a-1e77572b6053,RF,False,True,Kansas City Royals,Atlanta Braves,away,0,0,0,0,4,0,0,2,0,0,0,0,0,,,,,,,,,,,,
2026-03-29,f777118a-defb-568b-9fa4-ef9812394477,Jac Caglianone,ec14685d-e1f1-5cf3-8532-ae72ed66c00b,RF,False,True,Kansas City Royals,Atlanta Braves,away,0,0,0,0,4,0,1,1,0,0,0,0,0,,,,,,,,,,,,
2026-03-29,f777118a-defb-568b-9fa4-ef9812394477,John Schreiber,af846716-0751-55d2-a0de-04178c31615c,P,True,False,Kansas City Royals,Atlanta Braves,away,,,,,,,,,,,,,,1,3,1,0,1,1,1,,23,1,0.3333333333333333,9.0
2026-03-29,f777118a-defb-568b-9fa4-ef9812394477,Bobby Witt Jr.,355275f4-ce4a-5c49-a0e4-cadfa2e8a083,SS,False,True,Kansas City Royals,Atlanta Braves,away,1,0,0,0,4,1,1,0,0,1,1,3,1,,,,,,,,,,,,
2026-03-29,3f3a1b3a-6578-5e13-b1b8-32a70df204c7,Jeremiah Jackson,79a8c5e7-b511-5a4a-a093-00ac948ae519,2B,False,True,Baltimore Orioles,Minnesota Twins,home,1,0,0,0,3,1,0,2,0,0,0,1,1,,,,,,,,,,,,
2026-03-29,3f3a1b3a-6578-5e13-b1b8-32a70df204c7,Samuel Basallo,e2832358-42f4-5d2e-b14c-498693dbb679,1B,False,True,Baltimore Orioles,Minnesota Twins,home,1,0,0,0,4,1,1,1,0,1,0,2,1,,,,,,,,,,,,
2026-03-29,3f3a1b3a-6578-5e13-b1b8-32a70df204c7,Tyler Wells,ba8493f7-6b96-5522-ae17-16c50d1b7d46,P,True,False,Baltimore Orioles,Minnesota Twins,home,,,,,,,,,,,,,,0.2,2,2,2,2,0,1,,27,1,1.0,27.0
2026-03-29,3f3a1b3a-6578-5e13-b1b8-32a70df204c7,Rico Garcia,bf7d81c5-2227-5bb3-947e-5a93eb72d466,P,True,False,Baltimore Orioles,Minnesota Twins,home,,,,,,,,,,,,,,0.1,1,1,0,0,0,0,,8,0,1.0,27.0
2026-03-29,3f3a1b3a-6578-5e13-b1b8-32a70df204c7,Gunnar Henderson,8dd2ac6f-561c-5af1-b076-5e81f0f4e199,SS,False,True,Baltimore Orioles,Minnesota Twins,home,1,0,0,0,5,1,1,1,0,1,0,2,1,,,,,,,,,,,,
2026-03-29,3f3a1b3a-6578-5e13-b1b8-32a70df204c7,Leody Taveras,3ec5beae-5884-53b2-80db-f719fafea82c,CF,False,False,Baltimore Orioles,Minnesota Twins,home,0,0,0,0,0,0,0,0,0,0,0,0,0,,,,,,,,,,,,
2026-03-29,3f3a1b3a-6578-5e13-b1b8-32a70df204c7,Shane Baz,591fa7e0-9ba3-5756-9efd-1520cab122a6,P,True,True,Baltimore Orioles,Minnesota Twins,home,,,,,,,,,,,,,,5.1,16,4,0,7,0,4,,78,4,0.25,6.75
2026-03-29,3f3a1b3a-6578-5e13-b1b8-32a70df204c7,Taylor Ward,ecd13d9a-09c8-5341-a9c1-42cd969b9bfd,LF,False,True,Baltimore Orioles,Minnesota Twins,home,1,0,0,0,5,1,1,1,0,1,0,2,1,,,,,,,,,,,,
2026-03-29,3f3a1b3a-6578-5e13-b1b8-32a70df204c7,Dylan Beavers,6713c09d-171a-5996-8551-2d6cbdcc460f,CF,False,True,Baltimore Orioles,Minnesota Twins,home,0,1,0,0,4,1,0,0,0,0,2,3,2,,,,,,,,,,,,
2026-03-29,3f3a1b3a-6578-5e13-b1b8-32a70df204c7,Ryan Mountcastle,e4a14345-13f9-5c20-aa4e-811e01ab47be,1B,False,True,Baltimore Orioles,Minnesota Twins,home,0,0,0,0,3,0,0,0,0,0,0,0,0,,,,,,,,,,,,
2026-03-29,3f3a1b3a-6578-5e13-b1b8-32a70df204c7,Adley Rutschman,641d20de-7b25-5610-a12b-aa8c9cf6fdb5,C,False,False,Baltimore Orioles,Minnesota Twins,home,0,1,0,0,1,1,0,0,0,1,1,3,2,,,,,,,,,,,,
2026-03-29,3f3a1b3a-6578-5e13-b1b8-32a70df204c7,Yaramil Hiraldo,d32539bd-0e1c-50e1-a08d-67430a42b23e,P,True,False,Baltimore Orioles,Minnesota Twins,home,,,,,,,,,,,,,,0.1,1,1,3,1,1,1,,20,1,1.0,27.0
2026-03-29,3f3a1b3a-6578-5e13-b1b8-32a70df204c7,Tyler O'Neill,22618000-6c22-5a37-9298-4ff8d51174b1,RF,False,True,Baltimore Orioles,Minnesota Twins,home,0,0,0,1,4,1,1,0,0,2,3,6,4,,,,,,,,,,,,
2026-03-29,3f3a1b3a-6578-5e13-b1b8-32a70df204c7,Blaze Alexander,06fa37f7-11f0-5e44-b028-6e4b58efaaa5,2B,False,False,Baltimore Orioles,Minnesota Twins,home,1,0,0,0,1,1,0,0,0,0,0,1,1,,,,,,,,,,,,
2026-03-29,3f3a1b3a-6578-5e13-b1b8-32a70df204c7,Pete Alonso,a706e53c-3e74-5675-9f67-a2114ac0ab94,DH,False,False,Baltimore Orioles,Minnesota Twins,home,2,0,0,0,4,2,1,0,0,1,1,4,2,,,,,,,,,,,,
2026-03-29,3f3a1b3a-6578-5e13-b1b8-32a70df204c7,Ryan Helsley,d8806a3d-2869-5dd9-80b2-e0ac87e90cda,P,True,False,Baltimore Orioles,Minnesota Twins,home,,,,,,,,,,,,,,1,3,1,0,1,0,0,,20,0,0.3333333333333333,9.0
2026-03-29,3f3a1b3a-6578-5e13-b1b8-32a70df204c7,Grant Wolfram,933ece99-ab75-503c-a717-ae736199b56d,P,True,False,Baltimore Orioles,Minnesota Twins,home,,,,,,,,,,,,,,1,3,2,0,1,0,0,,19,0,0.6666666666666666,18.0
2026-03-29,3f3a1b3a-6578-5e13-b1b8-32a70df204c7,Yennier Cano,9afc79b0-0758-5ecf-9c65-0be52b7b0603,P,True,False,Baltimore Orioles,Minnesota Twins,home,,,,,,,,,,,,,,0.1,1,1,0,0,0,0,,9,0,1.0,27.0
2026-03-29,3f3a1b3a-6578-5e13-b1b8-32a70df204c7,Coby Mayo,3fa3b427-6995-5a99-b9df-39c34bfe5217,3B,False,True,Baltimore Orioles,Minnesota Twins,home,1,1,0,0,4,2,0,0,0,1,1,4,3,,,,,,,,,,,,
2026-03-29,3f3a1b3a-6578-5e13-b1b8-32a70df204c7,Victor Caratini,118b5526-726c-567a-b410-9c4d39d4dfe8,C,False,True,Minnesota Twins,Baltimore Orioles,away,2,0,0,0,5,2,0,0,0,1,0,3,2,,,,,,,,,,,,
2026-03-29,3f3a1b3a-6578-5e13-b1b8-32a70df204c7,Kody Clemens,388afaec-b241-58d7-8b05-1e0292aaa5ce,1B,False,True,Minnesota Twins,Baltimore Orioles,away,0,0,0,0,5,0,1,2,1,0,0,0,0,,,,,,,,,,,,
2026-03-29,3f3a1b3a-6578-5e13-b1b8-32a70df204c7,Brooks Lee,9e5151e5-7ca3-54b5-906a-035ac2bd117b,PR,False,False,Minnesota Twins,Baltimore Orioles,away,0,0,0,0,0,0,0,0,0,0,0,0,0,,,,,,,,,,,,
2026-03-29,3f3a1b3a-6578-5e13-b1b8-32a70df204c7,Austin Martin,2b621d0f-36d2-5e85-800f-c9ea62645109,LF,False,False,Minnesota Twins,Baltimore Orioles,away,0,0,0,0,1,0,0,1,0,0,0,0,0,,,,,,,,,,,,
2026-03-29,3f3a1b3a-6578-5e13-b1b8-32a70df204c7,Anthony Banda,ca44db94-5d9e-525f-a405-9de2e4448bbf,P,True,False,Minnesota Twins,Baltimore Orioles,away,,,,,,,,,,,,,,0.2,2,0,0,0,0,0,,3,0,0.0,0.0
2026-03-29,3f3a1b3a-6578-5e13-b1b8-32a70df204c7,Tristan Gray,cda6f186-a450-525a-a396-3c2dddd5cb15,SS,False,True,Minnesota Twins,Baltimore Orioles,away,1,1,0,0,4,2,0,1,0,0,3,5,3,,,,,,,,,,,,
2026-03-29,3f3a1b3a-6578-5e13-b1b8-32a70df204c7,Josh Bell,9c4f9447-e182-53d1-9468-d5eed9b0e0f7,DH,False,False,Minnesota Twins,Baltimore Orioles,away,0,2,0,0,5,2,1,1,0,2,0,4,4,,,,,,,,,,,,
2026-03-29,3f3a1b3a-6578-5e13-b1b8-32a70df204c7,James Outman,ecd5e641-3869-57f2-af87-7b030fcc7f7b,LF,False,False,Minnesota Twins,Baltimore Orioles,away,0,0,0,0,2,0,1,0,0,0,0,0,0,,,,,,,,,,,,
2026-03-29,3f3a1b3a-6578-5e13-b1b8-32a70df204c7,Bailey Ober,3f2b2a40-e636-5fac-b6d1-591335b0aa7e,P,True,True,Minnesota Twins,Baltimore Orioles,away,,,,,,,,,,,,,,4,12,1,1,4,1,3,,56,3,0.08333333333333333,2.25
2026-03-29,3f3a1b3a-6578-5e13-b1b8-32a70df204c7,Royce Lewis,ed8d10fa-59d5-527e-9c7f-0eb7ba2f1a36,3B,False,True,Minnesota Twins,Baltimore Orioles,away,0,0,0,1,4,1,0,2,0,1,1,3,4,,,,,,,,,,,,
2026-03-29,3f3a1b3a-6578-5e13-b1b8-32a70df204c7,Trevor Larnach,acc8d7d3-6cc6-5ddb-82f7-c51950746185,LF,False,True,Minnesota Twins,Baltimore Orioles,away,1,1,0,0,2,2,0,0,0,1,1,4,3,,,,,,,,,,,,
2026-03-29,3f3a1b3a-6578-5e13-b1b8-32a70df204c7,Mick Abel,a7e45277-cdd8-5980-92b3-d792227c7fb2,P,True,False,Minnesota Twins,Baltimore Orioles,away,,,,,,,,,,,,,,3.1,10,4,4,8,0,5,,81,5,0.4,10.799999999999999
2026-03-29,3f3a1b3a-6578-5e13-b1b8-32a70df204c7,Byron Buxton,f324ed45-2be1-5593-9601-8a1caeabe988,CF,False,True,Minnesota Twins,Baltimore Orioles,away,0,1,0,0,5,1,1,2,0,0,0,1,2,,,,,,,,,,,,
2026-03-29,3f3a1b3a-6578-5e13-b1b8-32a70df204c7,Matt Wallner,d29b50b9-0e28-5d0d-b368-6cecc0a7d512,RF,False,True,Minnesota Twins,Baltimore Orioles,away,1,0,0,0,5,1,0,3,0,1,0,2,1,,,,,,,,,,,,
2026-03-29,3f3a1b3a-6578-5e13-b1b8-32a70df204c7,Luke Keaschall,cd5f4708-4e8f-5a0f-8347-a323178f906f,2B,False,True,Minnesota Twins,Baltimore Orioles,away,1,0,0,0,5,1,1,0,0,0,0,1,1,,,,,,,,,,,,
2026-03-29,b69f25b6-59ec-5b1d-8526-f51ab6f67b3f,Brandon Marsh,428a913a-6990-5ebc-a53f-fe331b036c25,LF,False,False,Philadelphia Phillies,Texas Rangers,home,0,0,0,0,2,0,1,1,0,0,0,0,0,,,,,,,,,,,,
2026-03-29,b69f25b6-59ec-5b1d-8526-f51ab6f67b3f,Jesús Luzardo,5bb421e7-b486-52a5-8165-006cc5b84ecd,P,True,True,Philadelphia Phillies,Texas Rangers,home,,,,,,,,,,,,,,6,18,7,1,6,2,6,,99,6,0.3888888888888889,10.5
2026-03-29,b69f25b6-59ec-5b1d-8526-f51ab6f67b3f,Justin Crawford,656815ea-b9fd-59e0-8461-3bdf7f7e3131,CF,False,True,Philadelphia Phillies,Texas Rangers,home,1,0,0,0,3,1,0,2,0,1,0,2,1,,,,,,,,,,,,
2026-03-29,b69f25b6-59ec-5b1d-8526-f51ab6f67b3f,Bryce Harper,c9b6441c-da6d-5f6d-bb63-857c121017fa,1B,False,True,Philadelphia Phillies,Texas Rangers,home,0,0,0,0,4,0,2,1,0,1,0,1,0,,,,,,,,,,,,
2026-03-29,b69f25b6-59ec-5b1d-8526-f51ab6f67b3f,J.T. Realmuto,0d9765bd-d345-5aaf-b9ad-1a15792ac037,C,False,True,Philadelphia Phillies,Texas Rangers,home,0,0,0,0,4,0,2,0,0,0,0,0,0,,,,,,,,,,,,
2026-03-29,b69f25b6-59ec-5b1d-8526-f51ab6f67b3f,Edmundo Sosa,4fbe024f-4d5b-5042-8ca2-06f8ecd6d580,2B,False,True,Philadelphia Phillies,Texas Rangers,home,0,0,0,0,2,0,0,1,0,0,0,0,0,,,,,,,,,,,,
2026-03-29,b69f25b6-59ec-5b1d-8526-f51ab6f67b3f,Alec Bohm,9bbc34c0-5769-5c7f-8cf4-607f25730d26,3B,False,True,Philadelphia Phillies,Texas Rangers,home,0,0,0,0,4,0,1,0,0,0,1,1,0,,,,,,,,,,,,
2026-03-29,b69f25b6-59ec-5b1d-8526-f51ab6f67b3f,Bryson Stott,c063d114-6426-54da-a28d-bd4eb1d1d948,2B,False,False,Philadelphia Phillies,Texas Rangers,home,1,0,0,0,2,1,0,0,0,0,1,2,1,,,,,,,,,,,,
2026-03-29,b69f25b6-59ec-5b1d-8526-f51ab6f67b3f,Kyle Schwarber,a60a2cbf-f012-56e9-acc4-184d76ff8219,DH,False,False,Philadelphia Phillies,Texas Rangers,home,1,0,0,0,4,1,0,1,0,0,0,1,1,,,,,,,,,,,,
2026-03-29,b69f25b6-59ec-5b1d-8526-f51ab6f67b3f,Otto Kemp,0bee2d6f-b61f-5378-8451-2de962a9d75c,LF,False,True,Philadelphia Phillies,Texas Rangers,home,0,0,0,0,2,0,0,1,0,0,0,0,0,,,,,,,,,,,,
2026-03-29,b69f25b6-59ec-5b1d-8526-f51ab6f67b3f,Zach Pop,70072dca-1ce1-564d-ac94-30a6d1fcddc5,P,True,False,Philadelphia Phillies,Texas Rangers,home,,,,,,,,,,,,,,1,3,1,1,1,0,2,,25,2,0.3333333333333333,9.0
2026-03-29,b69f25b6-59ec-5b1d-8526-f51ab6f67b3f,Dylan Moore,91fc5f77-4de9-51ed-8457-5e5afbe85510,PH,False,False,Philadelphia Phillies,Texas Rangers,home,0,0,0,0,1,0,1,0,0,0,0,0,0,,,,,,,,,,,,
2026-03-29,b69f25b6-59ec-5b1d-8526-f51ab6f67b3f,Adolis García,2c62b85f-73e6-5aff-af94-15901f508fb2,RF,False,True,Philadelphia Phillies,Texas Rangers,home,0,0,0,0,4,0,0,2,0,0,1,1,0,,,,,,,,,,,,
2026-03-29,b69f25b6-59ec-5b1d-8526-f51ab6f67b3f,Brad Keller,556c1f52-1350-5ae7-89a6-adac23bc8293,P,True,False,Philadelphia Phillies,Texas Rangers,home,,,,,,,,,,,,,,1,3,1,0,0,0,0,,16,0,0.3333333333333333,9.0
2026-03-29,b69f25b6-59ec-5b1d-8526-f51ab6f67b3f,Trea Turner,f38b6d42-2ac2-5480-adbc-729df0f14126,SS,False,True,Philadelphia Phillies,Texas Rangers,home,0,0,0,0,5,0,1,1,0,1,0,1,0,,,,,,,,,,,,
2026-03-29,b69f25b6-59ec-5b1d-8526-f51ab6f67b3f,Kyle Backhus,793823ac-a817-5e7e-92a0-81c19eb4fc41,P,True,False,Philadelphia Phillies,Texas Rangers,home,,,,,,,,,,,,,,1,3,1,1,1,0,0,,21,0,0.3333333333333333,9.0
2026-03-29,b69f25b6-59ec-5b1d-8526-f51ab6f67b3f,Evan Carter,f35e83f3-06d6-5c07-b669-1e0cd310d86e,CF,False,False,Texas Rangers,Philadelphia Phillies,away,0,0,0,0,2,0,2,0,0,1,0,1,0,,,,,,,,,,,,
2026-03-29,b69f25b6-59ec-5b1d-8526-f51ab6f67b3f,Wyatt Langford,882a170b-e284-5079-9ca4-351da4aad0f2,LF,False,True,Texas Rangers,Philadelphia Phillies,away,0,0,0,0,5,0,0,1,0,0,0,0,0,,,,,,,,,,,,
2026-03-29,b69f25b6-59ec-5b1d-8526-f51ab6f67b3f,Jake Burger,405e9f4a-6c45-52e5-92ca-d856c0888e10,1B,False,True,Texas Rangers,Philadelphia Phillies,away,1,0,0,0,4,1,0,3,0,1,0,2,1,,,,,,,,,,,,
2026-03-29,b69f25b6-59ec-5b1d-8526-f51ab6f67b3f,Corey Seager,0a8aa1ff-7f96-5ea3-91c5-f80c15eed600,SS,False,True,Texas Rangers,Philadelphia Phillies,away,0,0,0,0,5,0,1,1,0,1,1,2,0,,,,,,,,,,,,
2026-03-29,b69f25b6-59ec-5b1d-8526-f51ab6f67b3f,Robert Garcia,2e78c30e-9db1-5ac6-b461-c7aa7ac70de9,P,True,False,Texas Rangers,Philadelphia Phillies,away,,,,,,,,,,,,,,1,3,1,1,0,0,0,,14,0,0.3333333333333333,9.0
2026-03-29,b69f25b6-59ec-5b1d-8526-f51ab6f67b3f,Josh Jung,c0339e5b-fadd-5807-97d2-084bf40ec3f0,3B,False,True,Texas Rangers,Philadelphia Phillies,away,0,0,0,0,4,0,0,3,0,0,0,0,0,,,,,,,,,,,,
2026-03-29,b69f25b6-59ec-5b1d-8526-f51ab6f67b3f,Andrew McCutchen,22ae9ba7-a153-55b1-9737-6b114127a2a3,DH,False,False,Texas Rangers,Philadelphia Phillies,away,0,1,0,1,4,2,0,1,0,2,3,7,6,,,,,,,,,,,,
2026-03-29,b69f25b6-59ec-5b1d-8526-f51ab6f67b3f,Kyle Higashioka,aed03174-10a2-5ebe-adfa-83b14b307c24,C,False,True,Texas Rangers,Philadelphia Phillies,away,1,0,0,0,4,1,0,0,0,0,1,2,1,,,,,,,,,,,,
2026-03-29,b69f25b6-59ec-5b1d-8526-f51ab6f67b3f,Ezequiel Duran,3e6051c8-4c13-582e-ad57-c600a7c2174b,2B,False,True,Texas Rangers,Philadelphia Phillies,away,0,1,0,0,4,1,0,1,0,1,1,3,2,,,,,,,,,,,,
2026-03-29,b69f25b6-59ec-5b1d-8526-f51ab6f67b3f,MacKenzie Gore,b5d4b4e6-55d5-50cd-b64f-e867ee7e6191,P,True,True,Texas Rangers,Philadelphia Phillies,away,,,,,,,,,,,,,,5.1,16,7,3,2,0,2,,90,2,0.4375,11.8125
2026-03-29,b69f25b6-59ec-5b1d-8526-f51ab6f67b3f,Brandon Nimmo,8954e7a7-4f31-5f8f-9888-a809b7b43d88,RF,False,True,Texas Rangers,Philadelphia Phillies,away,1,0,0,1,5,2,0,0,0,1,2,5,5,,,,,,,,,,,,
2026-03-29,b69f25b6-59ec-5b1d-8526-f51ab6f67b3f,Sam Haggerty,93c872f8-31f7-553c-8c85-82ababe848a2,LF,False,True,Texas Rangers,Philadelphia Phillies,away,1,0,0,0,2,1,0,0,0,1,0,2,1,,,,,,,,,,,,
2026-03-29,b69f25b6-59ec-5b1d-8526-f51ab6f67b3f,Carter Baumler,ed63b150-d1bd-5660-9d12-bec1f723e014,P,True,False,Texas Rangers,Philadelphia Phillies,away,,,,,,,,,,,,,,1.2,5,2,4,1,0,1,,43,1,0.4,10.799999999999999
2026-03-29,b69f25b6-59ec-5b1d-8526-f51ab6f67b3f,Cole Winn,4104cc07-5e4a-58a3-9b5f-e374581c9e62,P,True,False,Texas Rangers,Philadelphia Phillies,away,,,,,,,,,,,,,,0.2,2,0,0,0,0,0,,11,0,0.0,0.0
2026-03-29,b69f25b6-59ec-5b1d-8526-f51ab6f67b3f,Chris Martin,ea587fcb-6ef3-5160-bb1c-eab899cc407f,P,True,False,Texas Rangers,Philadelphia Phillies,away,,,,,,,,,,,,,,0.1,1,0,0,0,0,0,,3,0,0.0,0.0
2026-03-29,68a77d42-2dfe-5fc8-97b0-7fae3021d9cc,Tommy Nance,e74d4474-8c98-5fef-8972-71eef86e19f6,P,True,False,Toronto Blue Jays,Athletics,home,,,,,,,,,,,,,,0.2,2,1,0,1,0,0,,9,0,0.5,13.5
2026-03-29,68a77d42-2dfe-5fc8-97b0-7fae3021d9cc,Ernie Clement,988f69d3-1ea5-5410-b27c-6ff47e783156,2B,False,True,Toronto Blue Jays,Athletics,home,0,0,0,0,3,0,0,1,0,0,0,0,0,,,,,,,,,,,,
2026-03-29,68a77d42-2dfe-5fc8-97b0-7fae3021d9cc,Daulton Varsho,c87cf210-4b8f-50d7-bfd9-fa6cf7616329,CF,False,True,Toronto Blue Jays,Athletics,home,0,0,0,0,3,0,0,1,0,0,0,0,0,,,,,,,,,,,,
2026-03-29,68a77d42-2dfe-5fc8-97b0-7fae3021d9cc,Andrés Giménez,0fa89082-0ded-58c2-8fab-9feb8319955a,SS,False,True,Toronto Blue Jays,Athletics,home,0,0,0,0,3,0,0,1,0,0,0,0,0,,,,,,,,,,,,
2026-03-29,68a77d42-2dfe-5fc8-97b0-7fae3021d9cc,Eric Lauer,9a6dc57b-e8a4-50e0-a1b7-c2664754a3ee,P,True,True,Toronto Blue Jays,Athletics,home,,,,,,,,,,,,,,5.1,16,9,1,3,1,2,,87,2,0.5625,15.1875
2026-03-29,68a77d42-2dfe-5fc8-97b0-7fae3021d9cc,Jeff Hoffman,8a30ae2b-cedf-55fd-9f14-4f21591af7ee,P,True,False,Toronto Blue Jays,Athletics,home,,,,,,,,,,,,,,1,3,2,0,1,0,0,,10,0,0.6666666666666666,18.0
2026-03-29,68a77d42-2dfe-5fc8-97b0-7fae3021d9cc,Addison Barger,acbb27ca-7bd0-5f3b-8d74-1400045fb79c,RF,False,True,Toronto Blue Jays,Athletics,home,0,0,0,0,4,0,1,2,0,0,1,1,0,,,,,,,,,,,,
2026-03-29,68a77d42-2dfe-5fc8-97b0-7fae3021d9cc,George Springer,b12c925d-b511-5331-a994-839ab4c086ad,DH,False,False,Toronto Blue Jays,Athletics,home,0,0,0,1,4,1,0,1,0,1,1,3,4,,,,,,,,,,,,
2026-03-29,68a77d42-2dfe-5fc8-97b0-7fae3021d9cc,Mason Fluharty,355806ec-5636-5f28-a2f9-8f47f66f8c1b,P,True,False,Toronto Blue Jays,Athletics,home,,,,,,,,,,,,,,0.1,1,1,0,0,0,0,,5,0,1.0,27.0
2026-03-29,68a77d42-2dfe-5fc8-97b0-7fae3021d9cc,Braydon Fisher,b15b9955-da2a-5033-9ac6-6dc1d732925d,P,True,False,Toronto Blue Jays,Athletics,home,,,,,,,,,,,,,,1.2,5,2,0,0,0,0,,22,0,0.4,10.799999999999999
2026-03-29,68a77d42-2dfe-5fc8-97b0-7fae3021d9cc,Tyler Heineman,6685aac3-5a12-5745-963c-5c43af83f729,C,False,True,Toronto Blue Jays,Athletics,home,1,0,0,0,3,1,1,0,0,2,0,3,1,,,,,,,,,,,,
2026-03-29,68a77d42-2dfe-5fc8-97b0-7fae3021d9cc,Vladimir Guerrero Jr.,c652a6fb-0803-556b-a03b-9fed12cedf9b,1B,False,True,Toronto Blue Jays,Athletics,home,2,0,0,0,4,2,0,0,0,0,0,2,2,,,,,,,,,,,,
2026-03-29,68a77d42-2dfe-5fc8-97b0-7fae3021d9cc,Jesús Sánchez,62480674-d120-5cd2-bdd3-05c3cbecd240,LF,False,True,Toronto Blue Jays,Athletics,home,0,0,0,1,4,1,1,0,0,1,2,4,4,,,,,,,,,,,,
2026-03-29,68a77d42-2dfe-5fc8-97b0-7fae3021d9cc,Myles Straw,51c4113b-ff8e-5728-b588-d6a0be2f776a,LF,False,False,Toronto Blue Jays,Athletics,home,0,0,0,0,0,0,0,0,0,0,0,0,0,,,,,,,,,,,,
2026-03-29,68a77d42-2dfe-5fc8-97b0-7fae3021d9cc,Kazuma Okamoto,d79d11dd-a762-5962-aed1-9e87c656e5fc,3B,False,True,Toronto Blue Jays,Athletics,home,0,0,0,1,4,1,0,1,0,1,1,3,4,,,,,,,,,,,,
2026-03-29,68a77d42-2dfe-5fc8-97b0-7fae3021d9cc,Lawrence Butler,84b3c88a-5eef-5848-9e2c-a9f0eabd6386,CF,False,False,Athletics,Toronto Blue Jays,away,0,0,0,0,1,0,0,0,0,0,0,0,0,,,,,,,,,,,,
2026-03-29,68a77d42-2dfe-5fc8-97b0-7fae3021d9cc,Brent Rooker,9d82601b-b14e-5a63-a224-362d63a93501,RF,False,True,Athletics,Toronto Blue Jays,away,0,0,0,0,4,0,0,2,0,0,0,0,0,,,,,,,,,,,,
2026-03-29,68a77d42-2dfe-5fc8-97b0-7fae3021d9cc,J.T. Ginn,dcfff117-4b0a-5ad9-a832-65f434c1c594,P,True,False,Athletics,Toronto Blue Jays,away,0,0,0,0,0,0,0,0,0,0,0,0,0,3.2,11,2,1,1,0,0,,45,0,0.18181818181818182,4.909090909090909
2026-03-29,68a77d42-2dfe-5fc8-97b0-7fae3021d9cc,Jeff McNeil,3ef9318f-5a03-5a7f-8df9-f326e49cfb1e,PH,False,False,Athletics,Toronto Blue Jays,away,0,0,0,0,1,0,0,1,0,0,0,0,0,,,,,,,,,,,,
2026-03-29,68a77d42-2dfe-5fc8-97b0-7fae3021d9cc,Austin Wynns,550715f1-5f18-53e0-9794-23a5351cf404,C,False,True,Athletics,Toronto Blue Jays,away,0,0,0,0,2,0,0,0,0,0,0,0,0,,,,,,,,,,,,
2026-03-29,68a77d42-2dfe-5fc8-97b0-7fae3021d9cc,Max Muncy,499ef8b1-1d5e-5c2f-82bf-73bceec786a2,3B,False,True,Athletics,Toronto Blue Jays,away,0,0,0,1,4,1,0,1,0,1,2,4,4,,,,,,,,,,,,
2026-03-29,68a77d42-2dfe-5fc8-97b0-7fae3021d9cc,Denzel Clarke,55034696-f1db-58f8-9342-c21b5cfe6dc1,CF,False,True,Athletics,Toronto Blue Jays,away,0,0,0,0,2,0,0,2,0,0,0,0,0,,,,,,,,,,,,
2026-03-29,68a77d42-2dfe-5fc8-97b0-7fae3021d9cc,Tyler Soderstrom,1a12af09-5e6b-518c-9285-c9f3e9156573,LF,False,True,Athletics,Toronto Blue Jays,away,0,0,0,0,4,0,0,2,0,0,0,0,0,,,,,,,,,,,,
2026-03-29,68a77d42-2dfe-5fc8-97b0-7fae3021d9cc,Darell Hernaiz,5d2fcaf4-b36e-566e-b677-c7bd72404047,2B,False,True,Athletics,Toronto Blue Jays,away,0,0,0,0,3,0,0,2,0,0,0,0,0,,,,,,,,,,,,
2026-03-29,68a77d42-2dfe-5fc8-97b0-7fae3021d9cc,Nick Kurtz,0ee3ade6-1739-552d-b4eb-8eb38b8ba6a0,1B,False,True,Athletics,Toronto Blue Jays,away,1,0,0,0,4,1,1,2,0,0,0,1,1,,,,,,,,,,,,
2026-03-29,68a77d42-2dfe-5fc8-97b0-7fae3021d9cc,Shea Langeliers,3de34bb4-e20b-541b-ba54-b22612a81656,C,False,False,Athletics,Toronto Blue Jays,away,1,0,0,0,4,1,0,2,0,0,0,1,1,,,,,,,,,,,,
2026-03-29,68a77d42-2dfe-5fc8-97b0-7fae3021d9cc,Luis Morales,14a2884d-1831-5490-998b-74f19caeec93,P,True,True,Athletics,Toronto Blue Jays,away,,,,,,,,,,,,,,4.1,13,5,2,5,3,5,,71,5,0.38461538461538464,10.384615384615385
2026-03-29,68a77d42-2dfe-5fc8-97b0-7fae3021d9cc,Jacob Wilson,bbc991c4-1055-56ae-af55-57b957f437a3,SS,False,True,Athletics,Toronto Blue Jays,away,1,1,0,0,4,2,0,1,0,1,0,3,3,,,,,,,,,,,,
2026-03-29,cd49da0c-90eb-5c91-8e43-ca47390c8e36,Elly De La Cruz,7fd536ef-9553-5c83-9d6b-4584793b4a26,SS,False,True,Cincinnati Reds,Boston Red Sox,home,0,0,0,0,4,0,0,3,0,0,0,0,0,,,,,,,,,,,,
2026-03-29,cd49da0c-90eb-5c91-8e43-ca47390c8e36,Dane Myers,4afd868e-eb1d-5af8-bff0-99ce9b1bf670,CF,False,True,Cincinnati Reds,Boston Red Sox,home,1,0,0,0,3,1,0,0,0,0,0,1,1,,,,,,,,,,,,
2026-03-29,cd49da0c-90eb-5c91-8e43-ca47390c8e36,Sal Stewart,87ada644-a3be-5013-bfc9-a696f4bfb4ee,DH,False,False,Cincinnati Reds,Boston Red Sox,home,1,1,0,0,4,2,2,0,0,1,0,3,3,,,,,,,,,,,,
2026-03-29,cd49da0c-90eb-5c91-8e43-ca47390c8e36,Pierce Johnson,aa72972c-95f9-58b9-b589-36f13f6e6dc6,P,True,False,Cincinnati Reds,Boston Red Sox,home,,,,,,,,,,,,,,0.2,2,0,0,1,0,0,,13,0,0.0,0.0
2026-03-29,cd49da0c-90eb-5c91-8e43-ca47390c8e36,Emilio Pagán,0a6a074b-e2af-563b-b13e-42cc1819afec,P,True,False,Cincinnati Reds,Boston Red Sox,home,,,,,,,,,,,,,,1,3,0,1,1,0,0,,12,0,0.0,0.0
2026-03-29,cd49da0c-90eb-5c91-8e43-ca47390c8e36,Noelvi Marte,b4539c2e-2482-5e59-a810-3b07072fa874,RF,False,True,Cincinnati Reds,Boston Red Sox,home,0,0,0,0,3,0,0,1,0,0,0,0,0,,,,,,,,,,,,
2026-03-29,cd49da0c-90eb-5c91-8e43-ca47390c8e36,Tony Santillan,25ef2f7a-b7fa-5b8e-a059-f3fa3b9d4117,P,True,False,Cincinnati Reds,Boston Red Sox,home,,,,,,,,,,,,,,1,3,2,2,1,0,0,,27,0,0.6666666666666666,18.0
2026-03-29,cd49da0c-90eb-5c91-8e43-ca47390c8e36,Matt McLain,f7624c99-f5cf-56e9-8b5d-cdc4402e8af7,2B,False,True,Cincinnati Reds,Boston Red Sox,home,1,0,0,0,4,1,1,1,0,1,0,2,1,,,,,,,,,,,,
2026-03-29,cd49da0c-90eb-5c91-8e43-ca47390c8e36,Ke'Bryan Hayes,5ac4617a-322b-54c3-97a6-21a85177db00,3B,False,False,Cincinnati Reds,Boston Red Sox,home,0,0,0,0,0,0,0,0,0,0,0,0,0,,,,,,,,,,,,
2026-03-29,cd49da0c-90eb-5c91-8e43-ca47390c8e36,TJ Friedl,0a711a2b-282c-5649-94b9-8b048f484f0b,LF,False,True,Cincinnati Reds,Boston Red Sox,home,1,0,0,0,4,1,0,1,0,0,0,1,1,,,,,,,,,,,,
2026-03-29,cd49da0c-90eb-5c91-8e43-ca47390c8e36,Rhett Lowder,d53429f2-020a-50a4-8418-dadf0e2b81f5,P,True,True,Cincinnati Reds,Boston Red Sox,home,,,,,,,,,,,,,,5,15,5,2,3,1,2,,86,2,0.3333333333333333,9.0
2026-03-29,cd49da0c-90eb-5c91-8e43-ca47390c8e36,Spencer Steer,2e1a3d24-542e-5cd2-b6ac-11416bb79c96,1B,False,True,Cincinnati Reds,Boston Red Sox,home,1,0,0,0,4,1,0,1,0,0,0,1,1,,,,,,,,,,,,
2026-03-29,cd49da0c-90eb-5c91-8e43-ca47390c8e36,Tyler Stephenson,84ffb64d-831d-5b54-bb2d-dbc37cb5cb5c,C,False,True,Cincinnati Reds,Boston Red Sox,home,0,0,0,0,3,0,0,1,0,0,0,0,0,,,,,,,,,,,,
2026-03-29,cd49da0c-90eb-5c91-8e43-ca47390c8e36,Eugenio Suárez,09da9ec7-2b7c-5ea9-b2f8-9cdd0fdb7f8b,3B,False,True,Cincinnati Reds,Boston Red Sox,home,0,0,0,1,4,1,1,1,0,1,3,5,4,,,,,,,,,,,,
2026-03-29,cd49da0c-90eb-5c91-8e43-ca47390c8e36,Brock Burke,b138f008-4777-5189-a7cc-178fb793ea9d,P,True,False,Cincinnati Reds,Boston Red Sox,home,,,,,,,,,,,,,,1.1,4,0,1,1,0,0,,27,0,0.0,0.0
2026-03-29,cd49da0c-90eb-5c91-8e43-ca47390c8e36,Roman Anthony,c29e1084-a051-5de5-86f7-09b1a3bd64af,DH,False,False,Boston Red Sox,Cincinnati Reds,away,0,0,0,0,5,0,1,2,0,0,0,0,0,,,,,,,,,,,,
2026-03-29,cd49da0c-90eb-5c91-8e43-ca47390c8e36,Willson Contreras,34477b91-95c5-5159-8fc0-73e01ae1d6d9,1B,False,True,Boston Red Sox,Cincinnati Reds,away,1,0,0,0,4,1,1,0,0,1,0,2,1,,,,,,,,,,,,
2026-03-29,cd49da0c-90eb-5c91-8e43-ca47390c8e36,Connelly Early,6da5ee47-e7f0-58a1-bdd0-529184d0516e,P,True,True,Boston Red Sox,Cincinnati Reds,away,,,,,,,,,,,,,,5.1,16,6,2,5,0,1,,96,1,0.375,10.125
2026-03-29,cd49da0c-90eb-5c91-8e43-ca47390c8e36,Greg Weissert,faea39b8-a624-5a6f-8b3d-3d1b4a74906a,P,True,False,Boston Red Sox,Cincinnati Reds,away,,,,,,,,,,,,,,0.2,2,1,1,1,1,2,,15,2,0.5,13.5
2026-03-29,cd49da0c-90eb-5c91-8e43-ca47390c8e36,Connor Wong,9e2dbb5f-e618-5fca-8203-a8f6b0d73260,C,False,True,Boston Red Sox,Cincinnati Reds,away,1,1,0,0,3,2,0,0,0,0,0,2,3,,,,,,,,,,,,
2026-03-29,cd49da0c-90eb-5c91-8e43-ca47390c8e36,Trevor Story,cd09b8ad-73fb-5669-8db1-98c5b8a8164a,SS,False,True,Boston Red Sox,Cincinnati Reds,away,0,0,0,0,5,0,0,2,0,0,0,0,0,,,,,,,,,,,,
2026-03-29,cd49da0c-90eb-5c91-8e43-ca47390c8e36,Wilyer Abreu,e89e04e9-6e91-5ee7-ae12-04853566c53f,RF,False,True,Boston Red Sox,Cincinnati Reds,away,1,1,0,1,4,3,0,0,0,1,2,6,7,,,,,,,,,,,,
2026-03-29,cd49da0c-90eb-5c91-8e43-ca47390c8e36,Andruw Monasterio,47cb14eb-4fd3-52f4-b557-bb0feea1ebba,2B,False,False,Boston Red Sox,Cincinnati Reds,away,0,1,0,0,2,1,0,0,0,0,0,1,2,,,,,,,,,,,,
2026-03-29,cd49da0c-90eb-5c91-8e43-ca47390c8e36,Caleb Durbin,bd9f542f-cb6e-5ce8-b85a-8ff891d266f7,3B,False,True,Boston Red Sox,Cincinnati Reds,away,0,0,0,0,4,0,0,2,0,0,0,0,0,,,,,,,,,,,,
2026-03-29,cd49da0c-90eb-5c91-8e43-ca47390c8e36,Jarren Duran,3ac99586-15b6-50c1-816f-075959ebead2,CF,False,True,Boston Red Sox,Cincinnati Reds,away,0,0,0,0,4,0,2,0,0,0,0,0,0,,,,,,,,,,,,
2026-03-29,cd49da0c-90eb-5c91-8e43-ca47390c8e36,Ceddanne Rafaela,15788154-f587-5625-bece-d4a10d870640,PH,False,False,Boston Red Sox,Cincinnati Reds,away,0,0,0,0,1,0,0,0,0,0,0,0,0,,,,,,,,,,,,
2026-03-29,cd49da0c-90eb-5c91-8e43-ca47390c8e36,Jovani Morán,18eadc63-34da-5829-821b-4d45ee385228,P,True,False,Boston Red Sox,Cincinnati Reds,away,,,,,,,,,,,,,,2,6,2,1,1,0,0,,25,0,0.3333333333333333,9.0
2026-03-29,cd49da0c-90eb-5c91-8e43-ca47390c8e36,Masataka Yoshida,ba7252d5-bd01-5d4a-afe2-2252480e2987,LF,False,True,Boston Red Sox,Cincinnati Reds,away,0,0,0,0,4,0,2,0,0,0,0,0,0,,,,,,,,,,,,
2026-03-29,cd49da0c-90eb-5c91-8e43-ca47390c8e36,Marcelo Mayer,143aaf24-c832-5e23-b59f-4934230805d1,2B,False,True,Boston Red Sox,Cincinnati Reds,away,0,0,0,0,2,0,0,1,0,0,0,0,0,,,,,,,,,,,,
2026-03-29,a2e1179b-93ad-559f-b24d-e12efedb12e3,Griffin Conine,e3341070-8797-525f-ac18-fe883727cad8,1B,False,False,Miami Marlins,Colorado Rockies,home,0,0,0,0,0,0,0,0,0,0,0,0,0,,,,,,,,,,,,
2026-03-29,a2e1179b-93ad-559f-b24d-e12efedb12e3,Heriberto Hernández,4be49799-348b-535b-b44d-1a42d82eb903,LF,False,True,Miami Marlins,Colorado Rockies,home,0,0,0,0,4,0,1,1,0,0,0,0,0,,,,,,,,,,,,
2026-03-29,a2e1179b-93ad-559f-b24d-e12efedb12e3,Tyler Phillips,b11afcdd-5693-584c-8ec5-8c24f73115a7,P,True,False,Miami Marlins,Colorado Rockies,home,,,,,,,,,,,,,,2,6,2,0,1,0,0,,22,0,0.3333333333333333,9.0
2026-03-29,a2e1179b-93ad-559f-b24d-e12efedb12e3,Jakob Marsee,0af43782-4c0c-52a9-94e2-9d9a6da68ce7,CF,False,True,Miami Marlins,Colorado Rockies,home,0,0,0,0,4,0,1,2,0,1,0,1,0,,,,,,,,,,,,
2026-03-29,a2e1179b-93ad-559f-b24d-e12efedb12e3,Max Meyer,89e710c5-ecca-5164-8270-8ab9d0d6cc1a,P,True,True,Miami Marlins,Colorado Rockies,home,,,,,,,,,,,,,,5,15,5,2,5,0,3,,81,3,0.3333333333333333,9.0
2026-03-29,a2e1179b-93ad-559f-b24d-e12efedb12e3,John King,1e82ccc2-5545-5f6f-bbf4-4331954cd078,P,True,False,Miami Marlins,Colorado Rockies,home,,,,,,,,,,,,,,1,3,2,0,0,0,0,,14,0,0.6666666666666666,18.0
2026-03-29,a2e1179b-93ad-559f-b24d-e12efedb12e3,Javier Sanoja,acccf65d-36f3-5f61-99bf-e798a2a4f76d,3B,False,True,Miami Marlins,Colorado Rockies,home,1,1,0,0,4,2,0,1,0,1,0,3,3,,,,,,,,,,,,
2026-03-29,a2e1179b-93ad-559f-b24d-e12efedb12e3,Deyvison De Los Santos,c452c819-fa05-5178-a48f-b722c5212fe8,1B,False,True,Miami Marlins,Colorado Rockies,home,0,1,0,0,2,1,0,0,0,0,0,1,2,,,,,,,,,,,,
2026-03-29,a2e1179b-93ad-559f-b24d-e12efedb12e3,Xavier Edwards,c495c968-61ae-5861-89a0-df7170538ff7,2B,False,True,Miami Marlins,Colorado Rockies,home,2,0,0,0,4,2,0,1,1,1,0,3,2,,,,,,,,,,,,
2026-03-29,a2e1179b-93ad-559f-b24d-e12efedb12e3,Michael Petersen,f955d93e-111b-59a6-963b-8112b68d110b,P,True,False,Miami Marlins,Colorado Rockies,home,,,,,,,,,,,,,,1,3,2,0,0,0,0,,11,0,0.6666666666666666,18.0
2026-03-29,a2e1179b-93ad-559f-b24d-e12efedb12e3,Liam Hicks,0d5739d9-0891-5f5a-b4f5-07b6afa2f305,C,False,False,Miami Marlins,Colorado Rockies,home,0,0,0,0,2,0,0,0,0,0,0,0,0,,,,,,,,,,,,
2026-03-29,a2e1179b-93ad-559f-b24d-e12efedb12e3,Owen Caissie,6ae28905-0bc7-52c6-ba9c-af2410655745,RF,False,False,Miami Marlins,Colorado Rockies,home,0,0,0,1,2,1,0,0,0,1,2,4,4,,,,,,,,,,,,
2026-03-29,a2e1179b-93ad-559f-b24d-e12efedb12e3,Agustín Ramírez,c2ec4144-0214-50b3-8140-01ede6f247c1,C,False,True,Miami Marlins,Colorado Rockies,home,0,0,0,0,4,0,2,1,0,0,0,0,0,,,,,,,,,,,,
2026-03-29,a2e1179b-93ad-559f-b24d-e12efedb12e3,Connor Norby,5ca1b2d6-2131-5835-989f-db6fc411a6b8,DH,False,False,Miami Marlins,Colorado Rockies,home,0,0,0,0,4,0,1,1,0,0,0,0,0,,,,,,,,,,,,
2026-03-29,a2e1179b-93ad-559f-b24d-e12efedb12e3,Austin Slater,c3be49f3-e4ef-52f8-b306-784ed1be703e,RF,False,True,Miami Marlins,Colorado Rockies,home,0,0,0,0,3,0,0,1,0,0,1,1,0,,,,,,,,,,,,
2026-03-29,a2e1179b-93ad-559f-b24d-e12efedb12e3,Otto Lopez,5fd2366a-e489-58b4-8ad3-0c6eaaff57c9,SS,False,True,Miami Marlins,Colorado Rockies,home,1,1,0,0,4,2,0,0,0,0,1,3,3,,,,,,,,,,,,
2026-03-29,a2e1179b-93ad-559f-b24d-e12efedb12e3,Victor Vodnik,9d3b8237-01e9-52c9-8011-f6e13c5f548d,P,True,False,Colorado Rockies,Miami Marlins,away,,,,,,,,,,,,,,1,3,1,0,3,1,2,,11,2,0.3333333333333333,9.0
2026-03-29,a2e1179b-93ad-559f-b24d-e12efedb12e3,Jimmy Herget,af57bba4-faef-5755-b526-5734d3736690,P,True,False,Colorado Rockies,Miami Marlins,away,,,,,,,,,,,,,,0.2,2,2,0,0,0,0,,8,0,1.0,27.0
2026-03-29,a2e1179b-93ad-559f-b24d-e12efedb12e3,Jake McCarthy,6997ae3d-a342-5d04-a267-91d371938d45,LF,False,True,Colorado Rockies,Miami Marlins,away,0,0,0,0,5,0,0,2,1,0,0,0,0,,,,,,,,,,,,
2026-03-29,a2e1179b-93ad-559f-b24d-e12efedb12e3,Troy Johnston,09dd2789-8b43-5f74-a5fd-89e6f73d1d86,1B,False,False,Colorado Rockies,Miami Marlins,away,0,0,0,0,1,0,0,1,0,0,0,0,0,,,,,,,,,,,,
2026-03-29,a2e1179b-93ad-559f-b24d-e12efedb12e3,Braxton Fulford,b59a8154-324c-5982-abd7-0653bdad225f,C,False,False,Colorado Rockies,Miami Marlins,away,0,0,0,0,1,0,0,1,0,0,0,0,0,,,,,,,,,,,,
2026-03-29,a2e1179b-93ad-559f-b24d-e12efedb12e3,Jose Quintana,c4e0275d-2ed1-56ca-a97f-85510f760bde,P,True,True,Colorado Rockies,Miami Marlins,away,,,,,,,,,,,,,,4.1,13,2,4,4,0,2,,78,2,0.15384615384615385,4.153846153846154
2026-03-29,a2e1179b-93ad-559f-b24d-e12efedb12e3,Willi Castro,1f049a5e-1a31-56fd-813c-95bc75d37525,2B,False,True,Colorado Rockies,Miami Marlins,away,0,1,0,0,4,1,1,0,0,1,0,2,2,,,,,,,,,,,,
2026-03-29,a2e1179b-93ad-559f-b24d-e12efedb12e3,Ryan Ritter,a5ac4133-e9c5-51c2-8d69-e70b0625b1ed,2B,False,False,Colorado Rockies,Miami Marlins,away,0,0,0,0,0,0,0,0,0,0,0,0,0,,,,,,,,,,,,
2026-03-29,a2e1179b-93ad-559f-b24d-e12efedb12e3,Hunter Goodman,6144567b-eae1-58fa-9b5d-d2351f51c9e5,DH,False,False,Colorado Rockies,Miami Marlins,away,1,0,0,0,4,1,0,1,0,1,0,2,1,,,,,,,,,,,,
2026-03-29,a2e1179b-93ad-559f-b24d-e12efedb12e3,Jordan Beck,04d7ca3f-26de-5185-b982-e8a46a8c16e5,RF,False,True,Colorado Rockies,Miami Marlins,away,0,1,0,0,4,1,0,2,0,0,3,4,2,,,,,,,,,,,,
2026-03-29,a2e1179b-93ad-559f-b24d-e12efedb12e3,Brett Sullivan,472c8c37-5a62-5577-b307-c676e02d7f52,C,False,True,Colorado Rockies,Miami Marlins,away,0,0,0,0,3,0,0,0,0,0,0,0,0,,,,,,,,,,,,
2026-03-29,a2e1179b-93ad-559f-b24d-e12efedb12e3,Brenton Doyle,35509183-6eb7-5366-8a93-d9e7405d24ff,CF,False,True,Colorado Rockies,Miami Marlins,away,0,0,0,0,4,0,0,0,0,0,0,0,0,,,,,,,,,,,,
2026-03-29,a2e1179b-93ad-559f-b24d-e12efedb12e3,Ezequiel Tovar,973d0ea7-2ba4-58b5-95ce-ce6704416d1a,SS,False,True,Colorado Rockies,Miami Marlins,away,1,0,0,0,4,1,0,2,0,0,0,1,1,,,,,,,,,,,,
2026-03-29,a2e1179b-93ad-559f-b24d-e12efedb12e3,TJ Rumfield,8fbfa07a-ea2e-592e-9520-5bf531ada10d,1B,False,True,Colorado Rockies,Miami Marlins,away,0,0,0,0,3,0,1,2,0,1,0,1,0,,,,,,,,,,,,
2026-03-29,a2e1179b-93ad-559f-b24d-e12efedb12e3,Antonio Senzatela,3c0fea39-b7d5-5f50-bc9d-95c9478ca493,P,True,False,Colorado Rockies,Miami Marlins,away,,,,,,,,,,,,,,2.2,8,3,1,1,0,0,,43,0,0.375,10.125
2026-03-29,a2e1179b-93ad-559f-b24d-e12efedb12e3,Kyle Karros,5aeefc0d-9862-57c9-b58f-ab21c2ce4404,3B,False,True,Colorado Rockies,Miami Marlins,away,1,1,0,0,4,2,0,0,1,0,0,2,3,,,,,,,,,,,,
2026-03-29,a17c53c2-cbd8-53f2-84a7-186dd9413658,Luis Torrens,5e3e8f7f-e1be-5314-a232-9a77a9237e0e,C,False,True,New York Mets,Pittsburgh Pirates,home,1,0,0,0,3,1,0,1,0,0,0,1,1,,,,,,,,,,,,
2026-03-29,a17c53c2-cbd8-53f2-84a7-186dd9413658,Bo Bichette,33496f7a-3b83-59ef-b119-01d0d2437f28,3B,False,True,New York Mets,Pittsburgh Pirates,home,0,0,0,0,5,0,0,3,0,0,0,0,0,,,,,,,,,,,,
2026-03-29,a17c53c2-cbd8-53f2-84a7-186dd9413658,Francisco Alvarez,f87397a4-f111-5de9-bdd5-ccb027f66a9c,C,False,False,New York Mets,Pittsburgh Pirates,home,0,0,0,0,0,0,0,0,0,1,0,1,0,,,,,,,,,,,,
2026-03-29,a17c53c2-cbd8-53f2-84a7-186dd9413658,Sean Manaea,3767ce45-7072-57bd-93ad-bab621dbb442,P,True,False,New York Mets,Pittsburgh Pirates,home,,,,,,,,,,,,,,1.1,4,2,2,1,0,0,,29,0,0.5,13.5
2026-03-29,a17c53c2-cbd8-53f2-84a7-186dd9413658,Brett Baty,aa321d05-4b90-5b2d-823f-5fe77a11ec6c,1B,False,True,New York Mets,Pittsburgh Pirates,home,2,0,0,0,4,2,0,2,0,0,0,2,2,,,,,,,,,,,,
2026-03-29,a17c53c2-cbd8-53f2-84a7-186dd9413658,Huascar Brazobán,5dd5dec5-24b4-580c-bba6-fefb17c0dfd7,P,True,False,New York Mets,Pittsburgh Pirates,home,,,,,,,,,,,,,,1.2,5,0,0,0,0,0,,14,0,0.0,0.0
2026-03-29,a17c53c2-cbd8-53f2-84a7-186dd9413658,Richard Lovelady,382fd23a-b370-5cf8-b5a6-a3735cacac73,P,True,False,New York Mets,Pittsburgh Pirates,home,,,,,,,,,,,,,,1,3,1,2,2,0,1,,26,2,0.3333333333333333,9.0
2026-03-29,a17c53c2-cbd8-53f2-84a7-186dd9413658,Luke Weaver,e3e9cf69-f591-52dc-96f0-b9c349cc8846,P,True,False,New York Mets,Pittsburgh Pirates,home,,,,,,,,,,,,,,1,3,1,2,0,0,0,,22,0,0.3333333333333333,9.0
2026-03-29,a17c53c2-cbd8-53f2-84a7-186dd9413658,Carson Benge,631e3061-0f1e-5f0c-b1d3-ebbdfd16f053,RF,False,True,New York Mets,Pittsburgh Pirates,home,0,0,0,0,4,0,0,1,0,0,0,0,0,,,,,,,,,,,,
2026-03-29,a17c53c2-cbd8-53f2-84a7-186dd9413658,Marcus Semien,ea54830a-4412-565e-8199-20eca49f0dd0,2B,False,True,New York Mets,Pittsburgh Pirates,home,0,0,0,0,4,0,0,1,0,0,1,1,0,,,,,,,,,,,,
2026-03-29,a17c53c2-cbd8-53f2-84a7-186dd9413658,Francisco Lindor,027d2171-f1d0-509a-ba45-6add806d11b3,SS,False,True,New York Mets,Pittsburgh Pirates,home,1,0,1,0,5,2,1,2,0,1,0,3,4,,,,,,,,,,,,
2026-03-29,a17c53c2-cbd8-53f2-84a7-186dd9413658,Juan Soto,c49ab650-1d5f-5066-83e1-ff734f609942,LF,False,True,New York Mets,Pittsburgh Pirates,home,1,1,0,0,5,2,0,3,0,0,2,4,3,,,,,,,,,,,,
2026-03-29,a17c53c2-cbd8-53f2-84a7-186dd9413658,Jorge Polanco,ba2c9110-367c-5ea1-afd1-bbfc264fde7c,DH,False,False,New York Mets,Pittsburgh Pirates,home,0,0,0,0,5,0,0,1,0,0,0,0,0,,,,,,,,,,,,
2026-03-29,a17c53c2-cbd8-53f2-84a7-186dd9413658,Nolan McLean,2f923d4e-b5b8-568a-b124-105925a30d88,P,True,True,New York Mets,Pittsburgh Pirates,home,,,,,,,,,,,,,,5,15,8,2,4,1,2,,84,2,0.5333333333333333,14.4
2026-03-29,a17c53c2-cbd8-53f2-84a7-186dd9413658,Luis Robert Jr.,05a8b0c4-5ecd-5186-a573-bcc4d6072f9b,CF,False,True,New York Mets,Pittsburgh Pirates,home,2,0,0,0,4,2,1,1,0,1,0,3,2,,,,,,,,,,,,
2026-03-29,a17c53c2-cbd8-53f2-84a7-186dd9413658,Jared Young,ce1f44d6-8333-5027-9abb-99714bc858e7,PH,False,False,New York Mets,Pittsburgh Pirates,home,0,0,0,0,1,0,0,1,0,0,0,0,0,,,,,,,,,,,,
2026-03-29,a17c53c2-cbd8-53f2-84a7-186dd9413658,Nick Yorke,1ec28c26-6eac-5cd2-a2ff-00200609c539,RF,False,False,Pittsburgh Pirates,New York Mets,away,0,0,0,0,2,0,2,0,0,0,0,0,0,,,,,,,,,,,,
2026-03-29,a17c53c2-cbd8-53f2-84a7-186dd9413658,Spencer Horwitz,d94f34aa-a84a-53a8-b552-cc31e58a6ff4,1B,False,True,Pittsburgh Pirates,New York Mets,away,0,0,0,0,3,0,0,1,0,0,0,0,0,,,,,,,,,,,,
2026-03-29,a17c53c2-cbd8-53f2-84a7-186dd9413658,Brandon Lowe,01a36894-6133-59b2-8a70-8948f1acd43b,2B,False,True,Pittsburgh Pirates,New York Mets,away,0,1,0,1,5,2,2,0,0,1,1,4,6,,,,,,,,,,,,
2026-03-29,a17c53c2-cbd8-53f2-84a7-186dd9413658,Bryan Reynolds,141b2899-de5b-5dc9-b9f4-e519b8211bb2,DH,False,False,Pittsburgh Pirates,New York Mets,away,0,0,0,0,5,0,0,3,0,1,0,1,0,,,,,,,,,,,,
2026-03-29,a17c53c2-cbd8-53f2-84a7-186dd9413658,Oneil Cruz,508aae39-e756-5c0b-aceb-61dcb5848fe3,CF,False,True,Pittsburgh Pirates,New York Mets,away,1,0,0,0,5,1,1,2,0,1,0,2,1,,,,,,,,,,,,
2026-03-29,a17c53c2-cbd8-53f2-84a7-186dd9413658,Mason Montgomery,bf255648-f3aa-5cc8-887d-d43df9b2d453,P,True,False,Pittsburgh Pirates,New York Mets,away,,,,,,,,,,,,,,1,3,3,0,2,0,0,,20,0,1.0,27.0
2026-03-29,a17c53c2-cbd8-53f2-84a7-186dd9413658,Jared Triolo,b3830745-d362-5cb9-9a24-395ac01a9fa6,SS,False,True,Pittsburgh Pirates,New York Mets,away,0,0,0,0,5,0,1,0,0,0,0,0,0,,,,,,,,,,,,
2026-03-29,a17c53c2-cbd8-53f2-84a7-186dd9413658,Jake Mangum,28a2c33a-c9b3-5e75-a2ba-70873536bb5e,LF,False,True,Pittsburgh Pirates,New York Mets,away,0,0,0,0,5,0,0,3,0,0,0,0,0,,,,,,,,,,,,
2026-03-29,a17c53c2-cbd8-53f2-84a7-186dd9413658,Yohan Ramírez,e44b5811-3bad-5c98-8894-3a41b359705c,P,True,False,Pittsburgh Pirates,New York Mets,away,,,,,,,,,,,,,,1.2,5,2,1,0,0,0,,22,0,0.4,10.799999999999999
2026-03-29,a17c53c2-cbd8-53f2-84a7-186dd9413658,Isaac Mattson,8e8ee4ae-fa01-5f8d-a428-70b224343805,P,True,False,Pittsburgh Pirates,New York Mets,away,,,,,,,,,,,,,,1,3,2,0,0,0,0,,13,0,0.6666666666666666,18.0
2026-03-29,a17c53c2-cbd8-53f2-84a7-186dd9413658,Billy Cook,5b749f94-01ec-5c92-96f9-666b6cb896c7,RF,False,False,Pittsburgh Pirates,New York Mets,away,0,0,0,0,0,0,0,0,0,1,0,1,0,,,,,,,,,,,,
2026-03-29,a17c53c2-cbd8-53f2-84a7-186dd9413658,Carmen Mlodzinski,2c7b38a0-9a9c-59f7-9bde-18b91912df7f,P,True,True,Pittsburgh Pirates,New York Mets,away,,,,,,,,,,,,,,4.1,13,8,0,6,0,2,,85,2,0.6153846153846154,16.615384615384617
2026-03-29,a17c53c2-cbd8-53f2-84a7-186dd9413658,Dennis Santana,e472520d-2660-5d3d-bc45-5ed27573556d,P,True,False,Pittsburgh Pirates,New York Mets,away,,,,,,,,,,,,,,1,3,1,0,0,0,0,,13,0,0.3333333333333333,9.0
2026-03-29,a17c53c2-cbd8-53f2-84a7-186dd9413658,Henry Davis,0f944710-fb93-58f9-bdbf-2ecc18548deb,C,False,True,Pittsburgh Pirates,New York Mets,away,1,0,0,0,5,1,1,0,0,0,1,2,1,,,,,,,,,,,,
2026-03-29,a17c53c2-cbd8-53f2-84a7-186dd9413658,José Urquidy,cdae4ce4-252e-5a1b-9ea1-670b17e7cc71,P,True,False,Pittsburgh Pirates,New York Mets,away,,,,,,,,,,,,,,1,3,0,1,1,0,0,,11,1,0.0,0.0
2026-03-29,a17c53c2-cbd8-53f2-84a7-186dd9413658,Ryan O'Hearn,bffaa283-7254-53ef-91d3-5520a44d1888,1B,False,True,Pittsburgh Pirates,New York Mets,away,3,0,0,0,5,3,0,2,0,0,2,5,3,,,,,,,,,,,,
2026-03-29,a17c53c2-cbd8-53f2-84a7-186dd9413658,Nick Gonzales,874ea46d-0569-5ecc-85e6-b448bfe30555,3B,False,True,Pittsburgh Pirates,New York Mets,away,0,0,0,0,5,0,1,1,0,0,0,0,0,,,,,,,,,,,,
2026-03-29,f7f424e1-3d2b-58fd-b156-6d90550c8e75,Luis Rengifo,34a19134-3072-5658-be7e-16d1c8533083,3B,False,True,Milwaukee Brewers,Chicago White Sox,home,1,0,0,0,5,1,1,0,0,1,2,4,1,,,,,,,,,,,,
2026-03-29,f7f424e1-3d2b-58fd-b156-6d90550c8e75,Joey Ortiz,ebc5a190-639c-5d2c-916f-f393fd5d2c1e,SS,False,True,Milwaukee Brewers,Chicago White Sox,home,1,0,0,0,5,1,1,3,0,1,0,2,1,,,,,,,,,,,,
2026-03-29,f7f424e1-3d2b-58fd-b156-6d90550c8e75,Christian Yelich,cdd2ad99-f99b-5497-9f00-d1e35f210d18,PH,False,False,Milwaukee Brewers,Chicago White Sox,home,0,0,0,1,1,1,0,0,0,1,3,5,4,,,,,,,,,,,,
2026-03-29,f7f424e1-3d2b-58fd-b156-6d90550c8e75,Jake Bauers,1edd13e9-ec6a-5f79-8552-5d5fc7103f60,1B,False,False,Milwaukee Brewers,Chicago White Sox,home,0,0,0,0,2,0,0,1,0,0,0,0,0,,,,,,,,,,,,
2026-03-29,f7f424e1-3d2b-58fd-b156-6d90550c8e75,Sal Frelick,fbeddaa0-1580-5140-bb70-6bb9ea57a062,RF,False,True,Milwaukee Brewers,Chicago White Sox,home,0,1,0,0,5,1,2,1,0,1,0,2,2,,,,,,,,,,,,
2026-03-29,f7f424e1-3d2b-58fd-b156-6d90550c8e75,Grant Anderson,3f3ea281-a8a6-568e-aec9-0bf46ea07edf,P,True,False,Milwaukee Brewers,Chicago White Sox,home,,,,,,,,,,,,,,2,6,3,1,1,0,0,,31,0,0.5,13.5
2026-03-29,f7f424e1-3d2b-58fd-b156-6d90550c8e75,Brandon Lockridge,508f1db4-170c-5cee-ad21-ceb0fed85917,LF,False,True,Milwaukee Brewers,Chicago White Sox,home,2,0,0,0,4,2,0,1,1,1,1,4,2,,,,,,,,,,,,
2026-03-29,f7f424e1-3d2b-58fd-b156-6d90550c8e75,Brandon Sproat,d06330f3-a0a2-5408-ab1d-8002569b81e8,P,True,True,Milwaukee Brewers,Chicago White Sox,home,,,,,,,,,,,,,,3,9,3,4,6,3,7,,86,7,0.3333333333333333,9.0
2026-03-29,f7f424e1-3d2b-58fd-b156-6d90550c8e75,Blake Perkins,02511963-abbe-57ce-8d51-ad04cd9689b7,CF,False,True,Milwaukee Brewers,Chicago White Sox,home,0,1,0,0,4,1,1,0,0,1,0,2,2,,,,,,,,,,,,
2026-03-29,f7f424e1-3d2b-58fd-b156-6d90550c8e75,Jake Woodford,019c0850-9365-5b72-8973-f02b736df705,P,True,False,Milwaukee Brewers,Chicago White Sox,home,,,,,,,,,,,,,,2,6,1,0,1,0,0,,22,0,0.16666666666666666,4.5
2026-03-29,f7f424e1-3d2b-58fd-b156-6d90550c8e75,William Contreras,3453e023-6f8f-5212-8105-189c90757865,C,False,False,Milwaukee Brewers,Chicago White Sox,home,0,1,0,0,5,1,1,2,0,1,0,2,2,,,,,,,,,,,,
2026-03-29,f7f424e1-3d2b-58fd-b156-6d90550c8e75,Brice Turang,8b7764c4-ff5a-5daf-9dc5-044259e0b377,2B,False,True,Milwaukee Brewers,Chicago White Sox,home,1,0,0,0,5,1,0,2,0,1,1,3,1,,,,,,,,,,,,
2026-03-29,f7f424e1-3d2b-58fd-b156-6d90550c8e75,Gary Sánchez,9122c697-55df-5827-bf89-d1705013c3f7,C,False,True,Milwaukee Brewers,Chicago White Sox,home,1,0,0,1,4,2,0,2,0,1,2,5,5,,,,,,,,,,,,
2026-03-29,f7f424e1-3d2b-58fd-b156-6d90550c8e75,Jared Koenig,b72ca3b0-6870-516f-9a1b-42a4f3f74b91,P,True,False,Milwaukee Brewers,Chicago White Sox,home,,,,,,,,,,,,,,1,3,3,0,0,0,0,,13,0,1.0,27.0
2026-03-29,f7f424e1-3d2b-58fd-b156-6d90550c8e75,Jeferson Quero,8eb9cec3-ae22-5472-9524-58ffb5ef6cd5,C,False,True,Milwaukee Brewers,Chicago White Sox,home,0,0,0,0,2,0,1,0,0,0,0,0,0,,,,,,,,,,,,
2026-03-29,f7f424e1-3d2b-58fd-b156-6d90550c8e75,Trevor Megill,6580e536-d23b-51c7-9a77-e4189bd19115,P,True,False,Milwaukee Brewers,Chicago White Sox,home,0,0,0,0,0,0,0,0,0,0,0,0,0,1,3,2,0,1,0,0,,15,0,0.6666666666666666,18.0
2026-03-29,f7f424e1-3d2b-58fd-b156-6d90550c8e75,Tristan Peters,574e45bf-8e75-5762-ba59-2684060d441c,CF,False,True,Chicago White Sox,Milwaukee Brewers,away,1,0,0,0,4,1,1,1,0,0,0,1,1,,,,,,,,,,,,
2026-03-29,f7f424e1-3d2b-58fd-b156-6d90550c8e75,Anthony Kay,6e7bbac2-aaaa-5fbc-bf7f-feb053be3e6f,P,True,True,Chicago White Sox,Milwaukee Brewers,away,,,,,,,,,,,,,,4.2,14,5,4,3,1,2,,92,2,0.35714285714285715,9.642857142857142
2026-03-29,f7f424e1-3d2b-58fd-b156-6d90550c8e75,Munetaka Murakami,5ef6bdd4-00f0-5b87-b02a-2ad78752c1aa,1B,False,True,Chicago White Sox,Milwaukee Brewers,away,0,0,0,1,5,1,1,3,0,2,1,4,4,,,,,,,,,,,,
2026-03-29,f7f424e1-3d2b-58fd-b156-6d90550c8e75,Chase Meidroth,b8e78229-a743-53a4-9be9-92e7b52d24ee,2B,False,True,Chicago White Sox,Milwaukee Brewers,away,0,0,0,0,5,0,1,2,0,1,0,1,0,,,,,,,,,,,,
2026-03-29,f7f424e1-3d2b-58fd-b156-6d90550c8e75,Grant Taylor,11686577-42f6-53e3-981a-46181cd1ba91,P,True,False,Chicago White Sox,Milwaukee Brewers,away,,,,,,,,,,,,,,1,3,3,1,1,0,0,,24,0,1.0,27.0
2026-03-29,f7f424e1-3d2b-58fd-b156-6d90550c8e75,Colson Montgomery,e16341a7-cdfb-58eb-93e1-88a182b5acbb,SS,False,True,Chicago White Sox,Milwaukee Brewers,away,1,0,0,1,4,2,1,0,0,1,5,8,5,,,,,,,,,,,,
2026-03-29,f7f424e1-3d2b-58fd-b156-6d90550c8e75,Austin Hays,f66b4ccd-b4ce-5914-9cc5-790cbd311cac,LF,False,True,Chicago White Sox,Milwaukee Brewers,away,0,0,0,0,4,0,0,2,0,0,0,0,0,,,,,,,,,,,,
2026-03-29,f7f424e1-3d2b-58fd-b156-6d90550c8e75,Seranthony Domínguez,bdefbbc2-8201-5f7b-8b57-91738da5cf78,P,True,False,Chicago White Sox,Milwaukee Brewers,away,,,,,,,,,,,,,,0.1,1,0,1,2,1,2,,19,2,0.0,0.0
2026-03-29,f7f424e1-3d2b-58fd-b156-6d90550c8e75,Chris Murphy,c220eb80-5a39-5327-8378-60be42067d78,P,True,False,Chicago White Sox,Milwaukee Brewers,away,,,,,,,,,,,,,,0.1,1,1,1,3,0,4,,17,4,1.0,27.0
2026-03-29,f7f424e1-3d2b-58fd-b156-6d90550c8e75,Edgar Quero,3a107cbc-e2a4-581e-a7a7-4062370df3ac,C,False,True,Chicago White Sox,Milwaukee Brewers,away,0,0,0,0,4,0,0,1,0,0,0,0,0,,,,,,,,,,,,
2026-03-29,f7f424e1-3d2b-58fd-b156-6d90550c8e75,Andrew Benintendi,c40737a9-be3f-59a6-bd2b-9b112bd2d62c,DH,False,False,Chicago White Sox,Milwaukee Brewers,away,1,0,0,0,4,1,1,2,0,0,0,1,1,,,,,,,,,,,,
2026-03-29,f7f424e1-3d2b-58fd-b156-6d90550c8e75,Jordan Leasure,d51a1ac2-63d5-5405-b9fc-358ea7a4f4f2,P,True,False,Chicago White Sox,Milwaukee Brewers,away,,,,,,,,,,,,,,1.1,4,2,0,2,0,1,,26,1,0.5,13.5
2026-03-29,f7f424e1-3d2b-58fd-b156-6d90550c8e75,Jordan Hicks,66d7d9b2-6764-5c4c-a5d1-31cc86354598,P,True,False,Chicago White Sox,Milwaukee Brewers,away,,,,,,,,,,,,,,0.1,1,1,0,0,0,0,,3,0,1.0,27.0
2026-03-29,f7f424e1-3d2b-58fd-b156-6d90550c8e75,Everson Pereira,737ee719-b640-52d5-8a87-e3ebc4690cd3,RF,False,True,Chicago White Sox,Milwaukee Brewers,away,1,0,0,1,4,2,0,0,0,1,1,4,5,,,,,,,,,,,,
2026-03-29,f7f424e1-3d2b-58fd-b156-6d90550c8e75,Derek Hill,4b2fe8d0-5868-548f-8cbb-605feabbba95,LF,False,False,Chicago White Sox,Milwaukee Brewers,away,0,0,0,0,0,0,0,0,0,0,0,0,0,,,,,,,,,,,,
2026-03-29,f7f424e1-3d2b-58fd-b156-6d90550c8e75,Miguel Vargas,62addef8-7bda-57cd-a2aa-6821f9ad6427,3B,False,True,Chicago White Sox,Milwaukee Brewers,away,2,0,0,0,5,2,0,1,1,2,0,4,2,,,,,,,,,,,,
2026-03-29,14f1d3f2-6071-5fa9-86f9-b34b832a3c78,Isaac Paredes,c94533e4-26a4-59a8-ae9e-1b0d54853c93,2B,False,True,Houston Astros,Los Angeles Angels,home,0,2,0,0,5,2,0,1,0,1,2,5,4,,,,,,,,,,,,
2026-03-29,14f1d3f2-6071-5fa9-86f9-b34b832a3c78,Bryan Abreu,679a7fe9-1603-5710-ba17-ce4ca61dfa79,P,True,False,Houston Astros,Los Angeles Angels,home,,,,,,,,,,,,,,0.1,1,0,2,0,0,1,,14,1,0.0,0.0
2026-03-29,14f1d3f2-6071-5fa9-86f9-b34b832a3c78,Nick Allen,d47542cc-ed4c-5335-840e-aeecb6811ad7,2B,False,False,Houston Astros,Los Angeles Angels,home,0,0,0,0,0,0,0,0,0,1,0,1,0,,,,,,,,,,,,
2026-03-29,14f1d3f2-6071-5fa9-86f9-b34b832a3c78,Cam Smith,6c7292a3-abca-5a73-9e4b-cec25e9d20b8,RF,False,True,Houston Astros,Los Angeles Angels,home,0,0,0,0,4,0,1,0,0,2,0,2,0,,,,,,,,,,,,
2026-03-29,14f1d3f2-6071-5fa9-86f9-b34b832a3c78,Christian Roa,fa3a62e0-2bc5-5c00-8d80-09f3553a6e66,P,True,False,Houston Astros,Los Angeles Angels,home,,,,,,,,,,,,,,0.1,1,1,0,0,0,0,,3,0,1.0,27.0
2026-03-29,14f1d3f2-6071-5fa9-86f9-b34b832a3c78,Jake Meyers,f60436a8-53cf-5fa1-8caa-50928a25c6d9,CF,False,False,Houston Astros,Los Angeles Angels,home,0,0,0,0,0,0,0,0,0,0,0,0,0,,,,,,,,,,,,
2026-03-29,14f1d3f2-6071-5fa9-86f9-b34b832a3c78,Steven Okert,bbee3817-3c94-5f70-bf14-8f8f4a22a1f6,P,True,False,Houston Astros,Los Angeles Angels,home,,,,,,,,,,,,,,1,3,0,1,0,0,0,,15,0,0.0,0.0
2026-03-29,14f1d3f2-6071-5fa9-86f9-b34b832a3c78,AJ Blubaugh,4d6a4525-5979-5429-9481-9e4f708a7bb1,P,True,False,Houston Astros,Los Angeles Angels,home,,,,,,,,,,,,,,2,6,2,0,0,0,0,,23,0,0.3333333333333333,9.0
2026-03-29,14f1d3f2-6071-5fa9-86f9-b34b832a3c78,Jose Altuve,99c9db0b-d7a9-5462-94f3-28f3661714ab,DH,False,False,Houston Astros,Los Angeles Angels,home,0,1,0,0,5,1,2,1,0,1,1,3,2,,,,,,,,,,,,
2026-03-29,14f1d3f2-6071-5fa9-86f9-b34b832a3c78,Tatsuya Imai,7b7449a9-b0d8-57c4-aafc-3aea735e2bfa,P,True,True,Houston Astros,Los Angeles Angels,home,,,,,,,,,,,,,,2.2,8,4,4,3,0,4,,74,4,0.5,13.5
2026-03-29,14f1d3f2-6071-5fa9-86f9-b34b832a3c78,Joey Loperfido,575dbf4d-f194-5748-94af-45ae60e8431c,LF,False,True,Houston Astros,Los Angeles Angels,home,0,1,0,0,5,1,0,2,0,1,0,2,2,,,,,,,,,,,,
2026-03-29,14f1d3f2-6071-5fa9-86f9-b34b832a3c78,Jeremy Peña,06bd24b4-6dff-5b6b-982d-35d5821ce7c8,SS,False,True,Houston Astros,Los Angeles Angels,home,0,0,0,0,5,0,0,2,0,0,0,0,0,,,,,,,,,,,,
2026-03-29,14f1d3f2-6071-5fa9-86f9-b34b832a3c78,Bryan King,e86f116b-cd36-5b04-8bcd-160d3e7a25e6,P,True,False,Houston Astros,Los Angeles Angels,home,,,,,,,,,,,,,,0.2,2,2,0,1,0,0,,18,0,1.0,27.0
2026-03-29,14f1d3f2-6071-5fa9-86f9-b34b832a3c78,Carlos Correa,9d0ef881-40b5-538c-9843-6585303e16f4,3B,False,True,Houston Astros,Los Angeles Angels,home,0,0,0,0,5,0,1,0,0,0,0,0,0,,,,,,,,,,,,
2026-03-29,14f1d3f2-6071-5fa9-86f9-b34b832a3c78,Roddery Muñoz,54f7d6c7-d909-56f2-9204-936e6b19849a,P,True,False,Houston Astros,Los Angeles Angels,home,,,,,,,,,,,,,,2,6,4,1,3,1,2,,47,2,0.6666666666666666,18.0
2026-03-29,14f1d3f2-6071-5fa9-86f9-b34b832a3c78,Christian Walker,4ebdbcc5-84ea-5866-b7b6-1d61cbac193f,1B,False,True,Houston Astros,Los Angeles Angels,home,0,1,0,0,4,1,1,0,0,1,2,4,2,,,,,,,,,,,,
2026-03-29,14f1d3f2-6071-5fa9-86f9-b34b832a3c78,Christian Vázquez,2ce448a3-c599-538e-b2dd-6a39dcfde984,C,False,True,Houston Astros,Los Angeles Angels,home,1,0,0,0,4,1,1,0,0,1,2,4,1,,,,,,,,,,,,
2026-03-29,14f1d3f2-6071-5fa9-86f9-b34b832a3c78,Yordan Alvarez,b4e60652-8d7e-569f-8e5a-4aa9a713da9c,LF,False,True,Houston Astros,Los Angeles Angels,home,1,0,0,0,5,1,3,0,1,1,1,3,1,,,,,,,,,,,,
2026-03-29,14f1d3f2-6071-5fa9-86f9-b34b832a3c78,Adam Frazier,1d730493-bfd7-5d16-9a8a-88e20b779754,2B,False,True,Los Angeles Angels,Houston Astros,away,0,0,0,0,4,0,1,1,0,1,0,1,0,,,,,,,,,,,,
2026-03-29,14f1d3f2-6071-5fa9-86f9-b34b832a3c78,Zach Neto,01ac6fe3-6ace-59c9-a15b-1ad3a0af1eb1,SS,False,True,Los Angeles Angels,Houston Astros,away,0,0,0,1,5,1,3,0,0,2,2,5,4,,,,,,,,,,,,
2026-03-29,14f1d3f2-6071-5fa9-86f9-b34b832a3c78,Jorge Soler,ebc19873-2e2c-5767-9b19-409c5e887630,RF,False,True,Los Angeles Angels,Houston Astros,away,0,1,0,0,5,1,0,3,0,1,3,5,2,,,,,,,,,,,,
2026-03-29,14f1d3f2-6071-5fa9-86f9-b34b832a3c78,Yoán Moncada,59501cf0-fc05-5b1c-b3f0-78b4422a24da,3B,False,True,Los Angeles Angels,Houston Astros,away,0,0,0,0,5,0,1,1,0,0,0,0,0,,,,,,,,,,,,
2026-03-29,14f1d3f2-6071-5fa9-86f9-b34b832a3c78,Travis d'Arnaud,4b9e14dd-3e98-5635-b3ef-ed17c59dcc98,C,False,True,Los Angeles Angels,Houston Astros,away,0,1,0,0,3,1,0,2,0,1,0,2,2,,,,,,,,,,,,
2026-03-29,14f1d3f2-6071-5fa9-86f9-b34b832a3c78,Chase Silseth,d97ead67-961e-54b5-ab86-134f7d2172e2,P,True,False,Los Angeles Angels,Houston Astros,away,,,,,,,,,,,,,,1,3,1,0,1,0,0,,14,0,0.3333333333333333,9.0
2026-03-29,14f1d3f2-6071-5fa9-86f9-b34b832a3c78,Jack Kochanowicz,04561541-27c5-5534-a3b5-b20f29738f8e,P,True,True,Los Angeles Angels,Houston Astros,away,,,,,,,,,,,,,,4,12,3,5,4,0,5,,94,6,0.25,6.75
2026-03-29,14f1d3f2-6071-5fa9-86f9-b34b832a3c78,Drew Pomeranz,fc9feb99-8c05-5f66-9cda-83f9269f8bf5,P,True,False,Los Angeles Angels,Houston Astros,away,,,,,,,,,,,,,,1,3,0,2,2,0,3,,17,3,0.0,0.0
2026-03-29,14f1d3f2-6071-5fa9-86f9-b34b832a3c78,Mike Trout,062d3e7f-e32e-55bc-aa40-403df7f9ec05,DH,False,False,Los Angeles Angels,Houston Astros,away,1,0,0,0,5,1,1,2,0,1,0,2,1,,,,,,,,,,,,
2026-03-29,14f1d3f2-6071-5fa9-86f9-b34b832a3c78,Jeimer Candelario,b72d7af1-56a8-5227-ba17-35a19ce2e32e,PH,False,False,Los Angeles Angels,Houston Astros,away,0,0,0,0,1,0,0,0,0,0,0,0,0,,,,,,,,,,,,
2026-03-29,14f1d3f2-6071-5fa9-86f9-b34b832a3c78,Jo Adell,c3ca91f9-2d30-5cf8-aae3-a5e7339f5788,CF,False,True,Los Angeles Angels,Houston Astros,away,2,0,0,0,4,2,0,0,0,0,1,3,2,,,,,,,,,,,,
2026-03-29,14f1d3f2-6071-5fa9-86f9-b34b832a3c78,Sam Bachman,cf9060ab-bd03-5198-a0a5-175b17f19e62,P,True,False,Los Angeles Angels,Houston Astros,away,,,,,,,,,,,,,,2,6,2,2,0,0,0,,34,0,0.3333333333333333,9.0
2026-03-29,14f1d3f2-6071-5fa9-86f9-b34b832a3c78,Nolan Schanuel,88862c38-1493-5b40-9c6b-6660a4ce4654,1B,False,True,Los Angeles Angels,Houston Astros,away,1,0,0,0,5,1,2,0,0,1,1,3,1,,,,,,,,,,,,
2026-03-29,14f1d3f2-6071-5fa9-86f9-b34b832a3c78,Josh Lowe,ef406577-04d5-511f-9202-5f9a1b54addb,LF,False,True,Los Angeles Angels,Houston Astros,away,0,0,0,0,4,0,0,4,0,0,0,0,0,,,,,,,,,,,,
2026-03-29,14f1d3f2-6071-5fa9-86f9-b34b832a3c78,Bryce Teodosio,2e92cd67-6ffe-5f76-b1f5-83b535ba679a,PR,False,False,Los Angeles Angels,Houston Astros,away,0,0,0,0,0,0,0,0,0,0,0,0,0,,,,,,,,,,,,
2026-03-29,14f1d3f2-6071-5fa9-86f9-b34b832a3c78,Logan O'Hoppe,5338530a-7eeb-53b6-9744-b4577b90a65e,C,False,False,Los Angeles Angels,Houston Astros,away,0,0,0,0,0,0,0,0,0,0,0,0,0,,,,,,,,,,,,
2026-03-29,06a171a0-1140-51f1-afc5-96eb19a9a4f6,Nolan Gorman,be501aad-9273-5dd4-a194-dcbebb3849ba,3B,False,False,St. Louis Cardinals,Tampa Bay Rays,home,0,0,0,1,2,1,0,0,0,1,1,3,4,,,,,,,,,,,,
2026-03-29,06a171a0-1140-51f1-afc5-96eb19a9a4f6,Matt Pushard,f6438f79-0bbb-5d0e-b5c2-1c2224adcdda,P,True,False,St. Louis Cardinals,Tampa Bay Rays,home,,,,,,,,,,,,,,1,3,1,1,3,0,3,,31,3,0.3333333333333333,9.0
2026-03-29,06a171a0-1140-51f1-afc5-96eb19a9a4f6,Jordan Walker,e10767c9-8f24-56db-9597-f92e37c6514d,RF,False,True,St. Louis Cardinals,Tampa Bay Rays,home,1,1,0,1,4,3,0,1,0,3,3,9,7,,,,,,,,,,,,
2026-03-29,06a171a0-1140-51f1-afc5-96eb19a9a4f6,Victor Scott II,4505d0dc-de10-56ef-ab3f-29ed1056473f,CF,False,True,St. Louis Cardinals,Tampa Bay Rays,home,2,0,0,0,4,2,0,2,0,0,0,2,2,,,,,,,,,,,,
2026-03-29,06a171a0-1140-51f1-afc5-96eb19a9a4f6,Chris Roycroft,6a12d86f-76a9-555d-be29-7e1afe5d29ac,P,True,False,St. Louis Cardinals,Tampa Bay Rays,home,,,,,,,,,,,,,,1,3,0,1,3,0,2,,29,2,0.0,0.0
2026-03-29,06a171a0-1140-51f1-afc5-96eb19a9a4f6,JJ Wetherholt,c0507a84-2f5c-53c7-8260-93f2e7bc2162,2B,False,True,St. Louis Cardinals,Tampa Bay Rays,home,1,0,0,0,5,1,1,0,0,0,0,1,1,,,,,,,,,,,,
2026-03-29,06a171a0-1140-51f1-afc5-96eb19a9a4f6,Justin Bruihl,133de3fb-6d64-5e4e-8774-81d2b394a7f0,P,True,False,St. Louis Cardinals,Tampa Bay Rays,home,,,,,,,,,,,,,,2,6,2,1,1,0,0,,29,0,0.3333333333333333,9.0
2026-03-29,06a171a0-1140-51f1-afc5-96eb19a9a4f6,Alec Burleson,68452ca8-6fdd-5413-a220-a1e5177c8deb,1B,False,True,St. Louis Cardinals,Tampa Bay Rays,home,0,0,0,0,5,0,1,0,0,0,0,0,0,,,,,,,,,,,,
2026-03-29,06a171a0-1140-51f1-afc5-96eb19a9a4f6,Thomas Saggese,2799ba82-8b39-5d8b-b88f-ad038b5979a6,LF,False,True,St. Louis Cardinals,Tampa Bay Rays,home,0,0,0,0,4,0,1,1,0,1,0,1,0,,,,,,,,,,,,
2026-03-29,06a171a0-1140-51f1-afc5-96eb19a9a4f6,George Soriano,6b90d6da-2ede-5a03-8567-b1abfe357bb4,P,True,False,St. Louis Cardinals,Tampa Bay Rays,home,,,,,,,,,,,,,,1,3,0,0,0,0,0,,12,0,0.0,0.0
2026-03-29,06a171a0-1140-51f1-afc5-96eb19a9a4f6,Pedro Pagés,719006eb-d990-515a-9cb3-2a4186659958,C,False,True,St. Louis Cardinals,Tampa Bay Rays,home,1,0,0,1,4,2,0,0,0,1,2,5,5,,,,,,,,,,,,
2026-03-29,06a171a0-1140-51f1-afc5-96eb19a9a4f6,Ramón Urías,e3463798-6a26-51fa-b4b3-22832aefe3ff,3B,False,True,St. Louis Cardinals,Tampa Bay Rays,home,0,0,0,0,2,0,0,1,0,0,0,0,0,,,,,,,,,,,,
2026-03-29,06a171a0-1140-51f1-afc5-96eb19a9a4f6,Dustin May,65d08fee-54e0-591e-80cb-a1ff09f1060f,P,True,True,St. Louis Cardinals,Tampa Bay Rays,home,,,,,,,,,,,,,,4,12,3,1,10,0,6,,61,6,0.25,6.75
2026-03-29,06a171a0-1140-51f1-afc5-96eb19a9a4f6,Masyn Winn,ddea3cbf-3275-5d72-a43d-5899f5fa2390,SS,False,True,St. Louis Cardinals,Tampa Bay Rays,home,1,1,0,0,5,2,0,0,0,1,0,3,3,,,,,,,,,,,,
2026-03-29,06a171a0-1140-51f1-afc5-96eb19a9a4f6,Iván Herrera,2b86e80e-433d-54c4-a2c1-a0d16d28e3dc,DH,False,False,St. Louis Cardinals,Tampa Bay Rays,home,0,0,0,0,5,0,0,0,0,0,0,0,0,,,,,,,,,,,,
2026-03-29,06a171a0-1140-51f1-afc5-96eb19a9a4f6,Steven Matz,4b7a83d5-2a78-5235-854e-a128e15104b2,P,True,True,Tampa Bay Rays,St. Louis Cardinals,away,,,,,,,,,,,,,,5,15,2,1,6,1,4,,81,4,0.13333333333333333,3.6
2026-03-29,06a171a0-1140-51f1-afc5-96eb19a9a4f6,Richie Palacios,f73a8757-1504-5ae4-bcf4-884ea15f5174,2B,False,True,Tampa Bay Rays,St. Louis Cardinals,away,0,0,0,0,2,0,0,0,0,0,0,0,0,,,,,,,,,,,,
2026-03-29,06a171a0-1140-51f1-afc5-96eb19a9a4f6,Carson Williams,2f38b1e0-2b43-5a13-aa76-446260f08a38,SS,False,True,Tampa Bay Rays,St. Louis Cardinals,away,0,1,0,0,5,1,1,1,0,2,1,4,2,,,,,,,,,,,,
2026-03-29,06a171a0-1140-51f1-afc5-96eb19a9a4f6,Mason Englert,abda30b9-8724-5c5e-b0a1-6c692b888bd8,P,True,False,Tampa Bay Rays,St. Louis Cardinals,away,,,,,,,,,,,,,,1,3,1,0,3,2,3,,24,3,0.3333333333333333,9.0
2026-03-29,06a171a0-1140-51f1-afc5-96eb19a9a4f6,Chandler Simpson,e8a47c28-d0c4-55d9-8402-e290b94ba76d,LF,False,True,Tampa Bay Rays,St. Louis Cardinals,away,2,0,0,0,5,2,1,0,0,1,0,3,2,,,,,,,,,,,,
2026-03-29,06a171a0-1140-51f1-afc5-96eb19a9a4f6,Jonny DeLuca,18e76306-3c90-58e3-8beb-27a4572e4c71,RF,False,True,Tampa Bay Rays,St. Louis Cardinals,away,1,1,0,0,5,2,0,0,0,2,1,5,3,,,,,,,,,,,,
2026-03-29,06a171a0-1140-51f1-afc5-96eb19a9a4f6,Garrett Cleavinger,6aa2d35e-ad97-5f5e-a2b8-71cdceaf0b31,P,True,False,Tampa Bay Rays,St. Louis Cardinals,away,,,,,,,,,,,,,,1,3,1,2,1,0,0,,23,0,0.3333333333333333,9.0
2026-03-29,06a171a0-1140-51f1-afc5-96eb19a9a4f6,Hunter Feduccia,d884053e-cef3-576f-bd4e-54920955e8fe,C,False,True,Tampa Bay Rays,St. Louis Cardinals,away,1,0,0,0,2,1,1,0,0,1,0,2,1,,,,,,,,,,,,
2026-03-29,06a171a0-1140-51f1-afc5-96eb19a9a4f6,Kevin Kelly,6a952a95-8d80-57ba-a5fe-a4daa53fa456,P,True,False,Tampa Bay Rays,St. Louis Cardinals,away,,,,,,,,,,,,,,1,3,1,0,1,0,0,,10,0,0.3333333333333333,9.0
2026-03-29,06a171a0-1140-51f1-afc5-96eb19a9a4f6,Jonathan Aranda,f3e0ad1f-94c2-5388-8f31-9baa1e72f471,1B,False,True,Tampa Bay Rays,St. Louis Cardinals,away,2,1,0,0,6,3,0,1,0,1,2,6,4,,,,,,,,,,,,
2026-03-29,06a171a0-1140-51f1-afc5-96eb19a9a4f6,Nick Fortes,f24e024c-1c51-502c-8866-34dbafb91126,C,False,False,Tampa Bay Rays,St. Louis Cardinals,away,0,0,0,0,3,0,1,0,0,0,0,0,0,,,,,,,,,,,,
2026-03-29,06a171a0-1140-51f1-afc5-96eb19a9a4f6,Yandy Díaz,382a432b-7569-5972-a70e-6270ec94a244,DH,False,False,Tampa Bay Rays,St. Louis Cardinals,away,4,1,0,0,6,5,0,0,0,2,4,11,6,,,,,,,,,,,,
2026-03-29,06a171a0-1140-51f1-afc5-96eb19a9a4f6,Ben Williamson,ac1660ef-9f73-5523-b351-97539670590b,2B,False,False,Tampa Bay Rays,St. Louis Cardinals,away,2,0,0,0,3,2,0,0,0,2,0,4,2,,,,,,,,,,,,
2026-03-29,06a171a0-1140-51f1-afc5-96eb19a9a4f6,Bryan Baker,7a01b0da-fab6-5b88-b784-f7bb9c401c72,P,True,False,Tampa Bay Rays,St. Louis Cardinals,away,,,,,,,,,,,,,,1,3,0,0,0,0,0,,10,0,0.0,0.0
2026-03-29,06a171a0-1140-51f1-afc5-96eb19a9a4f6,Junior Caminero,00646ce3-90a0-5f44-9b75-d7f277143ba5,3B,False,True,Tampa Bay Rays,St. Louis Cardinals,away,0,0,0,0,5,0,0,2,0,0,0,0,0,,,,,,,,,,,,
2026-03-29,06a171a0-1140-51f1-afc5-96eb19a9a4f6,Cedric Mullins,88cf2c8c-311c-568d-90a3-428db492786f,CF,False,True,Tampa Bay Rays,St. Louis Cardinals,away,0,1,0,0,6,1,0,2,0,0,2,3,2,,,,,,,,,,,,
2026-03-29,573341cf-601d-5739-8e70-03e44e8c9517,Daniel Palencia,708eb6ed-cc9d-5037-8b38-0d1fa47c46d4,P,True,False,Chicago Cubs,Washington Nationals,home,,,,,,,,,,,,,,1,3,1,0,2,0,0,,16,0,0.3333333333333333,9.0
2026-03-29,573341cf-601d-5739-8e70-03e44e8c9517,Michael Conforto,90e43863-2a50-529e-b3b9-ef4aeb4736de,RF,False,True,Chicago Cubs,Washington Nationals,home,0,0,0,0,3,0,1,1,0,0,0,0,0,,,,,,,,,,,,
2026-03-29,573341cf-601d-5739-8e70-03e44e8c9517,Hoby Milner,bbd22cf6-c5e7-555d-a190-f9f2eb837f9d,P,True,False,Chicago Cubs,Washington Nationals,home,,,,,,,,,,,,,,1,3,0,0,2,1,2,,17,2,0.0,0.0
2026-03-29,573341cf-601d-5739-8e70-03e44e8c9517,Ian Happ,b809f60b-8331-5fd0-ab24-ee3b8538eabe,LF,False,True,Chicago Cubs,Washington Nationals,home,0,0,0,1,4,1,1,2,0,1,1,3,4,,,,,,,,,,,,
2026-03-29,573341cf-601d-5739-8e70-03e44e8c9517,Hunter Harvey,63a9518a-c35f-52e1-bb4a-74025135d346,P,True,False,Chicago Cubs,Washington Nationals,home,,,,,,,,,,,,,,1,3,0,0,1,0,0,,10,0,0.0,0.0
2026-03-29,573341cf-601d-5739-8e70-03e44e8c9517,Shota Imanaga,beadcbbe-e54b-5beb-a36a-505719e94c82,P,True,True,Chicago Cubs,Washington Nationals,home,,,,,,,,,,,,,,5,15,7,2,6,1,4,,82,4,0.4666666666666667,12.6
2026-03-29,573341cf-601d-5739-8e70-03e44e8c9517,Alex Bregman,57215789-8702-5d78-8c77-21a23c10f033,3B,False,True,Chicago Cubs,Washington Nationals,home,0,0,0,2,4,2,0,0,0,2,2,6,8,,,,,,,,,,,,
2026-03-29,573341cf-601d-5739-8e70-03e44e8c9517,Michael Busch,6b4e85c9-9b0c-5203-9474-01388c3cb9e8,1B,False,True,Chicago Cubs,Washington Nationals,home,0,0,0,0,4,0,0,2,0,0,0,0,0,,,,,,,,,,,,
2026-03-29,573341cf-601d-5739-8e70-03e44e8c9517,Carson Kelly,43b2a60b-2ced-5c09-beab-347f4863ab11,C,False,True,Chicago Cubs,Washington Nationals,home,0,0,0,0,4,0,0,1,0,0,0,0,0,,,,,,,,,,,,
2026-03-29,573341cf-601d-5739-8e70-03e44e8c9517,Pete Crow-Armstrong,6e75f4ef-3025-5851-bb55-3a587c5f54a5,CF,False,True,Chicago Cubs,Washington Nationals,home,0,0,0,0,4,0,0,0,0,0,0,0,0,,,,,,,,,,,,
2026-03-29,573341cf-601d-5739-8e70-03e44e8c9517,Moisés Ballesteros,c41e0ec5-9f1c-57a3-96c5-193ca0c2275e,DH,False,False,Chicago Cubs,Washington Nationals,home,0,0,0,0,4,0,0,1,0,0,0,0,0,,,,,,,,,,,,
2026-03-29,573341cf-601d-5739-8e70-03e44e8c9517,Dansby Swanson,e20a9fc7-6766-5d06-b4c8-8cf51b6d7308,SS,False,True,Chicago Cubs,Washington Nationals,home,0,0,0,0,3,0,0,2,0,0,0,0,0,,,,,,,,,,,,
2026-03-29,573341cf-601d-5739-8e70-03e44e8c9517,Phil Maton,d98006c2-9f61-5d93-b102-2c9f2c8c4cc9,P,True,False,Chicago Cubs,Washington Nationals,home,,,,,,,,,,,,,,1,3,1,1,0,0,0,,23,0,0.3333333333333333,9.0
2026-03-29,573341cf-601d-5739-8e70-03e44e8c9517,Nico Hoerner,b69bc55a-ea5c-59ee-bf5a-3a765fe9aa2a,2B,False,True,Chicago Cubs,Washington Nationals,home,1,0,0,0,4,1,0,1,1,0,0,1,1,,,,,,,,,,,,
2026-03-29,573341cf-601d-5739-8e70-03e44e8c9517,Brady House,9feee2d5-f011-5be3-91f0-b7e2597e0107,3B,False,True,Washington Nationals,Chicago Cubs,away,2,0,0,0,5,2,0,1,0,1,0,3,2,,,,,,,,,,,,
2026-03-29,573341cf-601d-5739-8e70-03e44e8c9517,CJ Abrams,41388dc3-6936-557e-b1ee-d12bd42cb0ef,SS,False,True,Washington Nationals,Chicago Cubs,away,0,0,0,0,4,0,0,2,0,0,0,0,0,,,,,,,,,,,,
2026-03-29,573341cf-601d-5739-8e70-03e44e8c9517,Nasim Nuñez,30523871-5578-5f5a-850f-d3e42eaec507,2B,False,True,Washington Nationals,Chicago Cubs,away,1,0,0,0,4,1,0,1,1,1,0,2,1,,,,,,,,,,,,
2026-03-29,573341cf-601d-5739-8e70-03e44e8c9517,Andrés Chaparro,529b64b4-978f-58d1-b54b-9506e97859f0,1B,False,True,Washington Nationals,Chicago Cubs,away,0,0,0,0,3,0,0,2,0,0,0,0,0,,,,,,,,,,,,
2026-03-29,573341cf-601d-5739-8e70-03e44e8c9517,Joey Wiemer,25dc5f48-c6df-51d8-9751-71b23bc9ae81,RF,False,True,Washington Nationals,Chicago Cubs,away,1,0,1,1,4,3,1,0,0,1,3,7,8,,,,,,,,,,,,
2026-03-29,573341cf-601d-5739-8e70-03e44e8c9517,PJ Poulin,2aa6d4e2-dd19-565e-bf81-e69997422391,P,True,False,Washington Nationals,Chicago Cubs,away,,,,,,,,,,,,,,0.2,2,1,1,0,0,0,,14,0,0.5,13.5
2026-03-29,573341cf-601d-5739-8e70-03e44e8c9517,Clayton Beeter,168cbdf2-0cbc-523b-b71b-7d1cbd6ca75f,P,True,False,Washington Nationals,Chicago Cubs,away,,,,,,,,,,,,,,1,3,0,0,0,0,0,,6,0,0.0,0.0
2026-03-29,573341cf-601d-5739-8e70-03e44e8c9517,Daylen Lile,3b2cb564-a3bb-5ec4-8464-227b212049f9,LF,False,True,Washington Nationals,Chicago Cubs,away,1,1,0,0,5,2,1,1,0,2,0,4,3,,,,,,,,,,,,
2026-03-29,573341cf-601d-5739-8e70-03e44e8c9517,Cionel Pérez,d2691e4c-4847-5ed0-8a86-e5bb2072e5be,P,True,False,Washington Nationals,Chicago Cubs,away,,,,,,,,,,,,,,1,3,1,0,1,1,1,,11,1,0.3333333333333333,9.0
2026-03-29,573341cf-601d-5739-8e70-03e44e8c9517,James Wood,3089b190-81f6-5e6c-ba91-a8d4cdf0be3a,DH,False,False,Washington Nationals,Chicago Cubs,away,0,0,0,0,5,0,1,2,0,0,0,0,0,,,,,,,,,,,,
2026-03-29,573341cf-601d-5739-8e70-03e44e8c9517,Jacob Young,d263f19b-c5d6-523a-bc57-bce7884eb99a,CF,False,True,Washington Nationals,Chicago Cubs,away,0,1,0,0,4,1,0,0,0,0,0,1,2,,,,,,,,,,,,
2026-03-29,573341cf-601d-5739-8e70-03e44e8c9517,Jake Irvin,1fb725f5-4e40-5005-a99d-ac210524b899,P,True,True,Washington Nationals,Chicago Cubs,away,,,,,,,,,,,,,,5,15,7,1,3,2,2,,93,2,0.4666666666666667,12.6
2026-03-29,573341cf-601d-5739-8e70-03e44e8c9517,Gus Varland,d80159ca-3062-5587-8a54-9592c50b4423,P,True,False,Washington Nationals,Chicago Cubs,away,,,,,,,,,,,,,,1.1,4,1,0,0,0,0,,9,0,0.25,6.75
2026-03-29,573341cf-601d-5739-8e70-03e44e8c9517,Keibert Ruiz,a4dd05cb-9c56-52ce-9bc2-926ec2042d88,C,False,True,Washington Nationals,Chicago Cubs,away,0,0,0,1,4,1,0,0,0,1,3,5,4,,,,,,,,,,,,
2026-03-29,573341cf-601d-5739-8e70-03e44e8c9517,Luis García Jr.,a615adb8-655d-531d-a63e-5a267e66845b,1B,False,False,Washington Nationals,Chicago Cubs,away,1,0,0,0,2,1,0,0,0,0,0,1,1,,,,,,,,,,,,
2026-03-29,7745f80a-e11d-59c7-a7b7-1dc419da75e8,Josh Naylor,b882f91d-40d1-58ad-bd6a-b321477642c0,1B,False,True,Seattle Mariners,Cleveland Guardians,home,0,0,0,0,5,0,1,1,0,0,0,0,0,,,,,,,,,,,,
2026-03-29,7745f80a-e11d-59c7-a7b7-1dc419da75e8,Cole Young,bef5f9c5-6df7-5ede-9aac-4b5ba8731f4b,2B,False,True,Seattle Mariners,Cleveland Guardians,home,1,0,0,0,4,1,1,0,0,1,0,2,1,,,,,,,,,,,,
2026-03-29,7745f80a-e11d-59c7-a7b7-1dc419da75e8,Randy Arozarena,0f2b9cc8-a738-5f1e-be0e-5c0ae5a3ac57,LF,False,True,Seattle Mariners,Cleveland Guardians,home,1,1,0,0,5,2,1,0,0,1,2,5,3,,,,,,,,,,,,
2026-03-29,7745f80a-e11d-59c7-a7b7-1dc419da75e8,Dominic Canzone,73e2b2be-5ea8-5904-9683-089b46807bab,DH,False,False,Seattle Mariners,Cleveland Guardians,home,0,1,0,0,4,1,0,0,0,1,0,2,2,,,,,,,,,,,,
2026-03-29,7745f80a-e11d-59c7-a7b7-1dc419da75e8,Cal Raleigh,21b31397-a06c-5238-83b3-90eee447e28e,C,False,True,Seattle Mariners,Cleveland Guardians,home,0,1,0,0,5,1,1,1,0,0,1,2,2,,,,,,,,,,,,
2026-03-29,7745f80a-e11d-59c7-a7b7-1dc419da75e8,Brendan Donovan,9d05e499-95d1-5224-b19c-323801b2463e,3B,False,True,Seattle Mariners,Cleveland Guardians,home,1,0,0,1,5,2,0,1,0,2,3,7,5,,,,,,,,,,,,
2026-03-29,7745f80a-e11d-59c7-a7b7-1dc419da75e8,Cooper Criswell,5ebbadaa-4ae9-599b-9e8e-0e9d87d2d703,P,True,False,Seattle Mariners,Cleveland Guardians,home,,,,,,,,,,,,,,3,9,5,0,2,0,0,,44,0,0.5555555555555556,15.0
2026-03-29,7745f80a-e11d-59c7-a7b7-1dc419da75e8,Leo Rivas,13efd7e6-1b6a-509b-8348-f3f74df6fce9,SS,False,True,Seattle Mariners,Cleveland Guardians,home,1,0,0,0,4,1,0,2,0,1,1,3,1,,,,,,,,,,,,
2026-03-29,7745f80a-e11d-59c7-a7b7-1dc419da75e8,Julio Rodríguez,fffe4545-0e86-5407-906a-645035a15435,CF,False,True,Seattle Mariners,Cleveland Guardians,home,0,0,0,0,5,0,1,0,0,2,0,2,0,,,,,,,,,,,,
2026-03-29,7745f80a-e11d-59c7-a7b7-1dc419da75e8,Luke Raley,27e77a8c-1c02-50cc-b8c2-06d1e891fc5d,RF,False,True,Seattle Mariners,Cleveland Guardians,home,1,0,0,0,5,1,0,3,0,0,1,2,1,,,,,,,,,,,,
2026-03-29,7745f80a-e11d-59c7-a7b7-1dc419da75e8,Emerson Hancock,cf8fce3b-daf7-512e-89fe-0db3e4b4d678,P,True,True,Seattle Mariners,Cleveland Guardians,home,,,,,,,,,,,,,,6,18,9,1,0,0,0,,97,0,0.5,13.5
2026-03-29,7745f80a-e11d-59c7-a7b7-1dc419da75e8,Chase DeLauter,6df4c8fa-ba98-5c7a-ad19-cf86a2049392,RF,False,True,Cleveland Guardians,Seattle Mariners,away,1,0,0,0,3,1,0,1,0,0,0,1,1,,,,,,,,,,,,
2026-03-29,7745f80a-e11d-59c7-a7b7-1dc419da75e8,Daniel Schneemann,44aa2c31-5c71-54d6-bd89-c75f77599832,3B,False,True,Cleveland Guardians,Seattle Mariners,away,1,0,0,0,3,1,0,1,0,0,0,1,1,,,,,,,,,,,,
2026-03-29,7745f80a-e11d-59c7-a7b7-1dc419da75e8,Slade Cecconi,665c7ab6-9bb8-5d87-8fc4-2a634cfec49e,P,True,True,Cleveland Guardians,Seattle Mariners,away,,,,,,,,,,,,,,4.1,13,5,3,6,1,6,,93,6,0.38461538461538464,10.384615384615385
2026-03-29,7745f80a-e11d-59c7-a7b7-1dc419da75e8,Brayan Rocchio,19d4d33d-50bf-55d7-9885-40f4738e6983,2B,False,True,Cleveland Guardians,Seattle Mariners,away,0,0,0,0,3,0,0,0,0,0,0,0,0,,,,,,,,,,,,
2026-03-29,7745f80a-e11d-59c7-a7b7-1dc419da75e8,Gabriel Arias,da74b797-d096-5ec7-bb84-6b0e693536f3,SS,False,True,Cleveland Guardians,Seattle Mariners,away,0,0,0,0,3,0,0,2,0,0,0,0,0,,,,,,,,,,,,
2026-03-29,7745f80a-e11d-59c7-a7b7-1dc419da75e8,Colin Holderman,fec97e32-5565-5ded-b188-8b4281f88f08,P,True,False,Cleveland Guardians,Seattle Mariners,away,,,,,,,,,,,,,,2,6,2,1,1,0,0,,35,1,0.3333333333333333,9.0
2026-03-29,7745f80a-e11d-59c7-a7b7-1dc419da75e8,Bo Naylor,569c32a2-118a-5902-a55f-3e350c57a8af,C,False,True,Cleveland Guardians,Seattle Mariners,away,0,0,0,0,3,0,0,3,0,0,0,0,0,,,,,,,,,,,,
2026-03-29,7745f80a-e11d-59c7-a7b7-1dc419da75e8,David Fry,d0cdb034-814f-5d43-a16a-052464de2541,RF,False,False,Cleveland Guardians,Seattle Mariners,away,0,0,0,0,1,0,0,0,0,0,0,0,0,,,,,,,,,,,,
2026-03-29,7745f80a-e11d-59c7-a7b7-1dc419da75e8,José Ramírez,edd283fa-acd6-56e6-a171-35d869385530,DH,False,False,Cleveland Guardians,Seattle Mariners,away,0,0,0,0,3,0,1,2,0,0,0,0,0,,,,,,,,,,,,
2026-03-29,7745f80a-e11d-59c7-a7b7-1dc419da75e8,Steven Kwan,64af661f-a572-5a07-8797-70964b4dbcb2,CF,False,True,Cleveland Guardians,Seattle Mariners,away,0,0,0,0,3,0,0,0,0,0,0,0,0,,,,,,,,,,,,
2026-03-29,7745f80a-e11d-59c7-a7b7-1dc419da75e8,Peyton Pallette,4f2a60b1-6ced-5a28-8ee3-8303b092a9de,P,True,False,Cleveland Guardians,Seattle Mariners,away,,,,,,,,,,,,,,1.2,5,1,1,2,0,1,,38,1,0.2,5.3999999999999995
2026-03-29,7745f80a-e11d-59c7-a7b7-1dc419da75e8,Angel Martínez,a1a79e19-4dd8-5d43-8cf7-324e82cc4a92,CF,False,False,Cleveland Guardians,Seattle Mariners,away,0,0,0,0,1,0,0,1,0,0,0,0,0,,,,,,,,,,,,
2026-03-29,7745f80a-e11d-59c7-a7b7-1dc419da75e8,Kyle Manzardo,1f4ed7ba-eda9-5a00-b87f-9c005e0a44a8,1B,False,True,Cleveland Guardians,Seattle Mariners,away,0,0,0,0,3,0,0,2,0,0,0,0,0,,,,,,,,,,,,
2026-03-29,7745f80a-e11d-59c7-a7b7-1dc419da75e8,CJ Kayfus,82e69c91-8664-5911-94b2-f61af3a0f314,LF,False,True,Cleveland Guardians,Seattle Mariners,away,0,0,0,0,3,0,0,2,0,0,0,0,0,,,,,,,,,,,,
2026-03-30,93819008-f188-5ba2-bf20-4d93a86910f6,Carter Jensen,add60a5c-95dc-503b-a5b7-79f454562e86,DH,False,False,Kansas City Royals,Minnesota Twins,home,0,0,0,0,3,0,0,1,0,0,0,0,0,,,,,,,,,,,,
2026-03-30,93819008-f188-5ba2-bf20-4d93a86910f6,Jonathan India,20949af5-dd03-55d6-a8f3-4a565f24fa02,2B,False,True,Kansas City Royals,Minnesota Twins,home,1,0,0,0,3,1,0,0,0,1,0,2,1,,,,,,,,,,,,
2026-03-30,93819008-f188-5ba2-bf20-4d93a86910f6,Isaac Collins,c926f529-9700-5e4c-b204-5e60f55503df,LF,False,True,Kansas City Royals,Minnesota Twins,home,0,0,0,1,3,1,0,1,0,1,1,3,4,,,,,,,,,,,,
2026-03-30,93819008-f188-5ba2-bf20-4d93a86910f6,Salvador Perez,fd9f5eef-c0a3-5e7e-9097-e558c01c50b1,C,False,True,Kansas City Royals,Minnesota Twins,home,1,0,0,0,4,1,0,1,0,0,0,1,1,,,,,,,,,,,,
2026-03-30,93819008-f188-5ba2-bf20-4d93a86910f6,Kris Bubic,f3b2804e-6b3e-5bea-9e1a-499bf70968ff,P,True,True,Kansas City Royals,Minnesota Twins,home,,,,,,,,,,,,,,6,18,4,3,2,1,1,,75,1,0.2222222222222222,6.0
2026-03-30,93819008-f188-5ba2-bf20-4d93a86910f6,Nick Mears,70f533f5-9733-5aeb-b8b8-28907be04653,P,True,False,Kansas City Royals,Minnesota Twins,home,,,,,,,,,,,,,,1,3,1,0,1,0,0,,8,0,0.3333333333333333,9.0
2026-03-30,93819008-f188-5ba2-bf20-4d93a86910f6,Vinnie Pasquantino,160d1ebf-e65f-5f8e-a25b-00b8001bc198,1B,False,True,Kansas City Royals,Minnesota Twins,home,0,0,0,0,4,0,2,1,0,0,0,0,0,,,,,,,,,,,,
2026-03-30,93819008-f188-5ba2-bf20-4d93a86910f6,Kyle Isbel,cf2183c9-e138-5f3a-8d67-6dedd3b07bfb,CF,False,True,Kansas City Royals,Minnesota Twins,home,1,0,0,1,3,2,0,0,1,1,2,5,5,,,,,,,,,,,,
2026-03-30,93819008-f188-5ba2-bf20-4d93a86910f6,Daniel Lynch IV,1ce7aa75-f8f9-5806-add0-1e2084d76c53,P,True,False,Kansas City Royals,Minnesota Twins,home,,,,,,,,,,,,,,1,3,1,0,0,0,0,,9,0,0.3333333333333333,9.0
2026-03-30,93819008-f188-5ba2-bf20-4d93a86910f6,Maikel Garcia,31857688-327f-5f07-8b02-bc706fd384b8,3B,False,True,Kansas City Royals,Minnesota Twins,home,1,1,0,0,4,2,0,1,0,0,0,2,3,,,,,,,,,,,,
2026-03-30,93819008-f188-5ba2-bf20-4d93a86910f6,Lane Thomas,92cdc2c8-b253-592c-b50a-1e77572b6053,DH,False,False,Kansas City Royals,Minnesota Twins,home,0,0,0,0,1,0,0,0,0,0,0,0,0,,,,,,,,,,,,
2026-03-30,93819008-f188-5ba2-bf20-4d93a86910f6,Jac Caglianone,ec14685d-e1f1-5cf3-8532-ae72ed66c00b,RF,False,True,Kansas City Royals,Minnesota Twins,home,0,0,0,0,3,0,0,2,0,0,0,0,0,,,,,,,,,,,,
2026-03-30,93819008-f188-5ba2-bf20-4d93a86910f6,John Schreiber,af846716-0751-55d2-a0de-04178c31615c,P,True,False,Kansas City Royals,Minnesota Twins,home,,,,,,,,,,,,,,1,3,0,0,1,0,0,,15,0,0.0,0.0
2026-03-30,93819008-f188-5ba2-bf20-4d93a86910f6,Bobby Witt Jr.,355275f4-ce4a-5c49-a0e4-cadfa2e8a083,SS,False,True,Kansas City Royals,Minnesota Twins,home,0,0,0,0,4,0,0,0,0,0,0,0,0,,,,,,,,,,,,
2026-03-30,93819008-f188-5ba2-bf20-4d93a86910f6,Justin Topa,f695595b-b683-55e9-8396-d2c651a30ad9,P,True,False,Minnesota Twins,Kansas City Royals,away,,,,,,,,,,,,,,0.2,2,1,0,0,0,0,,10,0,0.5,13.5
2026-03-30,93819008-f188-5ba2-bf20-4d93a86910f6,Victor Caratini,118b5526-726c-567a-b410-9c4d39d4dfe8,1B,False,True,Minnesota Twins,Kansas City Royals,away,0,0,0,0,3,0,0,1,0,0,0,0,0,,,,,,,,,,,,
2026-03-30,93819008-f188-5ba2-bf20-4d93a86910f6,Brooks Lee,9e5151e5-7ca3-54b5-906a-035ac2bd117b,SS,False,True,Minnesota Twins,Kansas City Royals,away,1,0,0,0,3,1,0,1,0,0,0,1,1,,,,,,,,,,,,
2026-03-30,93819008-f188-5ba2-bf20-4d93a86910f6,Austin Martin,2b621d0f-36d2-5e85-800f-c9ea62645109,LF,False,True,Minnesota Twins,Kansas City Royals,away,1,0,0,0,3,1,2,0,0,0,0,1,1,,,,,,,,,,,,
2026-03-30,93819008-f188-5ba2-bf20-4d93a86910f6,Simeon Woods Richardson,d23c57bb-1d59-5515-a0b7-8f397f0c7944,P,True,True,Minnesota Twins,Kansas City Royals,away,,,,,,,,,,,,,,5,15,2,1,5,1,2,,83,2,0.13333333333333333,3.6
2026-03-30,93819008-f188-5ba2-bf20-4d93a86910f6,Josh Bell,9c4f9447-e182-53d1-9468-d5eed9b0e0f7,DH,False,False,Minnesota Twins,Kansas City Royals,away,0,0,0,0,3,0,0,1,0,0,0,0,0,,,,,,,,,,,,
2026-03-30,93819008-f188-5ba2-bf20-4d93a86910f6,Ryan Jeffers,9fa0a7d3-5db7-5110-b162-2933bae5edac,C,False,True,Minnesota Twins,Kansas City Royals,away,1,0,0,0,4,1,0,0,0,0,0,1,1,,,,,,,,,,,,
2026-03-30,93819008-f188-5ba2-bf20-4d93a86910f6,James Outman,ecd5e641-3869-57f2-af87-7b030fcc7f7b,LF,False,False,Minnesota Twins,Kansas City Royals,away,0,0,0,0,0,0,0,0,0,0,0,0,0,,,,,,,,,,,,
2026-03-30,93819008-f188-5ba2-bf20-4d93a86910f6,Taylor Rogers,c74a9c59-bc65-5c6a-9529-7f69ff407ca5,P,True,False,Minnesota Twins,Kansas City Royals,away,,,,,,,,,,,,,,1,3,1,0,0,0,0,,14,0,0.3333333333333333,9.0
2026-03-30,93819008-f188-5ba2-bf20-4d93a86910f6,Kody Funderburk,194f8ff2-a54d-5d6f-b29f-4ada5ae3629b,P,True,False,Minnesota Twins,Kansas City Royals,away,,,,,,,,,,,,,,1.1,4,3,1,2,1,1,,26,1,0.75,20.25
2026-03-30,93819008-f188-5ba2-bf20-4d93a86910f6,Royce Lewis,ed8d10fa-59d5-527e-9c7f-0eb7ba2f1a36,3B,False,True,Minnesota Twins,Kansas City Royals,away,0,0,0,0,3,0,0,2,0,0,0,0,0,,,,,,,,,,,,
2026-03-30,93819008-f188-5ba2-bf20-4d93a86910f6,Trevor Larnach,acc8d7d3-6cc6-5ddb-82f7-c51950746185,PH,False,False,Minnesota Twins,Kansas City Royals,away,0,0,0,0,1,0,0,0,0,0,0,0,0,,,,,,,,,,,,
2026-03-30,93819008-f188-5ba2-bf20-4d93a86910f6,Byron Buxton,f324ed45-2be1-5593-9601-8a1caeabe988,CF,False,True,Minnesota Twins,Kansas City Royals,away,0,0,0,0,4,0,0,1,0,0,0,0,0,,,,,,,,,,,,
2026-03-30,93819008-f188-5ba2-bf20-4d93a86910f6,Matt Wallner,d29b50b9-0e28-5d0d-b368-6cecc0a7d512,RF,False,True,Minnesota Twins,Kansas City Royals,away,0,0,0,1,4,1,0,0,0,1,1,3,4,,,,,,,,,,,,
2026-03-30,93819008-f188-5ba2-bf20-4d93a86910f6,Luke Keaschall,cd5f4708-4e8f-5a0f-8347-a323178f906f,2B,False,True,Minnesota Twins,Kansas City Royals,away,0,0,0,0,4,0,1,0,0,0,0,0,0,,,,,,,,,,,,
2026-03-30,a16b4b0a-7e1e-567e-b442-7818a5c969f5,Jeremiah Jackson,79a8c5e7-b511-5a4a-a093-00ac948ae519,PH,False,False,Baltimore Orioles,Texas Rangers,home,0,0,0,0,1,0,0,1,0,0,0,0,0,,,,,,,,,,,,
2026-03-30,a16b4b0a-7e1e-567e-b442-7818a5c969f5,Tyler Wells,ba8493f7-6b96-5522-ae17-16c50d1b7d46,P,True,False,Baltimore Orioles,Texas Rangers,home,,,,,,,,,,,,,,1,3,1,0,3,0,1,,26,1,0.3333333333333333,9.0
2026-03-30,a16b4b0a-7e1e-567e-b442-7818a5c969f5,Rico Garcia,bf7d81c5-2227-5bb3-947e-5a93eb72d466,P,True,False,Baltimore Orioles,Texas Rangers,home,,,,,,,,,,,,,,2,6,3,0,0,0,0,,21,0,0.5,13.5
2026-03-30,a16b4b0a-7e1e-567e-b442-7818a5c969f5,Gunnar Henderson,8dd2ac6f-561c-5af1-b076-5e81f0f4e199,SS,False,True,Baltimore Orioles,Texas Rangers,home,1,0,0,1,4,2,0,1,0,1,2,5,5,,,,,,,,,,,,
2026-03-30,a16b4b0a-7e1e-567e-b442-7818a5c969f5,Taylor Ward,ecd13d9a-09c8-5341-a9c1-42cd969b9bfd,LF,False,True,Baltimore Orioles,Texas Rangers,home,1,0,0,0,4,1,0,0,0,0,0,1,1,,,,,,,,,,,,
2026-03-30,a16b4b0a-7e1e-567e-b442-7818a5c969f5,Dylan Beavers,6713c09d-171a-5996-8551-2d6cbdcc460f,RF,False,True,Baltimore Orioles,Texas Rangers,home,0,0,0,0,3,0,0,1,0,0,0,0,0,,,,,,,,,,,,
2026-03-30,a16b4b0a-7e1e-567e-b442-7818a5c969f5,Chris Bassitt,a9dc42ef-c20a-51ef-99f4-67881760bd44,P,True,True,Baltimore Orioles,Texas Rangers,home,,,,,,,,,,,,,,4.1,13,3,4,6,0,4,,100,4,0.23076923076923078,6.230769230769231
2026-03-30,a16b4b0a-7e1e-567e-b442-7818a5c969f5,Ryan Mountcastle,e4a14345-13f9-5c20-aa4e-811e01ab47be,PH,False,False,Baltimore Orioles,Texas Rangers,home,0,0,0,0,1,0,0,1,0,0,0,0,0,,,,,,,,,,,,
2026-03-30,a16b4b0a-7e1e-567e-b442-7818a5c969f5,Adley Rutschman,641d20de-7b25-5610-a12b-aa8c9cf6fdb5,C,False,True,Baltimore Orioles,Texas Rangers,home,0,1,0,0,4,1,0,1,0,0,0,1,2,,,,,,,,,,,,
2026-03-30,a16b4b0a-7e1e-567e-b442-7818a5c969f5,Tyler O'Neill,22618000-6c22-5a37-9298-4ff8d51174b1,DH,False,False,Baltimore Orioles,Texas Rangers,home,0,0,0,0,4,0,0,1,0,0,0,0,0,,,,,,,,,,,,
2026-03-30,a16b4b0a-7e1e-567e-b442-7818a5c969f5,Blaze Alexander,06fa37f7-11f0-5e44-b028-6e4b58efaaa5,2B,False,True,Baltimore Orioles,Texas Rangers,home,1,0,0,0,3,1,0,1,0,0,0,1,1,,,,,,,,,,,,
2026-03-30,a16b4b0a-7e1e-567e-b442-7818a5c969f5,Pete Alonso,a706e53c-3e74-5675-9f67-a2114ac0ab94,1B,False,True,Baltimore Orioles,Texas Rangers,home,1,0,0,0,4,1,0,2,0,0,0,1,1,,,,,,,,,,,,
2026-03-30,a16b4b0a-7e1e-567e-b442-7818a5c969f5,Dietrich Enns,ef9207e2-4db6-5311-b1e8-2264567c81af,P,True,False,Baltimore Orioles,Texas Rangers,home,,,,,,,,,,,,,,1.2,5,4,1,0,0,0,,34,0,0.8,21.599999999999998
2026-03-30,a16b4b0a-7e1e-567e-b442-7818a5c969f5,Colton Cowser,7c1a36d9-f8ba-5ebe-9fd2-58b788cc84b6,CF,False,True,Baltimore Orioles,Texas Rangers,home,1,0,0,0,3,1,1,0,0,1,0,2,1,,,,,,,,,,,,
2026-03-30,a16b4b0a-7e1e-567e-b442-7818a5c969f5,Coby Mayo,3fa3b427-6995-5a99-b9df-39c34bfe5217,3B,False,True,Baltimore Orioles,Texas Rangers,home,0,0,0,0,4,0,0,2,0,0,0,0,0,,,,,,,,,,,,
2026-03-30,a16b4b0a-7e1e-567e-b442-7818a5c969f5,Evan Carter,f35e83f3-06d6-5c07-b669-1e0cd310d86e,CF,False,True,Texas Rangers,Baltimore Orioles,away,1,1,0,0,5,2,0,2,0,1,0,3,3,,,,,,,,,,,,
2026-03-30,a16b4b0a-7e1e-567e-b442-7818a5c969f5,Wyatt Langford,882a170b-e284-5079-9ca4-351da4aad0f2,LF,False,True,Texas Rangers,Baltimore Orioles,away,1,0,0,0,5,1,0,1,0,0,0,1,1,,,,,,,,,,,,
2026-03-30,a16b4b0a-7e1e-567e-b442-7818a5c969f5,Jake Burger,405e9f4a-6c45-52e5-92ca-d856c0888e10,1B,False,True,Texas Rangers,Baltimore Orioles,away,1,1,0,0,5,2,0,0,0,1,2,5,3,,,,,,,,,,,,
2026-03-30,a16b4b0a-7e1e-567e-b442-7818a5c969f5,Tyler Alexander,aa46bcb4-ff17-53b7-ae2b-4a1721bcd92b,P,True,False,Texas Rangers,Baltimore Orioles,away,,,,,,,,,,,,,,1,3,2,0,0,0,0,,10,0,0.6666666666666666,18.0
2026-03-30,a16b4b0a-7e1e-567e-b442-7818a5c969f5,Jack Leiter,b1ffa751-b44b-5409-9e5b-51b1dd5654b7,P,True,True,Texas Rangers,Baltimore Orioles,away,,,,,,,,,,,,,,6,18,8,1,5,1,2,,92,2,0.4444444444444444,12.0
2026-03-30,a16b4b0a-7e1e-567e-b442-7818a5c969f5,Joc Pederson,a8accc9b-5d7c-5c48-b5dc-24a6f0b7b652,DH,False,False,Texas Rangers,Baltimore Orioles,away,0,0,0,0,3,0,0,1,0,0,1,1,0,,,,,,,,,,,,
2026-03-30,a16b4b0a-7e1e-567e-b442-7818a5c969f5,Jalen Beeks,1b0188a9-51e8-5aab-98ab-689bb43d883c,P,True,False,Texas Rangers,Baltimore Orioles,away,,,,,,,,,,,,,,1,3,1,0,2,0,0,,13,0,0.3333333333333333,9.0
2026-03-30,a16b4b0a-7e1e-567e-b442-7818a5c969f5,Corey Seager,0a8aa1ff-7f96-5ea3-91c5-f80c15eed600,SS,False,True,Texas Rangers,Baltimore Orioles,away,0,0,0,0,5,0,2,0,0,0,0,0,0,,,,,,,,,,,,
2026-03-30,a16b4b0a-7e1e-567e-b442-7818a5c969f5,Josh Jung,c0339e5b-fadd-5807-97d2-084bf40ec3f0,3B,False,True,Texas Rangers,Baltimore Orioles,away,0,0,0,0,5,0,0,2,0,0,0,0,0,,,,,,,,,,,,
2026-03-30,a16b4b0a-7e1e-567e-b442-7818a5c969f5,Andrew McCutchen,22ae9ba7-a153-55b1-9737-6b114127a2a3,DH,False,False,Texas Rangers,Baltimore Orioles,away,1,0,0,0,2,1,0,1,0,0,0,1,1,,,,,,,,,,,,
2026-03-30,a16b4b0a-7e1e-567e-b442-7818a5c969f5,Kyle Higashioka,aed03174-10a2-5ebe-adfa-83b14b307c24,C,False,True,Texas Rangers,Baltimore Orioles,away,0,0,0,0,4,0,1,2,0,1,0,1,0,,,,,,,,,,,,
2026-03-30,a16b4b0a-7e1e-567e-b442-7818a5c969f5,Brandon Nimmo,8954e7a7-4f31-5f8f-9888-a809b7b43d88,RF,False,True,Texas Rangers,Baltimore Orioles,away,2,0,0,0,5,2,0,1,0,2,1,5,2,,,,,,,,,,,,
2026-03-30,a16b4b0a-7e1e-567e-b442-7818a5c969f5,Josh Smith,b7d79367-f94a-515d-b182-46692bc3d8c5,2B,False,True,Texas Rangers,Baltimore Orioles,away,1,0,0,0,5,1,2,1,1,0,1,2,1,,,,,,,,,,,,
2026-03-30,a16b4b0a-7e1e-567e-b442-7818a5c969f5,Jakob Junis,2333aae5-bf92-5f43-9e5f-276fd335d73d,P,True,False,Texas Rangers,Baltimore Orioles,away,,,,,,,,,,,,,,1,3,0,0,0,0,0,,8,0,0.0,0.0
2026-03-30,c2578c3f-9eca-5374-ba9e-a8bdf72ea5da,Lake Bachar,758500f8-3a4b-57cf-81b8-dccf3310c44a,P,True,False,Miami Marlins,Chicago White Sox,home,,,,,,,,,,,,,,3,9,3,1,1,0,1,,42,1,0.3333333333333333,9.0
2026-03-30,c2578c3f-9eca-5374-ba9e-a8bdf72ea5da,Griffin Conine,e3341070-8797-525f-ac18-fe883727cad8,LF,False,True,Miami Marlins,Chicago White Sox,home,0,1,0,0,2,1,1,0,0,1,0,2,2,,,,,,,,,,,,
2026-03-30,c2578c3f-9eca-5374-ba9e-a8bdf72ea5da,Heriberto Hernández,4be49799-348b-535b-b44d-1a42d82eb903,LF,False,False,Miami Marlins,Chicago White Sox,home,0,0,0,0,2,0,1,1,0,0,0,0,0,,,,,,,,,,,,
2026-03-30,c2578c3f-9eca-5374-ba9e-a8bdf72ea5da,Jakob Marsee,0af43782-4c0c-52a9-94e2-9d9a6da68ce7,CF,False,True,Miami Marlins,Chicago White Sox,home,1,0,1,0,5,2,0,1,0,1,1,4,4,,,,,,,,,,,,
2026-03-30,c2578c3f-9eca-5374-ba9e-a8bdf72ea5da,John King,1e82ccc2-5545-5f6f-bbf4-4331954cd078,P,True,False,Miami Marlins,Chicago White Sox,home,,,,,,,,,,,,,,1,3,0,1,0,0,0,,11,0,0.0,0.0
2026-03-30,c2578c3f-9eca-5374-ba9e-a8bdf72ea5da,Javier Sanoja,acccf65d-36f3-5f61-99bf-e798a2a4f76d,3B,False,False,Miami Marlins,Chicago White Sox,home,0,0,0,0,1,0,0,0,0,0,0,0,0,,,,,,,,,,,,
2026-03-30,c2578c3f-9eca-5374-ba9e-a8bdf72ea5da,Xavier Edwards,c495c968-61ae-5861-89a0-df7170538ff7,2B,False,True,Miami Marlins,Chicago White Sox,home,1,1,0,0,5,2,1,1,0,1,0,3,3,,,,,,,,,,,,
2026-03-30,c2578c3f-9eca-5374-ba9e-a8bdf72ea5da,Graham Pauley,606dcc64-c72e-5d4a-9d8c-d61117112980,3B,False,True,Miami Marlins,Chicago White Sox,home,0,0,0,0,2,0,0,2,0,0,0,0,0,,,,,,,,,,,,
2026-03-30,c2578c3f-9eca-5374-ba9e-a8bdf72ea5da,Michael Petersen,f955d93e-111b-59a6-963b-8112b68d110b,P,True,False,Miami Marlins,Chicago White Sox,home,,,,,,,,,,,,,,1,3,1,0,0,0,0,,11,0,0.3333333333333333,9.0
2026-03-30,c2578c3f-9eca-5374-ba9e-a8bdf72ea5da,Liam Hicks,0d5739d9-0891-5f5a-b4f5-07b6afa2f305,C,False,True,Miami Marlins,Chicago White Sox,home,1,0,0,1,4,2,0,1,0,1,3,6,5,,,,,,,,,,,,
2026-03-30,c2578c3f-9eca-5374-ba9e-a8bdf72ea5da,Owen Caissie,6ae28905-0bc7-52c6-ba9c-af2410655745,RF,False,True,Miami Marlins,Chicago White Sox,home,0,0,0,0,4,0,1,1,0,0,0,0,0,,,,,,,,,,,,
2026-03-30,c2578c3f-9eca-5374-ba9e-a8bdf72ea5da,Agustín Ramírez,c2ec4144-0214-50b3-8140-01ede6f247c1,DH,False,False,Miami Marlins,Chicago White Sox,home,0,0,0,0,4,0,0,2,0,0,0,0,0,,,,,,,,,,,,
2026-03-30,c2578c3f-9eca-5374-ba9e-a8bdf72ea5da,Connor Norby,5ca1b2d6-2131-5835-989f-db6fc411a6b8,1B,False,True,Miami Marlins,Chicago White Sox,home,0,0,0,0,4,0,0,1,0,0,0,0,0,,,,,,,,,,,,
2026-03-30,c2578c3f-9eca-5374-ba9e-a8bdf72ea5da,Chris Paddack,b588658b-5a20-5239-83d2-ae932d5b68f3,P,True,True,Miami Marlins,Chicago White Sox,home,,,,,,,,,,,,,,4,12,6,0,8,2,8,,79,8,0.5,13.5
2026-03-30,c2578c3f-9eca-5374-ba9e-a8bdf72ea5da,Austin Slater,c3be49f3-e4ef-52f8-b306-784ed1be703e,PH,False,False,Miami Marlins,Chicago White Sox,home,0,0,0,0,1,0,0,1,0,0,0,0,0,,,,,,,,,,,,
2026-03-30,c2578c3f-9eca-5374-ba9e-a8bdf72ea5da,Otto Lopez,5fd2366a-e489-58b4-8ad3-0c6eaaff57c9,SS,False,True,Miami Marlins,Chicago White Sox,home,1,0,0,0,4,1,0,1,0,0,0,1,1,,,,,,,,,,,,
2026-03-30,c2578c3f-9eca-5374-ba9e-a8bdf72ea5da,Lenyn Sosa,63526b54-bb98-5442-a5ec-b6f09cb03c58,2B,False,True,Chicago White Sox,Miami Marlins,away,0,0,0,0,4,0,0,1,0,0,0,0,0,,,,,,,,,,,,
2026-03-30,c2578c3f-9eca-5374-ba9e-a8bdf72ea5da,Tristan Peters,574e45bf-8e75-5762-ba59-2684060d441c,CF,False,True,Chicago White Sox,Miami Marlins,away,2,0,0,0,3,2,0,1,0,1,0,3,2,,,,,,,,,,,,
2026-03-30,c2578c3f-9eca-5374-ba9e-a8bdf72ea5da,Davis Martin,06ecda0b-a813-521c-86de-3c028e79cae9,P,True,True,Chicago White Sox,Miami Marlins,away,,,,,,,,,,,,,,5,15,6,2,5,1,3,,92,3,0.4,10.8
2026-03-30,c2578c3f-9eca-5374-ba9e-a8bdf72ea5da,Luisangel Acuña,02ae1abb-7737-5f3c-97fa-343ed56b2a95,SS,False,True,Chicago White Sox,Miami Marlins,away,0,0,0,0,4,0,1,1,2,2,0,2,0,,,,,,,,,,,,
2026-03-30,c2578c3f-9eca-5374-ba9e-a8bdf72ea5da,Munetaka Murakami,5ef6bdd4-00f0-5b87-b02a-2ad78752c1aa,DH,False,False,Chicago White Sox,Miami Marlins,away,1,0,0,0,5,1,0,1,0,1,0,2,1,,,,,,,,,,,,
2026-03-30,c2578c3f-9eca-5374-ba9e-a8bdf72ea5da,Colson Montgomery,e16341a7-cdfb-58eb-93e1-88a182b5acbb,3B,False,True,Chicago White Sox,Miami Marlins,away,1,0,0,0,4,1,0,2,0,0,0,1,1,,,,,,,,,,,,
2026-03-30,c2578c3f-9eca-5374-ba9e-a8bdf72ea5da,Austin Hays,f66b4ccd-b4ce-5914-9cc5-790cbd311cac,LF,False,True,Chicago White Sox,Miami Marlins,away,0,0,0,1,5,1,0,4,0,1,3,5,4,,,,,,,,,,,,
2026-03-30,c2578c3f-9eca-5374-ba9e-a8bdf72ea5da,Edgar Quero,3a107cbc-e2a4-581e-a7a7-4062370df3ac,C,False,True,Chicago White Sox,Miami Marlins,away,0,0,0,0,4,0,0,0,0,0,0,0,0,,,,,,,,,,,,
2026-03-30,c2578c3f-9eca-5374-ba9e-a8bdf72ea5da,Sean Newcomb,c03e558f-dd6f-5180-8a00-f64b635bf442,P,True,False,Chicago White Sox,Miami Marlins,away,,,,,,,,,,,,,,2.2,8,5,1,3,0,1,,51,1,0.625,16.875
2026-03-30,c2578c3f-9eca-5374-ba9e-a8bdf72ea5da,Jordan Hicks,66d7d9b2-6764-5c4c-a5d1-31cc86354598,P,True,False,Chicago White Sox,Miami Marlins,away,,,,,,,,,,,,,,1.1,4,1,1,0,0,0,,13,0,0.25,6.75
2026-03-30,c2578c3f-9eca-5374-ba9e-a8bdf72ea5da,Everson Pereira,737ee719-b640-52d5-8a87-e3ebc4690cd3,RF,False,True,Chicago White Sox,Miami Marlins,away,1,1,0,0,4,2,0,0,0,2,0,4,3,,,,,,,,,,,,
2026-03-30,c2578c3f-9eca-5374-ba9e-a8bdf72ea5da,Derek Hill,4b2fe8d0-5868-548f-8cbb-605feabbba95,CF,False,False,Chicago White Sox,Miami Marlins,away,0,0,0,0,1,0,1,0,0,0,0,0,0,,,,,,,,,,,,
2026-03-30,c2578c3f-9eca-5374-ba9e-a8bdf72ea5da,Miguel Vargas,62addef8-7bda-57cd-a2aa-6821f9ad6427,1B,False,True,Chicago White Sox,Miami Marlins,away,1,0,0,1,5,2,0,0,0,2,6,10,5,,,,,,,,,,,,
2026-03-30,9dc436a5-3352-59bf-bd18-5b58f9f12311,Elly De La Cruz,7fd536ef-9553-5c83-9d6b-4584793b4a26,SS,False,True,Cincinnati Reds,Pittsburgh Pirates,home,1,0,0,0,4,1,1,1,0,0,0,1,1,,,,,,,,,,,,
2026-03-30,9dc436a5-3352-59bf-bd18-5b58f9f12311,Dane Myers,4afd868e-eb1d-5af8-bff0-99ce9b1bf670,CF,False,False,Cincinnati Reds,Pittsburgh Pirates,home,0,0,0,0,0,0,0,0,0,0,0,0,0,,,,,,,,,,,,
2026-03-30,9dc436a5-3352-59bf-bd18-5b58f9f12311,Sal Stewart,87ada644-a3be-5013-bfc9-a696f4bfb4ee,1B,False,True,Cincinnati Reds,Pittsburgh Pirates,home,1,0,0,0,4,1,2,1,0,1,0,2,1,,,,,,,,,,,,
2026-03-30,9dc436a5-3352-59bf-bd18-5b58f9f12311,Jose Franco,68fad749-e73a-5257-be64-d731d70e1396,P,True,False,Cincinnati Reds,Pittsburgh Pirates,home,,,,,,,,,,,,,,1.2,5,0,0,3,0,0,,35,0,0.0,0.0
2026-03-30,9dc436a5-3352-59bf-bd18-5b58f9f12311,Matt McLain,f7624c99-f5cf-56e9-8b5d-cdc4402e8af7,2B,False,True,Cincinnati Reds,Pittsburgh Pirates,home,0,0,0,0,4,0,0,0,0,0,0,0,0,,,,,,,,,,,,
2026-03-30,9dc436a5-3352-59bf-bd18-5b58f9f12311,Ke'Bryan Hayes,5ac4617a-322b-54c3-97a6-21a85177db00,3B,False,True,Cincinnati Reds,Pittsburgh Pirates,home,0,0,0,0,3,0,1,0,0,0,0,0,0,,,,,,,,,,,,
2026-03-30,9dc436a5-3352-59bf-bd18-5b58f9f12311,Will Benson,3af6fc09-0d15-5805-832b-1e331a51fd8f,RF,False,True,Cincinnati Reds,Pittsburgh Pirates,home,0,0,1,0,3,1,0,1,0,0,1,2,3,,,,,,,,,,,,
2026-03-30,9dc436a5-3352-59bf-bd18-5b58f9f12311,TJ Friedl,0a711a2b-282c-5649-94b9-8b048f484f0b,LF,False,True,Cincinnati Reds,Pittsburgh Pirates,home,0,0,0,0,4,0,1,1,0,0,0,0,0,,,,,,,,,,,,
2026-03-30,9dc436a5-3352-59bf-bd18-5b58f9f12311,Spencer Steer,2e1a3d24-542e-5cd2-b6ac-11416bb79c96,1B,False,True,Cincinnati Reds,Pittsburgh Pirates,home,0,0,0,0,3,0,0,0,0,0,1,1,0,,,,,,,,,,,,
2026-03-30,9dc436a5-3352-59bf-bd18-5b58f9f12311,Connor Phillips,329f0ee2-9252-5cba-b8d8-9be8c0af3d16,P,True,False,Cincinnati Reds,Pittsburgh Pirates,home,,,,,,,,,,,,,,1,3,1,2,0,0,0,,20,0,0.3333333333333333,9.0
2026-03-30,9dc436a5-3352-59bf-bd18-5b58f9f12311,Graham Ashcraft,ae98a0ca-c804-56c2-9e38-be2f024c449c,P,True,False,Cincinnati Reds,Pittsburgh Pirates,home,,,,,,,,,,,,,,1.1,4,3,0,0,0,0,,18,0,0.75,20.25
2026-03-30,9dc436a5-3352-59bf-bd18-5b58f9f12311,Tyler Stephenson,84ffb64d-831d-5b54-bb2d-dbc37cb5cb5c,C,False,True,Cincinnati Reds,Pittsburgh Pirates,home,0,0,0,0,3,0,0,1,0,0,0,0,0,,,,,,,,,,,,
2026-03-30,9dc436a5-3352-59bf-bd18-5b58f9f12311,Eugenio Suárez,09da9ec7-2b7c-5ea9-b2f8-9cdd0fdb7f8b,DH,False,False,Cincinnati Reds,Pittsburgh Pirates,home,1,0,0,0,4,1,0,2,0,1,0,2,1,,,,,,,,,,,,
2026-03-30,9dc436a5-3352-59bf-bd18-5b58f9f12311,Chase Burns,d92449d1-6654-5412-a41a-55c308d3760b,P,True,True,Cincinnati Reds,Pittsburgh Pirates,home,,,,,,,,,,,,,,5,15,7,3,1,0,0,,78,0,0.4666666666666667,12.6
2026-03-30,9dc436a5-3352-59bf-bd18-5b58f9f12311,Spencer Horwitz,d94f34aa-a84a-53a8-b552-cc31e58a6ff4,1B,False,True,Pittsburgh Pirates,Cincinnati Reds,away,1,0,0,0,4,1,0,1,0,0,0,1,1,,,,,,,,,,,,
2026-03-30,9dc436a5-3352-59bf-bd18-5b58f9f12311,Brandon Lowe,01a36894-6133-59b2-8a70-8948f1acd43b,2B,False,True,Pittsburgh Pirates,Cincinnati Reds,away,1,0,0,0,4,1,2,1,0,0,0,1,1,,,,,,,,,,,,
2026-03-30,9dc436a5-3352-59bf-bd18-5b58f9f12311,Bryan Reynolds,141b2899-de5b-5dc9-b9f4-e519b8211bb2,LF,False,True,Pittsburgh Pirates,Cincinnati Reds,away,0,0,0,0,4,0,0,1,0,0,0,0,0,,,,,,,,,,,,
2026-03-30,9dc436a5-3352-59bf-bd18-5b58f9f12311,Oneil Cruz,508aae39-e756-5c0b-aceb-61dcb5848fe3,CF,False,True,Pittsburgh Pirates,Cincinnati Reds,away,0,0,0,0,4,0,0,2,0,0,0,0,0,,,,,,,,,,,,
2026-03-30,9dc436a5-3352-59bf-bd18-5b58f9f12311,Jared Triolo,b3830745-d362-5cb9-9a24-395ac01a9fa6,SS,False,True,Pittsburgh Pirates,Cincinnati Reds,away,0,0,0,0,4,0,0,2,0,0,0,0,0,,,,,,,,,,,,
2026-03-30,9dc436a5-3352-59bf-bd18-5b58f9f12311,Isaac Mattson,8e8ee4ae-fa01-5f8d-a428-70b224343805,P,True,False,Pittsburgh Pirates,Cincinnati Reds,away,,,,,,,,,,,,,,1,3,1,1,0,0,0,,15,0,0.3333333333333333,9.0
2026-03-30,9dc436a5-3352-59bf-bd18-5b58f9f12311,Billy Cook,5b749f94-01ec-5c92-96f9-666b6cb896c7,PR,False,False,Pittsburgh Pirates,Cincinnati Reds,away,0,0,0,0,0,0,0,0,0,0,0,0,0,,,,,,,,,,,,
2026-03-30,9dc436a5-3352-59bf-bd18-5b58f9f12311,Henry Davis,0f944710-fb93-58f9-bdbf-2ecc18548deb,C,False,True,Pittsburgh Pirates,Cincinnati Reds,away,0,0,0,0,3,0,0,3,0,0,0,0,0,,,,,,,,,,,,
2026-03-30,9dc436a5-3352-59bf-bd18-5b58f9f12311,Justin Lawrence,ea05ee5a-4383-5989-ae85-5a30169627c9,P,True,False,Pittsburgh Pirates,Cincinnati Reds,away,,,,,,,,,,,,,,1,3,3,0,0,0,0,,16,0,1.0,27.0
2026-03-30,9dc436a5-3352-59bf-bd18-5b58f9f12311,Ryan O'Hearn,bffaa283-7254-53ef-91d3-5520a44d1888,RF,False,True,Pittsburgh Pirates,Cincinnati Reds,away,1,0,0,0,4,1,2,0,0,0,0,1,1,,,,,,,,,,,,
2026-03-30,9dc436a5-3352-59bf-bd18-5b58f9f12311,Nick Gonzales,874ea46d-0569-5ecc-85e6-b448bfe30555,3B,False,True,Pittsburgh Pirates,Cincinnati Reds,away,1,0,0,0,4,1,0,0,1,0,0,1,1,,,,,,,,,,,,
2026-03-30,9dc436a5-3352-59bf-bd18-5b58f9f12311,Marcell Ozuna,bef29d2e-a08c-5c3f-8b74-f3c204725a37,DH,False,False,Pittsburgh Pirates,Cincinnati Reds,away,0,0,0,0,4,0,1,1,0,0,0,0,0,,,,,,,,,,,,
2026-03-30,9dc436a5-3352-59bf-bd18-5b58f9f12311,Braxton Ashcraft,2c711a83-35d1-5a49-94c8-b4be78da7ddd,P,True,True,Pittsburgh Pirates,Cincinnati Reds,away,,,,,,,,,,,,,,6,18,3,4,4,0,2,,87,2,0.16666666666666666,4.5
2026-03-30,230564f9-3f5e-5fbb-b164-d6d42e59dafb,Brandon Marsh,428a913a-6990-5ebc-a53f-fe331b036c25,CF,False,True,Philadelphia Phillies,Washington Nationals,home,2,0,0,0,4,2,1,0,0,1,0,3,2,,,,,,,,,,,,
2026-03-30,230564f9-3f5e-5fbb-b164-d6d42e59dafb,José Alvarado,d1837532-3287-57d6-8c2e-0d4e7348acef,P,True,False,Philadelphia Phillies,Washington Nationals,home,,,,,,,,,,,,,,0.1,1,1,2,3,0,4,,29,4,1.0,27.0
2026-03-30,230564f9-3f5e-5fbb-b164-d6d42e59dafb,Bryce Harper,c9b6441c-da6d-5f6d-bb63-857c121017fa,1B,False,True,Philadelphia Phillies,Washington Nationals,home,0,0,0,0,5,0,0,1,0,0,0,0,0,,,,,,,,,,,,
2026-03-30,230564f9-3f5e-5fbb-b164-d6d42e59dafb,Edmundo Sosa,4fbe024f-4d5b-5042-8ca2-06f8ecd6d580,2B,False,True,Philadelphia Phillies,Washington Nationals,home,0,0,0,0,4,0,0,1,0,0,0,0,0,,,,,,,,,,,,
2026-03-30,230564f9-3f5e-5fbb-b164-d6d42e59dafb,Alec Bohm,9bbc34c0-5769-5c7f-8cf4-607f25730d26,3B,False,True,Philadelphia Phillies,Washington Nationals,home,0,0,0,0,4,0,0,1,0,0,0,0,0,,,,,,,,,,,,
2026-03-30,230564f9-3f5e-5fbb-b164-d6d42e59dafb,Jonathan Bowlan,1cdb12e1-607f-5f88-a956-1e42c389d1a3,P,True,False,Philadelphia Phillies,Washington Nationals,home,,,,,,,,,,,,,,1.1,4,1,0,3,0,2,,26,2,0.25,6.75
2026-03-30,230564f9-3f5e-5fbb-b164-d6d42e59dafb,Tim Mayza,0601d6fa-5723-5116-a76f-298c86d49662,P,True,False,Philadelphia Phillies,Washington Nationals,home,,,,,,,,,,,,,,2,6,2,0,0,0,0,,23,0,0.3333333333333333,9.0
2026-03-30,230564f9-3f5e-5fbb-b164-d6d42e59dafb,Kyle Schwarber,a60a2cbf-f012-56e9-acc4-184d76ff8219,DH,False,False,Philadelphia Phillies,Washington Nationals,home,0,0,0,0,5,0,1,2,0,0,0,0,0,,,,,,,,,,,,
2026-03-30,230564f9-3f5e-5fbb-b164-d6d42e59dafb,Otto Kemp,0bee2d6f-b61f-5378-8451-2de962a9d75c,LF,False,True,Philadelphia Phillies,Washington Nationals,home,1,0,0,0,4,1,0,2,0,0,0,1,1,,,,,,,,,,,,
2026-03-30,230564f9-3f5e-5fbb-b164-d6d42e59dafb,Taijuan Walker,e9a48409-4a76-5acb-a5e6-c1e4e1a95a51,P,True,True,Philadelphia Phillies,Washington Nationals,home,,,,,,,,,,,,,,4.2,14,2,3,10,0,6,,99,7,0.14285714285714285,3.8571428571428568
2026-03-30,230564f9-3f5e-5fbb-b164-d6d42e59dafb,Rafael Marchán,15bf5ab1-70c4-5bcb-aaf1-be017ca47afd,C,False,True,Philadelphia Phillies,Washington Nationals,home,0,0,0,1,4,1,0,0,0,1,2,4,4,,,,,,,,,,,,
2026-03-30,230564f9-3f5e-5fbb-b164-d6d42e59dafb,Dylan Moore,91fc5f77-4de9-51ed-8457-5e5afbe85510,P,True,False,Philadelphia Phillies,Washington Nationals,home,,,,,,,,,,,,,,0.2,2,0,0,1,0,0,,8,0,0.0,0.0
2026-03-30,230564f9-3f5e-5fbb-b164-d6d42e59dafb,Adolis García,2c62b85f-73e6-5aff-af94-15901f508fb2,RF,False,True,Philadelphia Phillies,Washington Nationals,home,1,1,0,0,4,2,0,0,0,0,0,2,3,,,,,,,,,,,,
2026-03-30,230564f9-3f5e-5fbb-b164-d6d42e59dafb,Trea Turner,f38b6d42-2ac2-5480-adbc-729df0f14126,SS,False,True,Philadelphia Phillies,Washington Nationals,home,0,1,0,0,5,1,0,2,0,0,0,1,2,,,,,,,,,,,,
2026-03-30,230564f9-3f5e-5fbb-b164-d6d42e59dafb,Brady House,9feee2d5-f011-5be3-91f0-b7e2597e0107,3B,False,True,Washington Nationals,Philadelphia Phillies,away,2,0,0,0,6,2,0,2,0,1,1,4,2,,,,,,,,,,,,
2026-03-30,230564f9-3f5e-5fbb-b164-d6d42e59dafb,CJ Abrams,41388dc3-6936-557e-b1ee-d12bd42cb0ef,SS,False,True,Washington Nationals,Philadelphia Phillies,away,2,0,0,0,6,2,0,0,0,1,1,4,2,,,,,,,,,,,,
2026-03-30,230564f9-3f5e-5fbb-b164-d6d42e59dafb,Drew Millas,4ed01cdc-a11e-5925-ae16-e8eef2ecabea,C,False,True,Washington Nationals,Philadelphia Phillies,away,1,0,0,0,5,1,1,1,0,0,1,2,1,,,,,,,,,,,,
2026-03-30,230564f9-3f5e-5fbb-b164-d6d42e59dafb,Jorbit Vivas,fdbd86ba-3c8c-5410-8547-5624b69d521e,2B,False,True,Washington Nationals,Philadelphia Phillies,away,2,0,0,0,5,2,1,0,0,2,1,5,2,,,,,,,,,,,,
2026-03-30,230564f9-3f5e-5fbb-b164-d6d42e59dafb,Joey Wiemer,25dc5f48-c6df-51d8-9751-71b23bc9ae81,CF,False,True,Washington Nationals,Philadelphia Phillies,away,2,0,0,0,5,2,1,0,0,2,0,4,2,,,,,,,,,,,,
2026-03-30,230564f9-3f5e-5fbb-b164-d6d42e59dafb,Cole Henry,68434c49-54d6-5fc8-9d57-d1431b1ae69c,P,True,False,Washington Nationals,Philadelphia Phillies,away,,,,,,,,,,,,,,1,3,1,1,1,0,0,,18,0,0.3333333333333333,9.0
2026-03-30,230564f9-3f5e-5fbb-b164-d6d42e59dafb,Brad Lord,018ef96e-0dfa-57b7-92a2-398fea8a9576,P,True,False,Washington Nationals,Philadelphia Phillies,away,,,,,,,,,,,,,,3,9,3,1,1,0,0,,51,0,0.3333333333333333,9.0
2026-03-30,230564f9-3f5e-5fbb-b164-d6d42e59dafb,Daylen Lile,3b2cb564-a3bb-5ec4-8464-227b212049f9,LF,False,True,Washington Nationals,Philadelphia Phillies,away,1,1,0,0,6,2,0,0,0,2,2,6,3,,,,,,,,,,,,
2026-03-30,230564f9-3f5e-5fbb-b164-d6d42e59dafb,José Tena,f88f88e8-a622-5f2d-95ca-0973e791aca0,DH,False,False,Washington Nationals,Philadelphia Phillies,away,3,0,0,0,5,3,0,1,0,2,2,7,3,,,,,,,,,,,,
2026-03-30,230564f9-3f5e-5fbb-b164-d6d42e59dafb,James Wood,3089b190-81f6-5e6c-ba91-a8d4cdf0be3a,RF,False,True,Washington Nationals,Philadelphia Phillies,away,0,1,0,0,6,1,2,2,0,2,1,4,2,,,,,,,,,,,,
2026-03-30,230564f9-3f5e-5fbb-b164-d6d42e59dafb,Foster Griffin,63a7f4b1-f728-54cf-b050-1aaf0d692452,P,True,True,Washington Nationals,Philadelphia Phillies,away,,,,,,,,,,,,,,5,15,5,0,5,1,2,,86,2,0.3333333333333333,9.0
2026-03-30,230564f9-3f5e-5fbb-b164-d6d42e59dafb,Luis García Jr.,a615adb8-655d-531d-a63e-5a267e66845b,1B,False,True,Washington Nationals,Philadelphia Phillies,away,1,1,0,0,6,2,0,0,0,1,3,6,3,,,,,,,,,,,,
2026-03-30,7fad8d3f-e706-519b-a21f-e913e730e3fa,Spencer Miles,58ef192a-29d2-5ab4-b3c3-e23d56fe1dd3,P,True,False,Toronto Blue Jays,Colorado Rockies,home,,,,,,,,,,,,,,1.2,5,2,1,3,1,3,,41,3,0.4,10.799999999999999
2026-03-30,7fad8d3f-e706-519b-a21f-e913e730e3fa,Louis Varland,43a301da-e095-5382-ac97-cdfd89964564,P,True,False,Toronto Blue Jays,Colorado Rockies,home,,,,,,,,,,,,,,1.1,4,3,0,2,0,0,,30,1,0.75,20.25
2026-03-30,7fad8d3f-e706-519b-a21f-e913e730e3fa,Brendon Little,c8e0f7f5-bee7-54d5-95e8-690e3210fa3f,P,True,False,Toronto Blue Jays,Colorado Rockies,home,,,,,,,,,,,,,,0.2,2,1,1,4,0,4,,30,4,0.5,13.5
2026-03-30,7fad8d3f-e706-519b-a21f-e913e730e3fa,Ernie Clement,988f69d3-1ea5-5410-b27c-6ff47e783156,3B,False,True,Toronto Blue Jays,Colorado Rockies,home,1,0,0,0,4,1,0,0,0,0,0,1,1,,,,,,,,,,,,
2026-03-30,7fad8d3f-e706-519b-a21f-e913e730e3fa,Daulton Varsho,c87cf210-4b8f-50d7-bfd9-fa6cf7616329,CF,False,True,Toronto Blue Jays,Colorado Rockies,home,0,0,0,0,3,0,0,1,0,0,0,0,0,,,,,,,,,,,,
2026-03-30,7fad8d3f-e706-519b-a21f-e913e730e3fa,Andrés Giménez,0fa89082-0ded-58c2-8fab-9feb8319955a,SS,False,True,Toronto Blue Jays,Colorado Rockies,home,0,0,0,1,4,1,1,0,0,1,1,3,4,,,,,,,,,,,,
2026-03-30,7fad8d3f-e706-519b-a21f-e913e730e3fa,Cody Ponce,1fc919ef-e65f-577c-b410-ab2aed03c75d,P,True,True,Toronto Blue Jays,Colorado Rockies,home,,,,,,,,,,,,,,2.1,7,3,1,1,0,1,,47,1,0.42857142857142855,11.571428571428571
2026-03-30,7fad8d3f-e706-519b-a21f-e913e730e3fa,Davis Schneider,eac368f3-49d7-52aa-8a4a-5ada98dd9f58,2B,False,False,Toronto Blue Jays,Colorado Rockies,home,0,0,0,1,1,1,0,0,0,1,2,4,4,,,,,,,,,,,,
2026-03-30,7fad8d3f-e706-519b-a21f-e913e730e3fa,Nathan Lukes,0f9ba003-89a6-5719-aa08-c6f05477a4e5,CF,False,False,Toronto Blue Jays,Colorado Rockies,home,0,0,0,0,1,0,0,0,0,0,0,0,0,,,,,,,,,,,,
2026-03-30,7fad8d3f-e706-519b-a21f-e913e730e3fa,Addison Barger,acbb27ca-7bd0-5f3b-8d74-1400045fb79c,RF,False,True,Toronto Blue Jays,Colorado Rockies,home,0,0,0,0,4,0,0,2,0,0,0,0,0,,,,,,,,,,,,
2026-03-30,7fad8d3f-e706-519b-a21f-e913e730e3fa,George Springer,b12c925d-b511-5331-a994-839ab4c086ad,DH,False,False,Toronto Blue Jays,Colorado Rockies,home,0,0,0,1,5,1,0,2,0,1,1,3,4,,,,,,,,,,,,
2026-03-30,7fad8d3f-e706-519b-a21f-e913e730e3fa,Tyler Heineman,6685aac3-5a12-5745-963c-5c43af83f729,P,True,False,Toronto Blue Jays,Colorado Rockies,home,,,,,,,,,,,,,,2,6,0,1,7,1,5,,27,5,0.0,0.0
2026-03-30,7fad8d3f-e706-519b-a21f-e913e730e3fa,Tyler Rogers,c9270751-0889-57fe-8766-f58a19b2dbda,P,True,False,Toronto Blue Jays,Colorado Rockies,home,,,,,,,,,,,,,,1,3,1,0,0,0,0,,10,0,0.3333333333333333,9.0
2026-03-30,7fad8d3f-e706-519b-a21f-e913e730e3fa,Vladimir Guerrero Jr.,c652a6fb-0803-556b-a03b-9fed12cedf9b,1B,False,True,Toronto Blue Jays,Colorado Rockies,home,0,0,0,0,3,0,0,1,0,0,0,0,0,,,,,,,,,,,,
2026-03-30,7fad8d3f-e706-519b-a21f-e913e730e3fa,Jesús Sánchez,62480674-d120-5cd2-bdd3-05c3cbecd240,LF,False,True,Toronto Blue Jays,Colorado Rockies,home,2,0,0,0,5,2,1,0,0,1,0,3,2,,,,,,,,,,,,
2026-03-30,7fad8d3f-e706-519b-a21f-e913e730e3fa,Alejandro Kirk,8676c14f-6022-5f84-8f02-86c9aceff281,C,False,True,Toronto Blue Jays,Colorado Rockies,home,0,0,0,0,4,0,1,1,0,0,0,0,0,,,,,,,,,,,,
2026-03-30,7fad8d3f-e706-519b-a21f-e913e730e3fa,Kazuma Okamoto,d79d11dd-a762-5962-aed1-9e87c656e5fc,1B,False,True,Toronto Blue Jays,Colorado Rockies,home,0,0,0,1,4,1,1,2,0,1,1,3,4,,,,,,,,,,,,
2026-03-30,7fad8d3f-e706-519b-a21f-e913e730e3fa,Jake McCarthy,6997ae3d-a342-5d04-a267-91d371938d45,CF,False,True,Colorado Rockies,Toronto Blue Jays,away,0,0,0,0,3,0,0,0,1,0,1,1,0,,,,,,,,,,,,
2026-03-30,7fad8d3f-e706-519b-a21f-e913e730e3fa,Troy Johnston,09dd2789-8b43-5f74-a5fd-89e6f73d1d86,RF,False,True,Colorado Rockies,Toronto Blue Jays,away,1,0,0,1,5,2,0,1,0,1,2,5,5,,,,,,,,,,,,
2026-03-30,7fad8d3f-e706-519b-a21f-e913e730e3fa,Chase Dollander,2683c6e6-fdf0-5c9b-957d-b9b791c87104,P,True,False,Colorado Rockies,Toronto Blue Jays,away,,,,,,,,,,,,,,4,12,5,2,5,3,4,,74,4,0.4166666666666667,11.25
2026-03-30,7fad8d3f-e706-519b-a21f-e913e730e3fa,Braxton Fulford,b59a8154-324c-5982-abd7-0653bdad225f,DH,False,False,Colorado Rockies,Toronto Blue Jays,away,1,0,0,1,3,2,0,0,0,2,2,6,5,,,,,,,,,,,,
2026-03-30,7fad8d3f-e706-519b-a21f-e913e730e3fa,Willi Castro,1f049a5e-1a31-56fd-813c-95bc75d37525,2B,False,True,Colorado Rockies,Toronto Blue Jays,away,0,1,0,0,4,1,0,1,0,1,2,4,2,,,,,,,,,,,,
2026-03-30,7fad8d3f-e706-519b-a21f-e913e730e3fa,Edouard Julien,acdd1046-d6e4-53f4-90bb-fde2916b38bf,DH,False,False,Colorado Rockies,Toronto Blue Jays,away,0,0,0,0,2,0,0,2,0,0,0,0,0,,,,,,,,,,,,
2026-03-30,7fad8d3f-e706-519b-a21f-e913e730e3fa,Ryan Ritter,a5ac4133-e9c5-51c2-8d69-e70b0625b1ed,2B,False,False,Colorado Rockies,Toronto Blue Jays,away,1,0,0,0,2,1,0,0,0,1,0,2,1,,,,,,,,,,,,
2026-03-30,7fad8d3f-e706-519b-a21f-e913e730e3fa,Hunter Goodman,6144567b-eae1-58fa-9b5d-d2351f51c9e5,C,False,True,Colorado Rockies,Toronto Blue Jays,away,1,1,0,0,5,2,1,2,0,2,1,5,3,,,,,,,,,,,,
2026-03-30,7fad8d3f-e706-519b-a21f-e913e730e3fa,Tomoyuki Sugano,4b1ba1f7-0428-5aef-9742-307453b38b50,P,True,True,Colorado Rockies,Toronto Blue Jays,away,,,,,,,,,,,,,,4.2,14,4,2,2,1,1,,72,1,0.2857142857142857,7.7142857142857135
2026-03-30,7fad8d3f-e706-519b-a21f-e913e730e3fa,Jordan Beck,04d7ca3f-26de-5185-b982-e8a46a8c16e5,LF,False,True,Colorado Rockies,Toronto Blue Jays,away,0,0,0,0,5,0,1,0,1,1,0,1,0,,,,,,,,,,,,
2026-03-30,7fad8d3f-e706-519b-a21f-e913e730e3fa,Brett Sullivan,472c8c37-5a62-5577-b307-c676e02d7f52,C,False,False,Colorado Rockies,Toronto Blue Jays,away,0,0,0,0,1,0,1,0,0,0,0,0,0,,,,,,,,,,,,
2026-03-30,7fad8d3f-e706-519b-a21f-e913e730e3fa,Brenton Doyle,35509183-6eb7-5366-8a93-d9e7405d24ff,CF,False,False,Colorado Rockies,Toronto Blue Jays,away,1,1,0,0,3,2,0,0,0,2,0,4,3,,,,,,,,,,,,
2026-03-30,7fad8d3f-e706-519b-a21f-e913e730e3fa,Ezequiel Tovar,973d0ea7-2ba4-58b5-95ce-ce6704416d1a,SS,False,True,Colorado Rockies,Toronto Blue Jays,away,1,2,0,0,6,3,0,1,1,2,3,8,5,,,,,,,,,,,,
2026-03-30,7fad8d3f-e706-519b-a21f-e913e730e3fa,TJ Rumfield,8fbfa07a-ea2e-592e-9520-5bf531ada10d,1B,False,True,Colorado Rockies,Toronto Blue Jays,away,2,1,0,0,5,3,0,1,0,1,2,6,4,,,,,,,,,,,,
2026-03-30,7fad8d3f-e706-519b-a21f-e913e730e3fa,Jaden Hill,62f6d8ee-f3a0-53d1-9b8b-110daba56068,P,True,False,Colorado Rockies,Toronto Blue Jays,away,,,,,,,,,,,,,,0.1,1,0,0,0,0,0,,1,0,0.0,0.0
2026-03-30,7fad8d3f-e706-519b-a21f-e913e730e3fa,Kyle Karros,5aeefc0d-9862-57c9-b58f-ab21c2ce4404,3B,False,True,Colorado Rockies,Toronto Blue Jays,away,1,0,0,0,5,1,1,2,0,1,0,2,1,,,,,,,,,,,,
2026-03-30,4124b8c8-e338-5303-a660-01bca6f5a113,Jonah Heim,32bb2e46-6246-54f8-ab11-2bc1428519db,C,False,True,Atlanta Braves,Athletics,home,0,0,0,0,4,0,1,2,0,0,0,0,0,,,,,,,,,,,,
2026-03-30,4124b8c8-e338-5303-a660-01bca6f5a113,Robert Suarez,210de3d9-d0ff-5632-a4a4-6ab9221794db,P,True,False,Atlanta Braves,Athletics,home,,,,,,,,,,,,,,1,3,0,0,1,0,0,,18,0,0.0,0.0
2026-03-30,4124b8c8-e338-5303-a660-01bca6f5a113,Michael Harris II,cff14015-b6ae-555e-a442-60e9ddb08b61,CF,False,True,Atlanta Braves,Athletics,home,0,0,0,0,4,0,0,0,0,0,0,0,0,,,,,,,,,,,,
2026-03-30,4124b8c8-e338-5303-a660-01bca6f5a113,Mauricio Dubón,47d09ee0-3ea8-5df2-b34c-c6fd76faa3fb,SS,False,True,Atlanta Braves,Athletics,home,3,0,0,0,4,3,0,1,0,0,3,6,3,,,,,,,,,,,,
2026-03-30,4124b8c8-e338-5303-a660-01bca6f5a113,Drake Baldwin,1e5f1f08-e9ec-57db-b15f-c1ec8d14d85e,DH,False,False,Atlanta Braves,Athletics,home,1,0,0,0,4,1,0,0,0,1,0,2,1,,,,,,,,,,,,
2026-03-30,4124b8c8-e338-5303-a660-01bca6f5a113,Matt Olson,fa607d2a-7f47-5352-8330-cb074e809054,1B,False,True,Atlanta Braves,Athletics,home,0,1,0,0,4,1,1,0,0,1,1,3,2,,,,,,,,,,,,
2026-03-30,4124b8c8-e338-5303-a660-01bca6f5a113,Ronald Acuña Jr.,bf408b79-82a4-5a4a-bb2f-6bdbef2af3cc,RF,False,True,Atlanta Braves,Athletics,home,1,1,0,0,4,2,2,0,1,1,0,3,3,,,,,,,,,,,,
2026-03-30,4124b8c8-e338-5303-a660-01bca6f5a113,Aaron Bummer,691827dd-52ff-5305-aa35-49eeb2907693,P,True,False,Atlanta Braves,Athletics,home,,,,,,,,,,,,,,1,3,2,0,1,0,0,,13,0,0.6666666666666666,18.0
2026-03-30,4124b8c8-e338-5303-a660-01bca6f5a113,Eli White,834441df-51be-58ee-b9ae-8897115e2079,LF,False,True,Atlanta Braves,Athletics,home,0,0,0,0,2,0,1,0,0,0,0,0,0,,,,,,,,,,,,
2026-03-30,4124b8c8-e338-5303-a660-01bca6f5a113,Ozzie Albies,360c17ce-8588-52bd-b86a-6621a43f1bac,2B,False,True,Atlanta Braves,Athletics,home,1,0,0,0,4,1,0,0,0,0,0,1,1,,,,,,,,,,,,
2026-03-30,4124b8c8-e338-5303-a660-01bca6f5a113,Raisel Iglesias,9ce53798-a3c9-5d3d-ace5-e7568226d255,P,True,False,Atlanta Braves,Athletics,home,,,,,,,,,,,,,,1,3,0,0,0,0,0,,8,0,0.0,0.0
2026-03-30,4124b8c8-e338-5303-a660-01bca6f5a113,Austin Riley,3ae0fd65-efd0-5a3b-872b-7150b0c699aa,3B,False,True,Atlanta Braves,Athletics,home,0,0,0,0,4,0,0,1,0,0,0,0,0,,,,,,,,,,,,
2026-03-30,4124b8c8-e338-5303-a660-01bca6f5a113,Mike Yastrzemski,1a244f8f-82ee-555a-b1af-aa44b0f2ff31,LF,False,False,Atlanta Braves,Athletics,home,0,0,1,0,2,1,0,0,0,1,0,2,3,,,,,,,,,,,,
2026-03-30,4124b8c8-e338-5303-a660-01bca6f5a113,Bryce Elder,7e2a3aa0-9770-5681-8913-e01ab254ef8e,P,True,True,Atlanta Braves,Athletics,home,,,,,,,,,,,,,,6,18,5,1,5,0,0,,83,0,0.2777777777777778,7.5
2026-03-30,4124b8c8-e338-5303-a660-01bca6f5a113,Lawrence Butler,84b3c88a-5eef-5848-9e2c-a9f0eabd6386,CF,False,True,Athletics,Atlanta Braves,away,1,0,0,0,4,1,0,1,0,0,0,1,1,,,,,,,,,,,,
2026-03-30,4124b8c8-e338-5303-a660-01bca6f5a113,Brent Rooker,9d82601b-b14e-5a63-a224-362d63a93501,DH,False,False,Athletics,Atlanta Braves,away,2,0,0,0,4,2,0,0,0,0,0,2,2,,,,,,,,,,,,
2026-03-30,4124b8c8-e338-5303-a660-01bca6f5a113,Jeff McNeil,3ef9318f-5a03-5a7f-8df9-f326e49cfb1e,RF,False,True,Athletics,Atlanta Braves,away,0,0,0,0,3,0,0,1,0,0,0,0,0,,,,,,,,,,,,
2026-03-30,4124b8c8-e338-5303-a660-01bca6f5a113,Justin Sterner,88c53013-e5f7-5271-bb17-7e64ce8a9cf9,P,True,False,Athletics,Atlanta Braves,away,,,,,,,,,,,,,,1,3,2,0,0,0,0,,11,0,0.6666666666666666,18.0
2026-03-30,4124b8c8-e338-5303-a660-01bca6f5a113,Carlos Cortes,b10e4d13-0c9b-592c-99f9-974bebe386f0,RF,False,True,Athletics,Atlanta Braves,away,0,1,0,0,2,1,1,0,0,0,0,1,2,,,,,,,,,,,,
2026-03-30,4124b8c8-e338-5303-a660-01bca6f5a113,Michael Kelly,8364c84b-4702-5754-9b11-261a5a00aa16,P,True,False,Athletics,Atlanta Braves,away,,,,,,,,,,,,,,1,3,1,0,2,0,1,,15,1,0.3333333333333333,9.0
2026-03-30,4124b8c8-e338-5303-a660-01bca6f5a113,Jacob Lopez,82d4a906-3780-5dbd-afaa-74b0127e03c9,P,True,True,Athletics,Atlanta Braves,away,,,,,,,,,,,,,,4,12,0,5,5,0,3,,91,3,0.0,0.0
2026-03-30,4124b8c8-e338-5303-a660-01bca6f5a113,Max Muncy,499ef8b1-1d5e-5c2f-82bf-73bceec786a2,3B,False,True,Athletics,Atlanta Braves,away,0,1,0,0,4,1,0,1,0,0,0,1,2,,,,,,,,,,,,
2026-03-30,4124b8c8-e338-5303-a660-01bca6f5a113,Tyler Soderstrom,1a12af09-5e6b-518c-9285-c9f3e9156573,LF,False,True,Athletics,Atlanta Braves,away,2,0,0,0,4,2,0,0,0,0,0,2,2,,,,,,,,,,,,
2026-03-30,4124b8c8-e338-5303-a660-01bca6f5a113,Elvis Alvarado,ad6fc5eb-250b-51ca-8385-a9e11ebf07be,P,True,False,Athletics,Atlanta Braves,away,,,,,,,,,,,,,,1,3,1,0,1,0,0,,16,0,0.3333333333333333,9.0
2026-03-30,4124b8c8-e338-5303-a660-01bca6f5a113,Nick Kurtz,0ee3ade6-1739-552d-b4eb-8eb38b8ba6a0,1B,False,True,Athletics,Atlanta Braves,away,0,0,0,0,4,0,0,1,0,0,0,0,0,,,,,,,,,,,,
2026-03-30,4124b8c8-e338-5303-a660-01bca6f5a113,Shea Langeliers,3de34bb4-e20b-541b-ba54-b22612a81656,C,False,True,Athletics,Atlanta Braves,away,0,0,0,0,4,0,0,2,0,0,0,0,0,,,,,,,,,,,,
2026-03-30,4124b8c8-e338-5303-a660-01bca6f5a113,Mark Leiter Jr.,02bb1eaf-b760-5bf8-98a1-b15859a368d4,P,True,False,Athletics,Atlanta Braves,away,,,,,,,,,,,,,,1,3,0,0,1,0,0,,8,0,0.0,0.0
2026-03-30,4124b8c8-e338-5303-a660-01bca6f5a113,Andy Ibáñez,5f0fddfb-0e64-523a-84e5-5dc41735e837,2B,False,False,Athletics,Atlanta Braves,away,0,0,0,0,1,0,0,1,0,0,0,0,0,,,,,,,,,,,,
2026-03-30,4124b8c8-e338-5303-a660-01bca6f5a113,Jacob Wilson,bbc991c4-1055-56ae-af55-57b957f437a3,SS,False,True,Athletics,Atlanta Braves,away,0,0,0,0,4,0,0,0,0,0,0,0,0,,,,,,,,,,,,
2026-03-30,f0edceaf-29c6-591c-84ab-8bd086e11a74,Michael Conforto,90e43863-2a50-529e-b3b9-ef4aeb4736de,RF,False,True,Chicago Cubs,Los Angeles Angels,home,0,0,0,0,2,0,0,2,0,0,0,0,0,,,,,,,,,,,,
2026-03-30,f0edceaf-29c6-591c-84ab-8bd086e11a74,Edward Cabrera,850f8e96-e9c3-586e-8ab0-be97da68efa3,P,True,True,Chicago Cubs,Los Angeles Angels,home,,,,,,,,,,,,,,6,18,5,1,1,0,0,,80,0,0.2777777777777778,7.5
2026-03-30,f0edceaf-29c6-591c-84ab-8bd086e11a74,Ian Happ,b809f60b-8331-5fd0-ab24-ee3b8538eabe,LF,False,True,Chicago Cubs,Los Angeles Angels,home,0,0,0,1,5,1,1,0,0,2,1,4,4,,,,,,,,,,,,
2026-03-30,f0edceaf-29c6-591c-84ab-8bd086e11a74,Alex Bregman,57215789-8702-5d78-8c77-21a23c10f033,3B,False,True,Chicago Cubs,Los Angeles Angels,home,1,0,0,0,5,1,1,0,0,0,0,1,1,,,,,,,,,,,,
2026-03-30,f0edceaf-29c6-591c-84ab-8bd086e11a74,Michael Busch,6b4e85c9-9b0c-5203-9474-01388c3cb9e8,1B,False,True,Chicago Cubs,Los Angeles Angels,home,0,0,0,0,5,0,2,0,0,1,0,1,0,,,,,,,,,,,,
2026-03-30,f0edceaf-29c6-591c-84ab-8bd086e11a74,Carson Kelly,43b2a60b-2ced-5c09-beab-347f4863ab11,C,False,True,Chicago Cubs,Los Angeles Angels,home,1,0,0,0,4,1,0,1,0,0,2,3,1,,,,,,,,,,,,
2026-03-30,f0edceaf-29c6-591c-84ab-8bd086e11a74,Pete Crow-Armstrong,6e75f4ef-3025-5851-bb55-3a587c5f54a5,CF,False,True,Chicago Cubs,Los Angeles Angels,home,1,0,0,0,4,1,1,1,0,2,0,3,1,,,,,,,,,,,,
2026-03-30,f0edceaf-29c6-591c-84ab-8bd086e11a74,Moisés Ballesteros,c41e0ec5-9f1c-57a3-96c5-193ca0c2275e,DH,False,False,Chicago Cubs,Los Angeles Angels,home,1,0,0,0,4,1,0,1,0,0,2,3,1,,,,,,,,,,,,
2026-03-30,f0edceaf-29c6-591c-84ab-8bd086e11a74,Colin Rea,177e488f-e93a-5664-8ef3-9389065a8eea,P,True,False,Chicago Cubs,Los Angeles Angels,home,,,,,,,,,,,,,,3,9,4,0,4,1,2,,42,2,0.4444444444444444,12.0
2026-03-30,f0edceaf-29c6-591c-84ab-8bd086e11a74,Dansby Swanson,e20a9fc7-6766-5d06-b4c8-8cf51b6d7308,SS,False,True,Chicago Cubs,Los Angeles Angels,home,2,0,0,0,4,2,1,0,0,0,1,3,2,,,,,,,,,,,,
2026-03-30,f0edceaf-29c6-591c-84ab-8bd086e11a74,Nico Hoerner,b69bc55a-ea5c-59ee-bf5a-3a765fe9aa2a,2B,False,True,Chicago Cubs,Los Angeles Angels,home,0,1,0,0,4,1,1,0,1,2,1,4,2,,,,,,,,,,,,
2026-03-30,f0edceaf-29c6-591c-84ab-8bd086e11a74,Matt Shaw,0e584e95-3d75-5986-9cb2-4451b4d945cf,RF,False,False,Chicago Cubs,Los Angeles Angels,home,1,0,0,0,2,1,0,0,1,0,0,1,1,,,,,,,,,,,,
2026-03-30,f0edceaf-29c6-591c-84ab-8bd086e11a74,Oswald Peraza,98bdfab1-07ea-5c61-bd44-7c17670a08b1,2B,False,True,Los Angeles Angels,Chicago Cubs,away,0,0,0,0,3,0,0,1,0,0,0,0,0,,,,,,,,,,,,
2026-03-30,f0edceaf-29c6-591c-84ab-8bd086e11a74,Zach Neto,01ac6fe3-6ace-59c9-a15b-1ad3a0af1eb1,SS,False,True,Los Angeles Angels,Chicago Cubs,away,1,0,0,0,4,1,0,1,0,0,0,1,1,,,,,,,,,,,,
2026-03-30,f0edceaf-29c6-591c-84ab-8bd086e11a74,Jorge Soler,ebc19873-2e2c-5767-9b19-409c5e887630,DH,False,False,Los Angeles Angels,Chicago Cubs,away,1,0,0,0,4,1,0,2,0,1,0,2,1,,,,,,,,,,,,
2026-03-30,f0edceaf-29c6-591c-84ab-8bd086e11a74,Yoán Moncada,59501cf0-fc05-5b1c-b3f0-78b4422a24da,3B,False,True,Los Angeles Angels,Chicago Cubs,away,0,0,0,1,4,1,1,1,0,1,2,4,4,,,,,,,,,,,,
2026-03-30,f0edceaf-29c6-591c-84ab-8bd086e11a74,Ryan Johnson,88bc484b-1eb1-509d-8e37-270b734d6e24,P,True,True,Los Angeles Angels,Chicago Cubs,away,,,,,,,,,,,,,,3.1,10,2,4,7,1,6,,80,6,0.2,5.3999999999999995
2026-03-30,f0edceaf-29c6-591c-84ab-8bd086e11a74,Mike Trout,062d3e7f-e32e-55bc-aa40-403df7f9ec05,CF,False,True,Los Angeles Angels,Chicago Cubs,away,0,0,0,0,4,0,0,2,0,0,0,0,0,,,,,,,,,,,,
2026-03-30,f0edceaf-29c6-591c-84ab-8bd086e11a74,Jo Adell,c3ca91f9-2d30-5cf8-aae3-a5e7339f5788,RF,False,True,Los Angeles Angels,Chicago Cubs,away,0,0,0,0,3,0,0,2,0,0,0,0,0,,,,,,,,,,,,
2026-03-30,f0edceaf-29c6-591c-84ab-8bd086e11a74,Joey Lucchesi,871f9e50-a0bf-53e3-a89e-a177e600eed5,P,True,False,Los Angeles Angels,Chicago Cubs,away,,,,,,,,,,,,,,1.2,5,2,1,1,0,0,,29,0,0.4,10.799999999999999
2026-03-30,f0edceaf-29c6-591c-84ab-8bd086e11a74,Nolan Schanuel,88862c38-1493-5b40-9c6b-6660a4ce4654,1B,False,True,Los Angeles Angels,Chicago Cubs,away,2,0,0,0,4,2,0,0,0,0,0,2,2,,,,,,,,,,,,
2026-03-30,f0edceaf-29c6-591c-84ab-8bd086e11a74,Josh Lowe,ef406577-04d5-511f-9202-5f9a1b54addb,LF,False,True,Los Angeles Angels,Chicago Cubs,away,0,0,0,0,3,0,0,0,0,0,0,0,0,,,,,,,,,,,,
2026-03-30,f0edceaf-29c6-591c-84ab-8bd086e11a74,Shaun Anderson,b738812f-0d1d-5036-b1f9-1869ee086d47,P,True,False,Los Angeles Angels,Chicago Cubs,away,,,,,,,,,,,,,,3,9,1,2,1,0,1,,40,1,0.1111111111111111,3.0
2026-03-30,f0edceaf-29c6-591c-84ab-8bd086e11a74,Logan O'Hoppe,5338530a-7eeb-53b6-9744-b4577b90a65e,C,False,True,Los Angeles Angels,Chicago Cubs,away,0,0,0,0,3,0,0,0,0,0,0,0,0,,,,,,,,,,,,
2026-03-30,d9a1ac16-9717-58b1-a132-bfb0d4f8e593,Luis Rengifo,34a19134-3072-5658-be7e-16d1c8533083,3B,False,True,Milwaukee Brewers,Tampa Bay Rays,home,1,0,0,0,4,1,1,0,0,0,0,1,1,,,,,,,,,,,,
2026-03-30,d9a1ac16-9717-58b1-a132-bfb0d4f8e593,Christian Yelich,cdd2ad99-f99b-5497-9f00-d1e35f210d18,DH,False,False,Milwaukee Brewers,Tampa Bay Rays,home,0,0,0,0,4,0,0,2,0,0,0,0,0,,,,,,,,,,,,
2026-03-30,d9a1ac16-9717-58b1-a132-bfb0d4f8e593,Jake Bauers,1edd13e9-ec6a-5f79-8552-5d5fc7103f60,1B,False,True,Milwaukee Brewers,Tampa Bay Rays,home,1,0,0,0,3,1,0,0,1,0,0,1,1,,,,,,,,,,,,
2026-03-30,d9a1ac16-9717-58b1-a132-bfb0d4f8e593,Sal Frelick,fbeddaa0-1580-5140-bb70-6bb9ea57a062,RF,False,True,Milwaukee Brewers,Tampa Bay Rays,home,0,0,0,0,4,0,0,0,0,0,0,0,0,,,,,,,,,,,,
2026-03-30,d9a1ac16-9717-58b1-a132-bfb0d4f8e593,Brandon Lockridge,508f1db4-170c-5cee-ad21-ceb0fed85917,LF,False,True,Milwaukee Brewers,Tampa Bay Rays,home,1,0,0,0,3,1,0,0,0,0,0,1,1,,,,,,,,,,,,
2026-03-30,d9a1ac16-9717-58b1-a132-bfb0d4f8e593,Kyle Harrison,9e5e3c90-f681-5f6b-a390-9bd266333c23,P,True,True,Milwaukee Brewers,Tampa Bay Rays,home,,,,,,,,,,,,,,5,15,8,1,4,1,1,,87,1,0.5333333333333333,14.4
2026-03-30,d9a1ac16-9717-58b1-a132-bfb0d4f8e593,Aaron Ashby,a179f3a3-8e06-5673-b70c-d3a3a48bb33f,P,True,False,Milwaukee Brewers,Tampa Bay Rays,home,,,,,,,,,,,,,,2,6,3,0,2,1,1,,24,1,0.5,13.5
2026-03-30,d9a1ac16-9717-58b1-a132-bfb0d4f8e593,Garrett Mitchell,b17ada3b-673f-55c3-b967-d8543791af21,CF,False,True,Milwaukee Brewers,Tampa Bay Rays,home,0,0,0,0,4,0,0,3,0,0,0,0,0,,,,,,,,,,,,
2026-03-30,d9a1ac16-9717-58b1-a132-bfb0d4f8e593,David Hamilton,02280a6a-1789-5079-b10f-1509ff8850e3,SS,False,True,Milwaukee Brewers,Tampa Bay Rays,home,0,0,0,0,4,0,0,0,0,0,0,0,0,,,,,,,,,,,,
2026-03-30,d9a1ac16-9717-58b1-a132-bfb0d4f8e593,Blake Perkins,02511963-abbe-57ce-8d51-ad04cd9689b7,PH,False,False,Milwaukee Brewers,Tampa Bay Rays,home,0,0,0,0,1,0,0,0,0,0,0,0,0,,,,,,,,,,,,
2026-03-30,d9a1ac16-9717-58b1-a132-bfb0d4f8e593,William Contreras,3453e023-6f8f-5212-8105-189c90757865,C,False,True,Milwaukee Brewers,Tampa Bay Rays,home,1,0,0,1,4,2,0,0,0,1,2,5,5,,,,,,,,,,,,
2026-03-30,d9a1ac16-9717-58b1-a132-bfb0d4f8e593,Brice Turang,8b7764c4-ff5a-5daf-9dc5-044259e0b377,2B,False,True,Milwaukee Brewers,Tampa Bay Rays,home,0,1,0,0,4,1,1,1,1,1,0,2,2,,,,,,,,,,,,
2026-03-30,d9a1ac16-9717-58b1-a132-bfb0d4f8e593,Gary Sánchez,9122c697-55df-5827-bf89-d1705013c3f7,1B,False,False,Milwaukee Brewers,Tampa Bay Rays,home,0,0,0,0,1,0,0,1,0,0,0,0,0,,,,,,,,,,,,
2026-03-30,d9a1ac16-9717-58b1-a132-bfb0d4f8e593,Angel Zerpa,c8473f75-9a45-5bfa-9b70-5d34263ddf18,P,True,False,Milwaukee Brewers,Tampa Bay Rays,home,,,,,,,,,,,,,,1,3,2,0,0,0,0,,10,0,0.6666666666666666,18.0
2026-03-30,d9a1ac16-9717-58b1-a132-bfb0d4f8e593,Trevor Megill,6580e536-d23b-51c7-9a77-e4189bd19115,P,True,False,Milwaukee Brewers,Tampa Bay Rays,home,,,,,,,,,,,,,,1,3,1,1,1,0,1,,20,1,0.3333333333333333,9.0
2026-03-30,d9a1ac16-9717-58b1-a132-bfb0d4f8e593,Carson Williams,2f38b1e0-2b43-5a13-aa76-446260f08a38,SS,False,True,Tampa Bay Rays,Milwaukee Brewers,away,0,0,0,0,3,0,0,2,0,0,0,0,0,,,,,,,,,,,,
2026-03-30,d9a1ac16-9717-58b1-a132-bfb0d4f8e593,Ryan Vilade,7f7f7e5d-479b-5d2a-a4bc-2c1278490861,RF,False,True,Tampa Bay Rays,Milwaukee Brewers,away,0,0,0,0,3,0,0,3,0,0,0,0,0,,,,,,,,,,,,
2026-03-30,d9a1ac16-9717-58b1-a132-bfb0d4f8e593,Chandler Simpson,e8a47c28-d0c4-55d9-8402-e290b94ba76d,LF,False,True,Tampa Bay Rays,Milwaukee Brewers,away,1,0,0,0,4,1,0,1,1,0,0,1,1,,,,,,,,,,,,
2026-03-30,d9a1ac16-9717-58b1-a132-bfb0d4f8e593,Nick Martinez,cd66fce5-f7f2-52c2-97b4-5bc435b978c9,P,True,True,Tampa Bay Rays,Milwaukee Brewers,away,,,,,,,,,,,,,,6,18,3,0,6,1,2,,88,2,0.16666666666666666,4.5
2026-03-30,d9a1ac16-9717-58b1-a132-bfb0d4f8e593,Jonny DeLuca,18e76306-3c90-58e3-8beb-27a4572e4c71,RF,False,True,Tampa Bay Rays,Milwaukee Brewers,away,0,0,0,1,4,1,1,2,0,2,1,4,4,,,,,,,,,,,,
2026-03-30,d9a1ac16-9717-58b1-a132-bfb0d4f8e593,Ian Seymour,c83440e7-b158-502b-90d5-a0fdc594c962,P,True,False,Tampa Bay Rays,Milwaukee Brewers,away,,,,,,,,,,,,,,0.2,2,1,0,0,0,0,,8,0,0.5,13.5
2026-03-30,d9a1ac16-9717-58b1-a132-bfb0d4f8e593,Garrett Cleavinger,6aa2d35e-ad97-5f5e-a2b8-71cdceaf0b31,P,True,False,Tampa Bay Rays,Milwaukee Brewers,away,,,,,,,,,,,,,,1,3,2,2,0,0,0,,16,0,0.6666666666666666,18.0
2026-03-30,d9a1ac16-9717-58b1-a132-bfb0d4f8e593,Kevin Kelly,6a952a95-8d80-57ba-a5fe-a4daa53fa456,P,True,False,Tampa Bay Rays,Milwaukee Brewers,away,,,,,,,,,,,,,,0.1,1,0,0,0,0,0,,5,0,0.0,0.0
2026-03-30,d9a1ac16-9717-58b1-a132-bfb0d4f8e593,Jonathan Aranda,f3e0ad1f-94c2-5388-8f31-9baa1e72f471,1B,False,True,Tampa Bay Rays,Milwaukee Brewers,away,0,0,0,0,4,0,1,1,0,0,0,0,0,,,,,,,,,,,,
2026-03-30,d9a1ac16-9717-58b1-a132-bfb0d4f8e593,Nick Fortes,f24e024c-1c51-502c-8866-34dbafb91126,C,False,True,Tampa Bay Rays,Milwaukee Brewers,away,0,1,0,0,4,1,0,1,0,0,1,2,2,,,,,,,,,,,,
2026-03-30,d9a1ac16-9717-58b1-a132-bfb0d4f8e593,Griffin Jax,50145c2b-9b4f-5f05-8527-7ad883e0e3b1,P,True,False,Tampa Bay Rays,Milwaukee Brewers,away,,,,,,,,,,,,,,1,3,1,0,0,0,0,,15,0,0.3333333333333333,9.0
2026-03-30,d9a1ac16-9717-58b1-a132-bfb0d4f8e593,Yandy Díaz,382a432b-7569-5972-a70e-6270ec94a244,DH,False,False,Tampa Bay Rays,Milwaukee Brewers,away,1,0,0,1,4,2,0,1,0,1,1,4,5,,,,,,,,,,,,
2026-03-30,d9a1ac16-9717-58b1-a132-bfb0d4f8e593,Ben Williamson,ac1660ef-9f73-5523-b351-97539670590b,2B,False,True,Tampa Bay Rays,Milwaukee Brewers,away,0,0,0,0,4,0,0,2,0,0,0,0,0,,,,,,,,,,,,
2026-03-30,d9a1ac16-9717-58b1-a132-bfb0d4f8e593,Junior Caminero,00646ce3-90a0-5f44-9b75-d7f277143ba5,3B,False,True,Tampa Bay Rays,Milwaukee Brewers,away,2,0,0,0,4,2,0,0,0,0,0,2,2,,,,,,,,,,,,
2026-03-30,d9a1ac16-9717-58b1-a132-bfb0d4f8e593,Cedric Mullins,88cf2c8c-311c-568d-90a3-428db492786f,CF,False,False,Tampa Bay Rays,Milwaukee Brewers,away,0,0,0,0,1,0,0,1,0,0,0,0,0,,,,,,,,,,,,
2026-03-30,63f901e4-5584-5d6d-8503-0a437dbf3345,Nolan Gorman,be501aad-9273-5dd4-a194-dcbebb3849ba,3B,False,True,St. Louis Cardinals,New York Mets,home,0,0,0,1,4,1,0,1,0,1,1,3,4,,,,,,,,,,,,
2026-03-30,63f901e4-5584-5d6d-8503-0a437dbf3345,Matt Svanson,88304b64-9d4b-50f4-91e1-07fd0bab795d,P,True,False,St. Louis Cardinals,New York Mets,home,,,,,,,,,,,,,,2,6,3,2,1,0,0,,36,0,0.5,13.5
2026-03-30,63f901e4-5584-5d6d-8503-0a437dbf3345,Jordan Walker,e10767c9-8f24-56db-9597-f92e37c6514d,RF,False,True,St. Louis Cardinals,New York Mets,home,1,0,0,0,4,1,1,0,0,0,0,1,1,,,,,,,,,,,,
2026-03-30,63f901e4-5584-5d6d-8503-0a437dbf3345,Nathan Church,b5df23ff-260a-5bc9-b5d7-884ca21ef688,LF,False,True,St. Louis Cardinals,New York Mets,home,0,0,0,0,4,0,0,2,0,0,0,0,0,,,,,,,,,,,,
2026-03-30,63f901e4-5584-5d6d-8503-0a437dbf3345,Victor Scott II,4505d0dc-de10-56ef-ab3f-29ed1056473f,CF,False,True,St. Louis Cardinals,New York Mets,home,0,0,0,0,3,0,0,3,0,0,0,0,0,,,,,,,,,,,,
2026-03-30,63f901e4-5584-5d6d-8503-0a437dbf3345,Kyle Leahy,a176548a-6558-513c-b3f4-ae9a2d19945e,P,True,True,St. Louis Cardinals,New York Mets,home,,,,,,,,,,,,,,5,15,1,2,8,0,4,,79,4,0.06666666666666667,1.8
2026-03-30,63f901e4-5584-5d6d-8503-0a437dbf3345,JJ Wetherholt,c0507a84-2f5c-53c7-8260-93f2e7bc2162,2B,False,True,St. Louis Cardinals,New York Mets,home,0,0,0,0,4,0,1,0,0,1,0,1,0,,,,,,,,,,,,
2026-03-30,63f901e4-5584-5d6d-8503-0a437dbf3345,Alec Burleson,68452ca8-6fdd-5413-a220-a1e5177c8deb,1B,False,True,St. Louis Cardinals,New York Mets,home,1,1,0,0,4,2,0,1,0,0,1,3,3,,,,,,,,,,,,
2026-03-30,63f901e4-5584-5d6d-8503-0a437dbf3345,George Soriano,6b90d6da-2ede-5a03-8567-b1abfe357bb4,P,True,False,St. Louis Cardinals,New York Mets,home,,,,,,,,,,,,,,2,6,0,1,1,0,0,,21,0,0.0,0.0
2026-03-30,63f901e4-5584-5d6d-8503-0a437dbf3345,Pedro Pagés,719006eb-d990-515a-9cb3-2a4186659958,C,False,True,St. Louis Cardinals,New York Mets,home,0,0,0,0,3,0,0,1,0,0,0,0,0,,,,,,,,,,,,
2026-03-30,63f901e4-5584-5d6d-8503-0a437dbf3345,Masyn Winn,ddea3cbf-3275-5d72-a43d-5899f5fa2390,SS,False,True,St. Louis Cardinals,New York Mets,home,0,0,0,0,4,0,1,1,0,0,0,0,0,,,,,,,,,,,,
2026-03-30,63f901e4-5584-5d6d-8503-0a437dbf3345,Iván Herrera,2b86e80e-433d-54c4-a2c1-a0d16d28e3dc,DH,False,False,St. Louis Cardinals,New York Mets,home,1,0,0,0,4,1,0,0,0,0,0,1,1,,,,,,,,,,,,
2026-03-30,63f901e4-5584-5d6d-8503-0a437dbf3345,Bo Bichette,33496f7a-3b83-59ef-b119-01d0d2437f28,3B,False,True,New York Mets,St. Louis Cardinals,away,1,0,0,0,5,1,0,0,0,0,2,3,1,,,,,,,,,,,,
2026-03-30,63f901e4-5584-5d6d-8503-0a437dbf3345,Francisco Alvarez,f87397a4-f111-5de9-bdd5-ccb027f66a9c,C,False,True,New York Mets,St. Louis Cardinals,away,0,1,0,0,4,1,1,1,0,0,0,1,2,,,,,,,,,,,,
2026-03-30,63f901e4-5584-5d6d-8503-0a437dbf3345,Tobias Myers,c08513fe-42b7-58d5-9c38-93726a5d42a5,P,True,False,New York Mets,St. Louis Cardinals,away,,,,,,,,,,,,,,1.1,4,3,0,0,0,0,,14,0,0.75,20.25
2026-03-30,63f901e4-5584-5d6d-8503-0a437dbf3345,Brett Baty,aa321d05-4b90-5b2d-823f-5fe77a11ec6c,1B,False,True,New York Mets,St. Louis Cardinals,away,1,0,0,0,5,1,0,1,0,1,0,2,1,,,,,,,,,,,,
2026-03-30,63f901e4-5584-5d6d-8503-0a437dbf3345,Carson Benge,631e3061-0f1e-5f0c-b1d3-ebbdfd16f053,RF,False,True,New York Mets,St. Louis Cardinals,away,2,0,0,0,4,2,0,0,1,1,0,3,2,,,,,,,,,,,,
2026-03-30,63f901e4-5584-5d6d-8503-0a437dbf3345,Devin Williams,74f7d0c0-cfaf-5657-a8e5-d5f399074ad8,P,True,False,New York Mets,St. Louis Cardinals,away,,,,,,,,,,,,,,1,3,1,0,0,0,0,,12,0,0.3333333333333333,9.0
2026-03-30,63f901e4-5584-5d6d-8503-0a437dbf3345,Marcus Semien,ea54830a-4412-565e-8199-20eca49f0dd0,2B,False,True,New York Mets,St. Louis Cardinals,away,0,0,0,0,4,0,1,2,0,0,0,0,0,,,,,,,,,,,,
2026-03-30,63f901e4-5584-5d6d-8503-0a437dbf3345,Clay Holmes,422aea09-aa2d-5124-886c-7f45c5910bf9,P,True,True,New York Mets,St. Louis Cardinals,away,,,,,,,,,,,,,,5.2,17,5,3,4,1,2,,90,2,0.29411764705882354,7.941176470588235
2026-03-30,63f901e4-5584-5d6d-8503-0a437dbf3345,Francisco Lindor,027d2171-f1d0-509a-ba45-6add806d11b3,SS,False,True,New York Mets,St. Louis Cardinals,away,0,0,1,0,5,1,1,0,0,1,0,2,3,,,,,,,,,,,,
2026-03-30,63f901e4-5584-5d6d-8503-0a437dbf3345,Juan Soto,c49ab650-1d5f-5066-83e1-ff734f609942,LF,False,True,New York Mets,St. Louis Cardinals,away,1,0,0,0,5,1,2,0,0,0,1,2,1,,,,,,,,,,,,
2026-03-30,63f901e4-5584-5d6d-8503-0a437dbf3345,Brooks Raley,5b54c500-4f01-517f-8257-18e74b6bbd35,P,True,False,New York Mets,St. Louis Cardinals,away,,,,,,,,,,,,,,1,3,0,0,1,0,0,,17,0,0.0,0.0
2026-03-30,63f901e4-5584-5d6d-8503-0a437dbf3345,Jorge Polanco,ba2c9110-367c-5ea1-afd1-bbfc264fde7c,DH,False,False,New York Mets,St. Louis Cardinals,away,1,1,0,0,5,2,0,0,0,0,0,2,3,,,,,,,,,,,,
2026-03-30,63f901e4-5584-5d6d-8503-0a437dbf3345,Luis Robert Jr.,05a8b0c4-5ecd-5186-a573-bcc4d6072f9b,CF,False,False,New York Mets,St. Louis Cardinals,away,0,0,0,0,1,0,0,0,0,0,0,0,0,,,,,,,,,,,,
2026-03-30,63f901e4-5584-5d6d-8503-0a437dbf3345,Jared Young,ce1f44d6-8333-5027-9abb-99714bc858e7,1B,False,True,New York Mets,St. Louis Cardinals,away,0,1,0,0,4,1,0,0,0,1,1,3,2,,,,,,,,,,,,
2026-03-30,244e0390-1dda-5ffb-b344-4201c40ccd99,Isaac Paredes,c94533e4-26a4-59a8-ae9e-1b0d54853c93,3B,False,True,Houston Astros,Boston Red Sox,home,1,0,0,0,4,1,0,0,0,0,0,1,1,,,,,,,,,,,,
2026-03-30,244e0390-1dda-5ffb-b344-4201c40ccd99,Nick Allen,d47542cc-ed4c-5335-840e-aeecb6811ad7,3B,False,False,Houston Astros,Boston Red Sox,home,0,0,0,0,0,0,0,0,0,0,0,0,0,,,,,,,,,,,,
2026-03-30,244e0390-1dda-5ffb-b344-4201c40ccd99,Ryan Weiss,7a1bc0e6-8750-5ec3-931f-5a0f6a5b6fad,P,True,False,Houston Astros,Boston Red Sox,home,,,,,,,,,,,,,,2,6,3,1,0,0,0,,33,0,0.5,13.5
2026-03-30,244e0390-1dda-5ffb-b344-4201c40ccd99,Cam Smith,6c7292a3-abca-5a73-9e4b-cec25e9d20b8,RF,False,True,Houston Astros,Boston Red Sox,home,0,1,0,0,4,1,1,0,0,1,0,2,2,,,,,,,,,,,,
2026-03-30,244e0390-1dda-5ffb-b344-4201c40ccd99,Jake Meyers,f60436a8-53cf-5fa1-8caa-50928a25c6d9,CF,False,True,Houston Astros,Boston Red Sox,home,1,0,0,0,4,1,0,1,0,0,0,1,1,,,,,,,,,,,,
2026-03-30,244e0390-1dda-5ffb-b344-4201c40ccd99,Brice Matthews,bee000c4-433a-55d5-b97f-a284fe330fee,LF,False,True,Houston Astros,Boston Red Sox,home,0,0,0,1,4,1,0,2,0,1,1,3,4,,,,,,,,,,,,
2026-03-30,244e0390-1dda-5ffb-b344-4201c40ccd99,Jose Altuve,99c9db0b-d7a9-5462-94f3-28f3661714ab,2B,False,True,Houston Astros,Boston Red Sox,home,2,0,0,2,5,4,1,0,0,4,2,10,10,,,,,,,,,,,,
2026-03-30,244e0390-1dda-5ffb-b344-4201c40ccd99,Lance McCullers Jr.,f390f307-e7e1-5145-a15b-99f78736fea0,P,True,True,Houston Astros,Boston Red Sox,home,,,,,,,,,,,,,,7,21,9,1,4,0,1,,96,1,0.42857142857142855,11.571428571428571
2026-03-30,244e0390-1dda-5ffb-b344-4201c40ccd99,Carlos Correa,9d0ef881-40b5-538c-9843-6585303e16f4,SS,False,True,Houston Astros,Boston Red Sox,home,1,0,0,0,4,1,0,0,0,1,0,2,1,,,,,,,,,,,,
2026-03-30,244e0390-1dda-5ffb-b344-4201c40ccd99,Christian Walker,4ebdbcc5-84ea-5866-b7b6-1d61cbac193f,1B,False,True,Houston Astros,Boston Red Sox,home,0,1,0,0,4,1,0,2,0,0,1,2,2,,,,,,,,,,,,
2026-03-30,244e0390-1dda-5ffb-b344-4201c40ccd99,Yainer Diaz,dd446d48-8097-51f2-82cf-f7fabad1dd74,C,False,True,Houston Astros,Boston Red Sox,home,1,0,0,0,4,1,0,0,0,0,1,2,1,,,,,,,,,,,,
2026-03-30,244e0390-1dda-5ffb-b344-4201c40ccd99,Yordan Alvarez,b4e60652-8d7e-569f-8e5a-4aa9a713da9c,DH,False,False,Houston Astros,Boston Red Sox,home,1,0,0,1,5,2,0,1,0,1,2,5,5,,,,,,,,,,,,
2026-03-30,244e0390-1dda-5ffb-b344-4201c40ccd99,Roman Anthony,c29e1084-a051-5de5-86f7-09b1a3bd64af,LF,False,True,Boston Red Sox,Houston Astros,away,0,0,0,0,4,0,0,2,0,0,0,0,0,,,,,,,,,,,,
2026-03-30,244e0390-1dda-5ffb-b344-4201c40ccd99,Willson Contreras,34477b91-95c5-5159-8fc0-73e01ae1d6d9,1B,False,True,Boston Red Sox,Houston Astros,away,0,0,0,0,4,0,0,2,0,0,0,0,0,,,,,,,,,,,,
2026-03-30,244e0390-1dda-5ffb-b344-4201c40ccd99,Trevor Story,cd09b8ad-73fb-5669-8db1-98c5b8a8164a,SS,False,True,Boston Red Sox,Houston Astros,away,0,1,0,0,4,1,0,2,0,0,0,1,2,,,,,,,,,,,,
2026-03-30,244e0390-1dda-5ffb-b344-4201c40ccd99,Wilyer Abreu,e89e04e9-6e91-5ee7-ae12-04853566c53f,RF,False,True,Boston Red Sox,Houston Astros,away,1,1,0,0,3,2,0,1,0,0,1,3,3,,,,,,,,,,,,
2026-03-30,244e0390-1dda-5ffb-b344-4201c40ccd99,Isiah Kiner-Falefa,7d4df642-4724-5921-84b3-9bd76c769f38,3B,False,False,Boston Red Sox,Houston Astros,away,0,0,0,0,0,0,0,0,0,0,0,0,0,,,,,,,,,,,,
2026-03-30,244e0390-1dda-5ffb-b344-4201c40ccd99,Johan Oviedo,8adeef7f-3e5b-5ce7-83cc-6d5371fbb847,P,True,False,Boston Red Sox,Houston Astros,away,,,,,,,,,,,,,,3.2,11,3,1,6,2,4,,72,4,0.2727272727272727,7.363636363636364
2026-03-30,244e0390-1dda-5ffb-b344-4201c40ccd99,Caleb Durbin,bd9f542f-cb6e-5ce8-b85a-8ff891d266f7,3B,False,True,Boston Red Sox,Houston Astros,away,0,0,0,0,2,0,0,0,0,0,0,0,0,,,,,,,,,,,,
2026-03-30,244e0390-1dda-5ffb-b344-4201c40ccd99,Ranger Suarez,9eb3d89e-b675-56fa-9c83-9fe566e3425b,P,True,True,Boston Red Sox,Houston Astros,away,,,,,,,,,,,,,,4.1,13,3,1,7,2,4,,76,4,0.23076923076923078,6.230769230769231
2026-03-30,244e0390-1dda-5ffb-b344-4201c40ccd99,Carlos Narváez,1322ee1c-36ba-5e0c-a487-1a0e94fe483b,C,False,True,Boston Red Sox,Houston Astros,away,1,0,0,0,3,1,0,2,0,0,0,1,1,,,,,,,,,,,,
2026-03-30,244e0390-1dda-5ffb-b344-4201c40ccd99,Jarren Duran,3ac99586-15b6-50c1-816f-075959ebead2,DH,False,False,Boston Red Sox,Houston Astros,away,0,0,0,0,4,0,1,2,0,1,0,1,0,,,,,,,,,,,,
2026-03-30,244e0390-1dda-5ffb-b344-4201c40ccd99,Ceddanne Rafaela,15788154-f587-5625-bece-d4a10d870640,CF,False,True,Boston Red Sox,Houston Astros,away,0,0,0,0,3,0,0,0,0,0,0,0,0,,,,,,,,,,,,
2026-03-30,244e0390-1dda-5ffb-b344-4201c40ccd99,Masataka Yoshida,ba7252d5-bd01-5d4a-afe2-2252480e2987,PH,False,False,Boston Red Sox,Houston Astros,away,0,0,0,0,1,0,0,1,0,0,0,0,0,,,,,,,,,,,,
2026-03-30,244e0390-1dda-5ffb-b344-4201c40ccd99,Marcelo Mayer,143aaf24-c832-5e23-b59f-4934230805d1,2B,False,True,Boston Red Sox,Houston Astros,away,0,0,0,0,3,0,1,0,0,0,0,0,0,,,,,,,,,,,,
2026-03-30,021bba61-bbd1-5578-8dc9-a17cf5c8c3cb,Josh Naylor,b882f91d-40d1-58ad-bd6a-b321477642c0,1B,False,True,Seattle Mariners,New York Yankees,home,0,0,0,0,4,0,0,1,0,0,0,0,0,,,,,,,,,,,,
2026-03-30,021bba61-bbd1-5578-8dc9-a17cf5c8c3cb,Victor Robles,624bfac4-c5ea-531f-b4e4-f7be2a78a1bc,RF,False,True,Seattle Mariners,New York Yankees,home,0,0,0,0,4,0,0,2,0,0,0,0,0,,,,,,,,,,,,
2026-03-30,021bba61-bbd1-5578-8dc9-a17cf5c8c3cb,Cole Young,bef5f9c5-6df7-5ede-9aac-4b5ba8731f4b,2B,False,True,Seattle Mariners,New York Yankees,home,2,1,0,0,4,3,0,0,0,0,1,4,4,,,,,,,,,,,,
2026-03-30,021bba61-bbd1-5578-8dc9-a17cf5c8c3cb,Jose A. Ferrer,809651af-1bb9-5a30-ba76-7760606da2fb,P,True,False,Seattle Mariners,New York Yankees,home,,,,,,,,,,,,,,0.1,1,0,0,1,0,0,,15,1,0.0,0.0
2026-03-30,021bba61-bbd1-5578-8dc9-a17cf5c8c3cb,Randy Arozarena,0f2b9cc8-a738-5f1e-be0e-5c0ae5a3ac57,LF,False,True,Seattle Mariners,New York Yankees,home,1,0,0,0,4,1,0,1,0,1,0,2,1,,,,,,,,,,,,
2026-03-30,021bba61-bbd1-5578-8dc9-a17cf5c8c3cb,Dominic Canzone,73e2b2be-5ea8-5904-9683-089b46807bab,DH,False,False,Seattle Mariners,New York Yankees,home,0,0,0,0,1,0,0,1,0,0,0,0,0,,,,,,,,,,,,
2026-03-30,021bba61-bbd1-5578-8dc9-a17cf5c8c3cb,Cal Raleigh,21b31397-a06c-5238-83b3-90eee447e28e,DH,False,False,Seattle Mariners,New York Yankees,home,1,0,0,0,2,1,0,1,0,0,1,2,1,,,,,,,,,,,,
2026-03-30,021bba61-bbd1-5578-8dc9-a17cf5c8c3cb,Rob Refsnyder,d50036b6-f9c6-5e61-b1e5-98692a43657e,DH,False,False,Seattle Mariners,New York Yankees,home,0,0,0,0,2,0,0,1,0,0,0,0,0,,,,,,,,,,,,
2026-03-30,021bba61-bbd1-5578-8dc9-a17cf5c8c3cb,Matt Brash,ec511bae-9c6c-5e83-aa0a-db29cda0e223,P,True,False,Seattle Mariners,New York Yankees,home,,,,,,,,,,,,,,1,3,1,0,1,0,0,,17,0,0.3333333333333333,9.0
2026-03-30,021bba61-bbd1-5578-8dc9-a17cf5c8c3cb,Brendan Donovan,9d05e499-95d1-5224-b19c-323801b2463e,3B,False,True,Seattle Mariners,New York Yankees,home,2,0,0,0,5,2,1,1,0,0,0,2,2,,,,,,,,,,,,
2026-03-30,021bba61-bbd1-5578-8dc9-a17cf5c8c3cb,Luis Castillo,9d824fe2-4c47-5b73-8c22-afa12b58659f,P,True,True,Seattle Mariners,New York Yankees,home,,,,,,,,,,,,,,6,18,7,2,2,0,0,,95,0,0.3888888888888889,10.5
2026-03-30,021bba61-bbd1-5578-8dc9-a17cf5c8c3cb,Mitch Garver,b98e67ae-d1c9-52de-bc51-5adff2b71c14,C,False,True,Seattle Mariners,New York Yankees,home,0,0,0,0,4,0,2,0,0,0,0,0,0,,,,,,,,,,,,
2026-03-30,021bba61-bbd1-5578-8dc9-a17cf5c8c3cb,Gabe Speier,d17c5e2e-ffd7-50dd-a3d3-19ec8384fe62,P,True,False,Seattle Mariners,New York Yankees,home,,,,,,,,,,,,,,1,3,2,0,1,0,0,,16,0,0.6666666666666666,18.0
2026-03-30,021bba61-bbd1-5578-8dc9-a17cf5c8c3cb,Leo Rivas,13efd7e6-1b6a-509b-8348-f3f74df6fce9,SS,False,True,Seattle Mariners,New York Yankees,home,2,0,0,0,4,2,0,1,0,1,0,3,2,,,,,,,,,,,,
2026-03-30,021bba61-bbd1-5578-8dc9-a17cf5c8c3cb,Julio Rodríguez,fffe4545-0e86-5407-906a-645035a15435,CF,False,True,Seattle Mariners,New York Yankees,home,0,0,0,0,4,0,0,2,0,0,0,0,0,,,,,,,,,,,,
2026-03-30,021bba61-bbd1-5578-8dc9-a17cf5c8c3cb,Eduard Bazardo,c59ea29b-45e3-5f5d-8eab-5e27543e83cd,P,True,False,Seattle Mariners,New York Yankees,home,,,,,,,,,,,,,,0.2,2,0,0,0,0,0,,6,0,0.0,0.0
2026-03-30,021bba61-bbd1-5578-8dc9-a17cf5c8c3cb,Paul Blackburn,39dae647-d62d-51b9-8fc8-5bd16a784c0c,P,True,False,New York Yankees,Seattle Mariners,away,,,,,,,,,,,,,,1.1,4,0,1,3,0,1,,22,1,0.0,0.0
2026-03-30,021bba61-bbd1-5578-8dc9-a17cf5c8c3cb,José Caballero,3f93b7e1-37f4-53fe-bb17-5a7915995b76,SS,False,True,New York Yankees,Seattle Mariners,away,1,0,0,0,3,1,1,1,0,0,0,1,1,,,,,,,,,,,,
2026-03-30,021bba61-bbd1-5578-8dc9-a17cf5c8c3cb,Randal Grichuk,e524f871-8bd6-58ff-95f9-a86b2ab2af66,DH,False,False,New York Yankees,Seattle Mariners,away,0,0,0,0,0,0,0,0,0,0,0,0,0,,,,,,,,,,,,
2026-03-30,021bba61-bbd1-5578-8dc9-a17cf5c8c3cb,Amed Rosario,18dd22ed-d387-5bf0-957d-c3cff4edde3c,3B,False,False,New York Yankees,Seattle Mariners,away,0,0,0,0,2,0,0,1,0,0,1,1,0,,,,,,,,,,,,
2026-03-30,021bba61-bbd1-5578-8dc9-a17cf5c8c3cb,Aaron Judge,e0e52a0f-4e54-5f0c-b584-6ec85c33c7f7,RF,False,True,New York Yankees,Seattle Mariners,away,1,0,0,0,4,1,1,1,0,0,0,1,1,,,,,,,,,,,,
2026-03-30,021bba61-bbd1-5578-8dc9-a17cf5c8c3cb,Ryan McMahon,d0d749e6-fb57-548c-9393-e889a94c8291,3B,False,True,New York Yankees,Seattle Mariners,away,0,0,0,0,2,0,0,1,0,0,0,0,0,,,,,,,,,,,,
2026-03-30,021bba61-bbd1-5578-8dc9-a17cf5c8c3cb,Ryan Weathers,d0990ebc-f1d4-5265-892d-ecf7ba24e8ff,P,True,True,New York Yankees,Seattle Mariners,away,,,,,,,,,,,,,,4.1,13,7,2,4,0,1,,77,1,0.5384615384615384,14.53846153846154
2026-03-30,021bba61-bbd1-5578-8dc9-a17cf5c8c3cb,Austin Wells,2e880dd6-2476-55d3-990b-4d3f66d3f496,C,False,True,New York Yankees,Seattle Mariners,away,0,0,0,0,3,0,0,2,0,0,0,0,0,,,,,,,,,,,,
2026-03-30,021bba61-bbd1-5578-8dc9-a17cf5c8c3cb,Ben Rice,f7714f04-8c9d-5c9a-b8bb-0f423271af17,1B,False,True,New York Yankees,Seattle Mariners,away,1,0,0,0,4,1,0,0,0,1,0,2,1,,,,,,,,,,,,
2026-03-30,021bba61-bbd1-5578-8dc9-a17cf5c8c3cb,Brent Headrick,bbf3b86d-c5c5-5f37-a0c5-be6d962c31e1,P,True,False,New York Yankees,Seattle Mariners,away,,,,,,,,,,,,,,0.2,2,2,0,2,0,0,,16,0,1.0,27.0
2026-03-30,021bba61-bbd1-5578-8dc9-a17cf5c8c3cb,Fernando Cruz,d385d787-f0ae-5bba-bf3f-b2fc35d2781a,P,True,False,New York Yankees,Seattle Mariners,away,,,,,,,,,,,,,,0.2,2,2,0,0,0,0,,11,0,1.0,27.0
2026-03-30,021bba61-bbd1-5578-8dc9-a17cf5c8c3cb,Cody Bellinger,04e3eefb-9d41-548f-ba06-60abe4b82454,LF,False,True,New York Yankees,Seattle Mariners,away,0,0,0,0,4,0,0,1,0,0,0,0,0,,,,,,,,,,,,
2026-03-30,021bba61-bbd1-5578-8dc9-a17cf5c8c3cb,Giancarlo Stanton,3d9084cc-f18f-50e5-944a-c1eaa74fa2a2,DH,False,False,New York Yankees,Seattle Mariners,away,1,1,0,0,4,2,0,1,0,0,0,2,3,,,,,,,,,,,,
2026-03-30,021bba61-bbd1-5578-8dc9-a17cf5c8c3cb,Jazz Chisholm Jr.,bce3e6ee-1f99-5f80-90fb-c8d538c9d546,2B,False,True,New York Yankees,Seattle Mariners,away,0,0,0,0,4,0,0,1,0,0,0,0,0,,,,,,,,,,,,
2026-03-30,021bba61-bbd1-5578-8dc9-a17cf5c8c3cb,Jake Bird,d2ef55af-9ebd-515d-b27b-ccb1e987a57a,P,True,False,New York Yankees,Seattle Mariners,away,,,,,,,,,,,,,,1,3,0,0,0,0,0,,14,0,0.0,0.0
2026-03-30,021bba61-bbd1-5578-8dc9-a17cf5c8c3cb,Camilo Doval,500f93ca-4d1a-5dcb-a2ab-d8efb6dcc204,P,True,False,New York Yankees,Seattle Mariners,away,,,,,,,,,,,,,,0.1,1,0,0,0,0,0,,2,0,0.0,0.0
2026-03-30,021bba61-bbd1-5578-8dc9-a17cf5c8c3cb,Trent Grisham,6c818210-215a-5a0f-94c1-d805ae6b416f,CF,False,True,New York Yankees,Seattle Mariners,away,0,0,0,0,4,0,0,1,0,0,0,0,0,,,,,,,,,,,,
2026-03-30,71e97277-257f-5b3e-9a12-1bc0041228a2,Luis Campusano,53ca9cba-a25a-5d0c-ab42-71331575f812,C,False,True,San Diego Padres,San Francisco Giants,home,0,0,0,0,2,0,0,0,0,0,0,0,0,,,,,,,,,,,,
2026-03-30,71e97277-257f-5b3e-9a12-1bc0041228a2,Freddy Fermin,37406aad-ae18-5be2-8439-0a0b3ab54a22,C,False,False,San Diego Padres,San Francisco Giants,home,0,0,0,0,0,0,0,0,0,0,0,0,0,,,,,,,,,,,,
2026-03-30,71e97277-257f-5b3e-9a12-1bc0041228a2,David Morgan,1522e4d5-1ec8-5d0f-b690-72da93f4eb13,P,True,False,San Diego Padres,San Francisco Giants,home,,,,,,,,,,,,,,2,6,2,1,1,0,0,,20,0,0.3333333333333333,9.0
2026-03-30,71e97277-257f-5b3e-9a12-1bc0041228a2,Wandy Peralta,a4a3f6aa-e899-5b8e-b540-0ed13e5902e1,P,True,False,San Diego Padres,San Francisco Giants,home,,,,,,,,,,,,,,1,3,0,0,0,0,0,,14,0,0.0,0.0
2026-03-30,71e97277-257f-5b3e-9a12-1bc0041228a2,Nick Castellanos,95dea803-893e-5754-9f60-c470b45cd25b,DH,False,False,San Diego Padres,San Francisco Giants,home,0,0,0,0,3,0,0,2,0,0,0,0,0,,,,,,,,,,,,
2026-03-30,71e97277-257f-5b3e-9a12-1bc0041228a2,Walker Buehler,2add6adf-3ed7-5112-82d7-3abce8492d11,P,True,True,San Diego Padres,San Francisco Giants,home,,,,,,,,,,,,,,4,12,3,2,5,1,3,,72,3,0.25,6.75
2026-03-30,71e97277-257f-5b3e-9a12-1bc0041228a2,Jackson Merrill,0b80ef12-9566-5b94-973d-d1151b0e69ac,CF,False,True,San Diego Padres,San Francisco Giants,home,0,0,0,1,4,1,0,0,0,1,2,4,4,,,,,,,,,,,,
2026-03-30,71e97277-257f-5b3e-9a12-1bc0041228a2,Gavin Sheets,5f058b73-019c-573c-b5f2-d01f2e56cd0b,1B,False,True,San Diego Padres,San Francisco Giants,home,0,0,0,0,2,0,0,2,0,0,0,0,0,,,,,,,,,,,,
2026-03-30,71e97277-257f-5b3e-9a12-1bc0041228a2,Ramón Laureano,dabca3a1-56c7-5218-8ab7-31a707ea9795,LF,False,True,San Diego Padres,San Francisco Giants,home,0,0,0,0,3,0,1,2,0,0,0,0,0,,,,,,,,,,,,
2026-03-30,71e97277-257f-5b3e-9a12-1bc0041228a2,Manny Machado,a9385e18-b1c3-52e8-b03b-b70d1f8a34af,3B,False,True,San Diego Padres,San Francisco Giants,home,0,0,0,0,4,0,0,1,0,0,0,0,0,,,,,,,,,,,,
2026-03-30,71e97277-257f-5b3e-9a12-1bc0041228a2,Miguel Andujar,48554c1a-0b60-5739-aad2-0ff058b6d880,1B,False,False,San Diego Padres,San Francisco Giants,home,0,0,0,0,1,0,0,0,0,0,0,0,0,,,,,,,,,,,,
2026-03-30,71e97277-257f-5b3e-9a12-1bc0041228a2,Fernando Tatis Jr.,ac1ed075-5e29-5566-994f-09b1af7af1b9,RF,False,True,San Diego Padres,San Francisco Giants,home,1,0,0,0,4,1,1,1,0,0,0,1,1,,,,,,,,,,,,
2026-03-30,71e97277-257f-5b3e-9a12-1bc0041228a2,Bryce Johnson,e031aea2-0e42-54c2-9fa8-94c54f276d42,PH,False,False,San Diego Padres,San Francisco Giants,home,0,0,0,0,1,0,0,1,0,0,0,0,0,,,,,,,,,,,,
2026-03-30,71e97277-257f-5b3e-9a12-1bc0041228a2,Xander Bogaerts,c2029f6d-a0ef-5980-850b-3d9f8f0ec784,SS,False,True,San Diego Padres,San Francisco Giants,home,1,0,0,0,4,1,0,0,0,0,0,1,1,,,,,,,,,,,,
2026-03-30,71e97277-257f-5b3e-9a12-1bc0041228a2,Ron Marinaccio,94b4c4ed-724a-50f0-8035-92f01e4aa182,P,True,False,San Diego Padres,San Francisco Giants,home,,,,,,,,,,,,,,2,6,2,0,0,0,0,,29,0,0.3333333333333333,9.0
2026-03-30,71e97277-257f-5b3e-9a12-1bc0041228a2,Jake Cronenworth,5c3d6bb2-760f-5036-8bd3-805107557a37,2B,False,True,San Diego Padres,San Francisco Giants,home,0,0,0,0,4,0,1,2,0,1,0,1,0,,,,,,,,,,,,
2026-03-30,71e97277-257f-5b3e-9a12-1bc0041228a2,Casey Schmitt,e4311142-3ace-57e1-a7f1-cdc5d6796151,1B,False,True,San Francisco Giants,San Diego Padres,away,1,1,0,0,4,2,0,0,1,0,1,3,3,,,,,,,,,,,,
2026-03-30,71e97277-257f-5b3e-9a12-1bc0041228a2,Heliot Ramos,521d9176-c734-5b63-9285-a4ab783f6edd,LF,False,True,San Francisco Giants,San Diego Padres,away,0,0,0,0,4,0,0,1,0,0,0,0,0,,,,,,,,,,,,
2026-03-30,71e97277-257f-5b3e-9a12-1bc0041228a2,Ryan Walker,9692f352-63be-5068-b624-e61be6dd9643,P,True,False,San Francisco Giants,San Diego Padres,away,,,,,,,,,,,,,,1,3,1,1,1,1,2,,22,2,0.3333333333333333,9.0
2026-03-30,71e97277-257f-5b3e-9a12-1bc0041228a2,Keaton Winn,99b4c5de-929d-5557-ac30-13ec44ddb0bd,P,True,False,San Francisco Giants,San Diego Padres,away,,,,,,,,,,,,,,1,3,3,0,0,0,0,,13,0,1.0,27.0
2026-03-30,71e97277-257f-5b3e-9a12-1bc0041228a2,Patrick Bailey,7497fb23-555e-57a8-86b0-f3106d26ac72,C,False,True,San Francisco Giants,San Diego Padres,away,1,0,0,0,4,1,0,2,0,0,1,2,1,,,,,,,,,,,,
2026-03-30,71e97277-257f-5b3e-9a12-1bc0041228a2,Matt Chapman,2c47b345-ac3d-53c1-b77e-6c5fa7a469bb,3B,False,True,San Francisco Giants,San Diego Padres,away,1,0,0,0,4,1,0,0,0,1,0,2,1,,,,,,,,,,,,
2026-03-30,71e97277-257f-5b3e-9a12-1bc0041228a2,Jung Hoo Lee,5233b094-55d5-5790-9af1-e92aeb0a3f2a,RF,False,True,San Francisco Giants,San Diego Padres,away,0,0,0,0,4,0,1,1,0,1,0,1,0,,,,,,,,,,,,
2026-03-30,71e97277-257f-5b3e-9a12-1bc0041228a2,Rafael Devers,c9835c18-6f1f-57cd-a2ff-0ff6d821b16c,DH,False,False,San Francisco Giants,San Diego Padres,away,0,0,0,0,4,0,2,0,0,0,0,0,0,,,,,,,,,,,,
2026-03-30,71e97277-257f-5b3e-9a12-1bc0041228a2,Harrison Bader,91a8ec44-ffa8-5211-b6b0-96ba26567032,CF,False,True,San Francisco Giants,San Diego Padres,away,0,0,0,1,4,1,0,1,0,1,1,3,4,,,,,,,,,,,,
2026-03-30,71e97277-257f-5b3e-9a12-1bc0041228a2,Willy Adames,78cc8077-60d2-554c-b37f-99c3e17b50a1,SS,False,True,San Francisco Giants,San Diego Padres,away,1,0,0,0,4,1,0,1,0,0,0,1,1,,,,,,,,,,,,
2026-03-30,71e97277-257f-5b3e-9a12-1bc0041228a2,Landen Roupp,d87458fb-d1cc-5b8c-a760-cb24413ddd33,P,True,True,San Francisco Giants,San Diego Padres,away,,,,,,,,,,,,,,6,18,7,2,2,0,0,,88,0,0.3888888888888889,10.5
2026-03-30,71e97277-257f-5b3e-9a12-1bc0041228a2,Luis Arraez,b0939c49-253b-5c8b-b011-386ee0b6e0bc,2B,False,True,San Francisco Giants,San Diego Padres,away,0,0,0,0,4,0,0,1,0,0,0,0,0,,,,,,,,,,,,
2026-03-30,71e97277-257f-5b3e-9a12-1bc0041228a2,Matt Gage,79ab18d4-d05e-5433-9b36-3615c6d9c396,P,True,False,San Francisco Giants,San Diego Padres,away,,,,,,,,,,,,,,1,3,0,0,0,0,0,,15,0,0.0,0.0
2026-03-30,d2411e6e-10fd-5d91-b268-cead4b250eec,Will Smith,a99e1cc5-b7ce-57f3-b25f-a35eb434a138,C,False,False,Los Angeles Dodgers,Cleveland Guardians,home,0,0,0,0,1,0,0,0,0,0,0,0,0,,,,,,,,,,,,
2026-03-30,d2411e6e-10fd-5d91-b268-cead4b250eec,Dalton Rushing,d49e7d8f-8d2e-518f-a9d4-502538f99c0d,C,False,True,Los Angeles Dodgers,Cleveland Guardians,home,1,0,0,0,2,1,0,0,0,0,0,1,1,,,,,,,,,,,,
2026-03-30,d2411e6e-10fd-5d91-b268-cead4b250eec,Kyle Tucker,2de01d55-4dd3-5bc3-b8e2-7859bbfdb79f,RF,False,True,Los Angeles Dodgers,Cleveland Guardians,home,1,0,0,0,4,1,0,2,0,1,0,2,1,,,,,,,,,,,,
2026-03-30,d2411e6e-10fd-5d91-b268-cead4b250eec,Max Muncy,8d258a66-1273-5363-89c6-87933a281e74,3B,False,True,Los Angeles Dodgers,Cleveland Guardians,home,1,0,0,0,3,1,0,1,0,0,0,1,1,,,,,,,,,,,,
2026-03-30,d2411e6e-10fd-5d91-b268-cead4b250eec,Freddie Freeman,6ddad2d6-c3a0-5592-8632-a05db59af193,1B,False,True,Los Angeles Dodgers,Cleveland Guardians,home,0,0,0,0,4,0,0,0,0,0,1,1,0,,,,,,,,,,,,
2026-03-30,d2411e6e-10fd-5d91-b268-cead4b250eec,Tanner Scott,6e873ad9-8cda-5a19-8663-0e88694246cd,P,True,False,Los Angeles Dodgers,Cleveland Guardians,home,,,,,,,,,,,,,,1,3,2,0,1,0,0,,16,0,0.6666666666666666,18.0
2026-03-30,d2411e6e-10fd-5d91-b268-cead4b250eec,Shohei Ohtani,c4531087-0c95-5e6e-8d3c-604e0b0fc776,DH,False,False,Los Angeles Dodgers,Cleveland Guardians,home,1,0,0,0,4,1,0,1,0,0,0,1,1,,,,,,,,,,,,
2026-03-30,d2411e6e-10fd-5d91-b268-cead4b250eec,Justin Wrobleski,b48583dd-9754-5bd1-87ad-95cf87fb3591,P,True,False,Los Angeles Dodgers,Cleveland Guardians,home,,,,,,,,,,,,,,4,12,2,1,4,0,3,,60,3,0.16666666666666666,4.5
2026-03-30,d2411e6e-10fd-5d91-b268-cead4b250eec,Teoscar Hernández,963905ee-cf72-5886-afd2-4e77a95c6134,LF,False,True,Los Angeles Dodgers,Cleveland Guardians,home,1,0,0,0,4,1,0,1,0,0,0,1,1,,,,,,,,,,,,
2026-03-30,d2411e6e-10fd-5d91-b268-cead4b250eec,Andy Pages,1057dfe8-f4c3-58d4-be2b-63d4efdf2228,CF,False,True,Los Angeles Dodgers,Cleveland Guardians,home,2,0,0,0,4,2,0,0,0,0,0,2,2,,,,,,,,,,,,
2026-03-30,d2411e6e-10fd-5d91-b268-cead4b250eec,Mookie Betts,93f6ca91-7be2-55cc-8e42-a295fae94395,SS,False,True,Los Angeles Dodgers,Cleveland Guardians,home,0,1,0,0,4,1,0,1,0,1,1,3,2,,,,,,,,,,,,
2026-03-30,d2411e6e-10fd-5d91-b268-cead4b250eec,Miguel Rojas,daef22b8-e349-5c2a-baf6-493ad8567907,2B,False,True,Los Angeles Dodgers,Cleveland Guardians,home,0,1,0,0,3,1,0,0,0,0,0,1,2,,,,,,,,,,,,
2026-03-30,d2411e6e-10fd-5d91-b268-cead4b250eec,Roki Sasaki,e0ca0740-f31a-56b0-9a41-615dc8d84dfa,P,True,True,Los Angeles Dodgers,Cleveland Guardians,home,,,,,,,,,,,,,,4,12,4,2,4,0,1,,78,1,0.3333333333333333,9.0
2026-03-30,d2411e6e-10fd-5d91-b268-cead4b250eec,Shawn Armstrong,5f0c6f60-ac3b-5ec3-b62e-f70dbe817109,P,True,False,Cleveland Guardians,Los Angeles Dodgers,away,,,,,,,,,,,,,,0.2,2,0,0,2,0,0,,12,0,0.0,0.0
2026-03-30,d2411e6e-10fd-5d91-b268-cead4b250eec,Chase DeLauter,6df4c8fa-ba98-5c7a-ad19-cf86a2049392,DH,False,False,Cleveland Guardians,Los Angeles Dodgers,away,0,0,0,0,5,0,1,1,0,0,0,0,0,,,,,,,,,,,,
2026-03-30,d2411e6e-10fd-5d91-b268-cead4b250eec,Austin Hedges,c7c1d348-de1b-5e14-a0fb-84e7470489fa,C,False,True,Cleveland Guardians,Los Angeles Dodgers,away,1,1,0,0,4,2,0,1,0,2,0,4,3,,,,,,,,,,,,
2026-03-30,d2411e6e-10fd-5d91-b268-cead4b250eec,Daniel Schneemann,44aa2c31-5c71-54d6-bd89-c75f77599832,CF,False,True,Cleveland Guardians,Los Angeles Dodgers,away,0,1,0,0,4,1,0,1,0,0,2,3,2,,,,,,,,,,,,
2026-03-30,d2411e6e-10fd-5d91-b268-cead4b250eec,Brayan Rocchio,19d4d33d-50bf-55d7-9885-40f4738e6983,2B,False,True,Cleveland Guardians,Los Angeles Dodgers,away,0,0,0,0,4,0,1,1,0,0,0,0,0,,,,,,,,,,,,
2026-03-30,d2411e6e-10fd-5d91-b268-cead4b250eec,Gabriel Arias,da74b797-d096-5ec7-bb84-6b0e693536f3,SS,False,True,Cleveland Guardians,Los Angeles Dodgers,away,0,0,0,0,4,0,0,1,0,0,0,0,0,,,,,,,,,,,,
2026-03-30,d2411e6e-10fd-5d91-b268-cead4b250eec,Cade Smith,431e2150-8e44-5087-a282-49c837584e2b,P,True,False,Cleveland Guardians,Los Angeles Dodgers,away,,,,,,,,,,,,,,1,3,0,0,2,0,2,,29,2,0.0,0.0
2026-03-30,d2411e6e-10fd-5d91-b268-cead4b250eec,José Ramírez,edd283fa-acd6-56e6-a171-35d869385530,3B,False,True,Cleveland Guardians,Los Angeles Dodgers,away,1,0,0,0,5,1,0,1,1,0,0,1,1,,,,,,,,,,,,
2026-03-30,d2411e6e-10fd-5d91-b268-cead4b250eec,Steven Kwan,64af661f-a572-5a07-8797-70964b4dbcb2,LF,False,True,Cleveland Guardians,Los Angeles Dodgers,away,2,1,0,0,5,3,0,1,1,1,1,5,4,,,,,,,,,,,,
2026-03-30,d2411e6e-10fd-5d91-b268-cead4b250eec,Angel Martínez,a1a79e19-4dd8-5d43-8cf7-324e82cc4a92,RF,False,True,Cleveland Guardians,Los Angeles Dodgers,away,2,0,0,0,4,2,0,0,1,1,0,3,2,,,,,,,,,,,,
2026-03-30,d2411e6e-10fd-5d91-b268-cead4b250eec,Kyle Manzardo,1f4ed7ba-eda9-5a00-b87f-9c005e0a44a8,1B,False,True,Cleveland Guardians,Los Angeles Dodgers,away,0,0,0,0,2,0,0,0,0,0,0,0,0,,,,,,,,,,,,
2026-03-30,d2411e6e-10fd-5d91-b268-cead4b250eec,Parker Messick,e97867b2-652a-56a0-a386-d1a33346aac7,P,True,True,Cleveland Guardians,Los Angeles Dodgers,away,,,,,,,,,,,,,,6,18,5,0,5,0,0,,76,0,0.2777777777777778,7.5
2026-03-30,d2411e6e-10fd-5d91-b268-cead4b250eec,Erik Sabrowski,f440cc49-e1e7-5622-8971-bc07b4313d0d,P,True,False,Cleveland Guardians,Los Angeles Dodgers,away,,,,,,,,,,,,,,1.1,4,1,0,0,0,0,,20,0,0.25,6.75
2026-03-30,d2411e6e-10fd-5d91-b268-cead4b250eec,Rhys Hoskins,1c22ec74-00f6-5b13-b698-eeaaf10c7523,1B,False,False,Cleveland Guardians,Los Angeles Dodgers,away,0,0,0,0,2,0,1,1,0,0,1,1,0,,,,,,,,,,,,
2026-03-30,8d5bc49e-620e-5a2a-84b6-6913fb052c4c,Jordan Lawlar,efc1a492-55fc-5064-9cad-53d91802c077,LF,False,True,Arizona Diamondbacks,Detroit Tigers,home,2,0,0,0,4,2,1,0,1,1,1,4,2,,,,,,,,,,,,
2026-03-30,8d5bc49e-620e-5a2a-84b6-6913fb052c4c,Juan Morillo,cd151ec4-bdc0-50ea-bac1-6dee6b1199a9,P,True,False,Arizona Diamondbacks,Detroit Tigers,home,,,,,,,,,,,,,,0.1,1,0,0,0,0,0,,5,0,0.0,0.0
2026-03-30,8d5bc49e-620e-5a2a-84b6-6913fb052c4c,Nolan Arenado,aa4157df-7915-5251-83c1-0c1f931c43f0,3B,False,True,Arizona Diamondbacks,Detroit Tigers,home,1,0,0,0,5,1,0,0,0,1,0,2,1,,,,,,,,,,,,
2026-03-30,8d5bc49e-620e-5a2a-84b6-6913fb052c4c,Kevin Ginkel,2bc38bf7-08a1-5ad8-853f-9acf889b8f52,P,True,False,Arizona Diamondbacks,Detroit Tigers,home,,,,,,,,,,,,,,1,3,1,0,0,0,0,,13,0,0.3333333333333333,9.0
2026-03-30,8d5bc49e-620e-5a2a-84b6-6913fb052c4c,Joe Ross,55e3c59f-7287-51c5-86ba-5037f9da9e49,P,True,False,Arizona Diamondbacks,Detroit Tigers,home,,,,,,,,,,,,,,0.2,2,1,1,5,0,6,,26,6,0.5,13.5
2026-03-30,8d5bc49e-620e-5a2a-84b6-6913fb052c4c,Ketel Marte,c81e5c80-cc33-537b-b75e-e43d4baeefd8,2B,False,True,Arizona Diamondbacks,Detroit Tigers,home,1,0,0,0,5,1,1,0,0,1,1,3,1,,,,,,,,,,,,
2026-03-30,8d5bc49e-620e-5a2a-84b6-6913fb052c4c,Ildemaro Vargas,e20d8cb6-0ba2-5399-9d20-541d1cfce0e7,DH,False,False,Arizona Diamondbacks,Detroit Tigers,home,1,0,0,1,4,2,0,0,0,2,1,5,5,,,,,,,,,,,,
2026-03-30,8d5bc49e-620e-5a2a-84b6-6913fb052c4c,Geraldo Perdomo,f16aabac-5df9-5d25-854f-705f0f9b265a,SS,False,True,Arizona Diamondbacks,Detroit Tigers,home,0,0,0,0,5,0,1,0,0,0,0,0,0,,,,,,,,,,,,
2026-03-30,8d5bc49e-620e-5a2a-84b6-6913fb052c4c,Paul Sewald,7dc315ea-efc2-5c83-be43-b52bb30e7944,P,True,False,Arizona Diamondbacks,Detroit Tigers,home,,,,,,,,,,,,,,1,3,1,0,0,0,0,,12,0,0.3333333333333333,9.0
2026-03-30,8d5bc49e-620e-5a2a-84b6-6913fb052c4c,Michael Soroka,1183e0dc-dfdd-513b-8002-f62c1fd40c5e,P,True,True,Arizona Diamondbacks,Detroit Tigers,home,,,,,,,,,,,,,,5,15,10,1,4,0,0,,89,0,0.6666666666666666,18.0
2026-03-30,8d5bc49e-620e-5a2a-84b6-6913fb052c4c,Gabriel Moreno,18e63c5c-4632-5dbc-9084-71bfa57a99c7,C,False,True,Arizona Diamondbacks,Detroit Tigers,home,1,1,0,0,5,2,1,0,0,1,1,4,3,,,,,,,,,,,,
2026-03-30,8d5bc49e-620e-5a2a-84b6-6913fb052c4c,Corbin Carroll,3b6210c9-3db8-5b34-9af5-e972d0b61b99,RF,False,True,Arizona Diamondbacks,Detroit Tigers,home,0,0,1,1,5,2,1,1,0,2,4,8,7,,,,,,,,,,,,
2026-03-30,8d5bc49e-620e-5a2a-84b6-6913fb052c4c,Taylor Clarke,ee4ac798-96a7-5034-946b-19e82de3d346,P,True,False,Arizona Diamondbacks,Detroit Tigers,home,,,,,,,,,,,,,,1,3,1,0,0,0,0,,16,0,0.3333333333333333,9.0
2026-03-30,8d5bc49e-620e-5a2a-84b6-6913fb052c4c,Ryan Thompson,645085dd-3250-5066-a496-2e05bd6fab72,P,True,False,Arizona Diamondbacks,Detroit Tigers,home,,,,,,,,,,,,,,0,0,0,2,1,0,0,,13,0,,
2026-03-30,8d5bc49e-620e-5a2a-84b6-6913fb052c4c,Carlos Santana,1e382352-f767-5763-bb8c-059aceb7ca11,1B,False,True,Arizona Diamondbacks,Detroit Tigers,home,0,0,0,0,4,0,1,0,0,0,0,0,0,,,,,,,,,,,,
2026-03-30,8d5bc49e-620e-5a2a-84b6-6913fb052c4c,Alek Thomas,877bcfe1-8864-5209-ac98-f3513aa34d93,CF,False,True,Arizona Diamondbacks,Detroit Tigers,home,0,1,0,0,5,1,0,2,0,1,1,3,2,,,,,,,,,,,,
2026-03-30,8d5bc49e-620e-5a2a-84b6-6913fb052c4c,Brant Hurter,39cfef9d-dfdf-5ab3-969a-8125225bba98,P,True,False,Detroit Tigers,Arizona Diamondbacks,away,,,,,,,,,,,,,,2,6,0,0,2,1,1,,26,1,0.0,0.0
2026-03-30,8d5bc49e-620e-5a2a-84b6-6913fb052c4c,Javier Báez,17c08cde-e81d-5b40-8f69-31e92ae85ff7,SS,False,True,Detroit Tigers,Arizona Diamondbacks,away,1,0,0,0,4,1,0,2,0,1,1,3,1,,,,,,,,,,,,
2026-03-30,8d5bc49e-620e-5a2a-84b6-6913fb052c4c,Riley Greene,bbee493e-0329-5be6-8cd9-78d86c4bba58,LF,False,True,Detroit Tigers,Arizona Diamondbacks,away,2,0,0,0,5,2,0,1,0,1,1,4,2,,,,,,,,,,,,
2026-03-30,8d5bc49e-620e-5a2a-84b6-6913fb052c4c,Tyler Holton,89032a74-1422-5c27-86cd-461d059aad94,P,True,False,Detroit Tigers,Arizona Diamondbacks,away,,,,,,,,,,,,,,1,3,1,2,0,0,0,,19,0,0.3333333333333333,9.0
2026-03-30,8d5bc49e-620e-5a2a-84b6-6913fb052c4c,Kevin McGonigle,564bb172-7dfb-573e-b0f7-7f5cbdd0d547,3B,False,True,Detroit Tigers,Arizona Diamondbacks,away,0,0,0,0,4,0,2,0,0,1,0,1,0,,,,,,,,,,,,
2026-03-30,8d5bc49e-620e-5a2a-84b6-6913fb052c4c,Kerry Carpenter,fcfcc870-05a3-58ad-ae0a-2ed6a6964125,RF,False,True,Detroit Tigers,Arizona Diamondbacks,away,1,0,0,0,5,1,0,4,0,0,0,1,1,,,,,,,,,,,,
2026-03-30,8d5bc49e-620e-5a2a-84b6-6913fb052c4c,Kyle Finnegan,0a6158d8-6cc7-58ea-b56c-45fed333f327,P,True,False,Detroit Tigers,Arizona Diamondbacks,away,,,,,,,,,,,,,,0.1,1,0,0,0,0,0,,5,0,0.0,0.0
2026-03-30,8d5bc49e-620e-5a2a-84b6-6913fb052c4c,Spencer Torkelson,c12eb080-7e57-5145-9dc7-97b7b4c97921,1B,False,True,Detroit Tigers,Arizona Diamondbacks,away,0,1,0,0,5,1,0,2,0,0,1,2,2,,,,,,,,,,,,
2026-03-30,8d5bc49e-620e-5a2a-84b6-6913fb052c4c,Gleyber Torres,7bd07245-7bf0-5980-8c77-8a40271534aa,2B,False,True,Detroit Tigers,Arizona Diamondbacks,away,1,0,0,0,5,1,1,1,0,1,0,2,1,,,,,,,,,,,,
2026-03-30,8d5bc49e-620e-5a2a-84b6-6913fb052c4c,Enmanuel De Jesus,3e1d8d47-3c70-5063-bc60-72aa374012c5,P,True,False,Detroit Tigers,Arizona Diamondbacks,away,,,,,,,,,,,,,,1,3,1,2,3,0,3,,38,3,0.3333333333333333,9.0
2026-03-30,8d5bc49e-620e-5a2a-84b6-6913fb052c4c,Parker Meadows,c0c33d53-e475-503d-b1cb-5aa6430b3660,CF,False,True,Detroit Tigers,Arizona Diamondbacks,away,0,1,0,0,4,1,0,0,0,0,0,1,2,,,,,,,,,,,,
2026-03-30,8d5bc49e-620e-5a2a-84b6-6913fb052c4c,Justin Verlander,900f05d8-080e-5cc2-a278-a79793a761b7,P,True,True,Detroit Tigers,Arizona Diamondbacks,away,,,,,,,,,,,,,,3.2,11,1,2,6,1,5,,80,5,0.09090909090909091,2.4545454545454546
2026-03-30,8d5bc49e-620e-5a2a-84b6-6913fb052c4c,Dillon Dingler,ddcd399c-63b6-5add-9222-5d69a6f9b45d,C,False,True,Detroit Tigers,Arizona Diamondbacks,away,0,1,0,0,4,1,1,2,0,1,1,3,2,,,,,,,,,,,,
2026-03-30,8d5bc49e-620e-5a2a-84b6-6913fb052c4c,Colt Keith,cadc4708-5d0a-56ac-84d0-feced1704a81,DH,False,False,Detroit Tigers,Arizona Diamondbacks,away,0,2,0,0,5,2,0,2,0,1,2,5,4,,,,,,,,,,,,
2026-03-31,524c4729-25bb-5bad-aea8-d2a2f7e5dd16,Jeremiah Jackson,79a8c5e7-b511-5a4a-a093-00ac948ae519,2B,False,True,Baltimore Orioles,Texas Rangers,home,0,0,0,0,4,0,0,2,0,0,0,0,0,,,,,,,,,,,,
2026-03-31,524c4729-25bb-5bad-aea8-d2a2f7e5dd16,Samuel Basallo,e2832358-42f4-5d2e-b14c-498693dbb679,DH,False,False,Baltimore Orioles,Texas Rangers,home,0,0,0,0,4,0,0,1,0,0,0,0,0,,,,,,,,,,,,
2026-03-31,524c4729-25bb-5bad-aea8-d2a2f7e5dd16,Gunnar Henderson,8dd2ac6f-561c-5af1-b076-5e81f0f4e199,SS,False,True,Baltimore Orioles,Texas Rangers,home,0,1,0,0,5,1,0,1,0,0,2,3,2,,,,,,,,,,,,
2026-03-31,524c4729-25bb-5bad-aea8-d2a2f7e5dd16,Taylor Ward,ecd13d9a-09c8-5341-a9c1-42cd969b9bfd,LF,False,True,Baltimore Orioles,Texas Rangers,home,3,1,0,0,5,4,0,1,0,1,2,7,5,,,,,,,,,,,,
2026-03-31,524c4729-25bb-5bad-aea8-d2a2f7e5dd16,Adley Rutschman,641d20de-7b25-5610-a12b-aa8c9cf6fdb5,C,False,True,Baltimore Orioles,Texas Rangers,home,0,0,0,0,4,0,1,0,0,0,0,0,0,,,,,,,,,,,,
2026-03-31,524c4729-25bb-5bad-aea8-d2a2f7e5dd16,Yaramil Hiraldo,d32539bd-0e1c-50e1-a08d-67430a42b23e,P,True,False,Baltimore Orioles,Texas Rangers,home,,,,,,,,,,,,,,1,3,0,1,2,1,3,,24,3,0.0,0.0
2026-03-31,524c4729-25bb-5bad-aea8-d2a2f7e5dd16,Tyler O'Neill,22618000-6c22-5a37-9298-4ff8d51174b1,RF,False,True,Baltimore Orioles,Texas Rangers,home,0,0,0,0,4,0,0,2,0,1,0,1,0,,,,,,,,,,,,
2026-03-31,524c4729-25bb-5bad-aea8-d2a2f7e5dd16,Blaze Alexander,06fa37f7-11f0-5e44-b028-6e4b58efaaa5,3B,False,True,Baltimore Orioles,Texas Rangers,home,1,0,0,0,4,1,0,3,0,1,0,2,1,,,,,,,,,,,,
2026-03-31,524c4729-25bb-5bad-aea8-d2a2f7e5dd16,Anthony Nunez,e21e4fcc-ccb4-515c-bf3a-fb9b09d362ee,P,True,False,Baltimore Orioles,Texas Rangers,home,,,,,,,,,,,,,,2,6,2,0,2,1,1,,21,1,0.3333333333333333,9.0
2026-03-31,524c4729-25bb-5bad-aea8-d2a2f7e5dd16,Zach Eflin,aaf04bd0-ee6a-5cf3-9a1e-c6b76aeb82cf,P,True,True,Baltimore Orioles,Texas Rangers,home,,,,,,,,,,,,,,3.2,11,7,2,4,1,1,,74,1,0.6363636363636364,17.181818181818183
2026-03-31,524c4729-25bb-5bad-aea8-d2a2f7e5dd16,Pete Alonso,a706e53c-3e74-5675-9f67-a2114ac0ab94,1B,False,True,Baltimore Orioles,Texas Rangers,home,1,0,0,1,4,2,0,1,0,1,1,4,5,,,,,,,,,,,,
2026-03-31,524c4729-25bb-5bad-aea8-d2a2f7e5dd16,Grant Wolfram,933ece99-ab75-503c-a717-ae736199b56d,P,True,False,Baltimore Orioles,Texas Rangers,home,,,,,,,,,,,,,,1.1,4,2,0,3,0,2,,23,2,0.5,13.5
2026-03-31,524c4729-25bb-5bad-aea8-d2a2f7e5dd16,Yennier Cano,9afc79b0-0758-5ecf-9c65-0be52b7b0603,P,True,False,Baltimore Orioles,Texas Rangers,home,,,,,,,,,,,,,,1,3,0,0,2,0,1,,9,1,0.0,0.0
2026-03-31,524c4729-25bb-5bad-aea8-d2a2f7e5dd16,Colton Cowser,7c1a36d9-f8ba-5ebe-9fd2-58b788cc84b6,CF,False,True,Baltimore Orioles,Texas Rangers,home,1,0,0,0,4,1,0,0,0,1,0,2,1,,,,,,,,,,,,
2026-03-31,524c4729-25bb-5bad-aea8-d2a2f7e5dd16,Evan Carter,f35e83f3-06d6-5c07-b669-1e0cd310d86e,CF,False,True,Texas Rangers,Baltimore Orioles,away,0,1,0,0,4,1,1,0,0,1,0,2,2,,,,,,,,,,,,
2026-03-31,524c4729-25bb-5bad-aea8-d2a2f7e5dd16,Wyatt Langford,882a170b-e284-5079-9ca4-351da4aad0f2,LF,False,True,Texas Rangers,Baltimore Orioles,away,1,0,1,0,5,2,0,1,0,1,1,4,4,,,,,,,,,,,,
2026-03-31,524c4729-25bb-5bad-aea8-d2a2f7e5dd16,Jake Burger,405e9f4a-6c45-52e5-92ca-d856c0888e10,1B,False,True,Texas Rangers,Baltimore Orioles,away,1,0,0,0,5,1,0,3,0,1,0,2,1,,,,,,,,,,,,
2026-03-31,524c4729-25bb-5bad-aea8-d2a2f7e5dd16,Joc Pederson,a8accc9b-5d7c-5c48-b5dc-24a6f0b7b652,DH,False,False,Texas Rangers,Baltimore Orioles,away,0,0,0,0,5,0,1,2,0,0,0,0,0,,,,,,,,,,,,
2026-03-31,524c4729-25bb-5bad-aea8-d2a2f7e5dd16,Corey Seager,0a8aa1ff-7f96-5ea3-91c5-f80c15eed600,SS,False,True,Texas Rangers,Baltimore Orioles,away,1,0,0,1,5,2,1,1,0,2,2,6,5,,,,,,,,,,,,
2026-03-31,524c4729-25bb-5bad-aea8-d2a2f7e5dd16,Robert Garcia,2e78c30e-9db1-5ac6-b461-c7aa7ac70de9,P,True,False,Texas Rangers,Baltimore Orioles,away,,,,,,,,,,,,,,1,3,1,0,0,0,0,,15,0,0.3333333333333333,9.0
2026-03-31,524c4729-25bb-5bad-aea8-d2a2f7e5dd16,Ezequiel Duran,3e6051c8-4c13-582e-ad57-c600a7c2174b,3B,False,True,Texas Rangers,Baltimore Orioles,away,0,0,0,1,4,1,0,1,0,1,1,3,4,,,,,,,,,,,,
2026-03-31,524c4729-25bb-5bad-aea8-d2a2f7e5dd16,Jacob deGrom,77d2ec46-f9b0-500b-bf78-6d9addd6b3ca,P,True,True,Texas Rangers,Baltimore Orioles,away,,,,,,,,,,,,,,4.2,14,7,0,6,1,3,,79,3,0.5,13.5
2026-03-31,524c4729-25bb-5bad-aea8-d2a2f7e5dd16,Brandon Nimmo,8954e7a7-4f31-5f8f-9888-a809b7b43d88,RF,False,True,Texas Rangers,Baltimore Orioles,away,2,0,0,0,5,2,0,1,0,1,1,4,2,,,,,,,,,,,,
2026-03-31,524c4729-25bb-5bad-aea8-d2a2f7e5dd16,Josh Smith,b7d79367-f94a-515d-b182-46692bc3d8c5,2B,False,True,Texas Rangers,Baltimore Orioles,away,1,0,0,0,5,1,0,1,0,0,0,1,1,,,,,,,,,,,,
2026-03-31,524c4729-25bb-5bad-aea8-d2a2f7e5dd16,Danny Jansen,40547d59-1eb3-5e24-9ee7-9609f66e218a,C,False,True,Texas Rangers,Baltimore Orioles,away,1,1,0,1,5,3,0,1,0,1,3,7,7,,,,,,,,,,,,
2026-03-31,524c4729-25bb-5bad-aea8-d2a2f7e5dd16,Jakob Junis,2333aae5-bf92-5f43-9e5f-276fd335d73d,P,True,False,Texas Rangers,Baltimore Orioles,away,,,,,,,,,,,,,,1,3,1,0,1,0,0,,15,0,0.3333333333333333,9.0
2026-03-31,524c4729-25bb-5bad-aea8-d2a2f7e5dd16,Cole Winn,4104cc07-5e4a-58a3-9b5f-e374581c9e62,P,True,False,Texas Rangers,Baltimore Orioles,away,,,,,,,,,,,,,,1.1,4,1,1,0,0,0,,14,0,0.25,6.75
2026-03-31,524c4729-25bb-5bad-aea8-d2a2f7e5dd16,Chris Martin,ea587fcb-6ef3-5160-bb1c-eab899cc407f,P,True,False,Texas Rangers,Baltimore Orioles,away,,,,,,,,,,,,,,1,3,1,0,2,0,2,,19,2,0.3333333333333333,9.0
2026-03-31,e984cb0f-9958-5ad8-a370-e41bd1b21da8,Griffin Conine,e3341070-8797-525f-ac18-fe883727cad8,RF,False,True,Miami Marlins,Chicago White Sox,home,1,0,0,1,4,2,0,1,0,2,2,6,5,,,,,,,,,,,,
2026-03-31,e984cb0f-9958-5ad8-a370-e41bd1b21da8,Pete Fairbanks,71b3e27a-054a-5ba4-9a8f-f19ec5e37249,P,True,False,Miami Marlins,Chicago White Sox,home,,,,,,,,,,,,,,1,3,3,0,0,0,0,,15,0,1.0,27.0
2026-03-31,e984cb0f-9958-5ad8-a370-e41bd1b21da8,Heriberto Hernández,4be49799-348b-535b-b44d-1a42d82eb903,LF,False,True,Miami Marlins,Chicago White Sox,home,1,0,0,0,4,1,1,0,0,1,1,3,1,,,,,,,,,,,,
2026-03-31,e984cb0f-9958-5ad8-a370-e41bd1b21da8,Jakob Marsee,0af43782-4c0c-52a9-94e2-9d9a6da68ce7,CF,False,True,Miami Marlins,Chicago White Sox,home,0,0,0,0,4,0,0,0,0,0,1,1,0,,,,,,,,,,,,
2026-03-31,e984cb0f-9958-5ad8-a370-e41bd1b21da8,Calvin Faucher,c8a18109-5049-5421-abbc-a265039766c8,P,True,False,Miami Marlins,Chicago White Sox,home,,,,,,,,,,,,,,1,3,2,0,0,0,0,,17,0,0.6666666666666666,18.0
2026-03-31,e984cb0f-9958-5ad8-a370-e41bd1b21da8,Xavier Edwards,c495c968-61ae-5861-89a0-df7170538ff7,2B,False,True,Miami Marlins,Chicago White Sox,home,2,0,0,0,4,2,0,0,0,1,0,3,2,,,,,,,,,,,,
2026-03-31,e984cb0f-9958-5ad8-a370-e41bd1b21da8,Graham Pauley,606dcc64-c72e-5d4a-9d8c-d61117112980,3B,False,True,Miami Marlins,Chicago White Sox,home,0,0,0,0,4,0,0,1,0,0,1,1,0,,,,,,,,,,,,
2026-03-31,e984cb0f-9958-5ad8-a370-e41bd1b21da8,Liam Hicks,0d5739d9-0891-5f5a-b4f5-07b6afa2f305,1B,False,True,Miami Marlins,Chicago White Sox,home,0,1,0,0,4,1,1,0,0,2,2,5,2,,,,,,,,,,,,
2026-03-31,e984cb0f-9958-5ad8-a370-e41bd1b21da8,Anthony Bender,4cbf6703-1158-5b61-bc32-4c4a3e028233,P,True,False,Miami Marlins,Chicago White Sox,home,,,,,,,,,,,,,,1.2,5,1,1,0,0,0,,27,0,0.2,5.3999999999999995
2026-03-31,e984cb0f-9958-5ad8-a370-e41bd1b21da8,Owen Caissie,6ae28905-0bc7-52c6-ba9c-af2410655745,DH,False,False,Miami Marlins,Chicago White Sox,home,1,0,0,0,4,1,1,1,0,1,2,4,1,,,,,,,,,,,,
2026-03-31,e984cb0f-9958-5ad8-a370-e41bd1b21da8,Agustín Ramírez,c2ec4144-0214-50b3-8140-01ede6f247c1,C,False,True,Miami Marlins,Chicago White Sox,home,0,1,0,0,4,1,0,1,0,1,0,2,2,,,,,,,,,,,,
2026-03-31,e984cb0f-9958-5ad8-a370-e41bd1b21da8,Janson Junk,62610e54-3541-56c7-b590-c8aab16bf16f,P,True,True,Miami Marlins,Chicago White Sox,home,,,,,,,,,,,,,,4.1,13,5,1,5,0,2,,79,2,0.38461538461538464,10.384615384615385
2026-03-31,e984cb0f-9958-5ad8-a370-e41bd1b21da8,Andrew Nardi,2478f896-56e6-548d-ae94-b92ae1afd232,P,True,False,Miami Marlins,Chicago White Sox,home,,,,,,,,,,,,,,1,3,2,0,0,0,0,,14,0,0.6666666666666666,18.0
2026-03-31,e984cb0f-9958-5ad8-a370-e41bd1b21da8,Otto Lopez,5fd2366a-e489-58b4-8ad3-0c6eaaff57c9,SS,False,True,Miami Marlins,Chicago White Sox,home,1,0,0,0,4,1,0,1,0,1,0,2,1,,,,,,,,,,,,
2026-03-31,e984cb0f-9958-5ad8-a370-e41bd1b21da8,Tristan Peters,574e45bf-8e75-5762-ba59-2684060d441c,RF,False,True,Chicago White Sox,Miami Marlins,away,0,0,0,0,4,0,1,2,1,0,0,0,0,,,,,,,,,,,,
2026-03-31,e984cb0f-9958-5ad8-a370-e41bd1b21da8,Luisangel Acuña,02ae1abb-7737-5f3c-97fa-343ed56b2a95,CF,False,True,Chicago White Sox,Miami Marlins,away,1,0,0,0,3,1,0,0,0,1,0,2,1,,,,,,,,,,,,
2026-03-31,e984cb0f-9958-5ad8-a370-e41bd1b21da8,Munetaka Murakami,5ef6bdd4-00f0-5b87-b02a-2ad78752c1aa,1B,False,True,Chicago White Sox,Miami Marlins,away,1,0,0,0,4,1,0,2,0,0,1,2,1,,,,,,,,,,,,
2026-03-31,e984cb0f-9958-5ad8-a370-e41bd1b21da8,Jedixson Paez,76db45e5-42d3-5470-8efe-02b441f547e7,P,True,False,Chicago White Sox,Miami Marlins,away,,,,,,,,,,,,,,1.1,4,0,1,2,1,3,,28,3,0.0,0.0
2026-03-31,e984cb0f-9958-5ad8-a370-e41bd1b21da8,Chase Meidroth,b8e78229-a743-53a4-9be9-92e7b52d24ee,2B,False,True,Chicago White Sox,Miami Marlins,away,0,0,0,0,4,0,0,2,0,0,0,0,0,,,,,,,,,,,,
2026-03-31,e984cb0f-9958-5ad8-a370-e41bd1b21da8,Colson Montgomery,e16341a7-cdfb-58eb-93e1-88a182b5acbb,SS,False,True,Chicago White Sox,Miami Marlins,away,0,0,0,0,4,0,0,2,0,0,0,0,0,,,,,,,,,,,,
2026-03-31,e984cb0f-9958-5ad8-a370-e41bd1b21da8,Austin Hays,f66b4ccd-b4ce-5914-9cc5-790cbd311cac,LF,False,True,Chicago White Sox,Miami Marlins,away,0,0,0,0,4,0,0,1,0,0,0,0,0,,,,,,,,,,,,
2026-03-31,e984cb0f-9958-5ad8-a370-e41bd1b21da8,Edgar Quero,3a107cbc-e2a4-581e-a7a7-4062370df3ac,C,False,True,Chicago White Sox,Miami Marlins,away,1,0,0,0,3,1,1,0,0,1,0,2,1,,,,,,,,,,,,
2026-03-31,e984cb0f-9958-5ad8-a370-e41bd1b21da8,Andrew Benintendi,c40737a9-be3f-59a6-bd2b-9b112bd2d62c,DH,False,False,Chicago White Sox,Miami Marlins,away,1,0,0,0,4,1,0,2,0,0,1,2,1,,,,,,,,,,,,
2026-03-31,e984cb0f-9958-5ad8-a370-e41bd1b21da8,Bryan Hudson,e9a3576d-6bce-5b77-acba-80405f9e0c78,P,True,False,Chicago White Sox,Miami Marlins,away,,,,,,,,,,,,,,1.2,5,1,1,1,0,1,,25,2,0.2,5.3999999999999995
2026-03-31,e984cb0f-9958-5ad8-a370-e41bd1b21da8,Erick Fedde,df8ef73b-9db4-5c2c-a162-ffca3c8f22f9,P,True,True,Chicago White Sox,Miami Marlins,away,,,,,,,,,,,,,,5,15,4,1,6,0,3,,80,4,0.26666666666666666,7.2
2026-03-31,e984cb0f-9958-5ad8-a370-e41bd1b21da8,Miguel Vargas,62addef8-7bda-57cd-a2aa-6821f9ad6427,3B,False,True,Chicago White Sox,Miami Marlins,away,0,1,0,0,4,1,0,2,0,0,0,1,2,,,,,,,,,,,,
2026-03-31,e5347aa7-23aa-52dd-b47a-3848fce5a3be,Elly De La Cruz,7fd536ef-9553-5c83-9d6b-4584793b4a26,SS,False,True,Cincinnati Reds,Pittsburgh Pirates,home,0,0,0,1,5,1,0,1,0,1,1,3,4,,,,,,,,,,,,
2026-03-31,e5347aa7-23aa-52dd-b47a-3848fce5a3be,Dane Myers,4afd868e-eb1d-5af8-bff0-99ce9b1bf670,CF,False,False,Cincinnati Reds,Pittsburgh Pirates,home,1,0,0,0,2,1,0,1,0,0,0,1,1,,,,,,,,,,,,
2026-03-31,e5347aa7-23aa-52dd-b47a-3848fce5a3be,Sal Stewart,87ada644-a3be-5013-bfc9-a696f4bfb4ee,1B,False,True,Cincinnati Reds,Pittsburgh Pirates,home,0,0,0,1,5,1,1,2,0,1,1,3,4,,,,,,,,,,,,
2026-03-31,e5347aa7-23aa-52dd-b47a-3848fce5a3be,Pierce Johnson,aa72972c-95f9-58b9-b589-36f13f6e6dc6,P,True,False,Cincinnati Reds,Pittsburgh Pirates,home,,,,,,,,,,,,,,1,3,1,0,2,1,2,,20,2,0.3333333333333333,9.0
2026-03-31,e5347aa7-23aa-52dd-b47a-3848fce5a3be,Brandon Williamson,f416d206-44eb-5dab-b458-a0329c311b72,P,True,True,Cincinnati Reds,Pittsburgh Pirates,home,,,,,,,,,,,,,,4.2,14,3,2,6,3,6,,94,6,0.21428571428571427,5.785714285714286
2026-03-31,e5347aa7-23aa-52dd-b47a-3848fce5a3be,Noelvi Marte,b4539c2e-2482-5e59-a810-3b07072fa874,RF,False,True,Cincinnati Reds,Pittsburgh Pirates,home,0,0,0,0,4,0,2,1,0,1,0,1,0,,,,,,,,,,,,
2026-03-31,e5347aa7-23aa-52dd-b47a-3848fce5a3be,Nathaniel Lowe,4bc7650f-1ad3-5a2c-a3b7-6a07ed97b9f7,PH,False,False,Cincinnati Reds,Pittsburgh Pirates,home,0,0,0,0,1,0,0,0,0,0,0,0,0,,,,,,,,,,,,
2026-03-31,e5347aa7-23aa-52dd-b47a-3848fce5a3be,Matt McLain,f7624c99-f5cf-56e9-8b5d-cdc4402e8af7,2B,False,True,Cincinnati Reds,Pittsburgh Pirates,home,0,0,0,0,5,0,1,3,0,0,0,0,0,,,,,,,,,,,,
2026-03-31,e5347aa7-23aa-52dd-b47a-3848fce5a3be,Ke'Bryan Hayes,5ac4617a-322b-54c3-97a6-21a85177db00,3B,False,True,Cincinnati Reds,Pittsburgh Pirates,home,1,0,0,0,4,1,1,0,0,0,0,1,1,,,,,,,,,,,,
2026-03-31,e5347aa7-23aa-52dd-b47a-3848fce5a3be,Will Benson,3af6fc09-0d15-5805-832b-1e331a51fd8f,LF,False,True,Cincinnati Reds,Pittsburgh Pirates,home,0,0,0,0,2,0,0,1,0,0,0,0,0,,,,,,,,,,,,
2026-03-31,e5347aa7-23aa-52dd-b47a-3848fce5a3be,TJ Friedl,0a711a2b-282c-5649-94b9-8b048f484f0b,LF,False,True,Cincinnati Reds,Pittsburgh Pirates,home,0,0,0,0,5,0,2,1,0,0,0,0,0,,,,,,,,,,,,
2026-03-31,e5347aa7-23aa-52dd-b47a-3848fce5a3be,Jose Trevino,3930dcf9-e9c2-536d-822f-07c8c4203342,C,False,True,Cincinnati Reds,Pittsburgh Pirates,home,1,0,0,0,3,1,1,0,0,0,0,1,1,,,,,,,,,,,,
2026-03-31,e5347aa7-23aa-52dd-b47a-3848fce5a3be,Tyler Stephenson,84ffb64d-831d-5b54-bb2d-dbc37cb5cb5c,C,False,False,Cincinnati Reds,Pittsburgh Pirates,home,0,0,0,0,0,0,0,0,0,0,0,0,0,,,,,,,,,,,,
2026-03-31,e5347aa7-23aa-52dd-b47a-3848fce5a3be,Eugenio Suárez,09da9ec7-2b7c-5ea9-b2f8-9cdd0fdb7f8b,DH,False,False,Cincinnati Reds,Pittsburgh Pirates,home,1,0,0,0,5,1,0,2,0,0,0,1,1,,,,,,,,,,,,
2026-03-31,e5347aa7-23aa-52dd-b47a-3848fce5a3be,Sam Moll,1cbefb65-74f2-5448-b353-d021fbe984dd,P,True,False,Cincinnati Reds,Pittsburgh Pirates,home,,,,,,,,,,,,,,1,3,1,0,0,0,0,,15,0,0.3333333333333333,9.0
2026-03-31,e5347aa7-23aa-52dd-b47a-3848fce5a3be,Brock Burke,b138f008-4777-5189-a7cc-178fb793ea9d,P,True,False,Cincinnati Reds,Pittsburgh Pirates,home,,,,,,,,,,,,,,2.1,7,2,1,0,0,0,,20,0,0.2857142857142857,7.7142857142857135
2026-03-31,e5347aa7-23aa-52dd-b47a-3848fce5a3be,Nick Yorke,1ec28c26-6eac-5cd2-a2ff-00200609c539,3B,False,True,Pittsburgh Pirates,Cincinnati Reds,away,0,0,0,0,4,0,0,1,0,0,1,1,0,,,,,,,,,,,,
2026-03-31,e5347aa7-23aa-52dd-b47a-3848fce5a3be,Spencer Horwitz,d94f34aa-a84a-53a8-b552-cc31e58a6ff4,PH,False,False,Pittsburgh Pirates,Cincinnati Reds,away,0,0,0,0,1,0,0,1,0,0,0,0,0,,,,,,,,,,,,
2026-03-31,e5347aa7-23aa-52dd-b47a-3848fce5a3be,Brandon Lowe,01a36894-6133-59b2-8a70-8948f1acd43b,2B,False,True,Pittsburgh Pirates,Cincinnati Reds,away,0,0,0,0,4,0,0,1,0,0,0,0,0,,,,,,,,,,,,
2026-03-31,e5347aa7-23aa-52dd-b47a-3848fce5a3be,Joey Bart,c6f87aba-136b-52a1-a62d-fc18d3372db4,C,False,True,Pittsburgh Pirates,Cincinnati Reds,away,0,0,0,0,3,0,1,1,0,1,0,1,0,,,,,,,,,,,,
2026-03-31,e5347aa7-23aa-52dd-b47a-3848fce5a3be,Bryan Reynolds,141b2899-de5b-5dc9-b9f4-e519b8211bb2,LF,False,True,Pittsburgh Pirates,Cincinnati Reds,away,0,0,0,1,4,1,0,1,0,1,1,3,4,,,,,,,,,,,,
2026-03-31,e5347aa7-23aa-52dd-b47a-3848fce5a3be,Oneil Cruz,508aae39-e756-5c0b-aceb-61dcb5848fe3,CF,False,True,Pittsburgh Pirates,Cincinnati Reds,away,1,0,0,2,4,3,0,1,0,3,3,9,9,,,,,,,,,,,,
2026-03-31,e5347aa7-23aa-52dd-b47a-3848fce5a3be,Gregory Soto,b138fbb2-8c7e-57d8-8888-1b12c05f2f78,P,True,False,Pittsburgh Pirates,Cincinnati Reds,away,,,,,,,,,,,,,,1,3,1,1,1,0,0,,17,0,0.3333333333333333,9.0
2026-03-31,e5347aa7-23aa-52dd-b47a-3848fce5a3be,Jake Mangum,28a2c33a-c9b3-5e75-a2ba-70873536bb5e,RF,False,True,Pittsburgh Pirates,Cincinnati Reds,away,1,0,0,0,5,1,1,0,0,0,0,1,1,,,,,,,,,,,,
2026-03-31,e5347aa7-23aa-52dd-b47a-3848fce5a3be,Yohan Ramírez,e44b5811-3bad-5c98-8894-3a41b359705c,P,True,False,Pittsburgh Pirates,Cincinnati Reds,away,,,,,,,,,,,,,,0.2,2,2,0,0,0,0,,10,0,1.0,27.0
2026-03-31,e5347aa7-23aa-52dd-b47a-3848fce5a3be,Bubba Chandler,a03ef631-e213-598b-9374-6af29396a1a4,P,True,True,Pittsburgh Pirates,Cincinnati Reds,away,,,,,,,,,,,,,,4.1,13,6,6,0,0,0,,81,1,0.46153846153846156,12.461538461538462
2026-03-31,e5347aa7-23aa-52dd-b47a-3848fce5a3be,Dennis Santana,e472520d-2660-5d3d-bc45-5ed27573556d,P,True,False,Pittsburgh Pirates,Cincinnati Reds,away,,,,,,,,,,,,,,1,3,0,0,1,0,0,,17,0,0.0,0.0
2026-03-31,e5347aa7-23aa-52dd-b47a-3848fce5a3be,Henry Davis,0f944710-fb93-58f9-bdbf-2ecc18548deb,C,False,False,Pittsburgh Pirates,Cincinnati Reds,away,0,0,0,0,0,0,0,0,0,0,0,0,0,,,,,,,,,,,,
2026-03-31,e5347aa7-23aa-52dd-b47a-3848fce5a3be,Hunter Barco,a75bfa04-177d-5bc6-999f-eb0239047775,P,True,False,Pittsburgh Pirates,Cincinnati Reds,away,,,,,,,,,,,,,,2,6,3,1,4,2,2,,47,2,0.5,13.5
2026-03-31,e5347aa7-23aa-52dd-b47a-3848fce5a3be,Ryan O'Hearn,bffaa283-7254-53ef-91d3-5520a44d1888,1B,False,True,Pittsburgh Pirates,Cincinnati Reds,away,0,0,0,1,4,1,1,0,0,1,3,5,4,,,,,,,,,,,,
2026-03-31,e5347aa7-23aa-52dd-b47a-3848fce5a3be,Nick Gonzales,874ea46d-0569-5ecc-85e6-b448bfe30555,SS,False,True,Pittsburgh Pirates,Cincinnati Reds,away,2,0,0,0,4,2,0,0,0,2,0,4,2,,,,,,,,,,,,
2026-03-31,e5347aa7-23aa-52dd-b47a-3848fce5a3be,Marcell Ozuna,bef29d2e-a08c-5c3f-8b74-f3c204725a37,DH,False,False,Pittsburgh Pirates,Cincinnati Reds,away,0,0,0,0,4,0,0,1,0,0,0,0,0,,,,,,,,,,,,
2026-03-31,18b0c603-47fd-5cb3-ad4a-66f8e346f5b6,Brandon Marsh,428a913a-6990-5ebc-a53f-fe331b036c25,LF,False,True,Philadelphia Phillies,Washington Nationals,home,1,0,0,0,3,1,0,0,1,0,0,1,1,,,,,,,,,,,,
2026-03-31,18b0c603-47fd-5cb3-ad4a-66f8e346f5b6,Justin Crawford,656815ea-b9fd-59e0-8461-3bdf7f7e3131,CF,False,True,Philadelphia Phillies,Washington Nationals,home,1,0,0,0,3,1,0,0,0,1,0,2,1,,,,,,,,,,,,
2026-03-31,18b0c603-47fd-5cb3-ad4a-66f8e346f5b6,Bryce Harper,c9b6441c-da6d-5f6d-bb63-857c121017fa,1B,False,True,Philadelphia Phillies,Washington Nationals,home,1,0,0,0,4,1,0,0,0,0,1,2,1,,,,,,,,,,,,
2026-03-31,18b0c603-47fd-5cb3-ad4a-66f8e346f5b6,J.T. Realmuto,0d9765bd-d345-5aaf-b9ad-1a15792ac037,C,False,True,Philadelphia Phillies,Washington Nationals,home,0,0,0,0,3,0,0,0,0,0,0,0,0,,,,,,,,,,,,
2026-03-31,18b0c603-47fd-5cb3-ad4a-66f8e346f5b6,Jhoan Duran,cbc3e25d-643b-56fc-9abf-1dbb02b584f3,P,True,False,Philadelphia Phillies,Washington Nationals,home,,,,,,,,,,,,,,1,3,2,0,1,0,0,,20,0,0.6666666666666666,18.0
2026-03-31,18b0c603-47fd-5cb3-ad4a-66f8e346f5b6,Alec Bohm,9bbc34c0-5769-5c7f-8cf4-607f25730d26,3B,False,True,Philadelphia Phillies,Washington Nationals,home,0,0,0,0,4,0,1,0,0,0,0,0,0,,,,,,,,,,,,
2026-03-31,18b0c603-47fd-5cb3-ad4a-66f8e346f5b6,Bryson Stott,c063d114-6426-54da-a28d-bd4eb1d1d948,2B,False,True,Philadelphia Phillies,Washington Nationals,home,0,0,0,0,4,0,0,1,0,0,0,0,0,,,,,,,,,,,,
2026-03-31,18b0c603-47fd-5cb3-ad4a-66f8e346f5b6,Kyle Schwarber,a60a2cbf-f012-56e9-acc4-184d76ff8219,DH,False,False,Philadelphia Phillies,Washington Nationals,home,0,0,0,1,4,1,1,1,0,1,1,3,4,,,,,,,,,,,,
2026-03-31,18b0c603-47fd-5cb3-ad4a-66f8e346f5b6,Tanner Banks,624b586b-5e1a-59c6-bfb3-3751272c2fb3,P,True,False,Philadelphia Phillies,Washington Nationals,home,,,,,,,,,,,,,,1.2,5,2,0,3,0,1,,37,1,0.4,10.799999999999999
2026-03-31,18b0c603-47fd-5cb3-ad4a-66f8e346f5b6,Adolis García,2c62b85f-73e6-5aff-af94-15901f508fb2,RF,False,True,Philadelphia Phillies,Washington Nationals,home,1,0,0,1,3,2,0,0,0,1,1,4,5,,,,,,,,,,,,
2026-03-31,18b0c603-47fd-5cb3-ad4a-66f8e346f5b6,Brad Keller,556c1f52-1350-5ae7-89a6-adac23bc8293,P,True,False,Philadelphia Phillies,Washington Nationals,home,,,,,,,,,,,,,,1,3,0,1,0,0,0,,15,0,0.0,0.0
2026-03-31,18b0c603-47fd-5cb3-ad4a-66f8e346f5b6,Trea Turner,f38b6d42-2ac2-5480-adbc-729df0f14126,SS,False,True,Philadelphia Phillies,Washington Nationals,home,1,0,0,0,4,1,0,0,0,0,0,1,1,,,,,,,,,,,,
2026-03-31,18b0c603-47fd-5cb3-ad4a-66f8e346f5b6,Andrew Painter,4acdba1d-20d0-518c-b428-d1f86397f7d9,P,True,True,Philadelphia Phillies,Washington Nationals,home,,,,,,,,,,,,,,5.1,16,8,1,4,0,1,,84,1,0.5,13.5
2026-03-31,18b0c603-47fd-5cb3-ad4a-66f8e346f5b6,Brady House,9feee2d5-f011-5be3-91f0-b7e2597e0107,3B,False,False,Washington Nationals,Philadelphia Phillies,away,0,0,0,0,0,0,0,0,0,0,0,0,0,,,,,,,,,,,,
2026-03-31,18b0c603-47fd-5cb3-ad4a-66f8e346f5b6,CJ Abrams,41388dc3-6936-557e-b1ee-d12bd42cb0ef,SS,False,True,Washington Nationals,Philadelphia Phillies,away,1,0,0,0,4,1,0,0,0,1,0,2,1,,,,,,,,,,,,
2026-03-31,18b0c603-47fd-5cb3-ad4a-66f8e346f5b6,Nasim Nuñez,30523871-5578-5f5a-850f-d3e42eaec507,2B,False,True,Washington Nationals,Philadelphia Phillies,away,2,0,0,0,4,2,0,2,1,1,0,3,2,,,,,,,,,,,,
2026-03-31,18b0c603-47fd-5cb3-ad4a-66f8e346f5b6,Jorbit Vivas,fdbd86ba-3c8c-5410-8547-5624b69d521e,3B,False,True,Washington Nationals,Philadelphia Phillies,away,1,0,0,0,2,1,0,1,0,0,0,1,1,,,,,,,,,,,,
2026-03-31,18b0c603-47fd-5cb3-ad4a-66f8e346f5b6,Joey Wiemer,25dc5f48-c6df-51d8-9751-71b23bc9ae81,CF,False,True,Washington Nationals,Philadelphia Phillies,away,0,0,0,0,4,0,1,2,0,0,0,0,0,,,,,,,,,,,,
2026-03-31,18b0c603-47fd-5cb3-ad4a-66f8e346f5b6,Ken Waldichuk,a79b5252-42c0-51db-8a1a-dd91ca5f8506,P,True,False,Washington Nationals,Philadelphia Phillies,away,,,,,,,,,,,,,,2,6,0,0,1,0,0,,23,0,0.0,0.0
2026-03-31,18b0c603-47fd-5cb3-ad4a-66f8e346f5b6,PJ Poulin,2aa6d4e2-dd19-565e-bf81-e69997422391,P,True,True,Washington Nationals,Philadelphia Phillies,away,,,,,,,,,,,,,,1,3,1,0,0,0,0,,9,0,0.3333333333333333,9.0
2026-03-31,18b0c603-47fd-5cb3-ad4a-66f8e346f5b6,Curtis Mead,de63b36a-f5df-5a64-8245-6fab9e96c9d5,3B,False,False,Washington Nationals,Philadelphia Phillies,away,0,0,0,0,2,0,1,0,0,0,0,0,0,,,,,,,,,,,,
2026-03-31,18b0c603-47fd-5cb3-ad4a-66f8e346f5b6,Daylen Lile,3b2cb564-a3bb-5ec4-8464-227b212049f9,LF,False,True,Washington Nationals,Philadelphia Phillies,away,2,1,0,0,4,3,0,0,0,0,0,3,4,,,,,,,,,,,,
2026-03-31,18b0c603-47fd-5cb3-ad4a-66f8e346f5b6,José Tena,f88f88e8-a622-5f2d-95ca-0973e791aca0,DH,False,False,Washington Nationals,Philadelphia Phillies,away,0,0,0,0,4,0,0,3,0,0,0,0,0,,,,,,,,,,,,
2026-03-31,18b0c603-47fd-5cb3-ad4a-66f8e346f5b6,James Wood,3089b190-81f6-5e6c-ba91-a8d4cdf0be3a,RF,False,True,Washington Nationals,Philadelphia Phillies,away,0,1,0,0,5,1,0,2,0,0,1,2,2,,,,,,,,,,,,
2026-03-31,18b0c603-47fd-5cb3-ad4a-66f8e346f5b6,Jacob Young,d263f19b-c5d6-523a-bc57-bce7884eb99a,PR,False,False,Washington Nationals,Philadelphia Phillies,away,0,0,0,0,0,0,0,0,0,0,0,0,0,,,,,,,,,,,,
2026-03-31,18b0c603-47fd-5cb3-ad4a-66f8e346f5b6,Zack Littell,2c70667e-378f-5f38-82d2-88c0c3bd55ee,P,True,False,Washington Nationals,Philadelphia Phillies,away,,,,,,,,,,,,,,5,15,1,2,6,2,3,,75,3,0.06666666666666667,1.8
2026-03-31,18b0c603-47fd-5cb3-ad4a-66f8e346f5b6,Keibert Ruiz,a4dd05cb-9c56-52ce-9bc2-926ec2042d88,C,False,True,Washington Nationals,Philadelphia Phillies,away,0,0,0,0,4,0,0,1,0,0,0,0,0,,,,,,,,,,,,
2026-03-31,18b0c603-47fd-5cb3-ad4a-66f8e346f5b6,Luis García Jr.,a615adb8-655d-531d-a63e-5a267e66845b,1B,False,True,Washington Nationals,Philadelphia Phillies,away,0,0,0,0,4,0,0,1,0,0,0,0,0,,,,,,,,,,,,
2026-03-31,768decaf-6627-57b3-871f-194020b9e039,Ernie Clement,988f69d3-1ea5-5410-b27c-6ff47e783156,2B,False,True,Toronto Blue Jays,Colorado Rockies,home,0,1,0,0,4,1,0,0,0,0,1,2,2,,,,,,,,,,,,
2026-03-31,768decaf-6627-57b3-871f-194020b9e039,Daulton Varsho,c87cf210-4b8f-50d7-bfd9-fa6cf7616329,CF,False,True,Toronto Blue Jays,Colorado Rockies,home,1,0,0,0,4,1,0,0,0,1,0,2,1,,,,,,,,,,,,
2026-03-31,768decaf-6627-57b3-871f-194020b9e039,Andrés Giménez,0fa89082-0ded-58c2-8fab-9feb8319955a,SS,False,True,Toronto Blue Jays,Colorado Rockies,home,1,0,0,0,4,1,0,1,1,0,0,1,1,,,,,,,,,,,,
2026-03-31,768decaf-6627-57b3-871f-194020b9e039,Jeff Hoffman,8a30ae2b-cedf-55fd-9f14-4f21591af7ee,P,True,False,Toronto Blue Jays,Colorado Rockies,home,,,,,,,,,,,,,,1,3,1,0,1,0,0,,15,0,0.3333333333333333,9.0
2026-03-31,768decaf-6627-57b3-871f-194020b9e039,Nathan Lukes,0f9ba003-89a6-5719-aa08-c6f05477a4e5,RF,False,True,Toronto Blue Jays,Colorado Rockies,home,2,0,0,0,4,2,0,2,0,1,1,4,2,,,,,,,,,,,,
2026-03-31,768decaf-6627-57b3-871f-194020b9e039,Max Scherzer,c6607272-5fa3-570f-b89e-10dbff1b77a1,P,True,True,Toronto Blue Jays,Colorado Rockies,home,,,,,,,,,,,,,,6,18,4,1,4,1,1,,83,1,0.2222222222222222,6.0
2026-03-31,768decaf-6627-57b3-871f-194020b9e039,George Springer,b12c925d-b511-5331-a994-839ab4c086ad,DH,False,False,Toronto Blue Jays,Colorado Rockies,home,1,0,0,0,5,1,2,2,0,0,0,1,1,,,,,,,,,,,,
2026-03-31,768decaf-6627-57b3-871f-194020b9e039,Mason Fluharty,355806ec-5636-5f28-a2f9-8f47f66f8c1b,P,True,False,Toronto Blue Jays,Colorado Rockies,home,,,,,,,,,,,,,,0.2,2,1,0,1,0,0,,15,0,0.5,13.5
2026-03-31,768decaf-6627-57b3-871f-194020b9e039,Braydon Fisher,b15b9955-da2a-5033-9ac6-6dc1d732925d,P,True,False,Toronto Blue Jays,Colorado Rockies,home,,,,,,,,,,,,,,1.1,4,0,0,1,0,0,,23,0,0.0,0.0
2026-03-31,768decaf-6627-57b3-871f-194020b9e039,Tyler Heineman,6685aac3-5a12-5745-963c-5c43af83f729,C,False,True,Toronto Blue Jays,Colorado Rockies,home,2,0,0,0,4,2,0,1,0,1,0,3,2,,,,,,,,,,,,
2026-03-31,768decaf-6627-57b3-871f-194020b9e039,Vladimir Guerrero Jr.,c652a6fb-0803-556b-a03b-9fed12cedf9b,1B,False,True,Toronto Blue Jays,Colorado Rockies,home,2,0,0,0,5,2,2,0,0,1,1,4,2,,,,,,,,,,,,
2026-03-31,768decaf-6627-57b3-871f-194020b9e039,Jesús Sánchez,62480674-d120-5cd2-bdd3-05c3cbecd240,LF,False,True,Toronto Blue Jays,Colorado Rockies,home,2,0,0,0,4,2,0,1,0,0,1,3,2,,,,,,,,,,,,
2026-03-31,768decaf-6627-57b3-871f-194020b9e039,Myles Straw,51c4113b-ff8e-5728-b588-d6a0be2f776a,LF,False,False,Toronto Blue Jays,Colorado Rockies,home,1,0,0,0,1,1,0,0,0,1,0,2,1,,,,,,,,,,,,
2026-03-31,768decaf-6627-57b3-871f-194020b9e039,Kazuma Okamoto,d79d11dd-a762-5962-aed1-9e87c656e5fc,3B,False,True,Toronto Blue Jays,Colorado Rockies,home,1,0,0,0,5,1,0,3,0,0,1,2,1,,,,,,,,,,,,
2026-03-31,768decaf-6627-57b3-871f-194020b9e039,Ryan Feltner,e55fe56d-e5fa-5e4e-947a-d898a73c99bf,P,True,True,Colorado Rockies,Toronto Blue Jays,away,,,,,,,,,,,,,,3,9,4,1,1,0,0,,47,0,0.4444444444444444,12.0
2026-03-31,768decaf-6627-57b3-871f-194020b9e039,Jake McCarthy,6997ae3d-a342-5d04-a267-91d371938d45,LF,False,True,Colorado Rockies,Toronto Blue Jays,away,0,1,0,0,4,1,0,0,0,0,0,1,2,,,,,,,,,,,,
2026-03-31,768decaf-6627-57b3-871f-194020b9e039,Troy Johnston,09dd2789-8b43-5f74-a5fd-89e6f73d1d86,RF,False,True,Colorado Rockies,Toronto Blue Jays,away,0,0,0,0,2,0,0,0,0,0,0,0,0,,,,,,,,,,,,
2026-03-31,768decaf-6627-57b3-871f-194020b9e039,Willi Castro,1f049a5e-1a31-56fd-813c-95bc75d37525,2B,False,True,Colorado Rockies,Toronto Blue Jays,away,0,0,0,0,4,0,0,1,0,0,0,0,0,,,,,,,,,,,,
2026-03-31,768decaf-6627-57b3-871f-194020b9e039,Brennan Bernardino,49be5cd4-ea2a-532b-b638-5b81dadbb065,P,True,False,Colorado Rockies,Toronto Blue Jays,away,,,,,,,,,,,,,,1,3,1,0,1,0,0,,15,0,0.3333333333333333,9.0
2026-03-31,768decaf-6627-57b3-871f-194020b9e039,Juan Mejia,888f8471-638b-5610-a1b5-cc61e50f60e8,P,True,False,Colorado Rockies,Toronto Blue Jays,away,,,,,,,,,,,,,,1.1,4,0,1,4,0,2,,38,2,0.0,0.0
2026-03-31,768decaf-6627-57b3-871f-194020b9e039,Edouard Julien,acdd1046-d6e4-53f4-90bb-fde2916b38bf,1B,False,False,Colorado Rockies,Toronto Blue Jays,away,0,0,0,0,1,0,0,0,0,0,0,0,0,,,,,,,,,,,,
2026-03-31,768decaf-6627-57b3-871f-194020b9e039,Ryan Ritter,a5ac4133-e9c5-51c2-8d69-e70b0625b1ed,2B,False,True,Colorado Rockies,Toronto Blue Jays,away,0,0,0,0,2,0,0,0,0,0,0,0,0,,,,,,,,,,,,
2026-03-31,768decaf-6627-57b3-871f-194020b9e039,Hunter Goodman,6144567b-eae1-58fa-9b5d-d2351f51c9e5,C,False,True,Colorado Rockies,Toronto Blue Jays,away,0,0,0,1,4,1,0,1,0,1,1,3,4,,,,,,,,,,,,
2026-03-31,768decaf-6627-57b3-871f-194020b9e039,Zach Agnos,4bad8986-95e0-54ce-baf1-c93f3d03b6ee,P,True,False,Colorado Rockies,Toronto Blue Jays,away,,,,,,,,,,,,,,2,6,3,1,7,0,3,,45,3,0.5,13.5
2026-03-31,768decaf-6627-57b3-871f-194020b9e039,Jordan Beck,04d7ca3f-26de-5185-b982-e8a46a8c16e5,RF,False,False,Colorado Rockies,Toronto Blue Jays,away,0,0,0,0,2,0,0,0,0,0,0,0,0,,,,,,,,,,,,
2026-03-31,768decaf-6627-57b3-871f-194020b9e039,Brenton Doyle,35509183-6eb7-5366-8a93-d9e7405d24ff,CF,False,True,Colorado Rockies,Toronto Blue Jays,away,1,0,0,0,3,1,1,1,0,0,0,1,1,,,,,,,,,,,,
2026-03-31,768decaf-6627-57b3-871f-194020b9e039,Ezequiel Tovar,973d0ea7-2ba4-58b5-95ce-ce6704416d1a,SS,False,True,Colorado Rockies,Toronto Blue Jays,away,1,0,0,0,4,1,0,1,0,0,0,1,1,,,,,,,,,,,,
2026-03-31,768decaf-6627-57b3-871f-194020b9e039,TJ Rumfield,8fbfa07a-ea2e-592e-9520-5bf531ada10d,DH,False,False,Colorado Rockies,Toronto Blue Jays,away,3,0,0,0,4,3,0,1,0,0,0,3,3,,,,,,,,,,,,
2026-03-31,768decaf-6627-57b3-871f-194020b9e039,Jaden Hill,62f6d8ee-f3a0-53d1-9b8b-110daba56068,P,True,False,Colorado Rockies,Toronto Blue Jays,away,,,,,,,,,,,,,,0.2,2,2,1,1,0,0,,16,0,1.0,27.0
2026-03-31,768decaf-6627-57b3-871f-194020b9e039,Kyle Karros,5aeefc0d-9862-57c9-b58f-ab21c2ce4404,3B,False,True,Colorado Rockies,Toronto Blue Jays,away,0,0,0,0,3,0,0,1,0,0,0,0,0,,,,,,,,,,,,
2026-03-31,99c68f9c-1689-554e-b7f8-177abef8272c,Michael Harris II,cff14015-b6ae-555e-a442-60e9ddb08b61,CF,False,True,Atlanta Braves,Athletics,home,1,0,0,0,4,1,0,1,0,0,0,1,1,,,,,,,,,,,,
2026-03-31,99c68f9c-1689-554e-b7f8-177abef8272c,Mauricio Dubón,47d09ee0-3ea8-5df2-b34c-c6fd76faa3fb,SS,False,True,Atlanta Braves,Athletics,home,2,0,0,0,4,2,0,1,0,0,0,2,2,,,,,,,,,,,,
2026-03-31,99c68f9c-1689-554e-b7f8-177abef8272c,José Suarez,c3d5918c-0f50-5d42-84dd-152553f1173d,P,True,True,Atlanta Braves,Athletics,home,,,,,,,,,,,,,,3.2,11,6,3,5,0,4,,66,4,0.5454545454545454,14.727272727272728
2026-03-31,99c68f9c-1689-554e-b7f8-177abef8272c,Drake Baldwin,1e5f1f08-e9ec-57db-b15f-c1ec8d14d85e,C,False,True,Atlanta Braves,Athletics,home,0,0,0,1,5,1,1,0,0,1,1,3,4,,,,,,,,,,,,
2026-03-31,99c68f9c-1689-554e-b7f8-177abef8272c,Joel Payamps,61e551cc-547a-5e52-a0b2-2b9114ea0c6b,P,True,False,Atlanta Braves,Athletics,home,,,,,,,,,,,,,,1,3,2,0,1,1,1,,14,1,0.6666666666666666,18.0
2026-03-31,99c68f9c-1689-554e-b7f8-177abef8272c,Matt Olson,fa607d2a-7f47-5352-8330-cb074e809054,1B,False,True,Atlanta Braves,Athletics,home,1,0,0,0,4,1,0,1,0,0,0,1,1,,,,,,,,,,,,
2026-03-31,99c68f9c-1689-554e-b7f8-177abef8272c,Dominic Smith,a71b9e93-42ca-5a21-9c07-6aa70b6b9bae,DH,False,False,Atlanta Braves,Athletics,home,1,0,0,0,4,1,1,0,0,1,0,2,1,,,,,,,,,,,,
2026-03-31,99c68f9c-1689-554e-b7f8-177abef8272c,Ronald Acuña Jr.,bf408b79-82a4-5a4a-bb2f-6bdbef2af3cc,RF,False,True,Atlanta Braves,Athletics,home,0,0,0,0,5,0,0,3,0,0,1,1,0,,,,,,,,,,,,
2026-03-31,99c68f9c-1689-554e-b7f8-177abef8272c,Ozzie Albies,360c17ce-8588-52bd-b86a-6621a43f1bac,2B,False,True,Atlanta Braves,Athletics,home,0,0,0,0,4,0,0,0,0,0,0,0,0,,,,,,,,,,,,
2026-03-31,99c68f9c-1689-554e-b7f8-177abef8272c,Austin Riley,3ae0fd65-efd0-5a3b-872b-7150b0c699aa,3B,False,True,Atlanta Braves,Athletics,home,0,0,0,0,4,0,1,0,0,0,0,0,0,,,,,,,,,,,,
2026-03-31,99c68f9c-1689-554e-b7f8-177abef8272c,Mike Yastrzemski,1a244f8f-82ee-555a-b1af-aa44b0f2ff31,LF,False,True,Atlanta Braves,Athletics,home,0,0,0,0,4,0,1,0,0,0,0,0,0,,,,,,,,,,,,
2026-03-31,99c68f9c-1689-554e-b7f8-177abef8272c,Martín Pérez,753c0fa3-e18f-5d49-aadc-ce7e05bfb1cb,P,True,False,Atlanta Braves,Athletics,home,,,,,,,,,,,,,,4.1,13,3,0,2,0,0,,47,0,0.23076923076923078,6.230769230769231
2026-03-31,99c68f9c-1689-554e-b7f8-177abef8272c,Lawrence Butler,84b3c88a-5eef-5848-9e2c-a9f0eabd6386,RF,False,True,Athletics,Atlanta Braves,away,0,0,0,0,4,0,1,0,0,1,0,1,0,,,,,,,,,,,,
2026-03-31,99c68f9c-1689-554e-b7f8-177abef8272c,Brent Rooker,9d82601b-b14e-5a63-a224-362d63a93501,DH,False,False,Athletics,Atlanta Braves,away,1,0,0,0,4,1,0,3,0,0,0,1,1,,,,,,,,,,,,
2026-03-31,99c68f9c-1689-554e-b7f8-177abef8272c,Justin Sterner,88c53013-e5f7-5271-bb17-7e64ce8a9cf9,P,True,False,Athletics,Atlanta Braves,away,,,,,,,,,,,,,,1,3,2,1,0,0,0,,28,0,0.6666666666666666,18.0
2026-03-31,99c68f9c-1689-554e-b7f8-177abef8272c,Scott Barlow,d4592618-113b-5443-8c2c-302d9651a818,P,True,False,Athletics,Atlanta Braves,away,,,,,,,,,,,,,,1,3,0,0,0,0,0,,10,0,0.0,0.0
2026-03-31,99c68f9c-1689-554e-b7f8-177abef8272c,Max Muncy,499ef8b1-1d5e-5c2f-82bf-73bceec786a2,3B,False,True,Athletics,Atlanta Braves,away,0,1,0,0,4,1,1,1,0,2,0,3,2,,,,,,,,,,,,
2026-03-31,99c68f9c-1689-554e-b7f8-177abef8272c,Denzel Clarke,55034696-f1db-58f8-9342-c21b5cfe6dc1,CF,False,True,Athletics,Atlanta Braves,away,1,0,0,0,4,1,1,1,0,0,0,1,1,,,,,,,,,,,,
2026-03-31,99c68f9c-1689-554e-b7f8-177abef8272c,Tyler Soderstrom,1a12af09-5e6b-518c-9285-c9f3e9156573,LF,False,True,Athletics,Atlanta Braves,away,0,0,0,0,4,0,0,1,0,0,0,0,0,,,,,,,,,,,,
2026-03-31,99c68f9c-1689-554e-b7f8-177abef8272c,Aaron Civale,fd9ff6ea-c86b-506a-8ffa-3349c8a26de7,P,True,True,Athletics,Atlanta Braves,away,,,,,,,,,,,,,,5,15,3,1,4,1,2,,87,2,0.2,5.4
2026-03-31,99c68f9c-1689-554e-b7f8-177abef8272c,Nick Kurtz,0ee3ade6-1739-552d-b4eb-8eb38b8ba6a0,1B,False,True,Athletics,Atlanta Braves,away,0,0,0,0,4,0,0,3,0,0,0,0,0,,,,,,,,,,,,
2026-03-31,99c68f9c-1689-554e-b7f8-177abef8272c,Hogan Harris,a9269342-dc5e-51d7-a959-d0c967ea3679,P,True,False,Athletics,Atlanta Braves,away,,,,,,,,,,,,,,1,3,0,2,0,0,0,,23,0,0.0,0.0
2026-03-31,99c68f9c-1689-554e-b7f8-177abef8272c,Shea Langeliers,3de34bb4-e20b-541b-ba54-b22612a81656,C,False,True,Athletics,Atlanta Braves,away,0,0,0,1,4,1,0,2,0,1,1,3,4,,,,,,,,,,,,
2026-03-31,99c68f9c-1689-554e-b7f8-177abef8272c,Mark Leiter Jr.,02bb1eaf-b760-5bf8-98a1-b15859a368d4,P,True,False,Athletics,Atlanta Braves,away,,,,,,,,,,,,,,1,3,1,0,2,0,0,,13,0,0.3333333333333333,9.0
2026-03-31,99c68f9c-1689-554e-b7f8-177abef8272c,Andy Ibáñez,5f0fddfb-0e64-523a-84e5-5dc41735e837,2B,False,True,Athletics,Atlanta Braves,away,2,0,0,0,4,2,0,0,0,1,2,5,2,,,,,,,,,,,,
2026-03-31,99c68f9c-1689-554e-b7f8-177abef8272c,Jacob Wilson,bbc991c4-1055-56ae-af55-57b957f437a3,SS,False,True,Athletics,Atlanta Braves,away,1,1,0,0,4,2,0,0,0,0,2,4,3,,,,,,,,,,,,
2026-03-31,a8cb6fb2-8853-57a1-8919-707bce533ef0,Michael Conforto,90e43863-2a50-529e-b3b9-ef4aeb4736de,PH,False,False,Chicago Cubs,Los Angeles Angels,home,0,0,0,0,1,0,0,1,0,0,0,0,0,,,,,,,,,,,,
2026-03-31,a8cb6fb2-8853-57a1-8919-707bce533ef0,Hoby Milner,bbd22cf6-c5e7-555d-a190-f9f2eb837f9d,P,True,False,Chicago Cubs,Los Angeles Angels,home,,,,,,,,,,,,,,0.1,1,0,0,0,0,0,,3,0,0.0,0.0
2026-03-31,a8cb6fb2-8853-57a1-8919-707bce533ef0,Ian Happ,b809f60b-8331-5fd0-ab24-ee3b8538eabe,LF,False,True,Chicago Cubs,Los Angeles Angels,home,0,0,0,0,4,0,2,1,0,0,0,0,0,,,,,,,,,,,,
2026-03-31,a8cb6fb2-8853-57a1-8919-707bce533ef0,Scott Kingery,86196061-d601-5b5c-bdaa-4e299065a0c4,DH,False,False,Chicago Cubs,Los Angeles Angels,home,0,0,0,0,0,0,0,0,0,0,0,0,0,,,,,,,,,,,,
2026-03-31,a8cb6fb2-8853-57a1-8919-707bce533ef0,Alex Bregman,57215789-8702-5d78-8c77-21a23c10f033,3B,False,True,Chicago Cubs,Los Angeles Angels,home,0,0,0,0,4,0,0,0,0,0,0,0,0,,,,,,,,,,,,
2026-03-31,a8cb6fb2-8853-57a1-8919-707bce533ef0,Michael Busch,6b4e85c9-9b0c-5203-9474-01388c3cb9e8,1B,False,True,Chicago Cubs,Los Angeles Angels,home,0,0,0,0,3,0,0,0,0,0,0,0,0,,,,,,,,,,,,
2026-03-31,a8cb6fb2-8853-57a1-8919-707bce533ef0,Carson Kelly,43b2a60b-2ced-5c09-beab-347f4863ab11,1B,False,False,Chicago Cubs,Los Angeles Angels,home,1,0,0,0,1,1,0,0,0,0,0,1,1,,,,,,,,,,,,
2026-03-31,a8cb6fb2-8853-57a1-8919-707bce533ef0,Jameson Taillon,0f8a2bfc-f51b-58d4-99c0-8e4f372425bf,P,True,True,Chicago Cubs,Los Angeles Angels,home,,,,,,,,,,,,,,4.2,14,3,4,2,0,0,,85,0,0.21428571428571427,5.785714285714286
2026-03-31,a8cb6fb2-8853-57a1-8919-707bce533ef0,Pete Crow-Armstrong,6e75f4ef-3025-5851-bb55-3a587c5f54a5,CF,False,True,Chicago Cubs,Los Angeles Angels,home,0,0,0,0,4,0,0,2,0,0,0,0,0,,,,,,,,,,,,
2026-03-31,a8cb6fb2-8853-57a1-8919-707bce533ef0,Miguel Amaya,e5766d16-6afe-5cc0-b276-b0992a1ce5e2,C,False,True,Chicago Cubs,Los Angeles Angels,home,1,0,0,0,3,1,0,0,0,0,0,1,1,,,,,,,,,,,,
2026-03-31,a8cb6fb2-8853-57a1-8919-707bce533ef0,Moisés Ballesteros,c41e0ec5-9f1c-57a3-96c5-193ca0c2275e,DH,False,False,Chicago Cubs,Los Angeles Angels,home,1,0,0,0,3,1,1,1,0,0,0,1,1,,,,,,,,,,,,
2026-03-31,a8cb6fb2-8853-57a1-8919-707bce533ef0,Dansby Swanson,e20a9fc7-6766-5d06-b4c8-8cf51b6d7308,SS,False,True,Chicago Cubs,Los Angeles Angels,home,0,0,0,0,4,0,1,2,0,0,0,0,0,,,,,,,,,,,,
2026-03-31,a8cb6fb2-8853-57a1-8919-707bce533ef0,Phil Maton,d98006c2-9f61-5d93-b102-2c9f2c8c4cc9,P,True,False,Chicago Cubs,Los Angeles Angels,home,,,,,,,,,,,,,,0.2,2,1,2,2,0,2,,28,2,0.5,13.5
2026-03-31,a8cb6fb2-8853-57a1-8919-707bce533ef0,Nico Hoerner,b69bc55a-ea5c-59ee-bf5a-3a765fe9aa2a,2B,False,True,Chicago Cubs,Los Angeles Angels,home,1,0,0,0,4,1,0,1,0,0,0,1,1,,,,,,,,,,,,
2026-03-31,a8cb6fb2-8853-57a1-8919-707bce533ef0,Ben Brown,ac8b0e21-6d0a-5954-942c-a1b4c8382f01,P,True,False,Chicago Cubs,Los Angeles Angels,home,,,,,,,,,,,,,,3.1,10,5,1,1,0,0,,50,0,0.5,13.5
2026-03-31,a8cb6fb2-8853-57a1-8919-707bce533ef0,Matt Shaw,0e584e95-3d75-5986-9cb2-4451b4d945cf,RF,False,True,Chicago Cubs,Los Angeles Angels,home,0,0,0,0,3,0,0,0,0,0,0,0,0,,,,,,,,,,,,
2026-03-31,a8cb6fb2-8853-57a1-8919-707bce533ef0,Adam Frazier,1d730493-bfd7-5d16-9a8a-88e20b779754,2B,False,False,Los Angeles Angels,Chicago Cubs,away,0,0,0,0,0,0,0,0,0,0,0,0,0,,,,,,,,,,,,
2026-03-31,a8cb6fb2-8853-57a1-8919-707bce533ef0,Oswald Peraza,98bdfab1-07ea-5c61-bd44-7c17670a08b1,3B,False,True,Los Angeles Angels,Chicago Cubs,away,1,1,0,0,4,2,1,0,1,0,0,2,3,,,,,,,,,,,,
2026-03-31,a8cb6fb2-8853-57a1-8919-707bce533ef0,Zach Neto,01ac6fe3-6ace-59c9-a15b-1ad3a0af1eb1,SS,False,True,Los Angeles Angels,Chicago Cubs,away,0,0,0,0,5,0,1,2,0,0,0,0,0,,,,,,,,,,,,
2026-03-31,a8cb6fb2-8853-57a1-8919-707bce533ef0,Jorge Soler,ebc19873-2e2c-5767-9b19-409c5e887630,DH,False,False,Los Angeles Angels,Chicago Cubs,away,0,0,0,0,4,0,1,2,0,1,0,1,0,,,,,,,,,,,,
2026-03-31,a8cb6fb2-8853-57a1-8919-707bce533ef0,Chase Silseth,d97ead67-961e-54b5-ab86-134f7d2172e2,P,True,False,Los Angeles Angels,Chicago Cubs,away,,,,,,,,,,,,,,1,3,1,1,1,0,0,,14,0,0.3333333333333333,9.0
2026-03-31,a8cb6fb2-8853-57a1-8919-707bce533ef0,José Soriano,c9cc3b6d-f223-5329-bf0f-4455116c1f2a,P,True,True,Los Angeles Angels,Chicago Cubs,away,,,,,,,,,,,,,,6,18,4,2,2,0,0,,90,0,0.2222222222222222,6.0
2026-03-31,a8cb6fb2-8853-57a1-8919-707bce533ef0,Drew Pomeranz,fc9feb99-8c05-5f66-9cda-83f9269f8bf5,P,True,False,Los Angeles Angels,Chicago Cubs,away,,,,,,,,,,,,,,1.1,4,2,0,1,0,0,,20,0,0.5,13.5
2026-03-31,a8cb6fb2-8853-57a1-8919-707bce533ef0,Mike Trout,062d3e7f-e32e-55bc-aa40-403df7f9ec05,CF,False,True,Los Angeles Angels,Chicago Cubs,away,0,0,0,0,5,0,2,1,1,0,0,0,0,,,,,,,,,,,,
2026-03-31,a8cb6fb2-8853-57a1-8919-707bce533ef0,Jeimer Candelario,b72d7af1-56a8-5227-ba17-35a19ce2e32e,3B,False,True,Los Angeles Angels,Chicago Cubs,away,0,1,0,0,4,1,0,2,0,1,0,2,2,,,,,,,,,,,,
2026-03-31,a8cb6fb2-8853-57a1-8919-707bce533ef0,Jo Adell,c3ca91f9-2d30-5cf8-aae3-a5e7339f5788,RF,False,True,Los Angeles Angels,Chicago Cubs,away,1,0,0,0,4,1,0,1,0,0,0,1,1,,,,,,,,,,,,
2026-03-31,a8cb6fb2-8853-57a1-8919-707bce533ef0,Nolan Schanuel,88862c38-1493-5b40-9c6b-6660a4ce4654,1B,False,True,Los Angeles Angels,Chicago Cubs,away,0,0,0,0,5,0,0,0,0,0,0,0,0,,,,,,,,,,,,
2026-03-31,a8cb6fb2-8853-57a1-8919-707bce533ef0,Josh Lowe,ef406577-04d5-511f-9202-5f9a1b54addb,LF,False,True,Los Angeles Angels,Chicago Cubs,away,0,0,0,0,4,0,1,1,0,0,0,0,0,,,,,,,,,,,,
2026-03-31,a8cb6fb2-8853-57a1-8919-707bce533ef0,Bryce Teodosio,2e92cd67-6ffe-5f76-b1f5-83b535ba679a,LF,False,False,Los Angeles Angels,Chicago Cubs,away,0,0,0,0,0,0,0,0,0,0,0,0,0,,,,,,,,,,,,
2026-03-31,a8cb6fb2-8853-57a1-8919-707bce533ef0,Logan O'Hoppe,5338530a-7eeb-53b6-9744-b4577b90a65e,C,False,True,Los Angeles Angels,Chicago Cubs,away,1,0,0,0,4,1,1,0,0,0,2,3,1,,,,,,,,,,,,
2026-03-31,a8cb6fb2-8853-57a1-8919-707bce533ef0,Jordan Romano,99ca4c88-8bc1-5d13-93cb-6fda2c9141e3,P,True,False,Los Angeles Angels,Chicago Cubs,away,,,,,,,,,,,,,,0.2,2,1,1,0,0,0,,12,0,0.5,13.5
2026-03-31,1f44cc6e-2f43-5446-a70e-8e4a4026b551,Luis Rengifo,34a19134-3072-5658-be7e-16d1c8533083,3B,False,True,Milwaukee Brewers,Tampa Bay Rays,home,0,0,0,0,4,0,0,1,0,0,0,0,0,,,,,,,,,,,,
2026-03-31,1f44cc6e-2f43-5446-a70e-8e4a4026b551,Joey Ortiz,ebc5a190-639c-5d2c-916f-f393fd5d2c1e,SS,False,True,Milwaukee Brewers,Tampa Bay Rays,home,0,0,0,0,4,0,1,0,0,1,0,1,0,,,,,,,,,,,,
2026-03-31,1f44cc6e-2f43-5446-a70e-8e4a4026b551,Christian Yelich,cdd2ad99-f99b-5497-9f00-d1e35f210d18,LF,False,True,Milwaukee Brewers,Tampa Bay Rays,home,0,0,0,0,4,0,1,1,0,0,0,0,0,,,,,,,,,,,,
2026-03-31,1f44cc6e-2f43-5446-a70e-8e4a4026b551,Jake Bauers,1edd13e9-ec6a-5f79-8552-5d5fc7103f60,1B,False,True,Milwaukee Brewers,Tampa Bay Rays,home,1,0,0,1,4,2,0,0,1,2,1,5,5,,,,,,,,,,,,
2026-03-31,1f44cc6e-2f43-5446-a70e-8e4a4026b551,Sal Frelick,fbeddaa0-1580-5140-bb70-6bb9ea57a062,RF,False,True,Milwaukee Brewers,Tampa Bay Rays,home,1,0,0,0,4,1,0,0,0,0,0,1,1,,,,,,,,,,,,
2026-03-31,1f44cc6e-2f43-5446-a70e-8e4a4026b551,Abner Uribe,972f6b83-1d18-51f9-ada6-ff947e2760b7,P,True,False,Milwaukee Brewers,Tampa Bay Rays,home,,,,,,,,,,,,,,1,3,0,1,1,0,0,,22,0,0.0,0.0
2026-03-31,1f44cc6e-2f43-5446-a70e-8e4a4026b551,Grant Anderson,3f3ea281-a8a6-568e-aec9-0bf46ea07edf,P,True,False,Milwaukee Brewers,Tampa Bay Rays,home,,,,,,,,,,,,,,1,3,1,0,1,0,0,,19,0,0.3333333333333333,9.0
2026-03-31,1f44cc6e-2f43-5446-a70e-8e4a4026b551,Brandon Lockridge,508f1db4-170c-5cee-ad21-ceb0fed85917,CF,False,True,Milwaukee Brewers,Tampa Bay Rays,home,1,1,0,0,4,2,0,0,0,1,1,4,3,,,,,,,,,,,,
2026-03-31,1f44cc6e-2f43-5446-a70e-8e4a4026b551,Garrett Mitchell,b17ada3b-673f-55c3-b967-d8543791af21,DH,False,False,Milwaukee Brewers,Tampa Bay Rays,home,0,0,0,0,1,0,0,1,0,0,0,0,0,,,,,,,,,,,,
2026-03-31,1f44cc6e-2f43-5446-a70e-8e4a4026b551,William Contreras,3453e023-6f8f-5212-8105-189c90757865,C,False,True,Milwaukee Brewers,Tampa Bay Rays,home,0,0,0,0,4,0,0,2,0,0,0,0,0,,,,,,,,,,,,
2026-03-31,1f44cc6e-2f43-5446-a70e-8e4a4026b551,Brice Turang,8b7764c4-ff5a-5daf-9dc5-044259e0b377,2B,False,True,Milwaukee Brewers,Tampa Bay Rays,home,1,0,0,0,4,1,1,1,1,0,2,3,1,,,,,,,,,,,,
2026-03-31,1f44cc6e-2f43-5446-a70e-8e4a4026b551,Brandon Woodruff,bd3b7186-c316-5dbf-9a2b-f9ffbe02db65,P,True,True,Milwaukee Brewers,Tampa Bay Rays,home,,,,,,,,,,,,,,5,15,6,0,4,2,2,,67,2,0.4,10.8
2026-03-31,1f44cc6e-2f43-5446-a70e-8e4a4026b551,Gary Sánchez,9122c697-55df-5827-bf89-d1705013c3f7,DH,False,False,Milwaukee Brewers,Tampa Bay Rays,home,0,0,0,1,3,1,2,0,0,2,1,4,4,,,,,,,,,,,,
2026-03-31,1f44cc6e-2f43-5446-a70e-8e4a4026b551,Angel Zerpa,c8473f75-9a45-5bfa-9b70-5d34263ddf18,P,True,False,Milwaukee Brewers,Tampa Bay Rays,home,,,,,,,,,,,,,,1,3,0,1,0,0,0,,14,0,0.0,0.0
2026-03-31,1f44cc6e-2f43-5446-a70e-8e4a4026b551,Jared Koenig,b72ca3b0-6870-516f-9a1b-42a4f3f74b91,P,True,False,Milwaukee Brewers,Tampa Bay Rays,home,,,,,,,,,,,,,,1,3,1,0,1,0,0,,16,0,0.3333333333333333,9.0
2026-03-31,1f44cc6e-2f43-5446-a70e-8e4a4026b551,Shane McClanahan,5efccbf3-b156-5fda-b364-28ea784abdd5,P,True,True,Tampa Bay Rays,Milwaukee Brewers,away,,,,,,,,,,,,,,4.2,14,4,3,2,0,2,,79,3,0.2857142857142857,7.7142857142857135
2026-03-31,1f44cc6e-2f43-5446-a70e-8e4a4026b551,Richie Palacios,f73a8757-1504-5ae4-bcf4-884ea15f5174,2B,False,False,Tampa Bay Rays,Milwaukee Brewers,away,0,0,0,0,1,0,0,0,0,0,0,0,0,,,,,,,,,,,,
2026-03-31,1f44cc6e-2f43-5446-a70e-8e4a4026b551,Carson Williams,2f38b1e0-2b43-5a13-aa76-446260f08a38,SS,False,True,Tampa Bay Rays,Milwaukee Brewers,away,0,0,0,0,4,0,0,1,0,0,0,0,0,,,,,,,,,,,,
2026-03-31,1f44cc6e-2f43-5446-a70e-8e4a4026b551,Ryan Vilade,7f7f7e5d-479b-5d2a-a4bc-2c1278490861,PH,False,False,Tampa Bay Rays,Milwaukee Brewers,away,0,0,0,0,1,0,1,0,0,0,0,0,0,,,,,,,,,,,,
2026-03-31,1f44cc6e-2f43-5446-a70e-8e4a4026b551,Jake Fraley,9f4bcb6d-0f3d-580f-985b-cc730b0a26e5,RF,False,True,Tampa Bay Rays,Milwaukee Brewers,away,1,1,0,0,4,2,0,0,0,0,0,2,3,,,,,,,,,,,,
2026-03-31,1f44cc6e-2f43-5446-a70e-8e4a4026b551,Chandler Simpson,e8a47c28-d0c4-55d9-8402-e290b94ba76d,LF,False,True,Tampa Bay Rays,Milwaukee Brewers,away,1,0,1,0,3,2,0,0,1,0,0,2,4,,,,,,,,,,,,
2026-03-31,1f44cc6e-2f43-5446-a70e-8e4a4026b551,Jonny DeLuca,18e76306-3c90-58e3-8beb-27a4572e4c71,PH,False,False,Tampa Bay Rays,Milwaukee Brewers,away,0,0,0,0,1,0,0,0,0,0,0,0,0,,,,,,,,,,,,
2026-03-31,1f44cc6e-2f43-5446-a70e-8e4a4026b551,Cole Sulser,a53c99ec-52df-5446-94e1-6fc1b13f4fef,P,True,False,Tampa Bay Rays,Milwaukee Brewers,away,,,,,,,,,,,,,,1.1,4,0,0,4,1,2,,31,2,0.0,0.0
2026-03-31,1f44cc6e-2f43-5446-a70e-8e4a4026b551,Jonathan Aranda,f3e0ad1f-94c2-5388-8f31-9baa1e72f471,1B,False,True,Tampa Bay Rays,Milwaukee Brewers,away,0,0,0,1,4,1,0,1,0,1,1,3,4,,,,,,,,,,,,
2026-03-31,1f44cc6e-2f43-5446-a70e-8e4a4026b551,Nick Fortes,f24e024c-1c51-502c-8866-34dbafb91126,C,False,True,Tampa Bay Rays,Milwaukee Brewers,away,0,0,0,1,4,1,0,0,0,1,1,3,4,,,,,,,,,,,,
2026-03-31,1f44cc6e-2f43-5446-a70e-8e4a4026b551,Yandy Díaz,382a432b-7569-5972-a70e-6270ec94a244,DH,False,False,Tampa Bay Rays,Milwaukee Brewers,away,0,0,0,0,4,0,0,2,0,0,0,0,0,,,,,,,,,,,,
2026-03-31,1f44cc6e-2f43-5446-a70e-8e4a4026b551,Ben Williamson,ac1660ef-9f73-5523-b351-97539670590b,2B,False,True,Tampa Bay Rays,Milwaukee Brewers,away,0,0,0,0,3,0,0,1,0,0,0,0,0,,,,,,,,,,,,
2026-03-31,1f44cc6e-2f43-5446-a70e-8e4a4026b551,Junior Caminero,00646ce3-90a0-5f44-9b75-d7f277143ba5,3B,False,True,Tampa Bay Rays,Milwaukee Brewers,away,1,0,0,0,4,1,1,1,0,0,0,1,1,,,,,,,,,,,,
2026-03-31,1f44cc6e-2f43-5446-a70e-8e4a4026b551,Yoendrys Gómez,626d56c2-e478-5409-8de4-eb4e138b153c,P,True,False,Tampa Bay Rays,Milwaukee Brewers,away,,,,,,,,,,,,,,2,6,2,2,1,1,1,,30,1,0.3333333333333333,9.0
2026-03-31,1f44cc6e-2f43-5446-a70e-8e4a4026b551,Cedric Mullins,88cf2c8c-311c-568d-90a3-428db492786f,CF,False,True,Tampa Bay Rays,Milwaukee Brewers,away,0,0,0,0,3,0,0,2,0,0,0,0,0,,,,,,,,,,,,
2026-03-31,6a2b5466-1f53-5049-9955-004ed947f7aa,Nolan Gorman,be501aad-9273-5dd4-a194-dcbebb3849ba,DH,False,False,St. Louis Cardinals,New York Mets,home,0,0,0,0,4,0,0,2,0,0,0,0,0,,,,,,,,,,,,
2026-03-31,6a2b5466-1f53-5049-9955-004ed947f7aa,Jordan Walker,e10767c9-8f24-56db-9597-f92e37c6514d,RF,False,True,St. Louis Cardinals,New York Mets,home,0,0,0,0,4,0,0,2,0,0,0,0,0,,,,,,,,,,,,
2026-03-31,6a2b5466-1f53-5049-9955-004ed947f7aa,Nathan Church,b5df23ff-260a-5bc9-b5d7-884ca21ef688,LF,False,True,St. Louis Cardinals,New York Mets,home,0,0,0,0,4,0,0,3,0,0,0,0,0,,,,,,,,,,,,
2026-03-31,6a2b5466-1f53-5049-9955-004ed947f7aa,Victor Scott II,4505d0dc-de10-56ef-ab3f-29ed1056473f,CF,False,True,St. Louis Cardinals,New York Mets,home,1,1,0,0,3,2,0,0,0,1,0,3,3,,,,,,,,,,,,
2026-03-31,6a2b5466-1f53-5049-9955-004ed947f7aa,Gordon Graceffo,86095d7c-a67d-5287-922c-9951860ae0ce,P,True,False,St. Louis Cardinals,New York Mets,home,,,,,,,,,,,,,,1,3,0,0,0,0,0,,3,0,0.0,0.0
2026-03-31,6a2b5466-1f53-5049-9955-004ed947f7aa,JoJo Romero,e2a9f27c-148d-5202-bb6b-c34a5ba5ecee,P,True,False,St. Louis Cardinals,New York Mets,home,,,,,,,,,,,,,,1,3,1,0,0,0,0,,13,0,0.3333333333333333,9.0
2026-03-31,6a2b5466-1f53-5049-9955-004ed947f7aa,JJ Wetherholt,c0507a84-2f5c-53c7-8260-93f2e7bc2162,2B,False,True,St. Louis Cardinals,New York Mets,home,2,0,0,0,4,2,0,2,0,1,0,3,2,,,,,,,,,,,,
2026-03-31,6a2b5466-1f53-5049-9955-004ed947f7aa,Alec Burleson,68452ca8-6fdd-5413-a220-a1e5177c8deb,1B,False,True,St. Louis Cardinals,New York Mets,home,0,0,0,0,4,0,2,0,0,0,0,0,0,,,,,,,,,,,,
2026-03-31,6a2b5466-1f53-5049-9955-004ed947f7aa,Riley O'Brien,7d05e862-eaea-58b0-8549-ac099c30e7cd,P,True,False,St. Louis Cardinals,New York Mets,home,,,,,,,,,,,,,,1,3,0,0,0,0,0,,11,0,0.0,0.0
2026-03-31,6a2b5466-1f53-5049-9955-004ed947f7aa,Andre Pallante,aa44f3ce-655a-5a3b-920e-285fc0202d42,P,True,True,St. Louis Cardinals,New York Mets,home,,,,,,,,,,,,,,5,15,3,3,3,0,0,,88,0,0.2,5.4
2026-03-31,6a2b5466-1f53-5049-9955-004ed947f7aa,Ramón Urías,e3463798-6a26-51fa-b4b3-22832aefe3ff,3B,False,True,St. Louis Cardinals,New York Mets,home,0,0,0,1,3,1,0,1,0,1,1,3,4,,,,,,,,,,,,
2026-03-31,6a2b5466-1f53-5049-9955-004ed947f7aa,Ryne Stanek,8e7700b0-aad6-5c4a-90df-68e5c18db9a8,P,True,False,St. Louis Cardinals,New York Mets,home,,,,,,,,,,,,,,1,3,1,1,0,0,0,,22,0,0.3333333333333333,9.0
2026-03-31,6a2b5466-1f53-5049-9955-004ed947f7aa,Masyn Winn,ddea3cbf-3275-5d72-a43d-5899f5fa2390,SS,False,True,St. Louis Cardinals,New York Mets,home,0,0,0,0,4,0,0,0,0,0,0,0,0,,,,,,,,,,,,
2026-03-31,6a2b5466-1f53-5049-9955-004ed947f7aa,Iván Herrera,2b86e80e-433d-54c4-a2c1-a0d16d28e3dc,C,False,True,St. Louis Cardinals,New York Mets,home,0,1,0,0,4,1,2,1,0,0,2,3,2,,,,,,,,,,,,
2026-03-31,6a2b5466-1f53-5049-9955-004ed947f7aa,Luis Torrens,5e3e8f7f-e1be-5314-a232-9a77a9237e0e,C,False,True,New York Mets,St. Louis Cardinals,away,0,0,0,0,2,0,0,1,0,0,0,0,0,,,,,,,,,,,,
2026-03-31,6a2b5466-1f53-5049-9955-004ed947f7aa,Bo Bichette,33496f7a-3b83-59ef-b119-01d0d2437f28,3B,False,True,New York Mets,St. Louis Cardinals,away,0,0,0,0,4,0,1,0,0,0,0,0,0,,,,,,,,,,,,
2026-03-31,6a2b5466-1f53-5049-9955-004ed947f7aa,Francisco Alvarez,f87397a4-f111-5de9-bdd5-ccb027f66a9c,C,False,False,New York Mets,St. Louis Cardinals,away,0,0,0,0,1,0,0,0,0,0,0,0,0,,,,,,,,,,,,
2026-03-31,6a2b5466-1f53-5049-9955-004ed947f7aa,Mark Vientos,a659963f-2607-5990-8edb-583d390591c8,DH,False,False,New York Mets,St. Louis Cardinals,away,0,0,0,0,2,0,0,0,0,0,0,0,0,,,,,,,,,,,,
2026-03-31,6a2b5466-1f53-5049-9955-004ed947f7aa,Brett Baty,aa321d05-4b90-5b2d-823f-5fe77a11ec6c,DH,False,False,New York Mets,St. Louis Cardinals,away,0,0,0,0,2,0,0,0,0,0,0,0,0,,,,,,,,,,,,
2026-03-31,6a2b5466-1f53-5049-9955-004ed947f7aa,Richard Lovelady,382fd23a-b370-5cf8-b5a6-a3735cacac73,P,True,False,New York Mets,St. Louis Cardinals,away,,,,,,,,,,,,,,2,6,2,1,2,1,1,,29,1,0.3333333333333333,9.0
2026-03-31,6a2b5466-1f53-5049-9955-004ed947f7aa,Carson Benge,631e3061-0f1e-5f0c-b1d3-ebbdfd16f053,RF,False,True,New York Mets,St. Louis Cardinals,away,0,0,0,0,3,0,0,1,0,0,0,0,0,,,,,,,,,,,,
2026-03-31,6a2b5466-1f53-5049-9955-004ed947f7aa,Kodai Senga,ba32f6f2-ba75-5187-839d-01b432a2f831,P,True,True,New York Mets,St. Louis Cardinals,away,,,,,,,,,,,,,,6,18,9,3,4,0,2,,92,2,0.5,13.5
2026-03-31,6a2b5466-1f53-5049-9955-004ed947f7aa,Marcus Semien,ea54830a-4412-565e-8199-20eca49f0dd0,2B,False,True,New York Mets,St. Louis Cardinals,away,0,0,0,0,3,0,1,1,0,0,0,0,0,,,,,,,,,,,,
2026-03-31,6a2b5466-1f53-5049-9955-004ed947f7aa,Francisco Lindor,027d2171-f1d0-509a-ba45-6add806d11b3,SS,False,True,New York Mets,St. Louis Cardinals,away,0,0,0,0,4,0,1,0,0,0,0,0,0,,,,,,,,,,,,
2026-03-31,6a2b5466-1f53-5049-9955-004ed947f7aa,Juan Soto,c49ab650-1d5f-5066-83e1-ff734f609942,LF,False,True,New York Mets,St. Louis Cardinals,away,1,1,0,0,4,2,0,1,0,0,0,2,3,,,,,,,,,,,,
2026-03-31,6a2b5466-1f53-5049-9955-004ed947f7aa,Luis Robert Jr.,05a8b0c4-5ecd-5186-a573-bcc4d6072f9b,CF,False,True,New York Mets,St. Louis Cardinals,away,0,0,0,0,4,0,1,0,0,0,0,0,0,,,,,,,,,,,,
2026-03-31,6a2b5466-1f53-5049-9955-004ed947f7aa,Jared Young,ce1f44d6-8333-5027-9abb-99714bc858e7,1B,False,True,New York Mets,St. Louis Cardinals,away,1,0,0,0,4,1,0,1,0,0,0,1,1,,,,,,,,,,,,
2026-03-31,7793058a-f6a3-54e3-850a-516f12c78d07,Nick Allen,d47542cc-ed4c-5335-840e-aeecb6811ad7,3B,False,False,Houston Astros,Boston Red Sox,home,0,0,0,0,1,0,0,0,0,0,0,0,0,,,,,,,,,,,,
2026-03-31,7793058a-f6a3-54e3-850a-516f12c78d07,Cam Smith,6c7292a3-abca-5a73-9e4b-cec25e9d20b8,RF,False,True,Houston Astros,Boston Red Sox,home,1,0,0,1,4,2,1,0,0,1,1,4,5,,,,,,,,,,,,
2026-03-31,7793058a-f6a3-54e3-850a-516f12c78d07,Hunter Brown,d2a35b37-6cff-5611-b274-5500442532ef,P,True,True,Houston Astros,Boston Red Sox,home,,,,,,,,,,,,,,6,18,8,2,1,0,1,,78,1,0.4444444444444444,12.0
2026-03-31,7793058a-f6a3-54e3-850a-516f12c78d07,Jake Meyers,f60436a8-53cf-5fa1-8caa-50928a25c6d9,CF,False,True,Houston Astros,Boston Red Sox,home,1,0,0,0,4,1,0,1,0,1,0,2,1,,,,,,,,,,,,
2026-03-31,7793058a-f6a3-54e3-850a-516f12c78d07,Brice Matthews,bee000c4-433a-55d5-b97f-a284fe330fee,2B,False,False,Houston Astros,Boston Red Sox,home,0,0,0,0,1,0,0,1,0,0,0,0,0,,,,,,,,,,,,
2026-03-31,7793058a-f6a3-54e3-850a-516f12c78d07,Jose Altuve,99c9db0b-d7a9-5462-94f3-28f3661714ab,2B,False,True,Houston Astros,Boston Red Sox,home,0,0,0,0,4,0,2,0,0,1,0,1,0,,,,,,,,,,,,
2026-03-31,7793058a-f6a3-54e3-850a-516f12c78d07,Cody Bolton,612a0829-a344-5917-9eaf-0de20a9c3295,P,True,False,Houston Astros,Boston Red Sox,home,,,,,,,,,,,,,,3,9,5,1,3,1,1,,50,1,0.5555555555555556,15.0
2026-03-31,7793058a-f6a3-54e3-850a-516f12c78d07,Joey Loperfido,575dbf4d-f194-5748-94af-45ae60e8431c,LF,False,True,Houston Astros,Boston Red Sox,home,1,0,0,0,4,1,0,0,1,0,1,2,1,,,,,,,,,,,,
2026-03-31,7793058a-f6a3-54e3-850a-516f12c78d07,Jeremy Peña,06bd24b4-6dff-5b6b-982d-35d5821ce7c8,SS,False,True,Houston Astros,Boston Red Sox,home,1,0,0,0,5,1,0,1,0,1,0,2,1,,,,,,,,,,,,
2026-03-31,7793058a-f6a3-54e3-850a-516f12c78d07,Carlos Correa,9d0ef881-40b5-538c-9843-6585303e16f4,3B,False,True,Houston Astros,Boston Red Sox,home,1,1,0,0,4,2,1,1,0,2,2,6,3,,,,,,,,,,,,
2026-03-31,7793058a-f6a3-54e3-850a-516f12c78d07,Christian Walker,4ebdbcc5-84ea-5866-b7b6-1d61cbac193f,1B,False,True,Houston Astros,Boston Red Sox,home,1,1,0,0,4,2,0,1,0,1,2,5,3,,,,,,,,,,,,
2026-03-31,7793058a-f6a3-54e3-850a-516f12c78d07,Christian Vázquez,2ce448a3-c599-538e-b2dd-6a39dcfde984,DH,False,False,Houston Astros,Boston Red Sox,home,0,0,0,0,1,0,0,1,0,0,0,0,0,,,,,,,,,,,,
2026-03-31,7793058a-f6a3-54e3-850a-516f12c78d07,Yainer Diaz,dd446d48-8097-51f2-82cf-f7fabad1dd74,C,False,True,Houston Astros,Boston Red Sox,home,0,0,0,0,4,0,0,0,0,0,0,0,0,,,,,,,,,,,,
2026-03-31,7793058a-f6a3-54e3-850a-516f12c78d07,Yordan Alvarez,b4e60652-8d7e-569f-8e5a-4aa9a713da9c,DH,False,False,Houston Astros,Boston Red Sox,home,0,1,0,1,4,2,1,0,0,2,2,6,6,,,,,,,,,,,,
2026-03-31,7793058a-f6a3-54e3-850a-516f12c78d07,Roman Anthony,c29e1084-a051-5de5-86f7-09b1a3bd64af,LF,False,True,Boston Red Sox,Houston Astros,away,0,0,0,0,4,0,0,4,0,0,0,0,0,,,,,,,,,,,,
2026-03-31,7793058a-f6a3-54e3-850a-516f12c78d07,Willson Contreras,34477b91-95c5-5159-8fc0-73e01ae1d6d9,1B,False,True,Boston Red Sox,Houston Astros,away,1,0,0,0,4,1,0,0,0,0,0,1,1,,,,,,,,,,,,
2026-03-31,7793058a-f6a3-54e3-850a-516f12c78d07,Connor Wong,9e2dbb5f-e618-5fca-8203-a8f6b0d73260,C,False,True,Boston Red Sox,Houston Astros,away,0,1,0,0,3,1,0,2,0,0,1,2,2,,,,,,,,,,,,
2026-03-31,7793058a-f6a3-54e3-850a-516f12c78d07,Trevor Story,cd09b8ad-73fb-5669-8db1-98c5b8a8164a,SS,False,True,Boston Red Sox,Houston Astros,away,1,0,0,0,4,1,0,1,0,0,0,1,1,,,,,,,,,,,,
2026-03-31,7793058a-f6a3-54e3-850a-516f12c78d07,Brayan Bello,dbd857a2-e899-5dca-a14f-f372ed6cbf2b,P,True,True,Boston Red Sox,Houston Astros,away,,,,,,,,,,,,,,4.2,14,2,3,8,1,5,,92,6,0.14285714285714285,3.8571428571428568
2026-03-31,7793058a-f6a3-54e3-850a-516f12c78d07,Wilyer Abreu,e89e04e9-6e91-5ee7-ae12-04853566c53f,RF,False,True,Boston Red Sox,Houston Astros,away,0,0,0,0,4,0,0,1,0,0,0,0,0,,,,,,,,,,,,
2026-03-31,7793058a-f6a3-54e3-850a-516f12c78d07,Andruw Monasterio,47cb14eb-4fd3-52f4-b557-bb0feea1ebba,3B,False,True,Boston Red Sox,Houston Astros,away,0,0,0,0,4,0,0,2,0,0,0,0,0,,,,,,,,,,,,
2026-03-31,7793058a-f6a3-54e3-850a-516f12c78d07,Ceddanne Rafaela,15788154-f587-5625-bece-d4a10d870640,CF,False,True,Boston Red Sox,Houston Astros,away,0,0,0,1,3,1,0,2,0,1,1,3,4,,,,,,,,,,,,
2026-03-31,7793058a-f6a3-54e3-850a-516f12c78d07,Jovani Morán,18eadc63-34da-5829-821b-4d45ee385228,P,True,False,Boston Red Sox,Houston Astros,away,,,,,,,,,,,,,,2,6,2,0,1,1,1,,26,1,0.3333333333333333,9.0
2026-03-31,7793058a-f6a3-54e3-850a-516f12c78d07,Masataka Yoshida,ba7252d5-bd01-5d4a-afe2-2252480e2987,DH,False,False,Boston Red Sox,Houston Astros,away,0,0,0,0,4,0,2,0,0,0,0,0,0,,,,,,,,,,,,
2026-03-31,7793058a-f6a3-54e3-850a-516f12c78d07,Marcelo Mayer,143aaf24-c832-5e23-b59f-4934230805d1,2B,False,True,Boston Red Sox,Houston Astros,away,0,0,0,0,4,0,1,1,0,1,0,1,0,,,,,,,,,,,,
2026-03-31,7793058a-f6a3-54e3-850a-516f12c78d07,Ryan Watson,77282720-39a0-57ea-88d2-f156575d121d,P,True,False,Boston Red Sox,Houston Astros,away,,,,,,,,,,,,,,1.1,4,2,2,2,0,2,,27,2,0.5,13.5
2026-03-31,4102b834-e2a7-5c0e-aa6a-d17a91501869,Andrew Hoffmann,3c0cd34a-8ec8-5613-ac20-8b419aa79725,P,True,False,Arizona Diamondbacks,Detroit Tigers,home,,,,,,,,,,,,,,2,6,3,1,0,0,0,,32,0,0.5,13.5
2026-03-31,4102b834-e2a7-5c0e-aa6a-d17a91501869,Jordan Lawlar,efc1a492-55fc-5064-9cad-53d91802c077,LF,False,True,Arizona Diamondbacks,Detroit Tigers,home,1,0,0,0,3,1,0,1,0,1,0,2,1,,,,,,,,,,,,
2026-03-31,4102b834-e2a7-5c0e-aa6a-d17a91501869,Brandon Pfaadt,a882aad2-74ea-5cb3-99ce-e211807a5da4,P,True,True,Arizona Diamondbacks,Detroit Tigers,home,,,,,,,,,,,,,,6,18,3,1,6,0,5,,85,5,0.16666666666666666,4.5
2026-03-31,4102b834-e2a7-5c0e-aa6a-d17a91501869,Ketel Marte,c81e5c80-cc33-537b-b75e-e43d4baeefd8,2B,False,True,Arizona Diamondbacks,Detroit Tigers,home,0,0,0,0,4,0,1,1,0,1,0,1,0,,,,,,,,,,,,
2026-03-31,4102b834-e2a7-5c0e-aa6a-d17a91501869,Geraldo Perdomo,f16aabac-5df9-5d25-854f-705f0f9b265a,SS,False,True,Arizona Diamondbacks,Detroit Tigers,home,1,0,0,0,4,1,1,0,0,1,0,2,1,,,,,,,,,,,,
2026-03-31,4102b834-e2a7-5c0e-aa6a-d17a91501869,Jose Fernandez,24ee4058-1b78-50fa-92c9-0ebeb3bfad17,3B,False,True,Arizona Diamondbacks,Detroit Tigers,home,1,0,0,2,4,3,0,1,0,2,4,9,9,,,,,,,,,,,,
2026-03-31,4102b834-e2a7-5c0e-aa6a-d17a91501869,Paul Sewald,7dc315ea-efc2-5c83-be43-b52bb30e7944,P,True,False,Arizona Diamondbacks,Detroit Tigers,home,,,,,,,,,,,,,,1,3,3,0,0,0,0,,13,0,1.0,27.0
2026-03-31,4102b834-e2a7-5c0e-aa6a-d17a91501869,Gabriel Moreno,18e63c5c-4632-5dbc-9084-71bfa57a99c7,DH,False,False,Arizona Diamondbacks,Detroit Tigers,home,0,1,0,0,4,1,0,2,0,0,1,2,2,,,,,,,,,,,,
2026-03-31,4102b834-e2a7-5c0e-aa6a-d17a91501869,Corbin Carroll,3b6210c9-3db8-5b34-9af5-e972d0b61b99,RF,False,True,Arizona Diamondbacks,Detroit Tigers,home,0,1,0,0,4,1,1,1,0,0,2,3,2,,,,,,,,,,,,
2026-03-31,4102b834-e2a7-5c0e-aa6a-d17a91501869,James McCann,03983b89-44f4-5d46-a8af-e1aeb9219a7a,C,False,True,Arizona Diamondbacks,Detroit Tigers,home,0,1,0,0,3,1,1,1,0,1,0,2,2,,,,,,,,,,,,
2026-03-31,4102b834-e2a7-5c0e-aa6a-d17a91501869,Carlos Santana,1e382352-f767-5763-bb8c-059aceb7ca11,1B,False,True,Arizona Diamondbacks,Detroit Tigers,home,0,0,0,0,4,0,0,3,0,0,0,0,0,,,,,,,,,,,,
2026-03-31,4102b834-e2a7-5c0e-aa6a-d17a91501869,Alek Thomas,877bcfe1-8864-5209-ac98-f3513aa34d93,CF,False,True,Arizona Diamondbacks,Detroit Tigers,home,0,0,0,0,4,0,0,2,1,1,0,1,0,,,,,,,,,,,,
2026-03-31,4102b834-e2a7-5c0e-aa6a-d17a91501869,Zach McKinstry,fac18760-19d9-5b9e-9954-2f9442ed2b6a,3B,False,True,Detroit Tigers,Arizona Diamondbacks,away,0,0,0,0,4,0,0,2,0,0,0,0,0,,,,,,,,,,,,
2026-03-31,4102b834-e2a7-5c0e-aa6a-d17a91501869,Casey Mize,b8851c8b-9bd3-5efa-b4f8-35ee6a1cc5ca,P,True,True,Detroit Tigers,Arizona Diamondbacks,away,,,,,,,,,,,,,,6,18,9,2,4,1,1,,93,1,0.5,13.5
2026-03-31,4102b834-e2a7-5c0e-aa6a-d17a91501869,Drew Anderson,f7e48447-09b1-5a8d-8427-35c519041f6a,P,True,False,Detroit Tigers,Arizona Diamondbacks,away,,,,,,,,,,,,,,1,3,2,0,2,0,2,,16,2,0.6666666666666666,18.0
2026-03-31,4102b834-e2a7-5c0e-aa6a-d17a91501869,Riley Greene,bbee493e-0329-5be6-8cd9-78d86c4bba58,LF,False,True,Detroit Tigers,Arizona Diamondbacks,away,0,1,0,0,4,1,0,0,0,1,2,4,2,,,,,,,,,,,,
2026-03-31,4102b834-e2a7-5c0e-aa6a-d17a91501869,Kevin McGonigle,564bb172-7dfb-573e-b0f7-7f5cbdd0d547,SS,False,True,Detroit Tigers,Arizona Diamondbacks,away,1,0,0,0,4,1,0,0,0,1,1,3,1,,,,,,,,,,,,
2026-03-31,4102b834-e2a7-5c0e-aa6a-d17a91501869,Kerry Carpenter,fcfcc870-05a3-58ad-ae0a-2ed6a6964125,DH,False,False,Detroit Tigers,Arizona Diamondbacks,away,1,0,0,0,4,1,1,1,0,0,1,2,1,,,,,,,,,,,,
2026-03-31,4102b834-e2a7-5c0e-aa6a-d17a91501869,Kenley Jansen,921a5787-c4d6-5ff2-b887-1b9808d8533a,P,True,False,Detroit Tigers,Arizona Diamondbacks,away,,,,,,,,,,,,,,0.1,1,1,0,1,1,1,,8,1,1.0,27.0
2026-03-31,4102b834-e2a7-5c0e-aa6a-d17a91501869,Spencer Torkelson,c12eb080-7e57-5145-9dc7-97b7b4c97921,1B,False,True,Detroit Tigers,Arizona Diamondbacks,away,0,0,0,0,4,0,0,1,0,0,0,0,0,,,,,,,,,,,,
2026-03-31,4102b834-e2a7-5c0e-aa6a-d17a91501869,Jake Rogers,a453eaa6-83a1-5a3d-a91f-ed4bebd865c9,C,False,True,Detroit Tigers,Arizona Diamondbacks,away,0,1,0,0,3,1,0,1,0,1,1,3,2,,,,,,,,,,,,
2026-03-31,4102b834-e2a7-5c0e-aa6a-d17a91501869,Gleyber Torres,7bd07245-7bf0-5980-8c77-8a40271534aa,2B,False,True,Detroit Tigers,Arizona Diamondbacks,away,0,0,0,0,4,0,1,1,0,0,0,0,0,,,,,,,,,,,,
2026-03-31,4102b834-e2a7-5c0e-aa6a-d17a91501869,Matt Vierling,89a3e61c-5176-5488-8084-f6d7dcdbeb37,RF,False,False,Detroit Tigers,Arizona Diamondbacks,away,0,0,0,0,0,0,0,0,0,0,0,0,0,,,,,,,,,,,,
2026-03-31,4102b834-e2a7-5c0e-aa6a-d17a91501869,Parker Meadows,c0c33d53-e475-503d-b1cb-5aa6430b3660,CF,False,True,Detroit Tigers,Arizona Diamondbacks,away,1,0,0,0,3,1,0,1,0,1,0,2,1,,,,,,,,,,,,
2026-03-31,4102b834-e2a7-5c0e-aa6a-d17a91501869,Will Vest,7505a594-8278-57ea-99ed-a082764a1b01,P,True,False,Detroit Tigers,Arizona Diamondbacks,away,,,,,,,,,,,,,,0.2,2,0,2,1,0,3,,27,3,0.0,0.0
2026-03-31,4102b834-e2a7-5c0e-aa6a-d17a91501869,Colt Keith,cadc4708-5d0a-56ac-84d0-feced1704a81,3B,False,True,Detroit Tigers,Arizona Diamondbacks,away,1,0,0,0,4,1,0,2,0,1,0,2,1,,,,,,,,,,,,
2026-03-31,cae1a3fa-37aa-5929-b6eb-d742503d1388,Josh Naylor,b882f91d-40d1-58ad-bd6a-b321477642c0,1B,False,True,Seattle Mariners,New York Yankees,home,1,0,0,0,4,1,0,1,0,0,0,1,1,,,,,,,,,,,,
2026-03-31,cae1a3fa-37aa-5929-b6eb-d742503d1388,Victor Robles,624bfac4-c5ea-531f-b4e4-f7be2a78a1bc,RF,False,True,Seattle Mariners,New York Yankees,home,0,0,0,0,3,0,0,1,0,0,0,0,0,,,,,,,,,,,,
2026-03-31,cae1a3fa-37aa-5929-b6eb-d742503d1388,Cole Young,bef5f9c5-6df7-5ede-9aac-4b5ba8731f4b,2B,False,True,Seattle Mariners,New York Yankees,home,1,0,0,0,3,1,0,0,0,0,0,1,1,,,,,,,,,,,,
2026-03-31,cae1a3fa-37aa-5929-b6eb-d742503d1388,Randy Arozarena,0f2b9cc8-a738-5f1e-be0e-5c0ae5a3ac57,LF,False,True,Seattle Mariners,New York Yankees,home,0,0,0,0,4,0,0,0,0,0,0,0,0,,,,,,,,,,,,
2026-03-31,cae1a3fa-37aa-5929-b6eb-d742503d1388,Casey Legumina,8e36214c-00d3-5fb9-9a64-0f104c6e400d,P,True,False,Seattle Mariners,New York Yankees,home,,,,,,,,,,,,,,1.2,5,1,0,0,0,0,,18,0,0.2,5.3999999999999995
2026-03-31,cae1a3fa-37aa-5929-b6eb-d742503d1388,Cal Raleigh,21b31397-a06c-5238-83b3-90eee447e28e,C,False,True,Seattle Mariners,New York Yankees,home,0,0,0,0,4,0,0,2,0,0,0,0,0,,,,,,,,,,,,
2026-03-31,cae1a3fa-37aa-5929-b6eb-d742503d1388,Rob Refsnyder,d50036b6-f9c6-5e61-b1e5-98692a43657e,DH,False,False,Seattle Mariners,New York Yankees,home,0,0,0,0,4,0,0,2,0,0,0,0,0,,,,,,,,,,,,
2026-03-31,cae1a3fa-37aa-5929-b6eb-d742503d1388,Cole Wilcox,7d63c225-4e37-5df0-912b-553a335878e3,P,True,False,Seattle Mariners,New York Yankees,home,,,,,,,,,,,,,,2,6,3,0,2,0,0,,31,0,0.5,13.5
2026-03-31,cae1a3fa-37aa-5929-b6eb-d742503d1388,Logan Gilbert,8a640625-71a1-5037-8332-4427ea90660f,P,True,True,Seattle Mariners,New York Yankees,home,,,,,,,,,,,,,,5.1,16,6,3,7,0,5,,95,5,0.375,10.125
2026-03-31,cae1a3fa-37aa-5929-b6eb-d742503d1388,Brendan Donovan,9d05e499-95d1-5224-b19c-323801b2463e,3B,False,True,Seattle Mariners,New York Yankees,home,1,0,0,0,3,1,0,1,0,0,0,1,1,,,,,,,,,,,,
2026-03-31,cae1a3fa-37aa-5929-b6eb-d742503d1388,Leo Rivas,13efd7e6-1b6a-509b-8348-f3f74df6fce9,SS,False,True,Seattle Mariners,New York Yankees,home,0,0,0,0,3,0,0,0,0,0,0,0,0,,,,,,,,,,,,
2026-03-31,cae1a3fa-37aa-5929-b6eb-d742503d1388,Julio Rodríguez,fffe4545-0e86-5407-906a-645035a15435,CF,False,True,Seattle Mariners,New York Yankees,home,1,0,0,0,4,1,1,0,0,0,0,1,1,,,,,,,,,,,,
2026-03-31,cae1a3fa-37aa-5929-b6eb-d742503d1388,José Caballero,3f93b7e1-37f4-53fe-bb17-5a7915995b76,SS,False,True,New York Yankees,Seattle Mariners,away,0,0,0,0,4,0,0,1,0,0,0,0,0,,,,,,,,,,,,
2026-03-31,cae1a3fa-37aa-5929-b6eb-d742503d1388,Aaron Judge,e0e52a0f-4e54-5f0c-b584-6ec85c33c7f7,RF,False,True,New York Yankees,Seattle Mariners,away,0,0,0,0,4,0,0,2,0,0,0,0,0,,,,,,,,,,,,
2026-03-31,cae1a3fa-37aa-5929-b6eb-d742503d1388,Ryan McMahon,d0d749e6-fb57-548c-9393-e889a94c8291,3B,False,True,New York Yankees,Seattle Mariners,away,0,0,0,0,4,0,0,3,0,0,0,0,0,,,,,,,,,,,,
2026-03-31,cae1a3fa-37aa-5929-b6eb-d742503d1388,Tim Hill,384dc4b2-51ff-5793-aac7-63641d20da3f,P,True,False,New York Yankees,Seattle Mariners,away,,,,,,,,,,,,,,1,3,0,0,0,0,0,,7,0,0.0,0.0
2026-03-31,cae1a3fa-37aa-5929-b6eb-d742503d1388,Ben Rice,f7714f04-8c9d-5c9a-b8bb-0f423271af17,1B,False,True,New York Yankees,Seattle Mariners,away,1,1,0,0,4,2,2,0,0,2,1,5,3,,,,,,,,,,,,
2026-03-31,cae1a3fa-37aa-5929-b6eb-d742503d1388,Brent Headrick,bbf3b86d-c5c5-5f37-a0c5-be6d962c31e1,P,True,False,New York Yankees,Seattle Mariners,away,,,,,,,,,,,,,,1,3,1,0,1,0,0,,10,0,0.3333333333333333,9.0
2026-03-31,cae1a3fa-37aa-5929-b6eb-d742503d1388,J.C. Escarra,7aa8e492-d58d-5b4b-887e-3b5ed373a5eb,C,False,True,New York Yankees,Seattle Mariners,away,0,0,0,0,4,0,0,1,0,0,0,0,0,,,,,,,,,,,,
2026-03-31,cae1a3fa-37aa-5929-b6eb-d742503d1388,Cody Bellinger,04e3eefb-9d41-548f-ba06-60abe4b82454,LF,False,True,New York Yankees,Seattle Mariners,away,2,0,0,0,4,2,1,0,1,2,0,4,2,,,,,,,,,,,,
2026-03-31,cae1a3fa-37aa-5929-b6eb-d742503d1388,Giancarlo Stanton,3d9084cc-f18f-50e5-944a-c1eaa74fa2a2,DH,False,False,New York Yankees,Seattle Mariners,away,1,1,0,0,4,2,0,0,0,0,2,4,3,,,,,,,,,,,,
2026-03-31,cae1a3fa-37aa-5929-b6eb-d742503d1388,Jazz Chisholm Jr.,bce3e6ee-1f99-5f80-90fb-c8d538c9d546,2B,False,True,New York Yankees,Seattle Mariners,away,1,0,0,0,4,1,0,2,1,0,1,2,1,,,,,,,,,,,,
2026-03-31,cae1a3fa-37aa-5929-b6eb-d742503d1388,Max Fried,b15a3262-815d-5ccd-bdce-d39b2a483637,P,True,True,New York Yankees,Seattle Mariners,away,,,,,,,,,,,,,,7,21,6,1,3,0,0,,90,0,0.2857142857142857,7.714285714285714
2026-03-31,cae1a3fa-37aa-5929-b6eb-d742503d1388,Trent Grisham,6c818210-215a-5a0f-94c1-d805ae6b416f,CF,False,True,New York Yankees,Seattle Mariners,away,1,1,0,0,4,2,0,1,0,1,0,3,3,,,,,,,,,,,,
2026-03-31,6526a9ba-778b-5cb8-a2b4-fe466930041e,Freddy Fermin,37406aad-ae18-5be2-8439-0a0b3ab54a22,C,False,True,San Diego Padres,San Francisco Giants,home,0,0,0,0,4,0,0,1,0,0,0,0,0,,,,,,,,,,,,
2026-03-31,6526a9ba-778b-5cb8-a2b4-fe466930041e,David Morgan,1522e4d5-1ec8-5d0f-b690-72da93f4eb13,P,True,False,San Diego Padres,San Francisco Giants,home,,,,,,,,,,,,,,1,3,1,0,2,0,0,,13,1,0.3333333333333333,9.0
2026-03-31,6526a9ba-778b-5cb8-a2b4-fe466930041e,Nick Castellanos,95dea803-893e-5754-9f60-c470b45cd25b,LF,False,True,San Diego Padres,San Francisco Giants,home,0,1,0,0,4,1,1,0,0,0,0,1,2,,,,,,,,,,,,
2026-03-31,6526a9ba-778b-5cb8-a2b4-fe466930041e,Jackson Merrill,0b80ef12-9566-5b94-973d-d1151b0e69ac,CF,False,True,San Diego Padres,San Francisco Giants,home,1,0,0,0,4,1,1,1,0,1,1,3,1,,,,,,,,,,,,
2026-03-31,6526a9ba-778b-5cb8-a2b4-fe466930041e,Germán Márquez,aec50e9d-c4fa-50c0-bfcf-cee1fbc0692a,P,True,True,San Diego Padres,San Francisco Giants,home,,,,,,,,,,,,,,3,9,1,1,8,2,4,,65,4,0.1111111111111111,3.0
2026-03-31,6526a9ba-778b-5cb8-a2b4-fe466930041e,Bradgley Rodriguez,8092bd40-b0b9-55be-8319-2473dec40230,P,True,False,San Diego Padres,San Francisco Giants,home,,,,,,,,,,,,,,1.2,5,1,0,1,0,0,,17,0,0.2,5.3999999999999995
2026-03-31,6526a9ba-778b-5cb8-a2b4-fe466930041e,Jeremiah Estrada,ee6fb957-7f4c-5dfe-ae02-b44359338c92,P,True,False,San Diego Padres,San Francisco Giants,home,,,,,,,,,,,,,,1,3,2,0,1,0,0,,18,0,0.6666666666666666,18.0
2026-03-31,6526a9ba-778b-5cb8-a2b4-fe466930041e,Gavin Sheets,5f058b73-019c-573c-b5f2-d01f2e56cd0b,1B,False,True,San Diego Padres,San Francisco Giants,home,1,0,0,0,4,1,0,1,0,0,0,1,1,,,,,,,,,,,,
2026-03-31,6526a9ba-778b-5cb8-a2b4-fe466930041e,Manny Machado,a9385e18-b1c3-52e8-b03b-b70d1f8a34af,3B,False,True,San Diego Padres,San Francisco Giants,home,1,0,0,0,4,1,1,1,0,1,0,2,1,,,,,,,,,,,,
2026-03-31,6526a9ba-778b-5cb8-a2b4-fe466930041e,Miguel Andujar,48554c1a-0b60-5739-aad2-0ff058b6d880,DH,False,False,San Diego Padres,San Francisco Giants,home,1,0,0,0,4,1,0,2,0,0,1,2,1,,,,,,,,,,,,
2026-03-31,6526a9ba-778b-5cb8-a2b4-fe466930041e,Fernando Tatis Jr.,ac1ed075-5e29-5566-994f-09b1af7af1b9,RF,False,True,San Diego Padres,San Francisco Giants,home,0,1,0,0,4,1,1,1,1,1,0,2,2,,,,,,,,,,,,
2026-03-31,6526a9ba-778b-5cb8-a2b4-fe466930041e,Xander Bogaerts,c2029f6d-a0ef-5980-850b-3d9f8f0ec784,SS,False,True,San Diego Padres,San Francisco Giants,home,0,0,0,0,4,0,0,1,0,0,1,1,0,,,,,,,,,,,,
2026-03-31,6526a9ba-778b-5cb8-a2b4-fe466930041e,Kyle Hart,b864e329-896f-5ad4-a90a-1feee57c0b76,P,True,False,San Diego Padres,San Francisco Giants,home,,,,,,,,,,,,,,2.1,7,2,1,4,0,4,,42,4,0.2857142857142857,7.7142857142857135
2026-03-31,6526a9ba-778b-5cb8-a2b4-fe466930041e,Jake Cronenworth,5c3d6bb2-760f-5036-8bd3-805107557a37,2B,False,True,San Diego Padres,San Francisco Giants,home,0,0,0,0,4,0,0,0,0,0,0,0,0,,,,,,,,,,,,
2026-03-31,6526a9ba-778b-5cb8-a2b4-fe466930041e,Casey Schmitt,e4311142-3ace-57e1-a7f1-cdc5d6796151,1B,False,True,San Francisco Giants,San Diego Padres,away,1,0,0,0,4,1,0,3,0,0,0,1,1,,,,,,,,,,,,
2026-03-31,6526a9ba-778b-5cb8-a2b4-fe466930041e,JT Brubaker,38205866-ae17-547a-b000-5b6b1cb1e0e7,P,True,False,San Francisco Giants,San Diego Padres,away,,,,,,,,,,,,,,2,6,1,0,2,0,0,,28,0,0.16666666666666666,4.5
2026-03-31,6526a9ba-778b-5cb8-a2b4-fe466930041e,Heliot Ramos,521d9176-c734-5b63-9285-a4ab783f6edd,LF,False,True,San Francisco Giants,San Diego Padres,away,1,0,0,0,5,1,1,2,0,1,2,4,1,,,,,,,,,,,,
2026-03-31,6526a9ba-778b-5cb8-a2b4-fe466930041e,Logan Webb,f3fbba67-e293-5bf9-a06b-eeaf8ef74a49,P,True,True,San Francisco Giants,San Diego Padres,away,,,,,,,,,,,,,,6,18,5,4,3,0,3,,104,3,0.2777777777777778,7.5
2026-03-31,6526a9ba-778b-5cb8-a2b4-fe466930041e,José Buttó,557504c9-e688-59fa-8309-19867e81887a,P,True,False,San Francisco Giants,San Diego Padres,away,,,,,,,,,,,,,,1,3,2,0,1,0,0,,18,0,0.6666666666666666,18.0
2026-03-31,6526a9ba-778b-5cb8-a2b4-fe466930041e,Patrick Bailey,7497fb23-555e-57a8-86b0-f3106d26ac72,C,False,True,San Francisco Giants,San Diego Padres,away,1,0,0,0,4,1,1,0,0,1,0,2,1,,,,,,,,,,,,
2026-03-31,6526a9ba-778b-5cb8-a2b4-fe466930041e,Matt Chapman,2c47b345-ac3d-53c1-b77e-6c5fa7a469bb,3B,False,True,San Francisco Giants,San Diego Padres,away,1,0,0,1,5,2,0,1,0,2,1,5,5,,,,,,,,,,,,
2026-03-31,6526a9ba-778b-5cb8-a2b4-fe466930041e,Jung Hoo Lee,5233b094-55d5-5790-9af1-e92aeb0a3f2a,RF,False,True,San Francisco Giants,San Diego Padres,away,1,2,0,0,5,3,0,0,0,0,3,6,5,,,,,,,,,,,,
2026-03-31,6526a9ba-778b-5cb8-a2b4-fe466930041e,Rafael Devers,c9835c18-6f1f-57cd-a2ff-0ff6d821b16c,DH,False,False,San Francisco Giants,San Diego Padres,away,2,0,0,0,5,2,0,0,0,1,0,3,2,,,,,,,,,,,,
2026-03-31,6526a9ba-778b-5cb8-a2b4-fe466930041e,Jared Oliva,2b576ab0-f6e4-5614-bc17-d1885ec2d815,PR,False,False,San Francisco Giants,San Diego Padres,away,0,0,0,0,0,0,0,0,1,1,0,1,0,,,,,,,,,,,,
2026-03-31,6526a9ba-778b-5cb8-a2b4-fe466930041e,Harrison Bader,91a8ec44-ffa8-5211-b6b0-96ba26567032,CF,False,True,San Francisco Giants,San Diego Padres,away,0,1,0,0,5,1,0,1,0,1,0,2,2,,,,,,,,,,,,
2026-03-31,6526a9ba-778b-5cb8-a2b4-fe466930041e,Christian Koss,0a846ded-a34c-5373-8d5f-cd3048928b3d,2B,False,False,San Francisco Giants,San Diego Padres,away,0,0,0,0,0,0,0,0,0,0,0,0,0,,,,,,,,,,,,
2026-03-31,6526a9ba-778b-5cb8-a2b4-fe466930041e,Willy Adames,78cc8077-60d2-554c-b37f-99c3e17b50a1,SS,False,True,San Francisco Giants,San Diego Padres,away,2,1,0,1,5,4,0,0,0,2,2,8,8,,,,,,,,,,,,
2026-03-31,6526a9ba-778b-5cb8-a2b4-fe466930041e,Luis Arraez,b0939c49-253b-5c8b-b011-386ee0b6e0bc,2B,False,True,San Francisco Giants,San Diego Padres,away,1,0,0,0,5,1,0,0,0,0,1,2,1,,,,,,,,,,,,
2026-03-31,a578230a-26d1-5a84-a8c0-8b9de6837f50,Will Smith,a99e1cc5-b7ce-57f3-b25f-a35eb434a138,C,False,True,Los Angeles Dodgers,Cleveland Guardians,home,1,0,0,0,4,1,0,1,0,1,0,2,1,,,,,,,,,,,,
2026-03-31,a578230a-26d1-5a84-a8c0-8b9de6837f50,Alex Vesia,0d1c034e-4fd3-536d-943b-763c44bb1684,P,True,False,Los Angeles Dodgers,Cleveland Guardians,home,,,,,,,,,,,,,,1,3,1,0,0,0,0,,14,0,0.3333333333333333,9.0
2026-03-31,a578230a-26d1-5a84-a8c0-8b9de6837f50,Kyle Tucker,2de01d55-4dd3-5bc3-b8e2-7859bbfdb79f,RF,False,True,Los Angeles Dodgers,Cleveland Guardians,home,1,0,0,0,4,1,0,2,0,0,0,1,1,,,,,,,,,,,,
2026-03-31,a578230a-26d1-5a84-a8c0-8b9de6837f50,Max Muncy,8d258a66-1273-5363-89c6-87933a281e74,3B,False,True,Los Angeles Dodgers,Cleveland Guardians,home,1,0,0,1,4,2,1,0,0,2,1,5,5,,,,,,,,,,,,
2026-03-31,a578230a-26d1-5a84-a8c0-8b9de6837f50,Freddie Freeman,6ddad2d6-c3a0-5592-8632-a05db59af193,1B,False,True,Los Angeles Dodgers,Cleveland Guardians,home,1,0,0,0,4,1,0,1,0,1,0,2,1,,,,,,,,,,,,
2026-03-31,a578230a-26d1-5a84-a8c0-8b9de6837f50,Shohei Ohtani,c4531087-0c95-5e6e-8d3c-604e0b0fc776,DH,False,True,Los Angeles Dodgers,Cleveland Guardians,home,1,0,0,0,5,1,2,1,0,0,0,1,1,6,18,6,3,1,0,0,,87,0,0.3333333333333333,9.0
2026-03-31,a578230a-26d1-5a84-a8c0-8b9de6837f50,Teoscar Hernández,963905ee-cf72-5886-afd2-4e77a95c6134,LF,False,True,Los Angeles Dodgers,Cleveland Guardians,home,2,0,0,0,4,2,0,2,0,0,1,3,2,,,,,,,,,,,,
2026-03-31,a578230a-26d1-5a84-a8c0-8b9de6837f50,Andy Pages,1057dfe8-f4c3-58d4-be2b-63d4efdf2228,CF,False,True,Los Angeles Dodgers,Cleveland Guardians,home,2,0,0,0,4,2,0,1,0,0,2,4,2,,,,,,,,,,,,
2026-03-31,a578230a-26d1-5a84-a8c0-8b9de6837f50,Edwin Díaz,db69f7af-a25a-5a9e-805b-35535e3b45ed,P,True,False,Los Angeles Dodgers,Cleveland Guardians,home,,,,,,,,,,,,,,1,3,2,1,1,0,1,,33,1,0.6666666666666666,18.0
2026-03-31,a578230a-26d1-5a84-a8c0-8b9de6837f50,Mookie Betts,93f6ca91-7be2-55cc-8e42-a295fae94395,SS,False,True,Los Angeles Dodgers,Cleveland Guardians,home,0,0,0,0,4,0,0,2,0,0,0,0,0,,,,,,,,,,,,
2026-03-31,a578230a-26d1-5a84-a8c0-8b9de6837f50,Miguel Rojas,daef22b8-e349-5c2a-baf6-493ad8567907,2B,False,False,Los Angeles Dodgers,Cleveland Guardians,home,0,0,0,0,2,0,0,1,0,0,0,0,0,,,,,,,,,,,,
2026-03-31,a578230a-26d1-5a84-a8c0-8b9de6837f50,Jack Dreyer,484819ba-27e1-5084-a8c3-a36e35b180f4,P,True,False,Los Angeles Dodgers,Cleveland Guardians,home,,,,,,,,,,,,,,1,3,1,1,0,0,0,,15,0,0.3333333333333333,9.0
2026-03-31,a578230a-26d1-5a84-a8c0-8b9de6837f50,Alex Freeland,ba5ee049-6fb5-5806-9480-5a14650880ba,2B,False,True,Los Angeles Dodgers,Cleveland Guardians,home,0,0,0,0,2,0,0,0,0,0,0,0,0,,,,,,,,,,,,
2026-03-31,a578230a-26d1-5a84-a8c0-8b9de6837f50,Chase DeLauter,6df4c8fa-ba98-5c7a-ad19-cf86a2049392,RF,False,False,Cleveland Guardians,Los Angeles Dodgers,away,0,0,0,0,1,0,0,0,0,0,0,0,0,,,,,,,,,,,,
2026-03-31,a578230a-26d1-5a84-a8c0-8b9de6837f50,Daniel Schneemann,44aa2c31-5c71-54d6-bd89-c75f77599832,PH,False,False,Cleveland Guardians,Los Angeles Dodgers,away,0,0,0,0,1,0,0,1,0,0,0,0,0,,,,,,,,,,,,
2026-03-31,a578230a-26d1-5a84-a8c0-8b9de6837f50,Brayan Rocchio,19d4d33d-50bf-55d7-9885-40f4738e6983,2B,False,True,Cleveland Guardians,Los Angeles Dodgers,away,1,0,0,0,4,1,0,1,0,0,1,2,1,,,,,,,,,,,,
2026-03-31,a578230a-26d1-5a84-a8c0-8b9de6837f50,Gabriel Arias,da74b797-d096-5ec7-bb84-6b0e693536f3,SS,False,True,Cleveland Guardians,Los Angeles Dodgers,away,0,0,0,0,3,0,1,1,0,0,0,0,0,,,,,,,,,,,,
2026-03-31,a578230a-26d1-5a84-a8c0-8b9de6837f50,Matt Festa,2150658a-9ae0-5b5d-941b-54a1af3be65c,P,True,False,Cleveland Guardians,Los Angeles Dodgers,away,,,,,,,,,,,,,,1.1,4,2,0,4,0,2,,29,2,0.5,13.5
2026-03-31,a578230a-26d1-5a84-a8c0-8b9de6837f50,Bo Naylor,569c32a2-118a-5902-a55f-3e350c57a8af,C,False,True,Cleveland Guardians,Los Angeles Dodgers,away,0,0,0,0,4,0,0,1,0,0,0,0,0,,,,,,,,,,,,
2026-03-31,a578230a-26d1-5a84-a8c0-8b9de6837f50,David Fry,d0cdb034-814f-5d43-a16a-052464de2541,RF,False,False,Cleveland Guardians,Los Angeles Dodgers,away,0,0,0,0,1,0,0,1,0,0,0,0,0,,,,,,,,,,,,
2026-03-31,a578230a-26d1-5a84-a8c0-8b9de6837f50,José Ramírez,edd283fa-acd6-56e6-a171-35d869385530,3B,False,True,Cleveland Guardians,Los Angeles Dodgers,away,0,0,0,0,4,0,0,0,0,0,0,0,0,,,,,,,,,,,,
2026-03-31,a578230a-26d1-5a84-a8c0-8b9de6837f50,Steven Kwan,64af661f-a572-5a07-8797-70964b4dbcb2,CF,False,True,Cleveland Guardians,Los Angeles Dodgers,away,0,0,0,0,4,0,2,0,0,0,0,0,0,,,,,,,,,,,,
2026-03-31,a578230a-26d1-5a84-a8c0-8b9de6837f50,Angel Martínez,a1a79e19-4dd8-5d43-8cf7-324e82cc4a92,LF,False,True,Cleveland Guardians,Los Angeles Dodgers,away,0,0,0,0,4,0,0,1,0,0,0,0,0,,,,,,,,,,,,
2026-03-31,a578230a-26d1-5a84-a8c0-8b9de6837f50,Kolby Allard,244e5684-e4cb-5a05-8e54-68702abf4a06,P,True,False,Cleveland Guardians,Los Angeles Dodgers,away,,,,,,,,,,,,,,2.2,8,5,1,2,1,1,,55,1,0.625,16.875
2026-03-31,a578230a-26d1-5a84-a8c0-8b9de6837f50,Kyle Manzardo,1f4ed7ba-eda9-5a00-b87f-9c005e0a44a8,DH,False,False,Cleveland Guardians,Los Angeles Dodgers,away,0,0,0,0,4,0,1,0,0,1,0,1,0,,,,,,,,,,,,
2026-03-31,a578230a-26d1-5a84-a8c0-8b9de6837f50,Tanner Bibee,c61004d6-b9ea-59d4-b6a6-c887c844fb6e,P,True,True,Cleveland Guardians,Los Angeles Dodgers,away,,,,,,,,,,,,,,4,12,4,2,4,0,1,,74,1,0.3333333333333333,9.0
2026-03-31,a578230a-26d1-5a84-a8c0-8b9de6837f50,Rhys Hoskins,1c22ec74-00f6-5b13-b698-eeaaf10c7523,1B,False,True,Cleveland Guardians,Los Angeles Dodgers,away,0,1,0,0,4,1,1,2,0,0,0,1,2,,,,,,,,,,,,
2026-03-31,a578230a-26d1-5a84-a8c0-8b9de6837f50,CJ Kayfus,82e69c91-8664-5911-94b2-f61af3a0f314,RF,False,True,Cleveland Guardians,Los Angeles Dodgers,away,0,0,0,0,2,0,0,2,0,0,0,0,0,,,,,,,,,,,,
2026-04-01,c32a5018-721f-5ea7-a24c-06ead8fc0a40,Dylan Lee,b6a9d913-8436-591d-a9cd-80087848a2ad,P,True,False,Atlanta Braves,Athletics,home,,,,,,,,,,,,,,1,3,1,0,1,0,0,,15,0,0.3333333333333333,9.0
2026-04-01,c32a5018-721f-5ea7-a24c-06ead8fc0a40,Robert Suarez,210de3d9-d0ff-5632-a4a4-6ab9221794db,P,True,False,Atlanta Braves,Athletics,home,,,,,,,,,,,,,,1,3,1,0,1,0,0,,6,0,0.3333333333333333,9.0
2026-04-01,c32a5018-721f-5ea7-a24c-06ead8fc0a40,Michael Harris II,cff14015-b6ae-555e-a442-60e9ddb08b61,CF,False,True,Atlanta Braves,Athletics,home,0,0,0,0,4,0,0,2,0,0,0,0,0,,,,,,,,,,,,
2026-04-01,c32a5018-721f-5ea7-a24c-06ead8fc0a40,Mauricio Dubón,47d09ee0-3ea8-5df2-b34c-c6fd76faa3fb,SS,False,True,Atlanta Braves,Athletics,home,1,0,0,0,3,1,0,0,0,1,0,2,1,,,,,,,,,,,,
2026-04-01,c32a5018-721f-5ea7-a24c-06ead8fc0a40,Drake Baldwin,1e5f1f08-e9ec-57db-b15f-c1ec8d14d85e,C,False,True,Atlanta Braves,Athletics,home,1,1,0,0,4,2,1,0,0,1,4,7,3,,,,,,,,,,,,
2026-04-01,c32a5018-721f-5ea7-a24c-06ead8fc0a40,Chris Sale,244f9d1d-499e-5795-a396-ac19bbad7805,P,True,True,Atlanta Braves,Athletics,home,,,,,,,,,,,,,,6,18,3,0,1,1,1,,79,1,0.16666666666666666,4.5
2026-04-01,c32a5018-721f-5ea7-a24c-06ead8fc0a40,Matt Olson,fa607d2a-7f47-5352-8330-cb074e809054,1B,False,True,Atlanta Braves,Athletics,home,1,0,0,0,4,1,0,2,0,0,1,2,1,,,,,,,,,,,,
2026-04-01,c32a5018-721f-5ea7-a24c-06ead8fc0a40,Dominic Smith,a71b9e93-42ca-5a21-9c07-6aa70b6b9bae,DH,False,False,Atlanta Braves,Athletics,home,2,0,0,0,4,2,0,2,0,2,0,4,2,,,,,,,,,,,,
2026-04-01,c32a5018-721f-5ea7-a24c-06ead8fc0a40,Ronald Acuña Jr.,bf408b79-82a4-5a4a-bb2f-6bdbef2af3cc,RF,False,True,Atlanta Braves,Athletics,home,0,0,0,0,4,0,2,0,0,0,0,0,0,,,,,,,,,,,,
2026-04-01,c32a5018-721f-5ea7-a24c-06ead8fc0a40,Ozzie Albies,360c17ce-8588-52bd-b86a-6621a43f1bac,2B,False,True,Atlanta Braves,Athletics,home,0,0,0,0,4,0,1,1,0,1,0,1,0,,,,,,,,,,,,
2026-04-01,c32a5018-721f-5ea7-a24c-06ead8fc0a40,Raisel Iglesias,9ce53798-a3c9-5d3d-ace5-e7568226d255,P,True,False,Atlanta Braves,Athletics,home,,,,,,,,,,,,,,1,3,1,0,1,0,0,,17,0,0.3333333333333333,9.0
2026-04-01,c32a5018-721f-5ea7-a24c-06ead8fc0a40,Austin Riley,3ae0fd65-efd0-5a3b-872b-7150b0c699aa,3B,False,True,Atlanta Braves,Athletics,home,1,0,0,0,4,1,1,1,0,0,0,1,1,,,,,,,,,,,,
2026-04-01,c32a5018-721f-5ea7-a24c-06ead8fc0a40,Mike Yastrzemski,1a244f8f-82ee-555a-b1af-aa44b0f2ff31,LF,False,True,Atlanta Braves,Athletics,home,0,0,0,0,4,0,0,2,0,0,0,0,0,,,,,,,,,,,,
2026-04-01,c32a5018-721f-5ea7-a24c-06ead8fc0a40,Lawrence Butler,84b3c88a-5eef-5848-9e2c-a9f0eabd6386,PH,False,False,Athletics,Atlanta Braves,away,0,0,0,0,1,0,0,0,0,0,0,0,0,,,,,,,,,,,,
2026-04-01,c32a5018-721f-5ea7-a24c-06ead8fc0a40,Luis Severino,f3e77bdd-d33f-5f7c-86fc-83501e27e5a5,P,True,True,Athletics,Atlanta Braves,away,,,,,,,,,,,,,,3.1,10,7,5,4,0,4,,91,4,0.7,18.9
2026-04-01,c32a5018-721f-5ea7-a24c-06ead8fc0a40,Brent Rooker,9d82601b-b14e-5a63-a224-362d63a93501,RF,False,True,Athletics,Atlanta Braves,away,0,0,0,0,3,0,0,1,0,0,0,0,0,,,,,,,,,,,,
2026-04-01,c32a5018-721f-5ea7-a24c-06ead8fc0a40,Jeff McNeil,3ef9318f-5a03-5a7f-8df9-f326e49cfb1e,1B,False,False,Athletics,Atlanta Braves,away,0,0,0,0,2,0,0,2,0,0,0,0,0,,,,,,,,,,,,
2026-04-01,c32a5018-721f-5ea7-a24c-06ead8fc0a40,Austin Wynns,550715f1-5f18-53e0-9794-23a5351cf404,C,False,True,Athletics,Atlanta Braves,away,1,0,0,0,3,1,0,0,0,0,0,1,1,,,,,,,,,,,,
2026-04-01,c32a5018-721f-5ea7-a24c-06ead8fc0a40,Max Muncy,499ef8b1-1d5e-5c2f-82bf-73bceec786a2,3B,False,True,Athletics,Atlanta Braves,away,0,0,0,0,3,0,0,2,0,0,0,0,0,,,,,,,,,,,,
2026-04-01,c32a5018-721f-5ea7-a24c-06ead8fc0a40,Denzel Clarke,55034696-f1db-58f8-9342-c21b5cfe6dc1,CF,False,True,Athletics,Atlanta Braves,away,0,0,0,0,2,0,0,0,0,0,0,0,0,,,,,,,,,,,,
2026-04-01,c32a5018-721f-5ea7-a24c-06ead8fc0a40,Tyler Soderstrom,1a12af09-5e6b-518c-9285-c9f3e9156573,LF,False,True,Athletics,Atlanta Braves,away,0,0,0,0,3,0,0,1,0,0,0,0,0,,,,,,,,,,,,
2026-04-01,c32a5018-721f-5ea7-a24c-06ead8fc0a40,Elvis Alvarado,ad6fc5eb-250b-51ca-8385-a9e11ebf07be,P,True,False,Athletics,Atlanta Braves,away,,,,,,,,,,,,,,0.2,2,0,0,2,0,1,,20,1,0.0,0.0
2026-04-01,c32a5018-721f-5ea7-a24c-06ead8fc0a40,Darell Hernaiz,5d2fcaf4-b36e-566e-b677-c7bd72404047,2B,False,True,Athletics,Atlanta Braves,away,0,0,0,0,3,0,0,0,0,0,0,0,0,,,,,,,,,,,,
2026-04-01,c32a5018-721f-5ea7-a24c-06ead8fc0a40,Hogan Harris,a9269342-dc5e-51d7-a959-d0c967ea3679,P,True,False,Athletics,Atlanta Braves,away,,,,,,,,,,,,,,2,6,2,0,0,0,0,,19,0,0.3333333333333333,9.0
2026-04-01,c32a5018-721f-5ea7-a24c-06ead8fc0a40,Luis Medina,39f49f33-26d1-5ef0-ad45-465b5699ade9,P,True,False,Athletics,Atlanta Braves,away,,,,,,,,,,,,,,2,6,1,0,1,0,0,,27,0,0.16666666666666666,4.5
2026-04-01,c32a5018-721f-5ea7-a24c-06ead8fc0a40,Shea Langeliers,3de34bb4-e20b-541b-ba54-b22612a81656,DH,False,False,Athletics,Atlanta Braves,away,1,0,0,1,4,2,0,0,0,1,1,4,5,,,,,,,,,,,,
2026-04-01,c32a5018-721f-5ea7-a24c-06ead8fc0a40,Andy Ibáñez,5f0fddfb-0e64-523a-84e5-5dc41735e837,1B,False,True,Athletics,Atlanta Braves,away,0,0,0,0,2,0,0,0,0,0,0,0,0,,,,,,,,,,,,
2026-04-01,c32a5018-721f-5ea7-a24c-06ead8fc0a40,Jacob Wilson,bbc991c4-1055-56ae-af55-57b957f437a3,SS,False,True,Athletics,Atlanta Braves,away,0,1,0,0,4,1,0,0,0,0,0,1,2,,,,,,,,,,,,
2026-04-01,c42be64b-7a90-556f-b143-f4de8c5ae7aa,Jeremiah Jackson,79a8c5e7-b511-5a4a-a093-00ac948ae519,2B,False,True,Baltimore Orioles,Texas Rangers,home,1,0,0,0,4,1,0,0,0,0,2,3,1,,,,,,,,,,,,
2026-04-01,c42be64b-7a90-556f-b143-f4de8c5ae7aa,Samuel Basallo,e2832358-42f4-5d2e-b14c-498693dbb679,C,False,True,Baltimore Orioles,Texas Rangers,home,1,0,0,1,5,2,0,1,0,1,1,4,5,,,,,,,,,,,,
2026-04-01,c42be64b-7a90-556f-b143-f4de8c5ae7aa,Trevor Rogers,260848e5-5162-5401-9b90-270af671dd36,P,True,True,Baltimore Orioles,Texas Rangers,home,,,,,,,,,,,,,,6,18,3,1,6,0,2,,91,2,0.16666666666666666,4.5
2026-04-01,c42be64b-7a90-556f-b143-f4de8c5ae7aa,Gunnar Henderson,8dd2ac6f-561c-5af1-b076-5e81f0f4e199,SS,False,True,Baltimore Orioles,Texas Rangers,home,0,0,0,0,5,0,1,1,0,0,0,0,0,,,,,,,,,,,,
2026-04-01,c42be64b-7a90-556f-b143-f4de8c5ae7aa,Leody Taveras,3ec5beae-5884-53b2-80db-f719fafea82c,CF,False,True,Baltimore Orioles,Texas Rangers,home,1,1,0,0,4,2,2,0,0,1,2,5,3,,,,,,,,,,,,
2026-04-01,c42be64b-7a90-556f-b143-f4de8c5ae7aa,Taylor Ward,ecd13d9a-09c8-5341-a9c1-42cd969b9bfd,DH,False,False,Baltimore Orioles,Texas Rangers,home,1,1,0,0,5,2,0,1,0,0,2,4,3,,,,,,,,,,,,
2026-04-01,c42be64b-7a90-556f-b143-f4de8c5ae7aa,Albert Suárez,aa0ab030-20d9-52c2-ba2d-30c17351f686,P,True,False,Baltimore Orioles,Texas Rangers,home,,,,,,,,,,,,,,3,9,2,1,2,1,1,,42,1,0.2222222222222222,6.0
2026-04-01,c42be64b-7a90-556f-b143-f4de8c5ae7aa,Dylan Beavers,6713c09d-171a-5996-8551-2d6cbdcc460f,LF,False,True,Baltimore Orioles,Texas Rangers,home,2,0,0,1,5,3,0,1,0,3,1,7,6,,,,,,,,,,,,
2026-04-01,c42be64b-7a90-556f-b143-f4de8c5ae7aa,Pete Alonso,a706e53c-3e74-5675-9f67-a2114ac0ab94,1B,False,True,Baltimore Orioles,Texas Rangers,home,1,0,0,0,5,1,1,0,0,1,0,2,1,,,,,,,,,,,,
2026-04-01,c42be64b-7a90-556f-b143-f4de8c5ae7aa,Colton Cowser,7c1a36d9-f8ba-5ebe-9fd2-58b788cc84b6,RF,False,True,Baltimore Orioles,Texas Rangers,home,1,0,0,0,4,1,1,0,0,1,0,2,1,,,,,,,,,,,,
2026-04-01,c42be64b-7a90-556f-b143-f4de8c5ae7aa,Coby Mayo,3fa3b427-6995-5a99-b9df-39c34bfe5217,3B,False,True,Baltimore Orioles,Texas Rangers,home,0,0,0,0,5,0,1,3,0,1,0,1,0,,,,,,,,,,,,
2026-04-01,c42be64b-7a90-556f-b143-f4de8c5ae7aa,Evan Carter,f35e83f3-06d6-5c07-b669-1e0cd310d86e,CF,False,False,Texas Rangers,Baltimore Orioles,away,0,0,0,0,2,0,0,1,0,0,0,0,0,,,,,,,,,,,,
2026-04-01,c42be64b-7a90-556f-b143-f4de8c5ae7aa,Wyatt Langford,882a170b-e284-5079-9ca4-351da4aad0f2,LF,False,True,Texas Rangers,Baltimore Orioles,away,0,0,0,0,4,0,0,1,0,0,0,0,0,,,,,,,,,,,,
2026-04-01,c42be64b-7a90-556f-b143-f4de8c5ae7aa,Jake Burger,405e9f4a-6c45-52e5-92ca-d856c0888e10,1B,False,True,Texas Rangers,Baltimore Orioles,away,0,0,0,0,4,0,0,1,0,0,0,0,0,,,,,,,,,,,,
2026-04-01,c42be64b-7a90-556f-b143-f4de8c5ae7aa,Tyler Alexander,aa46bcb4-ff17-53b7-ae2b-4a1721bcd92b,P,True,False,Texas Rangers,Baltimore Orioles,away,,,,,,,,,,,,,,1,3,0,2,2,0,1,,25,1,0.0,0.0
2026-04-01,c42be64b-7a90-556f-b143-f4de8c5ae7aa,Jacob Latz,f9230adb-f4e9-5750-b5b4-7e0777a7cf39,P,True,False,Texas Rangers,Baltimore Orioles,away,,,,,,,,,,,,,,1,3,0,0,0,0,0,,14,0,0.0,0.0
2026-04-01,c42be64b-7a90-556f-b143-f4de8c5ae7aa,Corey Seager,0a8aa1ff-7f96-5ea3-91c5-f80c15eed600,SS,False,True,Texas Rangers,Baltimore Orioles,away,0,0,0,1,4,1,0,0,0,1,1,3,4,,,,,,,,,,,,
2026-04-01,c42be64b-7a90-556f-b143-f4de8c5ae7aa,Josh Jung,c0339e5b-fadd-5807-97d2-084bf40ec3f0,3B,False,True,Texas Rangers,Baltimore Orioles,away,2,0,0,0,4,2,0,0,0,0,1,3,2,,,,,,,,,,,,
2026-04-01,c42be64b-7a90-556f-b143-f4de8c5ae7aa,Andrew McCutchen,22ae9ba7-a153-55b1-9737-6b114127a2a3,RF,False,True,Texas Rangers,Baltimore Orioles,away,1,0,0,0,4,1,1,1,0,1,0,2,1,,,,,,,,,,,,
2026-04-01,c42be64b-7a90-556f-b143-f4de8c5ae7aa,Ezequiel Duran,3e6051c8-4c13-582e-ad57-c600a7c2174b,2B,False,True,Texas Rangers,Baltimore Orioles,away,1,0,0,0,2,1,0,0,0,0,1,2,1,,,,,,,,,,,,
2026-04-01,c42be64b-7a90-556f-b143-f4de8c5ae7aa,Brandon Nimmo,8954e7a7-4f31-5f8f-9888-a809b7b43d88,DH,False,False,Texas Rangers,Baltimore Orioles,away,0,1,0,0,4,1,1,1,0,0,0,1,2,,,,,,,,,,,,
2026-04-01,c42be64b-7a90-556f-b143-f4de8c5ae7aa,Josh Smith,b7d79367-f94a-515d-b182-46692bc3d8c5,2B,False,False,Texas Rangers,Baltimore Orioles,away,0,0,0,0,2,0,0,0,0,0,0,0,0,,,,,,,,,,,,
2026-04-01,c42be64b-7a90-556f-b143-f4de8c5ae7aa,Sam Haggerty,93c872f8-31f7-553c-8c85-82ababe848a2,LF,False,True,Texas Rangers,Baltimore Orioles,away,1,0,0,0,2,1,0,0,0,0,0,1,1,,,,,,,,,,,,
2026-04-01,c42be64b-7a90-556f-b143-f4de8c5ae7aa,Danny Jansen,40547d59-1eb3-5e24-9ee7-9609f66e218a,C,False,True,Texas Rangers,Baltimore Orioles,away,1,0,0,0,4,1,0,0,0,1,0,2,1,,,,,,,,,,,,
2026-04-01,c42be64b-7a90-556f-b143-f4de8c5ae7aa,Nathan Eovaldi,60d39418-0db3-5830-b7b6-0728ca0cc06c,P,True,True,Texas Rangers,Baltimore Orioles,away,,,,,,,,,,,,,,4,12,5,3,8,1,6,,88,6,0.4166666666666667,11.25
2026-04-01,c42be64b-7a90-556f-b143-f4de8c5ae7aa,Carter Baumler,ed63b150-d1bd-5660-9d12-bec1f723e014,P,True,False,Texas Rangers,Baltimore Orioles,away,,,,,,,,,,,,,,2,6,2,1,2,1,1,,36,1,0.3333333333333333,9.0
2026-04-01,d18ed2bc-53e7-5a9e-93d4-c1beb83df62f,Elly De La Cruz,7fd536ef-9553-5c83-9d6b-4584793b4a26,SS,False,True,Cincinnati Reds,Pittsburgh Pirates,home,1,0,0,0,4,1,0,1,0,1,0,2,1,,,,,,,,,,,,
2026-04-01,d18ed2bc-53e7-5a9e-93d4-c1beb83df62f,Dane Myers,4afd868e-eb1d-5af8-bff0-99ce9b1bf670,CF,False,False,Cincinnati Reds,Pittsburgh Pirates,home,1,0,0,0,2,1,0,0,0,0,0,1,1,,,,,,,,,,,,
2026-04-01,d18ed2bc-53e7-5a9e-93d4-c1beb83df62f,Sal Stewart,87ada644-a3be-5013-bfc9-a696f4bfb4ee,1B,False,True,Cincinnati Reds,Pittsburgh Pirates,home,0,0,0,0,4,0,1,0,0,1,0,1,0,,,,,,,,,,,,
2026-04-01,d18ed2bc-53e7-5a9e-93d4-c1beb83df62f,Emilio Pagán,0a6a074b-e2af-563b-b13e-42cc1819afec,P,True,False,Cincinnati Reds,Pittsburgh Pirates,home,,,,,,,,,,,,,,1,3,2,0,3,1,4,,33,4,0.6666666666666666,18.0
2026-04-01,d18ed2bc-53e7-5a9e-93d4-c1beb83df62f,Tony Santillan,25ef2f7a-b7fa-5b8e-a059-f3fa3b9d4117,P,True,False,Cincinnati Reds,Pittsburgh Pirates,home,,,,,,,,,,,,,,1,3,1,0,0,0,0,,11,0,0.3333333333333333,9.0
2026-04-01,d18ed2bc-53e7-5a9e-93d4-c1beb83df62f,Nathaniel Lowe,4bc7650f-1ad3-5a2c-a3b7-6a07ed97b9f7,DH,False,False,Cincinnati Reds,Pittsburgh Pirates,home,0,1,0,0,2,1,0,0,0,0,1,2,2,,,,,,,,,,,,
2026-04-01,d18ed2bc-53e7-5a9e-93d4-c1beb83df62f,Matt McLain,f7624c99-f5cf-56e9-8b5d-cdc4402e8af7,2B,False,True,Cincinnati Reds,Pittsburgh Pirates,home,0,0,0,0,4,0,0,3,0,0,0,0,0,,,,,,,,,,,,
2026-04-01,d18ed2bc-53e7-5a9e-93d4-c1beb83df62f,Ke'Bryan Hayes,5ac4617a-322b-54c3-97a6-21a85177db00,3B,False,True,Cincinnati Reds,Pittsburgh Pirates,home,0,0,0,0,3,0,0,0,0,0,0,0,0,,,,,,,,,,,,
2026-04-01,d18ed2bc-53e7-5a9e-93d4-c1beb83df62f,Will Benson,3af6fc09-0d15-5805-832b-1e331a51fd8f,RF,False,True,Cincinnati Reds,Pittsburgh Pirates,home,0,0,0,0,2,0,0,0,0,0,0,0,0,,,,,,,,,,,,
2026-04-01,d18ed2bc-53e7-5a9e-93d4-c1beb83df62f,TJ Friedl,0a711a2b-282c-5649-94b9-8b048f484f0b,LF,False,True,Cincinnati Reds,Pittsburgh Pirates,home,0,0,0,0,4,0,2,0,0,0,0,0,0,,,,,,,,,,,,
2026-04-01,d18ed2bc-53e7-5a9e-93d4-c1beb83df62f,Spencer Steer,2e1a3d24-542e-5cd2-b6ac-11416bb79c96,RF,False,True,Cincinnati Reds,Pittsburgh Pirates,home,0,0,0,0,4,0,0,3,0,0,0,0,0,,,,,,,,,,,,
2026-04-01,d18ed2bc-53e7-5a9e-93d4-c1beb83df62f,Connor Phillips,329f0ee2-9252-5cba-b8d8-9be8c0af3d16,P,True,False,Cincinnati Reds,Pittsburgh Pirates,home,,,,,,,,,,,,,,0.1,1,0,2,0,0,0,,13,0,0.0,0.0
2026-04-01,d18ed2bc-53e7-5a9e-93d4-c1beb83df62f,Graham Ashcraft,ae98a0ca-c804-56c2-9e38-be2f024c449c,P,True,False,Cincinnati Reds,Pittsburgh Pirates,home,,,,,,,,,,,,,,1,3,2,0,1,0,0,,21,0,0.6666666666666666,18.0
2026-04-01,d18ed2bc-53e7-5a9e-93d4-c1beb83df62f,Tyler Stephenson,84ffb64d-831d-5b54-bb2d-dbc37cb5cb5c,C,False,True,Cincinnati Reds,Pittsburgh Pirates,home,1,0,0,0,4,1,0,1,0,0,0,1,1,,,,,,,,,,,,
2026-04-01,d18ed2bc-53e7-5a9e-93d4-c1beb83df62f,Eugenio Suárez,09da9ec7-2b7c-5ea9-b2f8-9cdd0fdb7f8b,DH,False,False,Cincinnati Reds,Pittsburgh Pirates,home,0,0,0,1,2,1,0,1,0,1,2,4,4,,,,,,,,,,,,
2026-04-01,d18ed2bc-53e7-5a9e-93d4-c1beb83df62f,Andrew Abbott,73c409b5-2bee-5db0-81a3-47111c3524d8,P,True,True,Cincinnati Reds,Pittsburgh Pirates,home,,,,,,,,,,,,,,5.2,17,5,3,5,1,4,,88,4,0.29411764705882354,7.941176470588235
2026-04-01,d18ed2bc-53e7-5a9e-93d4-c1beb83df62f,Paul Skenes,f3321636-a860-5fa2-9744-03cf78378efd,P,True,True,Pittsburgh Pirates,Cincinnati Reds,away,,,,,,,,,,,,,,5,15,5,2,3,0,1,,77,1,0.3333333333333333,9.0
2026-04-01,d18ed2bc-53e7-5a9e-93d4-c1beb83df62f,Nick Yorke,1ec28c26-6eac-5cd2-a2ff-00200609c539,3B,False,True,Pittsburgh Pirates,Cincinnati Reds,away,1,0,0,0,4,1,2,0,0,0,0,1,1,,,,,,,,,,,,
2026-04-01,d18ed2bc-53e7-5a9e-93d4-c1beb83df62f,Spencer Horwitz,d94f34aa-a84a-53a8-b552-cc31e58a6ff4,1B,False,True,Pittsburgh Pirates,Cincinnati Reds,away,1,0,0,0,4,1,1,2,0,1,1,3,1,,,,,,,,,,,,
2026-04-01,d18ed2bc-53e7-5a9e-93d4-c1beb83df62f,Bryan Reynolds,141b2899-de5b-5dc9-b9f4-e519b8211bb2,LF,False,True,Pittsburgh Pirates,Cincinnati Reds,away,1,0,0,1,5,2,0,1,0,2,2,6,5,,,,,,,,,,,,
2026-04-01,d18ed2bc-53e7-5a9e-93d4-c1beb83df62f,Oneil Cruz,508aae39-e756-5c0b-aceb-61dcb5848fe3,CF,False,True,Pittsburgh Pirates,Cincinnati Reds,away,1,0,0,1,5,2,0,1,0,2,3,7,5,,,,,,,,,,,,
2026-04-01,d18ed2bc-53e7-5a9e-93d4-c1beb83df62f,Gregory Soto,b138fbb2-8c7e-57d8-8888-1b12c05f2f78,P,True,False,Pittsburgh Pirates,Cincinnati Reds,away,,,,,,,,,,,,,,1,3,2,0,0,0,0,,13,0,0.6666666666666666,18.0
2026-04-01,d18ed2bc-53e7-5a9e-93d4-c1beb83df62f,Mason Montgomery,bf255648-f3aa-5cc8-887d-d43df9b2d453,P,True,False,Pittsburgh Pirates,Cincinnati Reds,away,,,,,,,,,,,,,,0.2,2,1,1,1,1,2,,15,2,0.5,13.5
2026-04-01,d18ed2bc-53e7-5a9e-93d4-c1beb83df62f,Jared Triolo,b3830745-d362-5cb9-9a24-395ac01a9fa6,SS,False,True,Pittsburgh Pirates,Cincinnati Reds,away,1,0,0,0,4,1,1,1,0,0,0,1,1,,,,,,,,,,,,
2026-04-01,d18ed2bc-53e7-5a9e-93d4-c1beb83df62f,Jake Mangum,28a2c33a-c9b3-5e75-a2ba-70873536bb5e,RF,False,True,Pittsburgh Pirates,Cincinnati Reds,away,0,0,0,0,5,0,0,2,0,0,0,0,0,,,,,,,,,,,,
2026-04-01,d18ed2bc-53e7-5a9e-93d4-c1beb83df62f,Isaac Mattson,8e8ee4ae-fa01-5f8d-a428-70b224343805,P,True,False,Pittsburgh Pirates,Cincinnati Reds,away,,,,,,,,,,,,,,1.1,4,0,0,1,0,0,,22,0,0.0,0.0
2026-04-01,d18ed2bc-53e7-5a9e-93d4-c1beb83df62f,Henry Davis,0f944710-fb93-58f9-bdbf-2ecc18548deb,C,False,True,Pittsburgh Pirates,Cincinnati Reds,away,0,0,0,0,4,0,0,1,0,1,0,1,0,,,,,,,,,,,,
2026-04-01,d18ed2bc-53e7-5a9e-93d4-c1beb83df62f,Justin Lawrence,ea05ee5a-4383-5989-ae85-5a30169627c9,P,True,False,Pittsburgh Pirates,Cincinnati Reds,away,,,,,,,,,,,,,,1,3,1,0,0,0,0,,12,0,0.3333333333333333,9.0
2026-04-01,d18ed2bc-53e7-5a9e-93d4-c1beb83df62f,Nick Gonzales,874ea46d-0569-5ecc-85e6-b448bfe30555,2B,False,True,Pittsburgh Pirates,Cincinnati Reds,away,1,1,0,0,5,2,0,1,0,1,2,5,3,,,,,,,,,,,,
2026-04-01,d18ed2bc-53e7-5a9e-93d4-c1beb83df62f,Marcell Ozuna,bef29d2e-a08c-5c3f-8b74-f3c204725a37,DH,False,False,Pittsburgh Pirates,Cincinnati Reds,away,0,0,0,0,5,0,1,1,0,1,0,1,0,,,,,,,,,,,,
2026-04-01,242dc55b-a9dd-5e78-b108-2190b3760251,Brandon Marsh,428a913a-6990-5ebc-a53f-fe331b036c25,LF,False,True,Philadelphia Phillies,Washington Nationals,home,1,0,0,0,5,1,0,0,0,1,0,2,1,,,,,,,,,,,,
2026-04-01,242dc55b-a9dd-5e78-b108-2190b3760251,José Alvarado,d1837532-3287-57d6-8c2e-0d4e7348acef,P,True,False,Philadelphia Phillies,Washington Nationals,home,,,,,,,,,,,,,,1,3,0,0,1,0,0,,8,0,0.0,0.0
2026-04-01,242dc55b-a9dd-5e78-b108-2190b3760251,Justin Crawford,656815ea-b9fd-59e0-8461-3bdf7f7e3131,CF,False,True,Philadelphia Phillies,Washington Nationals,home,2,1,0,0,5,3,0,1,0,0,1,4,4,,,,,,,,,,,,
2026-04-01,242dc55b-a9dd-5e78-b108-2190b3760251,Cristopher Sánchez,a7504add-9ed5-5359-9bac-3c3e12272909,P,True,True,Philadelphia Phillies,Washington Nationals,home,,,,,,,,,,,,,,5.1,16,7,4,4,0,1,,97,1,0.4375,11.8125
2026-04-01,242dc55b-a9dd-5e78-b108-2190b3760251,Bryce Harper,c9b6441c-da6d-5f6d-bb63-857c121017fa,1B,False,True,Philadelphia Phillies,Washington Nationals,home,0,0,0,1,5,1,0,1,0,1,1,3,4,,,,,,,,,,,,
2026-04-01,242dc55b-a9dd-5e78-b108-2190b3760251,J.T. Realmuto,0d9765bd-d345-5aaf-b9ad-1a15792ac037,C,False,True,Philadelphia Phillies,Washington Nationals,home,1,0,0,1,5,2,1,0,0,1,1,4,5,,,,,,,,,,,,
2026-04-01,242dc55b-a9dd-5e78-b108-2190b3760251,Jhoan Duran,cbc3e25d-643b-56fc-9abf-1dbb02b584f3,P,True,False,Philadelphia Phillies,Washington Nationals,home,,,,,,,,,,,,,,1,3,1,0,0,0,0,,6,0,0.3333333333333333,9.0
2026-04-01,242dc55b-a9dd-5e78-b108-2190b3760251,Edmundo Sosa,4fbe024f-4d5b-5042-8ca2-06f8ecd6d580,2B,False,False,Philadelphia Phillies,Washington Nationals,home,1,0,0,0,2,1,0,0,0,0,2,3,1,,,,,,,,,,,,
2026-04-01,242dc55b-a9dd-5e78-b108-2190b3760251,Alec Bohm,9bbc34c0-5769-5c7f-8cf4-607f25730d26,3B,False,True,Philadelphia Phillies,Washington Nationals,home,0,0,0,0,5,0,1,0,0,0,0,0,0,,,,,,,,,,,,
2026-04-01,242dc55b-a9dd-5e78-b108-2190b3760251,Jonathan Bowlan,1cdb12e1-607f-5f88-a956-1e42c389d1a3,P,True,False,Philadelphia Phillies,Washington Nationals,home,,,,,,,,,,,,,,0.2,2,1,0,2,0,1,,17,1,0.5,13.5
2026-04-01,242dc55b-a9dd-5e78-b108-2190b3760251,Bryson Stott,c063d114-6426-54da-a28d-bd4eb1d1d948,2B,False,True,Philadelphia Phillies,Washington Nationals,home,0,0,0,0,3,0,0,1,0,0,0,0,0,,,,,,,,,,,,
2026-04-01,242dc55b-a9dd-5e78-b108-2190b3760251,Kyle Schwarber,a60a2cbf-f012-56e9-acc4-184d76ff8219,DH,False,False,Philadelphia Phillies,Washington Nationals,home,0,1,0,0,5,1,1,1,0,0,1,2,2,,,,,,,,,,,,
2026-04-01,242dc55b-a9dd-5e78-b108-2190b3760251,Zach Pop,70072dca-1ce1-564d-ac94-30a6d1fcddc5,P,True,False,Philadelphia Phillies,Washington Nationals,home,,,,,,,,,,,,,,1,3,1,0,0,0,0,,12,0,0.3333333333333333,9.0
2026-04-01,242dc55b-a9dd-5e78-b108-2190b3760251,Dylan Moore,91fc5f77-4de9-51ed-8457-5e5afbe85510,DH,False,False,Philadelphia Phillies,Washington Nationals,home,0,0,0,0,0,0,0,0,0,1,0,1,0,,,,,,,,,,,,
2026-04-01,242dc55b-a9dd-5e78-b108-2190b3760251,Adolis García,2c62b85f-73e6-5aff-af94-15901f508fb2,RF,False,True,Philadelphia Phillies,Washington Nationals,home,2,0,0,0,5,2,1,0,0,0,0,2,2,,,,,,,,,,,,
2026-04-01,242dc55b-a9dd-5e78-b108-2190b3760251,Brad Keller,556c1f52-1350-5ae7-89a6-adac23bc8293,P,True,False,Philadelphia Phillies,Washington Nationals,home,,,,,,,,,,,,,,1,3,1,0,3,1,3,,22,3,0.3333333333333333,9.0
2026-04-01,242dc55b-a9dd-5e78-b108-2190b3760251,Trea Turner,f38b6d42-2ac2-5480-adbc-729df0f14126,SS,False,True,Philadelphia Phillies,Washington Nationals,home,1,0,0,0,5,1,1,0,1,2,0,3,1,,,,,,,,,,,,
2026-04-01,242dc55b-a9dd-5e78-b108-2190b3760251,Brady House,9feee2d5-f011-5be3-91f0-b7e2597e0107,3B,False,True,Washington Nationals,Philadelphia Phillies,away,1,1,0,0,5,2,1,0,0,0,0,2,3,,,,,,,,,,,,
2026-04-01,242dc55b-a9dd-5e78-b108-2190b3760251,CJ Abrams,41388dc3-6936-557e-b1ee-d12bd42cb0ef,SS,False,True,Washington Nationals,Philadelphia Phillies,away,0,0,0,1,5,1,1,1,0,1,3,5,4,,,,,,,,,,,,
2026-04-01,242dc55b-a9dd-5e78-b108-2190b3760251,Nasim Nuñez,30523871-5578-5f5a-850f-d3e42eaec507,2B,False,True,Washington Nationals,Philadelphia Phillies,away,0,0,0,0,4,0,0,2,0,0,0,0,0,,,,,,,,,,,,
2026-04-01,242dc55b-a9dd-5e78-b108-2190b3760251,Andre Granillo,6b2d9df2-91e3-53c5-94f2-5c984afe5372,P,True,False,Washington Nationals,Philadelphia Phillies,away,,,,,,,,,,,,,,0.2,2,1,0,1,1,1,,11,1,0.5,13.5
2026-04-01,242dc55b-a9dd-5e78-b108-2190b3760251,Drew Millas,4ed01cdc-a11e-5925-ae16-e8eef2ecabea,C,False,True,Washington Nationals,Philadelphia Phillies,away,1,0,0,0,4,1,0,2,0,0,1,2,1,,,,,,,,,,,,
2026-04-01,242dc55b-a9dd-5e78-b108-2190b3760251,Joey Wiemer,25dc5f48-c6df-51d8-9751-71b23bc9ae81,RF,False,True,Washington Nationals,Philadelphia Phillies,away,2,0,0,0,5,2,1,2,0,2,0,4,2,,,,,,,,,,,,
2026-04-01,242dc55b-a9dd-5e78-b108-2190b3760251,PJ Poulin,2aa6d4e2-dd19-565e-bf81-e69997422391,P,True,False,Washington Nationals,Philadelphia Phillies,away,,,,,,,,,,,,,,0.1,1,0,2,0,0,1,,15,1,0.0,0.0
2026-04-01,242dc55b-a9dd-5e78-b108-2190b3760251,Clayton Beeter,168cbdf2-0cbc-523b-b71b-7d1cbd6ca75f,P,True,False,Washington Nationals,Philadelphia Phillies,away,,,,,,,,,,,,,,1,3,0,0,1,0,1,,16,1,0.0,0.0
2026-04-01,242dc55b-a9dd-5e78-b108-2190b3760251,Cole Henry,68434c49-54d6-5fc8-9d57-d1431b1ae69c,P,True,False,Washington Nationals,Philadelphia Phillies,away,,,,,,,,,,,,,,0.1,1,0,1,3,0,0,,15,1,0.0,0.0
2026-04-01,242dc55b-a9dd-5e78-b108-2190b3760251,Curtis Mead,de63b36a-f5df-5a64-8245-6fab9e96c9d5,1B,False,True,Washington Nationals,Philadelphia Phillies,away,0,0,0,0,3,0,0,0,0,0,0,0,0,,,,,,,,,,,,
2026-04-01,242dc55b-a9dd-5e78-b108-2190b3760251,Daylen Lile,3b2cb564-a3bb-5ec4-8464-227b212049f9,DH,False,False,Washington Nationals,Philadelphia Phillies,away,2,0,0,0,5,2,0,1,0,1,0,3,2,,,,,,,,,,,,
2026-04-01,242dc55b-a9dd-5e78-b108-2190b3760251,Cionel Pérez,d2691e4c-4847-5ed0-8a86-e5bb2072e5be,P,True,False,Washington Nationals,Philadelphia Phillies,away,,,,,,,,,,,,,,0.2,2,0,0,2,1,1,,21,1,0.0,0.0
2026-04-01,242dc55b-a9dd-5e78-b108-2190b3760251,James Wood,3089b190-81f6-5e6c-ba91-a8d4cdf0be3a,LF,False,True,Washington Nationals,Philadelphia Phillies,away,0,0,0,0,5,0,0,1,0,0,0,0,0,,,,,,,,,,,,
2026-04-01,242dc55b-a9dd-5e78-b108-2190b3760251,Cade Cavalli,802d91c6-b4e2-5c8d-90dd-d67f67a4445d,P,True,True,Washington Nationals,Philadelphia Phillies,away,,,,,,,,,,,,,,6,18,3,2,5,0,1,,84,1,0.16666666666666666,4.5
2026-04-01,242dc55b-a9dd-5e78-b108-2190b3760251,Jacob Young,d263f19b-c5d6-523a-bc57-bce7884eb99a,CF,False,True,Washington Nationals,Philadelphia Phillies,away,1,0,0,0,4,1,1,1,1,1,0,2,1,,,,,,,,,,,,
2026-04-01,242dc55b-a9dd-5e78-b108-2190b3760251,Luis García Jr.,a615adb8-655d-531d-a63e-5a267e66845b,1B,False,False,Washington Nationals,Philadelphia Phillies,away,1,0,0,0,2,1,0,1,0,0,0,1,1,,,,,,,,,,,,
2026-04-01,9d2e65e8-ca33-5df4-be46-114253b22fe6,Tommy Nance,e74d4474-8c98-5fef-8972-71eef86e19f6,P,True,False,Toronto Blue Jays,Colorado Rockies,home,,,,,,,,,,,,,,0.1,1,1,2,1,0,1,,16,1,1.0,27.0
2026-04-01,9d2e65e8-ca33-5df4-be46-114253b22fe6,Brendon Little,c8e0f7f5-bee7-54d5-95e8-690e3210fa3f,P,True,False,Toronto Blue Jays,Colorado Rockies,home,,,,,,,,,,,,,,1,3,1,1,1,0,0,,10,1,0.3333333333333333,9.0
2026-04-01,9d2e65e8-ca33-5df4-be46-114253b22fe6,Ernie Clement,988f69d3-1ea5-5410-b27c-6ff47e783156,2B,False,True,Toronto Blue Jays,Colorado Rockies,home,2,0,0,0,4,2,0,0,0,0,0,2,2,,,,,,,,,,,,
2026-04-01,9d2e65e8-ca33-5df4-be46-114253b22fe6,Daulton Varsho,c87cf210-4b8f-50d7-bfd9-fa6cf7616329,CF,False,False,Toronto Blue Jays,Colorado Rockies,home,0,0,0,0,0,0,0,0,0,0,0,0,0,,,,,,,,,,,,
2026-04-01,9d2e65e8-ca33-5df4-be46-114253b22fe6,Kevin Gausman,d7370b86-c09c-5d4c-a1f0-2ed401f4c682,P,True,True,Toronto Blue Jays,Colorado Rockies,home,,,,,,,,,,,,,,6,18,10,0,2,0,0,,89,0,0.5555555555555556,15.0
2026-04-01,9d2e65e8-ca33-5df4-be46-114253b22fe6,Andrés Giménez,0fa89082-0ded-58c2-8fab-9feb8319955a,SS,False,True,Toronto Blue Jays,Colorado Rockies,home,0,0,0,0,4,0,0,1,0,0,0,0,0,,,,,,,,,,,,
2026-04-01,9d2e65e8-ca33-5df4-be46-114253b22fe6,Jeff Hoffman,8a30ae2b-cedf-55fd-9f14-4f21591af7ee,P,True,False,Toronto Blue Jays,Colorado Rockies,home,,,,,,,,,,,,,,1,3,3,0,0,0,0,,16,0,1.0,27.0
2026-04-01,9d2e65e8-ca33-5df4-be46-114253b22fe6,Davis Schneider,eac368f3-49d7-52aa-8a4a-5ada98dd9f58,LF,False,True,Toronto Blue Jays,Colorado Rockies,home,1,0,0,0,3,1,0,1,0,0,1,2,1,,,,,,,,,,,,
2026-04-01,9d2e65e8-ca33-5df4-be46-114253b22fe6,Nathan Lukes,0f9ba003-89a6-5719-aa08-c6f05477a4e5,RF,False,False,Toronto Blue Jays,Colorado Rockies,home,0,0,0,0,2,0,0,0,0,0,0,0,0,,,,,,,,,,,,
2026-04-01,9d2e65e8-ca33-5df4-be46-114253b22fe6,Addison Barger,acbb27ca-7bd0-5f3b-8d74-1400045fb79c,RF,False,False,Toronto Blue Jays,Colorado Rockies,home,0,0,0,0,1,0,0,1,0,0,0,0,0,,,,,,,,,,,,
2026-04-01,9d2e65e8-ca33-5df4-be46-114253b22fe6,George Springer,b12c925d-b511-5331-a994-839ab4c086ad,DH,False,False,Toronto Blue Jays,Colorado Rockies,home,0,0,0,0,5,0,1,3,0,0,0,0,0,,,,,,,,,,,,
2026-04-01,9d2e65e8-ca33-5df4-be46-114253b22fe6,Mason Fluharty,355806ec-5636-5f28-a2f9-8f47f66f8c1b,P,True,False,Toronto Blue Jays,Colorado Rockies,home,,,,,,,,,,,,,,0.2,2,2,0,0,0,0,,9,0,1.0,27.0
2026-04-01,9d2e65e8-ca33-5df4-be46-114253b22fe6,Tyler Heineman,6685aac3-5a12-5745-963c-5c43af83f729,C,False,False,Toronto Blue Jays,Colorado Rockies,home,0,0,0,0,1,0,0,0,0,0,0,0,0,,,,,,,,,,,,
2026-04-01,9d2e65e8-ca33-5df4-be46-114253b22fe6,Tyler Rogers,c9270751-0889-57fe-8766-f58a19b2dbda,P,True,False,Toronto Blue Jays,Colorado Rockies,home,,,,,,,,,,,,,,1,3,0,0,2,0,0,,18,0,0.0,0.0
2026-04-01,9d2e65e8-ca33-5df4-be46-114253b22fe6,Vladimir Guerrero Jr.,c652a6fb-0803-556b-a03b-9fed12cedf9b,1B,False,True,Toronto Blue Jays,Colorado Rockies,home,0,0,0,0,5,0,0,0,0,0,0,0,0,,,,,,,,,,,,
2026-04-01,9d2e65e8-ca33-5df4-be46-114253b22fe6,Jesús Sánchez,62480674-d120-5cd2-bdd3-05c3cbecd240,LF,False,True,Toronto Blue Jays,Colorado Rockies,home,0,0,0,0,4,0,0,1,0,0,0,0,0,,,,,,,,,,,,
2026-04-01,9d2e65e8-ca33-5df4-be46-114253b22fe6,Myles Straw,51c4113b-ff8e-5728-b588-d6a0be2f776a,CF,False,True,Toronto Blue Jays,Colorado Rockies,home,2,0,0,0,2,2,0,0,0,1,0,3,2,,,,,,,,,,,,
2026-04-01,9d2e65e8-ca33-5df4-be46-114253b22fe6,Alejandro Kirk,8676c14f-6022-5f84-8f02-86c9aceff281,C,False,True,Toronto Blue Jays,Colorado Rockies,home,1,0,0,0,4,1,0,0,0,0,0,1,1,,,,,,,,,,,,
2026-04-01,9d2e65e8-ca33-5df4-be46-114253b22fe6,Kazuma Okamoto,d79d11dd-a762-5962-aed1-9e87c656e5fc,3B,False,True,Toronto Blue Jays,Colorado Rockies,home,1,0,0,0,4,1,0,2,0,0,0,1,1,,,,,,,,,,,,
2026-04-01,9d2e65e8-ca33-5df4-be46-114253b22fe6,Victor Vodnik,9d3b8237-01e9-52c9-8011-f6e13c5f548d,P,True,False,Colorado Rockies,Toronto Blue Jays,away,,,,,,,,,,,,,,1,3,0,0,1,0,0,,17,0,0.0,0.0
2026-04-01,9d2e65e8-ca33-5df4-be46-114253b22fe6,Jimmy Herget,af57bba4-faef-5755-b526-5734d3736690,P,True,False,Colorado Rockies,Toronto Blue Jays,away,,,,,,,,,,,,,,1,3,0,0,0,0,0,,16,0,0.0,0.0
2026-04-01,9d2e65e8-ca33-5df4-be46-114253b22fe6,Jake McCarthy,6997ae3d-a342-5d04-a267-91d371938d45,LF,False,False,Colorado Rockies,Toronto Blue Jays,away,0,0,0,0,0,0,0,0,1,1,0,1,0,,,,,,,,,,,,
2026-04-01,9d2e65e8-ca33-5df4-be46-114253b22fe6,Troy Johnston,09dd2789-8b43-5f74-a5fd-89e6f73d1d86,LF,False,True,Colorado Rockies,Toronto Blue Jays,away,1,1,0,0,5,2,0,1,1,0,1,3,3,,,,,,,,,,,,
2026-04-01,9d2e65e8-ca33-5df4-be46-114253b22fe6,Kyle Freeland,959b4f31-bf93-5a03-9fdb-dd6decc91a03,P,True,True,Colorado Rockies,Toronto Blue Jays,away,,,,,,,,,,,,,,5,15,6,1,5,0,1,,88,1,0.4,10.8
2026-04-01,9d2e65e8-ca33-5df4-be46-114253b22fe6,Willi Castro,1f049a5e-1a31-56fd-813c-95bc75d37525,3B,False,True,Colorado Rockies,Toronto Blue Jays,away,0,0,0,0,5,0,1,3,0,0,0,0,0,,,,,,,,,,,,
2026-04-01,9d2e65e8-ca33-5df4-be46-114253b22fe6,Brennan Bernardino,49be5cd4-ea2a-532b-b638-5b81dadbb065,P,True,False,Colorado Rockies,Toronto Blue Jays,away,,,,,,,,,,,,,,1,3,0,0,0,0,0,,11,0,0.0,0.0
2026-04-01,9d2e65e8-ca33-5df4-be46-114253b22fe6,Tyler Freeman,036c78c9-9b82-5ed4-b05d-c855e0b3ab5c,RF,False,False,Colorado Rockies,Toronto Blue Jays,away,1,0,0,0,1,1,0,0,0,0,1,2,1,,,,,,,,,,,,
2026-04-01,9d2e65e8-ca33-5df4-be46-114253b22fe6,Edouard Julien,acdd1046-d6e4-53f4-90bb-fde2916b38bf,1B,False,False,Colorado Rockies,Toronto Blue Jays,away,0,0,0,0,1,0,0,1,0,0,0,0,0,,,,,,,,,,,,
2026-04-01,9d2e65e8-ca33-5df4-be46-114253b22fe6,Ryan Ritter,a5ac4133-e9c5-51c2-8d69-e70b0625b1ed,2B,False,False,Colorado Rockies,Toronto Blue Jays,away,0,0,0,0,1,0,0,1,0,0,0,0,0,,,,,,,,,,,,
2026-04-01,9d2e65e8-ca33-5df4-be46-114253b22fe6,Hunter Goodman,6144567b-eae1-58fa-9b5d-d2351f51c9e5,DH,False,False,Colorado Rockies,Toronto Blue Jays,away,0,0,0,0,5,0,1,3,0,0,0,0,0,,,,,,,,,,,,
2026-04-01,9d2e65e8-ca33-5df4-be46-114253b22fe6,Jordan Beck,04d7ca3f-26de-5185-b982-e8a46a8c16e5,RF,False,True,Colorado Rockies,Toronto Blue Jays,away,0,0,0,0,3,0,0,2,0,0,0,0,0,,,,,,,,,,,,
2026-04-01,9d2e65e8-ca33-5df4-be46-114253b22fe6,Brett Sullivan,472c8c37-5a62-5577-b307-c676e02d7f52,C,False,True,Colorado Rockies,Toronto Blue Jays,away,1,0,0,0,4,1,0,2,0,0,0,1,1,,,,,,,,,,,,
2026-04-01,9d2e65e8-ca33-5df4-be46-114253b22fe6,Brenton Doyle,35509183-6eb7-5366-8a93-d9e7405d24ff,CF,False,True,Colorado Rockies,Toronto Blue Jays,away,0,0,0,0,4,0,0,2,0,1,0,1,0,,,,,,,,,,,,
2026-04-01,9d2e65e8-ca33-5df4-be46-114253b22fe6,Ezequiel Tovar,973d0ea7-2ba4-58b5-95ce-ce6704416d1a,SS,False,True,Colorado Rockies,Toronto Blue Jays,away,1,0,0,0,5,1,0,1,0,0,0,1,1,,,,,,,,,,,,
2026-04-01,9d2e65e8-ca33-5df4-be46-114253b22fe6,TJ Rumfield,8fbfa07a-ea2e-592e-9520-5bf531ada10d,1B,False,True,Colorado Rockies,Toronto Blue Jays,away,1,0,0,0,3,1,0,0,0,0,0,1,1,,,,,,,,,,,,
2026-04-01,9d2e65e8-ca33-5df4-be46-114253b22fe6,Antonio Senzatela,3c0fea39-b7d5-5f50-bc9d-95c9478ca493,P,True,False,Colorado Rockies,Toronto Blue Jays,away,,,,,,,,,,,,,,2,6,3,0,1,0,0,,26,0,0.5,13.5
2026-04-01,9d2e65e8-ca33-5df4-be46-114253b22fe6,Kyle Karros,5aeefc0d-9862-57c9-b58f-ab21c2ce4404,3B,False,True,Colorado Rockies,Toronto Blue Jays,away,0,0,0,0,3,0,1,1,0,0,0,0,0,,,,,,,,,,,,
2026-04-01,abecceff-956d-5a91-b30f-dec2adfe211d,Heriberto Hernández,4be49799-348b-535b-b44d-1a42d82eb903,LF,False,True,Miami Marlins,Chicago White Sox,home,1,0,0,0,4,1,1,1,0,1,0,2,1,,,,,,,,,,,,
2026-04-01,abecceff-956d-5a91-b30f-dec2adfe211d,Sandy Alcantara,ff45d73c-8c81-5f15-af71-8955fedab81a,P,True,True,Miami Marlins,Chicago White Sox,home,,,,,,,,,,,,,,9,27,7,0,3,0,0,,93,0,0.25925925925925924,7.0
2026-04-01,abecceff-956d-5a91-b30f-dec2adfe211d,Jakob Marsee,0af43782-4c0c-52a9-94e2-9d9a6da68ce7,CF,False,True,Miami Marlins,Chicago White Sox,home,0,0,0,0,5,0,2,1,0,1,0,1,0,,,,,,,,,,,,
2026-04-01,abecceff-956d-5a91-b30f-dec2adfe211d,Javier Sanoja,acccf65d-36f3-5f61-99bf-e798a2a4f76d,3B,False,True,Miami Marlins,Chicago White Sox,home,1,1,0,0,4,2,0,0,0,0,2,4,3,,,,,,,,,,,,
2026-04-01,abecceff-956d-5a91-b30f-dec2adfe211d,Xavier Edwards,c495c968-61ae-5861-89a0-df7170538ff7,2B,False,True,Miami Marlins,Chicago White Sox,home,1,0,0,0,3,1,0,1,0,1,0,2,1,,,,,,,,,,,,
2026-04-01,abecceff-956d-5a91-b30f-dec2adfe211d,Graham Pauley,606dcc64-c72e-5d4a-9d8c-d61117112980,1B,False,True,Miami Marlins,Chicago White Sox,home,0,2,0,0,4,2,0,0,0,1,0,3,4,,,,,,,,,,,,
2026-04-01,abecceff-956d-5a91-b30f-dec2adfe211d,Liam Hicks,0d5739d9-0891-5f5a-b4f5-07b6afa2f305,C,False,True,Miami Marlins,Chicago White Sox,home,2,0,0,1,5,3,0,0,0,2,4,9,6,,,,,,,,,,,,
2026-04-01,abecceff-956d-5a91-b30f-dec2adfe211d,Owen Caissie,6ae28905-0bc7-52c6-ba9c-af2410655745,RF,False,True,Miami Marlins,Chicago White Sox,home,1,0,0,0,5,1,0,2,0,0,2,3,1,,,,,,,,,,,,
2026-04-01,abecceff-956d-5a91-b30f-dec2adfe211d,Leo Jiménez,d883d559-2f58-547e-a01d-c1cd265c7486,2B,False,False,Miami Marlins,Chicago White Sox,home,0,0,0,0,2,0,0,0,0,0,0,0,0,,,,,,,,,,,,
2026-04-01,abecceff-956d-5a91-b30f-dec2adfe211d,Connor Norby,5ca1b2d6-2131-5835-989f-db6fc411a6b8,DH,False,False,Miami Marlins,Chicago White Sox,home,0,1,0,0,5,1,0,1,0,1,1,3,2,,,,,,,,,,,,
2026-04-01,abecceff-956d-5a91-b30f-dec2adfe211d,Otto Lopez,5fd2366a-e489-58b4-8ad3-0c6eaaff57c9,SS,False,True,Miami Marlins,Chicago White Sox,home,0,0,1,1,5,2,1,0,0,3,1,6,7,,,,,,,,,,,,
2026-04-01,abecceff-956d-5a91-b30f-dec2adfe211d,Lenyn Sosa,63526b54-bb98-5442-a5ec-b6f09cb03c58,1B,False,False,Chicago White Sox,Miami Marlins,away,0,0,0,0,1,0,0,0,0,0,0,0,0,,,,,,,,,,,,
2026-04-01,abecceff-956d-5a91-b30f-dec2adfe211d,Tristan Peters,574e45bf-8e75-5762-ba59-2684060d441c,CF,False,True,Chicago White Sox,Miami Marlins,away,1,0,0,0,3,1,0,0,0,0,0,1,1,,,,,,,,,,,,
2026-04-01,abecceff-956d-5a91-b30f-dec2adfe211d,Luisangel Acuña,02ae1abb-7737-5f3c-97fa-343ed56b2a95,SS,False,True,Chicago White Sox,Miami Marlins,away,1,0,0,0,3,1,0,0,0,0,0,1,1,,,,,,,,,,,,
2026-04-01,abecceff-956d-5a91-b30f-dec2adfe211d,Shane Smith,101cf790-ebec-5450-98e5-8708c7d748d9,P,True,True,Chicago White Sox,Miami Marlins,away,,,,,,,,,,,,,,3,9,1,2,8,1,7,,72,8,0.1111111111111111,3.0
2026-04-01,abecceff-956d-5a91-b30f-dec2adfe211d,Munetaka Murakami,5ef6bdd4-00f0-5b87-b02a-2ad78752c1aa,1B,False,True,Chicago White Sox,Miami Marlins,away,0,0,0,0,3,0,0,2,0,0,0,0,0,,,,,,,,,,,,
2026-04-01,abecceff-956d-5a91-b30f-dec2adfe211d,Chase Meidroth,b8e78229-a743-53a4-9be9-92e7b52d24ee,2B,False,True,Chicago White Sox,Miami Marlins,away,1,0,0,0,4,1,0,0,0,0,0,1,1,,,,,,,,,,,,
2026-04-01,abecceff-956d-5a91-b30f-dec2adfe211d,Colson Montgomery,e16341a7-cdfb-58eb-93e1-88a182b5acbb,3B,False,True,Chicago White Sox,Miami Marlins,away,0,0,0,0,4,0,0,1,0,0,0,0,0,,,,,,,,,,,,
2026-04-01,abecceff-956d-5a91-b30f-dec2adfe211d,Chris Murphy,c220eb80-5a39-5327-8378-60be42067d78,P,True,False,Chicago White Sox,Miami Marlins,away,,,,,,,,,,,,,,2,6,3,1,3,0,1,,39,1,0.5,13.5
2026-04-01,abecceff-956d-5a91-b30f-dec2adfe211d,Reese McGuire,d2eb512b-a5c2-5e72-9f5e-4afe623df4f6,C,False,True,Chicago White Sox,Miami Marlins,away,0,0,0,0,3,0,0,0,0,0,0,0,0,,,,,,,,,,,,
2026-04-01,abecceff-956d-5a91-b30f-dec2adfe211d,Andrew Benintendi,c40737a9-be3f-59a6-bd2b-9b112bd2d62c,LF,False,True,Chicago White Sox,Miami Marlins,away,0,0,0,0,4,0,0,2,0,0,0,0,0,,,,,,,,,,,,
2026-04-01,abecceff-956d-5a91-b30f-dec2adfe211d,Jordan Leasure,d51a1ac2-63d5-5405-b9fc-358ea7a4f4f2,P,True,False,Chicago White Sox,Miami Marlins,away,,,,,,,,,,,,,,1,3,1,0,1,1,1,,12,1,0.3333333333333333,9.0
2026-04-01,abecceff-956d-5a91-b30f-dec2adfe211d,Lucas Sims,d9fb38b4-b4d9-5508-a650-514549c080ca,P,True,False,Chicago White Sox,Miami Marlins,away,,,,,,,,,,,,,,2,6,1,1,1,0,0,,31,0,0.16666666666666666,4.5
2026-04-01,abecceff-956d-5a91-b30f-dec2adfe211d,Everson Pereira,737ee719-b640-52d5-8a87-e3ebc4690cd3,RF,False,True,Chicago White Sox,Miami Marlins,away,0,0,0,0,2,0,0,2,0,0,0,0,0,,,,,,,,,,,,
2026-04-01,abecceff-956d-5a91-b30f-dec2adfe211d,Derek Hill,4b2fe8d0-5868-548f-8cbb-605feabbba95,RF,False,False,Chicago White Sox,Miami Marlins,away,0,0,0,0,1,0,0,0,0,0,0,0,0,,,,,,,,,,,,
2026-04-01,abecceff-956d-5a91-b30f-dec2adfe211d,Miguel Vargas,62addef8-7bda-57cd-a2aa-6821f9ad6427,DH,False,False,Chicago White Sox,Miami Marlins,away,0,0,0,0,3,0,0,0,0,0,0,0,0,,,,,,,,,,,,
2026-04-01,5547dcd7-04c6-5ddc-9516-9ccde73798d4,Nolan Gorman,be501aad-9273-5dd4-a194-dcbebb3849ba,3B,False,True,St. Louis Cardinals,New York Mets,home,1,0,0,0,4,1,1,0,0,0,1,2,1,,,,,,,,,,,,
2026-04-01,5547dcd7-04c6-5ddc-9516-9ccde73798d4,Jordan Walker,e10767c9-8f24-56db-9597-f92e37c6514d,RF,False,False,St. Louis Cardinals,New York Mets,home,0,0,0,0,2,0,0,2,0,0,0,0,0,,,,,,,,,,,,
2026-04-01,5547dcd7-04c6-5ddc-9516-9ccde73798d4,Nathan Church,b5df23ff-260a-5bc9-b5d7-884ca21ef688,RF,False,True,St. Louis Cardinals,New York Mets,home,0,0,0,0,2,0,0,0,0,0,0,0,0,,,,,,,,,,,,
2026-04-01,5547dcd7-04c6-5ddc-9516-9ccde73798d4,Victor Scott II,4505d0dc-de10-56ef-ab3f-29ed1056473f,CF,False,True,St. Louis Cardinals,New York Mets,home,0,0,0,0,4,0,0,1,0,0,0,0,0,,,,,,,,,,,,
2026-04-01,5547dcd7-04c6-5ddc-9516-9ccde73798d4,Chris Roycroft,6a12d86f-76a9-555d-be29-7e1afe5d29ac,P,True,False,St. Louis Cardinals,New York Mets,home,,,,,,,,,,,,,,0.1,1,0,2,0,0,0,,11,0,0.0,0.0
2026-04-01,5547dcd7-04c6-5ddc-9516-9ccde73798d4,Gordon Graceffo,86095d7c-a67d-5287-922c-9951860ae0ce,P,True,False,St. Louis Cardinals,New York Mets,home,,,,,,,,,,,,,,0.2,2,0,0,0,0,0,,6,0,0.0,0.0
2026-04-01,5547dcd7-04c6-5ddc-9516-9ccde73798d4,JoJo Romero,e2a9f27c-148d-5202-bb6b-c34a5ba5ecee,P,True,False,St. Louis Cardinals,New York Mets,home,,,,,,,,,,,,,,1.1,4,1,0,0,0,0,,16,0,0.25,6.75
2026-04-01,5547dcd7-04c6-5ddc-9516-9ccde73798d4,JJ Wetherholt,c0507a84-2f5c-53c7-8260-93f2e7bc2162,2B,False,True,St. Louis Cardinals,New York Mets,home,1,0,0,0,5,1,0,2,0,2,0,3,1,,,,,,,,,,,,
2026-04-01,5547dcd7-04c6-5ddc-9516-9ccde73798d4,Justin Bruihl,133de3fb-6d64-5e4e-8774-81d2b394a7f0,P,True,False,St. Louis Cardinals,New York Mets,home,,,,,,,,,,,,,,1,3,0,1,0,0,0,,12,0,0.0,0.0
2026-04-01,5547dcd7-04c6-5ddc-9516-9ccde73798d4,Alec Burleson,68452ca8-6fdd-5413-a220-a1e5177c8deb,1B,False,True,St. Louis Cardinals,New York Mets,home,0,0,0,0,5,0,0,1,0,0,0,0,0,,,,,,,,,,,,
2026-04-01,5547dcd7-04c6-5ddc-9516-9ccde73798d4,Thomas Saggese,2799ba82-8b39-5d8b-b88f-ad038b5979a6,LF,False,True,St. Louis Cardinals,New York Mets,home,1,0,0,0,4,1,0,2,0,0,0,1,1,,,,,,,,,,,,
2026-04-01,5547dcd7-04c6-5ddc-9516-9ccde73798d4,Riley O'Brien,7d05e862-eaea-58b0-8549-ac099c30e7cd,P,True,False,St. Louis Cardinals,New York Mets,home,,,,,,,,,,,,,,1,3,2,0,1,0,0,,16,0,0.6666666666666666,18.0
2026-04-01,5547dcd7-04c6-5ddc-9516-9ccde73798d4,Matthew Liberatore,29934490-8067-543d-be06-ad5bb8ed0024,P,True,True,St. Louis Cardinals,New York Mets,home,,,,,,,,,,,,,,6,18,2,1,3,1,1,,76,1,0.1111111111111111,3.0
2026-04-01,5547dcd7-04c6-5ddc-9516-9ccde73798d4,Pedro Pagés,719006eb-d990-515a-9cb3-2a4186659958,C,False,True,St. Louis Cardinals,New York Mets,home,0,0,0,0,4,0,0,3,0,0,0,0,0,,,,,,,,,,,,
2026-04-01,5547dcd7-04c6-5ddc-9516-9ccde73798d4,Ryne Stanek,8e7700b0-aad6-5c4a-90df-68e5c18db9a8,P,True,False,St. Louis Cardinals,New York Mets,home,,,,,,,,,,,,,,0.2,2,1,0,1,0,0,,16,0,0.5,13.5
2026-04-01,5547dcd7-04c6-5ddc-9516-9ccde73798d4,Masyn Winn,ddea3cbf-3275-5d72-a43d-5899f5fa2390,SS,False,True,St. Louis Cardinals,New York Mets,home,1,0,0,0,5,1,1,1,1,0,1,2,1,,,,,,,,,,,,
2026-04-01,5547dcd7-04c6-5ddc-9516-9ccde73798d4,Iván Herrera,2b86e80e-433d-54c4-a2c1-a0d16d28e3dc,DH,False,False,St. Louis Cardinals,New York Mets,home,1,0,0,0,5,1,2,1,0,0,0,1,1,,,,,,,,,,,,
2026-04-01,5547dcd7-04c6-5ddc-9516-9ccde73798d4,Bo Bichette,33496f7a-3b83-59ef-b119-01d0d2437f28,3B,False,True,New York Mets,St. Louis Cardinals,away,1,0,0,0,5,1,0,0,0,0,0,1,1,,,,,,,,,,,,
2026-04-01,5547dcd7-04c6-5ddc-9516-9ccde73798d4,Tyrone Taylor,8fc7ace9-e93d-58ba-b637-cdf5daaef922,RF,False,True,New York Mets,St. Louis Cardinals,away,0,0,0,0,2,0,0,0,0,0,0,0,0,,,,,,,,,,,,
2026-04-01,5547dcd7-04c6-5ddc-9516-9ccde73798d4,Francisco Alvarez,f87397a4-f111-5de9-bdd5-ccb027f66a9c,C,False,True,New York Mets,St. Louis Cardinals,away,0,0,0,0,4,0,0,1,0,0,0,0,0,,,,,,,,,,,,
2026-04-01,5547dcd7-04c6-5ddc-9516-9ccde73798d4,Mark Vientos,a659963f-2607-5990-8edb-583d390591c8,1B,False,True,New York Mets,St. Louis Cardinals,away,0,1,0,0,2,1,0,0,0,0,0,1,2,,,,,,,,,,,,
2026-04-01,5547dcd7-04c6-5ddc-9516-9ccde73798d4,Tobias Myers,c08513fe-42b7-58d5-9c38-93726a5d42a5,P,True,False,New York Mets,St. Louis Cardinals,away,,,,,,,,,,,,,,1.2,5,1,1,1,0,0,,20,1,0.2,5.3999999999999995
2026-04-01,5547dcd7-04c6-5ddc-9516-9ccde73798d4,Brett Baty,aa321d05-4b90-5b2d-823f-5fe77a11ec6c,1B,False,False,New York Mets,St. Louis Cardinals,away,0,0,0,0,3,0,0,0,0,0,0,0,0,,,,,,,,,,,,
2026-04-01,5547dcd7-04c6-5ddc-9516-9ccde73798d4,Huascar Brazobán,5dd5dec5-24b4-580c-bba6-fefb17c0dfd7,P,True,False,New York Mets,St. Louis Cardinals,away,,,,,,,,,,,,,,0.2,2,1,0,1,0,0,,13,0,0.5,13.5
2026-04-01,5547dcd7-04c6-5ddc-9516-9ccde73798d4,Luke Weaver,e3e9cf69-f591-52dc-96f0-b9c349cc8846,P,True,False,New York Mets,St. Louis Cardinals,away,,,,,,,,,,,,,,1,3,1,0,0,0,0,,11,0,0.3333333333333333,9.0
2026-04-01,5547dcd7-04c6-5ddc-9516-9ccde73798d4,Carson Benge,631e3061-0f1e-5f0c-b1d3-ebbdfd16f053,RF,False,False,New York Mets,St. Louis Cardinals,away,0,0,0,0,2,0,0,1,0,0,0,0,0,,,,,,,,,,,,
2026-04-01,5547dcd7-04c6-5ddc-9516-9ccde73798d4,Devin Williams,74f7d0c0-cfaf-5657-a8e5-d5f399074ad8,P,True,False,New York Mets,St. Louis Cardinals,away,,,,,,,,,,,,,,1,3,1,1,0,0,0,,18,0,0.3333333333333333,9.0
2026-04-01,5547dcd7-04c6-5ddc-9516-9ccde73798d4,Marcus Semien,ea54830a-4412-565e-8199-20eca49f0dd0,2B,False,True,New York Mets,St. Louis Cardinals,away,0,0,0,0,5,0,1,2,0,0,0,0,0,,,,,,,,,,,,
2026-04-01,5547dcd7-04c6-5ddc-9516-9ccde73798d4,Freddy Peralta,2d596cce-160a-5447-a2e5-5747d5c22a77,P,True,True,New York Mets,St. Louis Cardinals,away,,,,,,,,,,,,,,5.1,16,7,2,3,0,1,,92,1,0.4375,11.8125
2026-04-01,5547dcd7-04c6-5ddc-9516-9ccde73798d4,Francisco Lindor,027d2171-f1d0-509a-ba45-6add806d11b3,SS,False,True,New York Mets,St. Louis Cardinals,away,0,0,0,0,5,0,1,0,0,0,0,0,0,,,,,,,,,,,,
2026-04-01,5547dcd7-04c6-5ddc-9516-9ccde73798d4,Juan Soto,c49ab650-1d5f-5066-83e1-ff734f609942,LF,False,True,New York Mets,St. Louis Cardinals,away,0,0,0,1,5,1,0,1,0,1,1,3,4,,,,,,,,,,,,
2026-04-01,5547dcd7-04c6-5ddc-9516-9ccde73798d4,Brooks Raley,5b54c500-4f01-517f-8257-18e74b6bbd35,P,True,False,New York Mets,St. Louis Cardinals,away,,,,,,,,,,,,,,1,3,2,0,0,0,0,,12,0,0.6666666666666666,18.0
2026-04-01,5547dcd7-04c6-5ddc-9516-9ccde73798d4,Jorge Polanco,ba2c9110-367c-5ea1-afd1-bbfc264fde7c,DH,False,False,New York Mets,St. Louis Cardinals,away,0,1,0,0,4,1,0,0,0,0,0,1,2,,,,,,,,,,,,
2026-04-01,5547dcd7-04c6-5ddc-9516-9ccde73798d4,Luis Robert Jr.,05a8b0c4-5ecd-5186-a573-bcc4d6072f9b,CF,False,True,New York Mets,St. Louis Cardinals,away,1,0,0,0,5,1,1,1,0,0,0,1,1,,,,,,,,,,,,
2026-04-01,5547dcd7-04c6-5ddc-9516-9ccde73798d4,Jared Young,ce1f44d6-8333-5027-9abb-99714bc858e7,DH,False,False,New York Mets,St. Louis Cardinals,away,0,0,0,0,1,0,1,0,0,0,0,0,0,,,,,,,,,,,,
2026-04-01,7dfa963f-bb68-5056-8108-5cbaa4370bf9,Joey Ortiz,ebc5a190-639c-5d2c-916f-f393fd5d2c1e,SS,False,True,Milwaukee Brewers,Tampa Bay Rays,home,1,0,0,0,4,1,0,0,0,1,0,2,1,,,,,,,,,,,,
2026-04-01,7dfa963f-bb68-5056-8108-5cbaa4370bf9,Christian Yelich,cdd2ad99-f99b-5497-9f00-d1e35f210d18,DH,False,False,Milwaukee Brewers,Tampa Bay Rays,home,2,0,0,0,4,2,0,2,0,1,2,5,2,,,,,,,,,,,,
2026-04-01,7dfa963f-bb68-5056-8108-5cbaa4370bf9,Jake Bauers,1edd13e9-ec6a-5f79-8552-5d5fc7103f60,1B,False,True,Milwaukee Brewers,Tampa Bay Rays,home,0,0,0,0,4,0,1,1,0,1,0,1,0,,,,,,,,,,,,
2026-04-01,7dfa963f-bb68-5056-8108-5cbaa4370bf9,Sal Frelick,fbeddaa0-1580-5140-bb70-6bb9ea57a062,RF,False,True,Milwaukee Brewers,Tampa Bay Rays,home,0,0,0,0,4,0,0,2,0,0,0,0,0,,,,,,,,,,,,
2026-04-01,7dfa963f-bb68-5056-8108-5cbaa4370bf9,Grant Anderson,3f3ea281-a8a6-568e-aec9-0bf46ea07edf,P,True,False,Milwaukee Brewers,Tampa Bay Rays,home,,,,,,,,,,,,,,1,3,1,0,0,0,0,,15,0,0.3333333333333333,9.0
2026-04-01,7dfa963f-bb68-5056-8108-5cbaa4370bf9,Aaron Ashby,a179f3a3-8e06-5673-b70c-d3a3a48bb33f,P,True,False,Milwaukee Brewers,Tampa Bay Rays,home,,,,,,,,,,,,,,1,3,0,1,0,0,0,,9,0,0.0,0.0
2026-04-01,7dfa963f-bb68-5056-8108-5cbaa4370bf9,Garrett Mitchell,b17ada3b-673f-55c3-b967-d8543791af21,CF,False,True,Milwaukee Brewers,Tampa Bay Rays,home,1,1,0,0,4,2,0,2,1,1,2,5,3,,,,,,,,,,,,
2026-04-01,7dfa963f-bb68-5056-8108-5cbaa4370bf9,David Hamilton,02280a6a-1789-5079-b10f-1509ff8850e3,3B,False,True,Milwaukee Brewers,Tampa Bay Rays,home,1,0,0,0,4,1,0,2,1,1,1,3,1,,,,,,,,,,,,
2026-04-01,7dfa963f-bb68-5056-8108-5cbaa4370bf9,Blake Perkins,02511963-abbe-57ce-8d51-ad04cd9689b7,LF,False,True,Milwaukee Brewers,Tampa Bay Rays,home,0,0,0,0,4,0,0,1,0,0,1,1,0,,,,,,,,,,,,
2026-04-01,7dfa963f-bb68-5056-8108-5cbaa4370bf9,William Contreras,3453e023-6f8f-5212-8105-189c90757865,C,False,True,Milwaukee Brewers,Tampa Bay Rays,home,1,0,0,0,4,1,0,0,0,1,0,2,1,,,,,,,,,,,,
2026-04-01,7dfa963f-bb68-5056-8108-5cbaa4370bf9,Brice Turang,8b7764c4-ff5a-5daf-9dc5-044259e0b377,2B,False,True,Milwaukee Brewers,Tampa Bay Rays,home,0,0,0,1,4,1,1,0,0,2,2,5,4,,,,,,,,,,,,
2026-04-01,7dfa963f-bb68-5056-8108-5cbaa4370bf9,Jacob Misiorowski,5ab2fcc4-c51c-5cdd-b52d-1913dcc31726,P,True,True,Milwaukee Brewers,Tampa Bay Rays,home,,,,,,,,,,,,,,6,18,7,2,4,1,2,,94,2,0.3888888888888889,10.5
2026-04-01,7dfa963f-bb68-5056-8108-5cbaa4370bf9,DL Hall,04d83ed6-df90-5751-a202-d96d250bd2bb,P,True,False,Milwaukee Brewers,Tampa Bay Rays,home,,,,,,,,,,,,,,1,3,3,0,1,0,0,,19,0,1.0,27.0
2026-04-01,7dfa963f-bb68-5056-8108-5cbaa4370bf9,Richie Palacios,f73a8757-1504-5ae4-bcf4-884ea15f5174,2B,False,True,Tampa Bay Rays,Milwaukee Brewers,away,0,0,0,0,3,0,1,0,0,1,0,1,0,,,,,,,,,,,,
2026-04-01,7dfa963f-bb68-5056-8108-5cbaa4370bf9,Carson Williams,2f38b1e0-2b43-5a13-aa76-446260f08a38,SS,False,False,Tampa Bay Rays,Milwaukee Brewers,away,0,0,0,0,0,0,0,0,0,0,0,0,0,,,,,,,,,,,,
2026-04-01,7dfa963f-bb68-5056-8108-5cbaa4370bf9,Mason Englert,abda30b9-8724-5c5e-b0a1-6c692b888bd8,P,True,False,Tampa Bay Rays,Milwaukee Brewers,away,,,,,,,,,,,,,,1,3,0,0,2,0,1,,13,1,0.0,0.0
2026-04-01,7dfa963f-bb68-5056-8108-5cbaa4370bf9,Ryan Vilade,7f7f7e5d-479b-5d2a-a4bc-2c1278490861,PH,False,False,Tampa Bay Rays,Milwaukee Brewers,away,0,0,0,0,1,0,0,1,0,0,0,0,0,,,,,,,,,,,,
2026-04-01,7dfa963f-bb68-5056-8108-5cbaa4370bf9,Jake Fraley,9f4bcb6d-0f3d-580f-985b-cc730b0a26e5,RF,False,True,Tampa Bay Rays,Milwaukee Brewers,away,0,1,0,0,3,1,0,1,0,0,0,1,2,,,,,,,,,,,,
2026-04-01,7dfa963f-bb68-5056-8108-5cbaa4370bf9,Chandler Simpson,e8a47c28-d0c4-55d9-8402-e290b94ba76d,LF,False,True,Tampa Bay Rays,Milwaukee Brewers,away,2,0,0,0,4,2,1,0,0,0,0,2,2,,,,,,,,,,,,
2026-04-01,7dfa963f-bb68-5056-8108-5cbaa4370bf9,Jonny DeLuca,18e76306-3c90-58e3-8beb-27a4572e4c71,RF,False,False,Tampa Bay Rays,Milwaukee Brewers,away,0,0,0,0,1,0,0,0,0,0,0,0,0,,,,,,,,,,,,
2026-04-01,7dfa963f-bb68-5056-8108-5cbaa4370bf9,Ian Seymour,c83440e7-b158-502b-90d5-a0fdc594c962,P,True,False,Tampa Bay Rays,Milwaukee Brewers,away,,,,,,,,,,,,,,2,6,2,0,1,0,0,,32,0,0.3333333333333333,9.0
2026-04-01,7dfa963f-bb68-5056-8108-5cbaa4370bf9,Jonathan Aranda,f3e0ad1f-94c2-5388-8f31-9baa1e72f471,1B,False,True,Tampa Bay Rays,Milwaukee Brewers,away,0,0,0,0,4,0,1,0,0,0,0,0,0,,,,,,,,,,,,
2026-04-01,7dfa963f-bb68-5056-8108-5cbaa4370bf9,Nick Fortes,f24e024c-1c51-502c-8866-34dbafb91126,C,False,True,Tampa Bay Rays,Milwaukee Brewers,away,1,0,0,0,4,1,0,1,0,0,0,1,1,,,,,,,,,,,,
2026-04-01,7dfa963f-bb68-5056-8108-5cbaa4370bf9,Griffin Jax,50145c2b-9b4f-5f05-8527-7ad883e0e3b1,P,True,False,Tampa Bay Rays,Milwaukee Brewers,away,,,,,,,,,,,,,,0,0,0,1,3,0,3,,20,5,,
2026-04-01,7dfa963f-bb68-5056-8108-5cbaa4370bf9,Yandy Díaz,382a432b-7569-5972-a70e-6270ec94a244,DH,False,False,Tampa Bay Rays,Milwaukee Brewers,away,0,0,0,1,4,1,0,1,0,1,2,4,4,,,,,,,,,,,,
2026-04-01,7dfa963f-bb68-5056-8108-5cbaa4370bf9,Ben Williamson,ac1660ef-9f73-5523-b351-97539670590b,3B,False,True,Tampa Bay Rays,Milwaukee Brewers,away,0,0,0,0,4,0,0,2,0,0,0,0,0,,,,,,,,,,,,
2026-04-01,7dfa963f-bb68-5056-8108-5cbaa4370bf9,Junior Caminero,00646ce3-90a0-5f44-9b75-d7f277143ba5,1B,False,True,Tampa Bay Rays,Milwaukee Brewers,away,0,0,0,0,4,0,0,2,0,0,0,0,0,,,,,,,,,,,,
2026-04-01,7dfa963f-bb68-5056-8108-5cbaa4370bf9,Drew Rasmussen,fbe91629-4cb1-527e-88c1-8be87c16ec57,P,True,True,Tampa Bay Rays,Milwaukee Brewers,away,,,,,,,,,,,,,,5,15,8,1,2,1,1,,89,2,0.5333333333333333,14.4
2026-04-01,7dfa963f-bb68-5056-8108-5cbaa4370bf9,Cedric Mullins,88cf2c8c-311c-568d-90a3-428db492786f,CF,False,True,Tampa Bay Rays,Milwaukee Brewers,away,0,0,0,0,4,0,0,3,0,0,0,0,0,,,,,,,,,,,,
2026-04-01,83598d7b-c00c-537f-bbcc-614870f191d3,Isaac Paredes,c94533e4-26a4-59a8-ae9e-1b0d54853c93,3B,False,True,Houston Astros,Boston Red Sox,home,0,1,0,0,4,1,0,1,0,1,1,3,2,,,,,,,,,,,,
2026-04-01,83598d7b-c00c-537f-bbcc-614870f191d3,Bryan Abreu,679a7fe9-1603-5710-ba17-ce4ca61dfa79,P,True,False,Houston Astros,Boston Red Sox,home,,,,,,,,,,,,,,1,3,3,0,1,1,1,,16,1,1.0,27.0
2026-04-01,83598d7b-c00c-537f-bbcc-614870f191d3,Kai-Wei Teng,cc9220fe-0567-544a-81b1-84992549a6bf,P,True,False,Houston Astros,Boston Red Sox,home,,,,,,,,,,,,,,1,3,1,0,1,1,1,,14,1,0.3333333333333333,9.0
2026-04-01,83598d7b-c00c-537f-bbcc-614870f191d3,Cam Smith,6c7292a3-abca-5a73-9e4b-cec25e9d20b8,RF,False,True,Houston Astros,Boston Red Sox,home,1,0,0,0,4,1,0,2,1,0,0,1,1,,,,,,,,,,,,
2026-04-01,83598d7b-c00c-537f-bbcc-614870f191d3,Jake Meyers,f60436a8-53cf-5fa1-8caa-50928a25c6d9,CF,False,True,Houston Astros,Boston Red Sox,home,0,0,0,0,4,0,1,1,0,0,0,0,0,,,,,,,,,,,,
2026-04-01,83598d7b-c00c-537f-bbcc-614870f191d3,Brice Matthews,bee000c4-433a-55d5-b97f-a284fe330fee,LF,False,True,Houston Astros,Boston Red Sox,home,0,0,0,0,3,0,0,2,0,0,0,0,0,,,,,,,,,,,,
2026-04-01,83598d7b-c00c-537f-bbcc-614870f191d3,AJ Blubaugh,4d6a4525-5979-5429-9481-9e4f708a7bb1,P,True,False,Houston Astros,Boston Red Sox,home,,,,,,,,,,,,,,1,3,1,0,0,0,0,,14,0,0.3333333333333333,9.0
2026-04-01,83598d7b-c00c-537f-bbcc-614870f191d3,Jose Altuve,99c9db0b-d7a9-5462-94f3-28f3661714ab,2B,False,True,Houston Astros,Boston Red Sox,home,1,0,0,0,4,1,0,1,0,1,0,2,1,,,,,,,,,,,,
2026-04-01,83598d7b-c00c-537f-bbcc-614870f191d3,Joey Loperfido,575dbf4d-f194-5748-94af-45ae60e8431c,LF,False,False,Houston Astros,Boston Red Sox,home,0,0,0,0,1,0,1,0,0,0,0,0,0,,,,,,,,,,,,
2026-04-01,83598d7b-c00c-537f-bbcc-614870f191d3,Mike Burrows,9b441d1c-b318-510c-bb08-ddf362122140,P,True,True,Houston Astros,Boston Red Sox,home,,,,,,,,,,,,,,5,15,6,3,5,0,2,,84,2,0.4,10.8
2026-04-01,83598d7b-c00c-537f-bbcc-614870f191d3,Bryan King,e86f116b-cd36-5b04-8bcd-160d3e7a25e6,P,True,False,Houston Astros,Boston Red Sox,home,,,,,,,,,,,,,,1,3,2,0,0,0,0,,12,0,0.6666666666666666,18.0
2026-04-01,83598d7b-c00c-537f-bbcc-614870f191d3,Carlos Correa,9d0ef881-40b5-538c-9843-6585303e16f4,SS,False,True,Houston Astros,Boston Red Sox,home,0,0,0,1,4,1,0,0,0,1,3,5,4,,,,,,,,,,,,
2026-04-01,83598d7b-c00c-537f-bbcc-614870f191d3,Christian Walker,4ebdbcc5-84ea-5866-b7b6-1d61cbac193f,1B,False,True,Houston Astros,Boston Red Sox,home,1,0,0,0,4,1,0,1,0,0,1,2,1,,,,,,,,,,,,
2026-04-01,83598d7b-c00c-537f-bbcc-614870f191d3,Christian Vázquez,2ce448a3-c599-538e-b2dd-6a39dcfde984,C,False,True,Houston Astros,Boston Red Sox,home,0,0,0,1,4,1,0,1,0,1,1,3,4,,,,,,,,,,,,
2026-04-01,83598d7b-c00c-537f-bbcc-614870f191d3,Yordan Alvarez,b4e60652-8d7e-569f-8e5a-4aa9a713da9c,DH,False,False,Houston Astros,Boston Red Sox,home,1,1,0,0,4,2,0,0,0,2,0,4,3,,,,,,,,,,,,
2026-04-01,83598d7b-c00c-537f-bbcc-614870f191d3,Roman Anthony,c29e1084-a051-5de5-86f7-09b1a3bd64af,PH,False,False,Boston Red Sox,Houston Astros,away,0,0,0,1,1,1,0,0,0,1,1,3,4,,,,,,,,,,,,
2026-04-01,83598d7b-c00c-537f-bbcc-614870f191d3,Willson Contreras,34477b91-95c5-5159-8fc0-73e01ae1d6d9,1B,False,True,Boston Red Sox,Houston Astros,away,1,0,0,0,4,1,1,1,0,0,1,2,1,,,,,,,,,,,,
2026-04-01,83598d7b-c00c-537f-bbcc-614870f191d3,Greg Weissert,faea39b8-a624-5a6f-8b3d-3d1b4a74906a,P,True,False,Boston Red Sox,Houston Astros,away,,,,,,,,,,,,,,1,3,1,0,0,0,0,,16,0,0.3333333333333333,9.0
2026-04-01,83598d7b-c00c-537f-bbcc-614870f191d3,Connor Wong,9e2dbb5f-e618-5fca-8203-a8f6b0d73260,C,False,True,Boston Red Sox,Houston Astros,away,1,1,0,0,3,2,0,0,0,0,0,2,3,,,,,,,,,,,,
2026-04-01,83598d7b-c00c-537f-bbcc-614870f191d3,Trevor Story,cd09b8ad-73fb-5669-8db1-98c5b8a8164a,SS,False,True,Boston Red Sox,Houston Astros,away,0,0,0,0,5,0,0,3,0,0,0,0,0,,,,,,,,,,,,
2026-04-01,83598d7b-c00c-537f-bbcc-614870f191d3,Wilyer Abreu,e89e04e9-6e91-5ee7-ae12-04853566c53f,RF,False,True,Boston Red Sox,Houston Astros,away,1,0,0,1,4,2,0,1,0,1,1,4,5,,,,,,,,,,,,
2026-04-01,83598d7b-c00c-537f-bbcc-614870f191d3,Garrett Whitlock,cdcc8bf3-76ab-5410-92b5-aa4315b42024,P,True,False,Boston Red Sox,Houston Astros,away,,,,,,,,,,,,,,1,3,1,2,1,0,0,,37,0,0.3333333333333333,9.0
2026-04-01,83598d7b-c00c-537f-bbcc-614870f191d3,Isiah Kiner-Falefa,7d4df642-4724-5921-84b3-9bd76c769f38,2B,False,True,Boston Red Sox,Houston Astros,away,0,0,0,0,3,0,1,1,0,1,0,1,0,,,,,,,,,,,,
2026-04-01,83598d7b-c00c-537f-bbcc-614870f191d3,Garrett Crochet,4b4ace8a-1e13-5132-bc3a-39e3f6a8ca33,P,True,True,Boston Red Sox,Houston Astros,away,,,,,,,,,,,,,,5,15,7,0,6,1,4,,93,5,0.4666666666666667,12.6
2026-04-01,83598d7b-c00c-537f-bbcc-614870f191d3,Caleb Durbin,bd9f542f-cb6e-5ce8-b85a-8ff891d266f7,3B,False,True,Boston Red Sox,Houston Astros,away,0,0,0,0,4,0,0,2,0,0,0,0,0,,,,,,,,,,,,
2026-04-01,83598d7b-c00c-537f-bbcc-614870f191d3,Jarren Duran,3ac99586-15b6-50c1-816f-075959ebead2,LF,False,True,Boston Red Sox,Houston Astros,away,1,0,0,0,5,1,0,2,0,1,1,3,1,,,,,,,,,,,,
2026-04-01,83598d7b-c00c-537f-bbcc-614870f191d3,Ceddanne Rafaela,15788154-f587-5625-bece-d4a10d870640,CF,False,True,Boston Red Sox,Houston Astros,away,0,0,0,0,4,0,0,1,0,0,0,0,0,,,,,,,,,,,,
2026-04-01,83598d7b-c00c-537f-bbcc-614870f191d3,Masataka Yoshida,ba7252d5-bd01-5d4a-afe2-2252480e2987,DH,False,False,Boston Red Sox,Houston Astros,away,0,0,0,0,4,0,1,1,0,0,0,0,0,,,,,,,,,,,,
2026-04-01,83598d7b-c00c-537f-bbcc-614870f191d3,Danny Coulombe,da39f1d2-559c-5f90-a815-758e9ae145bb,P,True,False,Boston Red Sox,Houston Astros,away,,,,,,,,,,,,,,1,3,0,0,1,1,1,,16,1,0.0,0.0
2026-04-01,83598d7b-c00c-537f-bbcc-614870f191d3,Marcelo Mayer,143aaf24-c832-5e23-b59f-4934230805d1,PH,False,False,Boston Red Sox,Houston Astros,away,0,0,0,0,1,0,0,1,0,0,0,0,0,,,,,,,,,,,,
2026-04-01,3dfe702c-7ace-5b31-8e4a-fa2b03a95bed,Daniel Palencia,708eb6ed-cc9d-5037-8b38-0d1fa47c46d4,P,True,False,Chicago Cubs,Los Angeles Angels,home,,,,,,,,,,,,,,1,3,1,0,1,0,0,,9,0,0.3333333333333333,9.0
2026-04-01,3dfe702c-7ace-5b31-8e4a-fa2b03a95bed,Ian Happ,b809f60b-8331-5fd0-ab24-ee3b8538eabe,LF,False,True,Chicago Cubs,Los Angeles Angels,home,0,1,0,0,5,1,0,2,0,1,0,2,2,,,,,,,,,,,,
2026-04-01,3dfe702c-7ace-5b31-8e4a-fa2b03a95bed,Caleb Thielbar,5cac6e8e-95bf-5d54-9e61-33e7074e8b01,P,True,False,Chicago Cubs,Los Angeles Angels,home,,,,,,,,,,,,,,1,3,2,0,0,0,0,,13,0,0.6666666666666666,18.0
2026-04-01,3dfe702c-7ace-5b31-8e4a-fa2b03a95bed,Hunter Harvey,63a9518a-c35f-52e1-bb4a-74025135d346,P,True,False,Chicago Cubs,Los Angeles Angels,home,,,,,,,,,,,,,,1.1,4,3,0,1,0,0,,20,0,0.75,20.25
2026-04-01,3dfe702c-7ace-5b31-8e4a-fa2b03a95bed,Alex Bregman,57215789-8702-5d78-8c77-21a23c10f033,3B,False,True,Chicago Cubs,Los Angeles Angels,home,1,0,0,0,5,1,2,0,0,0,1,2,1,,,,,,,,,,,,
2026-04-01,3dfe702c-7ace-5b31-8e4a-fa2b03a95bed,Michael Busch,6b4e85c9-9b0c-5203-9474-01388c3cb9e8,1B,False,True,Chicago Cubs,Los Angeles Angels,home,2,0,0,0,4,2,1,1,0,1,0,3,2,,,,,,,,,,,,
2026-04-01,3dfe702c-7ace-5b31-8e4a-fa2b03a95bed,Carson Kelly,43b2a60b-2ced-5c09-beab-347f4863ab11,C,False,True,Chicago Cubs,Los Angeles Angels,home,0,0,0,0,5,0,1,2,0,2,0,2,0,,,,,,,,,,,,
2026-04-01,3dfe702c-7ace-5b31-8e4a-fa2b03a95bed,Pete Crow-Armstrong,6e75f4ef-3025-5851-bb55-3a587c5f54a5,CF,False,True,Chicago Cubs,Los Angeles Angels,home,1,0,0,0,4,1,0,2,0,0,1,2,1,,,,,,,,,,,,
2026-04-01,3dfe702c-7ace-5b31-8e4a-fa2b03a95bed,Miguel Amaya,e5766d16-6afe-5cc0-b276-b0992a1ce5e2,DH,False,False,Chicago Cubs,Los Angeles Angels,home,0,0,0,0,2,0,1,0,0,1,0,1,0,,,,,,,,,,,,
2026-04-01,3dfe702c-7ace-5b31-8e4a-fa2b03a95bed,Moisés Ballesteros,c41e0ec5-9f1c-57a3-96c5-193ca0c2275e,DH,False,False,Chicago Cubs,Los Angeles Angels,home,0,0,0,0,2,0,0,0,0,0,0,0,0,,,,,,,,,,,,
2026-04-01,3dfe702c-7ace-5b31-8e4a-fa2b03a95bed,Matthew Boyd,7a468e1a-37af-5d13-b572-d81ae627787b,P,True,True,Chicago Cubs,Los Angeles Angels,home,,,,,,,,,,,,,,5.2,17,10,2,2,0,1,,98,2,0.5882352941176471,15.88235294117647
2026-04-01,3dfe702c-7ace-5b31-8e4a-fa2b03a95bed,Dansby Swanson,e20a9fc7-6766-5d06-b4c8-8cf51b6d7308,SS,False,True,Chicago Cubs,Los Angeles Angels,home,0,0,0,0,4,0,0,2,0,0,1,1,0,,,,,,,,,,,,
2026-04-01,3dfe702c-7ace-5b31-8e4a-fa2b03a95bed,Nico Hoerner,b69bc55a-ea5c-59ee-bf5a-3a765fe9aa2a,2B,False,True,Chicago Cubs,Los Angeles Angels,home,1,2,0,0,5,3,0,1,1,1,1,5,5,,,,,,,,,,,,
2026-04-01,3dfe702c-7ace-5b31-8e4a-fa2b03a95bed,Matt Shaw,0e584e95-3d75-5986-9cb2-4451b4d945cf,RF,False,True,Chicago Cubs,Los Angeles Angels,home,2,0,0,0,4,2,0,0,0,0,2,4,2,,,,,,,,,,,,
2026-04-01,3dfe702c-7ace-5b31-8e4a-fa2b03a95bed,Oswald Peraza,98bdfab1-07ea-5c61-bd44-7c17670a08b1,2B,False,True,Los Angeles Angels,Chicago Cubs,away,0,0,0,0,4,0,0,3,0,0,0,0,0,,,,,,,,,,,,
2026-04-01,3dfe702c-7ace-5b31-8e4a-fa2b03a95bed,Zach Neto,01ac6fe3-6ace-59c9-a15b-1ad3a0af1eb1,SS,False,True,Los Angeles Angels,Chicago Cubs,away,2,0,0,0,4,2,1,1,0,1,0,3,2,,,,,,,,,,,,
2026-04-01,3dfe702c-7ace-5b31-8e4a-fa2b03a95bed,Jorge Soler,ebc19873-2e2c-5767-9b19-409c5e887630,DH,False,False,Los Angeles Angels,Chicago Cubs,away,0,0,0,0,4,0,0,2,0,0,0,0,0,,,,,,,,,,,,
2026-04-01,3dfe702c-7ace-5b31-8e4a-fa2b03a95bed,Yoán Moncada,59501cf0-fc05-5b1c-b3f0-78b4422a24da,3B,False,True,Los Angeles Angels,Chicago Cubs,away,1,0,0,0,4,1,0,2,0,0,0,1,1,,,,,,,,,,,,
2026-04-01,3dfe702c-7ace-5b31-8e4a-fa2b03a95bed,Travis d'Arnaud,4b9e14dd-3e98-5635-b3ef-ed17c59dcc98,C,False,True,Los Angeles Angels,Chicago Cubs,away,0,0,0,0,3,0,0,1,0,0,0,0,0,,,,,,,,,,,,
2026-04-01,3dfe702c-7ace-5b31-8e4a-fa2b03a95bed,Mike Trout,062d3e7f-e32e-55bc-aa40-403df7f9ec05,CF,False,True,Los Angeles Angels,Chicago Cubs,away,0,0,0,0,4,0,1,2,0,1,0,1,0,,,,,,,,,,,,
2026-04-01,3dfe702c-7ace-5b31-8e4a-fa2b03a95bed,Jeimer Candelario,b72d7af1-56a8-5227-ba17-35a19ce2e32e,1B,False,True,Los Angeles Angels,Chicago Cubs,away,0,0,0,0,3,0,0,3,0,0,0,0,0,,,,,,,,,,,,
2026-04-01,3dfe702c-7ace-5b31-8e4a-fa2b03a95bed,Jo Adell,c3ca91f9-2d30-5cf8-aae3-a5e7339f5788,RF,False,True,Los Angeles Angels,Chicago Cubs,away,1,0,0,0,4,1,0,0,0,0,1,2,1,,,,,,,,,,,,
2026-04-01,3dfe702c-7ace-5b31-8e4a-fa2b03a95bed,Ryan Zeferjahn,1c701ecc-f73c-5d02-8d31-8c3301ff60cb,P,True,False,Los Angeles Angels,Chicago Cubs,away,,,,,,,,,,,,,,0.2,2,1,1,1,0,0,,21,1,0.5,13.5
2026-04-01,3dfe702c-7ace-5b31-8e4a-fa2b03a95bed,Yusei Kikuchi,a256cdd9-c402-5f95-9758-dd44612ce418,P,True,True,Los Angeles Angels,Chicago Cubs,away,,,,,,,,,,,,,,5.1,16,5,4,6,0,5,,91,5,0.3125,8.4375
2026-04-01,3dfe702c-7ace-5b31-8e4a-fa2b03a95bed,Bryce Teodosio,2e92cd67-6ffe-5f76-b1f5-83b535ba679a,LF,False,True,Los Angeles Angels,Chicago Cubs,away,0,0,0,0,3,0,0,2,0,0,0,0,0,,,,,,,,,,,,
2026-04-01,3dfe702c-7ace-5b31-8e4a-fa2b03a95bed,Brent Suter,9d9b0acd-c71b-52d6-aa60-5ecb1985ca9d,P,True,False,Los Angeles Angels,Chicago Cubs,away,,,,,,,,,,,,,,2,6,4,0,3,0,0,,44,0,0.6666666666666666,18.0
2026-04-01,317b0d6a-c003-5e1a-a716-b7d11e478b05,Jordan Lawlar,efc1a492-55fc-5064-9cad-53d91802c077,CF,False,True,Arizona Diamondbacks,Detroit Tigers,home,1,0,0,0,3,1,0,1,0,0,0,1,1,,,,,,,,,,,,
2026-04-01,317b0d6a-c003-5e1a-a716-b7d11e478b05,Juan Morillo,cd151ec4-bdc0-50ea-bac1-6dee6b1199a9,P,True,False,Arizona Diamondbacks,Detroit Tigers,home,,,,,,,,,,,,,,1,3,1,0,0,0,0,,11,0,0.3333333333333333,9.0
2026-04-01,317b0d6a-c003-5e1a-a716-b7d11e478b05,Tim Tawa,cc27f63f-70a0-5138-9eeb-093814a1bc06,LF,False,True,Arizona Diamondbacks,Detroit Tigers,home,0,1,0,0,3,1,0,0,0,0,0,1,2,,,,,,,,,,,,
2026-04-01,317b0d6a-c003-5e1a-a716-b7d11e478b05,Nolan Arenado,aa4157df-7915-5251-83c1-0c1f931c43f0,3B,False,True,Arizona Diamondbacks,Detroit Tigers,home,1,0,0,0,3,1,0,1,0,0,0,1,1,,,,,,,,,,,,
2026-04-01,317b0d6a-c003-5e1a-a716-b7d11e478b05,Ketel Marte,c81e5c80-cc33-537b-b75e-e43d4baeefd8,DH,False,False,Arizona Diamondbacks,Detroit Tigers,home,0,0,0,0,4,0,1,1,0,0,0,0,0,,,,,,,,,,,,
2026-04-01,317b0d6a-c003-5e1a-a716-b7d11e478b05,Jonathan Loáisiga,9f25160c-63b2-530c-b4be-73537c9b4a28,P,True,False,Arizona Diamondbacks,Detroit Tigers,home,,,,,,,,,,,,,,1,3,0,0,2,0,0,,16,0,0.0,0.0
2026-04-01,317b0d6a-c003-5e1a-a716-b7d11e478b05,Ildemaro Vargas,e20d8cb6-0ba2-5399-9d20-541d1cfce0e7,2B,False,True,Arizona Diamondbacks,Detroit Tigers,home,1,0,0,0,3,1,0,0,0,0,0,1,1,,,,,,,,,,,,
2026-04-01,317b0d6a-c003-5e1a-a716-b7d11e478b05,Geraldo Perdomo,f16aabac-5df9-5d25-854f-705f0f9b265a,SS,False,True,Arizona Diamondbacks,Detroit Tigers,home,0,0,0,0,4,0,0,0,0,0,0,0,0,,,,,,,,,,,,
2026-04-01,317b0d6a-c003-5e1a-a716-b7d11e478b05,Jose Fernandez,24ee4058-1b78-50fa-92c9-0ebeb3bfad17,1B,False,True,Arizona Diamondbacks,Detroit Tigers,home,0,0,0,0,3,0,0,0,0,0,0,0,0,,,,,,,,,,,,
2026-04-01,317b0d6a-c003-5e1a-a716-b7d11e478b05,Gabriel Moreno,18e63c5c-4632-5dbc-9084-71bfa57a99c7,C,False,True,Arizona Diamondbacks,Detroit Tigers,home,0,0,0,0,3,0,0,0,0,0,0,0,0,,,,,,,,,,,,
2026-04-01,317b0d6a-c003-5e1a-a716-b7d11e478b05,Corbin Carroll,3b6210c9-3db8-5b34-9af5-e972d0b61b99,RF,False,True,Arizona Diamondbacks,Detroit Tigers,home,1,0,0,1,4,2,1,0,0,1,1,4,5,,,,,,,,,,,,
2026-04-01,317b0d6a-c003-5e1a-a716-b7d11e478b05,Taylor Clarke,ee4ac798-96a7-5034-946b-19e82de3d346,P,True,False,Arizona Diamondbacks,Detroit Tigers,home,,,,,,,,,,,,,,1,3,2,0,1,0,0,,18,0,0.6666666666666666,18.0
2026-04-01,317b0d6a-c003-5e1a-a716-b7d11e478b05,Zac Gallen,bf97bf9a-5f0c-5816-97a4-b1c241ff9088,P,True,True,Arizona Diamondbacks,Detroit Tigers,home,,,,,,,,,,,,,,6,18,2,0,4,0,0,,88,0,0.1111111111111111,3.0
2026-04-01,317b0d6a-c003-5e1a-a716-b7d11e478b05,Tarik Skubal,392be415-70ab-5f6e-93f7-c4cb08339b2b,P,True,True,Detroit Tigers,Arizona Diamondbacks,away,,,,,,,,,,,,,,7,21,3,0,6,1,1,,87,1,0.14285714285714285,3.857142857142857
2026-04-01,317b0d6a-c003-5e1a-a716-b7d11e478b05,Jahmai Jones,f37c716e-e0f5-5725-aba6-6f855690f0c8,PR,False,False,Detroit Tigers,Arizona Diamondbacks,away,0,0,0,0,0,0,0,0,0,0,0,0,0,,,,,,,,,,,,
2026-04-01,317b0d6a-c003-5e1a-a716-b7d11e478b05,Javier Báez,17c08cde-e81d-5b40-8f69-31e92ae85ff7,SS,False,True,Detroit Tigers,Arizona Diamondbacks,away,0,0,0,0,3,0,0,1,0,0,0,0,0,,,,,,,,,,,,
2026-04-01,317b0d6a-c003-5e1a-a716-b7d11e478b05,Riley Greene,bbee493e-0329-5be6-8cd9-78d86c4bba58,DH,False,False,Detroit Tigers,Arizona Diamondbacks,away,0,1,0,0,4,1,0,2,0,0,0,1,2,,,,,,,,,,,,
2026-04-01,317b0d6a-c003-5e1a-a716-b7d11e478b05,Kevin McGonigle,564bb172-7dfb-573e-b0f7-7f5cbdd0d547,3B,False,True,Detroit Tigers,Arizona Diamondbacks,away,1,0,1,0,4,2,0,0,0,0,0,2,4,,,,,,,,,,,,
2026-04-01,317b0d6a-c003-5e1a-a716-b7d11e478b05,Kerry Carpenter,fcfcc870-05a3-58ad-ae0a-2ed6a6964125,RF,False,True,Detroit Tigers,Arizona Diamondbacks,away,0,0,0,0,3,0,0,1,0,0,0,0,0,,,,,,,,,,,,
2026-04-01,317b0d6a-c003-5e1a-a716-b7d11e478b05,Kyle Finnegan,0a6158d8-6cc7-58ea-b56c-45fed333f327,P,True,False,Detroit Tigers,Arizona Diamondbacks,away,,,,,,,,,,,,,,1,3,0,2,0,0,0,,20,0,0.0,0.0
2026-04-01,317b0d6a-c003-5e1a-a716-b7d11e478b05,Gleyber Torres,7bd07245-7bf0-5980-8c77-8a40271534aa,2B,False,True,Detroit Tigers,Arizona Diamondbacks,away,1,0,0,0,4,1,0,0,0,0,0,1,1,,,,,,,,,,,,
2026-04-01,317b0d6a-c003-5e1a-a716-b7d11e478b05,Matt Vierling,89a3e61c-5176-5488-8084-f6d7dcdbeb37,LF,False,True,Detroit Tigers,Arizona Diamondbacks,away,1,0,0,0,3,1,0,0,0,0,0,1,1,,,,,,,,,,,,
2026-04-01,317b0d6a-c003-5e1a-a716-b7d11e478b05,Parker Meadows,c0c33d53-e475-503d-b1cb-5aa6430b3660,CF,False,True,Detroit Tigers,Arizona Diamondbacks,away,0,0,0,0,3,0,0,0,0,0,0,0,0,,,,,,,,,,,,
2026-04-01,317b0d6a-c003-5e1a-a716-b7d11e478b05,Dillon Dingler,ddcd399c-63b6-5add-9222-5d69a6f9b45d,C,False,True,Detroit Tigers,Arizona Diamondbacks,away,1,0,0,0,4,1,0,1,0,0,0,1,1,,,,,,,,,,,,
2026-04-01,317b0d6a-c003-5e1a-a716-b7d11e478b05,Colt Keith,cadc4708-5d0a-56ac-84d0-feced1704a81,1B,False,True,Detroit Tigers,Arizona Diamondbacks,away,0,1,0,0,4,1,0,0,0,0,0,1,2,,,,,,,,,,,,
2026-04-01,626f58ff-95ea-529e-b8f3-c154f464cbef,Josh Naylor,b882f91d-40d1-58ad-bd6a-b321477642c0,1B,False,True,Seattle Mariners,New York Yankees,home,0,0,0,0,4,0,0,0,0,0,0,0,0,,,,,,,,,,,,
2026-04-01,626f58ff-95ea-529e-b8f3-c154f464cbef,Cole Young,bef5f9c5-6df7-5ede-9aac-4b5ba8731f4b,2B,False,True,Seattle Mariners,New York Yankees,home,1,0,0,0,4,1,0,1,0,1,0,2,1,,,,,,,,,,,,
2026-04-01,626f58ff-95ea-529e-b8f3-c154f464cbef,Jose A. Ferrer,809651af-1bb9-5a30-ba76-7760606da2fb,P,True,False,Seattle Mariners,New York Yankees,home,,,,,,,,,,,,,,1,3,2,0,0,0,0,,13,0,0.6666666666666666,18.0
2026-04-01,626f58ff-95ea-529e-b8f3-c154f464cbef,Randy Arozarena,0f2b9cc8-a738-5f1e-be0e-5c0ae5a3ac57,LF,False,True,Seattle Mariners,New York Yankees,home,0,1,0,0,4,1,0,1,0,1,0,2,2,,,,,,,,,,,,
2026-04-01,626f58ff-95ea-529e-b8f3-c154f464cbef,Dominic Canzone,73e2b2be-5ea8-5904-9683-089b46807bab,DH,False,False,Seattle Mariners,New York Yankees,home,2,0,0,0,4,2,0,1,1,1,1,4,2,,,,,,,,,,,,
2026-04-01,626f58ff-95ea-529e-b8f3-c154f464cbef,Cal Raleigh,21b31397-a06c-5238-83b3-90eee447e28e,C,False,True,Seattle Mariners,New York Yankees,home,1,0,0,0,4,1,0,2,0,0,2,3,1,,,,,,,,,,,,
2026-04-01,626f58ff-95ea-529e-b8f3-c154f464cbef,Brendan Donovan,9d05e499-95d1-5224-b19c-323801b2463e,3B,False,True,Seattle Mariners,New York Yankees,home,0,1,0,0,4,1,1,0,0,0,0,1,2,,,,,,,,,,,,
2026-04-01,626f58ff-95ea-529e-b8f3-c154f464cbef,Cooper Criswell,5ebbadaa-4ae9-599b-9e8e-0e9d87d2d703,P,True,False,Seattle Mariners,New York Yankees,home,,,,,,,,,,,,,,2,6,1,0,1,1,1,,30,1,0.16666666666666666,4.5
2026-04-01,626f58ff-95ea-529e-b8f3-c154f464cbef,George Kirby,5ebe17d3-1f36-5476-8e9b-51db22efa8c5,P,True,True,Seattle Mariners,New York Yankees,home,,,,,,,,,,,,,,6,18,6,3,5,1,4,,89,4,0.3333333333333333,9.0
2026-04-01,626f58ff-95ea-529e-b8f3-c154f464cbef,Leo Rivas,13efd7e6-1b6a-509b-8348-f3f74df6fce9,SS,False,True,Seattle Mariners,New York Yankees,home,0,0,0,0,3,0,0,3,0,0,0,0,0,,,,,,,,,,,,
2026-04-01,626f58ff-95ea-529e-b8f3-c154f464cbef,Julio Rodríguez,fffe4545-0e86-5407-906a-645035a15435,CF,False,True,Seattle Mariners,New York Yankees,home,0,0,0,0,4,0,0,2,0,0,0,0,0,,,,,,,,,,,,
2026-04-01,626f58ff-95ea-529e-b8f3-c154f464cbef,Luke Raley,27e77a8c-1c02-50cc-b8c2-06d1e891fc5d,RF,False,True,Seattle Mariners,New York Yankees,home,1,0,0,0,4,1,0,0,0,0,0,1,1,,,,,,,,,,,,
2026-04-01,626f58ff-95ea-529e-b8f3-c154f464cbef,José Caballero,3f93b7e1-37f4-53fe-bb17-5a7915995b76,SS,False,True,New York Yankees,Seattle Mariners,away,0,0,0,0,3,0,0,1,0,0,0,0,0,,,,,,,,,,,,
2026-04-01,626f58ff-95ea-529e-b8f3-c154f464cbef,Amed Rosario,18dd22ed-d387-5bf0-957d-c3cff4edde3c,3B,False,True,New York Yankees,Seattle Mariners,away,1,0,0,0,3,1,0,0,0,0,0,1,1,,,,,,,,,,,,
2026-04-01,626f58ff-95ea-529e-b8f3-c154f464cbef,Aaron Judge,e0e52a0f-4e54-5f0c-b584-6ec85c33c7f7,RF,False,True,New York Yankees,Seattle Mariners,away,0,0,0,0,4,0,0,1,0,0,0,0,0,,,,,,,,,,,,
2026-04-01,626f58ff-95ea-529e-b8f3-c154f464cbef,Ryan McMahon,d0d749e6-fb57-548c-9393-e889a94c8291,3B,False,False,New York Yankees,Seattle Mariners,away,0,0,0,0,1,0,0,0,0,0,0,0,0,,,,,,,,,,,,
2026-04-01,626f58ff-95ea-529e-b8f3-c154f464cbef,Paul Goldschmidt,f846be2d-cc6b-5f1a-b6f1-d5c84b8ed6a2,1B,False,True,New York Yankees,Seattle Mariners,away,0,0,0,1,4,1,0,2,0,1,3,5,4,,,,,,,,,,,,
2026-04-01,626f58ff-95ea-529e-b8f3-c154f464cbef,Austin Wells,2e880dd6-2476-55d3-990b-4d3f66d3f496,C,False,True,New York Yankees,Seattle Mariners,away,1,0,0,0,3,1,0,1,0,0,0,1,1,,,,,,,,,,,,
2026-04-01,626f58ff-95ea-529e-b8f3-c154f464cbef,Ben Rice,f7714f04-8c9d-5c9a-b8bb-0f423271af17,DH,False,False,New York Yankees,Seattle Mariners,away,0,1,0,1,4,2,1,0,0,2,2,6,6,,,,,,,,,,,,
2026-04-01,626f58ff-95ea-529e-b8f3-c154f464cbef,Fernando Cruz,d385d787-f0ae-5bba-bf3f-b2fc35d2781a,P,True,False,New York Yankees,Seattle Mariners,away,,,,,,,,,,,,,,0.2,2,1,0,0,0,0,,12,0,0.5,13.5
2026-04-01,626f58ff-95ea-529e-b8f3-c154f464cbef,Cody Bellinger,04e3eefb-9d41-548f-ba06-60abe4b82454,LF,False,True,New York Yankees,Seattle Mariners,away,0,0,0,0,4,0,1,1,1,1,0,1,0,,,,,,,,,,,,
2026-04-01,626f58ff-95ea-529e-b8f3-c154f464cbef,Jazz Chisholm Jr.,bce3e6ee-1f99-5f80-90fb-c8d538c9d546,2B,False,True,New York Yankees,Seattle Mariners,away,1,0,0,0,4,1,0,2,0,0,0,1,1,,,,,,,,,,,,
2026-04-01,626f58ff-95ea-529e-b8f3-c154f464cbef,Camilo Doval,500f93ca-4d1a-5dcb-a2ab-d8efb6dcc204,P,True,False,New York Yankees,Seattle Mariners,away,,,,,,,,,,,,,,0.2,2,1,1,2,0,2,,19,2,0.5,13.5
2026-04-01,626f58ff-95ea-529e-b8f3-c154f464cbef,Trent Grisham,6c818210-215a-5a0f-94c1-d805ae6b416f,CF,False,True,New York Yankees,Seattle Mariners,away,0,0,0,0,4,0,1,1,0,1,0,1,0,,,,,,,,,,,,
2026-04-01,626f58ff-95ea-529e-b8f3-c154f464cbef,David Bednar,ee6f3fb6-e2c4-5de3-b7ed-9df513957989,P,True,False,New York Yankees,Seattle Mariners,away,,,,,,,,,,,,,,1.1,4,1,0,3,0,1,,40,1,0.25,6.75
2026-04-01,626f58ff-95ea-529e-b8f3-c154f464cbef,Cam Schlittler,9cb33611-8908-54d9-ad1c-286244aeb890,P,True,True,New York Yankees,Seattle Mariners,away,,,,,,,,,,,,,,6.1,19,7,0,2,0,0,,79,0,0.3684210526315789,9.947368421052632
2026-04-01,2309b078-6645-576b-b2d2-5dbaa9cb75ed,Freddy Fermin,37406aad-ae18-5be2-8439-0a0b3ab54a22,C,False,True,San Diego Padres,San Francisco Giants,home,0,0,0,0,4,0,0,1,0,0,0,0,0,,,,,,,,,,,,
2026-04-01,2309b078-6645-576b-b2d2-5dbaa9cb75ed,Mason Miller,aa48482d-99f3-59cc-89f4-84b9eb7d405e,P,True,False,San Diego Padres,San Francisco Giants,home,,,,,,,,,,,,,,1.1,4,3,0,1,0,0,,19,0,0.75,20.25
2026-04-01,2309b078-6645-576b-b2d2-5dbaa9cb75ed,Jackson Merrill,0b80ef12-9566-5b94-973d-d1151b0e69ac,CF,False,True,San Diego Padres,San Francisco Giants,home,1,0,0,0,5,1,0,1,0,1,0,2,1,,,,,,,,,,,,
2026-04-01,2309b078-6645-576b-b2d2-5dbaa9cb75ed,Jeremiah Estrada,ee6fb957-7f4c-5dfe-ae02-b44359338c92,P,True,False,San Diego Padres,San Francisco Giants,home,,,,,,,,,,,,,,1,3,2,0,0,0,0,,13,0,0.6666666666666666,18.0
2026-04-01,2309b078-6645-576b-b2d2-5dbaa9cb75ed,Gavin Sheets,5f058b73-019c-573c-b5f2-d01f2e56cd0b,1B,False,True,San Diego Padres,San Francisco Giants,home,0,2,0,0,4,2,1,0,0,2,1,5,4,,,,,,,,,,,,
2026-04-01,2309b078-6645-576b-b2d2-5dbaa9cb75ed,Ramón Laureano,dabca3a1-56c7-5218-8ab7-31a707ea9795,DH,False,False,San Diego Padres,San Francisco Giants,home,1,0,0,1,4,2,0,0,0,2,2,6,5,,,,,,,,,,,,
2026-04-01,2309b078-6645-576b-b2d2-5dbaa9cb75ed,Adrian Morejon,311a75d7-a828-50c4-b614-a72d2ff657a3,P,True,False,San Diego Padres,San Francisco Giants,home,,,,,,,,,,,,,,1.2,5,1,1,2,0,1,,32,1,0.2,5.3999999999999995
2026-04-01,2309b078-6645-576b-b2d2-5dbaa9cb75ed,Manny Machado,a9385e18-b1c3-52e8-b03b-b70d1f8a34af,3B,False,True,San Diego Padres,San Francisco Giants,home,1,1,0,0,4,2,0,1,0,1,0,3,3,,,,,,,,,,,,
2026-04-01,2309b078-6645-576b-b2d2-5dbaa9cb75ed,Nick Pivetta,3fe1fd39-a3ae-547b-9069-929eb9e91d54,P,True,True,San Diego Padres,San Francisco Giants,home,,,,,,,,,,,,,,5,15,8,2,1,0,0,,82,0,0.5333333333333333,14.4
2026-04-01,2309b078-6645-576b-b2d2-5dbaa9cb75ed,Fernando Tatis Jr.,ac1ed075-5e29-5566-994f-09b1af7af1b9,RF,False,True,San Diego Padres,San Francisco Giants,home,1,0,0,0,5,1,1,0,0,0,1,2,1,,,,,,,,,,,,
2026-04-01,2309b078-6645-576b-b2d2-5dbaa9cb75ed,Bryce Johnson,e031aea2-0e42-54c2-9fa8-94c54f276d42,LF,False,True,San Diego Padres,San Francisco Giants,home,0,1,0,0,4,1,1,2,0,0,0,1,2,,,,,,,,,,,,
2026-04-01,2309b078-6645-576b-b2d2-5dbaa9cb75ed,Xander Bogaerts,c2029f6d-a0ef-5980-850b-3d9f8f0ec784,SS,False,True,San Diego Padres,San Francisco Giants,home,0,0,0,0,5,0,1,1,0,0,1,1,0,,,,,,,,,,,,
2026-04-01,2309b078-6645-576b-b2d2-5dbaa9cb75ed,Jake Cronenworth,5c3d6bb2-760f-5036-8bd3-805107557a37,2B,False,True,San Diego Padres,San Francisco Giants,home,1,0,0,0,4,1,1,1,0,1,0,2,1,,,,,,,,,,,,
2026-04-01,2309b078-6645-576b-b2d2-5dbaa9cb75ed,Casey Schmitt,e4311142-3ace-57e1-a7f1-cdc5d6796151,1B,False,True,San Francisco Giants,San Diego Padres,away,0,0,0,0,3,0,0,1,0,0,0,0,0,,,,,,,,,,,,
2026-04-01,2309b078-6645-576b-b2d2-5dbaa9cb75ed,Jerar Encarnacion,2431773d-015a-5a52-ae9d-3d5c729ec38a,PH,False,False,San Francisco Giants,San Diego Padres,away,0,0,0,0,1,0,0,0,0,0,0,0,0,,,,,,,,,,,,
2026-04-01,2309b078-6645-576b-b2d2-5dbaa9cb75ed,Heliot Ramos,521d9176-c734-5b63-9285-a4ab783f6edd,LF,False,True,San Francisco Giants,San Diego Padres,away,0,0,0,0,4,0,0,2,0,0,0,0,0,,,,,,,,,,,,
2026-04-01,2309b078-6645-576b-b2d2-5dbaa9cb75ed,José Buttó,557504c9-e688-59fa-8309-19867e81887a,P,True,False,San Francisco Giants,San Diego Padres,away,,,,,,,,,,,,,,0.1,1,1,4,3,1,4,,28,4,1.0,27.0
2026-04-01,2309b078-6645-576b-b2d2-5dbaa9cb75ed,Patrick Bailey,7497fb23-555e-57a8-86b0-f3106d26ac72,C,False,True,San Francisco Giants,San Diego Padres,away,0,0,0,0,2,0,0,2,0,0,0,0,0,,,,,,,,,,,,
2026-04-01,2309b078-6645-576b-b2d2-5dbaa9cb75ed,Matt Chapman,2c47b345-ac3d-53c1-b77e-6c5fa7a469bb,3B,False,True,San Francisco Giants,San Diego Padres,away,0,0,0,0,4,0,0,3,0,0,0,0,0,,,,,,,,,,,,
2026-04-01,2309b078-6645-576b-b2d2-5dbaa9cb75ed,Caleb Kilian,70c33a7e-9125-5928-9ee2-a792ac2793ee,P,True,False,San Francisco Giants,San Diego Padres,away,,,,,,,,,,,,,,1.2,5,2,0,0,0,0,,15,0,0.4,10.799999999999999
2026-04-01,2309b078-6645-576b-b2d2-5dbaa9cb75ed,Ryan Borucki,a704f31f-a733-515e-a72b-c7063003b288,P,True,False,San Francisco Giants,San Diego Padres,away,,,,,,,,,,,,,,0.2,2,0,0,0,0,0,,3,0,0.0,0.0
2026-04-01,2309b078-6645-576b-b2d2-5dbaa9cb75ed,Jung Hoo Lee,5233b094-55d5-5790-9af1-e92aeb0a3f2a,RF,False,True,San Francisco Giants,San Diego Padres,away,0,0,0,0,4,0,1,1,0,0,0,0,0,,,,,,,,,,,,
2026-04-01,2309b078-6645-576b-b2d2-5dbaa9cb75ed,Rafael Devers,c9835c18-6f1f-57cd-a2ff-0ff6d821b16c,DH,False,False,San Francisco Giants,San Diego Padres,away,0,0,0,0,4,0,1,2,0,0,0,0,0,,,,,,,,,,,,
2026-04-01,2309b078-6645-576b-b2d2-5dbaa9cb75ed,Harrison Bader,91a8ec44-ffa8-5211-b6b0-96ba26567032,CF,False,True,San Francisco Giants,San Diego Padres,away,1,0,0,0,4,1,1,1,0,0,1,2,1,,,,,,,,,,,,
2026-04-01,2309b078-6645-576b-b2d2-5dbaa9cb75ed,Adrian Houser,eb5ef9a7-02fe-5061-b2bc-f41f0083bee7,P,True,True,San Francisco Giants,San Diego Padres,away,,,,,,,,,,,,,,5.1,16,4,1,7,0,1,,86,3,0.25,6.75
2026-04-01,2309b078-6645-576b-b2d2-5dbaa9cb75ed,Willy Adames,78cc8077-60d2-554c-b37f-99c3e17b50a1,SS,False,True,San Francisco Giants,San Diego Padres,away,0,0,0,0,4,0,0,2,0,0,0,0,0,,,,,,,,,,,,
2026-04-01,2309b078-6645-576b-b2d2-5dbaa9cb75ed,Luis Arraez,b0939c49-253b-5c8b-b011-386ee0b6e0bc,2B,False,True,San Francisco Giants,San Diego Padres,away,2,1,0,0,4,3,0,0,1,1,0,4,4,,,,,,,,,,,,
2026-04-01,2309b078-6645-576b-b2d2-5dbaa9cb75ed,Daniel Susac,93d2a5c1-35ae-5c4d-9ca7-f7fcc88a32ca,C,False,False,San Francisco Giants,San Diego Padres,away,0,0,0,0,0,0,0,0,0,0,0,0,0,,,,,,,,,,,,
2026-04-01,7285ceb0-4c00-5c63-a8c1-dd000fc63cfc,Carter Jensen,add60a5c-95dc-503b-a5b7-79f454562e86,DH,False,False,Kansas City Royals,Minnesota Twins,home,1,0,0,0,5,1,0,3,0,0,0,1,1,,,,,,,,,,,,
2026-04-01,7285ceb0-4c00-5c63-a8c1-dd000fc63cfc,Jonathan India,20949af5-dd03-55d6-a8f3-4a565f24fa02,2B,False,True,Kansas City Royals,Minnesota Twins,home,1,0,0,1,5,2,0,1,0,1,5,8,5,,,,,,,,,,,,
2026-04-01,7285ceb0-4c00-5c63-a8c1-dd000fc63cfc,Tyler Tolbert,80f5c0bc-8e2b-5c02-8d22-b4e7680f8f1a,SS,False,False,Kansas City Royals,Minnesota Twins,home,0,0,0,0,1,0,0,0,0,0,0,0,0,,,,,,,,,,,,
2026-04-01,7285ceb0-4c00-5c63-a8c1-dd000fc63cfc,Isaac Collins,c926f529-9700-5e4c-b204-5e60f55503df,LF,False,True,Kansas City Royals,Minnesota Twins,home,0,1,0,0,5,1,1,1,0,2,1,4,2,,,,,,,,,,,,
2026-04-01,7285ceb0-4c00-5c63-a8c1-dd000fc63cfc,Salvador Perez,fd9f5eef-c0a3-5e7e-9097-e558c01c50b1,C,False,True,Kansas City Royals,Minnesota Twins,home,0,1,0,0,5,1,1,1,0,1,0,2,2,,,,,,,,,,,,
2026-04-01,7285ceb0-4c00-5c63-a8c1-dd000fc63cfc,Nick Loftin,7decf98a-4daf-5621-aed4-0ed96927b001,3B,False,False,Kansas City Royals,Minnesota Twins,home,0,0,0,0,1,0,1,0,0,0,0,0,0,,,,,,,,,,,,
2026-04-01,7285ceb0-4c00-5c63-a8c1-dd000fc63cfc,Lucas Erceg,5cc0897c-ad12-5040-91d3-b7b20c9ae0a6,P,True,False,Kansas City Royals,Minnesota Twins,home,,,,,,,,,,,,,,0.2,2,0,0,0,0,0,,7,0,0.0,0.0
2026-04-01,7285ceb0-4c00-5c63-a8c1-dd000fc63cfc,Nick Mears,70f533f5-9733-5aeb-b8b8-28907be04653,P,True,False,Kansas City Royals,Minnesota Twins,home,,,,,,,,,,,,,,1,3,2,0,0,0,0,,18,0,0.6666666666666666,18.0
2026-04-01,7285ceb0-4c00-5c63-a8c1-dd000fc63cfc,Vinnie Pasquantino,160d1ebf-e65f-5f8e-a25b-00b8001bc198,1B,False,True,Kansas City Royals,Minnesota Twins,home,0,1,0,0,5,1,1,2,0,2,1,4,2,,,,,,,,,,,,
2026-04-01,7285ceb0-4c00-5c63-a8c1-dd000fc63cfc,Kyle Isbel,cf2183c9-e138-5f3a-8d67-6dedd3b07bfb,CF,False,True,Kansas City Royals,Minnesota Twins,home,3,0,0,1,4,4,0,0,1,3,2,9,7,,,,,,,,,,,,
2026-04-01,7285ceb0-4c00-5c63-a8c1-dd000fc63cfc,Daniel Lynch IV,1ce7aa75-f8f9-5806-add0-1e2084d76c53,P,True,False,Kansas City Royals,Minnesota Twins,home,,,,,,,,,,,,,,1,3,2,3,1,0,1,,37,3,0.6666666666666666,18.0
2026-04-01,7285ceb0-4c00-5c63-a8c1-dd000fc63cfc,Bailey Falter,95b450a7-ef38-546e-844a-f334af274676,P,True,False,Kansas City Royals,Minnesota Twins,home,,,,,,,,,,,,,,0.1,1,0,2,3,1,3,,20,3,0.0,0.0
2026-04-01,7285ceb0-4c00-5c63-a8c1-dd000fc63cfc,Maikel Garcia,31857688-327f-5f07-8b02-bc706fd384b8,3B,False,True,Kansas City Royals,Minnesota Twins,home,1,0,0,0,4,1,1,0,0,1,3,5,1,,,,,,,,,,,,
2026-04-01,7285ceb0-4c00-5c63-a8c1-dd000fc63cfc,Noah Cameron,bf1ef469-5a47-55dd-adc1-5c72795acd59,P,True,True,Kansas City Royals,Minnesota Twins,home,,,,,,,,,,,,,,5,15,5,1,4,0,1,,86,1,0.3333333333333333,9.0
2026-04-01,7285ceb0-4c00-5c63-a8c1-dd000fc63cfc,Alex Lange,1b2bab6d-3544-540b-8d29-30e54038bb92,P,True,False,Kansas City Royals,Minnesota Twins,home,,,,,,,,,,,,,,0.1,1,1,3,1,0,2,,34,2,1.0,27.0
2026-04-01,7285ceb0-4c00-5c63-a8c1-dd000fc63cfc,Jac Caglianone,ec14685d-e1f1-5cf3-8532-ae72ed66c00b,RF,False,True,Kansas City Royals,Minnesota Twins,home,2,1,0,0,5,3,0,0,0,3,0,6,4,,,,,,,,,,,,
2026-04-01,7285ceb0-4c00-5c63-a8c1-dd000fc63cfc,Steven Cruz,8094ad84-13c4-5253-8f03-e78cc14cae96,P,True,False,Kansas City Royals,Minnesota Twins,home,,,,,,,,,,,,,,0.2,2,1,0,0,0,0,,7,0,0.5,13.5
2026-04-01,7285ceb0-4c00-5c63-a8c1-dd000fc63cfc,Bobby Witt Jr.,355275f4-ce4a-5c49-a0e4-cadfa2e8a083,SS,False,True,Kansas City Royals,Minnesota Twins,home,1,0,0,0,4,1,0,0,1,0,1,2,1,,,,,,,,,,,,
2026-04-01,7285ceb0-4c00-5c63-a8c1-dd000fc63cfc,Cody Laweryson,ec1d4fee-7d68-51b2-bd07-9ef41b95553a,P,True,False,Minnesota Twins,Kansas City Royals,away,,,,,,,,,,,,,,1.1,4,2,2,2,0,3,,36,4,0.5,13.5
2026-04-01,7285ceb0-4c00-5c63-a8c1-dd000fc63cfc,Victor Caratini,118b5526-726c-567a-b410-9c4d39d4dfe8,1B,False,True,Minnesota Twins,Kansas City Royals,away,1,0,0,0,5,1,1,0,0,0,1,2,1,,,,,,,,,,,,
2026-04-01,7285ceb0-4c00-5c63-a8c1-dd000fc63cfc,Brooks Lee,9e5151e5-7ca3-54b5-906a-035ac2bd117b,SS,False,True,Minnesota Twins,Kansas City Royals,away,1,0,0,0,5,1,1,1,0,1,1,3,1,,,,,,,,,,,,
2026-04-01,7285ceb0-4c00-5c63-a8c1-dd000fc63cfc,Austin Martin,2b621d0f-36d2-5e85-800f-c9ea62645109,LF,False,True,Minnesota Twins,Kansas City Royals,away,1,0,0,0,6,1,2,0,0,0,2,3,1,,,,,,,,,,,,
2026-04-01,7285ceb0-4c00-5c63-a8c1-dd000fc63cfc,Anthony Banda,ca44db94-5d9e-525f-a405-9de2e4448bbf,P,True,False,Minnesota Twins,Kansas City Royals,away,,,,,,,,,,,,,,1,3,1,0,1,0,0,,12,0,0.3333333333333333,9.0
2026-04-01,7285ceb0-4c00-5c63-a8c1-dd000fc63cfc,Tristan Gray,cda6f186-a450-525a-a396-3c2dddd5cb15,3B,False,False,Minnesota Twins,Kansas City Royals,away,1,0,0,0,2,1,1,0,0,0,0,1,1,,,,,,,,,,,,
2026-04-01,7285ceb0-4c00-5c63-a8c1-dd000fc63cfc,Josh Bell,9c4f9447-e182-53d1-9468-d5eed9b0e0f7,DH,False,False,Minnesota Twins,Kansas City Royals,away,0,0,0,1,5,1,2,1,0,3,3,7,4,,,,,,,,,,,,
2026-04-01,7285ceb0-4c00-5c63-a8c1-dd000fc63cfc,Ryan Jeffers,9fa0a7d3-5db7-5110-b162-2933bae5edac,C,False,True,Minnesota Twins,Kansas City Royals,away,0,1,0,0,5,1,2,2,0,2,0,3,2,,,,,,,,,,,,
2026-04-01,7285ceb0-4c00-5c63-a8c1-dd000fc63cfc,James Outman,ecd5e641-3869-57f2-af87-7b030fcc7f7b,CF,False,False,Minnesota Twins,Kansas City Royals,away,0,0,0,0,2,0,0,1,0,0,0,0,0,,,,,,,,,,,,
2026-04-01,7285ceb0-4c00-5c63-a8c1-dd000fc63cfc,Zak Kent,4b451b2b-277a-5bcf-889b-2adac9928fac,P,True,False,Minnesota Twins,Kansas City Royals,away,,,,,,,,,,,,,,1.2,5,2,3,3,2,1,,47,4,0.4,10.799999999999999
2026-04-01,7285ceb0-4c00-5c63-a8c1-dd000fc63cfc,Royce Lewis,ed8d10fa-59d5-527e-9c7f-0eb7ba2f1a36,3B,False,True,Minnesota Twins,Kansas City Royals,away,0,1,0,0,3,1,0,0,0,2,0,3,2,,,,,,,,,,,,
2026-04-01,7285ceb0-4c00-5c63-a8c1-dd000fc63cfc,Byron Buxton,f324ed45-2be1-5593-9601-8a1caeabe988,CF,False,True,Minnesota Twins,Kansas City Royals,away,0,0,0,0,4,0,0,2,0,0,0,0,0,,,,,,,,,,,,
2026-04-01,7285ceb0-4c00-5c63-a8c1-dd000fc63cfc,Joe Ryan,a541cdbd-7ec7-5134-80d1-b806a38f4b2c,P,True,True,Minnesota Twins,Kansas City Royals,away,,,,,,,,,,,,,,4,12,3,0,9,0,5,,77,5,0.25,6.75
2026-04-01,7285ceb0-4c00-5c63-a8c1-dd000fc63cfc,Matt Wallner,d29b50b9-0e28-5d0d-b368-6cecc0a7d512,RF,False,True,Minnesota Twins,Kansas City Royals,away,1,0,0,0,5,1,0,3,0,1,0,2,1,,,,,,,,,,,,
2026-04-01,7285ceb0-4c00-5c63-a8c1-dd000fc63cfc,Luke Keaschall,cd5f4708-4e8f-5a0f-8347-a323178f906f,2B,False,True,Minnesota Twins,Kansas City Royals,away,0,1,0,0,5,1,0,1,0,0,2,3,2,,,,,,,,,,,,
2026-04-01,2380ffc2-5290-5ed6-941e-23a7f5917f8b,Will Smith,a99e1cc5-b7ce-57f3-b25f-a35eb434a138,C,False,True,Los Angeles Dodgers,Cleveland Guardians,home,0,0,0,0,4,0,0,3,0,0,0,0,0,,,,,,,,,,,,
2026-04-01,2380ffc2-5290-5ed6-941e-23a7f5917f8b,Kyle Tucker,2de01d55-4dd3-5bc3-b8e2-7859bbfdb79f,RF,False,True,Los Angeles Dodgers,Cleveland Guardians,home,0,0,0,0,4,0,0,1,0,0,0,0,0,,,,,,,,,,,,
2026-04-01,2380ffc2-5290-5ed6-941e-23a7f5917f8b,Max Muncy,8d258a66-1273-5363-89c6-87933a281e74,3B,False,True,Los Angeles Dodgers,Cleveland Guardians,home,0,0,0,0,3,0,0,2,0,0,0,0,0,,,,,,,,,,,,
2026-04-01,2380ffc2-5290-5ed6-941e-23a7f5917f8b,Freddie Freeman,6ddad2d6-c3a0-5592-8632-a05db59af193,1B,False,True,Los Angeles Dodgers,Cleveland Guardians,home,0,0,0,1,4,1,0,0,0,1,1,3,4,,,,,,,,,,,,
2026-04-01,2380ffc2-5290-5ed6-941e-23a7f5917f8b,Tanner Scott,6e873ad9-8cda-5a19-8663-0e88694246cd,P,True,False,Los Angeles Dodgers,Cleveland Guardians,home,,,,,,,,,,,,,,0.1,1,1,0,1,1,1,,9,1,1.0,27.0
2026-04-01,2380ffc2-5290-5ed6-941e-23a7f5917f8b,Shohei Ohtani,c4531087-0c95-5e6e-8d3c-604e0b0fc776,DH,False,False,Los Angeles Dodgers,Cleveland Guardians,home,0,0,0,0,4,0,1,2,0,0,0,0,0,,,,,,,,,,,,
2026-04-01,2380ffc2-5290-5ed6-941e-23a7f5917f8b,Will Klein,9b1be778-68a0-5cb7-abbf-427e9b848cb0,P,True,False,Los Angeles Dodgers,Cleveland Guardians,home,,,,,,,,,,,,,,1.2,5,1,2,1,0,1,,35,1,0.2,5.3999999999999995
2026-04-01,2380ffc2-5290-5ed6-941e-23a7f5917f8b,Teoscar Hernández,963905ee-cf72-5886-afd2-4e77a95c6134,LF,False,True,Los Angeles Dodgers,Cleveland Guardians,home,1,0,0,0,3,1,0,2,0,0,0,1,1,,,,,,,,,,,,
2026-04-01,2380ffc2-5290-5ed6-941e-23a7f5917f8b,Andy Pages,1057dfe8-f4c3-58d4-be2b-63d4efdf2228,CF,False,True,Los Angeles Dodgers,Cleveland Guardians,home,2,1,0,0,3,3,0,0,0,0,0,3,4,,,,,,,,,,,,
2026-04-01,2380ffc2-5290-5ed6-941e-23a7f5917f8b,Mookie Betts,93f6ca91-7be2-55cc-8e42-a295fae94395,SS,False,True,Los Angeles Dodgers,Cleveland Guardians,home,0,0,0,0,4,0,1,0,0,0,0,0,0,,,,,,,,,,,,
2026-04-01,2380ffc2-5290-5ed6-941e-23a7f5917f8b,Blake Treinen,58320a8c-05ae-5e90-bc89-759f1d31b613,P,True,False,Los Angeles Dodgers,Cleveland Guardians,home,,,,,,,,,,,,,,1,3,1,0,0,0,0,,17,0,0.3333333333333333,9.0
2026-04-01,2380ffc2-5290-5ed6-941e-23a7f5917f8b,Alex Freeland,ba5ee049-6fb5-5806-9480-5a14650880ba,2B,False,True,Los Angeles Dodgers,Cleveland Guardians,home,0,0,0,0,3,0,1,2,0,0,0,0,0,,,,,,,,,,,,
2026-04-01,2380ffc2-5290-5ed6-941e-23a7f5917f8b,Yoshinobu Yamamoto,09306b1c-20e2-5e3d-89f8-cc7f8f145f4c,P,True,True,Los Angeles Dodgers,Cleveland Guardians,home,,,,,,,,,,,,,,6,18,2,1,4,1,2,,87,2,0.1111111111111111,3.0
2026-04-01,2380ffc2-5290-5ed6-941e-23a7f5917f8b,Shawn Armstrong,5f0c6f60-ac3b-5ec3-b62e-f70dbe817109,P,True,False,Cleveland Guardians,Los Angeles Dodgers,away,,,,,,,,,,,,,,0.2,2,1,0,2,0,0,,19,0,0.5,13.5
2026-04-01,2380ffc2-5290-5ed6-941e-23a7f5917f8b,Daniel Schneemann,44aa2c31-5c71-54d6-bd89-c75f77599832,CF,False,True,Cleveland Guardians,Los Angeles Dodgers,away,0,1,0,0,4,1,0,0,1,1,0,2,2,,,,,,,,,,,,
2026-04-01,2380ffc2-5290-5ed6-941e-23a7f5917f8b,Brayan Rocchio,19d4d33d-50bf-55d7-9885-40f4738e6983,2B,False,True,Cleveland Guardians,Los Angeles Dodgers,away,1,0,0,0,3,1,0,0,0,0,0,1,1,,,,,,,,,,,,
2026-04-01,2380ffc2-5290-5ed6-941e-23a7f5917f8b,Gabriel Arias,da74b797-d096-5ec7-bb84-6b0e693536f3,SS,False,True,Cleveland Guardians,Los Angeles Dodgers,away,0,0,0,1,3,1,0,2,0,1,1,3,4,,,,,,,,,,,,
2026-04-01,2380ffc2-5290-5ed6-941e-23a7f5917f8b,Bo Naylor,569c32a2-118a-5902-a55f-3e350c57a8af,C,False,True,Cleveland Guardians,Los Angeles Dodgers,away,2,0,0,0,4,2,0,1,0,0,0,2,2,,,,,,,,,,,,
2026-04-01,2380ffc2-5290-5ed6-941e-23a7f5917f8b,Cade Smith,431e2150-8e44-5087-a282-49c837584e2b,P,True,False,Cleveland Guardians,Los Angeles Dodgers,away,,,,,,,,,,,,,,1,3,0,0,1,1,1,,19,1,0.0,0.0
2026-04-01,2380ffc2-5290-5ed6-941e-23a7f5917f8b,José Ramírez,edd283fa-acd6-56e6-a171-35d869385530,3B,False,True,Cleveland Guardians,Los Angeles Dodgers,away,0,0,0,1,4,1,1,0,0,1,2,4,4,,,,,,,,,,,,
2026-04-01,2380ffc2-5290-5ed6-941e-23a7f5917f8b,Steven Kwan,64af661f-a572-5a07-8797-70964b4dbcb2,LF,False,True,Cleveland Guardians,Los Angeles Dodgers,away,0,0,0,0,4,0,1,0,0,0,0,0,0,,,,,,,,,,,,
2026-04-01,2380ffc2-5290-5ed6-941e-23a7f5917f8b,Angel Martínez,a1a79e19-4dd8-5d43-8cf7-324e82cc4a92,RF,False,True,Cleveland Guardians,Los Angeles Dodgers,away,0,0,0,0,4,0,1,0,0,1,0,1,0,,,,,,,,,,,,
2026-04-01,2380ffc2-5290-5ed6-941e-23a7f5917f8b,Kyle Manzardo,1f4ed7ba-eda9-5a00-b87f-9c005e0a44a8,DH,False,False,Cleveland Guardians,Los Angeles Dodgers,away,0,0,0,0,4,0,0,1,0,0,0,0,0,,,,,,,,,,,,
2026-04-01,2380ffc2-5290-5ed6-941e-23a7f5917f8b,Erik Sabrowski,f440cc49-e1e7-5622-8971-bc07b4313d0d,P,True,False,Cleveland Guardians,Los Angeles Dodgers,away,,,,,,,,,,,,,,0.1,1,1,0,0,0,0,,3,0,1.0,27.0
2026-04-01,2380ffc2-5290-5ed6-941e-23a7f5917f8b,Gavin Williams,156bc1ff-0f10-5ace-87e9-867777537784,P,True,True,Cleveland Guardians,Los Angeles Dodgers,away,,,,,,,,,,,,,,7,21,10,3,2,0,0,,85,0,0.47619047619047616,12.857142857142858
2026-04-01,2380ffc2-5290-5ed6-941e-23a7f5917f8b,Rhys Hoskins,1c22ec74-00f6-5b13-b698-eeaaf10c7523,1B,False,True,Cleveland Guardians,Los Angeles Dodgers,away,0,0,0,0,4,0,0,1,0,0,0,0,0,,,,,,,,,,,,
2026-04-02,46859d7e-daa7-5b19-a8de-b2c13eb3fd6e,Carter Jensen,add60a5c-95dc-503b-a5b7-79f454562e86,C,False,False,Kansas City Royals,Minnesota Twins,home,0,0,0,0,0,0,0,0,0,0,0,0,0,,,,,,,,,,,,
2026-04-02,46859d7e-daa7-5b19-a8de-b2c13eb3fd6e,Cole Ragans,a53c9d07-1bea-5212-bfd0-ea15f560bdf8,P,True,True,Kansas City Royals,Minnesota Twins,home,,,,,,,,,,,,,,6,18,8,1,4,0,0,,89,1,0.4444444444444444,12.0
2026-04-02,46859d7e-daa7-5b19-a8de-b2c13eb3fd6e,Jonathan India,20949af5-dd03-55d6-a8f3-4a565f24fa02,2B,False,True,Kansas City Royals,Minnesota Twins,home,0,0,0,0,4,0,0,0,0,0,0,0,0,,,,,,,,,,,,
2026-04-02,46859d7e-daa7-5b19-a8de-b2c13eb3fd6e,Tyler Tolbert,80f5c0bc-8e2b-5c02-8d22-b4e7680f8f1a,PR,False,False,Kansas City Royals,Minnesota Twins,home,0,0,0,0,0,0,0,0,1,0,0,0,0,,,,,,,,,,,,
2026-04-02,46859d7e-daa7-5b19-a8de-b2c13eb3fd6e,Isaac Collins,c926f529-9700-5e4c-b204-5e60f55503df,LF,False,True,Kansas City Royals,Minnesota Twins,home,1,0,0,0,4,1,1,1,0,0,0,1,1,,,,,,,,,,,,
2026-04-02,46859d7e-daa7-5b19-a8de-b2c13eb3fd6e,Salvador Perez,fd9f5eef-c0a3-5e7e-9097-e558c01c50b1,C,False,True,Kansas City Royals,Minnesota Twins,home,1,0,0,0,4,1,0,0,0,0,0,1,1,,,,,,,,,,,,
2026-04-02,46859d7e-daa7-5b19-a8de-b2c13eb3fd6e,Matt Strahm,0266d0bc-ec47-5b30-a8cd-d7a2b46b4ea6,P,True,False,Kansas City Royals,Minnesota Twins,home,,,,,,,,,,,,,,1,3,2,0,0,0,0,,19,0,0.6666666666666666,18.0
2026-04-02,46859d7e-daa7-5b19-a8de-b2c13eb3fd6e,Vinnie Pasquantino,160d1ebf-e65f-5f8e-a25b-00b8001bc198,1B,False,True,Kansas City Royals,Minnesota Twins,home,1,0,0,0,4,1,0,0,0,0,1,2,1,,,,,,,,,,,,
2026-04-02,46859d7e-daa7-5b19-a8de-b2c13eb3fd6e,Kyle Isbel,cf2183c9-e138-5f3a-8d67-6dedd3b07bfb,CF,False,True,Kansas City Royals,Minnesota Twins,home,1,0,0,0,4,1,0,1,0,0,0,1,1,,,,,,,,,,,,
2026-04-02,46859d7e-daa7-5b19-a8de-b2c13eb3fd6e,Maikel Garcia,31857688-327f-5f07-8b02-bc706fd384b8,3B,False,True,Kansas City Royals,Minnesota Twins,home,1,0,0,0,4,1,1,0,0,1,0,2,1,,,,,,,,,,,,
2026-04-02,46859d7e-daa7-5b19-a8de-b2c13eb3fd6e,Lane Thomas,92cdc2c8-b253-592c-b50a-1e77572b6053,RF,False,True,Kansas City Royals,Minnesota Twins,home,0,0,0,0,4,0,0,1,0,0,0,0,0,,,,,,,,,,,,
2026-04-02,46859d7e-daa7-5b19-a8de-b2c13eb3fd6e,Jac Caglianone,ec14685d-e1f1-5cf3-8532-ae72ed66c00b,DH,False,False,Kansas City Royals,Minnesota Twins,home,1,0,0,0,4,1,0,1,0,0,0,1,1,,,,,,,,,,,,
2026-04-02,46859d7e-daa7-5b19-a8de-b2c13eb3fd6e,Steven Cruz,8094ad84-13c4-5253-8f03-e78cc14cae96,P,True,False,Kansas City Royals,Minnesota Twins,home,,,,,,,,,,,,,,1,3,1,0,3,3,3,,27,3,0.3333333333333333,9.0
2026-04-02,46859d7e-daa7-5b19-a8de-b2c13eb3fd6e,John Schreiber,af846716-0751-55d2-a0de-04178c31615c,P,True,False,Kansas City Royals,Minnesota Twins,home,,,,,,,,,,,,,,1,3,1,2,1,0,1,,27,1,0.3333333333333333,9.0
2026-04-02,46859d7e-daa7-5b19-a8de-b2c13eb3fd6e,Bobby Witt Jr.,355275f4-ce4a-5c49-a0e4-cadfa2e8a083,SS,False,True,Kansas City Royals,Minnesota Twins,home,1,0,0,0,4,1,0,2,0,0,0,1,1,,,,,,,,,,,,
2026-04-02,46859d7e-daa7-5b19-a8de-b2c13eb3fd6e,Taj Bradley,059cc2ae-9eca-5eb3-a86d-85149c0a3399,P,True,True,Minnesota Twins,Kansas City Royals,away,,,,,,,,,,,,,,6,18,3,1,5,0,0,,100,0,0.16666666666666666,4.5
2026-04-02,46859d7e-daa7-5b19-a8de-b2c13eb3fd6e,Justin Topa,f695595b-b683-55e9-8396-d2c651a30ad9,P,True,False,Minnesota Twins,Kansas City Royals,away,,,,,,,,,,,,,,1,3,1,1,0,0,0,,13,0,0.3333333333333333,9.0
2026-04-02,46859d7e-daa7-5b19-a8de-b2c13eb3fd6e,Victor Caratini,118b5526-726c-567a-b410-9c4d39d4dfe8,C,False,True,Minnesota Twins,Kansas City Royals,away,1,0,0,0,4,1,0,0,0,0,0,1,1,,,,,,,,,,,,
2026-04-02,46859d7e-daa7-5b19-a8de-b2c13eb3fd6e,Kody Clemens,388afaec-b241-58d7-8b05-1e0292aaa5ce,1B,False,True,Minnesota Twins,Kansas City Royals,away,1,0,0,1,4,2,1,0,0,2,1,5,5,,,,,,,,,,,,
2026-04-02,46859d7e-daa7-5b19-a8de-b2c13eb3fd6e,Austin Martin,2b621d0f-36d2-5e85-800f-c9ea62645109,LF,False,True,Minnesota Twins,Kansas City Royals,away,0,0,0,0,3,0,0,2,0,0,0,0,0,,,,,,,,,,,,
2026-04-02,46859d7e-daa7-5b19-a8de-b2c13eb3fd6e,Tristan Gray,cda6f186-a450-525a-a396-3c2dddd5cb15,SS,False,True,Minnesota Twins,Kansas City Royals,away,0,0,0,0,4,0,0,3,0,0,0,0,0,,,,,,,,,,,,
2026-04-02,46859d7e-daa7-5b19-a8de-b2c13eb3fd6e,Josh Bell,9c4f9447-e182-53d1-9468-d5eed9b0e0f7,DH,False,False,Minnesota Twins,Kansas City Royals,away,0,0,0,1,4,1,1,1,0,2,1,4,4,,,,,,,,,,,,
2026-04-02,46859d7e-daa7-5b19-a8de-b2c13eb3fd6e,James Outman,ecd5e641-3869-57f2-af87-7b030fcc7f7b,LF,False,False,Minnesota Twins,Kansas City Royals,away,0,0,0,0,0,0,0,0,1,0,0,0,0,,,,,,,,,,,,
2026-04-02,46859d7e-daa7-5b19-a8de-b2c13eb3fd6e,Cole Sands,aaee493c-5d22-52fe-8a1f-8b87a0750522,P,True,False,Minnesota Twins,Kansas City Royals,away,,,,,,,,,,,,,,0.2,2,0,0,2,0,1,,11,1,0.0,0.0
2026-04-02,46859d7e-daa7-5b19-a8de-b2c13eb3fd6e,Taylor Rogers,c74a9c59-bc65-5c6a-9529-7f69ff407ca5,P,True,False,Minnesota Twins,Kansas City Royals,away,,,,,,,,,,,,,,0.1,1,1,0,0,0,0,,4,0,1.0,27.0
2026-04-02,46859d7e-daa7-5b19-a8de-b2c13eb3fd6e,Kody Funderburk,194f8ff2-a54d-5d6f-b29f-4ada5ae3629b,P,True,False,Minnesota Twins,Kansas City Royals,away,,,,,,,,,,,,,,1,3,1,0,0,0,0,,15,0,0.3333333333333333,9.0
2026-04-02,46859d7e-daa7-5b19-a8de-b2c13eb3fd6e,Royce Lewis,ed8d10fa-59d5-527e-9c7f-0eb7ba2f1a36,3B,False,True,Minnesota Twins,Kansas City Royals,away,0,1,0,0,4,1,0,3,0,0,0,1,2,,,,,,,,,,,,
2026-04-02,46859d7e-daa7-5b19-a8de-b2c13eb3fd6e,Trevor Larnach,acc8d7d3-6cc6-5ddb-82f7-c51950746185,PH,False,False,Minnesota Twins,Kansas City Royals,away,0,0,0,0,1,0,1,0,0,0,0,0,0,,,,,,,,,,,,
2026-04-02,46859d7e-daa7-5b19-a8de-b2c13eb3fd6e,Byron Buxton,f324ed45-2be1-5593-9601-8a1caeabe988,CF,False,True,Minnesota Twins,Kansas City Royals,away,0,0,0,0,4,0,0,1,0,0,1,1,0,,,,,,,,,,,,
2026-04-02,46859d7e-daa7-5b19-a8de-b2c13eb3fd6e,Matt Wallner,d29b50b9-0e28-5d0d-b368-6cecc0a7d512,RF,False,True,Minnesota Twins,Kansas City Royals,away,0,0,0,1,4,1,0,1,0,1,1,3,4,,,,,,,,,,,,
2026-04-02,46859d7e-daa7-5b19-a8de-b2c13eb3fd6e,Luke Keaschall,cd5f4708-4e8f-5a0f-8347-a323178f906f,2B,False,True,Minnesota Twins,Kansas City Royals,away,2,0,0,0,4,2,0,1,0,0,0,2,2,,,,,,,,,,,,
2026-04-03,82cfcb4c-fabc-57af-9835-b4d75cf2b113,Lenyn Sosa,63526b54-bb98-5442-a5ec-b6f09cb03c58,PR,False,False,Chicago White Sox,Toronto Blue Jays,home,0,0,0,0,0,0,0,0,0,0,0,0,0,,,,,,,,,,,,
2026-04-03,82cfcb4c-fabc-57af-9835-b4d75cf2b113,Tristan Peters,574e45bf-8e75-5762-ba59-2684060d441c,RF,False,True,Chicago White Sox,Toronto Blue Jays,home,2,0,0,0,5,2,0,2,0,0,1,3,2,,,,,,,,,,,,
2026-04-03,82cfcb4c-fabc-57af-9835-b4d75cf2b113,Luisangel Acuña,02ae1abb-7737-5f3c-97fa-343ed56b2a95,CF,False,True,Chicago White Sox,Toronto Blue Jays,home,1,0,0,0,4,1,0,2,1,0,0,1,1,,,,,,,,,,,,
2026-04-03,82cfcb4c-fabc-57af-9835-b4d75cf2b113,Munetaka Murakami,5ef6bdd4-00f0-5b87-b02a-2ad78752c1aa,1B,False,True,Chicago White Sox,Toronto Blue Jays,home,1,0,0,0,5,1,1,2,0,0,0,1,1,,,,,,,,,,,,
2026-04-03,82cfcb4c-fabc-57af-9835-b4d75cf2b113,Chase Meidroth,b8e78229-a743-53a4-9be9-92e7b52d24ee,2B,False,True,Chicago White Sox,Toronto Blue Jays,home,1,0,0,0,5,1,1,2,0,1,0,2,1,,,,,,,,,,,,
2026-04-03,82cfcb4c-fabc-57af-9835-b4d75cf2b113,Grant Taylor,11686577-42f6-53e3-981a-46181cd1ba91,P,True,True,Chicago White Sox,Toronto Blue Jays,home,,,,,,,,,,,,,,1,3,1,0,0,0,0,,9,0,0.3333333333333333,9.0
2026-04-03,82cfcb4c-fabc-57af-9835-b4d75cf2b113,Colson Montgomery,e16341a7-cdfb-58eb-93e1-88a182b5acbb,SS,False,True,Chicago White Sox,Toronto Blue Jays,home,1,0,0,0,5,1,1,1,1,1,0,2,1,,,,,,,,,,,,
2026-04-03,82cfcb4c-fabc-57af-9835-b4d75cf2b113,Austin Hays,f66b4ccd-b4ce-5914-9cc5-790cbd311cac,LF,False,True,Chicago White Sox,Toronto Blue Jays,home,1,0,0,0,5,1,0,1,0,0,2,3,1,,,,,,,,,,,,
2026-04-03,82cfcb4c-fabc-57af-9835-b4d75cf2b113,Seranthony Domínguez,bdefbbc2-8201-5f7b-8b57-91738da5cf78,P,True,False,Chicago White Sox,Toronto Blue Jays,home,,,,,,,,,,,,,,1.1,4,2,0,0,0,0,,22,1,0.5,13.5
2026-04-03,82cfcb4c-fabc-57af-9835-b4d75cf2b113,Reese McGuire,d2eb512b-a5c2-5e72-9f5e-4afe623df4f6,C,False,False,Chicago White Sox,Toronto Blue Jays,home,0,0,0,0,0,0,0,0,0,0,0,0,0,,,,,,,,,,,,
2026-04-03,82cfcb4c-fabc-57af-9835-b4d75cf2b113,Edgar Quero,3a107cbc-e2a4-581e-a7a7-4062370df3ac,C,False,True,Chicago White Sox,Toronto Blue Jays,home,2,0,0,0,4,2,0,0,0,0,0,2,2,,,,,,,,,,,,
2026-04-03,82cfcb4c-fabc-57af-9835-b4d75cf2b113,Andrew Benintendi,c40737a9-be3f-59a6-bd2b-9b112bd2d62c,DH,False,False,Chicago White Sox,Toronto Blue Jays,home,1,0,0,0,4,1,0,2,0,0,0,1,1,,,,,,,,,,,,
2026-04-03,82cfcb4c-fabc-57af-9835-b4d75cf2b113,Jordan Leasure,d51a1ac2-63d5-5405-b9fc-358ea7a4f4f2,P,True,False,Chicago White Sox,Toronto Blue Jays,home,,,,,,,,,,,,,,1,3,1,1,2,1,2,,17,2,0.3333333333333333,9.0
2026-04-03,82cfcb4c-fabc-57af-9835-b4d75cf2b113,Sean Burke,269267cf-7db3-50af-b5b7-cce9df1a6efe,P,True,False,Chicago White Sox,Toronto Blue Jays,home,,,,,,,,,,,,,,6,18,7,0,4,0,1,,85,1,0.3888888888888889,10.5
2026-04-03,82cfcb4c-fabc-57af-9835-b4d75cf2b113,Sean Newcomb,c03e558f-dd6f-5180-8a00-f64b635bf442,P,True,False,Chicago White Sox,Toronto Blue Jays,home,,,,,,,,,,,,,,0.2,2,0,0,1,0,0,,8,0,0.0,0.0
2026-04-03,82cfcb4c-fabc-57af-9835-b4d75cf2b113,Derek Hill,4b2fe8d0-5868-548f-8cbb-605feabbba95,DH,False,False,Chicago White Sox,Toronto Blue Jays,home,1,0,0,0,1,1,0,0,0,1,0,2,1,,,,,,,,,,,,
2026-04-03,82cfcb4c-fabc-57af-9835-b4d75cf2b113,Miguel Vargas,62addef8-7bda-57cd-a2aa-6821f9ad6427,3B,False,True,Chicago White Sox,Toronto Blue Jays,home,0,0,0,0,5,0,1,0,1,2,0,2,0,,,,,,,,,,,,
2026-04-03,82cfcb4c-fabc-57af-9835-b4d75cf2b113,Louis Varland,43a301da-e095-5382-ac97-cdfd89964564,P,True,False,Toronto Blue Jays,Chicago White Sox,away,,,,,,,,,,,,,,1,3,1,0,1,0,0,,15,0,0.3333333333333333,9.0
2026-04-03,82cfcb4c-fabc-57af-9835-b4d75cf2b113,Brendon Little,c8e0f7f5-bee7-54d5-95e8-690e3210fa3f,P,True,False,Toronto Blue Jays,Chicago White Sox,away,,,,,,,,,,,,,,1,3,1,0,0,0,0,,17,0,0.3333333333333333,9.0
2026-04-03,82cfcb4c-fabc-57af-9835-b4d75cf2b113,Ernie Clement,988f69d3-1ea5-5410-b27c-6ff47e783156,3B,False,True,Toronto Blue Jays,Chicago White Sox,away,1,0,0,0,4,1,0,0,0,1,0,2,1,,,,,,,,,,,,
2026-04-03,82cfcb4c-fabc-57af-9835-b4d75cf2b113,Daulton Varsho,c87cf210-4b8f-50d7-bfd9-fa6cf7616329,CF,False,True,Toronto Blue Jays,Chicago White Sox,away,0,1,0,0,4,1,0,1,0,0,0,1,2,,,,,,,,,,,,
2026-04-03,82cfcb4c-fabc-57af-9835-b4d75cf2b113,Andrés Giménez,0fa89082-0ded-58c2-8fab-9feb8319955a,SS,False,True,Toronto Blue Jays,Chicago White Sox,away,0,0,0,1,4,1,0,2,0,1,2,4,4,,,,,,,,,,,,
2026-04-03,82cfcb4c-fabc-57af-9835-b4d75cf2b113,Jeff Hoffman,8a30ae2b-cedf-55fd-9f14-4f21591af7ee,P,True,False,Toronto Blue Jays,Chicago White Sox,away,,,,,,,,,,,,,,0.2,2,1,0,2,0,0,,14,2,0.5,13.5
2026-04-03,82cfcb4c-fabc-57af-9835-b4d75cf2b113,Dylan Cease,cc3d2bc9-9164-54cb-ba96-182514d7acc1,P,True,True,Toronto Blue Jays,Chicago White Sox,away,,,,,,,,,,,,,,4.1,13,6,3,5,0,2,,93,3,0.46153846153846156,12.461538461538462
2026-04-03,82cfcb4c-fabc-57af-9835-b4d75cf2b113,Davis Schneider,eac368f3-49d7-52aa-8a4a-5ada98dd9f58,2B,False,False,Toronto Blue Jays,Chicago White Sox,away,0,0,0,0,0,0,0,0,0,1,0,1,0,,,,,,,,,,,,
2026-04-03,82cfcb4c-fabc-57af-9835-b4d75cf2b113,Addison Barger,acbb27ca-7bd0-5f3b-8d74-1400045fb79c,RF,False,True,Toronto Blue Jays,Chicago White Sox,away,0,1,0,0,3,1,0,0,0,1,0,2,2,,,,,,,,,,,,
2026-04-03,82cfcb4c-fabc-57af-9835-b4d75cf2b113,George Springer,b12c925d-b511-5331-a994-839ab4c086ad,DH,False,False,Toronto Blue Jays,Chicago White Sox,away,1,0,0,0,5,1,1,0,1,0,0,1,1,,,,,,,,,,,,
2026-04-03,82cfcb4c-fabc-57af-9835-b4d75cf2b113,Braydon Fisher,b15b9955-da2a-5033-9ac6-6dc1d732925d,P,True,False,Toronto Blue Jays,Chicago White Sox,away,,,,,,,,,,,,,,1.2,5,3,0,2,0,0,,21,0,0.6,16.2
2026-04-03,82cfcb4c-fabc-57af-9835-b4d75cf2b113,Tyler Heineman,6685aac3-5a12-5745-963c-5c43af83f729,C,False,False,Toronto Blue Jays,Chicago White Sox,away,0,0,0,0,0,0,0,0,0,0,0,0,0,,,,,,,,,,,,
2026-04-03,82cfcb4c-fabc-57af-9835-b4d75cf2b113,Tyler Rogers,c9270751-0889-57fe-8766-f58a19b2dbda,P,True,False,Toronto Blue Jays,Chicago White Sox,away,,,,,,,,,,,,,,1,3,0,1,1,0,0,,12,0,0.0,0.0
2026-04-03,82cfcb4c-fabc-57af-9835-b4d75cf2b113,Vladimir Guerrero Jr.,c652a6fb-0803-556b-a03b-9fed12cedf9b,1B,False,True,Toronto Blue Jays,Chicago White Sox,away,1,0,0,0,4,1,0,1,0,0,0,1,1,,,,,,,,,,,,
2026-04-03,82cfcb4c-fabc-57af-9835-b4d75cf2b113,Jesús Sánchez,62480674-d120-5cd2-bdd3-05c3cbecd240,RF,False,True,Toronto Blue Jays,Chicago White Sox,away,0,0,0,0,5,0,0,3,0,0,0,0,0,,,,,,,,,,,,
2026-04-03,82cfcb4c-fabc-57af-9835-b4d75cf2b113,Myles Straw,51c4113b-ff8e-5728-b588-d6a0be2f776a,LF,False,False,Toronto Blue Jays,Chicago White Sox,away,0,0,0,0,1,0,0,0,0,0,0,0,0,,,,,,,,,,,,
2026-04-03,82cfcb4c-fabc-57af-9835-b4d75cf2b113,Alejandro Kirk,8676c14f-6022-5f84-8f02-86c9aceff281,C,False,True,Toronto Blue Jays,Chicago White Sox,away,0,1,0,0,4,1,0,0,0,0,1,2,2,,,,,,,,,,,,
2026-04-03,82cfcb4c-fabc-57af-9835-b4d75cf2b113,Kazuma Okamoto,d79d11dd-a762-5962-aed1-9e87c656e5fc,3B,False,True,Toronto Blue Jays,Chicago White Sox,away,0,0,0,0,4,0,0,4,0,0,0,0,0,,,,,,,,,,,,
2026-04-02,48ee8c8d-f65f-5ea0-b805-6fa2cd9dc268,Andrew Hoffmann,3c0cd34a-8ec8-5613-ac20-8b419aa79725,P,True,False,Arizona Diamondbacks,Atlanta Braves,home,,,,,,,,,,,,,,1,3,2,1,1,0,0,,23,0,0.6666666666666666,18.0
2026-04-02,48ee8c8d-f65f-5ea0-b805-6fa2cd9dc268,Jordan Lawlar,efc1a492-55fc-5064-9cad-53d91802c077,LF,False,True,Arizona Diamondbacks,Atlanta Braves,home,0,0,0,1,3,1,0,1,0,1,1,3,4,,,,,,,,,,,,
2026-04-02,48ee8c8d-f65f-5ea0-b805-6fa2cd9dc268,Tim Tawa,cc27f63f-70a0-5138-9eeb-093814a1bc06,LF,False,False,Arizona Diamondbacks,Atlanta Braves,home,0,0,0,0,1,0,0,0,0,0,0,0,0,,,,,,,,,,,,
2026-04-02,48ee8c8d-f65f-5ea0-b805-6fa2cd9dc268,Nolan Arenado,aa4157df-7915-5251-83c1-0c1f931c43f0,3B,False,True,Arizona Diamondbacks,Atlanta Braves,home,1,0,0,0,2,1,0,0,0,0,0,1,1,,,,,,,,,,,,
2026-04-02,48ee8c8d-f65f-5ea0-b805-6fa2cd9dc268,Kevin Ginkel,2bc38bf7-08a1-5ad8-853f-9acf889b8f52,P,True,False,Arizona Diamondbacks,Atlanta Braves,home,,,,,,,,,,,,,,0.1,1,0,1,3,0,3,,22,3,0.0,0.0
2026-04-02,48ee8c8d-f65f-5ea0-b805-6fa2cd9dc268,Joe Ross,55e3c59f-7287-51c5-86ba-5037f9da9e49,P,True,False,Arizona Diamondbacks,Atlanta Braves,home,,,,,,,,,,,,,,2,6,1,3,2,1,2,,52,2,0.16666666666666666,4.5
2026-04-02,48ee8c8d-f65f-5ea0-b805-6fa2cd9dc268,Ketel Marte,c81e5c80-cc33-537b-b75e-e43d4baeefd8,2B,False,True,Arizona Diamondbacks,Atlanta Braves,home,0,0,0,0,4,0,0,0,0,0,0,0,0,,,,,,,,,,,,
2026-04-02,48ee8c8d-f65f-5ea0-b805-6fa2cd9dc268,Ildemaro Vargas,e20d8cb6-0ba2-5399-9d20-541d1cfce0e7,3B,False,False,Arizona Diamondbacks,Atlanta Braves,home,1,1,0,0,2,2,0,0,0,0,1,3,3,,,,,,,,,,,,
2026-04-02,48ee8c8d-f65f-5ea0-b805-6fa2cd9dc268,Ryne Nelson,551b806d-aaa1-5389-aa45-c1b6e77c5b8c,P,True,True,Arizona Diamondbacks,Atlanta Braves,home,,,,,,,,,,,,,,4.2,14,3,3,3,2,2,,80,7,0.21428571428571427,5.785714285714286
2026-04-02,48ee8c8d-f65f-5ea0-b805-6fa2cd9dc268,Geraldo Perdomo,f16aabac-5df9-5d25-854f-705f0f9b265a,SS,False,True,Arizona Diamondbacks,Atlanta Braves,home,0,1,0,0,2,1,1,0,0,0,0,1,2,,,,,,,,,,,,
2026-04-02,48ee8c8d-f65f-5ea0-b805-6fa2cd9dc268,Jose Fernandez,24ee4058-1b78-50fa-92c9-0ebeb3bfad17,SS,False,False,Arizona Diamondbacks,Atlanta Braves,home,0,0,0,0,2,0,0,0,0,0,0,0,0,,,,,,,,,,,,
2026-04-02,48ee8c8d-f65f-5ea0-b805-6fa2cd9dc268,Gabriel Moreno,18e63c5c-4632-5dbc-9084-71bfa57a99c7,C,False,True,Arizona Diamondbacks,Atlanta Braves,home,0,0,0,0,4,0,1,0,0,1,0,1,0,,,,,,,,,,,,
2026-04-02,48ee8c8d-f65f-5ea0-b805-6fa2cd9dc268,Corbin Carroll,3b6210c9-3db8-5b34-9af5-e972d0b61b99,DH,False,False,Arizona Diamondbacks,Atlanta Braves,home,0,0,0,0,3,0,0,2,0,0,0,0,0,,,,,,,,,,,,
2026-04-02,48ee8c8d-f65f-5ea0-b805-6fa2cd9dc268,James McCann,03983b89-44f4-5d46-a8af-e1aeb9219a7a,P,True,False,Arizona Diamondbacks,Atlanta Braves,home,0,0,0,0,1,0,0,0,0,0,0,0,0,1,3,0,0,7,1,5,,20,5,0.0,0.0
2026-04-02,48ee8c8d-f65f-5ea0-b805-6fa2cd9dc268,Carlos Santana,1e382352-f767-5763-bb8c-059aceb7ca11,1B,False,True,Arizona Diamondbacks,Atlanta Braves,home,0,0,0,0,4,0,0,1,0,0,0,0,0,,,,,,,,,,,,
2026-04-02,48ee8c8d-f65f-5ea0-b805-6fa2cd9dc268,Jorge Barrosa,a7bb2eb0-3405-55cc-a5f2-d51828ea32dd,RF,False,True,Arizona Diamondbacks,Atlanta Braves,home,0,1,0,0,3,1,0,0,0,0,0,1,2,,,,,,,,,,,,
2026-04-02,48ee8c8d-f65f-5ea0-b805-6fa2cd9dc268,Alek Thomas,877bcfe1-8864-5209-ac98-f3513aa34d93,CF,False,True,Arizona Diamondbacks,Atlanta Braves,home,0,0,0,0,4,0,0,1,0,0,0,0,0,,,,,,,,,,,,
2026-04-02,48ee8c8d-f65f-5ea0-b805-6fa2cd9dc268,Michael Harris II,cff14015-b6ae-555e-a442-60e9ddb08b61,CF,False,True,Atlanta Braves,Arizona Diamondbacks,away,1,1,0,0,6,2,0,0,0,1,2,5,3,,,,,,,,,,,,
2026-04-02,48ee8c8d-f65f-5ea0-b805-6fa2cd9dc268,Jorge Mateo,9599b336-e628-59ce-ad5c-a8e26c743dc4,DH,False,False,Atlanta Braves,Arizona Diamondbacks,away,0,0,0,1,1,1,0,0,0,1,2,4,4,,,,,,,,,,,,
2026-04-02,48ee8c8d-f65f-5ea0-b805-6fa2cd9dc268,Mauricio Dubón,47d09ee0-3ea8-5df2-b34c-c6fd76faa3fb,SS,False,True,Atlanta Braves,Arizona Diamondbacks,away,1,0,0,1,5,2,1,0,0,3,1,6,5,,,,,,,,,,,,
2026-04-02,48ee8c8d-f65f-5ea0-b805-6fa2cd9dc268,Drake Baldwin,1e5f1f08-e9ec-57db-b15f-c1ec8d14d85e,C,False,True,Atlanta Braves,Arizona Diamondbacks,away,1,0,0,0,6,1,0,1,0,3,1,5,1,,,,,,,,,,,,
2026-04-02,48ee8c8d-f65f-5ea0-b805-6fa2cd9dc268,Osvaldo Bido,7d01f99d-881f-5c78-81dc-ca8e967ab527,P,True,False,Atlanta Braves,Arizona Diamondbacks,away,,,,,,,,,,,,,,3,9,1,1,2,0,1,,42,1,0.1111111111111111,3.0
2026-04-02,48ee8c8d-f65f-5ea0-b805-6fa2cd9dc268,Matt Olson,fa607d2a-7f47-5352-8330-cb074e809054,1B,False,True,Atlanta Braves,Arizona Diamondbacks,away,0,2,0,1,6,3,1,1,0,3,3,9,8,,,,,,,,,,,,
2026-04-02,48ee8c8d-f65f-5ea0-b805-6fa2cd9dc268,Dominic Smith,a71b9e93-42ca-5a21-9c07-6aa70b6b9bae,DH,False,False,Atlanta Braves,Arizona Diamondbacks,away,0,0,0,1,4,1,1,0,0,2,1,4,4,,,,,,,,,,,,
2026-04-02,48ee8c8d-f65f-5ea0-b805-6fa2cd9dc268,Ronald Acuña Jr.,bf408b79-82a4-5a4a-bb2f-6bdbef2af3cc,RF,False,True,Atlanta Braves,Arizona Diamondbacks,away,1,0,0,0,5,1,1,1,0,0,1,2,1,,,,,,,,,,,,
2026-04-02,48ee8c8d-f65f-5ea0-b805-6fa2cd9dc268,Kyle Farmer,61bebf05-06b8-51d1-953e-aea34317e2f1,3B,False,False,Atlanta Braves,Arizona Diamondbacks,away,1,0,0,0,2,1,0,0,0,0,1,2,1,,,,,,,,,,,,
2026-04-02,48ee8c8d-f65f-5ea0-b805-6fa2cd9dc268,Tyler Kinley,42de22d0-6456-596f-848b-5cf21ea6f7cc,P,True,False,Atlanta Braves,Arizona Diamondbacks,away,,,,,,,,,,,,,,1,3,1,0,0,0,0,,10,0,0.3333333333333333,9.0
2026-04-02,48ee8c8d-f65f-5ea0-b805-6fa2cd9dc268,Reynaldo López,6a84d7bc-7ed4-5fa4-9aaa-a01abdd81b6b,P,True,True,Atlanta Braves,Arizona Diamondbacks,away,,,,,,,,,,,,,,5,15,3,1,4,1,1,,79,1,0.2,5.4
2026-04-02,48ee8c8d-f65f-5ea0-b805-6fa2cd9dc268,Eli White,834441df-51be-58ee-b9ae-8897115e2079,RF,False,False,Atlanta Braves,Arizona Diamondbacks,away,0,0,0,0,1,0,0,0,0,0,0,0,0,,,,,,,,,,,,
2026-04-02,48ee8c8d-f65f-5ea0-b805-6fa2cd9dc268,Ozzie Albies,360c17ce-8588-52bd-b86a-6621a43f1bac,2B,False,True,Atlanta Braves,Arizona Diamondbacks,away,2,0,0,0,6,2,1,2,0,2,1,5,2,,,,,,,,,,,,
2026-04-02,48ee8c8d-f65f-5ea0-b805-6fa2cd9dc268,Austin Riley,3ae0fd65-efd0-5a3b-872b-7150b0c699aa,3B,False,True,Atlanta Braves,Arizona Diamondbacks,away,0,1,0,0,4,1,1,1,0,1,2,4,2,,,,,,,,,,,,
2026-04-02,48ee8c8d-f65f-5ea0-b805-6fa2cd9dc268,Mike Yastrzemski,1a244f8f-82ee-555a-b1af-aa44b0f2ff31,LF,False,True,Atlanta Braves,Arizona Diamondbacks,away,0,1,0,0,6,1,2,0,0,1,2,4,2,,,,,,,,,,,,
2026-04-02,8fdef9d5-7713-5e91-835a-1b3d0cff458b,Casey Schmitt,e4311142-3ace-57e1-a7f1-cdc5d6796151,1B,False,True,San Francisco Giants,New York Mets,home,3,0,0,0,4,3,1,0,0,0,1,4,3,,,,,,,,,,,,
2026-04-02,8fdef9d5-7713-5e91-835a-1b3d0cff458b,Heliot Ramos,521d9176-c734-5b63-9285-a4ab783f6edd,LF,False,True,San Francisco Giants,New York Mets,home,1,0,0,0,5,1,0,1,0,2,0,3,1,,,,,,,,,,,,
2026-04-02,8fdef9d5-7713-5e91-835a-1b3d0cff458b,Ryan Walker,9692f352-63be-5068-b624-e61be6dd9643,P,True,False,San Francisco Giants,New York Mets,home,,,,,,,,,,,,,,0.2,2,1,0,0,0,0,,12,0,0.5,13.5
2026-04-02,8fdef9d5-7713-5e91-835a-1b3d0cff458b,Matt Chapman,2c47b345-ac3d-53c1-b77e-6c5fa7a469bb,3B,False,True,San Francisco Giants,New York Mets,home,1,1,0,0,5,2,0,0,0,1,1,4,3,,,,,,,,,,,,
2026-04-02,8fdef9d5-7713-5e91-835a-1b3d0cff458b,Jung Hoo Lee,5233b094-55d5-5790-9af1-e92aeb0a3f2a,RF,False,True,San Francisco Giants,New York Mets,home,0,0,0,0,4,0,1,0,0,1,1,2,0,,,,,,,,,,,,
2026-04-02,8fdef9d5-7713-5e91-835a-1b3d0cff458b,Rafael Devers,c9835c18-6f1f-57cd-a2ff-0ff6d821b16c,DH,False,False,San Francisco Giants,New York Mets,home,1,0,0,1,5,2,0,1,0,1,1,4,5,,,,,,,,,,,,
2026-04-02,8fdef9d5-7713-5e91-835a-1b3d0cff458b,Harrison Bader,91a8ec44-ffa8-5211-b6b0-96ba26567032,CF,False,True,San Francisco Giants,New York Mets,home,0,0,0,0,4,0,0,1,0,0,1,1,0,,,,,,,,,,,,
2026-04-02,8fdef9d5-7713-5e91-835a-1b3d0cff458b,Blade Tidwell,e86e8d7f-c4ff-5d3d-9877-e8fd46b42393,P,True,False,San Francisco Giants,New York Mets,home,,,,,,,,,,,,,,3,9,2,0,2,0,0,,37,0,0.2222222222222222,6.0
2026-04-02,8fdef9d5-7713-5e91-835a-1b3d0cff458b,Willy Adames,78cc8077-60d2-554c-b37f-99c3e17b50a1,SS,False,True,San Francisco Giants,New York Mets,home,0,0,0,0,5,0,1,3,0,0,0,0,0,,,,,,,,,,,,
2026-04-02,8fdef9d5-7713-5e91-835a-1b3d0cff458b,Robbie Ray,be061368-7ddb-5a71-a564-c446e516590f,P,True,True,San Francisco Giants,New York Mets,home,,,,,,,,,,,,,,5.1,16,7,3,3,1,2,,96,2,0.4375,11.8125
2026-04-02,8fdef9d5-7713-5e91-835a-1b3d0cff458b,Luis Arraez,b0939c49-253b-5c8b-b011-386ee0b6e0bc,2B,False,True,San Francisco Giants,New York Mets,home,1,0,1,0,5,2,0,1,0,2,1,5,4,,,,,,,,,,,,
2026-04-02,8fdef9d5-7713-5e91-835a-1b3d0cff458b,Daniel Susac,93d2a5c1-35ae-5c4d-9ca7-f7fcc88a32ca,C,False,True,San Francisco Giants,New York Mets,home,3,0,0,0,4,3,1,0,0,0,0,3,3,,,,,,,,,,,,
2026-04-02,8fdef9d5-7713-5e91-835a-1b3d0cff458b,Bo Bichette,33496f7a-3b83-59ef-b119-01d0d2437f28,3B,False,True,New York Mets,San Francisco Giants,away,0,1,0,0,4,1,0,1,0,0,1,2,2,,,,,,,,,,,,
2026-04-02,8fdef9d5-7713-5e91-835a-1b3d0cff458b,Tyrone Taylor,8fc7ace9-e93d-58ba-b637-cdf5daaef922,RF,False,True,New York Mets,San Francisco Giants,away,0,0,0,0,3,0,0,1,0,0,0,0,0,,,,,,,,,,,,
2026-04-02,8fdef9d5-7713-5e91-835a-1b3d0cff458b,Francisco Alvarez,f87397a4-f111-5de9-bdd5-ccb027f66a9c,C,False,True,New York Mets,San Francisco Giants,away,1,0,0,0,3,1,0,1,0,0,0,1,1,,,,,,,,,,,,
2026-04-02,8fdef9d5-7713-5e91-835a-1b3d0cff458b,Sean Manaea,3767ce45-7072-57bd-93ad-bab621dbb442,P,True,False,New York Mets,San Francisco Giants,away,,,,,,,,,,,,,,3.2,11,2,2,4,1,1,,74,1,0.18181818181818182,4.909090909090909
2026-04-02,8fdef9d5-7713-5e91-835a-1b3d0cff458b,Mark Vientos,a659963f-2607-5990-8edb-583d390591c8,1B,False,True,New York Mets,San Francisco Giants,away,0,0,0,1,4,1,0,2,0,1,1,3,4,,,,,,,,,,,,
2026-04-02,8fdef9d5-7713-5e91-835a-1b3d0cff458b,Marcus Semien,ea54830a-4412-565e-8199-20eca49f0dd0,2B,False,True,New York Mets,San Francisco Giants,away,1,0,0,0,3,1,0,0,0,0,0,1,1,,,,,,,,,,,,
2026-04-02,8fdef9d5-7713-5e91-835a-1b3d0cff458b,David Peterson,a581b102-d8dd-507d-8847-f452b715b2d7,P,True,True,New York Mets,San Francisco Giants,away,,,,,,,,,,,,,,4.1,13,5,2,9,0,5,,68,6,0.38461538461538464,10.384615384615385
2026-04-02,8fdef9d5-7713-5e91-835a-1b3d0cff458b,Francisco Lindor,027d2171-f1d0-509a-ba45-6add806d11b3,SS,False,True,New York Mets,San Francisco Giants,away,0,0,0,0,4,0,2,1,0,0,0,0,0,,,,,,,,,,,,
2026-04-02,8fdef9d5-7713-5e91-835a-1b3d0cff458b,Juan Soto,c49ab650-1d5f-5066-83e1-ff734f609942,LF,False,True,New York Mets,San Francisco Giants,away,1,0,0,0,4,1,0,1,0,1,0,2,1,,,,,,,,,,,,
2026-04-02,8fdef9d5-7713-5e91-835a-1b3d0cff458b,Jorge Polanco,ba2c9110-367c-5ea1-afd1-bbfc264fde7c,DH,False,False,New York Mets,San Francisco Giants,away,0,0,0,0,4,0,0,1,0,0,0,0,0,,,,,,,,,,,,
2026-04-02,8fdef9d5-7713-5e91-835a-1b3d0cff458b,Luis Robert Jr.,05a8b0c4-5ecd-5186-a573-bcc4d6072f9b,CF,False,True,New York Mets,San Francisco Giants,away,0,0,0,0,4,0,1,2,0,0,0,0,0,,,,,,,,,,,,
2026-04-03,27dc3b15-2202-5f34-abac-c3b982e41c21,Brady House,9feee2d5-f011-5be3-91f0-b7e2597e0107,DH,False,False,Washington Nationals,Los Angeles Dodgers,home,1,0,0,0,5,1,2,1,0,1,0,2,1,,,,,,,,,,,,
2026-04-03,27dc3b15-2202-5f34-abac-c3b982e41c21,CJ Abrams,41388dc3-6936-557e-b1ee-d12bd42cb0ef,SS,False,True,Washington Nationals,Los Angeles Dodgers,home,1,0,0,1,5,2,0,1,0,1,4,7,5,,,,,,,,,,,,
2026-04-03,27dc3b15-2202-5f34-abac-c3b982e41c21,Nasim Nuñez,30523871-5578-5f5a-850f-d3e42eaec507,2B,False,True,Washington Nationals,Los Angeles Dodgers,home,1,0,0,0,5,1,0,0,0,1,0,2,1,,,,,,,,,,,,
2026-04-03,27dc3b15-2202-5f34-abac-c3b982e41c21,Andre Granillo,6b2d9df2-91e3-53c5-94f2-5c984afe5372,P,True,False,Washington Nationals,Los Angeles Dodgers,home,,,,,,,,,,,,,,2,6,0,2,2,0,1,,27,1,0.0,0.0
2026-04-03,27dc3b15-2202-5f34-abac-c3b982e41c21,Miles Mikolas,139b7d6a-919f-5448-bfdc-c928cffd84ca,P,True,True,Washington Nationals,Los Angeles Dodgers,home,,,,,,,,,,,,,,4.1,13,4,1,11,4,11,,87,11,0.3076923076923077,8.307692307692308
2026-04-03,27dc3b15-2202-5f34-abac-c3b982e41c21,Jorbit Vivas,fdbd86ba-3c8c-5410-8547-5624b69d521e,3B,False,True,Washington Nationals,Los Angeles Dodgers,home,1,0,0,0,4,1,1,0,0,1,0,2,1,,,,,,,,,,,,
2026-04-03,27dc3b15-2202-5f34-abac-c3b982e41c21,Ken Waldichuk,a79b5252-42c0-51db-8a1a-dd91ca5f8506,P,True,False,Washington Nationals,Los Angeles Dodgers,home,,,,,,,,,,,,,,2,6,3,1,1,1,1,,36,1,0.5,13.5
2026-04-03,27dc3b15-2202-5f34-abac-c3b982e41c21,Daylen Lile,3b2cb564-a3bb-5ec4-8464-227b212049f9,LF,False,True,Washington Nationals,Los Angeles Dodgers,home,1,0,0,0,5,1,0,0,0,1,0,2,1,,,,,,,,,,,,
2026-04-03,27dc3b15-2202-5f34-abac-c3b982e41c21,James Wood,3089b190-81f6-5e6c-ba91-a8d4cdf0be3a,RF,False,True,Washington Nationals,Los Angeles Dodgers,home,0,1,0,0,5,1,1,2,0,1,0,2,2,,,,,,,,,,,,
2026-04-03,27dc3b15-2202-5f34-abac-c3b982e41c21,Jacob Young,d263f19b-c5d6-523a-bc57-bce7884eb99a,CF,False,True,Washington Nationals,Los Angeles Dodgers,home,1,0,0,0,4,1,1,0,0,0,1,2,1,,,,,,,,,,,,
2026-04-03,27dc3b15-2202-5f34-abac-c3b982e41c21,Gus Varland,d80159ca-3062-5587-8a54-9592c50b4423,P,True,False,Washington Nationals,Los Angeles Dodgers,home,,,,,,,,,,,,,,0.2,2,1,1,2,0,0,,20,0,0.5,13.5
2026-04-03,27dc3b15-2202-5f34-abac-c3b982e41c21,Keibert Ruiz,a4dd05cb-9c56-52ce-9bc2-926ec2042d88,C,False,True,Washington Nationals,Los Angeles Dodgers,home,0,1,0,0,4,1,0,0,0,0,1,2,2,,,,,,,,,,,,
2026-04-03,27dc3b15-2202-5f34-abac-c3b982e41c21,Luis García Jr.,a615adb8-655d-531d-a63e-5a267e66845b,1B,False,True,Washington Nationals,Los Angeles Dodgers,home,1,1,0,0,5,2,0,1,0,0,0,2,3,,,,,,,,,,,,
2026-04-03,27dc3b15-2202-5f34-abac-c3b982e41c21,Ben Casparius,e65cd772-7cf2-5f9b-a805-8a78f9ea86d0,P,True,False,Los Angeles Dodgers,Washington Nationals,away,,,,,,,,,,,,,,1,3,1,0,0,0,0,,13,0,0.3333333333333333,9.0
2026-04-03,27dc3b15-2202-5f34-abac-c3b982e41c21,Will Smith,a99e1cc5-b7ce-57f3-b25f-a35eb434a138,C,False,True,Los Angeles Dodgers,Washington Nationals,away,1,0,0,0,5,1,1,0,0,0,0,1,1,,,,,,,,,,,,
2026-04-03,27dc3b15-2202-5f34-abac-c3b982e41c21,Kyle Tucker,2de01d55-4dd3-5bc3-b8e2-7859bbfdb79f,RF,False,True,Los Angeles Dodgers,Washington Nationals,away,2,0,0,1,6,3,0,0,0,2,2,7,6,,,,,,,,,,,,
2026-04-03,27dc3b15-2202-5f34-abac-c3b982e41c21,Max Muncy,8d258a66-1273-5363-89c6-87933a281e74,3B,False,True,Los Angeles Dodgers,Washington Nationals,away,1,0,0,0,5,1,0,2,0,1,0,2,1,,,,,,,,,,,,
2026-04-03,27dc3b15-2202-5f34-abac-c3b982e41c21,Freddie Freeman,6ddad2d6-c3a0-5592-8632-a05db59af193,1B,False,True,Los Angeles Dodgers,Washington Nationals,away,0,0,0,1,5,1,0,0,0,1,2,4,4,,,,,,,,,,,,
2026-04-03,27dc3b15-2202-5f34-abac-c3b982e41c21,Edgardo Henriquez,dacef558-1255-5f2b-819c-8fc3f6464d4d,P,True,False,Los Angeles Dodgers,Washington Nationals,away,,,,,,,,,,,,,,1,3,1,1,3,0,2,,25,2,0.3333333333333333,9.0
2026-04-03,27dc3b15-2202-5f34-abac-c3b982e41c21,Santiago Espinal,a6051a2b-8e43-5f32-94c1-a080049150ea,1B,False,False,Los Angeles Dodgers,Washington Nationals,away,0,0,0,0,0,0,0,0,0,0,0,0,0,,,,,,,,,,,,
2026-04-03,27dc3b15-2202-5f34-abac-c3b982e41c21,Shohei Ohtani,c4531087-0c95-5e6e-8d3c-604e0b0fc776,DH,False,False,Los Angeles Dodgers,Washington Nationals,away,1,0,0,1,6,2,0,2,0,1,4,7,5,,,,,,,,,,,,
2026-04-03,27dc3b15-2202-5f34-abac-c3b982e41c21,Teoscar Hernández,963905ee-cf72-5886-afd2-4e77a95c6134,LF,False,True,Los Angeles Dodgers,Washington Nationals,away,2,1,0,0,4,3,0,1,0,3,1,7,4,,,,,,,,,,,,
2026-04-03,27dc3b15-2202-5f34-abac-c3b982e41c21,Andy Pages,1057dfe8-f4c3-58d4-be2b-63d4efdf2228,CF,False,True,Los Angeles Dodgers,Washington Nationals,away,2,0,0,1,5,3,1,1,0,2,2,7,6,,,,,,,,,,,,
2026-04-03,27dc3b15-2202-5f34-abac-c3b982e41c21,Mookie Betts,93f6ca91-7be2-55cc-8e42-a295fae94395,SS,False,True,Los Angeles Dodgers,Washington Nationals,away,1,0,0,1,6,2,0,0,0,2,2,6,5,,,,,,,,,,,,
2026-04-03,27dc3b15-2202-5f34-abac-c3b982e41c21,Alex Call,5f08248b-5277-5287-86f6-a8b1f95cd171,LF,False,False,Los Angeles Dodgers,Washington Nationals,away,0,0,0,0,1,0,1,0,0,1,0,1,0,,,,,,,,,,,,
2026-04-03,27dc3b15-2202-5f34-abac-c3b982e41c21,Emmet Sheehan,2b9bb718-5153-580e-b34b-3daf3fa2179f,P,True,True,Los Angeles Dodgers,Washington Nationals,away,,,,,,,,,,,,,,5.2,17,2,3,7,1,4,,98,4,0.11764705882352941,3.176470588235294
2026-04-03,27dc3b15-2202-5f34-abac-c3b982e41c21,Jack Dreyer,484819ba-27e1-5084-a8c3-a36e35b180f4,P,True,False,Los Angeles Dodgers,Washington Nationals,away,,,,,,,,,,,,,,0.1,1,1,0,0,0,0,,4,0,1.0,27.0
2026-04-03,27dc3b15-2202-5f34-abac-c3b982e41c21,Blake Treinen,58320a8c-05ae-5e90-bc89-759f1d31b613,P,True,False,Los Angeles Dodgers,Washington Nationals,away,,,,,,,,,,,,,,1,3,0,1,1,0,0,,11,0,0.0,0.0
2026-04-03,27dc3b15-2202-5f34-abac-c3b982e41c21,Alex Freeland,ba5ee049-6fb5-5806-9480-5a14650880ba,2B,False,True,Los Angeles Dodgers,Washington Nationals,away,0,0,0,0,5,0,2,2,0,0,0,0,0,,,,,,,,,,,,
2026-04-03,ae84de66-d69e-537e-b979-59b02d8fcc13,Framber Valdez,766442ee-1ecf-58ea-83ee-db358ca34dd6,P,True,True,Detroit Tigers,St. Louis Cardinals,home,,,,,,,,,,,,,,6,18,5,2,3,0,0,,91,0,0.2777777777777778,7.5
2026-04-03,ae84de66-d69e-537e-b979-59b02d8fcc13,Zach McKinstry,fac18760-19d9-5b9e-9954-2f9442ed2b6a,2B,False,True,Detroit Tigers,St. Louis Cardinals,home,1,0,0,0,4,1,0,0,0,0,0,1,1,,,,,,,,,,,,
2026-04-03,ae84de66-d69e-537e-b979-59b02d8fcc13,Javier Báez,17c08cde-e81d-5b40-8f69-31e92ae85ff7,SS,False,True,Detroit Tigers,St. Louis Cardinals,home,2,0,0,0,3,2,0,0,1,0,1,3,2,,,,,,,,,,,,
2026-04-03,ae84de66-d69e-537e-b979-59b02d8fcc13,Riley Greene,bbee493e-0329-5be6-8cd9-78d86c4bba58,LF,False,True,Detroit Tigers,St. Louis Cardinals,home,1,1,0,0,4,2,0,0,0,1,1,4,3,,,,,,,,,,,,
2026-04-03,ae84de66-d69e-537e-b979-59b02d8fcc13,Tyler Holton,89032a74-1422-5c27-86cd-461d059aad94,P,True,False,Detroit Tigers,St. Louis Cardinals,home,,,,,,,,,,,,,,1,3,1,0,0,0,0,,7,0,0.3333333333333333,9.0
2026-04-03,ae84de66-d69e-537e-b979-59b02d8fcc13,Kevin McGonigle,564bb172-7dfb-573e-b0f7-7f5cbdd0d547,3B,False,True,Detroit Tigers,St. Louis Cardinals,home,0,1,0,0,4,1,0,0,0,0,0,1,2,,,,,,,,,,,,
2026-04-03,ae84de66-d69e-537e-b979-59b02d8fcc13,Kerry Carpenter,fcfcc870-05a3-58ad-ae0a-2ed6a6964125,RF,False,True,Detroit Tigers,St. Louis Cardinals,home,2,0,0,0,4,2,1,1,0,0,0,2,2,,,,,,,,,,,,
2026-04-03,ae84de66-d69e-537e-b979-59b02d8fcc13,Kyle Finnegan,0a6158d8-6cc7-58ea-b56c-45fed333f327,P,True,False,Detroit Tigers,St. Louis Cardinals,home,,,,,,,,,,,,,,1,3,1,1,1,0,0,,16,0,0.3333333333333333,9.0
2026-04-03,ae84de66-d69e-537e-b979-59b02d8fcc13,Spencer Torkelson,c12eb080-7e57-5145-9dc7-97b7b4c97921,1B,False,True,Detroit Tigers,St. Louis Cardinals,home,0,0,0,0,4,0,0,2,0,0,0,0,0,,,,,,,,,,,,
2026-04-03,ae84de66-d69e-537e-b979-59b02d8fcc13,Gleyber Torres,7bd07245-7bf0-5980-8c77-8a40271534aa,DH,False,False,Detroit Tigers,St. Louis Cardinals,home,1,0,0,0,4,1,1,0,0,1,0,2,1,,,,,,,,,,,,
2026-04-03,ae84de66-d69e-537e-b979-59b02d8fcc13,Parker Meadows,c0c33d53-e475-503d-b1cb-5aa6430b3660,CF,False,True,Detroit Tigers,St. Louis Cardinals,home,0,0,0,0,4,0,0,1,1,1,0,1,0,,,,,,,,,,,,
2026-04-03,ae84de66-d69e-537e-b979-59b02d8fcc13,Dillon Dingler,ddcd399c-63b6-5add-9222-5d69a6f9b45d,C,False,True,Detroit Tigers,St. Louis Cardinals,home,0,0,0,1,4,1,0,1,0,1,2,4,4,,,,,,,,,,,,
2026-04-03,ae84de66-d69e-537e-b979-59b02d8fcc13,Will Vest,7505a594-8278-57ea-99ed-a082764a1b01,P,True,False,Detroit Tigers,St. Louis Cardinals,home,,,,,,,,,,,,,,1,3,2,0,1,0,0,,17,0,0.6666666666666666,18.0
2026-04-03,ae84de66-d69e-537e-b979-59b02d8fcc13,Michael McGreevy,912aa3b4-4b1b-57c7-91ce-f5ef07c2dbc7,P,True,True,St. Louis Cardinals,Detroit Tigers,away,,,,,,,,,,,,,,4.2,14,4,0,7,1,3,,75,3,0.2857142857142857,7.7142857142857135
2026-04-03,ae84de66-d69e-537e-b979-59b02d8fcc13,Nolan Gorman,be501aad-9273-5dd4-a194-dcbebb3849ba,3B,False,False,St. Louis Cardinals,Detroit Tigers,away,0,0,0,0,1,0,0,1,0,0,0,0,0,,,,,,,,,,,,
2026-04-03,ae84de66-d69e-537e-b979-59b02d8fcc13,Jordan Walker,e10767c9-8f24-56db-9597-f92e37c6514d,RF,False,True,St. Louis Cardinals,Detroit Tigers,away,0,0,0,0,4,0,0,1,0,0,0,0,0,,,,,,,,,,,,
2026-04-03,ae84de66-d69e-537e-b979-59b02d8fcc13,Nathan Church,b5df23ff-260a-5bc9-b5d7-884ca21ef688,LF,False,False,St. Louis Cardinals,Detroit Tigers,away,0,0,0,0,1,0,0,1,0,0,0,0,0,,,,,,,,,,,,
2026-04-03,ae84de66-d69e-537e-b979-59b02d8fcc13,Victor Scott II,4505d0dc-de10-56ef-ab3f-29ed1056473f,CF,False,True,St. Louis Cardinals,Detroit Tigers,away,1,0,0,0,4,1,0,1,0,0,0,1,1,,,,,,,,,,,,
2026-04-03,ae84de66-d69e-537e-b979-59b02d8fcc13,Chris Roycroft,6a12d86f-76a9-555d-be29-7e1afe5d29ac,P,True,False,St. Louis Cardinals,Detroit Tigers,away,,,,,,,,,,,,,,1,3,1,0,0,0,0,,11,0,0.3333333333333333,9.0
2026-04-03,ae84de66-d69e-537e-b979-59b02d8fcc13,José Fermín,1a68501f-5654-55ab-9262-74e5a153a9f7,LF,False,True,St. Louis Cardinals,Detroit Tigers,away,0,0,0,0,2,0,0,0,0,0,0,0,0,,,,,,,,,,,,
2026-04-03,ae84de66-d69e-537e-b979-59b02d8fcc13,Gordon Graceffo,86095d7c-a67d-5287-922c-9951860ae0ce,P,True,False,St. Louis Cardinals,Detroit Tigers,away,,,,,,,,,,,,,,1,3,0,2,0,0,0,,16,0,0.0,0.0
2026-04-03,ae84de66-d69e-537e-b979-59b02d8fcc13,JJ Wetherholt,c0507a84-2f5c-53c7-8260-93f2e7bc2162,2B,False,False,St. Louis Cardinals,Detroit Tigers,away,0,0,0,0,2,0,0,1,0,0,0,0,0,,,,,,,,,,,,
2026-04-03,ae84de66-d69e-537e-b979-59b02d8fcc13,Justin Bruihl,133de3fb-6d64-5e4e-8774-81d2b394a7f0,P,True,False,St. Louis Cardinals,Detroit Tigers,away,,,,,,,,,,,,,,0.2,2,0,0,2,0,0,,15,0,0.0,0.0
2026-04-03,ae84de66-d69e-537e-b979-59b02d8fcc13,Alec Burleson,68452ca8-6fdd-5413-a220-a1e5177c8deb,1B,False,True,St. Louis Cardinals,Detroit Tigers,away,1,0,0,0,4,1,1,0,0,0,0,1,1,,,,,,,,,,,,
2026-04-03,ae84de66-d69e-537e-b979-59b02d8fcc13,Thomas Saggese,2799ba82-8b39-5d8b-b88f-ad038b5979a6,SS,False,True,St. Louis Cardinals,Detroit Tigers,away,1,0,0,0,4,1,1,1,0,0,0,1,1,,,,,,,,,,,,
2026-04-03,ae84de66-d69e-537e-b979-59b02d8fcc13,Yohel Pozo,b28de7f2-302d-5255-b984-df263811211b,DH,False,False,St. Louis Cardinals,Detroit Tigers,away,0,0,0,0,4,0,0,0,0,0,0,0,0,,,,,,,,,,,,
2026-04-03,ae84de66-d69e-537e-b979-59b02d8fcc13,George Soriano,6b90d6da-2ede-5a03-8567-b1abfe357bb4,P,True,False,St. Louis Cardinals,Detroit Tigers,away,,,,,,,,,,,,,,0.2,2,0,0,1,0,1,,16,1,0.0,0.0
2026-04-03,ae84de66-d69e-537e-b979-59b02d8fcc13,Ramón Urías,e3463798-6a26-51fa-b4b3-22832aefe3ff,3B,False,True,St. Louis Cardinals,Detroit Tigers,away,0,0,0,0,3,0,0,2,0,0,0,0,0,,,,,,,,,,,,
2026-04-03,ae84de66-d69e-537e-b979-59b02d8fcc13,Masyn Winn,ddea3cbf-3275-5d72-a43d-5899f5fa2390,SS,False,True,St. Louis Cardinals,Detroit Tigers,away,1,0,0,0,3,1,0,0,0,0,0,1,1,,,,,,,,,,,,
2026-04-03,ae84de66-d69e-537e-b979-59b02d8fcc13,Iván Herrera,2b86e80e-433d-54c4-a2c1-a0d16d28e3dc,C,False,True,St. Louis Cardinals,Detroit Tigers,away,1,0,0,0,4,1,1,1,0,0,0,1,1,,,,,,,,,,,,
2026-04-03,2f5e5ec2-6078-54b5-88ea-05c89dbe2dc7,José Caballero,3f93b7e1-37f4-53fe-bb17-5a7915995b76,SS,False,True,New York Yankees,Miami Marlins,home,0,0,0,0,4,0,1,1,2,1,0,1,0,,,,,,,,,,,,
2026-04-03,2f5e5ec2-6078-54b5-88ea-05c89dbe2dc7,Ryan Yarbrough,0cf9706a-c354-58a8-9db8-d82762d72390,P,True,False,New York Yankees,Miami Marlins,home,,,,,,,,,,,,,,1,3,0,0,0,0,0,,10,0,0.0,0.0
2026-04-03,2f5e5ec2-6078-54b5-88ea-05c89dbe2dc7,Aaron Judge,e0e52a0f-4e54-5f0c-b584-6ec85c33c7f7,RF,False,True,New York Yankees,Miami Marlins,home,1,0,0,1,5,2,1,1,1,2,3,7,5,,,,,,,,,,,,
2026-04-03,2f5e5ec2-6078-54b5-88ea-05c89dbe2dc7,Ryan McMahon,d0d749e6-fb57-548c-9393-e889a94c8291,3B,False,True,New York Yankees,Miami Marlins,home,0,0,0,0,4,0,2,1,0,0,0,0,0,,,,,,,,,,,,
2026-04-03,2f5e5ec2-6078-54b5-88ea-05c89dbe2dc7,Tim Hill,384dc4b2-51ff-5793-aac7-63641d20da3f,P,True,False,New York Yankees,Miami Marlins,home,,,,,,,,,,,,,,0.1,1,0,0,0,0,0,,2,0,0.0,0.0
2026-04-03,2f5e5ec2-6078-54b5-88ea-05c89dbe2dc7,Austin Wells,2e880dd6-2476-55d3-990b-4d3f66d3f496,C,False,True,New York Yankees,Miami Marlins,home,0,0,0,0,4,0,2,1,0,1,0,1,0,,,,,,,,,,,,
2026-04-03,2f5e5ec2-6078-54b5-88ea-05c89dbe2dc7,Ben Rice,f7714f04-8c9d-5c9a-b8bb-0f423271af17,1B,False,True,New York Yankees,Miami Marlins,home,0,1,0,1,5,2,0,3,0,1,3,6,6,,,,,,,,,,,,
2026-04-03,2f5e5ec2-6078-54b5-88ea-05c89dbe2dc7,Brent Headrick,bbf3b86d-c5c5-5f37-a0c5-be6d962c31e1,P,True,False,New York Yankees,Miami Marlins,home,,,,,,,,,,,,,,1,3,2,0,0,0,0,,10,0,0.6666666666666666,18.0
2026-04-03,2f5e5ec2-6078-54b5-88ea-05c89dbe2dc7,Will Warren,3c80f0b5-6cd7-5e62-96d3-ee9a158703ef,P,True,True,New York Yankees,Miami Marlins,home,,,,,,,,,,,,,,5.2,17,6,0,4,2,2,,77,2,0.35294117647058826,9.529411764705882
2026-04-03,2f5e5ec2-6078-54b5-88ea-05c89dbe2dc7,Cody Bellinger,04e3eefb-9d41-548f-ba06-60abe4b82454,LF,False,True,New York Yankees,Miami Marlins,home,0,1,0,0,5,1,1,0,0,1,0,2,2,,,,,,,,,,,,
2026-04-03,2f5e5ec2-6078-54b5-88ea-05c89dbe2dc7,Giancarlo Stanton,3d9084cc-f18f-50e5-944a-c1eaa74fa2a2,DH,False,False,New York Yankees,Miami Marlins,home,0,0,0,0,5,0,0,1,0,0,0,0,0,,,,,,,,,,,,
2026-04-03,2f5e5ec2-6078-54b5-88ea-05c89dbe2dc7,Jazz Chisholm Jr.,bce3e6ee-1f99-5f80-90fb-c8d538c9d546,2B,False,True,New York Yankees,Miami Marlins,home,0,1,0,0,4,1,1,1,2,1,0,2,2,,,,,,,,,,,,
2026-04-03,2f5e5ec2-6078-54b5-88ea-05c89dbe2dc7,Jake Bird,d2ef55af-9ebd-515d-b27b-ccb1e987a57a,P,True,False,New York Yankees,Miami Marlins,home,,,,,,,,,,,,,,1,3,2,0,0,0,0,,11,0,0.6666666666666666,18.0
2026-04-03,2f5e5ec2-6078-54b5-88ea-05c89dbe2dc7,Trent Grisham,6c818210-215a-5a0f-94c1-d805ae6b416f,CF,False,True,New York Yankees,Miami Marlins,home,0,0,0,0,5,0,3,1,0,1,1,2,0,,,,,,,,,,,,
2026-04-03,2f5e5ec2-6078-54b5-88ea-05c89dbe2dc7,Lake Bachar,758500f8-3a4b-57cf-81b8-dccf3310c44a,P,True,False,Miami Marlins,New York Yankees,away,,,,,,,,,,,,,,1,3,2,2,2,0,2,,24,2,0.6666666666666666,18.0
2026-04-03,2f5e5ec2-6078-54b5-88ea-05c89dbe2dc7,Griffin Conine,e3341070-8797-525f-ac18-fe883727cad8,LF,False,True,Miami Marlins,New York Yankees,away,0,0,0,0,2,0,0,1,0,0,0,0,0,,,,,,,,,,,,
2026-04-03,2f5e5ec2-6078-54b5-88ea-05c89dbe2dc7,Heriberto Hernández,4be49799-348b-535b-b44d-1a42d82eb903,LF,False,False,Miami Marlins,New York Yankees,away,0,0,0,0,1,0,0,1,0,0,0,0,0,,,,,,,,,,,,
2026-04-03,2f5e5ec2-6078-54b5-88ea-05c89dbe2dc7,Tyler Phillips,b11afcdd-5693-584c-8ec5-8c24f73115a7,P,True,False,Miami Marlins,New York Yankees,away,,,,,,,,,,,,,,2,6,3,2,1,0,0,,52,1,0.5,13.5
2026-04-03,2f5e5ec2-6078-54b5-88ea-05c89dbe2dc7,Jakob Marsee,0af43782-4c0c-52a9-94e2-9d9a6da68ce7,CF,False,True,Miami Marlins,New York Yankees,away,0,0,0,0,4,0,0,2,0,0,0,0,0,,,,,,,,,,,,
2026-04-03,2f5e5ec2-6078-54b5-88ea-05c89dbe2dc7,Xavier Edwards,c495c968-61ae-5861-89a0-df7170538ff7,2B,False,True,Miami Marlins,New York Yankees,away,1,0,0,1,4,2,0,0,0,1,1,4,5,,,,,,,,,,,,
2026-04-03,2f5e5ec2-6078-54b5-88ea-05c89dbe2dc7,Graham Pauley,606dcc64-c72e-5d4a-9d8c-d61117112980,3B,False,True,Miami Marlins,New York Yankees,away,0,0,0,0,2,0,0,0,0,0,0,0,0,,,,,,,,,,,,
2026-04-03,2f5e5ec2-6078-54b5-88ea-05c89dbe2dc7,Michael Petersen,f955d93e-111b-59a6-963b-8112b68d110b,P,True,False,Miami Marlins,New York Yankees,away,,,,,,,,,,,,,,1,3,1,1,1,1,1,,20,1,0.3333333333333333,9.0
2026-04-03,2f5e5ec2-6078-54b5-88ea-05c89dbe2dc7,Liam Hicks,0d5739d9-0891-5f5a-b4f5-07b6afa2f305,C,False,True,Miami Marlins,New York Yankees,away,0,0,0,0,4,0,0,0,0,0,0,0,0,,,,,,,,,,,,
2026-04-03,2f5e5ec2-6078-54b5-88ea-05c89dbe2dc7,Owen Caissie,6ae28905-0bc7-52c6-ba9c-af2410655745,RF,False,True,Miami Marlins,New York Yankees,away,0,0,0,1,3,1,0,1,0,1,1,3,4,,,,,,,,,,,,
2026-04-03,2f5e5ec2-6078-54b5-88ea-05c89dbe2dc7,Agustín Ramírez,c2ec4144-0214-50b3-8140-01ede6f247c1,DH,False,False,Miami Marlins,New York Yankees,away,1,0,0,0,4,1,0,1,0,0,0,1,1,,,,,,,,,,,,
2026-04-03,2f5e5ec2-6078-54b5-88ea-05c89dbe2dc7,Leo Jiménez,d883d559-2f58-547e-a01d-c1cd265c7486,3B,False,False,Miami Marlins,New York Yankees,away,0,0,0,0,0,0,0,0,0,0,0,0,0,,,,,,,,,,,,
2026-04-03,2f5e5ec2-6078-54b5-88ea-05c89dbe2dc7,Connor Norby,5ca1b2d6-2131-5835-989f-db6fc411a6b8,1B,False,True,Miami Marlins,New York Yankees,away,0,0,0,0,3,0,0,2,0,0,0,0,0,,,,,,,,,,,,
2026-04-03,2f5e5ec2-6078-54b5-88ea-05c89dbe2dc7,Austin Slater,c3be49f3-e4ef-52f8-b306-784ed1be703e,PH,False,False,Miami Marlins,New York Yankees,away,0,0,0,0,1,0,0,0,0,0,0,0,0,,,,,,,,,,,,
2026-04-03,2f5e5ec2-6078-54b5-88ea-05c89dbe2dc7,Eury Pérez,63c581d7-2996-52ea-98bd-082b54dbc7ee,P,True,True,Miami Marlins,New York Yankees,away,,,,,,,,,,,,,,4,12,4,6,2,1,4,,84,4,0.3333333333333333,9.0
2026-04-03,2f5e5ec2-6078-54b5-88ea-05c89dbe2dc7,Otto Lopez,5fd2366a-e489-58b4-8ad3-0c6eaaff57c9,SS,False,True,Miami Marlins,New York Yankees,away,0,0,0,0,3,0,0,2,0,0,0,0,0,,,,,,,,,,,,
2026-04-03,2d0b94f1-6fe1-51b5-b48e-78d03eb1ae7b,Roman Anthony,c29e1084-a051-5de5-86f7-09b1a3bd64af,DH,False,False,Boston Red Sox,San Diego Padres,home,1,0,0,0,4,1,0,1,0,0,0,1,1,,,,,,,,,,,,
2026-04-03,2d0b94f1-6fe1-51b5-b48e-78d03eb1ae7b,Willson Contreras,34477b91-95c5-5159-8fc0-73e01ae1d6d9,1B,False,True,Boston Red Sox,San Diego Padres,home,0,0,0,1,4,1,1,1,0,1,1,3,4,,,,,,,,,,,,
2026-04-03,2d0b94f1-6fe1-51b5-b48e-78d03eb1ae7b,Greg Weissert,faea39b8-a624-5a6f-8b3d-3d1b4a74906a,P,True,False,Boston Red Sox,San Diego Padres,home,,,,,,,,,,,,,,1,3,1,0,0,0,0,,17,0,0.3333333333333333,9.0
2026-04-03,2d0b94f1-6fe1-51b5-b48e-78d03eb1ae7b,Trevor Story,cd09b8ad-73fb-5669-8db1-98c5b8a8164a,SS,False,True,Boston Red Sox,San Diego Padres,home,0,0,0,0,4,0,0,1,0,0,0,0,0,,,,,,,,,,,,
2026-04-03,2d0b94f1-6fe1-51b5-b48e-78d03eb1ae7b,Wilyer Abreu,e89e04e9-6e91-5ee7-ae12-04853566c53f,RF,False,True,Boston Red Sox,San Diego Padres,home,1,0,0,0,4,1,0,2,0,1,0,2,1,,,,,,,,,,,,
2026-04-03,2d0b94f1-6fe1-51b5-b48e-78d03eb1ae7b,Sonny Gray,efe84c2e-5922-5441-be48-e3dd53ed6a5a,P,True,True,Boston Red Sox,San Diego Padres,home,,,,,,,,,,,,,,6,18,3,0,4,0,2,,87,2,0.16666666666666666,4.5
2026-04-03,2d0b94f1-6fe1-51b5-b48e-78d03eb1ae7b,Justin Slaten,73553363-7fba-5e17-b5b9-76266815ed0d,P,True,False,Boston Red Sox,San Diego Padres,home,,,,,,,,,,,,,,1,3,1,0,0,0,0,,9,0,0.3333333333333333,9.0
2026-04-03,2d0b94f1-6fe1-51b5-b48e-78d03eb1ae7b,Caleb Durbin,bd9f542f-cb6e-5ce8-b85a-8ff891d266f7,3B,False,True,Boston Red Sox,San Diego Padres,home,1,0,0,0,4,1,0,1,0,0,1,2,1,,,,,,,,,,,,
2026-04-03,2d0b94f1-6fe1-51b5-b48e-78d03eb1ae7b,Carlos Narváez,1322ee1c-36ba-5e0c-a487-1a0e94fe483b,C,False,True,Boston Red Sox,San Diego Padres,home,1,0,0,0,3,1,0,1,0,0,0,1,1,,,,,,,,,,,,
2026-04-03,2d0b94f1-6fe1-51b5-b48e-78d03eb1ae7b,Jarren Duran,3ac99586-15b6-50c1-816f-075959ebead2,LF,False,True,Boston Red Sox,San Diego Padres,home,0,1,0,0,4,1,0,0,0,1,0,2,2,,,,,,,,,,,,
2026-04-03,2d0b94f1-6fe1-51b5-b48e-78d03eb1ae7b,Ceddanne Rafaela,15788154-f587-5625-bece-d4a10d870640,CF,False,True,Boston Red Sox,San Diego Padres,home,1,0,0,0,3,1,0,1,0,0,1,2,1,,,,,,,,,,,,
2026-04-03,2d0b94f1-6fe1-51b5-b48e-78d03eb1ae7b,Marcelo Mayer,143aaf24-c832-5e23-b59f-4934230805d1,2B,False,True,Boston Red Sox,San Diego Padres,home,0,1,0,1,3,2,0,0,0,2,2,6,6,,,,,,,,,,,,
2026-04-03,2d0b94f1-6fe1-51b5-b48e-78d03eb1ae7b,Aroldis Chapman,59f9eac9-af6c-538a-bb7d-cebe17553900,P,True,False,Boston Red Sox,San Diego Padres,home,,,,,,,,,,,,,,1,3,1,1,0,0,0,,21,0,0.3333333333333333,9.0
2026-04-03,2d0b94f1-6fe1-51b5-b48e-78d03eb1ae7b,Luis Campusano,53ca9cba-a25a-5d0c-ab42-71331575f812,C,False,True,San Diego Padres,Boston Red Sox,away,0,1,0,0,2,1,0,0,0,0,1,2,2,,,,,,,,,,,,
2026-04-03,2d0b94f1-6fe1-51b5-b48e-78d03eb1ae7b,Freddy Fermin,37406aad-ae18-5be2-8439-0a0b3ab54a22,C,False,False,San Diego Padres,Boston Red Sox,away,0,0,0,0,0,0,0,0,0,0,0,0,0,,,,,,,,,,,,
2026-04-03,2d0b94f1-6fe1-51b5-b48e-78d03eb1ae7b,Michael King,c459251e-8c5c-5c34-af46-0be4058157f5,P,True,True,San Diego Padres,Boston Red Sox,away,,,,,,,,,,,,,,5.2,17,5,1,7,1,4,,81,4,0.29411764705882354,7.941176470588235
2026-04-03,2d0b94f1-6fe1-51b5-b48e-78d03eb1ae7b,Wandy Peralta,a4a3f6aa-e899-5b8e-b540-0ed13e5902e1,P,True,False,San Diego Padres,Boston Red Sox,away,,,,,,,,,,,,,,1.1,4,2,0,2,1,1,,20,1,0.5,13.5
2026-04-03,2d0b94f1-6fe1-51b5-b48e-78d03eb1ae7b,Jackson Merrill,0b80ef12-9566-5b94-973d-d1151b0e69ac,CF,False,True,San Diego Padres,Boston Red Sox,away,0,0,0,0,4,0,0,1,0,0,0,0,0,,,,,,,,,,,,
2026-04-03,2d0b94f1-6fe1-51b5-b48e-78d03eb1ae7b,Gavin Sheets,5f058b73-019c-573c-b5f2-d01f2e56cd0b,1B,False,True,San Diego Padres,Boston Red Sox,away,2,0,0,0,3,2,0,0,1,1,1,4,2,,,,,,,,,,,,
2026-04-03,2d0b94f1-6fe1-51b5-b48e-78d03eb1ae7b,Ramón Laureano,dabca3a1-56c7-5218-8ab7-31a707ea9795,LF,False,True,San Diego Padres,Boston Red Sox,away,0,0,0,0,4,0,0,1,0,0,0,0,0,,,,,,,,,,,,
2026-04-03,2d0b94f1-6fe1-51b5-b48e-78d03eb1ae7b,Manny Machado,a9385e18-b1c3-52e8-b03b-b70d1f8a34af,3B,False,True,San Diego Padres,Boston Red Sox,away,0,0,0,0,4,0,1,1,0,0,0,0,0,,,,,,,,,,,,
2026-04-03,2d0b94f1-6fe1-51b5-b48e-78d03eb1ae7b,Miguel Andujar,48554c1a-0b60-5739-aad2-0ff058b6d880,DH,False,False,San Diego Padres,Boston Red Sox,away,0,0,1,0,3,1,0,1,0,1,0,2,3,,,,,,,,,,,,
2026-04-03,2d0b94f1-6fe1-51b5-b48e-78d03eb1ae7b,Fernando Tatis Jr.,ac1ed075-5e29-5566-994f-09b1af7af1b9,RF,False,True,San Diego Padres,Boston Red Sox,away,0,0,0,0,4,0,0,0,0,0,0,0,0,,,,,,,,,,,,
2026-04-03,2d0b94f1-6fe1-51b5-b48e-78d03eb1ae7b,Bryce Johnson,e031aea2-0e42-54c2-9fa8-94c54f276d42,PH,False,False,San Diego Padres,Boston Red Sox,away,0,0,0,0,1,0,0,1,0,0,0,0,0,,,,,,,,,,,,
2026-04-03,2d0b94f1-6fe1-51b5-b48e-78d03eb1ae7b,Xander Bogaerts,c2029f6d-a0ef-5980-850b-3d9f8f0ec784,SS,False,True,San Diego Padres,Boston Red Sox,away,0,0,0,0,4,0,0,0,0,0,0,0,0,,,,,,,,,,,,
2026-04-03,2d0b94f1-6fe1-51b5-b48e-78d03eb1ae7b,Ron Marinaccio,94b4c4ed-724a-50f0-8035-92f01e4aa182,P,True,False,San Diego Padres,Boston Red Sox,away,,,,,,,,,,,,,,1,3,1,0,0,0,0,,10,0,0.3333333333333333,9.0
2026-04-03,2d0b94f1-6fe1-51b5-b48e-78d03eb1ae7b,Jake Cronenworth,5c3d6bb2-760f-5036-8bd3-805107557a37,2B,False,True,San Diego Padres,Boston Red Sox,away,0,0,0,0,3,0,0,1,0,0,0,0,0,,,,,,,,,,,,
2026-04-03,82cfcb4c-fabc-57af-9835-b4d75cf2b113,Lenyn Sosa,63526b54-bb98-5442-a5ec-b6f09cb03c58,PR,False,False,Chicago White Sox,Toronto Blue Jays,home,0,0,0,0,0,0,0,0,0,0,0,0,0,,,,,,,,,,,,
2026-04-03,82cfcb4c-fabc-57af-9835-b4d75cf2b113,Tristan Peters,574e45bf-8e75-5762-ba59-2684060d441c,RF,False,True,Chicago White Sox,Toronto Blue Jays,home,2,0,0,0,5,2,0,2,0,0,1,3,2,,,,,,,,,,,,
2026-04-03,82cfcb4c-fabc-57af-9835-b4d75cf2b113,Luisangel Acuña,02ae1abb-7737-5f3c-97fa-343ed56b2a95,CF,False,True,Chicago White Sox,Toronto Blue Jays,home,1,0,0,0,4,1,0,2,1,0,0,1,1,,,,,,,,,,,,
2026-04-03,82cfcb4c-fabc-57af-9835-b4d75cf2b113,Munetaka Murakami,5ef6bdd4-00f0-5b87-b02a-2ad78752c1aa,1B,False,True,Chicago White Sox,Toronto Blue Jays,home,1,0,0,0,5,1,1,2,0,0,0,1,1,,,,,,,,,,,,
2026-04-03,82cfcb4c-fabc-57af-9835-b4d75cf2b113,Chase Meidroth,b8e78229-a743-53a4-9be9-92e7b52d24ee,2B,False,True,Chicago White Sox,Toronto Blue Jays,home,1,0,0,0,5,1,1,2,0,1,0,2,1,,,,,,,,,,,,
2026-04-03,82cfcb4c-fabc-57af-9835-b4d75cf2b113,Grant Taylor,11686577-42f6-53e3-981a-46181cd1ba91,P,True,True,Chicago White Sox,Toronto Blue Jays,home,,,,,,,,,,,,,,1,3,1,0,0,0,0,,9,0,0.3333333333333333,9.0
2026-04-03,82cfcb4c-fabc-57af-9835-b4d75cf2b113,Colson Montgomery,e16341a7-cdfb-58eb-93e1-88a182b5acbb,SS,False,True,Chicago White Sox,Toronto Blue Jays,home,1,0,0,0,5,1,1,1,1,1,0,2,1,,,,,,,,,,,,
2026-04-03,82cfcb4c-fabc-57af-9835-b4d75cf2b113,Austin Hays,f66b4ccd-b4ce-5914-9cc5-790cbd311cac,LF,False,True,Chicago White Sox,Toronto Blue Jays,home,1,0,0,0,5,1,0,1,0,0,2,3,1,,,,,,,,,,,,
2026-04-03,82cfcb4c-fabc-57af-9835-b4d75cf2b113,Seranthony Domínguez,bdefbbc2-8201-5f7b-8b57-91738da5cf78,P,True,False,Chicago White Sox,Toronto Blue Jays,home,,,,,,,,,,,,,,1.1,4,2,0,0,0,0,,22,1,0.5,13.5
2026-04-03,82cfcb4c-fabc-57af-9835-b4d75cf2b113,Reese McGuire,d2eb512b-a5c2-5e72-9f5e-4afe623df4f6,C,False,False,Chicago White Sox,Toronto Blue Jays,home,0,0,0,0,0,0,0,0,0,0,0,0,0,,,,,,,,,,,,
2026-04-03,82cfcb4c-fabc-57af-9835-b4d75cf2b113,Edgar Quero,3a107cbc-e2a4-581e-a7a7-4062370df3ac,C,False,True,Chicago White Sox,Toronto Blue Jays,home,2,0,0,0,4,2,0,0,0,0,0,2,2,,,,,,,,,,,,
2026-04-03,82cfcb4c-fabc-57af-9835-b4d75cf2b113,Andrew Benintendi,c40737a9-be3f-59a6-bd2b-9b112bd2d62c,DH,False,False,Chicago White Sox,Toronto Blue Jays,home,1,0,0,0,4,1,0,2,0,0,0,1,1,,,,,,,,,,,,
2026-04-03,82cfcb4c-fabc-57af-9835-b4d75cf2b113,Jordan Leasure,d51a1ac2-63d5-5405-b9fc-358ea7a4f4f2,P,True,False,Chicago White Sox,Toronto Blue Jays,home,,,,,,,,,,,,,,1,3,1,1,2,1,2,,17,2,0.3333333333333333,9.0
2026-04-03,82cfcb4c-fabc-57af-9835-b4d75cf2b113,Sean Burke,269267cf-7db3-50af-b5b7-cce9df1a6efe,P,True,False,Chicago White Sox,Toronto Blue Jays,home,,,,,,,,,,,,,,6,18,7,0,4,0,1,,85,1,0.3888888888888889,10.5
2026-04-03,82cfcb4c-fabc-57af-9835-b4d75cf2b113,Sean Newcomb,c03e558f-dd6f-5180-8a00-f64b635bf442,P,True,False,Chicago White Sox,Toronto Blue Jays,home,,,,,,,,,,,,,,0.2,2,0,0,1,0,0,,8,0,0.0,0.0
2026-04-03,82cfcb4c-fabc-57af-9835-b4d75cf2b113,Derek Hill,4b2fe8d0-5868-548f-8cbb-605feabbba95,DH,False,False,Chicago White Sox,Toronto Blue Jays,home,1,0,0,0,1,1,0,0,0,1,0,2,1,,,,,,,,,,,,
2026-04-03,82cfcb4c-fabc-57af-9835-b4d75cf2b113,Miguel Vargas,62addef8-7bda-57cd-a2aa-6821f9ad6427,3B,False,True,Chicago White Sox,Toronto Blue Jays,home,0,0,0,0,5,0,1,0,1,2,0,2,0,,,,,,,,,,,,
2026-04-03,82cfcb4c-fabc-57af-9835-b4d75cf2b113,Louis Varland,43a301da-e095-5382-ac97-cdfd89964564,P,True,False,Toronto Blue Jays,Chicago White Sox,away,,,,,,,,,,,,,,1,3,1,0,1,0,0,,15,0,0.3333333333333333,9.0
2026-04-03,82cfcb4c-fabc-57af-9835-b4d75cf2b113,Brendon Little,c8e0f7f5-bee7-54d5-95e8-690e3210fa3f,P,True,False,Toronto Blue Jays,Chicago White Sox,away,,,,,,,,,,,,,,1,3,1,0,0,0,0,,17,0,0.3333333333333333,9.0
2026-04-03,82cfcb4c-fabc-57af-9835-b4d75cf2b113,Ernie Clement,988f69d3-1ea5-5410-b27c-6ff47e783156,3B,False,True,Toronto Blue Jays,Chicago White Sox,away,1,0,0,0,4,1,0,0,0,1,0,2,1,,,,,,,,,,,,
2026-04-03,82cfcb4c-fabc-57af-9835-b4d75cf2b113,Daulton Varsho,c87cf210-4b8f-50d7-bfd9-fa6cf7616329,CF,False,True,Toronto Blue Jays,Chicago White Sox,away,0,1,0,0,4,1,0,1,0,0,0,1,2,,,,,,,,,,,,
2026-04-03,82cfcb4c-fabc-57af-9835-b4d75cf2b113,Andrés Giménez,0fa89082-0ded-58c2-8fab-9feb8319955a,SS,False,True,Toronto Blue Jays,Chicago White Sox,away,0,0,0,1,4,1,0,2,0,1,2,4,4,,,,,,,,,,,,
2026-04-03,82cfcb4c-fabc-57af-9835-b4d75cf2b113,Jeff Hoffman,8a30ae2b-cedf-55fd-9f14-4f21591af7ee,P,True,False,Toronto Blue Jays,Chicago White Sox,away,,,,,,,,,,,,,,0.2,2,1,0,2,0,0,,14,2,0.5,13.5
2026-04-03,82cfcb4c-fabc-57af-9835-b4d75cf2b113,Dylan Cease,cc3d2bc9-9164-54cb-ba96-182514d7acc1,P,True,True,Toronto Blue Jays,Chicago White Sox,away,,,,,,,,,,,,,,4.1,13,6,3,5,0,2,,93,3,0.46153846153846156,12.461538461538462
2026-04-03,82cfcb4c-fabc-57af-9835-b4d75cf2b113,Davis Schneider,eac368f3-49d7-52aa-8a4a-5ada98dd9f58,2B,False,False,Toronto Blue Jays,Chicago White Sox,away,0,0,0,0,0,0,0,0,0,1,0,1,0,,,,,,,,,,,,
2026-04-03,82cfcb4c-fabc-57af-9835-b4d75cf2b113,Addison Barger,acbb27ca-7bd0-5f3b-8d74-1400045fb79c,RF,False,True,Toronto Blue Jays,Chicago White Sox,away,0,1,0,0,3,1,0,0,0,1,0,2,2,,,,,,,,,,,,
2026-04-03,82cfcb4c-fabc-57af-9835-b4d75cf2b113,George Springer,b12c925d-b511-5331-a994-839ab4c086ad,DH,False,False,Toronto Blue Jays,Chicago White Sox,away,1,0,0,0,5,1,1,0,1,0,0,1,1,,,,,,,,,,,,
2026-04-03,82cfcb4c-fabc-57af-9835-b4d75cf2b113,Braydon Fisher,b15b9955-da2a-5033-9ac6-6dc1d732925d,P,True,False,Toronto Blue Jays,Chicago White Sox,away,,,,,,,,,,,,,,1.2,5,3,0,2,0,0,,21,0,0.6,16.2
2026-04-03,82cfcb4c-fabc-57af-9835-b4d75cf2b113,Tyler Heineman,6685aac3-5a12-5745-963c-5c43af83f729,C,False,False,Toronto Blue Jays,Chicago White Sox,away,0,0,0,0,0,0,0,0,0,0,0,0,0,,,,,,,,,,,,
2026-04-03,82cfcb4c-fabc-57af-9835-b4d75cf2b113,Tyler Rogers,c9270751-0889-57fe-8766-f58a19b2dbda,P,True,False,Toronto Blue Jays,Chicago White Sox,away,,,,,,,,,,,,,,1,3,0,1,1,0,0,,12,0,0.0,0.0
2026-04-03,82cfcb4c-fabc-57af-9835-b4d75cf2b113,Vladimir Guerrero Jr.,c652a6fb-0803-556b-a03b-9fed12cedf9b,1B,False,True,Toronto Blue Jays,Chicago White Sox,away,1,0,0,0,4,1,0,1,0,0,0,1,1,,,,,,,,,,,,
2026-04-03,82cfcb4c-fabc-57af-9835-b4d75cf2b113,Jesús Sánchez,62480674-d120-5cd2-bdd3-05c3cbecd240,RF,False,True,Toronto Blue Jays,Chicago White Sox,away,0,0,0,0,5,0,0,3,0,0,0,0,0,,,,,,,,,,,,
2026-04-03,82cfcb4c-fabc-57af-9835-b4d75cf2b113,Myles Straw,51c4113b-ff8e-5728-b588-d6a0be2f776a,LF,False,False,Toronto Blue Jays,Chicago White Sox,away,0,0,0,0,1,0,0,0,0,0,0,0,0,,,,,,,,,,,,
2026-04-03,82cfcb4c-fabc-57af-9835-b4d75cf2b113,Alejandro Kirk,8676c14f-6022-5f84-8f02-86c9aceff281,C,False,True,Toronto Blue Jays,Chicago White Sox,away,0,1,0,0,4,1,0,0,0,0,1,2,2,,,,,,,,,,,,
2026-04-03,82cfcb4c-fabc-57af-9835-b4d75cf2b113,Kazuma Okamoto,d79d11dd-a762-5962-aed1-9e87c656e5fc,3B,False,True,Toronto Blue Jays,Chicago White Sox,away,0,0,0,0,4,0,0,4,0,0,0,0,0,,,,,,,,,,,,
2026-04-03,0e0042f6-cda4-5418-8097-70974517aec8,Evan Carter,f35e83f3-06d6-5c07-b669-1e0cd310d86e,CF,False,True,Texas Rangers,Cincinnati Reds,home,0,1,0,0,4,1,0,2,0,1,0,2,2,,,,,,,,,,,,
2026-04-03,0e0042f6-cda4-5418-8097-70974517aec8,Wyatt Langford,882a170b-e284-5079-9ca4-351da4aad0f2,LF,False,True,Texas Rangers,Cincinnati Reds,home,0,1,1,0,4,2,0,0,0,0,1,3,5,,,,,,,,,,,,
2026-04-03,0e0042f6-cda4-5418-8097-70974517aec8,Jake Burger,405e9f4a-6c45-52e5-92ca-d856c0888e10,1B,False,True,Texas Rangers,Cincinnati Reds,home,0,1,0,0,4,1,0,1,0,0,0,1,2,,,,,,,,,,,,
2026-04-03,0e0042f6-cda4-5418-8097-70974517aec8,Joc Pederson,a8accc9b-5d7c-5c48-b5dc-24a6f0b7b652,DH,False,False,Texas Rangers,Cincinnati Reds,home,0,0,0,0,2,0,0,0,0,0,0,0,0,,,,,,,,,,,,
2026-04-03,0e0042f6-cda4-5418-8097-70974517aec8,Corey Seager,0a8aa1ff-7f96-5ea3-91c5-f80c15eed600,SS,False,True,Texas Rangers,Cincinnati Reds,home,0,0,0,0,4,0,0,3,0,0,0,0,0,,,,,,,,,,,,
2026-04-03,0e0042f6-cda4-5418-8097-70974517aec8,Josh Jung,c0339e5b-fadd-5807-97d2-084bf40ec3f0,3B,False,True,Texas Rangers,Cincinnati Reds,home,1,0,0,0,4,1,1,0,0,1,0,2,1,,,,,,,,,,,,
2026-04-03,0e0042f6-cda4-5418-8097-70974517aec8,Andrew McCutchen,22ae9ba7-a153-55b1-9737-6b114127a2a3,DH,False,False,Texas Rangers,Cincinnati Reds,home,0,0,0,0,2,0,0,0,0,0,0,0,0,,,,,,,,,,,,
2026-04-03,0e0042f6-cda4-5418-8097-70974517aec8,MacKenzie Gore,b5d4b4e6-55d5-50cd-b64f-e867ee7e6191,P,True,True,Texas Rangers,Cincinnati Reds,home,,,,,,,,,,,,,,6,18,9,0,6,2,3,,88,3,0.5,13.5
2026-04-03,0e0042f6-cda4-5418-8097-70974517aec8,Brandon Nimmo,8954e7a7-4f31-5f8f-9888-a809b7b43d88,RF,False,True,Texas Rangers,Cincinnati Reds,home,1,0,1,0,5,2,1,2,0,1,0,3,4,,,,,,,,,,,,
2026-04-03,0e0042f6-cda4-5418-8097-70974517aec8,Josh Smith,b7d79367-f94a-515d-b182-46692bc3d8c5,2B,False,True,Texas Rangers,Cincinnati Reds,home,0,0,0,0,4,0,0,0,0,0,0,0,0,,,,,,,,,,,,
2026-04-03,0e0042f6-cda4-5418-8097-70974517aec8,Danny Jansen,40547d59-1eb3-5e24-9ee7-9609f66e218a,C,False,True,Texas Rangers,Cincinnati Reds,home,0,1,0,0,4,1,0,1,0,0,2,3,2,,,,,,,,,,,,
2026-04-03,0e0042f6-cda4-5418-8097-70974517aec8,Jakob Junis,2333aae5-bf92-5f43-9e5f-276fd335d73d,P,True,False,Texas Rangers,Cincinnati Reds,home,,,,,,,,,,,,,,1,3,1,0,0,0,0,,12,0,0.3333333333333333,9.0
2026-04-03,0e0042f6-cda4-5418-8097-70974517aec8,Cole Winn,4104cc07-5e4a-58a3-9b5f-e374581c9e62,P,True,False,Texas Rangers,Cincinnati Reds,home,,,,,,,,,,,,,,1,3,1,0,2,0,0,,17,0,0.3333333333333333,9.0
2026-04-03,0e0042f6-cda4-5418-8097-70974517aec8,Chris Martin,ea587fcb-6ef3-5160-bb1c-eab899cc407f,P,True,False,Texas Rangers,Cincinnati Reds,home,,,,,,,,,,,,,,1,3,0,0,2,1,2,,23,2,0.0,0.0
2026-04-03,0e0042f6-cda4-5418-8097-70974517aec8,Elly De La Cruz,7fd536ef-9553-5c83-9d6b-4584793b4a26,SS,False,True,Cincinnati Reds,Texas Rangers,away,0,0,0,1,4,1,0,2,0,1,1,3,4,,,,,,,,,,,,
2026-04-03,0e0042f6-cda4-5418-8097-70974517aec8,Dane Myers,4afd868e-eb1d-5af8-bff0-99ce9b1bf670,CF,False,True,Cincinnati Reds,Texas Rangers,away,0,0,0,0,4,0,0,2,0,0,0,0,0,,,,,,,,,,,,
2026-04-03,0e0042f6-cda4-5418-8097-70974517aec8,Sal Stewart,87ada644-a3be-5013-bfc9-a696f4bfb4ee,1B,False,True,Cincinnati Reds,Texas Rangers,away,0,0,0,0,4,0,0,1,0,0,0,0,0,,,,,,,,,,,,
2026-04-03,0e0042f6-cda4-5418-8097-70974517aec8,Emilio Pagán,0a6a074b-e2af-563b-b13e-42cc1819afec,P,True,False,Cincinnati Reds,Texas Rangers,away,,,,,,,,,,,,,,1,3,1,0,0,0,0,,13,0,0.3333333333333333,9.0
2026-04-03,0e0042f6-cda4-5418-8097-70974517aec8,Noelvi Marte,b4539c2e-2482-5e59-a810-3b07072fa874,RF,False,True,Cincinnati Reds,Texas Rangers,away,0,0,0,0,2,0,0,1,0,0,0,0,0,,,,,,,,,,,,
2026-04-03,0e0042f6-cda4-5418-8097-70974517aec8,Tony Santillan,25ef2f7a-b7fa-5b8e-a059-f3fa3b9d4117,P,True,False,Cincinnati Reds,Texas Rangers,away,,,,,,,,,,,,,,1,3,0,0,0,0,0,,10,0,0.0,0.0
2026-04-03,0e0042f6-cda4-5418-8097-70974517aec8,Brady Singer,e3503df0-40e3-5a33-8591-3b95c75b998a,P,True,True,Cincinnati Reds,Texas Rangers,away,,,,,,,,,,,,,,5,15,5,1,6,0,2,,87,2,0.3333333333333333,9.0
2026-04-03,0e0042f6-cda4-5418-8097-70974517aec8,Matt McLain,f7624c99-f5cf-56e9-8b5d-cdc4402e8af7,2B,False,True,Cincinnati Reds,Texas Rangers,away,2,0,0,0,5,2,0,0,0,0,0,2,2,,,,,,,,,,,,
2026-04-03,0e0042f6-cda4-5418-8097-70974517aec8,Ke'Bryan Hayes,5ac4617a-322b-54c3-97a6-21a85177db00,3B,False,True,Cincinnati Reds,Texas Rangers,away,1,0,0,0,4,1,0,1,0,0,0,1,1,,,,,,,,,,,,
2026-04-03,0e0042f6-cda4-5418-8097-70974517aec8,Will Benson,3af6fc09-0d15-5805-832b-1e331a51fd8f,RF,False,False,Cincinnati Reds,Texas Rangers,away,0,0,0,0,2,0,0,1,0,0,0,0,0,,,,,,,,,,,,
2026-04-03,0e0042f6-cda4-5418-8097-70974517aec8,TJ Friedl,0a711a2b-282c-5649-94b9-8b048f484f0b,LF,False,False,Cincinnati Reds,Texas Rangers,away,0,0,0,0,0,0,0,0,0,0,0,0,0,,,,,,,,,,,,
2026-04-03,0e0042f6-cda4-5418-8097-70974517aec8,Spencer Steer,2e1a3d24-542e-5cd2-b6ac-11416bb79c96,LF,False,True,Cincinnati Reds,Texas Rangers,away,0,1,0,1,4,2,0,1,0,2,2,6,6,,,,,,,,,,,,
2026-04-03,0e0042f6-cda4-5418-8097-70974517aec8,Graham Ashcraft,ae98a0ca-c804-56c2-9e38-be2f024c449c,P,True,False,Cincinnati Reds,Texas Rangers,away,,,,,,,,,,,,,,1,3,2,0,2,0,1,,17,1,0.6666666666666666,18.0
2026-04-03,0e0042f6-cda4-5418-8097-70974517aec8,Tyler Stephenson,84ffb64d-831d-5b54-bb2d-dbc37cb5cb5c,C,False,True,Cincinnati Reds,Texas Rangers,away,1,0,0,1,4,2,0,1,0,1,2,5,5,,,,,,,,,,,,
2026-04-03,0e0042f6-cda4-5418-8097-70974517aec8,Eugenio Suárez,09da9ec7-2b7c-5ea9-b2f8-9cdd0fdb7f8b,DH,False,False,Cincinnati Reds,Texas Rangers,away,2,0,0,0,4,2,0,1,0,1,0,3,2,,,,,,,,,,,,
2026-04-03,0e0042f6-cda4-5418-8097-70974517aec8,Sam Moll,1cbefb65-74f2-5448-b353-d021fbe984dd,P,True,False,Cincinnati Reds,Texas Rangers,away,,,,,,,,,,,,,,1,3,1,1,0,0,0,,12,0,0.3333333333333333,9.0
2026-04-03,0dde53cb-862e-596e-9bcd-dc4136a2d80c,Shawn Armstrong,5f0c6f60-ac3b-5ec3-b62e-f70dbe817109,P,True,False,Cleveland Guardians,Chicago Cubs,home,,,,,,,,,,,,,,1,3,1,0,0,0,0,,13,0,0.3333333333333333,9.0
2026-04-03,0dde53cb-862e-596e-9bcd-dc4136a2d80c,Chase DeLauter,6df4c8fa-ba98-5c7a-ad19-cf86a2049392,DH,False,False,Cleveland Guardians,Chicago Cubs,home,2,0,0,1,4,3,0,0,0,1,3,7,6,,,,,,,,,,,,
2026-04-03,0dde53cb-862e-596e-9bcd-dc4136a2d80c,Connor Brogdon,1d981dc9-5de4-5f4c-8190-945b936250eb,P,True,False,Cleveland Guardians,Chicago Cubs,home,,,,,,,,,,,,,,1,3,0,0,0,0,0,,13,0,0.0,0.0
2026-04-03,0dde53cb-862e-596e-9bcd-dc4136a2d80c,Daniel Schneemann,44aa2c31-5c71-54d6-bd89-c75f77599832,CF,False,True,Cleveland Guardians,Chicago Cubs,home,0,1,0,0,4,1,0,1,0,1,0,2,2,,,,,,,,,,,,
2026-04-03,0dde53cb-862e-596e-9bcd-dc4136a2d80c,Brayan Rocchio,19d4d33d-50bf-55d7-9885-40f4738e6983,2B,False,True,Cleveland Guardians,Chicago Cubs,home,1,0,0,0,3,1,0,0,0,0,0,1,1,,,,,,,,,,,,
2026-04-03,0dde53cb-862e-596e-9bcd-dc4136a2d80c,Gabriel Arias,da74b797-d096-5ec7-bb84-6b0e693536f3,SS,False,True,Cleveland Guardians,Chicago Cubs,home,0,0,0,1,3,1,1,1,0,1,1,3,4,,,,,,,,,,,,
2026-04-03,0dde53cb-862e-596e-9bcd-dc4136a2d80c,Matt Festa,2150658a-9ae0-5b5d-941b-54a1af3be65c,P,True,False,Cleveland Guardians,Chicago Cubs,home,,,,,,,,,,,,,,0.2,2,0,0,0,0,0,,4,0,0.0,0.0
2026-04-03,0dde53cb-862e-596e-9bcd-dc4136a2d80c,Bo Naylor,569c32a2-118a-5902-a55f-3e350c57a8af,C,False,True,Cleveland Guardians,Chicago Cubs,home,1,0,0,0,4,1,0,1,0,0,0,1,1,,,,,,,,,,,,
2026-04-03,0dde53cb-862e-596e-9bcd-dc4136a2d80c,Cade Smith,431e2150-8e44-5087-a282-49c837584e2b,P,True,False,Cleveland Guardians,Chicago Cubs,home,,,,,,,,,,,,,,1,3,3,0,1,0,0,,22,0,1.0,27.0
2026-04-03,0dde53cb-862e-596e-9bcd-dc4136a2d80c,José Ramírez,edd283fa-acd6-56e6-a171-35d869385530,3B,False,True,Cleveland Guardians,Chicago Cubs,home,2,0,0,0,4,2,0,0,0,0,0,2,2,,,,,,,,,,,,
2026-04-03,0dde53cb-862e-596e-9bcd-dc4136a2d80c,Steven Kwan,64af661f-a572-5a07-8797-70964b4dbcb2,LF,False,True,Cleveland Guardians,Chicago Cubs,home,0,0,0,0,4,0,1,1,0,1,0,1,0,,,,,,,,,,,,
2026-04-03,0dde53cb-862e-596e-9bcd-dc4136a2d80c,Angel Martínez,a1a79e19-4dd8-5d43-8cf7-324e82cc4a92,RF,False,True,Cleveland Guardians,Chicago Cubs,home,0,0,0,0,4,0,1,0,0,0,0,0,0,,,,,,,,,,,,
2026-04-03,0dde53cb-862e-596e-9bcd-dc4136a2d80c,Kyle Manzardo,1f4ed7ba-eda9-5a00-b87f-9c005e0a44a8,1B,False,True,Cleveland Guardians,Chicago Cubs,home,0,0,0,0,4,0,1,1,0,0,0,0,0,,,,,,,,,,,,
2026-04-03,0dde53cb-862e-596e-9bcd-dc4136a2d80c,Joey Cantillo,0c281b3c-78e6-5a8a-9def-25c03e7366a8,P,True,True,Cleveland Guardians,Chicago Cubs,home,,,,,,,,,,,,,,5.1,16,6,2,4,0,1,,82,1,0.375,10.125
2026-04-03,0dde53cb-862e-596e-9bcd-dc4136a2d80c,Cade Horton,9e892f74-18dc-5f09-a1de-54d3bffb0cbb,P,True,True,Chicago Cubs,Cleveland Guardians,away,,,,,,,,,,,,,,1,3,0,1,0,0,0,,17,0,0.0,0.0
2026-04-03,0dde53cb-862e-596e-9bcd-dc4136a2d80c,Hoby Milner,bbd22cf6-c5e7-555d-a190-f9f2eb837f9d,P,True,False,Chicago Cubs,Cleveland Guardians,away,,,,,,,,,,,,,,1.2,5,0,0,2,0,0,,10,0,0.0,0.0
2026-04-03,0dde53cb-862e-596e-9bcd-dc4136a2d80c,Ian Happ,b809f60b-8331-5fd0-ab24-ee3b8538eabe,LF,False,True,Chicago Cubs,Cleveland Guardians,away,0,0,0,0,4,0,0,3,0,0,0,0,0,,,,,,,,,,,,
2026-04-03,0dde53cb-862e-596e-9bcd-dc4136a2d80c,Hunter Harvey,63a9518a-c35f-52e1-bb4a-74025135d346,P,True,False,Chicago Cubs,Cleveland Guardians,away,,,,,,,,,,,,,,0.2,2,0,1,2,2,3,,30,3,0.0,0.0
2026-04-03,0dde53cb-862e-596e-9bcd-dc4136a2d80c,Alex Bregman,57215789-8702-5d78-8c77-21a23c10f033,3B,False,True,Chicago Cubs,Cleveland Guardians,away,1,0,0,0,4,1,0,2,0,0,0,1,1,,,,,,,,,,,,
2026-04-03,0dde53cb-862e-596e-9bcd-dc4136a2d80c,Michael Busch,6b4e85c9-9b0c-5203-9474-01388c3cb9e8,1B,False,True,Chicago Cubs,Cleveland Guardians,away,0,0,0,0,4,0,0,1,0,0,0,0,0,,,,,,,,,,,,
2026-04-03,0dde53cb-862e-596e-9bcd-dc4136a2d80c,Carson Kelly,43b2a60b-2ced-5c09-beab-347f4863ab11,C,False,True,Chicago Cubs,Cleveland Guardians,away,2,0,0,0,4,2,0,0,0,0,0,2,2,,,,,,,,,,,,
2026-04-03,0dde53cb-862e-596e-9bcd-dc4136a2d80c,Pete Crow-Armstrong,6e75f4ef-3025-5851-bb55-3a587c5f54a5,CF,False,True,Chicago Cubs,Cleveland Guardians,away,0,1,0,0,3,1,0,0,1,1,0,2,2,,,,,,,,,,,,
2026-04-03,0dde53cb-862e-596e-9bcd-dc4136a2d80c,Jacob Webb,ca8696cb-c1cb-5236-87ba-e060231053af,P,True,False,Chicago Cubs,Cleveland Guardians,away,,,,,,,,,,,,,,1.1,4,1,1,1,0,0,,29,0,0.25,6.75
2026-04-03,0dde53cb-862e-596e-9bcd-dc4136a2d80c,Miguel Amaya,e5766d16-6afe-5cc0-b276-b0992a1ce5e2,DH,False,False,Chicago Cubs,Cleveland Guardians,away,0,1,0,0,2,1,0,0,0,0,1,2,2,,,,,,,,,,,,
2026-04-03,0dde53cb-862e-596e-9bcd-dc4136a2d80c,Moisés Ballesteros,c41e0ec5-9f1c-57a3-96c5-193ca0c2275e,DH,False,False,Chicago Cubs,Cleveland Guardians,away,0,0,0,0,1,0,0,1,0,0,0,0,0,,,,,,,,,,,,
2026-04-03,0dde53cb-862e-596e-9bcd-dc4136a2d80c,Colin Rea,177e488f-e93a-5664-8ef3-9389065a8eea,P,True,False,Chicago Cubs,Cleveland Guardians,away,,,,,,,,,,,,,,3.1,10,4,1,4,0,1,,57,1,0.4,10.799999999999999
2026-04-03,0dde53cb-862e-596e-9bcd-dc4136a2d80c,Dansby Swanson,e20a9fc7-6766-5d06-b4c8-8cf51b6d7308,SS,False,True,Chicago Cubs,Cleveland Guardians,away,0,0,0,0,4,0,0,2,0,0,0,0,0,,,,,,,,,,,,
2026-04-03,0dde53cb-862e-596e-9bcd-dc4136a2d80c,Nico Hoerner,b69bc55a-ea5c-59ee-bf5a-3a765fe9aa2a,2B,False,True,Chicago Cubs,Cleveland Guardians,away,0,0,0,0,4,0,2,0,0,0,0,0,0,,,,,,,,,,,,
2026-04-03,0dde53cb-862e-596e-9bcd-dc4136a2d80c,Matt Shaw,0e584e95-3d75-5986-9cb2-4451b4d945cf,RF,False,True,Chicago Cubs,Cleveland Guardians,away,0,0,0,0,3,0,0,1,0,0,0,0,0,,,,,,,,,,,,
2026-04-03,a40eca7d-7e96-5de7-b7e3-65344afa625d,Mickey Moniak,3f0fdd53-717e-5b5d-97af-38f6cc224d92,RF,False,True,Colorado Rockies,Philadelphia Phillies,home,1,0,0,0,4,1,0,1,0,1,0,2,1,,,,,,,,,,,,
2026-04-03,a40eca7d-7e96-5de7-b7e3-65344afa625d,Jake McCarthy,6997ae3d-a342-5d04-a267-91d371938d45,LF,False,True,Colorado Rockies,Philadelphia Phillies,home,0,0,0,0,3,0,0,1,0,0,0,0,0,,,,,,,,,,,,
2026-04-03,a40eca7d-7e96-5de7-b7e3-65344afa625d,Troy Johnston,09dd2789-8b43-5f74-a5fd-89e6f73d1d86,DH,False,False,Colorado Rockies,Philadelphia Phillies,home,1,0,0,0,4,1,0,1,0,0,0,1,1,,,,,,,,,,,,
2026-04-03,a40eca7d-7e96-5de7-b7e3-65344afa625d,Willi Castro,1f049a5e-1a31-56fd-813c-95bc75d37525,SS,False,True,Colorado Rockies,Philadelphia Phillies,home,0,1,0,0,4,1,0,1,0,0,1,2,2,,,,,,,,,,,,
2026-04-03,a40eca7d-7e96-5de7-b7e3-65344afa625d,Edouard Julien,acdd1046-d6e4-53f4-90bb-fde2916b38bf,2B,False,False,Colorado Rockies,Philadelphia Phillies,home,0,0,0,0,1,0,1,0,0,0,0,0,0,,,,,,,,,,,,
2026-04-03,a40eca7d-7e96-5de7-b7e3-65344afa625d,Hunter Goodman,6144567b-eae1-58fa-9b5d-d2351f51c9e5,C,False,True,Colorado Rockies,Philadelphia Phillies,home,0,0,0,0,4,0,0,3,0,0,0,0,0,,,,,,,,,,,,
2026-04-03,a40eca7d-7e96-5de7-b7e3-65344afa625d,Brenton Doyle,35509183-6eb7-5366-8a93-d9e7405d24ff,CF,False,True,Colorado Rockies,Philadelphia Phillies,home,1,0,0,0,4,1,0,3,0,0,0,1,1,,,,,,,,,,,,
2026-04-03,a40eca7d-7e96-5de7-b7e3-65344afa625d,Michael Lorenzen,26b7ff49-145a-5107-8d4d-fe86a69c7aff,P,True,True,Colorado Rockies,Philadelphia Phillies,home,,,,,,,,,,,,,,3,9,2,2,12,2,9,,77,9,0.2222222222222222,6.0
2026-04-03,a40eca7d-7e96-5de7-b7e3-65344afa625d,Ezequiel Tovar,973d0ea7-2ba4-58b5-95ce-ce6704416d1a,SS,False,True,Colorado Rockies,Philadelphia Phillies,home,1,0,0,0,3,1,0,1,0,0,0,1,1,,,,,,,,,,,,
2026-04-03,a40eca7d-7e96-5de7-b7e3-65344afa625d,TJ Rumfield,8fbfa07a-ea2e-592e-9520-5bf531ada10d,1B,False,True,Colorado Rockies,Philadelphia Phillies,home,0,0,0,0,4,0,1,2,0,0,0,0,0,,,,,,,,,,,,
2026-04-03,a40eca7d-7e96-5de7-b7e3-65344afa625d,Valente Bellozo,fdcb3473-26ce-5f71-bc3f-ede739bbcfee,P,True,False,Colorado Rockies,Philadelphia Phillies,home,,,,,,,,,,,,,,6,18,7,1,1,1,1,,77,1,0.3888888888888889,10.5
2026-04-03,a40eca7d-7e96-5de7-b7e3-65344afa625d,Kyle Karros,5aeefc0d-9862-57c9-b58f-ab21c2ce4404,3B,False,True,Colorado Rockies,Philadelphia Phillies,home,0,0,0,0,3,0,0,2,0,0,0,0,0,,,,,,,,,,,,
2026-04-03,a40eca7d-7e96-5de7-b7e3-65344afa625d,Brandon Marsh,428a913a-6990-5ebc-a53f-fe331b036c25,RF,False,True,Philadelphia Phillies,Colorado Rockies,away,0,0,0,1,5,1,0,1,0,1,3,5,4,,,,,,,,,,,,
2026-04-03,a40eca7d-7e96-5de7-b7e3-65344afa625d,Justin Crawford,656815ea-b9fd-59e0-8461-3bdf7f7e3131,CF,False,True,Philadelphia Phillies,Colorado Rockies,away,0,0,0,0,4,0,0,1,0,0,0,0,0,,,,,,,,,,,,
2026-04-03,a40eca7d-7e96-5de7-b7e3-65344afa625d,Bryce Harper,c9b6441c-da6d-5f6d-bb63-857c121017fa,1B,False,True,Philadelphia Phillies,Colorado Rockies,away,0,1,0,1,4,2,1,0,0,2,1,5,6,,,,,,,,,,,,
2026-04-03,a40eca7d-7e96-5de7-b7e3-65344afa625d,J.T. Realmuto,0d9765bd-d345-5aaf-b9ad-1a15792ac037,C,False,True,Philadelphia Phillies,Colorado Rockies,away,0,1,0,0,4,1,0,0,0,1,0,2,2,,,,,,,,,,,,
2026-04-03,a40eca7d-7e96-5de7-b7e3-65344afa625d,Edmundo Sosa,4fbe024f-4d5b-5042-8ca2-06f8ecd6d580,SS,False,False,Philadelphia Phillies,Colorado Rockies,away,0,0,0,0,1,0,0,0,0,0,0,0,0,,,,,,,,,,,,
2026-04-03,a40eca7d-7e96-5de7-b7e3-65344afa625d,Alec Bohm,9bbc34c0-5769-5c7f-8cf4-607f25730d26,3B,False,True,Philadelphia Phillies,Colorado Rockies,away,2,0,0,0,5,2,0,1,0,1,3,6,2,,,,,,,,,,,,
2026-04-03,a40eca7d-7e96-5de7-b7e3-65344afa625d,Tim Mayza,0601d6fa-5723-5116-a76f-298c86d49662,P,True,False,Philadelphia Phillies,Colorado Rockies,away,,,,,,,,,,,,,,1,3,2,0,0,0,0,,13,0,0.6666666666666666,18.0
2026-04-03,a40eca7d-7e96-5de7-b7e3-65344afa625d,Bryson Stott,c063d114-6426-54da-a28d-bd4eb1d1d948,2B,False,True,Philadelphia Phillies,Colorado Rockies,away,1,1,0,0,5,2,0,1,0,1,1,4,3,,,,,,,,,,,,
2026-04-03,a40eca7d-7e96-5de7-b7e3-65344afa625d,Kyle Schwarber,a60a2cbf-f012-56e9-acc4-184d76ff8219,DH,False,False,Philadelphia Phillies,Colorado Rockies,away,0,0,0,1,5,1,2,1,0,2,1,4,4,,,,,,,,,,,,
2026-04-03,a40eca7d-7e96-5de7-b7e3-65344afa625d,Otto Kemp,0bee2d6f-b61f-5378-8451-2de962a9d75c,LF,False,False,Philadelphia Phillies,Colorado Rockies,away,0,0,0,0,1,0,0,1,0,0,0,0,0,,,,,,,,,,,,
2026-04-03,a40eca7d-7e96-5de7-b7e3-65344afa625d,Zach Pop,70072dca-1ce1-564d-ac94-30a6d1fcddc5,P,True,False,Philadelphia Phillies,Colorado Rockies,away,,,,,,,,,,,,,,1,3,3,1,0,0,0,,17,0,1.0,27.0
2026-04-03,a40eca7d-7e96-5de7-b7e3-65344afa625d,Dylan Moore,91fc5f77-4de9-51ed-8457-5e5afbe85510,1B,False,False,Philadelphia Phillies,Colorado Rockies,away,0,0,0,0,1,0,0,1,0,0,0,0,0,,,,,,,,,,,,
2026-04-03,a40eca7d-7e96-5de7-b7e3-65344afa625d,Adolis García,2c62b85f-73e6-5aff-af94-15901f508fb2,RF,False,True,Philadelphia Phillies,Colorado Rockies,away,1,0,0,0,4,1,0,1,0,0,0,1,1,,,,,,,,,,,,
2026-04-03,a40eca7d-7e96-5de7-b7e3-65344afa625d,Aaron Nola,30fcc27e-bc10-5865-a3e7-9cb3e186515b,P,True,True,Philadelphia Phillies,Colorado Rockies,away,,,,,,,,,,,,,,6.1,19,9,1,5,0,1,,95,1,0.47368421052631576,12.789473684210527
2026-04-03,a40eca7d-7e96-5de7-b7e3-65344afa625d,Trea Turner,f38b6d42-2ac2-5480-adbc-729df0f14126,SS,False,True,Philadelphia Phillies,Colorado Rockies,away,2,1,0,0,4,3,0,1,0,2,1,6,4,,,,,,,,,,,,
2026-04-03,a40eca7d-7e96-5de7-b7e3-65344afa625d,Kyle Backhus,793823ac-a817-5e7e-92a0-81c19eb4fc41,P,True,False,Philadelphia Phillies,Colorado Rockies,away,,,,,,,,,,,,,,0.2,2,1,0,0,0,0,,9,0,0.5,13.5
2026-04-03,0e33dd24-9fac-5e0a-94d4-7fa270ff65af,Cody Laweryson,ec1d4fee-7d68-51b2-bd07-9ef41b95553a,P,True,False,Minnesota Twins,Tampa Bay Rays,home,,,,,,,,,,,,,,1,3,1,0,0,0,0,,10,0,0.3333333333333333,9.0
2026-04-03,0e33dd24-9fac-5e0a-94d4-7fa270ff65af,Justin Topa,f695595b-b683-55e9-8396-d2c651a30ad9,P,True,False,Minnesota Twins,Tampa Bay Rays,home,,,,,,,,,,,,,,0.2,2,2,0,2,0,0,,17,0,1.0,27.0
2026-04-03,0e33dd24-9fac-5e0a-94d4-7fa270ff65af,Kody Clemens,388afaec-b241-58d7-8b05-1e0292aaa5ce,1B,False,True,Minnesota Twins,Tampa Bay Rays,home,0,0,0,0,5,0,1,3,0,0,0,0,0,,,,,,,,,,,,
2026-04-03,0e33dd24-9fac-5e0a-94d4-7fa270ff65af,Austin Martin,2b621d0f-36d2-5e85-800f-c9ea62645109,LF,False,False,Minnesota Twins,Tampa Bay Rays,home,0,0,0,0,0,0,0,0,0,1,0,1,0,,,,,,,,,,,,
2026-04-03,0e33dd24-9fac-5e0a-94d4-7fa270ff65af,Anthony Banda,ca44db94-5d9e-525f-a405-9de2e4448bbf,P,True,False,Minnesota Twins,Tampa Bay Rays,home,,,,,,,,,,,,,,1,3,0,0,1,0,1,,17,1,0.0,0.0
2026-04-03,0e33dd24-9fac-5e0a-94d4-7fa270ff65af,Tristan Gray,cda6f186-a450-525a-a396-3c2dddd5cb15,SS,False,True,Minnesota Twins,Tampa Bay Rays,home,0,0,0,1,4,1,1,0,0,1,5,7,4,,,,,,,,,,,,
2026-04-03,0e33dd24-9fac-5e0a-94d4-7fa270ff65af,Josh Bell,9c4f9447-e182-53d1-9468-d5eed9b0e0f7,DH,False,False,Minnesota Twins,Tampa Bay Rays,home,1,1,0,0,5,2,0,2,0,2,2,6,3,,,,,,,,,,,,
2026-04-03,0e33dd24-9fac-5e0a-94d4-7fa270ff65af,Ryan Jeffers,9fa0a7d3-5db7-5110-b162-2933bae5edac,C,False,True,Minnesota Twins,Tampa Bay Rays,home,1,0,0,0,4,1,0,1,0,2,0,3,1,,,,,,,,,,,,
2026-04-03,0e33dd24-9fac-5e0a-94d4-7fa270ff65af,James Outman,ecd5e641-3869-57f2-af87-7b030fcc7f7b,CF,False,False,Minnesota Twins,Tampa Bay Rays,home,0,0,0,0,1,0,0,0,1,1,0,1,0,,,,,,,,,,,,
2026-04-03,0e33dd24-9fac-5e0a-94d4-7fa270ff65af,Bailey Ober,3f2b2a40-e636-5fac-b6d1-591335b0aa7e,P,True,True,Minnesota Twins,Tampa Bay Rays,home,,,,,,,,,,,,,,4,12,4,2,4,0,3,,82,3,0.3333333333333333,9.0
2026-04-03,0e33dd24-9fac-5e0a-94d4-7fa270ff65af,Kody Funderburk,194f8ff2-a54d-5d6f-b29f-4ada5ae3629b,P,True,False,Minnesota Twins,Tampa Bay Rays,home,,,,,,,,,,,,,,0.1,1,0,0,0,0,0,,2,0,0.0,0.0
2026-04-03,0e33dd24-9fac-5e0a-94d4-7fa270ff65af,Royce Lewis,ed8d10fa-59d5-527e-9c7f-0eb7ba2f1a36,3B,False,True,Minnesota Twins,Tampa Bay Rays,home,0,0,0,0,4,0,2,0,0,1,2,3,0,,,,,,,,,,,,
2026-04-03,0e33dd24-9fac-5e0a-94d4-7fa270ff65af,Trevor Larnach,acc8d7d3-6cc6-5ddb-82f7-c51950746185,LF,False,True,Minnesota Twins,Tampa Bay Rays,home,0,1,0,0,4,1,2,0,0,0,1,2,2,,,,,,,,,,,,
2026-04-03,0e33dd24-9fac-5e0a-94d4-7fa270ff65af,Byron Buxton,f324ed45-2be1-5593-9601-8a1caeabe988,CF,False,True,Minnesota Twins,Tampa Bay Rays,home,0,0,0,0,4,0,0,1,0,0,0,0,0,,,,,,,,,,,,
2026-04-03,0e33dd24-9fac-5e0a-94d4-7fa270ff65af,Matt Wallner,d29b50b9-0e28-5d0d-b368-6cecc0a7d512,RF,False,True,Minnesota Twins,Tampa Bay Rays,home,0,0,0,0,5,0,0,5,0,0,0,0,0,,,,,,,,,,,,
2026-04-03,0e33dd24-9fac-5e0a-94d4-7fa270ff65af,Eric Orze,bf0a6099-e6a8-5e3c-992f-bf9bf6aca93d,P,True,False,Minnesota Twins,Tampa Bay Rays,home,,,,,,,,,,,,,,2,6,0,1,1,0,0,,37,0,0.0,0.0
2026-04-03,0e33dd24-9fac-5e0a-94d4-7fa270ff65af,Luke Keaschall,cd5f4708-4e8f-5a0f-8347-a323178f906f,2B,False,True,Minnesota Twins,Tampa Bay Rays,home,2,0,0,0,5,2,0,0,1,2,0,4,2,,,,,,,,,,,,
2026-04-03,0e33dd24-9fac-5e0a-94d4-7fa270ff65af,Carson Williams,2f38b1e0-2b43-5a13-aa76-446260f08a38,SS,False,True,Tampa Bay Rays,Minnesota Twins,away,0,0,0,0,4,0,0,3,0,0,0,0,0,,,,,,,,,,,,
2026-04-03,0e33dd24-9fac-5e0a-94d4-7fa270ff65af,Ryan Vilade,7f7f7e5d-479b-5d2a-a4bc-2c1278490861,PH,False,False,Tampa Bay Rays,Minnesota Twins,away,0,0,0,0,1,0,0,1,0,0,0,0,0,,,,,,,,,,,,
2026-04-03,0e33dd24-9fac-5e0a-94d4-7fa270ff65af,Jake Fraley,9f4bcb6d-0f3d-580f-985b-cc730b0a26e5,RF,False,True,Tampa Bay Rays,Minnesota Twins,away,0,1,0,0,3,1,0,0,0,1,0,2,2,,,,,,,,,,,,
2026-04-03,0e33dd24-9fac-5e0a-94d4-7fa270ff65af,Chandler Simpson,e8a47c28-d0c4-55d9-8402-e290b94ba76d,LF,False,True,Tampa Bay Rays,Minnesota Twins,away,0,0,0,0,4,0,1,0,0,0,0,0,0,,,,,,,,,,,,
2026-04-03,0e33dd24-9fac-5e0a-94d4-7fa270ff65af,Jonny DeLuca,18e76306-3c90-58e3-8beb-27a4572e4c71,RF,False,False,Tampa Bay Rays,Minnesota Twins,away,0,0,0,0,1,0,0,0,0,0,0,0,0,,,,,,,,,,,,
2026-04-03,0e33dd24-9fac-5e0a-94d4-7fa270ff65af,Kevin Kelly,6a952a95-8d80-57ba-a5fe-a4daa53fa456,P,True,False,Tampa Bay Rays,Minnesota Twins,away,,,,,,,,,,,,,,0.1,1,1,2,2,0,5,,33,6,1.0,27.0
2026-04-03,0e33dd24-9fac-5e0a-94d4-7fa270ff65af,Jonathan Aranda,f3e0ad1f-94c2-5388-8f31-9baa1e72f471,1B,False,True,Tampa Bay Rays,Minnesota Twins,away,0,0,0,0,5,0,0,1,0,0,0,0,0,,,,,,,,,,,,
2026-04-03,0e33dd24-9fac-5e0a-94d4-7fa270ff65af,Nick Fortes,f24e024c-1c51-502c-8866-34dbafb91126,C,False,True,Tampa Bay Rays,Minnesota Twins,away,0,1,0,0,4,1,0,1,0,1,2,4,2,,,,,,,,,,,,
2026-04-03,0e33dd24-9fac-5e0a-94d4-7fa270ff65af,Hunter Bigge,c3b30982-9c32-57bd-8de9-795c8f63545f,P,True,False,Tampa Bay Rays,Minnesota Twins,away,,,,,,,,,,,,,,0.2,2,1,1,0,0,0,,16,0,0.5,13.5
2026-04-03,0e33dd24-9fac-5e0a-94d4-7fa270ff65af,Yandy Díaz,382a432b-7569-5972-a70e-6270ec94a244,DH,False,False,Tampa Bay Rays,Minnesota Twins,away,1,0,0,0,4,1,2,0,0,1,0,2,1,,,,,,,,,,,,
2026-04-03,0e33dd24-9fac-5e0a-94d4-7fa270ff65af,Ben Williamson,ac1660ef-9f73-5523-b351-97539670590b,2B,False,True,Tampa Bay Rays,Minnesota Twins,away,1,1,0,0,4,2,0,0,0,0,1,3,3,,,,,,,,,,,,
2026-04-03,0e33dd24-9fac-5e0a-94d4-7fa270ff65af,Junior Caminero,00646ce3-90a0-5f44-9b75-d7f277143ba5,3B,False,True,Tampa Bay Rays,Minnesota Twins,away,1,1,0,0,5,2,0,0,0,1,0,3,3,,,,,,,,,,,,
2026-04-03,0e33dd24-9fac-5e0a-94d4-7fa270ff65af,Yoendrys Gómez,626d56c2-e478-5409-8de4-eb4e138b153c,P,True,False,Tampa Bay Rays,Minnesota Twins,away,,,,,,,,,,,,,,1.2,5,1,0,1,1,1,,23,1,0.2,5.3999999999999995
2026-04-03,0e33dd24-9fac-5e0a-94d4-7fa270ff65af,Cedric Mullins,88cf2c8c-311c-568d-90a3-428db492786f,CF,False,True,Tampa Bay Rays,Minnesota Twins,away,1,0,0,0,4,1,0,1,0,0,1,2,1,,,,,,,,,,,,
2026-04-03,0e33dd24-9fac-5e0a-94d4-7fa270ff65af,Joe Boyle,c702f936-ac2d-5ab9-baee-41e24edf07ea,P,True,True,Tampa Bay Rays,Minnesota Twins,away,,,,,,,,,,,,,,5.1,16,9,3,4,0,2,,104,3,0.5625,15.1875
2026-04-03,5df99025-0667-5c8c-b96d-483cd43045bf,Spencer Horwitz,d94f34aa-a84a-53a8-b552-cc31e58a6ff4,1B,False,True,Pittsburgh Pirates,Baltimore Orioles,home,0,0,0,0,4,0,1,1,0,0,0,0,0,,,,,,,,,,,,
2026-04-03,5df99025-0667-5c8c-b96d-483cd43045bf,Brandon Lowe,01a36894-6133-59b2-8a70-8948f1acd43b,2B,False,True,Pittsburgh Pirates,Baltimore Orioles,home,0,1,0,0,4,1,1,2,0,0,0,1,2,,,,,,,,,,,,
2026-04-03,5df99025-0667-5c8c-b96d-483cd43045bf,Bryan Reynolds,141b2899-de5b-5dc9-b9f4-e519b8211bb2,LF,False,True,Pittsburgh Pirates,Baltimore Orioles,home,0,0,0,0,4,0,1,1,0,1,0,1,0,,,,,,,,,,,,
2026-04-03,5df99025-0667-5c8c-b96d-483cd43045bf,Oneil Cruz,508aae39-e756-5c0b-aceb-61dcb5848fe3,CF,False,True,Pittsburgh Pirates,Baltimore Orioles,home,1,0,0,0,4,1,0,1,0,0,1,2,1,,,,,,,,,,,,
2026-04-03,5df99025-0667-5c8c-b96d-483cd43045bf,Gregory Soto,b138fbb2-8c7e-57d8-8888-1b12c05f2f78,P,True,False,Pittsburgh Pirates,Baltimore Orioles,home,,,,,,,,,,,,,,1,3,3,0,1,1,1,,20,1,1.0,27.0
2026-04-03,5df99025-0667-5c8c-b96d-483cd43045bf,Mason Montgomery,bf255648-f3aa-5cc8-887d-d43df9b2d453,P,True,False,Pittsburgh Pirates,Baltimore Orioles,home,,,,,,,,,,,,,,0.2,2,1,0,0,0,0,,9,0,0.5,13.5
2026-04-03,5df99025-0667-5c8c-b96d-483cd43045bf,Jared Triolo,b3830745-d362-5cb9-9a24-395ac01a9fa6,3B,False,True,Pittsburgh Pirates,Baltimore Orioles,home,2,0,0,0,3,2,0,1,0,1,1,4,2,,,,,,,,,,,,
2026-04-03,5df99025-0667-5c8c-b96d-483cd43045bf,Jake Mangum,28a2c33a-c9b3-5e75-a2ba-70873536bb5e,LF,False,False,Pittsburgh Pirates,Baltimore Orioles,home,0,0,0,0,0,0,0,0,0,0,0,0,0,,,,,,,,,,,,
2026-04-03,5df99025-0667-5c8c-b96d-483cd43045bf,Mitch Keller,efed14de-1304-5d09-bd06-99d1822e73d9,P,True,True,Pittsburgh Pirates,Baltimore Orioles,home,,,,,,,,,,,,,,6,18,4,4,6,0,2,,88,2,0.2222222222222222,6.0
2026-04-03,5df99025-0667-5c8c-b96d-483cd43045bf,Yohan Ramírez,e44b5811-3bad-5c98-8894-3a41b359705c,P,True,False,Pittsburgh Pirates,Baltimore Orioles,home,,,,,,,,,,,,,,0.1,1,0,1,2,0,1,,19,1,0.0,0.0
2026-04-03,5df99025-0667-5c8c-b96d-483cd43045bf,Dennis Santana,e472520d-2660-5d3d-bc45-5ed27573556d,P,True,False,Pittsburgh Pirates,Baltimore Orioles,home,,,,,,,,,,,,,,1,3,1,0,0,0,0,,10,0,0.3333333333333333,9.0
2026-04-03,5df99025-0667-5c8c-b96d-483cd43045bf,Henry Davis,0f944710-fb93-58f9-bdbf-2ecc18548deb,C,False,True,Pittsburgh Pirates,Baltimore Orioles,home,0,1,0,0,3,1,0,0,0,1,1,3,2,,,,,,,,,,,,
2026-04-03,5df99025-0667-5c8c-b96d-483cd43045bf,Konnor Griffin,5a897113-adf9-5343-8f9d-15a2e37ba682,SS,False,True,Pittsburgh Pirates,Baltimore Orioles,home,0,1,0,0,4,1,1,1,0,1,1,3,2,,,,,,,,,,,,
2026-04-03,5df99025-0667-5c8c-b96d-483cd43045bf,Ryan O'Hearn,bffaa283-7254-53ef-91d3-5520a44d1888,RF,False,True,Pittsburgh Pirates,Baltimore Orioles,home,0,0,0,0,4,0,1,1,0,1,1,2,0,,,,,,,,,,,,
2026-04-03,5df99025-0667-5c8c-b96d-483cd43045bf,Marcell Ozuna,bef29d2e-a08c-5c3f-8b74-f3c204725a37,DH,False,False,Pittsburgh Pirates,Baltimore Orioles,home,0,0,0,0,4,0,1,2,0,0,0,0,0,,,,,,,,,,,,
2026-04-03,5df99025-0667-5c8c-b96d-483cd43045bf,Jeremiah Jackson,79a8c5e7-b511-5a4a-a093-00ac948ae519,2B,False,True,Baltimore Orioles,Pittsburgh Pirates,away,0,0,0,0,3,0,0,0,0,0,0,0,0,,,,,,,,,,,,
2026-04-03,5df99025-0667-5c8c-b96d-483cd43045bf,Samuel Basallo,e2832358-42f4-5d2e-b14c-498693dbb679,DH,False,False,Baltimore Orioles,Pittsburgh Pirates,away,0,0,0,0,4,0,0,1,0,0,0,0,0,,,,,,,,,,,,
2026-04-03,5df99025-0667-5c8c-b96d-483cd43045bf,Tyler Wells,ba8493f7-6b96-5522-ae17-16c50d1b7d46,P,True,False,Baltimore Orioles,Pittsburgh Pirates,away,,,,,,,,,,,,,,2,6,2,0,0,0,0,,23,0,0.3333333333333333,9.0
2026-04-03,5df99025-0667-5c8c-b96d-483cd43045bf,Rico Garcia,bf7d81c5-2227-5bb3-947e-5a93eb72d466,P,True,False,Baltimore Orioles,Pittsburgh Pirates,away,,,,,,,,,,,,,,1,3,0,0,0,0,0,,8,0,0.0,0.0
2026-04-03,5df99025-0667-5c8c-b96d-483cd43045bf,Gunnar Henderson,8dd2ac6f-561c-5af1-b076-5e81f0f4e199,SS,False,True,Baltimore Orioles,Pittsburgh Pirates,away,1,1,0,1,5,3,0,0,0,2,2,7,7,,,,,,,,,,,,
2026-04-03,5df99025-0667-5c8c-b96d-483cd43045bf,Leody Taveras,3ec5beae-5884-53b2-80db-f719fafea82c,PH,False,False,Baltimore Orioles,Pittsburgh Pirates,away,0,0,0,0,1,0,0,1,0,0,0,0,0,,,,,,,,,,,,
2026-04-03,5df99025-0667-5c8c-b96d-483cd43045bf,Taylor Ward,ecd13d9a-09c8-5341-a9c1-42cd969b9bfd,LF,False,True,Baltimore Orioles,Pittsburgh Pirates,away,0,1,0,0,5,1,2,2,0,0,1,2,2,,,,,,,,,,,,
2026-04-03,5df99025-0667-5c8c-b96d-483cd43045bf,Kyle Bradish,66e75bda-3aeb-54f0-a9ef-a69a0800b3a2,P,True,True,Baltimore Orioles,Pittsburgh Pirates,away,,,,,,,,,,,,,,4,12,6,3,6,0,4,,81,4,0.5,13.5
2026-04-03,5df99025-0667-5c8c-b96d-483cd43045bf,Dylan Beavers,6713c09d-171a-5996-8551-2d6cbdcc460f,RF,False,True,Baltimore Orioles,Pittsburgh Pirates,away,2,0,0,0,4,2,0,0,0,0,0,2,2,,,,,,,,,,,,
2026-04-03,5df99025-0667-5c8c-b96d-483cd43045bf,Adley Rutschman,641d20de-7b25-5610-a12b-aa8c9cf6fdb5,C,False,True,Baltimore Orioles,Pittsburgh Pirates,away,0,1,0,0,4,1,1,0,0,0,1,2,2,,,,,,,,,,,,
2026-04-03,5df99025-0667-5c8c-b96d-483cd43045bf,Blaze Alexander,06fa37f7-11f0-5e44-b028-6e4b58efaaa5,2B,False,True,Baltimore Orioles,Pittsburgh Pirates,away,2,0,0,0,4,2,0,1,0,2,0,4,2,,,,,,,,,,,,
2026-04-03,5df99025-0667-5c8c-b96d-483cd43045bf,Pete Alonso,a706e53c-3e74-5675-9f67-a2114ac0ab94,1B,False,True,Baltimore Orioles,Pittsburgh Pirates,away,0,0,0,0,5,0,1,3,0,0,0,0,0,,,,,,,,,,,,
2026-04-03,5df99025-0667-5c8c-b96d-483cd43045bf,Dietrich Enns,ef9207e2-4db6-5311-b1e8-2264567c81af,P,True,False,Baltimore Orioles,Pittsburgh Pirates,away,,,,,,,,,,,,,,1,3,2,3,0,0,1,,39,1,0.6666666666666666,18.0
2026-04-03,5df99025-0667-5c8c-b96d-483cd43045bf,Colton Cowser,7c1a36d9-f8ba-5ebe-9fd2-58b788cc84b6,CF,False,True,Baltimore Orioles,Pittsburgh Pirates,away,0,0,0,0,4,0,1,1,0,0,0,0,0,,,,,,,,,,,,
2026-04-03,5df99025-0667-5c8c-b96d-483cd43045bf,Coby Mayo,3fa3b427-6995-5a99-b9df-39c34bfe5217,3B,False,False,Baltimore Orioles,Pittsburgh Pirates,away,0,0,0,0,0,0,0,0,0,0,0,0,0,,,,,,,,,,,,
2026-04-04,0f4142de-ad28-580d-9cf3-9c24f7f0942b,Carter Jensen,add60a5c-95dc-503b-a5b7-79f454562e86,C,False,True,Kansas City Royals,Milwaukee Brewers,home,1,1,0,0,4,2,1,0,0,1,2,5,3,,,,,,,,,,,,
2026-04-04,0f4142de-ad28-580d-9cf3-9c24f7f0942b,Eli Morgan,d07116dd-de99-5c83-baa1-d1c6d9a9b6cf,P,True,False,Kansas City Royals,Milwaukee Brewers,home,,,,,,,,,,,,,,3,9,5,1,1,0,0,,42,0,0.5555555555555556,15.0
2026-04-04,0f4142de-ad28-580d-9cf3-9c24f7f0942b,Jonathan India,20949af5-dd03-55d6-a8f3-4a565f24fa02,2B,False,True,Kansas City Royals,Milwaukee Brewers,home,2,0,0,0,4,2,0,1,0,2,0,4,2,,,,,,,,,,,,
2026-04-04,0f4142de-ad28-580d-9cf3-9c24f7f0942b,Isaac Collins,c926f529-9700-5e4c-b204-5e60f55503df,LF,False,True,Kansas City Royals,Milwaukee Brewers,home,1,0,0,0,4,1,1,1,0,1,1,3,1,,,,,,,,,,,,
2026-04-04,0f4142de-ad28-580d-9cf3-9c24f7f0942b,Salvador Perez,fd9f5eef-c0a3-5e7e-9097-e558c01c50b1,DH,False,False,Kansas City Royals,Milwaukee Brewers,home,0,0,0,1,4,1,2,0,0,2,1,4,4,,,,,,,,,,,,
2026-04-04,0f4142de-ad28-580d-9cf3-9c24f7f0942b,Nick Mears,70f533f5-9733-5aeb-b8b8-28907be04653,P,True,False,Kansas City Royals,Milwaukee Brewers,home,,,,,,,,,,,,,,1,3,0,0,0,0,0,,14,0,0.0,0.0
2026-04-04,0f4142de-ad28-580d-9cf3-9c24f7f0942b,Vinnie Pasquantino,160d1ebf-e65f-5f8e-a25b-00b8001bc198,1B,False,True,Kansas City Royals,Milwaukee Brewers,home,0,0,0,0,5,0,1,1,0,0,0,0,0,,,,,,,,,,,,
2026-04-04,0f4142de-ad28-580d-9cf3-9c24f7f0942b,Kyle Isbel,cf2183c9-e138-5f3a-8d67-6dedd3b07bfb,CF,False,True,Kansas City Royals,Milwaukee Brewers,home,1,0,0,0,4,1,0,2,0,1,1,3,1,,,,,,,,,,,,
2026-04-04,0f4142de-ad28-580d-9cf3-9c24f7f0942b,Maikel Garcia,31857688-327f-5f07-8b02-bc706fd384b8,3B,False,True,Kansas City Royals,Milwaukee Brewers,home,2,1,0,0,5,3,0,0,0,1,1,5,4,,,,,,,,,,,,
2026-04-04,0f4142de-ad28-580d-9cf3-9c24f7f0942b,Seth Lugo,8f019519-10ce-5ed5-b3d3-19a984eaf721,P,True,True,Kansas City Royals,Milwaukee Brewers,home,,,,,,,,,,,,,,5,15,7,2,4,0,2,,103,2,0.4666666666666667,12.6
2026-04-04,0f4142de-ad28-580d-9cf3-9c24f7f0942b,Jac Caglianone,ec14685d-e1f1-5cf3-8532-ae72ed66c00b,RF,False,True,Kansas City Royals,Milwaukee Brewers,home,0,0,0,0,4,0,1,1,0,0,0,0,0,,,,,,,,,,,,
2026-04-04,0f4142de-ad28-580d-9cf3-9c24f7f0942b,Bobby Witt Jr.,355275f4-ce4a-5c49-a0e4-cadfa2e8a083,SS,False,True,Kansas City Royals,Milwaukee Brewers,home,0,0,0,0,5,0,1,3,0,0,0,0,0,,,,,,,,,,,,
2026-04-04,0f4142de-ad28-580d-9cf3-9c24f7f0942b,Logan Henderson,736e45d7-3a0e-55cc-aa06-58ac5068884a,P,True,True,Milwaukee Brewers,Kansas City Royals,away,,,,,,,,,,,,,,2,6,3,1,3,0,2,,35,2,0.5,13.5
2026-04-04,0f4142de-ad28-580d-9cf3-9c24f7f0942b,Joey Ortiz,ebc5a190-639c-5d2c-916f-f393fd5d2c1e,SS,False,True,Milwaukee Brewers,Kansas City Royals,away,1,0,0,0,4,1,0,2,1,0,0,1,1,,,,,,,,,,,,
2026-04-04,0f4142de-ad28-580d-9cf3-9c24f7f0942b,Christian Yelich,cdd2ad99-f99b-5497-9f00-d1e35f210d18,DH,False,False,Milwaukee Brewers,Kansas City Royals,away,0,0,0,0,3,0,0,0,0,0,0,0,0,,,,,,,,,,,,
2026-04-04,0f4142de-ad28-580d-9cf3-9c24f7f0942b,Jake Bauers,1edd13e9-ec6a-5f79-8552-5d5fc7103f60,1B,False,True,Milwaukee Brewers,Kansas City Royals,away,0,0,0,0,4,0,0,1,0,0,0,0,0,,,,,,,,,,,,
2026-04-04,0f4142de-ad28-580d-9cf3-9c24f7f0942b,Sal Frelick,fbeddaa0-1580-5140-bb70-6bb9ea57a062,RF,False,True,Milwaukee Brewers,Kansas City Royals,away,1,0,0,0,2,1,0,1,0,0,0,1,1,,,,,,,,,,,,
2026-04-04,0f4142de-ad28-580d-9cf3-9c24f7f0942b,Brandon Lockridge,508f1db4-170c-5cee-ad21-ceb0fed85917,LF,False,False,Milwaukee Brewers,Kansas City Royals,away,0,0,0,0,2,0,0,0,1,0,0,0,0,,,,,,,,,,,,
2026-04-04,0f4142de-ad28-580d-9cf3-9c24f7f0942b,Garrett Mitchell,b17ada3b-673f-55c3-b967-d8543791af21,CF,False,True,Milwaukee Brewers,Kansas City Royals,away,0,1,0,0,4,1,0,1,0,0,1,2,2,,,,,,,,,,,,
2026-04-04,0f4142de-ad28-580d-9cf3-9c24f7f0942b,David Hamilton,02280a6a-1789-5079-b10f-1509ff8850e3,3B,False,True,Milwaukee Brewers,Kansas City Royals,away,1,0,0,0,4,1,1,1,0,1,0,2,1,,,,,,,,,,,,
2026-04-04,0f4142de-ad28-580d-9cf3-9c24f7f0942b,Brandon Sproat,d06330f3-a0a2-5408-ab1d-8002569b81e8,P,True,False,Milwaukee Brewers,Kansas City Royals,away,,,,,,,,,,,,,,3.2,11,4,3,4,1,4,,70,4,0.36363636363636365,9.818181818181818
2026-04-04,0f4142de-ad28-580d-9cf3-9c24f7f0942b,Blake Perkins,02511963-abbe-57ce-8d51-ad04cd9689b7,RF,False,True,Milwaukee Brewers,Kansas City Royals,away,0,0,0,0,4,0,1,2,0,0,0,0,0,,,,,,,,,,,,
2026-04-04,0f4142de-ad28-580d-9cf3-9c24f7f0942b,Brice Turang,8b7764c4-ff5a-5daf-9dc5-044259e0b377,2B,False,True,Milwaukee Brewers,Kansas City Royals,away,0,0,1,0,4,1,0,2,0,1,1,3,3,,,,,,,,,,,,
2026-04-04,0f4142de-ad28-580d-9cf3-9c24f7f0942b,Luis Matos,5717781c-97da-5aa4-b440-8eb685c2eade,DH,False,False,Milwaukee Brewers,Kansas City Royals,away,0,0,0,0,1,0,1,0,0,0,0,0,0,,,,,,,,,,,,
2026-04-04,0f4142de-ad28-580d-9cf3-9c24f7f0942b,Gary Sánchez,9122c697-55df-5827-bf89-d1705013c3f7,C,False,True,Milwaukee Brewers,Kansas City Royals,away,0,0,0,0,4,0,0,2,0,0,0,0,0,,,,,,,,,,,,
2026-04-04,0f4142de-ad28-580d-9cf3-9c24f7f0942b,DL Hall,04d83ed6-df90-5751-a202-d96d250bd2bb,P,True,False,Milwaukee Brewers,Kansas City Royals,away,,,,,,,,,,,,,,2,6,2,1,1,0,0,,38,0,0.3333333333333333,9.0
2026-04-04,0f4142de-ad28-580d-9cf3-9c24f7f0942b,Jared Koenig,b72ca3b0-6870-516f-9a1b-42a4f3f74b91,P,True,False,Milwaukee Brewers,Kansas City Royals,away,,,,,,,,,,,,,,0.1,1,0,2,2,0,0,,17,2,0.0,0.0
2026-04-03,f0fd3de8-6475-5f6c-8e24-2eabd8e62af9,Oswald Peraza,98bdfab1-07ea-5c61-bd44-7c17670a08b1,2B,False,True,Los Angeles Angels,Seattle Mariners,home,1,0,0,0,3,1,0,1,0,0,0,1,1,,,,,,,,,,,,
2026-04-03,f0fd3de8-6475-5f6c-8e24-2eabd8e62af9,Zach Neto,01ac6fe3-6ace-59c9-a15b-1ad3a0af1eb1,SS,False,True,Los Angeles Angels,Seattle Mariners,home,0,0,0,0,4,0,0,1,0,0,0,0,0,,,,,,,,,,,,
2026-04-03,f0fd3de8-6475-5f6c-8e24-2eabd8e62af9,Jorge Soler,ebc19873-2e2c-5767-9b19-409c5e887630,DH,False,False,Los Angeles Angels,Seattle Mariners,home,0,0,0,0,4,0,0,1,0,0,1,1,0,,,,,,,,,,,,
2026-04-03,f0fd3de8-6475-5f6c-8e24-2eabd8e62af9,Yoán Moncada,59501cf0-fc05-5b1c-b3f0-78b4422a24da,3B,False,True,Los Angeles Angels,Seattle Mariners,home,0,0,0,0,4,0,0,3,0,0,0,0,0,,,,,,,,,,,,
2026-04-03,f0fd3de8-6475-5f6c-8e24-2eabd8e62af9,Chase Silseth,d97ead67-961e-54b5-ab86-134f7d2172e2,P,True,False,Los Angeles Angels,Seattle Mariners,home,,,,,,,,,,,,,,0.1,1,1,0,0,0,0,,5,0,1.0,27.0
2026-04-03,f0fd3de8-6475-5f6c-8e24-2eabd8e62af9,Drew Pomeranz,fc9feb99-8c05-5f66-9cda-83f9269f8bf5,P,True,False,Los Angeles Angels,Seattle Mariners,home,,,,,,,,,,,,,,1,3,0,1,1,0,0,,17,0,0.0,0.0
2026-04-03,f0fd3de8-6475-5f6c-8e24-2eabd8e62af9,Mike Trout,062d3e7f-e32e-55bc-aa40-403df7f9ec05,CF,False,True,Los Angeles Angels,Seattle Mariners,home,0,0,0,0,4,0,1,1,0,1,0,1,0,,,,,,,,,,,,
2026-04-03,f0fd3de8-6475-5f6c-8e24-2eabd8e62af9,Jo Adell,c3ca91f9-2d30-5cf8-aae3-a5e7339f5788,RF,False,True,Los Angeles Angels,Seattle Mariners,home,0,0,0,0,3,0,0,2,0,0,0,0,0,,,,,,,,,,,,
2026-04-03,f0fd3de8-6475-5f6c-8e24-2eabd8e62af9,Nolan Schanuel,88862c38-1493-5b40-9c6b-6660a4ce4654,1B,False,True,Los Angeles Angels,Seattle Mariners,home,0,0,0,0,4,0,0,1,0,0,0,0,0,,,,,,,,,,,,
2026-04-03,f0fd3de8-6475-5f6c-8e24-2eabd8e62af9,Josh Lowe,ef406577-04d5-511f-9202-5f9a1b54addb,LF,False,True,Los Angeles Angels,Seattle Mariners,home,0,0,0,0,3,0,0,2,0,0,0,0,0,,,,,,,,,,,,
2026-04-03,f0fd3de8-6475-5f6c-8e24-2eabd8e62af9,Logan O'Hoppe,5338530a-7eeb-53b6-9744-b4577b90a65e,C,False,True,Los Angeles Angels,Seattle Mariners,home,0,0,0,0,3,0,0,0,0,0,0,0,0,,,,,,,,,,,,
2026-04-03,f0fd3de8-6475-5f6c-8e24-2eabd8e62af9,Reid Detmers,acf13e64-5338-5a7c-b6f7-e9333f249763,P,True,True,Los Angeles Angels,Seattle Mariners,home,,,,,,,,,,,,,,6.2,20,4,4,3,0,0,,104,0,0.2,5.3999999999999995
2026-04-03,f0fd3de8-6475-5f6c-8e24-2eabd8e62af9,Jordan Romano,99ca4c88-8bc1-5d13-93cb-6fda2c9141e3,P,True,False,Los Angeles Angels,Seattle Mariners,home,,,,,,,,,,,,,,1,3,2,0,0,0,0,,16,0,0.6666666666666666,18.0
2026-04-03,f0fd3de8-6475-5f6c-8e24-2eabd8e62af9,Brent Suter,9d9b0acd-c71b-52d6-aa60-5ecb1985ca9d,P,True,False,Los Angeles Angels,Seattle Mariners,home,,,,,,,,,,,,,,1,3,0,1,3,0,2,,26,3,0.0,0.0
2026-04-03,f0fd3de8-6475-5f6c-8e24-2eabd8e62af9,Josh Naylor,b882f91d-40d1-58ad-bd6a-b321477642c0,1B,False,True,Seattle Mariners,Los Angeles Angels,away,2,0,0,0,5,2,0,0,0,0,2,4,2,,,,,,,,,,,,
2026-04-03,f0fd3de8-6475-5f6c-8e24-2eabd8e62af9,Victor Robles,624bfac4-c5ea-531f-b4e4-f7be2a78a1bc,RF,False,True,Seattle Mariners,Los Angeles Angels,away,1,0,0,0,3,1,0,0,0,0,0,1,1,,,,,,,,,,,,
2026-04-03,f0fd3de8-6475-5f6c-8e24-2eabd8e62af9,Cole Young,bef5f9c5-6df7-5ede-9aac-4b5ba8731f4b,2B,False,True,Seattle Mariners,Los Angeles Angels,away,0,0,1,0,4,1,0,2,0,1,1,3,3,,,,,,,,,,,,
2026-04-03,f0fd3de8-6475-5f6c-8e24-2eabd8e62af9,Randy Arozarena,0f2b9cc8-a738-5f1e-be0e-5c0ae5a3ac57,LF,False,True,Seattle Mariners,Los Angeles Angels,away,2,0,0,0,5,2,1,0,0,0,0,2,2,,,,,,,,,,,,
2026-04-03,f0fd3de8-6475-5f6c-8e24-2eabd8e62af9,J.P. Crawford,ce4a3d59-2b69-5bf7-80a5-33fdb5ce7363,SS,False,True,Seattle Mariners,Los Angeles Angels,away,0,0,0,0,4,0,1,2,0,0,0,0,0,,,,,,,,,,,,
2026-04-03,f0fd3de8-6475-5f6c-8e24-2eabd8e62af9,Cal Raleigh,21b31397-a06c-5238-83b3-90eee447e28e,C,False,True,Seattle Mariners,Los Angeles Angels,away,0,0,0,0,5,0,1,1,0,0,0,0,0,,,,,,,,,,,,
2026-04-03,f0fd3de8-6475-5f6c-8e24-2eabd8e62af9,Rob Refsnyder,d50036b6-f9c6-5e61-b1e5-98692a43657e,DH,False,False,Seattle Mariners,Los Angeles Angels,away,0,0,0,0,5,0,2,0,0,0,0,0,0,,,,,,,,,,,,
2026-04-03,f0fd3de8-6475-5f6c-8e24-2eabd8e62af9,Matt Brash,ec511bae-9c6c-5e83-aa0a-db29cda0e223,P,True,False,Seattle Mariners,Los Angeles Angels,away,,,,,,,,,,,,,,1,3,2,0,0,0,0,,12,0,0.6666666666666666,18.0
2026-04-03,f0fd3de8-6475-5f6c-8e24-2eabd8e62af9,Bryan Woo,e98227ba-8212-5ac6-ba45-ff52d454c190,P,True,True,Seattle Mariners,Los Angeles Angels,away,,,,,,,,,,,,,,7,21,6,1,1,0,0,,87,0,0.2857142857142857,7.714285714285714
2026-04-03,f0fd3de8-6475-5f6c-8e24-2eabd8e62af9,Brendan Donovan,9d05e499-95d1-5224-b19c-323801b2463e,3B,False,True,Seattle Mariners,Los Angeles Angels,away,0,0,0,0,3,0,0,0,0,0,0,0,0,,,,,,,,,,,,
2026-04-03,f0fd3de8-6475-5f6c-8e24-2eabd8e62af9,Andrés Muñoz,b7e7201a-7b53-5610-a084-2f818e1e7483,P,True,False,Seattle Mariners,Los Angeles Angels,away,,,,,,,,,,,,,,1,3,3,0,0,0,0,,16,0,1.0,27.0
2026-04-03,f0fd3de8-6475-5f6c-8e24-2eabd8e62af9,Gabe Speier,d17c5e2e-ffd7-50dd-a3d3-19ec8384fe62,P,True,False,Seattle Mariners,Los Angeles Angels,away,,,,,,,,,,,,,,1,3,1,0,0,0,0,,12,1,0.3333333333333333,9.0
2026-04-03,f0fd3de8-6475-5f6c-8e24-2eabd8e62af9,Leo Rivas,13efd7e6-1b6a-509b-8348-f3f74df6fce9,3B,False,False,Seattle Mariners,Los Angeles Angels,away,0,0,0,0,2,0,0,1,0,0,0,0,0,,,,,,,,,,,,
2026-04-03,f0fd3de8-6475-5f6c-8e24-2eabd8e62af9,Julio Rodríguez,fffe4545-0e86-5407-906a-645035a15435,CF,False,True,Seattle Mariners,Los Angeles Angels,away,1,0,0,0,5,1,1,1,0,1,0,2,1,,,,,,,,,,,,
2026-04-03,f0fd3de8-6475-5f6c-8e24-2eabd8e62af9,Luke Raley,27e77a8c-1c02-50cc-b8c2-06d1e891fc5d,RF,False,False,Seattle Mariners,Los Angeles Angels,away,0,0,0,0,1,0,0,0,0,1,0,1,0,,,,,,,,,,,,
2026-04-03,254380cc-ff60-5fb5-856c-f688948e4571,Lawrence Butler,84b3c88a-5eef-5848-9e2c-a9f0eabd6386,RF,False,True,Athletics,Houston Astros,home,2,0,0,1,5,3,0,1,0,2,4,9,6,,,,,,,,,,,,
2026-04-03,254380cc-ff60-5fb5-856c-f688948e4571,Brent Rooker,9d82601b-b14e-5a63-a224-362d63a93501,DH,False,False,Athletics,Houston Astros,home,0,0,0,0,5,0,2,0,0,2,0,2,0,,,,,,,,,,,,
2026-04-03,254380cc-ff60-5fb5-856c-f688948e4571,J.T. Ginn,dcfff117-4b0a-5ad9-a832-65f434c1c594,P,True,False,Athletics,Houston Astros,home,,,,,,,,,,,,,,2,6,1,1,3,0,2,,32,2,0.16666666666666666,4.5
2026-04-03,254380cc-ff60-5fb5-856c-f688948e4571,Jeff McNeil,3ef9318f-5a03-5a7f-8df9-f326e49cfb1e,2B,False,True,Athletics,Houston Astros,home,1,0,0,0,4,1,0,0,0,0,0,1,1,,,,,,,,,,,,
2026-04-03,254380cc-ff60-5fb5-856c-f688948e4571,Michael Kelly,8364c84b-4702-5754-9b11-261a5a00aa16,P,True,False,Athletics,Houston Astros,home,,,,,,,,,,,,,,1,3,2,3,1,0,1,,32,1,0.6666666666666666,18.0
2026-04-03,254380cc-ff60-5fb5-856c-f688948e4571,Max Muncy,499ef8b1-1d5e-5c2f-82bf-73bceec786a2,3B,False,True,Athletics,Houston Astros,home,1,1,0,1,4,3,0,0,0,2,3,8,7,,,,,,,,,,,,
2026-04-03,254380cc-ff60-5fb5-856c-f688948e4571,Denzel Clarke,55034696-f1db-58f8-9342-c21b5cfe6dc1,CF,False,True,Athletics,Houston Astros,home,1,0,0,0,4,1,1,2,0,1,1,3,1,,,,,,,,,,,,
2026-04-03,254380cc-ff60-5fb5-856c-f688948e4571,Tyler Soderstrom,1a12af09-5e6b-518c-9285-c9f3e9156573,LF,False,True,Athletics,Houston Astros,home,1,1,0,0,5,2,1,0,0,2,2,6,3,,,,,,,,,,,,
2026-04-03,254380cc-ff60-5fb5-856c-f688948e4571,Darell Hernaiz,5d2fcaf4-b36e-566e-b677-c7bd72404047,SS,False,False,Athletics,Houston Astros,home,1,0,0,0,1,1,0,0,0,0,0,1,1,,,,,,,,,,,,
2026-04-03,254380cc-ff60-5fb5-856c-f688948e4571,Nick Kurtz,0ee3ade6-1739-552d-b4eb-8eb38b8ba6a0,1B,False,True,Athletics,Houston Astros,home,0,0,0,0,5,0,1,2,0,0,0,0,0,,,,,,,,,,,,
2026-04-03,254380cc-ff60-5fb5-856c-f688948e4571,Shea Langeliers,3de34bb4-e20b-541b-ba54-b22612a81656,C,False,True,Athletics,Houston Astros,home,0,0,0,0,5,0,2,1,0,1,0,1,0,,,,,,,,,,,,
2026-04-03,254380cc-ff60-5fb5-856c-f688948e4571,Andy Ibáñez,5f0fddfb-0e64-523a-84e5-5dc41735e837,2B,False,False,Athletics,Houston Astros,home,0,0,0,0,0,0,0,0,0,0,0,0,0,,,,,,,,,,,,
2026-04-03,254380cc-ff60-5fb5-856c-f688948e4571,Jeffrey Springs,cbbbec48-1512-50e8-9a7c-84a3f6f796bd,P,True,True,Athletics,Houston Astros,home,,,,,,,,,,,,,,6,18,7,1,2,0,1,,103,1,0.3888888888888889,10.5
2026-04-03,254380cc-ff60-5fb5-856c-f688948e4571,Jacob Wilson,bbc991c4-1055-56ae-af55-57b957f437a3,SS,False,True,Athletics,Houston Astros,home,2,0,0,0,4,2,0,0,0,1,1,4,2,,,,,,,,,,,,
2026-04-03,254380cc-ff60-5fb5-856c-f688948e4571,Shay Whitcomb,b909a1c4-db29-5775-84e4-3c6d1f035faf,1B,False,False,Houston Astros,Athletics,away,0,0,0,0,2,0,0,2,0,0,0,0,0,,,,,,,,,,,,
2026-04-03,254380cc-ff60-5fb5-856c-f688948e4571,Nick Allen,d47542cc-ed4c-5335-840e-aeecb6811ad7,3B,False,False,Houston Astros,Athletics,away,2,0,0,0,2,2,0,0,0,2,0,4,2,,,,,,,,,,,,
2026-04-03,254380cc-ff60-5fb5-856c-f688948e4571,Ryan Weiss,7a1bc0e6-8750-5ec3-931f-5a0f6a5b6fad,P,True,False,Houston Astros,Athletics,away,,,,,,,,,,,,,,3,9,2,0,3,0,0,,38,0,0.2222222222222222,6.0
2026-04-03,254380cc-ff60-5fb5-856c-f688948e4571,Cam Smith,6c7292a3-abca-5a73-9e4b-cec25e9d20b8,RF,False,True,Houston Astros,Athletics,away,1,0,0,0,4,1,0,2,0,1,0,2,1,,,,,,,,,,,,
2026-04-03,254380cc-ff60-5fb5-856c-f688948e4571,Jake Meyers,f60436a8-53cf-5fa1-8caa-50928a25c6d9,CF,False,True,Houston Astros,Athletics,away,0,0,0,0,4,0,1,1,0,0,1,1,0,,,,,,,,,,,,
2026-04-03,254380cc-ff60-5fb5-856c-f688948e4571,Brice Matthews,bee000c4-433a-55d5-b97f-a284fe330fee,2B,False,True,Houston Astros,Athletics,away,0,0,0,0,4,0,1,0,0,0,1,1,0,,,,,,,,,,,,
2026-04-03,254380cc-ff60-5fb5-856c-f688948e4571,Jose Altuve,99c9db0b-d7a9-5462-94f3-28f3661714ab,2B,False,True,Houston Astros,Athletics,away,0,0,0,0,2,0,1,1,0,0,0,0,0,,,,,,,,,,,,
2026-04-03,254380cc-ff60-5fb5-856c-f688948e4571,Joey Loperfido,575dbf4d-f194-5748-94af-45ae60e8431c,LF,False,False,Houston Astros,Athletics,away,0,0,0,0,2,0,0,1,0,0,0,0,0,,,,,,,,,,,,
2026-04-03,254380cc-ff60-5fb5-856c-f688948e4571,Jeremy Peña,06bd24b4-6dff-5b6b-982d-35d5821ce7c8,SS,False,True,Houston Astros,Athletics,away,0,1,0,0,5,1,1,1,0,0,0,1,2,,,,,,,,,,,,
2026-04-03,254380cc-ff60-5fb5-856c-f688948e4571,Cristian Javier,37e6f9eb-cca1-5438-99ae-f798727787bc,P,True,True,Houston Astros,Athletics,away,,,,,,,,,,,,,,3.2,11,2,5,6,0,6,,82,6,0.18181818181818182,4.909090909090909
2026-04-03,254380cc-ff60-5fb5-856c-f688948e4571,Carlos Correa,9d0ef881-40b5-538c-9843-6585303e16f4,3B,False,True,Houston Astros,Athletics,away,0,0,0,0,2,0,0,1,0,0,0,0,0,,,,,,,,,,,,
2026-04-03,254380cc-ff60-5fb5-856c-f688948e4571,Roddery Muñoz,54f7d6c7-d909-56f2-9204-936e6b19849a,P,True,False,Houston Astros,Athletics,away,,,,,,,,,,,,,,1.1,4,2,2,4,2,5,,39,5,0.5,13.5
2026-04-03,254380cc-ff60-5fb5-856c-f688948e4571,Christian Walker,4ebdbcc5-84ea-5866-b7b6-1d61cbac193f,1B,False,True,Houston Astros,Athletics,away,0,0,0,0,2,0,0,0,0,0,0,0,0,,,,,,,,,,,,
2026-04-03,254380cc-ff60-5fb5-856c-f688948e4571,Christian Vázquez,2ce448a3-c599-538e-b2dd-6a39dcfde984,DH,False,False,Houston Astros,Athletics,away,0,0,0,0,3,0,0,0,0,0,0,0,0,,,,,,,,,,,,
2026-04-03,254380cc-ff60-5fb5-856c-f688948e4571,Yainer Diaz,dd446d48-8097-51f2-82cf-f7fabad1dd74,C,False,True,Houston Astros,Athletics,away,1,1,0,0,4,2,1,1,0,1,1,4,3,,,,,,,,,,,,
2026-04-03,254380cc-ff60-5fb5-856c-f688948e4571,Yordan Alvarez,b4e60652-8d7e-569f-8e5a-4aa9a713da9c,DH,False,False,Houston Astros,Athletics,away,0,0,0,0,2,0,0,0,0,0,1,1,0,,,,,,,,,,,,
2026-04-03,7e75db50-dadb-5475-b93e-f3b828cc3639,Eduardo Rodriguez,f4447981-3674-5cdb-ad06-30d7c6b84025,P,True,True,Arizona Diamondbacks,Atlanta Braves,home,,,,,,,,,,,,,,7,21,3,1,4,0,0,,90,0,0.14285714285714285,3.857142857142857
2026-04-03,7e75db50-dadb-5475-b93e-f3b828cc3639,Juan Morillo,cd151ec4-bdc0-50ea-bac1-6dee6b1199a9,P,True,False,Arizona Diamondbacks,Atlanta Braves,home,,,,,,,,,,,,,,1,3,1,0,0,0,0,,6,0,0.3333333333333333,9.0
2026-04-03,7e75db50-dadb-5475-b93e-f3b828cc3639,Tim Tawa,cc27f63f-70a0-5138-9eeb-093814a1bc06,LF,False,True,Arizona Diamondbacks,Atlanta Braves,home,0,0,0,0,3,0,1,0,0,0,0,0,0,,,,,,,,,,,,
2026-04-03,7e75db50-dadb-5475-b93e-f3b828cc3639,Nolan Arenado,aa4157df-7915-5251-83c1-0c1f931c43f0,3B,False,True,Arizona Diamondbacks,Atlanta Braves,home,0,0,0,0,3,0,0,1,0,0,0,0,0,,,,,,,,,,,,
2026-04-03,7e75db50-dadb-5475-b93e-f3b828cc3639,Ketel Marte,c81e5c80-cc33-537b-b75e-e43d4baeefd8,2B,False,True,Arizona Diamondbacks,Atlanta Braves,home,1,0,0,0,4,1,0,0,0,0,0,1,1,,,,,,,,,,,,
2026-04-03,7e75db50-dadb-5475-b93e-f3b828cc3639,Geraldo Perdomo,f16aabac-5df9-5d25-854f-705f0f9b265a,SS,False,True,Arizona Diamondbacks,Atlanta Braves,home,0,0,0,0,4,0,0,0,0,0,0,0,0,,,,,,,,,,,,
2026-04-03,7e75db50-dadb-5475-b93e-f3b828cc3639,Paul Sewald,7dc315ea-efc2-5c83-be43-b52bb30e7944,P,True,False,Arizona Diamondbacks,Atlanta Braves,home,,,,,,,,,,,,,,0.2,2,1,0,2,2,2,,16,2,0.5,13.5
2026-04-03,7e75db50-dadb-5475-b93e-f3b828cc3639,Gabriel Moreno,18e63c5c-4632-5dbc-9084-71bfa57a99c7,DH,False,False,Arizona Diamondbacks,Atlanta Braves,home,0,0,0,0,4,0,0,1,0,0,0,0,0,,,,,,,,,,,,
2026-04-03,7e75db50-dadb-5475-b93e-f3b828cc3639,Corbin Carroll,3b6210c9-3db8-5b34-9af5-e972d0b61b99,RF,False,True,Arizona Diamondbacks,Atlanta Braves,home,0,0,0,0,4,0,2,1,0,0,0,0,0,,,,,,,,,,,,
2026-04-03,7e75db50-dadb-5475-b93e-f3b828cc3639,Ryan Thompson,645085dd-3250-5066-a496-2e05bd6fab72,P,True,False,Arizona Diamondbacks,Atlanta Braves,home,,,,,,,,,,,,,,0.1,1,0,0,0,0,0,,2,0,0.0,0.0
2026-04-03,7e75db50-dadb-5475-b93e-f3b828cc3639,James McCann,03983b89-44f4-5d46-a8af-e1aeb9219a7a,C,False,True,Arizona Diamondbacks,Atlanta Braves,home,0,0,0,0,3,0,0,1,0,0,0,0,0,,,,,,,,,,,,
2026-04-03,7e75db50-dadb-5475-b93e-f3b828cc3639,Carlos Santana,1e382352-f767-5763-bb8c-059aceb7ca11,1B,False,True,Arizona Diamondbacks,Atlanta Braves,home,0,0,0,0,3,0,0,1,0,0,0,0,0,,,,,,,,,,,,
2026-04-03,7e75db50-dadb-5475-b93e-f3b828cc3639,Alek Thomas,877bcfe1-8864-5209-ac98-f3513aa34d93,CF,False,True,Arizona Diamondbacks,Atlanta Braves,home,1,0,0,0,3,1,0,0,0,0,0,1,1,,,,,,,,,,,,
2026-04-03,7e75db50-dadb-5475-b93e-f3b828cc3639,Jonah Heim,32bb2e46-6246-54f8-ab11-2bc1428519db,C,False,True,Atlanta Braves,Arizona Diamondbacks,away,0,0,0,0,2,0,0,0,0,0,0,0,0,,,,,,,,,,,,
2026-04-03,7e75db50-dadb-5475-b93e-f3b828cc3639,Dylan Lee,b6a9d913-8436-591d-a9cd-80087848a2ad,P,True,False,Atlanta Braves,Arizona Diamondbacks,away,,,,,,,,,,,,,,1,3,1,0,1,0,0,,11,0,0.3333333333333333,9.0
2026-04-03,7e75db50-dadb-5475-b93e-f3b828cc3639,Robert Suarez,210de3d9-d0ff-5632-a4a4-6ab9221794db,P,True,False,Atlanta Braves,Arizona Diamondbacks,away,0,0,0,0,0,0,0,0,0,0,0,0,0,1,3,0,0,0,0,0,,8,0,0.0,0.0
2026-04-03,7e75db50-dadb-5475-b93e-f3b828cc3639,Michael Harris II,cff14015-b6ae-555e-a442-60e9ddb08b61,CF,False,True,Atlanta Braves,Arizona Diamondbacks,away,0,0,0,0,3,0,1,0,0,0,0,0,0,,,,,,,,,,,,
2026-04-03,7e75db50-dadb-5475-b93e-f3b828cc3639,Mauricio Dubón,47d09ee0-3ea8-5df2-b34c-c6fd76faa3fb,SS,False,True,Atlanta Braves,Arizona Diamondbacks,away,0,0,0,0,4,0,0,1,0,0,0,0,0,,,,,,,,,,,,
2026-04-03,7e75db50-dadb-5475-b93e-f3b828cc3639,Drake Baldwin,1e5f1f08-e9ec-57db-b15f-c1ec8d14d85e,C,False,False,Atlanta Braves,Arizona Diamondbacks,away,1,0,0,0,4,1,0,0,0,0,0,1,1,,,,,,,,,,,,
2026-04-03,7e75db50-dadb-5475-b93e-f3b828cc3639,Matt Olson,fa607d2a-7f47-5352-8330-cb074e809054,1B,False,True,Atlanta Braves,Arizona Diamondbacks,away,0,0,0,1,4,1,0,1,0,1,1,3,4,,,,,,,,,,,,
2026-04-03,7e75db50-dadb-5475-b93e-f3b828cc3639,Dominic Smith,a71b9e93-42ca-5a21-9c07-6aa70b6b9bae,PH,False,False,Atlanta Braves,Arizona Diamondbacks,away,0,0,0,0,1,0,0,1,0,0,0,0,0,,,,,,,,,,,,
2026-04-03,7e75db50-dadb-5475-b93e-f3b828cc3639,Ronald Acuña Jr.,bf408b79-82a4-5a4a-bb2f-6bdbef2af3cc,RF,False,True,Atlanta Braves,Arizona Diamondbacks,away,1,0,0,0,4,1,0,0,1,0,0,1,1,,,,,,,,,,,,
2026-04-03,7e75db50-dadb-5475-b93e-f3b828cc3639,Eli White,834441df-51be-58ee-b9ae-8897115e2079,LF,False,True,Atlanta Braves,Arizona Diamondbacks,away,0,0,0,0,3,0,0,0,0,0,0,0,0,,,,,,,,,,,,
2026-04-03,7e75db50-dadb-5475-b93e-f3b828cc3639,Ozzie Albies,360c17ce-8588-52bd-b86a-6621a43f1bac,2B,False,True,Atlanta Braves,Arizona Diamondbacks,away,2,0,0,1,4,3,0,0,0,1,1,5,6,,,,,,,,,,,,
2026-04-03,7e75db50-dadb-5475-b93e-f3b828cc3639,Raisel Iglesias,9ce53798-a3c9-5d3d-ace5-e7568226d255,P,True,False,Atlanta Braves,Arizona Diamondbacks,away,0,0,0,0,0,0,0,0,0,0,0,0,0,1,3,0,0,0,0,0,,16,0,0.0,0.0
2026-04-03,7e75db50-dadb-5475-b93e-f3b828cc3639,Austin Riley,3ae0fd65-efd0-5a3b-872b-7150b0c699aa,3B,False,True,Atlanta Braves,Arizona Diamondbacks,away,0,0,0,0,4,0,0,1,0,0,0,0,0,,,,,,,,,,,,
2026-04-03,7e75db50-dadb-5475-b93e-f3b828cc3639,Grant Holmes,5b36c172-4049-5be9-bc9f-d019e3581985,P,True,True,Atlanta Braves,Arizona Diamondbacks,away,,,,,,,,,,,,,,6,18,4,3,1,0,0,,85,0,0.2222222222222222,6.0
2026-04-03,7e75db50-dadb-5475-b93e-f3b828cc3639,Mike Yastrzemski,1a244f8f-82ee-555a-b1af-aa44b0f2ff31,LF,False,False,Atlanta Braves,Arizona Diamondbacks,away,0,0,0,0,1,0,0,1,0,0,0,0,0,,,,,,,,,,,,
2026-04-03,2309d70f-372d-5788-8525-c398513342d8,JT Brubaker,38205866-ae17-547a-b000-5b6b1cb1e0e7,P,True,False,San Francisco Giants,New York Mets,home,,,,,,,,,,,,,,1.1,4,2,2,3,1,3,,38,3,0.5,13.5
2026-04-03,2309d70f-372d-5788-8525-c398513342d8,Jerar Encarnacion,2431773d-015a-5a52-ae9d-3d5c729ec38a,1B,False,True,San Francisco Giants,New York Mets,home,0,1,0,0,3,1,0,1,0,1,0,2,2,,,,,,,,,,,,
2026-04-03,2309d70f-372d-5788-8525-c398513342d8,Heliot Ramos,521d9176-c734-5b63-9285-a4ab783f6edd,LF,False,True,San Francisco Giants,New York Mets,home,2,0,0,0,4,2,0,1,0,0,0,2,2,,,,,,,,,,,,
2026-04-03,2309d70f-372d-5788-8525-c398513342d8,Tyler Mahle,784bfea5-0d16-52ca-90d9-5741a8022995,P,True,True,San Francisco Giants,New York Mets,home,,,,,,,,,,,,,,5,15,4,2,8,2,5,,91,5,0.26666666666666666,7.2
2026-04-03,2309d70f-372d-5788-8525-c398513342d8,Patrick Bailey,7497fb23-555e-57a8-86b0-f3106d26ac72,C,False,True,San Francisco Giants,New York Mets,home,0,0,0,0,4,0,1,0,0,1,0,1,0,,,,,,,,,,,,
2026-04-03,2309d70f-372d-5788-8525-c398513342d8,Matt Chapman,2c47b345-ac3d-53c1-b77e-6c5fa7a469bb,3B,False,True,San Francisco Giants,New York Mets,home,0,0,0,0,4,0,0,1,0,0,0,0,0,,,,,,,,,,,,
2026-04-03,2309d70f-372d-5788-8525-c398513342d8,Caleb Kilian,70c33a7e-9125-5928-9ee2-a792ac2793ee,P,True,False,San Francisco Giants,New York Mets,home,,,,,,,,,,,,,,0.1,1,1,0,0,0,0,,5,0,1.0,27.0
2026-04-03,2309d70f-372d-5788-8525-c398513342d8,Jung Hoo Lee,5233b094-55d5-5790-9af1-e92aeb0a3f2a,RF,False,True,San Francisco Giants,New York Mets,home,0,0,0,0,4,0,0,0,0,0,0,0,0,,,,,,,,,,,,
2026-04-03,2309d70f-372d-5788-8525-c398513342d8,Rafael Devers,c9835c18-6f1f-57cd-a2ff-0ff6d821b16c,DH,False,False,San Francisco Giants,New York Mets,home,0,0,0,0,4,0,0,3,0,0,0,0,0,,,,,,,,,,,,
2026-04-03,2309d70f-372d-5788-8525-c398513342d8,Harrison Bader,91a8ec44-ffa8-5211-b6b0-96ba26567032,CF,False,True,San Francisco Giants,New York Mets,home,0,0,0,0,4,0,1,1,0,1,0,1,0,,,,,,,,,,,,
2026-04-03,2309d70f-372d-5788-8525-c398513342d8,Willy Adames,78cc8077-60d2-554c-b37f-99c3e17b50a1,SS,False,True,San Francisco Giants,New York Mets,home,0,1,0,0,4,1,1,1,0,0,1,2,2,,,,,,,,,,,,
2026-04-03,2309d70f-372d-5788-8525-c398513342d8,Erik Miller,6abd12b9-6260-590a-8919-c32a4b913990,P,True,False,San Francisco Giants,New York Mets,home,,,,,,,,,,,,,,0.2,2,1,1,2,0,2,,26,2,0.5,13.5
2026-04-03,2309d70f-372d-5788-8525-c398513342d8,Luis Arraez,b0939c49-253b-5c8b-b011-386ee0b6e0bc,2B,False,True,San Francisco Giants,New York Mets,home,1,0,0,0,4,1,0,0,0,0,1,2,1,,,,,,,,,,,,
2026-04-03,2309d70f-372d-5788-8525-c398513342d8,Matt Gage,79ab18d4-d05e-5433-9b36-3615c6d9c396,P,True,False,San Francisco Giants,New York Mets,home,,,,,,,,,,,,,,1.2,5,2,1,2,0,0,,37,0,0.4,10.799999999999999
2026-04-03,2309d70f-372d-5788-8525-c398513342d8,Bo Bichette,33496f7a-3b83-59ef-b119-01d0d2437f28,3B,False,True,New York Mets,San Francisco Giants,away,2,1,0,0,5,3,0,1,0,2,1,6,4,,,,,,,,,,,,
2026-04-03,2309d70f-372d-5788-8525-c398513342d8,Tyrone Taylor,8fc7ace9-e93d-58ba-b637-cdf5daaef922,LF,False,True,New York Mets,San Francisco Giants,away,0,0,0,0,4,0,0,1,0,0,0,0,0,,,,,,,,,,,,
2026-04-03,2309d70f-372d-5788-8525-c398513342d8,Francisco Alvarez,f87397a4-f111-5de9-bdd5-ccb027f66a9c,C,False,True,New York Mets,San Francisco Giants,away,0,0,0,2,5,2,0,1,0,2,2,6,8,,,,,,,,,,,,
2026-04-03,2309d70f-372d-5788-8525-c398513342d8,Mark Vientos,a659963f-2607-5990-8edb-583d390591c8,DH,False,False,New York Mets,San Francisco Giants,away,2,0,0,0,5,2,2,1,0,1,1,4,2,,,,,,,,,,,,
2026-04-03,2309d70f-372d-5788-8525-c398513342d8,Brett Baty,aa321d05-4b90-5b2d-823f-5fe77a11ec6c,1B,False,True,New York Mets,San Francisco Giants,away,0,1,0,0,5,1,0,3,0,1,1,3,2,,,,,,,,,,,,
2026-04-03,2309d70f-372d-5788-8525-c398513342d8,Huascar Brazobán,5dd5dec5-24b4-580c-bba6-fefb17c0dfd7,P,True,False,New York Mets,San Francisco Giants,away,,,,,,,,,,,,,,1,3,1,0,1,0,0,,24,0,0.3333333333333333,9.0
2026-04-03,2309d70f-372d-5788-8525-c398513342d8,Richard Lovelady,382fd23a-b370-5cf8-b5a6-a3735cacac73,P,True,False,New York Mets,San Francisco Giants,away,,,,,,,,,,,,,,1,3,1,1,2,0,1,,28,1,0.3333333333333333,9.0
2026-04-03,2309d70f-372d-5788-8525-c398513342d8,Carson Benge,631e3061-0f1e-5f0c-b1d3-ebbdfd16f053,RF,False,True,New York Mets,San Francisco Giants,away,0,0,0,0,5,0,1,1,1,0,1,1,0,,,,,,,,,,,,
2026-04-03,2309d70f-372d-5788-8525-c398513342d8,Marcus Semien,ea54830a-4412-565e-8199-20eca49f0dd0,2B,False,True,New York Mets,San Francisco Giants,away,2,0,0,1,5,3,0,1,0,1,3,7,6,,,,,,,,,,,,
2026-04-03,2309d70f-372d-5788-8525-c398513342d8,Francisco Lindor,027d2171-f1d0-509a-ba45-6add806d11b3,SS,False,True,New York Mets,San Francisco Giants,away,2,0,0,0,5,2,1,1,1,2,0,4,2,,,,,,,,,,,,
2026-04-03,2309d70f-372d-5788-8525-c398513342d8,Juan Soto,c49ab650-1d5f-5066-83e1-ff734f609942,LF,False,False,New York Mets,San Francisco Giants,away,1,0,0,0,1,1,0,0,0,0,0,1,1,,,,,,,,,,,,
2026-04-03,2309d70f-372d-5788-8525-c398513342d8,Brooks Raley,5b54c500-4f01-517f-8257-18e74b6bbd35,P,True,False,New York Mets,San Francisco Giants,away,,,,,,,,,,,,,,0.2,2,1,0,0,0,0,,16,0,0.5,13.5
2026-04-03,2309d70f-372d-5788-8525-c398513342d8,Nolan McLean,2f923d4e-b5b8-568a-b124-105925a30d88,P,True,True,New York Mets,San Francisco Giants,away,,,,,,,,,,,,,,5.1,16,4,2,1,0,1,,93,2,0.25,6.75
2026-04-03,2309d70f-372d-5788-8525-c398513342d8,Luis García,baa208d8-722e-5538-8130-3d9bc63869a0,P,True,False,New York Mets,San Francisco Giants,away,,,,,,,,,,,,,,1,3,1,0,1,0,0,,14,0,0.3333333333333333,9.0
2026-04-03,2309d70f-372d-5788-8525-c398513342d8,Luis Robert Jr.,05a8b0c4-5ecd-5186-a573-bcc4d6072f9b,CF,False,True,New York Mets,San Francisco Giants,away,1,0,0,0,5,1,2,0,0,1,1,3,1,,,,,,,,,,,,
2026-04-04,4d461520-c52e-542d-bc86-a424e8401e34,Brant Hurter,39cfef9d-dfdf-5ab3-969a-8125225bba98,P,True,False,Detroit Tigers,St. Louis Cardinals,home,,,,,,,,,,,,,,1,3,0,1,0,0,0,,13,0,0.0,0.0
2026-04-04,4d461520-c52e-542d-bc86-a424e8401e34,Zach McKinstry,fac18760-19d9-5b9e-9954-2f9442ed2b6a,3B,False,True,Detroit Tigers,St. Louis Cardinals,home,1,0,0,1,4,2,0,1,0,1,3,6,5,,,,,,,,,,,,
2026-04-04,4d461520-c52e-542d-bc86-a424e8401e34,Drew Anderson,f7e48447-09b1-5a8d-8427-35c519041f6a,P,True,False,Detroit Tigers,St. Louis Cardinals,home,,,,,,,,,,,,,,1,3,1,0,1,1,1,,17,1,0.3333333333333333,9.0
2026-04-04,4d461520-c52e-542d-bc86-a424e8401e34,Riley Greene,bbee493e-0329-5be6-8cd9-78d86c4bba58,LF,False,True,Detroit Tigers,St. Louis Cardinals,home,0,0,0,0,4,0,2,0,0,1,0,1,0,,,,,,,,,,,,
2026-04-04,4d461520-c52e-542d-bc86-a424e8401e34,Tyler Holton,89032a74-1422-5c27-86cd-461d059aad94,P,True,False,Detroit Tigers,St. Louis Cardinals,home,,,,,,,,,,,,,,1,3,0,0,1,0,0,,19,0,0.0,0.0
2026-04-04,4d461520-c52e-542d-bc86-a424e8401e34,Kevin McGonigle,564bb172-7dfb-573e-b0f7-7f5cbdd0d547,SS,False,True,Detroit Tigers,St. Louis Cardinals,home,1,0,0,0,5,1,1,1,0,1,0,2,1,,,,,,,,,,,,
2026-04-04,4d461520-c52e-542d-bc86-a424e8401e34,Kerry Carpenter,fcfcc870-05a3-58ad-ae0a-2ed6a6964125,DH,False,False,Detroit Tigers,St. Louis Cardinals,home,0,0,0,1,5,1,0,1,0,1,3,5,4,,,,,,,,,,,,
2026-04-04,4d461520-c52e-542d-bc86-a424e8401e34,Kenley Jansen,921a5787-c4d6-5ff2-b887-1b9808d8533a,P,True,False,Detroit Tigers,St. Louis Cardinals,home,,,,,,,,,,,,,,0.1,1,1,1,0,0,0,,8,0,1.0,27.0
2026-04-04,4d461520-c52e-542d-bc86-a424e8401e34,Jack Flaherty,4302dca6-411b-5372-91d4-84f17afc7f6b,P,True,True,Detroit Tigers,St. Louis Cardinals,home,,,,,,,,,,,,,,4,12,6,4,3,0,5,,86,5,0.5,13.5
2026-04-04,4d461520-c52e-542d-bc86-a424e8401e34,Spencer Torkelson,c12eb080-7e57-5145-9dc7-97b7b4c97921,1B,False,True,Detroit Tigers,St. Louis Cardinals,home,1,0,0,0,4,1,0,1,0,1,0,2,1,,,,,,,,,,,,
2026-04-04,4d461520-c52e-542d-bc86-a424e8401e34,Gleyber Torres,7bd07245-7bf0-5980-8c77-8a40271534aa,2B,False,True,Detroit Tigers,St. Louis Cardinals,home,1,0,0,1,5,2,1,1,0,2,1,5,5,,,,,,,,,,,,
2026-04-04,4d461520-c52e-542d-bc86-a424e8401e34,Matt Vierling,89a3e61c-5176-5488-8084-f6d7dcdbeb37,RF,False,False,Detroit Tigers,St. Louis Cardinals,home,0,0,0,1,3,1,0,0,0,1,3,5,4,,,,,,,,,,,,
2026-04-04,4d461520-c52e-542d-bc86-a424e8401e34,Parker Meadows,c0c33d53-e475-503d-b1cb-5aa6430b3660,CF,False,True,Detroit Tigers,St. Louis Cardinals,home,1,0,1,0,4,2,1,1,0,1,0,3,4,,,,,,,,,,,,
2026-04-04,4d461520-c52e-542d-bc86-a424e8401e34,Dillon Dingler,ddcd399c-63b6-5add-9222-5d69a6f9b45d,C,False,True,Detroit Tigers,St. Louis Cardinals,home,0,0,0,0,4,0,1,2,0,1,0,1,0,,,,,,,,,,,,
2026-04-04,4d461520-c52e-542d-bc86-a424e8401e34,Will Vest,7505a594-8278-57ea-99ed-a082764a1b01,P,True,False,Detroit Tigers,St. Louis Cardinals,home,,,,,,,,,,,,,,1,3,1,0,1,0,0,,19,0,0.3333333333333333,9.0
2026-04-04,4d461520-c52e-542d-bc86-a424e8401e34,Colt Keith,cadc4708-5d0a-56ac-84d0-feced1704a81,3B,False,True,Detroit Tigers,St. Louis Cardinals,home,2,0,0,0,2,2,0,0,0,1,0,3,2,,,,,,,,,,,,
2026-04-04,4d461520-c52e-542d-bc86-a424e8401e34,Nolan Gorman,be501aad-9273-5dd4-a194-dcbebb3849ba,3B,False,True,St. Louis Cardinals,Detroit Tigers,away,0,0,0,0,5,0,1,3,0,1,0,1,0,,,,,,,,,,,,
2026-04-04,4d461520-c52e-542d-bc86-a424e8401e34,Matt Svanson,88304b64-9d4b-50f4-91e1-07fd0bab795d,P,True,False,St. Louis Cardinals,Detroit Tigers,away,,,,,,,,,,,,,,2.1,7,1,1,3,1,1,,30,1,0.14285714285714285,3.8571428571428568
2026-04-04,4d461520-c52e-542d-bc86-a424e8401e34,Jordan Walker,e10767c9-8f24-56db-9597-f92e37c6514d,RF,False,True,St. Louis Cardinals,Detroit Tigers,away,2,0,0,1,4,3,0,1,1,1,5,9,6,,,,,,,,,,,,
2026-04-04,4d461520-c52e-542d-bc86-a424e8401e34,Nathan Church,b5df23ff-260a-5bc9-b5d7-884ca21ef688,CF,False,True,St. Louis Cardinals,Detroit Tigers,away,0,0,0,0,4,0,1,0,0,0,0,0,0,,,,,,,,,,,,
2026-04-04,4d461520-c52e-542d-bc86-a424e8401e34,Victor Scott II,4505d0dc-de10-56ef-ab3f-29ed1056473f,CF,False,True,St. Louis Cardinals,Detroit Tigers,away,0,0,0,0,3,0,0,1,0,0,0,0,0,,,,,,,,,,,,
2026-04-04,4d461520-c52e-542d-bc86-a424e8401e34,Chris Roycroft,6a12d86f-76a9-555d-be29-7e1afe5d29ac,P,True,False,St. Louis Cardinals,Detroit Tigers,away,,,,,,,,,,,,,,1,3,2,2,2,1,2,,33,2,0.6666666666666666,18.0
2026-04-04,4d461520-c52e-542d-bc86-a424e8401e34,JJ Wetherholt,c0507a84-2f5c-53c7-8260-93f2e7bc2162,2B,False,True,St. Louis Cardinals,Detroit Tigers,away,1,0,0,0,5,1,2,1,1,1,0,2,1,,,,,,,,,,,,
2026-04-04,4d461520-c52e-542d-bc86-a424e8401e34,Justin Bruihl,133de3fb-6d64-5e4e-8774-81d2b394a7f0,P,True,False,St. Louis Cardinals,Detroit Tigers,away,,,,,,,,,,,,,,1.1,4,1,1,0,0,1,,27,1,0.25,6.75
2026-04-04,4d461520-c52e-542d-bc86-a424e8401e34,Alec Burleson,68452ca8-6fdd-5413-a220-a1e5177c8deb,1B,False,True,St. Louis Cardinals,Detroit Tigers,away,0,1,0,0,5,1,1,1,0,1,1,3,2,,,,,,,,,,,,
2026-04-04,4d461520-c52e-542d-bc86-a424e8401e34,Thomas Saggese,2799ba82-8b39-5d8b-b88f-ad038b5979a6,LF,False,True,St. Louis Cardinals,Detroit Tigers,away,0,0,0,0,4,0,0,1,0,0,0,0,0,,,,,,,,,,,,
2026-04-04,4d461520-c52e-542d-bc86-a424e8401e34,Yohel Pozo,b28de7f2-302d-5255-b984-df263811211b,C,False,False,St. Louis Cardinals,Detroit Tigers,away,0,0,0,0,1,0,0,0,0,0,0,0,0,,,,,,,,,,,,
2026-04-04,4d461520-c52e-542d-bc86-a424e8401e34,Pedro Pagés,719006eb-d990-515a-9cb3-2a4186659958,C,False,True,St. Louis Cardinals,Detroit Tigers,away,0,0,0,0,3,0,0,1,0,0,0,0,0,,,,,,,,,,,,
2026-04-04,4d461520-c52e-542d-bc86-a424e8401e34,Ramón Urías,e3463798-6a26-51fa-b4b3-22832aefe3ff,SS,False,False,St. Louis Cardinals,Detroit Tigers,away,0,0,0,0,1,0,0,0,0,0,0,0,0,,,,,,,,,,,,
2026-04-04,4d461520-c52e-542d-bc86-a424e8401e34,Dustin May,65d08fee-54e0-591e-80cb-a1ff09f1060f,P,True,True,St. Louis Cardinals,Detroit Tigers,away,,,,,,,,,,,,,,3.1,10,4,2,7,2,7,,79,7,0.4,10.799999999999999
2026-04-04,4d461520-c52e-542d-bc86-a424e8401e34,Iván Herrera,2b86e80e-433d-54c4-a2c1-a0d16d28e3dc,DH,False,False,St. Louis Cardinals,Detroit Tigers,away,0,1,0,0,5,1,1,0,0,2,0,3,2,,,,,,,,,,,,
2026-04-04,0add461b-fdf9-5e6c-8b8f-1f98146391cd,Carter Jensen,add60a5c-95dc-503b-a5b7-79f454562e86,DH,False,False,Kansas City Royals,Milwaukee Brewers,home,0,0,0,0,1,0,0,1,0,0,0,0,0,,,,,,,,,,,,
2026-04-04,0add461b-fdf9-5e6c-8b8f-1f98146391cd,Isaac Collins,c926f529-9700-5e4c-b204-5e60f55503df,LF,False,True,Kansas City Royals,Milwaukee Brewers,home,1,0,0,0,4,1,0,1,0,0,0,1,1,,,,,,,,,,,,
2026-04-04,0add461b-fdf9-5e6c-8b8f-1f98146391cd,Salvador Perez,fd9f5eef-c0a3-5e7e-9097-e558c01c50b1,C,False,True,Kansas City Royals,Milwaukee Brewers,home,0,0,0,0,4,0,0,1,0,0,0,0,0,,,,,,,,,,,,
2026-04-04,0add461b-fdf9-5e6c-8b8f-1f98146391cd,Luinder Avila,c6eee487-5a8e-58c1-9755-7cd4d912a927,P,True,True,Kansas City Royals,Milwaukee Brewers,home,,,,,,,,,,,,,,3,9,4,3,8,1,5,,73,5,0.4444444444444444,12.0
2026-04-04,0add461b-fdf9-5e6c-8b8f-1f98146391cd,Nick Loftin,7decf98a-4daf-5621-aed4-0ed96927b001,2B,False,True,Kansas City Royals,Milwaukee Brewers,home,0,0,0,0,4,0,1,0,0,1,0,1,0,,,,,,,,,,,,
2026-04-04,0add461b-fdf9-5e6c-8b8f-1f98146391cd,Starling Marte,5d70b9e7-89bf-591f-995a-1a0d74f841a2,DH,False,False,Kansas City Royals,Milwaukee Brewers,home,0,1,0,0,3,1,0,2,0,0,0,1,2,,,,,,,,,,,,
2026-04-04,0add461b-fdf9-5e6c-8b8f-1f98146391cd,Vinnie Pasquantino,160d1ebf-e65f-5f8e-a25b-00b8001bc198,1B,False,True,Kansas City Royals,Milwaukee Brewers,home,1,0,0,0,5,1,0,2,0,0,0,1,1,,,,,,,,,,,,
2026-04-04,0add461b-fdf9-5e6c-8b8f-1f98146391cd,Kyle Isbel,cf2183c9-e138-5f3a-8d67-6dedd3b07bfb,CF,False,True,Kansas City Royals,Milwaukee Brewers,home,0,1,0,0,2,1,0,0,0,0,0,1,2,,,,,,,,,,,,
2026-04-04,0add461b-fdf9-5e6c-8b8f-1f98146391cd,Daniel Lynch IV,1ce7aa75-f8f9-5806-add0-1e2084d76c53,P,True,False,Kansas City Royals,Milwaukee Brewers,home,,,,,,,,,,,,,,2,6,3,0,1,0,0,,27,0,0.5,13.5
2026-04-04,0add461b-fdf9-5e6c-8b8f-1f98146391cd,Maikel Garcia,31857688-327f-5f07-8b02-bc706fd384b8,3B,False,True,Kansas City Royals,Milwaukee Brewers,home,0,0,0,0,5,0,1,2,0,0,0,0,0,,,,,,,,,,,,
2026-04-04,0add461b-fdf9-5e6c-8b8f-1f98146391cd,Lane Thomas,92cdc2c8-b253-592c-b50a-1e77572b6053,CF,False,False,Kansas City Royals,Milwaukee Brewers,home,0,1,0,0,2,1,1,0,0,1,1,3,2,,,,,,,,,,,,
2026-04-04,0add461b-fdf9-5e6c-8b8f-1f98146391cd,Alex Lange,1b2bab6d-3544-540b-8d29-30e54038bb92,P,True,False,Kansas City Royals,Milwaukee Brewers,home,,,,,,,,,,,,,,2,6,4,1,1,0,0,,38,0,0.6666666666666666,18.0
2026-04-04,0add461b-fdf9-5e6c-8b8f-1f98146391cd,Jac Caglianone,ec14685d-e1f1-5cf3-8532-ae72ed66c00b,RF,False,True,Kansas City Royals,Milwaukee Brewers,home,2,0,0,0,4,2,1,0,0,0,0,2,2,,,,,,,,,,,,
2026-04-04,0add461b-fdf9-5e6c-8b8f-1f98146391cd,Steven Cruz,8094ad84-13c4-5253-8f03-e78cc14cae96,P,True,False,Kansas City Royals,Milwaukee Brewers,home,,,,,,,,,,,,,,1,3,1,0,0,0,0,,18,0,0.3333333333333333,9.0
2026-04-04,0add461b-fdf9-5e6c-8b8f-1f98146391cd,John Schreiber,af846716-0751-55d2-a0de-04178c31615c,P,True,False,Kansas City Royals,Milwaukee Brewers,home,,,,,,,,,,,,,,1,3,0,2,0,0,0,,19,0,0.0,0.0
2026-04-04,0add461b-fdf9-5e6c-8b8f-1f98146391cd,Bobby Witt Jr.,355275f4-ce4a-5c49-a0e4-cadfa2e8a083,SS,False,True,Kansas City Royals,Milwaukee Brewers,home,1,0,0,0,5,1,2,0,1,0,1,2,1,,,,,,,,,,,,
2026-04-04,0add461b-fdf9-5e6c-8b8f-1f98146391cd,Chad Patrick,07d269f1-363e-54eb-b704-7da30e241cbb,P,True,True,Milwaukee Brewers,Kansas City Royals,away,,,,,,,,,,,,,,5,15,3,3,4,0,0,,86,0,0.2,5.4
2026-04-04,0add461b-fdf9-5e6c-8b8f-1f98146391cd,Luis Rengifo,34a19134-3072-5658-be7e-16d1c8533083,3B,False,True,Milwaukee Brewers,Kansas City Royals,away,0,2,0,0,5,2,0,1,0,1,0,3,4,,,,,,,,,,,,
2026-04-04,0add461b-fdf9-5e6c-8b8f-1f98146391cd,Christian Yelich,cdd2ad99-f99b-5497-9f00-d1e35f210d18,DH,False,False,Milwaukee Brewers,Kansas City Royals,away,2,0,0,0,5,2,0,2,0,2,0,4,2,,,,,,,,,,,,
2026-04-04,0add461b-fdf9-5e6c-8b8f-1f98146391cd,Jake Bauers,1edd13e9-ec6a-5f79-8552-5d5fc7103f60,1B,False,True,Milwaukee Brewers,Kansas City Royals,away,0,0,0,0,4,0,1,1,0,0,0,0,0,,,,,,,,,,,,
2026-04-04,0add461b-fdf9-5e6c-8b8f-1f98146391cd,Sal Frelick,fbeddaa0-1580-5140-bb70-6bb9ea57a062,RF,False,True,Milwaukee Brewers,Kansas City Royals,away,1,0,0,0,4,1,1,0,0,0,0,1,1,,,,,,,,,,,,
2026-04-04,0add461b-fdf9-5e6c-8b8f-1f98146391cd,Abner Uribe,972f6b83-1d18-51f9-ada6-ff947e2760b7,P,True,False,Milwaukee Brewers,Kansas City Royals,away,,,,,,,,,,,,,,1.1,4,1,0,0,0,0,,14,0,0.25,6.75
2026-04-04,0add461b-fdf9-5e6c-8b8f-1f98146391cd,Brandon Lockridge,508f1db4-170c-5cee-ad21-ceb0fed85917,LF,False,True,Milwaukee Brewers,Kansas City Royals,away,1,0,0,0,4,1,0,1,0,0,0,1,1,,,,,,,,,,,,
2026-04-04,0add461b-fdf9-5e6c-8b8f-1f98146391cd,Aaron Ashby,a179f3a3-8e06-5673-b70c-d3a3a48bb33f,P,True,False,Milwaukee Brewers,Kansas City Royals,away,,,,,,,,,,,,,,1.2,5,3,1,4,0,2,,41,2,0.6,16.2
2026-04-04,0add461b-fdf9-5e6c-8b8f-1f98146391cd,Garrett Mitchell,b17ada3b-673f-55c3-b967-d8543791af21,CF,False,True,Milwaukee Brewers,Kansas City Royals,away,0,1,0,1,4,2,0,2,0,1,5,8,6,,,,,,,,,,,,
2026-04-04,0add461b-fdf9-5e6c-8b8f-1f98146391cd,David Hamilton,02280a6a-1789-5079-b10f-1509ff8850e3,SS,False,True,Milwaukee Brewers,Kansas City Royals,away,1,0,0,0,4,1,2,1,0,0,0,1,1,,,,,,,,,,,,
2026-04-04,0add461b-fdf9-5e6c-8b8f-1f98146391cd,William Contreras,3453e023-6f8f-5212-8105-189c90757865,C,False,True,Milwaukee Brewers,Kansas City Royals,away,0,1,0,0,5,1,1,1,0,1,0,2,2,,,,,,,,,,,,
2026-04-04,0add461b-fdf9-5e6c-8b8f-1f98146391cd,Brice Turang,8b7764c4-ff5a-5daf-9dc5-044259e0b377,2B,False,True,Milwaukee Brewers,Kansas City Royals,away,0,0,0,0,5,0,1,3,0,0,0,0,0,,,,,,,,,,,,
2026-04-04,0add461b-fdf9-5e6c-8b8f-1f98146391cd,Trevor Megill,6580e536-d23b-51c7-9a77-e4189bd19115,P,True,False,Milwaukee Brewers,Kansas City Royals,away,,,,,,,,,,,,,,1,3,2,2,0,0,0,,22,0,0.6666666666666666,18.0
2026-04-04,f1edf625-4bf7-5622-918f-4820465144b5,Lenyn Sosa,63526b54-bb98-5442-a5ec-b6f09cb03c58,DH,False,False,Chicago White Sox,Toronto Blue Jays,home,1,0,0,0,3,1,0,0,0,1,0,2,1,,,,,,,,,,,,
2026-04-04,f1edf625-4bf7-5622-918f-4820465144b5,Tristan Peters,574e45bf-8e75-5762-ba59-2684060d441c,RF,False,True,Chicago White Sox,Toronto Blue Jays,home,0,0,0,0,3,0,0,1,0,0,0,0,0,,,,,,,,,,,,
2026-04-04,f1edf625-4bf7-5622-918f-4820465144b5,Anthony Kay,6e7bbac2-aaaa-5fbc-bf7f-feb053be3e6f,P,True,False,Chicago White Sox,Toronto Blue Jays,home,,,,,,,,,,,,,,4.1,13,0,2,3,1,2,,76,2,0.0,0.0
2026-04-04,f1edf625-4bf7-5622-918f-4820465144b5,Luisangel Acuña,02ae1abb-7737-5f3c-97fa-343ed56b2a95,CF,False,True,Chicago White Sox,Toronto Blue Jays,home,1,0,0,0,4,1,0,1,0,0,0,1,1,,,,,,,,,,,,
2026-04-04,f1edf625-4bf7-5622-918f-4820465144b5,Munetaka Murakami,5ef6bdd4-00f0-5b87-b02a-2ad78752c1aa,1B,False,True,Chicago White Sox,Toronto Blue Jays,home,0,0,0,1,4,1,0,1,0,1,3,5,4,,,,,,,,,,,,
2026-04-04,f1edf625-4bf7-5622-918f-4820465144b5,Chase Meidroth,b8e78229-a743-53a4-9be9-92e7b52d24ee,2B,False,True,Chicago White Sox,Toronto Blue Jays,home,0,0,0,0,4,0,0,0,0,0,0,0,0,,,,,,,,,,,,
2026-04-04,f1edf625-4bf7-5622-918f-4820465144b5,Grant Taylor,11686577-42f6-53e3-981a-46181cd1ba91,P,True,True,Chicago White Sox,Toronto Blue Jays,home,,,,,,,,,,,,,,1,3,1,0,0,0,0,,9,0,0.3333333333333333,9.0
2026-04-04,f1edf625-4bf7-5622-918f-4820465144b5,Colson Montgomery,e16341a7-cdfb-58eb-93e1-88a182b5acbb,SS,False,True,Chicago White Sox,Toronto Blue Jays,home,0,0,0,1,4,1,1,1,0,1,1,3,4,,,,,,,,,,,,
2026-04-04,f1edf625-4bf7-5622-918f-4820465144b5,Austin Hays,f66b4ccd-b4ce-5914-9cc5-790cbd311cac,LF,False,True,Chicago White Sox,Toronto Blue Jays,home,1,0,0,0,4,1,1,2,0,1,0,2,1,,,,,,,,,,,,
2026-04-04,f1edf625-4bf7-5622-918f-4820465144b5,Seranthony Domínguez,bdefbbc2-8201-5f7b-8b57-91738da5cf78,P,True,False,Chicago White Sox,Toronto Blue Jays,home,,,,,,,,,,,,,,1,3,1,1,1,0,0,,24,0,0.3333333333333333,9.0
2026-04-04,f1edf625-4bf7-5622-918f-4820465144b5,Chris Murphy,c220eb80-5a39-5327-8378-60be42067d78,P,True,False,Chicago White Sox,Toronto Blue Jays,home,,,,,,,,,,,,,,1,3,0,0,2,0,1,,10,1,0.0,0.0
2026-04-04,f1edf625-4bf7-5622-918f-4820465144b5,Reese McGuire,d2eb512b-a5c2-5e72-9f5e-4afe623df4f6,C,False,True,Chicago White Sox,Toronto Blue Jays,home,0,0,0,0,3,0,0,0,0,0,0,0,0,,,,,,,,,,,,
2026-04-04,f1edf625-4bf7-5622-918f-4820465144b5,Andrew Benintendi,c40737a9-be3f-59a6-bd2b-9b112bd2d62c,DH,False,False,Chicago White Sox,Toronto Blue Jays,home,0,0,0,0,1,0,0,0,0,0,0,0,0,,,,,,,,,,,,
2026-04-04,f1edf625-4bf7-5622-918f-4820465144b5,Sean Newcomb,c03e558f-dd6f-5180-8a00-f64b635bf442,P,True,False,Chicago White Sox,Toronto Blue Jays,home,,,,,,,,,,,,,,0.1,1,0,1,0,0,0,,16,0,0.0,0.0
2026-04-04,f1edf625-4bf7-5622-918f-4820465144b5,Jordan Hicks,66d7d9b2-6764-5c4c-a5d1-31cc86354598,P,True,False,Chicago White Sox,Toronto Blue Jays,home,,,,,,,,,,,,,,1.1,4,0,1,0,0,0,,19,0,0.0,0.0
2026-04-04,f1edf625-4bf7-5622-918f-4820465144b5,Miguel Vargas,62addef8-7bda-57cd-a2aa-6821f9ad6427,3B,False,True,Chicago White Sox,Toronto Blue Jays,home,0,2,0,0,4,2,2,0,1,2,0,4,4,,,,,,,,,,,,
2026-04-04,f1edf625-4bf7-5622-918f-4820465144b5,Tommy Nance,e74d4474-8c98-5fef-8972-71eef86e19f6,P,True,False,Toronto Blue Jays,Chicago White Sox,away,,,,,,,,,,,,,,1.2,5,1,0,0,0,0,,20,0,0.2,5.3999999999999995
2026-04-04,f1edf625-4bf7-5622-918f-4820465144b5,Brendon Little,c8e0f7f5-bee7-54d5-95e8-690e3210fa3f,P,True,False,Toronto Blue Jays,Chicago White Sox,away,,,,,,,,,,,,,,0.1,1,1,0,3,2,3,,13,3,1.0,27.0
2026-04-04,f1edf625-4bf7-5622-918f-4820465144b5,Ernie Clement,988f69d3-1ea5-5410-b27c-6ff47e783156,2B,False,True,Toronto Blue Jays,Chicago White Sox,away,0,0,0,0,4,0,0,0,1,0,0,0,0,,,,,,,,,,,,
2026-04-04,f1edf625-4bf7-5622-918f-4820465144b5,Daulton Varsho,c87cf210-4b8f-50d7-bfd9-fa6cf7616329,CF,False,True,Toronto Blue Jays,Chicago White Sox,away,0,0,0,0,4,0,1,0,0,0,0,0,0,,,,,,,,,,,,
2026-04-04,f1edf625-4bf7-5622-918f-4820465144b5,Andrés Giménez,0fa89082-0ded-58c2-8fab-9feb8319955a,SS,False,True,Toronto Blue Jays,Chicago White Sox,away,0,0,0,0,4,0,0,0,0,0,0,0,0,,,,,,,,,,,,
2026-04-04,f1edf625-4bf7-5622-918f-4820465144b5,Davis Schneider,eac368f3-49d7-52aa-8a4a-5ada98dd9f58,LF,False,True,Toronto Blue Jays,Chicago White Sox,away,1,0,0,0,3,1,1,0,0,1,0,2,1,,,,,,,,,,,,
2026-04-04,f1edf625-4bf7-5622-918f-4820465144b5,Nathan Lukes,0f9ba003-89a6-5719-aa08-c6f05477a4e5,RF,False,False,Toronto Blue Jays,Chicago White Sox,away,0,0,0,0,2,0,0,0,0,0,1,1,0,,,,,,,,,,,,
2026-04-04,f1edf625-4bf7-5622-918f-4820465144b5,Addison Barger,acbb27ca-7bd0-5f3b-8d74-1400045fb79c,PH,False,False,Toronto Blue Jays,Chicago White Sox,away,0,0,0,0,1,0,1,0,0,0,0,0,0,,,,,,,,,,,,
2026-04-04,f1edf625-4bf7-5622-918f-4820465144b5,George Springer,b12c925d-b511-5331-a994-839ab4c086ad,DH,False,False,Toronto Blue Jays,Chicago White Sox,away,0,0,0,0,5,0,1,1,0,0,0,0,0,,,,,,,,,,,,
2026-04-04,f1edf625-4bf7-5622-918f-4820465144b5,Mason Fluharty,355806ec-5636-5f28-a2f9-8f47f66f8c1b,P,True,True,Toronto Blue Jays,Chicago White Sox,away,,,,,,,,,,,,,,1,3,0,1,2,0,1,,20,1,0.0,0.0
2026-04-04,f1edf625-4bf7-5622-918f-4820465144b5,Braydon Fisher,b15b9955-da2a-5033-9ac6-6dc1d732925d,P,True,False,Toronto Blue Jays,Chicago White Sox,away,,,,,,,,,,,,,,1,3,1,1,2,0,0,,25,2,0.3333333333333333,9.0
2026-04-04,f1edf625-4bf7-5622-918f-4820465144b5,Tyler Heineman,6685aac3-5a12-5745-963c-5c43af83f729,C,False,True,Toronto Blue Jays,Chicago White Sox,away,1,0,0,0,3,1,0,0,0,0,0,1,1,,,,,,,,,,,,
2026-04-04,f1edf625-4bf7-5622-918f-4820465144b5,Vladimir Guerrero Jr.,c652a6fb-0803-556b-a03b-9fed12cedf9b,1B,False,True,Toronto Blue Jays,Chicago White Sox,away,0,0,0,1,4,1,0,1,0,1,2,4,4,,,,,,,,,,,,
2026-04-04,f1edf625-4bf7-5622-918f-4820465144b5,Lazaro Estrada,253de5f0-efc1-5bf0-882b-a9ef505def93,P,True,False,Toronto Blue Jays,Chicago White Sox,away,,,,,,,,,,,,,,4,12,3,2,0,0,0,,66,0,0.25,6.75
2026-04-04,f1edf625-4bf7-5622-918f-4820465144b5,Jesús Sánchez,62480674-d120-5cd2-bdd3-05c3cbecd240,PH,False,False,Toronto Blue Jays,Chicago White Sox,away,1,0,0,0,1,1,0,0,0,0,0,1,1,,,,,,,,,,,,
2026-04-04,f1edf625-4bf7-5622-918f-4820465144b5,Myles Straw,51c4113b-ff8e-5728-b588-d6a0be2f776a,LF,False,True,Toronto Blue Jays,Chicago White Sox,away,1,0,0,0,3,1,0,0,0,1,0,2,1,,,,,,,,,,,,
2026-04-04,f1edf625-4bf7-5622-918f-4820465144b5,Kazuma Okamoto,d79d11dd-a762-5962-aed1-9e87c656e5fc,3B,False,True,Toronto Blue Jays,Chicago White Sox,away,1,0,0,0,4,1,1,0,0,0,0,1,1,,,,,,,,,,,,
2026-04-04,da5caf3c-3614-5e1b-8192-096c47b8602e,Nick Yorke,1ec28c26-6eac-5cd2-a2ff-00200609c539,DH,False,False,Pittsburgh Pirates,Baltimore Orioles,home,0,1,0,0,1,1,0,0,0,1,1,3,2,,,,,,,,,,,,
2026-04-04,da5caf3c-3614-5e1b-8192-096c47b8602e,Spencer Horwitz,d94f34aa-a84a-53a8-b552-cc31e58a6ff4,1B,False,True,Pittsburgh Pirates,Baltimore Orioles,home,0,1,0,0,4,1,0,0,0,0,1,2,2,,,,,,,,,,,,
2026-04-04,da5caf3c-3614-5e1b-8192-096c47b8602e,Brandon Lowe,01a36894-6133-59b2-8a70-8948f1acd43b,2B,False,True,Pittsburgh Pirates,Baltimore Orioles,home,0,0,0,0,5,0,1,1,0,0,0,0,0,,,,,,,,,,,,
2026-04-04,da5caf3c-3614-5e1b-8192-096c47b8602e,Joey Bart,c6f87aba-136b-52a1-a62d-fc18d3372db4,C,False,True,Pittsburgh Pirates,Baltimore Orioles,home,0,0,0,0,3,0,0,1,0,0,0,0,0,,,,,,,,,,,,
2026-04-04,da5caf3c-3614-5e1b-8192-096c47b8602e,Bryan Reynolds,141b2899-de5b-5dc9-b9f4-e519b8211bb2,LF,False,True,Pittsburgh Pirates,Baltimore Orioles,home,1,1,0,0,5,2,1,1,0,2,0,4,3,,,,,,,,,,,,
2026-04-04,da5caf3c-3614-5e1b-8192-096c47b8602e,Oneil Cruz,508aae39-e756-5c0b-aceb-61dcb5848fe3,CF,False,True,Pittsburgh Pirates,Baltimore Orioles,home,1,0,0,0,5,1,1,1,0,0,0,1,1,,,,,,,,,,,,
2026-04-04,da5caf3c-3614-5e1b-8192-096c47b8602e,Jake Mangum,28a2c33a-c9b3-5e75-a2ba-70873536bb5e,PH,False,False,Pittsburgh Pirates,Baltimore Orioles,home,1,0,0,0,1,1,0,0,0,0,1,2,1,,,,,,,,,,,,
2026-04-04,da5caf3c-3614-5e1b-8192-096c47b8602e,Isaac Mattson,8e8ee4ae-fa01-5f8d-a428-70b224343805,P,True,False,Pittsburgh Pirates,Baltimore Orioles,home,,,,,,,,,,,,,,1,3,1,1,1,0,0,,17,0,0.3333333333333333,9.0
2026-04-04,da5caf3c-3614-5e1b-8192-096c47b8602e,Carmen Mlodzinski,2c7b38a0-9a9c-59f7-9bde-18b91912df7f,P,True,True,Pittsburgh Pirates,Baltimore Orioles,home,,,,,,,,,,,,,,4.2,14,5,3,5,0,2,,84,2,0.35714285714285715,9.642857142857142
2026-04-04,da5caf3c-3614-5e1b-8192-096c47b8602e,Dennis Santana,e472520d-2660-5d3d-bc45-5ed27573556d,P,True,False,Pittsburgh Pirates,Baltimore Orioles,home,,,,,,,,,,,,,,1,3,1,0,0,0,0,,13,0,0.3333333333333333,9.0
2026-04-04,da5caf3c-3614-5e1b-8192-096c47b8602e,Henry Davis,0f944710-fb93-58f9-bdbf-2ecc18548deb,C,False,False,Pittsburgh Pirates,Baltimore Orioles,home,0,0,0,0,0,0,0,0,0,0,0,0,0,,,,,,,,,,,,
2026-04-04,da5caf3c-3614-5e1b-8192-096c47b8602e,Hunter Barco,a75bfa04-177d-5bc6-999f-eb0239047775,P,True,False,Pittsburgh Pirates,Baltimore Orioles,home,,,,,,,,,,,,,,2.1,7,1,3,0,0,0,,45,0,0.14285714285714285,3.8571428571428568
2026-04-04,da5caf3c-3614-5e1b-8192-096c47b8602e,Konnor Griffin,5a897113-adf9-5343-8f9d-15a2e37ba682,SS,False,True,Pittsburgh Pirates,Baltimore Orioles,home,0,0,0,0,4,0,0,0,0,0,0,0,0,,,,,,,,,,,,
2026-04-04,da5caf3c-3614-5e1b-8192-096c47b8602e,Ryan O'Hearn,bffaa283-7254-53ef-91d3-5520a44d1888,RF,False,True,Pittsburgh Pirates,Baltimore Orioles,home,1,0,0,0,5,1,1,1,0,0,0,1,1,,,,,,,,,,,,
2026-04-04,da5caf3c-3614-5e1b-8192-096c47b8602e,Nick Gonzales,874ea46d-0569-5ecc-85e6-b448bfe30555,3B,False,True,Pittsburgh Pirates,Baltimore Orioles,home,0,0,0,0,4,0,2,0,0,0,0,0,0,,,,,,,,,,,,
2026-04-04,da5caf3c-3614-5e1b-8192-096c47b8602e,Marcell Ozuna,bef29d2e-a08c-5c3f-8b74-f3c204725a37,DH,False,False,Pittsburgh Pirates,Baltimore Orioles,home,1,0,0,0,4,1,0,2,0,0,0,1,1,,,,,,,,,,,,
2026-04-04,da5caf3c-3614-5e1b-8192-096c47b8602e,Rico Garcia,bf7d81c5-2227-5bb3-947e-5a93eb72d466,P,True,False,Baltimore Orioles,Pittsburgh Pirates,away,,,,,,,,,,,,,,0.1,1,0,1,0,0,0,,10,0,0.0,0.0
2026-04-04,da5caf3c-3614-5e1b-8192-096c47b8602e,Gunnar Henderson,8dd2ac6f-561c-5af1-b076-5e81f0f4e199,SS,False,True,Baltimore Orioles,Pittsburgh Pirates,away,1,0,0,0,5,1,2,1,0,1,0,2,1,,,,,,,,,,,,
2026-04-04,da5caf3c-3614-5e1b-8192-096c47b8602e,Leody Taveras,3ec5beae-5884-53b2-80db-f719fafea82c,CF,False,True,Baltimore Orioles,Pittsburgh Pirates,away,1,0,0,0,4,1,2,0,0,0,1,2,1,,,,,,,,,,,,
2026-04-04,da5caf3c-3614-5e1b-8192-096c47b8602e,Shane Baz,591fa7e0-9ba3-5756-9efd-1520cab122a6,P,True,True,Baltimore Orioles,Pittsburgh Pirates,away,,,,,,,,,,,,,,5.2,17,5,3,3,0,0,,98,1,0.29411764705882354,7.941176470588235
2026-04-04,da5caf3c-3614-5e1b-8192-096c47b8602e,Taylor Ward,ecd13d9a-09c8-5341-a9c1-42cd969b9bfd,DH,False,False,Baltimore Orioles,Pittsburgh Pirates,away,0,0,0,0,5,0,1,1,0,0,0,0,0,,,,,,,,,,,,
2026-04-04,da5caf3c-3614-5e1b-8192-096c47b8602e,Dylan Beavers,6713c09d-171a-5996-8551-2d6cbdcc460f,LF,False,True,Baltimore Orioles,Pittsburgh Pirates,away,1,0,0,0,4,1,0,1,0,0,1,2,1,,,,,,,,,,,,
2026-04-04,da5caf3c-3614-5e1b-8192-096c47b8602e,Adley Rutschman,641d20de-7b25-5610-a12b-aa8c9cf6fdb5,C,False,True,Baltimore Orioles,Pittsburgh Pirates,away,2,0,0,0,4,2,0,0,0,1,0,3,2,,,,,,,,,,,,
2026-04-04,da5caf3c-3614-5e1b-8192-096c47b8602e,Tyler O'Neill,22618000-6c22-5a37-9298-4ff8d51174b1,RF,False,False,Baltimore Orioles,Pittsburgh Pirates,away,0,0,0,0,2,0,0,0,0,0,0,0,0,,,,,,,,,,,,
2026-04-04,da5caf3c-3614-5e1b-8192-096c47b8602e,Blaze Alexander,06fa37f7-11f0-5e44-b028-6e4b58efaaa5,2B,False,True,Baltimore Orioles,Pittsburgh Pirates,away,0,0,0,0,4,0,1,0,1,0,0,0,0,,,,,,,,,,,,
2026-04-04,da5caf3c-3614-5e1b-8192-096c47b8602e,Anthony Nunez,e21e4fcc-ccb4-515c-bf3a-fb9b09d362ee,P,True,False,Baltimore Orioles,Pittsburgh Pirates,away,,,,,,,,,,,,,,1,3,0,1,2,0,1,,27,1,0.0,0.0
2026-04-04,da5caf3c-3614-5e1b-8192-096c47b8602e,Pete Alonso,a706e53c-3e74-5675-9f67-a2114ac0ab94,1B,False,True,Baltimore Orioles,Pittsburgh Pirates,away,0,0,0,0,4,0,0,2,0,0,0,0,0,,,,,,,,,,,,
2026-04-04,da5caf3c-3614-5e1b-8192-096c47b8602e,Ryan Helsley,d8806a3d-2869-5dd9-80b2-e0ac87e90cda,P,True,False,Baltimore Orioles,Pittsburgh Pirates,away,,,,,,,,,,,,,,0.1,1,0,1,2,0,1,,13,1,0.0,0.0
2026-04-04,da5caf3c-3614-5e1b-8192-096c47b8602e,Grant Wolfram,933ece99-ab75-503c-a717-ae736199b56d,P,True,False,Baltimore Orioles,Pittsburgh Pirates,away,,,,,,,,,,,,,,1,3,2,0,1,0,0,,21,0,0.6666666666666666,18.0
2026-04-04,da5caf3c-3614-5e1b-8192-096c47b8602e,Colton Cowser,7c1a36d9-f8ba-5ebe-9fd2-58b788cc84b6,RF,False,True,Baltimore Orioles,Pittsburgh Pirates,away,0,0,0,0,2,0,0,2,0,0,0,0,0,,,,,,,,,,,,
2026-04-04,da5caf3c-3614-5e1b-8192-096c47b8602e,Coby Mayo,3fa3b427-6995-5a99-b9df-39c34bfe5217,3B,False,True,Baltimore Orioles,Pittsburgh Pirates,away,1,0,0,0,4,1,1,1,0,0,0,1,1,,,,,,,,,,,,
2026-04-04,1f0bf673-479f-531c-9ed7-1b4a89b027d0,Lawrence Butler,84b3c88a-5eef-5848-9e2c-a9f0eabd6386,RF,False,True,Athletics,Houston Astros,home,0,0,0,0,3,0,0,2,0,0,0,0,0,,,,,,,,,,,,
2026-04-04,1f0bf673-479f-531c-9ed7-1b4a89b027d0,Brent Rooker,9d82601b-b14e-5a63-a224-362d63a93501,DH,False,False,Athletics,Houston Astros,home,0,0,0,0,4,0,1,2,0,0,0,0,0,,,,,,,,,,,,
2026-04-04,1f0bf673-479f-531c-9ed7-1b4a89b027d0,Jeff McNeil,3ef9318f-5a03-5a7f-8df9-f326e49cfb1e,2B,False,True,Athletics,Houston Astros,home,1,0,0,0,3,1,0,1,0,0,0,1,1,,,,,,,,,,,,
2026-04-04,1f0bf673-479f-531c-9ed7-1b4a89b027d0,Austin Wynns,550715f1-5f18-53e0-9794-23a5351cf404,C,False,False,Athletics,Houston Astros,home,0,0,0,0,1,0,0,0,0,0,0,0,0,,,,,,,,,,,,
2026-04-04,1f0bf673-479f-531c-9ed7-1b4a89b027d0,Carlos Cortes,b10e4d13-0c9b-592c-99f9-974bebe386f0,LF,False,False,Athletics,Houston Astros,home,1,0,0,0,1,1,0,0,0,0,0,1,1,,,,,,,,,,,,
2026-04-04,1f0bf673-479f-531c-9ed7-1b4a89b027d0,Michael Kelly,8364c84b-4702-5754-9b11-261a5a00aa16,P,True,False,Athletics,Houston Astros,home,,,,,,,,,,,,,,1,3,0,1,1,0,0,,17,0,0.0,0.0
2026-04-04,1f0bf673-479f-531c-9ed7-1b4a89b027d0,Max Muncy,499ef8b1-1d5e-5c2f-82bf-73bceec786a2,3B,False,True,Athletics,Houston Astros,home,2,0,0,0,4,2,0,2,0,0,0,2,2,,,,,,,,,,,,
2026-04-04,1f0bf673-479f-531c-9ed7-1b4a89b027d0,Denzel Clarke,55034696-f1db-58f8-9342-c21b5cfe6dc1,CF,False,True,Athletics,Houston Astros,home,0,0,0,0,3,0,0,1,0,0,0,0,0,,,,,,,,,,,,
2026-04-04,1f0bf673-479f-531c-9ed7-1b4a89b027d0,Tyler Soderstrom,1a12af09-5e6b-518c-9285-c9f3e9156573,LF,False,True,Athletics,Houston Astros,home,0,0,0,0,3,0,1,2,0,0,0,0,0,,,,,,,,,,,,
2026-04-04,1f0bf673-479f-531c-9ed7-1b4a89b027d0,Elvis Alvarado,ad6fc5eb-250b-51ca-8385-a9e11ebf07be,P,True,False,Athletics,Houston Astros,home,,,,,,,,,,,,,,2,6,0,2,3,0,2,,29,2,0.0,0.0
2026-04-04,1f0bf673-479f-531c-9ed7-1b4a89b027d0,Darell Hernaiz,5d2fcaf4-b36e-566e-b677-c7bd72404047,RF,False,False,Athletics,Houston Astros,home,0,0,0,0,1,0,0,0,0,0,0,0,0,,,,,,,,,,,,
2026-04-04,1f0bf673-479f-531c-9ed7-1b4a89b027d0,Nick Kurtz,0ee3ade6-1739-552d-b4eb-8eb38b8ba6a0,1B,False,True,Athletics,Houston Astros,home,1,0,0,0,4,1,1,0,0,0,0,1,1,,,,,,,,,,,,
2026-04-04,1f0bf673-479f-531c-9ed7-1b4a89b027d0,Hogan Harris,a9269342-dc5e-51d7-a959-d0c967ea3679,P,True,False,Athletics,Houston Astros,home,,,,,,,,,,,,,,1,3,1,2,4,0,3,,34,3,0.3333333333333333,9.0
2026-04-04,1f0bf673-479f-531c-9ed7-1b4a89b027d0,Luis Medina,39f49f33-26d1-5ef0-ad45-465b5699ade9,P,True,False,Athletics,Houston Astros,home,,,,,,,,,,,,,,2,6,4,2,2,1,1,,43,1,0.6666666666666666,18.0
2026-04-04,1f0bf673-479f-531c-9ed7-1b4a89b027d0,Shea Langeliers,3de34bb4-e20b-541b-ba54-b22612a81656,C,False,True,Athletics,Houston Astros,home,0,0,0,0,3,0,0,3,0,0,0,0,0,,,,,,,,,,,,
2026-04-04,1f0bf673-479f-531c-9ed7-1b4a89b027d0,Luis Morales,14a2884d-1831-5490-998b-74f19caeec93,P,True,True,Athletics,Houston Astros,home,,,,,,,,,,,,,,3,9,0,6,8,1,5,,77,5,0.0,0.0
2026-04-04,1f0bf673-479f-531c-9ed7-1b4a89b027d0,Jacob Wilson,bbc991c4-1055-56ae-af55-57b957f437a3,SS,False,True,Athletics,Houston Astros,home,0,0,0,0,4,0,0,0,0,0,0,0,0,,,,,,,,,,,,
2026-04-04,1f0bf673-479f-531c-9ed7-1b4a89b027d0,Shay Whitcomb,b909a1c4-db29-5775-84e4-3c6d1f035faf,3B,False,False,Houston Astros,Athletics,away,0,0,0,0,1,0,1,0,0,0,0,0,0,,,,,,,,,,,,
2026-04-04,1f0bf673-479f-531c-9ed7-1b4a89b027d0,Nick Allen,d47542cc-ed4c-5335-840e-aeecb6811ad7,SS,False,False,Houston Astros,Athletics,away,0,0,0,0,3,0,0,1,0,0,0,0,0,,,,,,,,,,,,
2026-04-04,1f0bf673-479f-531c-9ed7-1b4a89b027d0,Kai-Wei Teng,cc9220fe-0567-544a-81b1-84992549a6bf,P,True,False,Houston Astros,Athletics,away,,,,,,,,,,,,,,2.1,7,3,0,2,0,0,,33,0,0.42857142857142855,11.571428571428571
2026-04-04,1f0bf673-479f-531c-9ed7-1b4a89b027d0,Cam Smith,6c7292a3-abca-5a73-9e4b-cec25e9d20b8,RF,False,False,Houston Astros,Athletics,away,0,0,0,1,1,1,0,0,0,1,1,3,4,,,,,,,,,,,,
2026-04-04,1f0bf673-479f-531c-9ed7-1b4a89b027d0,Jake Meyers,f60436a8-53cf-5fa1-8caa-50928a25c6d9,CF,False,True,Houston Astros,Athletics,away,1,0,0,0,6,1,0,1,0,1,0,2,1,,,,,,,,,,,,
2026-04-04,1f0bf673-479f-531c-9ed7-1b4a89b027d0,Steven Okert,bbee3817-3c94-5f70-bf14-8f8f4a22a1f6,P,True,False,Houston Astros,Athletics,away,,,,,,,,,,,,,,1,3,1,0,0,0,0,,16,0,0.3333333333333333,9.0
2026-04-04,1f0bf673-479f-531c-9ed7-1b4a89b027d0,Brice Matthews,bee000c4-433a-55d5-b97f-a284fe330fee,2B,False,False,Houston Astros,Athletics,away,0,0,0,0,1,0,1,0,0,0,0,0,0,,,,,,,,,,,,
2026-04-04,1f0bf673-479f-531c-9ed7-1b4a89b027d0,Jose Altuve,99c9db0b-d7a9-5462-94f3-28f3661714ab,2B,False,True,Houston Astros,Athletics,away,1,0,0,0,5,1,1,0,0,0,1,2,1,,,,,,,,,,,,
2026-04-04,1f0bf673-479f-531c-9ed7-1b4a89b027d0,Tatsuya Imai,7b7449a9-b0d8-57c4-aafc-3aea735e2bfa,P,True,True,Houston Astros,Athletics,away,,,,,,,,,,,,,,5.2,17,9,3,3,0,0,,94,0,0.5294117647058824,14.294117647058822
2026-04-04,1f0bf673-479f-531c-9ed7-1b4a89b027d0,Joey Loperfido,575dbf4d-f194-5748-94af-45ae60e8431c,LF,False,True,Houston Astros,Athletics,away,2,1,0,0,6,3,2,1,0,2,2,7,4,,,,,,,,,,,,
2026-04-04,1f0bf673-479f-531c-9ed7-1b4a89b027d0,Jeremy Peña,06bd24b4-6dff-5b6b-982d-35d5821ce7c8,SS,False,True,Houston Astros,Athletics,away,0,2,0,0,4,2,1,0,0,1,0,3,4,,,,,,,,,,,,
2026-04-04,1f0bf673-479f-531c-9ed7-1b4a89b027d0,Carlos Correa,9d0ef881-40b5-538c-9843-6585303e16f4,3B,False,True,Houston Astros,Athletics,away,0,0,0,0,5,0,1,0,0,1,0,1,0,,,,,,,,,,,,
2026-04-04,1f0bf673-479f-531c-9ed7-1b4a89b027d0,Christian Walker,4ebdbcc5-84ea-5866-b7b6-1d61cbac193f,1B,False,True,Houston Astros,Athletics,away,1,1,0,1,6,3,1,1,0,3,2,8,7,,,,,,,,,,,,
2026-04-04,1f0bf673-479f-531c-9ed7-1b4a89b027d0,Christian Vázquez,2ce448a3-c599-538e-b2dd-6a39dcfde984,C,False,True,Houston Astros,Athletics,away,1,2,0,0,6,3,0,1,0,0,2,5,5,,,,,,,,,,,,
2026-04-04,1f0bf673-479f-531c-9ed7-1b4a89b027d0,Yainer Diaz,dd446d48-8097-51f2-82cf-f7fabad1dd74,DH,False,False,Houston Astros,Athletics,away,3,0,0,0,6,3,1,0,0,1,2,6,3,,,,,,,,,,,,
2026-04-04,1f0bf673-479f-531c-9ed7-1b4a89b027d0,Yordan Alvarez,b4e60652-8d7e-569f-8e5a-4aa9a713da9c,LF,False,True,Houston Astros,Athletics,away,1,0,0,0,5,1,4,0,0,1,1,3,1,,,,,,,,,,,,
2026-04-04,02ff8dc7-144a-5f33-8873-907f38f356cd,Brady House,9feee2d5-f011-5be3-91f0-b7e2597e0107,3B,False,True,Washington Nationals,Los Angeles Dodgers,home,0,0,0,0,4,0,0,3,0,0,0,0,0,,,,,,,,,,,,
2026-04-04,02ff8dc7-144a-5f33-8873-907f38f356cd,CJ Abrams,41388dc3-6936-557e-b1ee-d12bd42cb0ef,SS,False,True,Washington Nationals,Los Angeles Dodgers,home,0,0,0,1,4,1,2,1,1,2,2,5,4,,,,,,,,,,,,
2026-04-04,02ff8dc7-144a-5f33-8873-907f38f356cd,Drew Millas,4ed01cdc-a11e-5925-ae16-e8eef2ecabea,C,False,True,Washington Nationals,Los Angeles Dodgers,home,0,0,0,0,4,0,0,2,0,0,0,0,0,,,,,,,,,,,,
2026-04-04,02ff8dc7-144a-5f33-8873-907f38f356cd,Jorbit Vivas,fdbd86ba-3c8c-5410-8547-5624b69d521e,2B,False,True,Washington Nationals,Los Angeles Dodgers,home,1,0,0,0,4,1,0,1,0,1,0,2,1,,,,,,,,,,,,
2026-04-04,02ff8dc7-144a-5f33-8873-907f38f356cd,Cole Henry,68434c49-54d6-5fc8-9d57-d1431b1ae69c,P,True,False,Washington Nationals,Los Angeles Dodgers,home,,,,,,,,,,,,,,2,6,2,0,1,0,0,,23,0,0.3333333333333333,9.0
2026-04-04,02ff8dc7-144a-5f33-8873-907f38f356cd,Brad Lord,018ef96e-0dfa-57b7-92a2-398fea8a9576,P,True,False,Washington Nationals,Los Angeles Dodgers,home,,,,,,,,,,,,,,2,6,0,1,5,1,3,,49,3,0.0,0.0
2026-04-04,02ff8dc7-144a-5f33-8873-907f38f356cd,Curtis Mead,de63b36a-f5df-5a64-8245-6fab9e96c9d5,1B,False,True,Washington Nationals,Los Angeles Dodgers,home,0,1,0,0,4,1,0,2,0,0,1,2,2,,,,,,,,,,,,
2026-04-04,02ff8dc7-144a-5f33-8873-907f38f356cd,Daylen Lile,3b2cb564-a3bb-5ec4-8464-227b212049f9,LF,False,True,Washington Nationals,Los Angeles Dodgers,home,0,0,0,0,4,0,0,0,0,0,0,0,0,,,,,,,,,,,,
2026-04-04,02ff8dc7-144a-5f33-8873-907f38f356cd,José Tena,f88f88e8-a622-5f2d-95ca-0973e791aca0,PH,False,False,Washington Nationals,Los Angeles Dodgers,home,1,0,0,0,1,1,0,0,0,0,1,2,1,,,,,,,,,,,,
2026-04-04,02ff8dc7-144a-5f33-8873-907f38f356cd,James Wood,3089b190-81f6-5e6c-ba91-a8d4cdf0be3a,RF,False,True,Washington Nationals,Los Angeles Dodgers,home,0,0,0,0,5,0,0,2,0,0,0,0,0,,,,,,,,,,,,
2026-04-04,02ff8dc7-144a-5f33-8873-907f38f356cd,Jacob Young,d263f19b-c5d6-523a-bc57-bce7884eb99a,CF,False,True,Washington Nationals,Los Angeles Dodgers,home,1,0,0,0,3,1,0,0,0,1,0,2,1,,,,,,,,,,,,
2026-04-04,02ff8dc7-144a-5f33-8873-907f38f356cd,Jake Irvin,1fb725f5-4e40-5005-a99d-ac210524b899,P,True,True,Washington Nationals,Los Angeles Dodgers,home,,,,,,,,,,,,,,4,12,4,2,8,0,6,,85,6,0.3333333333333333,9.0
2026-04-04,02ff8dc7-144a-5f33-8873-907f38f356cd,Gus Varland,d80159ca-3062-5587-8a54-9592c50b4423,P,True,False,Washington Nationals,Los Angeles Dodgers,home,,,,,,,,,,,,,,1,3,2,0,2,0,1,,19,1,0.6666666666666666,18.0
2026-04-04,02ff8dc7-144a-5f33-8873-907f38f356cd,Luis García Jr.,a615adb8-655d-531d-a63e-5a267e66845b,DH,False,False,Washington Nationals,Los Angeles Dodgers,home,1,1,1,0,4,3,0,0,0,1,1,5,6,,,,,,,,,,,,
2026-04-04,02ff8dc7-144a-5f33-8873-907f38f356cd,Ben Casparius,e65cd772-7cf2-5f9b-a805-8a78f9ea86d0,P,True,False,Los Angeles Dodgers,Washington Nationals,away,,,,,,,,,,,,,,1,3,1,0,2,1,2,,20,2,0.3333333333333333,9.0
2026-04-04,02ff8dc7-144a-5f33-8873-907f38f356cd,Will Smith,a99e1cc5-b7ce-57f3-b25f-a35eb434a138,C,False,True,Los Angeles Dodgers,Washington Nationals,away,3,0,0,0,5,3,0,0,0,1,0,4,3,,,,,,,,,,,,
2026-04-04,02ff8dc7-144a-5f33-8873-907f38f356cd,Tyler Glasnow,5983fe8a-6a02-5be5-8f9e-14ea532abbf8,P,True,True,Los Angeles Dodgers,Washington Nationals,away,,,,,,,,,,,,,,6,18,9,2,4,0,2,,101,2,0.5,13.5
2026-04-04,02ff8dc7-144a-5f33-8873-907f38f356cd,Kyle Tucker,2de01d55-4dd3-5bc3-b8e2-7859bbfdb79f,RF,False,True,Los Angeles Dodgers,Washington Nationals,away,2,0,0,0,5,2,2,0,0,2,1,5,2,,,,,,,,,,,,
2026-04-04,02ff8dc7-144a-5f33-8873-907f38f356cd,Max Muncy,8d258a66-1273-5363-89c6-87933a281e74,3B,False,True,Los Angeles Dodgers,Washington Nationals,away,1,0,0,0,5,1,0,2,0,1,0,2,1,,,,,,,,,,,,
2026-04-04,02ff8dc7-144a-5f33-8873-907f38f356cd,Freddie Freeman,6ddad2d6-c3a0-5592-8632-a05db59af193,1B,False,True,Los Angeles Dodgers,Washington Nationals,away,0,2,0,0,5,2,0,1,0,0,4,6,4,,,,,,,,,,,,
2026-04-04,02ff8dc7-144a-5f33-8873-907f38f356cd,Edgardo Henriquez,dacef558-1255-5f2b-819c-8fc3f6464d4d,P,True,False,Los Angeles Dodgers,Washington Nationals,away,,,,,,,,,,,,,,1,3,0,0,1,0,1,,22,1,0.0,0.0
2026-04-04,02ff8dc7-144a-5f33-8873-907f38f356cd,Tanner Scott,6e873ad9-8cda-5a19-8663-0e88694246cd,P,True,False,Los Angeles Dodgers,Washington Nationals,away,,,,,,,,,,,,,,1,3,1,0,1,0,0,,14,0,0.3333333333333333,9.0
2026-04-04,02ff8dc7-144a-5f33-8873-907f38f356cd,Shohei Ohtani,c4531087-0c95-5e6e-8d3c-604e0b0fc776,DH,False,False,Los Angeles Dodgers,Washington Nationals,away,2,0,0,0,6,2,0,2,0,1,0,3,2,,,,,,,,,,,,
2026-04-04,02ff8dc7-144a-5f33-8873-907f38f356cd,Andy Pages,1057dfe8-f4c3-58d4-be2b-63d4efdf2228,CF,False,True,Los Angeles Dodgers,Washington Nationals,away,2,0,0,1,5,3,0,1,1,2,3,8,6,,,,,,,,,,,,
2026-04-04,02ff8dc7-144a-5f33-8873-907f38f356cd,Mookie Betts,93f6ca91-7be2-55cc-8e42-a295fae94395,SS,False,False,Los Angeles Dodgers,Washington Nationals,away,0,0,0,0,1,0,1,0,0,1,0,1,0,,,,,,,,,,,,
2026-04-04,02ff8dc7-144a-5f33-8873-907f38f356cd,Alex Call,5f08248b-5277-5287-86f6-a8b1f95cd171,LF,False,True,Los Angeles Dodgers,Washington Nationals,away,1,1,0,0,5,2,0,0,0,1,1,4,3,,,,,,,,,,,,
2026-04-04,02ff8dc7-144a-5f33-8873-907f38f356cd,Miguel Rojas,daef22b8-e349-5c2a-baf6-493ad8567907,SS,False,True,Los Angeles Dodgers,Washington Nationals,away,0,0,0,0,4,0,0,0,0,0,1,1,0,,,,,,,,,,,,
2026-04-04,02ff8dc7-144a-5f33-8873-907f38f356cd,Alex Freeland,ba5ee049-6fb5-5806-9480-5a14650880ba,2B,False,True,Los Angeles Dodgers,Washington Nationals,away,1,0,0,0,5,1,0,2,0,1,0,2,1,,,,,,,,,,,,
2026-04-04,115f0df5-7260-587c-ae19-c6c454f90d55,Roman Anthony,c29e1084-a051-5de5-86f7-09b1a3bd64af,LF,False,False,Boston Red Sox,San Diego Padres,home,1,0,1,0,4,2,0,0,0,0,0,2,4,,,,,,,,,,,,
2026-04-04,115f0df5-7260-587c-ae19-c6c454f90d55,Willson Contreras,34477b91-95c5-5159-8fc0-73e01ae1d6d9,1B,False,True,Boston Red Sox,San Diego Padres,home,1,0,0,0,4,1,0,1,0,1,0,2,1,,,,,,,,,,,,
2026-04-04,115f0df5-7260-587c-ae19-c6c454f90d55,Connelly Early,6da5ee47-e7f0-58a1-bdd0-529184d0516e,P,True,True,Boston Red Sox,San Diego Padres,home,,,,,,,,,,,,,,4,12,4,4,3,0,2,,88,2,0.3333333333333333,9.0
2026-04-04,115f0df5-7260-587c-ae19-c6c454f90d55,Trevor Story,cd09b8ad-73fb-5669-8db1-98c5b8a8164a,SS,False,True,Boston Red Sox,San Diego Padres,home,0,0,0,0,4,0,0,1,0,0,0,0,0,,,,,,,,,,,,
2026-04-04,115f0df5-7260-587c-ae19-c6c454f90d55,Zack Kelly,217c2b64-3d1e-5112-8f21-e9fc91143b99,P,True,False,Boston Red Sox,San Diego Padres,home,,,,,,,,,,,,,,1,3,1,0,0,0,0,,9,0,0.3333333333333333,9.0
2026-04-04,115f0df5-7260-587c-ae19-c6c454f90d55,Wilyer Abreu,e89e04e9-6e91-5ee7-ae12-04853566c53f,RF,False,True,Boston Red Sox,San Diego Padres,home,1,0,0,0,4,1,1,1,0,0,0,1,1,,,,,,,,,,,,
2026-04-04,115f0df5-7260-587c-ae19-c6c454f90d55,Andruw Monasterio,47cb14eb-4fd3-52f4-b557-bb0feea1ebba,PH,False,False,Boston Red Sox,San Diego Padres,home,0,0,0,0,1,0,0,0,0,0,1,1,0,,,,,,,,,,,,
2026-04-04,115f0df5-7260-587c-ae19-c6c454f90d55,Justin Slaten,73553363-7fba-5e17-b5b9-76266815ed0d,P,True,False,Boston Red Sox,San Diego Padres,home,,,,,,,,,,,,,,1,3,1,0,1,0,0,,19,0,0.3333333333333333,9.0
2026-04-04,115f0df5-7260-587c-ae19-c6c454f90d55,Caleb Durbin,bd9f542f-cb6e-5ce8-b85a-8ff891d266f7,3B,False,True,Boston Red Sox,San Diego Padres,home,1,0,0,0,3,1,0,0,0,0,0,1,1,,,,,,,,,,,,
2026-04-04,115f0df5-7260-587c-ae19-c6c454f90d55,Carlos Narváez,1322ee1c-36ba-5e0c-a487-1a0e94fe483b,C,False,True,Boston Red Sox,San Diego Padres,home,0,0,0,0,3,0,0,0,0,0,0,0,0,,,,,,,,,,,,
2026-04-04,115f0df5-7260-587c-ae19-c6c454f90d55,Jarren Duran,3ac99586-15b6-50c1-816f-075959ebead2,LF,False,True,Boston Red Sox,San Diego Padres,home,1,0,0,0,3,1,0,1,0,0,0,1,1,,,,,,,,,,,,
2026-04-04,115f0df5-7260-587c-ae19-c6c454f90d55,Ceddanne Rafaela,15788154-f587-5625-bece-d4a10d870640,CF,False,True,Boston Red Sox,San Diego Padres,home,2,0,0,0,3,2,0,1,0,1,0,3,2,,,,,,,,,,,,
2026-04-04,115f0df5-7260-587c-ae19-c6c454f90d55,Masataka Yoshida,ba7252d5-bd01-5d4a-afe2-2252480e2987,PH,False,False,Boston Red Sox,San Diego Padres,home,0,0,0,0,1,0,0,1,0,0,0,0,0,,,,,,,,,,,,
2026-04-04,115f0df5-7260-587c-ae19-c6c454f90d55,Danny Coulombe,da39f1d2-559c-5f90-a815-758e9ae145bb,P,True,False,Boston Red Sox,San Diego Padres,home,,,,,,,,,,,,,,0.2,2,1,0,0,0,0,,8,0,0.5,13.5
2026-04-04,115f0df5-7260-587c-ae19-c6c454f90d55,Marcelo Mayer,143aaf24-c832-5e23-b59f-4934230805d1,2B,False,True,Boston Red Sox,San Diego Padres,home,0,0,0,0,4,0,0,2,0,0,1,1,0,,,,,,,,,,,,
2026-04-04,115f0df5-7260-587c-ae19-c6c454f90d55,Aroldis Chapman,59f9eac9-af6c-538a-bb7d-cebe17553900,P,True,False,Boston Red Sox,San Diego Padres,home,0,0,0,0,0,0,0,0,0,0,0,0,0,1,3,1,0,2,0,1,,17,1,0.3333333333333333,9.0
2026-04-04,115f0df5-7260-587c-ae19-c6c454f90d55,Ryan Watson,77282720-39a0-57ea-88d2-f156575d121d,P,True,False,Boston Red Sox,San Diego Padres,home,,,,,,,,,,,,,,1.1,4,1,1,1,0,0,,26,0,0.25,6.75
2026-04-04,115f0df5-7260-587c-ae19-c6c454f90d55,Freddy Fermin,37406aad-ae18-5be2-8439-0a0b3ab54a22,C,False,True,San Diego Padres,Boston Red Sox,away,0,1,0,0,4,1,1,1,0,1,1,3,2,,,,,,,,,,,,
2026-04-04,115f0df5-7260-587c-ae19-c6c454f90d55,Mason Miller,aa48482d-99f3-59cc-89f4-84b9eb7d405e,P,True,False,San Diego Padres,Boston Red Sox,away,,,,,,,,,,,,,,1,3,3,0,0,0,0,,11,0,1.0,27.0
2026-04-04,115f0df5-7260-587c-ae19-c6c454f90d55,Nick Castellanos,95dea803-893e-5754-9f60-c470b45cd25b,PH,False,False,San Diego Padres,Boston Red Sox,away,0,0,0,0,1,0,0,1,0,0,0,0,0,,,,,,,,,,,,
2026-04-04,115f0df5-7260-587c-ae19-c6c454f90d55,Jackson Merrill,0b80ef12-9566-5b94-973d-d1151b0e69ac,CF,False,False,San Diego Padres,Boston Red Sox,away,0,0,0,0,0,0,0,0,0,0,0,0,0,,,,,,,,,,,,
2026-04-04,115f0df5-7260-587c-ae19-c6c454f90d55,Jeremiah Estrada,ee6fb957-7f4c-5dfe-ae02-b44359338c92,P,True,False,San Diego Padres,Boston Red Sox,away,,,,,,,,,,,,,,1,3,0,0,0,0,0,,10,0,0.0,0.0
2026-04-04,115f0df5-7260-587c-ae19-c6c454f90d55,Ramón Laureano,dabca3a1-56c7-5218-8ab7-31a707ea9795,LF,False,True,San Diego Padres,Boston Red Sox,away,1,0,0,0,5,1,1,0,0,0,1,2,1,,,,,,,,,,,,
2026-04-04,115f0df5-7260-587c-ae19-c6c454f90d55,Adrian Morejon,311a75d7-a828-50c4-b614-a72d2ff657a3,P,True,False,San Diego Padres,Boston Red Sox,away,,,,,,,,,,,,,,1,3,2,0,2,0,1,,29,1,0.6666666666666666,18.0
2026-04-04,115f0df5-7260-587c-ae19-c6c454f90d55,Manny Machado,a9385e18-b1c3-52e8-b03b-b70d1f8a34af,3B,False,True,San Diego Padres,Boston Red Sox,away,0,0,0,0,4,0,3,0,0,0,0,0,0,,,,,,,,,,,,
2026-04-04,115f0df5-7260-587c-ae19-c6c454f90d55,Miguel Andujar,48554c1a-0b60-5739-aad2-0ff058b6d880,DH,False,False,San Diego Padres,Boston Red Sox,away,2,1,0,0,5,3,0,1,0,1,0,4,4,,,,,,,,,,,,
2026-04-04,115f0df5-7260-587c-ae19-c6c454f90d55,Ty France,e151e020-3f09-5095-83ad-b79d0d4dcfc2,1B,False,True,San Diego Padres,Boston Red Sox,away,1,0,0,0,4,1,0,0,0,0,0,1,1,,,,,,,,,,,,
2026-04-04,115f0df5-7260-587c-ae19-c6c454f90d55,Fernando Tatis Jr.,ac1ed075-5e29-5566-994f-09b1af7af1b9,RF,False,True,San Diego Padres,Boston Red Sox,away,0,1,0,0,5,1,0,4,0,1,0,2,2,,,,,,,,,,,,
2026-04-04,115f0df5-7260-587c-ae19-c6c454f90d55,Bryce Johnson,e031aea2-0e42-54c2-9fa8-94c54f276d42,CF,False,True,San Diego Padres,Boston Red Sox,away,0,0,0,0,3,0,0,1,0,0,1,1,0,,,,,,,,,,,,
2026-04-04,115f0df5-7260-587c-ae19-c6c454f90d55,Xander Bogaerts,c2029f6d-a0ef-5980-850b-3d9f8f0ec784,SS,False,True,San Diego Padres,Boston Red Sox,away,0,0,0,0,4,0,0,1,0,0,0,0,0,,,,,,,,,,,,
2026-04-04,115f0df5-7260-587c-ae19-c6c454f90d55,Jake Cronenworth,5c3d6bb2-760f-5036-8bd3-805107557a37,2B,False,True,San Diego Padres,Boston Red Sox,away,0,0,0,0,4,0,0,0,0,0,0,0,0,,,,,,,,,,,,
2026-04-04,115f0df5-7260-587c-ae19-c6c454f90d55,Randy Vásquez,002db510-3cfc-5c2a-b0c2-ed47c0da0a47,P,True,True,San Diego Padres,Boston Red Sox,away,,,,,,,,,,,,,,6,18,3,1,6,0,1,,83,1,0.16666666666666666,4.5
2026-04-04,51eb62a0-daa5-58a4-9a21-383501b97ce1,Evan Carter,f35e83f3-06d6-5c07-b669-1e0cd310d86e,CF,False,True,Texas Rangers,Cincinnati Reds,home,1,0,0,0,4,1,2,1,0,0,0,1,1,,,,,,,,,,,,
2026-04-04,51eb62a0-daa5-58a4-9a21-383501b97ce1,Wyatt Langford,882a170b-e284-5079-9ca4-351da4aad0f2,LF,False,True,Texas Rangers,Cincinnati Reds,home,0,0,0,0,4,0,0,3,0,0,0,0,0,,,,,,,,,,,,
2026-04-04,51eb62a0-daa5-58a4-9a21-383501b97ce1,Kumar Rocker,4cc2e8bf-d823-5436-b2c6-9f0265523236,P,True,True,Texas Rangers,Cincinnati Reds,home,,,,,,,,,,,,,,5,15,3,1,6,0,2,,80,2,0.2,5.4
2026-04-04,51eb62a0-daa5-58a4-9a21-383501b97ce1,Jake Burger,405e9f4a-6c45-52e5-92ca-d856c0888e10,1B,False,True,Texas Rangers,Cincinnati Reds,home,1,0,0,0,4,1,1,0,0,0,0,1,1,,,,,,,,,,,,
2026-04-04,51eb62a0-daa5-58a4-9a21-383501b97ce1,Tyler Alexander,aa46bcb4-ff17-53b7-ae2b-4a1721bcd92b,P,True,False,Texas Rangers,Cincinnati Reds,home,,,,,,,,,,,,,,1,3,1,0,1,0,0,,13,0,0.3333333333333333,9.0
2026-04-04,51eb62a0-daa5-58a4-9a21-383501b97ce1,Joc Pederson,a8accc9b-5d7c-5c48-b5dc-24a6f0b7b652,DH,False,False,Texas Rangers,Cincinnati Reds,home,0,0,0,0,4,0,0,0,0,0,0,0,0,,,,,,,,,,,,
2026-04-04,51eb62a0-daa5-58a4-9a21-383501b97ce1,Jacob Latz,f9230adb-f4e9-5750-b5b4-7e0777a7cf39,P,True,False,Texas Rangers,Cincinnati Reds,home,,,,,,,,,,,,,,1,3,2,0,0,0,0,,15,0,0.6666666666666666,18.0
2026-04-04,51eb62a0-daa5-58a4-9a21-383501b97ce1,Jalen Beeks,1b0188a9-51e8-5aab-98ab-689bb43d883c,P,True,False,Texas Rangers,Cincinnati Reds,home,,,,,,,,,,,,,,1,3,0,0,1,0,0,,16,0,0.0,0.0
2026-04-04,51eb62a0-daa5-58a4-9a21-383501b97ce1,Corey Seager,0a8aa1ff-7f96-5ea3-91c5-f80c15eed600,SS,False,True,Texas Rangers,Cincinnati Reds,home,1,0,0,0,4,1,0,0,0,0,0,1,1,,,,,,,,,,,,
2026-04-04,51eb62a0-daa5-58a4-9a21-383501b97ce1,Josh Jung,c0339e5b-fadd-5807-97d2-084bf40ec3f0,3B,False,True,Texas Rangers,Cincinnati Reds,home,1,0,0,0,4,1,0,1,0,0,0,1,1,,,,,,,,,,,,
2026-04-04,51eb62a0-daa5-58a4-9a21-383501b97ce1,Ezequiel Duran,3e6051c8-4c13-582e-ad57-c600a7c2174b,PR,False,False,Texas Rangers,Cincinnati Reds,home,0,0,0,0,0,0,0,0,0,0,0,0,0,,,,,,,,,,,,
2026-04-04,51eb62a0-daa5-58a4-9a21-383501b97ce1,Brandon Nimmo,8954e7a7-4f31-5f8f-9888-a809b7b43d88,RF,False,True,Texas Rangers,Cincinnati Reds,home,0,0,0,0,4,0,1,1,0,0,0,0,0,,,,,,,,,,,,
2026-04-04,51eb62a0-daa5-58a4-9a21-383501b97ce1,Josh Smith,b7d79367-f94a-515d-b182-46692bc3d8c5,2B,False,True,Texas Rangers,Cincinnati Reds,home,0,0,0,0,4,0,1,0,0,0,0,0,0,,,,,,,,,,,,
2026-04-04,51eb62a0-daa5-58a4-9a21-383501b97ce1,Danny Jansen,40547d59-1eb3-5e24-9ee7-9609f66e218a,C,False,True,Texas Rangers,Cincinnati Reds,home,0,0,0,0,3,0,0,1,0,0,0,0,0,,,,,,,,,,,,
2026-04-04,51eb62a0-daa5-58a4-9a21-383501b97ce1,Carter Baumler,ed63b150-d1bd-5660-9d12-bec1f723e014,P,True,False,Texas Rangers,Cincinnati Reds,home,,,,,,,,,,,,,,1,3,1,0,0,0,0,,12,0,0.3333333333333333,9.0
2026-04-04,51eb62a0-daa5-58a4-9a21-383501b97ce1,Elly De La Cruz,7fd536ef-9553-5c83-9d6b-4584793b4a26,SS,False,True,Cincinnati Reds,Texas Rangers,away,1,0,0,0,4,1,0,1,0,1,1,3,1,,,,,,,,,,,,
2026-04-04,51eb62a0-daa5-58a4-9a21-383501b97ce1,Dane Myers,4afd868e-eb1d-5af8-bff0-99ce9b1bf670,CF,False,False,Cincinnati Reds,Texas Rangers,away,0,0,0,0,2,0,0,0,0,0,0,0,0,,,,,,,,,,,,
2026-04-04,51eb62a0-daa5-58a4-9a21-383501b97ce1,Sal Stewart,87ada644-a3be-5013-bfc9-a696f4bfb4ee,1B,False,True,Cincinnati Reds,Texas Rangers,away,2,0,0,0,4,2,0,1,0,0,1,3,2,,,,,,,,,,,,
2026-04-04,51eb62a0-daa5-58a4-9a21-383501b97ce1,Emilio Pagán,0a6a074b-e2af-563b-b13e-42cc1819afec,P,True,False,Cincinnati Reds,Texas Rangers,away,,,,,,,,,,,,,,1,3,1,2,1,0,0,,23,0,0.3333333333333333,9.0
2026-04-04,51eb62a0-daa5-58a4-9a21-383501b97ce1,Tony Santillan,25ef2f7a-b7fa-5b8e-a059-f3fa3b9d4117,P,True,False,Cincinnati Reds,Texas Rangers,away,,,,,,,,,,,,,,1,3,1,0,0,0,0,,11,0,0.3333333333333333,9.0
2026-04-04,51eb62a0-daa5-58a4-9a21-383501b97ce1,Nathaniel Lowe,4bc7650f-1ad3-5a2c-a3b7-6a07ed97b9f7,DH,False,False,Cincinnati Reds,Texas Rangers,away,1,0,0,0,4,1,0,0,0,0,0,1,1,,,,,,,,,,,,
2026-04-04,51eb62a0-daa5-58a4-9a21-383501b97ce1,Matt McLain,f7624c99-f5cf-56e9-8b5d-cdc4402e8af7,2B,False,True,Cincinnati Reds,Texas Rangers,away,2,0,0,0,4,2,0,1,0,1,0,3,2,,,,,,,,,,,,
2026-04-04,51eb62a0-daa5-58a4-9a21-383501b97ce1,Ke'Bryan Hayes,5ac4617a-322b-54c3-97a6-21a85177db00,3B,False,False,Cincinnati Reds,Texas Rangers,away,0,0,0,0,0,0,0,0,0,0,0,0,0,,,,,,,,,,,,
2026-04-04,51eb62a0-daa5-58a4-9a21-383501b97ce1,Will Benson,3af6fc09-0d15-5805-832b-1e331a51fd8f,RF,False,True,Cincinnati Reds,Texas Rangers,away,0,0,0,0,2,0,0,0,0,0,0,0,0,,,,,,,,,,,,
2026-04-04,51eb62a0-daa5-58a4-9a21-383501b97ce1,TJ Friedl,0a711a2b-282c-5649-94b9-8b048f484f0b,LF,False,True,Cincinnati Reds,Texas Rangers,away,0,0,0,0,5,0,1,1,0,0,0,0,0,,,,,,,,,,,,
2026-04-04,51eb62a0-daa5-58a4-9a21-383501b97ce1,Rhett Lowder,d53429f2-020a-50a4-8418-dadf0e2b81f5,P,True,True,Cincinnati Reds,Texas Rangers,away,,,,,,,,,,,,,,6,18,4,2,3,0,0,,82,0,0.2222222222222222,6.0
2026-04-04,51eb62a0-daa5-58a4-9a21-383501b97ce1,Spencer Steer,2e1a3d24-542e-5cd2-b6ac-11416bb79c96,RF,False,True,Cincinnati Reds,Texas Rangers,away,1,1,0,0,4,2,0,0,0,0,0,2,3,,,,,,,,,,,,
2026-04-04,51eb62a0-daa5-58a4-9a21-383501b97ce1,Jose Trevino,3930dcf9-e9c2-536d-822f-07c8c4203342,C,False,True,Cincinnati Reds,Texas Rangers,away,0,0,0,0,4,0,0,1,0,0,0,0,0,,,,,,,,,,,,
2026-04-04,51eb62a0-daa5-58a4-9a21-383501b97ce1,Graham Ashcraft,ae98a0ca-c804-56c2-9e38-be2f024c449c,P,True,False,Cincinnati Reds,Texas Rangers,away,,,,,,,,,,,,,,1,3,1,1,0,0,0,,18,0,0.3333333333333333,9.0
2026-04-04,51eb62a0-daa5-58a4-9a21-383501b97ce1,Eugenio Suárez,09da9ec7-2b7c-5ea9-b2f8-9cdd0fdb7f8b,3B,False,True,Cincinnati Reds,Texas Rangers,away,0,0,0,0,4,0,0,2,0,0,0,0,0,,,,,,,,,,,,
2026-04-04,324bb2ad-f04a-5057-8ff3-e5664258801e,Paul Blackburn,39dae647-d62d-51b9-8fc8-5bd16a784c0c,P,True,False,New York Yankees,Miami Marlins,home,,,,,,,,,,,,,,1.2,5,2,0,3,0,0,,28,1,0.4,10.799999999999999
2026-04-04,324bb2ad-f04a-5057-8ff3-e5664258801e,José Caballero,3f93b7e1-37f4-53fe-bb17-5a7915995b76,SS,False,True,New York Yankees,Miami Marlins,home,0,0,0,0,4,0,0,3,0,1,0,1,0,,,,,,,,,,,,
2026-04-04,324bb2ad-f04a-5057-8ff3-e5664258801e,Randal Grichuk,e524f871-8bd6-58ff-95f9-a86b2ab2af66,DH,False,False,New York Yankees,Miami Marlins,home,0,0,0,0,0,0,0,0,0,0,0,0,0,,,,,,,,,,,,
2026-04-04,324bb2ad-f04a-5057-8ff3-e5664258801e,Aaron Judge,e0e52a0f-4e54-5f0c-b584-6ec85c33c7f7,RF,False,True,New York Yankees,Miami Marlins,home,2,0,0,0,5,2,1,0,0,2,1,5,2,,,,,,,,,,,,
2026-04-04,324bb2ad-f04a-5057-8ff3-e5664258801e,Ryan McMahon,d0d749e6-fb57-548c-9393-e889a94c8291,3B,False,True,New York Yankees,Miami Marlins,home,0,0,0,0,4,0,1,2,0,1,0,1,0,,,,,,,,,,,,
2026-04-04,324bb2ad-f04a-5057-8ff3-e5664258801e,Ryan Weathers,d0990ebc-f1d4-5265-892d-ecf7ba24e8ff,P,True,True,New York Yankees,Miami Marlins,home,,,,,,,,,,,,,,3.2,11,4,3,6,0,3,,88,3,0.36363636363636365,9.818181818181818
2026-04-04,324bb2ad-f04a-5057-8ff3-e5664258801e,Tim Hill,384dc4b2-51ff-5793-aac7-63641d20da3f,P,True,False,New York Yankees,Miami Marlins,home,,,,,,,,,,,,,,1,3,0,0,0,0,0,,14,0,0.0,0.0
2026-04-04,324bb2ad-f04a-5057-8ff3-e5664258801e,Paul Goldschmidt,f846be2d-cc6b-5f1a-b6f1-d5c84b8ed6a2,PH,False,False,New York Yankees,Miami Marlins,home,0,0,0,0,1,0,1,0,0,1,0,1,0,,,,,,,,,,,,
2026-04-04,324bb2ad-f04a-5057-8ff3-e5664258801e,Austin Wells,2e880dd6-2476-55d3-990b-4d3f66d3f496,C,False,True,New York Yankees,Miami Marlins,home,1,0,0,0,2,1,0,0,0,0,0,1,1,,,,,,,,,,,,
2026-04-04,324bb2ad-f04a-5057-8ff3-e5664258801e,Ben Rice,f7714f04-8c9d-5c9a-b8bb-0f423271af17,1B,False,True,New York Yankees,Miami Marlins,home,0,0,0,0,5,0,2,3,0,1,0,1,0,,,,,,,,,,,,
2026-04-04,324bb2ad-f04a-5057-8ff3-e5664258801e,Brent Headrick,bbf3b86d-c5c5-5f37-a0c5-be6d962c31e1,P,True,False,New York Yankees,Miami Marlins,home,,,,,,,,,,,,,,0.2,2,0,1,0,0,0,,7,0,0.0,0.0
2026-04-04,324bb2ad-f04a-5057-8ff3-e5664258801e,Fernando Cruz,d385d787-f0ae-5bba-bf3f-b2fc35d2781a,P,True,False,New York Yankees,Miami Marlins,home,,,,,,,,,,,,,,0.2,2,1,0,0,0,0,,5,0,0.5,13.5
2026-04-04,324bb2ad-f04a-5057-8ff3-e5664258801e,J.C. Escarra,7aa8e492-d58d-5b4b-887e-3b5ed373a5eb,C,False,False,New York Yankees,Miami Marlins,home,0,0,0,0,1,0,0,0,0,0,0,0,0,,,,,,,,,,,,
2026-04-04,324bb2ad-f04a-5057-8ff3-e5664258801e,Cody Bellinger,04e3eefb-9d41-548f-ba06-60abe4b82454,LF,False,True,New York Yankees,Miami Marlins,home,0,0,0,1,5,1,1,0,0,1,3,5,4,,,,,,,,,,,,
2026-04-04,324bb2ad-f04a-5057-8ff3-e5664258801e,Giancarlo Stanton,3d9084cc-f18f-50e5-944a-c1eaa74fa2a2,DH,False,False,New York Yankees,Miami Marlins,home,1,0,0,0,5,1,2,1,1,1,2,4,1,,,,,,,,,,,,
2026-04-04,324bb2ad-f04a-5057-8ff3-e5664258801e,Jazz Chisholm Jr.,bce3e6ee-1f99-5f80-90fb-c8d538c9d546,2B,False,True,New York Yankees,Miami Marlins,home,0,0,0,0,5,0,0,2,0,0,0,0,0,,,,,,,,,,,,
2026-04-04,324bb2ad-f04a-5057-8ff3-e5664258801e,Camilo Doval,500f93ca-4d1a-5dcb-a2ab-d8efb6dcc204,P,True,False,New York Yankees,Miami Marlins,home,,,,,,,,,,,,,,0.1,1,1,0,3,0,2,,23,2,1.0,27.0
2026-04-04,324bb2ad-f04a-5057-8ff3-e5664258801e,Trent Grisham,6c818210-215a-5a0f-94c1-d805ae6b416f,CF,False,True,New York Yankees,Miami Marlins,home,1,0,0,0,5,1,2,0,0,1,1,3,1,,,,,,,,,,,,
2026-04-04,324bb2ad-f04a-5057-8ff3-e5664258801e,David Bednar,ee6f3fb6-e2c4-5de3-b7ed-9df513957989,P,True,False,New York Yankees,Miami Marlins,home,,,,,,,,,,,,,,1,3,2,1,3,0,1,,33,1,0.6666666666666666,18.0
2026-04-04,324bb2ad-f04a-5057-8ff3-e5664258801e,Griffin Conine,e3341070-8797-525f-ac18-fe883727cad8,RF,False,False,Miami Marlins,New York Yankees,away,0,0,0,0,3,0,0,1,0,0,0,0,0,,,,,,,,,,,,
2026-04-04,324bb2ad-f04a-5057-8ff3-e5664258801e,Heriberto Hernández,4be49799-348b-535b-b44d-1a42d82eb903,LF,False,True,Miami Marlins,New York Yankees,away,0,0,1,0,5,1,0,1,0,0,2,3,3,,,,,,,,,,,,
2026-04-04,324bb2ad-f04a-5057-8ff3-e5664258801e,Jakob Marsee,0af43782-4c0c-52a9-94e2-9d9a6da68ce7,CF,False,True,Miami Marlins,New York Yankees,away,1,0,0,0,5,1,0,2,0,0,0,1,1,,,,,,,,,,,,
2026-04-04,324bb2ad-f04a-5057-8ff3-e5664258801e,Calvin Faucher,c8a18109-5049-5421-abbc-a265039766c8,P,True,False,Miami Marlins,New York Yankees,away,,,,,,,,,,,,,,1,3,2,1,0,0,0,,16,1,0.6666666666666666,18.0
2026-04-04,324bb2ad-f04a-5057-8ff3-e5664258801e,Max Meyer,89e710c5-ecca-5164-8270-8ab9d0d6cc1a,P,True,True,Miami Marlins,New York Yankees,away,,,,,,,,,,,,,,4.2,14,6,3,3,1,2,,89,2,0.42857142857142855,11.571428571428571
2026-04-04,324bb2ad-f04a-5057-8ff3-e5664258801e,John King,1e82ccc2-5545-5f6f-bbf4-4331954cd078,P,True,False,Miami Marlins,New York Yankees,away,,,,,,,,,,,,,,0.2,2,1,0,0,0,0,,10,0,0.5,13.5
2026-04-04,324bb2ad-f04a-5057-8ff3-e5664258801e,Javier Sanoja,acccf65d-36f3-5f61-99bf-e798a2a4f76d,3B,False,True,Miami Marlins,New York Yankees,away,1,1,0,0,5,2,0,1,0,0,2,4,3,,,,,,,,,,,,
2026-04-04,324bb2ad-f04a-5057-8ff3-e5664258801e,Xavier Edwards,c495c968-61ae-5861-89a0-df7170538ff7,2B,False,True,Miami Marlins,New York Yankees,away,2,1,0,0,5,3,1,0,0,2,1,6,4,,,,,,,,,,,,
2026-04-04,324bb2ad-f04a-5057-8ff3-e5664258801e,Michael Petersen,f955d93e-111b-59a6-963b-8112b68d110b,P,True,False,Miami Marlins,New York Yankees,away,,,,,,,,,,,,,,1,3,0,3,1,0,2,,30,3,0.0,0.0
2026-04-04,324bb2ad-f04a-5057-8ff3-e5664258801e,Liam Hicks,0d5739d9-0891-5f5a-b4f5-07b6afa2f305,1B,False,False,Miami Marlins,New York Yankees,away,1,0,0,0,2,1,1,0,0,1,0,2,1,,,,,,,,,,,,
2026-04-04,324bb2ad-f04a-5057-8ff3-e5664258801e,Anthony Bender,4cbf6703-1158-5b61-bc32-4c4a3e028233,P,True,False,Miami Marlins,New York Yankees,away,,,,,,,,,,,,,,0.1,1,1,0,2,0,2,,15,2,1.0,27.0
2026-04-04,324bb2ad-f04a-5057-8ff3-e5664258801e,Owen Caissie,6ae28905-0bc7-52c6-ba9c-af2410655745,DH,False,False,Miami Marlins,New York Yankees,away,0,0,0,0,2,0,0,2,0,0,0,0,0,,,,,,,,,,,,
2026-04-04,324bb2ad-f04a-5057-8ff3-e5664258801e,Agustín Ramírez,c2ec4144-0214-50b3-8140-01ede6f247c1,C,False,True,Miami Marlins,New York Yankees,away,2,0,0,0,5,2,2,0,0,2,1,5,2,,,,,,,,,,,,
2026-04-04,324bb2ad-f04a-5057-8ff3-e5664258801e,Leo Jiménez,d883d559-2f58-547e-a01d-c1cd265c7486,DH,False,False,Miami Marlins,New York Yankees,away,2,0,0,0,3,2,0,0,0,0,0,2,2,,,,,,,,,,,,
2026-04-04,324bb2ad-f04a-5057-8ff3-e5664258801e,Connor Norby,5ca1b2d6-2131-5835-989f-db6fc411a6b8,1B,False,True,Miami Marlins,New York Yankees,away,1,0,0,0,3,1,0,0,0,0,0,1,1,,,,,,,,,,,,
2026-04-04,324bb2ad-f04a-5057-8ff3-e5664258801e,Andrew Nardi,2478f896-56e6-548d-ae94-b92ae1afd232,P,True,False,Miami Marlins,New York Yankees,away,,,,,,,,,,,,,,0.1,1,1,3,0,0,1,,21,1,1.0,27.0
2026-04-04,324bb2ad-f04a-5057-8ff3-e5664258801e,Austin Slater,c3be49f3-e4ef-52f8-b306-784ed1be703e,RF,False,True,Miami Marlins,New York Yankees,away,0,0,0,0,3,0,1,1,0,0,0,0,0,,,,,,,,,,,,
2026-04-04,324bb2ad-f04a-5057-8ff3-e5664258801e,Otto Lopez,5fd2366a-e489-58b4-8ad3-0c6eaaff57c9,SS,False,True,Miami Marlins,New York Yankees,away,2,0,0,0,5,2,0,2,0,2,0,4,2,,,,,,,,,,,,
2026-04-04,0f4142de-ad28-580d-9cf3-9c24f7f0942b,Carter Jensen,add60a5c-95dc-503b-a5b7-79f454562e86,C,False,True,Kansas City Royals,Milwaukee Brewers,home,1,1,0,0,4,2,1,0,0,1,2,5,3,,,,,,,,,,,,
2026-04-04,0f4142de-ad28-580d-9cf3-9c24f7f0942b,Eli Morgan,d07116dd-de99-5c83-baa1-d1c6d9a9b6cf,P,True,False,Kansas City Royals,Milwaukee Brewers,home,,,,,,,,,,,,,,3,9,5,1,1,0,0,,42,0,0.5555555555555556,15.0
2026-04-04,0f4142de-ad28-580d-9cf3-9c24f7f0942b,Jonathan India,20949af5-dd03-55d6-a8f3-4a565f24fa02,2B,False,True,Kansas City Royals,Milwaukee Brewers,home,2,0,0,0,4,2,0,1,0,2,0,4,2,,,,,,,,,,,,
2026-04-04,0f4142de-ad28-580d-9cf3-9c24f7f0942b,Isaac Collins,c926f529-9700-5e4c-b204-5e60f55503df,LF,False,True,Kansas City Royals,Milwaukee Brewers,home,1,0,0,0,4,1,1,1,0,1,1,3,1,,,,,,,,,,,,
2026-04-04,0f4142de-ad28-580d-9cf3-9c24f7f0942b,Salvador Perez,fd9f5eef-c0a3-5e7e-9097-e558c01c50b1,DH,False,False,Kansas City Royals,Milwaukee Brewers,home,0,0,0,1,4,1,2,0,0,2,1,4,4,,,,,,,,,,,,
2026-04-04,0f4142de-ad28-580d-9cf3-9c24f7f0942b,Nick Mears,70f533f5-9733-5aeb-b8b8-28907be04653,P,True,False,Kansas City Royals,Milwaukee Brewers,home,,,,,,,,,,,,,,1,3,0,0,0,0,0,,14,0,0.0,0.0
2026-04-04,0f4142de-ad28-580d-9cf3-9c24f7f0942b,Vinnie Pasquantino,160d1ebf-e65f-5f8e-a25b-00b8001bc198,1B,False,True,Kansas City Royals,Milwaukee Brewers,home,0,0,0,0,5,0,1,1,0,0,0,0,0,,,,,,,,,,,,
2026-04-04,0f4142de-ad28-580d-9cf3-9c24f7f0942b,Kyle Isbel,cf2183c9-e138-5f3a-8d67-6dedd3b07bfb,CF,False,True,Kansas City Royals,Milwaukee Brewers,home,1,0,0,0,4,1,0,2,0,1,1,3,1,,,,,,,,,,,,
2026-04-04,0f4142de-ad28-580d-9cf3-9c24f7f0942b,Maikel Garcia,31857688-327f-5f07-8b02-bc706fd384b8,3B,False,True,Kansas City Royals,Milwaukee Brewers,home,2,1,0,0,5,3,0,0,0,1,1,5,4,,,,,,,,,,,,
2026-04-04,0f4142de-ad28-580d-9cf3-9c24f7f0942b,Seth Lugo,8f019519-10ce-5ed5-b3d3-19a984eaf721,P,True,True,Kansas City Royals,Milwaukee Brewers,home,,,,,,,,,,,,,,5,15,7,2,4,0,2,,103,2,0.4666666666666667,12.6
2026-04-04,0f4142de-ad28-580d-9cf3-9c24f7f0942b,Jac Caglianone,ec14685d-e1f1-5cf3-8532-ae72ed66c00b,RF,False,True,Kansas City Royals,Milwaukee Brewers,home,0,0,0,0,4,0,1,1,0,0,0,0,0,,,,,,,,,,,,
2026-04-04,0f4142de-ad28-580d-9cf3-9c24f7f0942b,Bobby Witt Jr.,355275f4-ce4a-5c49-a0e4-cadfa2e8a083,SS,False,True,Kansas City Royals,Milwaukee Brewers,home,0,0,0,0,5,0,1,3,0,0,0,0,0,,,,,,,,,,,,
2026-04-04,0f4142de-ad28-580d-9cf3-9c24f7f0942b,Logan Henderson,736e45d7-3a0e-55cc-aa06-58ac5068884a,P,True,True,Milwaukee Brewers,Kansas City Royals,away,,,,,,,,,,,,,,2,6,3,1,3,0,2,,35,2,0.5,13.5
2026-04-04,0f4142de-ad28-580d-9cf3-9c24f7f0942b,Joey Ortiz,ebc5a190-639c-5d2c-916f-f393fd5d2c1e,SS,False,True,Milwaukee Brewers,Kansas City Royals,away,1,0,0,0,4,1,0,2,1,0,0,1,1,,,,,,,,,,,,
2026-04-04,0f4142de-ad28-580d-9cf3-9c24f7f0942b,Christian Yelich,cdd2ad99-f99b-5497-9f00-d1e35f210d18,DH,False,False,Milwaukee Brewers,Kansas City Royals,away,0,0,0,0,3,0,0,0,0,0,0,0,0,,,,,,,,,,,,
2026-04-04,0f4142de-ad28-580d-9cf3-9c24f7f0942b,Jake Bauers,1edd13e9-ec6a-5f79-8552-5d5fc7103f60,1B,False,True,Milwaukee Brewers,Kansas City Royals,away,0,0,0,0,4,0,0,1,0,0,0,0,0,,,,,,,,,,,,
2026-04-04,0f4142de-ad28-580d-9cf3-9c24f7f0942b,Sal Frelick,fbeddaa0-1580-5140-bb70-6bb9ea57a062,RF,False,True,Milwaukee Brewers,Kansas City Royals,away,1,0,0,0,2,1,0,1,0,0,0,1,1,,,,,,,,,,,,
2026-04-04,0f4142de-ad28-580d-9cf3-9c24f7f0942b,Brandon Lockridge,508f1db4-170c-5cee-ad21-ceb0fed85917,LF,False,False,Milwaukee Brewers,Kansas City Royals,away,0,0,0,0,2,0,0,0,1,0,0,0,0,,,,,,,,,,,,
2026-04-04,0f4142de-ad28-580d-9cf3-9c24f7f0942b,Garrett Mitchell,b17ada3b-673f-55c3-b967-d8543791af21,CF,False,True,Milwaukee Brewers,Kansas City Royals,away,0,1,0,0,4,1,0,1,0,0,1,2,2,,,,,,,,,,,,
2026-04-04,0f4142de-ad28-580d-9cf3-9c24f7f0942b,David Hamilton,02280a6a-1789-5079-b10f-1509ff8850e3,3B,False,True,Milwaukee Brewers,Kansas City Royals,away,1,0,0,0,4,1,1,1,0,1,0,2,1,,,,,,,,,,,,
2026-04-04,0f4142de-ad28-580d-9cf3-9c24f7f0942b,Brandon Sproat,d06330f3-a0a2-5408-ab1d-8002569b81e8,P,True,False,Milwaukee Brewers,Kansas City Royals,away,,,,,,,,,,,,,,3.2,11,4,3,4,1,4,,70,4,0.36363636363636365,9.818181818181818
2026-04-04,0f4142de-ad28-580d-9cf3-9c24f7f0942b,Blake Perkins,02511963-abbe-57ce-8d51-ad04cd9689b7,RF,False,True,Milwaukee Brewers,Kansas City Royals,away,0,0,0,0,4,0,1,2,0,0,0,0,0,,,,,,,,,,,,
2026-04-04,0f4142de-ad28-580d-9cf3-9c24f7f0942b,Brice Turang,8b7764c4-ff5a-5daf-9dc5-044259e0b377,2B,False,True,Milwaukee Brewers,Kansas City Royals,away,0,0,1,0,4,1,0,2,0,1,1,3,3,,,,,,,,,,,,
2026-04-04,0f4142de-ad28-580d-9cf3-9c24f7f0942b,Luis Matos,5717781c-97da-5aa4-b440-8eb685c2eade,DH,False,False,Milwaukee Brewers,Kansas City Royals,away,0,0,0,0,1,0,1,0,0,0,0,0,0,,,,,,,,,,,,
2026-04-04,0f4142de-ad28-580d-9cf3-9c24f7f0942b,Gary Sánchez,9122c697-55df-5827-bf89-d1705013c3f7,C,False,True,Milwaukee Brewers,Kansas City Royals,away,0,0,0,0,4,0,0,2,0,0,0,0,0,,,,,,,,,,,,
2026-04-04,0f4142de-ad28-580d-9cf3-9c24f7f0942b,DL Hall,04d83ed6-df90-5751-a202-d96d250bd2bb,P,True,False,Milwaukee Brewers,Kansas City Royals,away,,,,,,,,,,,,,,2,6,2,1,1,0,0,,38,0,0.3333333333333333,9.0
2026-04-04,0f4142de-ad28-580d-9cf3-9c24f7f0942b,Jared Koenig,b72ca3b0-6870-516f-9a1b-42a4f3f74b91,P,True,False,Milwaukee Brewers,Kansas City Royals,away,,,,,,,,,,,,,,0.1,1,0,2,2,0,0,,17,2,0.0,0.0
2026-04-04,af31e3b0-8ba3-5f3c-9154-b51775bb6bdc,Cody Laweryson,ec1d4fee-7d68-51b2-bd07-9ef41b95553a,P,True,False,Minnesota Twins,Tampa Bay Rays,home,,,,,,,,,,,,,,1,3,1,0,0,0,0,,9,0,0.3333333333333333,9.0
2026-04-04,af31e3b0-8ba3-5f3c-9154-b51775bb6bdc,Victor Caratini,118b5526-726c-567a-b410-9c4d39d4dfe8,C,False,True,Minnesota Twins,Tampa Bay Rays,home,0,0,0,0,4,0,0,1,0,0,0,0,0,,,,,,,,,,,,
2026-04-04,af31e3b0-8ba3-5f3c-9154-b51775bb6bdc,Brooks Lee,9e5151e5-7ca3-54b5-906a-035ac2bd117b,SS,False,True,Minnesota Twins,Tampa Bay Rays,home,1,0,0,0,3,1,0,1,0,0,1,2,1,,,,,,,,,,,,
2026-04-04,af31e3b0-8ba3-5f3c-9154-b51775bb6bdc,Austin Martin,2b621d0f-36d2-5e85-800f-c9ea62645109,LF,False,True,Minnesota Twins,Tampa Bay Rays,home,0,0,0,0,4,0,1,0,0,0,0,0,0,,,,,,,,,,,,
2026-04-04,af31e3b0-8ba3-5f3c-9154-b51775bb6bdc,Anthony Banda,ca44db94-5d9e-525f-a405-9de2e4448bbf,P,True,False,Minnesota Twins,Tampa Bay Rays,home,,,,,,,,,,,,,,1,3,1,0,0,0,0,,15,0,0.3333333333333333,9.0
2026-04-04,af31e3b0-8ba3-5f3c-9154-b51775bb6bdc,Josh Bell,9c4f9447-e182-53d1-9468-d5eed9b0e0f7,1B,False,True,Minnesota Twins,Tampa Bay Rays,home,0,0,0,0,4,0,1,2,0,0,0,0,0,,,,,,,,,,,,
2026-04-04,af31e3b0-8ba3-5f3c-9154-b51775bb6bdc,Ryan Jeffers,9fa0a7d3-5db7-5110-b162-2933bae5edac,DH,False,False,Minnesota Twins,Tampa Bay Rays,home,0,0,0,0,4,0,1,1,0,0,0,0,0,,,,,,,,,,,,
2026-04-04,af31e3b0-8ba3-5f3c-9154-b51775bb6bdc,James Outman,ecd5e641-3869-57f2-af87-7b030fcc7f7b,CF,False,True,Minnesota Twins,Tampa Bay Rays,home,0,0,0,0,3,0,0,2,0,0,0,0,0,,,,,,,,,,,,
2026-04-04,af31e3b0-8ba3-5f3c-9154-b51775bb6bdc,Taylor Rogers,c74a9c59-bc65-5c6a-9529-7f69ff407ca5,P,True,False,Minnesota Twins,Tampa Bay Rays,home,,,,,,,,,,,,,,1,3,0,0,3,0,2,,23,2,0.0,0.0
2026-04-04,af31e3b0-8ba3-5f3c-9154-b51775bb6bdc,Zak Kent,4b451b2b-277a-5bcf-889b-2adac9928fac,P,True,False,Minnesota Twins,Tampa Bay Rays,home,,,,,,,,,,,,,,2,6,0,2,1,0,1,,34,1,0.0,0.0
2026-04-04,af31e3b0-8ba3-5f3c-9154-b51775bb6bdc,Royce Lewis,ed8d10fa-59d5-527e-9c7f-0eb7ba2f1a36,3B,False,True,Minnesota Twins,Tampa Bay Rays,home,0,0,0,0,4,0,1,1,0,0,0,0,0,,,,,,,,,,,,
2026-04-04,af31e3b0-8ba3-5f3c-9154-b51775bb6bdc,Mick Abel,a7e45277-cdd8-5980-92b3-d792227c7fb2,P,True,True,Minnesota Twins,Tampa Bay Rays,home,,,,,,,,,,,,,,4,12,3,3,6,0,4,,84,4,0.25,6.75
2026-04-04,af31e3b0-8ba3-5f3c-9154-b51775bb6bdc,Matt Wallner,d29b50b9-0e28-5d0d-b368-6cecc0a7d512,RF,False,True,Minnesota Twins,Tampa Bay Rays,home,1,0,0,0,4,1,0,2,0,1,0,2,1,,,,,,,,,,,,
2026-04-04,af31e3b0-8ba3-5f3c-9154-b51775bb6bdc,Luke Keaschall,cd5f4708-4e8f-5a0f-8347-a323178f906f,2B,False,True,Minnesota Twins,Tampa Bay Rays,home,1,0,0,0,4,1,0,2,0,0,0,1,1,,,,,,,,,,,,
2026-04-04,af31e3b0-8ba3-5f3c-9154-b51775bb6bdc,Steven Matz,4b7a83d5-2a78-5235-854e-a128e15104b2,P,True,True,Tampa Bay Rays,Minnesota Twins,away,,,,,,,,,,,,,,6,18,8,2,2,0,1,,97,1,0.4444444444444444,12.0
2026-04-04,af31e3b0-8ba3-5f3c-9154-b51775bb6bdc,Richie Palacios,f73a8757-1504-5ae4-bcf4-884ea15f5174,2B,False,True,Tampa Bay Rays,Minnesota Twins,away,1,0,0,0,4,1,1,0,1,2,0,3,1,,,,,,,,,,,,
2026-04-04,af31e3b0-8ba3-5f3c-9154-b51775bb6bdc,Mason Englert,abda30b9-8724-5c5e-b0a1-6c692b888bd8,P,True,False,Tampa Bay Rays,Minnesota Twins,away,,,,,,,,,,,,,,1,3,1,0,0,0,0,,14,0,0.3333333333333333,9.0
2026-04-04,af31e3b0-8ba3-5f3c-9154-b51775bb6bdc,Jake Fraley,9f4bcb6d-0f3d-580f-985b-cc730b0a26e5,RF,False,True,Tampa Bay Rays,Minnesota Twins,away,0,0,0,0,5,0,3,0,0,0,0,0,0,,,,,,,,,,,,
2026-04-04,af31e3b0-8ba3-5f3c-9154-b51775bb6bdc,Chandler Simpson,e8a47c28-d0c4-55d9-8402-e290b94ba76d,LF,False,True,Tampa Bay Rays,Minnesota Twins,away,2,0,0,0,5,2,0,0,0,1,0,3,2,,,,,,,,,,,,
2026-04-04,af31e3b0-8ba3-5f3c-9154-b51775bb6bdc,Cole Sulser,a53c99ec-52df-5446-94e1-6fc1b13f4fef,P,True,False,Tampa Bay Rays,Minnesota Twins,away,,,,,,,,,,,,,,2,6,3,2,1,0,0,,35,0,0.5,13.5
2026-04-04,af31e3b0-8ba3-5f3c-9154-b51775bb6bdc,Hunter Feduccia,d884053e-cef3-576f-bd4e-54920955e8fe,C,False,True,Tampa Bay Rays,Minnesota Twins,away,1,0,0,0,4,1,0,1,0,0,1,2,1,,,,,,,,,,,,
2026-04-04,af31e3b0-8ba3-5f3c-9154-b51775bb6bdc,Jonathan Aranda,f3e0ad1f-94c2-5388-8f31-9baa1e72f471,1B,False,True,Tampa Bay Rays,Minnesota Twins,away,0,1,0,0,5,1,0,3,0,0,2,3,2,,,,,,,,,,,,
2026-04-04,af31e3b0-8ba3-5f3c-9154-b51775bb6bdc,Yandy Díaz,382a432b-7569-5972-a70e-6270ec94a244,DH,False,False,Tampa Bay Rays,Minnesota Twins,away,0,0,1,0,5,1,0,0,0,0,2,3,3,,,,,,,,,,,,
2026-04-04,af31e3b0-8ba3-5f3c-9154-b51775bb6bdc,Ben Williamson,ac1660ef-9f73-5523-b351-97539670590b,SS,False,True,Tampa Bay Rays,Minnesota Twins,away,1,0,0,0,5,1,1,0,1,2,1,4,1,,,,,,,,,,,,
2026-04-04,af31e3b0-8ba3-5f3c-9154-b51775bb6bdc,Junior Caminero,00646ce3-90a0-5f44-9b75-d7f277143ba5,3B,False,True,Tampa Bay Rays,Minnesota Twins,away,1,0,0,0,5,1,0,0,0,0,0,1,1,,,,,,,,,,,,
2026-04-04,af31e3b0-8ba3-5f3c-9154-b51775bb6bdc,Cedric Mullins,88cf2c8c-311c-568d-90a3-428db492786f,CF,False,True,Tampa Bay Rays,Minnesota Twins,away,2,0,0,0,5,2,0,1,2,2,0,4,2,,,,,,,,,,,,
2026-04-04,b5212587-29d7-549c-b393-7da20e52e47f,Juan Morillo,cd151ec4-bdc0-50ea-bac1-6dee6b1199a9,P,True,False,Arizona Diamondbacks,Atlanta Braves,home,,,,,,,,,,,,,,1,3,1,0,0,0,0,,14,0,0.3333333333333333,9.0
2026-04-04,b5212587-29d7-549c-b393-7da20e52e47f,Adrian Del Castillo,f14a5267-dcfe-5df7-938c-0f94dda1ddef,DH,False,False,Arizona Diamondbacks,Atlanta Braves,home,0,0,0,0,3,0,0,2,0,0,0,0,0,,,,,,,,,,,,
2026-04-04,b5212587-29d7-549c-b393-7da20e52e47f,Nolan Arenado,aa4157df-7915-5251-83c1-0c1f931c43f0,3B,False,True,Arizona Diamondbacks,Atlanta Braves,home,1,0,0,0,3,1,0,0,0,1,0,2,1,,,,,,,,,,,,
2026-04-04,b5212587-29d7-549c-b393-7da20e52e47f,Ketel Marte,c81e5c80-cc33-537b-b75e-e43d4baeefd8,2B,False,True,Arizona Diamondbacks,Atlanta Braves,home,0,0,0,0,3,0,0,2,0,0,0,0,0,,,,,,,,,,,,
2026-04-04,b5212587-29d7-549c-b393-7da20e52e47f,Jonathan Loáisiga,9f25160c-63b2-530c-b4be-73537c9b4a28,P,True,False,Arizona Diamondbacks,Atlanta Braves,home,,,,,,,,,,,,,,1,3,0,0,0,0,0,,10,0,0.0,0.0
2026-04-04,b5212587-29d7-549c-b393-7da20e52e47f,Geraldo Perdomo,f16aabac-5df9-5d25-854f-705f0f9b265a,SS,False,True,Arizona Diamondbacks,Atlanta Braves,home,0,0,0,0,3,0,0,0,0,0,0,0,0,,,,,,,,,,,,
2026-04-04,b5212587-29d7-549c-b393-7da20e52e47f,Jose Fernandez,24ee4058-1b78-50fa-92c9-0ebeb3bfad17,1B,False,True,Arizona Diamondbacks,Atlanta Braves,home,1,0,0,0,3,1,0,2,0,0,0,1,1,,,,,,,,,,,,
2026-04-04,b5212587-29d7-549c-b393-7da20e52e47f,Paul Sewald,7dc315ea-efc2-5c83-be43-b52bb30e7944,P,True,False,Arizona Diamondbacks,Atlanta Braves,home,,,,,,,,,,,,,,1,3,2,0,0,0,0,,21,0,0.6666666666666666,18.0
2026-04-04,b5212587-29d7-549c-b393-7da20e52e47f,Michael Soroka,1183e0dc-dfdd-513b-8002-f62c1fd40c5e,P,True,True,Arizona Diamondbacks,Atlanta Braves,home,,,,,,,,,,,,,,5,15,3,3,4,0,1,,91,1,0.2,5.4
2026-04-04,b5212587-29d7-549c-b393-7da20e52e47f,Gabriel Moreno,18e63c5c-4632-5dbc-9084-71bfa57a99c7,C,False,True,Arizona Diamondbacks,Atlanta Braves,home,2,0,0,0,3,2,0,0,0,1,0,3,2,,,,,,,,,,,,
2026-04-04,b5212587-29d7-549c-b393-7da20e52e47f,Corbin Carroll,3b6210c9-3db8-5b34-9af5-e972d0b61b99,RF,False,True,Arizona Diamondbacks,Atlanta Braves,home,0,0,0,0,3,0,1,1,0,0,0,0,0,,,,,,,,,,,,
2026-04-04,b5212587-29d7-549c-b393-7da20e52e47f,Taylor Clarke,ee4ac798-96a7-5034-946b-19e82de3d346,P,True,False,Arizona Diamondbacks,Atlanta Braves,home,,,,,,,,,,,,,,1,3,1,0,0,0,0,,12,0,0.3333333333333333,9.0
2026-04-04,b5212587-29d7-549c-b393-7da20e52e47f,Jorge Barrosa,a7bb2eb0-3405-55cc-a5f2-d51828ea32dd,LF,False,True,Arizona Diamondbacks,Atlanta Braves,home,0,0,0,0,3,0,0,1,0,0,0,0,0,,,,,,,,,,,,
2026-04-04,b5212587-29d7-549c-b393-7da20e52e47f,Alek Thomas,877bcfe1-8864-5209-ac98-f3513aa34d93,CF,False,True,Arizona Diamondbacks,Atlanta Braves,home,0,0,0,0,3,0,0,1,0,0,0,0,0,,,,,,,,,,,,
2026-04-04,b5212587-29d7-549c-b393-7da20e52e47f,Michael Harris II,cff14015-b6ae-555e-a442-60e9ddb08b61,CF,False,True,Atlanta Braves,Arizona Diamondbacks,away,1,0,0,0,4,1,0,1,0,0,0,1,1,,,,,,,,,,,,
2026-04-04,b5212587-29d7-549c-b393-7da20e52e47f,Mauricio Dubón,47d09ee0-3ea8-5df2-b34c-c6fd76faa3fb,SS,False,True,Atlanta Braves,Arizona Diamondbacks,away,1,0,0,0,3,1,0,0,0,0,0,1,1,,,,,,,,,,,,
2026-04-04,b5212587-29d7-549c-b393-7da20e52e47f,Drake Baldwin,1e5f1f08-e9ec-57db-b15f-c1ec8d14d85e,C,False,True,Atlanta Braves,Arizona Diamondbacks,away,0,0,0,0,4,0,0,0,0,0,0,0,0,,,,,,,,,,,,
2026-04-04,b5212587-29d7-549c-b393-7da20e52e47f,Matt Olson,fa607d2a-7f47-5352-8330-cb074e809054,1B,False,True,Atlanta Braves,Arizona Diamondbacks,away,0,1,0,0,4,1,1,1,0,0,0,1,2,,,,,,,,,,,,
2026-04-04,b5212587-29d7-549c-b393-7da20e52e47f,Dominic Smith,a71b9e93-42ca-5a21-9c07-6aa70b6b9bae,DH,False,False,Atlanta Braves,Arizona Diamondbacks,away,1,0,0,0,3,1,0,0,0,0,1,2,1,,,,,,,,,,,,
2026-04-04,b5212587-29d7-549c-b393-7da20e52e47f,Ronald Acuña Jr.,bf408b79-82a4-5a4a-bb2f-6bdbef2af3cc,RF,False,True,Atlanta Braves,Arizona Diamondbacks,away,0,0,0,0,4,0,1,0,0,0,0,0,0,,,,,,,,,,,,
2026-04-04,b5212587-29d7-549c-b393-7da20e52e47f,Tyler Kinley,42de22d0-6456-596f-848b-5cf21ea6f7cc,P,True,False,Atlanta Braves,Arizona Diamondbacks,away,,,,,,,,,,,,,,1,3,1,0,0,0,0,,7,0,0.3333333333333333,9.0
2026-04-04,b5212587-29d7-549c-b393-7da20e52e47f,Ozzie Albies,360c17ce-8588-52bd-b86a-6621a43f1bac,2B,False,True,Atlanta Braves,Arizona Diamondbacks,away,0,0,0,0,4,0,0,1,0,0,0,0,0,,,,,,,,,,,,
2026-04-04,b5212587-29d7-549c-b393-7da20e52e47f,Austin Riley,3ae0fd65-efd0-5a3b-872b-7150b0c699aa,3B,False,True,Atlanta Braves,Arizona Diamondbacks,away,0,0,0,0,4,0,0,2,0,0,0,0,0,,,,,,,,,,,,
2026-04-04,b5212587-29d7-549c-b393-7da20e52e47f,Mike Yastrzemski,1a244f8f-82ee-555a-b1af-aa44b0f2ff31,LF,False,True,Atlanta Braves,Arizona Diamondbacks,away,0,0,0,0,4,0,1,2,0,1,0,1,0,,,,,,,,,,,,
2026-04-04,b5212587-29d7-549c-b393-7da20e52e47f,Bryce Elder,7e2a3aa0-9770-5681-8913-e01ab254ef8e,P,True,True,Atlanta Braves,Arizona Diamondbacks,away,,,,,,,,,,,,,,7,21,8,1,4,0,0,,89,2,0.38095238095238093,10.285714285714286
2026-04-05,fb9b8291-436d-59e2-9142-fe72c096a4a5,Shawn Armstrong,5f0c6f60-ac3b-5ec3-b62e-f70dbe817109,P,True,False,Cleveland Guardians,Chicago Cubs,home,,,,,,,,,,,,,,1.1,4,2,1,1,1,1,,29,1,0.5,13.5
2026-04-05,fb9b8291-436d-59e2-9142-fe72c096a4a5,Chase DeLauter,6df4c8fa-ba98-5c7a-ad19-cf86a2049392,DH,False,False,Cleveland Guardians,Chicago Cubs,home,1,0,0,0,4,1,0,1,0,1,1,3,1,,,,,,,,,,,,
2026-04-05,fb9b8291-436d-59e2-9142-fe72c096a4a5,Austin Hedges,c7c1d348-de1b-5e14-a0fb-84e7470489fa,C,False,True,Cleveland Guardians,Chicago Cubs,home,1,1,0,0,4,2,0,0,0,0,1,3,3,,,,,,,,,,,,
2026-04-05,fb9b8291-436d-59e2-9142-fe72c096a4a5,Brayan Rocchio,19d4d33d-50bf-55d7-9885-40f4738e6983,2B,False,True,Cleveland Guardians,Chicago Cubs,home,0,0,0,0,4,0,0,1,0,0,0,0,0,,,,,,,,,,,,
2026-04-05,fb9b8291-436d-59e2-9142-fe72c096a4a5,Gabriel Arias,da74b797-d096-5ec7-bb84-6b0e693536f3,SS,False,True,Cleveland Guardians,Chicago Cubs,home,2,0,0,0,4,2,0,0,0,0,2,4,2,,,,,,,,,,,,
2026-04-05,fb9b8291-436d-59e2-9142-fe72c096a4a5,Matt Festa,2150658a-9ae0-5b5d-941b-54a1af3be65c,P,True,False,Cleveland Guardians,Chicago Cubs,home,,,,,,,,,,,,,,1,3,1,0,2,1,2,,13,2,0.3333333333333333,9.0
2026-04-05,fb9b8291-436d-59e2-9142-fe72c096a4a5,David Fry,d0cdb034-814f-5d43-a16a-052464de2541,RF,False,True,Cleveland Guardians,Chicago Cubs,home,1,0,0,0,2,1,1,0,0,0,0,1,1,,,,,,,,,,,,
2026-04-05,fb9b8291-436d-59e2-9142-fe72c096a4a5,Cade Smith,431e2150-8e44-5087-a282-49c837584e2b,P,True,False,Cleveland Guardians,Chicago Cubs,home,,,,,,,,,,,,,,1,3,2,2,1,0,1,,33,1,0.6666666666666666,18.0
2026-04-05,fb9b8291-436d-59e2-9142-fe72c096a4a5,José Ramírez,edd283fa-acd6-56e6-a171-35d869385530,3B,False,True,Cleveland Guardians,Chicago Cubs,home,0,0,0,0,4,0,0,0,0,0,0,0,0,,,,,,,,,,,,
2026-04-05,fb9b8291-436d-59e2-9142-fe72c096a4a5,Steven Kwan,64af661f-a572-5a07-8797-70964b4dbcb2,CF,False,True,Cleveland Guardians,Chicago Cubs,home,0,1,0,0,5,1,0,1,0,1,0,2,2,,,,,,,,,,,,
2026-04-05,fb9b8291-436d-59e2-9142-fe72c096a4a5,Angel Martínez,a1a79e19-4dd8-5d43-8cf7-324e82cc4a92,LF,False,True,Cleveland Guardians,Chicago Cubs,home,0,0,0,0,4,0,1,0,0,1,0,1,0,,,,,,,,,,,,
2026-04-05,fb9b8291-436d-59e2-9142-fe72c096a4a5,Parker Messick,e97867b2-652a-56a0-a386-d1a33346aac7,P,True,True,Cleveland Guardians,Chicago Cubs,home,,,,,,,,,,,,,,5,15,6,3,2,1,1,,91,1,0.4,10.8
2026-04-05,fb9b8291-436d-59e2-9142-fe72c096a4a5,Erik Sabrowski,f440cc49-e1e7-5622-8971-bc07b4313d0d,P,True,False,Cleveland Guardians,Chicago Cubs,home,,,,,,,,,,,,,,0.2,2,1,0,1,0,0,,14,0,0.5,13.5
2026-04-05,fb9b8291-436d-59e2-9142-fe72c096a4a5,Rhys Hoskins,1c22ec74-00f6-5b13-b698-eeaaf10c7523,1B,False,True,Cleveland Guardians,Chicago Cubs,home,0,0,0,0,4,0,2,1,0,1,0,1,0,,,,,,,,,,,,
2026-04-05,fb9b8291-436d-59e2-9142-fe72c096a4a5,CJ Kayfus,82e69c91-8664-5911-94b2-f61af3a0f314,RF,False,False,Cleveland Guardians,Chicago Cubs,home,1,0,0,1,2,2,0,0,0,2,2,6,5,,,,,,,,,,,,
2026-04-05,fb9b8291-436d-59e2-9142-fe72c096a4a5,Dylan Carlson,78357ca8-b429-5741-b25a-e8d3e10f4922,LF,False,True,Chicago Cubs,Cleveland Guardians,away,0,0,0,0,3,0,0,2,0,0,0,0,0,,,,,,,,,,,,
2026-04-05,fb9b8291-436d-59e2-9142-fe72c096a4a5,Ian Happ,b809f60b-8331-5fd0-ab24-ee3b8538eabe,DH,False,False,Chicago Cubs,Cleveland Guardians,away,1,0,0,1,5,2,0,2,0,1,2,5,5,,,,,,,,,,,,
2026-04-05,fb9b8291-436d-59e2-9142-fe72c096a4a5,Ethan Roberts,0d35c159-4a8f-54c9-a724-aeee71dd199d,P,True,False,Chicago Cubs,Cleveland Guardians,away,,,,,,,,,,,,,,0.2,2,0,0,1,0,0,,13,0,0.0,0.0
2026-04-05,fb9b8291-436d-59e2-9142-fe72c096a4a5,Scott Kingery,86196061-d601-5b5c-bdaa-4e299065a0c4,PR,False,False,Chicago Cubs,Cleveland Guardians,away,0,0,0,0,0,0,0,0,0,0,0,0,0,,,,,,,,,,,,
2026-04-05,fb9b8291-436d-59e2-9142-fe72c096a4a5,Shota Imanaga,beadcbbe-e54b-5beb-a36a-505719e94c82,P,True,True,Chicago Cubs,Cleveland Guardians,away,,,,,,,,,,,,,,5,15,4,1,3,0,1,,92,1,0.26666666666666666,7.2
2026-04-05,fb9b8291-436d-59e2-9142-fe72c096a4a5,Alex Bregman,57215789-8702-5d78-8c77-21a23c10f033,3B,False,True,Chicago Cubs,Cleveland Guardians,away,0,0,0,0,5,0,1,1,0,0,0,0,0,,,,,,,,,,,,
2026-04-05,fb9b8291-436d-59e2-9142-fe72c096a4a5,Michael Busch,6b4e85c9-9b0c-5203-9474-01388c3cb9e8,1B,False,True,Chicago Cubs,Cleveland Guardians,away,0,0,0,0,4,0,1,1,0,0,0,0,0,,,,,,,,,,,,
2026-04-05,fb9b8291-436d-59e2-9142-fe72c096a4a5,Carson Kelly,43b2a60b-2ced-5c09-beab-347f4863ab11,C,False,True,Chicago Cubs,Cleveland Guardians,away,1,0,0,0,5,1,1,2,0,1,0,2,1,,,,,,,,,,,,
2026-04-05,fb9b8291-436d-59e2-9142-fe72c096a4a5,Pete Crow-Armstrong,6e75f4ef-3025-5851-bb55-3a587c5f54a5,CF,False,True,Chicago Cubs,Cleveland Guardians,away,1,0,0,0,4,1,0,0,0,0,0,1,1,,,,,,,,,,,,
2026-04-05,fb9b8291-436d-59e2-9142-fe72c096a4a5,Jacob Webb,ca8696cb-c1cb-5236-87ba-e060231053af,P,True,False,Chicago Cubs,Cleveland Guardians,away,,,,,,,,,,,,,,0.1,1,0,1,3,1,3,,20,3,0.0,0.0
2026-04-05,fb9b8291-436d-59e2-9142-fe72c096a4a5,Moisés Ballesteros,c41e0ec5-9f1c-57a3-96c5-193ca0c2275e,PH,False,False,Chicago Cubs,Cleveland Guardians,away,0,0,0,0,1,0,0,1,0,0,0,0,0,,,,,,,,,,,,
2026-04-05,fb9b8291-436d-59e2-9142-fe72c096a4a5,Dansby Swanson,e20a9fc7-6766-5d06-b4c8-8cf51b6d7308,SS,False,True,Chicago Cubs,Cleveland Guardians,away,0,0,0,1,4,1,0,2,0,1,2,4,4,,,,,,,,,,,,
2026-04-05,fb9b8291-436d-59e2-9142-fe72c096a4a5,Nico Hoerner,b69bc55a-ea5c-59ee-bf5a-3a765fe9aa2a,2B,False,True,Chicago Cubs,Cleveland Guardians,away,0,1,0,0,5,1,2,0,0,1,0,2,2,,,,,,,,,,,,
2026-04-05,fb9b8291-436d-59e2-9142-fe72c096a4a5,Ben Brown,ac8b0e21-6d0a-5954-942c-a1b4c8382f01,P,True,False,Chicago Cubs,Cleveland Guardians,away,,,,,,,,,,,,,,2,6,0,2,2,0,2,,42,2,0.0,0.0
2026-04-05,fb9b8291-436d-59e2-9142-fe72c096a4a5,Matt Shaw,0e584e95-3d75-5986-9cb2-4451b4d945cf,RF,False,True,Chicago Cubs,Cleveland Guardians,away,0,0,0,1,4,1,1,1,0,1,1,3,4,,,,,,,,,,,,
2026-04-04,d5918945-432d-5bc4-b5a6-f7150296e060,Mickey Moniak,3f0fdd53-717e-5b5d-97af-38f6cc224d92,PH,False,False,Colorado Rockies,Philadelphia Phillies,home,0,0,0,0,1,0,0,0,0,0,0,0,0,,,,,,,,,,,,
2026-04-04,d5918945-432d-5bc4-b5a6-f7150296e060,Victor Vodnik,9d3b8237-01e9-52c9-8011-f6e13c5f548d,P,True,False,Colorado Rockies,Philadelphia Phillies,home,0,0,0,0,0,0,0,0,0,0,0,0,0,1,3,0,0,1,0,0,,12,0,0.0,0.0
2026-04-04,d5918945-432d-5bc4-b5a6-f7150296e060,Jimmy Herget,af57bba4-faef-5755-b526-5734d3736690,P,True,False,Colorado Rockies,Philadelphia Phillies,home,,,,,,,,,,,,,,1.1,4,2,0,0,0,0,,15,0,0.5,13.5
2026-04-04,d5918945-432d-5bc4-b5a6-f7150296e060,Jake McCarthy,6997ae3d-a342-5d04-a267-91d371938d45,CF,False,False,Colorado Rockies,Philadelphia Phillies,home,0,0,0,0,0,0,0,0,0,0,0,0,0,,,,,,,,,,,,
2026-04-04,d5918945-432d-5bc4-b5a6-f7150296e060,Troy Johnston,09dd2789-8b43-5f74-a5fd-89e6f73d1d86,1B,False,True,Colorado Rockies,Philadelphia Phillies,home,1,0,0,0,3,1,1,0,0,1,0,2,1,,,,,,,,,,,,
2026-04-04,d5918945-432d-5bc4-b5a6-f7150296e060,Chase Dollander,2683c6e6-fdf0-5c9b-957d-b9b791c87104,P,True,False,Colorado Rockies,Philadelphia Phillies,home,,,,,,,,,,,,,,4.1,13,6,1,4,0,1,,71,1,0.46153846153846156,12.461538461538462
2026-04-04,d5918945-432d-5bc4-b5a6-f7150296e060,Willi Castro,1f049a5e-1a31-56fd-813c-95bc75d37525,2B,False,True,Colorado Rockies,Philadelphia Phillies,home,0,0,0,0,4,0,0,3,0,0,0,0,0,,,,,,,,,,,,
2026-04-04,d5918945-432d-5bc4-b5a6-f7150296e060,Brennan Bernardino,49be5cd4-ea2a-532b-b638-5b81dadbb065,P,True,True,Colorado Rockies,Philadelphia Phillies,home,,,,,,,,,,,,,,0.2,2,0,2,1,0,1,,21,1,0.0,0.0
2026-04-04,d5918945-432d-5bc4-b5a6-f7150296e060,Tyler Freeman,036c78c9-9b82-5ed4-b05d-c855e0b3ab5c,RF,False,True,Colorado Rockies,Philadelphia Phillies,home,1,0,0,0,4,1,0,0,1,0,0,1,1,,,,,,,,,,,,
2026-04-04,d5918945-432d-5bc4-b5a6-f7150296e060,Juan Mejia,888f8471-638b-5610-a1b5-cc61e50f60e8,P,True,False,Colorado Rockies,Philadelphia Phillies,home,,,,,,,,,,,,,,1,3,1,0,1,0,0,,14,0,0.3333333333333333,9.0
2026-04-04,d5918945-432d-5bc4-b5a6-f7150296e060,Hunter Goodman,6144567b-eae1-58fa-9b5d-d2351f51c9e5,C,False,False,Colorado Rockies,Philadelphia Phillies,home,0,0,0,0,4,0,0,3,0,0,0,0,0,,,,,,,,,,,,
2026-04-04,d5918945-432d-5bc4-b5a6-f7150296e060,Jordan Beck,04d7ca3f-26de-5185-b982-e8a46a8c16e5,LF,False,True,Colorado Rockies,Philadelphia Phillies,home,0,0,0,0,3,0,0,1,0,0,0,0,0,,,,,,,,,,,,
2026-04-04,d5918945-432d-5bc4-b5a6-f7150296e060,Brett Sullivan,472c8c37-5a62-5577-b307-c676e02d7f52,C,False,True,Colorado Rockies,Philadelphia Phillies,home,2,0,0,0,3,2,0,1,0,0,1,3,2,,,,,,,,,,,,
2026-04-04,d5918945-432d-5bc4-b5a6-f7150296e060,Brenton Doyle,35509183-6eb7-5366-8a93-d9e7405d24ff,CF,False,True,Colorado Rockies,Philadelphia Phillies,home,0,0,0,0,3,0,0,2,0,0,0,0,0,,,,,,,,,,,,
2026-04-04,d5918945-432d-5bc4-b5a6-f7150296e060,Ezequiel Tovar,973d0ea7-2ba4-58b5-95ce-ce6704416d1a,SS,False,True,Colorado Rockies,Philadelphia Phillies,home,1,0,0,0,4,1,0,2,0,0,0,1,1,,,,,,,,,,,,
2026-04-04,d5918945-432d-5bc4-b5a6-f7150296e060,TJ Rumfield,8fbfa07a-ea2e-592e-9520-5bf531ada10d,PH,False,False,Colorado Rockies,Philadelphia Phillies,home,0,0,0,0,1,0,0,0,0,0,0,0,0,,,,,,,,,,,,
2026-04-04,d5918945-432d-5bc4-b5a6-f7150296e060,Jaden Hill,62f6d8ee-f3a0-53d1-9b8b-110daba56068,P,True,False,Colorado Rockies,Philadelphia Phillies,home,,,,,,,,,,,,,,0.2,2,1,1,0,0,0,,14,0,0.5,13.5
2026-04-04,d5918945-432d-5bc4-b5a6-f7150296e060,Kyle Karros,5aeefc0d-9862-57c9-b58f-ab21c2ce4404,3B,False,True,Colorado Rockies,Philadelphia Phillies,home,1,0,0,0,3,1,0,1,0,0,0,1,1,,,,,,,,,,,,
2026-04-04,d5918945-432d-5bc4-b5a6-f7150296e060,Brandon Marsh,428a913a-6990-5ebc-a53f-fe331b036c25,LF,False,True,Philadelphia Phillies,Colorado Rockies,away,1,0,0,0,4,1,0,1,0,1,0,2,1,,,,,,,,,,,,
2026-04-04,d5918945-432d-5bc4-b5a6-f7150296e060,Jesús Luzardo,5bb421e7-b486-52a5-8165-006cc5b84ecd,P,True,True,Philadelphia Phillies,Colorado Rockies,away,,,,,,,,,,,,,,6.2,20,11,0,5,0,1,,99,1,0.55,14.85
2026-04-04,d5918945-432d-5bc4-b5a6-f7150296e060,José Alvarado,d1837532-3287-57d6-8c2e-0d4e7348acef,P,True,False,Philadelphia Phillies,Colorado Rockies,away,,,,,,,,,,,,,,0.1,1,1,1,0,0,0,,12,0,1.0,27.0
2026-04-04,d5918945-432d-5bc4-b5a6-f7150296e060,Justin Crawford,656815ea-b9fd-59e0-8461-3bdf7f7e3131,CF,False,True,Philadelphia Phillies,Colorado Rockies,away,1,0,0,0,4,1,0,0,1,0,0,1,1,,,,,,,,,,,,
2026-04-04,d5918945-432d-5bc4-b5a6-f7150296e060,Bryce Harper,c9b6441c-da6d-5f6d-bb63-857c121017fa,1B,False,True,Philadelphia Phillies,Colorado Rockies,away,0,0,0,0,4,0,0,0,0,0,0,0,0,,,,,,,,,,,,
2026-04-04,d5918945-432d-5bc4-b5a6-f7150296e060,J.T. Realmuto,0d9765bd-d345-5aaf-b9ad-1a15792ac037,C,False,True,Philadelphia Phillies,Colorado Rockies,away,0,0,0,0,4,0,1,1,0,0,0,0,0,,,,,,,,,,,,
2026-04-04,d5918945-432d-5bc4-b5a6-f7150296e060,Jhoan Duran,cbc3e25d-643b-56fc-9abf-1dbb02b584f3,P,True,False,Philadelphia Phillies,Colorado Rockies,away,,,,,,,,,,,,,,1,3,1,0,0,0,0,,8,0,0.3333333333333333,9.0
2026-04-04,d5918945-432d-5bc4-b5a6-f7150296e060,Alec Bohm,9bbc34c0-5769-5c7f-8cf4-607f25730d26,3B,False,True,Philadelphia Phillies,Colorado Rockies,away,1,0,0,0,4,1,0,1,0,0,0,1,1,,,,,,,,,,,,
2026-04-04,d5918945-432d-5bc4-b5a6-f7150296e060,Bryson Stott,c063d114-6426-54da-a28d-bd4eb1d1d948,2B,False,True,Philadelphia Phillies,Colorado Rockies,away,1,0,0,0,4,1,1,0,1,0,0,1,1,,,,,,,,,,,,
2026-04-04,d5918945-432d-5bc4-b5a6-f7150296e060,Kyle Schwarber,a60a2cbf-f012-56e9-acc4-184d76ff8219,DH,False,False,Philadelphia Phillies,Colorado Rockies,away,0,1,0,0,5,1,1,2,0,0,1,2,2,,,,,,,,,,,,
2026-04-04,d5918945-432d-5bc4-b5a6-f7150296e060,Adolis García,2c62b85f-73e6-5aff-af94-15901f508fb2,RF,False,True,Philadelphia Phillies,Colorado Rockies,away,0,0,0,0,4,0,0,3,0,0,0,0,0,,,,,,,,,,,,
2026-04-04,d5918945-432d-5bc4-b5a6-f7150296e060,Brad Keller,556c1f52-1350-5ae7-89a6-adac23bc8293,P,True,False,Philadelphia Phillies,Colorado Rockies,away,,,,,,,,,,,,,,1,3,0,0,1,0,0,,13,0,0.0,0.0
2026-04-04,d5918945-432d-5bc4-b5a6-f7150296e060,Trea Turner,f38b6d42-2ac2-5480-adbc-729df0f14126,SS,False,True,Philadelphia Phillies,Colorado Rockies,away,1,1,0,0,5,2,1,2,0,1,1,4,3,,,,,,,,,,,,
2026-04-04,27c05fe7-a6f1-5a75-abfd-7f77a804af7d,Jerar Encarnacion,2431773d-015a-5a52-ae9d-3d5c729ec38a,1B,False,True,San Francisco Giants,New York Mets,home,1,0,0,0,3,1,0,0,0,0,0,1,1,,,,,,,,,,,,
2026-04-04,27c05fe7-a6f1-5a75-abfd-7f77a804af7d,Heliot Ramos,521d9176-c734-5b63-9285-a4ab783f6edd,LF,False,True,San Francisco Giants,New York Mets,home,0,0,0,0,4,0,0,1,0,0,0,0,0,,,,,,,,,,,,
2026-04-04,27c05fe7-a6f1-5a75-abfd-7f77a804af7d,Keaton Winn,99b4c5de-929d-5557-ac30-13ec44ddb0bd,P,True,False,San Francisco Giants,New York Mets,home,,,,,,,,,,,,,,1,3,1,1,2,0,1,,23,1,0.3333333333333333,9.0
2026-04-04,27c05fe7-a6f1-5a75-abfd-7f77a804af7d,Patrick Bailey,7497fb23-555e-57a8-86b0-f3106d26ac72,C,False,True,San Francisco Giants,New York Mets,home,0,0,0,0,3,0,0,0,0,0,0,0,0,,,,,,,,,,,,
2026-04-04,27c05fe7-a6f1-5a75-abfd-7f77a804af7d,Matt Chapman,2c47b345-ac3d-53c1-b77e-6c5fa7a469bb,3B,False,True,San Francisco Giants,New York Mets,home,1,0,0,0,4,1,0,0,0,0,0,1,1,,,,,,,,,,,,
2026-04-04,27c05fe7-a6f1-5a75-abfd-7f77a804af7d,Caleb Kilian,70c33a7e-9125-5928-9ee2-a792ac2793ee,P,True,False,San Francisco Giants,New York Mets,home,,,,,,,,,,,,,,1,3,1,0,0,0,0,,12,0,0.3333333333333333,9.0
2026-04-04,27c05fe7-a6f1-5a75-abfd-7f77a804af7d,Ryan Borucki,a704f31f-a733-515e-a72b-c7063003b288,P,True,False,San Francisco Giants,New York Mets,home,,,,,,,,,,,,,,1.1,4,1,0,3,1,1,,22,1,0.25,6.75
2026-04-04,27c05fe7-a6f1-5a75-abfd-7f77a804af7d,Jung Hoo Lee,5233b094-55d5-5790-9af1-e92aeb0a3f2a,RF,False,True,San Francisco Giants,New York Mets,home,1,0,0,0,3,1,1,1,0,0,0,1,1,,,,,,,,,,,,
2026-04-04,27c05fe7-a6f1-5a75-abfd-7f77a804af7d,Rafael Devers,c9835c18-6f1f-57cd-a2ff-0ff6d821b16c,DH,False,False,San Francisco Giants,New York Mets,home,0,0,0,0,4,0,0,1,0,0,0,0,0,,,,,,,,,,,,
2026-04-04,27c05fe7-a6f1-5a75-abfd-7f77a804af7d,Jared Oliva,2b576ab0-f6e4-5614-bc17-d1885ec2d815,CF,False,False,San Francisco Giants,New York Mets,home,0,0,0,0,0,0,0,0,0,0,0,0,0,,,,,,,,,,,,
2026-04-04,27c05fe7-a6f1-5a75-abfd-7f77a804af7d,Harrison Bader,91a8ec44-ffa8-5211-b6b0-96ba26567032,CF,False,True,San Francisco Giants,New York Mets,home,0,0,0,0,3,0,0,2,0,0,0,0,0,,,,,,,,,,,,
2026-04-04,27c05fe7-a6f1-5a75-abfd-7f77a804af7d,Christian Koss,0a846ded-a34c-5373-8d5f-cd3048928b3d,P,True,False,San Francisco Giants,New York Mets,home,,,,,,,,,,,,,,1,3,0,0,0,0,0,,9,0,0.0,0.0
2026-04-04,27c05fe7-a6f1-5a75-abfd-7f77a804af7d,Willy Adames,78cc8077-60d2-554c-b37f-99c3e17b50a1,SS,False,True,San Francisco Giants,New York Mets,home,0,0,0,0,4,0,1,0,0,0,0,0,0,,,,,,,,,,,,
2026-04-04,27c05fe7-a6f1-5a75-abfd-7f77a804af7d,Landen Roupp,d87458fb-d1cc-5b8c-a760-cb24413ddd33,P,True,True,San Francisco Giants,New York Mets,home,,,,,,,,,,,,,,4.2,14,7,1,7,0,5,,95,7,0.5,13.5
2026-04-04,27c05fe7-a6f1-5a75-abfd-7f77a804af7d,Luis Arraez,b0939c49-253b-5c8b-b011-386ee0b6e0bc,2B,False,True,San Francisco Giants,New York Mets,home,0,0,0,0,4,0,0,0,0,0,0,0,0,,,,,,,,,,,,
2026-04-04,27c05fe7-a6f1-5a75-abfd-7f77a804af7d,Daniel Susac,93d2a5c1-35ae-5c4d-9ca7-f7fcc88a32ca,C,False,False,San Francisco Giants,New York Mets,home,0,0,0,0,0,0,0,0,0,0,0,0,0,,,,,,,,,,,,
2026-04-04,27c05fe7-a6f1-5a75-abfd-7f77a804af7d,Luis Torrens,5e3e8f7f-e1be-5314-a232-9a77a9237e0e,C,False,True,New York Mets,San Francisco Giants,away,1,0,0,0,4,1,0,0,0,1,1,3,1,,,,,,,,,,,,
2026-04-04,27c05fe7-a6f1-5a75-abfd-7f77a804af7d,Bo Bichette,33496f7a-3b83-59ef-b119-01d0d2437f28,3B,False,True,New York Mets,San Francisco Giants,away,2,0,0,0,5,2,0,2,0,1,1,4,2,,,,,,,,,,,,
2026-04-04,27c05fe7-a6f1-5a75-abfd-7f77a804af7d,Tyrone Taylor,8fc7ace9-e93d-58ba-b637-cdf5daaef922,LF,False,False,New York Mets,San Francisco Giants,away,1,0,0,1,3,2,0,0,0,1,4,7,5,,,,,,,,,,,,
2026-04-04,27c05fe7-a6f1-5a75-abfd-7f77a804af7d,Mark Vientos,a659963f-2607-5990-8edb-583d390591c8,1B,False,True,New York Mets,San Francisco Giants,away,2,1,0,0,5,3,0,0,0,2,1,6,4,,,,,,,,,,,,
2026-04-04,27c05fe7-a6f1-5a75-abfd-7f77a804af7d,Tobias Myers,c08513fe-42b7-58d5-9c38-93726a5d42a5,P,True,False,New York Mets,San Francisco Giants,away,,,,,,,,,,,,,,2,6,1,0,0,0,0,,30,0,0.16666666666666666,4.5
2026-04-04,27c05fe7-a6f1-5a75-abfd-7f77a804af7d,Brett Baty,aa321d05-4b90-5b2d-823f-5fe77a11ec6c,RF,False,True,New York Mets,San Francisco Giants,away,1,1,0,0,5,2,0,1,0,2,0,4,3,,,,,,,,,,,,
2026-04-04,27c05fe7-a6f1-5a75-abfd-7f77a804af7d,Carson Benge,631e3061-0f1e-5f0c-b1d3-ebbdfd16f053,CF,False,True,New York Mets,San Francisco Giants,away,0,0,0,0,4,0,0,2,0,0,1,1,0,,,,,,,,,,,,
2026-04-04,27c05fe7-a6f1-5a75-abfd-7f77a804af7d,Marcus Semien,ea54830a-4412-565e-8199-20eca49f0dd0,2B,False,True,New York Mets,San Francisco Giants,away,2,0,0,0,4,2,1,1,0,1,0,3,2,,,,,,,,,,,,
2026-04-04,27c05fe7-a6f1-5a75-abfd-7f77a804af7d,Clay Holmes,422aea09-aa2d-5124-886c-7f45c5910bf9,P,True,True,New York Mets,San Francisco Giants,away,,,,,,,,,,,,,,7,21,4,2,3,0,0,,90,0,0.19047619047619047,5.142857142857143
2026-04-04,27c05fe7-a6f1-5a75-abfd-7f77a804af7d,Francisco Lindor,027d2171-f1d0-509a-ba45-6add806d11b3,SS,False,True,New York Mets,San Francisco Giants,away,0,0,0,0,5,0,0,2,0,0,0,0,0,,,,,,,,,,,,
2026-04-04,27c05fe7-a6f1-5a75-abfd-7f77a804af7d,Jorge Polanco,ba2c9110-367c-5ea1-afd1-bbfc264fde7c,DH,False,False,New York Mets,San Francisco Giants,away,0,0,0,0,5,0,0,2,0,0,0,0,0,,,,,,,,,,,,
2026-04-04,27c05fe7-a6f1-5a75-abfd-7f77a804af7d,Jared Young,ce1f44d6-8333-5027-9abb-99714bc858e7,LF,False,True,New York Mets,San Francisco Giants,away,0,0,0,0,2,0,1,0,0,1,0,1,0,,,,,,,,,,,,
2026-04-04,b279145a-3d15-50c8-891b-d9cbcb1dc483,Adam Frazier,1d730493-bfd7-5d16-9a8a-88e20b779754,2B,False,False,Los Angeles Angels,Seattle Mariners,home,0,0,0,0,0,0,0,0,0,0,0,0,0,,,,,,,,,,,,
2026-04-04,b279145a-3d15-50c8-891b-d9cbcb1dc483,Oswald Peraza,98bdfab1-07ea-5c61-bd44-7c17670a08b1,3B,False,True,Los Angeles Angels,Seattle Mariners,home,0,0,0,0,3,0,0,0,0,0,0,0,0,,,,,,,,,,,,
2026-04-04,b279145a-3d15-50c8-891b-d9cbcb1dc483,Zach Neto,01ac6fe3-6ace-59c9-a15b-1ad3a0af1eb1,SS,False,True,Los Angeles Angels,Seattle Mariners,home,1,0,0,1,4,2,0,1,0,1,1,4,5,,,,,,,,,,,,
2026-04-04,b279145a-3d15-50c8-891b-d9cbcb1dc483,Jorge Soler,ebc19873-2e2c-5767-9b19-409c5e887630,DH,False,False,Los Angeles Angels,Seattle Mariners,home,1,0,0,0,3,1,0,2,0,0,0,1,1,,,,,,,,,,,,
2026-04-04,b279145a-3d15-50c8-891b-d9cbcb1dc483,Yoán Moncada,59501cf0-fc05-5b1c-b3f0-78b4422a24da,3B,False,True,Los Angeles Angels,Seattle Mariners,home,0,0,0,0,3,0,0,2,0,0,0,0,0,,,,,,,,,,,,
2026-04-04,b279145a-3d15-50c8-891b-d9cbcb1dc483,Chase Silseth,d97ead67-961e-54b5-ab86-134f7d2172e2,P,True,False,Los Angeles Angels,Seattle Mariners,home,,,,,,,,,,,,,,1,3,2,0,0,0,0,,16,0,0.6666666666666666,18.0
2026-04-04,b279145a-3d15-50c8-891b-d9cbcb1dc483,Jack Kochanowicz,04561541-27c5-5534-a3b5-b20f29738f8e,P,True,True,Los Angeles Angels,Seattle Mariners,home,,,,,,,,,,,,,,5.2,17,7,2,4,0,0,,86,0,0.4117647058823529,11.117647058823529
2026-04-04,b279145a-3d15-50c8-891b-d9cbcb1dc483,Drew Pomeranz,fc9feb99-8c05-5f66-9cda-83f9269f8bf5,P,True,False,Los Angeles Angels,Seattle Mariners,home,,,,,,,,,,,,,,0.1,1,0,0,0,0,0,,4,0,0.0,0.0
2026-04-04,b279145a-3d15-50c8-891b-d9cbcb1dc483,Mike Trout,062d3e7f-e32e-55bc-aa40-403df7f9ec05,CF,False,True,Los Angeles Angels,Seattle Mariners,home,0,0,0,0,4,0,0,1,0,0,0,0,0,,,,,,,,,,,,
2026-04-04,b279145a-3d15-50c8-891b-d9cbcb1dc483,Jo Adell,c3ca91f9-2d30-5cf8-aae3-a5e7339f5788,RF,False,True,Los Angeles Angels,Seattle Mariners,home,1,0,0,0,3,1,0,0,0,0,0,1,1,,,,,,,,,,,,
2026-04-04,b279145a-3d15-50c8-891b-d9cbcb1dc483,Sam Bachman,cf9060ab-bd03-5198-a0a5-175b17f19e62,P,True,False,Los Angeles Angels,Seattle Mariners,home,,,,,,,,,,,,,,0.2,2,0,0,1,0,0,,8,0,0.0,0.0
2026-04-04,b279145a-3d15-50c8-891b-d9cbcb1dc483,Joey Lucchesi,871f9e50-a0bf-53e3-a89e-a177e600eed5,P,True,False,Los Angeles Angels,Seattle Mariners,home,,,,,,,,,,,,,,0.1,1,0,1,0,0,0,,11,0,0.0,0.0
2026-04-04,b279145a-3d15-50c8-891b-d9cbcb1dc483,Nolan Schanuel,88862c38-1493-5b40-9c6b-6660a4ce4654,1B,False,True,Los Angeles Angels,Seattle Mariners,home,0,1,0,0,3,1,0,0,0,0,0,1,2,,,,,,,,,,,,
2026-04-04,b279145a-3d15-50c8-891b-d9cbcb1dc483,Josh Lowe,ef406577-04d5-511f-9202-5f9a1b54addb,LF,False,True,Los Angeles Angels,Seattle Mariners,home,1,0,0,0,3,1,0,0,0,0,0,1,1,,,,,,,,,,,,
2026-04-04,b279145a-3d15-50c8-891b-d9cbcb1dc483,Bryce Teodosio,2e92cd67-6ffe-5f76-b1f5-83b535ba679a,LF,False,False,Los Angeles Angels,Seattle Mariners,home,0,0,0,0,0,0,0,0,0,0,0,0,0,,,,,,,,,,,,
2026-04-04,b279145a-3d15-50c8-891b-d9cbcb1dc483,Logan O'Hoppe,5338530a-7eeb-53b6-9744-b4577b90a65e,C,False,True,Los Angeles Angels,Seattle Mariners,home,1,0,0,0,3,1,0,1,0,0,0,1,1,,,,,,,,,,,,
2026-04-04,b279145a-3d15-50c8-891b-d9cbcb1dc483,Jordan Romano,99ca4c88-8bc1-5d13-93cb-6fda2c9141e3,P,True,False,Los Angeles Angels,Seattle Mariners,home,,,,,,,,,,,,,,1,3,1,0,0,0,0,,15,0,0.3333333333333333,9.0
2026-04-04,b279145a-3d15-50c8-891b-d9cbcb1dc483,Josh Naylor,b882f91d-40d1-58ad-bd6a-b321477642c0,1B,False,True,Seattle Mariners,Los Angeles Angels,away,1,0,0,0,4,1,1,0,0,0,0,1,1,,,,,,,,,,,,
2026-04-04,b279145a-3d15-50c8-891b-d9cbcb1dc483,Cole Young,bef5f9c5-6df7-5ede-9aac-4b5ba8731f4b,2B,False,True,Seattle Mariners,Los Angeles Angels,away,0,0,0,0,4,0,0,2,0,0,0,0,0,,,,,,,,,,,,
2026-04-04,b279145a-3d15-50c8-891b-d9cbcb1dc483,Randy Arozarena,0f2b9cc8-a738-5f1e-be0e-5c0ae5a3ac57,LF,False,True,Seattle Mariners,Los Angeles Angels,away,1,0,0,0,4,1,0,1,0,0,0,1,1,,,,,,,,,,,,
2026-04-04,b279145a-3d15-50c8-891b-d9cbcb1dc483,J.P. Crawford,ce4a3d59-2b69-5bf7-80a5-33fdb5ce7363,SS,False,True,Seattle Mariners,Los Angeles Angels,away,0,1,0,0,4,1,1,1,0,0,0,1,2,,,,,,,,,,,,
2026-04-04,b279145a-3d15-50c8-891b-d9cbcb1dc483,Dominic Canzone,73e2b2be-5ea8-5904-9683-089b46807bab,DH,False,False,Seattle Mariners,Los Angeles Angels,away,0,0,0,0,3,0,0,1,0,0,0,0,0,,,,,,,,,,,,
2026-04-04,b279145a-3d15-50c8-891b-d9cbcb1dc483,Cal Raleigh,21b31397-a06c-5238-83b3-90eee447e28e,C,False,True,Seattle Mariners,Los Angeles Angels,away,0,0,0,0,4,0,0,1,0,0,0,0,0,,,,,,,,,,,,
2026-04-04,b279145a-3d15-50c8-891b-d9cbcb1dc483,Rob Refsnyder,d50036b6-f9c6-5e61-b1e5-98692a43657e,DH,False,False,Seattle Mariners,Los Angeles Angels,away,0,0,0,0,1,0,0,0,0,0,0,0,0,,,,,,,,,,,,
2026-04-04,b279145a-3d15-50c8-891b-d9cbcb1dc483,Leo Rivas,13efd7e6-1b6a-509b-8348-f3f74df6fce9,3B,False,True,Seattle Mariners,Los Angeles Angels,away,0,0,0,0,4,0,1,2,0,0,0,0,0,,,,,,,,,,,,
2026-04-04,b279145a-3d15-50c8-891b-d9cbcb1dc483,Julio Rodríguez,fffe4545-0e86-5407-906a-645035a15435,CF,False,True,Seattle Mariners,Los Angeles Angels,away,2,0,0,0,4,2,0,0,0,0,0,2,2,,,,,,,,,,,,
2026-04-04,b279145a-3d15-50c8-891b-d9cbcb1dc483,Eduard Bazardo,c59ea29b-45e3-5f5d-8eab-5e27543e83cd,P,True,False,Seattle Mariners,Los Angeles Angels,away,,,,,,,,,,,,,,1.1,4,2,0,1,0,0,,25,0,0.5,13.5
2026-04-04,b279145a-3d15-50c8-891b-d9cbcb1dc483,Luke Raley,27e77a8c-1c02-50cc-b8c2-06d1e891fc5d,RF,False,True,Seattle Mariners,Los Angeles Angels,away,0,0,0,0,4,0,0,2,0,0,0,0,0,,,,,,,,,,,,
2026-04-04,b279145a-3d15-50c8-891b-d9cbcb1dc483,Emerson Hancock,cf8fce3b-daf7-512e-89fe-0db3e4b4d678,P,True,True,Seattle Mariners,Los Angeles Angels,away,,,,,,,,,,,,,,6.2,20,5,0,6,1,1,,82,1,0.25,6.75
2026-04-05,64b1fd29-56e5-56fe-a155-d96316fff80a,Chase DeLauter,6df4c8fa-ba98-5c7a-ad19-cf86a2049392,RF,False,True,Cleveland Guardians,Chicago Cubs,home,0,0,0,0,4,0,1,0,0,0,0,0,0,,,,,,,,,,,,
2026-04-05,64b1fd29-56e5-56fe-a155-d96316fff80a,Connor Brogdon,1d981dc9-5de4-5f4c-8190-945b936250eb,P,True,False,Cleveland Guardians,Chicago Cubs,home,,,,,,,,,,,,,,1,3,0,1,1,0,1,,19,1,0.0,0.0
2026-04-05,64b1fd29-56e5-56fe-a155-d96316fff80a,Daniel Schneemann,44aa2c31-5c71-54d6-bd89-c75f77599832,3B,False,True,Cleveland Guardians,Chicago Cubs,home,0,0,0,0,4,0,0,2,0,0,0,0,0,,,,,,,,,,,,
2026-04-05,64b1fd29-56e5-56fe-a155-d96316fff80a,Slade Cecconi,665c7ab6-9bb8-5d87-8fc4-2a634cfec49e,P,True,True,Cleveland Guardians,Chicago Cubs,home,,,,,,,,,,,,,,6,18,6,1,1,0,0,,85,0,0.3333333333333333,9.0
2026-04-05,64b1fd29-56e5-56fe-a155-d96316fff80a,Brayan Rocchio,19d4d33d-50bf-55d7-9885-40f4738e6983,2B,False,True,Cleveland Guardians,Chicago Cubs,home,0,0,0,0,3,0,2,0,0,0,0,0,0,,,,,,,,,,,,
2026-04-05,64b1fd29-56e5-56fe-a155-d96316fff80a,Gabriel Arias,da74b797-d096-5ec7-bb84-6b0e693536f3,SS,False,True,Cleveland Guardians,Chicago Cubs,home,0,0,0,0,3,0,0,1,0,0,0,0,0,,,,,,,,,,,,
2026-04-05,64b1fd29-56e5-56fe-a155-d96316fff80a,Bo Naylor,569c32a2-118a-5902-a55f-3e350c57a8af,C,False,True,Cleveland Guardians,Chicago Cubs,home,0,0,0,0,4,0,1,0,0,0,0,0,0,,,,,,,,,,,,
2026-04-05,64b1fd29-56e5-56fe-a155-d96316fff80a,David Fry,d0cdb034-814f-5d43-a16a-052464de2541,PH,False,False,Cleveland Guardians,Chicago Cubs,home,0,0,0,0,1,0,0,0,0,0,0,0,0,,,,,,,,,,,,
2026-04-05,64b1fd29-56e5-56fe-a155-d96316fff80a,José Ramírez,edd283fa-acd6-56e6-a171-35d869385530,DH,False,False,Cleveland Guardians,Chicago Cubs,home,0,0,0,0,4,0,1,1,0,0,0,0,0,,,,,,,,,,,,
2026-04-05,64b1fd29-56e5-56fe-a155-d96316fff80a,Steven Kwan,64af661f-a572-5a07-8797-70964b4dbcb2,CF,False,True,Cleveland Guardians,Chicago Cubs,home,0,0,0,0,4,0,0,1,0,0,0,0,0,,,,,,,,,,,,
2026-04-05,64b1fd29-56e5-56fe-a155-d96316fff80a,Peyton Pallette,4f2a60b1-6ced-5a28-8ee3-8303b092a9de,P,True,False,Cleveland Guardians,Chicago Cubs,home,,,,,,,,,,,,,,1,3,2,0,0,0,0,,15,0,0.6666666666666666,18.0
2026-04-05,64b1fd29-56e5-56fe-a155-d96316fff80a,Angel Martínez,a1a79e19-4dd8-5d43-8cf7-324e82cc4a92,LF,False,False,Cleveland Guardians,Chicago Cubs,home,0,0,0,0,0,0,0,0,0,0,0,0,0,,,,,,,,,,,,
2026-04-05,64b1fd29-56e5-56fe-a155-d96316fff80a,Kyle Manzardo,1f4ed7ba-eda9-5a00-b87f-9c005e0a44a8,1B,False,True,Cleveland Guardians,Chicago Cubs,home,0,0,0,0,4,0,1,0,0,0,0,0,0,,,,,,,,,,,,
2026-04-05,64b1fd29-56e5-56fe-a155-d96316fff80a,Tim Herrin,6165b4a1-ab46-5b99-b9bc-6d2d6743f203,P,True,False,Cleveland Guardians,Chicago Cubs,home,,,,,,,,,,,,,,1,3,2,0,0,0,0,,17,0,0.6666666666666666,18.0
2026-04-05,64b1fd29-56e5-56fe-a155-d96316fff80a,CJ Kayfus,82e69c91-8664-5911-94b2-f61af3a0f314,LF,False,True,Cleveland Guardians,Chicago Cubs,home,0,1,0,0,2,1,0,0,0,0,0,1,2,,,,,,,,,,,,
2026-04-05,64b1fd29-56e5-56fe-a155-d96316fff80a,Daniel Palencia,708eb6ed-cc9d-5037-8b38-0d1fa47c46d4,P,True,False,Chicago Cubs,Cleveland Guardians,away,,,,,,,,,,,,,,1,3,1,0,0,0,0,,13,0,0.3333333333333333,9.0
2026-04-05,64b1fd29-56e5-56fe-a155-d96316fff80a,Michael Conforto,90e43863-2a50-529e-b3b9-ef4aeb4736de,RF,False,True,Chicago Cubs,Cleveland Guardians,away,1,0,0,0,3,1,1,0,0,0,0,1,1,,,,,,,,,,,,
2026-04-05,64b1fd29-56e5-56fe-a155-d96316fff80a,Hoby Milner,bbd22cf6-c5e7-555d-a190-f9f2eb837f9d,P,True,False,Chicago Cubs,Cleveland Guardians,away,,,,,,,,,,,,,,1,3,0,0,0,0,0,,14,0,0.0,0.0
2026-04-05,64b1fd29-56e5-56fe-a155-d96316fff80a,Dylan Carlson,78357ca8-b429-5741-b25a-e8d3e10f4922,RF,False,False,Chicago Cubs,Cleveland Guardians,away,0,0,0,0,0,0,0,0,0,1,0,1,0,,,,,,,,,,,,
2026-04-05,64b1fd29-56e5-56fe-a155-d96316fff80a,Edward Cabrera,850f8e96-e9c3-586e-8ab0-be97da68efa3,P,True,True,Chicago Cubs,Cleveland Guardians,away,,,,,,,,,,,,,,5.2,17,4,5,1,0,0,,97,0,0.23529411764705882,6.352941176470588
2026-04-05,64b1fd29-56e5-56fe-a155-d96316fff80a,Ian Happ,b809f60b-8331-5fd0-ab24-ee3b8538eabe,LF,False,True,Chicago Cubs,Cleveland Guardians,away,0,0,0,0,4,0,0,4,0,0,0,0,0,,,,,,,,,,,,
2026-04-05,64b1fd29-56e5-56fe-a155-d96316fff80a,Caleb Thielbar,5cac6e8e-95bf-5d54-9e61-33e7074e8b01,P,True,False,Chicago Cubs,Cleveland Guardians,away,,,,,,,,,,,,,,1.1,4,0,1,0,0,0,,28,0,0.0,0.0
2026-04-05,64b1fd29-56e5-56fe-a155-d96316fff80a,Alex Bregman,57215789-8702-5d78-8c77-21a23c10f033,DH,False,False,Chicago Cubs,Cleveland Guardians,away,0,0,0,0,4,0,0,0,0,0,0,0,0,,,,,,,,,,,,
2026-04-05,64b1fd29-56e5-56fe-a155-d96316fff80a,Michael Busch,6b4e85c9-9b0c-5203-9474-01388c3cb9e8,1B,False,True,Chicago Cubs,Cleveland Guardians,away,0,0,0,0,4,0,0,1,0,0,0,0,0,,,,,,,,,,,,
2026-04-05,64b1fd29-56e5-56fe-a155-d96316fff80a,Pete Crow-Armstrong,6e75f4ef-3025-5851-bb55-3a587c5f54a5,CF,False,True,Chicago Cubs,Cleveland Guardians,away,0,0,0,0,4,0,0,2,0,0,0,0,0,,,,,,,,,,,,
2026-04-05,64b1fd29-56e5-56fe-a155-d96316fff80a,Miguel Amaya,e5766d16-6afe-5cc0-b276-b0992a1ce5e2,C,False,True,Chicago Cubs,Cleveland Guardians,away,1,0,0,0,3,1,1,1,0,0,1,2,1,,,,,,,,,,,,
2026-04-05,64b1fd29-56e5-56fe-a155-d96316fff80a,Dansby Swanson,e20a9fc7-6766-5d06-b4c8-8cf51b6d7308,SS,False,True,Chicago Cubs,Cleveland Guardians,away,0,0,0,0,4,0,0,1,0,0,0,0,0,,,,,,,,,,,,
2026-04-05,64b1fd29-56e5-56fe-a155-d96316fff80a,Nico Hoerner,b69bc55a-ea5c-59ee-bf5a-3a765fe9aa2a,2B,False,True,Chicago Cubs,Cleveland Guardians,away,0,0,0,0,4,0,0,1,0,0,0,0,0,,,,,,,,,,,,
2026-04-05,64b1fd29-56e5-56fe-a155-d96316fff80a,Matt Shaw,0e584e95-3d75-5986-9cb2-4451b4d945cf,3B,False,True,Chicago Cubs,Cleveland Guardians,away,0,0,0,0,3,0,0,0,0,0,0,0,0,,,,,,,,,,,,
2026-04-05,fb9b8291-436d-59e2-9142-fe72c096a4a5,Shawn Armstrong,5f0c6f60-ac3b-5ec3-b62e-f70dbe817109,P,True,False,Cleveland Guardians,Chicago Cubs,home,,,,,,,,,,,,,,1.1,4,2,1,1,1,1,,29,1,0.5,13.5
2026-04-05,fb9b8291-436d-59e2-9142-fe72c096a4a5,Chase DeLauter,6df4c8fa-ba98-5c7a-ad19-cf86a2049392,DH,False,False,Cleveland Guardians,Chicago Cubs,home,1,0,0,0,4,1,0,1,0,1,1,3,1,,,,,,,,,,,,
2026-04-05,fb9b8291-436d-59e2-9142-fe72c096a4a5,Austin Hedges,c7c1d348-de1b-5e14-a0fb-84e7470489fa,C,False,True,Cleveland Guardians,Chicago Cubs,home,1,1,0,0,4,2,0,0,0,0,1,3,3,,,,,,,,,,,,
2026-04-05,fb9b8291-436d-59e2-9142-fe72c096a4a5,Brayan Rocchio,19d4d33d-50bf-55d7-9885-40f4738e6983,2B,False,True,Cleveland Guardians,Chicago Cubs,home,0,0,0,0,4,0,0,1,0,0,0,0,0,,,,,,,,,,,,
2026-04-05,fb9b8291-436d-59e2-9142-fe72c096a4a5,Gabriel Arias,da74b797-d096-5ec7-bb84-6b0e693536f3,SS,False,True,Cleveland Guardians,Chicago Cubs,home,2,0,0,0,4,2,0,0,0,0,2,4,2,,,,,,,,,,,,
2026-04-05,fb9b8291-436d-59e2-9142-fe72c096a4a5,Matt Festa,2150658a-9ae0-5b5d-941b-54a1af3be65c,P,True,False,Cleveland Guardians,Chicago Cubs,home,,,,,,,,,,,,,,1,3,1,0,2,1,2,,13,2,0.3333333333333333,9.0
2026-04-05,fb9b8291-436d-59e2-9142-fe72c096a4a5,David Fry,d0cdb034-814f-5d43-a16a-052464de2541,RF,False,True,Cleveland Guardians,Chicago Cubs,home,1,0,0,0,2,1,1,0,0,0,0,1,1,,,,,,,,,,,,
2026-04-05,fb9b8291-436d-59e2-9142-fe72c096a4a5,Cade Smith,431e2150-8e44-5087-a282-49c837584e2b,P,True,False,Cleveland Guardians,Chicago Cubs,home,,,,,,,,,,,,,,1,3,2,2,1,0,1,,33,1,0.6666666666666666,18.0
2026-04-05,fb9b8291-436d-59e2-9142-fe72c096a4a5,José Ramírez,edd283fa-acd6-56e6-a171-35d869385530,3B,False,True,Cleveland Guardians,Chicago Cubs,home,0,0,0,0,4,0,0,0,0,0,0,0,0,,,,,,,,,,,,
2026-04-05,fb9b8291-436d-59e2-9142-fe72c096a4a5,Steven Kwan,64af661f-a572-5a07-8797-70964b4dbcb2,CF,False,True,Cleveland Guardians,Chicago Cubs,home,0,1,0,0,5,1,0,1,0,1,0,2,2,,,,,,,,,,,,
2026-04-05,fb9b8291-436d-59e2-9142-fe72c096a4a5,Angel Martínez,a1a79e19-4dd8-5d43-8cf7-324e82cc4a92,LF,False,True,Cleveland Guardians,Chicago Cubs,home,0,0,0,0,4,0,1,0,0,1,0,1,0,,,,,,,,,,,,
2026-04-05,fb9b8291-436d-59e2-9142-fe72c096a4a5,Parker Messick,e97867b2-652a-56a0-a386-d1a33346aac7,P,True,True,Cleveland Guardians,Chicago Cubs,home,,,,,,,,,,,,,,5,15,6,3,2,1,1,,91,1,0.4,10.8
2026-04-05,fb9b8291-436d-59e2-9142-fe72c096a4a5,Erik Sabrowski,f440cc49-e1e7-5622-8971-bc07b4313d0d,P,True,False,Cleveland Guardians,Chicago Cubs,home,,,,,,,,,,,,,,0.2,2,1,0,1,0,0,,14,0,0.5,13.5
2026-04-05,fb9b8291-436d-59e2-9142-fe72c096a4a5,Rhys Hoskins,1c22ec74-00f6-5b13-b698-eeaaf10c7523,1B,False,True,Cleveland Guardians,Chicago Cubs,home,0,0,0,0,4,0,2,1,0,1,0,1,0,,,,,,,,,,,,
2026-04-05,fb9b8291-436d-59e2-9142-fe72c096a4a5,CJ Kayfus,82e69c91-8664-5911-94b2-f61af3a0f314,RF,False,False,Cleveland Guardians,Chicago Cubs,home,1,0,0,1,2,2,0,0,0,2,2,6,5,,,,,,,,,,,,
2026-04-05,fb9b8291-436d-59e2-9142-fe72c096a4a5,Dylan Carlson,78357ca8-b429-5741-b25a-e8d3e10f4922,LF,False,True,Chicago Cubs,Cleveland Guardians,away,0,0,0,0,3,0,0,2,0,0,0,0,0,,,,,,,,,,,,
2026-04-05,fb9b8291-436d-59e2-9142-fe72c096a4a5,Ian Happ,b809f60b-8331-5fd0-ab24-ee3b8538eabe,DH,False,False,Chicago Cubs,Cleveland Guardians,away,1,0,0,1,5,2,0,2,0,1,2,5,5,,,,,,,,,,,,
2026-04-05,fb9b8291-436d-59e2-9142-fe72c096a4a5,Ethan Roberts,0d35c159-4a8f-54c9-a724-aeee71dd199d,P,True,False,Chicago Cubs,Cleveland Guardians,away,,,,,,,,,,,,,,0.2,2,0,0,1,0,0,,13,0,0.0,0.0
2026-04-05,fb9b8291-436d-59e2-9142-fe72c096a4a5,Scott Kingery,86196061-d601-5b5c-bdaa-4e299065a0c4,PR,False,False,Chicago Cubs,Cleveland Guardians,away,0,0,0,0,0,0,0,0,0,0,0,0,0,,,,,,,,,,,,
2026-04-05,fb9b8291-436d-59e2-9142-fe72c096a4a5,Shota Imanaga,beadcbbe-e54b-5beb-a36a-505719e94c82,P,True,True,Chicago Cubs,Cleveland Guardians,away,,,,,,,,,,,,,,5,15,4,1,3,0,1,,92,1,0.26666666666666666,7.2
2026-04-05,fb9b8291-436d-59e2-9142-fe72c096a4a5,Alex Bregman,57215789-8702-5d78-8c77-21a23c10f033,3B,False,True,Chicago Cubs,Cleveland Guardians,away,0,0,0,0,5,0,1,1,0,0,0,0,0,,,,,,,,,,,,
2026-04-05,fb9b8291-436d-59e2-9142-fe72c096a4a5,Michael Busch,6b4e85c9-9b0c-5203-9474-01388c3cb9e8,1B,False,True,Chicago Cubs,Cleveland Guardians,away,0,0,0,0,4,0,1,1,0,0,0,0,0,,,,,,,,,,,,
2026-04-05,fb9b8291-436d-59e2-9142-fe72c096a4a5,Carson Kelly,43b2a60b-2ced-5c09-beab-347f4863ab11,C,False,True,Chicago Cubs,Cleveland Guardians,away,1,0,0,0,5,1,1,2,0,1,0,2,1,,,,,,,,,,,,
2026-04-05,fb9b8291-436d-59e2-9142-fe72c096a4a5,Pete Crow-Armstrong,6e75f4ef-3025-5851-bb55-3a587c5f54a5,CF,False,True,Chicago Cubs,Cleveland Guardians,away,1,0,0,0,4,1,0,0,0,0,0,1,1,,,,,,,,,,,,
2026-04-05,fb9b8291-436d-59e2-9142-fe72c096a4a5,Jacob Webb,ca8696cb-c1cb-5236-87ba-e060231053af,P,True,False,Chicago Cubs,Cleveland Guardians,away,,,,,,,,,,,,,,0.1,1,0,1,3,1,3,,20,3,0.0,0.0
2026-04-05,fb9b8291-436d-59e2-9142-fe72c096a4a5,Moisés Ballesteros,c41e0ec5-9f1c-57a3-96c5-193ca0c2275e,PH,False,False,Chicago Cubs,Cleveland Guardians,away,0,0,0,0,1,0,0,1,0,0,0,0,0,,,,,,,,,,,,
2026-04-05,fb9b8291-436d-59e2-9142-fe72c096a4a5,Dansby Swanson,e20a9fc7-6766-5d06-b4c8-8cf51b6d7308,SS,False,True,Chicago Cubs,Cleveland Guardians,away,0,0,0,1,4,1,0,2,0,1,2,4,4,,,,,,,,,,,,
2026-04-05,fb9b8291-436d-59e2-9142-fe72c096a4a5,Nico Hoerner,b69bc55a-ea5c-59ee-bf5a-3a765fe9aa2a,2B,False,True,Chicago Cubs,Cleveland Guardians,away,0,1,0,0,5,1,2,0,0,1,0,2,2,,,,,,,,,,,,
2026-04-05,fb9b8291-436d-59e2-9142-fe72c096a4a5,Ben Brown,ac8b0e21-6d0a-5954-942c-a1b4c8382f01,P,True,False,Chicago Cubs,Cleveland Guardians,away,,,,,,,,,,,,,,2,6,0,2,2,0,2,,42,2,0.0,0.0
2026-04-05,fb9b8291-436d-59e2-9142-fe72c096a4a5,Matt Shaw,0e584e95-3d75-5986-9cb2-4451b4d945cf,RF,False,True,Chicago Cubs,Cleveland Guardians,away,0,0,0,1,4,1,1,1,0,1,1,3,4,,,,,,,,,,,,
2026-04-05,8f4a66a2-bdc3-5fb5-9fcd-bcd1e2e9404d,Nick Yorke,1ec28c26-6eac-5cd2-a2ff-00200609c539,3B,False,True,Pittsburgh Pirates,Baltimore Orioles,home,1,0,0,0,4,1,0,1,0,0,0,1,1,,,,,,,,,,,,
2026-04-05,8f4a66a2-bdc3-5fb5-9fcd-bcd1e2e9404d,Spencer Horwitz,d94f34aa-a84a-53a8-b552-cc31e58a6ff4,1B,False,True,Pittsburgh Pirates,Baltimore Orioles,home,1,0,0,0,4,1,2,0,0,1,0,2,1,,,,,,,,,,,,
2026-04-05,8f4a66a2-bdc3-5fb5-9fcd-bcd1e2e9404d,Brandon Lowe,01a36894-6133-59b2-8a70-8948f1acd43b,2B,False,True,Pittsburgh Pirates,Baltimore Orioles,home,1,0,0,0,5,1,0,0,0,1,0,2,1,,,,,,,,,,,,
2026-04-05,8f4a66a2-bdc3-5fb5-9fcd-bcd1e2e9404d,Bryan Reynolds,141b2899-de5b-5dc9-b9f4-e519b8211bb2,DH,False,False,Pittsburgh Pirates,Baltimore Orioles,home,0,0,0,0,5,0,2,0,0,1,1,2,0,,,,,,,,,,,,
2026-04-05,8f4a66a2-bdc3-5fb5-9fcd-bcd1e2e9404d,Oneil Cruz,508aae39-e756-5c0b-aceb-61dcb5848fe3,CF,False,True,Pittsburgh Pirates,Baltimore Orioles,home,1,0,0,1,5,2,0,0,0,2,3,7,5,,,,,,,,,,,,
2026-04-05,8f4a66a2-bdc3-5fb5-9fcd-bcd1e2e9404d,Mason Montgomery,bf255648-f3aa-5cc8-887d-d43df9b2d453,P,True,False,Pittsburgh Pirates,Baltimore Orioles,home,,,,,,,,,,,,,,1,3,3,0,3,0,1,,25,1,1.0,27.0
2026-04-05,8f4a66a2-bdc3-5fb5-9fcd-bcd1e2e9404d,Jake Mangum,28a2c33a-c9b3-5e75-a2ba-70873536bb5e,LF,False,True,Pittsburgh Pirates,Baltimore Orioles,home,2,0,0,0,4,2,0,0,0,2,0,4,2,,,,,,,,,,,,
2026-04-05,8f4a66a2-bdc3-5fb5-9fcd-bcd1e2e9404d,Billy Cook,5b749f94-01ec-5c92-96f9-666b6cb896c7,RF,False,False,Pittsburgh Pirates,Baltimore Orioles,home,0,0,0,0,0,0,0,0,0,0,0,0,0,,,,,,,,,,,,
2026-04-05,8f4a66a2-bdc3-5fb5-9fcd-bcd1e2e9404d,Henry Davis,0f944710-fb93-58f9-bdbf-2ecc18548deb,C,False,True,Pittsburgh Pirates,Baltimore Orioles,home,1,0,0,0,4,1,0,0,0,0,0,1,1,,,,,,,,,,,,
2026-04-05,8f4a66a2-bdc3-5fb5-9fcd-bcd1e2e9404d,José Urquidy,cdae4ce4-252e-5a1b-9ea1-670b17e7cc71,P,True,False,Pittsburgh Pirates,Baltimore Orioles,home,,,,,,,,,,,,,,2,6,3,0,1,0,0,,31,0,0.5,13.5
2026-04-05,8f4a66a2-bdc3-5fb5-9fcd-bcd1e2e9404d,Konnor Griffin,5a897113-adf9-5343-8f9d-15a2e37ba682,SS,False,True,Pittsburgh Pirates,Baltimore Orioles,home,0,0,0,0,4,0,1,1,0,0,0,0,0,,,,,,,,,,,,
2026-04-05,8f4a66a2-bdc3-5fb5-9fcd-bcd1e2e9404d,Ryan O'Hearn,bffaa283-7254-53ef-91d3-5520a44d1888,RF,False,True,Pittsburgh Pirates,Baltimore Orioles,home,0,1,0,1,5,2,0,1,0,1,4,7,6,,,,,,,,,,,,
2026-04-05,8f4a66a2-bdc3-5fb5-9fcd-bcd1e2e9404d,Braxton Ashcraft,2c711a83-35d1-5a49-94c8-b4be78da7ddd,P,True,True,Pittsburgh Pirates,Baltimore Orioles,home,,,,,,,,,,,,,,6,18,8,0,4,0,1,,87,1,0.4444444444444444,12.0
2026-04-05,8f4a66a2-bdc3-5fb5-9fcd-bcd1e2e9404d,Jeremiah Jackson,79a8c5e7-b511-5a4a-a093-00ac948ae519,2B,False,True,Baltimore Orioles,Pittsburgh Pirates,away,1,0,0,0,3,1,0,0,0,0,1,2,1,,,,,,,,,,,,
2026-04-05,8f4a66a2-bdc3-5fb5-9fcd-bcd1e2e9404d,Samuel Basallo,e2832358-42f4-5d2e-b14c-498693dbb679,C,False,True,Baltimore Orioles,Pittsburgh Pirates,away,0,0,0,0,4,0,0,4,0,0,0,0,0,,,,,,,,,,,,
2026-04-05,8f4a66a2-bdc3-5fb5-9fcd-bcd1e2e9404d,Cade Povich,f4b51ddc-8857-56da-b374-d0d50f189a94,P,True,False,Baltimore Orioles,Pittsburgh Pirates,away,,,,,,,,,,,,,,5.2,17,2,3,4,1,2,,87,2,0.11764705882352941,3.176470588235294
2026-04-05,8f4a66a2-bdc3-5fb5-9fcd-bcd1e2e9404d,Gunnar Henderson,8dd2ac6f-561c-5af1-b076-5e81f0f4e199,SS,False,True,Baltimore Orioles,Pittsburgh Pirates,away,0,0,0,0,4,0,0,1,0,0,0,0,0,,,,,,,,,,,,
2026-04-05,8f4a66a2-bdc3-5fb5-9fcd-bcd1e2e9404d,Leody Taveras,3ec5beae-5884-53b2-80db-f719fafea82c,CF,False,True,Baltimore Orioles,Pittsburgh Pirates,away,1,0,0,0,3,1,0,2,0,0,0,1,1,,,,,,,,,,,,
2026-04-05,8f4a66a2-bdc3-5fb5-9fcd-bcd1e2e9404d,Taylor Ward,ecd13d9a-09c8-5341-a9c1-42cd969b9bfd,LF,False,True,Baltimore Orioles,Pittsburgh Pirates,away,2,1,0,0,4,3,0,1,0,1,0,4,4,,,,,,,,,,,,
2026-04-05,8f4a66a2-bdc3-5fb5-9fcd-bcd1e2e9404d,Dylan Beavers,6713c09d-171a-5996-8551-2d6cbdcc460f,DH,False,False,Baltimore Orioles,Pittsburgh Pirates,away,1,0,0,0,4,1,0,1,0,0,0,1,1,,,,,,,,,,,,
2026-04-05,8f4a66a2-bdc3-5fb5-9fcd-bcd1e2e9404d,Chris Bassitt,a9dc42ef-c20a-51ef-99f4-67881760bd44,P,True,True,Baltimore Orioles,Pittsburgh Pirates,away,,,,,,,,,,,,,,2,6,0,2,6,1,6,,62,6,0.0,0.0
2026-04-05,8f4a66a2-bdc3-5fb5-9fcd-bcd1e2e9404d,Tyler O'Neill,22618000-6c22-5a37-9298-4ff8d51174b1,RF,False,True,Baltimore Orioles,Pittsburgh Pirates,away,1,0,0,0,4,1,0,2,0,1,0,2,1,,,,,,,,,,,,
2026-04-05,8f4a66a2-bdc3-5fb5-9fcd-bcd1e2e9404d,Blaze Alexander,06fa37f7-11f0-5e44-b028-6e4b58efaaa5,3B,False,True,Baltimore Orioles,Pittsburgh Pirates,away,0,0,0,0,3,0,0,2,0,0,0,0,0,,,,,,,,,,,,
2026-04-05,8f4a66a2-bdc3-5fb5-9fcd-bcd1e2e9404d,Pete Alonso,a706e53c-3e74-5675-9f67-a2114ac0ab94,1B,False,True,Baltimore Orioles,Pittsburgh Pirates,away,0,1,0,0,4,1,0,1,0,0,1,2,2,,,,,,,,,,,,
2026-04-05,8f4a66a2-bdc3-5fb5-9fcd-bcd1e2e9404d,Yennier Cano,9afc79b0-0758-5ecf-9c65-0be52b7b0603,P,True,False,Baltimore Orioles,Pittsburgh Pirates,away,,,,,,,,,,,,,,0.1,1,1,0,0,0,0,,7,0,1.0,27.0
2026-04-05,84fb1244-f38d-5a20-86c6-25d39cc68a9c,Brady House,9feee2d5-f011-5be3-91f0-b7e2597e0107,3B,False,False,Washington Nationals,Los Angeles Dodgers,home,0,0,0,0,1,0,0,1,0,0,0,0,0,,,,,,,,,,,,
2026-04-05,84fb1244-f38d-5a20-86c6-25d39cc68a9c,CJ Abrams,41388dc3-6936-557e-b1ee-d12bd42cb0ef,SS,False,True,Washington Nationals,Los Angeles Dodgers,home,1,0,0,0,4,1,1,1,1,1,0,2,1,,,,,,,,,,,,
2026-04-05,84fb1244-f38d-5a20-86c6-25d39cc68a9c,Nasim Nuñez,30523871-5578-5f5a-850f-d3e42eaec507,2B,False,True,Washington Nationals,Los Angeles Dodgers,home,1,0,0,0,5,1,1,0,2,0,0,1,1,,,,,,,,,,,,
2026-04-05,84fb1244-f38d-5a20-86c6-25d39cc68a9c,Andre Granillo,6b2d9df2-91e3-53c5-94f2-5c984afe5372,P,True,False,Washington Nationals,Los Angeles Dodgers,home,,,,,,,,,,,,,,0.1,1,0,0,0,0,0,,8,0,0.0,0.0
2026-04-05,84fb1244-f38d-5a20-86c6-25d39cc68a9c,Drew Millas,4ed01cdc-a11e-5925-ae16-e8eef2ecabea,C,False,False,Washington Nationals,Los Angeles Dodgers,home,0,0,0,0,0,0,0,0,0,0,0,0,0,,,,,,,,,,,,
2026-04-05,84fb1244-f38d-5a20-86c6-25d39cc68a9c,Jorbit Vivas,fdbd86ba-3c8c-5410-8547-5624b69d521e,3B,False,True,Washington Nationals,Los Angeles Dodgers,home,1,0,0,0,3,1,1,1,0,0,0,1,1,,,,,,,,,,,,
2026-04-05,84fb1244-f38d-5a20-86c6-25d39cc68a9c,Joey Wiemer,25dc5f48-c6df-51d8-9751-71b23bc9ae81,CF,False,True,Washington Nationals,Los Angeles Dodgers,home,0,0,0,0,4,0,0,2,0,0,0,0,0,,,,,,,,,,,,
2026-04-05,84fb1244-f38d-5a20-86c6-25d39cc68a9c,PJ Poulin,2aa6d4e2-dd19-565e-bf81-e69997422391,P,True,False,Washington Nationals,Los Angeles Dodgers,home,,,,,,,,,,,,,,2,6,2,0,2,1,2,,34,2,0.3333333333333333,9.0
2026-04-05,84fb1244-f38d-5a20-86c6-25d39cc68a9c,Clayton Beeter,168cbdf2-0cbc-523b-b71b-7d1cbd6ca75f,P,True,False,Washington Nationals,Los Angeles Dodgers,home,,,,,,,,,,,,,,1.2,5,2,0,1,1,1,,25,1,0.4,10.799999999999999
2026-04-05,84fb1244-f38d-5a20-86c6-25d39cc68a9c,Curtis Mead,de63b36a-f5df-5a64-8245-6fab9e96c9d5,DH,False,False,Washington Nationals,Los Angeles Dodgers,home,0,0,0,0,2,0,1,0,0,0,0,0,0,,,,,,,,,,,,
2026-04-05,84fb1244-f38d-5a20-86c6-25d39cc68a9c,Daylen Lile,3b2cb564-a3bb-5ec4-8464-227b212049f9,LF,False,True,Washington Nationals,Los Angeles Dodgers,home,0,0,0,0,4,0,0,1,0,0,0,0,0,,,,,,,,,,,,
2026-04-05,84fb1244-f38d-5a20-86c6-25d39cc68a9c,Cionel Pérez,d2691e4c-4847-5ed0-8a86-e5bb2072e5be,P,True,False,Washington Nationals,Los Angeles Dodgers,home,,,,,,,,,,,,,,0,0,0,2,3,0,4,,20,4,,
2026-04-05,84fb1244-f38d-5a20-86c6-25d39cc68a9c,José Tena,f88f88e8-a622-5f2d-95ca-0973e791aca0,DH,False,False,Washington Nationals,Los Angeles Dodgers,home,1,0,0,0,2,1,0,0,0,1,0,2,1,,,,,,,,,,,,
2026-04-05,84fb1244-f38d-5a20-86c6-25d39cc68a9c,James Wood,3089b190-81f6-5e6c-ba91-a8d4cdf0be3a,RF,False,True,Washington Nationals,Los Angeles Dodgers,home,0,0,0,1,5,1,1,1,0,2,3,6,4,,,,,,,,,,,,
2026-04-05,84fb1244-f38d-5a20-86c6-25d39cc68a9c,Jacob Young,d263f19b-c5d6-523a-bc57-bce7884eb99a,PH,False,False,Washington Nationals,Los Angeles Dodgers,home,0,0,0,0,1,0,0,0,0,0,0,0,0,,,,,,,,,,,,
2026-04-05,84fb1244-f38d-5a20-86c6-25d39cc68a9c,Keibert Ruiz,a4dd05cb-9c56-52ce-9bc2-926ec2042d88,C,False,True,Washington Nationals,Los Angeles Dodgers,home,1,0,0,0,3,1,0,0,0,1,1,3,1,,,,,,,,,,,,
2026-04-05,84fb1244-f38d-5a20-86c6-25d39cc68a9c,Foster Griffin,63a7f4b1-f728-54cf-b050-1aaf0d692452,P,True,True,Washington Nationals,Los Angeles Dodgers,home,,,,,,,,,,,,,,5,15,6,3,5,1,1,,95,1,0.4,10.8
2026-04-05,84fb1244-f38d-5a20-86c6-25d39cc68a9c,Luis García Jr.,a615adb8-655d-531d-a63e-5a267e66845b,1B,False,True,Washington Nationals,Los Angeles Dodgers,home,0,0,0,1,5,1,0,1,0,1,2,4,4,,,,,,,,,,,,
2026-04-05,84fb1244-f38d-5a20-86c6-25d39cc68a9c,Will Smith,a99e1cc5-b7ce-57f3-b25f-a35eb434a138,C,False,False,Los Angeles Dodgers,Washington Nationals,away,0,0,0,0,1,0,1,0,0,0,0,0,0,,,,,,,,,,,,
2026-04-05,84fb1244-f38d-5a20-86c6-25d39cc68a9c,Dalton Rushing,d49e7d8f-8d2e-518f-a9d4-502538f99c0d,C,False,True,Los Angeles Dodgers,Washington Nationals,away,0,0,0,1,3,1,0,1,0,1,2,4,4,,,,,,,,,,,,
2026-04-05,84fb1244-f38d-5a20-86c6-25d39cc68a9c,Alex Vesia,0d1c034e-4fd3-536d-943b-763c44bb1684,P,True,False,Los Angeles Dodgers,Washington Nationals,away,,,,,,,,,,,,,,1,3,0,1,1,0,0,,17,0,0.0,0.0
2026-04-05,84fb1244-f38d-5a20-86c6-25d39cc68a9c,Kyle Tucker,2de01d55-4dd3-5bc3-b8e2-7859bbfdb79f,PH,False,False,Los Angeles Dodgers,Washington Nationals,away,0,0,0,0,1,0,0,0,0,0,1,1,0,,,,,,,,,,,,
2026-04-05,84fb1244-f38d-5a20-86c6-25d39cc68a9c,Freddie Freeman,6ddad2d6-c3a0-5592-8632-a05db59af193,1B,False,True,Los Angeles Dodgers,Washington Nationals,away,1,0,0,0,5,1,0,0,0,1,0,2,1,,,,,,,,,,,,
2026-04-05,84fb1244-f38d-5a20-86c6-25d39cc68a9c,Hyeseong Kim,f479d901-69d0-5cad-b7c8-aed3bc6d86d7,2B,False,False,Los Angeles Dodgers,Washington Nationals,away,0,0,0,0,0,0,0,0,0,0,0,0,0,,,,,,,,,,,,
2026-04-05,84fb1244-f38d-5a20-86c6-25d39cc68a9c,Tanner Scott,6e873ad9-8cda-5a19-8663-0e88694246cd,P,True,False,Los Angeles Dodgers,Washington Nationals,away,,,,,,,,,,,,,,1,3,1,0,1,0,0,,15,0,0.3333333333333333,9.0
2026-04-05,84fb1244-f38d-5a20-86c6-25d39cc68a9c,Santiago Espinal,a6051a2b-8e43-5f32-94c1-a080049150ea,3B,False,True,Los Angeles Dodgers,Washington Nationals,away,1,0,0,0,4,1,0,0,0,1,2,4,1,,,,,,,,,,,,
2026-04-05,84fb1244-f38d-5a20-86c6-25d39cc68a9c,Shohei Ohtani,c4531087-0c95-5e6e-8d3c-604e0b0fc776,DH,False,False,Los Angeles Dodgers,Washington Nationals,away,0,1,0,1,5,2,0,1,0,1,2,5,6,,,,,,,,,,,,
2026-04-05,84fb1244-f38d-5a20-86c6-25d39cc68a9c,Teoscar Hernández,963905ee-cf72-5886-afd2-4e77a95c6134,LF,False,True,Los Angeles Dodgers,Washington Nationals,away,1,0,0,1,5,2,1,1,0,1,1,4,5,,,,,,,,,,,,
2026-04-05,84fb1244-f38d-5a20-86c6-25d39cc68a9c,Andy Pages,1057dfe8-f4c3-58d4-be2b-63d4efdf2228,CF,False,True,Los Angeles Dodgers,Washington Nationals,away,0,1,0,0,5,1,1,3,0,1,0,2,2,,,,,,,,,,,,
2026-04-05,84fb1244-f38d-5a20-86c6-25d39cc68a9c,Edwin Díaz,db69f7af-a25a-5a9e-805b-35535e3b45ed,P,True,False,Los Angeles Dodgers,Washington Nationals,away,,,,,,,,,,,,,,1,3,1,0,0,0,0,,13,0,0.3333333333333333,9.0
2026-04-05,84fb1244-f38d-5a20-86c6-25d39cc68a9c,Alex Call,5f08248b-5277-5287-86f6-a8b1f95cd171,RF,False,True,Los Angeles Dodgers,Washington Nationals,away,1,1,0,0,5,2,2,0,0,2,0,4,3,,,,,,,,,,,,
2026-04-05,84fb1244-f38d-5a20-86c6-25d39cc68a9c,Miguel Rojas,daef22b8-e349-5c2a-baf6-493ad8567907,SS,False,True,Los Angeles Dodgers,Washington Nationals,away,1,0,0,0,5,1,0,2,0,0,0,1,1,,,,,,,,,,,,
2026-04-05,84fb1244-f38d-5a20-86c6-25d39cc68a9c,Jack Dreyer,484819ba-27e1-5084-a8c3-a36e35b180f4,P,True,False,Los Angeles Dodgers,Washington Nationals,away,,,,,,,,,,,,,,1,3,1,1,0,0,0,,16,0,0.3333333333333333,9.0
2026-04-05,84fb1244-f38d-5a20-86c6-25d39cc68a9c,Roki Sasaki,e0ca0740-f31a-56b0-9a41-615dc8d84dfa,P,True,True,Los Angeles Dodgers,Washington Nationals,away,,,,,,,,,,,,,,5,15,5,3,5,2,6,,90,6,0.3333333333333333,9.0
2026-04-05,84fb1244-f38d-5a20-86c6-25d39cc68a9c,Alex Freeland,ba5ee049-6fb5-5806-9480-5a14650880ba,2B,False,True,Los Angeles Dodgers,Washington Nationals,away,0,0,0,0,3,0,0,2,0,0,0,0,0,,,,,,,,,,,,
2026-04-05,b8366900-d66d-574a-8792-f4c9413af53e,José Caballero,3f93b7e1-37f4-53fe-bb17-5a7915995b76,SS,False,True,New York Yankees,Miami Marlins,home,0,0,0,0,4,0,0,0,0,0,0,0,0,,,,,,,,,,,,
2026-04-05,b8366900-d66d-574a-8792-f4c9413af53e,Ryan Yarbrough,0cf9706a-c354-58a8-9db8-d82762d72390,P,True,False,New York Yankees,Miami Marlins,home,,,,,,,,,,,,,,1.2,5,3,0,1,0,0,,23,0,0.6,16.2
2026-04-05,b8366900-d66d-574a-8792-f4c9413af53e,Aaron Judge,e0e52a0f-4e54-5f0c-b584-6ec85c33c7f7,RF,False,True,New York Yankees,Miami Marlins,home,1,1,0,0,5,2,0,1,0,2,0,4,3,,,,,,,,,,,,
2026-04-05,b8366900-d66d-574a-8792-f4c9413af53e,Ryan McMahon,d0d749e6-fb57-548c-9393-e889a94c8291,3B,False,True,New York Yankees,Miami Marlins,home,1,0,0,0,4,1,1,1,0,0,0,1,1,,,,,,,,,,,,
2026-04-05,b8366900-d66d-574a-8792-f4c9413af53e,Austin Wells,2e880dd6-2476-55d3-990b-4d3f66d3f496,C,False,True,New York Yankees,Miami Marlins,home,0,0,0,0,5,0,1,2,0,0,0,0,0,,,,,,,,,,,,
2026-04-05,b8366900-d66d-574a-8792-f4c9413af53e,Ben Rice,f7714f04-8c9d-5c9a-b8bb-0f423271af17,1B,False,True,New York Yankees,Miami Marlins,home,0,0,0,1,5,1,3,0,0,2,3,6,4,,,,,,,,,,,,
2026-04-05,b8366900-d66d-574a-8792-f4c9413af53e,Fernando Cruz,d385d787-f0ae-5bba-bf3f-b2fc35d2781a,P,True,False,New York Yankees,Miami Marlins,home,,,,,,,,,,,,,,0.2,2,2,1,0,0,1,,16,1,1.0,27.0
2026-04-05,b8366900-d66d-574a-8792-f4c9413af53e,J.C. Escarra,7aa8e492-d58d-5b4b-887e-3b5ed373a5eb,PH,False,False,New York Yankees,Miami Marlins,home,0,0,0,0,1,0,0,1,0,0,0,0,0,,,,,,,,,,,,
2026-04-05,b8366900-d66d-574a-8792-f4c9413af53e,Cody Bellinger,04e3eefb-9d41-548f-ba06-60abe4b82454,LF,False,True,New York Yankees,Miami Marlins,home,0,0,0,0,5,0,3,0,0,1,0,1,0,,,,,,,,,,,,
2026-04-05,b8366900-d66d-574a-8792-f4c9413af53e,Giancarlo Stanton,3d9084cc-f18f-50e5-944a-c1eaa74fa2a2,DH,False,False,New York Yankees,Miami Marlins,home,2,0,0,0,5,2,0,2,0,0,0,2,2,,,,,,,,,,,,
2026-04-05,b8366900-d66d-574a-8792-f4c9413af53e,Jazz Chisholm Jr.,bce3e6ee-1f99-5f80-90fb-c8d538c9d546,2B,False,True,New York Yankees,Miami Marlins,home,0,1,0,0,5,1,0,0,0,0,2,3,2,,,,,,,,,,,,
2026-04-05,b8366900-d66d-574a-8792-f4c9413af53e,Max Fried,b15a3262-815d-5ccd-bdce-d39b2a483637,P,True,True,New York Yankees,Miami Marlins,home,,,,,,,,,,,,,,6.2,20,4,3,5,0,3,,103,3,0.2,5.3999999999999995
2026-04-05,b8366900-d66d-574a-8792-f4c9413af53e,Jake Bird,d2ef55af-9ebd-515d-b27b-ccb1e987a57a,P,True,False,New York Yankees,Miami Marlins,home,,,,,,,,,,,,,,0,0,0,1,1,0,3,,10,3,,
2026-04-05,b8366900-d66d-574a-8792-f4c9413af53e,Trent Grisham,6c818210-215a-5a0f-94c1-d805ae6b416f,CF,False,True,New York Yankees,Miami Marlins,home,0,0,0,0,5,0,1,2,0,1,0,1,0,,,,,,,,,,,,
2026-04-05,b8366900-d66d-574a-8792-f4c9413af53e,Griffin Conine,e3341070-8797-525f-ac18-fe883727cad8,LF,False,False,Miami Marlins,New York Yankees,away,0,0,0,0,1,0,0,0,0,1,0,1,0,,,,,,,,,,,,
2026-04-05,b8366900-d66d-574a-8792-f4c9413af53e,Pete Fairbanks,71b3e27a-054a-5ba4-9a8f-f19ec5e37249,P,True,True,Miami Marlins,New York Yankees,away,,,,,,,,,,,,,,1,3,1,1,3,1,3,,27,3,0.3333333333333333,9.0
2026-04-05,b8366900-d66d-574a-8792-f4c9413af53e,Heriberto Hernández,4be49799-348b-535b-b44d-1a42d82eb903,LF,False,True,Miami Marlins,New York Yankees,away,0,0,0,0,3,0,0,0,0,0,1,1,0,,,,,,,,,,,,
2026-04-05,b8366900-d66d-574a-8792-f4c9413af53e,Jakob Marsee,0af43782-4c0c-52a9-94e2-9d9a6da68ce7,CF,False,True,Miami Marlins,New York Yankees,away,0,0,0,0,5,0,2,2,0,2,0,2,0,,,,,,,,,,,,
2026-04-05,b8366900-d66d-574a-8792-f4c9413af53e,Calvin Faucher,c8a18109-5049-5421-abbc-a265039766c8,P,True,False,Miami Marlins,New York Yankees,away,,,,,,,,,,,,,,1,3,1,1,0,0,0,,23,0,0.3333333333333333,9.0
2026-04-05,b8366900-d66d-574a-8792-f4c9413af53e,John King,1e82ccc2-5545-5f6f-bbf4-4331954cd078,P,True,False,Miami Marlins,New York Yankees,away,,,,,,,,,,,,,,0.1,1,0,0,0,0,0,,5,0,0.0,0.0
2026-04-05,b8366900-d66d-574a-8792-f4c9413af53e,Javier Sanoja,acccf65d-36f3-5f61-99bf-e798a2a4f76d,3B,False,True,Miami Marlins,New York Yankees,away,0,0,0,0,4,0,0,1,0,0,0,0,0,,,,,,,,,,,,
2026-04-05,b8366900-d66d-574a-8792-f4c9413af53e,Xavier Edwards,c495c968-61ae-5861-89a0-df7170538ff7,2B,False,True,Miami Marlins,New York Yankees,away,1,1,0,0,4,2,0,0,1,0,3,5,3,,,,,,,,,,,,
2026-04-05,b8366900-d66d-574a-8792-f4c9413af53e,Graham Pauley,606dcc64-c72e-5d4a-9d8c-d61117112980,1B,False,False,Miami Marlins,New York Yankees,away,0,1,0,0,1,1,0,0,0,1,2,4,2,,,,,,,,,,,,
2026-04-05,b8366900-d66d-574a-8792-f4c9413af53e,Liam Hicks,0d5739d9-0891-5f5a-b4f5-07b6afa2f305,C,False,True,Miami Marlins,New York Yankees,away,0,0,0,0,4,0,0,0,0,0,0,0,0,,,,,,,,,,,,
2026-04-05,b8366900-d66d-574a-8792-f4c9413af53e,Anthony Bender,4cbf6703-1158-5b61-bc32-4c4a3e028233,P,True,False,Miami Marlins,New York Yankees,away,,,,,,,,,,,,,,1,3,2,3,1,0,2,,31,2,0.6666666666666666,18.0
2026-04-05,b8366900-d66d-574a-8792-f4c9413af53e,Owen Caissie,6ae28905-0bc7-52c6-ba9c-af2410655745,RF,False,False,Miami Marlins,New York Yankees,away,0,0,0,0,2,0,0,2,0,0,0,0,0,,,,,,,,,,,,
2026-04-05,b8366900-d66d-574a-8792-f4c9413af53e,Agustín Ramírez,c2ec4144-0214-50b3-8140-01ede6f247c1,DH,False,False,Miami Marlins,New York Yankees,away,0,0,0,0,5,0,0,3,0,0,0,0,0,,,,,,,,,,,,
2026-04-05,b8366900-d66d-574a-8792-f4c9413af53e,Connor Norby,5ca1b2d6-2131-5835-989f-db6fc411a6b8,1B,False,True,Miami Marlins,New York Yankees,away,0,0,0,0,3,0,2,0,0,1,0,1,0,,,,,,,,,,,,
2026-04-05,b8366900-d66d-574a-8792-f4c9413af53e,Chris Paddack,b588658b-5a20-5239-83d2-ae932d5b68f3,P,True,False,Miami Marlins,New York Yankees,away,,,,,,,,,,,,,,4.2,14,4,4,3,0,0,,88,1,0.2857142857142857,7.7142857142857135
2026-04-05,b8366900-d66d-574a-8792-f4c9413af53e,Andrew Nardi,2478f896-56e6-548d-ae94-b92ae1afd232,P,True,False,Miami Marlins,New York Yankees,away,,,,,,,,,,,,,,1,3,1,0,0,0,0,,12,0,0.3333333333333333,9.0
2026-04-05,b8366900-d66d-574a-8792-f4c9413af53e,Austin Slater,c3be49f3-e4ef-52f8-b306-784ed1be703e,RF,False,True,Miami Marlins,New York Yankees,away,2,0,0,0,3,2,0,1,1,1,0,3,2,,,,,,,,,,,,
2026-04-05,b8366900-d66d-574a-8792-f4c9413af53e,Otto Lopez,5fd2366a-e489-58b4-8ad3-0c6eaaff57c9,SS,False,True,Miami Marlins,New York Yankees,away,2,0,0,0,4,2,1,0,1,1,1,4,2,,,,,,,,,,,,
2026-04-05,7de96195-b397-52d9-a820-2d95ff2d2f3f,Roman Anthony,c29e1084-a051-5de5-86f7-09b1a3bd64af,DH,False,False,Boston Red Sox,San Diego Padres,home,0,0,0,0,5,0,1,1,0,1,0,1,0,,,,,,,,,,,,
2026-04-05,7de96195-b397-52d9-a820-2d95ff2d2f3f,Willson Contreras,34477b91-95c5-5159-8fc0-73e01ae1d6d9,1B,False,True,Boston Red Sox,San Diego Padres,home,0,0,0,0,5,0,1,2,0,1,0,1,0,,,,,,,,,,,,
2026-04-05,7de96195-b397-52d9-a820-2d95ff2d2f3f,Greg Weissert,faea39b8-a624-5a6f-8b3d-3d1b4a74906a,P,True,False,Boston Red Sox,San Diego Padres,home,,,,,,,,,,,,,,1,3,3,0,2,1,2,,18,2,1.0,27.0
2026-04-05,7de96195-b397-52d9-a820-2d95ff2d2f3f,Trevor Story,cd09b8ad-73fb-5669-8db1-98c5b8a8164a,SS,False,True,Boston Red Sox,San Diego Padres,home,1,0,0,0,5,1,0,2,0,0,0,1,1,,,,,,,,,,,,
2026-04-05,7de96195-b397-52d9-a820-2d95ff2d2f3f,Zack Kelly,217c2b64-3d1e-5112-8f21-e9fc91143b99,P,True,False,Boston Red Sox,San Diego Padres,home,,,,,,,,,,,,,,1,3,0,0,1,0,1,,17,1,0.0,0.0
2026-04-05,7de96195-b397-52d9-a820-2d95ff2d2f3f,Wilyer Abreu,e89e04e9-6e91-5ee7-ae12-04853566c53f,RF,False,True,Boston Red Sox,San Diego Padres,home,1,1,1,0,4,3,0,0,0,2,1,6,6,,,,,,,,,,,,
2026-04-05,7de96195-b397-52d9-a820-2d95ff2d2f3f,Caleb Durbin,bd9f542f-cb6e-5ce8-b85a-8ff891d266f7,3B,False,True,Boston Red Sox,San Diego Padres,home,0,0,0,0,4,0,1,0,0,0,0,0,0,,,,,,,,,,,,
2026-04-05,7de96195-b397-52d9-a820-2d95ff2d2f3f,Ranger Suarez,9eb3d89e-b675-56fa-9c83-9fe566e3425b,P,True,True,Boston Red Sox,San Diego Padres,home,,,,,,,,,,,,,,4,12,2,2,6,0,4,,75,4,0.16666666666666666,4.5
2026-04-05,7de96195-b397-52d9-a820-2d95ff2d2f3f,Tyler Uberstine,1601c073-3642-51bc-a489-c87be4663b9c,P,True,False,Boston Red Sox,San Diego Padres,home,,,,,,,,,,,,,,2.2,8,2,1,3,1,1,,45,1,0.25,6.75
2026-04-05,7de96195-b397-52d9-a820-2d95ff2d2f3f,Carlos Narváez,1322ee1c-36ba-5e0c-a487-1a0e94fe483b,C,False,True,Boston Red Sox,San Diego Padres,home,1,0,0,0,4,1,1,0,0,1,0,2,1,,,,,,,,,,,,
2026-04-05,7de96195-b397-52d9-a820-2d95ff2d2f3f,Jarren Duran,3ac99586-15b6-50c1-816f-075959ebead2,LF,False,True,Boston Red Sox,San Diego Padres,home,0,1,0,0,5,1,0,3,0,1,2,4,2,,,,,,,,,,,,
2026-04-05,7de96195-b397-52d9-a820-2d95ff2d2f3f,Ceddanne Rafaela,15788154-f587-5625-bece-d4a10d870640,CF,False,False,Boston Red Sox,San Diego Padres,home,0,0,0,0,0,0,0,0,0,0,0,0,0,,,,,,,,,,,,
2026-04-05,7de96195-b397-52d9-a820-2d95ff2d2f3f,Masataka Yoshida,ba7252d5-bd01-5d4a-afe2-2252480e2987,LF,False,True,Boston Red Sox,San Diego Padres,home,1,2,0,0,4,3,0,0,1,0,3,6,5,,,,,,,,,,,,
2026-04-05,7de96195-b397-52d9-a820-2d95ff2d2f3f,Danny Coulombe,da39f1d2-559c-5f90-a815-758e9ae145bb,P,True,False,Boston Red Sox,San Diego Padres,home,,,,,,,,,,,,,,0.1,1,0,0,0,0,0,,2,0,0.0,0.0
2026-04-05,7de96195-b397-52d9-a820-2d95ff2d2f3f,Marcelo Mayer,143aaf24-c832-5e23-b59f-4934230805d1,2B,False,True,Boston Red Sox,San Diego Padres,home,0,0,0,0,4,0,0,2,0,0,0,0,0,,,,,,,,,,,,
2026-04-05,7de96195-b397-52d9-a820-2d95ff2d2f3f,Luis Campusano,53ca9cba-a25a-5d0c-ab42-71331575f812,C,False,True,San Diego Padres,Boston Red Sox,away,1,0,0,0,3,1,0,2,0,1,0,2,1,,,,,,,,,,,,
2026-04-05,7de96195-b397-52d9-a820-2d95ff2d2f3f,Freddy Fermin,37406aad-ae18-5be2-8439-0a0b3ab54a22,C,False,False,San Diego Padres,Boston Red Sox,away,0,0,0,0,0,0,0,0,0,0,0,0,0,,,,,,,,,,,,
2026-04-05,7de96195-b397-52d9-a820-2d95ff2d2f3f,Mason Miller,aa48482d-99f3-59cc-89f4-84b9eb7d405e,P,True,False,San Diego Padres,Boston Red Sox,away,,,,,,,,,,,,,,1,3,3,0,0,0,0,,12,0,1.0,27.0
2026-04-05,7de96195-b397-52d9-a820-2d95ff2d2f3f,Wandy Peralta,a4a3f6aa-e899-5b8e-b540-0ed13e5902e1,P,True,False,San Diego Padres,Boston Red Sox,away,,,,,,,,,,,,,,0.1,1,0,0,2,0,1,,10,1,0.0,0.0
2026-04-05,7de96195-b397-52d9-a820-2d95ff2d2f3f,Nick Castellanos,95dea803-893e-5754-9f60-c470b45cd25b,1B,False,True,San Diego Padres,Boston Red Sox,away,1,0,0,0,3,1,0,0,0,0,2,3,1,,,,,,,,,,,,
2026-04-05,7de96195-b397-52d9-a820-2d95ff2d2f3f,Walker Buehler,2add6adf-3ed7-5112-82d7-3abce8492d11,P,True,True,San Diego Padres,Boston Red Sox,away,,,,,,,,,,,,,,2.2,8,4,3,3,0,4,,61,4,0.5,13.5
2026-04-05,7de96195-b397-52d9-a820-2d95ff2d2f3f,Jackson Merrill,0b80ef12-9566-5b94-973d-d1151b0e69ac,CF,False,True,San Diego Padres,Boston Red Sox,away,2,0,0,1,5,3,0,0,0,3,2,8,6,,,,,,,,,,,,
2026-04-05,7de96195-b397-52d9-a820-2d95ff2d2f3f,Bradgley Rodriguez,8092bd40-b0b9-55be-8319-2473dec40230,P,True,False,San Diego Padres,Boston Red Sox,away,,,,,,,,,,,,,,1.2,5,2,0,3,0,1,,25,1,0.4,10.799999999999999
2026-04-05,7de96195-b397-52d9-a820-2d95ff2d2f3f,Jeremiah Estrada,ee6fb957-7f4c-5dfe-ae02-b44359338c92,P,True,False,San Diego Padres,Boston Red Sox,away,,,,,,,,,,,,,,1,3,1,0,0,0,0,,13,0,0.3333333333333333,9.0
2026-04-05,7de96195-b397-52d9-a820-2d95ff2d2f3f,Gavin Sheets,5f058b73-019c-573c-b5f2-d01f2e56cd0b,PH,False,False,San Diego Padres,Boston Red Sox,away,0,1,0,0,1,1,0,0,0,1,0,2,2,,,,,,,,,,,,
2026-04-05,7de96195-b397-52d9-a820-2d95ff2d2f3f,Ramón Laureano,dabca3a1-56c7-5218-8ab7-31a707ea9795,LF,False,True,San Diego Padres,Boston Red Sox,away,0,0,0,0,5,0,0,1,0,0,0,0,0,,,,,,,,,,,,
2026-04-05,7de96195-b397-52d9-a820-2d95ff2d2f3f,Manny Machado,a9385e18-b1c3-52e8-b03b-b70d1f8a34af,3B,False,True,San Diego Padres,Boston Red Sox,away,1,0,0,1,4,2,0,1,0,2,3,7,5,,,,,,,,,,,,
2026-04-05,7de96195-b397-52d9-a820-2d95ff2d2f3f,Miguel Andujar,48554c1a-0b60-5739-aad2-0ff058b6d880,DH,False,False,San Diego Padres,Boston Red Sox,away,0,0,0,0,4,0,1,2,0,0,0,0,0,,,,,,,,,,,,
2026-04-05,7de96195-b397-52d9-a820-2d95ff2d2f3f,Ty France,e151e020-3f09-5095-83ad-b79d0d4dcfc2,1B,False,False,San Diego Padres,Boston Red Sox,away,0,0,0,0,1,0,0,0,0,0,0,0,0,,,,,,,,,,,,
2026-04-05,7de96195-b397-52d9-a820-2d95ff2d2f3f,Fernando Tatis Jr.,ac1ed075-5e29-5566-994f-09b1af7af1b9,RF,False,True,San Diego Padres,Boston Red Sox,away,0,1,0,0,5,1,1,1,0,1,1,3,2,,,,,,,,,,,,
2026-04-05,7de96195-b397-52d9-a820-2d95ff2d2f3f,Xander Bogaerts,c2029f6d-a0ef-5980-850b-3d9f8f0ec784,SS,False,True,San Diego Padres,Boston Red Sox,away,2,1,0,0,4,3,1,0,0,0,0,3,4,,,,,,,,,,,,
2026-04-05,7de96195-b397-52d9-a820-2d95ff2d2f3f,Kyle Hart,b864e329-896f-5ad4-a90a-1feee57c0b76,P,True,False,San Diego Padres,Boston Red Sox,away,,,,,,,,,,,,,,2.1,7,0,1,1,0,0,,28,0,0.0,0.0
2026-04-05,7de96195-b397-52d9-a820-2d95ff2d2f3f,Jake Cronenworth,5c3d6bb2-760f-5036-8bd3-805107557a37,2B,False,True,San Diego Padres,Boston Red Sox,away,0,0,0,0,4,0,0,0,0,0,0,0,0,,,,,,,,,,,,
2026-04-05,ff742c48-b78a-52bf-ae78-754e14a500b1,Jonathan India,20949af5-dd03-55d6-a8f3-4a565f24fa02,2B,False,True,Kansas City Royals,Milwaukee Brewers,home,0,0,0,0,4,0,2,0,0,2,0,2,0,,,,,,,,,,,,
2026-04-05,ff742c48-b78a-52bf-ae78-754e14a500b1,Tyler Tolbert,80f5c0bc-8e2b-5c02-8d22-b4e7680f8f1a,2B,False,False,Kansas City Royals,Milwaukee Brewers,home,0,0,0,0,0,0,0,0,0,0,0,0,0,,,,,,,,,,,,
2026-04-05,ff742c48-b78a-52bf-ae78-754e14a500b1,Isaac Collins,c926f529-9700-5e4c-b204-5e60f55503df,LF,False,False,Kansas City Royals,Milwaukee Brewers,home,1,0,0,0,2,1,0,0,0,1,0,2,1,,,,,,,,,,,,
2026-04-05,ff742c48-b78a-52bf-ae78-754e14a500b1,Salvador Perez,fd9f5eef-c0a3-5e7e-9097-e558c01c50b1,C,False,True,Kansas City Royals,Milwaukee Brewers,home,0,1,0,0,4,1,0,0,0,0,0,1,2,,,,,,,,,,,,
2026-04-05,ff742c48-b78a-52bf-ae78-754e14a500b1,Nick Loftin,7decf98a-4daf-5621-aed4-0ed96927b001,LF,False,True,Kansas City Royals,Milwaukee Brewers,home,1,0,0,0,2,1,0,1,0,0,0,1,1,,,,,,,,,,,,
2026-04-05,ff742c48-b78a-52bf-ae78-754e14a500b1,Lucas Erceg,5cc0897c-ad12-5040-91d3-b7b20c9ae0a6,P,True,False,Kansas City Royals,Milwaukee Brewers,home,,,,,,,,,,,,,,1,3,1,1,3,0,2,,30,2,0.3333333333333333,9.0
2026-04-05,ff742c48-b78a-52bf-ae78-754e14a500b1,Kris Bubic,f3b2804e-6b3e-5bea-9e1a-499bf70968ff,P,True,True,Kansas City Royals,Milwaukee Brewers,home,,,,,,,,,,,,,,5,15,8,3,4,1,4,,96,4,0.5333333333333333,14.4
2026-04-05,ff742c48-b78a-52bf-ae78-754e14a500b1,Starling Marte,5d70b9e7-89bf-591f-995a-1a0d74f841a2,RF,False,True,Kansas City Royals,Milwaukee Brewers,home,1,0,0,0,4,1,0,2,0,1,0,2,1,,,,,,,,,,,,
2026-04-05,ff742c48-b78a-52bf-ae78-754e14a500b1,Matt Strahm,0266d0bc-ec47-5b30-a8cd-d7a2b46b4ea6,P,True,False,Kansas City Royals,Milwaukee Brewers,home,,,,,,,,,,,,,,1,3,1,1,2,0,2,,29,2,0.3333333333333333,9.0
2026-04-05,ff742c48-b78a-52bf-ae78-754e14a500b1,Nick Mears,70f533f5-9733-5aeb-b8b8-28907be04653,P,True,False,Kansas City Royals,Milwaukee Brewers,home,,,,,,,,,,,,,,1,3,0,1,1,0,0,,14,0,0.0,0.0
2026-04-05,ff742c48-b78a-52bf-ae78-754e14a500b1,Vinnie Pasquantino,160d1ebf-e65f-5f8e-a25b-00b8001bc198,1B,False,True,Kansas City Royals,Milwaukee Brewers,home,2,0,0,0,5,2,0,1,0,0,2,4,2,,,,,,,,,,,,
2026-04-05,ff742c48-b78a-52bf-ae78-754e14a500b1,Maikel Garcia,31857688-327f-5f07-8b02-bc706fd384b8,3B,False,True,Kansas City Royals,Milwaukee Brewers,home,1,0,0,1,5,2,0,1,0,1,3,6,5,,,,,,,,,,,,
2026-04-05,ff742c48-b78a-52bf-ae78-754e14a500b1,Lane Thomas,92cdc2c8-b253-592c-b50a-1e77572b6053,CF,False,True,Kansas City Royals,Milwaukee Brewers,home,0,0,0,0,4,0,1,0,0,0,0,0,0,,,,,,,,,,,,
2026-04-05,ff742c48-b78a-52bf-ae78-754e14a500b1,Jac Caglianone,ec14685d-e1f1-5cf3-8532-ae72ed66c00b,DH,False,False,Kansas City Royals,Milwaukee Brewers,home,0,0,0,0,4,0,0,3,0,0,0,0,0,,,,,,,,,,,,
2026-04-05,ff742c48-b78a-52bf-ae78-754e14a500b1,Steven Cruz,8094ad84-13c4-5253-8f03-e78cc14cae96,P,True,False,Kansas City Royals,Milwaukee Brewers,home,,,,,,,,,,,,,,1,3,1,2,0,0,0,,16,0,0.3333333333333333,9.0
2026-04-05,ff742c48-b78a-52bf-ae78-754e14a500b1,Bobby Witt Jr.,355275f4-ce4a-5c49-a0e4-cadfa2e8a083,SS,False,True,Kansas City Royals,Milwaukee Brewers,home,1,0,0,0,5,1,1,1,1,0,0,1,1,,,,,,,,,,,,
2026-04-05,ff742c48-b78a-52bf-ae78-754e14a500b1,Luis Rengifo,34a19134-3072-5658-be7e-16d1c8533083,3B,False,True,Milwaukee Brewers,Kansas City Royals,away,0,1,0,0,5,1,0,1,0,1,0,2,2,,,,,,,,,,,,
2026-04-05,ff742c48-b78a-52bf-ae78-754e14a500b1,Joey Ortiz,ebc5a190-639c-5d2c-916f-f393fd5d2c1e,SS,False,True,Milwaukee Brewers,Kansas City Royals,away,0,0,0,0,4,0,0,2,0,0,0,0,0,,,,,,,,,,,,
2026-04-05,ff742c48-b78a-52bf-ae78-754e14a500b1,Christian Yelich,cdd2ad99-f99b-5497-9f00-d1e35f210d18,DH,False,False,Milwaukee Brewers,Kansas City Royals,away,0,1,1,0,5,2,0,1,0,2,1,5,5,,,,,,,,,,,,
2026-04-05,ff742c48-b78a-52bf-ae78-754e14a500b1,Jake Bauers,1edd13e9-ec6a-5f79-8552-5d5fc7103f60,1B,False,False,Milwaukee Brewers,Kansas City Royals,away,0,1,0,0,1,1,0,0,0,1,1,3,2,,,,,,,,,,,,
2026-04-05,ff742c48-b78a-52bf-ae78-754e14a500b1,Abner Uribe,972f6b83-1d18-51f9-ada6-ff947e2760b7,P,True,False,Milwaukee Brewers,Kansas City Royals,away,,,,,,,,,,,,,,0.1,1,1,0,2,0,1,,14,1,1.0,27.0
2026-04-05,ff742c48-b78a-52bf-ae78-754e14a500b1,Grant Anderson,3f3ea281-a8a6-568e-aec9-0bf46ea07edf,P,True,False,Milwaukee Brewers,Kansas City Royals,away,,,,,,,,,,,,,,0.2,2,1,1,2,0,2,,12,2,0.5,13.5
2026-04-05,ff742c48-b78a-52bf-ae78-754e14a500b1,Brandon Lockridge,508f1db4-170c-5cee-ad21-ceb0fed85917,LF,False,True,Milwaukee Brewers,Kansas City Royals,away,1,0,0,0,5,1,2,0,1,1,1,3,1,,,,,,,,,,,,
2026-04-05,ff742c48-b78a-52bf-ae78-754e14a500b1,Kyle Harrison,9e5e3c90-f681-5f6b-a390-9bd266333c23,P,True,True,Milwaukee Brewers,Kansas City Royals,away,,,,,,,,,,,,,,5.1,16,6,2,3,1,2,,90,2,0.375,10.125
2026-04-05,ff742c48-b78a-52bf-ae78-754e14a500b1,Garrett Mitchell,b17ada3b-673f-55c3-b967-d8543791af21,CF,False,False,Milwaukee Brewers,Kansas City Royals,away,0,0,0,0,1,0,1,0,0,0,0,0,0,,,,,,,,,,,,
2026-04-05,ff742c48-b78a-52bf-ae78-754e14a500b1,Blake Perkins,02511963-abbe-57ce-8d51-ad04cd9689b7,RF,False,True,Milwaukee Brewers,Kansas City Royals,away,0,1,0,0,5,1,0,3,1,0,1,2,2,,,,,,,,,,,,
2026-04-05,ff742c48-b78a-52bf-ae78-754e14a500b1,William Contreras,3453e023-6f8f-5212-8105-189c90757865,C,False,True,Milwaukee Brewers,Kansas City Royals,away,1,1,0,0,5,2,2,0,0,1,2,5,3,,,,,,,,,,,,
2026-04-05,ff742c48-b78a-52bf-ae78-754e14a500b1,Brice Turang,8b7764c4-ff5a-5daf-9dc5-044259e0b377,2B,False,True,Milwaukee Brewers,Kansas City Royals,away,0,0,0,0,5,0,2,0,1,1,0,1,0,,,,,,,,,,,,
2026-04-05,ff742c48-b78a-52bf-ae78-754e14a500b1,Luis Matos,5717781c-97da-5aa4-b440-8eb685c2eade,RF,False,True,Milwaukee Brewers,Kansas City Royals,away,1,0,0,0,4,1,0,3,0,0,0,1,1,,,,,,,,,,,,
2026-04-05,ff742c48-b78a-52bf-ae78-754e14a500b1,Gary Sánchez,9122c697-55df-5827-bf89-d1705013c3f7,1B,False,True,Milwaukee Brewers,Kansas City Royals,away,0,0,0,1,4,1,1,1,0,1,2,4,4,,,,,,,,,,,,
2026-04-05,ff742c48-b78a-52bf-ae78-754e14a500b1,Angel Zerpa,c8473f75-9a45-5bfa-9b70-5d34263ddf18,P,True,False,Milwaukee Brewers,Kansas City Royals,away,,,,,,,,,,,,,,1.2,5,1,1,1,0,0,,23,0,0.2,5.3999999999999995
2026-04-05,ff742c48-b78a-52bf-ae78-754e14a500b1,Trevor Megill,6580e536-d23b-51c7-9a77-e4189bd19115,P,True,False,Milwaukee Brewers,Kansas City Royals,away,,,,,,,,,,,,,,1,3,0,0,1,0,0,,12,0,0.0,0.0
2026-04-05,3d9dfca1-e41f-5d55-bc89-c28c6eea91ca,Justin Topa,f695595b-b683-55e9-8396-d2c651a30ad9,P,True,False,Minnesota Twins,Tampa Bay Rays,home,,,,,,,,,,,,,,0.1,1,0,1,2,1,2,,15,3,0.0,0.0
2026-04-05,3d9dfca1-e41f-5d55-bc89-c28c6eea91ca,Kody Clemens,388afaec-b241-58d7-8b05-1e0292aaa5ce,1B,False,True,Minnesota Twins,Tampa Bay Rays,home,0,0,0,0,4,0,0,1,0,0,0,0,0,,,,,,,,,,,,
2026-04-05,3d9dfca1-e41f-5d55-bc89-c28c6eea91ca,Brooks Lee,9e5151e5-7ca3-54b5-906a-035ac2bd117b,SS,False,True,Minnesota Twins,Tampa Bay Rays,home,0,0,0,0,3,0,1,0,0,0,0,0,0,,,,,,,,,,,,
2026-04-05,3d9dfca1-e41f-5d55-bc89-c28c6eea91ca,Austin Martin,2b621d0f-36d2-5e85-800f-c9ea62645109,CF,False,True,Minnesota Twins,Tampa Bay Rays,home,1,0,0,0,3,1,0,1,0,0,0,1,1,,,,,,,,,,,,
2026-04-05,3d9dfca1-e41f-5d55-bc89-c28c6eea91ca,Simeon Woods Richardson,d23c57bb-1d59-5515-a0b7-8f397f0c7944,P,True,True,Minnesota Twins,Tampa Bay Rays,home,,,,,,,,,,,,,,6.2,20,4,2,5,1,1,,88,1,0.2,5.3999999999999995
2026-04-05,3d9dfca1-e41f-5d55-bc89-c28c6eea91ca,Tristan Gray,cda6f186-a450-525a-a396-3c2dddd5cb15,3B,False,True,Minnesota Twins,Tampa Bay Rays,home,0,0,0,0,3,0,0,1,0,0,0,0,0,,,,,,,,,,,,
2026-04-05,3d9dfca1-e41f-5d55-bc89-c28c6eea91ca,Josh Bell,9c4f9447-e182-53d1-9468-d5eed9b0e0f7,PH,False,False,Minnesota Twins,Tampa Bay Rays,home,0,0,0,0,1,0,0,0,0,0,0,0,0,,,,,,,,,,,,
2026-04-05,3d9dfca1-e41f-5d55-bc89-c28c6eea91ca,Ryan Jeffers,9fa0a7d3-5db7-5110-b162-2933bae5edac,C,False,True,Minnesota Twins,Tampa Bay Rays,home,0,0,0,0,4,0,0,1,0,0,0,0,0,,,,,,,,,,,,
2026-04-05,3d9dfca1-e41f-5d55-bc89-c28c6eea91ca,Cole Sands,aaee493c-5d22-52fe-8a1f-8b87a0750522,P,True,False,Minnesota Twins,Tampa Bay Rays,home,,,,,,,,,,,,,,2,6,1,0,1,0,0,,21,0,0.16666666666666666,4.5
2026-04-05,3d9dfca1-e41f-5d55-bc89-c28c6eea91ca,Taylor Rogers,c74a9c59-bc65-5c6a-9529-7f69ff407ca5,P,True,False,Minnesota Twins,Tampa Bay Rays,home,,,,,,,,,,,,,,0.2,2,0,2,0,0,0,,18,0,0.0,0.0
2026-04-05,3d9dfca1-e41f-5d55-bc89-c28c6eea91ca,Kody Funderburk,194f8ff2-a54d-5d6f-b29f-4ada5ae3629b,P,True,False,Minnesota Twins,Tampa Bay Rays,home,,,,,,,,,,,,,,0.1,1,0,0,0,0,0,,3,0,0.0,0.0
2026-04-05,3d9dfca1-e41f-5d55-bc89-c28c6eea91ca,Trevor Larnach,acc8d7d3-6cc6-5ddb-82f7-c51950746185,LF,False,True,Minnesota Twins,Tampa Bay Rays,home,0,0,0,0,4,0,1,0,0,0,0,0,0,,,,,,,,,,,,
2026-04-05,3d9dfca1-e41f-5d55-bc89-c28c6eea91ca,Byron Buxton,f324ed45-2be1-5593-9601-8a1caeabe988,DH,False,False,Minnesota Twins,Tampa Bay Rays,home,0,0,0,0,4,0,0,1,0,0,0,0,0,,,,,,,,,,,,
2026-04-05,3d9dfca1-e41f-5d55-bc89-c28c6eea91ca,Matt Wallner,d29b50b9-0e28-5d0d-b368-6cecc0a7d512,RF,False,True,Minnesota Twins,Tampa Bay Rays,home,1,0,0,1,4,2,0,2,0,1,1,4,5,,,,,,,,,,,,
2026-04-05,3d9dfca1-e41f-5d55-bc89-c28c6eea91ca,Luke Keaschall,cd5f4708-4e8f-5a0f-8347-a323178f906f,2B,False,True,Minnesota Twins,Tampa Bay Rays,home,0,0,0,0,4,0,0,0,0,0,0,0,0,,,,,,,,,,,,
2026-04-05,3d9dfca1-e41f-5d55-bc89-c28c6eea91ca,Richie Palacios,f73a8757-1504-5ae4-bcf4-884ea15f5174,2B,False,True,Tampa Bay Rays,Minnesota Twins,away,1,0,0,1,4,2,1,0,1,1,2,5,5,,,,,,,,,,,,
2026-04-05,3d9dfca1-e41f-5d55-bc89-c28c6eea91ca,Jake Fraley,9f4bcb6d-0f3d-580f-985b-cc730b0a26e5,RF,False,False,Tampa Bay Rays,Minnesota Twins,away,0,0,0,0,1,0,0,0,0,0,0,0,0,,,,,,,,,,,,
2026-04-05,3d9dfca1-e41f-5d55-bc89-c28c6eea91ca,Chandler Simpson,e8a47c28-d0c4-55d9-8402-e290b94ba76d,LF,False,True,Tampa Bay Rays,Minnesota Twins,away,1,0,0,0,5,1,0,0,0,0,0,1,1,,,,,,,,,,,,
2026-04-05,3d9dfca1-e41f-5d55-bc89-c28c6eea91ca,Nick Martinez,cd66fce5-f7f2-52c2-97b4-5bc435b978c9,P,True,True,Tampa Bay Rays,Minnesota Twins,away,,,,,,,,,,,,,,6,18,4,1,1,1,1,,81,1,0.2222222222222222,6.0
2026-04-05,3d9dfca1-e41f-5d55-bc89-c28c6eea91ca,Jonny DeLuca,18e76306-3c90-58e3-8beb-27a4572e4c71,RF,False,True,Tampa Bay Rays,Minnesota Twins,away,0,0,0,0,3,0,0,1,0,0,0,0,0,,,,,,,,,,,,
2026-04-05,3d9dfca1-e41f-5d55-bc89-c28c6eea91ca,Hunter Feduccia,d884053e-cef3-576f-bd4e-54920955e8fe,C,False,True,Tampa Bay Rays,Minnesota Twins,away,1,0,0,0,2,1,1,0,0,0,0,1,1,,,,,,,,,,,,
2026-04-05,3d9dfca1-e41f-5d55-bc89-c28c6eea91ca,Kevin Kelly,6a952a95-8d80-57ba-a5fe-a4daa53fa456,P,True,False,Tampa Bay Rays,Minnesota Twins,away,,,,,,,,,,,,,,1,3,1,0,0,0,0,,19,0,0.3333333333333333,9.0
2026-04-05,3d9dfca1-e41f-5d55-bc89-c28c6eea91ca,Jonathan Aranda,f3e0ad1f-94c2-5388-8f31-9baa1e72f471,1B,False,True,Tampa Bay Rays,Minnesota Twins,away,0,0,0,0,5,0,1,0,0,0,0,0,0,,,,,,,,,,,,
2026-04-05,3d9dfca1-e41f-5d55-bc89-c28c6eea91ca,Nick Fortes,f24e024c-1c51-502c-8866-34dbafb91126,C,False,False,Tampa Bay Rays,Minnesota Twins,away,1,0,0,0,2,1,0,0,0,0,0,1,1,,,,,,,,,,,,
2026-04-05,3d9dfca1-e41f-5d55-bc89-c28c6eea91ca,Griffin Jax,50145c2b-9b4f-5f05-8527-7ad883e0e3b1,P,True,False,Tampa Bay Rays,Minnesota Twins,away,,,,,,,,,,,,,,2,6,0,1,2,0,0,,30,0,0.0,0.0
2026-04-05,3d9dfca1-e41f-5d55-bc89-c28c6eea91ca,Yandy Díaz,382a432b-7569-5972-a70e-6270ec94a244,DH,False,False,Tampa Bay Rays,Minnesota Twins,away,1,0,0,0,5,1,1,1,0,1,0,2,1,,,,,,,,,,,,
2026-04-05,3d9dfca1-e41f-5d55-bc89-c28c6eea91ca,Ben Williamson,ac1660ef-9f73-5523-b351-97539670590b,SS,False,True,Tampa Bay Rays,Minnesota Twins,away,1,0,0,0,4,1,0,2,0,1,0,2,1,,,,,,,,,,,,
2026-04-05,3d9dfca1-e41f-5d55-bc89-c28c6eea91ca,Bryan Baker,7a01b0da-fab6-5b88-b784-f7bb9c401c72,P,True,False,Tampa Bay Rays,Minnesota Twins,away,,,,,,,,,,,,,,1,3,2,0,0,0,0,,14,0,0.6666666666666666,18.0
2026-04-05,3d9dfca1-e41f-5d55-bc89-c28c6eea91ca,Junior Caminero,00646ce3-90a0-5f44-9b75-d7f277143ba5,3B,False,True,Tampa Bay Rays,Minnesota Twins,away,0,0,0,1,5,1,1,0,0,1,2,4,4,,,,,,,,,,,,
2026-04-05,3d9dfca1-e41f-5d55-bc89-c28c6eea91ca,Cedric Mullins,88cf2c8c-311c-568d-90a3-428db492786f,CF,False,True,Tampa Bay Rays,Minnesota Twins,away,0,0,0,0,5,0,0,1,0,0,0,0,0,,,,,,,,,,,,
2026-04-05,db05f02d-d6f5-58a6-9efe-450a7b7447db,Lenyn Sosa,63526b54-bb98-5442-a5ec-b6f09cb03c58,DH,False,False,Chicago White Sox,Toronto Blue Jays,home,0,1,0,0,3,1,0,0,0,0,1,2,2,,,,,,,,,,,,
2026-04-05,db05f02d-d6f5-58a6-9efe-450a7b7447db,Tanner Murray,1e16968f-ef3a-5dac-b5aa-d21f236ea743,SS,False,True,Chicago White Sox,Toronto Blue Jays,home,0,0,0,0,2,0,0,0,0,0,0,0,0,,,,,,,,,,,,
2026-04-05,db05f02d-d6f5-58a6-9efe-450a7b7447db,Davis Martin,06ecda0b-a813-521c-86de-3c028e79cae9,P,True,True,Chicago White Sox,Toronto Blue Jays,home,,,,,,,,,,,,,,6,18,6,2,4,0,0,,85,0,0.3333333333333333,9.0
2026-04-05,db05f02d-d6f5-58a6-9efe-450a7b7447db,Luisangel Acuña,02ae1abb-7737-5f3c-97fa-343ed56b2a95,CF,False,True,Chicago White Sox,Toronto Blue Jays,home,2,0,0,0,4,2,0,0,1,1,0,3,2,,,,,,,,,,,,
2026-04-05,db05f02d-d6f5-58a6-9efe-450a7b7447db,Munetaka Murakami,5ef6bdd4-00f0-5b87-b02a-2ad78752c1aa,1B,False,True,Chicago White Sox,Toronto Blue Jays,home,0,0,0,0,4,0,1,1,0,1,0,1,0,,,,,,,,,,,,
2026-04-05,db05f02d-d6f5-58a6-9efe-450a7b7447db,Chase Meidroth,b8e78229-a743-53a4-9be9-92e7b52d24ee,2B,False,True,Chicago White Sox,Toronto Blue Jays,home,0,1,0,0,4,1,0,1,0,1,0,2,2,,,,,,,,,,,,
2026-04-05,db05f02d-d6f5-58a6-9efe-450a7b7447db,Colson Montgomery,e16341a7-cdfb-58eb-93e1-88a182b5acbb,SS,False,False,Chicago White Sox,Toronto Blue Jays,home,1,0,0,0,2,1,0,1,0,0,0,1,1,,,,,,,,,,,,
2026-04-05,db05f02d-d6f5-58a6-9efe-450a7b7447db,Austin Hays,f66b4ccd-b4ce-5914-9cc5-790cbd311cac,LF,False,True,Chicago White Sox,Toronto Blue Jays,home,1,0,0,0,4,1,0,0,0,0,1,2,1,,,,,,,,,,,,
2026-04-05,db05f02d-d6f5-58a6-9efe-450a7b7447db,Chris Murphy,c220eb80-5a39-5327-8378-60be42067d78,P,True,False,Chicago White Sox,Toronto Blue Jays,home,,,,,,,,,,,,,,1,3,1,1,0,0,0,,15,0,0.3333333333333333,9.0
2026-04-05,db05f02d-d6f5-58a6-9efe-450a7b7447db,Edgar Quero,3a107cbc-e2a4-581e-a7a7-4062370df3ac,C,False,True,Chicago White Sox,Toronto Blue Jays,home,1,0,0,0,4,1,2,0,0,0,0,1,1,,,,,,,,,,,,
2026-04-05,db05f02d-d6f5-58a6-9efe-450a7b7447db,Andrew Benintendi,c40737a9-be3f-59a6-bd2b-9b112bd2d62c,DH,False,False,Chicago White Sox,Toronto Blue Jays,home,0,0,0,0,1,0,0,0,0,0,0,0,0,,,,,,,,,,,,
2026-04-05,db05f02d-d6f5-58a6-9efe-450a7b7447db,Jordan Leasure,d51a1ac2-63d5-5405-b9fc-358ea7a4f4f2,P,True,False,Chicago White Sox,Toronto Blue Jays,home,,,,,,,,,,,,,,1.1,4,1,0,0,0,0,,19,0,0.25,6.75
2026-04-05,db05f02d-d6f5-58a6-9efe-450a7b7447db,Bryan Hudson,e9a3576d-6bce-5b77-acba-80405f9e0c78,P,True,False,Chicago White Sox,Toronto Blue Jays,home,,,,,,,,,,,,,,0.2,2,1,0,2,0,0,,19,0,0.5,13.5
2026-04-05,db05f02d-d6f5-58a6-9efe-450a7b7447db,Derek Hill,4b2fe8d0-5868-548f-8cbb-605feabbba95,RF,False,True,Chicago White Sox,Toronto Blue Jays,home,0,0,0,0,4,0,1,3,0,0,0,0,0,,,,,,,,,,,,
2026-04-05,db05f02d-d6f5-58a6-9efe-450a7b7447db,Miguel Vargas,62addef8-7bda-57cd-a2aa-6821f9ad6427,3B,False,True,Chicago White Sox,Toronto Blue Jays,home,0,0,1,0,4,1,0,0,0,0,1,2,3,,,,,,,,,,,,
2026-04-05,db05f02d-d6f5-58a6-9efe-450a7b7447db,Spencer Miles,58ef192a-29d2-5ab4-b3c3-e23d56fe1dd3,P,True,False,Toronto Blue Jays,Chicago White Sox,away,,,,,,,,,,,,,,2,6,2,0,2,0,0,,27,0,0.3333333333333333,9.0
2026-04-05,db05f02d-d6f5-58a6-9efe-450a7b7447db,Joe Mantiply,0998deb1-9768-5225-a213-be227770cdef,P,True,False,Toronto Blue Jays,Chicago White Sox,away,,,,,,,,,,,,,,1.1,4,3,0,0,0,0,,17,0,0.75,20.25
2026-04-05,db05f02d-d6f5-58a6-9efe-450a7b7447db,Ernie Clement,988f69d3-1ea5-5410-b27c-6ff47e783156,2B,False,True,Toronto Blue Jays,Chicago White Sox,away,2,0,0,0,4,2,0,1,0,0,0,2,2,,,,,,,,,,,,
2026-04-05,db05f02d-d6f5-58a6-9efe-450a7b7447db,Daulton Varsho,c87cf210-4b8f-50d7-bfd9-fa6cf7616329,CF,False,True,Toronto Blue Jays,Chicago White Sox,away,1,0,0,0,4,1,0,1,0,0,0,1,1,,,,,,,,,,,,
2026-04-05,db05f02d-d6f5-58a6-9efe-450a7b7447db,Austin Voth,7b772bb9-cc2b-50b4-a0bb-99584349c8c0,P,True,False,Toronto Blue Jays,Chicago White Sox,away,,,,,,,,,,,,,,2.2,8,1,1,3,0,1,,49,1,0.125,3.375
2026-04-05,db05f02d-d6f5-58a6-9efe-450a7b7447db,Andrés Giménez,0fa89082-0ded-58c2-8fab-9feb8319955a,SS,False,True,Toronto Blue Jays,Chicago White Sox,away,0,0,0,0,4,0,1,1,0,0,0,0,0,,,,,,,,,,,,
2026-04-05,db05f02d-d6f5-58a6-9efe-450a7b7447db,Eric Lauer,9a6dc57b-e8a4-50e0-a1b7-c2664754a3ee,P,True,True,Toronto Blue Jays,Chicago White Sox,away,,,,,,,,,,,,,,2,6,0,3,3,0,2,,49,2,0.0,0.0
2026-04-05,db05f02d-d6f5-58a6-9efe-450a7b7447db,Brandon Valenzuela,55c81b4d-28b7-5626-b105-8359f07dae3b,C,False,True,Toronto Blue Jays,Chicago White Sox,away,1,0,0,0,3,1,0,2,0,0,0,1,1,,,,,,,,,,,,
2026-04-05,db05f02d-d6f5-58a6-9efe-450a7b7447db,Nathan Lukes,0f9ba003-89a6-5719-aa08-c6f05477a4e5,LF,False,True,Toronto Blue Jays,Chicago White Sox,away,0,0,0,0,4,0,0,1,0,0,0,0,0,,,,,,,,,,,,
2026-04-05,db05f02d-d6f5-58a6-9efe-450a7b7447db,Addison Barger,acbb27ca-7bd0-5f3b-8d74-1400045fb79c,RF,False,True,Toronto Blue Jays,Chicago White Sox,away,0,0,0,0,3,0,0,0,0,0,0,0,0,,,,,,,,,,,,
2026-04-05,db05f02d-d6f5-58a6-9efe-450a7b7447db,George Springer,b12c925d-b511-5331-a994-839ab4c086ad,DH,False,False,Toronto Blue Jays,Chicago White Sox,away,1,0,0,0,4,1,0,1,0,0,0,1,1,,,,,,,,,,,,
2026-04-05,db05f02d-d6f5-58a6-9efe-450a7b7447db,Vladimir Guerrero Jr.,c652a6fb-0803-556b-a03b-9fed12cedf9b,1B,False,True,Toronto Blue Jays,Chicago White Sox,away,1,0,0,0,4,1,1,0,0,0,0,1,1,,,,,,,,,,,,
2026-04-05,db05f02d-d6f5-58a6-9efe-450a7b7447db,Jesús Sánchez,62480674-d120-5cd2-bdd3-05c3cbecd240,RF,False,False,Toronto Blue Jays,Chicago White Sox,away,0,0,0,0,1,0,0,0,0,0,0,0,0,,,,,,,,,,,,
2026-04-05,db05f02d-d6f5-58a6-9efe-450a7b7447db,Kazuma Okamoto,d79d11dd-a762-5962-aed1-9e87c656e5fc,3B,False,True,Toronto Blue Jays,Chicago White Sox,away,0,0,0,0,4,0,1,2,0,0,0,0,0,,,,,,,,,,,,
2026-04-05,0d9a44cd-40de-5f48-b347-51ef62dc4bfb,Evan Carter,f35e83f3-06d6-5c07-b669-1e0cd310d86e,CF,False,True,Texas Rangers,Cincinnati Reds,home,1,0,0,0,4,1,0,2,1,0,0,1,1,,,,,,,,,,,,
2026-04-05,0d9a44cd-40de-5f48-b347-51ef62dc4bfb,Wyatt Langford,882a170b-e284-5079-9ca4-351da4aad0f2,LF,False,True,Texas Rangers,Cincinnati Reds,home,0,0,0,0,4,0,0,1,1,0,0,0,0,,,,,,,,,,,,
2026-04-05,0d9a44cd-40de-5f48-b347-51ef62dc4bfb,Jake Burger,405e9f4a-6c45-52e5-92ca-d856c0888e10,1B,False,True,Texas Rangers,Cincinnati Reds,home,0,1,0,0,4,1,0,2,0,0,0,1,2,,,,,,,,,,,,
2026-04-05,0d9a44cd-40de-5f48-b347-51ef62dc4bfb,Jack Leiter,b1ffa751-b44b-5409-9e5b-51b1dd5654b7,P,True,True,Texas Rangers,Cincinnati Reds,home,,,,,,,,,,,,,,5,15,9,1,4,0,1,,85,1,0.6,16.2
2026-04-05,0d9a44cd-40de-5f48-b347-51ef62dc4bfb,Joc Pederson,a8accc9b-5d7c-5c48-b5dc-24a6f0b7b652,DH,False,False,Texas Rangers,Cincinnati Reds,home,0,0,0,1,4,1,1,1,0,1,1,3,4,,,,,,,,,,,,
2026-04-05,0d9a44cd-40de-5f48-b347-51ef62dc4bfb,Jacob Latz,f9230adb-f4e9-5750-b5b4-7e0777a7cf39,P,True,False,Texas Rangers,Cincinnati Reds,home,,,,,,,,,,,,,,1,3,1,1,0,0,0,,19,0,0.3333333333333333,9.0
2026-04-05,0d9a44cd-40de-5f48-b347-51ef62dc4bfb,Jalen Beeks,1b0188a9-51e8-5aab-98ab-689bb43d883c,P,True,False,Texas Rangers,Cincinnati Reds,home,,,,,,,,,,,,,,0.1,1,0,0,0,0,0,,2,0,0.0,0.0
2026-04-05,0d9a44cd-40de-5f48-b347-51ef62dc4bfb,Corey Seager,0a8aa1ff-7f96-5ea3-91c5-f80c15eed600,SS,False,True,Texas Rangers,Cincinnati Reds,home,0,0,0,0,4,0,0,2,0,0,0,0,0,,,,,,,,,,,,
2026-04-05,0d9a44cd-40de-5f48-b347-51ef62dc4bfb,Robert Garcia,2e78c30e-9db1-5ac6-b461-c7aa7ac70de9,P,True,False,Texas Rangers,Cincinnati Reds,home,,,,,,,,,,,,,,0.1,1,0,2,1,0,1,,20,1,0.0,0.0
2026-04-05,0d9a44cd-40de-5f48-b347-51ef62dc4bfb,Josh Jung,c0339e5b-fadd-5807-97d2-084bf40ec3f0,3B,False,False,Texas Rangers,Cincinnati Reds,home,0,0,0,0,1,0,0,1,0,0,0,0,0,,,,,,,,,,,,
2026-04-05,0d9a44cd-40de-5f48-b347-51ef62dc4bfb,Andrew McCutchen,22ae9ba7-a153-55b1-9737-6b114127a2a3,PH,False,False,Texas Rangers,Cincinnati Reds,home,0,0,0,0,1,0,0,1,0,0,0,0,0,,,,,,,,,,,,
2026-04-05,0d9a44cd-40de-5f48-b347-51ef62dc4bfb,Kyle Higashioka,aed03174-10a2-5ebe-adfa-83b14b307c24,C,False,True,Texas Rangers,Cincinnati Reds,home,1,0,0,0,4,1,1,1,0,0,0,1,1,,,,,,,,,,,,
2026-04-05,0d9a44cd-40de-5f48-b347-51ef62dc4bfb,Ezequiel Duran,3e6051c8-4c13-582e-ad57-c600a7c2174b,3B,False,True,Texas Rangers,Cincinnati Reds,home,0,0,0,0,2,0,0,0,0,0,0,0,0,,,,,,,,,,,,
2026-04-05,0d9a44cd-40de-5f48-b347-51ef62dc4bfb,Brandon Nimmo,8954e7a7-4f31-5f8f-9888-a809b7b43d88,RF,False,True,Texas Rangers,Cincinnati Reds,home,2,0,0,0,4,2,0,2,0,0,0,2,2,,,,,,,,,,,,
2026-04-05,0d9a44cd-40de-5f48-b347-51ef62dc4bfb,Josh Smith,b7d79367-f94a-515d-b182-46692bc3d8c5,2B,False,True,Texas Rangers,Cincinnati Reds,home,0,0,0,0,3,0,1,1,0,0,0,0,0,,,,,,,,,,,,
2026-04-05,0d9a44cd-40de-5f48-b347-51ef62dc4bfb,Sam Haggerty,93c872f8-31f7-553c-8c85-82ababe848a2,PH,False,False,Texas Rangers,Cincinnati Reds,home,0,0,0,0,1,0,0,1,0,0,0,0,0,,,,,,,,,,,,
2026-04-05,0d9a44cd-40de-5f48-b347-51ef62dc4bfb,Cole Winn,4104cc07-5e4a-58a3-9b5f-e374581c9e62,P,True,False,Texas Rangers,Cincinnati Reds,home,,,,,,,,,,,,,,1,3,1,0,1,0,0,,14,0,0.3333333333333333,9.0
2026-04-05,0d9a44cd-40de-5f48-b347-51ef62dc4bfb,Chris Martin,ea587fcb-6ef3-5160-bb1c-eab899cc407f,P,True,False,Texas Rangers,Cincinnati Reds,home,,,,,,,,,,,,,,1.1,4,1,0,3,0,0,,13,0,0.25,6.75
2026-04-05,0d9a44cd-40de-5f48-b347-51ef62dc4bfb,Elly De La Cruz,7fd536ef-9553-5c83-9d6b-4584793b4a26,SS,False,True,Cincinnati Reds,Texas Rangers,away,2,0,0,0,5,2,0,1,1,1,1,4,2,,,,,,,,,,,,
2026-04-05,0d9a44cd-40de-5f48-b347-51ef62dc4bfb,Dane Myers,4afd868e-eb1d-5af8-bff0-99ce9b1bf670,CF,False,False,Cincinnati Reds,Texas Rangers,away,0,0,0,0,0,0,0,0,0,0,0,0,0,,,,,,,,,,,,
2026-04-05,0d9a44cd-40de-5f48-b347-51ef62dc4bfb,Sal Stewart,87ada644-a3be-5013-bfc9-a696f4bfb4ee,1B,False,True,Cincinnati Reds,Texas Rangers,away,0,0,0,0,4,0,1,1,1,0,0,0,0,,,,,,,,,,,,
2026-04-05,0d9a44cd-40de-5f48-b347-51ef62dc4bfb,Pierce Johnson,aa72972c-95f9-58b9-b589-36f13f6e6dc6,P,True,False,Cincinnati Reds,Texas Rangers,away,,,,,,,,,,,,,,0.2,2,1,1,0,0,0,,20,0,0.5,13.5
2026-04-05,0d9a44cd-40de-5f48-b347-51ef62dc4bfb,Noelvi Marte,b4539c2e-2482-5e59-a810-3b07072fa874,RF,False,True,Cincinnati Reds,Texas Rangers,away,1,0,0,0,2,1,0,0,0,0,0,1,1,,,,,,,,,,,,
2026-04-05,0d9a44cd-40de-5f48-b347-51ef62dc4bfb,Matt McLain,f7624c99-f5cf-56e9-8b5d-cdc4402e8af7,2B,False,True,Cincinnati Reds,Texas Rangers,away,0,0,0,0,5,0,1,3,1,1,0,1,0,,,,,,,,,,,,
2026-04-05,0d9a44cd-40de-5f48-b347-51ef62dc4bfb,Ke'Bryan Hayes,5ac4617a-322b-54c3-97a6-21a85177db00,3B,False,True,Cincinnati Reds,Texas Rangers,away,1,0,0,0,4,1,0,0,0,0,0,1,1,,,,,,,,,,,,
2026-04-05,0d9a44cd-40de-5f48-b347-51ef62dc4bfb,Will Benson,3af6fc09-0d15-5805-832b-1e331a51fd8f,RF,False,False,Cincinnati Reds,Texas Rangers,away,1,1,0,0,2,2,0,0,0,0,0,2,3,,,,,,,,,,,,
2026-04-05,0d9a44cd-40de-5f48-b347-51ef62dc4bfb,TJ Friedl,0a711a2b-282c-5649-94b9-8b048f484f0b,LF,False,True,Cincinnati Reds,Texas Rangers,away,1,0,0,0,5,1,1,2,1,0,0,1,1,,,,,,,,,,,,
2026-04-05,0d9a44cd-40de-5f48-b347-51ef62dc4bfb,Spencer Steer,2e1a3d24-542e-5cd2-b6ac-11416bb79c96,LF,False,True,Cincinnati Reds,Texas Rangers,away,1,0,0,0,4,1,0,2,0,0,0,1,1,,,,,,,,,,,,
2026-04-05,0d9a44cd-40de-5f48-b347-51ef62dc4bfb,Connor Phillips,329f0ee2-9252-5cba-b8d8-9be8c0af3d16,P,True,False,Cincinnati Reds,Texas Rangers,away,,,,,,,,,,,,,,1,3,1,1,1,0,0,,28,0,0.3333333333333333,9.0
2026-04-05,0d9a44cd-40de-5f48-b347-51ef62dc4bfb,Tyler Stephenson,84ffb64d-831d-5b54-bb2d-dbc37cb5cb5c,C,False,True,Cincinnati Reds,Texas Rangers,away,0,0,0,0,4,0,0,2,0,0,0,0,0,,,,,,,,,,,,
2026-04-05,0d9a44cd-40de-5f48-b347-51ef62dc4bfb,Eugenio Suárez,09da9ec7-2b7c-5ea9-b2f8-9cdd0fdb7f8b,DH,False,False,Cincinnati Reds,Texas Rangers,away,1,0,0,0,4,1,1,1,0,0,1,2,1,,,,,,,,,,,,
2026-04-05,0d9a44cd-40de-5f48-b347-51ef62dc4bfb,Sam Moll,1cbefb65-74f2-5448-b353-d021fbe984dd,P,True,False,Cincinnati Reds,Texas Rangers,away,,,,,,,,,,,,,,0.1,1,1,0,0,0,0,,6,0,1.0,27.0
2026-04-05,0d9a44cd-40de-5f48-b347-51ef62dc4bfb,Brock Burke,b138f008-4777-5189-a7cc-178fb793ea9d,P,True,False,Cincinnati Reds,Texas Rangers,away,,,,,,,,,,,,,,1,3,3,0,0,0,0,,14,0,1.0,27.0
2026-04-05,0d9a44cd-40de-5f48-b347-51ef62dc4bfb,Chase Burns,d92449d1-6654-5412-a41a-55c308d3760b,P,True,True,Cincinnati Reds,Texas Rangers,away,,,,,,,,,,,,,,6,18,9,1,5,1,1,,87,1,0.5,13.5
2026-04-05,3ba07c0c-4527-5ccc-8901-31e2d997ea64,Mickey Moniak,3f0fdd53-717e-5b5d-97af-38f6cc224d92,RF,False,True,Colorado Rockies,Philadelphia Phillies,home,0,0,0,2,4,2,0,1,0,2,2,6,8,,,,,,,,,,,,
2026-04-05,3ba07c0c-4527-5ccc-8901-31e2d997ea64,Victor Vodnik,9d3b8237-01e9-52c9-8011-f6e13c5f548d,P,True,False,Colorado Rockies,Philadelphia Phillies,home,,,,,,,,,,,,,,1,3,3,0,2,0,0,,22,0,1.0,27.0
2026-04-05,3ba07c0c-4527-5ccc-8901-31e2d997ea64,Jake McCarthy,6997ae3d-a342-5d04-a267-91d371938d45,CF,False,True,Colorado Rockies,Philadelphia Phillies,home,0,1,0,0,2,1,0,0,0,0,0,1,2,,,,,,,,,,,,
2026-04-05,3ba07c0c-4527-5ccc-8901-31e2d997ea64,Troy Johnston,09dd2789-8b43-5f74-a5fd-89e6f73d1d86,1B,False,True,Colorado Rockies,Philadelphia Phillies,home,0,0,0,0,4,0,0,1,0,0,0,0,0,,,,,,,,,,,,
2026-04-05,3ba07c0c-4527-5ccc-8901-31e2d997ea64,Willi Castro,1f049a5e-1a31-56fd-813c-95bc75d37525,2B,False,True,Colorado Rockies,Philadelphia Phillies,home,1,0,0,0,3,1,1,1,0,0,0,1,1,,,,,,,,,,,,
2026-04-05,3ba07c0c-4527-5ccc-8901-31e2d997ea64,Brennan Bernardino,49be5cd4-ea2a-532b-b638-5b81dadbb065,P,True,False,Colorado Rockies,Philadelphia Phillies,home,,,,,,,,,,,,,,1,3,2,0,0,0,0,,14,0,0.6666666666666666,18.0
2026-04-05,3ba07c0c-4527-5ccc-8901-31e2d997ea64,Edouard Julien,acdd1046-d6e4-53f4-90bb-fde2916b38bf,2B,False,True,Colorado Rockies,Philadelphia Phillies,home,0,0,0,0,2,0,0,1,0,0,0,0,0,,,,,,,,,,,,
2026-04-05,3ba07c0c-4527-5ccc-8901-31e2d997ea64,Hunter Goodman,6144567b-eae1-58fa-9b5d-d2351f51c9e5,C,False,True,Colorado Rockies,Philadelphia Phillies,home,2,0,0,0,4,2,0,2,0,1,0,3,2,,,,,,,,,,,,
2026-04-05,3ba07c0c-4527-5ccc-8901-31e2d997ea64,Tomoyuki Sugano,4b1ba1f7-0428-5aef-9742-307453b38b50,P,True,True,Colorado Rockies,Philadelphia Phillies,home,,,,,,,,,,,,,,6,18,5,1,4,1,1,,78,1,0.2777777777777778,7.5
2026-04-05,3ba07c0c-4527-5ccc-8901-31e2d997ea64,Jordan Beck,04d7ca3f-26de-5185-b982-e8a46a8c16e5,LF,False,True,Colorado Rockies,Philadelphia Phillies,home,0,0,0,0,3,0,0,1,0,0,0,0,0,,,,,,,,,,,,
2026-04-05,3ba07c0c-4527-5ccc-8901-31e2d997ea64,Brenton Doyle,35509183-6eb7-5366-8a93-d9e7405d24ff,CF,False,False,Colorado Rockies,Philadelphia Phillies,home,0,0,0,0,1,0,0,0,0,0,0,0,0,,,,,,,,,,,,
2026-04-05,3ba07c0c-4527-5ccc-8901-31e2d997ea64,Ezequiel Tovar,973d0ea7-2ba4-58b5-95ce-ce6704416d1a,SS,False,True,Colorado Rockies,Philadelphia Phillies,home,0,0,0,0,4,0,1,1,0,0,0,0,0,,,,,,,,,,,,
2026-04-05,3ba07c0c-4527-5ccc-8901-31e2d997ea64,TJ Rumfield,8fbfa07a-ea2e-592e-9520-5bf531ada10d,DH,False,False,Colorado Rockies,Philadelphia Phillies,home,0,0,0,1,4,1,0,0,0,1,2,4,4,,,,,,,,,,,,
2026-04-05,3ba07c0c-4527-5ccc-8901-31e2d997ea64,Jaden Hill,62f6d8ee-f3a0-53d1-9b8b-110daba56068,P,True,False,Colorado Rockies,Philadelphia Phillies,home,,,,,,,,,,,,,,1,3,0,0,0,0,0,,10,0,0.0,0.0
2026-04-05,3ba07c0c-4527-5ccc-8901-31e2d997ea64,Kyle Karros,5aeefc0d-9862-57c9-b58f-ab21c2ce4404,3B,False,False,Colorado Rockies,Philadelphia Phillies,home,0,0,0,0,1,0,0,0,0,0,0,0,0,,,,,,,,,,,,
2026-04-05,3ba07c0c-4527-5ccc-8901-31e2d997ea64,Brandon Marsh,428a913a-6990-5ebc-a53f-fe331b036c25,LF,False,True,Philadelphia Phillies,Colorado Rockies,away,0,1,0,0,4,1,0,2,0,0,0,1,2,,,,,,,,,,,,
2026-04-05,3ba07c0c-4527-5ccc-8901-31e2d997ea64,Justin Crawford,656815ea-b9fd-59e0-8461-3bdf7f7e3131,CF,False,True,Philadelphia Phillies,Colorado Rockies,away,1,0,0,0,3,1,0,0,0,0,0,1,1,,,,,,,,,,,,
2026-04-05,3ba07c0c-4527-5ccc-8901-31e2d997ea64,Bryce Harper,c9b6441c-da6d-5f6d-bb63-857c121017fa,1B,False,True,Philadelphia Phillies,Colorado Rockies,away,0,0,0,0,4,0,0,2,0,0,0,0,0,,,,,,,,,,,,
2026-04-05,3ba07c0c-4527-5ccc-8901-31e2d997ea64,Alec Bohm,9bbc34c0-5769-5c7f-8cf4-607f25730d26,3B,False,True,Philadelphia Phillies,Colorado Rockies,away,1,0,0,0,4,1,0,1,0,0,0,1,1,,,,,,,,,,,,
2026-04-05,3ba07c0c-4527-5ccc-8901-31e2d997ea64,Tim Mayza,0601d6fa-5723-5116-a76f-298c86d49662,P,True,False,Philadelphia Phillies,Colorado Rockies,away,,,,,,,,,,,,,,1,3,1,0,0,0,0,,13,0,0.3333333333333333,9.0
2026-04-05,3ba07c0c-4527-5ccc-8901-31e2d997ea64,Bryson Stott,c063d114-6426-54da-a28d-bd4eb1d1d948,2B,False,True,Philadelphia Phillies,Colorado Rockies,away,0,0,0,0,4,0,0,2,0,0,0,0,0,,,,,,,,,,,,
2026-04-05,3ba07c0c-4527-5ccc-8901-31e2d997ea64,Kyle Schwarber,a60a2cbf-f012-56e9-acc4-184d76ff8219,DH,False,False,Philadelphia Phillies,Colorado Rockies,away,0,0,0,0,4,0,1,1,0,0,0,0,0,,,,,,,,,,,,
2026-04-05,3ba07c0c-4527-5ccc-8901-31e2d997ea64,Taijuan Walker,e9a48409-4a76-5acb-a5e6-c1e4e1a95a51,P,True,True,Philadelphia Phillies,Colorado Rockies,away,,,,,,,,,,,,,,5,15,4,2,7,3,4,,87,4,0.26666666666666666,7.2
2026-04-05,3ba07c0c-4527-5ccc-8901-31e2d997ea64,Rafael Marchán,15bf5ab1-70c4-5bcb-aaf1-be017ca47afd,C,False,True,Philadelphia Phillies,Colorado Rockies,away,0,0,0,0,4,0,0,1,0,0,0,0,0,,,,,,,,,,,,
2026-04-05,3ba07c0c-4527-5ccc-8901-31e2d997ea64,Tanner Banks,624b586b-5e1a-59c6-bfb3-3751272c2fb3,P,True,False,Philadelphia Phillies,Colorado Rockies,away,,,,,,,,,,,,,,1,3,1,0,0,0,0,,8,0,0.3333333333333333,9.0
2026-04-05,3ba07c0c-4527-5ccc-8901-31e2d997ea64,Adolis García,2c62b85f-73e6-5aff-af94-15901f508fb2,RF,False,True,Philadelphia Phillies,Colorado Rockies,away,1,0,0,1,4,2,0,0,0,1,1,4,5,,,,,,,,,,,,
2026-04-05,3ba07c0c-4527-5ccc-8901-31e2d997ea64,Trea Turner,f38b6d42-2ac2-5480-adbc-729df0f14126,SS,False,True,Philadelphia Phillies,Colorado Rockies,away,0,1,0,0,4,1,0,1,0,0,0,1,2,,,,,,,,,,,,
2026-04-05,3ba07c0c-4527-5ccc-8901-31e2d997ea64,Kyle Backhus,793823ac-a817-5e7e-92a0-81c19eb4fc41,P,True,False,Philadelphia Phillies,Colorado Rockies,away,,,,,,,,,,,,,,1,3,2,0,0,0,0,,12,0,0.6666666666666666,18.0
2026-04-05,2e15d97c-6bf8-59b6-9c99-8d17cc41e469,Lawrence Butler,84b3c88a-5eef-5848-9e2c-a9f0eabd6386,RF,False,True,Athletics,Houston Astros,home,0,1,0,0,5,1,0,2,0,1,0,2,2,,,,,,,,,,,,
2026-04-05,2e15d97c-6bf8-59b6-9c99-8d17cc41e469,Brent Rooker,9d82601b-b14e-5a63-a224-362d63a93501,DH,False,False,Athletics,Houston Astros,home,0,0,0,2,6,2,1,1,0,2,6,10,8,,,,,,,,,,,,
2026-04-05,2e15d97c-6bf8-59b6-9c99-8d17cc41e469,J.T. Ginn,dcfff117-4b0a-5ad9-a832-65f434c1c594,P,True,False,Athletics,Houston Astros,home,,,,,,,,,,,,,,1.1,4,1,0,2,1,2,,27,2,0.25,6.75
2026-04-05,2e15d97c-6bf8-59b6-9c99-8d17cc41e469,Jeff McNeil,3ef9318f-5a03-5a7f-8df9-f326e49cfb1e,2B,False,True,Athletics,Houston Astros,home,1,0,0,0,5,1,2,1,0,1,1,3,1,,,,,,,,,,,,
2026-04-05,2e15d97c-6bf8-59b6-9c99-8d17cc41e469,Justin Sterner,88c53013-e5f7-5271-bb17-7e64ce8a9cf9,P,True,False,Athletics,Houston Astros,home,,,,,,,,,,,,,,1.1,4,1,1,2,0,0,,22,0,0.25,6.75
2026-04-05,2e15d97c-6bf8-59b6-9c99-8d17cc41e469,Scott Barlow,d4592618-113b-5443-8c2c-302d9651a818,P,True,False,Athletics,Houston Astros,home,,,,,,,,,,,,,,0,0,0,2,2,1,4,,16,4,,
2026-04-05,2e15d97c-6bf8-59b6-9c99-8d17cc41e469,Carlos Cortes,b10e4d13-0c9b-592c-99f9-974bebe386f0,RF,False,True,Athletics,Houston Astros,home,1,1,0,0,4,2,1,0,0,1,2,5,3,,,,,,,,,,,,
2026-04-05,2e15d97c-6bf8-59b6-9c99-8d17cc41e469,Jacob Lopez,82d4a906-3780-5dbd-afaa-74b0127e03c9,P,True,True,Athletics,Houston Astros,home,,,,,,,,,,,,,,4.1,13,6,5,3,1,3,,92,3,0.46153846153846156,12.461538461538462
2026-04-05,2e15d97c-6bf8-59b6-9c99-8d17cc41e469,Max Muncy,499ef8b1-1d5e-5c2f-82bf-73bceec786a2,3B,False,True,Athletics,Houston Astros,home,2,0,0,0,5,2,0,0,0,2,0,4,2,,,,,,,,,,,,
2026-04-05,2e15d97c-6bf8-59b6-9c99-8d17cc41e469,Denzel Clarke,55034696-f1db-58f8-9342-c21b5cfe6dc1,CF,False,False,Athletics,Houston Astros,home,1,0,0,0,1,1,0,0,0,0,0,1,1,,,,,,,,,,,,
2026-04-05,2e15d97c-6bf8-59b6-9c99-8d17cc41e469,Tyler Soderstrom,1a12af09-5e6b-518c-9285-c9f3e9156573,LF,False,True,Athletics,Houston Astros,home,0,0,1,0,6,1,2,1,0,3,3,7,3,,,,,,,,,,,,
2026-04-05,2e15d97c-6bf8-59b6-9c99-8d17cc41e469,Elvis Alvarado,ad6fc5eb-250b-51ca-8385-a9e11ebf07be,P,True,False,Athletics,Houston Astros,home,,,,,,,,,,,,,,0.2,2,1,0,0,0,0,,8,0,0.5,13.5
2026-04-05,2e15d97c-6bf8-59b6-9c99-8d17cc41e469,Nick Kurtz,0ee3ade6-1739-552d-b4eb-8eb38b8ba6a0,1B,False,True,Athletics,Houston Astros,home,1,1,0,0,6,2,3,1,1,1,0,3,3,,,,,,,,,,,,
2026-04-05,2e15d97c-6bf8-59b6-9c99-8d17cc41e469,Hogan Harris,a9269342-dc5e-51d7-a959-d0c967ea3679,P,True,False,Athletics,Houston Astros,home,,,,,,,,,,,,,,1.1,4,2,2,1,0,0,,21,1,0.5,13.5
2026-04-05,2e15d97c-6bf8-59b6-9c99-8d17cc41e469,Shea Langeliers,3de34bb4-e20b-541b-ba54-b22612a81656,C,False,True,Athletics,Houston Astros,home,2,0,0,0,6,2,0,0,0,1,0,3,2,,,,,,,,,,,,
2026-04-05,2e15d97c-6bf8-59b6-9c99-8d17cc41e469,Mark Leiter Jr.,02bb1eaf-b760-5bf8-98a1-b15859a368d4,P,True,False,Athletics,Houston Astros,home,,,,,,,,,,,,,,1,3,0,1,1,0,0,,26,0,0.0,0.0
2026-04-05,2e15d97c-6bf8-59b6-9c99-8d17cc41e469,Jacob Wilson,bbc991c4-1055-56ae-af55-57b957f437a3,SS,False,True,Athletics,Houston Astros,home,2,0,0,0,5,2,0,0,0,0,0,2,2,,,,,,,,,,,,
2026-04-05,2e15d97c-6bf8-59b6-9c99-8d17cc41e469,Bryan Abreu,679a7fe9-1603-5710-ba17-ce4ca61dfa79,P,True,False,Houston Astros,Athletics,away,,,,,,,,,,,,,,0.1,1,0,1,2,1,2,,16,3,0.0,0.0
2026-04-05,2e15d97c-6bf8-59b6-9c99-8d17cc41e469,Nick Allen,d47542cc-ed4c-5335-840e-aeecb6811ad7,SS,False,True,Houston Astros,Athletics,away,1,0,0,0,5,1,2,1,0,2,0,3,1,,,,,,,,,,,,
2026-04-05,2e15d97c-6bf8-59b6-9c99-8d17cc41e469,Cam Smith,6c7292a3-abca-5a73-9e4b-cec25e9d20b8,RF,False,True,Houston Astros,Athletics,away,2,0,0,0,6,2,1,1,1,0,3,5,2,,,,,,,,,,,,
2026-04-05,2e15d97c-6bf8-59b6-9c99-8d17cc41e469,Christian Roa,fa3a62e0-2bc5-5c00-8d80-09f3553a6e66,P,True,False,Houston Astros,Athletics,away,,,,,,,,,,,,,,0.2,2,0,1,2,0,0,,27,0,0.0,0.0
2026-04-05,2e15d97c-6bf8-59b6-9c99-8d17cc41e469,Jake Meyers,f60436a8-53cf-5fa1-8caa-50928a25c6d9,CF,False,True,Houston Astros,Athletics,away,1,0,0,1,5,2,1,0,0,1,1,4,5,,,,,,,,,,,,
2026-04-05,2e15d97c-6bf8-59b6-9c99-8d17cc41e469,Steven Okert,bbee3817-3c94-5f70-bf14-8f8f4a22a1f6,P,True,False,Houston Astros,Athletics,away,,,,,,,,,,,,,,0.1,1,0,1,1,0,2,,9,2,0.0,0.0
2026-04-05,2e15d97c-6bf8-59b6-9c99-8d17cc41e469,Brice Matthews,bee000c4-433a-55d5-b97f-a284fe330fee,LF,False,False,Houston Astros,Athletics,away,0,0,0,0,1,0,0,1,0,0,0,0,0,,,,,,,,,,,,
2026-04-05,2e15d97c-6bf8-59b6-9c99-8d17cc41e469,AJ Blubaugh,4d6a4525-5979-5429-9481-9e4f708a7bb1,P,True,False,Houston Astros,Athletics,away,,,,,,,,,,,,,,2,6,1,2,5,1,4,,44,4,0.16666666666666666,4.5
2026-04-05,2e15d97c-6bf8-59b6-9c99-8d17cc41e469,Jose Altuve,99c9db0b-d7a9-5462-94f3-28f3661714ab,2B,False,True,Houston Astros,Athletics,away,1,1,0,0,6,2,2,1,0,2,1,5,3,,,,,,,,,,,,
2026-04-05,2e15d97c-6bf8-59b6-9c99-8d17cc41e469,Joey Loperfido,575dbf4d-f194-5748-94af-45ae60e8431c,LF,False,True,Houston Astros,Athletics,away,0,0,0,0,4,0,1,2,0,1,0,1,0,,,,,,,,,,,,
2026-04-05,2e15d97c-6bf8-59b6-9c99-8d17cc41e469,Lance McCullers Jr.,f390f307-e7e1-5145-a15b-99f78736fea0,P,True,True,Houston Astros,Athletics,away,,,,,,,,,,,,,,4,12,4,3,5,0,3,,79,3,0.3333333333333333,9.0
2026-04-05,2e15d97c-6bf8-59b6-9c99-8d17cc41e469,Bryan King,e86f116b-cd36-5b04-8bcd-160d3e7a25e6,P,True,False,Houston Astros,Athletics,away,,,,,,,,,,,,,,1.2,5,1,1,1,0,0,,23,0,0.2,5.3999999999999995
2026-04-05,2e15d97c-6bf8-59b6-9c99-8d17cc41e469,Carlos Correa,9d0ef881-40b5-538c-9843-6585303e16f4,3B,False,True,Houston Astros,Athletics,away,2,0,0,0,6,2,1,2,1,2,1,5,2,,,,,,,,,,,,
2026-04-05,2e15d97c-6bf8-59b6-9c99-8d17cc41e469,Christian Walker,4ebdbcc5-84ea-5866-b7b6-1d61cbac193f,1B,False,True,Houston Astros,Athletics,away,0,0,0,1,6,1,1,1,0,1,2,4,4,,,,,,,,,,,,
2026-04-05,2e15d97c-6bf8-59b6-9c99-8d17cc41e469,Yainer Diaz,dd446d48-8097-51f2-82cf-f7fabad1dd74,C,False,True,Houston Astros,Athletics,away,0,0,0,0,6,0,0,0,0,0,0,0,0,,,,,,,,,,,,
2026-04-05,2e15d97c-6bf8-59b6-9c99-8d17cc41e469,Yordan Alvarez,b4e60652-8d7e-569f-8e5a-4aa9a713da9c,DH,False,False,Houston Astros,Athletics,away,0,0,0,1,6,1,2,2,0,1,2,4,4,,,,,,,,,,,,
2026-04-05,b349a25c-7b9b-5106-b75a-f6d3a80f7013,JT Brubaker,38205866-ae17-547a-b000-5b6b1cb1e0e7,P,True,False,San Francisco Giants,New York Mets,home,,,,,,,,,,,,,,1,3,0,1,1,0,0,,19,0,0.0,0.0
2026-04-05,b349a25c-7b9b-5106-b75a-f6d3a80f7013,Jerar Encarnacion,2431773d-015a-5a52-ae9d-3d5c729ec38a,DH,False,False,San Francisco Giants,New York Mets,home,1,0,0,0,3,1,0,1,0,0,0,1,1,,,,,,,,,,,,
2026-04-05,b349a25c-7b9b-5106-b75a-f6d3a80f7013,Heliot Ramos,521d9176-c734-5b63-9285-a4ab783f6edd,LF,False,True,San Francisco Giants,New York Mets,home,1,0,0,0,4,1,0,1,0,0,0,1,1,,,,,,,,,,,,
2026-04-05,b349a25c-7b9b-5106-b75a-f6d3a80f7013,Logan Webb,f3fbba67-e293-5bf9-a06b-eeaf8ef74a49,P,True,True,San Francisco Giants,New York Mets,home,,,,,,,,,,,,,,7,21,3,1,7,0,1,,92,1,0.14285714285714285,3.857142857142857
2026-04-05,b349a25c-7b9b-5106-b75a-f6d3a80f7013,Keaton Winn,99b4c5de-929d-5557-ac30-13ec44ddb0bd,P,True,False,San Francisco Giants,New York Mets,home,,,,,,,,,,,,,,0.1,1,0,0,2,0,2,,8,2,0.0,0.0
2026-04-05,b349a25c-7b9b-5106-b75a-f6d3a80f7013,Patrick Bailey,7497fb23-555e-57a8-86b0-f3106d26ac72,C,False,True,San Francisco Giants,New York Mets,home,1,0,0,0,3,1,0,0,1,1,0,2,1,,,,,,,,,,,,
2026-04-05,b349a25c-7b9b-5106-b75a-f6d3a80f7013,Matt Chapman,2c47b345-ac3d-53c1-b77e-6c5fa7a469bb,3B,False,True,San Francisco Giants,New York Mets,home,1,1,0,0,4,2,1,0,0,1,1,4,3,,,,,,,,,,,,
2026-04-05,b349a25c-7b9b-5106-b75a-f6d3a80f7013,Jung Hoo Lee,5233b094-55d5-5790-9af1-e92aeb0a3f2a,RF,False,True,San Francisco Giants,New York Mets,home,0,0,0,0,4,0,0,3,0,0,0,0,0,,,,,,,,,,,,
2026-04-05,b349a25c-7b9b-5106-b75a-f6d3a80f7013,Rafael Devers,c9835c18-6f1f-57cd-a2ff-0ff6d821b16c,1B,False,True,San Francisco Giants,New York Mets,home,1,0,0,0,4,1,1,1,0,0,1,2,1,,,,,,,,,,,,
2026-04-05,b349a25c-7b9b-5106-b75a-f6d3a80f7013,Harrison Bader,91a8ec44-ffa8-5211-b6b0-96ba26567032,CF,False,True,San Francisco Giants,New York Mets,home,0,0,0,0,3,0,0,1,0,0,0,0,0,,,,,,,,,,,,
2026-04-05,b349a25c-7b9b-5106-b75a-f6d3a80f7013,Willy Adames,78cc8077-60d2-554c-b37f-99c3e17b50a1,SS,False,True,San Francisco Giants,New York Mets,home,0,0,0,0,4,0,0,1,0,0,0,0,0,,,,,,,,,,,,
2026-04-05,b349a25c-7b9b-5106-b75a-f6d3a80f7013,Erik Miller,6abd12b9-6260-590a-8919-c32a4b913990,P,True,False,San Francisco Giants,New York Mets,home,,,,,,,,,,,,,,0.2,2,2,0,3,0,2,,24,2,1.0,27.0
2026-04-05,b349a25c-7b9b-5106-b75a-f6d3a80f7013,Luis Arraez,b0939c49-253b-5c8b-b011-386ee0b6e0bc,2B,False,True,San Francisco Giants,New York Mets,home,1,0,0,0,4,1,0,0,0,0,0,1,1,,,,,,,,,,,,
2026-04-05,b349a25c-7b9b-5106-b75a-f6d3a80f7013,Luis Torrens,5e3e8f7f-e1be-5314-a232-9a77a9237e0e,C,False,False,New York Mets,San Francisco Giants,away,0,1,0,0,2,1,0,0,0,1,2,4,2,,,,,,,,,,,,
2026-04-05,b349a25c-7b9b-5106-b75a-f6d3a80f7013,Bo Bichette,33496f7a-3b83-59ef-b119-01d0d2437f28,3B,False,True,New York Mets,San Francisco Giants,away,0,0,0,0,5,0,1,0,0,0,0,0,0,,,,,,,,,,,,
2026-04-05,b349a25c-7b9b-5106-b75a-f6d3a80f7013,Tyrone Taylor,8fc7ace9-e93d-58ba-b637-cdf5daaef922,LF,False,False,New York Mets,San Francisco Giants,away,0,0,0,0,1,0,0,0,0,1,0,1,0,,,,,,,,,,,,
2026-04-05,b349a25c-7b9b-5106-b75a-f6d3a80f7013,Francisco Alvarez,f87397a4-f111-5de9-bdd5-ccb027f66a9c,C,False,True,New York Mets,San Francisco Giants,away,1,0,0,0,4,1,0,2,0,0,0,1,1,,,,,,,,,,,,
2026-04-05,b349a25c-7b9b-5106-b75a-f6d3a80f7013,Mark Vientos,a659963f-2607-5990-8edb-583d390591c8,1B,False,True,New York Mets,San Francisco Giants,away,2,0,0,0,4,2,0,0,0,1,1,4,2,,,,,,,,,,,,
2026-04-05,b349a25c-7b9b-5106-b75a-f6d3a80f7013,Huascar Brazobán,5dd5dec5-24b4-580c-bba6-fefb17c0dfd7,P,True,False,New York Mets,San Francisco Giants,away,,,,,,,,,,,,,,1.1,4,0,0,0,0,0,,10,0,0.0,0.0
2026-04-05,b349a25c-7b9b-5106-b75a-f6d3a80f7013,Luke Weaver,e3e9cf69-f591-52dc-96f0-b9c349cc8846,P,True,False,New York Mets,San Francisco Giants,away,0,0,0,0,0,0,0,0,0,0,0,0,0,1,3,0,0,0,0,0,,12,0,0.0,0.0
2026-04-05,b349a25c-7b9b-5106-b75a-f6d3a80f7013,Carson Benge,631e3061-0f1e-5f0c-b1d3-ebbdfd16f053,RF,False,True,New York Mets,San Francisco Giants,away,0,0,0,0,4,0,1,1,1,0,0,0,0,,,,,,,,,,,,
2026-04-05,b349a25c-7b9b-5106-b75a-f6d3a80f7013,Devin Williams,74f7d0c0-cfaf-5657-a8e5-d5f399074ad8,P,True,False,New York Mets,San Francisco Giants,away,0,0,0,0,0,0,0,0,0,0,0,0,0,1,3,1,0,2,0,0,,21,0,0.3333333333333333,9.0
2026-04-05,b349a25c-7b9b-5106-b75a-f6d3a80f7013,Kodai Senga,ba32f6f2-ba75-5187-839d-01b432a2f831,P,True,True,New York Mets,San Francisco Giants,away,,,,,,,,,,,,,,5.2,17,7,2,5,0,2,,88,2,0.4117647058823529,11.117647058823529
2026-04-05,b349a25c-7b9b-5106-b75a-f6d3a80f7013,Marcus Semien,ea54830a-4412-565e-8199-20eca49f0dd0,2B,False,True,New York Mets,San Francisco Giants,away,0,1,0,0,4,1,0,1,0,0,1,2,2,,,,,,,,,,,,
2026-04-05,b349a25c-7b9b-5106-b75a-f6d3a80f7013,Francisco Lindor,027d2171-f1d0-509a-ba45-6add806d11b3,SS,False,True,New York Mets,San Francisco Giants,away,0,0,0,0,5,0,0,1,0,0,0,0,0,,,,,,,,,,,,
2026-04-05,b349a25c-7b9b-5106-b75a-f6d3a80f7013,Jorge Polanco,ba2c9110-367c-5ea1-afd1-bbfc264fde7c,DH,False,False,New York Mets,San Francisco Giants,away,1,1,0,0,4,2,0,0,0,0,0,2,3,,,,,,,,,,,,
2026-04-05,b349a25c-7b9b-5106-b75a-f6d3a80f7013,Luis Robert Jr.,05a8b0c4-5ecd-5186-a573-bcc4d6072f9b,CF,False,True,New York Mets,San Francisco Giants,away,3,0,0,0,5,3,0,0,2,2,0,5,3,,,,,,,,,,,,
2026-04-05,b349a25c-7b9b-5106-b75a-f6d3a80f7013,Jared Young,ce1f44d6-8333-5027-9abb-99714bc858e7,LF,False,True,New York Mets,San Francisco Giants,away,2,1,0,0,3,3,0,0,0,0,0,3,4,,,,,,,,,,,,
2026-04-05,55f8545e-be18-5d2f-b99e-a90c880620ba,Adam Frazier,1d730493-bfd7-5d16-9a8a-88e20b779754,LF,False,True,Los Angeles Angels,Seattle Mariners,home,2,1,0,0,5,3,0,1,0,1,1,5,4,,,,,,,,,,,,
2026-04-05,55f8545e-be18-5d2f-b99e-a90c880620ba,Oswald Peraza,98bdfab1-07ea-5c61-bd44-7c17670a08b1,2B,False,False,Los Angeles Angels,Seattle Mariners,home,0,0,0,0,1,0,0,0,0,0,0,0,0,,,,,,,,,,,,
2026-04-05,55f8545e-be18-5d2f-b99e-a90c880620ba,Zach Neto,01ac6fe3-6ace-59c9-a15b-1ad3a0af1eb1,SS,False,True,Los Angeles Angels,Seattle Mariners,home,0,1,0,0,6,1,1,2,0,1,1,3,2,,,,,,,,,,,,
2026-04-05,55f8545e-be18-5d2f-b99e-a90c880620ba,Jorge Soler,ebc19873-2e2c-5767-9b19-409c5e887630,DH,False,False,Los Angeles Angels,Seattle Mariners,home,2,0,0,0,5,2,1,1,0,0,2,4,2,,,,,,,,,,,,
2026-04-05,55f8545e-be18-5d2f-b99e-a90c880620ba,Mike Trout,062d3e7f-e32e-55bc-aa40-403df7f9ec05,CF,False,True,Los Angeles Angels,Seattle Mariners,home,0,1,0,0,5,1,0,2,0,1,0,2,2,,,,,,,,,,,,
2026-04-05,55f8545e-be18-5d2f-b99e-a90c880620ba,Jeimer Candelario,b72d7af1-56a8-5227-ba17-35a19ce2e32e,3B,False,True,Los Angeles Angels,Seattle Mariners,home,0,1,0,0,5,1,0,0,0,1,0,2,2,,,,,,,,,,,,
2026-04-05,55f8545e-be18-5d2f-b99e-a90c880620ba,Jo Adell,c3ca91f9-2d30-5cf8-aae3-a5e7339f5788,RF,False,True,Los Angeles Angels,Seattle Mariners,home,1,0,0,0,5,1,0,2,0,2,1,4,1,,,,,,,,,,,,
2026-04-05,55f8545e-be18-5d2f-b99e-a90c880620ba,Sam Bachman,cf9060ab-bd03-5198-a0a5-175b17f19e62,P,True,False,Los Angeles Angels,Seattle Mariners,home,,,,,,,,,,,,,,2,6,2,0,2,0,1,,28,1,0.3333333333333333,9.0
2026-04-05,55f8545e-be18-5d2f-b99e-a90c880620ba,Ryan Zeferjahn,1c701ecc-f73c-5d02-8d31-8c3301ff60cb,P,True,False,Los Angeles Angels,Seattle Mariners,home,,,,,,,,,,,,,,2,6,5,1,0,0,2,,27,2,0.8333333333333334,22.5
2026-04-05,55f8545e-be18-5d2f-b99e-a90c880620ba,Nolan Schanuel,88862c38-1493-5b40-9c6b-6660a4ce4654,1B,False,True,Los Angeles Angels,Seattle Mariners,home,1,0,0,0,6,1,0,0,0,0,2,3,1,,,,,,,,,,,,
2026-04-05,55f8545e-be18-5d2f-b99e-a90c880620ba,Josh Lowe,ef406577-04d5-511f-9202-5f9a1b54addb,LF,False,True,Los Angeles Angels,Seattle Mariners,home,0,0,0,0,4,0,0,1,1,1,0,1,0,,,,,,,,,,,,
2026-04-05,55f8545e-be18-5d2f-b99e-a90c880620ba,Shaun Anderson,b738812f-0d1d-5036-b1f9-1869ee086d47,P,True,False,Los Angeles Angels,Seattle Mariners,home,,,,,,,,,,,,,,2,6,1,1,1,0,0,,27,1,0.16666666666666666,4.5
2026-04-05,55f8545e-be18-5d2f-b99e-a90c880620ba,Bryce Teodosio,2e92cd67-6ffe-5f76-b1f5-83b535ba679a,CF,False,False,Los Angeles Angels,Seattle Mariners,home,0,0,0,0,1,0,0,0,0,0,0,0,0,,,,,,,,,,,,
2026-04-05,55f8545e-be18-5d2f-b99e-a90c880620ba,Logan O'Hoppe,5338530a-7eeb-53b6-9744-b4577b90a65e,C,False,True,Los Angeles Angels,Seattle Mariners,home,1,0,0,0,5,1,1,0,0,1,1,3,1,,,,,,,,,,,,
2026-04-05,55f8545e-be18-5d2f-b99e-a90c880620ba,George Klassen,673a3c32-8a28-54bd-bfe1-da4b0d63e183,P,True,True,Los Angeles Angels,Seattle Mariners,home,,,,,,,,,,,,,,2.2,8,4,5,3,0,2,,73,2,0.5,13.5
2026-04-05,55f8545e-be18-5d2f-b99e-a90c880620ba,Brent Suter,9d9b0acd-c71b-52d6-aa60-5ecb1985ca9d,P,True,False,Los Angeles Angels,Seattle Mariners,home,,,,,,,,,,,,,,2.1,7,3,1,1,1,1,,39,1,0.42857142857142855,11.571428571428571
2026-04-05,55f8545e-be18-5d2f-b99e-a90c880620ba,Josh Naylor,b882f91d-40d1-58ad-bd6a-b321477642c0,1B,False,True,Seattle Mariners,Los Angeles Angels,away,1,0,0,0,5,1,0,0,0,0,0,1,1,,,,,,,,,,,,
2026-04-05,55f8545e-be18-5d2f-b99e-a90c880620ba,Cole Young,bef5f9c5-6df7-5ede-9aac-4b5ba8731f4b,2B,False,True,Seattle Mariners,Los Angeles Angels,away,0,0,0,1,5,1,1,0,0,2,3,6,4,,,,,,,,,,,,
2026-04-05,55f8545e-be18-5d2f-b99e-a90c880620ba,Jose A. Ferrer,809651af-1bb9-5a30-ba76-7760606da2fb,P,True,False,Seattle Mariners,Los Angeles Angels,away,,,,,,,,,,,,,,1,3,1,0,4,0,2,,19,2,0.3333333333333333,9.0
2026-04-05,55f8545e-be18-5d2f-b99e-a90c880620ba,Randy Arozarena,0f2b9cc8-a738-5f1e-be0e-5c0ae5a3ac57,LF,False,True,Seattle Mariners,Los Angeles Angels,away,1,0,0,0,5,1,2,0,1,2,1,4,1,,,,,,,,,,,,
2026-04-05,55f8545e-be18-5d2f-b99e-a90c880620ba,J.P. Crawford,ce4a3d59-2b69-5bf7-80a5-33fdb5ce7363,SS,False,True,Seattle Mariners,Los Angeles Angels,away,0,0,0,0,5,0,1,2,0,1,0,1,0,,,,,,,,,,,,
2026-04-05,55f8545e-be18-5d2f-b99e-a90c880620ba,Casey Legumina,8e36214c-00d3-5fb9-9a64-0f104c6e400d,P,True,False,Seattle Mariners,Los Angeles Angels,away,,,,,,,,,,,,,,2,6,0,0,1,0,0,,26,0,0.0,0.0
2026-04-05,55f8545e-be18-5d2f-b99e-a90c880620ba,Dominic Canzone,73e2b2be-5ea8-5904-9683-089b46807bab,PH,False,False,Seattle Mariners,Los Angeles Angels,away,0,0,0,0,1,0,0,0,0,0,0,0,0,,,,,,,,,,,,
2026-04-05,55f8545e-be18-5d2f-b99e-a90c880620ba,Cal Raleigh,21b31397-a06c-5238-83b3-90eee447e28e,C,False,False,Seattle Mariners,Los Angeles Angels,away,0,1,0,0,6,1,1,3,0,1,0,2,2,,,,,,,,,,,,
2026-04-05,55f8545e-be18-5d2f-b99e-a90c880620ba,Cole Wilcox,7d63c225-4e37-5df0-912b-553a335878e3,P,True,False,Seattle Mariners,Los Angeles Angels,away,,,,,,,,,,,,,,1.1,4,2,1,0,0,0,,23,0,0.5,13.5
2026-04-05,55f8545e-be18-5d2f-b99e-a90c880620ba,Matt Brash,ec511bae-9c6c-5e83-aa0a-db29cda0e223,P,True,False,Seattle Mariners,Los Angeles Angels,away,,,,,,,,,,,,,,1,3,1,0,0,0,0,,10,1,0.3333333333333333,9.0
2026-04-05,55f8545e-be18-5d2f-b99e-a90c880620ba,Luis Castillo,9d824fe2-4c47-5b73-8c22-afa12b58659f,P,True,True,Seattle Mariners,Los Angeles Angels,away,,,,,,,,,,,,,,3.2,11,4,1,6,0,3,,84,4,0.36363636363636365,9.818181818181818
2026-04-05,55f8545e-be18-5d2f-b99e-a90c880620ba,Andrés Muñoz,b7e7201a-7b53-5610-a084-2f818e1e7483,P,True,False,Seattle Mariners,Los Angeles Angels,away,,,,,,,,,,,,,,1,3,1,0,0,0,0,,16,0,0.3333333333333333,9.0
2026-04-05,55f8545e-be18-5d2f-b99e-a90c880620ba,Mitch Garver,b98e67ae-d1c9-52de-bc51-5adff2b71c14,C,False,True,Seattle Mariners,Los Angeles Angels,away,0,0,0,0,4,0,1,3,0,0,0,0,0,,,,,,,,,,,,
2026-04-05,55f8545e-be18-5d2f-b99e-a90c880620ba,Gabe Speier,d17c5e2e-ffd7-50dd-a3d3-19ec8384fe62,P,True,False,Seattle Mariners,Los Angeles Angels,away,0,0,0,0,0,0,0,0,0,0,0,0,0,0.2,2,0,1,0,0,0,,3,1,0.0,0.0
2026-04-05,55f8545e-be18-5d2f-b99e-a90c880620ba,Leo Rivas,13efd7e6-1b6a-509b-8348-f3f74df6fce9,3B,False,True,Seattle Mariners,Los Angeles Angels,away,1,0,0,0,5,1,2,1,0,0,2,3,1,,,,,,,,,,,,
2026-04-05,55f8545e-be18-5d2f-b99e-a90c880620ba,Julio Rodríguez,fffe4545-0e86-5407-906a-645035a15435,CF,False,True,Seattle Mariners,Los Angeles Angels,away,1,0,0,0,5,1,0,2,0,1,1,3,1,,,,,,,,,,,,
2026-04-05,55f8545e-be18-5d2f-b99e-a90c880620ba,Luke Raley,27e77a8c-1c02-50cc-b8c2-06d1e891fc5d,RF,False,True,Seattle Mariners,Los Angeles Angels,away,0,1,0,0,6,1,0,4,0,0,0,1,2,,,,,,,,,,,,
2026-04-05,3bdfcac2-8f71-5a5d-a453-3cea0abb2369,Brandon Pfaadt,a882aad2-74ea-5cb3-99ce-e211807a5da4,P,True,True,Arizona Diamondbacks,Atlanta Braves,home,,,,,,,,,,,,,,4.2,14,2,2,6,1,3,,79,3,0.14285714285714285,3.8571428571428568
2026-04-05,3bdfcac2-8f71-5a5d-a453-3cea0abb2369,Tim Tawa,cc27f63f-70a0-5138-9eeb-093814a1bc06,LF,False,True,Arizona Diamondbacks,Atlanta Braves,home,0,0,0,0,4,0,0,0,0,0,0,0,0,,,,,,,,,,,,
2026-04-05,3bdfcac2-8f71-5a5d-a453-3cea0abb2369,Taylor Rashi,a33fee59-6735-5eb1-b247-56b3a3f71ce7,P,True,False,Arizona Diamondbacks,Atlanta Braves,home,,,,,,,,,,,,,,1,3,0,0,0,0,0,,9,0,0.0,0.0
2026-04-05,3bdfcac2-8f71-5a5d-a453-3cea0abb2369,Nolan Arenado,aa4157df-7915-5251-83c1-0c1f931c43f0,3B,False,True,Arizona Diamondbacks,Atlanta Braves,home,1,0,0,0,4,1,1,1,0,1,1,3,1,,,,,,,,,,,,
2026-04-05,3bdfcac2-8f71-5a5d-a453-3cea0abb2369,Kevin Ginkel,2bc38bf7-08a1-5ad8-853f-9acf889b8f52,P,True,False,Arizona Diamondbacks,Atlanta Braves,home,,,,,,,,,,,,,,1,3,1,0,1,0,0,,13,0,0.3333333333333333,9.0
2026-04-05,3bdfcac2-8f71-5a5d-a453-3cea0abb2369,Ketel Marte,c81e5c80-cc33-537b-b75e-e43d4baeefd8,2B,False,True,Arizona Diamondbacks,Atlanta Braves,home,0,2,0,0,5,2,0,0,0,1,1,4,4,,,,,,,,,,,,
2026-04-05,3bdfcac2-8f71-5a5d-a453-3cea0abb2369,Jonathan Loáisiga,9f25160c-63b2-530c-b4be-73537c9b4a28,P,True,False,Arizona Diamondbacks,Atlanta Braves,home,,,,,,,,,,,,,,1,3,1,0,3,0,1,,25,1,0.3333333333333333,9.0
2026-04-05,3bdfcac2-8f71-5a5d-a453-3cea0abb2369,Ildemaro Vargas,e20d8cb6-0ba2-5399-9d20-541d1cfce0e7,1B,False,False,Arizona Diamondbacks,Atlanta Braves,home,0,0,1,0,3,1,1,1,0,0,2,3,3,,,,,,,,,,,,
2026-04-05,3bdfcac2-8f71-5a5d-a453-3cea0abb2369,Geraldo Perdomo,f16aabac-5df9-5d25-854f-705f0f9b265a,SS,False,True,Arizona Diamondbacks,Atlanta Braves,home,0,0,0,0,4,0,0,0,0,0,1,1,0,,,,,,,,,,,,
2026-04-05,3bdfcac2-8f71-5a5d-a453-3cea0abb2369,Jose Fernandez,24ee4058-1b78-50fa-92c9-0ebeb3bfad17,DH,False,False,Arizona Diamondbacks,Atlanta Braves,home,0,0,0,0,4,0,0,1,1,0,0,0,0,,,,,,,,,,,,
2026-04-05,3bdfcac2-8f71-5a5d-a453-3cea0abb2369,Gabriel Moreno,18e63c5c-4632-5dbc-9084-71bfa57a99c7,C,False,False,Arizona Diamondbacks,Atlanta Braves,home,0,0,0,0,1,0,0,1,0,0,0,0,0,,,,,,,,,,,,
2026-04-05,3bdfcac2-8f71-5a5d-a453-3cea0abb2369,Corbin Carroll,3b6210c9-3db8-5b34-9af5-e972d0b61b99,RF,False,True,Arizona Diamondbacks,Atlanta Braves,home,2,0,1,0,4,3,0,0,1,2,1,6,5,,,,,,,,,,,,
2026-04-05,3bdfcac2-8f71-5a5d-a453-3cea0abb2369,Taylor Clarke,ee4ac798-96a7-5034-946b-19e82de3d346,P,True,False,Arizona Diamondbacks,Atlanta Braves,home,,,,,,,,,,,,,,1.1,4,1,0,0,0,0,,17,0,0.25,6.75
2026-04-05,3bdfcac2-8f71-5a5d-a453-3cea0abb2369,Ryan Thompson,645085dd-3250-5066-a496-2e05bd6fab72,P,True,False,Arizona Diamondbacks,Atlanta Braves,home,,,,,,,,,,,,,,1,3,1,1,1,0,0,,14,1,0.3333333333333333,9.0
2026-04-05,3bdfcac2-8f71-5a5d-a453-3cea0abb2369,James McCann,03983b89-44f4-5d46-a8af-e1aeb9219a7a,C,False,True,Arizona Diamondbacks,Atlanta Braves,home,0,0,0,0,3,0,0,0,0,0,0,0,0,,,,,,,,,,,,
2026-04-05,3bdfcac2-8f71-5a5d-a453-3cea0abb2369,Carlos Santana,1e382352-f767-5763-bb8c-059aceb7ca11,1B,False,True,Arizona Diamondbacks,Atlanta Braves,home,1,0,0,0,1,1,0,0,0,0,0,1,1,,,,,,,,,,,,
2026-04-05,3bdfcac2-8f71-5a5d-a453-3cea0abb2369,Jorge Barrosa,a7bb2eb0-3405-55cc-a5f2-d51828ea32dd,CF,False,True,Arizona Diamondbacks,Atlanta Braves,home,0,1,0,0,4,1,0,1,0,2,0,3,2,,,,,,,,,,,,
2026-04-05,3bdfcac2-8f71-5a5d-a453-3cea0abb2369,Dylan Lee,b6a9d913-8436-591d-a9cd-80087848a2ad,P,True,False,Atlanta Braves,Arizona Diamondbacks,away,,,,,,,,,,,,,,1,3,0,0,2,0,1,,18,1,0.0,0.0
2026-04-05,3bdfcac2-8f71-5a5d-a453-3cea0abb2369,Robert Suarez,210de3d9-d0ff-5632-a4a4-6ab9221794db,P,True,False,Atlanta Braves,Arizona Diamondbacks,away,,,,,,,,,,,,,,1,3,3,0,0,0,0,,14,0,1.0,27.0
2026-04-05,3bdfcac2-8f71-5a5d-a453-3cea0abb2369,Michael Harris II,cff14015-b6ae-555e-a442-60e9ddb08b61,CF,False,True,Atlanta Braves,Arizona Diamondbacks,away,1,0,0,0,5,1,0,0,0,0,0,1,1,,,,,,,,,,,,
2026-04-05,3bdfcac2-8f71-5a5d-a453-3cea0abb2369,Jorge Mateo,9599b336-e628-59ce-ad5c-a8e26c743dc4,SS,False,True,Atlanta Braves,Arizona Diamondbacks,away,1,1,0,0,4,2,1,0,1,3,0,5,3,,,,,,,,,,,,
2026-04-05,3bdfcac2-8f71-5a5d-a453-3cea0abb2369,Mauricio Dubón,47d09ee0-3ea8-5df2-b34c-c6fd76faa3fb,LF,False,True,Atlanta Braves,Arizona Diamondbacks,away,0,1,0,0,5,1,0,1,0,1,0,2,2,,,,,,,,,,,,
2026-04-05,3bdfcac2-8f71-5a5d-a453-3cea0abb2369,Drake Baldwin,1e5f1f08-e9ec-57db-b15f-c1ec8d14d85e,C,False,True,Atlanta Braves,Arizona Diamondbacks,away,2,0,0,1,5,3,0,0,0,1,4,8,6,,,,,,,,,,,,
2026-04-05,3bdfcac2-8f71-5a5d-a453-3cea0abb2369,Joel Payamps,61e551cc-547a-5e52-a0b2-2b9114ea0c6b,P,True,False,Atlanta Braves,Arizona Diamondbacks,away,,,,,,,,,,,,,,0,0,0,0,1,0,0,,1,1,,
2026-04-05,3bdfcac2-8f71-5a5d-a453-3cea0abb2369,Matt Olson,fa607d2a-7f47-5352-8330-cb074e809054,1B,False,True,Atlanta Braves,Arizona Diamondbacks,away,0,0,0,0,5,0,2,2,0,0,0,0,0,,,,,,,,,,,,
2026-04-05,3bdfcac2-8f71-5a5d-a453-3cea0abb2369,Dominic Smith,a71b9e93-42ca-5a21-9c07-6aa70b6b9bae,PH,False,False,Atlanta Braves,Arizona Diamondbacks,away,0,0,0,0,1,0,0,0,0,0,0,0,0,,,,,,,,,,,,
2026-04-05,3bdfcac2-8f71-5a5d-a453-3cea0abb2369,Ronald Acuña Jr.,bf408b79-82a4-5a4a-bb2f-6bdbef2af3cc,DH,False,False,Atlanta Braves,Arizona Diamondbacks,away,2,0,0,0,5,2,0,0,0,0,0,2,2,,,,,,,,,,,,
2026-04-05,3bdfcac2-8f71-5a5d-a453-3cea0abb2369,Kyle Farmer,61bebf05-06b8-51d1-953e-aea34317e2f1,3B,False,False,Atlanta Braves,Arizona Diamondbacks,away,0,0,0,0,0,0,0,0,0,0,0,0,0,,,,,,,,,,,,
2026-04-05,3bdfcac2-8f71-5a5d-a453-3cea0abb2369,Tyler Kinley,42de22d0-6456-596f-848b-5cf21ea6f7cc,P,True,False,Atlanta Braves,Arizona Diamondbacks,away,,,,,,,,,,,,,,1,3,0,1,1,0,0,,19,0,0.0,0.0
2026-04-05,3bdfcac2-8f71-5a5d-a453-3cea0abb2369,Eli White,834441df-51be-58ee-b9ae-8897115e2079,RF,False,True,Atlanta Braves,Arizona Diamondbacks,away,0,0,0,0,2,0,0,0,0,0,0,0,0,,,,,,,,,,,,
2026-04-05,3bdfcac2-8f71-5a5d-a453-3cea0abb2369,Ozzie Albies,360c17ce-8588-52bd-b86a-6621a43f1bac,2B,False,True,Atlanta Braves,Arizona Diamondbacks,away,1,0,0,0,5,1,0,1,0,0,0,1,1,,,,,,,,,,,,
2026-04-05,3bdfcac2-8f71-5a5d-a453-3cea0abb2369,Raisel Iglesias,9ce53798-a3c9-5d3d-ace5-e7568226d255,P,True,False,Atlanta Braves,Arizona Diamondbacks,away,,,,,,,,,,,,,,1,3,1,0,0,0,0,,14,0,0.3333333333333333,9.0
2026-04-05,3bdfcac2-8f71-5a5d-a453-3cea0abb2369,Austin Riley,3ae0fd65-efd0-5a3b-872b-7150b0c699aa,3B,False,False,Atlanta Braves,Arizona Diamondbacks,away,0,0,0,0,2,0,0,0,0,0,0,0,0,,,,,,,,,,,,
2026-04-05,3bdfcac2-8f71-5a5d-a453-3cea0abb2369,Mike Yastrzemski,1a244f8f-82ee-555a-b1af-aa44b0f2ff31,RF,False,True,Atlanta Braves,Arizona Diamondbacks,away,1,0,0,0,5,1,0,2,0,0,0,1,1,,,,,,,,,,,,
2026-04-05,3bdfcac2-8f71-5a5d-a453-3cea0abb2369,Martín Pérez,753c0fa3-e18f-5d49-aadc-ce7e05bfb1cb,P,True,True,Atlanta Braves,Arizona Diamondbacks,away,,,,,,,,,,,,,,5,15,1,1,5,0,4,,75,4,0.06666666666666667,1.8
2026-04-05,b611d8de-0076-5772-9910-1a6694cd1a6f,Jahmai Jones,f37c716e-e0f5-5725-aba6-6f855690f0c8,DH,False,False,Detroit Tigers,St. Louis Cardinals,home,0,0,0,0,2,0,0,1,0,0,0,0,0,,,,,,,,,,,,
2026-04-05,b611d8de-0076-5772-9910-1a6694cd1a6f,Javier Báez,17c08cde-e81d-5b40-8f69-31e92ae85ff7,SS,False,True,Detroit Tigers,St. Louis Cardinals,home,0,0,0,0,4,0,0,1,0,0,1,1,0,,,,,,,,,,,,
2026-04-05,b611d8de-0076-5772-9910-1a6694cd1a6f,Riley Greene,bbee493e-0329-5be6-8cd9-78d86c4bba58,LF,False,True,Detroit Tigers,St. Louis Cardinals,home,1,0,0,0,4,1,0,1,0,0,0,1,1,,,,,,,,,,,,
2026-04-05,b611d8de-0076-5772-9910-1a6694cd1a6f,Kevin McGonigle,564bb172-7dfb-573e-b0f7-7f5cbdd0d547,3B,False,True,Detroit Tigers,St. Louis Cardinals,home,0,0,0,0,5,0,2,1,0,0,0,0,0,,,,,,,,,,,,
2026-04-05,b611d8de-0076-5772-9910-1a6694cd1a6f,Kerry Carpenter,fcfcc870-05a3-58ad-ae0a-2ed6a6964125,RF,False,True,Detroit Tigers,St. Louis Cardinals,home,0,0,0,1,3,1,1,1,0,1,2,4,4,,,,,,,,,,,,
2026-04-05,b611d8de-0076-5772-9910-1a6694cd1a6f,Spencer Torkelson,c12eb080-7e57-5145-9dc7-97b7b4c97921,1B,False,True,Detroit Tigers,St. Louis Cardinals,home,0,1,0,0,4,1,3,0,0,0,0,1,2,,,,,,,,,,,,
2026-04-05,b611d8de-0076-5772-9910-1a6694cd1a6f,Connor Seabold,31b1fd7f-72ea-525d-b95f-a97b979ffa9e,P,True,False,Detroit Tigers,St. Louis Cardinals,home,,,,,,,,,,,,,,2,6,1,2,1,0,0,,31,0,0.16666666666666666,4.5
2026-04-05,b611d8de-0076-5772-9910-1a6694cd1a6f,Keider Montero,868d6b41-20e3-5df6-ac18-bbda4d3df583,P,True,True,Detroit Tigers,St. Louis Cardinals,home,,,,,,,,,,,,,,4.1,13,3,1,3,0,2,,63,3,0.23076923076923078,6.230769230769231
2026-04-05,b611d8de-0076-5772-9910-1a6694cd1a6f,Gleyber Torres,7bd07245-7bf0-5980-8c77-8a40271534aa,2B,False,True,Detroit Tigers,St. Louis Cardinals,home,0,0,0,0,5,0,0,2,0,0,0,0,0,,,,,,,,,,,,
2026-04-05,b611d8de-0076-5772-9910-1a6694cd1a6f,Enmanuel De Jesus,3e1d8d47-3c70-5063-bc60-72aa374012c5,P,True,False,Detroit Tigers,St. Louis Cardinals,home,,,,,,,,,,,,,,2.2,8,3,0,2,0,1,,38,2,0.375,10.125
2026-04-05,b611d8de-0076-5772-9910-1a6694cd1a6f,Matt Vierling,89a3e61c-5176-5488-8084-f6d7dcdbeb37,RF,False,False,Detroit Tigers,St. Louis Cardinals,home,0,0,0,0,2,0,0,0,0,0,0,0,0,,,,,,,,,,,,
2026-04-05,b611d8de-0076-5772-9910-1a6694cd1a6f,Parker Meadows,c0c33d53-e475-503d-b1cb-5aa6430b3660,CF,False,True,Detroit Tigers,St. Louis Cardinals,home,2,0,0,0,4,2,0,0,1,0,0,2,2,,,,,,,,,,,,
2026-04-05,b611d8de-0076-5772-9910-1a6694cd1a6f,Dillon Dingler,ddcd399c-63b6-5add-9222-5d69a6f9b45d,C,False,True,Detroit Tigers,St. Louis Cardinals,home,0,0,0,0,4,0,1,0,0,1,0,1,0,,,,,,,,,,,,
2026-04-05,b611d8de-0076-5772-9910-1a6694cd1a6f,Colt Keith,cadc4708-5d0a-56ac-84d0-feced1704a81,DH,False,False,Detroit Tigers,St. Louis Cardinals,home,1,0,0,0,3,1,0,1,0,1,0,2,1,,,,,,,,,,,,
2026-04-05,b611d8de-0076-5772-9910-1a6694cd1a6f,Nolan Gorman,be501aad-9273-5dd4-a194-dcbebb3849ba,3B,False,True,St. Louis Cardinals,Detroit Tigers,away,1,0,0,0,4,1,0,0,0,1,1,3,1,,,,,,,,,,,,
2026-04-05,b611d8de-0076-5772-9910-1a6694cd1a6f,Jordan Walker,e10767c9-8f24-56db-9597-f92e37c6514d,RF,False,True,St. Louis Cardinals,Detroit Tigers,away,1,0,0,0,4,1,1,2,0,0,0,1,1,,,,,,,,,,,,
2026-04-05,b611d8de-0076-5772-9910-1a6694cd1a6f,Nathan Church,b5df23ff-260a-5bc9-b5d7-884ca21ef688,LF,False,True,St. Louis Cardinals,Detroit Tigers,away,0,0,0,0,4,0,0,1,0,1,0,1,0,,,,,,,,,,,,
2026-04-05,b611d8de-0076-5772-9910-1a6694cd1a6f,Victor Scott II,4505d0dc-de10-56ef-ab3f-29ed1056473f,CF,False,True,St. Louis Cardinals,Detroit Tigers,away,1,0,0,0,4,1,0,0,0,1,1,3,1,,,,,,,,,,,,
2026-04-05,b611d8de-0076-5772-9910-1a6694cd1a6f,Kyle Leahy,a176548a-6558-513c-b3f4-ae9a2d19945e,P,True,True,St. Louis Cardinals,Detroit Tigers,away,,,,,,,,,,,,,,5,15,4,3,5,1,2,,97,2,0.26666666666666666,7.2
2026-04-05,b611d8de-0076-5772-9910-1a6694cd1a6f,JoJo Romero,e2a9f27c-148d-5202-bb6b-c34a5ba5ecee,P,True,False,St. Louis Cardinals,Detroit Tigers,away,,,,,,,,,,,,,,1.2,5,1,1,0,0,0,,19,0,0.2,5.3999999999999995
2026-04-05,b611d8de-0076-5772-9910-1a6694cd1a6f,JJ Wetherholt,c0507a84-2f5c-53c7-8260-93f2e7bc2162,2B,False,True,St. Louis Cardinals,Detroit Tigers,away,1,0,0,0,4,1,0,1,0,1,0,2,1,,,,,,,,,,,,
2026-04-05,b611d8de-0076-5772-9910-1a6694cd1a6f,Alec Burleson,68452ca8-6fdd-5413-a220-a1e5177c8deb,1B,False,True,St. Louis Cardinals,Detroit Tigers,away,0,0,0,0,4,0,0,0,0,0,0,0,0,,,,,,,,,,,,
2026-04-05,b611d8de-0076-5772-9910-1a6694cd1a6f,Thomas Saggese,2799ba82-8b39-5d8b-b88f-ad038b5979a6,SS,False,True,St. Louis Cardinals,Detroit Tigers,away,0,0,0,0,4,0,1,1,0,0,0,0,0,,,,,,,,,,,,
2026-04-05,b611d8de-0076-5772-9910-1a6694cd1a6f,Riley O'Brien,7d05e862-eaea-58b0-8549-ac099c30e7cd,P,True,False,St. Louis Cardinals,Detroit Tigers,away,,,,,,,,,,,,,,1,3,1,0,0,0,0,,13,0,0.3333333333333333,9.0
2026-04-05,b611d8de-0076-5772-9910-1a6694cd1a6f,George Soriano,6b90d6da-2ede-5a03-8567-b1abfe357bb4,P,True,False,St. Louis Cardinals,Detroit Tigers,away,,,,,,,,,,,,,,0.1,1,0,2,1,0,1,,19,1,0.0,0.0
2026-04-05,b611d8de-0076-5772-9910-1a6694cd1a6f,Pedro Pagés,719006eb-d990-515a-9cb3-2a4186659958,C,False,True,St. Louis Cardinals,Detroit Tigers,away,1,0,0,0,4,1,0,1,0,1,1,3,1,,,,,,,,,,,,
2026-04-05,b611d8de-0076-5772-9910-1a6694cd1a6f,Ramón Urías,e3463798-6a26-51fa-b4b3-22832aefe3ff,3B,False,False,St. Louis Cardinals,Detroit Tigers,away,0,0,0,0,0,0,0,0,0,0,0,0,0,,,,,,,,,,,,
2026-04-05,b611d8de-0076-5772-9910-1a6694cd1a6f,Ryne Stanek,8e7700b0-aad6-5c4a-90df-68e5c18db9a8,P,True,False,St. Louis Cardinals,Detroit Tigers,away,,,,,,,,,,,,,,1,3,2,1,0,0,0,,23,0,0.6666666666666666,18.0
2026-04-05,b611d8de-0076-5772-9910-1a6694cd1a6f,Iván Herrera,2b86e80e-433d-54c4-a2c1-a0d16d28e3dc,DH,False,False,St. Louis Cardinals,Detroit Tigers,away,1,0,0,0,4,1,1,1,0,0,2,3,1,,,,,,,,,,,,
2026-04-06,bde78bc1-cbac-59b2-8c1b-3bec83e58da4,Taylor Walls,ebebbbc1-e682-5c23-9e53-6d03319ebf2b,SS,False,True,Tampa Bay Rays,Chicago Cubs,home,0,1,0,0,3,1,0,0,0,1,0,2,2,,,,,,,,,,,,
2026-04-06,bde78bc1-cbac-59b2-8c1b-3bec83e58da4,Shane McClanahan,5efccbf3-b156-5fda-b364-28ea784abdd5,P,True,True,Tampa Bay Rays,Chicago Cubs,home,,,,,,,,,,,,,,4,12,5,4,1,0,2,,69,2,0.4166666666666667,11.25
2026-04-06,bde78bc1-cbac-59b2-8c1b-3bec83e58da4,Jake Fraley,9f4bcb6d-0f3d-580f-985b-cc730b0a26e5,RF,False,True,Tampa Bay Rays,Chicago Cubs,home,0,0,0,0,4,0,0,0,0,0,0,0,0,,,,,,,,,,,,
2026-04-06,bde78bc1-cbac-59b2-8c1b-3bec83e58da4,Chandler Simpson,e8a47c28-d0c4-55d9-8402-e290b94ba76d,LF,False,True,Tampa Bay Rays,Chicago Cubs,home,2,0,0,0,4,2,0,0,2,1,0,3,2,,,,,,,,,,,,
2026-04-06,bde78bc1-cbac-59b2-8c1b-3bec83e58da4,Ian Seymour,c83440e7-b158-502b-90d5-a0fdc594c962,P,True,False,Tampa Bay Rays,Chicago Cubs,home,,,,,,,,,,,,,,1.1,4,1,0,2,0,1,,21,1,0.25,6.75
2026-04-06,bde78bc1-cbac-59b2-8c1b-3bec83e58da4,Kevin Kelly,6a952a95-8d80-57ba-a5fe-a4daa53fa456,P,True,False,Tampa Bay Rays,Chicago Cubs,home,,,,,,,,,,,,,,1,3,1,0,0,0,0,,14,0,0.3333333333333333,9.0
2026-04-06,bde78bc1-cbac-59b2-8c1b-3bec83e58da4,Jonathan Aranda,f3e0ad1f-94c2-5388-8f31-9baa1e72f471,1B,False,True,Tampa Bay Rays,Chicago Cubs,home,0,0,0,1,4,1,0,1,0,1,2,4,4,,,,,,,,,,,,
2026-04-06,bde78bc1-cbac-59b2-8c1b-3bec83e58da4,Nick Fortes,f24e024c-1c51-502c-8866-34dbafb91126,C,False,True,Tampa Bay Rays,Chicago Cubs,home,0,1,0,0,4,1,0,1,0,0,0,1,2,,,,,,,,,,,,
2026-04-06,bde78bc1-cbac-59b2-8c1b-3bec83e58da4,Hunter Bigge,c3b30982-9c32-57bd-8de9-795c8f63545f,P,True,False,Tampa Bay Rays,Chicago Cubs,home,,,,,,,,,,,,,,1.2,5,0,0,0,0,0,,20,0,0.0,0.0
2026-04-06,bde78bc1-cbac-59b2-8c1b-3bec83e58da4,Yandy Díaz,382a432b-7569-5972-a70e-6270ec94a244,DH,False,False,Tampa Bay Rays,Chicago Cubs,home,2,0,0,0,4,2,0,1,1,0,0,2,2,,,,,,,,,,,,
2026-04-06,bde78bc1-cbac-59b2-8c1b-3bec83e58da4,Ben Williamson,ac1660ef-9f73-5523-b351-97539670590b,2B,False,True,Tampa Bay Rays,Chicago Cubs,home,0,0,0,0,3,0,1,1,0,1,0,1,0,,,,,,,,,,,,
2026-04-06,bde78bc1-cbac-59b2-8c1b-3bec83e58da4,Bryan Baker,7a01b0da-fab6-5b88-b784-f7bb9c401c72,P,True,False,Tampa Bay Rays,Chicago Cubs,home,,,,,,,,,,,,,,1,3,2,0,1,1,1,,14,1,0.6666666666666666,18.0
2026-04-06,bde78bc1-cbac-59b2-8c1b-3bec83e58da4,Junior Caminero,00646ce3-90a0-5f44-9b75-d7f277143ba5,3B,False,True,Tampa Bay Rays,Chicago Cubs,home,0,0,0,1,4,1,0,1,0,1,1,3,4,,,,,,,,,,,,
2026-04-06,bde78bc1-cbac-59b2-8c1b-3bec83e58da4,Cedric Mullins,88cf2c8c-311c-568d-90a3-428db492786f,CF,False,True,Tampa Bay Rays,Chicago Cubs,home,0,0,0,1,3,1,0,0,0,1,2,4,4,,,,,,,,,,,,
2026-04-06,bde78bc1-cbac-59b2-8c1b-3bec83e58da4,Michael Conforto,90e43863-2a50-529e-b3b9-ef4aeb4736de,DH,False,False,Chicago Cubs,Tampa Bay Rays,away,0,0,0,0,1,0,0,0,0,0,0,0,0,,,,,,,,,,,,
2026-04-06,bde78bc1-cbac-59b2-8c1b-3bec83e58da4,Dylan Carlson,78357ca8-b429-5741-b25a-e8d3e10f4922,DH,False,False,Chicago Cubs,Tampa Bay Rays,away,0,0,0,0,1,0,0,0,0,0,0,0,0,,,,,,,,,,,,
2026-04-06,bde78bc1-cbac-59b2-8c1b-3bec83e58da4,Riley Martin,67d9ea0a-283b-5ca9-a136-b8c1c7cef965,P,True,False,Chicago Cubs,Tampa Bay Rays,away,,,,,,,,,,,,,,1,3,0,0,1,0,0,,10,0,0.0,0.0
2026-04-06,bde78bc1-cbac-59b2-8c1b-3bec83e58da4,Ian Happ,b809f60b-8331-5fd0-ab24-ee3b8538eabe,LF,False,True,Chicago Cubs,Tampa Bay Rays,away,0,1,0,0,4,1,1,0,0,1,0,2,2,,,,,,,,,,,,
2026-04-06,bde78bc1-cbac-59b2-8c1b-3bec83e58da4,Alex Bregman,57215789-8702-5d78-8c77-21a23c10f033,3B,False,True,Chicago Cubs,Tampa Bay Rays,away,0,0,0,0,4,0,0,1,0,0,0,0,0,,,,,,,,,,,,
2026-04-06,bde78bc1-cbac-59b2-8c1b-3bec83e58da4,Michael Busch,6b4e85c9-9b0c-5203-9474-01388c3cb9e8,1B,False,True,Chicago Cubs,Tampa Bay Rays,away,0,0,0,0,4,0,1,0,0,1,1,2,0,,,,,,,,,,,,
2026-04-06,bde78bc1-cbac-59b2-8c1b-3bec83e58da4,Carson Kelly,43b2a60b-2ced-5c09-beab-347f4863ab11,C,False,True,Chicago Cubs,Tampa Bay Rays,away,0,1,0,0,4,1,0,1,0,0,0,1,2,,,,,,,,,,,,
2026-04-06,bde78bc1-cbac-59b2-8c1b-3bec83e58da4,Jameson Taillon,0f8a2bfc-f51b-58d4-99c0-8e4f372425bf,P,True,True,Chicago Cubs,Tampa Bay Rays,away,,,,,,,,,,,,,,6,18,4,0,7,2,3,,83,4,0.2222222222222222,6.0
2026-04-06,bde78bc1-cbac-59b2-8c1b-3bec83e58da4,Pete Crow-Armstrong,6e75f4ef-3025-5851-bb55-3a587c5f54a5,CF,False,True,Chicago Cubs,Tampa Bay Rays,away,0,0,0,0,4,0,0,2,0,0,0,0,0,,,,,,,,,,,,
2026-04-06,bde78bc1-cbac-59b2-8c1b-3bec83e58da4,Miguel Amaya,e5766d16-6afe-5cc0-b276-b0992a1ce5e2,DH,False,False,Chicago Cubs,Tampa Bay Rays,away,0,0,0,0,1,0,1,0,0,0,0,0,0,,,,,,,,,,,,
2026-04-06,bde78bc1-cbac-59b2-8c1b-3bec83e58da4,Dansby Swanson,e20a9fc7-6766-5d06-b4c8-8cf51b6d7308,SS,False,True,Chicago Cubs,Tampa Bay Rays,away,0,0,0,0,4,0,1,3,0,1,0,1,0,,,,,,,,,,,,
2026-04-06,bde78bc1-cbac-59b2-8c1b-3bec83e58da4,Phil Maton,d98006c2-9f61-5d93-b102-2c9f2c8c4cc9,P,True,False,Chicago Cubs,Tampa Bay Rays,away,,,,,,,,,,,,,,1,3,1,1,1,1,2,,19,2,0.3333333333333333,9.0
2026-04-06,bde78bc1-cbac-59b2-8c1b-3bec83e58da4,Nico Hoerner,b69bc55a-ea5c-59ee-bf5a-3a765fe9aa2a,2B,False,True,Chicago Cubs,Tampa Bay Rays,away,1,0,0,0,4,1,0,1,0,0,2,3,1,,,,,,,,,,,,
2026-04-06,bde78bc1-cbac-59b2-8c1b-3bec83e58da4,Matt Shaw,0e584e95-3d75-5986-9cb2-4451b4d945cf,RF,False,True,Chicago Cubs,Tampa Bay Rays,away,0,0,0,1,4,1,0,1,0,1,1,3,4,,,,,,,,,,,,
2026-04-06,baaf97a6-c98b-5adf-a81f-ca739c72b65f,Chase DeLauter,6df4c8fa-ba98-5c7a-ad19-cf86a2049392,RF,False,True,Cleveland Guardians,Kansas City Royals,home,0,0,0,0,4,0,1,1,0,0,0,0,0,,,,,,,,,,,,
2026-04-06,baaf97a6-c98b-5adf-a81f-ca739c72b65f,Daniel Schneemann,44aa2c31-5c71-54d6-bd89-c75f77599832,2B,False,False,Cleveland Guardians,Kansas City Royals,home,0,0,0,0,1,0,0,0,0,0,0,0,0,,,,,,,,,,,,
2026-04-06,baaf97a6-c98b-5adf-a81f-ca739c72b65f,Brayan Rocchio,19d4d33d-50bf-55d7-9885-40f4738e6983,SS,False,True,Cleveland Guardians,Kansas City Royals,home,0,0,0,1,3,1,0,0,0,1,1,3,4,,,,,,,,,,,,
2026-04-06,baaf97a6-c98b-5adf-a81f-ca739c72b65f,Gabriel Arias,da74b797-d096-5ec7-bb84-6b0e693536f3,SS,False,True,Cleveland Guardians,Kansas City Royals,home,0,1,0,0,2,1,0,1,0,0,0,1,2,,,,,,,,,,,,
2026-04-06,baaf97a6-c98b-5adf-a81f-ca739c72b65f,Bo Naylor,569c32a2-118a-5902-a55f-3e350c57a8af,C,False,True,Cleveland Guardians,Kansas City Royals,home,0,0,0,0,4,0,1,1,0,0,0,0,0,,,,,,,,,,,,
2026-04-06,baaf97a6-c98b-5adf-a81f-ca739c72b65f,David Fry,d0cdb034-814f-5d43-a16a-052464de2541,1B,False,False,Cleveland Guardians,Kansas City Royals,home,0,0,0,0,1,0,0,0,0,0,0,0,0,,,,,,,,,,,,
2026-04-06,baaf97a6-c98b-5adf-a81f-ca739c72b65f,José Ramírez,edd283fa-acd6-56e6-a171-35d869385530,3B,False,True,Cleveland Guardians,Kansas City Royals,home,0,0,0,0,4,0,2,0,0,0,0,0,0,,,,,,,,,,,,
2026-04-06,baaf97a6-c98b-5adf-a81f-ca739c72b65f,Steven Kwan,64af661f-a572-5a07-8797-70964b4dbcb2,CF,False,True,Cleveland Guardians,Kansas City Royals,home,1,0,0,1,4,2,0,0,0,1,1,4,5,,,,,,,,,,,,
2026-04-06,baaf97a6-c98b-5adf-a81f-ca739c72b65f,Peyton Pallette,4f2a60b1-6ced-5a28-8ee3-8303b092a9de,P,True,False,Cleveland Guardians,Kansas City Royals,home,,,,,,,,,,,,,,2,6,3,0,3,1,1,,30,1,0.5,13.5
2026-04-06,baaf97a6-c98b-5adf-a81f-ca739c72b65f,Kolby Allard,244e5684-e4cb-5a05-8e54-68702abf4a06,P,True,False,Cleveland Guardians,Kansas City Royals,home,,,,,,,,,,,,,,2,6,2,1,3,1,2,,35,2,0.3333333333333333,9.0
2026-04-06,baaf97a6-c98b-5adf-a81f-ca739c72b65f,Kyle Manzardo,1f4ed7ba-eda9-5a00-b87f-9c005e0a44a8,1B,False,True,Cleveland Guardians,Kansas City Royals,home,0,0,0,0,3,0,0,0,0,0,0,0,0,,,,,,,,,,,,
2026-04-06,baaf97a6-c98b-5adf-a81f-ca739c72b65f,Tanner Bibee,c61004d6-b9ea-59d4-b6a6-c887c844fb6e,P,True,True,Cleveland Guardians,Kansas City Royals,home,,,,,,,,,,,,,,4.2,14,3,1,5,0,1,,87,1,0.21428571428571427,5.785714285714286
2026-04-06,baaf97a6-c98b-5adf-a81f-ca739c72b65f,Tim Herrin,6165b4a1-ab46-5b99-b9bc-6d2d6743f203,P,True,False,Cleveland Guardians,Kansas City Royals,home,,,,,,,,,,,,,,0.1,1,0,0,0,0,0,,5,0,0.0,0.0
2026-04-06,baaf97a6-c98b-5adf-a81f-ca739c72b65f,Rhys Hoskins,1c22ec74-00f6-5b13-b698-eeaaf10c7523,DH,False,False,Cleveland Guardians,Kansas City Royals,home,0,0,0,0,4,0,0,2,0,0,0,0,0,,,,,,,,,,,,
2026-04-06,baaf97a6-c98b-5adf-a81f-ca739c72b65f,CJ Kayfus,82e69c91-8664-5911-94b2-f61af3a0f314,LF,False,True,Cleveland Guardians,Kansas City Royals,home,0,0,0,0,4,0,0,0,0,0,0,0,0,,,,,,,,,,,,
2026-04-06,baaf97a6-c98b-5adf-a81f-ca739c72b65f,Carter Jensen,add60a5c-95dc-503b-a5b7-79f454562e86,DH,False,False,Kansas City Royals,Cleveland Guardians,away,1,0,0,1,4,2,0,1,0,2,1,5,5,,,,,,,,,,,,
2026-04-06,baaf97a6-c98b-5adf-a81f-ca739c72b65f,Jonathan India,20949af5-dd03-55d6-a8f3-4a565f24fa02,2B,False,True,Kansas City Royals,Cleveland Guardians,away,1,0,0,1,4,2,0,2,0,1,3,6,5,,,,,,,,,,,,
2026-04-06,baaf97a6-c98b-5adf-a81f-ca739c72b65f,Isaac Collins,c926f529-9700-5e4c-b204-5e60f55503df,LF,False,True,Kansas City Royals,Cleveland Guardians,away,0,0,0,0,4,0,0,3,0,0,0,0,0,,,,,,,,,,,,
2026-04-06,baaf97a6-c98b-5adf-a81f-ca739c72b65f,Salvador Perez,fd9f5eef-c0a3-5e7e-9097-e558c01c50b1,C,False,True,Kansas City Royals,Cleveland Guardians,away,0,0,0,0,4,0,0,1,0,0,0,0,0,,,,,,,,,,,,
2026-04-06,baaf97a6-c98b-5adf-a81f-ca739c72b65f,Lucas Erceg,5cc0897c-ad12-5040-91d3-b7b20c9ae0a6,P,True,False,Kansas City Royals,Cleveland Guardians,away,,,,,,,,,,,,,,1,3,1,0,0,0,0,,14,0,0.3333333333333333,9.0
2026-04-06,baaf97a6-c98b-5adf-a81f-ca739c72b65f,Michael Massey,1b04e04b-b439-534c-b445-c87e6d4ebba8,2B,False,False,Kansas City Royals,Cleveland Guardians,away,0,0,0,0,0,0,0,0,0,0,0,0,0,,,,,,,,,,,,
2026-04-06,baaf97a6-c98b-5adf-a81f-ca739c72b65f,Matt Strahm,0266d0bc-ec47-5b30-a8cd-d7a2b46b4ea6,P,True,False,Kansas City Royals,Cleveland Guardians,away,,,,,,,,,,,,,,1,3,1,1,1,1,1,,24,1,0.3333333333333333,9.0
2026-04-06,baaf97a6-c98b-5adf-a81f-ca739c72b65f,Vinnie Pasquantino,160d1ebf-e65f-5f8e-a25b-00b8001bc198,1B,False,True,Kansas City Royals,Cleveland Guardians,away,1,0,0,0,5,1,1,1,0,1,0,2,1,,,,,,,,,,,,
2026-04-06,baaf97a6-c98b-5adf-a81f-ca739c72b65f,Kyle Isbel,cf2183c9-e138-5f3a-8d67-6dedd3b07bfb,CF,False,True,Kansas City Royals,Cleveland Guardians,away,1,0,0,0,4,1,0,0,0,0,0,1,1,,,,,,,,,,,,
2026-04-06,baaf97a6-c98b-5adf-a81f-ca739c72b65f,Michael Wacha,a9ec8092-b211-5193-8320-69a4a711a894,P,True,True,Kansas City Royals,Cleveland Guardians,away,,,,,,,,,,,,,,7,21,3,3,3,1,1,,102,1,0.14285714285714285,3.857142857142857
2026-04-06,baaf97a6-c98b-5adf-a81f-ca739c72b65f,Maikel Garcia,31857688-327f-5f07-8b02-bc706fd384b8,3B,False,True,Kansas City Royals,Cleveland Guardians,away,0,2,0,0,5,2,0,0,0,0,0,2,4,,,,,,,,,,,,
2026-04-06,baaf97a6-c98b-5adf-a81f-ca739c72b65f,Lane Thomas,92cdc2c8-b253-592c-b50a-1e77572b6053,RF,False,False,Kansas City Royals,Cleveland Guardians,away,0,0,0,0,0,0,0,0,0,0,0,0,0,,,,,,,,,,,,
2026-04-06,baaf97a6-c98b-5adf-a81f-ca739c72b65f,Jac Caglianone,ec14685d-e1f1-5cf3-8532-ae72ed66c00b,RF,False,True,Kansas City Royals,Cleveland Guardians,away,1,0,0,0,4,1,0,0,0,0,0,1,1,,,,,,,,,,,,
2026-04-06,baaf97a6-c98b-5adf-a81f-ca739c72b65f,Bobby Witt Jr.,355275f4-ce4a-5c49-a0e4-cadfa2e8a083,SS,False,True,Kansas City Royals,Cleveland Guardians,away,2,0,0,0,5,2,1,0,1,0,0,2,2,,,,,,,,,,,,
2026-04-06,01f74fca-adfd-5a1d-bd01-904bd486a688,Heriberto Hernández,4be49799-348b-535b-b44d-1a42d82eb903,LF,False,True,Miami Marlins,Cincinnati Reds,home,0,0,0,0,4,0,0,1,0,0,0,0,0,,,,,,,,,,,,
2026-04-06,01f74fca-adfd-5a1d-bd01-904bd486a688,Tyler Phillips,b11afcdd-5693-584c-8ec5-8c24f73115a7,P,True,False,Miami Marlins,Cincinnati Reds,home,,,,,,,,,,,,,,1.2,5,1,1,0,0,0,,23,0,0.2,5.3999999999999995
2026-04-06,01f74fca-adfd-5a1d-bd01-904bd486a688,Jakob Marsee,0af43782-4c0c-52a9-94e2-9d9a6da68ce7,CF,False,True,Miami Marlins,Cincinnati Reds,home,0,0,0,0,4,0,0,1,0,0,0,0,0,,,,,,,,,,,,
2026-04-06,01f74fca-adfd-5a1d-bd01-904bd486a688,Javier Sanoja,acccf65d-36f3-5f61-99bf-e798a2a4f76d,2B,False,True,Miami Marlins,Cincinnati Reds,home,0,0,0,0,3,0,0,0,0,0,0,0,0,,,,,,,,,,,,
2026-04-06,01f74fca-adfd-5a1d-bd01-904bd486a688,Xavier Edwards,c495c968-61ae-5861-89a0-df7170538ff7,DH,False,False,Miami Marlins,Cincinnati Reds,home,0,0,0,0,3,0,0,1,0,0,0,0,0,,,,,,,,,,,,
2026-04-06,01f74fca-adfd-5a1d-bd01-904bd486a688,Liam Hicks,0d5739d9-0891-5f5a-b4f5-07b6afa2f305,1B,False,False,Miami Marlins,Cincinnati Reds,home,0,0,0,0,1,0,0,0,0,0,0,0,0,,,,,,,,,,,,
2026-04-06,01f74fca-adfd-5a1d-bd01-904bd486a688,Owen Caissie,6ae28905-0bc7-52c6-ba9c-af2410655745,RF,False,False,Miami Marlins,Cincinnati Reds,home,0,0,0,0,1,0,1,0,0,0,0,0,0,,,,,,,,,,,,
2026-04-06,01f74fca-adfd-5a1d-bd01-904bd486a688,Agustín Ramírez,c2ec4144-0214-50b3-8140-01ede6f247c1,C,False,True,Miami Marlins,Cincinnati Reds,home,0,0,1,0,4,1,1,1,0,0,0,1,3,,,,,,,,,,,,
2026-04-06,01f74fca-adfd-5a1d-bd01-904bd486a688,Leo Jiménez,d883d559-2f58-547e-a01d-c1cd265c7486,2B,False,True,Miami Marlins,Cincinnati Reds,home,0,0,0,0,2,0,0,0,0,0,0,0,0,,,,,,,,,,,,
2026-04-06,01f74fca-adfd-5a1d-bd01-904bd486a688,Janson Junk,62610e54-3541-56c7-b590-c8aab16bf16f,P,True,True,Miami Marlins,Cincinnati Reds,home,,,,,,,,,,,,,,7.1,22,3,1,7,1,2,,87,2,0.13636363636363635,3.681818181818182
2026-04-06,01f74fca-adfd-5a1d-bd01-904bd486a688,Connor Norby,5ca1b2d6-2131-5835-989f-db6fc411a6b8,3B,False,True,Miami Marlins,Cincinnati Reds,home,0,0,0,0,3,0,0,0,0,0,0,0,0,,,,,,,,,,,,
2026-04-06,01f74fca-adfd-5a1d-bd01-904bd486a688,Austin Slater,c3be49f3-e4ef-52f8-b306-784ed1be703e,RF,False,True,Miami Marlins,Cincinnati Reds,home,0,0,0,0,3,0,0,2,0,0,0,0,0,,,,,,,,,,,,
2026-04-06,01f74fca-adfd-5a1d-bd01-904bd486a688,Otto Lopez,5fd2366a-e489-58b4-8ad3-0c6eaaff57c9,SS,False,True,Miami Marlins,Cincinnati Reds,home,2,0,0,0,4,2,0,0,0,0,0,2,2,,,,,,,,,,,,
2026-04-06,01f74fca-adfd-5a1d-bd01-904bd486a688,Elly De La Cruz,7fd536ef-9553-5c83-9d6b-4584793b4a26,SS,False,True,Cincinnati Reds,Miami Marlins,away,1,1,0,0,4,2,0,0,0,1,0,3,3,,,,,,,,,,,,
2026-04-06,01f74fca-adfd-5a1d-bd01-904bd486a688,Dane Myers,4afd868e-eb1d-5af8-bff0-99ce9b1bf670,CF,False,False,Cincinnati Reds,Miami Marlins,away,0,0,0,0,1,0,1,0,1,0,0,0,0,,,,,,,,,,,,
2026-04-06,01f74fca-adfd-5a1d-bd01-904bd486a688,Sal Stewart,87ada644-a3be-5013-bfc9-a696f4bfb4ee,1B,False,True,Cincinnati Reds,Miami Marlins,away,1,0,0,0,4,1,0,0,1,0,1,2,1,,,,,,,,,,,,
2026-04-06,01f74fca-adfd-5a1d-bd01-904bd486a688,Emilio Pagán,0a6a074b-e2af-563b-b13e-42cc1819afec,P,True,False,Cincinnati Reds,Miami Marlins,away,,,,,,,,,,,,,,1,3,0,0,0,0,0,,13,0,0.0,0.0
2026-04-06,01f74fca-adfd-5a1d-bd01-904bd486a688,Brandon Williamson,f416d206-44eb-5dab-b458-a0329c311b72,P,True,True,Cincinnati Reds,Miami Marlins,away,,,,,,,,,,,,,,6.2,20,4,1,3,0,0,,93,0,0.2,5.3999999999999995
2026-04-06,01f74fca-adfd-5a1d-bd01-904bd486a688,Tony Santillan,25ef2f7a-b7fa-5b8e-a059-f3fa3b9d4117,P,True,False,Cincinnati Reds,Miami Marlins,away,,,,,,,,,,,,,,1,3,1,1,0,0,0,,15,0,0.3333333333333333,9.0
2026-04-06,01f74fca-adfd-5a1d-bd01-904bd486a688,Matt McLain,f7624c99-f5cf-56e9-8b5d-cdc4402e8af7,2B,False,True,Cincinnati Reds,Miami Marlins,away,0,0,0,0,4,0,1,1,0,0,0,0,0,,,,,,,,,,,,
2026-04-06,01f74fca-adfd-5a1d-bd01-904bd486a688,Ke'Bryan Hayes,5ac4617a-322b-54c3-97a6-21a85177db00,3B,False,True,Cincinnati Reds,Miami Marlins,away,0,0,0,0,3,0,0,0,0,0,0,0,0,,,,,,,,,,,,
2026-04-06,01f74fca-adfd-5a1d-bd01-904bd486a688,Will Benson,3af6fc09-0d15-5805-832b-1e331a51fd8f,RF,False,True,Cincinnati Reds,Miami Marlins,away,1,0,0,0,4,1,0,1,0,0,0,1,1,,,,,,,,,,,,
2026-04-06,01f74fca-adfd-5a1d-bd01-904bd486a688,TJ Friedl,0a711a2b-282c-5649-94b9-8b048f484f0b,LF,False,True,Cincinnati Reds,Miami Marlins,away,2,0,0,0,4,2,0,1,0,0,0,2,2,,,,,,,,,,,,
2026-04-06,01f74fca-adfd-5a1d-bd01-904bd486a688,Spencer Steer,2e1a3d24-542e-5cd2-b6ac-11416bb79c96,LF,False,True,Cincinnati Reds,Miami Marlins,away,0,0,0,0,3,0,0,1,0,0,0,0,0,,,,,,,,,,,,
2026-04-06,01f74fca-adfd-5a1d-bd01-904bd486a688,Tyler Stephenson,84ffb64d-831d-5b54-bb2d-dbc37cb5cb5c,C,False,True,Cincinnati Reds,Miami Marlins,away,0,0,0,1,3,1,0,0,0,1,1,3,4,,,,,,,,,,,,
2026-04-06,01f74fca-adfd-5a1d-bd01-904bd486a688,Eugenio Suárez,09da9ec7-2b7c-5ea9-b2f8-9cdd0fdb7f8b,DH,False,False,Cincinnati Reds,Miami Marlins,away,0,0,0,0,4,0,0,0,0,0,0,0,0,,,,,,,,,,,,
2026-04-06,01f74fca-adfd-5a1d-bd01-904bd486a688,Brock Burke,b138f008-4777-5189-a7cc-178fb793ea9d,P,True,False,Cincinnati Reds,Miami Marlins,away,,,,,,,,,,,,,,0.1,1,1,0,0,0,0,,6,0,1.0,27.0
2026-04-06,e18407d6-fa11-5850-9387-1133685a000d,Spencer Horwitz,d94f34aa-a84a-53a8-b552-cc31e58a6ff4,1B,False,True,Pittsburgh Pirates,San Diego Padres,home,2,0,0,0,4,2,1,0,0,0,0,2,2,,,,,,,,,,,,
2026-04-06,e18407d6-fa11-5850-9387-1133685a000d,Brandon Lowe,01a36894-6133-59b2-8a70-8948f1acd43b,2B,False,True,Pittsburgh Pirates,San Diego Padres,home,1,0,0,0,4,1,1,0,0,0,0,1,1,,,,,,,,,,,,
2026-04-06,e18407d6-fa11-5850-9387-1133685a000d,Bryan Reynolds,141b2899-de5b-5dc9-b9f4-e519b8211bb2,LF,False,True,Pittsburgh Pirates,San Diego Padres,home,1,0,0,0,4,1,1,1,0,0,0,1,1,,,,,,,,,,,,
2026-04-06,e18407d6-fa11-5850-9387-1133685a000d,Oneil Cruz,508aae39-e756-5c0b-aceb-61dcb5848fe3,CF,False,True,Pittsburgh Pirates,San Diego Padres,home,1,0,0,0,4,1,0,1,1,0,0,1,1,,,,,,,,,,,,
2026-04-06,e18407d6-fa11-5850-9387-1133685a000d,Gregory Soto,b138fbb2-8c7e-57d8-8888-1b12c05f2f78,P,True,False,Pittsburgh Pirates,San Diego Padres,home,,,,,,,,,,,,,,1,3,1,1,0,0,0,,18,0,0.3333333333333333,9.0
2026-04-06,e18407d6-fa11-5850-9387-1133685a000d,Jake Mangum,28a2c33a-c9b3-5e75-a2ba-70873536bb5e,PH,False,False,Pittsburgh Pirates,San Diego Padres,home,0,0,0,0,1,0,0,0,0,0,0,0,0,,,,,,,,,,,,
2026-04-06,e18407d6-fa11-5850-9387-1133685a000d,Yohan Ramírez,e44b5811-3bad-5c98-8894-3a41b359705c,P,True,False,Pittsburgh Pirates,San Diego Padres,home,,,,,,,,,,,,,,1.2,5,0,0,2,0,1,,27,1,0.0,0.0
2026-04-06,e18407d6-fa11-5850-9387-1133685a000d,Isaac Mattson,8e8ee4ae-fa01-5f8d-a428-70b224343805,P,True,False,Pittsburgh Pirates,San Diego Padres,home,,,,,,,,,,,,,,1,3,2,0,2,0,0,,21,0,0.6666666666666666,18.0
2026-04-06,e18407d6-fa11-5850-9387-1133685a000d,Bubba Chandler,a03ef631-e213-598b-9374-6af29396a1a4,P,True,True,Pittsburgh Pirates,San Diego Padres,home,,,,,,,,,,,,,,4.1,13,4,4,5,0,3,,83,3,0.3076923076923077,8.307692307692308
2026-04-06,e18407d6-fa11-5850-9387-1133685a000d,Henry Davis,0f944710-fb93-58f9-bdbf-2ecc18548deb,C,False,True,Pittsburgh Pirates,San Diego Padres,home,0,0,0,0,3,0,1,0,0,0,0,0,0,,,,,,,,,,,,
2026-04-06,e18407d6-fa11-5850-9387-1133685a000d,Justin Lawrence,ea05ee5a-4383-5989-ae85-5a30169627c9,P,True,False,Pittsburgh Pirates,San Diego Padres,home,,,,,,,,,,,,,,1,3,2,0,2,0,1,,13,1,0.6666666666666666,18.0
2026-04-06,e18407d6-fa11-5850-9387-1133685a000d,Konnor Griffin,5a897113-adf9-5343-8f9d-15a2e37ba682,SS,False,True,Pittsburgh Pirates,San Diego Padres,home,0,0,0,0,4,0,0,2,0,0,0,0,0,,,,,,,,,,,,
2026-04-06,e18407d6-fa11-5850-9387-1133685a000d,Ryan O'Hearn,bffaa283-7254-53ef-91d3-5520a44d1888,RF,False,True,Pittsburgh Pirates,San Diego Padres,home,0,1,0,0,4,1,1,1,0,0,0,1,2,,,,,,,,,,,,
2026-04-06,e18407d6-fa11-5850-9387-1133685a000d,Nick Gonzales,874ea46d-0569-5ecc-85e6-b448bfe30555,3B,False,True,Pittsburgh Pirates,San Diego Padres,home,1,0,0,0,4,1,0,1,0,0,0,1,1,,,,,,,,,,,,
2026-04-06,e18407d6-fa11-5850-9387-1133685a000d,Marcell Ozuna,bef29d2e-a08c-5c3f-8b74-f3c204725a37,DH,False,False,Pittsburgh Pirates,San Diego Padres,home,0,0,0,0,4,0,0,0,0,0,0,0,0,,,,,,,,,,,,
2026-04-06,e18407d6-fa11-5850-9387-1133685a000d,Freddy Fermin,37406aad-ae18-5be2-8439-0a0b3ab54a22,C,False,True,San Diego Padres,Pittsburgh Pirates,away,1,1,0,0,4,2,0,2,0,2,0,4,3,,,,,,,,,,,,
2026-04-06,e18407d6-fa11-5850-9387-1133685a000d,David Morgan,1522e4d5-1ec8-5d0f-b690-72da93f4eb13,P,True,False,San Diego Padres,Pittsburgh Pirates,away,,,,,,,,,,,,,,2,6,1,3,0,0,0,,39,0,0.16666666666666666,4.5
2026-04-06,e18407d6-fa11-5850-9387-1133685a000d,Nick Castellanos,95dea803-893e-5754-9f60-c470b45cd25b,DH,False,False,San Diego Padres,Pittsburgh Pirates,away,1,1,0,0,4,2,0,0,0,0,1,3,3,,,,,,,,,,,,
2026-04-06,e18407d6-fa11-5850-9387-1133685a000d,Jackson Merrill,0b80ef12-9566-5b94-973d-d1151b0e69ac,CF,False,True,San Diego Padres,Pittsburgh Pirates,away,0,1,0,0,5,1,1,1,1,0,1,2,2,,,,,,,,,,,,
2026-04-06,e18407d6-fa11-5850-9387-1133685a000d,Germán Márquez,aec50e9d-c4fa-50c0-bfcf-cee1fbc0692a,P,True,True,San Diego Padres,Pittsburgh Pirates,away,,,,,,,,,,,,,,5,15,4,1,6,0,0,,92,0,0.26666666666666666,7.2
2026-04-06,e18407d6-fa11-5850-9387-1133685a000d,Gavin Sheets,5f058b73-019c-573c-b5f2-d01f2e56cd0b,1B,False,True,San Diego Padres,Pittsburgh Pirates,away,0,0,0,0,5,0,0,1,0,0,0,0,0,,,,,,,,,,,,
2026-04-06,e18407d6-fa11-5850-9387-1133685a000d,Ramón Laureano,dabca3a1-56c7-5218-8ab7-31a707ea9795,LF,False,True,San Diego Padres,Pittsburgh Pirates,away,0,1,0,0,5,1,0,1,0,1,1,3,2,,,,,,,,,,,,
2026-04-06,e18407d6-fa11-5850-9387-1133685a000d,Manny Machado,a9385e18-b1c3-52e8-b03b-b70d1f8a34af,3B,False,True,San Diego Padres,Pittsburgh Pirates,away,1,0,0,0,5,1,1,2,0,1,1,3,1,,,,,,,,,,,,
2026-04-06,e18407d6-fa11-5850-9387-1133685a000d,Fernando Tatis Jr.,ac1ed075-5e29-5566-994f-09b1af7af1b9,RF,False,True,San Diego Padres,Pittsburgh Pirates,away,0,0,0,0,5,0,1,1,0,1,0,1,0,,,,,,,,,,,,
2026-04-06,e18407d6-fa11-5850-9387-1133685a000d,Xander Bogaerts,c2029f6d-a0ef-5980-850b-3d9f8f0ec784,SS,False,True,San Diego Padres,Pittsburgh Pirates,away,2,0,0,0,5,2,1,0,0,0,0,2,2,,,,,,,,,,,,
2026-04-06,e18407d6-fa11-5850-9387-1133685a000d,Ron Marinaccio,94b4c4ed-724a-50f0-8035-92f01e4aa182,P,True,False,San Diego Padres,Pittsburgh Pirates,away,,,,,,,,,,,,,,2,6,1,1,1,0,0,,30,0,0.16666666666666666,4.5
2026-04-06,e18407d6-fa11-5850-9387-1133685a000d,Jake Cronenworth,5c3d6bb2-760f-5036-8bd3-805107557a37,2B,False,True,San Diego Padres,Pittsburgh Pirates,away,1,1,0,0,4,2,1,1,0,0,1,3,3,,,,,,,,,,,,
2026-04-06,0399dd82-1964-5812-a2b2-0c0f9e5265e5,Roman Anthony,c29e1084-a051-5de5-86f7-09b1a3bd64af,LF,False,True,Boston Red Sox,Milwaukee Brewers,home,1,1,0,0,5,2,0,0,0,2,0,4,3,,,,,,,,,,,,
2026-04-06,0399dd82-1964-5812-a2b2-0c0f9e5265e5,Willson Contreras,34477b91-95c5-5159-8fc0-73e01ae1d6d9,1B,False,True,Boston Red Sox,Milwaukee Brewers,home,1,1,0,1,5,3,1,0,0,1,2,6,7,,,,,,,,,,,,
2026-04-06,0399dd82-1964-5812-a2b2-0c0f9e5265e5,Trevor Story,cd09b8ad-73fb-5669-8db1-98c5b8a8164a,SS,False,True,Boston Red Sox,Milwaukee Brewers,home,1,0,0,0,5,1,0,0,0,0,2,3,1,,,,,,,,,,,,
2026-04-06,0399dd82-1964-5812-a2b2-0c0f9e5265e5,Brayan Bello,dbd857a2-e899-5dca-a14f-f372ed6cbf2b,P,True,True,Boston Red Sox,Milwaukee Brewers,home,,,,,,,,,,,,,,3.1,10,5,4,5,0,3,,86,4,0.5,13.5
2026-04-06,0399dd82-1964-5812-a2b2-0c0f9e5265e5,Wilyer Abreu,e89e04e9-6e91-5ee7-ae12-04853566c53f,RF,False,True,Boston Red Sox,Milwaukee Brewers,home,1,0,0,0,5,1,0,2,0,0,1,2,1,,,,,,,,,,,,
2026-04-06,0399dd82-1964-5812-a2b2-0c0f9e5265e5,Garrett Whitlock,cdcc8bf3-76ab-5410-92b5-aa4315b42024,P,True,False,Boston Red Sox,Milwaukee Brewers,home,,,,,,,,,,,,,,1,3,2,2,1,0,1,,27,2,0.6666666666666666,18.0
2026-04-06,0399dd82-1964-5812-a2b2-0c0f9e5265e5,Andruw Monasterio,47cb14eb-4fd3-52f4-b557-bb0feea1ebba,2B,False,False,Boston Red Sox,Milwaukee Brewers,home,0,0,0,0,1,0,0,0,0,0,0,0,0,,,,,,,,,,,,
2026-04-06,0399dd82-1964-5812-a2b2-0c0f9e5265e5,Caleb Durbin,bd9f542f-cb6e-5ce8-b85a-8ff891d266f7,3B,False,True,Boston Red Sox,Milwaukee Brewers,home,1,1,0,0,4,2,0,0,0,1,0,3,3,,,,,,,,,,,,
2026-04-06,0399dd82-1964-5812-a2b2-0c0f9e5265e5,Carlos Narváez,1322ee1c-36ba-5e0c-a487-1a0e94fe483b,C,False,True,Boston Red Sox,Milwaukee Brewers,home,0,0,0,0,4,0,0,1,0,0,0,0,0,,,,,,,,,,,,
2026-04-06,0399dd82-1964-5812-a2b2-0c0f9e5265e5,Ceddanne Rafaela,15788154-f587-5625-bece-d4a10d870640,CF,False,True,Boston Red Sox,Milwaukee Brewers,home,0,0,0,0,4,0,0,1,0,1,0,1,0,,,,,,,,,,,,
2026-04-06,0399dd82-1964-5812-a2b2-0c0f9e5265e5,Jovani Morán,18eadc63-34da-5829-821b-4d45ee385228,P,True,False,Boston Red Sox,Milwaukee Brewers,home,,,,,,,,,,,,,,3,9,4,1,1,0,1,,45,1,0.4444444444444444,12.0
2026-04-06,0399dd82-1964-5812-a2b2-0c0f9e5265e5,Masataka Yoshida,ba7252d5-bd01-5d4a-afe2-2252480e2987,DH,False,False,Boston Red Sox,Milwaukee Brewers,home,1,0,0,0,5,1,2,0,0,1,0,2,1,,,,,,,,,,,,
2026-04-06,0399dd82-1964-5812-a2b2-0c0f9e5265e5,Danny Coulombe,da39f1d2-559c-5f90-a815-758e9ae145bb,P,True,False,Boston Red Sox,Milwaukee Brewers,home,,,,,,,,,,,,,,0.2,2,0,1,2,0,0,,23,0,0.0,0.0
2026-04-06,0399dd82-1964-5812-a2b2-0c0f9e5265e5,Marcelo Mayer,143aaf24-c832-5e23-b59f-4934230805d1,2B,False,True,Boston Red Sox,Milwaukee Brewers,home,0,0,0,0,3,0,0,0,0,0,0,0,0,,,,,,,,,,,,
2026-04-06,0399dd82-1964-5812-a2b2-0c0f9e5265e5,Ryan Watson,77282720-39a0-57ea-88d2-f156575d121d,P,True,False,Boston Red Sox,Milwaukee Brewers,home,,,,,,,,,,,,,,1,3,0,0,2,0,1,,10,1,0.0,0.0
2026-04-06,0399dd82-1964-5812-a2b2-0c0f9e5265e5,Luis Rengifo,34a19134-3072-5658-be7e-16d1c8533083,3B,False,True,Milwaukee Brewers,Boston Red Sox,away,0,1,0,0,5,1,0,2,0,1,0,2,2,,,,,,,,,,,,
2026-04-06,0399dd82-1964-5812-a2b2-0c0f9e5265e5,Christian Yelich,cdd2ad99-f99b-5497-9f00-d1e35f210d18,DH,False,False,Milwaukee Brewers,Boston Red Sox,away,2,1,0,0,5,3,1,1,0,1,1,5,4,,,,,,,,,,,,
2026-04-06,0399dd82-1964-5812-a2b2-0c0f9e5265e5,Jake Bauers,1edd13e9-ec6a-5f79-8552-5d5fc7103f60,1B,False,True,Milwaukee Brewers,Boston Red Sox,away,0,0,0,0,5,0,1,1,0,0,1,1,0,,,,,,,,,,,,
2026-04-06,0399dd82-1964-5812-a2b2-0c0f9e5265e5,Sal Frelick,fbeddaa0-1580-5140-bb70-6bb9ea57a062,RF,False,True,Milwaukee Brewers,Boston Red Sox,away,2,0,0,0,5,2,1,1,0,1,1,4,2,,,,,,,,,,,,
2026-04-06,0399dd82-1964-5812-a2b2-0c0f9e5265e5,Grant Anderson,3f3ea281-a8a6-568e-aec9-0bf46ea07edf,P,True,False,Milwaukee Brewers,Boston Red Sox,away,,,,,,,,,,,,,,1,3,0,0,0,0,0,,15,0,0.0,0.0
2026-04-06,0399dd82-1964-5812-a2b2-0c0f9e5265e5,Aaron Ashby,a179f3a3-8e06-5673-b70c-d3a3a48bb33f,P,True,False,Milwaukee Brewers,Boston Red Sox,away,,,,,,,,,,,,,,1.1,4,0,1,1,0,0,,23,0,0.0,0.0
2026-04-06,0399dd82-1964-5812-a2b2-0c0f9e5265e5,Garrett Mitchell,b17ada3b-673f-55c3-b967-d8543791af21,CF,False,True,Milwaukee Brewers,Boston Red Sox,away,2,0,0,0,5,2,0,3,0,0,2,4,2,,,,,,,,,,,,
2026-04-06,0399dd82-1964-5812-a2b2-0c0f9e5265e5,David Hamilton,02280a6a-1789-5079-b10f-1509ff8850e3,SS,False,True,Milwaukee Brewers,Boston Red Sox,away,1,0,0,0,5,1,2,0,0,2,0,3,1,,,,,,,,,,,,
2026-04-06,0399dd82-1964-5812-a2b2-0c0f9e5265e5,Blake Perkins,02511963-abbe-57ce-8d51-ad04cd9689b7,LF,False,True,Milwaukee Brewers,Boston Red Sox,away,1,0,0,0,5,1,0,2,0,0,0,1,1,,,,,,,,,,,,
2026-04-06,0399dd82-1964-5812-a2b2-0c0f9e5265e5,William Contreras,3453e023-6f8f-5212-8105-189c90757865,C,False,True,Milwaukee Brewers,Boston Red Sox,away,1,0,0,0,5,1,1,1,0,1,1,3,1,,,,,,,,,,,,
2026-04-06,0399dd82-1964-5812-a2b2-0c0f9e5265e5,Brice Turang,8b7764c4-ff5a-5daf-9dc5-044259e0b377,2B,False,True,Milwaukee Brewers,Boston Red Sox,away,0,0,0,0,6,0,2,0,1,2,1,3,0,,,,,,,,,,,,
2026-04-06,0399dd82-1964-5812-a2b2-0c0f9e5265e5,Brandon Woodruff,bd3b7186-c316-5dbf-9a2b-f9ffbe02db65,P,True,True,Milwaukee Brewers,Boston Red Sox,away,,,,,,,,,,,,,,5.2,17,4,2,7,0,3,,94,5,0.23529411764705882,6.352941176470588
2026-04-06,0399dd82-1964-5812-a2b2-0c0f9e5265e5,Angel Zerpa,c8473f75-9a45-5bfa-9b70-5d34263ddf18,P,True,False,Milwaukee Brewers,Boston Red Sox,away,,,,,,,,,,,,,,1,3,0,0,2,1,1,,16,1,0.0,0.0
2026-04-06,5da14694-44cb-55b5-8c8b-70f05e3e4efd,Brady House,9feee2d5-f011-5be3-91f0-b7e2597e0107,3B,False,True,Washington Nationals,St. Louis Cardinals,home,0,2,0,1,5,3,0,0,0,1,2,6,8,,,,,,,,,,,,
2026-04-06,5da14694-44cb-55b5-8c8b-70f05e3e4efd,CJ Abrams,41388dc3-6936-557e-b1ee-d12bd42cb0ef,SS,False,True,Washington Nationals,St. Louis Cardinals,home,0,0,0,1,5,1,1,0,0,1,1,3,4,,,,,,,,,,,,
2026-04-06,5da14694-44cb-55b5-8c8b-70f05e3e4efd,Nasim Nuñez,30523871-5578-5f5a-850f-d3e42eaec507,2B,False,True,Washington Nationals,St. Louis Cardinals,home,1,0,0,0,5,1,0,1,1,0,1,2,1,,,,,,,,,,,,
2026-04-06,5da14694-44cb-55b5-8c8b-70f05e3e4efd,Andre Granillo,6b2d9df2-91e3-53c5-94f2-5c984afe5372,P,True,False,Washington Nationals,St. Louis Cardinals,home,,,,,,,,,,,,,,0.2,2,0,2,2,0,2,,29,2,0.0,0.0
2026-04-06,5da14694-44cb-55b5-8c8b-70f05e3e4efd,Drew Millas,4ed01cdc-a11e-5925-ae16-e8eef2ecabea,C,False,True,Washington Nationals,St. Louis Cardinals,home,1,0,0,0,4,1,2,0,0,1,0,2,1,,,,,,,,,,,,
2026-04-06,5da14694-44cb-55b5-8c8b-70f05e3e4efd,Jorbit Vivas,fdbd86ba-3c8c-5410-8547-5624b69d521e,PH,False,False,Washington Nationals,St. Louis Cardinals,home,1,0,0,0,1,1,0,0,0,0,0,1,1,,,,,,,,,,,,
2026-04-06,5da14694-44cb-55b5-8c8b-70f05e3e4efd,Joey Wiemer,25dc5f48-c6df-51d8-9751-71b23bc9ae81,CF,False,False,Washington Nationals,St. Louis Cardinals,home,0,0,0,0,0,0,0,0,0,1,0,1,0,,,,,,,,,,,,
2026-04-06,5da14694-44cb-55b5-8c8b-70f05e3e4efd,Ken Waldichuk,a79b5252-42c0-51db-8a1a-dd91ca5f8506,P,True,False,Washington Nationals,St. Louis Cardinals,home,,,,,,,,,,,,,,2.1,7,2,2,2,2,3,,33,3,0.2857142857142857,7.7142857142857135
2026-04-06,5da14694-44cb-55b5-8c8b-70f05e3e4efd,Curtis Mead,de63b36a-f5df-5a64-8245-6fab9e96c9d5,1B,False,False,Washington Nationals,St. Louis Cardinals,home,0,1,0,0,2,1,0,0,0,1,0,2,2,,,,,,,,,,,,
2026-04-06,5da14694-44cb-55b5-8c8b-70f05e3e4efd,Daylen Lile,3b2cb564-a3bb-5ec4-8464-227b212049f9,LF,False,True,Washington Nationals,St. Louis Cardinals,home,1,0,0,0,5,1,0,2,0,0,1,2,1,,,,,,,,,,,,
2026-04-06,5da14694-44cb-55b5-8c8b-70f05e3e4efd,Cionel Pérez,d2691e4c-4847-5ed0-8a86-e5bb2072e5be,P,True,False,Washington Nationals,St. Louis Cardinals,home,,,,,,,,,,,,,,1,3,0,0,1,0,0,,21,0,0.0,0.0
2026-04-06,5da14694-44cb-55b5-8c8b-70f05e3e4efd,José Tena,f88f88e8-a622-5f2d-95ca-0973e791aca0,DH,False,False,Washington Nationals,St. Louis Cardinals,home,0,0,0,0,4,0,1,0,0,1,0,1,0,,,,,,,,,,,,
2026-04-06,5da14694-44cb-55b5-8c8b-70f05e3e4efd,James Wood,3089b190-81f6-5e6c-ba91-a8d4cdf0be3a,RF,False,True,Washington Nationals,St. Louis Cardinals,home,1,0,0,1,5,2,2,0,0,2,3,7,5,,,,,,,,,,,,
2026-04-06,5da14694-44cb-55b5-8c8b-70f05e3e4efd,Jacob Young,d263f19b-c5d6-523a-bc57-bce7884eb99a,CF,False,True,Washington Nationals,St. Louis Cardinals,home,0,1,0,0,3,1,0,1,0,0,1,2,2,,,,,,,,,,,,
2026-04-06,5da14694-44cb-55b5-8c8b-70f05e3e4efd,Zack Littell,2c70667e-378f-5f38-82d2-88c0c3bd55ee,P,True,True,Washington Nationals,St. Louis Cardinals,home,,,,,,,,,,,,,,5,15,6,3,4,0,1,,70,1,0.4,10.8
2026-04-06,5da14694-44cb-55b5-8c8b-70f05e3e4efd,Luis García Jr.,a615adb8-655d-531d-a63e-5a267e66845b,1B,False,True,Washington Nationals,St. Louis Cardinals,home,0,0,0,0,3,0,1,0,0,1,0,1,0,,,,,,,,,,,,
2026-04-06,5da14694-44cb-55b5-8c8b-70f05e3e4efd,Nolan Gorman,be501aad-9273-5dd4-a194-dcbebb3849ba,DH,False,False,St. Louis Cardinals,Washington Nationals,away,0,0,0,0,5,0,1,2,0,1,0,1,0,,,,,,,,,,,,
2026-04-06,5da14694-44cb-55b5-8c8b-70f05e3e4efd,Matt Svanson,88304b64-9d4b-50f4-91e1-07fd0bab795d,P,True,False,St. Louis Cardinals,Washington Nationals,away,,,,,,,,,,,,,,0.2,2,1,0,3,2,3,,13,3,0.5,13.5
2026-04-06,5da14694-44cb-55b5-8c8b-70f05e3e4efd,Jordan Walker,e10767c9-8f24-56db-9597-f92e37c6514d,RF,False,True,St. Louis Cardinals,Washington Nationals,away,1,0,0,1,5,2,0,2,0,1,1,4,5,,,,,,,,,,,,
2026-04-06,5da14694-44cb-55b5-8c8b-70f05e3e4efd,Nathan Church,b5df23ff-260a-5bc9-b5d7-884ca21ef688,LF,False,False,St. Louis Cardinals,Washington Nationals,away,0,0,0,0,0,0,0,0,0,0,0,0,0,,,,,,,,,,,,
2026-04-06,5da14694-44cb-55b5-8c8b-70f05e3e4efd,Victor Scott II,4505d0dc-de10-56ef-ab3f-29ed1056473f,CF,False,True,St. Louis Cardinals,Washington Nationals,away,0,0,0,0,4,0,0,0,0,0,1,1,0,,,,,,,,,,,,
2026-04-06,5da14694-44cb-55b5-8c8b-70f05e3e4efd,JoJo Romero,e2a9f27c-148d-5202-bb6b-c34a5ba5ecee,P,True,False,St. Louis Cardinals,Washington Nationals,away,,,,,,,,,,,,,,1,3,0,1,2,0,0,,21,0,0.0,0.0
2026-04-06,5da14694-44cb-55b5-8c8b-70f05e3e4efd,JJ Wetherholt,c0507a84-2f5c-53c7-8260-93f2e7bc2162,2B,False,True,St. Louis Cardinals,Washington Nationals,away,1,0,0,0,5,1,2,1,0,0,0,1,1,,,,,,,,,,,,
2026-04-06,5da14694-44cb-55b5-8c8b-70f05e3e4efd,Justin Bruihl,133de3fb-6d64-5e4e-8774-81d2b394a7f0,P,True,False,St. Louis Cardinals,Washington Nationals,away,,,,,,,,,,,,,,0.2,2,0,2,1,0,1,,23,1,0.0,0.0
2026-04-06,5da14694-44cb-55b5-8c8b-70f05e3e4efd,Alec Burleson,68452ca8-6fdd-5413-a220-a1e5177c8deb,1B,False,True,St. Louis Cardinals,Washington Nationals,away,0,0,0,0,5,0,1,1,0,0,1,1,0,,,,,,,,,,,,
2026-04-06,5da14694-44cb-55b5-8c8b-70f05e3e4efd,Thomas Saggese,2799ba82-8b39-5d8b-b88f-ad038b5979a6,LF,False,True,St. Louis Cardinals,Washington Nationals,away,1,1,0,0,4,2,1,0,0,1,0,3,3,,,,,,,,,,,,
2026-04-06,5da14694-44cb-55b5-8c8b-70f05e3e4efd,Andre Pallante,aa44f3ce-655a-5a3b-920e-285fc0202d42,P,True,True,St. Louis Cardinals,Washington Nationals,away,,,,,,,,,,,,,,5,15,2,4,3,0,2,,88,2,0.13333333333333333,3.6
2026-04-06,5da14694-44cb-55b5-8c8b-70f05e3e4efd,Ramón Urías,e3463798-6a26-51fa-b4b3-22832aefe3ff,3B,False,True,St. Louis Cardinals,Washington Nationals,away,1,1,0,1,4,3,0,0,0,2,3,8,7,,,,,,,,,,,,
2026-04-06,5da14694-44cb-55b5-8c8b-70f05e3e4efd,Ryne Stanek,8e7700b0-aad6-5c4a-90df-68e5c18db9a8,P,True,False,St. Louis Cardinals,Washington Nationals,away,,,,,,,,,,,,,,0.2,2,1,0,3,1,3,,23,3,0.5,13.5
2026-04-06,5da14694-44cb-55b5-8c8b-70f05e3e4efd,Masyn Winn,ddea3cbf-3275-5d72-a43d-5899f5fa2390,SS,False,True,St. Louis Cardinals,Washington Nationals,away,1,0,0,0,5,1,1,1,0,1,0,2,1,,,,,,,,,,,,
2026-04-06,5da14694-44cb-55b5-8c8b-70f05e3e4efd,Iván Herrera,2b86e80e-433d-54c4-a2c1-a0d16d28e3dc,C,False,True,St. Louis Cardinals,Washington Nationals,away,0,0,0,0,5,0,1,1,0,0,0,0,0,,,,,,,,,,,,
2026-04-06,785aad25-fe9f-58f2-96ae-7fdc062efa84,Spencer Miles,58ef192a-29d2-5ab4-b3c3-e23d56fe1dd3,P,True,False,Toronto Blue Jays,Los Angeles Dodgers,home,,,,,,,,,,,,,,1,3,1,0,2,1,1,,16,1,0.3333333333333333,9.0
2026-04-06,785aad25-fe9f-58f2-96ae-7fdc062efa84,Tommy Nance,e74d4474-8c98-5fef-8972-71eef86e19f6,P,True,False,Toronto Blue Jays,Los Angeles Dodgers,home,,,,,,,,,,,,,,1.1,4,3,0,6,1,4,,36,4,0.75,20.25
2026-04-06,785aad25-fe9f-58f2-96ae-7fdc062efa84,Joe Mantiply,0998deb1-9768-5225-a213-be227770cdef,P,True,False,Toronto Blue Jays,Los Angeles Dodgers,home,,,,,,,,,,,,,,0.2,2,1,2,1,1,3,,25,3,0.5,13.5
2026-04-06,785aad25-fe9f-58f2-96ae-7fdc062efa84,Ernie Clement,988f69d3-1ea5-5410-b27c-6ff47e783156,2B,False,True,Toronto Blue Jays,Los Angeles Dodgers,home,1,0,0,0,4,1,0,0,0,0,1,2,1,,,,,,,,,,,,
2026-04-06,785aad25-fe9f-58f2-96ae-7fdc062efa84,Daulton Varsho,c87cf210-4b8f-50d7-bfd9-fa6cf7616329,CF,False,True,Toronto Blue Jays,Los Angeles Dodgers,home,0,1,0,0,4,1,1,0,0,1,0,2,2,,,,,,,,,,,,
2026-04-06,785aad25-fe9f-58f2-96ae-7fdc062efa84,Andrés Giménez,0fa89082-0ded-58c2-8fab-9feb8319955a,SS,False,True,Toronto Blue Jays,Los Angeles Dodgers,home,0,0,0,0,4,0,0,0,0,0,1,1,0,,,,,,,,,,,,
2026-04-06,785aad25-fe9f-58f2-96ae-7fdc062efa84,Brandon Valenzuela,55c81b4d-28b7-5626-b105-8359f07dae3b,C,False,False,Toronto Blue Jays,Los Angeles Dodgers,home,0,0,0,0,1,0,0,0,0,0,0,0,0,,,,,,,,,,,,
2026-04-06,785aad25-fe9f-58f2-96ae-7fdc062efa84,Josh Fleming,3b6f1771-b9ad-54e8-a37c-7714723ad9f9,P,True,False,Toronto Blue Jays,Los Angeles Dodgers,home,,,,,,,,,,,,,,3,9,1,2,6,1,4,,77,4,0.1111111111111111,3.0
2026-04-06,785aad25-fe9f-58f2-96ae-7fdc062efa84,Davis Schneider,eac368f3-49d7-52aa-8a4a-5ada98dd9f58,LF,False,True,Toronto Blue Jays,Los Angeles Dodgers,home,0,0,0,0,5,0,1,2,0,0,0,0,0,,,,,,,,,,,,
2026-04-06,785aad25-fe9f-58f2-96ae-7fdc062efa84,Max Scherzer,c6607272-5fa3-570f-b89e-10dbff1b77a1,P,True,True,Toronto Blue Jays,Los Angeles Dodgers,home,,,,,,,,,,,,,,2,6,2,1,2,1,2,,36,2,0.3333333333333333,9.0
2026-04-06,785aad25-fe9f-58f2-96ae-7fdc062efa84,George Springer,b12c925d-b511-5331-a994-839ab4c086ad,DH,False,False,Toronto Blue Jays,Los Angeles Dodgers,home,0,0,0,0,3,0,1,0,0,1,0,1,0,,,,,,,,,,,,
2026-04-06,785aad25-fe9f-58f2-96ae-7fdc062efa84,Tyler Heineman,6685aac3-5a12-5745-963c-5c43af83f729,P,True,True,Toronto Blue Jays,Los Angeles Dodgers,home,1,0,0,0,4,1,0,0,0,0,0,1,1,1,3,0,0,0,0,0,,11,0,0.0,0.0
2026-04-06,785aad25-fe9f-58f2-96ae-7fdc062efa84,Vladimir Guerrero Jr.,c652a6fb-0803-556b-a03b-9fed12cedf9b,1B,False,True,Toronto Blue Jays,Los Angeles Dodgers,home,0,0,0,0,4,0,1,1,0,0,0,0,0,,,,,,,,,,,,
2026-04-06,785aad25-fe9f-58f2-96ae-7fdc062efa84,Jesús Sánchez,62480674-d120-5cd2-bdd3-05c3cbecd240,DH,False,False,Toronto Blue Jays,Los Angeles Dodgers,home,0,0,0,0,1,0,0,1,0,0,0,0,0,,,,,,,,,,,,
2026-04-06,785aad25-fe9f-58f2-96ae-7fdc062efa84,Myles Straw,51c4113b-ff8e-5728-b588-d6a0be2f776a,RF,False,True,Toronto Blue Jays,Los Angeles Dodgers,home,0,0,0,0,4,0,1,1,0,0,0,0,0,,,,,,,,,,,,
2026-04-06,785aad25-fe9f-58f2-96ae-7fdc062efa84,Kazuma Okamoto,d79d11dd-a762-5962-aed1-9e87c656e5fc,3B,False,True,Toronto Blue Jays,Los Angeles Dodgers,home,2,0,0,0,4,2,0,1,0,0,0,2,2,,,,,,,,,,,,
2026-04-06,785aad25-fe9f-58f2-96ae-7fdc062efa84,Dalton Rushing,d49e7d8f-8d2e-518f-a9d4-502538f99c0d,C,False,True,Los Angeles Dodgers,Toronto Blue Jays,away,2,0,0,2,5,4,0,0,0,3,2,9,10,,,,,,,,,,,,
2026-04-06,785aad25-fe9f-58f2-96ae-7fdc062efa84,Kyle Tucker,2de01d55-4dd3-5bc3-b8e2-7859bbfdb79f,RF,False,True,Los Angeles Dodgers,Toronto Blue Jays,away,1,0,0,0,6,1,2,0,1,3,1,5,1,,,,,,,,,,,,
2026-04-06,785aad25-fe9f-58f2-96ae-7fdc062efa84,Max Muncy,8d258a66-1273-5363-89c6-87933a281e74,3B,False,True,Los Angeles Dodgers,Toronto Blue Jays,away,2,0,0,0,6,2,0,3,0,1,0,3,2,,,,,,,,,,,,
2026-04-06,785aad25-fe9f-58f2-96ae-7fdc062efa84,Freddie Freeman,6ddad2d6-c3a0-5592-8632-a05db59af193,1B,False,True,Los Angeles Dodgers,Toronto Blue Jays,away,0,1,0,1,5,2,1,1,0,2,3,7,6,,,,,,,,,,,,
2026-04-06,785aad25-fe9f-58f2-96ae-7fdc062efa84,Edgardo Henriquez,dacef558-1255-5f2b-819c-8fc3f6464d4d,P,True,False,Los Angeles Dodgers,Toronto Blue Jays,away,,,,,,,,,,,,,,1,3,2,0,0,0,0,,11,0,0.6666666666666666,18.0
2026-04-06,785aad25-fe9f-58f2-96ae-7fdc062efa84,Hyeseong Kim,f479d901-69d0-5cad-b7c8-aed3bc6d86d7,SS,False,True,Los Angeles Dodgers,Toronto Blue Jays,away,2,0,0,0,5,2,1,0,0,1,0,3,2,,,,,,,,,,,,
2026-04-06,785aad25-fe9f-58f2-96ae-7fdc062efa84,Santiago Espinal,a6051a2b-8e43-5f32-94c1-a080049150ea,1B,False,False,Los Angeles Dodgers,Toronto Blue Jays,away,0,0,0,0,1,0,0,0,0,0,0,0,0,,,,,,,,,,,,
2026-04-06,785aad25-fe9f-58f2-96ae-7fdc062efa84,Shohei Ohtani,c4531087-0c95-5e6e-8d3c-604e0b0fc776,DH,False,False,Los Angeles Dodgers,Toronto Blue Jays,away,1,0,0,1,6,2,0,2,0,2,1,5,5,,,,,,,,,,,,
2026-04-06,785aad25-fe9f-58f2-96ae-7fdc062efa84,Will Klein,9b1be778-68a0-5cb7-abbf-427e9b848cb0,P,True,False,Los Angeles Dodgers,Toronto Blue Jays,away,,,,,,,,,,,,,,2,6,2,0,2,0,0,,27,0,0.3333333333333333,9.0
2026-04-06,785aad25-fe9f-58f2-96ae-7fdc062efa84,Justin Wrobleski,b48583dd-9754-5bd1-87ad-95cf87fb3591,P,True,True,Los Angeles Dodgers,Toronto Blue Jays,away,,,,,,,,,,,,,,5,15,2,4,2,0,1,,78,1,0.13333333333333333,3.6
2026-04-06,785aad25-fe9f-58f2-96ae-7fdc062efa84,Teoscar Hernández,963905ee-cf72-5886-afd2-4e77a95c6134,LF,False,True,Los Angeles Dodgers,Toronto Blue Jays,away,1,0,0,1,6,2,1,1,1,2,4,8,5,,,,,,,,,,,,
2026-04-06,785aad25-fe9f-58f2-96ae-7fdc062efa84,Andy Pages,1057dfe8-f4c3-58d4-be2b-63d4efdf2228,CF,False,True,Los Angeles Dodgers,Toronto Blue Jays,away,1,1,0,0,4,2,0,0,0,0,2,4,3,,,,,,,,,,,,
2026-04-06,785aad25-fe9f-58f2-96ae-7fdc062efa84,Alex Call,5f08248b-5277-5287-86f6-a8b1f95cd171,CF,False,False,Los Angeles Dodgers,Toronto Blue Jays,away,0,0,0,0,1,0,0,0,0,0,0,0,0,,,,,,,,,,,,
2026-04-06,785aad25-fe9f-58f2-96ae-7fdc062efa84,Miguel Rojas,daef22b8-e349-5c2a-baf6-493ad8567907,P,True,False,Los Angeles Dodgers,Toronto Blue Jays,away,,,,,,,,,,,,,,1,3,0,1,1,0,1,,18,1,0.0,0.0
2026-04-06,785aad25-fe9f-58f2-96ae-7fdc062efa84,Alex Freeland,ba5ee049-6fb5-5806-9480-5a14650880ba,2B,False,True,Los Angeles Dodgers,Toronto Blue Jays,away,0,0,0,0,5,0,0,1,0,0,0,0,0,,,,,,,,,,,,
2026-04-06,38cffedc-aa5d-541b-a58f-5ccec81b4ef3,Lenyn Sosa,63526b54-bb98-5442-a5ec-b6f09cb03c58,PH,False,False,Chicago White Sox,Baltimore Orioles,home,0,0,0,0,1,0,0,0,0,0,1,1,0,,,,,,,,,,,,
2026-04-06,38cffedc-aa5d-541b-a58f-5ccec81b4ef3,Tristan Peters,574e45bf-8e75-5762-ba59-2684060d441c,RF,False,True,Chicago White Sox,Baltimore Orioles,home,0,0,0,0,3,0,0,1,0,0,0,0,0,,,,,,,,,,,,
2026-04-06,38cffedc-aa5d-541b-a58f-5ccec81b4ef3,Luisangel Acuña,02ae1abb-7737-5f3c-97fa-343ed56b2a95,CF,False,True,Chicago White Sox,Baltimore Orioles,home,0,0,0,0,3,0,0,0,0,0,0,0,0,,,,,,,,,,,,
2026-04-06,38cffedc-aa5d-541b-a58f-5ccec81b4ef3,Munetaka Murakami,5ef6bdd4-00f0-5b87-b02a-2ad78752c1aa,1B,False,True,Chicago White Sox,Baltimore Orioles,home,0,0,0,0,4,0,1,0,0,1,0,1,0,,,,,,,,,,,,
2026-04-06,38cffedc-aa5d-541b-a58f-5ccec81b4ef3,Chase Meidroth,b8e78229-a743-53a4-9be9-92e7b52d24ee,2B,False,True,Chicago White Sox,Baltimore Orioles,home,2,0,0,0,4,2,1,0,0,0,0,2,2,,,,,,,,,,,,
2026-04-06,38cffedc-aa5d-541b-a58f-5ccec81b4ef3,Grant Taylor,11686577-42f6-53e3-981a-46181cd1ba91,P,True,True,Chicago White Sox,Baltimore Orioles,home,,,,,,,,,,,,,,1,3,1,0,1,0,0,,16,0,0.3333333333333333,9.0
2026-04-06,38cffedc-aa5d-541b-a58f-5ccec81b4ef3,Colson Montgomery,e16341a7-cdfb-58eb-93e1-88a182b5acbb,SS,False,True,Chicago White Sox,Baltimore Orioles,home,0,0,0,0,4,0,0,1,0,0,0,0,0,,,,,,,,,,,,
2026-04-06,38cffedc-aa5d-541b-a58f-5ccec81b4ef3,Austin Hays,f66b4ccd-b4ce-5914-9cc5-790cbd311cac,LF,False,True,Chicago White Sox,Baltimore Orioles,home,1,0,0,0,1,1,0,0,0,0,0,1,1,,,,,,,,,,,,
2026-04-06,38cffedc-aa5d-541b-a58f-5ccec81b4ef3,Edgar Quero,3a107cbc-e2a4-581e-a7a7-4062370df3ac,C,False,True,Chicago White Sox,Baltimore Orioles,home,0,0,0,0,4,0,0,2,0,0,0,0,0,,,,,,,,,,,,
2026-04-06,38cffedc-aa5d-541b-a58f-5ccec81b4ef3,Andrew Benintendi,c40737a9-be3f-59a6-bd2b-9b112bd2d62c,DH,False,False,Chicago White Sox,Baltimore Orioles,home,1,0,0,0,4,1,0,1,0,0,0,1,1,,,,,,,,,,,,
2026-04-06,38cffedc-aa5d-541b-a58f-5ccec81b4ef3,Lucas Sims,d9fb38b4-b4d9-5508-a650-514549c080ca,P,True,False,Chicago White Sox,Baltimore Orioles,home,,,,,,,,,,,,,,2,6,2,0,1,0,0,,21,0,0.3333333333333333,9.0
2026-04-06,38cffedc-aa5d-541b-a58f-5ccec81b4ef3,Erick Fedde,df8ef73b-9db4-5c2c-a162-ffca3c8f22f9,P,True,False,Chicago White Sox,Baltimore Orioles,home,,,,,,,,,,,,,,6,18,4,1,5,1,2,,86,2,0.2222222222222222,6.0
2026-04-06,38cffedc-aa5d-541b-a58f-5ccec81b4ef3,Derek Hill,4b2fe8d0-5868-548f-8cbb-605feabbba95,LF,False,False,Chicago White Sox,Baltimore Orioles,home,0,0,0,0,2,0,2,0,1,0,0,0,0,,,,,,,,,,,,
2026-04-06,38cffedc-aa5d-541b-a58f-5ccec81b4ef3,Miguel Vargas,62addef8-7bda-57cd-a2aa-6821f9ad6427,3B,False,True,Chicago White Sox,Baltimore Orioles,home,0,0,0,0,4,0,1,1,0,0,0,0,0,,,,,,,,,,,,
2026-04-06,38cffedc-aa5d-541b-a58f-5ccec81b4ef3,Jeremiah Jackson,79a8c5e7-b511-5a4a-a093-00ac948ae519,2B,False,True,Baltimore Orioles,Chicago White Sox,away,1,0,0,0,3,1,0,0,0,0,0,1,1,,,,,,,,,,,,
2026-04-06,38cffedc-aa5d-541b-a58f-5ccec81b4ef3,Tyler Wells,ba8493f7-6b96-5522-ae17-16c50d1b7d46,P,True,False,Baltimore Orioles,Chicago White Sox,away,,,,,,,,,,,,,,2,6,2,1,1,0,0,,32,0,0.3333333333333333,9.0
2026-04-06,38cffedc-aa5d-541b-a58f-5ccec81b4ef3,Rico Garcia,bf7d81c5-2227-5bb3-947e-5a93eb72d466,P,True,False,Baltimore Orioles,Chicago White Sox,away,,,,,,,,,,,,,,1,3,1,0,0,0,0,,10,0,0.3333333333333333,9.0
2026-04-06,38cffedc-aa5d-541b-a58f-5ccec81b4ef3,Brandon Young,d2f5145e-8e15-508c-a2e2-5f5334a81696,P,True,True,Baltimore Orioles,Chicago White Sox,away,,,,,,,,,,,,,,5,15,2,2,2,0,0,,66,0,0.13333333333333333,3.6
2026-04-06,38cffedc-aa5d-541b-a58f-5ccec81b4ef3,Gunnar Henderson,8dd2ac6f-561c-5af1-b076-5e81f0f4e199,SS,False,True,Baltimore Orioles,Chicago White Sox,away,0,0,0,1,4,1,0,3,0,1,1,3,4,,,,,,,,,,,,
2026-04-06,38cffedc-aa5d-541b-a58f-5ccec81b4ef3,Taylor Ward,ecd13d9a-09c8-5341-a9c1-42cd969b9bfd,LF,False,True,Baltimore Orioles,Chicago White Sox,away,0,1,0,0,4,1,0,0,0,0,0,1,2,,,,,,,,,,,,
2026-04-06,38cffedc-aa5d-541b-a58f-5ccec81b4ef3,Ryan Mountcastle,e4a14345-13f9-5c20-aa4e-811e01ab47be,DH,False,False,Baltimore Orioles,Chicago White Sox,away,2,0,0,0,3,2,0,1,0,0,0,2,2,,,,,,,,,,,,
2026-04-06,38cffedc-aa5d-541b-a58f-5ccec81b4ef3,Adley Rutschman,641d20de-7b25-5610-a12b-aa8c9cf6fdb5,C,False,True,Baltimore Orioles,Chicago White Sox,away,0,0,0,0,4,0,1,1,0,1,0,1,0,,,,,,,,,,,,
2026-04-06,38cffedc-aa5d-541b-a58f-5ccec81b4ef3,Tyler O'Neill,22618000-6c22-5a37-9298-4ff8d51174b1,RF,False,True,Baltimore Orioles,Chicago White Sox,away,1,0,0,0,4,1,0,0,0,0,1,2,1,,,,,,,,,,,,
2026-04-06,38cffedc-aa5d-541b-a58f-5ccec81b4ef3,Blaze Alexander,06fa37f7-11f0-5e44-b028-6e4b58efaaa5,3B,False,False,Baltimore Orioles,Chicago White Sox,away,0,0,0,0,0,0,0,0,0,0,0,0,0,,,,,,,,,,,,
2026-04-06,38cffedc-aa5d-541b-a58f-5ccec81b4ef3,Pete Alonso,a706e53c-3e74-5675-9f67-a2114ac0ab94,1B,False,True,Baltimore Orioles,Chicago White Sox,away,0,0,0,0,4,0,0,0,0,0,0,0,0,,,,,,,,,,,,
2026-04-06,38cffedc-aa5d-541b-a58f-5ccec81b4ef3,Ryan Helsley,d8806a3d-2869-5dd9-80b2-e0ac87e90cda,P,True,False,Baltimore Orioles,Chicago White Sox,away,,,,,,,,,,,,,,1,3,1,2,1,0,1,,24,1,0.3333333333333333,9.0
2026-04-06,38cffedc-aa5d-541b-a58f-5ccec81b4ef3,Colton Cowser,7c1a36d9-f8ba-5ebe-9fd2-58b788cc84b6,CF,False,True,Baltimore Orioles,Chicago White Sox,away,0,0,0,0,3,0,0,1,0,0,0,0,0,,,,,,,,,,,,
2026-04-06,38cffedc-aa5d-541b-a58f-5ccec81b4ef3,Coby Mayo,3fa3b427-6995-5a99-b9df-39c34bfe5217,3B,False,True,Baltimore Orioles,Chicago White Sox,away,1,0,0,0,3,1,0,1,0,0,0,1,1,,,,,,,,,,,,
2026-04-06,8b71a363-2be8-5e28-b2d9-bcbdb95f0fc8,Cody Laweryson,ec1d4fee-7d68-51b2-bd07-9ef41b95553a,P,True,False,Minnesota Twins,Detroit Tigers,home,,,,,,,,,,,,,,1.2,5,2,0,0,0,0,,14,0,0.4,10.799999999999999
2026-04-06,8b71a363-2be8-5e28-b2d9-bcbdb95f0fc8,Victor Caratini,118b5526-726c-567a-b410-9c4d39d4dfe8,C,False,True,Minnesota Twins,Detroit Tigers,home,2,0,0,0,5,2,0,0,0,0,3,5,2,,,,,,,,,,,,
2026-04-06,8b71a363-2be8-5e28-b2d9-bcbdb95f0fc8,Kody Clemens,388afaec-b241-58d7-8b05-1e0292aaa5ce,1B,False,False,Minnesota Twins,Detroit Tigers,home,0,0,0,0,1,0,0,1,0,0,0,0,0,,,,,,,,,,,,
2026-04-06,8b71a363-2be8-5e28-b2d9-bcbdb95f0fc8,Brooks Lee,9e5151e5-7ca3-54b5-906a-035ac2bd117b,SS,False,True,Minnesota Twins,Detroit Tigers,home,1,0,0,0,4,1,0,0,0,0,0,1,1,,,,,,,,,,,,
2026-04-06,8b71a363-2be8-5e28-b2d9-bcbdb95f0fc8,Austin Martin,2b621d0f-36d2-5e85-800f-c9ea62645109,LF,False,False,Minnesota Twins,Detroit Tigers,home,0,0,0,0,1,0,1,0,0,1,0,1,0,,,,,,,,,,,,
2026-04-06,8b71a363-2be8-5e28-b2d9-bcbdb95f0fc8,Anthony Banda,ca44db94-5d9e-525f-a405-9de2e4448bbf,P,True,False,Minnesota Twins,Detroit Tigers,home,,,,,,,,,,,,,,1,3,1,0,1,0,0,,17,0,0.3333333333333333,9.0
2026-04-06,8b71a363-2be8-5e28-b2d9-bcbdb95f0fc8,Josh Bell,9c4f9447-e182-53d1-9468-d5eed9b0e0f7,1B,False,True,Minnesota Twins,Detroit Tigers,home,0,0,0,0,4,0,1,0,0,0,0,0,0,,,,,,,,,,,,
2026-04-06,8b71a363-2be8-5e28-b2d9-bcbdb95f0fc8,James Outman,ecd5e641-3869-57f2-af87-7b030fcc7f7b,CF,False,True,Minnesota Twins,Detroit Tigers,home,0,0,0,0,4,0,0,4,0,0,0,0,0,,,,,,,,,,,,
2026-04-06,8b71a363-2be8-5e28-b2d9-bcbdb95f0fc8,Kody Funderburk,194f8ff2-a54d-5d6f-b29f-4ada5ae3629b,P,True,False,Minnesota Twins,Detroit Tigers,home,,,,,,,,,,,,,,0.2,2,0,3,0,0,0,,20,0,0.0,0.0
2026-04-06,8b71a363-2be8-5e28-b2d9-bcbdb95f0fc8,Royce Lewis,ed8d10fa-59d5-527e-9c7f-0eb7ba2f1a36,3B,False,True,Minnesota Twins,Detroit Tigers,home,1,0,0,0,4,1,2,1,0,0,1,2,1,,,,,,,,,,,,
2026-04-06,8b71a363-2be8-5e28-b2d9-bcbdb95f0fc8,Trevor Larnach,acc8d7d3-6cc6-5ddb-82f7-c51950746185,LF,False,True,Minnesota Twins,Detroit Tigers,home,2,0,0,0,4,2,0,0,0,2,0,4,2,,,,,,,,,,,,
2026-04-06,8b71a363-2be8-5e28-b2d9-bcbdb95f0fc8,Byron Buxton,f324ed45-2be1-5593-9601-8a1caeabe988,DH,False,False,Minnesota Twins,Detroit Tigers,home,0,1,0,0,5,1,1,0,0,2,0,3,2,,,,,,,,,,,,
2026-04-06,8b71a363-2be8-5e28-b2d9-bcbdb95f0fc8,Joe Ryan,a541cdbd-7ec7-5134-80d1-b806a38f4b2c,P,True,True,Minnesota Twins,Detroit Tigers,home,,,,,,,,,,,,,,5,15,7,3,3,0,2,,101,3,0.4666666666666667,12.6
2026-04-06,8b71a363-2be8-5e28-b2d9-bcbdb95f0fc8,Matt Wallner,d29b50b9-0e28-5d0d-b368-6cecc0a7d512,RF,False,True,Minnesota Twins,Detroit Tigers,home,1,1,0,0,5,2,0,3,0,0,1,3,3,,,,,,,,,,,,
2026-04-06,8b71a363-2be8-5e28-b2d9-bcbdb95f0fc8,Eric Orze,bf0a6099-e6a8-5e3c-992f-bf9bf6aca93d,P,True,False,Minnesota Twins,Detroit Tigers,home,,,,,,,,,,,,,,0.2,2,1,1,0,0,0,,12,0,0.5,13.5
2026-04-06,8b71a363-2be8-5e28-b2d9-bcbdb95f0fc8,Luke Keaschall,cd5f4708-4e8f-5a0f-8347-a323178f906f,2B,False,True,Minnesota Twins,Detroit Tigers,home,0,0,0,1,5,1,2,1,0,2,2,5,4,,,,,,,,,,,,
2026-04-06,8b71a363-2be8-5e28-b2d9-bcbdb95f0fc8,Brant Hurter,39cfef9d-dfdf-5ab3-969a-8125225bba98,P,True,False,Detroit Tigers,Minnesota Twins,away,,,,,,,,,,,,,,0.2,2,2,2,1,0,1,,23,1,1.0,27.0
2026-04-06,8b71a363-2be8-5e28-b2d9-bcbdb95f0fc8,Zach McKinstry,fac18760-19d9-5b9e-9954-2f9442ed2b6a,RF,False,True,Detroit Tigers,Minnesota Twins,away,1,0,0,0,4,1,1,1,0,0,2,3,1,,,,,,,,,,,,
2026-04-06,8b71a363-2be8-5e28-b2d9-bcbdb95f0fc8,Casey Mize,b8851c8b-9bd3-5efa-b4f8-35ee6a1cc5ca,P,True,True,Detroit Tigers,Minnesota Twins,away,,,,,,,,,,,,,,4.1,13,4,3,7,1,5,,90,5,0.3076923076923077,8.307692307692308
2026-04-06,8b71a363-2be8-5e28-b2d9-bcbdb95f0fc8,Drew Anderson,f7e48447-09b1-5a8d-8427-35c519041f6a,P,True,False,Detroit Tigers,Minnesota Twins,away,,,,,,,,,,,,,,3,9,4,2,2,0,1,,49,1,0.4444444444444444,12.0
2026-04-06,8b71a363-2be8-5e28-b2d9-bcbdb95f0fc8,Jahmai Jones,f37c716e-e0f5-5725-aba6-6f855690f0c8,LF,False,False,Detroit Tigers,Minnesota Twins,away,0,0,0,0,2,0,0,1,0,0,0,0,0,,,,,,,,,,,,
2026-04-06,8b71a363-2be8-5e28-b2d9-bcbdb95f0fc8,Riley Greene,bbee493e-0329-5be6-8cd9-78d86c4bba58,DH,False,False,Detroit Tigers,Minnesota Twins,away,0,0,0,0,4,0,1,0,0,0,0,0,0,,,,,,,,,,,,
2026-04-06,8b71a363-2be8-5e28-b2d9-bcbdb95f0fc8,Kevin McGonigle,564bb172-7dfb-573e-b0f7-7f5cbdd0d547,SS,False,True,Detroit Tigers,Minnesota Twins,away,0,1,0,0,5,1,0,1,1,1,0,2,2,,,,,,,,,,,,
2026-04-06,8b71a363-2be8-5e28-b2d9-bcbdb95f0fc8,Spencer Torkelson,c12eb080-7e57-5145-9dc7-97b7b4c97921,1B,False,True,Detroit Tigers,Minnesota Twins,away,0,0,0,0,4,0,2,1,0,0,0,0,0,,,,,,,,,,,,
2026-04-06,8b71a363-2be8-5e28-b2d9-bcbdb95f0fc8,Jake Rogers,a453eaa6-83a1-5a3d-a91f-ed4bebd865c9,C,False,True,Detroit Tigers,Minnesota Twins,away,0,0,0,0,4,0,0,2,0,0,0,0,0,,,,,,,,,,,,
2026-04-06,8b71a363-2be8-5e28-b2d9-bcbdb95f0fc8,Gleyber Torres,7bd07245-7bf0-5980-8c77-8a40271534aa,2B,False,True,Detroit Tigers,Minnesota Twins,away,0,0,0,0,5,0,3,1,0,1,0,1,0,,,,,,,,,,,,
2026-04-06,8b71a363-2be8-5e28-b2d9-bcbdb95f0fc8,Matt Vierling,89a3e61c-5176-5488-8084-f6d7dcdbeb37,CF,False,True,Detroit Tigers,Minnesota Twins,away,0,1,0,0,4,1,0,2,0,0,0,1,2,,,,,,,,,,,,
2026-04-06,8b71a363-2be8-5e28-b2d9-bcbdb95f0fc8,Parker Meadows,c0c33d53-e475-503d-b1cb-5aa6430b3660,CF,False,True,Detroit Tigers,Minnesota Twins,away,0,0,0,0,2,0,0,1,0,0,0,0,0,,,,,,,,,,,,
2026-04-06,8b71a363-2be8-5e28-b2d9-bcbdb95f0fc8,Colt Keith,cadc4708-5d0a-56ac-84d0-feced1704a81,3B,False,True,Detroit Tigers,Minnesota Twins,away,0,1,0,0,4,1,0,1,0,1,1,3,2,,,,,,,,,,,,
2026-04-06,5ed1623a-04fa-5e85-99ce-5e590744c54a,Evan Carter,f35e83f3-06d6-5c07-b669-1e0cd310d86e,CF,False,True,Texas Rangers,Seattle Mariners,home,0,0,0,0,3,0,0,1,0,0,0,0,0,,,,,,,,,,,,
2026-04-06,5ed1623a-04fa-5e85-99ce-5e590744c54a,Wyatt Langford,882a170b-e284-5079-9ca4-351da4aad0f2,LF,False,True,Texas Rangers,Seattle Mariners,home,0,1,0,0,4,1,0,1,0,1,0,2,2,,,,,,,,,,,,
2026-04-06,5ed1623a-04fa-5e85-99ce-5e590744c54a,Jake Burger,405e9f4a-6c45-52e5-92ca-d856c0888e10,1B,False,True,Texas Rangers,Seattle Mariners,home,0,1,0,0,4,1,0,1,0,0,1,2,2,,,,,,,,,,,,
2026-04-06,5ed1623a-04fa-5e85-99ce-5e590744c54a,Tyler Alexander,aa46bcb4-ff17-53b7-ae2b-4a1721bcd92b,P,True,False,Texas Rangers,Seattle Mariners,home,,,,,,,,,,,,,,0.2,2,1,0,1,0,0,,17,0,0.5,13.5
2026-04-06,5ed1623a-04fa-5e85-99ce-5e590744c54a,Joc Pederson,a8accc9b-5d7c-5c48-b5dc-24a6f0b7b652,DH,False,False,Texas Rangers,Seattle Mariners,home,0,1,0,0,3,1,0,1,0,0,0,1,2,,,,,,,,,,,,
2026-04-06,5ed1623a-04fa-5e85-99ce-5e590744c54a,Jalen Beeks,1b0188a9-51e8-5aab-98ab-689bb43d883c,P,True,False,Texas Rangers,Seattle Mariners,home,,,,,,,,,,,,,,1,3,0,1,0,0,0,,16,0,0.0,0.0
2026-04-06,5ed1623a-04fa-5e85-99ce-5e590744c54a,Corey Seager,0a8aa1ff-7f96-5ea3-91c5-f80c15eed600,SS,False,True,Texas Rangers,Seattle Mariners,home,2,0,0,0,4,2,1,0,1,1,1,4,2,,,,,,,,,,,,
2026-04-06,5ed1623a-04fa-5e85-99ce-5e590744c54a,Robert Garcia,2e78c30e-9db1-5ac6-b461-c7aa7ac70de9,P,True,False,Texas Rangers,Seattle Mariners,home,,,,,,,,,,,,,,1,3,0,0,0,0,0,,14,0,0.0,0.0
2026-04-06,5ed1623a-04fa-5e85-99ce-5e590744c54a,Josh Jung,c0339e5b-fadd-5807-97d2-084bf40ec3f0,3B,False,True,Texas Rangers,Seattle Mariners,home,2,0,0,0,3,2,0,0,0,0,0,2,2,,,,,,,,,,,,
2026-04-06,5ed1623a-04fa-5e85-99ce-5e590744c54a,Ezequiel Duran,3e6051c8-4c13-582e-ad57-c600a7c2174b,3B,False,False,Texas Rangers,Seattle Mariners,home,0,0,0,0,0,0,0,0,0,0,0,0,0,,,,,,,,,,,,
2026-04-06,5ed1623a-04fa-5e85-99ce-5e590744c54a,Jacob deGrom,77d2ec46-f9b0-500b-bf78-6d9addd6b3ca,P,True,True,Texas Rangers,Seattle Mariners,home,,,,,,,,,,,,,,5,15,6,1,1,1,1,,78,1,0.4,10.8
2026-04-06,5ed1623a-04fa-5e85-99ce-5e590744c54a,Brandon Nimmo,8954e7a7-4f31-5f8f-9888-a809b7b43d88,RF,False,True,Texas Rangers,Seattle Mariners,home,0,0,0,0,4,0,1,0,0,0,0,0,0,,,,,,,,,,,,
2026-04-06,5ed1623a-04fa-5e85-99ce-5e590744c54a,Josh Smith,b7d79367-f94a-515d-b182-46692bc3d8c5,2B,False,True,Texas Rangers,Seattle Mariners,home,0,0,0,0,3,0,0,1,0,0,0,0,0,,,,,,,,,,,,
2026-04-06,5ed1623a-04fa-5e85-99ce-5e590744c54a,Danny Jansen,40547d59-1eb3-5e24-9ee7-9609f66e218a,C,False,True,Texas Rangers,Seattle Mariners,home,0,0,0,0,3,0,0,2,0,0,0,0,0,,,,,,,,,,,,
2026-04-06,5ed1623a-04fa-5e85-99ce-5e590744c54a,Jakob Junis,2333aae5-bf92-5f43-9e5f-276fd335d73d,P,True,False,Texas Rangers,Seattle Mariners,home,,,,,,,,,,,,,,1,3,0,0,0,0,0,,4,0,0.0,0.0
2026-04-06,5ed1623a-04fa-5e85-99ce-5e590744c54a,Cole Winn,4104cc07-5e4a-58a3-9b5f-e374581c9e62,P,True,False,Texas Rangers,Seattle Mariners,home,,,,,,,,,,,,,,0.1,1,0,0,0,0,0,,3,0,0.0,0.0
2026-04-06,5ed1623a-04fa-5e85-99ce-5e590744c54a,Josh Naylor,b882f91d-40d1-58ad-bd6a-b321477642c0,1B,False,True,Seattle Mariners,Texas Rangers,away,0,0,0,0,4,0,0,0,0,0,0,0,0,,,,,,,,,,,,
2026-04-06,5ed1623a-04fa-5e85-99ce-5e590744c54a,Victor Robles,624bfac4-c5ea-531f-b4e4-f7be2a78a1bc,PH,False,False,Seattle Mariners,Texas Rangers,away,0,0,0,0,0,0,0,0,0,0,0,0,0,,,,,,,,,,,,
2026-04-06,5ed1623a-04fa-5e85-99ce-5e590744c54a,Cole Young,bef5f9c5-6df7-5ede-9aac-4b5ba8731f4b,2B,False,True,Seattle Mariners,Texas Rangers,away,0,0,0,0,3,0,0,1,0,0,0,0,0,,,,,,,,,,,,
2026-04-06,5ed1623a-04fa-5e85-99ce-5e590744c54a,Jose A. Ferrer,809651af-1bb9-5a30-ba76-7760606da2fb,P,True,False,Seattle Mariners,Texas Rangers,away,,,,,,,,,,,,,,1,3,2,0,0,0,0,,12,0,0.6666666666666666,18.0
2026-04-06,5ed1623a-04fa-5e85-99ce-5e590744c54a,Randy Arozarena,0f2b9cc8-a738-5f1e-be0e-5c0ae5a3ac57,LF,False,True,Seattle Mariners,Texas Rangers,away,1,0,0,0,3,1,0,1,0,0,0,1,1,,,,,,,,,,,,
2026-04-06,5ed1623a-04fa-5e85-99ce-5e590744c54a,J.P. Crawford,ce4a3d59-2b69-5bf7-80a5-33fdb5ce7363,DH,False,False,Seattle Mariners,Texas Rangers,away,0,0,0,0,1,0,0,0,0,0,0,0,0,,,,,,,,,,,,
2026-04-06,5ed1623a-04fa-5e85-99ce-5e590744c54a,Dominic Canzone,73e2b2be-5ea8-5904-9683-089b46807bab,DH,False,False,Seattle Mariners,Texas Rangers,away,0,0,0,0,2,0,0,1,0,0,0,0,0,,,,,,,,,,,,
2026-04-06,5ed1623a-04fa-5e85-99ce-5e590744c54a,Cal Raleigh,21b31397-a06c-5238-83b3-90eee447e28e,C,False,True,Seattle Mariners,Texas Rangers,away,0,0,0,1,4,1,1,0,0,1,1,3,4,,,,,,,,,,,,
2026-04-06,5ed1623a-04fa-5e85-99ce-5e590744c54a,Rob Refsnyder,d50036b6-f9c6-5e61-b1e5-98692a43657e,RF,False,False,Seattle Mariners,Texas Rangers,away,0,0,0,0,1,0,0,1,0,0,0,0,0,,,,,,,,,,,,
2026-04-06,5ed1623a-04fa-5e85-99ce-5e590744c54a,Logan Gilbert,8a640625-71a1-5037-8332-4427ea90660f,P,True,True,Seattle Mariners,Texas Rangers,away,,,,,,,,,,,,,,6,18,5,0,6,0,2,,96,2,0.2777777777777778,7.5
2026-04-06,5ed1623a-04fa-5e85-99ce-5e590744c54a,Brendan Donovan,9d05e499-95d1-5224-b19c-323801b2463e,3B,False,True,Seattle Mariners,Texas Rangers,away,0,0,0,0,4,0,0,1,0,0,0,0,0,,,,,,,,,,,,
2026-04-06,5ed1623a-04fa-5e85-99ce-5e590744c54a,Cooper Criswell,5ebbadaa-4ae9-599b-9e8e-0e9d87d2d703,P,True,False,Seattle Mariners,Texas Rangers,away,,,,,,,,,,,,,,1,3,0,2,1,0,0,,23,0,0.0,0.0
2026-04-06,5ed1623a-04fa-5e85-99ce-5e590744c54a,Leo Rivas,13efd7e6-1b6a-509b-8348-f3f74df6fce9,SS,False,True,Seattle Mariners,Texas Rangers,away,0,0,0,0,3,0,0,1,0,0,0,0,0,,,,,,,,,,,,
2026-04-06,5ed1623a-04fa-5e85-99ce-5e590744c54a,Julio Rodríguez,fffe4545-0e86-5407-906a-645035a15435,CF,False,True,Seattle Mariners,Texas Rangers,away,0,0,0,0,4,0,0,1,0,0,0,0,0,,,,,,,,,,,,
2026-04-06,5ed1623a-04fa-5e85-99ce-5e590744c54a,Luke Raley,27e77a8c-1c02-50cc-b8c2-06d1e891fc5d,RF,False,True,Seattle Mariners,Texas Rangers,away,0,0,0,0,2,0,1,0,0,0,0,0,0,,,,,,,,,,,,
2026-04-06,7645a166-e9f9-5392-8e16-8ff6e50d2f7f,Ryan Feltner,e55fe56d-e5fa-5e4e-947a-d898a73c99bf,P,True,True,Colorado Rockies,Houston Astros,home,,,,,,,,,,,,,,5.1,16,1,2,7,1,4,,70,4,0.0625,1.6875
2026-04-06,7645a166-e9f9-5392-8e16-8ff6e50d2f7f,Mickey Moniak,3f0fdd53-717e-5b5d-97af-38f6cc224d92,DH,False,False,Colorado Rockies,Houston Astros,home,1,0,0,0,5,1,0,2,0,0,0,1,1,,,,,,,,,,,,
2026-04-06,7645a166-e9f9-5392-8e16-8ff6e50d2f7f,Jimmy Herget,af57bba4-faef-5755-b526-5734d3736690,P,True,False,Colorado Rockies,Houston Astros,home,,,,,,,,,,,,,,1.2,5,1,0,2,0,1,,33,1,0.2,5.3999999999999995
2026-04-06,7645a166-e9f9-5392-8e16-8ff6e50d2f7f,Jake McCarthy,6997ae3d-a342-5d04-a267-91d371938d45,LF,False,True,Colorado Rockies,Houston Astros,home,0,0,0,0,4,0,1,1,0,0,0,0,0,,,,,,,,,,,,
2026-04-06,7645a166-e9f9-5392-8e16-8ff6e50d2f7f,Troy Johnston,09dd2789-8b43-5f74-a5fd-89e6f73d1d86,RF,False,True,Colorado Rockies,Houston Astros,home,1,1,0,1,5,3,0,0,0,2,2,7,7,,,,,,,,,,,,
2026-04-06,7645a166-e9f9-5392-8e16-8ff6e50d2f7f,Willi Castro,1f049a5e-1a31-56fd-813c-95bc75d37525,2B,False,True,Colorado Rockies,Houston Astros,home,2,0,0,0,4,2,1,0,0,2,1,5,2,,,,,,,,,,,,
2026-04-06,7645a166-e9f9-5392-8e16-8ff6e50d2f7f,Juan Mejia,888f8471-638b-5610-a1b5-cc61e50f60e8,P,True,False,Colorado Rockies,Houston Astros,home,,,,,,,,,,,,,,1.2,5,1,1,0,0,0,,21,0,0.2,5.3999999999999995
2026-04-06,7645a166-e9f9-5392-8e16-8ff6e50d2f7f,Edouard Julien,acdd1046-d6e4-53f4-90bb-fde2916b38bf,2B,False,True,Colorado Rockies,Houston Astros,home,2,0,0,0,5,2,0,1,0,1,2,5,2,,,,,,,,,,,,
2026-04-06,7645a166-e9f9-5392-8e16-8ff6e50d2f7f,Hunter Goodman,6144567b-eae1-58fa-9b5d-d2351f51c9e5,C,False,True,Colorado Rockies,Houston Astros,home,1,0,0,0,5,1,0,1,0,1,1,3,1,,,,,,,,,,,,
2026-04-06,7645a166-e9f9-5392-8e16-8ff6e50d2f7f,Zach Agnos,4bad8986-95e0-54ce-baf1-c93f3d03b6ee,P,True,False,Colorado Rockies,Houston Astros,home,,,,,,,,,,,,,,0.1,1,0,0,4,0,2,,18,2,0.0,0.0
2026-04-06,7645a166-e9f9-5392-8e16-8ff6e50d2f7f,Brenton Doyle,35509183-6eb7-5366-8a93-d9e7405d24ff,CF,False,True,Colorado Rockies,Houston Astros,home,0,0,0,0,4,0,1,2,0,1,0,1,0,,,,,,,,,,,,
2026-04-06,7645a166-e9f9-5392-8e16-8ff6e50d2f7f,Ezequiel Tovar,973d0ea7-2ba4-58b5-95ce-ce6704416d1a,SS,False,False,Colorado Rockies,Houston Astros,home,0,0,0,0,0,0,0,0,0,0,0,0,0,,,,,,,,,,,,
2026-04-06,7645a166-e9f9-5392-8e16-8ff6e50d2f7f,TJ Rumfield,8fbfa07a-ea2e-592e-9520-5bf531ada10d,1B,False,True,Colorado Rockies,Houston Astros,home,1,0,1,0,4,2,0,0,0,1,2,5,4,,,,,,,,,,,,
2026-04-06,7645a166-e9f9-5392-8e16-8ff6e50d2f7f,Kyle Karros,5aeefc0d-9862-57c9-b58f-ab21c2ce4404,3B,False,True,Colorado Rockies,Houston Astros,home,1,0,0,0,4,1,1,2,0,1,1,3,1,,,,,,,,,,,,
2026-04-06,7645a166-e9f9-5392-8e16-8ff6e50d2f7f,Ryan Weiss,7a1bc0e6-8750-5ec3-931f-5a0f6a5b6fad,P,True,False,Houston Astros,Colorado Rockies,away,,,,,,,,,,,,,,2.2,8,4,2,8,1,6,,62,7,0.5,13.5
2026-04-06,7645a166-e9f9-5392-8e16-8ff6e50d2f7f,Cam Smith,6c7292a3-abca-5a73-9e4b-cec25e9d20b8,RF,False,True,Houston Astros,Colorado Rockies,away,0,1,0,1,5,2,1,1,0,2,1,5,6,,,,,,,,,,,,
2026-04-06,7645a166-e9f9-5392-8e16-8ff6e50d2f7f,Enyel De Los Santos,6dab6ec3-cf50-5af8-9a0d-5c8a8af535c0,P,True,False,Houston Astros,Colorado Rockies,away,,,,,,,,,,,,,,1,3,0,0,1,0,0,,8,0,0.0,0.0
2026-04-06,7645a166-e9f9-5392-8e16-8ff6e50d2f7f,Jake Meyers,f60436a8-53cf-5fa1-8caa-50928a25c6d9,CF,False,True,Houston Astros,Colorado Rockies,away,1,1,0,0,4,2,0,1,0,0,0,2,3,,,,,,,,,,,,
2026-04-06,7645a166-e9f9-5392-8e16-8ff6e50d2f7f,Jose Altuve,99c9db0b-d7a9-5462-94f3-28f3661714ab,2B,False,True,Houston Astros,Colorado Rockies,away,1,2,0,0,5,3,0,0,0,2,1,6,5,,,,,,,,,,,,
2026-04-06,7645a166-e9f9-5392-8e16-8ff6e50d2f7f,Cody Bolton,612a0829-a344-5917-9eaf-0de20a9c3295,P,True,True,Houston Astros,Colorado Rockies,away,,,,,,,,,,,,,,4.1,13,5,2,3,0,2,,63,2,0.38461538461538464,10.384615384615385
2026-04-06,7645a166-e9f9-5392-8e16-8ff6e50d2f7f,Joey Loperfido,575dbf4d-f194-5748-94af-45ae60e8431c,LF,False,True,Houston Astros,Colorado Rockies,away,0,0,0,0,4,0,0,0,0,0,2,2,0,,,,,,,,,,,,
2026-04-06,7645a166-e9f9-5392-8e16-8ff6e50d2f7f,Jeremy Peña,06bd24b4-6dff-5b6b-982d-35d5821ce7c8,SS,False,True,Houston Astros,Colorado Rockies,away,1,1,0,0,5,2,0,0,0,1,0,3,3,,,,,,,,,,,,
2026-04-06,7645a166-e9f9-5392-8e16-8ff6e50d2f7f,Carlos Correa,9d0ef881-40b5-538c-9843-6585303e16f4,3B,False,True,Houston Astros,Colorado Rockies,away,0,1,0,0,5,1,1,0,0,1,1,3,2,,,,,,,,,,,,
2026-04-06,7645a166-e9f9-5392-8e16-8ff6e50d2f7f,Christian Walker,4ebdbcc5-84ea-5866-b7b6-1d61cbac193f,1B,False,True,Houston Astros,Colorado Rockies,away,2,0,0,0,5,2,0,0,0,1,1,4,2,,,,,,,,,,,,
2026-04-06,7645a166-e9f9-5392-8e16-8ff6e50d2f7f,Yainer Diaz,dd446d48-8097-51f2-82cf-f7fabad1dd74,C,False,True,Houston Astros,Colorado Rockies,away,1,0,0,0,4,1,0,0,0,0,1,2,1,,,,,,,,,,,,
2026-04-06,7645a166-e9f9-5392-8e16-8ff6e50d2f7f,Yordan Alvarez,b4e60652-8d7e-569f-8e5a-4aa9a713da9c,DH,False,False,Houston Astros,Colorado Rockies,away,0,0,0,0,5,0,1,1,0,0,0,0,0,,,,,,,,,,,,
2026-04-06,5f93410b-30a0-5d1d-b59a-7afcb994051b,Adam Frazier,1d730493-bfd7-5d16-9a8a-88e20b779754,2B,False,True,Los Angeles Angels,Atlanta Braves,home,0,0,0,0,3,0,0,1,0,0,0,0,0,,,,,,,,,,,,
2026-04-06,5f93410b-30a0-5d1d-b59a-7afcb994051b,Oswald Peraza,98bdfab1-07ea-5c61-bd44-7c17670a08b1,3B,False,True,Los Angeles Angels,Atlanta Braves,home,0,0,0,0,4,0,0,1,0,0,0,0,0,,,,,,,,,,,,
2026-04-06,5f93410b-30a0-5d1d-b59a-7afcb994051b,Zach Neto,01ac6fe3-6ace-59c9-a15b-1ad3a0af1eb1,SS,False,True,Los Angeles Angels,Atlanta Braves,home,0,0,0,1,4,1,0,1,0,1,1,3,4,,,,,,,,,,,,
2026-04-06,5f93410b-30a0-5d1d-b59a-7afcb994051b,Jorge Soler,ebc19873-2e2c-5767-9b19-409c5e887630,RF,False,True,Los Angeles Angels,Atlanta Braves,home,1,0,0,0,4,1,0,1,0,2,0,3,1,,,,,,,,,,,,
2026-04-06,5f93410b-30a0-5d1d-b59a-7afcb994051b,Yoán Moncada,59501cf0-fc05-5b1c-b3f0-78b4422a24da,DH,False,False,Los Angeles Angels,Atlanta Braves,home,0,0,0,0,3,0,0,2,0,0,1,1,0,,,,,,,,,,,,
2026-04-06,5f93410b-30a0-5d1d-b59a-7afcb994051b,Chase Silseth,d97ead67-961e-54b5-ab86-134f7d2172e2,P,True,False,Los Angeles Angels,Atlanta Braves,home,,,,,,,,,,,,,,0.2,2,1,1,2,1,1,,28,1,0.5,13.5
2026-04-06,5f93410b-30a0-5d1d-b59a-7afcb994051b,José Soriano,c9cc3b6d-f223-5329-bf0f-4455116c1f2a,P,True,True,Los Angeles Angels,Atlanta Braves,home,,,,,,,,,,,,,,8,24,10,0,3,1,1,,97,1,0.4166666666666667,11.25
2026-04-06,5f93410b-30a0-5d1d-b59a-7afcb994051b,Jeimer Candelario,b72d7af1-56a8-5227-ba17-35a19ce2e32e,1B,False,True,Los Angeles Angels,Atlanta Braves,home,0,0,0,0,4,0,1,2,0,1,0,1,0,,,,,,,,,,,,
2026-04-06,5f93410b-30a0-5d1d-b59a-7afcb994051b,Jo Adell,c3ca91f9-2d30-5cf8-aae3-a5e7339f5788,RF,False,True,Los Angeles Angels,Atlanta Braves,home,1,0,0,1,4,2,0,1,0,1,2,5,5,,,,,,,,,,,,
2026-04-06,5f93410b-30a0-5d1d-b59a-7afcb994051b,Josh Lowe,ef406577-04d5-511f-9202-5f9a1b54addb,LF,False,False,Los Angeles Angels,Atlanta Braves,home,0,0,0,0,0,0,0,0,0,0,0,0,0,,,,,,,,,,,,
2026-04-06,5f93410b-30a0-5d1d-b59a-7afcb994051b,Bryce Teodosio,2e92cd67-6ffe-5f76-b1f5-83b535ba679a,CF,False,True,Los Angeles Angels,Atlanta Braves,home,1,0,0,0,3,1,0,1,0,0,1,2,1,,,,,,,,,,,,
2026-04-06,5f93410b-30a0-5d1d-b59a-7afcb994051b,Logan O'Hoppe,5338530a-7eeb-53b6-9744-b4577b90a65e,C,False,True,Los Angeles Angels,Atlanta Braves,home,0,0,0,0,4,0,1,0,0,1,1,2,0,,,,,,,,,,,,
2026-04-06,5f93410b-30a0-5d1d-b59a-7afcb994051b,Jordan Romano,99ca4c88-8bc1-5d13-93cb-6fda2c9141e3,P,True,False,Los Angeles Angels,Atlanta Braves,home,,,,,,,,,,,,,,0.1,1,0,0,0,0,0,,3,0,0.0,0.0
2026-04-06,5f93410b-30a0-5d1d-b59a-7afcb994051b,Michael Harris II,cff14015-b6ae-555e-a442-60e9ddb08b61,CF,False,True,Atlanta Braves,Los Angeles Angels,away,0,0,0,0,3,0,0,2,0,0,0,0,0,,,,,,,,,,,,
2026-04-06,5f93410b-30a0-5d1d-b59a-7afcb994051b,Mauricio Dubón,47d09ee0-3ea8-5df2-b34c-c6fd76faa3fb,SS,False,True,Atlanta Braves,Los Angeles Angels,away,0,0,0,1,3,1,0,1,0,1,1,3,4,,,,,,,,,,,,
2026-04-06,5f93410b-30a0-5d1d-b59a-7afcb994051b,Drake Baldwin,1e5f1f08-e9ec-57db-b15f-c1ec8d14d85e,C,False,True,Atlanta Braves,Los Angeles Angels,away,1,0,0,1,4,2,0,2,0,1,1,4,5,,,,,,,,,,,,
2026-04-06,5f93410b-30a0-5d1d-b59a-7afcb994051b,Joel Payamps,61e551cc-547a-5e52-a0b2-2b9114ea0c6b,P,True,False,Atlanta Braves,Los Angeles Angels,away,,,,,,,,,,,,,,1,3,1,0,0,0,0,,11,0,0.3333333333333333,9.0
2026-04-06,5f93410b-30a0-5d1d-b59a-7afcb994051b,Chris Sale,244f9d1d-499e-5795-a396-ac19bbad7805,P,True,True,Atlanta Braves,Los Angeles Angels,away,,,,,,,,,,,,,,4,12,7,2,5,2,6,,77,6,0.5833333333333334,15.75
2026-04-06,5f93410b-30a0-5d1d-b59a-7afcb994051b,Osvaldo Bido,7d01f99d-881f-5c78-81dc-ca8e967ab527,P,True,False,Atlanta Braves,Los Angeles Angels,away,,,,,,,,,,,,,,2,6,1,0,0,0,0,,18,0,0.16666666666666666,4.5
2026-04-06,5f93410b-30a0-5d1d-b59a-7afcb994051b,Matt Olson,fa607d2a-7f47-5352-8330-cb074e809054,1B,False,True,Atlanta Braves,Los Angeles Angels,away,1,0,0,0,4,1,0,2,0,0,0,1,1,,,,,,,,,,,,
2026-04-06,5f93410b-30a0-5d1d-b59a-7afcb994051b,Dominic Smith,a71b9e93-42ca-5a21-9c07-6aa70b6b9bae,DH,False,False,Atlanta Braves,Los Angeles Angels,away,0,0,0,0,3,0,0,0,0,0,0,0,0,,,,,,,,,,,,
2026-04-06,5f93410b-30a0-5d1d-b59a-7afcb994051b,Ronald Acuña Jr.,bf408b79-82a4-5a4a-bb2f-6bdbef2af3cc,RF,False,True,Atlanta Braves,Los Angeles Angels,away,0,0,0,0,4,0,0,1,0,0,0,0,0,,,,,,,,,,,,
2026-04-06,5f93410b-30a0-5d1d-b59a-7afcb994051b,Aaron Bummer,691827dd-52ff-5305-aa35-49eeb2907693,P,True,False,Atlanta Braves,Los Angeles Angels,away,,,,,,,,,,,,,,1,3,1,0,0,0,0,,7,0,0.3333333333333333,9.0
2026-04-06,5f93410b-30a0-5d1d-b59a-7afcb994051b,Ozzie Albies,360c17ce-8588-52bd-b86a-6621a43f1bac,2B,False,True,Atlanta Braves,Los Angeles Angels,away,0,0,0,0,3,0,0,2,0,0,0,0,0,,,,,,,,,,,,
2026-04-06,5f93410b-30a0-5d1d-b59a-7afcb994051b,Austin Riley,3ae0fd65-efd0-5a3b-872b-7150b0c699aa,3B,False,True,Atlanta Braves,Los Angeles Angels,away,0,0,0,0,4,0,1,1,0,0,0,0,0,,,,,,,,,,,,
2026-04-06,5f93410b-30a0-5d1d-b59a-7afcb994051b,Mike Yastrzemski,1a244f8f-82ee-555a-b1af-aa44b0f2ff31,LF,False,True,Atlanta Braves,Los Angeles Angels,away,1,0,0,0,4,1,0,0,0,0,0,1,1,,,,,,,,,,,,
2026-04-06,af00122d-ccb6-5852-97ef-e4e6a666eb05,Jerar Encarnacion,2431773d-015a-5a52-ae9d-3d5c729ec38a,DH,False,False,San Francisco Giants,Philadelphia Phillies,home,1,0,0,0,3,1,0,1,0,0,0,1,1,,,,,,,,,,,,
2026-04-06,af00122d-ccb6-5852-97ef-e4e6a666eb05,Heliot Ramos,521d9176-c734-5b63-9285-a4ab783f6edd,LF,False,True,San Francisco Giants,Philadelphia Phillies,home,1,0,0,0,3,1,0,2,0,0,1,2,1,,,,,,,,,,,,
2026-04-06,af00122d-ccb6-5852-97ef-e4e6a666eb05,Patrick Bailey,7497fb23-555e-57a8-86b0-f3106d26ac72,C,False,True,San Francisco Giants,Philadelphia Phillies,home,1,0,0,0,3,1,0,0,0,0,0,1,1,,,,,,,,,,,,
2026-04-06,af00122d-ccb6-5852-97ef-e4e6a666eb05,Matt Chapman,2c47b345-ac3d-53c1-b77e-6c5fa7a469bb,3B,False,True,San Francisco Giants,Philadelphia Phillies,home,1,0,1,0,3,2,0,0,0,1,2,5,4,,,,,,,,,,,,
2026-04-06,af00122d-ccb6-5852-97ef-e4e6a666eb05,Caleb Kilian,70c33a7e-9125-5928-9ee2-a792ac2793ee,P,True,False,San Francisco Giants,Philadelphia Phillies,home,,,,,,,,,,,,,,0.2,2,1,1,0,0,0,,17,0,0.5,13.5
2026-04-06,af00122d-ccb6-5852-97ef-e4e6a666eb05,Ryan Borucki,a704f31f-a733-515e-a72b-c7063003b288,P,True,False,San Francisco Giants,Philadelphia Phillies,home,,,,,,,,,,,,,,0.1,1,0,1,2,0,2,,12,2,0.0,0.0
2026-04-06,af00122d-ccb6-5852-97ef-e4e6a666eb05,Jung Hoo Lee,5233b094-55d5-5790-9af1-e92aeb0a3f2a,RF,False,True,San Francisco Giants,Philadelphia Phillies,home,0,0,0,0,3,0,0,0,0,0,0,0,0,,,,,,,,,,,,
2026-04-06,af00122d-ccb6-5852-97ef-e4e6a666eb05,Rafael Devers,c9835c18-6f1f-57cd-a2ff-0ff6d821b16c,1B,False,True,San Francisco Giants,Philadelphia Phillies,home,0,0,0,0,3,0,0,0,0,0,0,0,0,,,,,,,,,,,,
2026-04-06,af00122d-ccb6-5852-97ef-e4e6a666eb05,Harrison Bader,91a8ec44-ffa8-5211-b6b0-96ba26567032,CF,False,True,San Francisco Giants,Philadelphia Phillies,home,1,0,0,0,3,1,0,1,0,1,0,2,1,,,,,,,,,,,,
2026-04-06,af00122d-ccb6-5852-97ef-e4e6a666eb05,Adrian Houser,eb5ef9a7-02fe-5061-b2bc-f41f0083bee7,P,True,True,San Francisco Giants,Philadelphia Phillies,home,,,,,,,,,,,,,,6,18,3,2,9,0,4,,89,4,0.16666666666666666,4.5
2026-04-06,af00122d-ccb6-5852-97ef-e4e6a666eb05,Willy Adames,78cc8077-60d2-554c-b37f-99c3e17b50a1,SS,False,True,San Francisco Giants,Philadelphia Phillies,home,0,1,0,0,3,1,1,0,0,1,0,2,2,,,,,,,,,,,,
2026-04-06,af00122d-ccb6-5852-97ef-e4e6a666eb05,Luis Arraez,b0939c49-253b-5c8b-b011-386ee0b6e0bc,2B,False,True,San Francisco Giants,Philadelphia Phillies,home,2,0,0,0,3,2,0,0,0,1,1,4,2,,,,,,,,,,,,
2026-04-06,af00122d-ccb6-5852-97ef-e4e6a666eb05,Brandon Marsh,428a913a-6990-5ebc-a53f-fe331b036c25,LF,False,True,Philadelphia Phillies,San Francisco Giants,away,1,0,0,0,4,1,0,0,0,0,1,2,1,,,,,,,,,,,,
2026-04-06,af00122d-ccb6-5852-97ef-e4e6a666eb05,José Alvarado,d1837532-3287-57d6-8c2e-0d4e7348acef,P,True,False,Philadelphia Phillies,San Francisco Giants,away,,,,,,,,,,,,,,0,0,0,0,0,0,0,,7,0,,
2026-04-06,af00122d-ccb6-5852-97ef-e4e6a666eb05,Justin Crawford,656815ea-b9fd-59e0-8461-3bdf7f7e3131,CF,False,True,Philadelphia Phillies,San Francisco Giants,away,1,1,0,0,4,2,1,1,0,2,0,4,3,,,,,,,,,,,,
2026-04-06,af00122d-ccb6-5852-97ef-e4e6a666eb05,Bryce Harper,c9b6441c-da6d-5f6d-bb63-857c121017fa,1B,False,True,Philadelphia Phillies,San Francisco Giants,away,1,2,0,0,4,3,0,0,0,1,3,7,5,,,,,,,,,,,,
2026-04-06,af00122d-ccb6-5852-97ef-e4e6a666eb05,J.T. Realmuto,0d9765bd-d345-5aaf-b9ad-1a15792ac037,C,False,True,Philadelphia Phillies,San Francisco Giants,away,2,0,0,0,4,2,1,0,0,1,0,3,2,,,,,,,,,,,,
2026-04-06,af00122d-ccb6-5852-97ef-e4e6a666eb05,Alec Bohm,9bbc34c0-5769-5c7f-8cf4-607f25730d26,3B,False,True,Philadelphia Phillies,San Francisco Giants,away,1,1,0,0,4,2,0,0,0,0,1,3,3,,,,,,,,,,,,
2026-04-06,af00122d-ccb6-5852-97ef-e4e6a666eb05,Jonathan Bowlan,1cdb12e1-607f-5f88-a956-1e42c389d1a3,P,True,False,Philadelphia Phillies,San Francisco Giants,away,,,,,,,,,,,,,,1,3,2,0,0,0,0,,15,0,0.6666666666666666,18.0
2026-04-06,af00122d-ccb6-5852-97ef-e4e6a666eb05,Tim Mayza,0601d6fa-5723-5116-a76f-298c86d49662,P,True,False,Philadelphia Phillies,San Francisco Giants,away,,,,,,,,,,,,,,1,3,1,0,0,0,0,,9,0,0.3333333333333333,9.0
2026-04-06,af00122d-ccb6-5852-97ef-e4e6a666eb05,Bryson Stott,c063d114-6426-54da-a28d-bd4eb1d1d948,2B,False,True,Philadelphia Phillies,San Francisco Giants,away,0,0,0,0,4,0,0,0,0,0,0,0,0,,,,,,,,,,,,
2026-04-06,af00122d-ccb6-5852-97ef-e4e6a666eb05,Kyle Schwarber,a60a2cbf-f012-56e9-acc4-184d76ff8219,DH,False,False,Philadelphia Phillies,San Francisco Giants,away,0,0,0,0,4,0,2,2,0,1,0,1,0,,,,,,,,,,,,
2026-04-06,af00122d-ccb6-5852-97ef-e4e6a666eb05,Adolis García,2c62b85f-73e6-5aff-af94-15901f508fb2,RF,False,True,Philadelphia Phillies,San Francisco Giants,away,0,0,0,0,4,0,0,0,0,0,0,0,0,,,,,,,,,,,,
2026-04-06,af00122d-ccb6-5852-97ef-e4e6a666eb05,Trea Turner,f38b6d42-2ac2-5480-adbc-729df0f14126,SS,False,True,Philadelphia Phillies,San Francisco Giants,away,1,0,0,0,4,1,0,1,0,1,1,3,1,,,,,,,,,,,,
2026-04-06,af00122d-ccb6-5852-97ef-e4e6a666eb05,Andrew Painter,4acdba1d-20d0-518c-b428-d1f86397f7d9,P,True,True,Philadelphia Phillies,San Francisco Giants,away,,,,,,,,,,,,,,4,12,1,1,9,0,4,,90,4,0.08333333333333333,2.25
