date,player,team,opponent,opposing_pitcher,is_pitcher,games_vs_opp,ip_vs_opp,k_vs_opp,era_vs_opp,whip_vs_opp,small_sample,hits_vs_opp,hr_vs_opp,hrr_vs_opp,hrr_per_game,hits_per_game,hr_per_game,k_rate_vs_opp,games_vs_pitcher,hits_vs_pitcher,hr_vs_pitcher,hrr_vs_pitcher,k_per_9_vs_opp
2026-04-07,Shawn Armstrong,Cleveland Guardians,Kansas City Royals,Noah Cameron,True,0,0.0,0.0,,,True,,,,,,,,,,,,
2026-04-07,Chase DeLauter,Cleveland Guardians,Kansas City Royals,Noah Cameron,False,1,,,,,True,0.0,0.0,0.0,0.0,0.0,0.0,0.25,0.0,0.0,0.0,0.0,
2026-04-07,Connor Brogdon,Cleveland Guardians,Kansas City Royals,Noah Cameron,True,0,0.0,0.0,,,True,,,,,,,,,,,,
2026-04-07,Daniel Schneemann,Cleveland Guardians,Kansas City Royals,Noah Cameron,False,1,,,,,True,0.0,0.0,0.0,0.0,0.0,0.0,0.0,0.0,0.0,0.0,0.0,
2026-04-07,Brayan Rocchio,Cleveland Guardians,Kansas City Royals,Noah Cameron,False,1,,,,,True,1.0,1.0,3.0,3.0,1.0,1.0,0.0,0.0,0.0,0.0,0.0,
2026-04-07,Gabriel Arias,Cleveland Guardians,Kansas City Royals,Noah Cameron,False,1,,,,,True,1.0,0.0,1.0,1.0,1.0,0.0,0.5,0.0,0.0,0.0,0.0,
2026-04-07,Bo Naylor,Cleveland Guardians,Kansas City Royals,Noah Cameron,False,1,,,,,True,0.0,0.0,0.0,0.0,0.0,0.0,0.25,0.0,0.0,0.0,0.0,
2026-04-07,Cade Smith,Cleveland Guardians,Kansas City Royals,Noah Cameron,True,0,0.0,0.0,,,True,,,,,,,,,,,,
2026-04-07,José Ramírez,Cleveland Guardians,Kansas City Royals,Noah Cameron,False,1,,,,,True,0.0,0.0,0.0,0.0,0.0,0.0,0.0,0.0,0.0,0.0,0.0,
2026-04-07,Steven Kwan,Cleveland Guardians,Kansas City Royals,Noah Cameron,False,1,,,,,True,2.0,1.0,4.0,4.0,2.0,1.0,0.0,0.0,0.0,0.0,0.0,
2026-04-07,Angel Martínez,Cleveland Guardians,Kansas City Royals,Noah Cameron,False,0,,,,,True,0.0,0.0,0.0,,,,,0.0,0.0,0.0,0.0,
2026-04-07,Kyle Manzardo,Cleveland Guardians,Kansas City Royals,Noah Cameron,False,1,,,,,True,0.0,0.0,0.0,0.0,0.0,0.0,0.0,0.0,0.0,0.0,0.0,
2026-04-07,Erik Sabrowski,Cleveland Guardians,Kansas City Royals,Noah Cameron,True,0,0.0,0.0,,,True,,,,,,,,,,,,
2026-04-07,Tanner Bibee,Cleveland Guardians,Kansas City Royals,Noah Cameron,True,1,4.666666666666667,3.0,1.9285714285714284,1.2857142857142856,True,,,,,,,,,,,,5.785714285714286
2026-04-07,Rhys Hoskins,Cleveland Guardians,Kansas City Royals,Noah Cameron,False,1,,,,,True,0.0,0.0,0.0,0.0,0.0,0.0,0.5,0.0,0.0,0.0,0.0,
2026-04-07,Colin Holderman,Cleveland Guardians,Kansas City Royals,Noah Cameron,True,0,0.0,0.0,,,True,,,,,,,,,,,,
2026-04-07,Peyton Pallette,Cleveland Guardians,Kansas City Royals,Noah Cameron,True,1,2.0,3.0,4.5,1.5,True,,,,,,,,,,,,13.5
2026-04-07,Gavin Williams,Cleveland Guardians,Kansas City Royals,Noah Cameron,True,0,0.0,0.0,,,True,,,,,,,,,,,,
2026-04-07,CJ Kayfus,Cleveland Guardians,Kansas City Royals,Noah Cameron,False,1,,,,,True,0.0,0.0,0.0,0.0,0.0,0.0,0.0,0.0,0.0,0.0,0.0,
2026-04-07,Matt Festa,Cleveland Guardians,Kansas City Royals,Noah Cameron,True,0,0.0,0.0,,,True,,,,,,,,,,,,
2026-04-07,David Fry,Cleveland Guardians,Kansas City Royals,Noah Cameron,False,1,,,,,True,0.0,0.0,0.0,0.0,0.0,0.0,0.0,0.0,0.0,0.0,0.0,
2026-04-07,Joey Cantillo,Cleveland Guardians,Kansas City Royals,Noah Cameron,True,0,0.0,0.0,,,True,,,,,,,,,,,,
2026-04-07,Tim Herrin,Cleveland Guardians,Kansas City Royals,Noah Cameron,True,1,0.3333333333333333,0.0,0.0,0.0,True,,,,,,,,,,,,0.0
2026-04-07,Slade Cecconi,Cleveland Guardians,Kansas City Royals,Noah Cameron,True,0,0.0,0.0,,,True,,,,,,,,,,,,
2026-04-07,Austin Hedges,Cleveland Guardians,Kansas City Royals,Noah Cameron,False,0,,,,,True,0.0,0.0,0.0,,,,,0.0,0.0,0.0,0.0,
2026-04-07,Parker Messick,Cleveland Guardians,Kansas City Royals,Noah Cameron,True,0,0.0,0.0,,,True,,,,,,,,,,,,
2026-04-07,Kolby Allard,Cleveland Guardians,Kansas City Royals,Noah Cameron,True,1,2.0,2.0,9.0,2.0,True,,,,,,,,,,,,9.0
2026-04-07,Carter Jensen,Kansas City Royals,Cleveland Guardians,Gavin Williams,False,1,,,,,True,2.0,1.0,5.0,5.0,2.0,1.0,0.25,0.0,0.0,0.0,0.0,
2026-04-07,Cole Ragans,Kansas City Royals,Cleveland Guardians,Gavin Williams,True,0,0.0,0.0,,,True,,,,,,,,,,,,
2026-04-07,Jonathan India,Kansas City Royals,Cleveland Guardians,Gavin Williams,False,1,,,,,True,2.0,1.0,6.0,6.0,2.0,1.0,0.5,0.0,0.0,0.0,0.0,
2026-04-07,Isaac Collins,Kansas City Royals,Cleveland Guardians,Gavin Williams,False,1,,,,,True,0.0,0.0,0.0,0.0,0.0,0.0,0.75,0.0,0.0,0.0,0.0,
2026-04-07,Salvador Perez,Kansas City Royals,Cleveland Guardians,Gavin Williams,False,1,,,,,True,0.0,0.0,0.0,0.0,0.0,0.0,0.25,0.0,0.0,0.0,0.0,
2026-04-07,Starling Marte,Kansas City Royals,Cleveland Guardians,Gavin Williams,False,0,,,,,True,0.0,0.0,0.0,,,,,0.0,0.0,0.0,0.0,
2026-04-07,Vinnie Pasquantino,Kansas City Royals,Cleveland Guardians,Gavin Williams,False,1,,,,,True,1.0,0.0,2.0,2.0,1.0,0.0,0.2,0.0,0.0,0.0,0.0,
2026-04-07,Bailey Falter,Kansas City Royals,Cleveland Guardians,Gavin Williams,True,0,0.0,0.0,,,True,,,,,,,,,,,,
2026-04-07,Maikel Garcia,Kansas City Royals,Cleveland Guardians,Gavin Williams,False,1,,,,,True,2.0,0.0,2.0,2.0,2.0,0.0,0.0,0.0,0.0,0.0,0.0,
2026-04-07,Lane Thomas,Kansas City Royals,Cleveland Guardians,Gavin Williams,False,1,,,,,True,0.0,0.0,0.0,0.0,0.0,0.0,,0.0,0.0,0.0,0.0,
2026-04-07,Alex Lange,Kansas City Royals,Cleveland Guardians,Gavin Williams,True,0,0.0,0.0,,,True,,,,,,,,,,,,
2026-04-07,Jac Caglianone,Kansas City Royals,Cleveland Guardians,Gavin Williams,False,1,,,,,True,1.0,0.0,1.0,1.0,1.0,0.0,0.0,0.0,0.0,0.0,0.0,
2026-04-07,Bobby Witt Jr.,Kansas City Royals,Cleveland Guardians,Gavin Williams,False,1,,,,,True,2.0,0.0,2.0,2.0,2.0,0.0,0.0,0.0,0.0,0.0,0.0,
2026-04-07,Tyler Tolbert,Kansas City Royals,Cleveland Guardians,Gavin Williams,False,0,,,,,True,0.0,0.0,0.0,,,,,0.0,0.0,0.0,0.0,
2026-04-07,Lucas Erceg,Kansas City Royals,Cleveland Guardians,Gavin Williams,True,1,1.0,1.0,0.0,0.0,True,,,,,,,,,,,,9.0
2026-04-07,Matt Strahm,Kansas City Royals,Cleveland Guardians,Gavin Williams,True,1,1.0,1.0,9.0,2.0,True,,,,,,,,,,,,9.0
2026-04-07,Carlos Estévez,Kansas City Royals,Cleveland Guardians,Gavin Williams,True,0,0.0,0.0,,,True,,,,,,,,,,,,
2026-04-07,Kyle Isbel,Kansas City Royals,Cleveland Guardians,Gavin Williams,False,1,,,,,True,1.0,0.0,1.0,1.0,1.0,0.0,0.0,0.0,0.0,0.0,0.0,
2026-04-07,Michael Wacha,Kansas City Royals,Cleveland Guardians,Gavin Williams,True,1,7.0,3.0,1.2857142857142858,0.8571428571428571,True,,,,,,,,,,,,3.857142857142857
2026-04-07,Nick Loftin,Kansas City Royals,Cleveland Guardians,Gavin Williams,False,0,,,,,True,0.0,0.0,0.0,,,,,0.0,0.0,0.0,0.0,
2026-04-07,Seth Lugo,Kansas City Royals,Cleveland Guardians,Gavin Williams,True,0,0.0,0.0,,,True,,,,,,,,,,,,
2026-04-07,John Schreiber,Kansas City Royals,Cleveland Guardians,Gavin Williams,True,0,0.0,0.0,,,True,,,,,,,,,,,,
2026-04-07,Kris Bubic,Kansas City Royals,Cleveland Guardians,Gavin Williams,True,0,0.0,0.0,,,True,,,,,,,,,,,,
2026-04-07,Nick Mears,Kansas City Royals,Cleveland Guardians,Gavin Williams,True,0,0.0,0.0,,,True,,,,,,,,,,,,
2026-04-07,Daniel Lynch IV,Kansas City Royals,Cleveland Guardians,Gavin Williams,True,0,0.0,0.0,,,True,,,,,,,,,,,,
2026-04-07,Noah Cameron,Kansas City Royals,Cleveland Guardians,Gavin Williams,True,0,0.0,0.0,,,True,,,,,,,,,,,,
2026-04-07,Steven Cruz,Kansas City Royals,Cleveland Guardians,Gavin Williams,True,0,0.0,0.0,,,True,,,,,,,,,,,,
2026-04-07,Eli Morgan,Kansas City Royals,Cleveland Guardians,Gavin Williams,True,0,0.0,0.0,,,True,,,,,,,,,,,,
2026-04-07,Luinder Avila,Kansas City Royals,Cleveland Guardians,Gavin Williams,True,0,0.0,0.0,,,True,,,,,,,,,,,,
2026-04-07,Michael Massey,Kansas City Royals,Cleveland Guardians,Gavin Williams,False,1,,,,,True,0.0,0.0,0.0,0.0,0.0,0.0,,0.0,0.0,0.0,0.0,
2026-04-07,Lenyn Sosa,Chicago White Sox,Baltimore Orioles,Trevor Rogers,False,1,,,,,True,0.0,0.0,1.0,1.0,0.0,0.0,0.0,0.0,0.0,0.0,0.0,
2026-04-07,Tristan Peters,Chicago White Sox,Baltimore Orioles,Trevor Rogers,False,1,,,,,True,0.0,0.0,0.0,0.0,0.0,0.0,0.3333333333333333,0.0,0.0,0.0,0.0,
2026-04-07,Luisangel Acuña,Chicago White Sox,Baltimore Orioles,Trevor Rogers,False,1,,,,,True,0.0,0.0,0.0,0.0,0.0,0.0,0.0,0.0,0.0,0.0,0.0,
2026-04-07,Shane Smith,Chicago White Sox,Baltimore Orioles,Trevor Rogers,True,0,0.0,0.0,,,True,,,,,,,,,,,,
2026-04-07,Munetaka Murakami,Chicago White Sox,Baltimore Orioles,Trevor Rogers,False,1,,,,,True,0.0,0.0,1.0,1.0,0.0,0.0,0.0,0.0,0.0,0.0,0.0,
2026-04-07,Jedixson Paez,Chicago White Sox,Baltimore Orioles,Trevor Rogers,True,0,0.0,0.0,,,True,,,,,,,,,,,,
2026-04-07,Chase Meidroth,Chicago White Sox,Baltimore Orioles,Trevor Rogers,False,1,,,,,True,2.0,0.0,2.0,2.0,2.0,0.0,0.0,0.0,0.0,0.0,0.0,
2026-04-07,Colson Montgomery,Chicago White Sox,Baltimore Orioles,Trevor Rogers,False,1,,,,,True,0.0,0.0,0.0,0.0,0.0,0.0,0.25,0.0,0.0,0.0,0.0,
2026-04-07,Austin Hays,Chicago White Sox,Baltimore Orioles,Trevor Rogers,False,1,,,,,True,1.0,0.0,1.0,1.0,1.0,0.0,0.0,0.0,0.0,0.0,0.0,
2026-04-07,Reese McGuire,Chicago White Sox,Baltimore Orioles,Trevor Rogers,False,0,,,,,True,0.0,0.0,0.0,,,,,0.0,0.0,0.0,0.0,
2026-04-07,Edgar Quero,Chicago White Sox,Baltimore Orioles,Trevor Rogers,False,1,,,,,True,0.0,0.0,0.0,0.0,0.0,0.0,0.5,0.0,0.0,0.0,0.0,
2026-04-07,Andrew Benintendi,Chicago White Sox,Baltimore Orioles,Trevor Rogers,False,1,,,,,True,1.0,0.0,1.0,1.0,1.0,0.0,0.25,0.0,0.0,0.0,0.0,
2026-04-07,Jordan Leasure,Chicago White Sox,Baltimore Orioles,Trevor Rogers,True,0,0.0,0.0,,,True,,,,,,,,,,,,
2026-04-07,Sean Newcomb,Chicago White Sox,Baltimore Orioles,Trevor Rogers,True,0,0.0,0.0,,,True,,,,,,,,,,,,
2026-04-07,Jordan Hicks,Chicago White Sox,Baltimore Orioles,Trevor Rogers,True,0,0.0,0.0,,,True,,,,,,,,,,,,
2026-04-07,Everson Pereira,Chicago White Sox,Baltimore Orioles,Trevor Rogers,False,0,,,,,True,0.0,0.0,0.0,,,,,0.0,0.0,0.0,0.0,
2026-04-07,Derek Hill,Chicago White Sox,Baltimore Orioles,Trevor Rogers,False,1,,,,,True,0.0,0.0,0.0,0.0,0.0,0.0,0.0,0.0,0.0,0.0,0.0,
2026-04-07,Miguel Vargas,Chicago White Sox,Baltimore Orioles,Trevor Rogers,False,1,,,,,True,0.0,0.0,0.0,0.0,0.0,0.0,0.25,0.0,0.0,0.0,0.0,
2026-04-07,Tyler Gilbert,Chicago White Sox,Baltimore Orioles,Trevor Rogers,True,0,0.0,0.0,,,True,,,,,,,,,,,,
2026-04-07,Grant Taylor,Chicago White Sox,Baltimore Orioles,Trevor Rogers,True,1,1.0,1.0,0.0,1.0,True,,,,,,,,,,,,9.0
2026-04-07,Seranthony Domínguez,Chicago White Sox,Baltimore Orioles,Trevor Rogers,True,0,0.0,0.0,,,True,,,,,,,,,,,,
2026-04-07,Chris Murphy,Chicago White Sox,Baltimore Orioles,Trevor Rogers,True,0,0.0,0.0,,,True,,,,,,,,,,,,
2026-04-07,Sean Burke,Chicago White Sox,Baltimore Orioles,Trevor Rogers,True,0,0.0,0.0,,,True,,,,,,,,,,,,
2026-04-07,Bryan Hudson,Chicago White Sox,Baltimore Orioles,Trevor Rogers,True,0,0.0,0.0,,,True,,,,,,,,,,,,
2026-04-07,Anthony Kay,Chicago White Sox,Baltimore Orioles,Trevor Rogers,True,0,0.0,0.0,,,True,,,,,,,,,,,,
2026-04-07,Davis Martin,Chicago White Sox,Baltimore Orioles,Trevor Rogers,True,0,0.0,0.0,,,True,,,,,,,,,,,,
2026-04-07,Erick Fedde,Chicago White Sox,Baltimore Orioles,Trevor Rogers,True,1,6.0,4.0,3.0,1.0,True,,,,,,,,,,,,6.0
2026-04-07,Lucas Sims,Chicago White Sox,Baltimore Orioles,Trevor Rogers,True,1,2.0,2.0,0.0,0.5,True,,,,,,,,,,,,9.0
2026-04-07,Tanner Murray,Chicago White Sox,Baltimore Orioles,Trevor Rogers,False,0,,,,,True,0.0,0.0,0.0,,,,,0.0,0.0,0.0,0.0,
2026-04-07,Samuel Basallo,Baltimore Orioles,Chicago White Sox,Shane Smith,False,0,,,,,True,0.0,0.0,0.0,,,,,0.0,0.0,0.0,0.0,
2026-04-07,Trevor Rogers,Baltimore Orioles,Chicago White Sox,Shane Smith,True,0,0.0,0.0,,,True,,,,,,,,,,,,
2026-04-07,Tyler Wells,Baltimore Orioles,Chicago White Sox,Shane Smith,True,1,2.0,2.0,0.0,1.0,True,,,,,,,,,,,,9.0
2026-04-07,Gunnar Henderson,Baltimore Orioles,Chicago White Sox,Shane Smith,False,1,,,,,True,1.0,1.0,3.0,3.0,1.0,1.0,0.75,0.0,0.0,0.0,0.0,
2026-04-07,Taylor Ward,Baltimore Orioles,Chicago White Sox,Shane Smith,False,1,,,,,True,1.0,0.0,1.0,1.0,1.0,0.0,0.0,0.0,0.0,0.0,0.0,
2026-04-07,Adley Rutschman,Baltimore Orioles,Chicago White Sox,Shane Smith,False,1,,,,,True,0.0,0.0,1.0,1.0,0.0,0.0,0.25,0.0,0.0,0.0,0.0,
2026-04-07,Tyler O'Neill,Baltimore Orioles,Chicago White Sox,Shane Smith,False,1,,,,,True,1.0,0.0,2.0,2.0,1.0,0.0,0.0,0.0,0.0,0.0,0.0,
2026-04-07,Blaze Alexander,Baltimore Orioles,Chicago White Sox,Shane Smith,False,1,,,,,True,0.0,0.0,0.0,0.0,0.0,0.0,,0.0,0.0,0.0,0.0,
2026-04-07,Pete Alonso,Baltimore Orioles,Chicago White Sox,Shane Smith,False,1,,,,,True,0.0,0.0,0.0,0.0,0.0,0.0,0.0,0.0,0.0,0.0,0.0,
2026-04-07,Ryan Helsley,Baltimore Orioles,Chicago White Sox,Shane Smith,True,1,1.0,1.0,9.0,3.0,True,,,,,,,,,,,,9.0
2026-04-07,Colton Cowser,Baltimore Orioles,Chicago White Sox,Shane Smith,False,1,,,,,True,0.0,0.0,0.0,0.0,0.0,0.0,0.3333333333333333,0.0,0.0,0.0,0.0,
2026-04-07,Coby Mayo,Baltimore Orioles,Chicago White Sox,Shane Smith,False,1,,,,,True,1.0,0.0,1.0,1.0,1.0,0.0,0.3333333333333333,0.0,0.0,0.0,0.0,
2026-04-07,Jeremiah Jackson,Baltimore Orioles,Chicago White Sox,Shane Smith,False,1,,,,,True,1.0,0.0,1.0,1.0,1.0,0.0,0.0,0.0,0.0,0.0,0.0,
2026-04-07,Leody Taveras,Baltimore Orioles,Chicago White Sox,Shane Smith,False,0,,,,,True,0.0,0.0,0.0,,,,,0.0,0.0,0.0,0.0,
2026-04-07,Kyle Bradish,Baltimore Orioles,Chicago White Sox,Shane Smith,True,0,0.0,0.0,,,True,,,,,,,,,,,,
2026-04-07,Dylan Beavers,Baltimore Orioles,Chicago White Sox,Shane Smith,False,0,,,,,True,0.0,0.0,0.0,,,,,0.0,0.0,0.0,0.0,
2026-04-07,Ryan Mountcastle,Baltimore Orioles,Chicago White Sox,Shane Smith,False,1,,,,,True,2.0,0.0,2.0,2.0,2.0,0.0,0.3333333333333333,0.0,0.0,0.0,0.0,
2026-04-07,Yaramil Hiraldo,Baltimore Orioles,Chicago White Sox,Shane Smith,True,0,0.0,0.0,,,True,,,,,,,,,,,,
2026-04-07,Anthony Nunez,Baltimore Orioles,Chicago White Sox,Shane Smith,True,0,0.0,0.0,,,True,,,,,,,,,,,,
2026-04-07,Yennier Cano,Baltimore Orioles,Chicago White Sox,Shane Smith,True,0,0.0,0.0,,,True,,,,,,,,,,,,
2026-04-07,Dietrich Enns,Baltimore Orioles,Chicago White Sox,Shane Smith,True,0,0.0,0.0,,,True,,,,,,,,,,,,
2026-04-07,Rico Garcia,Baltimore Orioles,Chicago White Sox,Shane Smith,True,1,1.0,1.0,0.0,0.0,True,,,,,,,,,,,,9.0
2026-04-07,Shane Baz,Baltimore Orioles,Chicago White Sox,Shane Smith,True,0,0.0,0.0,,,True,,,,,,,,,,,,
2026-04-07,Grant Wolfram,Baltimore Orioles,Chicago White Sox,Shane Smith,True,0,0.0,0.0,,,True,,,,,,,,,,,,
2026-04-07,Chris Bassitt,Baltimore Orioles,Chicago White Sox,Shane Smith,True,0,0.0,0.0,,,True,,,,,,,,,,,,
2026-04-07,Zach Eflin,Baltimore Orioles,Chicago White Sox,Shane Smith,True,0,0.0,0.0,,,True,,,,,,,,,,,,
2026-04-07,Albert Suárez,Baltimore Orioles,Chicago White Sox,Shane Smith,True,0,0.0,0.0,,,True,,,,,,,,,,,,
2026-04-07,Cade Povich,Baltimore Orioles,Chicago White Sox,Shane Smith,True,0,0.0,0.0,,,True,,,,,,,,,,,,
2026-04-07,Brandon Young,Baltimore Orioles,Chicago White Sox,Shane Smith,True,1,5.0,2.0,0.0,0.8,True,,,,,,,,,,,,3.6
2026-04-07,Bo Bichette,New York Mets,Arizona Diamondbacks,Zac Gallen,False,0,,,,,True,0.0,0.0,0.0,,,,,0.0,0.0,0.0,0.0,
2026-04-07,Francisco Alvarez,New York Mets,Arizona Diamondbacks,Zac Gallen,False,0,,,,,True,0.0,0.0,0.0,,,,,0.0,0.0,0.0,0.0,
2026-04-07,Tobias Myers,New York Mets,Arizona Diamondbacks,Zac Gallen,True,0,0.0,0.0,,,True,,,,,,,,,,,,
2026-04-07,Brett Baty,New York Mets,Arizona Diamondbacks,Zac Gallen,False,0,,,,,True,0.0,0.0,0.0,,,,,0.0,0.0,0.0,0.0,
2026-04-07,Carson Benge,New York Mets,Arizona Diamondbacks,Zac Gallen,False,0,,,,,True,0.0,0.0,0.0,,,,,0.0,0.0,0.0,0.0,
2026-04-07,Marcus Semien,New York Mets,Arizona Diamondbacks,Zac Gallen,False,0,,,,,True,0.0,0.0,0.0,,,,,0.0,0.0,0.0,0.0,
2026-04-07,Freddy Peralta,New York Mets,Arizona Diamondbacks,Zac Gallen,True,0,0.0,0.0,,,True,,,,,,,,,,,,
2026-04-07,Francisco Lindor,New York Mets,Arizona Diamondbacks,Zac Gallen,False,0,,,,,True,0.0,0.0,0.0,,,,,0.0,0.0,0.0,0.0,
2026-04-07,Juan Soto,New York Mets,Arizona Diamondbacks,Zac Gallen,False,0,,,,,True,0.0,0.0,0.0,,,,,0.0,0.0,0.0,0.0,
2026-04-07,Jorge Polanco,New York Mets,Arizona Diamondbacks,Zac Gallen,False,0,,,,,True,0.0,0.0,0.0,,,,,0.0,0.0,0.0,0.0,
2026-04-07,Luis García,New York Mets,Arizona Diamondbacks,Zac Gallen,True,0,0.0,0.0,,,True,,,,,,,,,,,,
2026-04-07,Luis Robert Jr.,New York Mets,Arizona Diamondbacks,Zac Gallen,False,0,,,,,True,0.0,0.0,0.0,,,,,0.0,0.0,0.0,0.0,
2026-04-07,Luis Torrens,New York Mets,Arizona Diamondbacks,Zac Gallen,False,0,,,,,True,0.0,0.0,0.0,,,,,0.0,0.0,0.0,0.0,
2026-04-07,Tyrone Taylor,New York Mets,Arizona Diamondbacks,Zac Gallen,False,0,,,,,True,0.0,0.0,0.0,,,,,0.0,0.0,0.0,0.0,
2026-04-07,Mark Vientos,New York Mets,Arizona Diamondbacks,Zac Gallen,False,0,,,,,True,0.0,0.0,0.0,,,,,0.0,0.0,0.0,0.0,
2026-04-07,Huascar Brazobán,New York Mets,Arizona Diamondbacks,Zac Gallen,True,0,0.0,0.0,,,True,,,,,,,,,,,,
2026-04-07,Richard Lovelady,New York Mets,Arizona Diamondbacks,Zac Gallen,True,0,0.0,0.0,,,True,,,,,,,,,,,,
2026-04-07,Luke Weaver,New York Mets,Arizona Diamondbacks,Zac Gallen,True,0,0.0,0.0,,,True,,,,,,,,,,,,
2026-04-07,Devin Williams,New York Mets,Arizona Diamondbacks,Zac Gallen,True,0,0.0,0.0,,,True,,,,,,,,,,,,
2026-04-07,David Peterson,New York Mets,Arizona Diamondbacks,Zac Gallen,True,0,0.0,0.0,,,True,,,,,,,,,,,,
2026-04-07,Brooks Raley,New York Mets,Arizona Diamondbacks,Zac Gallen,True,0,0.0,0.0,,,True,,,,,,,,,,,,
2026-04-07,Jared Young,New York Mets,Arizona Diamondbacks,Zac Gallen,False,0,,,,,True,0.0,0.0,0.0,,,,,0.0,0.0,0.0,0.0,
2026-04-07,Sean Manaea,New York Mets,Arizona Diamondbacks,Zac Gallen,True,0,0.0,0.0,,,True,,,,,,,,,,,,
2026-04-07,Nolan McLean,New York Mets,Arizona Diamondbacks,Zac Gallen,True,0,0.0,0.0,,,True,,,,,,,,,,,,
2026-04-07,Clay Holmes,New York Mets,Arizona Diamondbacks,Zac Gallen,True,0,0.0,0.0,,,True,,,,,,,,,,,,
2026-04-07,Kodai Senga,New York Mets,Arizona Diamondbacks,Zac Gallen,True,0,0.0,0.0,,,True,,,,,,,,,,,,
2026-04-07,Andrew Hoffmann,Arizona Diamondbacks,New York Mets,Freddy Peralta,True,0,0.0,0.0,,,True,,,,,,,,,,,,
2026-04-07,Jordan Lawlar,Arizona Diamondbacks,New York Mets,Freddy Peralta,False,0,,,,,True,0.0,0.0,0.0,,,,,0.0,0.0,0.0,0.0,
2026-04-07,Juan Morillo,Arizona Diamondbacks,New York Mets,Freddy Peralta,True,0,0.0,0.0,,,True,,,,,,,,,,,,
2026-04-07,Tim Tawa,Arizona Diamondbacks,New York Mets,Freddy Peralta,False,0,,,,,True,0.0,0.0,0.0,,,,,0.0,0.0,0.0,0.0,
2026-04-07,Nolan Arenado,Arizona Diamondbacks,New York Mets,Freddy Peralta,False,0,,,,,True,0.0,0.0,0.0,,,,,0.0,0.0,0.0,0.0,
2026-04-07,Ketel Marte,Arizona Diamondbacks,New York Mets,Freddy Peralta,False,0,,,,,True,0.0,0.0,0.0,,,,,0.0,0.0,0.0,0.0,
2026-04-07,Geraldo Perdomo,Arizona Diamondbacks,New York Mets,Freddy Peralta,False,0,,,,,True,0.0,0.0,0.0,,,,,0.0,0.0,0.0,0.0,
2026-04-07,Gabriel Moreno,Arizona Diamondbacks,New York Mets,Freddy Peralta,False,0,,,,,True,0.0,0.0,0.0,,,,,0.0,0.0,0.0,0.0,
2026-04-07,Corbin Carroll,Arizona Diamondbacks,New York Mets,Freddy Peralta,False,0,,,,,True,0.0,0.0,0.0,,,,,0.0,0.0,0.0,0.0,
2026-04-07,Taylor Clarke,Arizona Diamondbacks,New York Mets,Freddy Peralta,True,0,0.0,0.0,,,True,,,,,,,,,,,,
2026-04-07,Zac Gallen,Arizona Diamondbacks,New York Mets,Freddy Peralta,True,0,0.0,0.0,,,True,,,,,,,,,,,,
2026-04-07,Ryan Thompson,Arizona Diamondbacks,New York Mets,Freddy Peralta,True,0,0.0,0.0,,,True,,,,,,,,,,,,
2026-04-07,Carlos Santana,Arizona Diamondbacks,New York Mets,Freddy Peralta,False,0,,,,,True,0.0,0.0,0.0,,,,,0.0,0.0,0.0,0.0,
2026-04-07,Alek Thomas,Arizona Diamondbacks,New York Mets,Freddy Peralta,False,0,,,,,True,0.0,0.0,0.0,,,,,0.0,0.0,0.0,0.0,
2026-04-07,Kevin Ginkel,Arizona Diamondbacks,New York Mets,Freddy Peralta,True,0,0.0,0.0,,,True,,,,,,,,,,,,
2026-04-07,Jonathan Loáisiga,Arizona Diamondbacks,New York Mets,Freddy Peralta,True,0,0.0,0.0,,,True,,,,,,,,,,,,
2026-04-07,Ryne Nelson,Arizona Diamondbacks,New York Mets,Freddy Peralta,True,0,0.0,0.0,,,True,,,,,,,,,,,,
2026-04-07,Pavin Smith,Arizona Diamondbacks,New York Mets,Freddy Peralta,False,0,,,,,True,0.0,0.0,0.0,,,,,0.0,0.0,0.0,0.0,
2026-04-07,Eduardo Rodriguez,Arizona Diamondbacks,New York Mets,Freddy Peralta,True,0,0.0,0.0,,,True,,,,,,,,,,,,
2026-04-07,Joe Ross,Arizona Diamondbacks,New York Mets,Freddy Peralta,True,0,0.0,0.0,,,True,,,,,,,,,,,,
2026-04-07,Paul Sewald,Arizona Diamondbacks,New York Mets,Freddy Peralta,True,0,0.0,0.0,,,True,,,,,,,,,,,,
2026-04-07,James McCann,Arizona Diamondbacks,New York Mets,Freddy Peralta,False,0,,,,,True,0.0,0.0,0.0,,,,,0.0,0.0,0.0,0.0,
2026-04-07,Jorge Barrosa,Arizona Diamondbacks,New York Mets,Freddy Peralta,False,0,,,,,True,0.0,0.0,0.0,,,,,0.0,0.0,0.0,0.0,
2026-04-07,Ildemaro Vargas,Arizona Diamondbacks,New York Mets,Freddy Peralta,False,0,,,,,True,0.0,0.0,0.0,,,,,0.0,0.0,0.0,0.0,
2026-04-07,Michael Soroka,Arizona Diamondbacks,New York Mets,Freddy Peralta,True,0,0.0,0.0,,,True,,,,,,,,,,,,
2026-04-07,Brandon Pfaadt,Arizona Diamondbacks,New York Mets,Freddy Peralta,True,0,0.0,0.0,,,True,,,,,,,,,,,,
2026-04-07,Jose Fernandez,Arizona Diamondbacks,New York Mets,Freddy Peralta,False,0,,,,,True,0.0,0.0,0.0,,,,,0.0,0.0,0.0,0.0,
2026-04-07,Adrian Del Castillo,Arizona Diamondbacks,New York Mets,Freddy Peralta,False,0,,,,,True,0.0,0.0,0.0,,,,,0.0,0.0,0.0,0.0,
2026-04-07,Taylor Rashi,Arizona Diamondbacks,New York Mets,Freddy Peralta,True,0,0.0,0.0,,,True,,,,,,,,,,,,
2026-04-07,Richie Palacios,Tampa Bay Rays,Chicago Cubs,Javier Assad,False,0,,,,,True,0.0,0.0,0.0,,,,,0.0,0.0,0.0,0.0,
2026-04-07,Carson Williams,Tampa Bay Rays,Chicago Cubs,Javier Assad,False,0,,,,,True,0.0,0.0,0.0,,,,,0.0,0.0,0.0,0.0,
2026-04-07,Ryan Vilade,Tampa Bay Rays,Chicago Cubs,Javier Assad,False,0,,,,,True,0.0,0.0,0.0,,,,,0.0,0.0,0.0,0.0,
2026-04-07,Jake Fraley,Tampa Bay Rays,Chicago Cubs,Javier Assad,False,1,,,,,True,0.0,0.0,0.0,0.0,0.0,0.0,0.0,0.0,0.0,0.0,0.0,
2026-04-07,Chandler Simpson,Tampa Bay Rays,Chicago Cubs,Javier Assad,False,1,,,,,True,2.0,0.0,3.0,3.0,2.0,0.0,0.0,0.0,0.0,0.0,0.0,
2026-04-07,Jonny DeLuca,Tampa Bay Rays,Chicago Cubs,Javier Assad,False,0,,,,,True,0.0,0.0,0.0,,,,,0.0,0.0,0.0,0.0,
2026-04-07,Ian Seymour,Tampa Bay Rays,Chicago Cubs,Javier Assad,True,1,1.3333333333333333,1.0,6.75,1.5,True,,,,,,,,,,,,6.75
2026-04-07,Garrett Cleavinger,Tampa Bay Rays,Chicago Cubs,Javier Assad,True,0,0.0,0.0,,,True,,,,,,,,,,,,
2026-04-07,Hunter Feduccia,Tampa Bay Rays,Chicago Cubs,Javier Assad,False,0,,,,,True,0.0,0.0,0.0,,,,,0.0,0.0,0.0,0.0,
2026-04-07,Jonathan Aranda,Tampa Bay Rays,Chicago Cubs,Javier Assad,False,1,,,,,True,1.0,1.0,4.0,4.0,1.0,1.0,0.25,0.0,0.0,0.0,0.0,
2026-04-07,Nick Fortes,Tampa Bay Rays,Chicago Cubs,Javier Assad,False,1,,,,,True,1.0,0.0,1.0,1.0,1.0,0.0,0.25,0.0,0.0,0.0,0.0,
2026-04-07,Griffin Jax,Tampa Bay Rays,Chicago Cubs,Javier Assad,True,0,0.0,0.0,,,True,,,,,,,,,,,,
2026-04-07,Yandy Díaz,Tampa Bay Rays,Chicago Cubs,Javier Assad,False,1,,,,,True,2.0,0.0,2.0,2.0,2.0,0.0,0.25,0.0,0.0,0.0,0.0,
2026-04-07,Ben Williamson,Tampa Bay Rays,Chicago Cubs,Javier Assad,False,1,,,,,True,0.0,0.0,1.0,1.0,0.0,0.0,0.3333333333333333,0.0,0.0,0.0,0.0,
2026-04-07,Junior Caminero,Tampa Bay Rays,Chicago Cubs,Javier Assad,False,1,,,,,True,1.0,1.0,3.0,3.0,1.0,1.0,0.25,0.0,0.0,0.0,0.0,
2026-04-07,Yoendrys Gómez,Tampa Bay Rays,Chicago Cubs,Javier Assad,True,0,0.0,0.0,,,True,,,,,,,,,,,,
2026-04-07,Drew Rasmussen,Tampa Bay Rays,Chicago Cubs,Javier Assad,True,0,0.0,0.0,,,True,,,,,,,,,,,,
2026-04-07,Cedric Mullins,Tampa Bay Rays,Chicago Cubs,Javier Assad,False,1,,,,,True,1.0,1.0,4.0,4.0,1.0,1.0,0.0,0.0,0.0,0.0,0.0,
2026-04-07,Cole Sulser,Tampa Bay Rays,Chicago Cubs,Javier Assad,True,0,0.0,0.0,,,True,,,,,,,,,,,,
2026-04-07,Bryan Baker,Tampa Bay Rays,Chicago Cubs,Javier Assad,True,1,1.0,2.0,9.0,1.0,True,,,,,,,,,,,,18.0
2026-04-07,Joe Boyle,Tampa Bay Rays,Chicago Cubs,Javier Assad,True,0,0.0,0.0,,,True,,,,,,,,,,,,
2026-04-07,Steven Matz,Tampa Bay Rays,Chicago Cubs,Javier Assad,True,0,0.0,0.0,,,True,,,,,,,,,,,,
2026-04-07,Mason Englert,Tampa Bay Rays,Chicago Cubs,Javier Assad,True,0,0.0,0.0,,,True,,,,,,,,,,,,
2026-04-07,Kevin Kelly,Tampa Bay Rays,Chicago Cubs,Javier Assad,True,1,1.0,1.0,0.0,0.0,True,,,,,,,,,,,,9.0
2026-04-07,Nick Martinez,Tampa Bay Rays,Chicago Cubs,Javier Assad,True,0,0.0,0.0,,,True,,,,,,,,,,,,
2026-04-07,Shane McClanahan,Tampa Bay Rays,Chicago Cubs,Javier Assad,True,1,4.0,5.0,4.5,1.25,True,,,,,,,,,,,,11.25
2026-04-07,Hunter Bigge,Tampa Bay Rays,Chicago Cubs,Javier Assad,True,1,1.6666666666666667,0.0,0.0,0.0,True,,,,,,,,,,,,0.0
2026-04-07,Taylor Walls,Tampa Bay Rays,Chicago Cubs,Javier Assad,False,1,,,,,True,1.0,0.0,2.0,2.0,1.0,0.0,0.0,0.0,0.0,0.0,0.0,
2026-04-07,Michael Conforto,Chicago Cubs,Tampa Bay Rays,Drew Rasmussen,False,1,,,,,True,0.0,0.0,0.0,0.0,0.0,0.0,0.0,0.0,0.0,0.0,0.0,
2026-04-07,Hoby Milner,Chicago Cubs,Tampa Bay Rays,Drew Rasmussen,True,0,0.0,0.0,,,True,,,,,,,,,,,,
2026-04-07,Ian Happ,Chicago Cubs,Tampa Bay Rays,Drew Rasmussen,False,1,,,,,True,1.0,0.0,2.0,2.0,1.0,0.0,0.0,0.0,0.0,0.0,0.0,
2026-04-07,Alex Bregman,Chicago Cubs,Tampa Bay Rays,Drew Rasmussen,False,1,,,,,True,0.0,0.0,0.0,0.0,0.0,0.0,0.25,0.0,0.0,0.0,0.0,
2026-04-07,Michael Busch,Chicago Cubs,Tampa Bay Rays,Drew Rasmussen,False,1,,,,,True,0.0,0.0,2.0,2.0,0.0,0.0,0.0,0.0,0.0,0.0,0.0,
2026-04-07,Carson Kelly,Chicago Cubs,Tampa Bay Rays,Drew Rasmussen,False,1,,,,,True,1.0,0.0,1.0,1.0,1.0,0.0,0.25,0.0,0.0,0.0,0.0,
2026-04-07,Pete Crow-Armstrong,Chicago Cubs,Tampa Bay Rays,Drew Rasmussen,False,1,,,,,True,0.0,0.0,0.0,0.0,0.0,0.0,0.5,0.0,0.0,0.0,0.0,
2026-04-07,Jacob Webb,Chicago Cubs,Tampa Bay Rays,Drew Rasmussen,True,0,0.0,0.0,,,True,,,,,,,,,,,,
2026-04-07,Moisés Ballesteros,Chicago Cubs,Tampa Bay Rays,Drew Rasmussen,False,0,,,,,True,0.0,0.0,0.0,,,,,0.0,0.0,0.0,0.0,
2026-04-07,Matthew Boyd,Chicago Cubs,Tampa Bay Rays,Drew Rasmussen,True,0,0.0,0.0,,,True,,,,,,,,,,,,
2026-04-07,Dansby Swanson,Chicago Cubs,Tampa Bay Rays,Drew Rasmussen,False,1,,,,,True,0.0,0.0,1.0,1.0,0.0,0.0,0.75,0.0,0.0,0.0,0.0,
2026-04-07,Nico Hoerner,Chicago Cubs,Tampa Bay Rays,Drew Rasmussen,False,1,,,,,True,1.0,0.0,3.0,3.0,1.0,0.0,0.25,0.0,0.0,0.0,0.0,
2026-04-07,Ben Brown,Chicago Cubs,Tampa Bay Rays,Drew Rasmussen,True,0,0.0,0.0,,,True,,,,,,,,,,,,
2026-04-07,Matt Shaw,Chicago Cubs,Tampa Bay Rays,Drew Rasmussen,False,1,,,,,True,1.0,1.0,3.0,3.0,1.0,1.0,0.25,0.0,0.0,0.0,0.0,
2026-04-07,Cade Horton,Chicago Cubs,Tampa Bay Rays,Drew Rasmussen,True,0,0.0,0.0,,,True,,,,,,,,,,,,
2026-04-07,Caleb Thielbar,Chicago Cubs,Tampa Bay Rays,Drew Rasmussen,True,0,0.0,0.0,,,True,,,,,,,,,,,,
2026-04-07,Miguel Amaya,Chicago Cubs,Tampa Bay Rays,Drew Rasmussen,False,1,,,,,True,0.0,0.0,0.0,0.0,0.0,0.0,0.0,0.0,0.0,0.0,0.0,
2026-04-07,Phil Maton,Chicago Cubs,Tampa Bay Rays,Drew Rasmussen,True,1,1.0,1.0,18.0,2.0,True,,,,,,,,,,,,9.0
2026-04-07,Daniel Palencia,Chicago Cubs,Tampa Bay Rays,Drew Rasmussen,True,0,0.0,0.0,,,True,,,,,,,,,,,,
2026-04-07,Hunter Harvey,Chicago Cubs,Tampa Bay Rays,Drew Rasmussen,True,0,0.0,0.0,,,True,,,,,,,,,,,,
2026-04-07,Shota Imanaga,Chicago Cubs,Tampa Bay Rays,Drew Rasmussen,True,0,0.0,0.0,,,True,,,,,,,,,,,,
2026-04-07,Edward Cabrera,Chicago Cubs,Tampa Bay Rays,Drew Rasmussen,True,0,0.0,0.0,,,True,,,,,,,,,,,,
2026-04-07,Colin Rea,Chicago Cubs,Tampa Bay Rays,Drew Rasmussen,True,0,0.0,0.0,,,True,,,,,,,,,,,,
2026-04-07,Scott Kingery,Chicago Cubs,Tampa Bay Rays,Drew Rasmussen,False,0,,,,,True,0.0,0.0,0.0,,,,,0.0,0.0,0.0,0.0,
2026-04-07,Jameson Taillon,Chicago Cubs,Tampa Bay Rays,Drew Rasmussen,True,1,6.0,4.0,4.5,1.1666666666666667,True,,,,,,,,,,,,6.0
2026-04-07,Dylan Carlson,Chicago Cubs,Tampa Bay Rays,Drew Rasmussen,False,1,,,,,True,0.0,0.0,0.0,0.0,0.0,0.0,0.0,0.0,0.0,0.0,0.0,
2026-04-07,Ethan Roberts,Chicago Cubs,Tampa Bay Rays,Drew Rasmussen,True,0,0.0,0.0,,,True,,,,,,,,,,,,
2026-04-07,Riley Martin,Chicago Cubs,Tampa Bay Rays,Drew Rasmussen,True,1,1.0,0.0,0.0,1.0,True,,,,,,,,,,,,0.0
2026-04-07,Griffin Conine,Miami Marlins,Cincinnati Reds,Andrew Abbott,False,0,,,,,True,0.0,0.0,0.0,,,,,0.0,0.0,0.0,0.0,
2026-04-07,Pete Fairbanks,Miami Marlins,Cincinnati Reds,Andrew Abbott,True,0,0.0,0.0,,,True,,,,,,,,,,,,
2026-04-07,Heriberto Hernández,Miami Marlins,Cincinnati Reds,Andrew Abbott,False,1,,,,,True,0.0,0.0,0.0,0.0,0.0,0.0,0.25,0.0,0.0,0.0,0.0,
2026-04-07,Sandy Alcantara,Miami Marlins,Cincinnati Reds,Andrew Abbott,True,0,0.0,0.0,,,True,,,,,,,,,,,,
2026-04-07,Jakob Marsee,Miami Marlins,Cincinnati Reds,Andrew Abbott,False,1,,,,,True,0.0,0.0,0.0,0.0,0.0,0.0,0.25,0.0,0.0,0.0,0.0,
2026-04-07,Javier Sanoja,Miami Marlins,Cincinnati Reds,Andrew Abbott,False,1,,,,,True,0.0,0.0,0.0,0.0,0.0,0.0,0.0,0.0,0.0,0.0,0.0,
2026-04-07,Xavier Edwards,Miami Marlins,Cincinnati Reds,Andrew Abbott,False,1,,,,,True,0.0,0.0,0.0,0.0,0.0,0.0,0.3333333333333333,0.0,0.0,0.0,0.0,
2026-04-07,Graham Pauley,Miami Marlins,Cincinnati Reds,Andrew Abbott,False,0,,,,,True,0.0,0.0,0.0,,,,,0.0,0.0,0.0,0.0,
2026-04-07,Anthony Bender,Miami Marlins,Cincinnati Reds,Andrew Abbott,True,0,0.0,0.0,,,True,,,,,,,,,,,,
2026-04-07,Owen Caissie,Miami Marlins,Cincinnati Reds,Andrew Abbott,False,1,,,,,True,0.0,0.0,0.0,0.0,0.0,0.0,0.0,0.0,0.0,0.0,0.0,
2026-04-07,Agustín Ramírez,Miami Marlins,Cincinnati Reds,Andrew Abbott,False,1,,,,,True,1.0,0.0,1.0,1.0,1.0,0.0,0.25,0.0,0.0,0.0,0.0,
2026-04-07,Connor Norby,Miami Marlins,Cincinnati Reds,Andrew Abbott,False,1,,,,,True,0.0,0.0,0.0,0.0,0.0,0.0,0.0,0.0,0.0,0.0,0.0,
2026-04-07,Andrew Nardi,Miami Marlins,Cincinnati Reds,Andrew Abbott,True,0,0.0,0.0,,,True,,,,,,,,,,,,
2026-04-07,Austin Slater,Miami Marlins,Cincinnati Reds,Andrew Abbott,False,1,,,,,True,0.0,0.0,0.0,0.0,0.0,0.0,0.6666666666666666,0.0,0.0,0.0,0.0,
2026-04-07,Otto Lopez,Miami Marlins,Cincinnati Reds,Andrew Abbott,False,1,,,,,True,2.0,0.0,2.0,2.0,2.0,0.0,0.0,0.0,0.0,0.0,0.0,
2026-04-07,Calvin Faucher,Miami Marlins,Cincinnati Reds,Andrew Abbott,True,0,0.0,0.0,,,True,,,,,,,,,,,,
2026-04-07,Liam Hicks,Miami Marlins,Cincinnati Reds,Andrew Abbott,False,1,,,,,True,0.0,0.0,0.0,0.0,0.0,0.0,0.0,0.0,0.0,0.0,0.0,
2026-04-07,Eury Pérez,Miami Marlins,Cincinnati Reds,Andrew Abbott,True,0,0.0,0.0,,,True,,,,,,,,,,,,
2026-04-07,Tyler Phillips,Miami Marlins,Cincinnati Reds,Andrew Abbott,True,1,1.6666666666666667,1.0,0.0,0.6,True,,,,,,,,,,,,5.3999999999999995
2026-04-07,Max Meyer,Miami Marlins,Cincinnati Reds,Andrew Abbott,True,0,0.0,0.0,,,True,,,,,,,,,,,,
2026-04-07,John King,Miami Marlins,Cincinnati Reds,Andrew Abbott,True,0,0.0,0.0,,,True,,,,,,,,,,,,
2026-04-07,Deyvison De Los Santos,Miami Marlins,Cincinnati Reds,Andrew Abbott,False,0,,,,,True,0.0,0.0,0.0,,,,,0.0,0.0,0.0,0.0,
2026-04-07,Michael Petersen,Miami Marlins,Cincinnati Reds,Andrew Abbott,True,0,0.0,0.0,,,True,,,,,,,,,,,,
2026-04-07,Lake Bachar,Miami Marlins,Cincinnati Reds,Andrew Abbott,True,0,0.0,0.0,,,True,,,,,,,,,,,,
2026-04-07,Chris Paddack,Miami Marlins,Cincinnati Reds,Andrew Abbott,True,0,0.0,0.0,,,True,,,,,,,,,,,,
2026-04-07,Janson Junk,Miami Marlins,Cincinnati Reds,Andrew Abbott,True,1,7.333333333333333,3.0,2.4545454545454546,1.090909090909091,True,,,,,,,,,,,,3.681818181818182
2026-04-07,Leo Jiménez,Miami Marlins,Cincinnati Reds,Andrew Abbott,False,1,,,,,True,0.0,0.0,0.0,0.0,0.0,0.0,0.0,0.0,0.0,0.0,0.0,
2026-04-07,Elly De La Cruz,Cincinnati Reds,Miami Marlins,Sandy Alcantara,False,1,,,,,True,2.0,0.0,3.0,3.0,2.0,0.0,0.0,0.0,0.0,0.0,0.0,
2026-04-07,Dane Myers,Cincinnati Reds,Miami Marlins,Sandy Alcantara,False,1,,,,,True,0.0,0.0,0.0,0.0,0.0,0.0,0.0,0.0,0.0,0.0,0.0,
2026-04-07,Sal Stewart,Cincinnati Reds,Miami Marlins,Sandy Alcantara,False,1,,,,,True,1.0,0.0,2.0,2.0,1.0,0.0,0.0,0.0,0.0,0.0,0.0,
2026-04-07,Pierce Johnson,Cincinnati Reds,Miami Marlins,Sandy Alcantara,True,0,0.0,0.0,,,True,,,,,,,,,,,,
2026-04-07,Noelvi Marte,Cincinnati Reds,Miami Marlins,Sandy Alcantara,False,0,,,,,True,0.0,0.0,0.0,,,,,0.0,0.0,0.0,0.0,
2026-04-07,Matt McLain,Cincinnati Reds,Miami Marlins,Sandy Alcantara,False,1,,,,,True,0.0,0.0,0.0,0.0,0.0,0.0,0.25,0.0,0.0,0.0,0.0,
2026-04-07,Ke'Bryan Hayes,Cincinnati Reds,Miami Marlins,Sandy Alcantara,False,1,,,,,True,0.0,0.0,0.0,0.0,0.0,0.0,0.0,0.0,0.0,0.0,0.0,
2026-04-07,Will Benson,Cincinnati Reds,Miami Marlins,Sandy Alcantara,False,1,,,,,True,1.0,0.0,1.0,1.0,1.0,0.0,0.25,0.0,0.0,0.0,0.0,
2026-04-07,TJ Friedl,Cincinnati Reds,Miami Marlins,Sandy Alcantara,False,1,,,,,True,2.0,0.0,2.0,2.0,2.0,0.0,0.25,0.0,0.0,0.0,0.0,
2026-04-07,Spencer Steer,Cincinnati Reds,Miami Marlins,Sandy Alcantara,False,1,,,,,True,0.0,0.0,0.0,0.0,0.0,0.0,0.3333333333333333,0.0,0.0,0.0,0.0,
2026-04-07,Connor Phillips,Cincinnati Reds,Miami Marlins,Sandy Alcantara,True,0,0.0,0.0,,,True,,,,,,,,,,,,
2026-04-07,Graham Ashcraft,Cincinnati Reds,Miami Marlins,Sandy Alcantara,True,0,0.0,0.0,,,True,,,,,,,,,,,,
2026-04-07,Tyler Stephenson,Cincinnati Reds,Miami Marlins,Sandy Alcantara,False,1,,,,,True,1.0,1.0,3.0,3.0,1.0,1.0,0.0,0.0,0.0,0.0,0.0,
2026-04-07,Eugenio Suárez,Cincinnati Reds,Miami Marlins,Sandy Alcantara,False,1,,,,,True,0.0,0.0,0.0,0.0,0.0,0.0,0.0,0.0,0.0,0.0,0.0,
2026-04-07,Sam Moll,Cincinnati Reds,Miami Marlins,Sandy Alcantara,True,0,0.0,0.0,,,True,,,,,,,,,,,,
2026-04-07,Brock Burke,Cincinnati Reds,Miami Marlins,Sandy Alcantara,True,1,0.3333333333333333,1.0,0.0,0.0,True,,,,,,,,,,,,27.0
2026-04-07,Andrew Abbott,Cincinnati Reds,Miami Marlins,Sandy Alcantara,True,0,0.0,0.0,,,True,,,,,,,,,,,,
2026-04-07,Emilio Pagán,Cincinnati Reds,Miami Marlins,Sandy Alcantara,True,1,1.0,0.0,0.0,0.0,True,,,,,,,,,,,,0.0
2026-04-07,Tony Santillan,Cincinnati Reds,Miami Marlins,Sandy Alcantara,True,1,1.0,1.0,0.0,1.0,True,,,,,,,,,,,,9.0
2026-04-07,Nathaniel Lowe,Cincinnati Reds,Miami Marlins,Sandy Alcantara,False,0,,,,,True,0.0,0.0,0.0,,,,,0.0,0.0,0.0,0.0,
2026-04-07,Brady Singer,Cincinnati Reds,Miami Marlins,Sandy Alcantara,True,0,0.0,0.0,,,True,,,,,,,,,,,,
2026-04-07,Jose Trevino,Cincinnati Reds,Miami Marlins,Sandy Alcantara,False,0,,,,,True,0.0,0.0,0.0,,,,,0.0,0.0,0.0,0.0,
2026-04-07,Rhett Lowder,Cincinnati Reds,Miami Marlins,Sandy Alcantara,True,0,0.0,0.0,,,True,,,,,,,,,,,,
2026-04-07,Jose Franco,Cincinnati Reds,Miami Marlins,Sandy Alcantara,True,0,0.0,0.0,,,True,,,,,,,,,,,,
2026-04-07,Chase Burns,Cincinnati Reds,Miami Marlins,Sandy Alcantara,True,0,0.0,0.0,,,True,,,,,,,,,,,,
2026-04-07,Brandon Williamson,Cincinnati Reds,Miami Marlins,Sandy Alcantara,True,1,6.666666666666667,4.0,0.0,0.6,True,,,,,,,,,,,,5.3999999999999995
2026-04-07,Paul Skenes,Pittsburgh Pirates,San Diego Padres,Nick Pivetta,True,0,0.0,0.0,,,True,,,,,,,,,,,,
2026-04-07,Spencer Horwitz,Pittsburgh Pirates,San Diego Padres,Nick Pivetta,False,1,,,,,True,2.0,0.0,2.0,2.0,2.0,0.0,0.0,0.0,0.0,0.0,0.0,
2026-04-07,Brandon Lowe,Pittsburgh Pirates,San Diego Padres,Nick Pivetta,False,1,,,,,True,1.0,0.0,1.0,1.0,1.0,0.0,0.0,0.0,0.0,0.0,0.0,
2026-04-07,Bryan Reynolds,Pittsburgh Pirates,San Diego Padres,Nick Pivetta,False,1,,,,,True,1.0,0.0,1.0,1.0,1.0,0.0,0.25,0.0,0.0,0.0,0.0,
2026-04-07,Oneil Cruz,Pittsburgh Pirates,San Diego Padres,Nick Pivetta,False,1,,,,,True,1.0,0.0,1.0,1.0,1.0,0.0,0.25,0.0,0.0,0.0,0.0,
2026-04-07,Gregory Soto,Pittsburgh Pirates,San Diego Padres,Nick Pivetta,True,1,1.0,1.0,0.0,1.0,True,,,,,,,,,,,,9.0
2026-04-07,Mason Montgomery,Pittsburgh Pirates,San Diego Padres,Nick Pivetta,True,0,0.0,0.0,,,True,,,,,,,,,,,,
2026-04-07,Jared Triolo,Pittsburgh Pirates,San Diego Padres,Nick Pivetta,False,0,,,,,True,0.0,0.0,0.0,,,,,0.0,0.0,0.0,0.0,
2026-04-07,Yohan Ramírez,Pittsburgh Pirates,San Diego Padres,Nick Pivetta,True,1,1.6666666666666667,0.0,5.3999999999999995,1.2,True,,,,,,,,,,,,0.0
2026-04-07,Isaac Mattson,Pittsburgh Pirates,San Diego Padres,Nick Pivetta,True,1,1.0,2.0,0.0,2.0,True,,,,,,,,,,,,18.0
2026-04-07,Dennis Santana,Pittsburgh Pirates,San Diego Padres,Nick Pivetta,True,0,0.0,0.0,,,True,,,,,,,,,,,,
2026-04-07,Henry Davis,Pittsburgh Pirates,San Diego Padres,Nick Pivetta,False,1,,,,,True,0.0,0.0,0.0,0.0,0.0,0.0,0.0,0.0,0.0,0.0,0.0,
2026-04-07,Justin Lawrence,Pittsburgh Pirates,San Diego Padres,Nick Pivetta,True,1,1.0,2.0,9.0,2.0,True,,,,,,,,,,,,18.0
2026-04-07,Ryan O'Hearn,Pittsburgh Pirates,San Diego Padres,Nick Pivetta,False,1,,,,,True,1.0,0.0,1.0,1.0,1.0,0.0,0.25,0.0,0.0,0.0,0.0,
2026-04-07,Nick Gonzales,Pittsburgh Pirates,San Diego Padres,Nick Pivetta,False,1,,,,,True,1.0,0.0,1.0,1.0,1.0,0.0,0.25,0.0,0.0,0.0,0.0,
2026-04-07,Marcell Ozuna,Pittsburgh Pirates,San Diego Padres,Nick Pivetta,False,1,,,,,True,0.0,0.0,0.0,0.0,0.0,0.0,0.0,0.0,0.0,0.0,0.0,
2026-04-07,Nick Yorke,Pittsburgh Pirates,San Diego Padres,Nick Pivetta,False,0,,,,,True,0.0,0.0,0.0,,,,,0.0,0.0,0.0,0.0,
2026-04-07,Joey Bart,Pittsburgh Pirates,San Diego Padres,Nick Pivetta,False,0,,,,,True,0.0,0.0,0.0,,,,,0.0,0.0,0.0,0.0,
2026-04-07,Jake Mangum,Pittsburgh Pirates,San Diego Padres,Nick Pivetta,False,1,,,,,True,0.0,0.0,0.0,0.0,0.0,0.0,0.0,0.0,0.0,0.0,0.0,
2026-04-07,Mitch Keller,Pittsburgh Pirates,San Diego Padres,Nick Pivetta,True,0,0.0,0.0,,,True,,,,,,,,,,,,
2026-04-07,Billy Cook,Pittsburgh Pirates,San Diego Padres,Nick Pivetta,False,0,,,,,True,0.0,0.0,0.0,,,,,0.0,0.0,0.0,0.0,
2026-04-07,Hunter Barco,Pittsburgh Pirates,San Diego Padres,Nick Pivetta,True,0,0.0,0.0,,,True,,,,,,,,,,,,
2026-04-07,Carmen Mlodzinski,Pittsburgh Pirates,San Diego Padres,Nick Pivetta,True,0,0.0,0.0,,,True,,,,,,,,,,,,
2026-04-07,José Urquidy,Pittsburgh Pirates,San Diego Padres,Nick Pivetta,True,0,0.0,0.0,,,True,,,,,,,,,,,,
2026-04-07,Braxton Ashcraft,Pittsburgh Pirates,San Diego Padres,Nick Pivetta,True,0,0.0,0.0,,,True,,,,,,,,,,,,
2026-04-07,Bubba Chandler,Pittsburgh Pirates,San Diego Padres,Nick Pivetta,True,1,4.333333333333333,4.0,6.230769230769231,2.076923076923077,True,,,,,,,,,,,,8.307692307692308
2026-04-07,Konnor Griffin,Pittsburgh Pirates,San Diego Padres,Nick Pivetta,False,1,,,,,True,0.0,0.0,0.0,0.0,0.0,0.0,0.5,0.0,0.0,0.0,0.0,
2026-04-07,Freddy Fermin,San Diego Padres,Pittsburgh Pirates,Paul Skenes,False,1,,,,,True,2.0,0.0,4.0,4.0,2.0,0.0,0.5,0.0,0.0,0.0,0.0,
2026-04-07,David Morgan,San Diego Padres,Pittsburgh Pirates,Paul Skenes,True,1,2.0,1.0,0.0,1.5,True,,,,,,,,,,,,4.5
2026-04-07,Wandy Peralta,San Diego Padres,Pittsburgh Pirates,Paul Skenes,True,0,0.0,0.0,,,True,,,,,,,,,,,,
2026-04-07,Nick Castellanos,San Diego Padres,Pittsburgh Pirates,Paul Skenes,False,1,,,,,True,2.0,0.0,3.0,3.0,2.0,0.0,0.0,0.0,0.0,0.0,0.0,
2026-04-07,Jackson Merrill,San Diego Padres,Pittsburgh Pirates,Paul Skenes,False,1,,,,,True,1.0,0.0,2.0,2.0,1.0,0.0,0.2,0.0,0.0,0.0,0.0,
2026-04-07,Bradgley Rodriguez,San Diego Padres,Pittsburgh Pirates,Paul Skenes,True,0,0.0,0.0,,,True,,,,,,,,,,,,
2026-04-07,Gavin Sheets,San Diego Padres,Pittsburgh Pirates,Paul Skenes,False,1,,,,,True,0.0,0.0,0.0,0.0,0.0,0.0,0.2,0.0,0.0,0.0,0.0,
2026-04-07,Ramón Laureano,San Diego Padres,Pittsburgh Pirates,Paul Skenes,False,1,,,,,True,1.0,0.0,3.0,3.0,1.0,0.0,0.2,0.0,0.0,0.0,0.0,
2026-04-07,Manny Machado,San Diego Padres,Pittsburgh Pirates,Paul Skenes,False,1,,,,,True,1.0,0.0,3.0,3.0,1.0,0.0,0.4,0.0,0.0,0.0,0.0,
2026-04-07,Nick Pivetta,San Diego Padres,Pittsburgh Pirates,Paul Skenes,True,0,0.0,0.0,,,True,,,,,,,,,,,,
2026-04-07,Miguel Andujar,San Diego Padres,Pittsburgh Pirates,Paul Skenes,False,0,,,,,True,0.0,0.0,0.0,,,,,0.0,0.0,0.0,0.0,
2026-04-07,Fernando Tatis Jr.,San Diego Padres,Pittsburgh Pirates,Paul Skenes,False,1,,,,,True,0.0,0.0,1.0,1.0,0.0,0.0,0.2,0.0,0.0,0.0,0.0,
2026-04-07,Xander Bogaerts,San Diego Padres,Pittsburgh Pirates,Paul Skenes,False,1,,,,,True,2.0,0.0,2.0,2.0,2.0,0.0,0.0,0.0,0.0,0.0,0.0,
2026-04-07,Ron Marinaccio,San Diego Padres,Pittsburgh Pirates,Paul Skenes,True,1,2.0,1.0,0.0,1.0,True,,,,,,,,,,,,4.5
2026-04-07,Jake Cronenworth,San Diego Padres,Pittsburgh Pirates,Paul Skenes,False,1,,,,,True,2.0,0.0,3.0,3.0,2.0,0.0,0.25,0.0,0.0,0.0,0.0,
2026-04-07,Luis Campusano,San Diego Padres,Pittsburgh Pirates,Paul Skenes,False,0,,,,,True,0.0,0.0,0.0,,,,,0.0,0.0,0.0,0.0,
2026-04-07,Michael King,San Diego Padres,Pittsburgh Pirates,Paul Skenes,True,0,0.0,0.0,,,True,,,,,,,,,,,,
2026-04-07,Jeremiah Estrada,San Diego Padres,Pittsburgh Pirates,Paul Skenes,True,0,0.0,0.0,,,True,,,,,,,,,,,,
2026-04-07,Adrian Morejon,San Diego Padres,Pittsburgh Pirates,Paul Skenes,True,0,0.0,0.0,,,True,,,,,,,,,,,,
2026-04-07,Ty France,San Diego Padres,Pittsburgh Pirates,Paul Skenes,False,0,,,,,True,0.0,0.0,0.0,,,,,0.0,0.0,0.0,0.0,
2026-04-07,Mason Miller,San Diego Padres,Pittsburgh Pirates,Paul Skenes,True,0,0.0,0.0,,,True,,,,,,,,,,,,
2026-04-07,Bryce Johnson,San Diego Padres,Pittsburgh Pirates,Paul Skenes,False,0,,,,,True,0.0,0.0,0.0,,,,,0.0,0.0,0.0,0.0,
2026-04-07,Kyle Hart,San Diego Padres,Pittsburgh Pirates,Paul Skenes,True,0,0.0,0.0,,,True,,,,,,,,,,,,
2026-04-07,Randy Vásquez,San Diego Padres,Pittsburgh Pirates,Paul Skenes,True,0,0.0,0.0,,,True,,,,,,,,,,,,
2026-04-07,Walker Buehler,San Diego Padres,Pittsburgh Pirates,Paul Skenes,True,0,0.0,0.0,,,True,,,,,,,,,,,,
2026-04-07,Germán Márquez,San Diego Padres,Pittsburgh Pirates,Paul Skenes,True,1,5.0,4.0,0.0,1.4,True,,,,,,,,,,,,7.2
2026-04-07,Roman Anthony,Boston Red Sox,Milwaukee Brewers,Jacob Misiorowski,False,1,,,,,True,2.0,0.0,4.0,4.0,2.0,0.0,0.0,0.0,0.0,0.0,0.0,
2026-04-07,Willson Contreras,Boston Red Sox,Milwaukee Brewers,Jacob Misiorowski,False,1,,,,,True,3.0,1.0,6.0,6.0,3.0,1.0,0.0,0.0,0.0,0.0,0.0,
2026-04-07,Trevor Story,Boston Red Sox,Milwaukee Brewers,Jacob Misiorowski,False,1,,,,,True,1.0,0.0,3.0,3.0,1.0,0.0,0.0,0.0,0.0,0.0,0.0,
2026-04-07,Wilyer Abreu,Boston Red Sox,Milwaukee Brewers,Jacob Misiorowski,False,1,,,,,True,1.0,0.0,2.0,2.0,1.0,0.0,0.4,0.0,0.0,0.0,0.0,
2026-04-07,Garrett Whitlock,Boston Red Sox,Milwaukee Brewers,Jacob Misiorowski,True,1,1.0,2.0,9.0,3.0,True,,,,,,,,,,,,18.0
2026-04-07,Isiah Kiner-Falefa,Boston Red Sox,Milwaukee Brewers,Jacob Misiorowski,False,0,,,,,True,0.0,0.0,0.0,,,,,0.0,0.0,0.0,0.0,
2026-04-07,Garrett Crochet,Boston Red Sox,Milwaukee Brewers,Jacob Misiorowski,True,0,0.0,0.0,,,True,,,,,,,,,,,,
2026-04-07,Justin Slaten,Boston Red Sox,Milwaukee Brewers,Jacob Misiorowski,True,0,0.0,0.0,,,True,,,,,,,,,,,,
2026-04-07,Caleb Durbin,Boston Red Sox,Milwaukee Brewers,Jacob Misiorowski,False,1,,,,,True,2.0,0.0,3.0,3.0,2.0,0.0,0.0,0.0,0.0,0.0,0.0,
2026-04-07,Carlos Narváez,Boston Red Sox,Milwaukee Brewers,Jacob Misiorowski,False,1,,,,,True,0.0,0.0,0.0,0.0,0.0,0.0,0.25,0.0,0.0,0.0,0.0,
2026-04-07,Jarren Duran,Boston Red Sox,Milwaukee Brewers,Jacob Misiorowski,False,0,,,,,True,0.0,0.0,0.0,,,,,0.0,0.0,0.0,0.0,
2026-04-07,Ceddanne Rafaela,Boston Red Sox,Milwaukee Brewers,Jacob Misiorowski,False,1,,,,,True,0.0,0.0,1.0,1.0,0.0,0.0,0.25,0.0,0.0,0.0,0.0,
2026-04-07,Marcelo Mayer,Boston Red Sox,Milwaukee Brewers,Jacob Misiorowski,False,1,,,,,True,0.0,0.0,0.0,0.0,0.0,0.0,0.0,0.0,0.0,0.0,0.0,
2026-04-07,Aroldis Chapman,Boston Red Sox,Milwaukee Brewers,Jacob Misiorowski,True,0,0.0,0.0,,,True,,,,,,,,,,,,
2026-04-07,Greg Weissert,Boston Red Sox,Milwaukee Brewers,Jacob Misiorowski,True,0,0.0,0.0,,,True,,,,,,,,,,,,
2026-04-07,Connor Wong,Boston Red Sox,Milwaukee Brewers,Jacob Misiorowski,False,0,,,,,True,0.0,0.0,0.0,,,,,0.0,0.0,0.0,0.0,
2026-04-07,Sonny Gray,Boston Red Sox,Milwaukee Brewers,Jacob Misiorowski,True,0,0.0,0.0,,,True,,,,,,,,,,,,
2026-04-07,Masataka Yoshida,Boston Red Sox,Milwaukee Brewers,Jacob Misiorowski,False,1,,,,,True,1.0,0.0,2.0,2.0,1.0,0.0,0.0,0.0,0.0,0.0,0.0,
2026-04-07,Danny Coulombe,Boston Red Sox,Milwaukee Brewers,Jacob Misiorowski,True,1,0.6666666666666666,0.0,0.0,4.5,True,,,,,,,,,,,,0.0
2026-04-07,Ryan Watson,Boston Red Sox,Milwaukee Brewers,Jacob Misiorowski,True,1,1.0,0.0,9.0,2.0,True,,,,,,,,,,,,0.0
2026-04-07,Connelly Early,Boston Red Sox,Milwaukee Brewers,Jacob Misiorowski,True,0,0.0,0.0,,,True,,,,,,,,,,,,
2026-04-07,Andruw Monasterio,Boston Red Sox,Milwaukee Brewers,Jacob Misiorowski,False,1,,,,,True,0.0,0.0,0.0,0.0,0.0,0.0,0.0,0.0,0.0,0.0,0.0,
2026-04-07,Jovani Morán,Boston Red Sox,Milwaukee Brewers,Jacob Misiorowski,True,1,3.0,4.0,3.0,0.6666666666666666,True,,,,,,,,,,,,12.0
2026-04-07,Johan Oviedo,Boston Red Sox,Milwaukee Brewers,Jacob Misiorowski,True,0,0.0,0.0,,,True,,,,,,,,,,,,
2026-04-07,Ranger Suarez,Boston Red Sox,Milwaukee Brewers,Jacob Misiorowski,True,0,0.0,0.0,,,True,,,,,,,,,,,,
2026-04-07,Brayan Bello,Boston Red Sox,Milwaukee Brewers,Jacob Misiorowski,True,1,3.3333333333333335,5.0,8.1,2.6999999999999997,True,,,,,,,,,,,,13.5
2026-04-07,Zack Kelly,Boston Red Sox,Milwaukee Brewers,Jacob Misiorowski,True,0,0.0,0.0,,,True,,,,,,,,,,,,
2026-04-07,Tyler Uberstine,Boston Red Sox,Milwaukee Brewers,Jacob Misiorowski,True,0,0.0,0.0,,,True,,,,,,,,,,,,
2026-04-07,Luis Rengifo,Milwaukee Brewers,Boston Red Sox,Garrett Crochet,False,1,,,,,True,1.0,0.0,2.0,2.0,1.0,0.0,0.4,0.0,0.0,0.0,0.0,
2026-04-07,Joey Ortiz,Milwaukee Brewers,Boston Red Sox,Garrett Crochet,False,0,,,,,True,0.0,0.0,0.0,,,,,0.0,0.0,0.0,0.0,
2026-04-07,Christian Yelich,Milwaukee Brewers,Boston Red Sox,Garrett Crochet,False,1,,,,,True,3.0,0.0,5.0,5.0,3.0,0.0,0.2,0.0,0.0,0.0,0.0,
2026-04-07,Jake Bauers,Milwaukee Brewers,Boston Red Sox,Garrett Crochet,False,1,,,,,True,0.0,0.0,1.0,1.0,0.0,0.0,0.2,0.0,0.0,0.0,0.0,
2026-04-07,Sal Frelick,Milwaukee Brewers,Boston Red Sox,Garrett Crochet,False,1,,,,,True,2.0,0.0,4.0,4.0,2.0,0.0,0.2,0.0,0.0,0.0,0.0,
2026-04-07,Grant Anderson,Milwaukee Brewers,Boston Red Sox,Garrett Crochet,True,1,1.0,0.0,0.0,0.0,True,,,,,,,,,,,,0.0
2026-04-07,Andrew Vaughn,Milwaukee Brewers,Boston Red Sox,Garrett Crochet,False,0,,,,,True,0.0,0.0,0.0,,,,,0.0,0.0,0.0,0.0,
2026-04-07,Brandon Lockridge,Milwaukee Brewers,Boston Red Sox,Garrett Crochet,False,0,,,,,True,0.0,0.0,0.0,,,,,0.0,0.0,0.0,0.0,
2026-04-07,Aaron Ashby,Milwaukee Brewers,Boston Red Sox,Garrett Crochet,True,1,1.3333333333333333,0.0,0.0,1.5,True,,,,,,,,,,,,0.0
2026-04-07,Garrett Mitchell,Milwaukee Brewers,Boston Red Sox,Garrett Crochet,False,1,,,,,True,2.0,0.0,4.0,4.0,2.0,0.0,0.6,0.0,0.0,0.0,0.0,
2026-04-07,David Hamilton,Milwaukee Brewers,Boston Red Sox,Garrett Crochet,False,1,,,,,True,1.0,0.0,3.0,3.0,1.0,0.0,0.0,0.0,0.0,0.0,0.0,
2026-04-07,Blake Perkins,Milwaukee Brewers,Boston Red Sox,Garrett Crochet,False,1,,,,,True,1.0,0.0,1.0,1.0,1.0,0.0,0.4,0.0,0.0,0.0,0.0,
2026-04-07,Jake Woodford,Milwaukee Brewers,Boston Red Sox,Garrett Crochet,True,0,0.0,0.0,,,True,,,,,,,,,,,,
2026-04-07,William Contreras,Milwaukee Brewers,Boston Red Sox,Garrett Crochet,False,1,,,,,True,1.0,0.0,3.0,3.0,1.0,0.0,0.2,0.0,0.0,0.0,0.0,
2026-04-07,Brice Turang,Milwaukee Brewers,Boston Red Sox,Garrett Crochet,False,1,,,,,True,0.0,0.0,3.0,3.0,0.0,0.0,0.0,0.0,0.0,0.0,0.0,
2026-04-07,Jacob Misiorowski,Milwaukee Brewers,Boston Red Sox,Garrett Crochet,True,0,0.0,0.0,,,True,,,,,,,,,,,,
2026-04-07,DL Hall,Milwaukee Brewers,Boston Red Sox,Garrett Crochet,True,0,0.0,0.0,,,True,,,,,,,,,,,,
2026-04-07,Chad Patrick,Milwaukee Brewers,Boston Red Sox,Garrett Crochet,True,0,0.0,0.0,,,True,,,,,,,,,,,,
2026-04-07,Abner Uribe,Milwaukee Brewers,Boston Red Sox,Garrett Crochet,True,0,0.0,0.0,,,True,,,,,,,,,,,,
2026-04-07,Angel Zerpa,Milwaukee Brewers,Boston Red Sox,Garrett Crochet,True,1,1.0,0.0,9.0,2.0,True,,,,,,,,,,,,0.0
2026-04-07,Brandon Sproat,Milwaukee Brewers,Boston Red Sox,Garrett Crochet,True,0,0.0,0.0,,,True,,,,,,,,,,,,
2026-04-07,Gary Sánchez,Milwaukee Brewers,Boston Red Sox,Garrett Crochet,False,0,,,,,True,0.0,0.0,0.0,,,,,0.0,0.0,0.0,0.0,
2026-04-07,Jared Koenig,Milwaukee Brewers,Boston Red Sox,Garrett Crochet,True,0,0.0,0.0,,,True,,,,,,,,,,,,
2026-04-07,Jeferson Quero,Milwaukee Brewers,Boston Red Sox,Garrett Crochet,False,0,,,,,True,0.0,0.0,0.0,,,,,0.0,0.0,0.0,0.0,
2026-04-07,Trevor Megill,Milwaukee Brewers,Boston Red Sox,Garrett Crochet,True,0,0.0,0.0,,,True,,,,,,,,,,,,
2026-04-07,Kyle Harrison,Milwaukee Brewers,Boston Red Sox,Garrett Crochet,True,0,0.0,0.0,,,True,,,,,,,,,,,,
2026-04-07,Brandon Woodruff,Milwaukee Brewers,Boston Red Sox,Garrett Crochet,True,1,5.666666666666667,4.0,4.764705882352941,1.588235294117647,True,,,,,,,,,,,,6.352941176470588
2026-04-07,Logan Henderson,Milwaukee Brewers,Boston Red Sox,Garrett Crochet,True,0,0.0,0.0,,,True,,,,,,,,,,,,
2026-04-07,Luis Matos,Milwaukee Brewers,Boston Red Sox,Garrett Crochet,False,0,,,,,True,0.0,0.0,0.0,,,,,0.0,0.0,0.0,0.0,
2026-04-07,Brady House,Washington Nationals,St. Louis Cardinals,Matthew Liberatore,False,1,,,,,True,3.0,1.0,6.0,6.0,3.0,1.0,0.0,0.0,0.0,0.0,0.0,
2026-04-07,CJ Abrams,Washington Nationals,St. Louis Cardinals,Matthew Liberatore,False,1,,,,,True,1.0,1.0,3.0,3.0,1.0,1.0,0.0,0.0,0.0,0.0,0.0,
2026-04-07,Nasim Nuñez,Washington Nationals,St. Louis Cardinals,Matthew Liberatore,False,1,,,,,True,1.0,0.0,2.0,2.0,1.0,0.0,0.2,0.0,0.0,0.0,0.0,
2026-04-07,Andrés Chaparro,Washington Nationals,St. Louis Cardinals,Matthew Liberatore,False,0,,,,,True,0.0,0.0,0.0,,,,,0.0,0.0,0.0,0.0,
2026-04-07,Joey Wiemer,Washington Nationals,St. Louis Cardinals,Matthew Liberatore,False,1,,,,,True,0.0,0.0,1.0,1.0,0.0,0.0,,0.0,0.0,0.0,0.0,
2026-04-07,PJ Poulin,Washington Nationals,St. Louis Cardinals,Matthew Liberatore,True,0,0.0,0.0,,,True,,,,,,,,,,,,
2026-04-07,Clayton Beeter,Washington Nationals,St. Louis Cardinals,Matthew Liberatore,True,0,0.0,0.0,,,True,,,,,,,,,,,,
2026-04-07,Brad Lord,Washington Nationals,St. Louis Cardinals,Matthew Liberatore,True,0,0.0,0.0,,,True,,,,,,,,,,,,
2026-04-07,Daylen Lile,Washington Nationals,St. Louis Cardinals,Matthew Liberatore,False,1,,,,,True,1.0,0.0,2.0,2.0,1.0,0.0,0.4,0.0,0.0,0.0,0.0,
2026-04-07,Cionel Pérez,Washington Nationals,St. Louis Cardinals,Matthew Liberatore,True,1,1.0,0.0,0.0,1.0,True,,,,,,,,,,,,0.0
2026-04-07,James Wood,Washington Nationals,St. Louis Cardinals,Matthew Liberatore,False,1,,,,,True,2.0,1.0,7.0,7.0,2.0,1.0,0.0,0.0,0.0,0.0,0.0,
2026-04-07,Cade Cavalli,Washington Nationals,St. Louis Cardinals,Matthew Liberatore,True,0,0.0,0.0,,,True,,,,,,,,,,,,
2026-04-07,Jacob Young,Washington Nationals,St. Louis Cardinals,Matthew Liberatore,False,1,,,,,True,1.0,0.0,2.0,2.0,1.0,0.0,0.3333333333333333,0.0,0.0,0.0,0.0,
2026-04-07,Keibert Ruiz,Washington Nationals,St. Louis Cardinals,Matthew Liberatore,False,0,,,,,True,0.0,0.0,0.0,,,,,0.0,0.0,0.0,0.0,
2026-04-07,Luis García Jr.,Washington Nationals,St. Louis Cardinals,Matthew Liberatore,False,1,,,,,True,0.0,0.0,1.0,1.0,0.0,0.0,0.0,0.0,0.0,0.0,0.0,
2026-04-07,Andre Granillo,Washington Nationals,St. Louis Cardinals,Matthew Liberatore,True,1,0.6666666666666666,0.0,27.0,6.0,True,,,,,,,,,,,,0.0
2026-04-07,Drew Millas,Washington Nationals,St. Louis Cardinals,Matthew Liberatore,False,1,,,,,True,1.0,0.0,2.0,2.0,1.0,0.0,0.0,0.0,0.0,0.0,0.0,
2026-04-07,Miles Mikolas,Washington Nationals,St. Louis Cardinals,Matthew Liberatore,True,0,0.0,0.0,,,True,,,,,,,,,,,,
2026-04-07,Jorbit Vivas,Washington Nationals,St. Louis Cardinals,Matthew Liberatore,False,1,,,,,True,1.0,0.0,1.0,1.0,1.0,0.0,0.0,0.0,0.0,0.0,0.0,
2026-04-07,Ken Waldichuk,Washington Nationals,St. Louis Cardinals,Matthew Liberatore,True,1,2.3333333333333335,2.0,11.571428571428571,1.7142857142857142,True,,,,,,,,,,,,7.7142857142857135
2026-04-07,Cole Henry,Washington Nationals,St. Louis Cardinals,Matthew Liberatore,True,0,0.0,0.0,,,True,,,,,,,,,,,,
2026-04-07,José Tena,Washington Nationals,St. Louis Cardinals,Matthew Liberatore,False,1,,,,,True,0.0,0.0,1.0,1.0,0.0,0.0,0.0,0.0,0.0,0.0,0.0,
2026-04-07,Jake Irvin,Washington Nationals,St. Louis Cardinals,Matthew Liberatore,True,0,0.0,0.0,,,True,,,,,,,,,,,,
2026-04-07,Gus Varland,Washington Nationals,St. Louis Cardinals,Matthew Liberatore,True,0,0.0,0.0,,,True,,,,,,,,,,,,
2026-04-07,Foster Griffin,Washington Nationals,St. Louis Cardinals,Matthew Liberatore,True,0,0.0,0.0,,,True,,,,,,,,,,,,
2026-04-07,Curtis Mead,Washington Nationals,St. Louis Cardinals,Matthew Liberatore,False,1,,,,,True,1.0,0.0,2.0,2.0,1.0,0.0,0.0,0.0,0.0,0.0,0.0,
2026-04-07,Zack Littell,Washington Nationals,St. Louis Cardinals,Matthew Liberatore,True,1,5.0,6.0,1.8,1.4,True,,,,,,,,,,,,10.8
2026-04-07,Nolan Gorman,St. Louis Cardinals,Washington Nationals,Cade Cavalli,False,1,,,,,True,0.0,0.0,1.0,1.0,0.0,0.0,0.4,0.0,0.0,0.0,0.0,
2026-04-07,Matt Svanson,St. Louis Cardinals,Washington Nationals,Cade Cavalli,True,1,0.6666666666666666,1.0,40.5,4.5,True,,,,,,,,,,,,13.5
2026-04-07,Jordan Walker,St. Louis Cardinals,Washington Nationals,Cade Cavalli,False,1,,,,,True,2.0,1.0,4.0,4.0,2.0,1.0,0.4,0.0,0.0,0.0,0.0,
2026-04-07,Nathan Church,St. Louis Cardinals,Washington Nationals,Cade Cavalli,False,1,,,,,True,0.0,0.0,0.0,0.0,0.0,0.0,,0.0,0.0,0.0,0.0,
2026-04-07,Victor Scott II,St. Louis Cardinals,Washington Nationals,Cade Cavalli,False,1,,,,,True,0.0,0.0,1.0,1.0,0.0,0.0,0.0,0.0,0.0,0.0,0.0,
2026-04-07,Chris Roycroft,St. Louis Cardinals,Washington Nationals,Cade Cavalli,True,0,0.0,0.0,,,True,,,,,,,,,,,,
2026-04-07,JoJo Romero,St. Louis Cardinals,Washington Nationals,Cade Cavalli,True,1,1.0,0.0,0.0,3.0,True,,,,,,,,,,,,0.0
2026-04-07,JJ Wetherholt,St. Louis Cardinals,Washington Nationals,Cade Cavalli,False,1,,,,,True,1.0,0.0,1.0,1.0,1.0,0.0,0.2,0.0,0.0,0.0,0.0,
2026-04-07,Justin Bruihl,St. Louis Cardinals,Washington Nationals,Cade Cavalli,True,1,0.6666666666666666,0.0,13.5,4.5,True,,,,,,,,,,,,0.0
2026-04-07,Alec Burleson,St. Louis Cardinals,Washington Nationals,Cade Cavalli,False,1,,,,,True,0.0,0.0,1.0,1.0,0.0,0.0,0.2,0.0,0.0,0.0,0.0,
2026-04-07,Riley O'Brien,St. Louis Cardinals,Washington Nationals,Cade Cavalli,True,0,0.0,0.0,,,True,,,,,,,,,,,,
2026-04-07,Matthew Liberatore,St. Louis Cardinals,Washington Nationals,Cade Cavalli,True,0,0.0,0.0,,,True,,,,,,,,,,,,
2026-04-07,Pedro Pagés,St. Louis Cardinals,Washington Nationals,Cade Cavalli,False,0,,,,,True,0.0,0.0,0.0,,,,,0.0,0.0,0.0,0.0,
2026-04-07,Ramón Urías,St. Louis Cardinals,Washington Nationals,Cade Cavalli,False,1,,,,,True,3.0,1.0,8.0,8.0,3.0,1.0,0.0,0.0,0.0,0.0,0.0,
2026-04-07,Ryne Stanek,St. Louis Cardinals,Washington Nationals,Cade Cavalli,True,1,0.6666666666666666,1.0,40.5,4.5,True,,,,,,,,,,,,13.5
2026-04-07,Masyn Winn,St. Louis Cardinals,Washington Nationals,Cade Cavalli,False,1,,,,,True,1.0,0.0,2.0,2.0,1.0,0.0,0.2,0.0,0.0,0.0,0.0,
2026-04-07,Iván Herrera,St. Louis Cardinals,Washington Nationals,Cade Cavalli,False,1,,,,,True,0.0,0.0,0.0,0.0,0.0,0.0,0.2,0.0,0.0,0.0,0.0,
2026-04-07,Michael McGreevy,St. Louis Cardinals,Washington Nationals,Cade Cavalli,True,0,0.0,0.0,,,True,,,,,,,,,,,,
2026-04-07,José Fermín,St. Louis Cardinals,Washington Nationals,Cade Cavalli,False,0,,,,,True,0.0,0.0,0.0,,,,,0.0,0.0,0.0,0.0,
2026-04-07,Matt Pushard,St. Louis Cardinals,Washington Nationals,Cade Cavalli,True,0,0.0,0.0,,,True,,,,,,,,,,,,
2026-04-07,Thomas Saggese,St. Louis Cardinals,Washington Nationals,Cade Cavalli,False,1,,,,,True,2.0,0.0,3.0,3.0,2.0,0.0,0.0,0.0,0.0,0.0,0.0,
2026-04-07,George Soriano,St. Louis Cardinals,Washington Nationals,Cade Cavalli,True,0,0.0,0.0,,,True,,,,,,,,,,,,
2026-04-07,Dustin May,St. Louis Cardinals,Washington Nationals,Cade Cavalli,True,0,0.0,0.0,,,True,,,,,,,,,,,,
2026-04-07,Kyle Leahy,St. Louis Cardinals,Washington Nationals,Cade Cavalli,True,0,0.0,0.0,,,True,,,,,,,,,,,,
2026-04-07,Gordon Graceffo,St. Louis Cardinals,Washington Nationals,Cade Cavalli,True,0,0.0,0.0,,,True,,,,,,,,,,,,
2026-04-07,Andre Pallante,St. Louis Cardinals,Washington Nationals,Cade Cavalli,True,1,5.0,2.0,3.6,1.4,True,,,,,,,,,,,,3.6
2026-04-07,Yohel Pozo,St. Louis Cardinals,Washington Nationals,Cade Cavalli,False,0,,,,,True,0.0,0.0,0.0,,,,,0.0,0.0,0.0,0.0,
2026-04-07,José Caballero,New York Yankees,Athletics,Aaron Civale,False,0,,,,,True,0.0,0.0,0.0,,,,,0.0,0.0,0.0,0.0,
2026-04-07,Aaron Judge,New York Yankees,Athletics,Aaron Civale,False,0,,,,,True,0.0,0.0,0.0,,,,,0.0,0.0,0.0,0.0,
2026-04-07,Ryan McMahon,New York Yankees,Athletics,Aaron Civale,False,0,,,,,True,0.0,0.0,0.0,,,,,0.0,0.0,0.0,0.0,
2026-04-07,Austin Wells,New York Yankees,Athletics,Aaron Civale,False,0,,,,,True,0.0,0.0,0.0,,,,,0.0,0.0,0.0,0.0,
2026-04-07,Ben Rice,New York Yankees,Athletics,Aaron Civale,False,0,,,,,True,0.0,0.0,0.0,,,,,0.0,0.0,0.0,0.0,
2026-04-07,Brent Headrick,New York Yankees,Athletics,Aaron Civale,True,0,0.0,0.0,,,True,,,,,,,,,,,,
2026-04-07,Cody Bellinger,New York Yankees,Athletics,Aaron Civale,False,0,,,,,True,0.0,0.0,0.0,,,,,0.0,0.0,0.0,0.0,
2026-04-07,Giancarlo Stanton,New York Yankees,Athletics,Aaron Civale,False,0,,,,,True,0.0,0.0,0.0,,,,,0.0,0.0,0.0,0.0,
2026-04-07,Jazz Chisholm Jr.,New York Yankees,Athletics,Aaron Civale,False,0,,,,,True,0.0,0.0,0.0,,,,,0.0,0.0,0.0,0.0,
2026-04-07,Max Fried,New York Yankees,Athletics,Aaron Civale,True,0,0.0,0.0,,,True,,,,,,,,,,,,
2026-04-07,Jake Bird,New York Yankees,Athletics,Aaron Civale,True,0,0.0,0.0,,,True,,,,,,,,,,,,
2026-04-07,Camilo Doval,New York Yankees,Athletics,Aaron Civale,True,0,0.0,0.0,,,True,,,,,,,,,,,,
2026-04-07,Trent Grisham,New York Yankees,Athletics,Aaron Civale,False,0,,,,,True,0.0,0.0,0.0,,,,,0.0,0.0,0.0,0.0,
2026-04-07,Randal Grichuk,New York Yankees,Athletics,Aaron Civale,False,0,,,,,True,0.0,0.0,0.0,,,,,0.0,0.0,0.0,0.0,
2026-04-07,Amed Rosario,New York Yankees,Athletics,Aaron Civale,False,0,,,,,True,0.0,0.0,0.0,,,,,0.0,0.0,0.0,0.0,
2026-04-07,Tim Hill,New York Yankees,Athletics,Aaron Civale,True,0,0.0,0.0,,,True,,,,,,,,,,,,
2026-04-07,Paul Goldschmidt,New York Yankees,Athletics,Aaron Civale,False,0,,,,,True,0.0,0.0,0.0,,,,,0.0,0.0,0.0,0.0,
2026-04-07,Fernando Cruz,New York Yankees,Athletics,Aaron Civale,True,0,0.0,0.0,,,True,,,,,,,,,,,,
2026-04-07,David Bednar,New York Yankees,Athletics,Aaron Civale,True,0,0.0,0.0,,,True,,,,,,,,,,,,
2026-04-07,Cam Schlittler,New York Yankees,Athletics,Aaron Civale,True,0,0.0,0.0,,,True,,,,,,,,,,,,
2026-04-07,Will Warren,New York Yankees,Athletics,Aaron Civale,True,0,0.0,0.0,,,True,,,,,,,,,,,,
2026-04-07,Paul Blackburn,New York Yankees,Athletics,Aaron Civale,True,0,0.0,0.0,,,True,,,,,,,,,,,,
2026-04-07,Ryan Weathers,New York Yankees,Athletics,Aaron Civale,True,0,0.0,0.0,,,True,,,,,,,,,,,,
2026-04-07,J.C. Escarra,New York Yankees,Athletics,Aaron Civale,False,0,,,,,True,0.0,0.0,0.0,,,,,0.0,0.0,0.0,0.0,
2026-04-07,Ryan Yarbrough,New York Yankees,Athletics,Aaron Civale,True,0,0.0,0.0,,,True,,,,,,,,,,,,
2026-04-07,Lawrence Butler,Athletics,New York Yankees,Cam Schlittler,False,0,,,,,True,0.0,0.0,0.0,,,,,0.0,0.0,0.0,0.0,
2026-04-07,Luis Severino,Athletics,New York Yankees,Cam Schlittler,True,0,0.0,0.0,,,True,,,,,,,,,,,,
2026-04-07,Brent Rooker,Athletics,New York Yankees,Cam Schlittler,False,0,,,,,True,0.0,0.0,0.0,,,,,0.0,0.0,0.0,0.0,
2026-04-07,Jeff McNeil,Athletics,New York Yankees,Cam Schlittler,False,0,,,,,True,0.0,0.0,0.0,,,,,0.0,0.0,0.0,0.0,
2026-04-07,Justin Sterner,Athletics,New York Yankees,Cam Schlittler,True,0,0.0,0.0,,,True,,,,,,,,,,,,
2026-04-07,Scott Barlow,Athletics,New York Yankees,Cam Schlittler,True,0,0.0,0.0,,,True,,,,,,,,,,,,
2026-04-07,Carlos Cortes,Athletics,New York Yankees,Cam Schlittler,False,0,,,,,True,0.0,0.0,0.0,,,,,0.0,0.0,0.0,0.0,
2026-04-07,Max Muncy,Athletics,New York Yankees,Cam Schlittler,False,0,,,,,True,0.0,0.0,0.0,,,,,0.0,0.0,0.0,0.0,
2026-04-07,Denzel Clarke,Athletics,New York Yankees,Cam Schlittler,False,0,,,,,True,0.0,0.0,0.0,,,,,0.0,0.0,0.0,0.0,
2026-04-07,Tyler Soderstrom,Athletics,New York Yankees,Cam Schlittler,False,0,,,,,True,0.0,0.0,0.0,,,,,0.0,0.0,0.0,0.0,
2026-04-07,Nick Kurtz,Athletics,New York Yankees,Cam Schlittler,False,0,,,,,True,0.0,0.0,0.0,,,,,0.0,0.0,0.0,0.0,
2026-04-07,Hogan Harris,Athletics,New York Yankees,Cam Schlittler,True,0,0.0,0.0,,,True,,,,,,,,,,,,
2026-04-07,Shea Langeliers,Athletics,New York Yankees,Cam Schlittler,False,0,,,,,True,0.0,0.0,0.0,,,,,0.0,0.0,0.0,0.0,
2026-04-07,Jacob Wilson,Athletics,New York Yankees,Cam Schlittler,False,0,,,,,True,0.0,0.0,0.0,,,,,0.0,0.0,0.0,0.0,
2026-04-07,Michael Kelly,Athletics,New York Yankees,Cam Schlittler,True,0,0.0,0.0,,,True,,,,,,,,,,,,
2026-04-07,Elvis Alvarado,Athletics,New York Yankees,Cam Schlittler,True,0,0.0,0.0,,,True,,,,,,,,,,,,
2026-04-07,Darell Hernaiz,Athletics,New York Yankees,Cam Schlittler,False,0,,,,,True,0.0,0.0,0.0,,,,,0.0,0.0,0.0,0.0,
2026-04-07,Luis Medina,Athletics,New York Yankees,Cam Schlittler,True,0,0.0,0.0,,,True,,,,,,,,,,,,
2026-04-07,Mark Leiter Jr.,Athletics,New York Yankees,Cam Schlittler,True,0,0.0,0.0,,,True,,,,,,,,,,,,
2026-04-07,Andy Ibáñez,Athletics,New York Yankees,Cam Schlittler,False,0,,,,,True,0.0,0.0,0.0,,,,,0.0,0.0,0.0,0.0,
2026-04-07,Jeffrey Springs,Athletics,New York Yankees,Cam Schlittler,True,0,0.0,0.0,,,True,,,,,,,,,,,,
2026-04-07,J.T. Ginn,Athletics,New York Yankees,Cam Schlittler,True,0,0.0,0.0,,,True,,,,,,,,,,,,
2026-04-07,Austin Wynns,Athletics,New York Yankees,Cam Schlittler,False,0,,,,,True,0.0,0.0,0.0,,,,,0.0,0.0,0.0,0.0,
2026-04-07,Luis Morales,Athletics,New York Yankees,Cam Schlittler,True,0,0.0,0.0,,,True,,,,,,,,,,,,
2026-04-07,Jacob Lopez,Athletics,New York Yankees,Cam Schlittler,True,0,0.0,0.0,,,True,,,,,,,,,,,,
2026-04-07,Aaron Civale,Athletics,New York Yankees,Cam Schlittler,True,0,0.0,0.0,,,True,,,,,,,,,,,,
2026-04-07,Louis Varland,Toronto Blue Jays,Los Angeles Dodgers,Yoshinobu Yamamoto,True,0,0.0,0.0,,,True,,,,,,,,,,,,
2026-04-07,Ernie Clement,Toronto Blue Jays,Los Angeles Dodgers,Yoshinobu Yamamoto,False,1,,,,,True,1.0,0.0,2.0,2.0,1.0,0.0,0.0,0.0,0.0,0.0,0.0,
2026-04-07,Daulton Varsho,Toronto Blue Jays,Los Angeles Dodgers,Yoshinobu Yamamoto,False,1,,,,,True,1.0,0.0,2.0,2.0,1.0,0.0,0.0,0.0,0.0,0.0,0.0,
2026-04-07,Kevin Gausman,Toronto Blue Jays,Los Angeles Dodgers,Yoshinobu Yamamoto,True,0,0.0,0.0,,,True,,,,,,,,,,,,
2026-04-07,Andrés Giménez,Toronto Blue Jays,Los Angeles Dodgers,Yoshinobu Yamamoto,False,1,,,,,True,0.0,0.0,1.0,1.0,0.0,0.0,0.0,0.0,0.0,0.0,0.0,
2026-04-07,Jeff Hoffman,Toronto Blue Jays,Los Angeles Dodgers,Yoshinobu Yamamoto,True,0,0.0,0.0,,,True,,,,,,,,,,,,
2026-04-07,Nathan Lukes,Toronto Blue Jays,Los Angeles Dodgers,Yoshinobu Yamamoto,False,0,,,,,True,0.0,0.0,0.0,,,,,0.0,0.0,0.0,0.0,
2026-04-07,Addison Barger,Toronto Blue Jays,Los Angeles Dodgers,Yoshinobu Yamamoto,False,0,,,,,True,0.0,0.0,0.0,,,,,0.0,0.0,0.0,0.0,
2026-04-07,George Springer,Toronto Blue Jays,Los Angeles Dodgers,Yoshinobu Yamamoto,False,1,,,,,True,0.0,0.0,1.0,1.0,0.0,0.0,0.0,0.0,0.0,0.0,0.0,
2026-04-07,Tyler Rogers,Toronto Blue Jays,Los Angeles Dodgers,Yoshinobu Yamamoto,True,0,0.0,0.0,,,True,,,,,,,,,,,,
2026-04-07,Vladimir Guerrero Jr.,Toronto Blue Jays,Los Angeles Dodgers,Yoshinobu Yamamoto,False,1,,,,,True,0.0,0.0,0.0,0.0,0.0,0.0,0.25,0.0,0.0,0.0,0.0,
2026-04-07,Myles Straw,Toronto Blue Jays,Los Angeles Dodgers,Yoshinobu Yamamoto,False,1,,,,,True,0.0,0.0,0.0,0.0,0.0,0.0,0.25,0.0,0.0,0.0,0.0,
2026-04-07,Alejandro Kirk,Toronto Blue Jays,Los Angeles Dodgers,Yoshinobu Yamamoto,False,0,,,,,True,0.0,0.0,0.0,,,,,0.0,0.0,0.0,0.0,
2026-04-07,Kazuma Okamoto,Toronto Blue Jays,Los Angeles Dodgers,Yoshinobu Yamamoto,False,1,,,,,True,2.0,0.0,2.0,2.0,2.0,0.0,0.25,0.0,0.0,0.0,0.0,
2026-04-07,Spencer Miles,Toronto Blue Jays,Los Angeles Dodgers,Yoshinobu Yamamoto,True,1,1.0,1.0,9.0,2.0,True,,,,,,,,,,,,9.0
2026-04-07,Tommy Nance,Toronto Blue Jays,Los Angeles Dodgers,Yoshinobu Yamamoto,True,1,1.3333333333333333,3.0,27.0,4.5,True,,,,,,,,,,,,20.25
2026-04-07,Brendon Little,Toronto Blue Jays,Los Angeles Dodgers,Yoshinobu Yamamoto,True,0,0.0,0.0,,,True,,,,,,,,,,,,
2026-04-07,Dylan Cease,Toronto Blue Jays,Los Angeles Dodgers,Yoshinobu Yamamoto,True,0,0.0,0.0,,,True,,,,,,,,,,,,
2026-04-07,Davis Schneider,Toronto Blue Jays,Los Angeles Dodgers,Yoshinobu Yamamoto,False,1,,,,,True,0.0,0.0,0.0,0.0,0.0,0.0,0.4,0.0,0.0,0.0,0.0,
2026-04-07,Mason Fluharty,Toronto Blue Jays,Los Angeles Dodgers,Yoshinobu Yamamoto,True,0,0.0,0.0,,,True,,,,,,,,,,,,
2026-04-07,Braydon Fisher,Toronto Blue Jays,Los Angeles Dodgers,Yoshinobu Yamamoto,True,0,0.0,0.0,,,True,,,,,,,,,,,,
2026-04-07,Jesús Sánchez,Toronto Blue Jays,Los Angeles Dodgers,Yoshinobu Yamamoto,False,1,,,,,True,0.0,0.0,0.0,0.0,0.0,0.0,1.0,0.0,0.0,0.0,0.0,
2026-04-07,Eric Lauer,Toronto Blue Jays,Los Angeles Dodgers,Yoshinobu Yamamoto,True,0,0.0,0.0,,,True,,,,,,,,,,,,
2026-04-07,Tyler Heineman,Toronto Blue Jays,Los Angeles Dodgers,Yoshinobu Yamamoto,False,1,,,,,True,1.0,0.0,1.0,1.0,1.0,0.0,0.0,0.0,0.0,0.0,0.0,
2026-04-07,Cody Ponce,Toronto Blue Jays,Los Angeles Dodgers,Yoshinobu Yamamoto,True,0,0.0,0.0,,,True,,,,,,,,,,,,
2026-04-07,Max Scherzer,Toronto Blue Jays,Los Angeles Dodgers,Yoshinobu Yamamoto,True,1,2.0,2.0,9.0,1.5,True,,,,,,,,,,,,9.0
2026-04-07,Lazaro Estrada,Toronto Blue Jays,Los Angeles Dodgers,Yoshinobu Yamamoto,True,0,0.0,0.0,,,True,,,,,,,,,,,,
2026-04-07,Joe Mantiply,Toronto Blue Jays,Los Angeles Dodgers,Yoshinobu Yamamoto,True,1,0.6666666666666666,1.0,40.5,4.5,True,,,,,,,,,,,,13.5
2026-04-07,Austin Voth,Toronto Blue Jays,Los Angeles Dodgers,Yoshinobu Yamamoto,True,0,0.0,0.0,,,True,,,,,,,,,,,,
2026-04-07,Brandon Valenzuela,Toronto Blue Jays,Los Angeles Dodgers,Yoshinobu Yamamoto,False,1,,,,,True,0.0,0.0,0.0,0.0,0.0,0.0,0.0,0.0,0.0,0.0,0.0,
2026-04-07,Josh Fleming,Toronto Blue Jays,Los Angeles Dodgers,Yoshinobu Yamamoto,True,1,3.0,1.0,12.0,2.6666666666666665,True,,,,,,,,,,,,3.0
2026-04-07,Will Smith,Los Angeles Dodgers,Toronto Blue Jays,Kevin Gausman,False,0,,,,,True,0.0,0.0,0.0,,,,,0.0,0.0,0.0,0.0,
2026-04-07,Kyle Tucker,Los Angeles Dodgers,Toronto Blue Jays,Kevin Gausman,False,1,,,,,True,2.0,0.0,10.0,10.0,2.0,0.0,0.0,0.0,0.0,0.0,0.0,
2026-04-07,Max Muncy,Los Angeles Dodgers,Toronto Blue Jays,Kevin Gausman,False,4,,,,,True,6.0,1.0,12.0,3.0,1.5,0.25,0.5,1.0,0.0,0.0,0.0,
2026-04-07,Freddie Freeman,Los Angeles Dodgers,Toronto Blue Jays,Kevin Gausman,False,1,,,,,True,4.0,2.0,14.0,14.0,4.0,2.0,0.2,0.0,0.0,0.0,0.0,
2026-04-07,Tanner Scott,Los Angeles Dodgers,Toronto Blue Jays,Kevin Gausman,True,0,0.0,0.0,,,True,,,,,,,,,,,,
2026-04-07,Shohei Ohtani,Los Angeles Dodgers,Toronto Blue Jays,Kevin Gausman,False,1,,,,,True,4.0,2.0,10.0,10.0,4.0,2.0,0.3333333333333333,0.0,0.0,0.0,0.0,
2026-04-07,Will Klein,Los Angeles Dodgers,Toronto Blue Jays,Kevin Gausman,True,1,4.0,4.0,0.0,1.0,True,,,,,,,,,,,,9.0
2026-04-07,Teoscar Hernández,Los Angeles Dodgers,Toronto Blue Jays,Kevin Gausman,False,1,,,,,True,4.0,2.0,16.0,16.0,4.0,2.0,0.16666666666666666,0.0,0.0,0.0,0.0,
2026-04-07,Andy Pages,Los Angeles Dodgers,Toronto Blue Jays,Kevin Gausman,False,1,,,,,True,4.0,0.0,8.0,8.0,4.0,0.0,0.0,0.0,0.0,0.0,0.0,
2026-04-07,Mookie Betts,Los Angeles Dodgers,Toronto Blue Jays,Kevin Gausman,False,0,,,,,True,0.0,0.0,0.0,,,,,0.0,0.0,0.0,0.0,
2026-04-07,Miguel Rojas,Los Angeles Dodgers,Toronto Blue Jays,Kevin Gausman,False,1,,,,,True,0.0,0.0,0.0,0.0,0.0,0.0,,0.0,0.0,0.0,0.0,
2026-04-07,Blake Treinen,Los Angeles Dodgers,Toronto Blue Jays,Kevin Gausman,True,0,0.0,0.0,,,True,,,,,,,,,,,,
2026-04-07,Yoshinobu Yamamoto,Los Angeles Dodgers,Toronto Blue Jays,Kevin Gausman,True,0,0.0,0.0,,,True,,,,,,,,,,,,
2026-04-07,Ben Casparius,Los Angeles Dodgers,Toronto Blue Jays,Kevin Gausman,True,0,0.0,0.0,,,True,,,,,,,,,,,,
2026-04-07,Alex Vesia,Los Angeles Dodgers,Toronto Blue Jays,Kevin Gausman,True,0,0.0,0.0,,,True,,,,,,,,,,,,
2026-04-07,Edgardo Henriquez,Los Angeles Dodgers,Toronto Blue Jays,Kevin Gausman,True,1,2.0,4.0,0.0,0.0,True,,,,,,,,,,,,18.0
2026-04-07,Edwin Díaz,Los Angeles Dodgers,Toronto Blue Jays,Kevin Gausman,True,0,0.0,0.0,,,True,,,,,,,,,,,,
2026-04-07,Emmet Sheehan,Los Angeles Dodgers,Toronto Blue Jays,Kevin Gausman,True,0,0.0,0.0,,,True,,,,,,,,,,,,
2026-04-07,Jack Dreyer,Los Angeles Dodgers,Toronto Blue Jays,Kevin Gausman,True,0,0.0,0.0,,,True,,,,,,,,,,,,
2026-04-07,Alex Freeland,Los Angeles Dodgers,Toronto Blue Jays,Kevin Gausman,False,1,,,,,True,0.0,0.0,0.0,0.0,0.0,0.0,0.2,0.0,0.0,0.0,0.0,
2026-04-07,Tyler Glasnow,Los Angeles Dodgers,Toronto Blue Jays,Kevin Gausman,True,0,0.0,0.0,,,True,,,,,,,,,,,,
2026-04-07,Santiago Espinal,Los Angeles Dodgers,Toronto Blue Jays,Kevin Gausman,False,1,,,,,True,0.0,0.0,0.0,0.0,0.0,0.0,0.0,0.0,0.0,0.0,0.0,
2026-04-07,Dalton Rushing,Los Angeles Dodgers,Toronto Blue Jays,Kevin Gausman,False,1,,,,,True,8.0,4.0,18.0,18.0,8.0,4.0,0.0,0.0,0.0,0.0,0.0,
2026-04-07,Justin Wrobleski,Los Angeles Dodgers,Toronto Blue Jays,Kevin Gausman,True,1,10.0,4.0,1.8,1.2,True,,,,,,,,,,,,3.6
2026-04-07,Roki Sasaki,Los Angeles Dodgers,Toronto Blue Jays,Kevin Gausman,True,0,0.0,0.0,,,True,,,,,,,,,,,,
2026-04-07,Alex Call,Los Angeles Dodgers,Toronto Blue Jays,Kevin Gausman,False,1,,,,,True,0.0,0.0,0.0,0.0,0.0,0.0,0.0,0.0,0.0,0.0,0.0,
2026-04-07,Hyeseong Kim,Los Angeles Dodgers,Toronto Blue Jays,Kevin Gausman,False,1,,,,,True,4.0,0.0,6.0,6.0,4.0,0.0,0.0,0.0,0.0,0.0,0.0,
2026-04-07,Justin Topa,Minnesota Twins,Detroit Tigers,Tarik Skubal,True,0,0.0,0.0,,,True,,,,,,,,,,,,
2026-04-07,Victor Caratini,Minnesota Twins,Detroit Tigers,Tarik Skubal,False,1,,,,,True,2.0,0.0,5.0,5.0,2.0,0.0,0.0,0.0,0.0,0.0,0.0,
2026-04-07,Kody Clemens,Minnesota Twins,Detroit Tigers,Tarik Skubal,False,1,,,,,True,0.0,0.0,0.0,0.0,0.0,0.0,1.0,0.0,0.0,0.0,0.0,
2026-04-07,Brooks Lee,Minnesota Twins,Detroit Tigers,Tarik Skubal,False,1,,,,,True,1.0,0.0,1.0,1.0,1.0,0.0,0.0,0.0,0.0,0.0,0.0,
2026-04-07,Austin Martin,Minnesota Twins,Detroit Tigers,Tarik Skubal,False,1,,,,,True,0.0,0.0,1.0,1.0,0.0,0.0,0.0,0.0,0.0,0.0,0.0,
2026-04-07,Josh Bell,Minnesota Twins,Detroit Tigers,Tarik Skubal,False,1,,,,,True,0.0,0.0,0.0,0.0,0.0,0.0,0.0,0.0,0.0,0.0,0.0,
2026-04-07,Ryan Jeffers,Minnesota Twins,Detroit Tigers,Tarik Skubal,False,0,,,,,True,0.0,0.0,0.0,,,,,0.0,0.0,0.0,0.0,
2026-04-07,James Outman,Minnesota Twins,Detroit Tigers,Tarik Skubal,False,1,,,,,True,0.0,0.0,0.0,0.0,0.0,0.0,1.0,0.0,0.0,0.0,0.0,
2026-04-07,Taylor Rogers,Minnesota Twins,Detroit Tigers,Tarik Skubal,True,0,0.0,0.0,,,True,,,,,,,,,,,,
2026-04-07,Kody Funderburk,Minnesota Twins,Detroit Tigers,Tarik Skubal,True,1,0.6666666666666666,0.0,0.0,4.5,True,,,,,,,,,,,,0.0
2026-04-07,Royce Lewis,Minnesota Twins,Detroit Tigers,Tarik Skubal,False,1,,,,,True,1.0,0.0,2.0,2.0,1.0,0.0,0.25,0.0,0.0,0.0,0.0,
2026-04-07,Trevor Larnach,Minnesota Twins,Detroit Tigers,Tarik Skubal,False,1,,,,,True,2.0,0.0,4.0,4.0,2.0,0.0,0.0,0.0,0.0,0.0,0.0,
2026-04-07,Byron Buxton,Minnesota Twins,Detroit Tigers,Tarik Skubal,False,1,,,,,True,1.0,0.0,3.0,3.0,1.0,0.0,0.0,0.0,0.0,0.0,0.0,
2026-04-07,Joe Ryan,Minnesota Twins,Detroit Tigers,Tarik Skubal,True,1,5.0,7.0,3.6,1.2,True,,,,,,,,,,,,12.6
2026-04-07,Matt Wallner,Minnesota Twins,Detroit Tigers,Tarik Skubal,False,1,,,,,True,2.0,0.0,3.0,3.0,2.0,0.0,0.6,0.0,0.0,0.0,0.0,
2026-04-07,Luke Keaschall,Minnesota Twins,Detroit Tigers,Tarik Skubal,False,1,,,,,True,1.0,1.0,5.0,5.0,1.0,1.0,0.2,0.0,0.0,0.0,0.0,
2026-04-07,Taj Bradley,Minnesota Twins,Detroit Tigers,Tarik Skubal,True,0,0.0,0.0,,,True,,,,,,,,,,,,
2026-04-07,Anthony Banda,Minnesota Twins,Detroit Tigers,Tarik Skubal,True,1,1.0,1.0,0.0,1.0,True,,,,,,,,,,,,9.0
2026-04-07,Cole Sands,Minnesota Twins,Detroit Tigers,Tarik Skubal,True,0,0.0,0.0,,,True,,,,,,,,,,,,
2026-04-07,Eric Orze,Minnesota Twins,Detroit Tigers,Tarik Skubal,True,1,0.6666666666666666,1.0,0.0,1.5,True,,,,,,,,,,,,13.5
2026-04-07,Tristan Gray,Minnesota Twins,Detroit Tigers,Tarik Skubal,False,0,,,,,True,0.0,0.0,0.0,,,,,0.0,0.0,0.0,0.0,
2026-04-07,Bailey Ober,Minnesota Twins,Detroit Tigers,Tarik Skubal,True,0,0.0,0.0,,,True,,,,,,,,,,,,
2026-04-07,Mick Abel,Minnesota Twins,Detroit Tigers,Tarik Skubal,True,0,0.0,0.0,,,True,,,,,,,,,,,,
2026-04-07,Simeon Woods Richardson,Minnesota Twins,Detroit Tigers,Tarik Skubal,True,0,0.0,0.0,,,True,,,,,,,,,,,,
2026-04-07,Cody Laweryson,Minnesota Twins,Detroit Tigers,Tarik Skubal,True,1,1.6666666666666667,2.0,0.0,0.0,True,,,,,,,,,,,,10.799999999999999
2026-04-07,Zak Kent,Minnesota Twins,Detroit Tigers,Tarik Skubal,True,0,0.0,0.0,,,True,,,,,,,,,,,,
2026-04-07,Tarik Skubal,Detroit Tigers,Minnesota Twins,Taj Bradley,True,0,0.0,0.0,,,True,,,,,,,,,,,,
2026-04-07,Drew Anderson,Detroit Tigers,Minnesota Twins,Taj Bradley,True,1,3.0,4.0,3.0,1.3333333333333333,True,,,,,,,,,,,,12.0
2026-04-07,Javier Báez,Detroit Tigers,Minnesota Twins,Taj Bradley,False,0,,,,,True,0.0,0.0,0.0,,,,,0.0,0.0,0.0,0.0,
2026-04-07,Riley Greene,Detroit Tigers,Minnesota Twins,Taj Bradley,False,1,,,,,True,0.0,0.0,0.0,0.0,0.0,0.0,0.0,0.0,0.0,0.0,0.0,
2026-04-07,Tyler Holton,Detroit Tigers,Minnesota Twins,Taj Bradley,True,0,0.0,0.0,,,True,,,,,,,,,,,,
2026-04-07,Kevin McGonigle,Detroit Tigers,Minnesota Twins,Taj Bradley,False,1,,,,,True,1.0,0.0,2.0,2.0,1.0,0.0,0.2,0.0,0.0,0.0,0.0,
2026-04-07,Kerry Carpenter,Detroit Tigers,Minnesota Twins,Taj Bradley,False,0,,,,,True,0.0,0.0,0.0,,,,,0.0,0.0,0.0,0.0,
2026-04-07,Spencer Torkelson,Detroit Tigers,Minnesota Twins,Taj Bradley,False,1,,,,,True,0.0,0.0,0.0,0.0,0.0,0.0,0.25,0.0,0.0,0.0,0.0,
2026-04-07,Gleyber Torres,Detroit Tigers,Minnesota Twins,Taj Bradley,False,1,,,,,True,0.0,0.0,1.0,1.0,0.0,0.0,0.2,0.0,0.0,0.0,0.0,
2026-04-07,Parker Meadows,Detroit Tigers,Minnesota Twins,Taj Bradley,False,1,,,,,True,0.0,0.0,0.0,0.0,0.0,0.0,0.5,0.0,0.0,0.0,0.0,
2026-04-07,Dillon Dingler,Detroit Tigers,Minnesota Twins,Taj Bradley,False,0,,,,,True,0.0,0.0,0.0,,,,,0.0,0.0,0.0,0.0,
2026-04-07,Will Vest,Detroit Tigers,Minnesota Twins,Taj Bradley,True,0,0.0,0.0,,,True,,,,,,,,,,,,
2026-04-07,Colt Keith,Detroit Tigers,Minnesota Twins,Taj Bradley,False,1,,,,,True,1.0,0.0,3.0,3.0,1.0,0.0,0.25,0.0,0.0,0.0,0.0,
2026-04-07,Framber Valdez,Detroit Tigers,Minnesota Twins,Taj Bradley,True,0,0.0,0.0,,,True,,,,,,,,,,,,
2026-04-07,Zach McKinstry,Detroit Tigers,Minnesota Twins,Taj Bradley,False,1,,,,,True,1.0,0.0,3.0,3.0,1.0,0.0,0.25,0.0,0.0,0.0,0.0,
2026-04-07,Jahmai Jones,Detroit Tigers,Minnesota Twins,Taj Bradley,False,1,,,,,True,0.0,0.0,0.0,0.0,0.0,0.0,0.5,0.0,0.0,0.0,0.0,
2026-04-07,Kyle Finnegan,Detroit Tigers,Minnesota Twins,Taj Bradley,True,0,0.0,0.0,,,True,,,,,,,,,,,,
2026-04-07,Kenley Jansen,Detroit Tigers,Minnesota Twins,Taj Bradley,True,0,0.0,0.0,,,True,,,,,,,,,,,,
2026-04-07,Enmanuel De Jesus,Detroit Tigers,Minnesota Twins,Taj Bradley,True,0,0.0,0.0,,,True,,,,,,,,,,,,
2026-04-07,Matt Vierling,Detroit Tigers,Minnesota Twins,Taj Bradley,False,1,,,,,True,1.0,0.0,1.0,1.0,1.0,0.0,0.5,0.0,0.0,0.0,0.0,
2026-04-07,Brant Hurter,Detroit Tigers,Minnesota Twins,Taj Bradley,True,1,0.6666666666666666,2.0,13.5,4.5,True,,,,,,,,,,,,27.0
2026-04-07,Jack Flaherty,Detroit Tigers,Minnesota Twins,Taj Bradley,True,0,0.0,0.0,,,True,,,,,,,,,,,,
2026-04-07,Connor Seabold,Detroit Tigers,Minnesota Twins,Taj Bradley,True,0,0.0,0.0,,,True,,,,,,,,,,,,
2026-04-07,Jake Rogers,Detroit Tigers,Minnesota Twins,Taj Bradley,False,1,,,,,True,0.0,0.0,0.0,0.0,0.0,0.0,0.5,0.0,0.0,0.0,0.0,
2026-04-07,Justin Verlander,Detroit Tigers,Minnesota Twins,Taj Bradley,True,0,0.0,0.0,,,True,,,,,,,,,,,,
2026-04-07,Casey Mize,Detroit Tigers,Minnesota Twins,Taj Bradley,True,1,4.333333333333333,4.0,10.384615384615385,2.307692307692308,True,,,,,,,,,,,,8.307692307692308
2026-04-07,Keider Montero,Detroit Tigers,Minnesota Twins,Taj Bradley,True,0,0.0,0.0,,,True,,,,,,,,,,,,
2026-04-08,Evan Carter,Texas Rangers,Seattle Mariners,George Kirby,False,1,,,,,True,0.0,0.0,0.0,0.0,0.0,0.0,0.3333333333333333,0.0,0.0,0.0,0.0,
2026-04-08,Wyatt Langford,Texas Rangers,Seattle Mariners,George Kirby,False,1,,,,,True,1.0,0.0,2.0,2.0,1.0,0.0,0.25,0.0,0.0,0.0,0.0,
2026-04-08,Jake Burger,Texas Rangers,Seattle Mariners,George Kirby,False,1,,,,,True,1.0,0.0,2.0,2.0,1.0,0.0,0.25,0.0,0.0,0.0,0.0,
2026-04-08,Tyler Alexander,Texas Rangers,Seattle Mariners,George Kirby,True,1,0.6666666666666666,1.0,0.0,1.5,True,,,,,,,,,,,,13.5
2026-04-08,Joc Pederson,Texas Rangers,Seattle Mariners,George Kirby,False,1,,,,,True,1.0,0.0,1.0,1.0,1.0,0.0,0.3333333333333333,0.0,0.0,0.0,0.0,
2026-04-08,Jalen Beeks,Texas Rangers,Seattle Mariners,George Kirby,True,1,1.0,0.0,0.0,1.0,True,,,,,,,,,,,,0.0
2026-04-08,Corey Seager,Texas Rangers,Seattle Mariners,George Kirby,False,1,,,,,True,2.0,0.0,4.0,4.0,2.0,0.0,0.0,0.0,0.0,0.0,0.0,
2026-04-08,Josh Jung,Texas Rangers,Seattle Mariners,George Kirby,False,1,,,,,True,2.0,0.0,2.0,2.0,2.0,0.0,0.0,0.0,0.0,0.0,0.0,
2026-04-08,Andrew McCutchen,Texas Rangers,Seattle Mariners,George Kirby,False,0,,,,,True,0.0,0.0,0.0,,,,,0.0,0.0,0.0,0.0,
2026-04-08,Kyle Higashioka,Texas Rangers,Seattle Mariners,George Kirby,False,0,,,,,True,0.0,0.0,0.0,,,,,0.0,0.0,0.0,0.0,
2026-04-08,Ezequiel Duran,Texas Rangers,Seattle Mariners,George Kirby,False,1,,,,,True,0.0,0.0,0.0,0.0,0.0,0.0,,0.0,0.0,0.0,0.0,
2026-04-08,Brandon Nimmo,Texas Rangers,Seattle Mariners,George Kirby,False,1,,,,,True,0.0,0.0,0.0,0.0,0.0,0.0,0.0,0.0,0.0,0.0,0.0,
2026-04-08,Josh Smith,Texas Rangers,Seattle Mariners,George Kirby,False,1,,,,,True,0.0,0.0,0.0,0.0,0.0,0.0,0.3333333333333333,0.0,0.0,0.0,0.0,
2026-04-08,Sam Haggerty,Texas Rangers,Seattle Mariners,George Kirby,False,0,,,,,True,0.0,0.0,0.0,,,,,0.0,0.0,0.0,0.0,
2026-04-08,Danny Jansen,Texas Rangers,Seattle Mariners,George Kirby,False,1,,,,,True,0.0,0.0,0.0,0.0,0.0,0.0,0.6666666666666666,0.0,0.0,0.0,0.0,
2026-04-08,Nathan Eovaldi,Texas Rangers,Seattle Mariners,George Kirby,True,0,0.0,0.0,,,True,,,,,,,,,,,,
2026-04-08,Carter Baumler,Texas Rangers,Seattle Mariners,George Kirby,True,0,0.0,0.0,,,True,,,,,,,,,,,,
2026-04-08,Jacob Latz,Texas Rangers,Seattle Mariners,George Kirby,True,0,0.0,0.0,,,True,,,,,,,,,,,,
2026-04-08,Robert Garcia,Texas Rangers,Seattle Mariners,George Kirby,True,1,1.0,0.0,0.0,0.0,True,,,,,,,,,,,,0.0
2026-04-08,Jakob Junis,Texas Rangers,Seattle Mariners,George Kirby,True,1,1.0,0.0,0.0,0.0,True,,,,,,,,,,,,0.0
2026-04-08,Cole Winn,Texas Rangers,Seattle Mariners,George Kirby,True,1,0.3333333333333333,0.0,0.0,0.0,True,,,,,,,,,,,,0.0
2026-04-08,Chris Martin,Texas Rangers,Seattle Mariners,George Kirby,True,0,0.0,0.0,,,True,,,,,,,,,,,,
2026-04-08,MacKenzie Gore,Texas Rangers,Seattle Mariners,George Kirby,True,0,0.0,0.0,,,True,,,,,,,,,,,,
2026-04-08,Jack Leiter,Texas Rangers,Seattle Mariners,George Kirby,True,0,0.0,0.0,,,True,,,,,,,,,,,,
2026-04-08,Jacob deGrom,Texas Rangers,Seattle Mariners,George Kirby,True,1,5.0,6.0,1.8,0.4,True,,,,,,,,,,,,10.8
2026-04-08,Kumar Rocker,Texas Rangers,Seattle Mariners,George Kirby,True,0,0.0,0.0,,,True,,,,,,,,,,,,
2026-04-08,Josh Naylor,Seattle Mariners,Texas Rangers,Nathan Eovaldi,False,1,,,,,True,0.0,0.0,0.0,0.0,0.0,0.0,0.0,0.0,0.0,0.0,0.0,
2026-04-08,Cole Young,Seattle Mariners,Texas Rangers,Nathan Eovaldi,False,1,,,,,True,0.0,0.0,0.0,0.0,0.0,0.0,0.3333333333333333,0.0,0.0,0.0,0.0,
2026-04-08,Jose A. Ferrer,Seattle Mariners,Texas Rangers,Nathan Eovaldi,True,1,1.0,2.0,0.0,0.0,True,,,,,,,,,,,,18.0
2026-04-08,Randy Arozarena,Seattle Mariners,Texas Rangers,Nathan Eovaldi,False,1,,,,,True,1.0,0.0,1.0,1.0,1.0,0.0,0.3333333333333333,0.0,0.0,0.0,0.0,
2026-04-08,Casey Legumina,Seattle Mariners,Texas Rangers,Nathan Eovaldi,True,0,0.0,0.0,,,True,,,,,,,,,,,,
2026-04-08,Dominic Canzone,Seattle Mariners,Texas Rangers,Nathan Eovaldi,False,1,,,,,True,0.0,0.0,0.0,0.0,0.0,0.0,0.5,0.0,0.0,0.0,0.0,
2026-04-08,Cal Raleigh,Seattle Mariners,Texas Rangers,Nathan Eovaldi,False,1,,,,,True,1.0,1.0,3.0,3.0,1.0,1.0,0.0,0.0,0.0,0.0,0.0,
2026-04-08,Logan Gilbert,Seattle Mariners,Texas Rangers,Nathan Eovaldi,True,1,6.0,5.0,3.0,1.0,True,,,,,,,,,,,,7.5
2026-04-08,Brendan Donovan,Seattle Mariners,Texas Rangers,Nathan Eovaldi,False,1,,,,,True,0.0,0.0,0.0,0.0,0.0,0.0,0.25,0.0,0.0,0.0,0.0,
2026-04-08,Cooper Criswell,Seattle Mariners,Texas Rangers,Nathan Eovaldi,True,1,1.0,0.0,0.0,3.0,True,,,,,,,,,,,,0.0
2026-04-08,Gabe Speier,Seattle Mariners,Texas Rangers,Nathan Eovaldi,True,0,0.0,0.0,,,True,,,,,,,,,,,,
2026-04-08,Leo Rivas,Seattle Mariners,Texas Rangers,Nathan Eovaldi,False,1,,,,,True,0.0,0.0,0.0,0.0,0.0,0.0,0.3333333333333333,0.0,0.0,0.0,0.0,
2026-04-08,Julio Rodríguez,Seattle Mariners,Texas Rangers,Nathan Eovaldi,False,1,,,,,True,0.0,0.0,0.0,0.0,0.0,0.0,0.25,0.0,0.0,0.0,0.0,
2026-04-08,Luke Raley,Seattle Mariners,Texas Rangers,Nathan Eovaldi,False,1,,,,,True,0.0,0.0,0.0,0.0,0.0,0.0,0.0,0.0,0.0,0.0,0.0,
2026-04-08,Matt Brash,Seattle Mariners,Texas Rangers,Nathan Eovaldi,True,0,0.0,0.0,,,True,,,,,,,,,,,,
2026-04-08,George Kirby,Seattle Mariners,Texas Rangers,Nathan Eovaldi,True,0,0.0,0.0,,,True,,,,,,,,,,,,
2026-04-08,Andrés Muñoz,Seattle Mariners,Texas Rangers,Nathan Eovaldi,True,0,0.0,0.0,,,True,,,,,,,,,,,,
2026-04-08,Eduard Bazardo,Seattle Mariners,Texas Rangers,Nathan Eovaldi,True,0,0.0,0.0,,,True,,,,,,,,,,,,
2026-04-08,Victor Robles,Seattle Mariners,Texas Rangers,Nathan Eovaldi,False,1,,,,,True,0.0,0.0,0.0,0.0,0.0,0.0,,0.0,0.0,0.0,0.0,
2026-04-08,Rob Refsnyder,Seattle Mariners,Texas Rangers,Nathan Eovaldi,False,1,,,,,True,0.0,0.0,0.0,0.0,0.0,0.0,1.0,0.0,0.0,0.0,0.0,
2026-04-08,Cole Wilcox,Seattle Mariners,Texas Rangers,Nathan Eovaldi,True,0,0.0,0.0,,,True,,,,,,,,,,,,
2026-04-08,Bryan Woo,Seattle Mariners,Texas Rangers,Nathan Eovaldi,True,0,0.0,0.0,,,True,,,,,,,,,,,,
2026-04-08,Ryan Bliss,Seattle Mariners,Texas Rangers,Nathan Eovaldi,False,0,,,,,True,0.0,0.0,0.0,,,,,0.0,0.0,0.0,0.0,
2026-04-08,Emerson Hancock,Seattle Mariners,Texas Rangers,Nathan Eovaldi,True,0,0.0,0.0,,,True,,,,,,,,,,,,
2026-04-08,Luis Castillo,Seattle Mariners,Texas Rangers,Nathan Eovaldi,True,0,0.0,0.0,,,True,,,,,,,,,,,,
2026-04-08,Mitch Garver,Seattle Mariners,Texas Rangers,Nathan Eovaldi,False,0,,,,,True,0.0,0.0,0.0,,,,,0.0,0.0,0.0,0.0,
2026-04-08,J.P. Crawford,Seattle Mariners,Texas Rangers,Nathan Eovaldi,False,1,,,,,True,0.0,0.0,0.0,0.0,0.0,0.0,0.0,0.0,0.0,0.0,0.0,
2026-04-08,Jimmy Herget,Colorado Rockies,Houston Astros,Mike Burrows,True,1,1.6666666666666667,1.0,5.3999999999999995,1.2,True,,,,,,,,,,,,5.3999999999999995
2026-04-08,Jake McCarthy,Colorado Rockies,Houston Astros,Mike Burrows,False,1,,,,,True,0.0,0.0,0.0,0.0,0.0,0.0,0.25,0.0,0.0,0.0,0.0,
2026-04-08,Braxton Fulford,Colorado Rockies,Houston Astros,Mike Burrows,False,0,,,,,True,0.0,0.0,0.0,,,,,0.0,0.0,0.0,0.0,
2026-04-08,Kyle Freeland,Colorado Rockies,Houston Astros,Mike Burrows,True,0,0.0,0.0,,,True,,,,,,,,,,,,
2026-04-08,Willi Castro,Colorado Rockies,Houston Astros,Mike Burrows,False,1,,,,,True,2.0,0.0,5.0,5.0,2.0,0.0,0.0,0.0,0.0,0.0,0.0,
2026-04-08,Brennan Bernardino,Colorado Rockies,Houston Astros,Mike Burrows,True,0,0.0,0.0,,,True,,,,,,,,,,,,
2026-04-08,Juan Mejia,Colorado Rockies,Houston Astros,Mike Burrows,True,1,1.6666666666666667,1.0,0.0,0.6,True,,,,,,,,,,,,5.3999999999999995
2026-04-08,Edouard Julien,Colorado Rockies,Houston Astros,Mike Burrows,False,1,,,,,True,2.0,0.0,5.0,5.0,2.0,0.0,0.2,0.0,0.0,0.0,0.0,
2026-04-08,Ryan Ritter,Colorado Rockies,Houston Astros,Mike Burrows,False,0,,,,,True,0.0,0.0,0.0,,,,,0.0,0.0,0.0,0.0,
2026-04-08,Hunter Goodman,Colorado Rockies,Houston Astros,Mike Burrows,False,1,,,,,True,1.0,0.0,3.0,3.0,1.0,0.0,0.2,0.0,0.0,0.0,0.0,
2026-04-08,Jordan Beck,Colorado Rockies,Houston Astros,Mike Burrows,False,0,,,,,True,0.0,0.0,0.0,,,,,0.0,0.0,0.0,0.0,
2026-04-08,Brett Sullivan,Colorado Rockies,Houston Astros,Mike Burrows,False,0,,,,,True,0.0,0.0,0.0,,,,,0.0,0.0,0.0,0.0,
2026-04-08,Brenton Doyle,Colorado Rockies,Houston Astros,Mike Burrows,False,1,,,,,True,0.0,0.0,1.0,1.0,0.0,0.0,0.5,0.0,0.0,0.0,0.0,
2026-04-08,Ezequiel Tovar,Colorado Rockies,Houston Astros,Mike Burrows,False,1,,,,,True,0.0,0.0,0.0,0.0,0.0,0.0,,0.0,0.0,0.0,0.0,
2026-04-08,TJ Rumfield,Colorado Rockies,Houston Astros,Mike Burrows,False,1,,,,,True,2.0,0.0,5.0,5.0,2.0,0.0,0.0,0.0,0.0,0.0,0.0,
2026-04-08,Kyle Karros,Colorado Rockies,Houston Astros,Mike Burrows,False,1,,,,,True,1.0,0.0,3.0,3.0,1.0,0.0,0.5,0.0,0.0,0.0,0.0,
2026-04-08,Troy Johnston,Colorado Rockies,Houston Astros,Mike Burrows,False,1,,,,,True,3.0,1.0,7.0,7.0,3.0,1.0,0.0,0.0,0.0,0.0,0.0,
2026-04-08,Zach Agnos,Colorado Rockies,Houston Astros,Mike Burrows,True,1,0.3333333333333333,0.0,54.0,12.0,True,,,,,,,,,,,,0.0
2026-04-08,Michael Lorenzen,Colorado Rockies,Houston Astros,Mike Burrows,True,0,0.0,0.0,,,True,,,,,,,,,,,,
2026-04-08,Jaden Hill,Colorado Rockies,Houston Astros,Mike Burrows,True,0,0.0,0.0,,,True,,,,,,,,,,,,
2026-04-08,Victor Vodnik,Colorado Rockies,Houston Astros,Mike Burrows,True,0,0.0,0.0,,,True,,,,,,,,,,,,
2026-04-08,Jose Quintana,Colorado Rockies,Houston Astros,Mike Burrows,True,0,0.0,0.0,,,True,,,,,,,,,,,,
2026-04-08,Antonio Senzatela,Colorado Rockies,Houston Astros,Mike Burrows,True,0,0.0,0.0,,,True,,,,,,,,,,,,
2026-04-08,Chase Dollander,Colorado Rockies,Houston Astros,Mike Burrows,True,0,0.0,0.0,,,True,,,,,,,,,,,,
2026-04-08,Tomoyuki Sugano,Colorado Rockies,Houston Astros,Mike Burrows,True,0,0.0,0.0,,,True,,,,,,,,,,,,
2026-04-08,Ryan Feltner,Colorado Rockies,Houston Astros,Mike Burrows,True,1,5.333333333333333,1.0,6.75,1.6875,True,,,,,,,,,,,,1.6875
2026-04-08,Tyler Freeman,Colorado Rockies,Houston Astros,Mike Burrows,False,0,,,,,True,0.0,0.0,0.0,,,,,0.0,0.0,0.0,0.0,
2026-04-08,Mickey Moniak,Colorado Rockies,Houston Astros,Mike Burrows,False,1,,,,,True,1.0,0.0,1.0,1.0,1.0,0.0,0.4,0.0,0.0,0.0,0.0,
2026-04-08,Valente Bellozo,Colorado Rockies,Houston Astros,Mike Burrows,True,0,0.0,0.0,,,True,,,,,,,,,,,,
2026-04-08,Isaac Paredes,Houston Astros,Colorado Rockies,Kyle Freeland,False,0,,,,,True,0.0,0.0,0.0,,,,,0.0,0.0,0.0,0.0,
2026-04-08,Nick Allen,Houston Astros,Colorado Rockies,Kyle Freeland,False,0,,,,,True,0.0,0.0,0.0,,,,,0.0,0.0,0.0,0.0,
2026-04-08,Cam Smith,Houston Astros,Colorado Rockies,Kyle Freeland,False,1,,,,,True,2.0,1.0,5.0,5.0,2.0,1.0,0.2,0.0,0.0,0.0,0.0,
2026-04-08,Christian Roa,Houston Astros,Colorado Rockies,Kyle Freeland,True,0,0.0,0.0,,,True,,,,,,,,,,,,
2026-04-08,Hunter Brown,Houston Astros,Colorado Rockies,Kyle Freeland,True,0,0.0,0.0,,,True,,,,,,,,,,,,
2026-04-08,Jake Meyers,Houston Astros,Colorado Rockies,Kyle Freeland,False,1,,,,,True,2.0,0.0,2.0,2.0,2.0,0.0,0.25,0.0,0.0,0.0,0.0,
2026-04-08,AJ Blubaugh,Houston Astros,Colorado Rockies,Kyle Freeland,True,0,0.0,0.0,,,True,,,,,,,,,,,,
2026-04-08,Jose Altuve,Houston Astros,Colorado Rockies,Kyle Freeland,False,1,,,,,True,3.0,0.0,6.0,6.0,3.0,0.0,0.0,0.0,0.0,0.0,0.0,
2026-04-08,Joey Loperfido,Houston Astros,Colorado Rockies,Kyle Freeland,False,1,,,,,True,0.0,0.0,2.0,2.0,0.0,0.0,0.0,0.0,0.0,0.0,0.0,
2026-04-08,Bryan King,Houston Astros,Colorado Rockies,Kyle Freeland,True,0,0.0,0.0,,,True,,,,,,,,,,,,
2026-04-08,Carlos Correa,Houston Astros,Colorado Rockies,Kyle Freeland,False,1,,,,,True,1.0,0.0,3.0,3.0,1.0,0.0,0.0,0.0,0.0,0.0,0.0,
2026-04-08,Christian Walker,Houston Astros,Colorado Rockies,Kyle Freeland,False,1,,,,,True,2.0,0.0,4.0,4.0,2.0,0.0,0.0,0.0,0.0,0.0,0.0,
2026-04-08,Yainer Diaz,Houston Astros,Colorado Rockies,Kyle Freeland,False,1,,,,,True,1.0,0.0,2.0,2.0,1.0,0.0,0.0,0.0,0.0,0.0,0.0,
2026-04-08,Yordan Alvarez,Houston Astros,Colorado Rockies,Kyle Freeland,False,1,,,,,True,0.0,0.0,0.0,0.0,0.0,0.0,0.2,0.0,0.0,0.0,0.0,
2026-04-08,Ryan Weiss,Houston Astros,Colorado Rockies,Kyle Freeland,True,1,2.6666666666666665,4.0,20.25,3.75,True,,,,,,,,,,,,13.5
2026-04-08,Steven Okert,Houston Astros,Colorado Rockies,Kyle Freeland,True,0,0.0,0.0,,,True,,,,,,,,,,,,
2026-04-08,Brice Matthews,Houston Astros,Colorado Rockies,Kyle Freeland,False,0,,,,,True,0.0,0.0,0.0,,,,,0.0,0.0,0.0,0.0,
2026-04-08,Jeremy Peña,Houston Astros,Colorado Rockies,Kyle Freeland,False,1,,,,,True,2.0,0.0,3.0,3.0,2.0,0.0,0.0,0.0,0.0,0.0,0.0,
2026-04-08,Mike Burrows,Houston Astros,Colorado Rockies,Kyle Freeland,True,0,0.0,0.0,,,True,,,,,,,,,,,,
2026-04-08,Roddery Muñoz,Houston Astros,Colorado Rockies,Kyle Freeland,True,0,0.0,0.0,,,True,,,,,,,,,,,,
2026-04-08,Bryan Abreu,Houston Astros,Colorado Rockies,Kyle Freeland,True,0,0.0,0.0,,,True,,,,,,,,,,,,
2026-04-08,Kai-Wei Teng,Houston Astros,Colorado Rockies,Kyle Freeland,True,0,0.0,0.0,,,True,,,,,,,,,,,,
2026-04-08,Cristian Javier,Houston Astros,Colorado Rockies,Kyle Freeland,True,0,0.0,0.0,,,True,,,,,,,,,,,,
2026-04-08,Tatsuya Imai,Houston Astros,Colorado Rockies,Kyle Freeland,True,0,0.0,0.0,,,True,,,,,,,,,,,,
2026-04-08,Christian Vázquez,Houston Astros,Colorado Rockies,Kyle Freeland,False,0,,,,,True,0.0,0.0,0.0,,,,,0.0,0.0,0.0,0.0,
2026-04-08,Lance McCullers Jr.,Houston Astros,Colorado Rockies,Kyle Freeland,True,0,0.0,0.0,,,True,,,,,,,,,,,,
2026-04-08,Cody Bolton,Houston Astros,Colorado Rockies,Kyle Freeland,True,1,4.333333333333333,5.0,4.153846153846154,1.153846153846154,True,,,,,,,,,,,,10.384615384615385
2026-04-08,Shay Whitcomb,Houston Astros,Colorado Rockies,Kyle Freeland,False,0,,,,,True,0.0,0.0,0.0,,,,,0.0,0.0,0.0,0.0,
2026-04-08,Enyel De Los Santos,Houston Astros,Colorado Rockies,Kyle Freeland,True,1,1.0,0.0,0.0,1.0,True,,,,,,,,,,,,0.0
2026-04-08,Oswald Peraza,Los Angeles Angels,Atlanta Braves,Reynaldo López,False,1,,,,,True,0.0,0.0,0.0,0.0,0.0,0.0,0.25,0.0,0.0,0.0,0.0,
2026-04-08,Zach Neto,Los Angeles Angels,Atlanta Braves,Reynaldo López,False,1,,,,,True,1.0,1.0,3.0,3.0,1.0,1.0,0.25,0.0,0.0,0.0,0.0,
2026-04-08,Jorge Soler,Los Angeles Angels,Atlanta Braves,Reynaldo López,False,1,,,,,True,1.0,0.0,3.0,3.0,1.0,0.0,0.25,0.0,0.0,0.0,0.0,
2026-04-08,Yoán Moncada,Los Angeles Angels,Atlanta Braves,Reynaldo López,False,1,,,,,True,0.0,0.0,1.0,1.0,0.0,0.0,0.6666666666666666,0.0,0.0,0.0,0.0,
2026-04-08,Chase Silseth,Los Angeles Angels,Atlanta Braves,Reynaldo López,True,1,0.6666666666666666,1.0,13.5,4.5,True,,,,,,,,,,,,13.5
2026-04-08,José Soriano,Los Angeles Angels,Atlanta Braves,Reynaldo López,True,1,8.0,10.0,1.125,0.375,True,,,,,,,,,,,,11.25
2026-04-08,Drew Pomeranz,Los Angeles Angels,Atlanta Braves,Reynaldo López,True,0,0.0,0.0,,,True,,,,,,,,,,,,
2026-04-08,Mike Trout,Los Angeles Angels,Atlanta Braves,Reynaldo López,False,0,,,,,True,0.0,0.0,0.0,,,,,0.0,0.0,0.0,0.0,
2026-04-08,Jo Adell,Los Angeles Angels,Atlanta Braves,Reynaldo López,False,1,,,,,True,2.0,1.0,5.0,5.0,2.0,1.0,0.25,0.0,0.0,0.0,0.0,
2026-04-08,Nolan Schanuel,Los Angeles Angels,Atlanta Braves,Reynaldo López,False,0,,,,,True,0.0,0.0,0.0,,,,,0.0,0.0,0.0,0.0,
2026-04-08,Josh Lowe,Los Angeles Angels,Atlanta Braves,Reynaldo López,False,1,,,,,True,0.0,0.0,0.0,0.0,0.0,0.0,,0.0,0.0,0.0,0.0,
2026-04-08,Bryce Teodosio,Los Angeles Angels,Atlanta Braves,Reynaldo López,False,1,,,,,True,1.0,0.0,2.0,2.0,1.0,0.0,0.3333333333333333,0.0,0.0,0.0,0.0,
2026-04-08,Walbert Urena,Los Angeles Angels,Atlanta Braves,Reynaldo López,True,0,0.0,0.0,,,True,,,,,,,,,,,,
2026-04-08,Logan O'Hoppe,Los Angeles Angels,Atlanta Braves,Reynaldo López,False,1,,,,,True,0.0,0.0,2.0,2.0,0.0,0.0,0.0,0.0,0.0,0.0,0.0,
2026-04-08,Jordan Romano,Los Angeles Angels,Atlanta Braves,Reynaldo López,True,1,0.3333333333333333,0.0,0.0,0.0,True,,,,,,,,,,,,0.0
2026-04-08,Sam Bachman,Los Angeles Angels,Atlanta Braves,Reynaldo López,True,0,0.0,0.0,,,True,,,,,,,,,,,,
2026-04-08,Ryan Zeferjahn,Los Angeles Angels,Atlanta Braves,Reynaldo López,True,0,0.0,0.0,,,True,,,,,,,,,,,,
2026-04-08,Yusei Kikuchi,Los Angeles Angels,Atlanta Braves,Reynaldo López,True,0,0.0,0.0,,,True,,,,,,,,,,,,
2026-04-08,Joey Lucchesi,Los Angeles Angels,Atlanta Braves,Reynaldo López,True,0,0.0,0.0,,,True,,,,,,,,,,,,
2026-04-08,Reid Detmers,Los Angeles Angels,Atlanta Braves,Reynaldo López,True,0,0.0,0.0,,,True,,,,,,,,,,,,
2026-04-08,Brent Suter,Los Angeles Angels,Atlanta Braves,Reynaldo López,True,0,0.0,0.0,,,True,,,,,,,,,,,,
2026-04-08,Adam Frazier,Los Angeles Angels,Atlanta Braves,Reynaldo López,False,1,,,,,True,0.0,0.0,0.0,0.0,0.0,0.0,0.3333333333333333,0.0,0.0,0.0,0.0,
2026-04-08,Travis d'Arnaud,Los Angeles Angels,Atlanta Braves,Reynaldo López,False,0,,,,,True,0.0,0.0,0.0,,,,,0.0,0.0,0.0,0.0,
2026-04-08,Jack Kochanowicz,Los Angeles Angels,Atlanta Braves,Reynaldo López,True,0,0.0,0.0,,,True,,,,,,,,,,,,
2026-04-08,Jeimer Candelario,Los Angeles Angels,Atlanta Braves,Reynaldo López,False,1,,,,,True,0.0,0.0,1.0,1.0,0.0,0.0,0.5,0.0,0.0,0.0,0.0,
2026-04-08,Ryan Johnson,Los Angeles Angels,Atlanta Braves,Reynaldo López,True,0,0.0,0.0,,,True,,,,,,,,,,,,
2026-04-08,Shaun Anderson,Los Angeles Angels,Atlanta Braves,Reynaldo López,True,0,0.0,0.0,,,True,,,,,,,,,,,,
2026-04-08,George Klassen,Los Angeles Angels,Atlanta Braves,Reynaldo López,True,0,0.0,0.0,,,True,,,,,,,,,,,,
2026-04-08,Jonah Heim,Atlanta Braves,Los Angeles Angels,Yusei Kikuchi,False,0,,,,,True,0.0,0.0,0.0,,,,,0.0,0.0,0.0,0.0,
2026-04-08,Dylan Lee,Atlanta Braves,Los Angeles Angels,Yusei Kikuchi,True,0,0.0,0.0,,,True,,,,,,,,,,,,
2026-04-08,Robert Suarez,Atlanta Braves,Los Angeles Angels,Yusei Kikuchi,True,0,0.0,0.0,,,True,,,,,,,,,,,,
2026-04-08,Michael Harris II,Atlanta Braves,Los Angeles Angels,Yusei Kikuchi,False,1,,,,,True,0.0,0.0,0.0,0.0,0.0,0.0,0.6666666666666666,0.0,0.0,0.0,0.0,
2026-04-08,Mauricio Dubón,Atlanta Braves,Los Angeles Angels,Yusei Kikuchi,False,1,,,,,True,1.0,1.0,3.0,3.0,1.0,1.0,0.3333333333333333,0.0,0.0,0.0,0.0,
2026-04-08,Drake Baldwin,Atlanta Braves,Los Angeles Angels,Yusei Kikuchi,False,1,,,,,True,2.0,1.0,4.0,4.0,2.0,1.0,0.5,0.0,0.0,0.0,0.0,
2026-04-08,Chris Sale,Atlanta Braves,Los Angeles Angels,Yusei Kikuchi,True,1,4.0,7.0,13.5,1.75,True,,,,,,,,,,,,15.75
2026-04-08,Matt Olson,Atlanta Braves,Los Angeles Angels,Yusei Kikuchi,False,1,,,,,True,1.0,0.0,1.0,1.0,1.0,0.0,0.5,0.0,0.0,0.0,0.0,
2026-04-08,Ronald Acuña Jr.,Atlanta Braves,Los Angeles Angels,Yusei Kikuchi,False,1,,,,,True,0.0,0.0,0.0,0.0,0.0,0.0,0.25,0.0,0.0,0.0,0.0,
2026-04-08,Tyler Kinley,Atlanta Braves,Los Angeles Angels,Yusei Kikuchi,True,0,0.0,0.0,,,True,,,,,,,,,,,,
2026-04-08,Eli White,Atlanta Braves,Los Angeles Angels,Yusei Kikuchi,False,0,,,,,True,0.0,0.0,0.0,,,,,0.0,0.0,0.0,0.0,
2026-04-08,Ozzie Albies,Atlanta Braves,Los Angeles Angels,Yusei Kikuchi,False,1,,,,,True,0.0,0.0,0.0,0.0,0.0,0.0,0.6666666666666666,0.0,0.0,0.0,0.0,
2026-04-08,Austin Riley,Atlanta Braves,Los Angeles Angels,Yusei Kikuchi,False,1,,,,,True,0.0,0.0,0.0,0.0,0.0,0.0,0.25,0.0,0.0,0.0,0.0,
2026-04-08,Jorge Mateo,Atlanta Braves,Los Angeles Angels,Yusei Kikuchi,False,0,,,,,True,0.0,0.0,0.0,,,,,0.0,0.0,0.0,0.0,
2026-04-08,Joel Payamps,Atlanta Braves,Los Angeles Angels,Yusei Kikuchi,True,1,1.0,1.0,0.0,0.0,True,,,,,,,,,,,,9.0
2026-04-08,Osvaldo Bido,Atlanta Braves,Los Angeles Angels,Yusei Kikuchi,True,1,2.0,1.0,0.0,0.0,True,,,,,,,,,,,,4.5
2026-04-08,Dominic Smith,Atlanta Braves,Los Angeles Angels,Yusei Kikuchi,False,1,,,,,True,0.0,0.0,0.0,0.0,0.0,0.0,0.0,0.0,0.0,0.0,0.0,
2026-04-08,Aaron Bummer,Atlanta Braves,Los Angeles Angels,Yusei Kikuchi,True,1,1.0,1.0,0.0,0.0,True,,,,,,,,,,,,9.0
2026-04-08,Reynaldo López,Atlanta Braves,Los Angeles Angels,Yusei Kikuchi,True,0,0.0,0.0,,,True,,,,,,,,,,,,
2026-04-08,Mike Yastrzemski,Atlanta Braves,Los Angeles Angels,Yusei Kikuchi,False,1,,,,,True,1.0,0.0,1.0,1.0,1.0,0.0,0.0,0.0,0.0,0.0,0.0,
2026-04-08,Didier Fuentes,Atlanta Braves,Los Angeles Angels,Yusei Kikuchi,True,0,0.0,0.0,,,True,,,,,,,,,,,,
2026-04-08,Kyle Farmer,Atlanta Braves,Los Angeles Angels,Yusei Kikuchi,False,0,,,,,True,0.0,0.0,0.0,,,,,0.0,0.0,0.0,0.0,
2026-04-08,Grant Holmes,Atlanta Braves,Los Angeles Angels,Yusei Kikuchi,True,0,0.0,0.0,,,True,,,,,,,,,,,,
2026-04-08,Raisel Iglesias,Atlanta Braves,Los Angeles Angels,Yusei Kikuchi,True,0,0.0,0.0,,,True,,,,,,,,,,,,
2026-04-08,Bryce Elder,Atlanta Braves,Los Angeles Angels,Yusei Kikuchi,True,0,0.0,0.0,,,True,,,,,,,,,,,,
2026-04-08,José Suarez,Atlanta Braves,Los Angeles Angels,Yusei Kikuchi,True,0,0.0,0.0,,,True,,,,,,,,,,,,
2026-04-08,Martín Pérez,Atlanta Braves,Los Angeles Angels,Yusei Kikuchi,True,0,0.0,0.0,,,True,,,,,,,,,,,,
2026-04-08,Casey Schmitt,San Francisco Giants,Philadelphia Phillies,Cristopher Sánchez,False,0,,,,,True,0.0,0.0,0.0,,,,,0.0,0.0,0.0,0.0,
2026-04-08,JT Brubaker,San Francisco Giants,Philadelphia Phillies,Cristopher Sánchez,True,0,0.0,0.0,,,True,,,,,,,,,,,,
2026-04-08,Heliot Ramos,San Francisco Giants,Philadelphia Phillies,Cristopher Sánchez,False,1,,,,,True,1.0,0.0,2.0,2.0,1.0,0.0,0.6666666666666666,0.0,0.0,0.0,0.0,
2026-04-08,Logan Webb,San Francisco Giants,Philadelphia Phillies,Cristopher Sánchez,True,0,0.0,0.0,,,True,,,,,,,,,,,,
2026-04-08,Keaton Winn,San Francisco Giants,Philadelphia Phillies,Cristopher Sánchez,True,0,0.0,0.0,,,True,,,,,,,,,,,,
2026-04-08,Patrick Bailey,San Francisco Giants,Philadelphia Phillies,Cristopher Sánchez,False,1,,,,,True,1.0,0.0,1.0,1.0,1.0,0.0,0.0,0.0,0.0,0.0,0.0,
2026-04-08,Matt Chapman,San Francisco Giants,Philadelphia Phillies,Cristopher Sánchez,False,1,,,,,True,2.0,0.0,5.0,5.0,2.0,0.0,0.0,0.0,0.0,0.0,0.0,
2026-04-08,Caleb Kilian,San Francisco Giants,Philadelphia Phillies,Cristopher Sánchez,True,1,0.6666666666666666,1.0,0.0,1.5,True,,,,,,,,,,,,13.5
2026-04-08,Jung Hoo Lee,San Francisco Giants,Philadelphia Phillies,Cristopher Sánchez,False,1,,,,,True,0.0,0.0,0.0,0.0,0.0,0.0,0.0,0.0,0.0,0.0,0.0,
2026-04-08,Rafael Devers,San Francisco Giants,Philadelphia Phillies,Cristopher Sánchez,False,1,,,,,True,0.0,0.0,0.0,0.0,0.0,0.0,0.0,0.0,0.0,0.0,0.0,
2026-04-08,Harrison Bader,San Francisco Giants,Philadelphia Phillies,Cristopher Sánchez,False,1,,,,,True,1.0,0.0,2.0,2.0,1.0,0.0,0.3333333333333333,0.0,0.0,0.0,0.0,
2026-04-08,Willy Adames,San Francisco Giants,Philadelphia Phillies,Cristopher Sánchez,False,1,,,,,True,1.0,0.0,2.0,2.0,1.0,0.0,0.0,0.0,0.0,0.0,0.0,
2026-04-08,Luis Arraez,San Francisco Giants,Philadelphia Phillies,Cristopher Sánchez,False,1,,,,,True,2.0,0.0,4.0,4.0,2.0,0.0,0.0,0.0,0.0,0.0,0.0,
2026-04-08,Ryan Walker,San Francisco Giants,Philadelphia Phillies,Cristopher Sánchez,True,0,0.0,0.0,,,True,,,,,,,,,,,,
2026-04-08,José Buttó,San Francisco Giants,Philadelphia Phillies,Cristopher Sánchez,True,0,0.0,0.0,,,True,,,,,,,,,,,,
2026-04-08,Ryan Borucki,San Francisco Giants,Philadelphia Phillies,Cristopher Sánchez,True,1,0.3333333333333333,0.0,54.0,9.0,True,,,,,,,,,,,,0.0
2026-04-08,Robbie Ray,San Francisco Giants,Philadelphia Phillies,Cristopher Sánchez,True,0,0.0,0.0,,,True,,,,,,,,,,,,
2026-04-08,Erik Miller,San Francisco Giants,Philadelphia Phillies,Cristopher Sánchez,True,0,0.0,0.0,,,True,,,,,,,,,,,,
2026-04-08,Matt Gage,San Francisco Giants,Philadelphia Phillies,Cristopher Sánchez,True,0,0.0,0.0,,,True,,,,,,,,,,,,
2026-04-08,Tyler Mahle,San Francisco Giants,Philadelphia Phillies,Cristopher Sánchez,True,0,0.0,0.0,,,True,,,,,,,,,,,,
2026-04-08,Jared Oliva,San Francisco Giants,Philadelphia Phillies,Cristopher Sánchez,False,0,,,,,True,0.0,0.0,0.0,,,,,0.0,0.0,0.0,0.0,
2026-04-08,Landen Roupp,San Francisco Giants,Philadelphia Phillies,Cristopher Sánchez,True,0,0.0,0.0,,,True,,,,,,,,,,,,
2026-04-08,Christian Koss,San Francisco Giants,Philadelphia Phillies,Cristopher Sánchez,False,0,,,,,True,0.0,0.0,0.0,,,,,0.0,0.0,0.0,0.0,
2026-04-08,Jerar Encarnacion,San Francisco Giants,Philadelphia Phillies,Cristopher Sánchez,False,1,,,,,True,1.0,0.0,1.0,1.0,1.0,0.0,0.3333333333333333,0.0,0.0,0.0,0.0,
2026-04-08,Adrian Houser,San Francisco Giants,Philadelphia Phillies,Cristopher Sánchez,True,1,6.0,3.0,6.0,1.8333333333333333,True,,,,,,,,,,,,4.5
2026-04-08,Daniel Susac,San Francisco Giants,Philadelphia Phillies,Cristopher Sánchez,False,0,,,,,True,0.0,0.0,0.0,,,,,0.0,0.0,0.0,0.0,
2026-04-08,Blade Tidwell,San Francisco Giants,Philadelphia Phillies,Cristopher Sánchez,True,0,0.0,0.0,,,True,,,,,,,,,,,,
2026-04-08,Brandon Marsh,Philadelphia Phillies,San Francisco Giants,Robbie Ray,False,1,,,,,True,1.0,0.0,2.0,2.0,1.0,0.0,0.0,0.0,0.0,0.0,0.0,
2026-04-08,Justin Crawford,Philadelphia Phillies,San Francisco Giants,Robbie Ray,False,1,,,,,True,2.0,0.0,4.0,4.0,2.0,0.0,0.25,0.0,0.0,0.0,0.0,
2026-04-08,Cristopher Sánchez,Philadelphia Phillies,San Francisco Giants,Robbie Ray,True,0,0.0,0.0,,,True,,,,,,,,,,,,
2026-04-08,Bryce Harper,Philadelphia Phillies,San Francisco Giants,Robbie Ray,False,1,,,,,True,3.0,0.0,7.0,7.0,3.0,0.0,0.0,0.0,0.0,0.0,0.0,
2026-04-08,J.T. Realmuto,Philadelphia Phillies,San Francisco Giants,Robbie Ray,False,1,,,,,True,2.0,0.0,3.0,3.0,2.0,0.0,0.0,0.0,0.0,0.0,0.0,
2026-04-08,Jhoan Duran,Philadelphia Phillies,San Francisco Giants,Robbie Ray,True,0,0.0,0.0,,,True,,,,,,,,,,,,
2026-04-08,Alec Bohm,Philadelphia Phillies,San Francisco Giants,Robbie Ray,False,1,,,,,True,2.0,0.0,3.0,3.0,2.0,0.0,0.0,0.0,0.0,0.0,0.0,
2026-04-08,Jonathan Bowlan,Philadelphia Phillies,San Francisco Giants,Robbie Ray,True,1,1.0,2.0,0.0,0.0,True,,,,,,,,,,,,18.0
2026-04-08,Bryson Stott,Philadelphia Phillies,San Francisco Giants,Robbie Ray,False,1,,,,,True,0.0,0.0,0.0,0.0,0.0,0.0,0.0,0.0,0.0,0.0,0.0,
2026-04-08,Kyle Schwarber,Philadelphia Phillies,San Francisco Giants,Robbie Ray,False,1,,,,,True,0.0,0.0,1.0,1.0,0.0,0.0,0.5,0.0,0.0,0.0,0.0,
2026-04-08,Zach Pop,Philadelphia Phillies,San Francisco Giants,Robbie Ray,True,0,0.0,0.0,,,True,,,,,,,,,,,,
2026-04-08,Adolis García,Philadelphia Phillies,San Francisco Giants,Robbie Ray,False,1,,,,,True,0.0,0.0,0.0,0.0,0.0,0.0,0.0,0.0,0.0,0.0,0.0,
2026-04-08,Trea Turner,Philadelphia Phillies,San Francisco Giants,Robbie Ray,False,1,,,,,True,1.0,0.0,3.0,3.0,1.0,0.0,0.25,0.0,0.0,0.0,0.0,
2026-04-08,Kyle Backhus,Philadelphia Phillies,San Francisco Giants,Robbie Ray,True,0,0.0,0.0,,,True,,,,,,,,,,,,
2026-04-08,José Alvarado,Philadelphia Phillies,San Francisco Giants,Robbie Ray,True,1,0.0,0.0,,,True,,,,,,,,,,,,
2026-04-08,Edmundo Sosa,Philadelphia Phillies,San Francisco Giants,Robbie Ray,False,0,,,,,True,0.0,0.0,0.0,,,,,0.0,0.0,0.0,0.0,
2026-04-08,Tim Mayza,Philadelphia Phillies,San Francisco Giants,Robbie Ray,True,1,1.0,1.0,0.0,0.0,True,,,,,,,,,,,,9.0
2026-04-08,Otto Kemp,Philadelphia Phillies,San Francisco Giants,Robbie Ray,False,0,,,,,True,0.0,0.0,0.0,,,,,0.0,0.0,0.0,0.0,
2026-04-08,Tanner Banks,Philadelphia Phillies,San Francisco Giants,Robbie Ray,True,0,0.0,0.0,,,True,,,,,,,,,,,,
2026-04-08,Aaron Nola,Philadelphia Phillies,San Francisco Giants,Robbie Ray,True,0,0.0,0.0,,,True,,,,,,,,,,,,
2026-04-08,Jesús Luzardo,Philadelphia Phillies,San Francisco Giants,Robbie Ray,True,0,0.0,0.0,,,True,,,,,,,,,,,,
2026-04-08,Dylan Moore,Philadelphia Phillies,San Francisco Giants,Robbie Ray,False,0,,,,,True,0.0,0.0,0.0,,,,,0.0,0.0,0.0,0.0,
2026-04-08,Brad Keller,Philadelphia Phillies,San Francisco Giants,Robbie Ray,True,0,0.0,0.0,,,True,,,,,,,,,,,,
2026-04-08,Taijuan Walker,Philadelphia Phillies,San Francisco Giants,Robbie Ray,True,0,0.0,0.0,,,True,,,,,,,,,,,,
2026-04-08,Rafael Marchán,Philadelphia Phillies,San Francisco Giants,Robbie Ray,False,0,,,,,True,0.0,0.0,0.0,,,,,0.0,0.0,0.0,0.0,
2026-04-08,Andrew Painter,Philadelphia Phillies,San Francisco Giants,Robbie Ray,True,1,4.0,1.0,9.0,2.5,True,,,,,,,,,,,,2.25
2026-04-08,Paul Skenes,Pittsburgh Pirates,San Diego Padres,Michael King,True,0,0.0,0.0,,,True,,,,,,,,,,,,
2026-04-08,Spencer Horwitz,Pittsburgh Pirates,San Diego Padres,Michael King,False,1,,,,,True,2.0,0.0,2.0,2.0,2.0,0.0,0.0,0.0,0.0,0.0,0.0,
2026-04-08,Brandon Lowe,Pittsburgh Pirates,San Diego Padres,Michael King,False,1,,,,,True,1.0,0.0,1.0,1.0,1.0,0.0,0.0,0.0,0.0,0.0,0.0,
2026-04-08,Bryan Reynolds,Pittsburgh Pirates,San Diego Padres,Michael King,False,1,,,,,True,1.0,0.0,1.0,1.0,1.0,0.0,0.25,0.0,0.0,0.0,0.0,
2026-04-08,Oneil Cruz,Pittsburgh Pirates,San Diego Padres,Michael King,False,1,,,,,True,1.0,0.0,1.0,1.0,1.0,0.0,0.25,0.0,0.0,0.0,0.0,
2026-04-08,Gregory Soto,Pittsburgh Pirates,San Diego Padres,Michael King,True,1,1.0,1.0,0.0,1.0,True,,,,,,,,,,,,9.0
2026-04-08,Mason Montgomery,Pittsburgh Pirates,San Diego Padres,Michael King,True,0,0.0,0.0,,,True,,,,,,,,,,,,
2026-04-08,Jared Triolo,Pittsburgh Pirates,San Diego Padres,Michael King,False,0,,,,,True,0.0,0.0,0.0,,,,,0.0,0.0,0.0,0.0,
2026-04-08,Yohan Ramírez,Pittsburgh Pirates,San Diego Padres,Michael King,True,1,1.6666666666666667,0.0,5.3999999999999995,1.2,True,,,,,,,,,,,,0.0
2026-04-08,Isaac Mattson,Pittsburgh Pirates,San Diego Padres,Michael King,True,1,1.0,2.0,0.0,2.0,True,,,,,,,,,,,,18.0
2026-04-08,Dennis Santana,Pittsburgh Pirates,San Diego Padres,Michael King,True,0,0.0,0.0,,,True,,,,,,,,,,,,
2026-04-08,Henry Davis,Pittsburgh Pirates,San Diego Padres,Michael King,False,1,,,,,True,0.0,0.0,0.0,0.0,0.0,0.0,0.0,0.0,0.0,0.0,0.0,
2026-04-08,Justin Lawrence,Pittsburgh Pirates,San Diego Padres,Michael King,True,1,1.0,2.0,9.0,2.0,True,,,,,,,,,,,,18.0
2026-04-08,Ryan O'Hearn,Pittsburgh Pirates,San Diego Padres,Michael King,False,1,,,,,True,1.0,0.0,1.0,1.0,1.0,0.0,0.25,0.0,0.0,0.0,0.0,
2026-04-08,Nick Gonzales,Pittsburgh Pirates,San Diego Padres,Michael King,False,1,,,,,True,1.0,0.0,1.0,1.0,1.0,0.0,0.25,0.0,0.0,0.0,0.0,
2026-04-08,Marcell Ozuna,Pittsburgh Pirates,San Diego Padres,Michael King,False,1,,,,,True,0.0,0.0,0.0,0.0,0.0,0.0,0.0,0.0,0.0,0.0,0.0,
2026-04-08,Nick Yorke,Pittsburgh Pirates,San Diego Padres,Michael King,False,0,,,,,True,0.0,0.0,0.0,,,,,0.0,0.0,0.0,0.0,
2026-04-08,Joey Bart,Pittsburgh Pirates,San Diego Padres,Michael King,False,0,,,,,True,0.0,0.0,0.0,,,,,0.0,0.0,0.0,0.0,
2026-04-08,Jake Mangum,Pittsburgh Pirates,San Diego Padres,Michael King,False,1,,,,,True,0.0,0.0,0.0,0.0,0.0,0.0,0.0,0.0,0.0,0.0,0.0,
2026-04-08,Mitch Keller,Pittsburgh Pirates,San Diego Padres,Michael King,True,0,0.0,0.0,,,True,,,,,,,,,,,,
2026-04-08,Billy Cook,Pittsburgh Pirates,San Diego Padres,Michael King,False,0,,,,,True,0.0,0.0,0.0,,,,,0.0,0.0,0.0,0.0,
2026-04-08,Hunter Barco,Pittsburgh Pirates,San Diego Padres,Michael King,True,0,0.0,0.0,,,True,,,,,,,,,,,,
2026-04-08,Carmen Mlodzinski,Pittsburgh Pirates,San Diego Padres,Michael King,True,0,0.0,0.0,,,True,,,,,,,,,,,,
2026-04-08,José Urquidy,Pittsburgh Pirates,San Diego Padres,Michael King,True,0,0.0,0.0,,,True,,,,,,,,,,,,
2026-04-08,Braxton Ashcraft,Pittsburgh Pirates,San Diego Padres,Michael King,True,0,0.0,0.0,,,True,,,,,,,,,,,,
2026-04-08,Bubba Chandler,Pittsburgh Pirates,San Diego Padres,Michael King,True,1,4.333333333333333,4.0,6.230769230769231,2.076923076923077,True,,,,,,,,,,,,8.307692307692308
2026-04-08,Konnor Griffin,Pittsburgh Pirates,San Diego Padres,Michael King,False,1,,,,,True,0.0,0.0,0.0,0.0,0.0,0.0,0.5,0.0,0.0,0.0,0.0,
2026-04-08,Freddy Fermin,San Diego Padres,Pittsburgh Pirates,Mitch Keller,False,1,,,,,True,2.0,0.0,4.0,4.0,2.0,0.0,0.5,0.0,0.0,0.0,0.0,
2026-04-08,David Morgan,San Diego Padres,Pittsburgh Pirates,Mitch Keller,True,1,2.0,1.0,0.0,1.5,True,,,,,,,,,,,,4.5
2026-04-08,Wandy Peralta,San Diego Padres,Pittsburgh Pirates,Mitch Keller,True,0,0.0,0.0,,,True,,,,,,,,,,,,
2026-04-08,Nick Castellanos,San Diego Padres,Pittsburgh Pirates,Mitch Keller,False,1,,,,,True,2.0,0.0,3.0,3.0,2.0,0.0,0.0,0.0,0.0,0.0,0.0,
2026-04-08,Jackson Merrill,San Diego Padres,Pittsburgh Pirates,Mitch Keller,False,1,,,,,True,1.0,0.0,2.0,2.0,1.0,0.0,0.2,0.0,0.0,0.0,0.0,
2026-04-08,Bradgley Rodriguez,San Diego Padres,Pittsburgh Pirates,Mitch Keller,True,0,0.0,0.0,,,True,,,,,,,,,,,,
2026-04-08,Gavin Sheets,San Diego Padres,Pittsburgh Pirates,Mitch Keller,False,1,,,,,True,0.0,0.0,0.0,0.0,0.0,0.0,0.2,0.0,0.0,0.0,0.0,
2026-04-08,Ramón Laureano,San Diego Padres,Pittsburgh Pirates,Mitch Keller,False,1,,,,,True,1.0,0.0,3.0,3.0,1.0,0.0,0.2,0.0,0.0,0.0,0.0,
2026-04-08,Manny Machado,San Diego Padres,Pittsburgh Pirates,Mitch Keller,False,1,,,,,True,1.0,0.0,3.0,3.0,1.0,0.0,0.4,0.0,0.0,0.0,0.0,
2026-04-08,Nick Pivetta,San Diego Padres,Pittsburgh Pirates,Mitch Keller,True,0,0.0,0.0,,,True,,,,,,,,,,,,
2026-04-08,Miguel Andujar,San Diego Padres,Pittsburgh Pirates,Mitch Keller,False,0,,,,,True,0.0,0.0,0.0,,,,,0.0,0.0,0.0,0.0,
2026-04-08,Fernando Tatis Jr.,San Diego Padres,Pittsburgh Pirates,Mitch Keller,False,1,,,,,True,0.0,0.0,1.0,1.0,0.0,0.0,0.2,0.0,0.0,0.0,0.0,
2026-04-08,Xander Bogaerts,San Diego Padres,Pittsburgh Pirates,Mitch Keller,False,1,,,,,True,2.0,0.0,2.0,2.0,2.0,0.0,0.0,0.0,0.0,0.0,0.0,
2026-04-08,Ron Marinaccio,San Diego Padres,Pittsburgh Pirates,Mitch Keller,True,1,2.0,1.0,0.0,1.0,True,,,,,,,,,,,,4.5
2026-04-08,Jake Cronenworth,San Diego Padres,Pittsburgh Pirates,Mitch Keller,False,1,,,,,True,2.0,0.0,3.0,3.0,2.0,0.0,0.25,0.0,0.0,0.0,0.0,
2026-04-08,Luis Campusano,San Diego Padres,Pittsburgh Pirates,Mitch Keller,False,0,,,,,True,0.0,0.0,0.0,,,,,0.0,0.0,0.0,0.0,
2026-04-08,Michael King,San Diego Padres,Pittsburgh Pirates,Mitch Keller,True,0,0.0,0.0,,,True,,,,,,,,,,,,
2026-04-08,Jeremiah Estrada,San Diego Padres,Pittsburgh Pirates,Mitch Keller,True,0,0.0,0.0,,,True,,,,,,,,,,,,
2026-04-08,Adrian Morejon,San Diego Padres,Pittsburgh Pirates,Mitch Keller,True,0,0.0,0.0,,,True,,,,,,,,,,,,
2026-04-08,Ty France,San Diego Padres,Pittsburgh Pirates,Mitch Keller,False,0,,,,,True,0.0,0.0,0.0,,,,,0.0,0.0,0.0,0.0,
2026-04-08,Mason Miller,San Diego Padres,Pittsburgh Pirates,Mitch Keller,True,0,0.0,0.0,,,True,,,,,,,,,,,,
2026-04-08,Bryce Johnson,San Diego Padres,Pittsburgh Pirates,Mitch Keller,False,0,,,,,True,0.0,0.0,0.0,,,,,0.0,0.0,0.0,0.0,
2026-04-08,Kyle Hart,San Diego Padres,Pittsburgh Pirates,Mitch Keller,True,0,0.0,0.0,,,True,,,,,,,,,,,,
2026-04-08,Randy Vásquez,San Diego Padres,Pittsburgh Pirates,Mitch Keller,True,0,0.0,0.0,,,True,,,,,,,,,,,,
2026-04-08,Walker Buehler,San Diego Padres,Pittsburgh Pirates,Mitch Keller,True,0,0.0,0.0,,,True,,,,,,,,,,,,
2026-04-08,Germán Márquez,San Diego Padres,Pittsburgh Pirates,Mitch Keller,True,1,5.0,4.0,0.0,1.4,True,,,,,,,,,,,,7.2
2026-04-08,Shawn Armstrong,Cleveland Guardians,Kansas City Royals,Cole Ragans,True,0,0.0,0.0,,,True,,,,,,,,,,,,
2026-04-08,Chase DeLauter,Cleveland Guardians,Kansas City Royals,Cole Ragans,False,1,,,,,True,0.0,0.0,0.0,0.0,0.0,0.0,0.25,0.0,0.0,0.0,0.0,
2026-04-08,Connor Brogdon,Cleveland Guardians,Kansas City Royals,Cole Ragans,True,0,0.0,0.0,,,True,,,,,,,,,,,,
2026-04-08,Daniel Schneemann,Cleveland Guardians,Kansas City Royals,Cole Ragans,False,1,,,,,True,0.0,0.0,0.0,0.0,0.0,0.0,0.0,0.0,0.0,0.0,0.0,
2026-04-08,Brayan Rocchio,Cleveland Guardians,Kansas City Royals,Cole Ragans,False,1,,,,,True,1.0,1.0,3.0,3.0,1.0,1.0,0.0,0.0,0.0,0.0,0.0,
2026-04-08,Gabriel Arias,Cleveland Guardians,Kansas City Royals,Cole Ragans,False,1,,,,,True,1.0,0.0,1.0,1.0,1.0,0.0,0.5,0.0,0.0,0.0,0.0,
2026-04-08,Bo Naylor,Cleveland Guardians,Kansas City Royals,Cole Ragans,False,1,,,,,True,0.0,0.0,0.0,0.0,0.0,0.0,0.25,0.0,0.0,0.0,0.0,
2026-04-08,Cade Smith,Cleveland Guardians,Kansas City Royals,Cole Ragans,True,0,0.0,0.0,,,True,,,,,,,,,,,,
2026-04-08,José Ramírez,Cleveland Guardians,Kansas City Royals,Cole Ragans,False,1,,,,,True,0.0,0.0,0.0,0.0,0.0,0.0,0.0,0.0,0.0,0.0,0.0,
2026-04-08,Steven Kwan,Cleveland Guardians,Kansas City Royals,Cole Ragans,False,1,,,,,True,2.0,1.0,4.0,4.0,2.0,1.0,0.0,0.0,0.0,0.0,0.0,
2026-04-08,Angel Martínez,Cleveland Guardians,Kansas City Royals,Cole Ragans,False,0,,,,,True,0.0,0.0,0.0,,,,,0.0,0.0,0.0,0.0,
2026-04-08,Kyle Manzardo,Cleveland Guardians,Kansas City Royals,Cole Ragans,False,1,,,,,True,0.0,0.0,0.0,0.0,0.0,0.0,0.0,0.0,0.0,0.0,0.0,
2026-04-08,Erik Sabrowski,Cleveland Guardians,Kansas City Royals,Cole Ragans,True,0,0.0,0.0,,,True,,,,,,,,,,,,
2026-04-08,Tanner Bibee,Cleveland Guardians,Kansas City Royals,Cole Ragans,True,1,4.666666666666667,3.0,1.9285714285714284,1.2857142857142856,True,,,,,,,,,,,,5.785714285714286
2026-04-08,Rhys Hoskins,Cleveland Guardians,Kansas City Royals,Cole Ragans,False,1,,,,,True,0.0,0.0,0.0,0.0,0.0,0.0,0.5,0.0,0.0,0.0,0.0,
2026-04-08,Colin Holderman,Cleveland Guardians,Kansas City Royals,Cole Ragans,True,0,0.0,0.0,,,True,,,,,,,,,,,,
2026-04-08,Peyton Pallette,Cleveland Guardians,Kansas City Royals,Cole Ragans,True,1,2.0,3.0,4.5,1.5,True,,,,,,,,,,,,13.5
2026-04-08,Gavin Williams,Cleveland Guardians,Kansas City Royals,Cole Ragans,True,0,0.0,0.0,,,True,,,,,,,,,,,,
2026-04-08,CJ Kayfus,Cleveland Guardians,Kansas City Royals,Cole Ragans,False,1,,,,,True,0.0,0.0,0.0,0.0,0.0,0.0,0.0,0.0,0.0,0.0,0.0,
2026-04-08,Matt Festa,Cleveland Guardians,Kansas City Royals,Cole Ragans,True,0,0.0,0.0,,,True,,,,,,,,,,,,
2026-04-08,David Fry,Cleveland Guardians,Kansas City Royals,Cole Ragans,False,1,,,,,True,0.0,0.0,0.0,0.0,0.0,0.0,0.0,0.0,0.0,0.0,0.0,
2026-04-08,Joey Cantillo,Cleveland Guardians,Kansas City Royals,Cole Ragans,True,0,0.0,0.0,,,True,,,,,,,,,,,,
2026-04-08,Tim Herrin,Cleveland Guardians,Kansas City Royals,Cole Ragans,True,1,0.3333333333333333,0.0,0.0,0.0,True,,,,,,,,,,,,0.0
2026-04-08,Slade Cecconi,Cleveland Guardians,Kansas City Royals,Cole Ragans,True,0,0.0,0.0,,,True,,,,,,,,,,,,
2026-04-08,Austin Hedges,Cleveland Guardians,Kansas City Royals,Cole Ragans,False,0,,,,,True,0.0,0.0,0.0,,,,,0.0,0.0,0.0,0.0,
2026-04-08,Parker Messick,Cleveland Guardians,Kansas City Royals,Cole Ragans,True,0,0.0,0.0,,,True,,,,,,,,,,,,
2026-04-08,Kolby Allard,Cleveland Guardians,Kansas City Royals,Cole Ragans,True,1,2.0,2.0,9.0,2.0,True,,,,,,,,,,,,9.0
2026-04-08,Carter Jensen,Kansas City Royals,Cleveland Guardians,Joey Cantillo,False,1,,,,,True,2.0,1.0,5.0,5.0,2.0,1.0,0.25,0.0,0.0,0.0,0.0,
2026-04-08,Cole Ragans,Kansas City Royals,Cleveland Guardians,Joey Cantillo,True,0,0.0,0.0,,,True,,,,,,,,,,,,
2026-04-08,Jonathan India,Kansas City Royals,Cleveland Guardians,Joey Cantillo,False,1,,,,,True,2.0,1.0,6.0,6.0,2.0,1.0,0.5,0.0,0.0,0.0,0.0,
2026-04-08,Isaac Collins,Kansas City Royals,Cleveland Guardians,Joey Cantillo,False,1,,,,,True,0.0,0.0,0.0,0.0,0.0,0.0,0.75,0.0,0.0,0.0,0.0,
2026-04-08,Salvador Perez,Kansas City Royals,Cleveland Guardians,Joey Cantillo,False,1,,,,,True,0.0,0.0,0.0,0.0,0.0,0.0,0.25,0.0,0.0,0.0,0.0,
2026-04-08,Starling Marte,Kansas City Royals,Cleveland Guardians,Joey Cantillo,False,0,,,,,True,0.0,0.0,0.0,,,,,0.0,0.0,0.0,0.0,
2026-04-08,Vinnie Pasquantino,Kansas City Royals,Cleveland Guardians,Joey Cantillo,False,1,,,,,True,1.0,0.0,2.0,2.0,1.0,0.0,0.2,0.0,0.0,0.0,0.0,
2026-04-08,Bailey Falter,Kansas City Royals,Cleveland Guardians,Joey Cantillo,True,0,0.0,0.0,,,True,,,,,,,,,,,,
2026-04-08,Maikel Garcia,Kansas City Royals,Cleveland Guardians,Joey Cantillo,False,1,,,,,True,2.0,0.0,2.0,2.0,2.0,0.0,0.0,0.0,0.0,0.0,0.0,
2026-04-08,Lane Thomas,Kansas City Royals,Cleveland Guardians,Joey Cantillo,False,1,,,,,True,0.0,0.0,0.0,0.0,0.0,0.0,,0.0,0.0,0.0,0.0,
2026-04-08,Alex Lange,Kansas City Royals,Cleveland Guardians,Joey Cantillo,True,0,0.0,0.0,,,True,,,,,,,,,,,,
2026-04-08,Jac Caglianone,Kansas City Royals,Cleveland Guardians,Joey Cantillo,False,1,,,,,True,1.0,0.0,1.0,1.0,1.0,0.0,0.0,0.0,0.0,0.0,0.0,
2026-04-08,Bobby Witt Jr.,Kansas City Royals,Cleveland Guardians,Joey Cantillo,False,1,,,,,True,2.0,0.0,2.0,2.0,2.0,0.0,0.0,0.0,0.0,0.0,0.0,
2026-04-08,Tyler Tolbert,Kansas City Royals,Cleveland Guardians,Joey Cantillo,False,0,,,,,True,0.0,0.0,0.0,,,,,0.0,0.0,0.0,0.0,
2026-04-08,Lucas Erceg,Kansas City Royals,Cleveland Guardians,Joey Cantillo,True,1,1.0,1.0,0.0,0.0,True,,,,,,,,,,,,9.0
2026-04-08,Matt Strahm,Kansas City Royals,Cleveland Guardians,Joey Cantillo,True,1,1.0,1.0,9.0,2.0,True,,,,,,,,,,,,9.0
2026-04-08,Carlos Estévez,Kansas City Royals,Cleveland Guardians,Joey Cantillo,True,0,0.0,0.0,,,True,,,,,,,,,,,,
2026-04-08,Kyle Isbel,Kansas City Royals,Cleveland Guardians,Joey Cantillo,False,1,,,,,True,1.0,0.0,1.0,1.0,1.0,0.0,0.0,0.0,0.0,0.0,0.0,
2026-04-08,Michael Wacha,Kansas City Royals,Cleveland Guardians,Joey Cantillo,True,1,7.0,3.0,1.2857142857142858,0.8571428571428571,True,,,,,,,,,,,,3.857142857142857
2026-04-08,Nick Loftin,Kansas City Royals,Cleveland Guardians,Joey Cantillo,False,0,,,,,True,0.0,0.0,0.0,,,,,0.0,0.0,0.0,0.0,
2026-04-08,Seth Lugo,Kansas City Royals,Cleveland Guardians,Joey Cantillo,True,0,0.0,0.0,,,True,,,,,,,,,,,,
2026-04-08,John Schreiber,Kansas City Royals,Cleveland Guardians,Joey Cantillo,True,0,0.0,0.0,,,True,,,,,,,,,,,,
2026-04-08,Kris Bubic,Kansas City Royals,Cleveland Guardians,Joey Cantillo,True,0,0.0,0.0,,,True,,,,,,,,,,,,
2026-04-08,Nick Mears,Kansas City Royals,Cleveland Guardians,Joey Cantillo,True,0,0.0,0.0,,,True,,,,,,,,,,,,
2026-04-08,Daniel Lynch IV,Kansas City Royals,Cleveland Guardians,Joey Cantillo,True,0,0.0,0.0,,,True,,,,,,,,,,,,
2026-04-08,Noah Cameron,Kansas City Royals,Cleveland Guardians,Joey Cantillo,True,0,0.0,0.0,,,True,,,,,,,,,,,,
2026-04-08,Steven Cruz,Kansas City Royals,Cleveland Guardians,Joey Cantillo,True,0,0.0,0.0,,,True,,,,,,,,,,,,
2026-04-08,Eli Morgan,Kansas City Royals,Cleveland Guardians,Joey Cantillo,True,0,0.0,0.0,,,True,,,,,,,,,,,,
2026-04-08,Luinder Avila,Kansas City Royals,Cleveland Guardians,Joey Cantillo,True,0,0.0,0.0,,,True,,,,,,,,,,,,
2026-04-08,Michael Massey,Kansas City Royals,Cleveland Guardians,Joey Cantillo,False,1,,,,,True,0.0,0.0,0.0,0.0,0.0,0.0,,0.0,0.0,0.0,0.0,
2026-04-08,Roman Anthony,Boston Red Sox,Milwaukee Brewers,Chad Patrick,False,1,,,,,True,2.0,0.0,4.0,4.0,2.0,0.0,0.0,0.0,0.0,0.0,0.0,
2026-04-08,Willson Contreras,Boston Red Sox,Milwaukee Brewers,Chad Patrick,False,1,,,,,True,3.0,1.0,6.0,6.0,3.0,1.0,0.0,0.0,0.0,0.0,0.0,
2026-04-08,Trevor Story,Boston Red Sox,Milwaukee Brewers,Chad Patrick,False,1,,,,,True,1.0,0.0,3.0,3.0,1.0,0.0,0.0,0.0,0.0,0.0,0.0,
2026-04-08,Wilyer Abreu,Boston Red Sox,Milwaukee Brewers,Chad Patrick,False,1,,,,,True,1.0,0.0,2.0,2.0,1.0,0.0,0.4,0.0,0.0,0.0,0.0,
2026-04-08,Garrett Whitlock,Boston Red Sox,Milwaukee Brewers,Chad Patrick,True,1,1.0,2.0,9.0,3.0,True,,,,,,,,,,,,18.0
2026-04-08,Isiah Kiner-Falefa,Boston Red Sox,Milwaukee Brewers,Chad Patrick,False,0,,,,,True,0.0,0.0,0.0,,,,,0.0,0.0,0.0,0.0,
2026-04-08,Garrett Crochet,Boston Red Sox,Milwaukee Brewers,Chad Patrick,True,0,0.0,0.0,,,True,,,,,,,,,,,,
2026-04-08,Justin Slaten,Boston Red Sox,Milwaukee Brewers,Chad Patrick,True,0,0.0,0.0,,,True,,,,,,,,,,,,
2026-04-08,Caleb Durbin,Boston Red Sox,Milwaukee Brewers,Chad Patrick,False,1,,,,,True,2.0,0.0,3.0,3.0,2.0,0.0,0.0,0.0,0.0,0.0,0.0,
2026-04-08,Carlos Narváez,Boston Red Sox,Milwaukee Brewers,Chad Patrick,False,1,,,,,True,0.0,0.0,0.0,0.0,0.0,0.0,0.25,0.0,0.0,0.0,0.0,
2026-04-08,Jarren Duran,Boston Red Sox,Milwaukee Brewers,Chad Patrick,False,0,,,,,True,0.0,0.0,0.0,,,,,0.0,0.0,0.0,0.0,
2026-04-08,Ceddanne Rafaela,Boston Red Sox,Milwaukee Brewers,Chad Patrick,False,1,,,,,True,0.0,0.0,1.0,1.0,0.0,0.0,0.25,0.0,0.0,0.0,0.0,
2026-04-08,Marcelo Mayer,Boston Red Sox,Milwaukee Brewers,Chad Patrick,False,1,,,,,True,0.0,0.0,0.0,0.0,0.0,0.0,0.0,0.0,0.0,0.0,0.0,
2026-04-08,Aroldis Chapman,Boston Red Sox,Milwaukee Brewers,Chad Patrick,True,0,0.0,0.0,,,True,,,,,,,,,,,,
2026-04-08,Greg Weissert,Boston Red Sox,Milwaukee Brewers,Chad Patrick,True,0,0.0,0.0,,,True,,,,,,,,,,,,
2026-04-08,Connor Wong,Boston Red Sox,Milwaukee Brewers,Chad Patrick,False,0,,,,,True,0.0,0.0,0.0,,,,,0.0,0.0,0.0,0.0,
2026-04-08,Sonny Gray,Boston Red Sox,Milwaukee Brewers,Chad Patrick,True,0,0.0,0.0,,,True,,,,,,,,,,,,
2026-04-08,Masataka Yoshida,Boston Red Sox,Milwaukee Brewers,Chad Patrick,False,1,,,,,True,1.0,0.0,2.0,2.0,1.0,0.0,0.0,0.0,0.0,0.0,0.0,
2026-04-08,Danny Coulombe,Boston Red Sox,Milwaukee Brewers,Chad Patrick,True,1,0.6666666666666666,0.0,0.0,4.5,True,,,,,,,,,,,,0.0
2026-04-08,Ryan Watson,Boston Red Sox,Milwaukee Brewers,Chad Patrick,True,1,1.0,0.0,9.0,2.0,True,,,,,,,,,,,,0.0
2026-04-08,Connelly Early,Boston Red Sox,Milwaukee Brewers,Chad Patrick,True,0,0.0,0.0,,,True,,,,,,,,,,,,
2026-04-08,Andruw Monasterio,Boston Red Sox,Milwaukee Brewers,Chad Patrick,False,1,,,,,True,0.0,0.0,0.0,0.0,0.0,0.0,0.0,0.0,0.0,0.0,0.0,
2026-04-08,Jovani Morán,Boston Red Sox,Milwaukee Brewers,Chad Patrick,True,1,3.0,4.0,3.0,0.6666666666666666,True,,,,,,,,,,,,12.0
2026-04-08,Johan Oviedo,Boston Red Sox,Milwaukee Brewers,Chad Patrick,True,0,0.0,0.0,,,True,,,,,,,,,,,,
2026-04-08,Ranger Suarez,Boston Red Sox,Milwaukee Brewers,Chad Patrick,True,0,0.0,0.0,,,True,,,,,,,,,,,,
2026-04-08,Brayan Bello,Boston Red Sox,Milwaukee Brewers,Chad Patrick,True,1,3.3333333333333335,5.0,8.1,2.6999999999999997,True,,,,,,,,,,,,13.5
2026-04-08,Zack Kelly,Boston Red Sox,Milwaukee Brewers,Chad Patrick,True,0,0.0,0.0,,,True,,,,,,,,,,,,
2026-04-08,Tyler Uberstine,Boston Red Sox,Milwaukee Brewers,Chad Patrick,True,0,0.0,0.0,,,True,,,,,,,,,,,,
2026-04-08,Luis Rengifo,Milwaukee Brewers,Boston Red Sox,Sonny Gray,False,1,,,,,True,1.0,0.0,2.0,2.0,1.0,0.0,0.4,0.0,0.0,0.0,0.0,
2026-04-08,Joey Ortiz,Milwaukee Brewers,Boston Red Sox,Sonny Gray,False,0,,,,,True,0.0,0.0,0.0,,,,,0.0,0.0,0.0,0.0,
2026-04-08,Christian Yelich,Milwaukee Brewers,Boston Red Sox,Sonny Gray,False,1,,,,,True,3.0,0.0,5.0,5.0,3.0,0.0,0.2,0.0,0.0,0.0,0.0,
2026-04-08,Jake Bauers,Milwaukee Brewers,Boston Red Sox,Sonny Gray,False,1,,,,,True,0.0,0.0,1.0,1.0,0.0,0.0,0.2,0.0,0.0,0.0,0.0,
2026-04-08,Sal Frelick,Milwaukee Brewers,Boston Red Sox,Sonny Gray,False,1,,,,,True,2.0,0.0,4.0,4.0,2.0,0.0,0.2,0.0,0.0,0.0,0.0,
2026-04-08,Grant Anderson,Milwaukee Brewers,Boston Red Sox,Sonny Gray,True,1,1.0,0.0,0.0,0.0,True,,,,,,,,,,,,0.0
2026-04-08,Andrew Vaughn,Milwaukee Brewers,Boston Red Sox,Sonny Gray,False,0,,,,,True,0.0,0.0,0.0,,,,,0.0,0.0,0.0,0.0,
2026-04-08,Brandon Lockridge,Milwaukee Brewers,Boston Red Sox,Sonny Gray,False,0,,,,,True,0.0,0.0,0.0,,,,,0.0,0.0,0.0,0.0,
2026-04-08,Aaron Ashby,Milwaukee Brewers,Boston Red Sox,Sonny Gray,True,1,1.3333333333333333,0.0,0.0,1.5,True,,,,,,,,,,,,0.0
2026-04-08,Garrett Mitchell,Milwaukee Brewers,Boston Red Sox,Sonny Gray,False,1,,,,,True,2.0,0.0,4.0,4.0,2.0,0.0,0.6,0.0,0.0,0.0,0.0,
2026-04-08,David Hamilton,Milwaukee Brewers,Boston Red Sox,Sonny Gray,False,1,,,,,True,1.0,0.0,3.0,3.0,1.0,0.0,0.0,0.0,0.0,0.0,0.0,
2026-04-08,Blake Perkins,Milwaukee Brewers,Boston Red Sox,Sonny Gray,False,1,,,,,True,1.0,0.0,1.0,1.0,1.0,0.0,0.4,0.0,0.0,0.0,0.0,
2026-04-08,Jake Woodford,Milwaukee Brewers,Boston Red Sox,Sonny Gray,True,0,0.0,0.0,,,True,,,,,,,,,,,,
2026-04-08,William Contreras,Milwaukee Brewers,Boston Red Sox,Sonny Gray,False,1,,,,,True,1.0,0.0,3.0,3.0,1.0,0.0,0.2,0.0,0.0,0.0,0.0,
2026-04-08,Brice Turang,Milwaukee Brewers,Boston Red Sox,Sonny Gray,False,1,,,,,True,0.0,0.0,3.0,3.0,0.0,0.0,0.0,0.0,0.0,0.0,0.0,
2026-04-08,Jacob Misiorowski,Milwaukee Brewers,Boston Red Sox,Sonny Gray,True,0,0.0,0.0,,,True,,,,,,,,,,,,
2026-04-08,DL Hall,Milwaukee Brewers,Boston Red Sox,Sonny Gray,True,0,0.0,0.0,,,True,,,,,,,,,,,,
2026-04-08,Chad Patrick,Milwaukee Brewers,Boston Red Sox,Sonny Gray,True,0,0.0,0.0,,,True,,,,,,,,,,,,
2026-04-08,Abner Uribe,Milwaukee Brewers,Boston Red Sox,Sonny Gray,True,0,0.0,0.0,,,True,,,,,,,,,,,,
2026-04-08,Angel Zerpa,Milwaukee Brewers,Boston Red Sox,Sonny Gray,True,1,1.0,0.0,9.0,2.0,True,,,,,,,,,,,,0.0
2026-04-08,Brandon Sproat,Milwaukee Brewers,Boston Red Sox,Sonny Gray,True,0,0.0,0.0,,,True,,,,,,,,,,,,
2026-04-08,Gary Sánchez,Milwaukee Brewers,Boston Red Sox,Sonny Gray,False,0,,,,,True,0.0,0.0,0.0,,,,,0.0,0.0,0.0,0.0,
2026-04-08,Jared Koenig,Milwaukee Brewers,Boston Red Sox,Sonny Gray,True,0,0.0,0.0,,,True,,,,,,,,,,,,
2026-04-08,Jeferson Quero,Milwaukee Brewers,Boston Red Sox,Sonny Gray,False,0,,,,,True,0.0,0.0,0.0,,,,,0.0,0.0,0.0,0.0,
2026-04-08,Trevor Megill,Milwaukee Brewers,Boston Red Sox,Sonny Gray,True,0,0.0,0.0,,,True,,,,,,,,,,,,
2026-04-08,Kyle Harrison,Milwaukee Brewers,Boston Red Sox,Sonny Gray,True,0,0.0,0.0,,,True,,,,,,,,,,,,
2026-04-08,Brandon Woodruff,Milwaukee Brewers,Boston Red Sox,Sonny Gray,True,1,5.666666666666667,4.0,4.764705882352941,1.588235294117647,True,,,,,,,,,,,,6.352941176470588
2026-04-08,Logan Henderson,Milwaukee Brewers,Boston Red Sox,Sonny Gray,True,0,0.0,0.0,,,True,,,,,,,,,,,,
2026-04-08,Luis Matos,Milwaukee Brewers,Boston Red Sox,Sonny Gray,False,0,,,,,True,0.0,0.0,0.0,,,,,0.0,0.0,0.0,0.0,
2026-04-08,Lenyn Sosa,Chicago White Sox,Baltimore Orioles,Kyle Bradish,False,1,,,,,True,0.0,0.0,1.0,1.0,0.0,0.0,0.0,0.0,0.0,0.0,0.0,
2026-04-08,Tristan Peters,Chicago White Sox,Baltimore Orioles,Kyle Bradish,False,1,,,,,True,0.0,0.0,0.0,0.0,0.0,0.0,0.3333333333333333,0.0,0.0,0.0,0.0,
2026-04-08,Luisangel Acuña,Chicago White Sox,Baltimore Orioles,Kyle Bradish,False,1,,,,,True,0.0,0.0,0.0,0.0,0.0,0.0,0.0,0.0,0.0,0.0,0.0,
2026-04-08,Shane Smith,Chicago White Sox,Baltimore Orioles,Kyle Bradish,True,0,0.0,0.0,,,True,,,,,,,,,,,,
2026-04-08,Munetaka Murakami,Chicago White Sox,Baltimore Orioles,Kyle Bradish,False,1,,,,,True,0.0,0.0,1.0,1.0,0.0,0.0,0.0,0.0,0.0,0.0,0.0,
2026-04-08,Jedixson Paez,Chicago White Sox,Baltimore Orioles,Kyle Bradish,True,0,0.0,0.0,,,True,,,,,,,,,,,,
2026-04-08,Chase Meidroth,Chicago White Sox,Baltimore Orioles,Kyle Bradish,False,1,,,,,True,2.0,0.0,2.0,2.0,2.0,0.0,0.0,0.0,0.0,0.0,0.0,
2026-04-08,Colson Montgomery,Chicago White Sox,Baltimore Orioles,Kyle Bradish,False,1,,,,,True,0.0,0.0,0.0,0.0,0.0,0.0,0.25,0.0,0.0,0.0,0.0,
2026-04-08,Austin Hays,Chicago White Sox,Baltimore Orioles,Kyle Bradish,False,1,,,,,True,1.0,0.0,1.0,1.0,1.0,0.0,0.0,0.0,0.0,0.0,0.0,
2026-04-08,Reese McGuire,Chicago White Sox,Baltimore Orioles,Kyle Bradish,False,0,,,,,True,0.0,0.0,0.0,,,,,0.0,0.0,0.0,0.0,
2026-04-08,Edgar Quero,Chicago White Sox,Baltimore Orioles,Kyle Bradish,False,1,,,,,True,0.0,0.0,0.0,0.0,0.0,0.0,0.5,0.0,0.0,0.0,0.0,
2026-04-08,Andrew Benintendi,Chicago White Sox,Baltimore Orioles,Kyle Bradish,False,1,,,,,True,1.0,0.0,1.0,1.0,1.0,0.0,0.25,0.0,0.0,0.0,0.0,
2026-04-08,Jordan Leasure,Chicago White Sox,Baltimore Orioles,Kyle Bradish,True,0,0.0,0.0,,,True,,,,,,,,,,,,
2026-04-08,Sean Newcomb,Chicago White Sox,Baltimore Orioles,Kyle Bradish,True,0,0.0,0.0,,,True,,,,,,,,,,,,
2026-04-08,Jordan Hicks,Chicago White Sox,Baltimore Orioles,Kyle Bradish,True,0,0.0,0.0,,,True,,,,,,,,,,,,
2026-04-08,Everson Pereira,Chicago White Sox,Baltimore Orioles,Kyle Bradish,False,0,,,,,True,0.0,0.0,0.0,,,,,0.0,0.0,0.0,0.0,
2026-04-08,Derek Hill,Chicago White Sox,Baltimore Orioles,Kyle Bradish,False,1,,,,,True,0.0,0.0,0.0,0.0,0.0,0.0,0.0,0.0,0.0,0.0,0.0,
2026-04-08,Miguel Vargas,Chicago White Sox,Baltimore Orioles,Kyle Bradish,False,1,,,,,True,0.0,0.0,0.0,0.0,0.0,0.0,0.25,0.0,0.0,0.0,0.0,
2026-04-08,Tyler Gilbert,Chicago White Sox,Baltimore Orioles,Kyle Bradish,True,0,0.0,0.0,,,True,,,,,,,,,,,,
2026-04-08,Grant Taylor,Chicago White Sox,Baltimore Orioles,Kyle Bradish,True,1,1.0,1.0,0.0,1.0,True,,,,,,,,,,,,9.0
2026-04-08,Seranthony Domínguez,Chicago White Sox,Baltimore Orioles,Kyle Bradish,True,0,0.0,0.0,,,True,,,,,,,,,,,,
2026-04-08,Chris Murphy,Chicago White Sox,Baltimore Orioles,Kyle Bradish,True,0,0.0,0.0,,,True,,,,,,,,,,,,
2026-04-08,Sean Burke,Chicago White Sox,Baltimore Orioles,Kyle Bradish,True,0,0.0,0.0,,,True,,,,,,,,,,,,
2026-04-08,Bryan Hudson,Chicago White Sox,Baltimore Orioles,Kyle Bradish,True,0,0.0,0.0,,,True,,,,,,,,,,,,
2026-04-08,Anthony Kay,Chicago White Sox,Baltimore Orioles,Kyle Bradish,True,0,0.0,0.0,,,True,,,,,,,,,,,,
2026-04-08,Davis Martin,Chicago White Sox,Baltimore Orioles,Kyle Bradish,True,0,0.0,0.0,,,True,,,,,,,,,,,,
2026-04-08,Erick Fedde,Chicago White Sox,Baltimore Orioles,Kyle Bradish,True,1,6.0,4.0,3.0,1.0,True,,,,,,,,,,,,6.0
2026-04-08,Lucas Sims,Chicago White Sox,Baltimore Orioles,Kyle Bradish,True,1,2.0,2.0,0.0,0.5,True,,,,,,,,,,,,9.0
2026-04-08,Tanner Murray,Chicago White Sox,Baltimore Orioles,Kyle Bradish,False,0,,,,,True,0.0,0.0,0.0,,,,,0.0,0.0,0.0,0.0,
2026-04-08,Samuel Basallo,Baltimore Orioles,Chicago White Sox,Sean Burke,False,0,,,,,True,0.0,0.0,0.0,,,,,0.0,0.0,0.0,0.0,
2026-04-08,Trevor Rogers,Baltimore Orioles,Chicago White Sox,Sean Burke,True,0,0.0,0.0,,,True,,,,,,,,,,,,
2026-04-08,Tyler Wells,Baltimore Orioles,Chicago White Sox,Sean Burke,True,1,2.0,2.0,0.0,1.0,True,,,,,,,,,,,,9.0
2026-04-08,Gunnar Henderson,Baltimore Orioles,Chicago White Sox,Sean Burke,False,1,,,,,True,1.0,1.0,3.0,3.0,1.0,1.0,0.75,0.0,0.0,0.0,0.0,
2026-04-08,Taylor Ward,Baltimore Orioles,Chicago White Sox,Sean Burke,False,1,,,,,True,1.0,0.0,1.0,1.0,1.0,0.0,0.0,0.0,0.0,0.0,0.0,
2026-04-08,Adley Rutschman,Baltimore Orioles,Chicago White Sox,Sean Burke,False,1,,,,,True,0.0,0.0,1.0,1.0,0.0,0.0,0.25,0.0,0.0,0.0,0.0,
2026-04-08,Tyler O'Neill,Baltimore Orioles,Chicago White Sox,Sean Burke,False,1,,,,,True,1.0,0.0,2.0,2.0,1.0,0.0,0.0,0.0,0.0,0.0,0.0,
2026-04-08,Blaze Alexander,Baltimore Orioles,Chicago White Sox,Sean Burke,False,1,,,,,True,0.0,0.0,0.0,0.0,0.0,0.0,,0.0,0.0,0.0,0.0,
2026-04-08,Pete Alonso,Baltimore Orioles,Chicago White Sox,Sean Burke,False,1,,,,,True,0.0,0.0,0.0,0.0,0.0,0.0,0.0,0.0,0.0,0.0,0.0,
2026-04-08,Ryan Helsley,Baltimore Orioles,Chicago White Sox,Sean Burke,True,1,1.0,1.0,9.0,3.0,True,,,,,,,,,,,,9.0
2026-04-08,Colton Cowser,Baltimore Orioles,Chicago White Sox,Sean Burke,False,1,,,,,True,0.0,0.0,0.0,0.0,0.0,0.0,0.3333333333333333,0.0,0.0,0.0,0.0,
2026-04-08,Coby Mayo,Baltimore Orioles,Chicago White Sox,Sean Burke,False,1,,,,,True,1.0,0.0,1.0,1.0,1.0,0.0,0.3333333333333333,0.0,0.0,0.0,0.0,
2026-04-08,Jeremiah Jackson,Baltimore Orioles,Chicago White Sox,Sean Burke,False,1,,,,,True,1.0,0.0,1.0,1.0,1.0,0.0,0.0,0.0,0.0,0.0,0.0,
2026-04-08,Leody Taveras,Baltimore Orioles,Chicago White Sox,Sean Burke,False,0,,,,,True,0.0,0.0,0.0,,,,,0.0,0.0,0.0,0.0,
2026-04-08,Kyle Bradish,Baltimore Orioles,Chicago White Sox,Sean Burke,True,0,0.0,0.0,,,True,,,,,,,,,,,,
2026-04-08,Dylan Beavers,Baltimore Orioles,Chicago White Sox,Sean Burke,False,0,,,,,True,0.0,0.0,0.0,,,,,0.0,0.0,0.0,0.0,
2026-04-08,Ryan Mountcastle,Baltimore Orioles,Chicago White Sox,Sean Burke,False,1,,,,,True,2.0,0.0,2.0,2.0,2.0,0.0,0.3333333333333333,0.0,0.0,0.0,0.0,
2026-04-08,Yaramil Hiraldo,Baltimore Orioles,Chicago White Sox,Sean Burke,True,0,0.0,0.0,,,True,,,,,,,,,,,,
2026-04-08,Anthony Nunez,Baltimore Orioles,Chicago White Sox,Sean Burke,True,0,0.0,0.0,,,True,,,,,,,,,,,,
2026-04-08,Yennier Cano,Baltimore Orioles,Chicago White Sox,Sean Burke,True,0,0.0,0.0,,,True,,,,,,,,,,,,
2026-04-08,Dietrich Enns,Baltimore Orioles,Chicago White Sox,Sean Burke,True,0,0.0,0.0,,,True,,,,,,,,,,,,
2026-04-08,Rico Garcia,Baltimore Orioles,Chicago White Sox,Sean Burke,True,1,1.0,1.0,0.0,0.0,True,,,,,,,,,,,,9.0
2026-04-08,Shane Baz,Baltimore Orioles,Chicago White Sox,Sean Burke,True,0,0.0,0.0,,,True,,,,,,,,,,,,
2026-04-08,Grant Wolfram,Baltimore Orioles,Chicago White Sox,Sean Burke,True,0,0.0,0.0,,,True,,,,,,,,,,,,
2026-04-08,Chris Bassitt,Baltimore Orioles,Chicago White Sox,Sean Burke,True,0,0.0,0.0,,,True,,,,,,,,,,,,
2026-04-08,Zach Eflin,Baltimore Orioles,Chicago White Sox,Sean Burke,True,0,0.0,0.0,,,True,,,,,,,,,,,,
2026-04-08,Albert Suárez,Baltimore Orioles,Chicago White Sox,Sean Burke,True,0,0.0,0.0,,,True,,,,,,,,,,,,
2026-04-08,Cade Povich,Baltimore Orioles,Chicago White Sox,Sean Burke,True,0,0.0,0.0,,,True,,,,,,,,,,,,
2026-04-08,Brandon Young,Baltimore Orioles,Chicago White Sox,Sean Burke,True,1,5.0,2.0,0.0,0.8,True,,,,,,,,,,,,3.6
2026-04-08,Evan Carter,Texas Rangers,Seattle Mariners,Bryan Woo,False,1,,,,,True,0.0,0.0,0.0,0.0,0.0,0.0,0.3333333333333333,0.0,0.0,0.0,0.0,
2026-04-08,Wyatt Langford,Texas Rangers,Seattle Mariners,Bryan Woo,False,1,,,,,True,1.0,0.0,2.0,2.0,1.0,0.0,0.25,0.0,0.0,0.0,0.0,
2026-04-08,Jake Burger,Texas Rangers,Seattle Mariners,Bryan Woo,False,1,,,,,True,1.0,0.0,2.0,2.0,1.0,0.0,0.25,0.0,0.0,0.0,0.0,
2026-04-08,Tyler Alexander,Texas Rangers,Seattle Mariners,Bryan Woo,True,1,0.6666666666666666,1.0,0.0,1.5,True,,,,,,,,,,,,13.5
2026-04-08,Joc Pederson,Texas Rangers,Seattle Mariners,Bryan Woo,False,1,,,,,True,1.0,0.0,1.0,1.0,1.0,0.0,0.3333333333333333,0.0,0.0,0.0,0.0,
2026-04-08,Jalen Beeks,Texas Rangers,Seattle Mariners,Bryan Woo,True,1,1.0,0.0,0.0,1.0,True,,,,,,,,,,,,0.0
2026-04-08,Corey Seager,Texas Rangers,Seattle Mariners,Bryan Woo,False,1,,,,,True,2.0,0.0,4.0,4.0,2.0,0.0,0.0,0.0,0.0,0.0,0.0,
2026-04-08,Josh Jung,Texas Rangers,Seattle Mariners,Bryan Woo,False,1,,,,,True,2.0,0.0,2.0,2.0,2.0,0.0,0.0,0.0,0.0,0.0,0.0,
2026-04-08,Andrew McCutchen,Texas Rangers,Seattle Mariners,Bryan Woo,False,0,,,,,True,0.0,0.0,0.0,,,,,0.0,0.0,0.0,0.0,
2026-04-08,Kyle Higashioka,Texas Rangers,Seattle Mariners,Bryan Woo,False,0,,,,,True,0.0,0.0,0.0,,,,,0.0,0.0,0.0,0.0,
2026-04-08,Ezequiel Duran,Texas Rangers,Seattle Mariners,Bryan Woo,False,1,,,,,True,0.0,0.0,0.0,0.0,0.0,0.0,,0.0,0.0,0.0,0.0,
2026-04-08,Brandon Nimmo,Texas Rangers,Seattle Mariners,Bryan Woo,False,1,,,,,True,0.0,0.0,0.0,0.0,0.0,0.0,0.0,0.0,0.0,0.0,0.0,
2026-04-08,Josh Smith,Texas Rangers,Seattle Mariners,Bryan Woo,False,1,,,,,True,0.0,0.0,0.0,0.0,0.0,0.0,0.3333333333333333,0.0,0.0,0.0,0.0,
2026-04-08,Sam Haggerty,Texas Rangers,Seattle Mariners,Bryan Woo,False,0,,,,,True,0.0,0.0,0.0,,,,,0.0,0.0,0.0,0.0,
2026-04-08,Danny Jansen,Texas Rangers,Seattle Mariners,Bryan Woo,False,1,,,,,True,0.0,0.0,0.0,0.0,0.0,0.0,0.6666666666666666,0.0,0.0,0.0,0.0,
2026-04-08,Nathan Eovaldi,Texas Rangers,Seattle Mariners,Bryan Woo,True,0,0.0,0.0,,,True,,,,,,,,,,,,
2026-04-08,Carter Baumler,Texas Rangers,Seattle Mariners,Bryan Woo,True,0,0.0,0.0,,,True,,,,,,,,,,,,
2026-04-08,Jacob Latz,Texas Rangers,Seattle Mariners,Bryan Woo,True,0,0.0,0.0,,,True,,,,,,,,,,,,
2026-04-08,Robert Garcia,Texas Rangers,Seattle Mariners,Bryan Woo,True,1,1.0,0.0,0.0,0.0,True,,,,,,,,,,,,0.0
2026-04-08,Jakob Junis,Texas Rangers,Seattle Mariners,Bryan Woo,True,1,1.0,0.0,0.0,0.0,True,,,,,,,,,,,,0.0
2026-04-08,Cole Winn,Texas Rangers,Seattle Mariners,Bryan Woo,True,1,0.3333333333333333,0.0,0.0,0.0,True,,,,,,,,,,,,0.0
2026-04-08,Chris Martin,Texas Rangers,Seattle Mariners,Bryan Woo,True,0,0.0,0.0,,,True,,,,,,,,,,,,
2026-04-08,MacKenzie Gore,Texas Rangers,Seattle Mariners,Bryan Woo,True,0,0.0,0.0,,,True,,,,,,,,,,,,
2026-04-08,Jack Leiter,Texas Rangers,Seattle Mariners,Bryan Woo,True,0,0.0,0.0,,,True,,,,,,,,,,,,
2026-04-08,Jacob deGrom,Texas Rangers,Seattle Mariners,Bryan Woo,True,1,5.0,6.0,1.8,0.4,True,,,,,,,,,,,,10.8
2026-04-08,Kumar Rocker,Texas Rangers,Seattle Mariners,Bryan Woo,True,0,0.0,0.0,,,True,,,,,,,,,,,,
2026-04-08,Josh Naylor,Seattle Mariners,Texas Rangers,MacKenzie Gore,False,1,,,,,True,0.0,0.0,0.0,0.0,0.0,0.0,0.0,0.0,0.0,0.0,0.0,
2026-04-08,Cole Young,Seattle Mariners,Texas Rangers,MacKenzie Gore,False,1,,,,,True,0.0,0.0,0.0,0.0,0.0,0.0,0.3333333333333333,0.0,0.0,0.0,0.0,
2026-04-08,Jose A. Ferrer,Seattle Mariners,Texas Rangers,MacKenzie Gore,True,1,1.0,2.0,0.0,0.0,True,,,,,,,,,,,,18.0
2026-04-08,Randy Arozarena,Seattle Mariners,Texas Rangers,MacKenzie Gore,False,1,,,,,True,1.0,0.0,1.0,1.0,1.0,0.0,0.3333333333333333,0.0,0.0,0.0,0.0,
2026-04-08,Casey Legumina,Seattle Mariners,Texas Rangers,MacKenzie Gore,True,0,0.0,0.0,,,True,,,,,,,,,,,,
2026-04-08,Dominic Canzone,Seattle Mariners,Texas Rangers,MacKenzie Gore,False,1,,,,,True,0.0,0.0,0.0,0.0,0.0,0.0,0.5,0.0,0.0,0.0,0.0,
2026-04-08,Cal Raleigh,Seattle Mariners,Texas Rangers,MacKenzie Gore,False,1,,,,,True,1.0,1.0,3.0,3.0,1.0,1.0,0.0,0.0,0.0,0.0,0.0,
2026-04-08,Logan Gilbert,Seattle Mariners,Texas Rangers,MacKenzie Gore,True,1,6.0,5.0,3.0,1.0,True,,,,,,,,,,,,7.5
2026-04-08,Brendan Donovan,Seattle Mariners,Texas Rangers,MacKenzie Gore,False,1,,,,,True,0.0,0.0,0.0,0.0,0.0,0.0,0.25,0.0,0.0,0.0,0.0,
2026-04-08,Cooper Criswell,Seattle Mariners,Texas Rangers,MacKenzie Gore,True,1,1.0,0.0,0.0,3.0,True,,,,,,,,,,,,0.0
2026-04-08,Gabe Speier,Seattle Mariners,Texas Rangers,MacKenzie Gore,True,0,0.0,0.0,,,True,,,,,,,,,,,,
2026-04-08,Leo Rivas,Seattle Mariners,Texas Rangers,MacKenzie Gore,False,1,,,,,True,0.0,0.0,0.0,0.0,0.0,0.0,0.3333333333333333,0.0,0.0,0.0,0.0,
2026-04-08,Julio Rodríguez,Seattle Mariners,Texas Rangers,MacKenzie Gore,False,1,,,,,True,0.0,0.0,0.0,0.0,0.0,0.0,0.25,0.0,0.0,0.0,0.0,
2026-04-08,Luke Raley,Seattle Mariners,Texas Rangers,MacKenzie Gore,False,1,,,,,True,0.0,0.0,0.0,0.0,0.0,0.0,0.0,0.0,0.0,0.0,0.0,
2026-04-08,Matt Brash,Seattle Mariners,Texas Rangers,MacKenzie Gore,True,0,0.0,0.0,,,True,,,,,,,,,,,,
2026-04-08,George Kirby,Seattle Mariners,Texas Rangers,MacKenzie Gore,True,0,0.0,0.0,,,True,,,,,,,,,,,,
2026-04-08,Andrés Muñoz,Seattle Mariners,Texas Rangers,MacKenzie Gore,True,0,0.0,0.0,,,True,,,,,,,,,,,,
2026-04-08,Eduard Bazardo,Seattle Mariners,Texas Rangers,MacKenzie Gore,True,0,0.0,0.0,,,True,,,,,,,,,,,,
2026-04-08,Victor Robles,Seattle Mariners,Texas Rangers,MacKenzie Gore,False,1,,,,,True,0.0,0.0,0.0,0.0,0.0,0.0,,0.0,0.0,0.0,0.0,
2026-04-08,Rob Refsnyder,Seattle Mariners,Texas Rangers,MacKenzie Gore,False,1,,,,,True,0.0,0.0,0.0,0.0,0.0,0.0,1.0,0.0,0.0,0.0,0.0,
2026-04-08,Cole Wilcox,Seattle Mariners,Texas Rangers,MacKenzie Gore,True,0,0.0,0.0,,,True,,,,,,,,,,,,
2026-04-08,Bryan Woo,Seattle Mariners,Texas Rangers,MacKenzie Gore,True,0,0.0,0.0,,,True,,,,,,,,,,,,
2026-04-08,Ryan Bliss,Seattle Mariners,Texas Rangers,MacKenzie Gore,False,0,,,,,True,0.0,0.0,0.0,,,,,0.0,0.0,0.0,0.0,
2026-04-08,Emerson Hancock,Seattle Mariners,Texas Rangers,MacKenzie Gore,True,0,0.0,0.0,,,True,,,,,,,,,,,,
2026-04-08,Luis Castillo,Seattle Mariners,Texas Rangers,MacKenzie Gore,True,0,0.0,0.0,,,True,,,,,,,,,,,,
2026-04-08,Mitch Garver,Seattle Mariners,Texas Rangers,MacKenzie Gore,False,0,,,,,True,0.0,0.0,0.0,,,,,0.0,0.0,0.0,0.0,
2026-04-08,J.P. Crawford,Seattle Mariners,Texas Rangers,MacKenzie Gore,False,1,,,,,True,0.0,0.0,0.0,0.0,0.0,0.0,0.0,0.0,0.0,0.0,0.0,
2026-04-08,Louis Varland,Toronto Blue Jays,Los Angeles Dodgers,Shohei Ohtani,True,0,0.0,0.0,,,True,,,,,,,,,,,,
2026-04-08,Ernie Clement,Toronto Blue Jays,Los Angeles Dodgers,Shohei Ohtani,False,1,,,,,True,1.0,0.0,2.0,2.0,1.0,0.0,0.0,0.0,0.0,0.0,0.0,
2026-04-08,Daulton Varsho,Toronto Blue Jays,Los Angeles Dodgers,Shohei Ohtani,False,1,,,,,True,1.0,0.0,2.0,2.0,1.0,0.0,0.0,0.0,0.0,0.0,0.0,
2026-04-08,Kevin Gausman,Toronto Blue Jays,Los Angeles Dodgers,Shohei Ohtani,True,0,0.0,0.0,,,True,,,,,,,,,,,,
2026-04-08,Andrés Giménez,Toronto Blue Jays,Los Angeles Dodgers,Shohei Ohtani,False,1,,,,,True,0.0,0.0,1.0,1.0,0.0,0.0,0.0,0.0,0.0,0.0,0.0,
2026-04-08,Jeff Hoffman,Toronto Blue Jays,Los Angeles Dodgers,Shohei Ohtani,True,0,0.0,0.0,,,True,,,,,,,,,,,,
2026-04-08,Nathan Lukes,Toronto Blue Jays,Los Angeles Dodgers,Shohei Ohtani,False,0,,,,,True,0.0,0.0,0.0,,,,,0.0,0.0,0.0,0.0,
2026-04-08,Addison Barger,Toronto Blue Jays,Los Angeles Dodgers,Shohei Ohtani,False,0,,,,,True,0.0,0.0,0.0,,,,,0.0,0.0,0.0,0.0,
2026-04-08,George Springer,Toronto Blue Jays,Los Angeles Dodgers,Shohei Ohtani,False,1,,,,,True,0.0,0.0,1.0,1.0,0.0,0.0,0.0,0.0,0.0,0.0,0.0,
2026-04-08,Tyler Rogers,Toronto Blue Jays,Los Angeles Dodgers,Shohei Ohtani,True,0,0.0,0.0,,,True,,,,,,,,,,,,
2026-04-08,Vladimir Guerrero Jr.,Toronto Blue Jays,Los Angeles Dodgers,Shohei Ohtani,False,1,,,,,True,0.0,0.0,0.0,0.0,0.0,0.0,0.25,0.0,0.0,0.0,0.0,
2026-04-08,Myles Straw,Toronto Blue Jays,Los Angeles Dodgers,Shohei Ohtani,False,1,,,,,True,0.0,0.0,0.0,0.0,0.0,0.0,0.25,0.0,0.0,0.0,0.0,
2026-04-08,Alejandro Kirk,Toronto Blue Jays,Los Angeles Dodgers,Shohei Ohtani,False,0,,,,,True,0.0,0.0,0.0,,,,,0.0,0.0,0.0,0.0,
2026-04-08,Kazuma Okamoto,Toronto Blue Jays,Los Angeles Dodgers,Shohei Ohtani,False,1,,,,,True,2.0,0.0,2.0,2.0,2.0,0.0,0.25,0.0,0.0,0.0,0.0,
2026-04-08,Spencer Miles,Toronto Blue Jays,Los Angeles Dodgers,Shohei Ohtani,True,1,1.0,1.0,9.0,2.0,True,,,,,,,,,,,,9.0
2026-04-08,Tommy Nance,Toronto Blue Jays,Los Angeles Dodgers,Shohei Ohtani,True,1,1.3333333333333333,3.0,27.0,4.5,True,,,,,,,,,,,,20.25
2026-04-08,Brendon Little,Toronto Blue Jays,Los Angeles Dodgers,Shohei Ohtani,True,0,0.0,0.0,,,True,,,,,,,,,,,,
2026-04-08,Dylan Cease,Toronto Blue Jays,Los Angeles Dodgers,Shohei Ohtani,True,0,0.0,0.0,,,True,,,,,,,,,,,,
2026-04-08,Davis Schneider,Toronto Blue Jays,Los Angeles Dodgers,Shohei Ohtani,False,1,,,,,True,0.0,0.0,0.0,0.0,0.0,0.0,0.4,0.0,0.0,0.0,0.0,
2026-04-08,Mason Fluharty,Toronto Blue Jays,Los Angeles Dodgers,Shohei Ohtani,True,0,0.0,0.0,,,True,,,,,,,,,,,,
2026-04-08,Braydon Fisher,Toronto Blue Jays,Los Angeles Dodgers,Shohei Ohtani,True,0,0.0,0.0,,,True,,,,,,,,,,,,
2026-04-08,Jesús Sánchez,Toronto Blue Jays,Los Angeles Dodgers,Shohei Ohtani,False,1,,,,,True,0.0,0.0,0.0,0.0,0.0,0.0,1.0,0.0,0.0,0.0,0.0,
2026-04-08,Eric Lauer,Toronto Blue Jays,Los Angeles Dodgers,Shohei Ohtani,True,0,0.0,0.0,,,True,,,,,,,,,,,,
2026-04-08,Tyler Heineman,Toronto Blue Jays,Los Angeles Dodgers,Shohei Ohtani,False,1,,,,,True,1.0,0.0,1.0,1.0,1.0,0.0,0.0,0.0,0.0,0.0,0.0,
2026-04-08,Cody Ponce,Toronto Blue Jays,Los Angeles Dodgers,Shohei Ohtani,True,0,0.0,0.0,,,True,,,,,,,,,,,,
2026-04-08,Max Scherzer,Toronto Blue Jays,Los Angeles Dodgers,Shohei Ohtani,True,1,2.0,2.0,9.0,1.5,True,,,,,,,,,,,,9.0
2026-04-08,Lazaro Estrada,Toronto Blue Jays,Los Angeles Dodgers,Shohei Ohtani,True,0,0.0,0.0,,,True,,,,,,,,,,,,
2026-04-08,Joe Mantiply,Toronto Blue Jays,Los Angeles Dodgers,Shohei Ohtani,True,1,0.6666666666666666,1.0,40.5,4.5,True,,,,,,,,,,,,13.5
2026-04-08,Austin Voth,Toronto Blue Jays,Los Angeles Dodgers,Shohei Ohtani,True,0,0.0,0.0,,,True,,,,,,,,,,,,
2026-04-08,Brandon Valenzuela,Toronto Blue Jays,Los Angeles Dodgers,Shohei Ohtani,False,1,,,,,True,0.0,0.0,0.0,0.0,0.0,0.0,0.0,0.0,0.0,0.0,0.0,
2026-04-08,Josh Fleming,Toronto Blue Jays,Los Angeles Dodgers,Shohei Ohtani,True,1,3.0,1.0,12.0,2.6666666666666665,True,,,,,,,,,,,,3.0
2026-04-08,Will Smith,Los Angeles Dodgers,Toronto Blue Jays,Dylan Cease,False,0,,,,,True,0.0,0.0,0.0,,,,,0.0,0.0,0.0,0.0,
2026-04-08,Kyle Tucker,Los Angeles Dodgers,Toronto Blue Jays,Dylan Cease,False,1,,,,,True,2.0,0.0,10.0,10.0,2.0,0.0,0.0,0.0,0.0,0.0,0.0,
2026-04-08,Max Muncy,Los Angeles Dodgers,Toronto Blue Jays,Dylan Cease,False,4,,,,,True,6.0,1.0,12.0,3.0,1.5,0.25,0.5,1.0,1.0,0.0,2.0,
2026-04-08,Freddie Freeman,Los Angeles Dodgers,Toronto Blue Jays,Dylan Cease,False,1,,,,,True,4.0,2.0,14.0,14.0,4.0,2.0,0.2,0.0,0.0,0.0,0.0,
2026-04-08,Tanner Scott,Los Angeles Dodgers,Toronto Blue Jays,Dylan Cease,True,0,0.0,0.0,,,True,,,,,,,,,,,,
2026-04-08,Shohei Ohtani,Los Angeles Dodgers,Toronto Blue Jays,Dylan Cease,False,1,,,,,True,4.0,2.0,10.0,10.0,4.0,2.0,0.3333333333333333,0.0,0.0,0.0,0.0,
2026-04-08,Will Klein,Los Angeles Dodgers,Toronto Blue Jays,Dylan Cease,True,1,4.0,4.0,0.0,1.0,True,,,,,,,,,,,,9.0
2026-04-08,Teoscar Hernández,Los Angeles Dodgers,Toronto Blue Jays,Dylan Cease,False,1,,,,,True,4.0,2.0,16.0,16.0,4.0,2.0,0.16666666666666666,0.0,0.0,0.0,0.0,
2026-04-08,Andy Pages,Los Angeles Dodgers,Toronto Blue Jays,Dylan Cease,False,1,,,,,True,4.0,0.0,8.0,8.0,4.0,0.0,0.0,0.0,0.0,0.0,0.0,
2026-04-08,Mookie Betts,Los Angeles Dodgers,Toronto Blue Jays,Dylan Cease,False,0,,,,,True,0.0,0.0,0.0,,,,,0.0,0.0,0.0,0.0,
2026-04-08,Miguel Rojas,Los Angeles Dodgers,Toronto Blue Jays,Dylan Cease,False,1,,,,,True,0.0,0.0,0.0,0.0,0.0,0.0,,0.0,0.0,0.0,0.0,
2026-04-08,Blake Treinen,Los Angeles Dodgers,Toronto Blue Jays,Dylan Cease,True,0,0.0,0.0,,,True,,,,,,,,,,,,
2026-04-08,Yoshinobu Yamamoto,Los Angeles Dodgers,Toronto Blue Jays,Dylan Cease,True,0,0.0,0.0,,,True,,,,,,,,,,,,
2026-04-08,Ben Casparius,Los Angeles Dodgers,Toronto Blue Jays,Dylan Cease,True,0,0.0,0.0,,,True,,,,,,,,,,,,
2026-04-08,Alex Vesia,Los Angeles Dodgers,Toronto Blue Jays,Dylan Cease,True,0,0.0,0.0,,,True,,,,,,,,,,,,
2026-04-08,Edgardo Henriquez,Los Angeles Dodgers,Toronto Blue Jays,Dylan Cease,True,1,2.0,4.0,0.0,0.0,True,,,,,,,,,,,,18.0
2026-04-08,Edwin Díaz,Los Angeles Dodgers,Toronto Blue Jays,Dylan Cease,True,0,0.0,0.0,,,True,,,,,,,,,,,,
2026-04-08,Emmet Sheehan,Los Angeles Dodgers,Toronto Blue Jays,Dylan Cease,True,0,0.0,0.0,,,True,,,,,,,,,,,,
2026-04-08,Jack Dreyer,Los Angeles Dodgers,Toronto Blue Jays,Dylan Cease,True,0,0.0,0.0,,,True,,,,,,,,,,,,
2026-04-08,Alex Freeland,Los Angeles Dodgers,Toronto Blue Jays,Dylan Cease,False,1,,,,,True,0.0,0.0,0.0,0.0,0.0,0.0,0.2,0.0,0.0,0.0,0.0,
2026-04-08,Tyler Glasnow,Los Angeles Dodgers,Toronto Blue Jays,Dylan Cease,True,0,0.0,0.0,,,True,,,,,,,,,,,,
2026-04-08,Santiago Espinal,Los Angeles Dodgers,Toronto Blue Jays,Dylan Cease,False,1,,,,,True,0.0,0.0,0.0,0.0,0.0,0.0,0.0,0.0,0.0,0.0,0.0,
2026-04-08,Dalton Rushing,Los Angeles Dodgers,Toronto Blue Jays,Dylan Cease,False,1,,,,,True,8.0,4.0,18.0,18.0,8.0,4.0,0.0,0.0,0.0,0.0,0.0,
2026-04-08,Justin Wrobleski,Los Angeles Dodgers,Toronto Blue Jays,Dylan Cease,True,1,10.0,4.0,1.8,1.2,True,,,,,,,,,,,,3.6
2026-04-08,Roki Sasaki,Los Angeles Dodgers,Toronto Blue Jays,Dylan Cease,True,0,0.0,0.0,,,True,,,,,,,,,,,,
2026-04-08,Alex Call,Los Angeles Dodgers,Toronto Blue Jays,Dylan Cease,False,1,,,,,True,0.0,0.0,0.0,0.0,0.0,0.0,0.0,0.0,0.0,0.0,0.0,
2026-04-08,Hyeseong Kim,Los Angeles Dodgers,Toronto Blue Jays,Dylan Cease,False,1,,,,,True,4.0,0.0,6.0,6.0,4.0,0.0,0.0,0.0,0.0,0.0,0.0,
2026-04-08,Jimmy Herget,Colorado Rockies,Houston Astros,Cristian Javier,True,1,1.6666666666666667,1.0,5.3999999999999995,1.2,True,,,,,,,,,,,,5.3999999999999995
2026-04-08,Jake McCarthy,Colorado Rockies,Houston Astros,Cristian Javier,False,1,,,,,True,0.0,0.0,0.0,0.0,0.0,0.0,0.25,0.0,0.0,0.0,0.0,
2026-04-08,Braxton Fulford,Colorado Rockies,Houston Astros,Cristian Javier,False,0,,,,,True,0.0,0.0,0.0,,,,,0.0,0.0,0.0,0.0,
2026-04-08,Kyle Freeland,Colorado Rockies,Houston Astros,Cristian Javier,True,0,0.0,0.0,,,True,,,,,,,,,,,,
2026-04-08,Willi Castro,Colorado Rockies,Houston Astros,Cristian Javier,False,1,,,,,True,2.0,0.0,5.0,5.0,2.0,0.0,0.0,0.0,0.0,0.0,0.0,
2026-04-08,Brennan Bernardino,Colorado Rockies,Houston Astros,Cristian Javier,True,0,0.0,0.0,,,True,,,,,,,,,,,,
2026-04-08,Juan Mejia,Colorado Rockies,Houston Astros,Cristian Javier,True,1,1.6666666666666667,1.0,0.0,0.6,True,,,,,,,,,,,,5.3999999999999995
2026-04-08,Edouard Julien,Colorado Rockies,Houston Astros,Cristian Javier,False,1,,,,,True,2.0,0.0,5.0,5.0,2.0,0.0,0.2,0.0,0.0,0.0,0.0,
2026-04-08,Ryan Ritter,Colorado Rockies,Houston Astros,Cristian Javier,False,0,,,,,True,0.0,0.0,0.0,,,,,0.0,0.0,0.0,0.0,
2026-04-08,Hunter Goodman,Colorado Rockies,Houston Astros,Cristian Javier,False,1,,,,,True,1.0,0.0,3.0,3.0,1.0,0.0,0.2,0.0,0.0,0.0,0.0,
2026-04-08,Jordan Beck,Colorado Rockies,Houston Astros,Cristian Javier,False,0,,,,,True,0.0,0.0,0.0,,,,,0.0,0.0,0.0,0.0,
2026-04-08,Brett Sullivan,Colorado Rockies,Houston Astros,Cristian Javier,False,0,,,,,True,0.0,0.0,0.0,,,,,0.0,0.0,0.0,0.0,
2026-04-08,Brenton Doyle,Colorado Rockies,Houston Astros,Cristian Javier,False,1,,,,,True,0.0,0.0,1.0,1.0,0.0,0.0,0.5,0.0,0.0,0.0,0.0,
2026-04-08,Ezequiel Tovar,Colorado Rockies,Houston Astros,Cristian Javier,False,1,,,,,True,0.0,0.0,0.0,0.0,0.0,0.0,,0.0,0.0,0.0,0.0,
2026-04-08,TJ Rumfield,Colorado Rockies,Houston Astros,Cristian Javier,False,1,,,,,True,2.0,0.0,5.0,5.0,2.0,0.0,0.0,0.0,0.0,0.0,0.0,
2026-04-08,Kyle Karros,Colorado Rockies,Houston Astros,Cristian Javier,False,1,,,,,True,1.0,0.0,3.0,3.0,1.0,0.0,0.5,0.0,0.0,0.0,0.0,
2026-04-08,Troy Johnston,Colorado Rockies,Houston Astros,Cristian Javier,False,1,,,,,True,3.0,1.0,7.0,7.0,3.0,1.0,0.0,0.0,0.0,0.0,0.0,
2026-04-08,Zach Agnos,Colorado Rockies,Houston Astros,Cristian Javier,True,1,0.3333333333333333,0.0,54.0,12.0,True,,,,,,,,,,,,0.0
2026-04-08,Michael Lorenzen,Colorado Rockies,Houston Astros,Cristian Javier,True,0,0.0,0.0,,,True,,,,,,,,,,,,
2026-04-08,Jaden Hill,Colorado Rockies,Houston Astros,Cristian Javier,True,0,0.0,0.0,,,True,,,,,,,,,,,,
2026-04-08,Victor Vodnik,Colorado Rockies,Houston Astros,Cristian Javier,True,0,0.0,0.0,,,True,,,,,,,,,,,,
2026-04-08,Jose Quintana,Colorado Rockies,Houston Astros,Cristian Javier,True,0,0.0,0.0,,,True,,,,,,,,,,,,
2026-04-08,Antonio Senzatela,Colorado Rockies,Houston Astros,Cristian Javier,True,0,0.0,0.0,,,True,,,,,,,,,,,,
2026-04-08,Chase Dollander,Colorado Rockies,Houston Astros,Cristian Javier,True,0,0.0,0.0,,,True,,,,,,,,,,,,
2026-04-08,Tomoyuki Sugano,Colorado Rockies,Houston Astros,Cristian Javier,True,0,0.0,0.0,,,True,,,,,,,,,,,,
2026-04-08,Ryan Feltner,Colorado Rockies,Houston Astros,Cristian Javier,True,1,5.333333333333333,1.0,6.75,1.6875,True,,,,,,,,,,,,1.6875
2026-04-08,Tyler Freeman,Colorado Rockies,Houston Astros,Cristian Javier,False,0,,,,,True,0.0,0.0,0.0,,,,,0.0,0.0,0.0,0.0,
2026-04-08,Mickey Moniak,Colorado Rockies,Houston Astros,Cristian Javier,False,1,,,,,True,1.0,0.0,1.0,1.0,1.0,0.0,0.4,0.0,0.0,0.0,0.0,
2026-04-08,Valente Bellozo,Colorado Rockies,Houston Astros,Cristian Javier,True,0,0.0,0.0,,,True,,,,,,,,,,,,
2026-04-08,Isaac Paredes,Houston Astros,Colorado Rockies,,False,0,,,,,True,0.0,0.0,0.0,,,,,0.0,0.0,0.0,0.0,
2026-04-08,Nick Allen,Houston Astros,Colorado Rockies,,False,0,,,,,True,0.0,0.0,0.0,,,,,0.0,0.0,0.0,0.0,
2026-04-08,Cam Smith,Houston Astros,Colorado Rockies,,False,1,,,,,True,2.0,1.0,5.0,5.0,2.0,1.0,0.2,0.0,0.0,0.0,0.0,
2026-04-08,Christian Roa,Houston Astros,Colorado Rockies,,True,0,0.0,0.0,,,True,,,,,,,,,,,,
2026-04-08,Hunter Brown,Houston Astros,Colorado Rockies,,True,0,0.0,0.0,,,True,,,,,,,,,,,,
2026-04-08,Jake Meyers,Houston Astros,Colorado Rockies,,False,1,,,,,True,2.0,0.0,2.0,2.0,2.0,0.0,0.25,0.0,0.0,0.0,0.0,
2026-04-08,AJ Blubaugh,Houston Astros,Colorado Rockies,,True,0,0.0,0.0,,,True,,,,,,,,,,,,
2026-04-08,Jose Altuve,Houston Astros,Colorado Rockies,,False,1,,,,,True,3.0,0.0,6.0,6.0,3.0,0.0,0.0,0.0,0.0,0.0,0.0,
2026-04-08,Joey Loperfido,Houston Astros,Colorado Rockies,,False,1,,,,,True,0.0,0.0,2.0,2.0,0.0,0.0,0.0,0.0,0.0,0.0,0.0,
2026-04-08,Bryan King,Houston Astros,Colorado Rockies,,True,0,0.0,0.0,,,True,,,,,,,,,,,,
2026-04-08,Carlos Correa,Houston Astros,Colorado Rockies,,False,1,,,,,True,1.0,0.0,3.0,3.0,1.0,0.0,0.0,0.0,0.0,0.0,0.0,
2026-04-08,Christian Walker,Houston Astros,Colorado Rockies,,False,1,,,,,True,2.0,0.0,4.0,4.0,2.0,0.0,0.0,0.0,0.0,0.0,0.0,
2026-04-08,Yainer Diaz,Houston Astros,Colorado Rockies,,False,1,,,,,True,1.0,0.0,2.0,2.0,1.0,0.0,0.0,0.0,0.0,0.0,0.0,
2026-04-08,Yordan Alvarez,Houston Astros,Colorado Rockies,,False,1,,,,,True,0.0,0.0,0.0,0.0,0.0,0.0,0.2,0.0,0.0,0.0,0.0,
2026-04-08,Ryan Weiss,Houston Astros,Colorado Rockies,,True,1,2.6666666666666665,4.0,20.25,3.75,True,,,,,,,,,,,,13.5
2026-04-08,Steven Okert,Houston Astros,Colorado Rockies,,True,0,0.0,0.0,,,True,,,,,,,,,,,,
2026-04-08,Brice Matthews,Houston Astros,Colorado Rockies,,False,0,,,,,True,0.0,0.0,0.0,,,,,0.0,0.0,0.0,0.0,
2026-04-08,Jeremy Peña,Houston Astros,Colorado Rockies,,False,1,,,,,True,2.0,0.0,3.0,3.0,2.0,0.0,0.0,0.0,0.0,0.0,0.0,
2026-04-08,Mike Burrows,Houston Astros,Colorado Rockies,,True,0,0.0,0.0,,,True,,,,,,,,,,,,
2026-04-08,Roddery Muñoz,Houston Astros,Colorado Rockies,,True,0,0.0,0.0,,,True,,,,,,,,,,,,
2026-04-08,Bryan Abreu,Houston Astros,Colorado Rockies,,True,0,0.0,0.0,,,True,,,,,,,,,,,,
2026-04-08,Kai-Wei Teng,Houston Astros,Colorado Rockies,,True,0,0.0,0.0,,,True,,,,,,,,,,,,
2026-04-08,Cristian Javier,Houston Astros,Colorado Rockies,,True,0,0.0,0.0,,,True,,,,,,,,,,,,
2026-04-08,Tatsuya Imai,Houston Astros,Colorado Rockies,,True,0,0.0,0.0,,,True,,,,,,,,,,,,
2026-04-08,Christian Vázquez,Houston Astros,Colorado Rockies,,False,0,,,,,True,0.0,0.0,0.0,,,,,0.0,0.0,0.0,0.0,
2026-04-08,Lance McCullers Jr.,Houston Astros,Colorado Rockies,,True,0,0.0,0.0,,,True,,,,,,,,,,,,
2026-04-08,Cody Bolton,Houston Astros,Colorado Rockies,,True,1,4.333333333333333,5.0,4.153846153846154,1.153846153846154,True,,,,,,,,,,,,10.384615384615385
2026-04-08,Shay Whitcomb,Houston Astros,Colorado Rockies,,False,0,,,,,True,0.0,0.0,0.0,,,,,0.0,0.0,0.0,0.0,
2026-04-08,Enyel De Los Santos,Houston Astros,Colorado Rockies,,True,1,1.0,0.0,0.0,1.0,True,,,,,,,,,,,,0.0
2026-04-08,Casey Schmitt,San Francisco Giants,Philadelphia Phillies,Aaron Nola,False,0,,,,,True,0.0,0.0,0.0,,,,,0.0,0.0,0.0,0.0,
2026-04-08,JT Brubaker,San Francisco Giants,Philadelphia Phillies,Aaron Nola,True,0,0.0,0.0,,,True,,,,,,,,,,,,
2026-04-08,Heliot Ramos,San Francisco Giants,Philadelphia Phillies,Aaron Nola,False,1,,,,,True,1.0,0.0,2.0,2.0,1.0,0.0,0.6666666666666666,0.0,0.0,0.0,0.0,
2026-04-08,Logan Webb,San Francisco Giants,Philadelphia Phillies,Aaron Nola,True,0,0.0,0.0,,,True,,,,,,,,,,,,
2026-04-08,Keaton Winn,San Francisco Giants,Philadelphia Phillies,Aaron Nola,True,0,0.0,0.0,,,True,,,,,,,,,,,,
2026-04-08,Patrick Bailey,San Francisco Giants,Philadelphia Phillies,Aaron Nola,False,1,,,,,True,1.0,0.0,1.0,1.0,1.0,0.0,0.0,0.0,0.0,0.0,0.0,
2026-04-08,Matt Chapman,San Francisco Giants,Philadelphia Phillies,Aaron Nola,False,1,,,,,True,2.0,0.0,5.0,5.0,2.0,0.0,0.0,0.0,0.0,0.0,0.0,
2026-04-08,Caleb Kilian,San Francisco Giants,Philadelphia Phillies,Aaron Nola,True,1,0.6666666666666666,1.0,0.0,1.5,True,,,,,,,,,,,,13.5
2026-04-08,Jung Hoo Lee,San Francisco Giants,Philadelphia Phillies,Aaron Nola,False,1,,,,,True,0.0,0.0,0.0,0.0,0.0,0.0,0.0,0.0,0.0,0.0,0.0,
2026-04-08,Rafael Devers,San Francisco Giants,Philadelphia Phillies,Aaron Nola,False,1,,,,,True,0.0,0.0,0.0,0.0,0.0,0.0,0.0,0.0,0.0,0.0,0.0,
2026-04-08,Harrison Bader,San Francisco Giants,Philadelphia Phillies,Aaron Nola,False,1,,,,,True,1.0,0.0,2.0,2.0,1.0,0.0,0.3333333333333333,0.0,0.0,0.0,0.0,
2026-04-08,Willy Adames,San Francisco Giants,Philadelphia Phillies,Aaron Nola,False,1,,,,,True,1.0,0.0,2.0,2.0,1.0,0.0,0.0,0.0,0.0,0.0,0.0,
2026-04-08,Luis Arraez,San Francisco Giants,Philadelphia Phillies,Aaron Nola,False,1,,,,,True,2.0,0.0,4.0,4.0,2.0,0.0,0.0,0.0,0.0,0.0,0.0,
2026-04-08,Ryan Walker,San Francisco Giants,Philadelphia Phillies,Aaron Nola,True,0,0.0,0.0,,,True,,,,,,,,,,,,
2026-04-08,José Buttó,San Francisco Giants,Philadelphia Phillies,Aaron Nola,True,0,0.0,0.0,,,True,,,,,,,,,,,,
2026-04-08,Ryan Borucki,San Francisco Giants,Philadelphia Phillies,Aaron Nola,True,1,0.3333333333333333,0.0,54.0,9.0,True,,,,,,,,,,,,0.0
2026-04-08,Robbie Ray,San Francisco Giants,Philadelphia Phillies,Aaron Nola,True,0,0.0,0.0,,,True,,,,,,,,,,,,
2026-04-08,Erik Miller,San Francisco Giants,Philadelphia Phillies,Aaron Nola,True,0,0.0,0.0,,,True,,,,,,,,,,,,
2026-04-08,Matt Gage,San Francisco Giants,Philadelphia Phillies,Aaron Nola,True,0,0.0,0.0,,,True,,,,,,,,,,,,
2026-04-08,Tyler Mahle,San Francisco Giants,Philadelphia Phillies,Aaron Nola,True,0,0.0,0.0,,,True,,,,,,,,,,,,
2026-04-08,Jared Oliva,San Francisco Giants,Philadelphia Phillies,Aaron Nola,False,0,,,,,True,0.0,0.0,0.0,,,,,0.0,0.0,0.0,0.0,
2026-04-08,Landen Roupp,San Francisco Giants,Philadelphia Phillies,Aaron Nola,True,0,0.0,0.0,,,True,,,,,,,,,,,,
2026-04-08,Christian Koss,San Francisco Giants,Philadelphia Phillies,Aaron Nola,False,0,,,,,True,0.0,0.0,0.0,,,,,0.0,0.0,0.0,0.0,
2026-04-08,Jerar Encarnacion,San Francisco Giants,Philadelphia Phillies,Aaron Nola,False,1,,,,,True,1.0,0.0,1.0,1.0,1.0,0.0,0.3333333333333333,0.0,0.0,0.0,0.0,
2026-04-08,Adrian Houser,San Francisco Giants,Philadelphia Phillies,Aaron Nola,True,1,6.0,3.0,6.0,1.8333333333333333,True,,,,,,,,,,,,4.5
2026-04-08,Daniel Susac,San Francisco Giants,Philadelphia Phillies,Aaron Nola,False,0,,,,,True,0.0,0.0,0.0,,,,,0.0,0.0,0.0,0.0,
2026-04-08,Blade Tidwell,San Francisco Giants,Philadelphia Phillies,Aaron Nola,True,0,0.0,0.0,,,True,,,,,,,,,,,,
2026-04-08,Brandon Marsh,Philadelphia Phillies,San Francisco Giants,Tyler Mahle,False,1,,,,,True,1.0,0.0,2.0,2.0,1.0,0.0,0.0,0.0,0.0,0.0,0.0,
2026-04-08,Justin Crawford,Philadelphia Phillies,San Francisco Giants,Tyler Mahle,False,1,,,,,True,2.0,0.0,4.0,4.0,2.0,0.0,0.25,0.0,0.0,0.0,0.0,
2026-04-08,Cristopher Sánchez,Philadelphia Phillies,San Francisco Giants,Tyler Mahle,True,0,0.0,0.0,,,True,,,,,,,,,,,,
2026-04-08,Bryce Harper,Philadelphia Phillies,San Francisco Giants,Tyler Mahle,False,1,,,,,True,3.0,0.0,7.0,7.0,3.0,0.0,0.0,0.0,0.0,0.0,0.0,
2026-04-08,J.T. Realmuto,Philadelphia Phillies,San Francisco Giants,Tyler Mahle,False,1,,,,,True,2.0,0.0,3.0,3.0,2.0,0.0,0.0,0.0,0.0,0.0,0.0,
2026-04-08,Jhoan Duran,Philadelphia Phillies,San Francisco Giants,Tyler Mahle,True,0,0.0,0.0,,,True,,,,,,,,,,,,
2026-04-08,Alec Bohm,Philadelphia Phillies,San Francisco Giants,Tyler Mahle,False,1,,,,,True,2.0,0.0,3.0,3.0,2.0,0.0,0.0,0.0,0.0,0.0,0.0,
2026-04-08,Jonathan Bowlan,Philadelphia Phillies,San Francisco Giants,Tyler Mahle,True,1,1.0,2.0,0.0,0.0,True,,,,,,,,,,,,18.0
2026-04-08,Bryson Stott,Philadelphia Phillies,San Francisco Giants,Tyler Mahle,False,1,,,,,True,0.0,0.0,0.0,0.0,0.0,0.0,0.0,0.0,0.0,0.0,0.0,
2026-04-08,Kyle Schwarber,Philadelphia Phillies,San Francisco Giants,Tyler Mahle,False,1,,,,,True,0.0,0.0,1.0,1.0,0.0,0.0,0.5,0.0,0.0,0.0,0.0,
2026-04-08,Zach Pop,Philadelphia Phillies,San Francisco Giants,Tyler Mahle,True,0,0.0,0.0,,,True,,,,,,,,,,,,
2026-04-08,Adolis García,Philadelphia Phillies,San Francisco Giants,Tyler Mahle,False,1,,,,,True,0.0,0.0,0.0,0.0,0.0,0.0,0.0,0.0,0.0,0.0,0.0,
2026-04-08,Trea Turner,Philadelphia Phillies,San Francisco Giants,Tyler Mahle,False,1,,,,,True,1.0,0.0,3.0,3.0,1.0,0.0,0.25,0.0,0.0,0.0,0.0,
2026-04-08,Kyle Backhus,Philadelphia Phillies,San Francisco Giants,Tyler Mahle,True,0,0.0,0.0,,,True,,,,,,,,,,,,
2026-04-08,José Alvarado,Philadelphia Phillies,San Francisco Giants,Tyler Mahle,True,1,0.0,0.0,,,True,,,,,,,,,,,,
2026-04-08,Edmundo Sosa,Philadelphia Phillies,San Francisco Giants,Tyler Mahle,False,0,,,,,True,0.0,0.0,0.0,,,,,0.0,0.0,0.0,0.0,
2026-04-08,Tim Mayza,Philadelphia Phillies,San Francisco Giants,Tyler Mahle,True,1,1.0,1.0,0.0,0.0,True,,,,,,,,,,,,9.0
2026-04-08,Otto Kemp,Philadelphia Phillies,San Francisco Giants,Tyler Mahle,False,0,,,,,True,0.0,0.0,0.0,,,,,0.0,0.0,0.0,0.0,
2026-04-08,Tanner Banks,Philadelphia Phillies,San Francisco Giants,Tyler Mahle,True,0,0.0,0.0,,,True,,,,,,,,,,,,
2026-04-08,Aaron Nola,Philadelphia Phillies,San Francisco Giants,Tyler Mahle,True,0,0.0,0.0,,,True,,,,,,,,,,,,
2026-04-08,Jesús Luzardo,Philadelphia Phillies,San Francisco Giants,Tyler Mahle,True,0,0.0,0.0,,,True,,,,,,,,,,,,
2026-04-08,Dylan Moore,Philadelphia Phillies,San Francisco Giants,Tyler Mahle,False,0,,,,,True,0.0,0.0,0.0,,,,,0.0,0.0,0.0,0.0,
2026-04-08,Brad Keller,Philadelphia Phillies,San Francisco Giants,Tyler Mahle,True,0,0.0,0.0,,,True,,,,,,,,,,,,
2026-04-08,Taijuan Walker,Philadelphia Phillies,San Francisco Giants,Tyler Mahle,True,0,0.0,0.0,,,True,,,,,,,,,,,,
2026-04-08,Rafael Marchán,Philadelphia Phillies,San Francisco Giants,Tyler Mahle,False,0,,,,,True,0.0,0.0,0.0,,,,,0.0,0.0,0.0,0.0,
2026-04-08,Andrew Painter,Philadelphia Phillies,San Francisco Giants,Tyler Mahle,True,1,4.0,1.0,9.0,2.5,True,,,,,,,,,,,,2.25
2026-04-08,Brady House,Washington Nationals,St. Louis Cardinals,Michael McGreevy,False,1,,,,,True,3.0,1.0,6.0,6.0,3.0,1.0,0.0,0.0,0.0,0.0,0.0,
2026-04-08,CJ Abrams,Washington Nationals,St. Louis Cardinals,Michael McGreevy,False,1,,,,,True,1.0,1.0,3.0,3.0,1.0,1.0,0.0,0.0,0.0,0.0,0.0,
2026-04-08,Nasim Nuñez,Washington Nationals,St. Louis Cardinals,Michael McGreevy,False,1,,,,,True,1.0,0.0,2.0,2.0,1.0,0.0,0.2,0.0,0.0,0.0,0.0,
2026-04-08,Andrés Chaparro,Washington Nationals,St. Louis Cardinals,Michael McGreevy,False,0,,,,,True,0.0,0.0,0.0,,,,,0.0,0.0,0.0,0.0,
2026-04-08,Joey Wiemer,Washington Nationals,St. Louis Cardinals,Michael McGreevy,False,1,,,,,True,0.0,0.0,1.0,1.0,0.0,0.0,,0.0,0.0,0.0,0.0,
2026-04-08,PJ Poulin,Washington Nationals,St. Louis Cardinals,Michael McGreevy,True,0,0.0,0.0,,,True,,,,,,,,,,,,
2026-04-08,Clayton Beeter,Washington Nationals,St. Louis Cardinals,Michael McGreevy,True,0,0.0,0.0,,,True,,,,,,,,,,,,
2026-04-08,Brad Lord,Washington Nationals,St. Louis Cardinals,Michael McGreevy,True,0,0.0,0.0,,,True,,,,,,,,,,,,
2026-04-08,Daylen Lile,Washington Nationals,St. Louis Cardinals,Michael McGreevy,False,1,,,,,True,1.0,0.0,2.0,2.0,1.0,0.0,0.4,0.0,0.0,0.0,0.0,
2026-04-08,Cionel Pérez,Washington Nationals,St. Louis Cardinals,Michael McGreevy,True,1,1.0,0.0,0.0,1.0,True,,,,,,,,,,,,0.0
2026-04-08,James Wood,Washington Nationals,St. Louis Cardinals,Michael McGreevy,False,1,,,,,True,2.0,1.0,7.0,7.0,2.0,1.0,0.0,0.0,0.0,0.0,0.0,
2026-04-08,Cade Cavalli,Washington Nationals,St. Louis Cardinals,Michael McGreevy,True,0,0.0,0.0,,,True,,,,,,,,,,,,
2026-04-08,Jacob Young,Washington Nationals,St. Louis Cardinals,Michael McGreevy,False,1,,,,,True,1.0,0.0,2.0,2.0,1.0,0.0,0.3333333333333333,0.0,0.0,0.0,0.0,
2026-04-08,Keibert Ruiz,Washington Nationals,St. Louis Cardinals,Michael McGreevy,False,0,,,,,True,0.0,0.0,0.0,,,,,0.0,0.0,0.0,0.0,
2026-04-08,Luis García Jr.,Washington Nationals,St. Louis Cardinals,Michael McGreevy,False,1,,,,,True,0.0,0.0,1.0,1.0,0.0,0.0,0.0,0.0,0.0,0.0,0.0,
2026-04-08,Andre Granillo,Washington Nationals,St. Louis Cardinals,Michael McGreevy,True,1,0.6666666666666666,0.0,27.0,6.0,True,,,,,,,,,,,,0.0
2026-04-08,Drew Millas,Washington Nationals,St. Louis Cardinals,Michael McGreevy,False,1,,,,,True,1.0,0.0,2.0,2.0,1.0,0.0,0.0,0.0,0.0,0.0,0.0,
2026-04-08,Miles Mikolas,Washington Nationals,St. Louis Cardinals,Michael McGreevy,True,0,0.0,0.0,,,True,,,,,,,,,,,,
2026-04-08,Jorbit Vivas,Washington Nationals,St. Louis Cardinals,Michael McGreevy,False,1,,,,,True,1.0,0.0,1.0,1.0,1.0,0.0,0.0,0.0,0.0,0.0,0.0,
2026-04-08,Ken Waldichuk,Washington Nationals,St. Louis Cardinals,Michael McGreevy,True,1,2.3333333333333335,2.0,11.571428571428571,1.7142857142857142,True,,,,,,,,,,,,7.7142857142857135
2026-04-08,Cole Henry,Washington Nationals,St. Louis Cardinals,Michael McGreevy,True,0,0.0,0.0,,,True,,,,,,,,,,,,
2026-04-08,José Tena,Washington Nationals,St. Louis Cardinals,Michael McGreevy,False,1,,,,,True,0.0,0.0,1.0,1.0,0.0,0.0,0.0,0.0,0.0,0.0,0.0,
2026-04-08,Jake Irvin,Washington Nationals,St. Louis Cardinals,Michael McGreevy,True,0,0.0,0.0,,,True,,,,,,,,,,,,
2026-04-08,Gus Varland,Washington Nationals,St. Louis Cardinals,Michael McGreevy,True,0,0.0,0.0,,,True,,,,,,,,,,,,
2026-04-08,Foster Griffin,Washington Nationals,St. Louis Cardinals,Michael McGreevy,True,0,0.0,0.0,,,True,,,,,,,,,,,,
2026-04-08,Curtis Mead,Washington Nationals,St. Louis Cardinals,Michael McGreevy,False,1,,,,,True,1.0,0.0,2.0,2.0,1.0,0.0,0.0,0.0,0.0,0.0,0.0,
2026-04-08,Zack Littell,Washington Nationals,St. Louis Cardinals,Michael McGreevy,True,1,5.0,6.0,1.8,1.4,True,,,,,,,,,,,,10.8
2026-04-08,Nolan Gorman,St. Louis Cardinals,Washington Nationals,Miles Mikolas,False,1,,,,,True,0.0,0.0,1.0,1.0,0.0,0.0,0.4,0.0,0.0,0.0,0.0,
2026-04-08,Matt Svanson,St. Louis Cardinals,Washington Nationals,Miles Mikolas,True,1,0.6666666666666666,1.0,40.5,4.5,True,,,,,,,,,,,,13.5
2026-04-08,Jordan Walker,St. Louis Cardinals,Washington Nationals,Miles Mikolas,False,1,,,,,True,2.0,1.0,4.0,4.0,2.0,1.0,0.4,0.0,0.0,0.0,0.0,
2026-04-08,Nathan Church,St. Louis Cardinals,Washington Nationals,Miles Mikolas,False,1,,,,,True,0.0,0.0,0.0,0.0,0.0,0.0,,0.0,0.0,0.0,0.0,
2026-04-08,Victor Scott II,St. Louis Cardinals,Washington Nationals,Miles Mikolas,False,1,,,,,True,0.0,0.0,1.0,1.0,0.0,0.0,0.0,0.0,0.0,0.0,0.0,
2026-04-08,Chris Roycroft,St. Louis Cardinals,Washington Nationals,Miles Mikolas,True,0,0.0,0.0,,,True,,,,,,,,,,,,
2026-04-08,JoJo Romero,St. Louis Cardinals,Washington Nationals,Miles Mikolas,True,1,1.0,0.0,0.0,3.0,True,,,,,,,,,,,,0.0
2026-04-08,JJ Wetherholt,St. Louis Cardinals,Washington Nationals,Miles Mikolas,False,1,,,,,True,1.0,0.0,1.0,1.0,1.0,0.0,0.2,0.0,0.0,0.0,0.0,
2026-04-08,Justin Bruihl,St. Louis Cardinals,Washington Nationals,Miles Mikolas,True,1,0.6666666666666666,0.0,13.5,4.5,True,,,,,,,,,,,,0.0
2026-04-08,Alec Burleson,St. Louis Cardinals,Washington Nationals,Miles Mikolas,False,1,,,,,True,0.0,0.0,1.0,1.0,0.0,0.0,0.2,0.0,0.0,0.0,0.0,
2026-04-08,Riley O'Brien,St. Louis Cardinals,Washington Nationals,Miles Mikolas,True,0,0.0,0.0,,,True,,,,,,,,,,,,
2026-04-08,Matthew Liberatore,St. Louis Cardinals,Washington Nationals,Miles Mikolas,True,0,0.0,0.0,,,True,,,,,,,,,,,,
2026-04-08,Pedro Pagés,St. Louis Cardinals,Washington Nationals,Miles Mikolas,False,0,,,,,True,0.0,0.0,0.0,,,,,0.0,0.0,0.0,0.0,
2026-04-08,Ramón Urías,St. Louis Cardinals,Washington Nationals,Miles Mikolas,False,1,,,,,True,3.0,1.0,8.0,8.0,3.0,1.0,0.0,0.0,0.0,0.0,0.0,
2026-04-08,Ryne Stanek,St. Louis Cardinals,Washington Nationals,Miles Mikolas,True,1,0.6666666666666666,1.0,40.5,4.5,True,,,,,,,,,,,,13.5
2026-04-08,Masyn Winn,St. Louis Cardinals,Washington Nationals,Miles Mikolas,False,1,,,,,True,1.0,0.0,2.0,2.0,1.0,0.0,0.2,0.0,0.0,0.0,0.0,
2026-04-08,Iván Herrera,St. Louis Cardinals,Washington Nationals,Miles Mikolas,False,1,,,,,True,0.0,0.0,0.0,0.0,0.0,0.0,0.2,0.0,0.0,0.0,0.0,
2026-04-08,Michael McGreevy,St. Louis Cardinals,Washington Nationals,Miles Mikolas,True,0,0.0,0.0,,,True,,,,,,,,,,,,
2026-04-08,José Fermín,St. Louis Cardinals,Washington Nationals,Miles Mikolas,False,0,,,,,True,0.0,0.0,0.0,,,,,0.0,0.0,0.0,0.0,
2026-04-08,Matt Pushard,St. Louis Cardinals,Washington Nationals,Miles Mikolas,True,0,0.0,0.0,,,True,,,,,,,,,,,,
2026-04-08,Thomas Saggese,St. Louis Cardinals,Washington Nationals,Miles Mikolas,False,1,,,,,True,2.0,0.0,3.0,3.0,2.0,0.0,0.0,0.0,0.0,0.0,0.0,
2026-04-08,George Soriano,St. Louis Cardinals,Washington Nationals,Miles Mikolas,True,0,0.0,0.0,,,True,,,,,,,,,,,,
2026-04-08,Dustin May,St. Louis Cardinals,Washington Nationals,Miles Mikolas,True,0,0.0,0.0,,,True,,,,,,,,,,,,
2026-04-08,Kyle Leahy,St. Louis Cardinals,Washington Nationals,Miles Mikolas,True,0,0.0,0.0,,,True,,,,,,,,,,,,
2026-04-08,Gordon Graceffo,St. Louis Cardinals,Washington Nationals,Miles Mikolas,True,0,0.0,0.0,,,True,,,,,,,,,,,,
2026-04-08,Andre Pallante,St. Louis Cardinals,Washington Nationals,Miles Mikolas,True,1,5.0,2.0,3.6,1.4,True,,,,,,,,,,,,3.6
2026-04-08,Yohel Pozo,St. Louis Cardinals,Washington Nationals,Miles Mikolas,False,0,,,,,True,0.0,0.0,0.0,,,,,0.0,0.0,0.0,0.0,
2026-04-08,Oswald Peraza,Los Angeles Angels,Atlanta Braves,Grant Holmes,False,1,,,,,True,0.0,0.0,0.0,0.0,0.0,0.0,0.25,0.0,0.0,0.0,0.0,
2026-04-08,Zach Neto,Los Angeles Angels,Atlanta Braves,Grant Holmes,False,1,,,,,True,1.0,1.0,3.0,3.0,1.0,1.0,0.25,0.0,0.0,0.0,0.0,
2026-04-08,Jorge Soler,Los Angeles Angels,Atlanta Braves,Grant Holmes,False,1,,,,,True,1.0,0.0,3.0,3.0,1.0,0.0,0.25,0.0,0.0,0.0,0.0,
2026-04-08,Yoán Moncada,Los Angeles Angels,Atlanta Braves,Grant Holmes,False,1,,,,,True,0.0,0.0,1.0,1.0,0.0,0.0,0.6666666666666666,0.0,0.0,0.0,0.0,
2026-04-08,Chase Silseth,Los Angeles Angels,Atlanta Braves,Grant Holmes,True,1,0.6666666666666666,1.0,13.5,4.5,True,,,,,,,,,,,,13.5
2026-04-08,José Soriano,Los Angeles Angels,Atlanta Braves,Grant Holmes,True,1,8.0,10.0,1.125,0.375,True,,,,,,,,,,,,11.25
2026-04-08,Drew Pomeranz,Los Angeles Angels,Atlanta Braves,Grant Holmes,True,0,0.0,0.0,,,True,,,,,,,,,,,,
2026-04-08,Mike Trout,Los Angeles Angels,Atlanta Braves,Grant Holmes,False,0,,,,,True,0.0,0.0,0.0,,,,,0.0,0.0,0.0,0.0,
2026-04-08,Jo Adell,Los Angeles Angels,Atlanta Braves,Grant Holmes,False,1,,,,,True,2.0,1.0,5.0,5.0,2.0,1.0,0.25,0.0,0.0,0.0,0.0,
2026-04-08,Nolan Schanuel,Los Angeles Angels,Atlanta Braves,Grant Holmes,False,0,,,,,True,0.0,0.0,0.0,,,,,0.0,0.0,0.0,0.0,
2026-04-08,Josh Lowe,Los Angeles Angels,Atlanta Braves,Grant Holmes,False,1,,,,,True,0.0,0.0,0.0,0.0,0.0,0.0,,0.0,0.0,0.0,0.0,
2026-04-08,Bryce Teodosio,Los Angeles Angels,Atlanta Braves,Grant Holmes,False,1,,,,,True,1.0,0.0,2.0,2.0,1.0,0.0,0.3333333333333333,0.0,0.0,0.0,0.0,
2026-04-08,Walbert Urena,Los Angeles Angels,Atlanta Braves,Grant Holmes,True,0,0.0,0.0,,,True,,,,,,,,,,,,
2026-04-08,Logan O'Hoppe,Los Angeles Angels,Atlanta Braves,Grant Holmes,False,1,,,,,True,0.0,0.0,2.0,2.0,0.0,0.0,0.0,0.0,0.0,0.0,0.0,
2026-04-08,Jordan Romano,Los Angeles Angels,Atlanta Braves,Grant Holmes,True,1,0.3333333333333333,0.0,0.0,0.0,True,,,,,,,,,,,,0.0
2026-04-08,Sam Bachman,Los Angeles Angels,Atlanta Braves,Grant Holmes,True,0,0.0,0.0,,,True,,,,,,,,,,,,
2026-04-08,Ryan Zeferjahn,Los Angeles Angels,Atlanta Braves,Grant Holmes,True,0,0.0,0.0,,,True,,,,,,,,,,,,
2026-04-08,Yusei Kikuchi,Los Angeles Angels,Atlanta Braves,Grant Holmes,True,0,0.0,0.0,,,True,,,,,,,,,,,,
2026-04-08,Joey Lucchesi,Los Angeles Angels,Atlanta Braves,Grant Holmes,True,0,0.0,0.0,,,True,,,,,,,,,,,,
2026-04-08,Reid Detmers,Los Angeles Angels,Atlanta Braves,Grant Holmes,True,0,0.0,0.0,,,True,,,,,,,,,,,,
2026-04-08,Brent Suter,Los Angeles Angels,Atlanta Braves,Grant Holmes,True,0,0.0,0.0,,,True,,,,,,,,,,,,
2026-04-08,Adam Frazier,Los Angeles Angels,Atlanta Braves,Grant Holmes,False,1,,,,,True,0.0,0.0,0.0,0.0,0.0,0.0,0.3333333333333333,0.0,0.0,0.0,0.0,
2026-04-08,Travis d'Arnaud,Los Angeles Angels,Atlanta Braves,Grant Holmes,False,0,,,,,True,0.0,0.0,0.0,,,,,0.0,0.0,0.0,0.0,
2026-04-08,Jack Kochanowicz,Los Angeles Angels,Atlanta Braves,Grant Holmes,True,0,0.0,0.0,,,True,,,,,,,,,,,,
2026-04-08,Jeimer Candelario,Los Angeles Angels,Atlanta Braves,Grant Holmes,False,1,,,,,True,0.0,0.0,1.0,1.0,0.0,0.0,0.5,0.0,0.0,0.0,0.0,
2026-04-08,Ryan Johnson,Los Angeles Angels,Atlanta Braves,Grant Holmes,True,0,0.0,0.0,,,True,,,,,,,,,,,,
2026-04-08,Shaun Anderson,Los Angeles Angels,Atlanta Braves,Grant Holmes,True,0,0.0,0.0,,,True,,,,,,,,,,,,
2026-04-08,George Klassen,Los Angeles Angels,Atlanta Braves,Grant Holmes,True,0,0.0,0.0,,,True,,,,,,,,,,,,
2026-04-08,Jonah Heim,Atlanta Braves,Los Angeles Angels,Reid Detmers,False,0,,,,,True,0.0,0.0,0.0,,,,,0.0,0.0,0.0,0.0,
2026-04-08,Dylan Lee,Atlanta Braves,Los Angeles Angels,Reid Detmers,True,0,0.0,0.0,,,True,,,,,,,,,,,,
2026-04-08,Robert Suarez,Atlanta Braves,Los Angeles Angels,Reid Detmers,True,0,0.0,0.0,,,True,,,,,,,,,,,,
2026-04-08,Michael Harris II,Atlanta Braves,Los Angeles Angels,Reid Detmers,False,1,,,,,True,0.0,0.0,0.0,0.0,0.0,0.0,0.6666666666666666,0.0,0.0,0.0,0.0,
2026-04-08,Mauricio Dubón,Atlanta Braves,Los Angeles Angels,Reid Detmers,False,1,,,,,True,1.0,1.0,3.0,3.0,1.0,1.0,0.3333333333333333,0.0,0.0,0.0,0.0,
2026-04-08,Drake Baldwin,Atlanta Braves,Los Angeles Angels,Reid Detmers,False,1,,,,,True,2.0,1.0,4.0,4.0,2.0,1.0,0.5,0.0,0.0,0.0,0.0,
2026-04-08,Chris Sale,Atlanta Braves,Los Angeles Angels,Reid Detmers,True,1,4.0,7.0,13.5,1.75,True,,,,,,,,,,,,15.75
2026-04-08,Matt Olson,Atlanta Braves,Los Angeles Angels,Reid Detmers,False,1,,,,,True,1.0,0.0,1.0,1.0,1.0,0.0,0.5,0.0,0.0,0.0,0.0,
2026-04-08,Ronald Acuña Jr.,Atlanta Braves,Los Angeles Angels,Reid Detmers,False,1,,,,,True,0.0,0.0,0.0,0.0,0.0,0.0,0.25,0.0,0.0,0.0,0.0,
2026-04-08,Tyler Kinley,Atlanta Braves,Los Angeles Angels,Reid Detmers,True,0,0.0,0.0,,,True,,,,,,,,,,,,
2026-04-08,Eli White,Atlanta Braves,Los Angeles Angels,Reid Detmers,False,0,,,,,True,0.0,0.0,0.0,,,,,0.0,0.0,0.0,0.0,
2026-04-08,Ozzie Albies,Atlanta Braves,Los Angeles Angels,Reid Detmers,False,1,,,,,True,0.0,0.0,0.0,0.0,0.0,0.0,0.6666666666666666,0.0,0.0,0.0,0.0,
2026-04-08,Austin Riley,Atlanta Braves,Los Angeles Angels,Reid Detmers,False,1,,,,,True,0.0,0.0,0.0,0.0,0.0,0.0,0.25,0.0,0.0,0.0,0.0,
2026-04-08,Jorge Mateo,Atlanta Braves,Los Angeles Angels,Reid Detmers,False,0,,,,,True,0.0,0.0,0.0,,,,,0.0,0.0,0.0,0.0,
2026-04-08,Joel Payamps,Atlanta Braves,Los Angeles Angels,Reid Detmers,True,1,1.0,1.0,0.0,0.0,True,,,,,,,,,,,,9.0
2026-04-08,Osvaldo Bido,Atlanta Braves,Los Angeles Angels,Reid Detmers,True,1,2.0,1.0,0.0,0.0,True,,,,,,,,,,,,4.5
2026-04-08,Dominic Smith,Atlanta Braves,Los Angeles Angels,Reid Detmers,False,1,,,,,True,0.0,0.0,0.0,0.0,0.0,0.0,0.0,0.0,0.0,0.0,0.0,
2026-04-08,Aaron Bummer,Atlanta Braves,Los Angeles Angels,Reid Detmers,True,1,1.0,1.0,0.0,0.0,True,,,,,,,,,,,,9.0
2026-04-08,Reynaldo López,Atlanta Braves,Los Angeles Angels,Reid Detmers,True,0,0.0,0.0,,,True,,,,,,,,,,,,
2026-04-08,Mike Yastrzemski,Atlanta Braves,Los Angeles Angels,Reid Detmers,False,1,,,,,True,1.0,0.0,1.0,1.0,1.0,0.0,0.0,0.0,0.0,0.0,0.0,
2026-04-08,Didier Fuentes,Atlanta Braves,Los Angeles Angels,Reid Detmers,True,0,0.0,0.0,,,True,,,,,,,,,,,,
2026-04-08,Kyle Farmer,Atlanta Braves,Los Angeles Angels,Reid Detmers,False,0,,,,,True,0.0,0.0,0.0,,,,,0.0,0.0,0.0,0.0,
2026-04-08,Grant Holmes,Atlanta Braves,Los Angeles Angels,Reid Detmers,True,0,0.0,0.0,,,True,,,,,,,,,,,,
2026-04-08,Raisel Iglesias,Atlanta Braves,Los Angeles Angels,Reid Detmers,True,0,0.0,0.0,,,True,,,,,,,,,,,,
2026-04-08,Bryce Elder,Atlanta Braves,Los Angeles Angels,Reid Detmers,True,0,0.0,0.0,,,True,,,,,,,,,,,,
2026-04-08,José Suarez,Atlanta Braves,Los Angeles Angels,Reid Detmers,True,0,0.0,0.0,,,True,,,,,,,,,,,,
2026-04-08,Martín Pérez,Atlanta Braves,Los Angeles Angels,Reid Detmers,True,0,0.0,0.0,,,True,,,,,,,,,,,,
2026-04-08,Bo Bichette,New York Mets,Arizona Diamondbacks,,False,0,,,,,True,0.0,0.0,0.0,,,,,0.0,0.0,0.0,0.0,
2026-04-08,Francisco Alvarez,New York Mets,Arizona Diamondbacks,,False,0,,,,,True,0.0,0.0,0.0,,,,,0.0,0.0,0.0,0.0,
2026-04-08,Tobias Myers,New York Mets,Arizona Diamondbacks,,True,0,0.0,0.0,,,True,,,,,,,,,,,,
2026-04-08,Brett Baty,New York Mets,Arizona Diamondbacks,,False,0,,,,,True,0.0,0.0,0.0,,,,,0.0,0.0,0.0,0.0,
2026-04-08,Carson Benge,New York Mets,Arizona Diamondbacks,,False,0,,,,,True,0.0,0.0,0.0,,,,,0.0,0.0,0.0,0.0,
2026-04-08,Marcus Semien,New York Mets,Arizona Diamondbacks,,False,0,,,,,True,0.0,0.0,0.0,,,,,0.0,0.0,0.0,0.0,
2026-04-08,Freddy Peralta,New York Mets,Arizona Diamondbacks,,True,0,0.0,0.0,,,True,,,,,,,,,,,,
2026-04-08,Francisco Lindor,New York Mets,Arizona Diamondbacks,,False,0,,,,,True,0.0,0.0,0.0,,,,,0.0,0.0,0.0,0.0,
2026-04-08,Juan Soto,New York Mets,Arizona Diamondbacks,,False,0,,,,,True,0.0,0.0,0.0,,,,,0.0,0.0,0.0,0.0,
2026-04-08,Jorge Polanco,New York Mets,Arizona Diamondbacks,,False,0,,,,,True,0.0,0.0,0.0,,,,,0.0,0.0,0.0,0.0,
2026-04-08,Luis García,New York Mets,Arizona Diamondbacks,,True,0,0.0,0.0,,,True,,,,,,,,,,,,
2026-04-08,Luis Robert Jr.,New York Mets,Arizona Diamondbacks,,False,0,,,,,True,0.0,0.0,0.0,,,,,0.0,0.0,0.0,0.0,
2026-04-08,Luis Torrens,New York Mets,Arizona Diamondbacks,,False,0,,,,,True,0.0,0.0,0.0,,,,,0.0,0.0,0.0,0.0,
2026-04-08,Tyrone Taylor,New York Mets,Arizona Diamondbacks,,False,0,,,,,True,0.0,0.0,0.0,,,,,0.0,0.0,0.0,0.0,
2026-04-08,Mark Vientos,New York Mets,Arizona Diamondbacks,,False,0,,,,,True,0.0,0.0,0.0,,,,,0.0,0.0,0.0,0.0,
2026-04-08,Huascar Brazobán,New York Mets,Arizona Diamondbacks,,True,0,0.0,0.0,,,True,,,,,,,,,,,,
2026-04-08,Richard Lovelady,New York Mets,Arizona Diamondbacks,,True,0,0.0,0.0,,,True,,,,,,,,,,,,
2026-04-08,Luke Weaver,New York Mets,Arizona Diamondbacks,,True,0,0.0,0.0,,,True,,,,,,,,,,,,
2026-04-08,Devin Williams,New York Mets,Arizona Diamondbacks,,True,0,0.0,0.0,,,True,,,,,,,,,,,,
2026-04-08,David Peterson,New York Mets,Arizona Diamondbacks,,True,0,0.0,0.0,,,True,,,,,,,,,,,,
2026-04-08,Brooks Raley,New York Mets,Arizona Diamondbacks,,True,0,0.0,0.0,,,True,,,,,,,,,,,,
2026-04-08,Jared Young,New York Mets,Arizona Diamondbacks,,False,0,,,,,True,0.0,0.0,0.0,,,,,0.0,0.0,0.0,0.0,
2026-04-08,Sean Manaea,New York Mets,Arizona Diamondbacks,,True,0,0.0,0.0,,,True,,,,,,,,,,,,
2026-04-08,Nolan McLean,New York Mets,Arizona Diamondbacks,,True,0,0.0,0.0,,,True,,,,,,,,,,,,
2026-04-08,Clay Holmes,New York Mets,Arizona Diamondbacks,,True,0,0.0,0.0,,,True,,,,,,,,,,,,
2026-04-08,Kodai Senga,New York Mets,Arizona Diamondbacks,,True,0,0.0,0.0,,,True,,,,,,,,,,,,
2026-04-08,Andrew Hoffmann,Arizona Diamondbacks,New York Mets,David Peterson,True,0,0.0,0.0,,,True,,,,,,,,,,,,
2026-04-08,Jordan Lawlar,Arizona Diamondbacks,New York Mets,David Peterson,False,0,,,,,True,0.0,0.0,0.0,,,,,0.0,0.0,0.0,0.0,
2026-04-08,Juan Morillo,Arizona Diamondbacks,New York Mets,David Peterson,True,0,0.0,0.0,,,True,,,,,,,,,,,,
2026-04-08,Tim Tawa,Arizona Diamondbacks,New York Mets,David Peterson,False,0,,,,,True,0.0,0.0,0.0,,,,,0.0,0.0,0.0,0.0,
2026-04-08,Nolan Arenado,Arizona Diamondbacks,New York Mets,David Peterson,False,0,,,,,True,0.0,0.0,0.0,,,,,0.0,0.0,0.0,0.0,
2026-04-08,Ketel Marte,Arizona Diamondbacks,New York Mets,David Peterson,False,0,,,,,True,0.0,0.0,0.0,,,,,0.0,0.0,0.0,0.0,
2026-04-08,Geraldo Perdomo,Arizona Diamondbacks,New York Mets,David Peterson,False,0,,,,,True,0.0,0.0,0.0,,,,,0.0,0.0,0.0,0.0,
2026-04-08,Gabriel Moreno,Arizona Diamondbacks,New York Mets,David Peterson,False,0,,,,,True,0.0,0.0,0.0,,,,,0.0,0.0,0.0,0.0,
2026-04-08,Corbin Carroll,Arizona Diamondbacks,New York Mets,David Peterson,False,0,,,,,True,0.0,0.0,0.0,,,,,0.0,0.0,0.0,0.0,
2026-04-08,Taylor Clarke,Arizona Diamondbacks,New York Mets,David Peterson,True,0,0.0,0.0,,,True,,,,,,,,,,,,
2026-04-08,Zac Gallen,Arizona Diamondbacks,New York Mets,David Peterson,True,0,0.0,0.0,,,True,,,,,,,,,,,,
2026-04-08,Ryan Thompson,Arizona Diamondbacks,New York Mets,David Peterson,True,0,0.0,0.0,,,True,,,,,,,,,,,,
2026-04-08,Carlos Santana,Arizona Diamondbacks,New York Mets,David Peterson,False,0,,,,,True,0.0,0.0,0.0,,,,,0.0,0.0,0.0,0.0,
2026-04-08,Alek Thomas,Arizona Diamondbacks,New York Mets,David Peterson,False,0,,,,,True,0.0,0.0,0.0,,,,,0.0,0.0,0.0,0.0,
2026-04-08,Kevin Ginkel,Arizona Diamondbacks,New York Mets,David Peterson,True,0,0.0,0.0,,,True,,,,,,,,,,,,
2026-04-08,Jonathan Loáisiga,Arizona Diamondbacks,New York Mets,David Peterson,True,0,0.0,0.0,,,True,,,,,,,,,,,,
2026-04-08,Ryne Nelson,Arizona Diamondbacks,New York Mets,David Peterson,True,0,0.0,0.0,,,True,,,,,,,,,,,,
2026-04-08,Pavin Smith,Arizona Diamondbacks,New York Mets,David Peterson,False,0,,,,,True,0.0,0.0,0.0,,,,,0.0,0.0,0.0,0.0,
2026-04-08,Eduardo Rodriguez,Arizona Diamondbacks,New York Mets,David Peterson,True,0,0.0,0.0,,,True,,,,,,,,,,,,
2026-04-08,Joe Ross,Arizona Diamondbacks,New York Mets,David Peterson,True,0,0.0,0.0,,,True,,,,,,,,,,,,
2026-04-08,Paul Sewald,Arizona Diamondbacks,New York Mets,David Peterson,True,0,0.0,0.0,,,True,,,,,,,,,,,,
2026-04-08,James McCann,Arizona Diamondbacks,New York Mets,David Peterson,False,0,,,,,True,0.0,0.0,0.0,,,,,0.0,0.0,0.0,0.0,
2026-04-08,Jorge Barrosa,Arizona Diamondbacks,New York Mets,David Peterson,False,0,,,,,True,0.0,0.0,0.0,,,,,0.0,0.0,0.0,0.0,
2026-04-08,Ildemaro Vargas,Arizona Diamondbacks,New York Mets,David Peterson,False,0,,,,,True,0.0,0.0,0.0,,,,,0.0,0.0,0.0,0.0,
2026-04-08,Michael Soroka,Arizona Diamondbacks,New York Mets,David Peterson,True,0,0.0,0.0,,,True,,,,,,,,,,,,
2026-04-08,Brandon Pfaadt,Arizona Diamondbacks,New York Mets,David Peterson,True,0,0.0,0.0,,,True,,,,,,,,,,,,
2026-04-08,Jose Fernandez,Arizona Diamondbacks,New York Mets,David Peterson,False,0,,,,,True,0.0,0.0,0.0,,,,,0.0,0.0,0.0,0.0,
2026-04-08,Adrian Del Castillo,Arizona Diamondbacks,New York Mets,David Peterson,False,0,,,,,True,0.0,0.0,0.0,,,,,0.0,0.0,0.0,0.0,
2026-04-08,Taylor Rashi,Arizona Diamondbacks,New York Mets,David Peterson,True,0,0.0,0.0,,,True,,,,,,,,,,,,
2026-04-08,Richie Palacios,Tampa Bay Rays,Chicago Cubs,,False,0,,,,,True,0.0,0.0,0.0,,,,,0.0,0.0,0.0,0.0,
2026-04-08,Carson Williams,Tampa Bay Rays,Chicago Cubs,,False,0,,,,,True,0.0,0.0,0.0,,,,,0.0,0.0,0.0,0.0,
2026-04-08,Ryan Vilade,Tampa Bay Rays,Chicago Cubs,,False,0,,,,,True,0.0,0.0,0.0,,,,,0.0,0.0,0.0,0.0,
2026-04-08,Jake Fraley,Tampa Bay Rays,Chicago Cubs,,False,1,,,,,True,0.0,0.0,0.0,0.0,0.0,0.0,0.0,0.0,0.0,0.0,0.0,
2026-04-08,Chandler Simpson,Tampa Bay Rays,Chicago Cubs,,False,1,,,,,True,2.0,0.0,3.0,3.0,2.0,0.0,0.0,0.0,0.0,0.0,0.0,
2026-04-08,Jonny DeLuca,Tampa Bay Rays,Chicago Cubs,,False,0,,,,,True,0.0,0.0,0.0,,,,,0.0,0.0,0.0,0.0,
2026-04-08,Ian Seymour,Tampa Bay Rays,Chicago Cubs,,True,1,1.3333333333333333,1.0,6.75,1.5,True,,,,,,,,,,,,6.75
2026-04-08,Garrett Cleavinger,Tampa Bay Rays,Chicago Cubs,,True,0,0.0,0.0,,,True,,,,,,,,,,,,
2026-04-08,Hunter Feduccia,Tampa Bay Rays,Chicago Cubs,,False,0,,,,,True,0.0,0.0,0.0,,,,,0.0,0.0,0.0,0.0,
2026-04-08,Jonathan Aranda,Tampa Bay Rays,Chicago Cubs,,False,1,,,,,True,1.0,1.0,4.0,4.0,1.0,1.0,0.25,0.0,0.0,0.0,0.0,
2026-04-08,Nick Fortes,Tampa Bay Rays,Chicago Cubs,,False,1,,,,,True,1.0,0.0,1.0,1.0,1.0,0.0,0.25,0.0,0.0,0.0,0.0,
2026-04-08,Griffin Jax,Tampa Bay Rays,Chicago Cubs,,True,0,0.0,0.0,,,True,,,,,,,,,,,,
2026-04-08,Yandy Díaz,Tampa Bay Rays,Chicago Cubs,,False,1,,,,,True,2.0,0.0,2.0,2.0,2.0,0.0,0.25,0.0,0.0,0.0,0.0,
2026-04-08,Ben Williamson,Tampa Bay Rays,Chicago Cubs,,False,1,,,,,True,0.0,0.0,1.0,1.0,0.0,0.0,0.3333333333333333,0.0,0.0,0.0,0.0,
2026-04-08,Junior Caminero,Tampa Bay Rays,Chicago Cubs,,False,1,,,,,True,1.0,1.0,3.0,3.0,1.0,1.0,0.25,0.0,0.0,0.0,0.0,
2026-04-08,Yoendrys Gómez,Tampa Bay Rays,Chicago Cubs,,True,0,0.0,0.0,,,True,,,,,,,,,,,,
2026-04-08,Drew Rasmussen,Tampa Bay Rays,Chicago Cubs,,True,0,0.0,0.0,,,True,,,,,,,,,,,,
2026-04-08,Cedric Mullins,Tampa Bay Rays,Chicago Cubs,,False,1,,,,,True,1.0,1.0,4.0,4.0,1.0,1.0,0.0,0.0,0.0,0.0,0.0,
2026-04-08,Cole Sulser,Tampa Bay Rays,Chicago Cubs,,True,0,0.0,0.0,,,True,,,,,,,,,,,,
2026-04-08,Bryan Baker,Tampa Bay Rays,Chicago Cubs,,True,1,1.0,2.0,9.0,1.0,True,,,,,,,,,,,,18.0
2026-04-08,Joe Boyle,Tampa Bay Rays,Chicago Cubs,,True,0,0.0,0.0,,,True,,,,,,,,,,,,
2026-04-08,Steven Matz,Tampa Bay Rays,Chicago Cubs,,True,0,0.0,0.0,,,True,,,,,,,,,,,,
2026-04-08,Mason Englert,Tampa Bay Rays,Chicago Cubs,,True,0,0.0,0.0,,,True,,,,,,,,,,,,
2026-04-08,Kevin Kelly,Tampa Bay Rays,Chicago Cubs,,True,1,1.0,1.0,0.0,0.0,True,,,,,,,,,,,,9.0
2026-04-08,Nick Martinez,Tampa Bay Rays,Chicago Cubs,,True,0,0.0,0.0,,,True,,,,,,,,,,,,
2026-04-08,Shane McClanahan,Tampa Bay Rays,Chicago Cubs,,True,1,4.0,5.0,4.5,1.25,True,,,,,,,,,,,,11.25
2026-04-08,Hunter Bigge,Tampa Bay Rays,Chicago Cubs,,True,1,1.6666666666666667,0.0,0.0,0.0,True,,,,,,,,,,,,0.0
2026-04-08,Taylor Walls,Tampa Bay Rays,Chicago Cubs,,False,1,,,,,True,1.0,0.0,2.0,2.0,1.0,0.0,0.0,0.0,0.0,0.0,0.0,
2026-04-08,Michael Conforto,Chicago Cubs,Tampa Bay Rays,Joe Boyle,False,1,,,,,True,0.0,0.0,0.0,0.0,0.0,0.0,0.0,0.0,0.0,0.0,0.0,
2026-04-08,Hoby Milner,Chicago Cubs,Tampa Bay Rays,Joe Boyle,True,0,0.0,0.0,,,True,,,,,,,,,,,,
2026-04-08,Ian Happ,Chicago Cubs,Tampa Bay Rays,Joe Boyle,False,1,,,,,True,1.0,0.0,2.0,2.0,1.0,0.0,0.0,0.0,0.0,0.0,0.0,
2026-04-08,Alex Bregman,Chicago Cubs,Tampa Bay Rays,Joe Boyle,False,1,,,,,True,0.0,0.0,0.0,0.0,0.0,0.0,0.25,0.0,0.0,0.0,0.0,
2026-04-08,Michael Busch,Chicago Cubs,Tampa Bay Rays,Joe Boyle,False,1,,,,,True,0.0,0.0,2.0,2.0,0.0,0.0,0.0,0.0,0.0,0.0,0.0,
2026-04-08,Carson Kelly,Chicago Cubs,Tampa Bay Rays,Joe Boyle,False,1,,,,,True,1.0,0.0,1.0,1.0,1.0,0.0,0.25,0.0,0.0,0.0,0.0,
2026-04-08,Pete Crow-Armstrong,Chicago Cubs,Tampa Bay Rays,Joe Boyle,False,1,,,,,True,0.0,0.0,0.0,0.0,0.0,0.0,0.5,0.0,0.0,0.0,0.0,
2026-04-08,Jacob Webb,Chicago Cubs,Tampa Bay Rays,Joe Boyle,True,0,0.0,0.0,,,True,,,,,,,,,,,,
2026-04-08,Moisés Ballesteros,Chicago Cubs,Tampa Bay Rays,Joe Boyle,False,0,,,,,True,0.0,0.0,0.0,,,,,0.0,0.0,0.0,0.0,
2026-04-08,Matthew Boyd,Chicago Cubs,Tampa Bay Rays,Joe Boyle,True,0,0.0,0.0,,,True,,,,,,,,,,,,
2026-04-08,Dansby Swanson,Chicago Cubs,Tampa Bay Rays,Joe Boyle,False,1,,,,,True,0.0,0.0,1.0,1.0,0.0,0.0,0.75,0.0,0.0,0.0,0.0,
2026-04-08,Nico Hoerner,Chicago Cubs,Tampa Bay Rays,Joe Boyle,False,1,,,,,True,1.0,0.0,3.0,3.0,1.0,0.0,0.25,0.0,0.0,0.0,0.0,
2026-04-08,Ben Brown,Chicago Cubs,Tampa Bay Rays,Joe Boyle,True,0,0.0,0.0,,,True,,,,,,,,,,,,
2026-04-08,Matt Shaw,Chicago Cubs,Tampa Bay Rays,Joe Boyle,False,1,,,,,True,1.0,1.0,3.0,3.0,1.0,1.0,0.25,0.0,0.0,0.0,0.0,
2026-04-08,Cade Horton,Chicago Cubs,Tampa Bay Rays,Joe Boyle,True,0,0.0,0.0,,,True,,,,,,,,,,,,
2026-04-08,Caleb Thielbar,Chicago Cubs,Tampa Bay Rays,Joe Boyle,True,0,0.0,0.0,,,True,,,,,,,,,,,,
2026-04-08,Miguel Amaya,Chicago Cubs,Tampa Bay Rays,Joe Boyle,False,1,,,,,True,0.0,0.0,0.0,0.0,0.0,0.0,0.0,0.0,0.0,0.0,0.0,
2026-04-08,Phil Maton,Chicago Cubs,Tampa Bay Rays,Joe Boyle,True,1,1.0,1.0,18.0,2.0,True,,,,,,,,,,,,9.0
2026-04-08,Daniel Palencia,Chicago Cubs,Tampa Bay Rays,Joe Boyle,True,0,0.0,0.0,,,True,,,,,,,,,,,,
2026-04-08,Hunter Harvey,Chicago Cubs,Tampa Bay Rays,Joe Boyle,True,0,0.0,0.0,,,True,,,,,,,,,,,,
2026-04-08,Shota Imanaga,Chicago Cubs,Tampa Bay Rays,Joe Boyle,True,0,0.0,0.0,,,True,,,,,,,,,,,,
2026-04-08,Edward Cabrera,Chicago Cubs,Tampa Bay Rays,Joe Boyle,True,0,0.0,0.0,,,True,,,,,,,,,,,,
2026-04-08,Colin Rea,Chicago Cubs,Tampa Bay Rays,Joe Boyle,True,0,0.0,0.0,,,True,,,,,,,,,,,,
2026-04-08,Scott Kingery,Chicago Cubs,Tampa Bay Rays,Joe Boyle,False,0,,,,,True,0.0,0.0,0.0,,,,,0.0,0.0,0.0,0.0,
2026-04-08,Jameson Taillon,Chicago Cubs,Tampa Bay Rays,Joe Boyle,True,1,6.0,4.0,4.5,1.1666666666666667,True,,,,,,,,,,,,6.0
2026-04-08,Dylan Carlson,Chicago Cubs,Tampa Bay Rays,Joe Boyle,False,1,,,,,True,0.0,0.0,0.0,0.0,0.0,0.0,0.0,0.0,0.0,0.0,0.0,
2026-04-08,Ethan Roberts,Chicago Cubs,Tampa Bay Rays,Joe Boyle,True,0,0.0,0.0,,,True,,,,,,,,,,,,
2026-04-08,Riley Martin,Chicago Cubs,Tampa Bay Rays,Joe Boyle,True,1,1.0,0.0,0.0,1.0,True,,,,,,,,,,,,0.0
2026-04-08,Griffin Conine,Miami Marlins,Cincinnati Reds,Brady Singer,False,0,,,,,True,0.0,0.0,0.0,,,,,0.0,0.0,0.0,0.0,
2026-04-08,Pete Fairbanks,Miami Marlins,Cincinnati Reds,Brady Singer,True,0,0.0,0.0,,,True,,,,,,,,,,,,
2026-04-08,Heriberto Hernández,Miami Marlins,Cincinnati Reds,Brady Singer,False,1,,,,,True,0.0,0.0,0.0,0.0,0.0,0.0,0.25,0.0,0.0,0.0,0.0,
2026-04-08,Sandy Alcantara,Miami Marlins,Cincinnati Reds,Brady Singer,True,0,0.0,0.0,,,True,,,,,,,,,,,,
2026-04-08,Jakob Marsee,Miami Marlins,Cincinnati Reds,Brady Singer,False,1,,,,,True,0.0,0.0,0.0,0.0,0.0,0.0,0.25,0.0,0.0,0.0,0.0,
2026-04-08,Javier Sanoja,Miami Marlins,Cincinnati Reds,Brady Singer,False,1,,,,,True,0.0,0.0,0.0,0.0,0.0,0.0,0.0,0.0,0.0,0.0,0.0,
2026-04-08,Xavier Edwards,Miami Marlins,Cincinnati Reds,Brady Singer,False,1,,,,,True,0.0,0.0,0.0,0.0,0.0,0.0,0.3333333333333333,0.0,0.0,0.0,0.0,
2026-04-08,Graham Pauley,Miami Marlins,Cincinnati Reds,Brady Singer,False,0,,,,,True,0.0,0.0,0.0,,,,,0.0,0.0,0.0,0.0,
2026-04-08,Anthony Bender,Miami Marlins,Cincinnati Reds,Brady Singer,True,0,0.0,0.0,,,True,,,,,,,,,,,,
2026-04-08,Owen Caissie,Miami Marlins,Cincinnati Reds,Brady Singer,False,1,,,,,True,0.0,0.0,0.0,0.0,0.0,0.0,0.0,0.0,0.0,0.0,0.0,
2026-04-08,Agustín Ramírez,Miami Marlins,Cincinnati Reds,Brady Singer,False,1,,,,,True,1.0,0.0,1.0,1.0,1.0,0.0,0.25,0.0,0.0,0.0,0.0,
2026-04-08,Connor Norby,Miami Marlins,Cincinnati Reds,Brady Singer,False,1,,,,,True,0.0,0.0,0.0,0.0,0.0,0.0,0.0,0.0,0.0,0.0,0.0,
2026-04-08,Andrew Nardi,Miami Marlins,Cincinnati Reds,Brady Singer,True,0,0.0,0.0,,,True,,,,,,,,,,,,
2026-04-08,Austin Slater,Miami Marlins,Cincinnati Reds,Brady Singer,False,1,,,,,True,0.0,0.0,0.0,0.0,0.0,0.0,0.6666666666666666,0.0,0.0,0.0,0.0,
2026-04-08,Otto Lopez,Miami Marlins,Cincinnati Reds,Brady Singer,False,1,,,,,True,2.0,0.0,2.0,2.0,2.0,0.0,0.0,0.0,0.0,0.0,0.0,
2026-04-08,Calvin Faucher,Miami Marlins,Cincinnati Reds,Brady Singer,True,0,0.0,0.0,,,True,,,,,,,,,,,,
2026-04-08,Liam Hicks,Miami Marlins,Cincinnati Reds,Brady Singer,False,1,,,,,True,0.0,0.0,0.0,0.0,0.0,0.0,0.0,0.0,0.0,0.0,0.0,
2026-04-08,Eury Pérez,Miami Marlins,Cincinnati Reds,Brady Singer,True,0,0.0,0.0,,,True,,,,,,,,,,,,
2026-04-08,Tyler Phillips,Miami Marlins,Cincinnati Reds,Brady Singer,True,1,1.6666666666666667,1.0,0.0,0.6,True,,,,,,,,,,,,5.3999999999999995
2026-04-08,Max Meyer,Miami Marlins,Cincinnati Reds,Brady Singer,True,0,0.0,0.0,,,True,,,,,,,,,,,,
2026-04-08,John King,Miami Marlins,Cincinnati Reds,Brady Singer,True,0,0.0,0.0,,,True,,,,,,,,,,,,
2026-04-08,Deyvison De Los Santos,Miami Marlins,Cincinnati Reds,Brady Singer,False,0,,,,,True,0.0,0.0,0.0,,,,,0.0,0.0,0.0,0.0,
2026-04-08,Michael Petersen,Miami Marlins,Cincinnati Reds,Brady Singer,True,0,0.0,0.0,,,True,,,,,,,,,,,,
2026-04-08,Lake Bachar,Miami Marlins,Cincinnati Reds,Brady Singer,True,0,0.0,0.0,,,True,,,,,,,,,,,,
2026-04-08,Chris Paddack,Miami Marlins,Cincinnati Reds,Brady Singer,True,0,0.0,0.0,,,True,,,,,,,,,,,,
2026-04-08,Janson Junk,Miami Marlins,Cincinnati Reds,Brady Singer,True,1,7.333333333333333,3.0,2.4545454545454546,1.090909090909091,True,,,,,,,,,,,,3.681818181818182
2026-04-08,Leo Jiménez,Miami Marlins,Cincinnati Reds,Brady Singer,False,1,,,,,True,0.0,0.0,0.0,0.0,0.0,0.0,0.0,0.0,0.0,0.0,0.0,
2026-04-08,Elly De La Cruz,Cincinnati Reds,Miami Marlins,Eury Pérez,False,1,,,,,True,2.0,0.0,3.0,3.0,2.0,0.0,0.0,0.0,0.0,0.0,0.0,
2026-04-08,Dane Myers,Cincinnati Reds,Miami Marlins,Eury Pérez,False,1,,,,,True,0.0,0.0,0.0,0.0,0.0,0.0,0.0,0.0,0.0,0.0,0.0,
2026-04-08,Sal Stewart,Cincinnati Reds,Miami Marlins,Eury Pérez,False,1,,,,,True,1.0,0.0,2.0,2.0,1.0,0.0,0.0,0.0,0.0,0.0,0.0,
2026-04-08,Pierce Johnson,Cincinnati Reds,Miami Marlins,Eury Pérez,True,0,0.0,0.0,,,True,,,,,,,,,,,,
2026-04-08,Noelvi Marte,Cincinnati Reds,Miami Marlins,Eury Pérez,False,0,,,,,True,0.0,0.0,0.0,,,,,0.0,0.0,0.0,0.0,
2026-04-08,Matt McLain,Cincinnati Reds,Miami Marlins,Eury Pérez,False,1,,,,,True,0.0,0.0,0.0,0.0,0.0,0.0,0.25,0.0,0.0,0.0,0.0,
2026-04-08,Ke'Bryan Hayes,Cincinnati Reds,Miami Marlins,Eury Pérez,False,1,,,,,True,0.0,0.0,0.0,0.0,0.0,0.0,0.0,0.0,0.0,0.0,0.0,
2026-04-08,Will Benson,Cincinnati Reds,Miami Marlins,Eury Pérez,False,1,,,,,True,1.0,0.0,1.0,1.0,1.0,0.0,0.25,0.0,0.0,0.0,0.0,
2026-04-08,TJ Friedl,Cincinnati Reds,Miami Marlins,Eury Pérez,False,1,,,,,True,2.0,0.0,2.0,2.0,2.0,0.0,0.25,0.0,0.0,0.0,0.0,
2026-04-08,Spencer Steer,Cincinnati Reds,Miami Marlins,Eury Pérez,False,1,,,,,True,0.0,0.0,0.0,0.0,0.0,0.0,0.3333333333333333,0.0,0.0,0.0,0.0,
2026-04-08,Connor Phillips,Cincinnati Reds,Miami Marlins,Eury Pérez,True,0,0.0,0.0,,,True,,,,,,,,,,,,
2026-04-08,Graham Ashcraft,Cincinnati Reds,Miami Marlins,Eury Pérez,True,0,0.0,0.0,,,True,,,,,,,,,,,,
2026-04-08,Tyler Stephenson,Cincinnati Reds,Miami Marlins,Eury Pérez,False,1,,,,,True,1.0,1.0,3.0,3.0,1.0,1.0,0.0,0.0,0.0,0.0,0.0,
2026-04-08,Eugenio Suárez,Cincinnati Reds,Miami Marlins,Eury Pérez,False,1,,,,,True,0.0,0.0,0.0,0.0,0.0,0.0,0.0,0.0,0.0,0.0,0.0,
2026-04-08,Sam Moll,Cincinnati Reds,Miami Marlins,Eury Pérez,True,0,0.0,0.0,,,True,,,,,,,,,,,,
2026-04-08,Brock Burke,Cincinnati Reds,Miami Marlins,Eury Pérez,True,1,0.3333333333333333,1.0,0.0,0.0,True,,,,,,,,,,,,27.0
2026-04-08,Andrew Abbott,Cincinnati Reds,Miami Marlins,Eury Pérez,True,0,0.0,0.0,,,True,,,,,,,,,,,,
2026-04-08,Emilio Pagán,Cincinnati Reds,Miami Marlins,Eury Pérez,True,1,1.0,0.0,0.0,0.0,True,,,,,,,,,,,,0.0
2026-04-08,Tony Santillan,Cincinnati Reds,Miami Marlins,Eury Pérez,True,1,1.0,1.0,0.0,1.0,True,,,,,,,,,,,,9.0
2026-04-08,Nathaniel Lowe,Cincinnati Reds,Miami Marlins,Eury Pérez,False,0,,,,,True,0.0,0.0,0.0,,,,,0.0,0.0,0.0,0.0,
2026-04-08,Brady Singer,Cincinnati Reds,Miami Marlins,Eury Pérez,True,0,0.0,0.0,,,True,,,,,,,,,,,,
2026-04-08,Jose Trevino,Cincinnati Reds,Miami Marlins,Eury Pérez,False,0,,,,,True,0.0,0.0,0.0,,,,,0.0,0.0,0.0,0.0,
2026-04-08,Rhett Lowder,Cincinnati Reds,Miami Marlins,Eury Pérez,True,0,0.0,0.0,,,True,,,,,,,,,,,,
2026-04-08,Jose Franco,Cincinnati Reds,Miami Marlins,Eury Pérez,True,0,0.0,0.0,,,True,,,,,,,,,,,,
2026-04-08,Chase Burns,Cincinnati Reds,Miami Marlins,Eury Pérez,True,0,0.0,0.0,,,True,,,,,,,,,,,,
2026-04-08,Brandon Williamson,Cincinnati Reds,Miami Marlins,Eury Pérez,True,1,6.666666666666667,4.0,0.0,0.6,True,,,,,,,,,,,,5.3999999999999995
2026-04-08,José Caballero,New York Yankees,Athletics,Luis Severino,False,0,,,,,True,0.0,0.0,0.0,,,,,0.0,0.0,0.0,0.0,
2026-04-08,Aaron Judge,New York Yankees,Athletics,Luis Severino,False,0,,,,,True,0.0,0.0,0.0,,,,,0.0,0.0,0.0,0.0,
2026-04-08,Ryan McMahon,New York Yankees,Athletics,Luis Severino,False,0,,,,,True,0.0,0.0,0.0,,,,,0.0,0.0,0.0,0.0,
2026-04-08,Austin Wells,New York Yankees,Athletics,Luis Severino,False,0,,,,,True,0.0,0.0,0.0,,,,,0.0,0.0,0.0,0.0,
2026-04-08,Ben Rice,New York Yankees,Athletics,Luis Severino,False,0,,,,,True,0.0,0.0,0.0,,,,,0.0,0.0,0.0,0.0,
2026-04-08,Brent Headrick,New York Yankees,Athletics,Luis Severino,True,0,0.0,0.0,,,True,,,,,,,,,,,,
2026-04-08,Cody Bellinger,New York Yankees,Athletics,Luis Severino,False,0,,,,,True,0.0,0.0,0.0,,,,,0.0,0.0,0.0,0.0,
2026-04-08,Giancarlo Stanton,New York Yankees,Athletics,Luis Severino,False,0,,,,,True,0.0,0.0,0.0,,,,,0.0,0.0,0.0,0.0,
2026-04-08,Jazz Chisholm Jr.,New York Yankees,Athletics,Luis Severino,False,0,,,,,True,0.0,0.0,0.0,,,,,0.0,0.0,0.0,0.0,
2026-04-08,Max Fried,New York Yankees,Athletics,Luis Severino,True,0,0.0,0.0,,,True,,,,,,,,,,,,
2026-04-08,Jake Bird,New York Yankees,Athletics,Luis Severino,True,0,0.0,0.0,,,True,,,,,,,,,,,,
2026-04-08,Camilo Doval,New York Yankees,Athletics,Luis Severino,True,0,0.0,0.0,,,True,,,,,,,,,,,,
2026-04-08,Trent Grisham,New York Yankees,Athletics,Luis Severino,False,0,,,,,True,0.0,0.0,0.0,,,,,0.0,0.0,0.0,0.0,
2026-04-08,Randal Grichuk,New York Yankees,Athletics,Luis Severino,False,0,,,,,True,0.0,0.0,0.0,,,,,0.0,0.0,0.0,0.0,
2026-04-08,Amed Rosario,New York Yankees,Athletics,Luis Severino,False,0,,,,,True,0.0,0.0,0.0,,,,,0.0,0.0,0.0,0.0,
2026-04-08,Tim Hill,New York Yankees,Athletics,Luis Severino,True,0,0.0,0.0,,,True,,,,,,,,,,,,
2026-04-08,Paul Goldschmidt,New York Yankees,Athletics,Luis Severino,False,0,,,,,True,0.0,0.0,0.0,,,,,0.0,0.0,0.0,0.0,
2026-04-08,Fernando Cruz,New York Yankees,Athletics,Luis Severino,True,0,0.0,0.0,,,True,,,,,,,,,,,,
2026-04-08,David Bednar,New York Yankees,Athletics,Luis Severino,True,0,0.0,0.0,,,True,,,,,,,,,,,,
2026-04-08,Cam Schlittler,New York Yankees,Athletics,Luis Severino,True,0,0.0,0.0,,,True,,,,,,,,,,,,
2026-04-08,Will Warren,New York Yankees,Athletics,Luis Severino,True,0,0.0,0.0,,,True,,,,,,,,,,,,
2026-04-08,Paul Blackburn,New York Yankees,Athletics,Luis Severino,True,0,0.0,0.0,,,True,,,,,,,,,,,,
2026-04-08,Ryan Weathers,New York Yankees,Athletics,Luis Severino,True,0,0.0,0.0,,,True,,,,,,,,,,,,
2026-04-08,J.C. Escarra,New York Yankees,Athletics,Luis Severino,False,0,,,,,True,0.0,0.0,0.0,,,,,0.0,0.0,0.0,0.0,
2026-04-08,Ryan Yarbrough,New York Yankees,Athletics,Luis Severino,True,0,0.0,0.0,,,True,,,,,,,,,,,,
2026-04-08,Lawrence Butler,Athletics,New York Yankees,Will Warren,False,0,,,,,True,0.0,0.0,0.0,,,,,0.0,0.0,0.0,0.0,
2026-04-08,Luis Severino,Athletics,New York Yankees,Will Warren,True,0,0.0,0.0,,,True,,,,,,,,,,,,
2026-04-08,Brent Rooker,Athletics,New York Yankees,Will Warren,False,0,,,,,True,0.0,0.0,0.0,,,,,0.0,0.0,0.0,0.0,
2026-04-08,Jeff McNeil,Athletics,New York Yankees,Will Warren,False,0,,,,,True,0.0,0.0,0.0,,,,,0.0,0.0,0.0,0.0,
2026-04-08,Justin Sterner,Athletics,New York Yankees,Will Warren,True,0,0.0,0.0,,,True,,,,,,,,,,,,
2026-04-08,Scott Barlow,Athletics,New York Yankees,Will Warren,True,0,0.0,0.0,,,True,,,,,,,,,,,,
2026-04-08,Carlos Cortes,Athletics,New York Yankees,Will Warren,False,0,,,,,True,0.0,0.0,0.0,,,,,0.0,0.0,0.0,0.0,
2026-04-08,Max Muncy,Athletics,New York Yankees,Will Warren,False,0,,,,,True,0.0,0.0,0.0,,,,,0.0,0.0,0.0,0.0,
2026-04-08,Denzel Clarke,Athletics,New York Yankees,Will Warren,False,0,,,,,True,0.0,0.0,0.0,,,,,0.0,0.0,0.0,0.0,
2026-04-08,Tyler Soderstrom,Athletics,New York Yankees,Will Warren,False,0,,,,,True,0.0,0.0,0.0,,,,,0.0,0.0,0.0,0.0,
2026-04-08,Nick Kurtz,Athletics,New York Yankees,Will Warren,False,0,,,,,True,0.0,0.0,0.0,,,,,0.0,0.0,0.0,0.0,
2026-04-08,Hogan Harris,Athletics,New York Yankees,Will Warren,True,0,0.0,0.0,,,True,,,,,,,,,,,,
2026-04-08,Shea Langeliers,Athletics,New York Yankees,Will Warren,False,0,,,,,True,0.0,0.0,0.0,,,,,0.0,0.0,0.0,0.0,
2026-04-08,Jacob Wilson,Athletics,New York Yankees,Will Warren,False,0,,,,,True,0.0,0.0,0.0,,,,,0.0,0.0,0.0,0.0,
2026-04-08,Michael Kelly,Athletics,New York Yankees,Will Warren,True,0,0.0,0.0,,,True,,,,,,,,,,,,
2026-04-08,Elvis Alvarado,Athletics,New York Yankees,Will Warren,True,0,0.0,0.0,,,True,,,,,,,,,,,,
2026-04-08,Darell Hernaiz,Athletics,New York Yankees,Will Warren,False,0,,,,,True,0.0,0.0,0.0,,,,,0.0,0.0,0.0,0.0,
2026-04-08,Luis Medina,Athletics,New York Yankees,Will Warren,True,0,0.0,0.0,,,True,,,,,,,,,,,,
2026-04-08,Mark Leiter Jr.,Athletics,New York Yankees,Will Warren,True,0,0.0,0.0,,,True,,,,,,,,,,,,
2026-04-08,Andy Ibáñez,Athletics,New York Yankees,Will Warren,False,0,,,,,True,0.0,0.0,0.0,,,,,0.0,0.0,0.0,0.0,
2026-04-08,Jeffrey Springs,Athletics,New York Yankees,Will Warren,True,0,0.0,0.0,,,True,,,,,,,,,,,,
2026-04-08,J.T. Ginn,Athletics,New York Yankees,Will Warren,True,0,0.0,0.0,,,True,,,,,,,,,,,,
2026-04-08,Austin Wynns,Athletics,New York Yankees,Will Warren,False,0,,,,,True,0.0,0.0,0.0,,,,,0.0,0.0,0.0,0.0,
2026-04-08,Luis Morales,Athletics,New York Yankees,Will Warren,True,0,0.0,0.0,,,True,,,,,,,,,,,,
2026-04-08,Jacob Lopez,Athletics,New York Yankees,Will Warren,True,0,0.0,0.0,,,True,,,,,,,,,,,,
2026-04-08,Aaron Civale,Athletics,New York Yankees,Will Warren,True,0,0.0,0.0,,,True,,,,,,,,,,,,
2026-04-08,Justin Topa,Minnesota Twins,Detroit Tigers,Framber Valdez,True,0,0.0,0.0,,,True,,,,,,,,,,,,
2026-04-08,Victor Caratini,Minnesota Twins,Detroit Tigers,Framber Valdez,False,1,,,,,True,2.0,0.0,5.0,5.0,2.0,0.0,0.0,0.0,0.0,0.0,0.0,
2026-04-08,Kody Clemens,Minnesota Twins,Detroit Tigers,Framber Valdez,False,1,,,,,True,0.0,0.0,0.0,0.0,0.0,0.0,1.0,0.0,0.0,0.0,0.0,
2026-04-08,Brooks Lee,Minnesota Twins,Detroit Tigers,Framber Valdez,False,1,,,,,True,1.0,0.0,1.0,1.0,1.0,0.0,0.0,0.0,0.0,0.0,0.0,
2026-04-08,Austin Martin,Minnesota Twins,Detroit Tigers,Framber Valdez,False,1,,,,,True,0.0,0.0,1.0,1.0,0.0,0.0,0.0,0.0,0.0,0.0,0.0,
2026-04-08,Josh Bell,Minnesota Twins,Detroit Tigers,Framber Valdez,False,1,,,,,True,0.0,0.0,0.0,0.0,0.0,0.0,0.0,0.0,0.0,0.0,0.0,
2026-04-08,Ryan Jeffers,Minnesota Twins,Detroit Tigers,Framber Valdez,False,0,,,,,True,0.0,0.0,0.0,,,,,0.0,0.0,0.0,0.0,
2026-04-08,James Outman,Minnesota Twins,Detroit Tigers,Framber Valdez,False,1,,,,,True,0.0,0.0,0.0,0.0,0.0,0.0,1.0,0.0,0.0,0.0,0.0,
2026-04-08,Taylor Rogers,Minnesota Twins,Detroit Tigers,Framber Valdez,True,0,0.0,0.0,,,True,,,,,,,,,,,,
2026-04-08,Kody Funderburk,Minnesota Twins,Detroit Tigers,Framber Valdez,True,1,0.6666666666666666,0.0,0.0,4.5,True,,,,,,,,,,,,0.0
2026-04-08,Royce Lewis,Minnesota Twins,Detroit Tigers,Framber Valdez,False,1,,,,,True,1.0,0.0,2.0,2.0,1.0,0.0,0.25,0.0,0.0,0.0,0.0,
2026-04-08,Trevor Larnach,Minnesota Twins,Detroit Tigers,Framber Valdez,False,1,,,,,True,2.0,0.0,4.0,4.0,2.0,0.0,0.0,0.0,0.0,0.0,0.0,
2026-04-08,Byron Buxton,Minnesota Twins,Detroit Tigers,Framber Valdez,False,1,,,,,True,1.0,0.0,3.0,3.0,1.0,0.0,0.0,0.0,0.0,0.0,0.0,
2026-04-08,Joe Ryan,Minnesota Twins,Detroit Tigers,Framber Valdez,True,1,5.0,7.0,3.6,1.2,True,,,,,,,,,,,,12.6
2026-04-08,Matt Wallner,Minnesota Twins,Detroit Tigers,Framber Valdez,False,1,,,,,True,2.0,0.0,3.0,3.0,2.0,0.0,0.6,0.0,0.0,0.0,0.0,
2026-04-08,Luke Keaschall,Minnesota Twins,Detroit Tigers,Framber Valdez,False,1,,,,,True,1.0,1.0,5.0,5.0,1.0,1.0,0.2,0.0,0.0,0.0,0.0,
2026-04-08,Taj Bradley,Minnesota Twins,Detroit Tigers,Framber Valdez,True,0,0.0,0.0,,,True,,,,,,,,,,,,
2026-04-08,Anthony Banda,Minnesota Twins,Detroit Tigers,Framber Valdez,True,1,1.0,1.0,0.0,1.0,True,,,,,,,,,,,,9.0
2026-04-08,Cole Sands,Minnesota Twins,Detroit Tigers,Framber Valdez,True,0,0.0,0.0,,,True,,,,,,,,,,,,
2026-04-08,Eric Orze,Minnesota Twins,Detroit Tigers,Framber Valdez,True,1,0.6666666666666666,1.0,0.0,1.5,True,,,,,,,,,,,,13.5
2026-04-08,Tristan Gray,Minnesota Twins,Detroit Tigers,Framber Valdez,False,0,,,,,True,0.0,0.0,0.0,,,,,0.0,0.0,0.0,0.0,
2026-04-08,Bailey Ober,Minnesota Twins,Detroit Tigers,Framber Valdez,True,0,0.0,0.0,,,True,,,,,,,,,,,,
2026-04-08,Mick Abel,Minnesota Twins,Detroit Tigers,Framber Valdez,True,0,0.0,0.0,,,True,,,,,,,,,,,,
2026-04-08,Simeon Woods Richardson,Minnesota Twins,Detroit Tigers,Framber Valdez,True,0,0.0,0.0,,,True,,,,,,,,,,,,
2026-04-08,Cody Laweryson,Minnesota Twins,Detroit Tigers,Framber Valdez,True,1,1.6666666666666667,2.0,0.0,0.0,True,,,,,,,,,,,,10.799999999999999
2026-04-08,Zak Kent,Minnesota Twins,Detroit Tigers,Framber Valdez,True,0,0.0,0.0,,,True,,,,,,,,,,,,
2026-04-08,Tarik Skubal,Detroit Tigers,Minnesota Twins,Bailey Ober,True,0,0.0,0.0,,,True,,,,,,,,,,,,
2026-04-08,Drew Anderson,Detroit Tigers,Minnesota Twins,Bailey Ober,True,1,3.0,4.0,3.0,1.3333333333333333,True,,,,,,,,,,,,12.0
2026-04-08,Javier Báez,Detroit Tigers,Minnesota Twins,Bailey Ober,False,0,,,,,True,0.0,0.0,0.0,,,,,0.0,0.0,0.0,0.0,
2026-04-08,Riley Greene,Detroit Tigers,Minnesota Twins,Bailey Ober,False,1,,,,,True,0.0,0.0,0.0,0.0,0.0,0.0,0.0,0.0,0.0,0.0,0.0,
2026-04-08,Tyler Holton,Detroit Tigers,Minnesota Twins,Bailey Ober,True,0,0.0,0.0,,,True,,,,,,,,,,,,
2026-04-08,Kevin McGonigle,Detroit Tigers,Minnesota Twins,Bailey Ober,False,1,,,,,True,1.0,0.0,2.0,2.0,1.0,0.0,0.2,0.0,0.0,0.0,0.0,
2026-04-08,Kerry Carpenter,Detroit Tigers,Minnesota Twins,Bailey Ober,False,0,,,,,True,0.0,0.0,0.0,,,,,0.0,0.0,0.0,0.0,
2026-04-08,Spencer Torkelson,Detroit Tigers,Minnesota Twins,Bailey Ober,False,1,,,,,True,0.0,0.0,0.0,0.0,0.0,0.0,0.25,0.0,0.0,0.0,0.0,
2026-04-08,Gleyber Torres,Detroit Tigers,Minnesota Twins,Bailey Ober,False,1,,,,,True,0.0,0.0,1.0,1.0,0.0,0.0,0.2,0.0,0.0,0.0,0.0,
2026-04-08,Parker Meadows,Detroit Tigers,Minnesota Twins,Bailey Ober,False,1,,,,,True,0.0,0.0,0.0,0.0,0.0,0.0,0.5,0.0,0.0,0.0,0.0,
2026-04-08,Dillon Dingler,Detroit Tigers,Minnesota Twins,Bailey Ober,False,0,,,,,True,0.0,0.0,0.0,,,,,0.0,0.0,0.0,0.0,
2026-04-08,Will Vest,Detroit Tigers,Minnesota Twins,Bailey Ober,True,0,0.0,0.0,,,True,,,,,,,,,,,,
2026-04-08,Colt Keith,Detroit Tigers,Minnesota Twins,Bailey Ober,False,1,,,,,True,1.0,0.0,3.0,3.0,1.0,0.0,0.25,0.0,0.0,0.0,0.0,
2026-04-08,Framber Valdez,Detroit Tigers,Minnesota Twins,Bailey Ober,True,0,0.0,0.0,,,True,,,,,,,,,,,,
2026-04-08,Zach McKinstry,Detroit Tigers,Minnesota Twins,Bailey Ober,False,1,,,,,True,1.0,0.0,3.0,3.0,1.0,0.0,0.25,0.0,0.0,0.0,0.0,
2026-04-08,Jahmai Jones,Detroit Tigers,Minnesota Twins,Bailey Ober,False,1,,,,,True,0.0,0.0,0.0,0.0,0.0,0.0,0.5,0.0,0.0,0.0,0.0,
2026-04-08,Kyle Finnegan,Detroit Tigers,Minnesota Twins,Bailey Ober,True,0,0.0,0.0,,,True,,,,,,,,,,,,
2026-04-08,Kenley Jansen,Detroit Tigers,Minnesota Twins,Bailey Ober,True,0,0.0,0.0,,,True,,,,,,,,,,,,
2026-04-08,Enmanuel De Jesus,Detroit Tigers,Minnesota Twins,Bailey Ober,True,0,0.0,0.0,,,True,,,,,,,,,,,,
2026-04-08,Matt Vierling,Detroit Tigers,Minnesota Twins,Bailey Ober,False,1,,,,,True,1.0,0.0,1.0,1.0,1.0,0.0,0.5,0.0,0.0,0.0,0.0,
2026-04-08,Brant Hurter,Detroit Tigers,Minnesota Twins,Bailey Ober,True,1,0.6666666666666666,2.0,13.5,4.5,True,,,,,,,,,,,,27.0
2026-04-08,Jack Flaherty,Detroit Tigers,Minnesota Twins,Bailey Ober,True,0,0.0,0.0,,,True,,,,,,,,,,,,
2026-04-08,Connor Seabold,Detroit Tigers,Minnesota Twins,Bailey Ober,True,0,0.0,0.0,,,True,,,,,,,,,,,,
2026-04-08,Jake Rogers,Detroit Tigers,Minnesota Twins,Bailey Ober,False,1,,,,,True,0.0,0.0,0.0,0.0,0.0,0.0,0.5,0.0,0.0,0.0,0.0,
2026-04-08,Justin Verlander,Detroit Tigers,Minnesota Twins,Bailey Ober,True,0,0.0,0.0,,,True,,,,,,,,,,,,
2026-04-08,Casey Mize,Detroit Tigers,Minnesota Twins,Bailey Ober,True,1,4.333333333333333,4.0,10.384615384615385,2.307692307692308,True,,,,,,,,,,,,8.307692307692308
2026-04-08,Keider Montero,Detroit Tigers,Minnesota Twins,Bailey Ober,True,0,0.0,0.0,,,True,,,,,,,,,,,,
2026-04-09,Griffin Conine,Miami Marlins,Cincinnati Reds,Rhett Lowder,False,0,,,,,True,0.0,0.0,0.0,,,,,0.0,0.0,0.0,0.0,
2026-04-09,Pete Fairbanks,Miami Marlins,Cincinnati Reds,Rhett Lowder,True,0,0.0,0.0,,,True,,,,,,,,,,,,
2026-04-09,Heriberto Hernández,Miami Marlins,Cincinnati Reds,Rhett Lowder,False,1,,,,,True,0.0,0.0,0.0,0.0,0.0,0.0,0.25,0.0,0.0,0.0,0.0,
2026-04-09,Sandy Alcantara,Miami Marlins,Cincinnati Reds,Rhett Lowder,True,0,0.0,0.0,,,True,,,,,,,,,,,,
2026-04-09,Jakob Marsee,Miami Marlins,Cincinnati Reds,Rhett Lowder,False,1,,,,,True,0.0,0.0,0.0,0.0,0.0,0.0,0.25,0.0,0.0,0.0,0.0,
2026-04-09,Javier Sanoja,Miami Marlins,Cincinnati Reds,Rhett Lowder,False,1,,,,,True,0.0,0.0,0.0,0.0,0.0,0.0,0.0,0.0,0.0,0.0,0.0,
2026-04-09,Xavier Edwards,Miami Marlins,Cincinnati Reds,Rhett Lowder,False,1,,,,,True,0.0,0.0,0.0,0.0,0.0,0.0,0.3333333333333333,0.0,0.0,0.0,0.0,
2026-04-09,Graham Pauley,Miami Marlins,Cincinnati Reds,Rhett Lowder,False,0,,,,,True,0.0,0.0,0.0,,,,,0.0,0.0,0.0,0.0,
2026-04-09,Anthony Bender,Miami Marlins,Cincinnati Reds,Rhett Lowder,True,0,0.0,0.0,,,True,,,,,,,,,,,,
2026-04-09,Owen Caissie,Miami Marlins,Cincinnati Reds,Rhett Lowder,False,1,,,,,True,0.0,0.0,0.0,0.0,0.0,0.0,0.0,0.0,0.0,0.0,0.0,
2026-04-09,Agustín Ramírez,Miami Marlins,Cincinnati Reds,Rhett Lowder,False,1,,,,,True,1.0,0.0,1.0,1.0,1.0,0.0,0.25,0.0,0.0,0.0,0.0,
2026-04-09,Connor Norby,Miami Marlins,Cincinnati Reds,Rhett Lowder,False,1,,,,,True,0.0,0.0,0.0,0.0,0.0,0.0,0.0,0.0,0.0,0.0,0.0,
2026-04-09,Andrew Nardi,Miami Marlins,Cincinnati Reds,Rhett Lowder,True,0,0.0,0.0,,,True,,,,,,,,,,,,
2026-04-09,Austin Slater,Miami Marlins,Cincinnati Reds,Rhett Lowder,False,1,,,,,True,0.0,0.0,0.0,0.0,0.0,0.0,0.6666666666666666,0.0,0.0,0.0,0.0,
2026-04-09,Otto Lopez,Miami Marlins,Cincinnati Reds,Rhett Lowder,False,1,,,,,True,2.0,0.0,2.0,2.0,2.0,0.0,0.0,0.0,0.0,0.0,0.0,
2026-04-09,Calvin Faucher,Miami Marlins,Cincinnati Reds,Rhett Lowder,True,0,0.0,0.0,,,True,,,,,,,,,,,,
2026-04-09,Liam Hicks,Miami Marlins,Cincinnati Reds,Rhett Lowder,False,1,,,,,True,0.0,0.0,0.0,0.0,0.0,0.0,0.0,0.0,0.0,0.0,0.0,
2026-04-09,Eury Pérez,Miami Marlins,Cincinnati Reds,Rhett Lowder,True,0,0.0,0.0,,,True,,,,,,,,,,,,
2026-04-09,Tyler Phillips,Miami Marlins,Cincinnati Reds,Rhett Lowder,True,1,1.6666666666666667,1.0,0.0,0.6,True,,,,,,,,,,,,5.3999999999999995
2026-04-09,Max Meyer,Miami Marlins,Cincinnati Reds,Rhett Lowder,True,0,0.0,0.0,,,True,,,,,,,,,,,,
2026-04-09,John King,Miami Marlins,Cincinnati Reds,Rhett Lowder,True,0,0.0,0.0,,,True,,,,,,,,,,,,
2026-04-09,Deyvison De Los Santos,Miami Marlins,Cincinnati Reds,Rhett Lowder,False,0,,,,,True,0.0,0.0,0.0,,,,,0.0,0.0,0.0,0.0,
2026-04-09,Michael Petersen,Miami Marlins,Cincinnati Reds,Rhett Lowder,True,0,0.0,0.0,,,True,,,,,,,,,,,,
2026-04-09,Lake Bachar,Miami Marlins,Cincinnati Reds,Rhett Lowder,True,0,0.0,0.0,,,True,,,,,,,,,,,,
2026-04-09,Chris Paddack,Miami Marlins,Cincinnati Reds,Rhett Lowder,True,0,0.0,0.0,,,True,,,,,,,,,,,,
2026-04-09,Janson Junk,Miami Marlins,Cincinnati Reds,Rhett Lowder,True,1,7.333333333333333,3.0,2.4545454545454546,1.090909090909091,True,,,,,,,,,,,,3.681818181818182
2026-04-09,Leo Jiménez,Miami Marlins,Cincinnati Reds,Rhett Lowder,False,1,,,,,True,0.0,0.0,0.0,0.0,0.0,0.0,0.0,0.0,0.0,0.0,0.0,
2026-04-09,Elly De La Cruz,Cincinnati Reds,Miami Marlins,Max Meyer,False,1,,,,,True,2.0,0.0,3.0,3.0,2.0,0.0,0.0,0.0,0.0,0.0,0.0,
2026-04-09,Dane Myers,Cincinnati Reds,Miami Marlins,Max Meyer,False,1,,,,,True,0.0,0.0,0.0,0.0,0.0,0.0,0.0,0.0,0.0,0.0,0.0,
2026-04-09,Sal Stewart,Cincinnati Reds,Miami Marlins,Max Meyer,False,1,,,,,True,1.0,0.0,2.0,2.0,1.0,0.0,0.0,0.0,0.0,0.0,0.0,
2026-04-09,Pierce Johnson,Cincinnati Reds,Miami Marlins,Max Meyer,True,0,0.0,0.0,,,True,,,,,,,,,,,,
2026-04-09,Noelvi Marte,Cincinnati Reds,Miami Marlins,Max Meyer,False,0,,,,,True,0.0,0.0,0.0,,,,,0.0,0.0,0.0,0.0,
2026-04-09,Matt McLain,Cincinnati Reds,Miami Marlins,Max Meyer,False,1,,,,,True,0.0,0.0,0.0,0.0,0.0,0.0,0.25,0.0,0.0,0.0,0.0,
2026-04-09,Ke'Bryan Hayes,Cincinnati Reds,Miami Marlins,Max Meyer,False,1,,,,,True,0.0,0.0,0.0,0.0,0.0,0.0,0.0,0.0,0.0,0.0,0.0,
2026-04-09,Will Benson,Cincinnati Reds,Miami Marlins,Max Meyer,False,1,,,,,True,1.0,0.0,1.0,1.0,1.0,0.0,0.25,0.0,0.0,0.0,0.0,
2026-04-09,TJ Friedl,Cincinnati Reds,Miami Marlins,Max Meyer,False,1,,,,,True,2.0,0.0,2.0,2.0,2.0,0.0,0.25,0.0,0.0,0.0,0.0,
2026-04-09,Spencer Steer,Cincinnati Reds,Miami Marlins,Max Meyer,False,1,,,,,True,0.0,0.0,0.0,0.0,0.0,0.0,0.3333333333333333,0.0,0.0,0.0,0.0,
2026-04-09,Connor Phillips,Cincinnati Reds,Miami Marlins,Max Meyer,True,0,0.0,0.0,,,True,,,,,,,,,,,,
2026-04-09,Graham Ashcraft,Cincinnati Reds,Miami Marlins,Max Meyer,True,0,0.0,0.0,,,True,,,,,,,,,,,,
2026-04-09,Tyler Stephenson,Cincinnati Reds,Miami Marlins,Max Meyer,False,1,,,,,True,1.0,1.0,3.0,3.0,1.0,1.0,0.0,0.0,0.0,0.0,0.0,
2026-04-09,Eugenio Suárez,Cincinnati Reds,Miami Marlins,Max Meyer,False,1,,,,,True,0.0,0.0,0.0,0.0,0.0,0.0,0.0,0.0,0.0,0.0,0.0,
2026-04-09,Sam Moll,Cincinnati Reds,Miami Marlins,Max Meyer,True,0,0.0,0.0,,,True,,,,,,,,,,,,
2026-04-09,Brock Burke,Cincinnati Reds,Miami Marlins,Max Meyer,True,1,0.3333333333333333,1.0,0.0,0.0,True,,,,,,,,,,,,27.0
2026-04-09,Andrew Abbott,Cincinnati Reds,Miami Marlins,Max Meyer,True,0,0.0,0.0,,,True,,,,,,,,,,,,
2026-04-09,Emilio Pagán,Cincinnati Reds,Miami Marlins,Max Meyer,True,1,1.0,0.0,0.0,0.0,True,,,,,,,,,,,,0.0
2026-04-09,Tony Santillan,Cincinnati Reds,Miami Marlins,Max Meyer,True,1,1.0,1.0,0.0,1.0,True,,,,,,,,,,,,9.0
2026-04-09,Nathaniel Lowe,Cincinnati Reds,Miami Marlins,Max Meyer,False,0,,,,,True,0.0,0.0,0.0,,,,,0.0,0.0,0.0,0.0,
2026-04-09,Brady Singer,Cincinnati Reds,Miami Marlins,Max Meyer,True,0,0.0,0.0,,,True,,,,,,,,,,,,
2026-04-09,Jose Trevino,Cincinnati Reds,Miami Marlins,Max Meyer,False,0,,,,,True,0.0,0.0,0.0,,,,,0.0,0.0,0.0,0.0,
2026-04-09,Rhett Lowder,Cincinnati Reds,Miami Marlins,Max Meyer,True,0,0.0,0.0,,,True,,,,,,,,,,,,
2026-04-09,Jose Franco,Cincinnati Reds,Miami Marlins,Max Meyer,True,0,0.0,0.0,,,True,,,,,,,,,,,,
2026-04-09,Chase Burns,Cincinnati Reds,Miami Marlins,Max Meyer,True,0,0.0,0.0,,,True,,,,,,,,,,,,
2026-04-09,Brandon Williamson,Cincinnati Reds,Miami Marlins,Max Meyer,True,1,6.666666666666667,4.0,0.0,0.6,True,,,,,,,,,,,,5.3999999999999995
2026-04-09,José Caballero,New York Yankees,Athletics,Jeffrey Springs,False,0,,,,,True,0.0,0.0,0.0,,,,,0.0,0.0,0.0,0.0,
2026-04-09,Aaron Judge,New York Yankees,Athletics,Jeffrey Springs,False,0,,,,,True,0.0,0.0,0.0,,,,,0.0,0.0,0.0,0.0,
2026-04-09,Ryan McMahon,New York Yankees,Athletics,Jeffrey Springs,False,0,,,,,True,0.0,0.0,0.0,,,,,0.0,0.0,0.0,0.0,
2026-04-09,Austin Wells,New York Yankees,Athletics,Jeffrey Springs,False,0,,,,,True,0.0,0.0,0.0,,,,,0.0,0.0,0.0,0.0,
2026-04-09,Ben Rice,New York Yankees,Athletics,Jeffrey Springs,False,0,,,,,True,0.0,0.0,0.0,,,,,0.0,0.0,0.0,0.0,
2026-04-09,Brent Headrick,New York Yankees,Athletics,Jeffrey Springs,True,0,0.0,0.0,,,True,,,,,,,,,,,,
2026-04-09,Cody Bellinger,New York Yankees,Athletics,Jeffrey Springs,False,0,,,,,True,0.0,0.0,0.0,,,,,0.0,0.0,0.0,0.0,
2026-04-09,Giancarlo Stanton,New York Yankees,Athletics,Jeffrey Springs,False,0,,,,,True,0.0,0.0,0.0,,,,,0.0,0.0,0.0,0.0,
2026-04-09,Jazz Chisholm Jr.,New York Yankees,Athletics,Jeffrey Springs,False,0,,,,,True,0.0,0.0,0.0,,,,,0.0,0.0,0.0,0.0,
2026-04-09,Max Fried,New York Yankees,Athletics,Jeffrey Springs,True,0,0.0,0.0,,,True,,,,,,,,,,,,
2026-04-09,Jake Bird,New York Yankees,Athletics,Jeffrey Springs,True,0,0.0,0.0,,,True,,,,,,,,,,,,
2026-04-09,Camilo Doval,New York Yankees,Athletics,Jeffrey Springs,True,0,0.0,0.0,,,True,,,,,,,,,,,,
2026-04-09,Trent Grisham,New York Yankees,Athletics,Jeffrey Springs,False,0,,,,,True,0.0,0.0,0.0,,,,,0.0,0.0,0.0,0.0,
2026-04-09,Randal Grichuk,New York Yankees,Athletics,Jeffrey Springs,False,0,,,,,True,0.0,0.0,0.0,,,,,0.0,0.0,0.0,0.0,
2026-04-09,Amed Rosario,New York Yankees,Athletics,Jeffrey Springs,False,0,,,,,True,0.0,0.0,0.0,,,,,0.0,0.0,0.0,0.0,
2026-04-09,Tim Hill,New York Yankees,Athletics,Jeffrey Springs,True,0,0.0,0.0,,,True,,,,,,,,,,,,
2026-04-09,Paul Goldschmidt,New York Yankees,Athletics,Jeffrey Springs,False,0,,,,,True,0.0,0.0,0.0,,,,,0.0,0.0,0.0,0.0,
2026-04-09,Fernando Cruz,New York Yankees,Athletics,Jeffrey Springs,True,0,0.0,0.0,,,True,,,,,,,,,,,,
2026-04-09,David Bednar,New York Yankees,Athletics,Jeffrey Springs,True,0,0.0,0.0,,,True,,,,,,,,,,,,
2026-04-09,Cam Schlittler,New York Yankees,Athletics,Jeffrey Springs,True,0,0.0,0.0,,,True,,,,,,,,,,,,
2026-04-09,Will Warren,New York Yankees,Athletics,Jeffrey Springs,True,0,0.0,0.0,,,True,,,,,,,,,,,,
2026-04-09,Paul Blackburn,New York Yankees,Athletics,Jeffrey Springs,True,0,0.0,0.0,,,True,,,,,,,,,,,,
2026-04-09,Ryan Weathers,New York Yankees,Athletics,Jeffrey Springs,True,0,0.0,0.0,,,True,,,,,,,,,,,,
2026-04-09,J.C. Escarra,New York Yankees,Athletics,Jeffrey Springs,False,0,,,,,True,0.0,0.0,0.0,,,,,0.0,0.0,0.0,0.0,
2026-04-09,Ryan Yarbrough,New York Yankees,Athletics,Jeffrey Springs,True,0,0.0,0.0,,,True,,,,,,,,,,,,
2026-04-09,Lawrence Butler,Athletics,New York Yankees,Ryan Weathers,False,0,,,,,True,0.0,0.0,0.0,,,,,0.0,0.0,0.0,0.0,
2026-04-09,Luis Severino,Athletics,New York Yankees,Ryan Weathers,True,0,0.0,0.0,,,True,,,,,,,,,,,,
2026-04-09,Brent Rooker,Athletics,New York Yankees,Ryan Weathers,False,0,,,,,True,0.0,0.0,0.0,,,,,0.0,0.0,0.0,0.0,
2026-04-09,Jeff McNeil,Athletics,New York Yankees,Ryan Weathers,False,0,,,,,True,0.0,0.0,0.0,,,,,0.0,0.0,0.0,0.0,
2026-04-09,Justin Sterner,Athletics,New York Yankees,Ryan Weathers,True,0,0.0,0.0,,,True,,,,,,,,,,,,
2026-04-09,Scott Barlow,Athletics,New York Yankees,Ryan Weathers,True,0,0.0,0.0,,,True,,,,,,,,,,,,
2026-04-09,Carlos Cortes,Athletics,New York Yankees,Ryan Weathers,False,0,,,,,True,0.0,0.0,0.0,,,,,0.0,0.0,0.0,0.0,
2026-04-09,Max Muncy,Athletics,New York Yankees,Ryan Weathers,False,0,,,,,True,0.0,0.0,0.0,,,,,0.0,0.0,0.0,0.0,
2026-04-09,Denzel Clarke,Athletics,New York Yankees,Ryan Weathers,False,0,,,,,True,0.0,0.0,0.0,,,,,0.0,0.0,0.0,0.0,
2026-04-09,Tyler Soderstrom,Athletics,New York Yankees,Ryan Weathers,False,0,,,,,True,0.0,0.0,0.0,,,,,0.0,0.0,0.0,0.0,
2026-04-09,Nick Kurtz,Athletics,New York Yankees,Ryan Weathers,False,0,,,,,True,0.0,0.0,0.0,,,,,0.0,0.0,0.0,0.0,
2026-04-09,Hogan Harris,Athletics,New York Yankees,Ryan Weathers,True,0,0.0,0.0,,,True,,,,,,,,,,,,
2026-04-09,Shea Langeliers,Athletics,New York Yankees,Ryan Weathers,False,0,,,,,True,0.0,0.0,0.0,,,,,0.0,0.0,0.0,0.0,
2026-04-09,Jacob Wilson,Athletics,New York Yankees,Ryan Weathers,False,0,,,,,True,0.0,0.0,0.0,,,,,0.0,0.0,0.0,0.0,
2026-04-09,Michael Kelly,Athletics,New York Yankees,Ryan Weathers,True,0,0.0,0.0,,,True,,,,,,,,,,,,
2026-04-09,Elvis Alvarado,Athletics,New York Yankees,Ryan Weathers,True,0,0.0,0.0,,,True,,,,,,,,,,,,
2026-04-09,Darell Hernaiz,Athletics,New York Yankees,Ryan Weathers,False,0,,,,,True,0.0,0.0,0.0,,,,,0.0,0.0,0.0,0.0,
2026-04-09,Luis Medina,Athletics,New York Yankees,Ryan Weathers,True,0,0.0,0.0,,,True,,,,,,,,,,,,
2026-04-09,Mark Leiter Jr.,Athletics,New York Yankees,Ryan Weathers,True,0,0.0,0.0,,,True,,,,,,,,,,,,
2026-04-09,Andy Ibáñez,Athletics,New York Yankees,Ryan Weathers,False,0,,,,,True,0.0,0.0,0.0,,,,,0.0,0.0,0.0,0.0,
2026-04-09,Jeffrey Springs,Athletics,New York Yankees,Ryan Weathers,True,0,0.0,0.0,,,True,,,,,,,,,,,,
2026-04-09,J.T. Ginn,Athletics,New York Yankees,Ryan Weathers,True,0,0.0,0.0,,,True,,,,,,,,,,,,
2026-04-09,Austin Wynns,Athletics,New York Yankees,Ryan Weathers,False,0,,,,,True,0.0,0.0,0.0,,,,,0.0,0.0,0.0,0.0,
2026-04-09,Luis Morales,Athletics,New York Yankees,Ryan Weathers,True,0,0.0,0.0,,,True,,,,,,,,,,,,
2026-04-09,Jacob Lopez,Athletics,New York Yankees,Ryan Weathers,True,0,0.0,0.0,,,True,,,,,,,,,,,,
2026-04-09,Aaron Civale,Athletics,New York Yankees,Ryan Weathers,True,0,0.0,0.0,,,True,,,,,,,,,,,,
2026-04-09,Justin Topa,Minnesota Twins,Detroit Tigers,Jack Flaherty,True,0,0.0,0.0,,,True,,,,,,,,,,,,
2026-04-09,Victor Caratini,Minnesota Twins,Detroit Tigers,Jack Flaherty,False,1,,,,,True,2.0,0.0,5.0,5.0,2.0,0.0,0.0,0.0,0.0,0.0,0.0,
2026-04-09,Kody Clemens,Minnesota Twins,Detroit Tigers,Jack Flaherty,False,1,,,,,True,0.0,0.0,0.0,0.0,0.0,0.0,1.0,0.0,0.0,0.0,0.0,
2026-04-09,Brooks Lee,Minnesota Twins,Detroit Tigers,Jack Flaherty,False,1,,,,,True,1.0,0.0,1.0,1.0,1.0,0.0,0.0,0.0,0.0,0.0,0.0,
2026-04-09,Austin Martin,Minnesota Twins,Detroit Tigers,Jack Flaherty,False,1,,,,,True,0.0,0.0,1.0,1.0,0.0,0.0,0.0,0.0,0.0,0.0,0.0,
2026-04-09,Josh Bell,Minnesota Twins,Detroit Tigers,Jack Flaherty,False,1,,,,,True,0.0,0.0,0.0,0.0,0.0,0.0,0.0,0.0,0.0,0.0,0.0,
2026-04-09,Ryan Jeffers,Minnesota Twins,Detroit Tigers,Jack Flaherty,False,0,,,,,True,0.0,0.0,0.0,,,,,0.0,0.0,0.0,0.0,
2026-04-09,James Outman,Minnesota Twins,Detroit Tigers,Jack Flaherty,False,1,,,,,True,0.0,0.0,0.0,0.0,0.0,0.0,1.0,0.0,0.0,0.0,0.0,
2026-04-09,Taylor Rogers,Minnesota Twins,Detroit Tigers,Jack Flaherty,True,0,0.0,0.0,,,True,,,,,,,,,,,,
2026-04-09,Kody Funderburk,Minnesota Twins,Detroit Tigers,Jack Flaherty,True,1,0.6666666666666666,0.0,0.0,4.5,True,,,,,,,,,,,,0.0
2026-04-09,Royce Lewis,Minnesota Twins,Detroit Tigers,Jack Flaherty,False,1,,,,,True,1.0,0.0,2.0,2.0,1.0,0.0,0.25,0.0,0.0,0.0,0.0,
2026-04-09,Trevor Larnach,Minnesota Twins,Detroit Tigers,Jack Flaherty,False,1,,,,,True,2.0,0.0,4.0,4.0,2.0,0.0,0.0,0.0,0.0,0.0,0.0,
2026-04-09,Byron Buxton,Minnesota Twins,Detroit Tigers,Jack Flaherty,False,1,,,,,True,1.0,0.0,3.0,3.0,1.0,0.0,0.0,0.0,0.0,0.0,0.0,
2026-04-09,Joe Ryan,Minnesota Twins,Detroit Tigers,Jack Flaherty,True,1,5.0,7.0,3.6,1.2,True,,,,,,,,,,,,12.6
2026-04-09,Matt Wallner,Minnesota Twins,Detroit Tigers,Jack Flaherty,False,1,,,,,True,2.0,0.0,3.0,3.0,2.0,0.0,0.6,0.0,0.0,0.0,0.0,
2026-04-09,Luke Keaschall,Minnesota Twins,Detroit Tigers,Jack Flaherty,False,1,,,,,True,1.0,1.0,5.0,5.0,1.0,1.0,0.2,0.0,0.0,0.0,0.0,
2026-04-09,Taj Bradley,Minnesota Twins,Detroit Tigers,Jack Flaherty,True,0,0.0,0.0,,,True,,,,,,,,,,,,
2026-04-09,Anthony Banda,Minnesota Twins,Detroit Tigers,Jack Flaherty,True,1,1.0,1.0,0.0,1.0,True,,,,,,,,,,,,9.0
2026-04-09,Cole Sands,Minnesota Twins,Detroit Tigers,Jack Flaherty,True,0,0.0,0.0,,,True,,,,,,,,,,,,
2026-04-09,Eric Orze,Minnesota Twins,Detroit Tigers,Jack Flaherty,True,1,0.6666666666666666,1.0,0.0,1.5,True,,,,,,,,,,,,13.5
2026-04-09,Tristan Gray,Minnesota Twins,Detroit Tigers,Jack Flaherty,False,0,,,,,True,0.0,0.0,0.0,,,,,0.0,0.0,0.0,0.0,
2026-04-09,Bailey Ober,Minnesota Twins,Detroit Tigers,Jack Flaherty,True,0,0.0,0.0,,,True,,,,,,,,,,,,
2026-04-09,Mick Abel,Minnesota Twins,Detroit Tigers,Jack Flaherty,True,0,0.0,0.0,,,True,,,,,,,,,,,,
2026-04-09,Simeon Woods Richardson,Minnesota Twins,Detroit Tigers,Jack Flaherty,True,0,0.0,0.0,,,True,,,,,,,,,,,,
2026-04-09,Cody Laweryson,Minnesota Twins,Detroit Tigers,Jack Flaherty,True,1,1.6666666666666667,2.0,0.0,0.0,True,,,,,,,,,,,,10.799999999999999
2026-04-09,Zak Kent,Minnesota Twins,Detroit Tigers,Jack Flaherty,True,0,0.0,0.0,,,True,,,,,,,,,,,,
2026-04-09,Tarik Skubal,Detroit Tigers,Minnesota Twins,Mick Abel,True,0,0.0,0.0,,,True,,,,,,,,,,,,
2026-04-09,Drew Anderson,Detroit Tigers,Minnesota Twins,Mick Abel,True,1,3.0,4.0,3.0,1.3333333333333333,True,,,,,,,,,,,,12.0
2026-04-09,Javier Báez,Detroit Tigers,Minnesota Twins,Mick Abel,False,0,,,,,True,0.0,0.0,0.0,,,,,0.0,0.0,0.0,0.0,
2026-04-09,Riley Greene,Detroit Tigers,Minnesota Twins,Mick Abel,False,1,,,,,True,0.0,0.0,0.0,0.0,0.0,0.0,0.0,0.0,0.0,0.0,0.0,
2026-04-09,Tyler Holton,Detroit Tigers,Minnesota Twins,Mick Abel,True,0,0.0,0.0,,,True,,,,,,,,,,,,
2026-04-09,Kevin McGonigle,Detroit Tigers,Minnesota Twins,Mick Abel,False,1,,,,,True,1.0,0.0,2.0,2.0,1.0,0.0,0.2,0.0,0.0,0.0,0.0,
2026-04-09,Kerry Carpenter,Detroit Tigers,Minnesota Twins,Mick Abel,False,0,,,,,True,0.0,0.0,0.0,,,,,0.0,0.0,0.0,0.0,
2026-04-09,Spencer Torkelson,Detroit Tigers,Minnesota Twins,Mick Abel,False,1,,,,,True,0.0,0.0,0.0,0.0,0.0,0.0,0.25,0.0,0.0,0.0,0.0,
2026-04-09,Gleyber Torres,Detroit Tigers,Minnesota Twins,Mick Abel,False,1,,,,,True,0.0,0.0,1.0,1.0,0.0,0.0,0.2,0.0,0.0,0.0,0.0,
2026-04-09,Parker Meadows,Detroit Tigers,Minnesota Twins,Mick Abel,False,1,,,,,True,0.0,0.0,0.0,0.0,0.0,0.0,0.5,0.0,0.0,0.0,0.0,
2026-04-09,Dillon Dingler,Detroit Tigers,Minnesota Twins,Mick Abel,False,0,,,,,True,0.0,0.0,0.0,,,,,0.0,0.0,0.0,0.0,
2026-04-09,Will Vest,Detroit Tigers,Minnesota Twins,Mick Abel,True,0,0.0,0.0,,,True,,,,,,,,,,,,
2026-04-09,Colt Keith,Detroit Tigers,Minnesota Twins,Mick Abel,False,1,,,,,True,1.0,0.0,3.0,3.0,1.0,0.0,0.25,0.0,0.0,0.0,0.0,
2026-04-09,Framber Valdez,Detroit Tigers,Minnesota Twins,Mick Abel,True,0,0.0,0.0,,,True,,,,,,,,,,,,
2026-04-09,Zach McKinstry,Detroit Tigers,Minnesota Twins,Mick Abel,False,1,,,,,True,1.0,0.0,3.0,3.0,1.0,0.0,0.25,0.0,0.0,0.0,0.0,
2026-04-09,Jahmai Jones,Detroit Tigers,Minnesota Twins,Mick Abel,False,1,,,,,True,0.0,0.0,0.0,0.0,0.0,0.0,0.5,0.0,0.0,0.0,0.0,
2026-04-09,Kyle Finnegan,Detroit Tigers,Minnesota Twins,Mick Abel,True,0,0.0,0.0,,,True,,,,,,,,,,,,
2026-04-09,Kenley Jansen,Detroit Tigers,Minnesota Twins,Mick Abel,True,0,0.0,0.0,,,True,,,,,,,,,,,,
2026-04-09,Enmanuel De Jesus,Detroit Tigers,Minnesota Twins,Mick Abel,True,0,0.0,0.0,,,True,,,,,,,,,,,,
2026-04-09,Matt Vierling,Detroit Tigers,Minnesota Twins,Mick Abel,False,1,,,,,True,1.0,0.0,1.0,1.0,1.0,0.0,0.5,0.0,0.0,0.0,0.0,
2026-04-09,Brant Hurter,Detroit Tigers,Minnesota Twins,Mick Abel,True,1,0.6666666666666666,2.0,13.5,4.5,True,,,,,,,,,,,,27.0
2026-04-09,Jack Flaherty,Detroit Tigers,Minnesota Twins,Mick Abel,True,0,0.0,0.0,,,True,,,,,,,,,,,,
2026-04-09,Connor Seabold,Detroit Tigers,Minnesota Twins,Mick Abel,True,0,0.0,0.0,,,True,,,,,,,,,,,,
2026-04-09,Jake Rogers,Detroit Tigers,Minnesota Twins,Mick Abel,False,1,,,,,True,0.0,0.0,0.0,0.0,0.0,0.0,0.5,0.0,0.0,0.0,0.0,
2026-04-09,Justin Verlander,Detroit Tigers,Minnesota Twins,Mick Abel,True,0,0.0,0.0,,,True,,,,,,,,,,,,
2026-04-09,Casey Mize,Detroit Tigers,Minnesota Twins,Mick Abel,True,1,4.333333333333333,4.0,10.384615384615385,2.307692307692308,True,,,,,,,,,,,,8.307692307692308
2026-04-09,Keider Montero,Detroit Tigers,Minnesota Twins,Mick Abel,True,0,0.0,0.0,,,True,,,,,,,,,,,,
2026-04-09,Bo Bichette,New York Mets,Arizona Diamondbacks,Eduardo Rodriguez,False,0,,,,,True,0.0,0.0,0.0,,,,,0.0,0.0,0.0,0.0,
2026-04-09,Francisco Alvarez,New York Mets,Arizona Diamondbacks,Eduardo Rodriguez,False,0,,,,,True,0.0,0.0,0.0,,,,,0.0,0.0,0.0,0.0,
2026-04-09,Tobias Myers,New York Mets,Arizona Diamondbacks,Eduardo Rodriguez,True,0,0.0,0.0,,,True,,,,,,,,,,,,
2026-04-09,Brett Baty,New York Mets,Arizona Diamondbacks,Eduardo Rodriguez,False,0,,,,,True,0.0,0.0,0.0,,,,,0.0,0.0,0.0,0.0,
2026-04-09,Carson Benge,New York Mets,Arizona Diamondbacks,Eduardo Rodriguez,False,0,,,,,True,0.0,0.0,0.0,,,,,0.0,0.0,0.0,0.0,
2026-04-09,Marcus Semien,New York Mets,Arizona Diamondbacks,Eduardo Rodriguez,False,0,,,,,True,0.0,0.0,0.0,,,,,0.0,0.0,0.0,0.0,
2026-04-09,Freddy Peralta,New York Mets,Arizona Diamondbacks,Eduardo Rodriguez,True,0,0.0,0.0,,,True,,,,,,,,,,,,
2026-04-09,Francisco Lindor,New York Mets,Arizona Diamondbacks,Eduardo Rodriguez,False,0,,,,,True,0.0,0.0,0.0,,,,,0.0,0.0,0.0,0.0,
2026-04-09,Juan Soto,New York Mets,Arizona Diamondbacks,Eduardo Rodriguez,False,0,,,,,True,0.0,0.0,0.0,,,,,0.0,0.0,0.0,0.0,
2026-04-09,Jorge Polanco,New York Mets,Arizona Diamondbacks,Eduardo Rodriguez,False,0,,,,,True,0.0,0.0,0.0,,,,,0.0,0.0,0.0,0.0,
2026-04-09,Luis García,New York Mets,Arizona Diamondbacks,Eduardo Rodriguez,True,0,0.0,0.0,,,True,,,,,,,,,,,,
2026-04-09,Luis Robert Jr.,New York Mets,Arizona Diamondbacks,Eduardo Rodriguez,False,0,,,,,True,0.0,0.0,0.0,,,,,0.0,0.0,0.0,0.0,
2026-04-09,Luis Torrens,New York Mets,Arizona Diamondbacks,Eduardo Rodriguez,False,0,,,,,True,0.0,0.0,0.0,,,,,0.0,0.0,0.0,0.0,
2026-04-09,Tyrone Taylor,New York Mets,Arizona Diamondbacks,Eduardo Rodriguez,False,0,,,,,True,0.0,0.0,0.0,,,,,0.0,0.0,0.0,0.0,
2026-04-09,Mark Vientos,New York Mets,Arizona Diamondbacks,Eduardo Rodriguez,False,0,,,,,True,0.0,0.0,0.0,,,,,0.0,0.0,0.0,0.0,
2026-04-09,Huascar Brazobán,New York Mets,Arizona Diamondbacks,Eduardo Rodriguez,True,0,0.0,0.0,,,True,,,,,,,,,,,,
2026-04-09,Richard Lovelady,New York Mets,Arizona Diamondbacks,Eduardo Rodriguez,True,0,0.0,0.0,,,True,,,,,,,,,,,,
2026-04-09,Luke Weaver,New York Mets,Arizona Diamondbacks,Eduardo Rodriguez,True,0,0.0,0.0,,,True,,,,,,,,,,,,
2026-04-09,Devin Williams,New York Mets,Arizona Diamondbacks,Eduardo Rodriguez,True,0,0.0,0.0,,,True,,,,,,,,,,,,
2026-04-09,David Peterson,New York Mets,Arizona Diamondbacks,Eduardo Rodriguez,True,0,0.0,0.0,,,True,,,,,,,,,,,,
2026-04-09,Brooks Raley,New York Mets,Arizona Diamondbacks,Eduardo Rodriguez,True,0,0.0,0.0,,,True,,,,,,,,,,,,
2026-04-09,Jared Young,New York Mets,Arizona Diamondbacks,Eduardo Rodriguez,False,0,,,,,True,0.0,0.0,0.0,,,,,0.0,0.0,0.0,0.0,
2026-04-09,Sean Manaea,New York Mets,Arizona Diamondbacks,Eduardo Rodriguez,True,0,0.0,0.0,,,True,,,,,,,,,,,,
2026-04-09,Nolan McLean,New York Mets,Arizona Diamondbacks,Eduardo Rodriguez,True,0,0.0,0.0,,,True,,,,,,,,,,,,
2026-04-09,Clay Holmes,New York Mets,Arizona Diamondbacks,Eduardo Rodriguez,True,0,0.0,0.0,,,True,,,,,,,,,,,,
2026-04-09,Kodai Senga,New York Mets,Arizona Diamondbacks,Eduardo Rodriguez,True,0,0.0,0.0,,,True,,,,,,,,,,,,
2026-04-09,Andrew Hoffmann,Arizona Diamondbacks,New York Mets,Nolan McLean,True,0,0.0,0.0,,,True,,,,,,,,,,,,
2026-04-09,Jordan Lawlar,Arizona Diamondbacks,New York Mets,Nolan McLean,False,0,,,,,True,0.0,0.0,0.0,,,,,0.0,0.0,0.0,0.0,
2026-04-09,Juan Morillo,Arizona Diamondbacks,New York Mets,Nolan McLean,True,0,0.0,0.0,,,True,,,,,,,,,,,,
2026-04-09,Tim Tawa,Arizona Diamondbacks,New York Mets,Nolan McLean,False,0,,,,,True,0.0,0.0,0.0,,,,,0.0,0.0,0.0,0.0,
2026-04-09,Nolan Arenado,Arizona Diamondbacks,New York Mets,Nolan McLean,False,0,,,,,True,0.0,0.0,0.0,,,,,0.0,0.0,0.0,0.0,
2026-04-09,Ketel Marte,Arizona Diamondbacks,New York Mets,Nolan McLean,False,0,,,,,True,0.0,0.0,0.0,,,,,0.0,0.0,0.0,0.0,
2026-04-09,Geraldo Perdomo,Arizona Diamondbacks,New York Mets,Nolan McLean,False,0,,,,,True,0.0,0.0,0.0,,,,,0.0,0.0,0.0,0.0,
2026-04-09,Gabriel Moreno,Arizona Diamondbacks,New York Mets,Nolan McLean,False,0,,,,,True,0.0,0.0,0.0,,,,,0.0,0.0,0.0,0.0,
2026-04-09,Corbin Carroll,Arizona Diamondbacks,New York Mets,Nolan McLean,False,0,,,,,True,0.0,0.0,0.0,,,,,0.0,0.0,0.0,0.0,
2026-04-09,Taylor Clarke,Arizona Diamondbacks,New York Mets,Nolan McLean,True,0,0.0,0.0,,,True,,,,,,,,,,,,
2026-04-09,Zac Gallen,Arizona Diamondbacks,New York Mets,Nolan McLean,True,0,0.0,0.0,,,True,,,,,,,,,,,,
2026-04-09,Ryan Thompson,Arizona Diamondbacks,New York Mets,Nolan McLean,True,0,0.0,0.0,,,True,,,,,,,,,,,,
2026-04-09,Carlos Santana,Arizona Diamondbacks,New York Mets,Nolan McLean,False,0,,,,,True,0.0,0.0,0.0,,,,,0.0,0.0,0.0,0.0,
2026-04-09,Alek Thomas,Arizona Diamondbacks,New York Mets,Nolan McLean,False,0,,,,,True,0.0,0.0,0.0,,,,,0.0,0.0,0.0,0.0,
2026-04-09,Kevin Ginkel,Arizona Diamondbacks,New York Mets,Nolan McLean,True,0,0.0,0.0,,,True,,,,,,,,,,,,
2026-04-09,Jonathan Loáisiga,Arizona Diamondbacks,New York Mets,Nolan McLean,True,0,0.0,0.0,,,True,,,,,,,,,,,,
2026-04-09,Ryne Nelson,Arizona Diamondbacks,New York Mets,Nolan McLean,True,0,0.0,0.0,,,True,,,,,,,,,,,,
2026-04-09,Pavin Smith,Arizona Diamondbacks,New York Mets,Nolan McLean,False,0,,,,,True,0.0,0.0,0.0,,,,,0.0,0.0,0.0,0.0,
2026-04-09,Eduardo Rodriguez,Arizona Diamondbacks,New York Mets,Nolan McLean,True,0,0.0,0.0,,,True,,,,,,,,,,,,
2026-04-09,Joe Ross,Arizona Diamondbacks,New York Mets,Nolan McLean,True,0,0.0,0.0,,,True,,,,,,,,,,,,
2026-04-09,Paul Sewald,Arizona Diamondbacks,New York Mets,Nolan McLean,True,0,0.0,0.0,,,True,,,,,,,,,,,,
2026-04-09,James McCann,Arizona Diamondbacks,New York Mets,Nolan McLean,False,0,,,,,True,0.0,0.0,0.0,,,,,0.0,0.0,0.0,0.0,
2026-04-09,Jorge Barrosa,Arizona Diamondbacks,New York Mets,Nolan McLean,False,0,,,,,True,0.0,0.0,0.0,,,,,0.0,0.0,0.0,0.0,
2026-04-09,Ildemaro Vargas,Arizona Diamondbacks,New York Mets,Nolan McLean,False,0,,,,,True,0.0,0.0,0.0,,,,,0.0,0.0,0.0,0.0,
2026-04-09,Michael Soroka,Arizona Diamondbacks,New York Mets,Nolan McLean,True,0,0.0,0.0,,,True,,,,,,,,,,,,
2026-04-09,Brandon Pfaadt,Arizona Diamondbacks,New York Mets,Nolan McLean,True,0,0.0,0.0,,,True,,,,,,,,,,,,
2026-04-09,Jose Fernandez,Arizona Diamondbacks,New York Mets,Nolan McLean,False,0,,,,,True,0.0,0.0,0.0,,,,,0.0,0.0,0.0,0.0,
2026-04-09,Adrian Del Castillo,Arizona Diamondbacks,New York Mets,Nolan McLean,False,0,,,,,True,0.0,0.0,0.0,,,,,0.0,0.0,0.0,0.0,
2026-04-09,Taylor Rashi,Arizona Diamondbacks,New York Mets,Nolan McLean,True,0,0.0,0.0,,,True,,,,,,,,,,,,
2026-04-09,Carter Jensen,Kansas City Royals,Chicago White Sox,,False,0,,,,,True,0.0,0.0,0.0,,,,,0.0,0.0,0.0,0.0,
2026-04-09,Cole Ragans,Kansas City Royals,Chicago White Sox,,True,0,0.0,0.0,,,True,,,,,,,,,,,,
2026-04-09,Jonathan India,Kansas City Royals,Chicago White Sox,,False,0,,,,,True,0.0,0.0,0.0,,,,,0.0,0.0,0.0,0.0,
2026-04-09,Isaac Collins,Kansas City Royals,Chicago White Sox,,False,0,,,,,True,0.0,0.0,0.0,,,,,0.0,0.0,0.0,0.0,
2026-04-09,Salvador Perez,Kansas City Royals,Chicago White Sox,,False,0,,,,,True,0.0,0.0,0.0,,,,,0.0,0.0,0.0,0.0,
2026-04-09,Starling Marte,Kansas City Royals,Chicago White Sox,,False,0,,,,,True,0.0,0.0,0.0,,,,,0.0,0.0,0.0,0.0,
2026-04-09,Vinnie Pasquantino,Kansas City Royals,Chicago White Sox,,False,0,,,,,True,0.0,0.0,0.0,,,,,0.0,0.0,0.0,0.0,
2026-04-09,Bailey Falter,Kansas City Royals,Chicago White Sox,,True,0,0.0,0.0,,,True,,,,,,,,,,,,
2026-04-09,Maikel Garcia,Kansas City Royals,Chicago White Sox,,False,0,,,,,True,0.0,0.0,0.0,,,,,0.0,0.0,0.0,0.0,
2026-04-09,Lane Thomas,Kansas City Royals,Chicago White Sox,,False,0,,,,,True,0.0,0.0,0.0,,,,,0.0,0.0,0.0,0.0,
2026-04-09,Alex Lange,Kansas City Royals,Chicago White Sox,,True,0,0.0,0.0,,,True,,,,,,,,,,,,
2026-04-09,Jac Caglianone,Kansas City Royals,Chicago White Sox,,False,0,,,,,True,0.0,0.0,0.0,,,,,0.0,0.0,0.0,0.0,
2026-04-09,Bobby Witt Jr.,Kansas City Royals,Chicago White Sox,,False,0,,,,,True,0.0,0.0,0.0,,,,,0.0,0.0,0.0,0.0,
2026-04-09,Tyler Tolbert,Kansas City Royals,Chicago White Sox,,False,0,,,,,True,0.0,0.0,0.0,,,,,0.0,0.0,0.0,0.0,
2026-04-09,Lucas Erceg,Kansas City Royals,Chicago White Sox,,True,0,0.0,0.0,,,True,,,,,,,,,,,,
2026-04-09,Matt Strahm,Kansas City Royals,Chicago White Sox,,True,0,0.0,0.0,,,True,,,,,,,,,,,,
2026-04-09,Carlos Estévez,Kansas City Royals,Chicago White Sox,,True,0,0.0,0.0,,,True,,,,,,,,,,,,
2026-04-09,Kyle Isbel,Kansas City Royals,Chicago White Sox,,False,0,,,,,True,0.0,0.0,0.0,,,,,0.0,0.0,0.0,0.0,
2026-04-09,Michael Wacha,Kansas City Royals,Chicago White Sox,,True,0,0.0,0.0,,,True,,,,,,,,,,,,
2026-04-09,Nick Loftin,Kansas City Royals,Chicago White Sox,,False,0,,,,,True,0.0,0.0,0.0,,,,,0.0,0.0,0.0,0.0,
2026-04-09,Seth Lugo,Kansas City Royals,Chicago White Sox,,True,0,0.0,0.0,,,True,,,,,,,,,,,,
2026-04-09,John Schreiber,Kansas City Royals,Chicago White Sox,,True,0,0.0,0.0,,,True,,,,,,,,,,,,
2026-04-09,Kris Bubic,Kansas City Royals,Chicago White Sox,,True,0,0.0,0.0,,,True,,,,,,,,,,,,
2026-04-09,Nick Mears,Kansas City Royals,Chicago White Sox,,True,0,0.0,0.0,,,True,,,,,,,,,,,,
2026-04-09,Daniel Lynch IV,Kansas City Royals,Chicago White Sox,,True,0,0.0,0.0,,,True,,,,,,,,,,,,
2026-04-09,Noah Cameron,Kansas City Royals,Chicago White Sox,,True,0,0.0,0.0,,,True,,,,,,,,,,,,
2026-04-09,Steven Cruz,Kansas City Royals,Chicago White Sox,,True,0,0.0,0.0,,,True,,,,,,,,,,,,
2026-04-09,Eli Morgan,Kansas City Royals,Chicago White Sox,,True,0,0.0,0.0,,,True,,,,,,,,,,,,
2026-04-09,Luinder Avila,Kansas City Royals,Chicago White Sox,,True,0,0.0,0.0,,,True,,,,,,,,,,,,
2026-04-09,Michael Massey,Kansas City Royals,Chicago White Sox,,False,0,,,,,True,0.0,0.0,0.0,,,,,0.0,0.0,0.0,0.0,
2026-04-09,Lenyn Sosa,Chicago White Sox,Kansas City Royals,,False,0,,,,,True,0.0,0.0,0.0,,,,,0.0,0.0,0.0,0.0,
2026-04-09,Tristan Peters,Chicago White Sox,Kansas City Royals,,False,0,,,,,True,0.0,0.0,0.0,,,,,0.0,0.0,0.0,0.0,
2026-04-09,Luisangel Acuña,Chicago White Sox,Kansas City Royals,,False,0,,,,,True,0.0,0.0,0.0,,,,,0.0,0.0,0.0,0.0,
2026-04-09,Shane Smith,Chicago White Sox,Kansas City Royals,,True,0,0.0,0.0,,,True,,,,,,,,,,,,
2026-04-09,Munetaka Murakami,Chicago White Sox,Kansas City Royals,,False,0,,,,,True,0.0,0.0,0.0,,,,,0.0,0.0,0.0,0.0,
2026-04-09,Jedixson Paez,Chicago White Sox,Kansas City Royals,,True,0,0.0,0.0,,,True,,,,,,,,,,,,
2026-04-09,Chase Meidroth,Chicago White Sox,Kansas City Royals,,False,0,,,,,True,0.0,0.0,0.0,,,,,0.0,0.0,0.0,0.0,
2026-04-09,Colson Montgomery,Chicago White Sox,Kansas City Royals,,False,0,,,,,True,0.0,0.0,0.0,,,,,0.0,0.0,0.0,0.0,
2026-04-09,Austin Hays,Chicago White Sox,Kansas City Royals,,False,0,,,,,True,0.0,0.0,0.0,,,,,0.0,0.0,0.0,0.0,
2026-04-09,Reese McGuire,Chicago White Sox,Kansas City Royals,,False,0,,,,,True,0.0,0.0,0.0,,,,,0.0,0.0,0.0,0.0,
2026-04-09,Edgar Quero,Chicago White Sox,Kansas City Royals,,False,0,,,,,True,0.0,0.0,0.0,,,,,0.0,0.0,0.0,0.0,
2026-04-09,Andrew Benintendi,Chicago White Sox,Kansas City Royals,,False,0,,,,,True,0.0,0.0,0.0,,,,,0.0,0.0,0.0,0.0,
2026-04-09,Jordan Leasure,Chicago White Sox,Kansas City Royals,,True,0,0.0,0.0,,,True,,,,,,,,,,,,
2026-04-09,Sean Newcomb,Chicago White Sox,Kansas City Royals,,True,0,0.0,0.0,,,True,,,,,,,,,,,,
2026-04-09,Jordan Hicks,Chicago White Sox,Kansas City Royals,,True,0,0.0,0.0,,,True,,,,,,,,,,,,
2026-04-09,Everson Pereira,Chicago White Sox,Kansas City Royals,,False,0,,,,,True,0.0,0.0,0.0,,,,,0.0,0.0,0.0,0.0,
2026-04-09,Derek Hill,Chicago White Sox,Kansas City Royals,,False,0,,,,,True,0.0,0.0,0.0,,,,,0.0,0.0,0.0,0.0,
2026-04-09,Miguel Vargas,Chicago White Sox,Kansas City Royals,,False,0,,,,,True,0.0,0.0,0.0,,,,,0.0,0.0,0.0,0.0,
2026-04-09,Tyler Gilbert,Chicago White Sox,Kansas City Royals,,True,0,0.0,0.0,,,True,,,,,,,,,,,,
2026-04-09,Grant Taylor,Chicago White Sox,Kansas City Royals,,True,0,0.0,0.0,,,True,,,,,,,,,,,,
2026-04-09,Seranthony Domínguez,Chicago White Sox,Kansas City Royals,,True,0,0.0,0.0,,,True,,,,,,,,,,,,
2026-04-09,Chris Murphy,Chicago White Sox,Kansas City Royals,,True,0,0.0,0.0,,,True,,,,,,,,,,,,
2026-04-09,Sean Burke,Chicago White Sox,Kansas City Royals,,True,0,0.0,0.0,,,True,,,,,,,,,,,,
2026-04-09,Bryan Hudson,Chicago White Sox,Kansas City Royals,,True,0,0.0,0.0,,,True,,,,,,,,,,,,
2026-04-09,Anthony Kay,Chicago White Sox,Kansas City Royals,,True,0,0.0,0.0,,,True,,,,,,,,,,,,
2026-04-09,Davis Martin,Chicago White Sox,Kansas City Royals,,True,0,0.0,0.0,,,True,,,,,,,,,,,,
2026-04-09,Erick Fedde,Chicago White Sox,Kansas City Royals,,True,0,0.0,0.0,,,True,,,,,,,,,,,,
2026-04-09,Lucas Sims,Chicago White Sox,Kansas City Royals,,True,0,0.0,0.0,,,True,,,,,,,,,,,,
2026-04-09,Tanner Murray,Chicago White Sox,Kansas City Royals,,False,0,,,,,True,0.0,0.0,0.0,,,,,0.0,0.0,0.0,0.0,
2026-04-10,Freddy Fermin,San Diego Padres,Colorado Rockies,,False,0,,,,,True,0.0,0.0,0.0,,,,,0.0,0.0,0.0,0.0,
2026-04-10,David Morgan,San Diego Padres,Colorado Rockies,,True,0,0.0,0.0,,,True,,,,,,,,,,,,
2026-04-10,Wandy Peralta,San Diego Padres,Colorado Rockies,,True,0,0.0,0.0,,,True,,,,,,,,,,,,
2026-04-10,Nick Castellanos,San Diego Padres,Colorado Rockies,,False,0,,,,,True,0.0,0.0,0.0,,,,,0.0,0.0,0.0,0.0,
2026-04-10,Jackson Merrill,San Diego Padres,Colorado Rockies,,False,0,,,,,True,0.0,0.0,0.0,,,,,0.0,0.0,0.0,0.0,
2026-04-10,Bradgley Rodriguez,San Diego Padres,Colorado Rockies,,True,0,0.0,0.0,,,True,,,,,,,,,,,,
2026-04-10,Gavin Sheets,San Diego Padres,Colorado Rockies,,False,0,,,,,True,0.0,0.0,0.0,,,,,0.0,0.0,0.0,0.0,
2026-04-10,Ramón Laureano,San Diego Padres,Colorado Rockies,,False,0,,,,,True,0.0,0.0,0.0,,,,,0.0,0.0,0.0,0.0,
2026-04-10,Manny Machado,San Diego Padres,Colorado Rockies,,False,0,,,,,True,0.0,0.0,0.0,,,,,0.0,0.0,0.0,0.0,
2026-04-10,Nick Pivetta,San Diego Padres,Colorado Rockies,,True,0,0.0,0.0,,,True,,,,,,,,,,,,
2026-04-10,Miguel Andujar,San Diego Padres,Colorado Rockies,,False,0,,,,,True,0.0,0.0,0.0,,,,,0.0,0.0,0.0,0.0,
2026-04-10,Fernando Tatis Jr.,San Diego Padres,Colorado Rockies,,False,0,,,,,True,0.0,0.0,0.0,,,,,0.0,0.0,0.0,0.0,
2026-04-10,Xander Bogaerts,San Diego Padres,Colorado Rockies,,False,0,,,,,True,0.0,0.0,0.0,,,,,0.0,0.0,0.0,0.0,
2026-04-10,Ron Marinaccio,San Diego Padres,Colorado Rockies,,True,0,0.0,0.0,,,True,,,,,,,,,,,,
2026-04-10,Jake Cronenworth,San Diego Padres,Colorado Rockies,,False,0,,,,,True,0.0,0.0,0.0,,,,,0.0,0.0,0.0,0.0,
2026-04-10,Luis Campusano,San Diego Padres,Colorado Rockies,,False,0,,,,,True,0.0,0.0,0.0,,,,,0.0,0.0,0.0,0.0,
2026-04-10,Michael King,San Diego Padres,Colorado Rockies,,True,0,0.0,0.0,,,True,,,,,,,,,,,,
2026-04-10,Jeremiah Estrada,San Diego Padres,Colorado Rockies,,True,0,0.0,0.0,,,True,,,,,,,,,,,,
2026-04-10,Adrian Morejon,San Diego Padres,Colorado Rockies,,True,0,0.0,0.0,,,True,,,,,,,,,,,,
2026-04-10,Ty France,San Diego Padres,Colorado Rockies,,False,0,,,,,True,0.0,0.0,0.0,,,,,0.0,0.0,0.0,0.0,
2026-04-10,Mason Miller,San Diego Padres,Colorado Rockies,,True,0,0.0,0.0,,,True,,,,,,,,,,,,
2026-04-10,Bryce Johnson,San Diego Padres,Colorado Rockies,,False,0,,,,,True,0.0,0.0,0.0,,,,,0.0,0.0,0.0,0.0,
2026-04-10,Kyle Hart,San Diego Padres,Colorado Rockies,,True,0,0.0,0.0,,,True,,,,,,,,,,,,
2026-04-10,Randy Vásquez,San Diego Padres,Colorado Rockies,,True,0,0.0,0.0,,,True,,,,,,,,,,,,
2026-04-10,Walker Buehler,San Diego Padres,Colorado Rockies,,True,0,0.0,0.0,,,True,,,,,,,,,,,,
2026-04-10,Germán Márquez,San Diego Padres,Colorado Rockies,,True,0,0.0,0.0,,,True,,,,,,,,,,,,
2026-04-10,Jimmy Herget,Colorado Rockies,San Diego Padres,,True,0,0.0,0.0,,,True,,,,,,,,,,,,
2026-04-10,Jake McCarthy,Colorado Rockies,San Diego Padres,,False,0,,,,,True,0.0,0.0,0.0,,,,,0.0,0.0,0.0,0.0,
2026-04-10,Braxton Fulford,Colorado Rockies,San Diego Padres,,False,0,,,,,True,0.0,0.0,0.0,,,,,0.0,0.0,0.0,0.0,
2026-04-10,Kyle Freeland,Colorado Rockies,San Diego Padres,,True,0,0.0,0.0,,,True,,,,,,,,,,,,
2026-04-10,Willi Castro,Colorado Rockies,San Diego Padres,,False,0,,,,,True,0.0,0.0,0.0,,,,,0.0,0.0,0.0,0.0,
2026-04-10,Brennan Bernardino,Colorado Rockies,San Diego Padres,,True,0,0.0,0.0,,,True,,,,,,,,,,,,
2026-04-10,Juan Mejia,Colorado Rockies,San Diego Padres,,True,0,0.0,0.0,,,True,,,,,,,,,,,,
2026-04-10,Edouard Julien,Colorado Rockies,San Diego Padres,,False,0,,,,,True,0.0,0.0,0.0,,,,,0.0,0.0,0.0,0.0,
2026-04-10,Ryan Ritter,Colorado Rockies,San Diego Padres,,False,0,,,,,True,0.0,0.0,0.0,,,,,0.0,0.0,0.0,0.0,
2026-04-10,Hunter Goodman,Colorado Rockies,San Diego Padres,,False,0,,,,,True,0.0,0.0,0.0,,,,,0.0,0.0,0.0,0.0,
2026-04-10,Jordan Beck,Colorado Rockies,San Diego Padres,,False,0,,,,,True,0.0,0.0,0.0,,,,,0.0,0.0,0.0,0.0,
2026-04-10,Brett Sullivan,Colorado Rockies,San Diego Padres,,False,0,,,,,True,0.0,0.0,0.0,,,,,0.0,0.0,0.0,0.0,
2026-04-10,Brenton Doyle,Colorado Rockies,San Diego Padres,,False,0,,,,,True,0.0,0.0,0.0,,,,,0.0,0.0,0.0,0.0,
2026-04-10,Ezequiel Tovar,Colorado Rockies,San Diego Padres,,False,0,,,,,True,0.0,0.0,0.0,,,,,0.0,0.0,0.0,0.0,
2026-04-10,TJ Rumfield,Colorado Rockies,San Diego Padres,,False,0,,,,,True,0.0,0.0,0.0,,,,,0.0,0.0,0.0,0.0,
2026-04-10,Kyle Karros,Colorado Rockies,San Diego Padres,,False,0,,,,,True,0.0,0.0,0.0,,,,,0.0,0.0,0.0,0.0,
2026-04-10,Troy Johnston,Colorado Rockies,San Diego Padres,,False,0,,,,,True,0.0,0.0,0.0,,,,,0.0,0.0,0.0,0.0,
2026-04-10,Zach Agnos,Colorado Rockies,San Diego Padres,,True,0,0.0,0.0,,,True,,,,,,,,,,,,
2026-04-10,Michael Lorenzen,Colorado Rockies,San Diego Padres,,True,0,0.0,0.0,,,True,,,,,,,,,,,,
2026-04-10,Jaden Hill,Colorado Rockies,San Diego Padres,,True,0,0.0,0.0,,,True,,,,,,,,,,,,
2026-04-10,Victor Vodnik,Colorado Rockies,San Diego Padres,,True,0,0.0,0.0,,,True,,,,,,,,,,,,
2026-04-10,Jose Quintana,Colorado Rockies,San Diego Padres,,True,0,0.0,0.0,,,True,,,,,,,,,,,,
2026-04-10,Antonio Senzatela,Colorado Rockies,San Diego Padres,,True,0,0.0,0.0,,,True,,,,,,,,,,,,
2026-04-10,Chase Dollander,Colorado Rockies,San Diego Padres,,True,0,0.0,0.0,,,True,,,,,,,,,,,,
2026-04-10,Tomoyuki Sugano,Colorado Rockies,San Diego Padres,,True,0,0.0,0.0,,,True,,,,,,,,,,,,
2026-04-10,Ryan Feltner,Colorado Rockies,San Diego Padres,,True,0,0.0,0.0,,,True,,,,,,,,,,,,
2026-04-10,Tyler Freeman,Colorado Rockies,San Diego Padres,,False,0,,,,,True,0.0,0.0,0.0,,,,,0.0,0.0,0.0,0.0,
2026-04-10,Mickey Moniak,Colorado Rockies,San Diego Padres,,False,0,,,,,True,0.0,0.0,0.0,,,,,0.0,0.0,0.0,0.0,
2026-04-10,Valente Bellozo,Colorado Rockies,San Diego Padres,,True,0,0.0,0.0,,,True,,,,,,,,,,,,
